Tempo acelerômetro (s);Acelerômetro X (m/s²);Acelerômetro Y (m/s²);Acelerômetro Z (m/s²);Tempo giroscópio (s);Giroscópio X (rad/s);Giroscópio Y (rad/s);Giroscópio Z (rad/s);gesto
0.009342309;-0.6317051649;1.253839016;9.566504478;0.017330069;-0.08506292105;-0.138819024;0.00351247238;1
0.011439027;-0.6077769399;1.239482164;9.676574707;0.019431892;-0.08628465235;-0.1534797698;0.004734201822;1
0.013540329;-0.5742774606;1.229910851;9.767501831;0.021533715;-0.08628465235;-0.1644753367;0.005955931731;1
0.015642204;-0.5742774606;1.229910851;9.906285286;0.02363559;-0.08139773458;-0.165697068;0.005955931731;1
0.017744027;-0.5503492355;1.201196909;10.01156998;0.025737413;-0.07528908551;-0.1669187993;0.005955931731;1
0.01984585;-0.5072783828;1.172483087;10.11206818;0.027839236;-0.06551524997;-0.162031889;0.008399390616;1
0.021947673;-0.5024927258;1.153340459;10.19820976;0.029941111;-0.0557414107;-0.1559232324;0.007177661173;1
0.024049548;-0.4785645306;1.115055323;10.25085258;0.032042934;-0.04230238497;-0.1485928595;0.008399390616;1
0.026151371;-0.4689932466;1.100698471;10.28435135;0.034144809;-0.03130681813;-0.1351538301;0.007177661173;1
0.028253194;-0.4498506486;1.076770186;10.34656525;0.036246632;-0.01542433538;-0.121714808;0.005955931731;1
0.030355069;-0.4307080805;1.048056364;10.38006496;0.038348454;0.0016798781;-0.1094975099;0.005955931731;1
0.032456892;-0.4211367965;1.024128079;10.44227791;0.040450329;0.01878409274;-0.09483675659;0.004734201822;1
0.034558767;-0.4115654826;0.9906286001;10.44706345;0.042552152;0.03344484791;-0.07895427197;0.004734201822;1
0.03666059;-0.3876372576;0.9762716293;10.43270683;0.044653975;0.04932733253;-0.06673697382;0.00351247238;1
0.038762413;-0.3828516304;0.9858429432;10.43749237;0.04675585;0.06398808211;-0.05451968312;0.001069013379;1
0.040864288;-0.3589234054;0.9714859724;10.40877819;0.048857673;0.07742711157;-0.04474584386;-0.0001527161949;1
0.042966111;-0.3493520916;0.94277215;10.35613632;0.050959496;0.08964440972;-0.03252854943;-0.002596175298;1
0.045067934;-0.3445664644;0.94277215;10.26999474;0.053061319;0.09941824526;-0.02153298259;-0.003817904973;1
0.047169809;-0.3302095234;0.9379864931;10.20778179;0.055163194;0.1055268943;-0.01053741761;-0.007483093534;1
0.049271632;-0.3302095234;0.9475577474;10.09771156;0.057265017;0.1140789986;0.0004581485991;-0.007483093534;1
0.051373454;-0.3158525825;0.9571290612;10.02114105;0.05936684;0.117744185;0.01145371422;-0.007483093534;1
0.053475277;-0.3014956415;0.9571290612;9.944570541;0.061468715;0.117744185;0.02000582218;-0.008704823442;1
0.055577152;-0.3110669553;0.9810572863;9.858428955;0.063570538;0.1201876476;0.02611446939;-0.008704823442;1
0.057678975;-0.3158525825;1.009771109;9.767501831;0.065672361;0.1189659163;0.03222311661;-0.007483093534;1
0.059780798;-0.3493520916;1.019342422;9.676574707;0.067774236;0.1153007299;0.0358883068;-0.007483093534;1
0.061882673;-0.3684946895;1.048056364;9.628718376;0.069876059;0.111635536;0.03833176568;-0.006261364091;1
0.063984496;-0.4019941986;1.0863415;9.57129097;0.071977934;0.104305163;0.04077522457;-0.003817904973;1
0.066086319;-0.4115654826;1.091127157;9.51386261;0.074079757;0.1006399691;0.04077522457;-0.001374445739;1
0.068188194;-0.4402793646;1.11984098;9.451649666;0.076181579;0.09330959618;0.03344484791;-0.0001527161949;1
0.070290017;-0.4402793646;1.16769743;9.422935486;0.078283402;0.0859792158;0.02855792828;0.002290742937;1
0.072391892;-0.4833501875;1.16769743;9.394221306;0.080385225;0.07987056673;0.02489273995;0.004734201822;1
0.074493715;-0.4833501875;1.177268744;9.36550808;0.0824871;0.0725401938;0.0175623633;0.007177661173;1
0.076595538;-0.5072783828;1.16769743;9.360722542;0.084588923;0.06765327603;0.01023198478;0.009621120058;1
0.078697361;-0.5024927258;1.1820544;9.327222824;0.086690746;0.06032289565;-0.0007635809598;0.0108428495;1
0.080799184;-0.5168496966;1.16769743;9.341579437;0.088792621;0.05177079141;-0.004428769462;0.01206457894;1
0.082901059;-0.5216353536;1.153340459;9.332008362;0.090894444;0.04566214234;-0.01420260593;0.01450803876;1
0.085002882;-0.5072783828;1.158126116;9.36550808;0.092996267;0.03955349326;-0.02275471389;0.0157297682;1
0.087104704;-0.5024927258;1.153340459;9.36550808;0.095098142;0.03466657549;-0.02886336111;0.0157297682;1
0.089206579;-0.4881358147;1.153340459;9.379864693;0.097199965;0.03100138716;-0.0374154672;0.0157297682;1
0.091308402;-0.4737788737;1.138983607;9.394221306;0.099301788;0.02733619884;-0.04230238497;0.0157297682;1
0.093410225;-0.4546363056;1.13419795;9.389435768;0.101403663;0.02367101051;-0.04596757516;0.01328630932;1
0.0955121;-0.4450650215;1.115055323;9.394221306;0.103505486;0.02000582218;-0.05085449293;0.01206457894;1
0.097613923;-0.4402793646;1.081555843;9.437292099;0.105607309;0.02000582218;-0.05451968312;0.009621120058;1
0.099715746;-0.4259224236;1.057627559;9.437292099;0.107709132;0.01634063199;-0.05696314201;0.007177661173;1
0.101817621;-0.4163511395;1.043270707;9.456435204;0.109811007;0.01511890348;-0.06062832847;0.008399390616;1
0.103919444;-0.4211367965;1.033699393;9.480362892;0.111912829;0.01634063199;-0.06429351866;0.007177661173;1
0.106021267;-0.4067798555;1.019342422;9.518648148;0.114014704;0.0175623633;-0.06673697382;0.005955931731;1
0.10812309;-0.4163511395;1.028913736;9.509077072;0.116116527;0.02000582218;-0.07040216774;0.005955931731;1
0.110224965;-0.4259224236;1.028913736;9.537791252;0.11821835;0.02122755162;-0.07040216774;0.004734201822;1
0.112326788;-0.4354937077;1.019342422;9.556933403;0.120320225;0.02367101051;-0.07040216774;0.005955931731;1
0.114428663;-0.4019941986;1.014556766;9.566504478;0.122422048;0.02733619884;-0.06795870513;0.005955931731;1
0.116530486;-0.4115654826;1.019342422;9.561718941;0.124523871;0.02977965772;-0.06551524997;0.004734201822;1
0.118632309;-0.4019941986;1.024128079;9.528220177;0.126625694;0.03100138716;-0.06307178736;0.004734201822;1
0.120734184;-0.3972085714;1.028913736;9.523433685;0.128727517;0.03344484791;-0.05696314201;0.005955931731;1
0.122836007;-0.3924229145;1.024128079;9.518648148;0.130829392;0.0358883068;-0.05085449293;0.005955931731;1
0.124937829;-0.4067798555;1.014556766;9.499505997;0.132931215;0.0358883068;-0.04718930274;0.007177661173;1
0.127039652;-0.4259224236;1.019342422;9.437292099;0.13503309;0.0358883068;-0.04474584386;0.008399390616;1
0.129141475;-0.4402793646;1.028913736;9.418149948;0.137134965;0.03344484791;-0.04352411628;0.01328630932;1
0.13124335;-0.4402793646;1.019342422;9.379864693;0.139236788;0.03222311661;-0.04108065739;0.0157297682;1
0.133345173;-0.4594219327;1.067198873;9.3367939;0.141338611;0.02977965772;-0.03619373962;0.02061668597;1
0.135447048;-0.4642075896;1.081555843;9.284152031;0.143440434;0.02733619884;-0.03375028074;0.02550360374;1
0.137548923;-0.4785645306;1.105484009;9.255437851;0.145542257;0.02367101051;-0.03130681813;0.02916879393;1
0.139650746;-0.4785645306;1.115055323;9.198010445;0.147644132;0.0175623633;-0.02886336111;0.03039052337;1
0.141752569;-0.4929214716;1.11984098;9.164510727;0.149745954;0.01023198478;-0.02641990222;0.03283398226;1
0.143854392;-0.4881358147;1.138983607;9.121439934;0.151847777;0.005345067009;-0.02397644334;0.03649916872;1
0.145956215;-0.4737788737;1.13419795;9.092725754;0.153949652;0.0004581485991;-0.02153298259;0.03894263133;1
0.14805809;-0.4833501875;1.143769264;9.049654961;0.156051475;-0.003207040019;-0.01786779426;0.03894263133;1
0.150159913;-0.4785645306;1.13419795;9.054440498;0.158153298;-0.008093958721;-0.01542433538;0.04016435891;1
0.152261736;-0.4881358147;1.138983607;9.05922699;0.160255173;-0.01175914705;-0.01053741761;0.04016435891;1
0.154363611;-0.4546363056;1.129412293;9.087940216;0.162356996;-0.01542433538;-0.01053741761;0.04016435891;1
0.156465434;-0.4354937077;1.124626637;9.092725754;0.164458819;-0.0190895237;-0.009315688163;0.04138609022;1
0.158567257;-0.4211367965;1.105484009;9.131011009;0.166560642;-0.02519817278;-0.008093958721;0.04138609022;1
0.160669132;-0.4163511395;1.105484009;9.131011009;0.168662517;-0.03008509055;-0.008093958721;0.04505127668;1
0.162770954;-0.4307080805;1.081555843;9.140582085;0.17076434;-0.03375028074;-0.00565049937;0.04505127668;1
0.164872777;-0.4642075896;1.0863415;9.135796547;0.172866163;-0.03985892609;-0.001985310577;0.04627300799;1
0.1669746;-0.4737788737;1.081555843;9.169296265;0.174968038;-0.04230238497;0.0004581485991;0.04627300799;1
0.169076475;-0.4977070987;1.067198873;9.198010445;0.177069861;-0.04596757516;0.006566796452;0.04871646687;1
0.171178298;-0.5024927258;1.081555843;9.2362957;0.179171684;-0.04963276163;0.01023198478;0.04993819445;1
0.173280121;-0.4929214716;1.071984529;9.255437851;0.181273559;-0.05207622424;0.0175623633;0.05115992576;1
0.175381996;-0.4929214716;1.067198873;9.288937569;0.183375382;-0.05207622424;0.02122755162;0.05238165334;1
0.177483819;-0.4977070987;1.071984529;9.322437286;0.185477204;-0.05085449293;0.02611446939;0.05238165334;1
0.179585642;-0.4833501875;1.071984529;9.379864693;0.187579027;-0.04841103405;0.03344484791;0.05360338464;1
0.181687517;-0.4929214716;1.048056364;9.432506561;0.189680902;-0.04963276163;0.03711003438;0.05482511222;1
0.18378934;-0.4977070987;1.052842021;9.485149384;0.191782725;-0.04474584386;0.04199695215;0.05604684353;1
0.185891163;-0.4929214716;1.033699393;9.537791252;0.193884548;-0.03863719851;0.04932733253;0.05604684353;1
0.187992986;-0.5024927258;1.033699393;9.595218658;0.195986423;-0.0374154672;0.05054906011;0.05482511222;1
0.190094861;-0.4737788737;1.024128079;9.676574707;0.198088246;-0.03375028074;0.0542142503;0.05238165334;1
0.192196684;-0.4689932466;1.014556766;9.705288887;0.200190121;-0.02886336111;0.05787943676;0.04993819445;1
0.194298507;-0.4450650215;0.9762716293;9.757930756;0.202291944;-0.02397644334;0.05910116807;0.04993819445;1
0.196400382;-0.4115654826;0.9571290612;9.772287369;0.204393767;-0.02031125315;0.06032289565;0.04749473557;1
0.198502204;-0.4259224236;0.9571290612;9.8201437;0.206495642;-0.01420260593;0.06276635826;0.04627300799;1
0.200604079;-0.4259224236;0.9379864931;9.8201437;0.208597465;-0.01175914705;0.06276635826;0.0438295491;1
0.202705902;-0.4354937077;0.9284151793;9.824930191;0.210699288;-0.01053741761;0.06520981342;0.0426078178;1
0.204807725;-0.4594219327;0.9236295223;9.834501266;0.212801163;-0.009315688163;0.06643154472;0.04016435891;1
0.2069096;-0.4929214716;0.9236295223;9.868000984;0.214902986;-0.003207040019;0.06887500733;0.03894263133;1
0.209011423;-0.5120640397;0.9140582681;9.863214493;0.217004809;-0.001985310577;0.06887500733;0.03772090003;1
0.211113246;-0.5599204898;0.9188438654;9.882357597;0.219106632;-0.0007635809598;0.06765327603;0.03894263133;1
0.213215121;-0.5982056856;0.9188438654;9.906285286;0.221208507;0.0004581485991;0.06398808211;0.03772090003;1
0.215316944;-0.6317051649;0.9475577474;9.901499748;0.223310329;0.005345067009;0.06520981342;0.03649916872;1
0.217418767;-0.6460621357;0.9762716293;9.911071777;0.225412152;0.007788525894;0.06398808211;0.03894263133;1
0.21952059;-0.6652047038;0.9858429432;9.944570541;0.227514027;0.01023198478;0.06398808211;0.04138609022;1
0.221622465;-0.6699903607;1.019342422;9.968499184;0.22961585;0.01145371422;0.06154462695;0.0426078178;1
0.223724288;-0.6747759581;1.033699393;9.963713646;0.231717673;0.01511890348;0.06032289565;0.04627300799;1
0.225826111;-0.708275497;1.033699393;9.973284721;0.233819548;0.01634063199;0.05665770918;0.04749473557;1
0.227927986;-0.732203722;1.03848505;9.987641335;0.235921371;0.01878409274;0.05054906011;0.05238165334;1
0.230029809;-0.7465606928;1.052842021;10.00678444;0.238023194;0.02000582218;0.04932733253;0.05360338464;1
0.232131632;-0.732203722;1.062413216;10.02114105;0.240125069;0.01878409274;0.04566214234;0.05360338464;1
0.234233507;-0.7274180651;1.091127157;9.987641335;0.242226892;0.0175623633;0.03711003438;0.05360338464;1
0.236335329;-0.6939185858;1.081555843;9.997213364;0.244328715;0.0175623633;0.0358883068;0.05482511222;1
0.238437152;-0.679561615;1.076770186;10.0019989;0.246430538;0.01634063199;0.03100138716;0.05482511222;1
0.240539027;-0.6604190469;1.0863415;9.978070259;0.248532413;0.01389717404;0.02367101051;0.05238165334;1
0.24264085;-0.650847733;1.062413216;9.973284721;0.250634236;0.0126754446;0.02000582218;0.05238165334;1
0.244742673;-0.6556333899;1.052842021;9.949356079;0.252736059;0.01145371422;0.0126754446;0.05360338464;1
0.246844496;-0.6747759581;1.052842021;9.958928108;0.254837934;0.01145371422;0.005345067009;0.05360338464;1
0.248946371;-0.6939185858;1.048056364;9.95414257;0.256939757;0.01023198478;-0.0007635809598;0.05360338464;1
0.251048194;-0.6891329288;1.048056364;9.944570541;0.259041632;0.01023198478;-0.009315688163;0.05604684353;1
0.253150017;-0.6987041831;1.052842021;9.958928108;0.261143454;0.009010255337;-0.01664606482;0.05604684353;1
0.255251892;-0.6843472719;1.067198873;9.949356079;0.263245277;0.007788525894;-0.02519817278;0.05726857483;1
0.257353715;-0.6652047038;1.0863415;9.968499184;0.2653471;0.007788525894;-0.03130681813;0.05726857483;1
0.25945559;-0.6556333899;1.095912814;9.973284721;0.267448975;0.007788525894;-0.03619373962;0.05849030241;1
0.261557413;-0.6221339107;1.124626637;9.987641335;0.269550798;0.007788525894;-0.04230238497;0.05849030241;1
0.263659236;-0.6125625968;1.11984098;9.958928108;0.271652673;0.005345067009;-0.04841103405;0.05971203372;1
0.265761059;-0.5934200287;1.129412293;9.906285286;0.273754496;0.005345067009;-0.05207622424;0.0609337613;1
0.267862934;-0.5790630579;1.110269666;9.84885788;0.275856319;0.004123337101;-0.05940660089;0.0621554926;1
0.269964757;-0.5790630579;1.129412293;9.844072342;0.277958142;0.0004581485991;-0.06673697382;0.06582067907;1
0.272066632;-0.5694918036;1.11984098;9.839286804;0.280059965;-0.003207040019;-0.06918043643;0.06704241037;1
0.274168454;-0.5838487148;1.124626637;9.810572624;0.28216184;-0.00565049937;-0.0740673542;0.06704241037;1
0.276270277;-0.5694918036;1.129412293;9.772287369;0.284263663;-0.006872228812;-0.07528908551;0.06582067907;1
0.2783721;-0.5551348329;1.13419795;9.762716293;0.286365538;-0.01053741761;-0.0740673542;0.06582067907;1
0.280473923;-0.5407779217;1.143769264;9.705288887;0.288467361;-0.01053741761;-0.0728456229;0.06704241037;1
0.282575798;-0.5216353536;1.13419795;9.710074425;0.290569184;-0.01053741761;-0.06918043643;0.06582067907;1
0.284677621;-0.4785645306;1.153340459;9.686145782;0.292671059;-0.01298087649;-0.06673697382;0.06459894776;1
0.286779496;-0.4833501875;1.158126116;9.681360245;0.294772882;-0.01175914705;-0.06673697382;0.06582067907;1
0.288881319;-0.4546363056;1.148554921;9.667003632;0.296874704;-0.01053741761;-0.06307178736;0.06582067907;1
0.290983142;-0.4259224236;1.162911773;9.676574707;0.298976579;-0.009315688163;-0.06062832847;0.06704241037;1
0.293085017;-0.4354937077;1.148554921;9.676574707;0.301078402;-0.00565049937;-0.05696314201;0.06826414168;1
0.29518684;-0.4259224236;1.153340459;9.681360245;0.303180225;-0.006872228812;-0.05329795182;0.06704241037;1
0.297288663;-0.4259224236;1.16769743;9.671789169;0.305282048;-0.00565049937;-0.04718930274;0.06704241037;1
0.299390538;-0.4067798555;1.148554921;9.628718376;0.307383923;-0.004428769462;-0.04230238497;0.06826414168;1
0.301492361;-0.3780659735;1.153340459;9.609575272;0.309485746;-0.001985310577;-0.0374154672;0.06704241037;1
0.303594184;-0.3397808075;1.13419795;9.561718941;0.311587569;0.0004581485991;-0.03130681813;0.06826414168;1
0.305696007;-0.3110669553;1.138983607;9.576076508;0.313689444;0.004123337101;-0.02764163166;0.06948586553;1
0.307797882;-0.2775674164;1.148554921;9.580862045;0.315791267;0.006566796452;-0.02519817278;0.07070759684;1
0.309899704;-0.2727817893;1.158126116;9.609575272;0.31789309;0.01023198478;-0.0190895237;0.07070759684;1
0.312001527;-0.2632105052;1.172483087;9.619147301;0.319994913;0.01634063199;-0.01175914705;0.06948586553;1
0.314103402;-0.2440679073;1.158126116;9.652647018;0.322096788;0.01878409274;-0.004428769462;0.07070759684;1
0.316205225;-0.2297109663;1.13419795;9.633503914;0.324198611;0.02367101051;0.004123337101;0.06704241037;1
0.318307048;-0.2153540403;1.13419795;9.604789734;0.326300486;0.02611446939;0.007788525894;0.06704241037;1
0.320408871;-0.1818545163;1.124626637;9.619147301;0.328402309;0.02855792828;0.0126754446;0.06704241037;1
0.322510746;-0.1722832322;1.124626637;9.609575272;0.330504132;0.03466657549;0.0126754446;0.06459894776;1
0.324612569;-0.1866401732;1.13419795;9.638289452;0.332605954;0.03833176568;0.01145371422;0.0621554926;1
0.326714444;-0.1914258152;1.138983607;9.638289452;0.334707829;0.03955349326;0.007788525894;0.05849030241;1
0.328816267;-0.1770688742;1.138983607;9.647860527;0.336809652;0.04444041103;0.004123337101;0.05726857483;1
0.33091809;-0.2153540403;1.129412293;9.667003632;0.338911475;0.04932733253;0.0004581485991;0.05360338464;1
0.333019913;-0.2153540403;1.115055323;9.69093132;0.34101335;0.05054906011;0.006566796452;0.05115992576;1
0.335121788;-0.2105683982;1.095912814;9.662218094;0.343115173;0.05299251899;0.006566796452;0.04871646687;1
0.337223611;-0.1914258152;1.076770186;9.595218658;0.345217048;0.05054906011;0.01145371422;0.04749473557;1
0.339325434;-0.1722832322;1.076770186;9.499505997;0.347318871;0.05177079141;0.009010255337;0.04749473557;1
0.341427309;-0.1866401732;1.105484009;9.44207859;0.349420694;0.05054906011;0.009010255337;0.04749473557;1
0.343529132;-0.1962114573;1.129412293;9.418149948;0.351522517;0.04810560122;0.002901607659;0.04749473557;1
0.345631007;-0.2249253243;1.162911773;9.427721024;0.353624392;0.04688387364;-0.001985310577;0.04993819445;1
0.347732829;-0.2536391914;1.1820544;9.408578873;0.355726215;0.04321868345;-0.009315688163;0.05115992576;1
0.349834652;-0.2679961324;1.16769743;9.379864693;0.35782809;0.03833176568;-0.02397644334;0.05115992576;1
0.351936475;-0.2679961324;1.1820544;9.379864693;0.359929913;0.03711003438;-0.03375028074;0.04993819445;1
0.35403835;-0.2871387303;1.186840057;9.418149948;0.362031736;0.02977965772;-0.04718930274;0.04993819445;1
0.356140173;-0.2727817893;1.138983607;9.379864693;0.364133559;0.02733619884;-0.05696314201;0.04993819445;1
0.358242048;-0.2488535494;1.115055323;9.355937004;0.366235382;0.02244928107;-0.06429351866;0.05115992576;1
0.360343871;-0.2823530734;1.110269666;9.341579437;0.368337257;0.02122755162;-0.0740673542;0.05238165334;1
0.362445694;-0.3158525825;1.0863415;9.360722542;0.370439079;0.01878409274;-0.08872810751;0.05482511222;1
0.364547517;-0.3637090325;1.091127157;9.418149948;0.372540902;0.01511890348;-0.102167137;0.05604684353;1
0.36664934;-0.3924229145;1.091127157;9.451649666;0.374642777;0.009010255337;-0.1119409725;0.05604684353;1
0.368751215;-0.4019941986;1.105484009;9.427721024;0.3767446;0.004123337101;-0.1229365394;0.05604684353;1
0.370853038;-0.3828516304;1.110269666;9.379864693;0.378846423;-0.001985310577;-0.131488651;0.05482511222;1
0.372954861;-0.3637090325;1.129412293;9.360722542;0.380948298;-0.00565049937;-0.1400407553;0.05482511222;1
0.375056736;-0.3014956415;1.138983607;9.360722542;0.383050121;-0.01298087649;-0.1510363221;0.05482511222;1
0.377158559;-0.2775674164;1.138983607;9.355937004;0.385151996;-0.0190895237;-0.1608101577;0.05482511222;1
0.379260382;-0.2679961324;1.143769264;9.346364975;0.387253819;-0.02397644334;-0.1730274558;0.05482511222;1
0.381362257;-0.2632105052;1.13419795;9.346364975;0.389355642;-0.03008509055;-0.1828012913;0.05482511222;1
0.383464079;-0.2679961324;1.110269666;9.341579437;0.391457517;-0.03252854943;-0.188909933;0.05482511222;1
0.385565954;-0.2871387303;1.067198873;9.379864693;0.39355934;-0.0374154672;-0.1986837685;0.05360338464;1
0.387667777;-0.2727817893;1.052842021;9.408578873;0.395661163;-0.04352411628;-0.2047924101;0.05604684353;1
0.3897696;-0.2919243574;1.033699393;9.394221306;0.397762986;-0.05085449293;-0.2096793354;0.05604684353;1
0.391871475;-0.3062812984;1.033699393;9.341579437;0.399864861;-0.05451968312;-0.2133445293;0.05849030241;1
0.393973298;-0.2919243574;1.03848505;9.317651749;0.401966684;-0.06185005978;-0.2145662606;0.05849030241;1
0.396075121;-0.2823530734;1.028913736;9.288937569;0.404068559;-0.06673697382;-0.2133445293;0.0609337613;1
0.398176944;-0.2967100143;1.052842021;9.288937569;0.406170382;-0.07040216774;-0.2109010667;0.06582067907;1
0.400278819;-0.3206382394;1.052842021;9.298508644;0.408272204;-0.07773254067;-0.2060141414;0.06948586553;1
0.402380642;-0.3254238665;1.0863415;9.293723106;0.410374027;-0.08017600328;-0.1986837685;0.07315105945;1
0.404482517;-0.3110669553;1.0863415;9.303294182;0.412475902;-0.08261945844;-0.1913533956;0.07681624591;1
0.40658434;-0.3062812984;1.105484009;9.288937569;0.414577725;-0.08628465235;-0.18157956;0.08048143238;1
0.408686163;-0.3206382394;1.105484009;9.327222824;0.4166796;-0.09239330143;-0.1705839932;0.08659008145;1
0.410787986;-0.3110669553;1.091127157;9.355937004;0.418781371;-0.09361502528;-0.162031889;0.09025526792;1
0.412889861;-0.3397808075;1.071984529;9.346364975;0.420883246;-0.09483675659;-0.1485928595;0.09392046183;1
0.414991684;-0.3493520916;1.033699393;9.322437286;0.422985069;-0.09483675659;-0.1363755614;0.0988073796;1
0.417093559;-0.3493520916;1.019342422;9.351150513;0.425086892;-0.09361502528;-0.1204930767;0.1024725661;1
0.419195329;-0.3254238665;1.004985452;9.408578873;0.427188767;-0.08872810751;-0.1046105921;0.1073594838;1
0.421297204;-0.3062812984;0.9858429432;9.489934921;0.42929059;-0.08750637621;-0.08750637621;0.1098029464;1
0.423399027;-0.3014956415;1.014556766;9.480362892;0.431392413;-0.08384118974;-0.07040216774;0.1134681329;1
0.42550085;-0.2919243574;1.014556766;9.509077072;0.433494288;-0.08139773458;-0.05207622424;0.1171333194;1
0.427602725;-0.2775674164;1.033699393;9.51386261;0.435596111;-0.07773254067;-0.03619373962;0.1171333194;1
0.429704548;-0.2153540403;1.019342422;9.518648148;0.437697934;-0.0740673542;-0.02275471389;0.1183550507;1
0.431806371;-0.1435693651;1.024128079;9.533005714;0.439799809;-0.07040216774;-0.009315688163;0.1171333194;1
0.433908246;-0.02871387079;1.014556766;9.604789734;0.441901632;-0.07040216774;0.002901607659;0.1171333194;1
0.436010069;0.05742774159;1.004985452;9.628718376;0.444003454;-0.0740673542;0.01023198478;0.1183550507;1
0.438111892;0.08135596663;0.9571290612;9.518648148;0.446105329;-0.07528908551;0.0175623633;0.1171333194;1
0.440213767;0.1004985496;0.9523434043;9.427721024;0.448207152;-0.07651081681;0.02611446939;0.1159115955;1
0.44231559;0.1196411327;0.9332008362;9.389435768;0.450308975;-0.08017600328;0.03466657549;0.1122464016;1
0.444417413;0.1531406492;0.9236295223;9.375079155;0.452410798;-0.08139773458;0.04199695215;0.1073594838;1
0.446519288;0.1866401732;0.8949156404;9.38465023;0.454512673;-0.08384118974;0.05054906011;0.1024725661;1
0.448621111;0.2297109663;0.890130043;9.375079155;0.456614548;-0.08384118974;0.05787943676;0.0975856483;1
0.450722934;0.2584248483;0.866201818;9.403793335;0.458716371;-0.08750637621;0.06276635826;0.09147699922;1
0.452824757;0.2823530734;0.8709874153;9.427721024;0.460818194;-0.08750637621;0.06765327603;0.08536835015;1
0.454926632;0.2871387303;0.8566305041;9.466006279;0.462920017;-0.08750637621;0.0725401938;0.07925970852;1
0.457028507;0.3062812984;0.8422735929;9.509077072;0.465021892;-0.08750637621;0.07620538026;0.07070759684;1
0.459130329;0.3158525825;0.8422735929;9.54257679;0.467123715;-0.08628465235;0.07742711157;0.06582067907;1
0.461232152;0.3302095234;0.837487936;9.600004196;0.469225538;-0.08628465235;0.07742711157;0.05726857483;1
0.463333975;0.3254238665;0.8279166222;9.633503914;0.471327413;-0.08628465235;0.07742711157;0.04993819445;1
0.46543585;0.3158525825;0.8039883971;9.638289452;0.473429236;-0.08506292105;0.0737619251;0.04138609022;1
0.467537673;0.3206382394;0.8327022791;9.667003632;0.475531059;-0.08384118974;0.07131846249;0.03283398226;1
0.469639496;0.3445664644;0.8231309652;9.700503349;0.477632882;-0.08384118974;0.06643154472;0.02550360374;1
0.471741371;0.3397808075;0.8183453679;9.69093132;0.479734757;-0.08384118974;0.06154462695;0.01817322709;1
0.473843194;0.3493520916;0.813559711;9.7196455;0.481836579;-0.08139773458;0.05787943676;0.01206457894;1
0.475945017;0.3349951804;0.7944171429;9.74835968;0.483938402;-0.07895427197;0.04932733253;0.004734201822;1
0.47804684;0.3110669553;0.7800601721;9.734002113;0.486040277;-0.07773254067;0.04444041103;-0.001374445739;1
0.480148715;0.3014956415;0.7800601721;9.767501831;0.4881421;-0.07651081681;0.03833176568;-0.005039634649;1
0.482250538;0.2823530734;0.760917604;9.801001549;0.490243975;-0.07528908551;0.03222311661;-0.01114828233;1
0.484352361;0.2392822653;0.756131947;9.858428955;0.492345798;-0.0740673542;0.02489273995;-0.01481347065;1
0.486454236;0.2297109663;0.756131947;9.882357597;0.494447621;-0.06795870513;0.01511890348;-0.01970038936;1
0.488556059;0.2057827413;0.760917604;9.963713646;0.496549496;-0.06673697382;0.006566796452;-0.0209221188;1
0.490657934;0.1627119333;0.7704889178;9.992427826;0.498651267;-0.06429351866;-0.001985310577;-0.02214384824;1
0.492759757;0.1100698411;0.760917604;10.01156998;0.500753142;-0.06062832847;-0.01175914705;-0.02214384824;1
0.494861579;0.04785645381;0.756131947;10.04985523;0.502854965;-0.0557414107;-0.02275471389;-0.0209221188;1
0.496963454;-0.009571290575;0.7704889178;10.09771156;0.50495684;-0.05329795182;-0.03375028074;-0.01970038936;1
0.499065225;-0.04307080805;0.7752745152;10.14556789;0.507058663;-0.05085449293;-0.04963276163;-0.01970038936;1
0.5011671;-0.05742774159;0.7944171429;10.16949654;0.509160538;-0.04352411628;-0.06551524997;-0.01847865991;1
0.503268923;-0.06221338734;0.813559711;10.19342422;0.511262361;-0.0374154672;-0.08017600328;-0.01970038936;1
0.505370798;-0.03349951655;0.8231309652;10.21256733;0.513364184;-0.03130681813;-0.09605848789;-0.0209221188;1
0.507472621;0.0;0.813559711;10.26999474;0.515466059;-0.02519817278;-0.1070540547;-0.02214384824;1
0.509574496;0.05264209956;0.8231309652;10.35135078;0.517567882;-0.02153298259;-0.1180496216;-0.02458730713;1
0.511676319;0.09092725813;0.8279166222;10.38006496;0.519669704;-0.02031125315;-0.1253799945;-0.02580903657;1
0.513778142;0.09571290761;0.813559711;10.33220863;0.521771527;-0.0190895237;-0.1278234571;-0.02580903657;1
0.515880017;0.1292124242;0.8183453679;10.22692394;0.523873402;-0.02031125315;-0.1302669197;-0.03069595434;1
0.51798184;0.1914258152;0.8231309652;10.12164021;0.525975225;-0.02397644334;-0.1302669197;-0.03313941509;1
0.520083663;0.2344966233;0.8470591903;10.03071213;0.528077048;-0.02764163166;-0.1266017258;-0.03680460155;1
0.522185486;0.2967100143;0.8422735929;9.992427826;0.530178923;-0.03008509055;-0.1229365394;-0.04169152305;1
0.524287361;0.3589234054;0.8709874153;9.934999466;0.532280694;-0.03375028074;-0.1192713454;-0.04535670951;1
0.526389184;0.4211367965;0.8997012973;9.915857315;0.534382569;-0.03375028074;-0.115606159;-0.05146535859;1
0.528491007;0.4785645306;0.9140582681;9.896714211;0.536484392;-0.03619373962;-0.1143844277;-0.05635227636;1
0.530592882;0.5216353536;0.9092726111;9.901499748;0.538586267;-0.0374154672;-0.1119409725;-0.06123919412;1
0.532694652;0.5790630579;0.9092726111;9.982855797;0.54068809;-0.04108065739;-0.1094975099;-0.06490438432;1
0.534796527;0.6173482537;0.9236295223;9.997213364;0.542789913;-0.04474584386;-0.1094975099;-0.06612611562;1
0.53689835;0.626919508;0.9475577474;9.944570541;0.544891788;-0.04718930274;-0.1058323234;-0.07101303339;1
0.539000225;0.6556333899;0.9571290612;9.911071777;0.546993611;-0.05207622424;-0.1094975099;-0.07345648855;1
0.541102048;0.6843472719;0.9906286001;9.896714211;0.549095434;-0.05085449293;-0.1070540547;-0.07834340632;1
0.543203871;0.7178468108;1.028913736;9.920642853;0.551197309;-0.05329795182;-0.1119409725;-0.08323032409;1
0.545305746;0.7752745152;1.057627559;9.95414257;0.553299132;-0.05451968312;-0.1143844277;-0.08811724186;1
0.547407569;0.813559711;1.0863415;9.95414257;0.555400954;-0.05818486959;-0.1168278903;-0.09300415963;1
0.549509392;0.8470591903;1.124626637;9.963713646;0.557502829;-0.05818486959;-0.115606159;-0.0991128087;1
0.551611267;0.8997012973;1.138983607;9.973284721;0.559604652;-0.05818486959;-0.1131627038;-0.1076649204;1
0.55371309;0.9571290612;1.129412293;9.968499184;0.561706475;-0.0557414107;-0.1082757786;-0.1162170246;1
0.555814913;1.014556766;1.124626637;9.982855797;0.56380835;-0.0557414107;-0.1033888608;-0.1223256737;1
0.557916788;1.057627559;1.124626637;10.03549862;0.565910173;-0.05329795182;-0.09239330143;-0.1296560466;1
0.560018611;1.0863415;1.095912814;10.09771156;0.568011996;-0.05329795182;-0.08506292105;-0.1345429718;1
0.562120434;1.076770186;1.091127157;10.11685371;0.570113871;-0.05696314201;-0.07528908551;-0.1394298822;1
0.564222309;1.043270707;1.100698471;10.03071213;0.572215694;-0.05940660089;-0.06185005978;-0.1430950761;1
0.566324132;1.028913736;1.105484009;9.968499184;0.574317517;-0.05818486959;-0.05329795182;-0.14676027;1
0.568425954;1.024128079;1.138983607;9.906285286;0.576419392;-0.06185005978;-0.04596757516;-0.1479819864;1
0.570527829;1.052842021;1.162911773;9.901499748;0.578521215;-0.05940660089;-0.03497200832;-0.150425449;1
0.572629652;1.081555843;1.186840057;9.925428391;0.580623038;-0.05940660089;-0.02519817278;-0.1528689116;1
0.574731475;1.129412293;1.205982566;9.968499184;0.582724861;-0.05451968312;-0.01664606482;-0.1540906429;1
0.57683335;1.162911773;1.205982566;10.02114105;0.584826736;-0.04963276163;-0.009315688163;-0.1565341055;1
0.578935173;1.186840057;1.21555388;10.06421185;0.586928559;-0.04596757516;-0.0007635809598;-0.1577558219;1
0.581036996;1.21555388;1.196411371;10.12642574;0.589030382;-0.0374154672;0.006566796452;-0.1577558219;1
0.583138819;1.220339537;1.196411371;10.17428207;0.591132257;-0.02886336111;0.009010255337;-0.1601992846;1
0.585240694;1.229910851;1.177268744;10.25563812;0.593234079;-0.01664606482;0.009010255337;-0.1626427472;1
0.587342517;1.1820544;1.148554921;10.36092186;0.595335902;-0.008093958721;0.004123337101;-0.1663079411;1
0.58944434;1.191625714;1.115055323;10.46142101;0.597437777;0.0004581485991;-0.003207040019;-0.1699731201;1
0.591546215;1.244267821;1.095912814;10.51884842;0.5995396;0.009010255337;-0.01420260593;-0.173638314;1
0.593648038;1.272981644;1.091127157;10.5858469;0.601641423;0.01023198478;-0.03008509055;-0.1785252392;1
0.595749861;1.316052437;1.110269666;10.55234814;0.603743298;0.01145371422;-0.04474584386;-0.1834121495;1
0.597851736;1.354337573;1.124626637;10.51884842;0.605845121;0.01145371422;-0.06551524997;-0.1858556122;1
0.599953559;1.40697968;1.13419795;10.49013424;0.607946944;0.0126754446;-0.08384118974;-0.1907425225;1
0.602055382;1.411765337;1.143769264;10.46142101;0.610048767;0.009010255337;-0.1046105921;-0.1956294477;1
0.604157257;1.411765337;1.11984098;10.45663452;0.612150642;0.005345067009;-0.1278234571;-0.2017380893;1
0.606259079;1.440479279;1.105484009;10.42313576;0.614252465;0.002901607659;-0.1522580534;-0.2102901936;1
0.608360902;1.473978758;1.0863415;10.40399265;0.61635434;-0.001985310577;-0.1754709035;-0.2212857604;1
0.610462725;1.531406522;1.052842021;10.43270683;0.618456163;-0.008093958721;-0.1986837685;-0.2322813272;1
0.6125646;1.603191137;1.03848505;10.39920712;0.620557986;-0.01298087649;-0.2206749022;-0.2408334464;1
0.614666423;1.670190215;1.028913736;10.34656525;0.622659861;-0.0190895237;-0.2377791107;-0.2518289983;1
0.616768298;1.722832322;1.033699393;10.35135078;0.624761684;-0.02641990222;-0.2561050653;-0.2591593862;1
0.618870121;1.708475351;1.043270707;10.37049294;0.626863507;-0.03375028074;-0.2744309902;-0.266489774;1
0.620971944;1.670190215;1.043270707;10.34177971;0.628965329;-0.04230238497;-0.2964221239;-0.2713766694;1
0.623073819;1.651047587;1.067198873;10.33220863;0.631067204;-0.04963276163;-0.3147480786;-0.2774853408;1
0.625175642;1.622333765;1.067198873;10.31785107;0.633169027;-0.05940660089;-0.3355174661;-0.2823722363;1
0.627277465;1.622333765;1.062413216;10.34177971;0.63527085;-0.06795870513;-0.3575085998;-0.2884808779;1
0.629379288;1.665404558;1.067198873;10.33699417;0.637372725;-0.07773254067;-0.3807214797;-0.2933678031;1
0.631481163;1.703689694;1.081555843;10.33220863;0.639474548;-0.08261945844;-0.3978256881;-0.2994764447;1
0.633582986;1.737189293;1.03848505;10.35613632;0.641576371;-0.08384118974;-0.408821255;-0.3043633699;1
0.635684809;1.785045743;0.9667003751;10.41356373;0.643678246;-0.08750637621;-0.4137081802;-0.3080285788;1
0.637786684;1.799402595;0.9140582681;10.46142101;0.645780069;-0.08872810751;-0.4173733592;-0.3116937578;1
0.639888507;1.775474429;0.8853443861;10.49491978;0.647881892;-0.08994983882;-0.4137081802;-0.3129154742;1
0.641990329;1.732403636;0.8709874153;10.45184898;0.649983767;-0.08750637621;-0.4100429714;-0.3141372204;1
0.644092204;1.737189293;0.8709874153;10.47577763;0.65208559;-0.07895427197;-0.4039343297;-0.3141372204;1
0.646194027;1.737189293;0.8566305041;10.51406288;0.654187413;-0.07162389904;-0.3966039717;-0.3153589368;1
0.64829585;1.765903115;0.866201818;10.61456108;0.656289236;-0.06185005978;-0.3868301213;-0.316580683;1
0.650397725;1.804188251;0.8518448472;10.70070267;0.658391111;-0.04963276163;-0.374612838;-0.3190241456;1
0.652499548;1.847259045;0.8422735929;10.73898792;0.660492934;-0.0374154672;-0.3599520624;-0.3214675784;1
0.654601371;1.909472466;0.8279166222;10.75813103;0.662594757;-0.02641990222;-0.3452913165;-0.3251327872;1
0.656703194;1.962114573;0.813559711;10.77248764;0.664696632;-0.01298087649;-0.328187108;-0.3275762498;1
0.658805069;2.000399828;0.8087740541;10.748559;0.666798454;-0.001985310577;-0.3110828996;-0.3324631453;1
0.660906892;2.048256159;0.7992027402;10.68156052;0.668900277;0.009010255337;-0.2964221239;-0.3385718167;1
0.663008715;2.096112728;0.8039883971;10.60499001;0.671002152;0.0175623633;-0.2768744528;-0.3471239209;1
0.66511059;2.187039852;0.7992027402;10.52363396;0.673103975;0.02611446939;-0.2634354234;-0.3520108163;1
0.667212413;2.282752752;0.837487936;10.44227791;0.67520585;0.03344484791;-0.2512181401;-0.3568977416;1
0.669314236;2.373680115;0.8709874153;10.43749237;0.677307621;0.03466657549;-0.2377791107;-0.3617846668;1
0.671416111;2.407179594;0.9044869542;10.38006496;0.679409496;0.0358883068;-0.2304487377;-0.3654498458;1
0.673517934;2.392822742;0.9667003751;10.29870892;0.681511319;0.0358883068;-0.2255618125;-0.3678933084;1
0.675619809;2.373680115;1.062413216;10.21256733;0.683613194;0.03222311661;-0.2243400961;-0.3691150546;1
0.677721579;2.392822742;1.115055323;10.14078236;0.685715017;0.02855792828;-0.2304487377;-0.3715584874;1
0.679823454;2.392822742;1.186840057;10.07378292;0.687816892;0.01878409274;-0.2402225733;-0.3752236962;1
0.681925277;2.392822742;1.234696507;10.01156998;0.689918663;0.01389717404;-0.2512181401;-0.3776671588;1
0.684027152;2.431107759;1.296909928;9.930213928;0.692020538;0.0004581485991;-0.2646571696;-0.3801106215;1
0.686128975;2.474178553;1.335195065;9.844072342;0.694122413;-0.01420260593;-0.2829830945;-0.3837758005;1
0.68823085;2.478964329;1.387837172;9.757930756;0.696224236;-0.02886336111;-0.2988655865;-0.3874409795;1
0.690332621;2.512463808;1.426122308;9.667003632;0.698326059;-0.04596757516;-0.3184132576;-0.3911061883;1
0.692434496;2.531606436;1.473978758;9.614361763;0.700427882;-0.06551524997;-0.3379609287;-0.3947713673;1
0.694536371;2.54117775;1.483550072;9.595218658;0.702529704;-0.08261945844;-0.355065167;-0.3972148299;1
0.696638194;2.545963287;1.521835208;9.547362328;0.704631579;-0.1046105921;-0.3758345544;-0.3996582925;1
0.698740017;2.54117775;1.560120344;9.494720459;0.706733402;-0.1290451884;-0.3978256881;-0.4008800089;1
0.70084184;2.522035122;1.607976794;9.461220741;0.708835277;-0.1522580534;-0.4210385382;-0.3996582925;1
0.702943663;2.502892494;1.631905079;9.427721024;0.7109371;-0.1779143661;-0.4418079555;-0.3996582925;1
0.705045538;2.464607239;1.631905079;9.394221306;0.713038923;-0.2023489624;-0.4601338804;-0.4033234715;1
0.707147361;2.474178553;1.64626193;9.351150513;0.715140798;-0.2255618125;-0.4796815813;-0.4021017551;1
0.709249236;2.502892494;1.641476393;9.355937004;0.717242621;-0.2499964088;-0.4931205809;-0.4033234715;1
0.711351059;2.522035122;1.622333765;9.3367939;0.719344444;-0.2683223486;-0.5065596104;-0.4033234715;1
0.713452882;2.52682066;1.617548108;9.403793335;0.721446267;-0.2866483033;-0.5199986696;-0.4033234715;1
0.715554757;2.52682066;1.622333765;9.466006279;0.723548142;-0.3037525117;-0.5322159529;-0.4021017551;1
0.717656579;2.555534601;1.627119422;9.528220177;0.725649965;-0.3171915412;-0.5419898033;-0.4008800089;1
0.719758402;2.555534601;1.607976794;9.628718376;0.727751788;-0.328187108;-0.5505418777;-0.3984365463;1
0.721860225;2.550748825;1.603191137;9.74835968;0.729853663;-0.3367392123;-0.5590940118;-0.3996582925;1
0.7239621;2.579462767;1.560120344;9.858428955;0.731955486;-0.3440696001;-0.562759161;-0.3996582925;1
0.726063923;2.579462767;1.497906923;9.982855797;0.734057361;-0.3477347791;-0.5688678026;-0.4008800089;1
0.728165746;2.579462767;1.435693622;10.09771156;0.736159184;-0.3477347791;-0.5737547278;-0.4021017551;1
0.730267621;2.598605394;1.363908887;10.22692394;0.738261007;-0.3452913165;-0.5798633695;-0.404545188;1
0.732369444;2.632104874;1.31126678;10.39920712;0.740362829;-0.3404043913;-0.5859720111;-0.4082103968;1
0.734471319;2.665604353;1.229910851;10.5475626;0.742464704;-0.3318522871;-0.5933024287;-0.4094321132;1
0.736573142;2.670390129;1.162911773;10.70070267;0.744566527;-0.3220784664;-0.6006327868;-0.413097322;1
0.738674965;2.71824646;1.091127157;10.84427261;0.746668402;-0.308639437;-0.6018545032;-0.4192059636;1
0.740776788;2.751745939;1.009771109;10.97827053;0.748770225;-0.2915352285;-0.6018545032;-0.4228711426;1
0.742878663;2.775674343;0.94277215;11.12662506;0.750872048;-0.2671006322;-0.5981893539;-0.4265363216;1
0.744980486;2.799602509;0.837487936;11.28455162;0.752973871;-0.2463312149;-0.5933024287;-0.4338667095;1
0.747082361;2.837887764;0.7513462901;11.44247818;0.755075746;-0.2231183648;-0.5847502947;-0.4411970973;1
0.749184184;2.880958557;0.679561615;11.59561825;0.757177569;-0.1950185746;-0.571311295;-0.4497492015;1
0.751286007;2.928814888;0.6029912829;11.6769743;0.759279392;-0.1669187993;-0.5517635942;-0.4595230222;1
0.753387829;2.995813847;0.5790630579;11.72961617;0.761381215;-0.1375972927;-0.5309942365;-0.470518589;1
0.755489704;3.058027267;0.5264210105;11.78225899;0.76348309;-0.1119409725;-0.5090031028;-0.4790706933;1
0.757591527;3.120240688;0.4929214716;11.79183006;0.765584913;-0.08628465235;-0.4857902229;-0.4864010811;1
0.75969335;3.158525944;0.4498506486;11.72961617;0.767686788;-0.06307178736;-0.462577343;-0.4961749315;1
0.761795173;3.134597778;0.4163511395;11.61954689;0.769788611;-0.03985892609;-0.4369210303;-0.5035052896;1
0.763897048;3.091526747;0.4402793646;11.55733299;0.771890434;-0.01786779426;-0.4173733592;-0.5108356476;1
0.765998871;3.081955671;0.4307080805;11.51904774;0.773992309;0.002901607659;-0.3941605091;-0.5169443488;1
0.768100746;3.096312523;0.4546363056;11.47597694;0.776094132;0.02489273995;-0.3758345544;-0.5254964232;1
0.770202569;3.101098061;0.4737788737;11.46640587;0.778195954;0.04199695215;-0.3636172712;-0.5316050649;1
0.772304392;3.105883837;0.4689932466;11.45683479;0.780297777;0.06154462695;-0.3575085998;-0.5401571989;1
0.774406267;3.086741209;0.4498506486;11.44247818;0.7823996;0.07498364896;-0.3538434207;-0.5487092733;1
0.77650809;3.062813044;0.4354937077;11.40419292;0.784501475;0.0847574845;-0.355065167;-0.5572614074;1
0.778609913;3.01974225;0.4163511395;11.32283688;0.78660335;0.09453132749;-0.358730346;-0.5670352578;1
0.780711736;2.986242771;0.4019941986;11.24148083;0.788705121;0.09941824526;-0.3685041666;-0.5792525411;1
0.782813559;2.967100143;0.3589234054;11.12662506;0.790806996;0.1006399691;-0.3794997334;-0.5902481079;1
0.784915434;2.952743053;0.3445664644;11.04048347;0.792908871;0.09941824526;-0.3929387629;-0.6024653912;1
0.787017309;2.928814888;0.3014956415;10.95434189;0.795010694;0.09086613357;-0.4112647176;-0.613460958;1
0.789119079;2.94317174;0.2823530734;10.83470058;0.797112517;0.0847574845;-0.4332558513;-0.6244565248;1
0.791220954;2.928814888;0.2823530734;10.73420238;0.79921434;0.07131846249;-0.4540252388;-0.6354520917;1
0.793322829;2.904886723;0.2679961324;10.60977554;0.801316215;0.05543597788;-0.4772381186;-0.6464476585;1
0.795424652;2.861815929;0.2775674164;10.50449181;0.803418038;0.04199695215;-0.5016726851;-0.656221509;1
0.797526475;2.818745136;0.2727817893;10.40877819;0.805519861;0.02977965772;-0.5248855352;-0.6684387922;1
0.799628298;2.790031195;0.2632105052;10.34656525;0.807621736;0.01634063199;-0.5480984449;-0.6818777919;1
0.801730173;2.780459881;0.2440679073;10.34656525;0.809723559;-0.001985310577;-0.5725330114;-0.6977602839;1
0.803831996;2.794816732;0.2105683982;10.38006496;0.811825382;-0.01053741761;-0.5969675779;-0.713642776;1
0.805933819;2.82831645;0.1627119333;10.38963604;0.813927204;-0.02519817278;-0.6201804876;-0.7307469845;1
0.808035694;2.866601467;0.1292124242;10.3848505;0.816029079;-0.03985892609;-0.6433933377;-0.747851193;1
0.810137517;2.900100946;0.09571290761;10.37527943;0.818130902;-0.05207622424;-0.6653844714;-0.7661771774;1
0.81223934;2.914458036;0.08135596663;10.36092186;0.820232725;-0.06062832847;-0.6849321127;-0.7832813859;1
0.814341163;2.900100946;0.07178468257;10.34177971;0.8223346;-0.07528908551;-0.7032580972;-0.797942102;1
0.816443038;2.880958557;0.05742774159;10.30827999;0.824436423;-0.08384118974;-0.7252492309;-0.8113811612;1
0.818544861;2.833101988;0.03349951655;10.31785107;0.826538246;-0.09117157012;-0.7386882305;-0.8248201609;1
0.820646684;2.785245657;0.0239282269;10.37527943;0.828640069;-0.09972367436;-0.7496837974;-0.8370374441;1
0.822748559;2.708675146;0.03349951655;10.46620655;0.830741944;-0.1070540547;-0.7521272302;-0.848033011;1
0.824850382;2.665604353;0.0;10.49491978;0.832843767;-0.1107192412;-0.755792439;-0.8602503538;1
0.826952204;2.617748022;-0.01914258115;10.4279213;0.834945642;-0.1119409725;-0.7570141554;-0.8700241446;1
0.829054027;2.579462767;0.004785645287;10.37527943;0.837047465;-0.1058323234;-0.7509055138;-0.8797979951;1
0.831155902;2.54117775;0.01914258115;10.45184898;0.839149288;-0.1009454057;-0.7423534393;-0.8871283531;1
0.833257725;2.488535643;0.05742774159;10.56191921;0.841251111;-0.09361502528;-0.7301361561;-0.8920152783;1
0.8353596;2.416750908;0.07178468257;10.64327526;0.843352986;-0.08139773458;-0.7154753804;-0.8956804872;1
0.837461423;2.344966173;0.1004985496;10.69113159;0.845454809;-0.07162389904;-0.7020363212;-0.89812392;1
0.839563246;2.234896421;0.1435693651;10.71984577;0.847556684;-0.05818486959;-0.6861538887;-0.899345696;1
0.841665069;2.120040894;0.1674975902;10.72941685;0.849658507;-0.04474584386;-0.6690496206;-0.8969022036;1
0.843766944;2.038684845;0.1914258152;10.72463131;0.851760329;-0.03130681813;-0.6543889046;-0.8956804872;1
0.845868767;1.938186288;0.2201396823;10.72941685;0.853862152;-0.0190895237;-0.6385064125;-0.8956804872;1
0.847970642;1.875972986;0.2536391914;10.748559;0.855964027;-0.00565049937;-0.6226239204;-0.8932369947;1
0.850072465;1.828116536;0.2584248483;10.74377346;0.85806585;0.004123337101;-0.6067414284;-0.8907935619;1
0.852174288;1.818545222;0.2679961324;10.62413216;0.860167673;0.01634063199;-0.5933024287;-0.8907935619;1
0.854276111;1.765903115;0.2871387303;10.57149029;0.862269548;0.02977965772;-0.5786416531;-0.8920152783;1
0.856377986;1.737189293;0.3014956415;10.53320503;0.864371371;0.03955349326;-0.562759161;-0.8907935619;1
0.858479809;1.694118381;0.3254238665;10.48056316;0.866473246;0.04932733253;-0.5529853702;-0.8920152783;1
0.860581632;1.665404558;0.3349951804;10.43749237;0.868575017;0.05665770918;-0.5444332361;-0.8920152783;1
0.862683507;1.622333765;0.3541377485;10.39442158;0.870676892;0.06398808211;-0.5383245945;-0.8920152783;1
0.864785329;1.564906001;0.3589234054;10.3848505;0.872778715;0.0725401938;-0.5334376693;-0.8907935619;1
0.866887204;1.50269258;0.3684946895;10.34656525;0.87488059;0.07620538026;-0.5309942365;-0.8895718455;1
0.868988975;1.435693622;0.3780659735;10.31306553;0.876982413;0.07987056673;-0.5309942365;-0.8883501291;1
0.87109085;1.339980721;0.3828516304;10.28913784;0.879084236;0.0859792158;-0.5309942365;-0.8883501291;1
0.873192673;1.320838094;0.3732803464;10.25085258;0.881186059;0.09208786488;-0.5358811021;-0.8883501291;1
0.875294548;1.268195987;0.3780659735;10.24606609;0.883287934;0.09697478265;-0.5419898033;-0.8883501291;1
0.877396371;1.239482164;0.3780659735;10.26042366;0.885389809;0.104305163;-0.5493201613;-0.8883501291;1
0.879498194;1.177268744;0.3684946895;10.26999474;0.887491632;0.1104138121;-0.5578722358;-0.8907935619;1
0.881600017;1.16769743;0.3637090325;10.28913784;0.889593454;0.1140789986;-0.5664243698;-0.8907935619;1
0.883701892;1.162911773;0.3637090325;10.29870892;0.891695277;0.117744185;-0.5749764442;-0.8920152783;1
0.885803767;1.143769264;0.3445664644;10.28435135;0.8937971;0.1189659163;-0.5786416531;-0.8956804872;1
0.88790559;1.124626637;0.3445664644;10.26999474;0.895898975;0.1226311028;-0.5859720111;-0.8956804872;1
0.890007413;1.110269666;0.3254238665;10.21256733;0.89800085;0.1238528341;-0.5847502947;-0.8932369947;1
0.892109236;1.0863415;0.3349951804;10.13121128;0.900102673;0.1238528341;-0.5871937871;-0.8920152783;1
0.894211059;1.03848505;0.3254238665;10.13121128;0.902204496;0.1287397593;-0.5835285783;-0.8895718455;1
0.896312934;0.9858429432;0.3302095234;10.11206818;0.904306319;0.1336266696;-0.5835285783;-0.8871283531;1
0.898414809;0.94277215;0.3397808075;10.12642574;0.906408142;0.1324049383;-0.5835285783;-0.8810197115;1
0.900516632;0.9332008362;0.3445664644;10.13599682;0.908510017;0.134848401;-0.5859720111;-0.8773545623;1
0.902618454;0.9044869542;0.3589234054;10.11206818;0.91061184;0.1409570426;-0.5859720111;-0.8736893535;1
0.904720277;0.9044869542;0.3541377485;10.11685371;0.912713663;0.1446222365;-0.5871937871;-0.8688024282;1
0.9068221;0.9044869542;0.3589234054;10.1024971;0.914815538;0.1495091617;-0.5896372199;-0.8651372194;1
0.908923975;0.8853443861;0.3589234054;10.07856941;0.916917361;0.1507308781;-0.5957458615;-0.8590285778;1
0.911025798;0.8853443861;0.3732803464;10.05464077;0.919019184;0.1519526094;-0.5994110703;-0.8541416526;1
0.913127621;0.8997012973;0.3924229145;10.03071213;0.921121059;0.1531743407;-0.6030762792;-0.8516982198;1
0.915229496;0.8997012973;0.3972085714;9.963713646;0.923222882;0.1531743407;-0.605519712;-0.8468112946;1
0.917331319;0.9236295223;0.4115654826;9.95414257;0.925324704;0.1495091617;-0.6091849208;-0.8407026529;1
0.919433142;0.9379864931;0.4163511395;9.872786522;0.927426579;0.1446222365;-0.6067414284;-0.8382592201;1
0.921535017;0.9714859724;0.3972085714;9.805787086;0.929528402;0.1397353113;-0.6079631448;-0.8345940113;1
0.92363684;0.9858429432;0.3828516304;9.69093132;0.931630277;0.1324049383;-0.6067414284;-0.8321505189;1
0.925738663;1.009771109;0.3493520916;9.590433121;0.9337321;0.1238528341;-0.6042979956;-0.8297070861;1
0.927840538;1.048056364;0.3158525825;9.523433685;0.935833923;0.1153007299;-0.605519712;-0.8272636533;1
0.929942361;1.071984529;0.3014956415;9.466006279;0.937935798;0.1055268943;-0.605519712;-0.8272636533;1
0.932044236;1.110269666;0.2823530734;9.399007797;0.940037621;0.09330959618;-0.6091849208;-0.8260418773;1
0.934146059;1.153340459;0.2919243574;9.375079155;0.942139444;0.08231402934;-0.61285007;-0.8260418773;1
0.936247882;1.177268744;0.2967100143;9.360722542;0.944241267;0.06887500733;-0.6165152788;-0.8260418773;1
0.938349757;1.186840057;0.2919243574;9.30807972;0.946343142;0.06154462695;-0.6177369952;-0.8272636533;1
0.940451579;1.21555388;0.3158525825;9.30807972;0.948444965;0.04932733253;-0.6177369952;-0.8321505189;1
0.942553402;1.253839016;0.2967100143;9.327222824;0.950546788;0.04199695215;-0.6165152788;-0.8345940113;1
0.944655225;1.301695466;0.2632105052;9.346364975;0.952648611;0.03344484791;-0.614071846;-0.8407026529;1
0.9467571;1.335195065;0.2009970993;9.36550808;0.954750486;0.02855792828;-0.614071846;-0.8455895782;1
0.948858923;1.397408366;0.1674975902;9.41336441;0.956852309;0.02000582218;-0.61285007;-0.8541416526;1
0.950960746;1.411765337;0.1100698411;9.456435204;0.958954132;0.01878409274;-0.61285007;-0.8614720702;1
0.953062569;1.445264935;0.06221338734;9.504291534;0.961056007;0.0126754446;-0.6116283536;-0.8700241446;1
0.955164444;1.464407444;-0.009571290575;9.566504478;0.963157829;0.007788525894;-0.6067414284;-0.8810197115;1
0.957266267;1.493121386;-0.04307080805;9.576076508;0.965259652;0.002901607659;-0.6018545032;-0.8895718455;1
0.95936809;1.521835208;-0.09571290761;9.537791252;0.967361527;-0.003207040019;-0.5957458615;-0.89812392;1
0.961469965;1.569691658;-0.1004985496;9.451649666;0.96946335;-0.00565049937;-0.5896372199;-0.9042325616;1
0.963571788;1.55054903;-0.1244267747;9.41336441;0.971565173;-0.008093958721;-0.5884155035;-0.9091194868;1
0.965673611;1.507478237;-0.1052841991;9.399007797;0.973667048;-0.01175914705;-0.5859720111;-0.9115629792;1
0.967775486;1.450050473;-0.09092725813;9.394221306;0.975768871;-0.01664606482;-0.5761982203;-0.9127846956;1
0.969877309;1.35912323;-0.09092725813;9.346364975;0.977870694;-0.02153298259;-0.5615374446;-0.9127846956;1
0.971979132;1.277767301;-0.04785645381;9.274580956;0.979972517;-0.02641990222;-0.5444332361;-0.9127846956;1
0.974081007;1.225125194;-0.0382851623;9.198010445;0.982074392;-0.03130681813;-0.5187768936;-0.9115629792;1
0.976182829;1.201196909;-0.03349951655;9.102297783;0.984176215;-0.03130681813;-0.4857902229;-0.9091194868;1
0.978284652;1.186840057;-0.0143569354;9.016156197;0.98627809;-0.02764163166;-0.4528035223;-0.9042325616;1
0.980386475;1.148554921;0.0143569354;9.020941734;0.988379913;-0.02275471389;-0.4210385382;-0.8969022036;1
0.98248835;1.091127157;0.0382851623;9.054440498;0.990481736;-0.01542433538;-0.3917170465;-0.8920152783;1
0.984590173;1.004985452;0.06221338734;9.159725189;0.992583611;-0.008093958721;-0.3660607338;-0.8822414875;1
0.986692048;0.8997012973;0.06221338734;9.221938133;0.994685434;-0.001985310577;-0.3440696001;-0.8749110699;1
0.988793871;0.8087740541;0.08135596663;9.279366493;0.996787257;0.007788525894;-0.3233001828;-0.8675807118;1
0.990895694;0.7226324677;0.1004985496;9.284152031;0.998889132;0.01511890348;-0.3074176908;-0.8590285778;1
0.992997569;0.6077769399;0.1004985496;9.269794464;1.000990954;0.02000582218;-0.2939786613;-0.8516982198;1
0.995099392;0.5359922647;0.1244267747;9.212367058;1.003092777;0.02000582218;-0.2842048407;-0.8431460857;1
0.997201215;0.4642075896;0.1196411327;9.159725189;1.005194652;0.02000582218;-0.2768744528;-0.8333722949;1
0.99930309;0.4019941986;0.1292124242;9.107083321;1.007296475;0.0175623633;-0.2719875574;-0.8248201609;1
1.001404913;0.3397808075;0.1100698411;9.049654961;1.009398298;0.0126754446;-0.2732092738;-0.8174898028;1
1.003506736;0.2871387303;0.08614161611;8.977870941;1.011500121;0.006566796452;-0.2732092738;-0.8101593852;1
1.005608611;0.2153540403;0.05264209956;8.949156761;1.013601996;-0.001985310577;-0.2719875574;-0.8028290272;1
1.007710434;0.1339980662;0.02871387079;8.877371788;1.015703819;-0.01298087649;-0.2719875574;-0.797942102;1
1.009812257;0.0765703246;-0.004785645287;8.786444664;1.017805694;-0.02275471389;-0.2695440948;-0.7930551767;1
1.011914079;0.01914258115;-0.02871387079;8.69551754;1.019907517;-0.03619373962;-0.2756527364;-0.7881683111;1
1.014015954;-0.04307080805;-0.01914258115;8.618947029;1.02200934;-0.05085449293;-0.2866483033;-0.7820596099;1
1.016117777;-0.09571290761;-0.0143569354;8.571090698;1.024111215;-0.06307178736;-0.3049742281;-0.7783944607;1
1.018219652;-0.1818545163;0.004785645287;8.508877754;1.026212986;-0.08017600328;-0.3220784664;-0.7735075355;1
1.020321475;-0.2823530734;0.02871387079;8.494520187;1.028314861;-0.09605848789;-0.3465130329;-0.7673988938;1
1.022423298;-0.3732803464;0.05264209956;8.465806961;1.030416684;-0.1107192412;-0.3709476292;-0.7625119686;1
1.024525173;-0.4785645306;0.04785645381;8.456234932;1.032518559;-0.1241582632;-0.3978256881;-0.7600684762;1
1.026626944;-0.5312066078;0.04785645381;8.465806961;1.034620382;-0.1339320987;-0.4210385382;-0.7576250434;1
1.028728819;-0.5647061467;0.0382851623;8.499305725;1.036722204;-0.1400407553;-0.4442514181;-0.756403327;1
1.030830642;-0.5934200287;0.0239282269;8.571090698;1.038824079;-0.1473711282;-0.4674642682;-0.756403327;1
1.032932517;-0.6317051649;0.009571290575;8.690732002;1.040925902;-0.1498145908;-0.4918988645;-0.7588467598;1
1.03503434;-0.6843472719;-0.02871387079;8.786444664;1.043027725;-0.1522580534;-0.5114465356;-0.7588467598;1
1.037136163;-0.7226324677;-0.06699903309;8.84387207;1.0451296;-0.1534797698;-0.5322159529;-0.7625119686;1
1.039238038;-0.7704889178;-0.1052841991;8.87258625;1.047231423;-0.1559232324;-0.5529853702;-0.7649554014;1
1.041339861;-0.7800601721;-0.1339980662;8.882157326;1.049333246;-0.1571449637;-0.571311295;-0.7661771774;1
1.043441684;-0.8183453679;-0.1579262912;8.858229637;1.051435069;-0.1559232324;-0.5859720111;-0.7686206102;1
1.045543559;-0.8518448472;-0.1818545163;8.800801277;1.053536944;-0.1534797698;-0.5981893539;-0.7722858191;1
1.047645382;-0.8805587292;-0.1818545163;8.748159409;1.055638767;-0.1473711282;-0.6042979956;-0.7747292519;1
1.049747204;-0.9092726111;-0.1818545163;8.752944946;1.05774059;-0.142484203;-0.6079631448;-0.7808378935;1
1.051849027;-0.9188438654;-0.1674975902;8.810373306;1.059842465;-0.1327103674;-0.605519712;-0.7857248187;1
1.053950902;-0.9284151793;-0.1674975902;8.829515457;1.061944288;-0.1229365394;-0.5981893539;-0.7906117439;1
1.056052725;-0.9236295223;-0.1435693651;8.796015739;1.064046111;-0.1143844277;-0.5859720111;-0.797942102;1
1.058154548;-0.9188438654;-0.1148554832;8.738588333;1.066147986;-0.1046105921;-0.5676460862;-0.8028290272;1
1.060256423;-0.9236295223;-0.09092725813;8.638090134;1.068249809;-0.09361502528;-0.5432115197;-0.8089376688;1
1.062358246;-0.9284151793;-0.0765703246;8.556734085;1.070351632;-0.08261945844;-0.5114465356;-0.8162680864;1
1.064460069;-0.9475577474;-0.04307080805;8.46102047;1.072453507;-0.0728456229;-0.4735729098;-0.8223767281;1
1.066561944;-0.9619147182;-0.009571290575;8.374878883;1.074555329;-0.06185005978;-0.4344775677;-0.8284853697;1
1.068663767;-1.028913736;0.05264209956;8.288737297;1.076657152;-0.04841103405;-0.3929387629;-0.8321505189;1
1.07076559;-1.071984529;0.1100698411;8.240880966;1.078759027;-0.03497200832;-0.3477347791;-0.8345940113;1
1.072867465;-1.129412293;0.1531406492;8.169096947;1.08086085;-0.02153298259;-0.3013090491;-0.8333722949;1
1.074969288;-1.244267821;0.2153540403;8.135597229;1.082962673;-0.006872228812;-0.2573267817;-0.8321505189;1
1.077071111;-1.392622828;0.2919243574;8.078168869;1.085064496;0.009010255337;-0.2109010667;-0.8260418773;1
1.079172986;-1.560120344;0.3493520916;8.063812256;1.087166371;0.02244928107;-0.1644753367;-0.8174898028;1
1.081274809;-1.751546144;0.4450650215;8.015955925;1.089268194;0.03833176568;-0.1180496216;-0.8052725196;1
1.083376632;-1.9812572;0.5216353536;7.97767067;1.091370069;0.05177079141;-0.07162389904;-0.7918334603;1
1.085478454;-2.215753794;0.6029912829;7.939385414;1.093471892;0.06520981342;-0.02886336111;-0.7747292519;1
1.087580329;-2.450250387;0.7178468108;7.920242786;1.095573715;0.07742711157;0.01511890348;-0.7576250434;1
1.089682152;-2.641676188;0.8422735929;7.905886173;1.09767559;0.08964440972;0.0542142503;-0.7392991185;1
1.091784027;-2.809173822;0.9475577474;7.84845829;1.099777413;0.09697478265;0.09330959618;-0.7185297012;1
1.09388585;-2.971885681;1.048056364;7.843672752;1.101879236;0.1055268943;0.1299614757;-0.6965385675;1
1.095987673;-3.125026464;1.115055323;7.800601959;1.103981059;0.1079703495;0.1580612659;-0.672104001;1
1.098089548;-3.292523861;1.191625714;7.771887779;1.106082934;0.1091920808;0.1861610413;-0.6452259421;1
1.100191371;-3.503092289;1.268195987;7.743174076;1.108184757;0.1104138121;0.2081521749;-0.6183478832;1
1.102293194;-3.747160196;1.363908887;7.700103283;1.110286579;0.1030834317;0.2252563834;-0.5865828991;1
1.104395017;-3.972085476;1.450050473;7.637889862;1.112388402;0.09208786488;0.235030219;-0.5535961986;1
1.106496892;-4.192225456;1.521835208;7.561319351;1.114490277;0.08109229803;0.2411388755;-0.5193877816;1
1.108598715;-4.402793884;1.579262972;7.503891945;1.1165921;0.06887500733;0.2411388755;-0.4864010811;1
1.110700538;-4.579862595;1.627119422;7.479963779;1.118693975;0.05054906011;0.235030219;-0.4534143806;1
1.112802361;-4.737788677;1.713261008;7.460821152;1.120795798;0.03466657549;0.2252563834;-0.4192059636;1
1.114904236;-4.890929699;1.775474429;7.475177765;1.122897621;0.0175623633;0.2130390853;-0.3862192631;1
1.117006059;-4.991427898;1.861616015;7.484749317;1.124999444;-0.00565049937;0.1959348768;-0.3568977416;1
1.119107934;-5.067998409;1.919043779;7.503891945;1.127101319;-0.02641990222;0.1751654744;-0.3263545036;1
1.121209757;-5.106283665;1.952543259;7.49910593;1.129203142;-0.04718930274;0.1592829973;-0.2970330119;1
1.123311579;-5.106283665;1.986042738;7.479963779;1.131304965;-0.0728456229;0.1409570426;-0.270154953;1
1.125413402;-5.125426292;2.000399828;7.456035137;1.13340684;-0.0972802192;0.1262962967;-0.2444986254;1
1.127515277;-5.139782906;2.005185366;7.422535896;1.135508663;-0.1241582632;0.1055268943;-0.2163988501;1
1.1296171;-5.173282623;2.019542217;7.432106972;1.137610486;-0.1534797698;0.0859792158;-0.1882990748;1
1.131718923;-5.211567879;2.038684845;7.422535896;1.139712361;-0.1803578287;0.07009673119;-0.1601992846;1
1.133820798;-5.235496044;2.06261301;7.436892986;1.141814184;-0.2084576041;0.04810560122;-0.1333212405;1
1.135922621;-5.2737813;2.081755638;7.460821152;1.143916007;-0.2341139317;0.03222311661;-0.1064431891;1
1.138024444;-5.268995285;2.091326952;7.518248558;1.146017829;-0.2597702444;0.0175623633;-0.07956513762;1
1.140126319;-5.25942421;2.096112728;7.599604607;1.148119704;-0.281761378;0.009010255337;-0.05146535859;1
1.142228142;-5.230710506;2.096112728;7.700103283;1.150221579;-0.3013090491;0.0004581485991;-0.02703076601;1
1.144329965;-5.216353416;2.06261301;7.805387497;1.15232335;-0.3171915412;-0.003207040019;-0.003817904973;1
1.146431788;-5.158925533;2.053041935;7.953742504;1.154425225;-0.3257436454;-0.003207040019;0.01939495653;1
1.148533663;-5.11585474;2.024327993;8.135597229;1.156527048;-0.3318522871;-0.0007635809598;0.0438295491;1
1.150635538;-5.034498692;1.990828395;8.341380119;1.158628923;-0.3306305707;0.002901607659;0.06337722391;1
1.152737309;-4.953142643;1.952543259;8.556734085;1.160730746;-0.3294088244;0.01023198478;0.08292489499;1
1.154839184;-4.900500774;1.899901152;8.824729919;1.162832621;-0.3196350038;0.01634063199;0.1012508348;1
1.156941007;-4.814359188;1.842473388;9.044869423;1.164934444;-0.3074176908;0.02733619884;0.119576782;1
1.159042882;-4.747360229;1.775474429;9.298508644;1.167036267;-0.2903134823;0.03833176568;0.1342375278;1
1.161144704;-4.680361271;1.703689694;9.509077072;1.16913809;-0.2744309902;0.04932733253;0.1488982886;1
1.163246579;-4.622933388;1.612762451;9.695717812;1.171239913;-0.2512181401;0.06520981342;0.1611155868;1
1.165348402;-4.565505505;1.531406522;9.858428955;1.173341788;-0.2292270064;0.08353576064;0.1733328849;1
1.167450225;-4.493721008;1.411765337;10.01635551;1.175443611;-0.2047924101;0.1030834317;0.1843284518;1
1.169552048;-4.42672205;1.354337573;10.15992451;1.177545434;-0.1779143661;0.1214093715;0.1953240186;1
1.171653871;-4.364508629;1.277767301;10.26042366;1.179647309;-0.1534797698;0.1434005052;0.2050978541;1
1.173755746;-4.302295208;1.225125194;10.38006496;1.181749132;-0.1266017258;0.1653916389;0.2148716897;1
1.175857569;-4.244867325;1.162911773;10.49491978;1.183851007;-0.09850194305;0.1837175786;0.2258672565;1
1.177959392;-4.225724697;1.124626637;10.56191921;1.185952777;-0.07162389904;0.1996000707;0.2368628234;1
1.180061267;-4.197010994;1.0863415;10.65763187;1.188054652;-0.04596757516;0.2142608166;0.2454149276;1
1.18216309;-4.182653904;1.062413216;10.69591713;1.190156475;-0.02153298259;0.2264781147;0.2539670467;1
1.184264965;-4.158725739;1.028913736;10.71984577;1.19225835;0.0004581485991;0.2374736816;0.262519151;1
1.186366736;-4.139583111;1.009771109;10.72463131;1.194360173;0.02000582218;0.2448040545;0.269849509;1
1.188468611;-4.09172678;0.9667003751;10.71506023;1.196461996;0.04077522457;0.2484692484;0.2771798968;1
1.190570434;-4.048655987;0.94277215;10.66241741;1.198563871;0.05665770918;0.2472475171;0.2832885385;1
1.192672309;-4.005585194;0.9236295223;10.61456108;1.200665694;0.06643154472;0.2484692484;0.2906189263;1
1.194774132;-3.976871252;0.8853443861;10.52841949;1.202767517;0.07864884287;0.2423606068;0.2955058515;1
1.196875954;-3.94815731;0.8757730722;10.46142101;1.204869392;0.08720094711;0.2399171442;0.3003927469;1
1.198977829;-3.938585997;0.8709874153;10.37049294;1.206971215;0.09208786488;0.2313650399;0.3052796721;1
1.201079652;-3.909872293;0.866201818;10.30349445;1.209073038;0.09453132749;0.2240346521;0.3065013885;1
1.203181475;-3.876372576;0.8614161611;10.21735287;1.211174861;0.09819651395;0.2142608166;0.3113883138;1
1.20528335;-3.862015724;0.8518448472;10.18385315;1.213276736;0.104305163;0.2069304436;0.31261006;1
1.207385173;-3.842873096;0.8566305041;10.11206818;1.215378559;0.1055268943;0.200821802;0.31261006;1
1.209486996;-3.823730469;0.8470591903;10.06899738;1.217480382;0.1104138121;0.1971566081;0.31261006;1
1.211588819;-3.799802303;0.8422735929;10.02114105;1.219582257;0.111635536;0.1947131455;0.31261006;1
1.213690694;-3.766302824;0.837487936;9.963713646;1.221684079;0.117744185;0.1947131455;0.3101665974;1
1.215792517;-3.737588882;0.8231309652;9.920642853;1.223785902;0.1214093715;0.1971566081;0.3089448512;1
1.21789434;-3.699303865;0.8327022791;9.906285286;1.225887777;0.1262962967;0.2032652497;0.3089448512;1
1.219996215;-3.680161238;0.8279166222;9.872786522;1.2279896;0.131183207;0.2118173689;0.3113883138;1
1.222098038;-3.646661758;0.8327022791;9.815358162;1.230091475;0.1372918636;0.2228129357;0.316275239;1
1.224199861;-3.675375462;0.8470591903;9.729216576;1.232193298;0.1397353113;0.2374736816;0.319940418;1
1.226301736;-3.694518089;0.9092726111;9.647860527;1.234295121;0.1470656991;0.2557996213;0.3284925222;1
1.228403559;-3.737588882;0.9667003751;9.576076508;1.236396944;0.1507308781;0.274125576;0.3394880891;1
1.230505434;-3.761517286;1.024128079;9.518648148;1.238498819;0.1580612659;0.2961167097;0.3492619395;1
1.232607257;-3.785445452;1.115055323;9.446864128;1.240600642;0.1629481763;0.3229947388;0.362700969;1
1.234709079;-3.804588079;1.177268744;9.389435768;1.242702465;0.1715002805;0.3498727977;0.3761399984;1
1.236810902;-3.780659676;1.244267821;9.332008362;1.244804288;0.1751654744;0.377972573;0.3932442069;1
1.238912777;-3.785445452;1.320838094;9.284152031;1.246906111;0.181274116;0.4072940946;0.409126699;1
1.2410146;-3.823730469;1.383051515;9.198010445;1.249007986;0.1873827726;0.4378373325;0.4262309074;1
1.243116423;-3.838087559;1.450050473;9.131011009;1.251109809;0.1910479665;0.4683805704;0.4445568323;1
1.245218246;-3.876372576;1.488335729;9.073583603;1.253211684;0.1934914142;0.4989238083;0.4616610706;1
1.247320069;-3.895515203;1.555334687;9.011369705;1.255313507;0.1934914142;0.5294670463;0.4787652791;1
1.249421944;-3.905086517;1.588834286;8.915657043;1.257415382;0.1922696829;0.5624537468;0.4970912039;1
1.251523767;-3.890729666;1.603191137;8.819944382;1.259517204;0.1922696829;0.5942187309;0.5129737258;1
1.253625642;-3.828516245;1.64626193;8.743373871;1.261619027;0.1910479665;0.6272054315;0.5312996507;1
1.255727465;-3.75673151;1.670190215;8.638090134;1.26372085;0.1861610413;0.658970356;0.5484038591;1
1.25782934;-3.718446493;1.670190215;8.595019341;1.265822725;0.1800523996;0.6870701313;0.5655080676;1
1.259931163;-3.675375462;1.660618901;8.547162056;1.267924548;0.1727220118;0.7115047574;0.5826122761;1
1.262032986;-3.66101861;1.660618901;8.523234367;1.270026371;0.1678351015;0.7334958911;0.5997164845;1
1.264134809;-3.684946775;1.679761529;8.456234932;1.272128246;0.1605047137;0.7493783832;0.6155989766;1
1.266236684;-3.699303865;1.703689694;8.46102047;1.274230069;0.1531743407;0.7628173828;0.6339249015;1
1.268338507;-3.694518089;1.722832322;8.504091263;1.276331892;0.1446222365;0.7725912333;0.65102911;1
1.270440329;-3.689732552;1.737189293;8.532805443;1.278433767;0.1360701323;0.7799215913;0.6693550944;1
1.272542204;-3.704089403;1.727617979;8.532805443;1.28053559;0.1262962967;0.7750346661;0.6889027357;1
1.274644027;-3.737588882;1.727617979;8.528019905;1.282637413;0.1140789986;0.7713695168;0.709672153;1
1.27674585;-3.775874138;1.727617979;8.494520187;1.284739288;0.1030834317;0.7640390992;0.7316632867;1
1.278847725;-3.833301783;1.698904037;8.528019905;1.286841111;0.08720094711;0.7579304576;0.7548761368;1
1.280949548;-3.871587038;1.679761529;8.604590416;1.288942934;0.07498364896;0.7506000996;0.7793107629;1
1.283051371;-3.890729666;1.655833244;8.599804878;1.291044809;0.05910116807;0.7396045327;0.8086322546;1
1.285153246;-3.938585997;1.651047587;8.604590416;1.293146632;0.04199695215;0.7286089659;0.8379537463;1
1.287255069;-3.976871252;1.64626193;8.647661209;1.295248454;0.02733619884;0.7127264738;0.8648318052;1
1.289356892;-4.029513359;1.636690736;8.700303078;1.297350277;0.009010255337;0.6968439817;0.8941532969;1
1.291458767;-4.072584152;1.627119422;8.743373871;1.299452152;-0.006872228812;0.6785180569;0.9222530723;1
1.29356059;-4.067798615;1.593619823;8.805587769;1.301553975;-0.0190895237;0.6553052068;0.9491311312;1
1.295662413;-4.053441525;1.531406522;8.867800713;1.303655798;-0.03252854943;0.6308705807;0.9711222649;1
1.297764236;-3.986442566;1.469193101;8.958727837;1.305757673;-0.04230238497;0.608879447;0.9918916821;1
1.299866111;-3.876372576;1.363908887;9.073583603;1.307859496;-0.04963276163;0.5893318057;1.008995891;1
1.301967934;-3.713660717;1.268195987;9.202795982;1.309961319;-0.05940660089;0.5710058808;1.02243495;1
1.304069757;-3.527020693;1.153340459;9.260223389;1.312063194;-0.06673697382;0.5551233888;1.034652233;1
1.306171632;-3.364308596;1.048056364;9.3367939;1.314165017;-0.0740673542;0.5416843295;1.048091292;1
1.308273454;-3.225524902;0.9332008362;9.375079155;1.31626684;-0.07895427197;0.5258018374;1.0590868;1
1.310375277;-3.096312523;0.8422735929;9.451649666;1.318368715;-0.08628465235;0.5160280466;1.06886065;1
1.312477152;-2.995813847;0.7465606928;9.51386261;1.320470538;-0.08994983882;0.5062541962;1.077412724;1
1.314578975;-2.880958557;0.6460621357;9.54257679;1.322572361;-0.09239330143;0.4989238083;1.084743142;1
1.316680798;-2.790031195;0.5359922647;9.623932838;1.324674236;-0.09117157012;0.5001455545;1.093295217;1
1.318782673;-2.684746981;0.4259224236;9.7196455;1.326776059;-0.09117157012;0.5013672709;1.100625634;1
1.320884496;-2.579462767;0.3493520916;9.810572624;1.328877882;-0.08750637621;0.5050324798;1.107956052;1
1.322986319;-2.469393015;0.2584248483;9.915857315;1.330979704;-0.08139773458;0.5135845542;1.116508126;1
1.325088194;-2.359323025;0.1962114573;9.973284721;1.333081579;-0.0728456229;0.5221366882;1.123838425;1
1.327190017;-2.297109842;0.1196411327;10.06899738;1.335183402;-0.06307178736;0.5343539715;1.129947066;1
1.32929184;-2.201396942;0.06221338734;10.18385315;1.337285225;-0.04841103405;0.5465712547;1.134834051;1
1.331393663;-2.11046958;-0.0143569354;10.29392338;1.3393871;-0.03497200832;0.560010314;1.13849926;1
1.333495538;-2.01475668;-0.09092725813;10.45184898;1.341488923;-0.01420260593;0.5697841048;1.137277484;1
1.335597361;-1.899901152;-0.1866401732;10.55713367;1.343590746;0.005345067009;0.5881100893;1.134834051;1
1.337699184;-1.737189293;-0.2632105052;10.66720295;1.345692621;0.02855792828;0.6003273726;1.131168842;1
1.339801059;-1.569691658;-0.3589234054;10.748559;1.347794444;0.0542142503;0.6125446558;1.121394992;1
1.341902882;-1.349551916;-0.4354937077;10.82512951;1.349896267;0.08231402934;0.6223185062;1.107956052;1
1.344004704;-1.13419795;-0.5216353536;10.9112711;1.351998142;0.1104138121;0.6333140731;1.093295217;1
1.346106579;-0.9044869542;-0.6125625968;10.97348499;1.354099965;0.134848401;0.6430879235;1.077412724;1
1.348208402;-0.6939185858;-0.6747759581;11.02612686;1.356201788;0.1605047137;0.6540834904;1.060308576;1
1.350310225;-0.5264210105;-0.7226324677;11.05005455;1.358303663;0.1800523996;0.6626355648;1.044426084;1
1.3524121;-0.4115654826;-0.7417750359;10.94955635;1.360405486;0.1983783394;0.6736311316;1.029765248;1
1.354513923;-0.3206382394;-0.7226324677;10.82034397;1.362507309;0.2130390853;0.6834049821;1.018769741;1
1.356615746;-0.2775674164;-0.70348984;10.66720295;1.364609132;0.2228129357;0.6907353401;1.011439323;1
1.358717621;-0.2488535494;-0.6317051649;10.50927734;1.366711007;0.2313650399;0.6968439817;1.007774115;1
1.360819444;-0.2392822653;-0.5838487148;10.32742214;1.368812829;0.2362519503;0.7029526234;1.006552458;1
1.362921267;-0.3062812984;-0.4977070987;10.15992451;1.370914652;0.2374736816;0.710283041;1.008995891;1
1.36502309;-0.3445664644;-0.4307080805;10.01635551;1.373016527;0.2338084877;0.7151699662;1.015104532;1
1.367124965;-0.4067798555;-0.3302095234;9.863214493;1.37511835;0.2264781147;0.717613399;1.023656607;1
1.369226788;-0.4737788737;-0.2297109663;9.671789169;1.377220173;0.2167042792;0.7212786078;1.035874009;1
1.371328611;-0.5072783828;-0.1196411327;9.451649666;1.379322048;0.2069304436;0.7225003242;1.046869516;1
1.373430486;-0.5024927258;0.009571290575;9.279366493;1.381423871;0.1934914142;0.7200568318;1.057865024;1
1.375532309;-0.4546363056;0.1196411327;9.154939651;1.383525746;0.1763872057;0.7151699662;1.070082426;1
1.377634132;-0.3684946895;0.2440679073;9.054440498;1.385627569;0.1592829973;0.710283041;1.082299709;1
1.379736007;-0.2775674164;0.3206382394;8.949156761;1.387729392;0.1397353113;0.7053961158;1.094516993;1
1.381837829;-0.1866401732;0.3732803464;8.84387207;1.389831215;0.1165224537;0.6956222653;1.109177709;1
1.383939704;-0.1196411327;0.4307080805;8.748159409;1.39193309;0.09453132749;0.6882919073;1.123838425;1
1.386041527;-0.09571290761;0.4642075896;8.652446747;1.394034913;0.07009673119;0.6760746241;1.140942693;1
1.38814335;-0.09571290761;0.4929214716;8.599804878;1.396136736;0.04688387364;0.6626355648;1.159268618;1
1.390245173;-0.1100698411;0.5072783828;8.571090698;1.398238611;0.02367101051;0.651639998;1.176372886;1
1.392347048;-0.1148554832;0.5359922647;8.561519623;1.400340434;0.0016798781;0.6345357895;1.194698811;1
1.394448871;-0.1196411327;0.5407779217;8.590232849;1.402442257;-0.01786779426;0.6235402226;1.211802959;1
1.396550694;-0.06699903309;0.5551348329;8.657232285;1.404544132;-0.0374154672;0.610101223;1.227685452;1
1.398652569;0.004785645287;0.5599204898;8.743373871;1.406645954;-0.05207622424;0.6003273726;1.243567944;1
1.400754392;0.09571290761;0.5551348329;8.834300995;1.408747777;-0.06551524997;0.5942187309;1.258228779;1
1.402856215;0.2105683982;0.5168496966;8.90130043;1.410849652;-0.07651081681;0.5893318057;1.269224286;1
1.40495809;0.3110669553;0.4546363056;8.997013092;1.412951475;-0.08506292105;0.5893318057;1.282663345;1
1.407059913;0.4067798555;0.3732803464;9.073583603;1.415053298;-0.08872810751;0.5893318057;1.292437196;1
1.409161736;0.5264210105;0.3206382394;9.17886734;1.417155121;-0.08872810751;0.5917752385;1.30098927;1
1.411263611;0.6556333899;0.2440679073;9.312865257;1.419256996;-0.08506292105;0.601549089;1.307097912;1
1.413365434;0.7896314859;0.1914258152;9.427721024;1.421358819;-0.07895427197;0.6052142978;1.309541345;1
1.415467257;0.9619147182;0.1387837082;9.590433121;1.423460642;-0.07040216774;0.6149880886;1.313206553;1
1.417569079;1.148554921;0.09092725813;9.757930756;1.425562517;-0.06185005978;0.6210967898;1.313206553;1
1.419670954;1.292124271;0.05264209956;9.915857315;1.42766434;-0.05207622424;0.6333140731;1.313206553;1
1.421772777;1.426122308;-0.0239282269;10.01635551;1.429766215;-0.0374154672;0.6491965652;1.311984777;1
1.4238746;1.564906001;-0.06221338734;10.06421185;1.431868038;-0.02764163166;0.6638572812;1.308319688;1
1.425976475;1.708475351;-0.1196411327;10.08335495;1.433969861;-0.01420260593;0.6858484149;1.302211046;1
1.428078298;1.861616015;-0.1579262912;10.05464077;1.436071684;-0.004428769462;0.7115047574;1.294880629;1
1.430180173;2.019542217;-0.2057827413;9.987641335;1.438173559;0.002901607659;0.7396045327;1.285106778;1
1.432281996;2.182254314;-0.2392822653;9.920642853;1.440275382;0.0126754446;0.7762564421;1.275332928;1
1.434383819;2.368894339;-0.2727817893;9.824930191;1.442377204;0.02367101051;0.8092431426;1.265559077;1
1.436485642;2.569891453;-0.2632105052;9.74835968;1.444479079;0.03100138716;0.8397863507;1.255785227;1
1.438587517;2.756531715;-0.2775674164;9.724431038;1.446580902;0.04199695215;0.8752164841;1.243567944;1
1.44068934;2.933600664;-0.2632105052;9.69093132;1.448682725;0.04932733253;0.903316319;1.232572436;1
1.442791163;3.081955671;-0.2536391914;9.652647018;1.450784548;0.05543597788;0.9289726019;1.220355153;1
1.444893038;3.239881754;-0.2344966233;9.600004196;1.452886423;0.06276635826;0.9509637356;1.206916094;1
1.446994861;3.37387991;-0.2344966233;9.552147865;1.454988246;0.06520981342;0.9692896605;1.193477035;1
1.449096684;3.488735437;-0.2057827413;9.528220177;1.457090069;0.06520981342;0.9863939285;1.176372886;1
1.451198507;3.617947817;-0.2009970993;9.418149948;1.459191944;0.06276635826;0.9973894954;1.156825185;1
1.453300382;3.775874138;-0.1914258152;9.303294182;1.461293767;0.05665770918;1.012050271;1.136055827;1
1.455402204;3.972085476;-0.1674975902;9.169296265;1.46339559;0.04444041103;1.020602345;1.112842917;1
1.457504027;4.187439442;-0.1483550072;9.03051281;1.465497465;0.02855792828;1.027932763;1.088408351;1
1.459605902;4.321437836;-0.1531406492;8.891729355;1.467599288;0.01145371422;1.034041405;1.066417217;1
1.461707725;4.445864677;-0.1579262912;8.733802795;1.469701111;-0.01175914705;1.041371703;1.041982651;1
1.463809548;4.541577339;-0.1722832322;8.590232849;1.471802986;-0.04108065739;1.047480345;1.018769741;1
1.465911423;4.61814785;-0.1531406492;8.451449394;1.473904809;-0.0728456229;1.05236733;0.995556891;1
1.468013246;4.670789719;-0.1627119333;8.231309891;1.476006632;-0.1046105921;1.057254195;0.9772309065;1
1.470115069;4.689932346;-0.1722832322;8.030312538;1.478108507;-0.1363755614;1.063362837;0.9564615488;1
1.472216944;4.656432629;-0.1722832322;7.934599876;1.480210329;-0.1669187993;1.063362837;0.9369138479;1
1.474318767;4.613361835;-0.2009970993;7.905886173;1.482312152;-0.2011272311;1.063362837;0.9222530723;1
1.47642059;4.584648132;-0.1818545163;7.96331358;1.484413975;-0.2292270064;1.054810762;0.910035789;1
1.478522465;4.512863636;-0.1722832322;8.044670105;1.48651585;-0.2548833191;1.040150046;0.9002619982;1
1.480624288;4.421936035;-0.1722832322;8.145168304;1.488617673;-0.2768744528;1.018158913;0.895375073;1
1.482726111;4.287938118;-0.1722832322;8.317451477;1.490719496;-0.2988655865;0.9912807941;0.8941532969;1
1.484827934;4.125226021;-0.1674975902;8.508877754;1.492821371;-0.3135263622;0.9644027948;0.8965967894;1
1.486929809;3.909872293;-0.1818545163;8.791230202;1.494923194;-0.3233001828;0.9314160943;0.9039271474;1
1.489031632;3.684946775;-0.1818545163;9.044869423;1.497025017;-0.3306305707;0.8996511102;0.9112575054;1
1.491133454;3.445664644;-0.1770688742;9.293723106;1.499126892;-0.3318522871;0.8642209172;0.9222530723;1
1.493235329;3.235096216;-0.1914258152;9.561718941;1.501228715;-0.3318522871;0.8287907839;0.9332486391;1
1.495337152;3.048455954;-0.2009970993;9.844072342;1.503330538;-0.3294088244;0.7958040833;0.945465982;1
1.497438975;2.919243574;-0.1962114573;10.07856941;1.505432413;-0.3245218992;0.7628173828;0.9564615488;1
1.49954085;2.871387243;-0.2201396823;10.30827999;1.507534236;-0.3184132576;0.7310523987;0.9674571157;1
1.501642673;2.880958557;-0.2344966233;10.45184898;1.509636059;-0.3098611534;0.6944005489;0.9747874737;1
1.503744496;2.947957516;-0.2919243574;10.53320503;1.511737934;-0.3000873327;0.6650790572;0.9796743989;1
1.505846371;3.00538516;-0.3445664644;10.59063339;1.513839757;-0.2890917659;0.6467530727;0.9796743989;1
1.507948194;3.120240688;-0.4307080805;10.71984577;1.515941579;-0.2842048407;0.6308705807;0.9772309065;1
1.510050017;3.297309637;-0.5216353536;10.80598736;1.518043402;-0.2732092738;0.6186532974;0.9723440409;1
1.512151892;3.488735437;-0.5790630579;10.73420238;1.520145277;-0.265878886;0.6113229394;0.9637919068;1
1.514253715;3.665804386;-0.6556333899;10.66720295;1.5222471;-0.258548528;0.6064360142;0.95279634;1
1.516355538;3.804588079;-0.6699903607;10.62891865;1.524348975;-0.2512181401;0.6003273726;0.9393573403;1
1.518457361;3.967299938;-0.6891329288;10.64327526;1.526450798;-0.2463312149;0.5954404473;0.9234748483;1
1.520559236;4.177868366;-0.7226324677;10.66241741;1.528552621;-0.2414443046;0.5966621637;0.9063706398;1
1.522661059;4.350151539;-0.7274180651;10.60020447;1.530654444;-0.2365573794;0.5966621637;0.8856012225;1
1.524762934;4.522434711;-0.7417750359;10.55713367;1.532756319;-0.2292270064;0.5991056561;0.8648318052;1
1.526864757;4.675575256;-0.7465606928;10.55234814;1.534858142;-0.2206749022;0.6027708054;0.8403972387;1
1.528966579;4.828716278;-0.756131947;10.52841949;1.536959965;-0.2109010667;0.6113229394;0.8159626126;1
1.531068402;4.962714195;-0.7704889178;10.56191921;1.539061788;-0.1974620372;0.6210967898;0.7866411209;1
1.533170277;5.111069202;-0.7752745152;10.59541893;1.541163663;-0.1864664704;0.6345357895;0.7573196292;1
1.5352721;5.197210789;-0.7657032609;10.61934662;1.543265486;-0.1754709035;0.6479747891;0.7292198539;1
1.537373923;5.249852657;-0.756131947;10.62891865;1.545367361;-0.1608101577;0.6614138484;0.6974548697;1
1.539475746;5.288137913;-0.7465606928;10.66720295;1.547469184;-0.1461493969;0.6724094152;0.666911602;1
1.541577621;5.283352375;-0.7226324677;10.68156052;1.549571007;-0.1327103674;0.6858484149;0.6363683939;1
1.543679444;5.235496044;-0.7178468108;10.7054882;1.551672829;-0.1204930767;0.6992874742;0.6058251262;1
1.545781319;5.230710506;-0.708275497;10.78684425;1.553774704;-0.1070540547;0.7078395486;0.575281918;1
1.547883142;5.197210789;-0.6939185858;10.80598736;1.555876527;-0.09483675659;0.7151699662;0.5484038591;1
1.549984965;5.120640278;-0.6556333899;10.78684425;1.557978402;-0.08506292105;0.7200568318;0.5227475166;1
1.552086788;5.044070244;-0.6604190469;10.76291656;1.560080225;-0.07528908551;0.7249437571;0.5007563829;1
1.554188663;4.886143684;-0.6125625968;10.75334454;1.562182048;-0.06795870513;0.7249437571;0.4799869955;1
1.556290486;4.718646049;-0.6125625968;10.7677021;1.564283871;-0.06185005978;0.7261655331;0.4616610706;1
1.558392361;4.546362877;-0.5982056856;10.78684425;1.566385746;-0.05329795182;0.7237220407;0.4445568323;1
1.560494184;4.402793884;-0.5503492355;10.78684425;1.568487569;-0.04718930274;0.7237220407;0.4274526238;1
1.562596007;4.249652863;-0.4977070987;10.81555843;1.570589444;-0.04352411628;0.7200568318;0.4140135944;1
1.564697829;4.130012035;-0.4450650215;10.80120182;1.572691215;-0.04352411628;0.7151699662;0.3993528485;1
1.566799704;4.029513359;-0.4019941986;10.82991505;1.57479309;-0.0374154672;0.709061265;0.3883572817;1
1.568901527;3.933800459;-0.3732803464;10.80120182;1.576894913;-0.03130681813;0.6980656981;0.3749182522;1
1.571003402;3.823730469;-0.3110669553;10.71984577;1.578996788;-0.02519817278;0.6882919073;0.3614792228;1
1.573105173;3.694518089;-0.2727817893;10.73420238;1.581098611;-0.02519817278;0.6760746241;0.3492619395;1
1.575207048;3.646661758;-0.2440679073;10.80598736;1.583200434;-0.02153298259;0.6626355648;0.3358229101;1
1.577308871;3.603590965;-0.2153540403;10.79641533;1.585302257;-0.02153298259;0.6491965652;0.3236056268;1
1.579410746;3.550948858;-0.1674975902;10.71984577;1.587404132;-0.02397644334;0.6320923567;0.3138317764;1
1.581512569;3.464807272;-0.1196411327;10.62413216;1.589505954;-0.02641990222;0.6162098646;0.3052796721;1
1.583614392;3.349951744;-0.08614161611;10.5475626;1.591607777;-0.03008509055;0.5966621637;0.2967275679;1
1.585716215;3.211168051;-0.05264209956;10.53320503;1.593709652;-0.03497200832;0.5820014477;0.2881754637;1
1.58781809;3.048455954;-0.01914258115;10.52841949;1.595811475;-0.03985892609;0.5685623884;0.2820668221;1
1.589919913;2.928814888;0.03349951655;10.49970531;1.59791335;-0.04841103405;0.55145818;0.2747364342;1
1.592021736;2.823530674;0.07178468257;10.44706345;1.600015173;-0.0557414107;0.5367974043;0.269849509;1
1.594123611;2.723032236;0.08614161611;10.37049294;1.602116996;-0.05940660089;0.517249763;0.262519151;1
1.596225434;2.603390932;0.1435693651;10.33220863;1.604218871;-0.06795870513;0.4977020919;0.2588539422;1
1.598327309;2.517249346;0.2009970993;10.34177971;1.606320694;-0.07773254067;0.4720457494;0.2539670467;1
1.600429132;2.464607239;0.2344966233;10.38006496;1.608422517;-0.08506292105;0.4427242577;0.2478583902;1
1.602530954;2.39760828;0.2584248483;10.3657074;1.61052434;-0.09605848789;0.4121810198;0.2441931963;1
1.604632829;2.306680918;0.2727817893;10.33220863;1.612626215;-0.1058323234;0.3791943192;0.2393062711;1
1.606734652;2.215753794;0.2967100143;10.30349445;1.614728038;-0.1192713454;0.3437641561;0.2344193608;1
1.608836475;2.153540373;0.2871387303;10.30349445;1.616829861;-0.1302669197;0.3071122766;0.2270889878;1
1.610938298;2.0769701;0.2871387303;10.29392338;1.618931736;-0.1412624866;0.2729038298;0.2185368687;1
1.613040173;2.072184324;0.2967100143;10.29870892;1.621033559;-0.1522580534;0.235030219;0.2099847645;1
1.615141996;2.072184324;0.3158525825;10.29870892;1.623135382;-0.1644753367;0.2032652497;0.1989891976;1
1.617243819;2.105684042;0.3062812984;10.30827999;1.625237204;-0.1742491722;0.1702785641;0.1892153621;1
1.619345694;2.129612207;0.3014956415;10.32742214;1.627339079;-0.1852447391;0.1397353113;0.1782197952;1
1.621447517;2.096112728;0.3302095234;10.30349445;1.629440902;-0.1962403059;0.1079703495;0.1672242284;1
1.62354934;2.038684845;0.3349951804;10.31785107;1.631542725;-0.2047924101;0.07620538026;0.1574503928;1
1.625651163;1.986042738;0.3158525825;10.36092186;1.6336446;-0.2084576041;0.04688387364;0.1452330947;1
1.627753038;1.947757602;0.3206382394;10.47577763;1.635746423;-0.212122798;0.01634063199;0.1330158114;1
1.629854861;1.909472466;0.3302095234;10.55234814;1.637848246;-0.2133445293;-0.01542433538;0.1232419685;1
1.631956684;1.880758643;0.3062812984;10.59063339;1.639950121;-0.2182314396;-0.04230238497;0.1098029464;1
1.634058559;1.842473388;0.2871387303;10.63370419;1.642051944;-0.2170097083;-0.06673697382;0.0988073796;1
1.636160382;1.818545222;0.2775674164;10.67677498;1.644153767;-0.2145662606;-0.08750637621;0.08781181276;1
1.638262204;1.775474429;0.2823530734;10.71027374;1.646255642;-0.2096793354;-0.1046105921;0.07803797722;1
1.640364079;1.732403636;0.2679961324;10.78205872;1.648357465;-0.2047924101;-0.1168278903;0.07070759684;1
1.642465902;1.684547186;0.2679961324;10.82034397;1.650459288;-0.1962403059;-0.1229365394;0.06459894776;1
1.644567725;1.622333765;0.3158525825;10.88255692;1.652561163;-0.1913533956;-0.1278234571;0.05971203372;1
1.6466696;1.555334687;0.3541377485;10.89212894;1.654662986;-0.1852447391;-0.131488651;0.05849030241;1
1.648771423;1.473978758;0.3924229145;10.94477081;1.656764809;-0.1742491722;-0.131488651;0.05971203372;1
1.650873246;1.35912323;0.4402793646;10.95434189;1.658866632;-0.162031889;-0.1302669197;0.0621554926;1
1.652975121;1.225125194;0.4833501875;10.95434189;1.660968507;-0.1510363221;-0.1302669197;0.06459894776;1
1.655076944;1.0863415;0.5359922647;11.00219822;1.663070329;-0.1363755614;-0.1290451884;0.06704241037;1
1.657178767;1.004985452;0.5982056856;11.06919765;1.665172152;-0.1229365394;-0.1278234571;0.06948586553;1
1.65928059;0.9236295223;0.6221339107;11.11705399;1.667274027;-0.1119409725;-0.1266017258;0.07315105945;1
1.661382465;0.8709874153;0.6604190469;11.15533924;1.66937585;-0.1009454057;-0.121714808;0.07681624591;1
1.663484288;0.8039883971;0.6987041831;11.16969585;1.671477673;-0.08872810751;-0.1229365394;0.07925970852;1
1.665586111;0.7369893789;0.70348984;11.17448139;1.673579548;-0.07651081681;-0.1290451884;0.08414662629;1
1.667687986;0.6891329288;0.7417750359;11.12183952;1.675681371;-0.06795870513;-0.1327103674;0.08659008145;1
1.669789809;0.6173482537;0.756131947;11.09312534;1.677783194;-0.06185005978;-0.1363755614;0.09025526792;1
1.671891632;0.5407779217;0.784845829;11.10269737;1.679885017;-0.05696314201;-0.1412624866;0.09269873053;1
1.673993507;0.4929214716;0.8087740541;11.05484104;1.681986892;-0.0557414107;-0.1461493969;0.09636391699;1
1.676095329;0.4402793646;0.8183453679;10.95434189;1.684088715;-0.05696314201;-0.1559232324;0.0975856483;1
1.678197152;0.4211367965;0.837487936;10.88255692;1.68619059;-0.05818486959;-0.1681405306;0.1000291109;1
1.680298975;0.3876372576;0.8614161611;10.82034397;1.688292413;-0.06307178736;-0.1791360974;0.1036942974;1
1.68240085;0.3349951804;0.8757730722;10.74377346;1.690394236;-0.07040216774;-0.1913533956;0.1061377525;1
1.684502673;0.2632105052;0.8997012973;10.66720295;1.692496059;-0.08017600328;-0.2072358727;0.1085812151;1
1.686604548;0.2201396823;0.9044869542;10.61456108;1.694597934;-0.08994983882;-0.2243400961;0.1110246703;1
1.688706371;0.1770688742;0.9188438654;10.58106136;1.696699757;-0.1009454057;-0.2438877672;0.1122464016;1
1.690808194;0.1531406492;0.9188438654;10.52841949;1.698801632;-0.1107192412;-0.2671006322;0.1146898642;1
1.692910017;0.1435693651;0.9523434043;10.49970531;1.700903454;-0.121714808;-0.2927569449;0.1159115955;1
1.695011892;0.1148554832;0.9571290612;10.47099209;1.703005277;-0.1302669197;-0.315969795;0.1171333194;1
1.697113715;0.08614161611;0.9858429432;10.45663452;1.7051071;-0.1412624866;-0.3404043913;0.119576782;1
1.69921559;0.0765703246;0.9906286001;10.44227791;1.707208975;-0.1522580534;-0.3660607338;0.1183550507;1
1.701317413;0.03349951655;0.9858429432;10.41356373;1.709310798;-0.1693622619;-0.3917170465;0.119576782;1
1.703419236;0.009571290575;0.9762716293;10.39442158;1.711412673;-0.1840230078;-0.4185950756;0.1183550507;1
1.705521059;-0.009571290575;0.9906286001;10.32742214;1.713514496;-0.2011272311;-0.4454731345;0.1183550507;1
1.707622934;-0.01914258115;0.9858429432;10.25085258;1.715616319;-0.2133445293;-0.4699077308;0.1207985133;1
1.709724757;-0.01914258115;0.9954141974;10.21256733;1.717718142;-0.2267835438;-0.4931205809;0.119576782;1
1.711826632;-0.05264209956;0.9667003751;10.14078236;1.719820017;-0.2341139317;-0.5163334608;0.1183550507;1
1.713928454;-0.07178468257;0.9523434043;10.18863869;1.72192184;-0.239000842;-0.5346593857;0.119576782;1
1.716030277;-0.06221338734;0.8997012973;10.32742214;1.724023663;-0.2451094985;-0.5456549525;0.1207985133;1
1.7181321;-0.06699903309;0.8853443861;10.39442158;1.726125486;-0.2463312149;-0.555428803;0.1207985133;1
1.720233975;-0.08135596663;0.8518448472;10.43270683;1.728227361;-0.2475529462;-0.5603157282;0.119576782;1
1.722335798;-0.08614161611;0.8327022791;10.46142101;1.730329184;-0.2438877672;-0.562759161;0.119576782;1
1.724437621;-0.06699903309;0.7992027402;10.52363396;1.732431007;-0.2402225733;-0.562759161;0.119576782;1
1.726539444;-0.04785645381;0.7896314859;10.57627583;1.734532882;-0.2304487377;-0.5603157282;0.119576782;1
1.728641319;-0.06699903309;0.7657032609;10.64327526;1.736634704;-0.2206749022;-0.555428803;0.1207985133;1
1.730743142;-0.06221338734;0.7465606928;10.68634605;1.738736527;-0.2072358727;-0.5517635942;0.1232419685;1
1.732844965;-0.06221338734;0.7226324677;10.7677021;1.740838402;-0.1925751269;-0.5480984449;0.1244636998;1
1.73494684;-0.1100698411;0.70348984;10.84427261;1.742940225;-0.1766926348;-0.5383245945;0.1281288862;1
1.737048663;-0.1435693651;0.6699903607;10.90648556;1.745042048;-0.1595884264;-0.5297724605;0.1293506175;1
1.739150486;-0.1531406492;0.6699903607;10.9304142;1.747143871;-0.1437059343;-0.5187768936;0.1293506175;1
1.741252361;-0.1579262912;0.6412764788;10.94955635;1.749245746;-0.1253799945;-0.5090031028;0.1293506175;1
1.743354184;-0.08614161611;0.6460621357;10.96869946;1.751347569;-0.1082757786;-0.4992292523;0.1293506175;1
1.745456007;-0.01914258115;0.6221339107;10.94477081;1.753449444;-0.09361502528;-0.4857902229;0.1256854236;1
1.747557829;0.06699903309;0.5934200287;10.91605663;1.755551267;-0.08017600328;-0.4711294472;0.1220202371;1
1.749659704;0.1292124242;0.5790630579;10.83948612;1.75765309;-0.06795870513;-0.4564687014;0.1159115955;1
1.751761527;0.2105683982;0.5455635786;10.75813103;1.759754913;-0.05940660089;-0.4430296719;0.1098029464;1
1.753863402;0.2823530734;0.5312066078;10.68634605;1.761856788;-0.04841103405;-0.4259254634;0.1012508348;1
1.755965225;0.3780659735;0.5168496966;10.59063339;1.763958611;-0.03985892609;-0.4149298966;0.09025526792;1
1.758067048;0.4642075896;0.4881358147;10.51406288;1.766060434;-0.03619373962;-0.4027126133;0.07925970852;1
1.760168871;0.5359922647;0.4881358147;10.45184898;1.768162257;-0.03252854943;-0.3917170465;0.06704241037;1
1.762270746;0.5886343718;0.4785645306;10.37049294;1.770264132;-0.02886336111;-0.3819431961;0.05604684353;1
1.764372569;0.6317051649;0.4642075896;10.27956581;1.772365954;-0.02764163166;-0.3721693754;0.0426078178;1
1.766474392;0.6891329288;0.4211367965;10.15992451;1.774467829;-0.02886336111;-0.3648389876;0.02916879393;1
1.768576215;0.7369893789;0.4259224236;10.08814049;1.7765696;-0.03130681813;-0.3562868834;0.0157297682;1
1.77067809;0.756131947;0.4259224236;9.987641335;1.778671475;-0.03497200832;-0.3477347791;0.00351247238;1
1.772779913;0.7752745152;0.4259224236;9.887143135;1.780773298;-0.04108065739;-0.3404043913;-0.007483093534;1
1.774881788;0.7800601721;0.4259224236;9.796216011;1.782875121;-0.04474584386;-0.3330740333;-0.01603520103;1
1.776983559;0.7657032609;0.4402793646;9.700503349;1.784976996;-0.04963276163;-0.3220784664;-0.02458730713;1
1.779085434;0.708275497;0.4450650215;9.619147301;1.787078871;-0.05696314201;-0.312304616;-0.03313941509;1
1.781187257;0.6939185858;0.4498506486;9.609575272;1.789180694;-0.06062832847;-0.3025307953;-0.03802633286;1
1.783289079;0.6221339107;0.4881358147;9.590433121;1.791282517;-0.06307178736;-0.2866483033;-0.04046979174;1
1.785390954;0.5455635786;0.5359922647;9.57129097;1.793384392;-0.06551524997;-0.2732092738;-0.04413498193;1
1.787492829;0.4546363056;0.5742774606;9.556933403;1.795486215;-0.06429351866;-0.2597702444;-0.04413498193;1
1.789594652;0.3780659735;0.6077769399;9.556933403;1.797588038;-0.06673697382;-0.2426660359;-0.04291325063;1
1.791696475;0.3014956415;0.6364908218;9.566504478;1.799689861;-0.06551524997;-0.231670469;-0.04291325063;1
1.79379835;0.2201396823;0.6556333899;9.590433121;1.801791736;-0.06551524997;-0.2182314396;-0.04046979174;1
1.795900173;0.1722832322;0.679561615;9.600004196;1.803893559;-0.06062832847;-0.2096793354;-0.03802633286;1
1.798001996;0.1196411327;0.6987041831;9.643074989;1.805995382;-0.05940660089;-0.1974620372;-0.03558287397;1
1.800103819;0.05742774159;0.70348984;9.638289452;1.808097257;-0.05451968312;-0.188909933;-0.03436114267;1
1.802205694;0.009571290575;0.708275497;9.667003632;1.810199079;-0.04841103405;-0.1766926348;-0.03069595434;1
1.804307517;-0.01914258115;0.6987041831;9.676574707;1.812300902;-0.04596757516;-0.1718057245;-0.02825249545;1
1.80640934;-0.0382851623;0.7130611539;9.676574707;1.814402725;-0.04352411628;-0.1681405306;-0.02580903657;1
1.808511215;-0.0382851623;0.679561615;9.69093132;1.816504548;-0.03985892609;-0.162031889;-0.02336557768;1
1.810613038;-0.04307080805;0.6891329288;9.671789169;1.818606423;-0.03985892609;-0.158366695;-0.02214384824;1
1.812714861;-0.03349951655;0.6699903607;9.69093132;1.820708298;-0.04230238497;-0.1510363221;-0.02336557768;1
1.814816684;-0.04785645381;0.6364908218;9.686145782;1.822810121;-0.04474584386;-0.1473711282;-0.02214384824;1
1.816918507;-0.07178468257;0.626919508;9.647860527;1.824911944;-0.04841103405;-0.1461493969;-0.02214384824;1
1.819020382;-0.07178468257;0.626919508;9.604789734;1.827013767;-0.05451968312;-0.1449276656;-0.02214384824;1
1.821122257;-0.04307080805;0.6221339107;9.533005714;1.82911559;-0.06307178736;-0.1449276656;-0.02336557768;1
1.823224079;-0.01914258115;0.6221339107;9.480362892;1.831217465;-0.07040216774;-0.1473711282;-0.02336557768;1
1.825325902;-0.0143569354;0.6317051649;9.408578873;1.833319288;-0.07773254067;-0.1473711282;-0.02580903657;1
1.827427725;-0.0239282269;0.6364908218;9.360722542;1.835421111;-0.08750637621;-0.1498145908;-0.02703076601;1
1.829529548;-0.02871387079;0.6460621357;9.327222824;1.837522986;-0.09483675659;-0.1473711282;-0.02825249545;1
1.831631423;-0.06221338734;0.6317051649;9.332008362;1.839624809;-0.1033888608;-0.142484203;-0.03069595434;1
1.833733246;-0.08135596663;0.6029912829;9.346364975;1.841726632;-0.1070540547;-0.138819024;-0.03069595434;1
1.835835069;-0.09571290761;0.6125625968;9.346364975;1.843828507;-0.1143844277;-0.1339320987;-0.03191768378;1
1.837936944;-0.09092725813;0.6412764788;9.36550808;1.845930329;-0.115606159;-0.131488651;-0.03069595434;1
1.840038767;-0.1148554832;0.6556333899;9.38465023;1.848032152;-0.1180496216;-0.1253799945;-0.02825249545;1
1.84214059;-0.1244267747;0.6939185858;9.427721024;1.850134027;-0.121714808;-0.121714808;-0.0294742249;1
1.844242465;-0.1722832322;0.708275497;9.470791817;1.85223585;-0.1192713454;-0.1168278903;-0.02580903657;1
1.846344288;-0.2249253243;0.7130611539;9.518648148;1.854337725;-0.1180496216;-0.1094975099;-0.02336557768;1
1.848446111;-0.2679961324;0.7226324677;9.533005714;1.856439496;-0.1192713454;-0.1046105921;-0.01970038936;1
1.850547986;-0.3158525825;0.7178468108;9.556933403;1.858541371;-0.115606159;-0.1033888608;-0.01725693047;1
1.852649809;-0.3445664644;0.708275497;9.580862045;1.860643194;-0.1131627038;-0.0972802192;-0.01481347065;1
1.854751684;-0.3732803464;0.679561615;9.604789734;1.862745017;-0.1107192412;-0.08750637621;-0.01237001177;1
1.856853454;-0.3637090325;0.6652047038;9.638289452;1.864846892;-0.1107192412;-0.08017600328;-0.01237001177;1
1.858955329;-0.3732803464;0.6364908218;9.619147301;1.866948715;-0.1082757786;-0.07040216774;-0.01237001177;1
1.861057152;-0.3541377485;0.6173482537;9.580862045;1.869050538;-0.1070540547;-0.06429351866;-0.01359174121;1
1.863158975;-0.3158525825;0.6077769399;9.528220177;1.871152413;-0.1082757786;-0.05696314201;-0.01481347065;1
1.86526085;-0.2536391914;0.6029912829;9.504291534;1.873254236;-0.1082757786;-0.05085449293;-0.01603520103;1
1.867362673;-0.2057827413;0.5982056856;9.485149384;1.875356059;-0.1107192412;-0.04596757516;-0.01970038936;1
1.869464496;-0.1531406492;0.5838487148;9.437292099;1.877457934;-0.115606159;-0.03985892609;-0.02214384824;1
1.871566371;-0.1531406492;0.5694918036;9.427721024;1.879559757;-0.1168278903;-0.0374154672;-0.02458730713;1
1.873668194;-0.1483550072;0.5599204898;9.370293617;1.881661632;-0.121714808;-0.0374154672;-0.02703076601;1
1.875770017;-0.1435693651;0.5168496966;9.332008362;1.883763454;-0.1266017258;-0.03375028074;-0.03069595434;1
1.877871892;-0.1531406492;0.5072783828;9.322437286;1.885865277;-0.1339320987;-0.03619373962;-0.03558287397;1
1.879973715;-0.1531406492;0.4642075896;9.30807972;1.8879671;-0.138819024;-0.0374154672;-0.03924806044;1
1.88207559;-0.1579262912;0.4307080805;9.284152031;1.890068975;-0.1461493969;-0.0374154672;-0.04291325063;1
1.884177413;-0.1435693651;0.4115654826;9.274580956;1.892170798;-0.1473711282;-0.0374154672;-0.04535670951;1
1.886279236;-0.1483550072;0.3828516304;9.279366493;1.894272621;-0.1534797698;-0.03863719851;-0.04657844082;1
1.888381059;-0.1674975902;0.3828516304;9.274580956;1.896374444;-0.158366695;-0.04108065739;-0.04657844082;1
1.890482934;-0.2105683982;0.3876372576;9.312865257;1.898476319;-0.165697068;-0.04474584386;-0.04657844082;1
1.892584757;-0.2488535494;0.3972085714;9.303294182;1.900578142;-0.1681405306;-0.04841103405;-0.04291325063;1
1.894686579;-0.2871387303;0.4211367965;9.317651749;1.902680017;-0.1730274558;-0.0557414107;-0.03924806044;1
1.896788402;-0.3349951804;0.4450650215;9.317651749;1.90478184;-0.1779143661;-0.0557414107;-0.03680460155;1
1.898890277;-0.3541377485;0.4450650215;9.30807972;1.906883663;-0.1852447391;-0.05818486959;-0.03191768378;1
1.9009921;-0.3828516304;0.4642075896;9.298508644;1.908985538;-0.188909933;-0.06062832847;-0.0294742249;1
1.903093975;-0.4019941986;0.4546363056;9.298508644;1.911087361;-0.1901316643;-0.06307178736;-0.02458730713;1
1.905195798;-0.4115654826;0.4211367965;9.322437286;1.913189184;-0.1925751269;-0.06185005978;-0.01970038936;1
1.907297621;-0.4211367965;0.4163511395;9.360722542;1.915291059;-0.1937968582;-0.06429351866;-0.01603520103;1
1.909399496;-0.4259224236;0.4115654826;9.394221306;1.917392882;-0.1925751269;-0.06918043643;-0.009926552884;1
1.911501319;-0.4163511395;0.3924229145;9.44207859;1.919494704;-0.1925751269;-0.07162389904;-0.005039634649;1
1.913603142;-0.4163511395;0.3780659735;9.489934921;1.921596527;-0.1913533956;-0.07895427197;-0.0001527161949;1
1.915705017;-0.4354937077;0.3445664644;9.533005714;1.923698402;-0.188909933;-0.08506292105;0.00351247238;1
1.91780684;-0.4354937077;0.3302095234;9.590433121;1.925800225;-0.1840230078;-0.09239330143;0.007177661173;1
1.919908663;-0.4163511395;0.3158525825;9.643074989;1.9279021;-0.1828012913;-0.1009454057;0.008399390616;1
1.922010486;-0.4067798555;0.2871387303;9.700503349;1.930003871;-0.1803578287;-0.1046105921;0.01206457894;1
1.924112361;-0.3780659735;0.2775674164;9.695717812;1.932105746;-0.1779143661;-0.1094975099;0.01328630932;1
1.926214184;-0.3397808075;0.2584248483;9.710074425;1.934207569;-0.1742491722;-0.1107192412;0.01450803876;1
1.928316059;-0.3445664644;0.2392822653;9.734002113;1.936309392;-0.1754709035;-0.115606159;0.0157297682;1
1.930417829;-0.3206382394;0.2297109663;9.729216576;1.938411267;-0.1742491722;-0.1204930767;0.0157297682;1
1.932519704;-0.3062812984;0.2153540403;9.700503349;1.94051309;-0.1730274558;-0.1241582632;0.0157297682;1
1.934621527;-0.2536391914;0.2105683982;9.710074425;1.942614913;-0.1742491722;-0.1278234571;0.01328630932;1
1.93672335;-0.2105683982;0.2105683982;9.686145782;1.944716788;-0.1779143661;-0.131488651;0.008399390616;1
1.938825225;-0.1387837082;0.1962114573;9.681360245;1.946818611;-0.18157956;-0.1363755614;0.00351247238;1
1.940927048;-0.05264209956;0.1818545163;9.643074989;1.948920434;-0.1864664704;-0.1412624866;-0.005039634649;1
1.943028871;0.02871387079;0.1627119333;9.580862045;1.951022309;-0.188909933;-0.1400407553;-0.01359174121;1
1.945130746;0.1339980662;0.1818545163;9.504291534;1.953124132;-0.1925751269;-0.1375972927;-0.02214384824;1
1.947232569;0.2201396823;0.1674975902;9.499505997;1.955226007;-0.1962403059;-0.1363755614;-0.03069595434;1
1.949334392;0.2727817893;0.1722832322;9.475577354;1.957327777;-0.1999054998;-0.131488651;-0.03802633286;1
1.951436267;0.2823530734;0.1579262912;9.494720459;1.959429652;-0.1986837685;-0.1253799945;-0.04291325063;1
1.95353809;0.2584248483;0.1292124242;9.518648148;1.961531475;-0.1974620372;-0.1180496216;-0.0478001684;1
1.955639965;0.2249253243;0.1292124242;9.54257679;1.963633298;-0.1937968582;-0.1107192412;-0.0490218997;1
1.957741736;0.1866401732;0.1531406492;9.57129097;1.965735173;-0.1876882017;-0.102167137;-0.05268708616;1
1.959843611;0.1579262912;0.1531406492;9.590433121;1.967836996;-0.1840230078;-0.09483675659;-0.05268708616;1
1.961945434;0.1292124242;0.1483550072;9.643074989;1.969938871;-0.1754709035;-0.08872810751;-0.05390881747;1
1.964047257;0.1052841991;0.1435693651;9.695717812;1.972040694;-0.1693622619;-0.07651081681;-0.05390881747;1
1.966149132;0.1196411327;0.1627119333;9.743574142;1.974142517;-0.1632536054;-0.06673697382;-0.05390881747;1
1.968250954;0.1339980662;0.1818545163;9.753145218;1.97624434;-0.1571449637;-0.05329795182;-0.05268708616;1
1.970352829;0.1435693651;0.2009970993;9.743574142;1.978346215;-0.1498145908;-0.03985892609;-0.05146535859;1
1.972454652;0.1674975902;0.2249253243;9.710074425;1.980448038;-0.1400407553;-0.02031125315;-0.0478001684;1
1.974556475;0.1818545163;0.2297109663;9.69093132;1.982549861;-0.1339320987;-0.003207040019;-0.04657844082;1
1.976658298;0.1866401732;0.2488535494;9.676574707;1.984651736;-0.1302669197;0.0126754446;-0.04413498193;1
1.978760173;0.2009970993;0.2584248483;9.671789169;1.986753559;-0.1204930767;0.02489273995;-0.04046979174;1
1.980861996;0.2009970993;0.2584248483;9.671789169;1.988855382;-0.1180496216;0.03955349326;-0.03680460155;1
1.982963819;0.2153540403;0.2823530734;9.662218094;1.990957204;-0.1119409725;0.04810560122;-0.03558287397;1
1.985065694;0.2297109663;0.2536391914;9.652647018;1.993059079;-0.1119409725;0.05543597788;-0.03558287397;1
1.987167517;0.2919243574;0.2536391914;9.623932838;1.995160902;-0.1107192412;0.06154462695;-0.03802633286;1
1.98926934;0.3302095234;0.2536391914;9.595218658;1.997262725;-0.1082757786;0.06276635826;-0.03680460155;1
1.991371163;0.3732803464;0.2536391914;9.595218658;1.9993646;-0.1094975099;0.06643154472;-0.03680460155;1
1.993473038;0.4067798555;0.2392822653;9.619147301;2.001466423;-0.1119409725;0.06765327603;-0.03680460155;1
1.995574861;0.4307080805;0.2584248483;9.604789734;2.003568298;-0.1168278903;0.06643154472;-0.03802633286;1
1.997676684;0.4354937077;0.2679961324;9.595218658;2.005670121;-0.121714808;0.06520981342;-0.04046979174;1
1.999778559;0.4689932466;0.2536391914;9.604789734;2.007771944;-0.1253799945;0.06398808211;-0.04169152305;1
2.001880382;0.4785645306;0.2727817893;9.614361763;2.009873767;-0.1302669197;0.05787943676;-0.04413498193;1
2.003982257;0.4881358147;0.2488535494;9.676574707;2.011975642;-0.131488651;0.05177079141;-0.04535670951;1
2.006084079;0.5168496966;0.2488535494;9.710074425;2.014077465;-0.1339320987;0.04810560122;-0.05024362728;1
2.008185902;0.5503492355;0.2679961324;9.757930756;2.016179288;-0.1339320987;0.04199695215;-0.05268708616;1
2.010287725;0.6125625968;0.2584248483;9.829715729;2.018281163;-0.1339320987;0.03466657549;-0.05635227636;1
2.0123896;0.6412764788;0.2584248483;9.887143135;2.020382986;-0.1339320987;0.02611446939;-0.06001746282;1
2.014491423;0.6843472719;0.2536391914;9.944570541;2.022484809;-0.1339320987;0.02000582218;-0.06490438432;1
2.016593246;0.7274180651;0.2536391914;10.00678444;2.024586632;-0.131488651;0.01511890348;-0.06856957078;1
2.018695121;0.7513462901;0.2632105052;10.03549862;2.026688507;-0.1266017258;0.01145371422;-0.07101303339;1
2.020796944;0.784845829;0.2536391914;10.08335495;2.028790329;-0.1229365394;0.005345067009;-0.07467821985;1
2.022898767;0.8279166222;0.2249253243;10.14556789;2.030892204;-0.1168278903;-0.001985310577;-0.07834340632;1
2.02500059;0.866201818;0.2344966233;10.22692394;2.032994027;-0.1119409725;-0.006872228812;-0.08078686893;1
2.027102465;0.9092726111;0.2392822653;10.28435135;2.03509585;-0.1033888608;-0.01175914705;-0.08445205539;1
2.029204288;0.9619147182;0.2297109663;10.34656525;2.037197673;-0.0972802192;-0.01420260593;-0.08933897316;1
2.031306163;1.024128079;0.2153540403;10.36092186;2.039299496;-0.09117157012;-0.01664606482;-0.09178243577;1
2.033407986;1.091127157;0.2201396823;10.39920712;2.041401371;-0.08506292105;-0.01664606482;-0.09666935354;1
2.035509809;1.158126116;0.2153540403;10.37049294;2.043503194;-0.08017600328;-0.01542433538;-0.1015562713;1
2.037611632;1.220339537;0.2344966233;10.3226366;2.045605069;-0.0728456229;-0.01175914705;-0.1052214578;1
2.039713454;1.277767301;0.2488535494;10.29392338;2.047706892;-0.06551524997;-0.004428769462;-0.1088866442;1
2.041815329;1.330409408;0.2392822653;10.30349445;2.049808715;-0.05940660089;0.0004581485991;-0.1113301069;1
2.043917152;1.411765337;0.2344966233;10.33220863;2.05191059;-0.05329795182;0.006566796452;-0.1149952933;1
2.046019027;1.445264935;0.2488535494;10.34656525;2.054012413;-0.04108065739;0.0126754446;-0.1186604798;1
2.04812085;1.493121386;0.2488535494;10.37527943;2.056114236;-0.03497200832;0.01634063199;-0.1211039424;1
2.050222673;1.497906923;0.2440679073;10.37527943;2.058216111;-0.02641990222;0.02244928107;-0.1223256737;1
2.052324548;1.55054903;0.2536391914;10.37527943;2.060317934;-0.01786779426;0.02611446939;-0.1211039424;1
2.054426371;1.574477315;0.2871387303;10.39442158;2.062419757;-0.01175914705;0.02855792828;-0.1198822111;1
2.056528194;1.569691658;0.3302095234;10.43749237;2.064521579;-0.00565049937;0.02367101051;-0.1186604798;1
2.058630069;1.588834286;0.3445664644;10.4853487;2.066623454;-0.001985310577;0.01878409274;-0.1174387559;1
2.060731892;1.564906001;0.3493520916;10.4853487;2.068725277;-0.001985310577;0.01389717404;-0.1149952933;1
2.062833715;1.545763373;0.3637090325;10.44227791;2.0708271;-0.0007635809598;0.01145371422;-0.1125518382;1
2.064935538;1.536192179;0.3637090325;10.40877819;2.072928975;0.0016798781;0.009010255337;-0.1113301069;1
2.067037413;1.569691658;0.3589234054;10.41356373;2.075030798;0.0016798781;0.004123337101;-0.1113301069;1
2.069139236;1.588834286;0.3732803464;10.41356373;2.077132621;0.002901607659;0.0004581485991;-0.1101083755;1
2.071241059;1.665404558;0.3541377485;10.40877819;2.079234444;0.004123337101;-0.0007635809598;-0.1113301069;1
2.073342934;1.732403636;0.3541377485;10.41356373;2.081336319;0.005345067009;-0.004428769462;-0.113773562;1
2.075444757;1.823330879;0.3589234054;10.42313576;2.083438142;0.002901607659;-0.01420260593;-0.1162170246;1
2.077546579;1.909472466;0.3541377485;10.45663452;2.085540017;-0.0007635809598;-0.02275471389;-0.1174387559;1
2.079648402;1.962114573;0.3541377485;10.45184898;2.08764184;-0.001985310577;-0.03252854943;-0.1186604798;1
2.081750277;1.957328916;0.3541377485;10.3848505;2.089743663;-0.00565049937;-0.04230238497;-0.1211039424;1
2.0838521;1.942971945;0.3445664644;10.33699417;2.091845538;-0.006872228812;-0.05329795182;-0.1223256737;1
2.085953975;1.93340075;0.3493520916;10.35135078;2.093947361;-0.008093958721;-0.06429351866;-0.123547405;1
2.088055798;1.971685886;0.3397808075;10.36092186;2.096049184;-0.01053741761;-0.07651081681;-0.1259908676;1
2.090157621;2.029113531;0.3493520916;10.39442158;2.098151007;-0.01175914705;-0.08872810751;-0.1284343153;1
2.092259496;2.120040894;0.3158525825;10.41356373;2.100252882;-0.01298087649;-0.0972802192;-0.1345429718;1
2.094361319;2.177468538;0.3254238665;10.4279213;2.102354704;-0.01420260593;-0.102167137;-0.1382081509;1
2.096463142;2.258824587;0.3014956415;10.44227791;2.104456527;-0.01298087649;-0.1033888608;-0.1418733448;1
2.098564965;2.325823545;0.2919243574;10.45663452;2.106558402;-0.01420260593;-0.1082757786;-0.1455385387;1
2.10066684;2.402393818;0.2584248483;10.47099209;2.108660225;-0.01298087649;-0.1119409725;-0.150425449;1
2.102768663;2.455035925;0.2488535494;10.43749237;2.110762048;-0.01053741761;-0.1143844277;-0.1553123742;1
2.104870486;2.522035122;0.2249253243;10.44706345;2.112863923;-0.008093958721;-0.1168278903;-0.1626427472;1
2.106972361;2.617748022;0.2105683982;10.43749237;2.114965746;-0.008093958721;-0.1180496216;-0.1699731201;1
2.109074184;2.723032236;0.1818545163;10.46142101;2.117067569;-0.008093958721;-0.1143844277;-0.1760817766;1
2.111176007;2.799602509;0.1722832322;10.47577763;2.119169444;-0.009315688163;-0.1082757786;-0.1834121495;1
2.113277882;2.837887764;0.1387837082;10.37049294;2.121271267;-0.008093958721;-0.1009454057;-0.1882990748;1
2.115379704;2.847458839;0.1292124242;10.2652092;2.12337309;-0.008093958721;-0.08872810751;-0.1956294477;1
2.117481527;2.900100946;0.1292124242;10.24606609;2.125474965;-0.009315688163;-0.08261945844;-0.2029598206;1
2.119583402;2.952743053;0.1387837082;10.2221384;2.127576788;-0.008093958721;-0.07895427197;-0.2078467458;1
2.121685225;3.010170937;0.1627119333;10.21735287;2.129678611;-0.01175914705;-0.07773254067;-0.2115119249;1
2.123787048;3.077169895;0.1818545163;10.18863869;2.131780486;-0.01664606482;-0.0740673542;-0.2163988501;1
2.125888923;3.077169895;0.1962114573;10.15035343;2.133882309;-0.02519817278;-0.07162389904;-0.2176205814;1
2.127990746;3.086741209;0.2057827413;10.1024971;2.135984132;-0.02886336111;-0.06918043643;-0.2212857604;1
2.130092569;3.043670416;0.1962114573;10.03549862;2.138085954;-0.0374154672;-0.06551524997;-0.223729223;1
2.132194444;3.034099102;0.1914258152;9.973284721;2.140187777;-0.04474584386;-0.06307178736;-0.2261726856;1
2.134296267;3.034099102;0.1770688742;9.949356079;2.142289652;-0.05207622424;-0.06062832847;-0.2286161482;1
2.13639809;3.05324173;0.1866401732;9.949356079;2.144391475;-0.06185005978;-0.06185005978;-0.2310595959;1
2.138499913;3.096312523;0.1722832322;9.925428391;2.14649335;-0.06918043643;-0.06429351866;-0.2335030586;1
2.140601736;3.134597778;0.1674975902;9.963713646;2.148595173;-0.07528908551;-0.06551524997;-0.2383899838;1
2.142703611;3.163311481;0.1579262912;9.95414257;2.150696996;-0.08384118974;-0.06673697382;-0.2420551628;1
2.144805434;3.158525944;0.1148554832;9.944570541;2.152798819;-0.08750637621;-0.07040216774;-0.2493855506;1
2.146907309;3.153740168;0.09571290761;9.968499184;2.154900694;-0.09117157012;-0.07162389904;-0.2567159235;1
2.149009132;3.187239647;0.08135596663;10.04506969;2.157002517;-0.08994983882;-0.07773254067;-0.2652680278;1
2.151110954;3.259024382;0.06221338734;10.15992451;2.15910434;-0.08994983882;-0.08506292105;-0.273820132;1
2.153212777;3.326023579;0.06221338734;10.2652092;2.161206215;-0.08872810751;-0.09117157012;-0.2848156989;1
2.155314652;3.397808075;0.0382851623;10.42313576;2.163308038;-0.08506292105;-0.09972367436;-0.2945895493;1
2.157416475;3.431307554;0.04785645381;10.4853487;2.165409861;-0.08017600328;-0.1082757786;-0.3055851161;1
2.159518298;3.426522017;0.0143569354;10.56191921;2.167511736;-0.0728456229;-0.115606159;-0.3178023994;1
2.161620173;3.450450182;-0.004785645287;10.65763187;2.169613559;-0.06429351866;-0.1253799945;-0.3312414289;1
2.163721996;3.507878065;-0.05742774159;10.78684425;2.171715382;-0.05329795182;-0.1339320987;-0.3471239209;1
2.165823819;3.550948858;-0.1244267747;10.89691448;2.173817204;-0.03985892609;-0.1437059343;-0.3654498458;1
2.167925694;3.603590965;-0.1722832322;11.00698376;2.175919079;-0.02764163166;-0.1547015011;-0.3825540543;1
2.170027517;3.665804386;-0.2009970993;11.09791183;2.178020902;-0.01053741761;-0.1705839932;-0.4033234715;1
2.17212934;3.713660717;-0.2392822653;11.17926693;2.180122725;0.0016798781;-0.1876882017;-0.4228711426;1
2.174231163;3.761517286;-0.2871387303;11.24148083;2.1822246;0.0175623633;-0.2011272311;-0.4448622763;1
2.176333038;3.809373617;-0.2919243574;11.27498055;2.184326423;0.03100138716;-0.2170097083;-0.4656316638;1
2.178434861;3.838087559;-0.3062812984;11.27498055;2.186428298;0.04199695215;-0.231670469;-0.4864010811;1
2.180536684;3.876372576;-0.3110669553;11.25583744;2.188530121;0.0542142503;-0.2475529462;-0.5083922148;1
2.182638559;3.895515203;-0.3110669553;11.20798111;2.190631944;0.06398808211;-0.2573267817;-0.5267181396;1
2.184740382;3.933800459;-0.2727817893;11.15533924;2.192733767;0.07131846249;-0.265878886;-0.5450441241;1
2.186842257;3.938585997;-0.2440679073;11.10269737;2.194835642;0.07498364896;-0.2719875574;-0.563370049;1
2.188944079;3.967299938;-0.1866401732;11.03569794;2.196937465;0.07987056673;-0.2744309902;-0.5780308247;1
2.191045902;3.99601388;-0.1100698411;10.98305607;2.199039288;0.07620538026;-0.2768744528;-0.5902481079;1
2.193147725;3.957728624;-0.06699903309;10.87298584;2.201141163;0.0737619251;-0.278096199;-0.6012436748;1
2.1952496;3.871587038;0.01914258115;10.71506023;2.203242986;0.06887500733;-0.2793179154;-0.6061306;1
2.197351423;3.7710886;0.1100698411;10.50927734;2.205344809;0.06520981342;-0.2829830945;-0.613460958;1
2.199453246;3.694518089;0.1962114573;10.41356373;2.207446684;0.06154462695;-0.2854265571;-0.620791316;1
2.201555121;3.66101861;0.2727817893;10.39442158;2.209548507;0.05665770918;-0.2890917659;-0.6256782413;1
2.203656944;3.622733593;0.3397808075;10.3848505;2.211650329;0.0542142503;-0.2927569449;-0.6281217337;1
2.205758767;3.589233875;0.4019941986;10.37049294;2.213752152;0.04566214234;-0.2915352285;-0.6293434501;1
2.207860642;3.560520172;0.4785645306;10.30349445;2.215854027;0.03711003438;-0.2927569449;-0.6281217337;1
2.209962465;3.488735437;0.5264210105;10.24128056;2.21795585;0.02611446939;-0.2952004075;-0.6256782413;1
2.212064288;3.37387991;0.5886343718;10.15992451;2.220057673;0.02000582218;-0.2964221239;-0.6220130324;1
2.214166111;3.268595695;0.6317051649;10.11206818;2.222159496;0.009010255337;-0.2988655865;-0.6159043908;1
2.216267986;3.153740168;0.6843472719;10.12642574;2.224261371;-0.0007635809598;-0.3061959743;-0.6097957492;1
2.218369809;3.05324173;0.7178468108;10.1024971;2.226363194;-0.01053741761;-0.3074176908;-0.6024653912;1
2.220471632;2.981456995;0.7513462901;10.1024971;2.228465017;-0.02397644334;-0.3061959743;-0.5926915407;1
2.222573454;2.919243574;0.8087740541;10.11206818;2.23056684;-0.03497200832;-0.3074176908;-0.5829176903;1
2.224675329;2.876172781;0.8470591903;10.14078236;2.232668715;-0.04352411628;-0.3135263622;-0.5743656158;1
2.226777152;2.799602509;0.8805587292;10.11685371;2.234770538;-0.05451968312;-0.3208567202;-0.563370049;1
2.228878975;2.742174864;0.9284151793;10.10728264;2.236872361;-0.06185005978;-0.3306305707;-0.5535961986;1
2.230980798;2.694318295;0.9236295223;10.23649502;2.238974236;-0.07040216774;-0.3391826749;-0.5426006317;1
2.233082673;2.632104874;0.8518448472;10.26999474;2.241076111;-0.07773254067;-0.3465130329;-0.5316050649;1
2.235184496;2.517249346;0.8231309652;10.24606609;2.243177882;-0.07895427197;-0.3538434207;-0.5218312144;1
2.237286319;2.421536446;0.7752745152;10.27478027;2.245279757;-0.08261945844;-0.3611738086;-0.51327914;1
2.239388194;2.402393818;0.7417750359;10.35135078;2.247381579;-0.08384118974;-0.3709476292;-0.504727006;1
2.241490069;2.39760828;0.7513462901;10.44227791;2.249483402;-0.08628465235;-0.378278017;-0.4973966479;1
2.24359184;2.402393818;0.7226324677;10.51884842;2.251585277;-0.08750637621;-0.3856084049;-0.4900662601;1
2.245693715;2.416750908;0.7178468108;10.5858469;2.253687152;-0.08872810751;-0.3904953003;-0.4827359021;1
2.247795538;2.426322222;0.6747759581;10.60020447;2.255788975;-0.08750637621;-0.3953822255;-0.4790706933;1
2.249897361;2.469393015;0.5982056856;10.68156052;2.257890798;-0.08506292105;-0.4002691507;-0.4741837978;1
2.251999236;2.488535643;0.5359922647;10.7054882;2.259992621;-0.08261945844;-0.405156076;-0.4717403352;1
2.254101111;2.52682066;0.4259224236;10.80120182;2.262094496;-0.07895427197;-0.4100429714;-0.4692968726;1
2.256202934;2.589034081;0.3397808075;10.85862923;2.264196319;-0.07651081681;-0.4112647176;-0.4680751264;1
2.258304757;2.584248543;0.2201396823;10.82991505;2.266298142;-0.07162389904;-0.4149298966;-0.470518589;1
2.260406579;2.584248543;0.1196411327;10.80598736;2.268399965;-0.06673697382;-0.4149298966;-0.4717403352;1
2.262508454;2.608176708;0.04307080805;10.82991505;2.27050184;-0.05818486959;-0.4198168218;-0.4754055142;1
2.264610277;2.665604353;-0.0382851623;10.88255692;2.272603663;-0.05207622424;-0.4222602844;-0.4802924395;1
2.2667121;2.723032236;-0.0765703246;10.92084217;2.274705538;-0.04474584386;-0.4259254634;-0.4888445437;1
2.268813923;2.775674343;-0.1531406492;10.94955635;2.276807361;-0.0374154672;-0.4295906425;-0.4973966479;1
2.270915798;2.852244616;-0.2201396823;10.96391296;2.278909184;-0.03008509055;-0.4259254634;-0.505948782;1
2.273017621;2.933600664;-0.2727817893;11.00698376;2.281011059;-0.02641990222;-0.4271472096;-0.5157225728;1
2.275119496;2.981456995;-0.3349951804;10.99741268;2.283112829;-0.02397644334;-0.4271472096;-0.5291616321;1
2.277221319;3.00538516;-0.3828516304;10.9112711;2.285214704;-0.02275471389;-0.4295906425;-0.5401571989;1
2.279323142;3.034099102;-0.4211367965;10.84427261;2.287316527;-0.02519817278;-0.4344775677;-0.556039691;1
2.281425017;3.067598581;-0.4594219327;10.82512951;2.289418402;-0.02764163166;-0.4381427765;-0.5719221234;1
2.283526788;3.134597778;-0.4737788737;10.748559;2.291520225;-0.03130681813;-0.4405862093;-0.5865828991;1
2.285628663;3.182454109;-0.5120640397;10.73898792;2.293622048;-0.03497200832;-0.4430296719;-0.6036871076;1
2.287730486;3.206382275;-0.5503492355;10.6480608;2.295723871;-0.04352411628;-0.4479165971;-0.6232348084;1
2.289832361;3.230310678;-0.6029912829;10.56670475;2.297825746;-0.05085449293;-0.4540252388;-0.6403390169;1
2.291934184;3.259024382;-0.6556333899;10.50927734;2.299927569;-0.05329795182;-0.4637990892;-0.6611084342;1
2.294036007;3.278167009;-0.7178468108;10.50449181;2.302029392;-0.06185005978;-0.4723511934;-0.6769908667;1
2.296137829;3.282952785;-0.7704889178;10.49013424;2.304131215;-0.06795870513;-0.4821250141;-0.6965385675;1
2.298239704;3.287738323;-0.8183453679;10.55713367;2.30623309;-0.0728456229;-0.4906771481;-0.713642776;1
2.300341527;3.239881754;-0.8422735929;10.59541893;2.308334913;-0.07651081681;-0.5028944016;-0.7270817757;1
2.30244335;3.134597778;-0.8518448472;10.5858469;2.310436788;-0.08139773458;-0.5187768936;-0.7441860437;1
2.304545173;3.034099102;-0.8709874153;10.56191921;2.312538611;-0.08628465235;-0.5395463109;-0.756403327;1
2.306647048;2.962314367;-0.8470591903;10.59063339;2.314640434;-0.08872810751;-0.5578722358;-0.7698423266;1
2.308748871;2.90967226;-0.8566305041;10.6480608;2.316742257;-0.08994983882;-0.5810851455;-0.7845031023;1
2.310850746;2.880958557;-0.866201818;10.71027374;2.318844132;-0.09117157012;-0.6018545032;-0.797942102;1
2.312952569;2.866601467;-0.8949156404;10.77727318;2.320945954;-0.09239330143;-0.6201804876;-0.8150463104;1
2.315054392;2.914458036;-0.94277215;10.78684425;2.323047777;-0.09850194305;-0.6360629797;-0.8284853697;1
2.317156215;2.904886723;-1.004985452;10.71984577;2.325149652;-0.09972367436;-0.6507236958;-0.8431460857;1
2.31925809;2.876172781;-1.048056364;10.57149029;2.327251475;-0.1033888608;-0.6604975462;-0.8590285778;1
2.321359913;2.847458839;-1.095912814;10.44706345;2.329353298;-0.1094975099;-0.6678279042;-0.8761327863;1
2.323461736;2.852244616;-1.124626637;10.37049294;2.331455173;-0.1107192412;-0.671493113;-0.8920152783;1
2.325563611;2.880958557;-1.162911773;10.33220863;2.333556996;-0.115606159;-0.6690496206;-0.9078977704;1
2.327665434;2.90967226;-1.143769264;10.29392338;2.335658819;-0.1168278903;-0.6678279042;-0.9250019789;1
2.329767257;2.938386202;-1.16769743;10.24128056;2.337760694;-0.1204930767;-0.6604975462;-0.9408844709;1
2.331869132;2.95752883;-1.172483087;10.17428207;2.339862517;-0.1241582632;-0.6458367705;-0.9592103958;1
2.333970954;2.986242771;-1.186840057;10.11685371;2.341964392;-0.1229365394;-0.6287325621;-0.9738711715;1
2.336072777;2.995813847;-1.186840057;10.04506969;2.344066215;-0.1204930767;-0.6067414284;-0.9909753799;1
2.338174652;2.995813847;-1.201196909;9.997213364;2.346168038;-0.1192713454;-0.5810851455;-1.005636096;1
2.340276475;3.01974225;-1.21555388;9.95414257;2.348269861;-0.1143844277;-0.5566505194;-1.021518588;1
2.34237835;3.00538516;-1.249053478;9.930213928;2.350371684;-0.1070540547;-0.5309942365;-1.03740108;1
2.344480173;2.995813847;-1.225125194;9.901499748;2.352473559;-0.09972367436;-0.505337894;-1.052061915;1
2.346581996;2.986242771;-1.225125194;9.925428391;2.354575382;-0.08994983882;-0.4784598351;-1.066722631;1
2.348683819;2.95752883;-1.21555388;9.95414257;2.356677204;-0.08261945844;-0.455246985;-1.078939915;1
2.350785642;2.895315409;-1.205982566;9.958928108;2.358779027;-0.0728456229;-0.4271472096;-1.091157198;1
2.352887517;2.81395936;-1.196411371;9.958928108;2.360880902;-0.06185005978;-0.3990474045;-1.099709272;1
2.35498934;2.684746981;-1.186840057;9.968499184;2.362982725;-0.05329795182;-0.3733910918;-1.103374481;1
2.357091163;2.545963287;-1.148554921;9.906285286;2.3650846;-0.04474584386;-0.3477347791;-1.10703969;1
2.359192986;2.368894339;-1.110269666;9.858428955;2.367186423;-0.03375028074;-0.3245218992;-1.108261466;1
2.361294861;2.215753794;-1.110269666;9.872786522;2.369288246;-0.02641990222;-0.3000873327;-1.109483123;1
2.363396684;2.048256159;-1.095912814;9.868000984;2.371390121;-0.02275471389;-0.2719875574;-1.108261466;1
2.365498559;1.93340075;-1.091127157;9.801001549;2.373491944;-0.01786779426;-0.2475529462;-1.10703969;1
2.367600382;1.828116536;-1.052842021;9.714859962;2.375593767;-0.01298087649;-0.2206749022;-1.105817914;1
2.369702204;1.732403636;-1.043270707;9.604789734;2.37769559;-0.01053741761;-0.1974620372;-1.104596257;1
2.371804079;1.627119422;-1.043270707;9.528220177;2.379797465;-0.00565049937;-0.1730274558;-1.102152824;1
2.373905902;1.564906001;-1.043270707;9.489934921;2.381899288;-0.001985310577;-0.1461493969;-1.100931048;1
2.376007725;1.488335729;-1.033699393;9.494720459;2.384001111;-0.0007635809598;-0.121714808;-1.100931048;1
2.378109548;1.416550994;-1.03848505;9.499505997;2.386102986;0.0016798781;-0.09361502528;-1.099709272;1
2.380211423;1.363908887;-1.03848505;9.475577354;2.388204809;0.006566796452;-0.06918043643;-1.098487616;1
2.382313246;1.249053478;-1.043270707;9.41336441;2.390306632;0.01023198478;-0.04596757516;-1.094822407;1
2.384415069;1.13419795;-1.043270707;9.3367939;2.392408507;0.0126754446;-0.02641990222;-1.092378974;1
2.386516944;1.019342422;-1.048056364;9.3367939;2.394510329;0.0175623633;-0.008093958721;-1.086270332;1
2.388618767;0.9044869542;-1.03848505;9.355937004;2.396612204;0.02122755162;0.002901607659;-1.080161691;1
2.39072059;0.7992027402;-1.000199914;9.355937004;2.398714027;0.02489273995;0.01511890348;-1.075274706;1
2.392822465;0.6939185858;-0.9954141974;9.322437286;2.40081585;0.03100138716;0.02367101051;-1.067944407;1
2.394924288;0.5647061467;-1.000199914;9.375079155;2.402917725;0.03711003438;0.03100138716;-1.06061399;1
2.397026163;0.4259224236;-0.9810572863;9.422935486;2.405019548;0.04077522457;0.03466657549;-1.053283572;1
2.399127986;0.2823530734;-0.9667003751;9.480362892;2.407121371;0.04444041103;0.03466657549;-1.045953274;1
2.401229809;0.1483550072;-0.9619147182;9.504291534;2.409223194;0.04688387364;0.03344484791;-1.03740108;1
2.403331684;0.009571290575;-0.94277215;9.509077072;2.411325069;0.04688387364;0.02855792828;-1.030070782;1
2.405433507;-0.1148554832;-0.9188438654;9.44207859;2.413426892;0.04688387364;0.01878409274;-1.020296931;1
2.407535329;-0.2297109663;-0.9140582681;9.432506561;2.415528715;0.04321868345;0.005345067009;-1.010523081;1
2.409637152;-0.3493520916;-0.9188438654;9.38465023;2.417630538;0.03466657549;-0.01298087649;-0.998305738;1
2.411739027;-0.4642075896;-0.8853443861;9.346364975;2.419732413;0.02367101051;-0.03375028074;-0.9848667383;1
2.41384085;-0.5982056856;-0.8757730722;9.322437286;2.421834236;0.01145371422;-0.05696314201;-0.9738711715;1
2.415942673;-0.6891329288;-0.8422735929;9.226723671;2.423936059;-0.0007635809598;-0.08017600328;-0.9628756046;1
2.418044496;-0.784845829;-0.8279166222;9.135796547;2.426037934;-0.01420260593;-0.1058323234;-0.9506583214;1
2.420146371;-0.8279166222;-0.8279166222;9.054440498;2.428139757;-0.02764163166;-0.1290451884;-0.9421061873;1
2.422248194;-0.890130043;-0.8327022791;8.997013092;2.430241579;-0.03863719851;-0.1510363221;-0.9347758293;1
2.424350017;-0.9044869542;-0.8231309652;8.963513374;2.432343454;-0.0557414107;-0.1730274558;-0.9262236953;1
2.426451892;-0.9332008362;-0.813559711;8.915657043;2.434445277;-0.06795870513;-0.1913533956;-0.9201150537;1
2.428553715;-0.9571290612;-0.8087740541;8.90130043;2.4365471;-0.08139773458;-0.212122798;-0.9152281284;1
2.430655538;-0.9906286001;-0.784845829;8.867800713;2.438648975;-0.09117157012;-0.231670469;-0.906676054;1
2.432757413;-1.03848505;-0.7944171429;8.853444099;2.440750798;-0.1046105921;-0.2487746775;-0.9005674124;1
2.434859236;-1.091127157;-0.7896314859;8.90130043;2.442852621;-0.115606159;-0.2634354234;-0.8920152783;1
2.436961059;-1.158126116;-0.7992027402;8.953942299;2.444954496;-0.1302669197;-0.2793179154;-0.8846849203;1
2.439062934;-1.249053478;-0.784845829;8.930013657;2.447056319;-0.1400407553;-0.2890917659;-0.8761327863;1
2.441164757;-1.325623751;-0.760917604;8.90130043;2.449158142;-0.1473711282;-0.3025307953;-0.8675807118;1
2.443266579;-1.392622828;-0.7513462901;8.834300995;2.451259965;-0.1547015011;-0.315969795;-0.8626937866;1
2.445368454;-1.430907965;-0.756131947;8.819944382;2.45336184;-0.162031889;-0.3318522871;-0.856585145;1
2.447470277;-1.478764415;-0.7274180651;8.848658562;2.455463663;-0.1681405306;-0.3416261375;-0.8504765034;1
2.4495721;-1.531406522;-0.6987041831;8.877371788;2.457565486;-0.1730274558;-0.3526217043;-0.8443678617;1
2.451673923;-1.612762451;-0.6939185858;8.87258625;2.459667361;-0.1803578287;-0.3636172712;-0.8394809365;1
2.453775798;-1.703689694;-0.6747759581;8.87258625;2.461769184;-0.18157956;-0.3733910918;-0.8321505189;1
2.455877621;-1.808973908;-0.6699903607;8.867800713;2.463871007;-0.1876882017;-0.3831649423;-0.8260418773;1
2.457979444;-1.904686809;-0.6460621357;8.863015175;2.465972829;-0.188909933;-0.3892735839;-0.821154952;1
2.460081319;-1.990828395;-0.6221339107;8.867800713;2.468074704;-0.1937968582;-0.3978256881;-0.8150463104;1
2.462183142;-2.057827473;-0.5742774606;8.853444099;2.470176527;-0.1962403059;-0.4063777924;-0.8089376688;1
2.464284965;-2.120040894;-0.5216353536;8.853444099;2.472278402;-0.2023489624;-0.412486434;-0.8040507436;1
2.466386788;-2.172683001;-0.4689932466;8.839086533;2.474380225;-0.2011272311;-0.4161516428;-0.7991638184;1
2.468488663;-2.215753794;-0.4259224236;8.84387207;2.476482048;-0.2023489624;-0.4185950756;-0.7954986691;1
2.470590486;-2.30189538;-0.3541377485;8.882157326;2.478583871;-0.2023489624;-0.4198168218;-0.7893900275;1
2.472692361;-2.383251429;-0.2967100143;8.90130043;2.480685746;-0.2035706937;-0.4185950756;-0.7832813859;1
2.474794184;-2.455035925;-0.2536391914;8.925228119;2.482787569;-0.2035706937;-0.4210385382;-0.7771727443;1
2.476896007;-2.555534601;-0.2153540403;8.949156761;2.484889392;-0.2023489624;-0.4173733592;-0.7698423266;1
2.478997829;-2.62253356;-0.1770688742;8.97308445;2.486991267;-0.2035706937;-0.4185950756;-0.7612902522;1
2.481099704;-2.71824646;-0.1435693651;8.992227554;2.48909309;-0.1962403059;-0.4149298966;-0.7539598346;1
2.483201527;-2.809173822;-0.1100698411;9.044869423;2.491194913;-0.1937968582;-0.408821255;-0.7454077601;1
2.48530335;-2.890529871;-0.08614161611;9.078369141;2.493296736;-0.188909933;-0.4027126133;-0.7368556261;1
2.487405225;-2.991028309;-0.06699903309;9.150154114;2.495398611;-0.1828012913;-0.3929387629;-0.7283035517;1
2.489507048;-3.058027267;-0.04785645381;9.193224907;2.497500434;-0.1803578287;-0.3819431961;-0.7197514176;1
2.491608871;-3.115455151;-0.0239282269;9.241081238;2.499602257;-0.1742491722;-0.3733910918;-0.7111993432;1
2.493710694;-3.187239647;0.004785645287;9.265008926;2.501704132;-0.1693622619;-0.3611738086;-0.7014254928;1
2.495812569;-3.263810158;0.0143569354;9.274580956;2.503805954;-0.1644753367;-0.3526217043;-0.6916516423;1
2.497914392;-3.306880951;0.01914258115;9.284152031;2.505907829;-0.162031889;-0.3428478539;-0.6818777919;1
2.500016215;-3.364308596;0.05264209956;9.312865257;2.508009652;-0.158366695;-0.3330740333;-0.6745474339;1
2.50211809;-3.407379389;0.0765703246;9.312865257;2.510111475;-0.158366695;-0.3220784664;-0.6672170758;1
2.504219913;-3.431307554;0.09571290761;9.351150513;2.512213298;-0.1571449637;-0.3135263622;-0.6611084342;1
2.506321788;-3.46959281;0.1196411327;9.341579437;2.514315121;-0.1559232324;-0.3013090491;-0.654999733;1
2.508423611;-3.498306751;0.1531406492;9.3367939;2.516416996;-0.1595884264;-0.2890917659;-0.6488910913;1
2.510525434;-3.531806231;0.1483550072;9.341579437;2.518518819;-0.162031889;-0.278096199;-0.6403390169;1
2.512627257;-3.598805189;0.1914258152;9.346364975;2.520620694;-0.1632536054;-0.2683223486;-0.6305651665;1
2.514729079;-3.694518089;0.2201396823;9.317651749;2.522722517;-0.165697068;-0.2573267817;-0.6195695996;1
2.516830954;-3.828516245;0.2823530734;9.30807972;2.52482434;-0.1693622619;-0.2548833191;-0.6085740328;1
2.518932777;-3.952943087;0.3445664644;9.288937569;2.526926215;-0.1730274558;-0.2512181401;-0.5939132571;1
2.521034652;-4.058227062;0.4067798555;9.312865257;2.529028038;-0.1791360974;-0.2487746775;-0.5804742575;1
2.523136475;-4.187439442;0.4498506486;9.303294182;2.531129861;-0.1828012913;-0.2499964088;-0.563370049;1
2.525238298;-4.292723656;0.5168496966;9.284152031;2.533231684;-0.1852447391;-0.2512181401;-0.5474875569;1
2.527340173;-4.374079704;0.5742774606;9.30807972;2.535333559;-0.1913533956;-0.2536616027;-0.5303833485;1
2.529441996;-4.445864677;0.626919508;9.260223389;2.537435382;-0.1962403059;-0.2548833191;-0.5108356476;1
2.531543819;-4.508078098;0.6747759581;9.226723671;2.539537204;-0.2011272311;-0.2573267817;-0.4900662601;1
2.533645642;-4.608576298;0.7274180651;9.241081238;2.541639079;-0.2023489624;-0.258548528;-0.4680751264;1
2.535747517;-4.699503899;0.7704889178;9.231510162;2.543740902;-0.2060141414;-0.2609919906;-0.4436405599;1
2.53784934;-4.823930264;0.7992027402;9.2362957;2.545842725;-0.2096793354;-0.265878886;-0.4192059636;1
2.539951163;-4.934000492;0.8422735929;9.255437851;2.5479446;-0.2133445293;-0.2683223486;-0.3935496211;1
2.542053038;-5.034498692;0.8805587292;9.284152031;2.550046423;-0.212122798;-0.2719875574;-0.3678933084;1
2.544154861;-5.125426292;0.9092726111;9.312865257;2.552148246;-0.2084576041;-0.2732092738;-0.3410152495;1
2.546256684;-5.216353416;0.9379864931;9.36550808;2.554250121;-0.2072358727;-0.2793179154;-0.3153589368;1
2.548358559;-5.268995285;0.9714859724;9.408578873;2.556351944;-0.2060141414;-0.2854265571;-0.2884808779;1
2.550460382;-5.288137913;0.9954141974;9.480362892;2.558453767;-0.2023489624;-0.2903134823;-0.266489774;1
2.552562204;-5.2737813;0.9858429432;9.518648148;2.56055559;-0.2011272311;-0.2878700197;-0.246942088;1
2.554664079;-5.206781864;0.9906286001;9.518648148;2.562657413;-0.1937968582;-0.2915352285;-0.2310595959;1
2.556765902;-5.11585474;0.9619147182;9.533005714;2.564759288;-0.1864664704;-0.2915352285;-0.2115119249;1
2.558867725;-5.010570526;0.9332008362;9.556933403;2.566861111;-0.1803578287;-0.2890917659;-0.196851179;1
2.560969548;-4.905286312;0.8997012973;9.585647583;2.568962934;-0.1754709035;-0.2878700197;-0.1821904182;1
2.563071371;-4.857429981;0.8614161611;9.619147301;2.571064809;-0.1669187993;-0.281761378;-0.1675296724;1
2.565173246;-4.833501816;0.8327022791;9.633503914;2.573166632;-0.158366695;-0.2768744528;-0.1540906429;1
2.567275069;-4.847858906;0.7992027402;9.686145782;2.575268454;-0.1510363221;-0.2707658112;-0.1406516135;1
2.569376892;-4.862215519;0.7752745152;9.69093132;2.577370277;-0.1449276656;-0.265878886;-0.127212584;1
2.571478767;-4.862215519;0.760917604;9.7196455;2.579472152;-0.1375972927;-0.2573267817;-0.1186604798;1
2.57358059;-4.843072891;0.7226324677;9.729216576;2.581573975;-0.1266017258;-0.2524398565;-0.1076649204;1
2.575682413;-4.823930264;0.6939185858;9.815358162;2.58367585;-0.1143844277;-0.2426660359;-0.0978910774;1
2.577784236;-4.776073933;0.6699903607;9.839286804;2.585777673;-0.102167137;-0.2328922004;-0.086895518;1
2.579886111;-4.733003139;0.6604190469;9.891928673;2.587879496;-0.08628465235;-0.2231183648;-0.07956513762;1
2.581987934;-4.699503899;0.6412764788;9.939785004;2.589981371;-0.0740673542;-0.2084576041;-0.06979130208;1
2.584089809;-4.666004181;0.650847733;9.963713646;2.592083194;-0.05940660089;-0.1962403059;-0.05879573524;1
2.586191632;-4.646861553;0.6173482537;9.987641335;2.594185017;-0.04230238497;-0.18157956;-0.05024362728;1
2.588293454;-4.642076015;0.5886343718;10.03549862;2.596286892;-0.02397644334;-0.165697068;-0.04169152305;1
2.590395329;-4.632504463;0.5503492355;10.09771156;2.598388715;-0.008093958721;-0.1510363221;-0.03191768378;1
2.592497152;-4.637290478;0.5359922647;10.12164021;2.600490538;0.01145371422;-0.1327103674;-0.02214384824;1
2.594598975;-4.632504463;0.4929214716;10.13599682;2.602592413;0.03100138716;-0.115606159;-0.01114828233;1
2.59670085;-4.632504463;0.4689932466;10.17906761;2.604694184;0.04444041103;-0.1009454057;-0.002596175298;1
2.598802673;-4.608576298;0.4498506486;10.18863869;2.606796059;0.05910116807;-0.08261945844;0.005955931731;1
2.600904496;-4.570291042;0.4450650215;10.14556789;2.608897882;0.0737619251;-0.06551524997;0.01328630932;1
2.603006371;-4.522434711;0.4546363056;10.09292603;2.610999704;0.08720094711;-0.04108065739;0.02061668597;1
2.605108142;-4.474578381;0.4402793646;10.05942631;2.613101579;0.1030834317;-0.01542433538;0.02794706449;1
2.607210017;-4.431507587;0.4211367965;10.03549862;2.615203402;0.117744185;0.01023198478;0.03283398226;1
2.60931184;-4.393222332;0.4259224236;9.978070259;2.617305277;0.1299614757;0.03833176568;0.03649916872;1
2.611413663;-4.374079704;0.4067798555;9.944570541;2.6194071;0.1434005052;0.06520981342;0.04138609022;1
2.613515538;-4.364508629;0.3828516304;9.930213928;2.621508923;0.1580612659;0.08842267841;0.04505127668;1
2.615617361;-4.359723091;0.3589234054;9.915857315;2.623610798;0.1690568328;0.1104138121;0.04627300799;1
2.617719236;-4.340580463;0.3302095234;9.915857315;2.625712621;0.1788306683;0.131183207;0.04993819445;1
2.619821059;-4.345366001;0.3206382394;9.868000984;2.627814444;0.1886045039;0.1531743407;0.05482511222;1
2.621922882;-4.364508629;0.3397808075;9.858428955;2.629916267;0.1996000707;0.1751654744;0.05604684353;1
2.624024757;-4.378865242;0.3397808075;9.829715729;2.632018142;0.2130390853;0.1971566081;0.05971203372;1
2.626126579;-4.436293125;0.3397808075;9.839286804;2.634119965;0.2289215773;0.2179260105;0.06459894776;1
2.628228402;-4.512863636;0.3349951804;9.872786522;2.636221788;0.2399171442;0.2386954129;0.06948586553;1
2.630330225;-4.546362877;0.3254238665;9.911071777;2.638323663;0.2545779049;0.2545779049;0.07192932814;1
2.6324321;-4.594219685;0.3206382394;9.930213928;2.640425486;0.2729038298;0.2704603672;0.07559451461;1
2.634533923;-4.632504463;0.3110669553;9.982855797;2.642527309;0.2912297845;0.2790125012;0.07925970852;1
2.636635746;-4.675575256;0.2919243574;10.00678444;2.644629184;0.3095557392;0.2900080681;0.08170316368;1
2.638737621;-4.699503899;0.2871387303;10.06421185;2.646731007;0.3254382014;0.3010036349;0.08292489499;1
2.640839444;-4.689932346;0.2632105052;10.04506969;2.648832882;0.3400989771;0.3107774556;0.08659008145;1
2.642941267;-4.680361271;0.2584248483;10.03549862;2.650934652;0.3547597229;0.3229947388;0.08781181276;1
2.645043142;-4.651647091;0.2632105052;9.915857315;2.653036527;0.3645335436;0.3364337683;0.09025526792;1
2.647144965;-4.622933388;0.2536391914;9.777072906;2.65513835;0.3755291104;0.3535379767;0.09514218569;1
2.64924684;-4.622933388;0.2679961324;9.69093132;2.657240173;0.3840812445;0.374307394;0.0988073796;1
2.651348611;-4.608576298;0.3158525825;9.609575272;2.659341996;0.3914116025;0.3999637067;0.1049160287;1
2.653450486;-4.584648132;0.3541377485;9.509077072;2.661443871;0.3987419903;0.420733124;0.1146898642;1
2.655552309;-4.584648132;0.3924229145;9.422935486;2.663545694;0.4060723484;0.4427242577;0.1232419685;1
2.657654132;-4.555934429;0.4115654826;9.341579437;2.665647517;0.4134027362;0.4610501826;0.1330158114;1
2.659755954;-4.536791801;0.4354937077;9.255437851;2.667749392;0.420733124;0.4805978537;0.1452330947;1
2.661857829;-4.551148891;0.4498506486;9.198010445;2.669851215;0.428063482;0.4989238083;0.1574503928;1
2.663959652;-4.575077057;0.4546363056;9.135796547;2.671953038;0.4366155863;0.5148062706;0.169667691;1
2.666061475;-4.584648132;0.4594219327;9.116654396;2.674054913;0.4463894367;0.5343539715;0.1843284518;1
2.66816335;-4.60379076;0.4546363056;9.102297783;2.676156736;0.454941541;0.5502364635;0.2002109289;1
2.670265173;-4.622933388;0.4689932466;9.068798065;2.678258559;0.4647153914;0.5697841048;0.2173151523;1
2.672366996;-4.622933388;0.4642075896;9.016156197;2.680360434;0.4720457494;0.5832231641;0.2344193608;1
2.674468871;-4.661218643;0.4833501875;8.992227554;2.682462257;0.4793761373;0.5966621637;0.2539670467;1
2.676570694;-4.685146809;0.5120640397;8.997013092;2.684564079;0.4879282415;0.6052142978;0.2735147178;1
2.678672517;-4.699503899;0.5359922647;8.987442017;2.686665954;0.4952586293;0.6162098646;0.2942841053;1
2.680774392;-4.713860512;0.5503492355;8.97308445;2.688767777;0.4989238083;0.6210967898;0.31261006;1
2.682876215;-4.718646049;0.5551348329;8.934800148;2.6908696;0.5013672709;0.6272054315;0.3309359848;1
2.684978038;-4.685146809;0.5694918036;8.910871506;2.692971475;0.5025889874;0.6296488643;0.3455967605;1
2.687079913;-4.637290478;0.5742774606;8.877371788;2.695073298;0.5001455545;0.6296488643;0.3602575064;1
2.689181736;-4.584648132;0.5790630579;8.84387207;2.697175121;0.4928151667;0.624761939;0.3736965358;1
2.691283559;-4.527220249;0.5694918036;8.757730484;2.699276996;0.4879282415;0.6223185062;0.3846921027;1
2.693385434;-4.479363918;0.5599204898;8.685946465;2.701378819;0.4805978537;0.6210967898;0.3932442069;1
2.695487257;-4.431507587;0.5216353536;8.595019341;2.703480642;0.467158854;0.6149880886;0.3993528485;1
2.697589079;-4.369294167;0.5024927258;8.513663292;2.705582465;0.4524980783;0.608879447;0.4066832364;1
2.699690954;-4.307080746;0.4498506486;8.422736168;2.70768434;0.4353938699;0.6064360142;0.4103484154;1
2.701792777;-4.249652863;0.4354937077;8.336593628;2.709786163;0.4170679152;0.6052142978;0.416457057;1
2.7038946;-4.197010994;0.4259224236;8.202595711;2.711887986;0.3987419903;0.601549089;0.4213439822;1
2.705996423;-4.120440483;0.4211367965;8.111668587;2.713989861;0.3804160357;0.6003273726;0.4262309074;1
2.708098298;-4.063013077;0.4163511395;8.035098076;2.716091684;0.3620901108;0.5966621637;0.4311178327;1
2.710200121;-4.024727821;0.4546363056;7.99202776;2.718193559;0.3474293351;0.5905535221;0.4372264743;1
2.712301944;-3.991228104;0.4546363056;7.99202776;2.720295329;0.3327685893;0.5844448805;0.4408916533;1
2.714403819;-3.9625144;0.4689932466;8.00638485;2.722397204;0.3168860972;0.57467103;0.4421133697;1
2.716505642;-3.909872293;0.4737788737;8.011170387;2.724499079;0.3034470677;0.5722275972;0.4433351159;1
2.718607517;-3.823730469;0.4402793646;8.059026718;2.726600902;0.2887863219;0.5722275972;0.4445568323;1
2.720709288;-3.728017569;0.4307080805;8.05424118;2.728702725;0.2729038298;0.57467103;0.4433351159;1
2.722811163;-3.622733593;0.4019941986;7.972885132;2.7308046;0.2594648004;0.5795579553;0.4433351159;1
2.724913038;-3.541377544;0.3780659735;7.910671711;2.732906371;0.2460257858;0.5832231641;0.4457785785;1
2.727014861;-3.474378586;0.4067798555;7.877171993;2.735008246;0.2338084877;0.5856665969;0.4482220411;1
2.729116684;-3.440878868;0.4307080805;7.891529083;2.737110069;0.2228129357;0.5942187309;0.4531089365;1
2.731218559;-3.421736479;0.4307080805;7.915457249;2.739211944;0.2118173689;0.5991056561;0.4604393244;1
2.733320329;-3.416950703;0.4402793646;7.929814339;2.741313767;0.204486981;0.6027708054;0.4677697122;1
2.735422204;-3.455235958;0.4402793646;7.944170952;2.74341559;0.1971566081;0.6137663722;0.4763218164;1
2.737524027;-3.479164124;0.4115654826;8.001599312;2.745517413;0.1947131455;0.6223185062;0.4848739207;1
2.739625902;-3.46959281;0.3972085714;8.135597229;2.747619288;0.1910479665;0.6357575059;0.4958694875;1
2.741727725;-3.450450182;0.3780659735;8.15473938;2.749721111;0.1886045039;0.6528617144;0.5068650246;1
2.743829548;-3.412165165;0.3445664644;8.173882484;2.751822934;0.1947131455;0.6687442064;0.5203040838;1
2.745931371;-3.426522017;0.3589234054;8.245666504;2.753924757;0.1971566081;0.6870701313;0.5374082923;1
2.748033246;-3.393022537;0.3589234054;8.322237015;2.756026632;0.204486981;0.6980656981;0.5532907844;1
2.750135069;-3.37387991;0.3732803464;8.432307243;2.758128454;0.2118173689;0.7115047574;0.5691732764;1
2.752236892;-3.354737282;0.3445664644;8.528019905;2.760230329;0.2228129357;0.7225003242;0.5838339925;1
2.754338715;-3.311666489;0.3254238665;8.681160927;2.762332152;0.2338084877;0.7383828163;0.5972730517;1
2.75644059;-3.220739365;0.2919243574;8.781659126;2.764433975;0.2448040545;0.7542653084;0.6107120514;1
2.758542413;-3.153740168;0.2488535494;8.84387207;2.76653585;0.2570213675;0.767704308;0.6241511106;1
2.760644288;-3.03888464;0.2057827413;8.858229637;2.768637673;0.2704603672;0.7835868001;0.6375901103;1
2.762746111;-2.933600664;0.1818545163;8.882157326;2.770739496;0.2802342176;0.7945823669;0.6485856771;1
2.764847934;-2.857030153;0.1435693651;8.915657043;2.772841319;0.2887863219;0.8080213666;0.6608029604;1
2.766949809;-2.756531715;0.1052841991;8.949156761;2.774943194;0.2997818887;0.8226821423;0.6705768108;1
2.769051632;-2.641676188;0.09092725813;8.930013657;2.777045017;0.3095557392;0.8348994255;0.6815723777;1
2.771153454;-2.54117775;0.08135596663;8.896514893;2.77914684;0.3181078434;0.8397863507;0.6913462281;1
2.773255277;-2.431107759;0.0765703246;8.90130043;2.781248663;0.324216485;0.8434515595;0.7011200786;1
2.775357152;-2.364108801;0.06221338734;8.896514893;2.783350538;0.327881664;0.8397863507;0.7108938694;1
2.777458975;-2.244467735;0.05742774159;8.867800713;2.785452413;0.3266599476;0.8397863507;0.718224287;1
2.779560798;-2.163111687;0.02871387079;8.819944382;2.787554184;0.3217730224;0.8324559927;0.7267763615;1
2.781662621;-2.0769701;0.01914258115;8.738588333;2.789656059;0.3144426346;0.8287907839;0.7353284955;1
2.783764496;-2.009970903;0.0239282269;8.642875671;2.791757882;0.3022253513;0.8202387094;0.7451022863;1
2.785866371;-1.914258122;0.04307080805;8.484949112;2.793859757;0.2838993967;0.8116865754;0.7536544204;1
2.787968142;-1.852044702;0.05264209956;8.374878883;2.795961579;0.2643517256;0.8006910086;0.7634282708;1
2.790070017;-1.799402595;0.05264209956;8.274380684;2.798063402;0.2435823381;0.7872520089;0.7732021213;1
2.79217184;-1.727617979;0.05264209956;8.221738815;2.800165277;0.2203694731;0.7750346661;0.7841976881;1
2.794273715;-1.674975872;0.05264209956;8.18345356;2.8022671;0.1959348768;0.7591522336;0.7951932549;1
2.796375538;-1.603191137;0.0382851623;8.135597229;2.804368923;0.1715002805;0.7420479655;0.8049670458;1
2.798477361;-1.526620865;0.02871387079;8.102097511;2.806470798;0.1458439678;0.7249437571;0.8159626126;1
2.800579236;-1.45483613;0.009571290575;8.106883049;2.808572621;0.1226311028;0.7066178322;0.8245147467;1
2.802681059;-1.378265858;-0.0143569354;8.15473938;2.810674444;0.09697478265;0.6944005489;0.8306233883;1
2.804782882;-1.26341033;-0.02871387079;8.193024635;2.812776267;0.07620538026;0.6809614897;0.8391754627;1
2.806884757;-1.162911773;-0.06699903309;8.21216774;2.814878142;0.05543597788;0.66752249;0.8428406715;1
2.808986579;-1.067198873;-0.1052841991;8.236095428;2.816979965;0.03711003438;0.6565269232;0.8489493132;1
2.811088402;-0.9667003751;-0.1579262912;8.293522835;2.819081788;0.02122755162;0.6467530727;0.8501710296;1
2.813190225;-0.8518448472;-0.2057827413;8.38923645;2.821183611;0.006566796452;0.6394227147;0.8513928056;1
2.8152921;-0.732203722;-0.2440679073;8.528019905;2.823285486;-0.006872228812;0.6308705807;0.852614522;1
2.817393923;-0.6029912829;-0.2823530734;8.623732567;2.825387361;-0.01786779426;0.6259836555;0.8538362384;1
2.819495746;-0.4929214716;-0.3349951804;8.738588333;2.827489184;-0.03008509055;0.6210967898;0.8538362384;1
2.821597569;-0.3924229145;-0.3397808075;8.829515457;2.829591007;-0.04108065739;0.6162098646;0.8538362384;1
2.823699444;-0.2919243574;-0.3780659735;8.930013657;2.831692829;-0.04718930274;0.6125446558;0.8538362384;1
2.825801319;-0.1866401732;-0.4307080805;9.020941734;2.833794652;-0.05451968312;0.610101223;0.8513928056;1
2.827903142;-0.07178468257;-0.4785645306;9.107083321;2.835896527;-0.06185005978;0.6125446558;0.8477275968;1
2.830004965;0.05264209956;-0.5359922647;9.159725189;2.83799835;-0.07040216774;0.617431581;0.8465058804;1
2.832106788;0.1674975902;-0.5886343718;9.20758152;2.840100173;-0.07162389904;0.6308705807;0.8440623879;1
2.834208611;0.2488535494;-0.6364908218;9.20758152;2.842202048;-0.07528908551;0.6455313563;0.8428406715;1
2.836310486;0.3110669553;-0.708275497;9.198010445;2.844303871;-0.07895427197;0.6626355648;0.8416189551;1
2.838412309;0.3732803464;-0.756131947;9.284152031;2.846405694;-0.08017600328;0.6846266985;0.8403972387;1
2.840514132;0.4067798555;-0.7704889178;9.312865257;2.848507517;-0.08628465235;0.7053961158;0.8416189551;1
2.842616007;0.4259224236;-0.7657032609;9.36550808;2.850609392;-0.08506292105;0.7249437571;0.845284164;1
2.844717829;0.4546363056;-0.7417750359;9.427721024;2.852711215;-0.08139773458;0.7408262491;0.8501710296;1
2.846819652;0.4259224236;-0.708275497;9.552147865;2.854813038;-0.0740673542;0.7506000996;0.852614522;1
2.848921475;0.3924229145;-0.6987041831;9.681360245;2.856914913;-0.06429351866;0.7554870248;0.8575014472;1
2.85102335;0.3828516304;-0.6987041831;9.911071777;2.859016736;-0.05696314201;0.7579304576;0.85994488;1
2.853125173;0.4067798555;-0.7178468108;10.11206818;2.861118559;-0.04596757516;0.7493783832;0.85994488;1
2.855226996;0.4689932466;-0.7657032609;10.2221384;2.863220434;-0.03130681813;0.7396045327;0.8611665964;1
2.857328871;0.5216353536;-0.8231309652;10.31306553;2.865322257;-0.02153298259;0.7237220407;0.8611665964;1
2.859430694;0.5742774606;-0.9092726111;10.45184898;2.867424079;-0.01420260593;0.710283041;0.8587231636;1
2.861532517;0.6460621357;-0.9667003751;10.50449181;2.869525954;-0.01175914705;0.6956222653;0.8575014472;1
2.863634392;0.6699903607;-0.9858429432;10.44706345;2.871627777;-0.01053741761;0.6760746241;0.8550579548;1
2.865736215;0.7226324677;-0.9858429432;10.37049294;2.8737296;-0.01175914705;0.6504182816;0.8501710296;1
2.867838038;0.8183453679;-1.009771109;10.2652092;2.875831475;-0.01664606482;0.6259836555;0.8428406715;1
2.869939913;0.9236295223;-1.000199914;10.19342422;2.877933298;-0.02519817278;0.6076577306;0.8342885971;1
2.872041736;1.043270707;-1.019342422;10.16949654;2.880035121;-0.0374154672;0.5929969549;0.8220712543;1
2.874143559;1.16769743;-1.009771109;10.08814049;2.882136944;-0.05207622424;0.5795579553;0.809853971;1
2.876245434;1.301695466;-0.9714859724;9.963713646;2.884238819;-0.0740673542;0.5636754632;0.8013018966;1
2.878347257;1.397408366;-0.94277215;9.868000984;2.886340642;-0.0972802192;0.5465712547;0.7915280461;1
2.880449079;1.469193101;-0.9092726111;9.7196455;2.888442465;-0.1266017258;0.5282453299;0.7841976881;1
2.882550902;1.488335729;-0.8805587292;9.576076508;2.89054434;-0.1534797698;0.5050324798;0.7768672705;1
2.884652777;1.478764415;-0.866201818;9.44207859;2.892646163;-0.1779143661;0.4854847789;0.7707586288;1
2.8867546;1.478764415;-0.8566305041;9.370293617;2.894747986;-0.1999054998;0.4659371078;0.7646499872;1
2.888856423;1.473978758;-0.866201818;9.355937004;2.896849861;-0.2218966335;0.4512763619;0.7560978532;1
2.890958298;1.507478237;-0.8518448472;9.375079155;2.898951684;-0.2426660359;0.4329504073;0.7512109876;1
2.893060121;1.55054903;-0.8183453679;9.432506561;2.901053507;-0.2561050653;0.4182896614;0.7463240623;1
2.895161944;1.588834286;-0.7752745152;9.470791817;2.903155329;-0.2695440948;0.4097375572;0.7402154207;1
2.897263819;1.607976794;-0.7130611539;9.547362328;2.905257204;-0.2768744528;0.4024071693;0.7377719283;1
2.899365642;1.670190215;-0.6747759581;9.7196455;2.907359027;-0.2805396616;0.4024071693;0.7304415703;1
2.901467465;1.722832322;-0.6460621357;9.882357597;2.90946085;-0.2805396616;0.404850632;0.7267763615;1
2.903569288;1.756331801;-0.6317051649;9.987641335;2.911562725;-0.2756527364;0.4060723484;0.7206677198;1
2.905671163;1.780260086;-0.650847733;10.11206818;2.913664548;-0.2695440948;0.4146244824;0.7157807946;1
2.907772986;1.808973908;-0.6699903607;10.28435135;2.915766371;-0.262213707;0.424398303;0.709672153;1
2.909874809;1.823330879;-0.6939185858;10.34656525;2.917868246;-0.2512181401;0.4366155863;0.7060069442;1
2.911976684;1.837687731;-0.6987041831;10.4279213;2.919970069;-0.235335663;0.4524980783;0.6998983026;1
2.914078507;1.842473388;-0.7178468108;10.51884842;2.922071892;-0.2182314396;0.470824033;0.6962331533;1
2.916180329;1.875972986;-0.7226324677;10.64327526;2.924173715;-0.1986837685;0.4915934205;0.6925679445;1
2.918282204;1.899901152;-0.7513462901;10.7677021;2.92627559;-0.1766926348;0.5074759126;0.6876810193;1
2.920384027;1.899901152;-0.7417750359;10.84905815;2.928377413;-0.1522580534;0.5221366882;0.6876810193;1
2.92248585;1.904686809;-0.7226324677;10.9112711;2.930479236;-0.1241582632;0.5404626131;0.6852375865;1
2.924587673;1.914258122;-0.7226324677;11.01655579;2.932581111;-0.09850194305;0.558788538;0.6840158105;1
2.926689548;1.938186288;-0.6939185858;11.14098263;2.934682934;-0.07162389904;0.5734493136;0.6815723777;1
2.928791371;1.947757602;-0.6987041831;11.21755219;2.936784757;-0.04352411628;0.5844448805;0.6766854525;1
2.930893194;1.9812572;-0.6843472719;11.23190975;2.938886579;-0.02031125315;0.5954404473;0.6705768108;1
2.932995069;2.009970903;-0.6556333899;11.20798111;2.940988454;0.005345067009;0.6039925218;0.6632464528;1
2.935096892;2.081755638;-0.6364908218;11.18405342;2.943090277;0.02611446939;0.6113229394;0.6571378112;1
2.937198715;2.134397745;-0.6173482537;11.09312534;2.945192152;0.04321868345;0.6149880886;0.6498073936;1
2.939300538;2.220539331;-0.6029912829;11.04526901;2.947293975;0.0542142503;0.6186532974;0.6424770355;1
2.941402413;2.292324066;-0.5647061467;10.91605663;2.949395798;0.06154462695;0.617431581;0.6375901103;1
2.943504236;2.297109842;-0.5024927258;10.74377346;2.951497621;0.06276635826;0.6198750138;0.6327031851;1
2.945606111;2.292324066;-0.4402793646;10.51884842;2.953599496;0.05910116807;0.6198750138;0.6327031851;1
2.947707934;2.258824587;-0.3541377485;10.30349445;2.955701319;0.04932733253;0.6137663722;0.6363683939;1
2.949809757;2.20618248;-0.2679961324;10.12164021;2.957803194;0.03833176568;0.608879447;0.6400335431;1
2.951911579;2.153540373;-0.1866401732;9.915857315;2.959905017;0.02489273995;0.6003273726;0.6449204683;1
2.954013454;2.081755638;-0.1196411327;9.743574142;2.96200684;0.005345067009;0.5893318057;0.65102911;1
2.956115277;2.024327993;-0.05742774159;9.657432556;2.964108663;-0.01420260593;0.57467103;0.6571378112;1
2.958217152;1.986042738;0.004785645287;9.580862045;2.966210538;-0.0374154672;0.560010314;0.6632464528;1
2.960318975;1.962114573;0.0765703246;9.432506561;2.968312361;-0.06429351866;0.5429060459;0.6717985272;1
2.962420798;1.957328916;0.1531406492;9.322437286;2.970414236;-0.09239330143;0.5221366882;0.6791289449;1
2.964522621;1.942971945;0.2057827413;9.2362957;2.972516059;-0.121714808;0.4977020919;0.6840158105;1
2.966624496;1.914258122;0.2440679073;9.169296265;2.974617882;-0.1534797698;0.4757109582;0.6889027357;1
2.968726319;1.904686809;0.2775674164;9.140582085;2.976719704;-0.1852447391;0.4561632872;0.6937896609;1
2.970828194;1.904686809;0.2919243574;9.164510727;2.978821579;-0.2145662606;0.4366155863;0.6998983026;1
2.972930017;1.890329838;0.3014956415;9.126225471;2.980923402;-0.2451094985;0.4170679152;0.7072287202;1
2.97503184;1.856830359;0.3158525825;9.116654396;2.983025225;-0.2732092738;0.3999637067;0.7133373618;1
2.977133663;1.823330879;0.3254238665;9.135796547;2.985127048;-0.2988655865;0.3840812445;0.718224287;1
2.979235538;1.789831281;0.3397808075;9.159725189;2.987228923;-0.3220784664;0.3669770062;0.7267763615;1
2.981337361;1.789831281;0.3445664644;9.288937569;2.989330746;-0.3428478539;0.3535379767;0.7328850031;1
2.983439184;1.751546144;0.3254238665;9.41336441;2.991432569;-0.3575085998;0.3376555145;0.7389936447;1
2.985541007;1.718046665;0.2823530734;9.57129097;2.993534392;-0.3685041666;0.3229947388;0.7451022863;1
2.987642882;1.689332843;0.2440679073;9.753145218;2.995636267;-0.3697259128;0.3071122766;0.7487674952;1
2.989744704;1.655833244;0.1866401732;9.978070259;2.99773809;-0.3685041666;0.2936732471;0.7512109876;1
2.991846527;1.631905079;0.1292124242;10.18863869;2.999839965;-0.3599520624;0.2826776803;0.7499892116;1
2.99394835;1.636690736;0.05264209956;10.41835022;3.001941788;-0.3489564955;0.274125576;0.7463240623;1
2.996050225;1.694118381;-0.02871387079;10.69113159;3.004043611;-0.3306305707;0.2692386508;0.7389936447;1
2.998152048;1.780260086;-0.0765703246;10.95434189;3.006145434;-0.3110828996;0.2692386508;0.7328850031;1
3.000253923;1.875972986;-0.1148554832;11.05962658;3.008247309;-0.2890917659;0.274125576;0.7255546451;1
3.002355746;1.995614052;-0.1531406492;11.21276665;3.010349132;-0.262213707;0.2802342176;0.717002511;1
3.004457569;2.0769701;-0.1914258152;11.36112213;3.012451007;-0.2365573794;0.2936732471;0.7072287202;1
3.006559392;2.115255117;-0.2105683982;11.49990559;3.014552777;-0.2060141414;0.3034470677;0.6950113773;1
3.008661267;2.143969059;-0.2488535494;11.58126163;3.016654652;-0.1779143661;0.3132209182;0.6815723777;1
3.01076309;2.20618248;-0.2919243574;11.63868904;3.018756475;-0.1473711282;0.3217730224;0.6644681692;1
3.012864965;2.292324066;-0.3349951804;11.71525955;3.020858298;-0.115606159;0.3291034102;0.6436987519;1
3.014966736;2.388036966;-0.4019941986;11.72483063;3.022960173;-0.08384118974;0.3339903057;0.6217076182;1
3.017068611;2.49332118;-0.4594219327;11.74875927;3.025061996;-0.05696314201;0.3303251266;0.5972730517;1
3.019170434;2.608176708;-0.5264210105;11.79183006;3.027163819;-0.02886336111;0.327881664;0.5703949928;1
3.021272257;2.742174864;-0.5455635786;11.73440266;3.029265694;-0.006872228812;0.3303251266;0.5435169339;1
3.023374132;2.818745136;-0.5694918036;11.70090294;3.031367569;0.01145371422;0.3376555145;0.5178605914;1
3.025475954;2.866601467;-0.5886343718;11.5764761;3.033469392;0.02733619884;0.3400989771;0.4958694875;1
3.027577777;2.847458839;-0.5694918036;11.45683479;3.035571215;0.03955349326;0.3388772309;0.4763218164;1
3.029679652;2.799602509;-0.5359922647;11.30848026;3.037673038;0.05054906011;0.3327685893;0.459217608;1
3.031781527;2.775674343;-0.4929214716;11.21755219;3.039774913;0.06032289565;0.3181078434;0.4445568323;1
3.03388335;2.703889608;-0.4546363056;11.16491032;3.041876736;0.06765327603;0.3010036349;0.4311178327;1
3.035985173;2.584248543;-0.4163511395;11.09312534;3.043978559;0.07498364896;0.2790125012;0.4152353406;1
3.038086996;2.517249346;-0.3397808075;11.18405342;3.046080382;0.07498364896;0.2545779049;0.4017963111;1
3.040188871;2.522035122;-0.2679961324;11.17926693;3.048182257;0.0725401938;0.227699846;0.3932442069;1
3.042290694;2.517249346;-0.1866401732;11.01177025;3.050284079;0.06887500733;0.1983783394;0.3859138191;1
3.044392517;2.459821701;-0.1100698411;10.83470058;3.052385902;0.06032289565;0.1678351015;0.3822486401;1
3.04649434;2.354537487;-0.05742774159;10.72463131;3.054487777;0.04810560122;0.1360701323;0.3798051775;1
3.048596215;2.234896421;-0.0143569354;10.6480608;3.0565896;0.03711003438;0.1067486182;0.378583461;1
3.050698038;2.105684042;0.0382851623;10.57627583;3.058691423;0.02244928107;0.08109229803;0.378583461;1
3.052799861;2.01475668;0.09571290761;10.43749237;3.060793246;0.005345067009;0.05787943676;0.378583461;1
3.054901736;1.942971945;0.1579262912;10.34656525;3.062895121;-0.01175914705;0.03344484791;0.3810268939;1
3.057003559;1.895115495;0.2057827413;10.28435135;3.064996944;-0.02886336111;0.01389717404;0.3834703565;1
3.059105382;1.875972986;0.2536391914;10.18863869;3.067098767;-0.04596757516;-0.006872228812;0.3871355653;1
3.061207204;1.871187329;0.3014956415;10.11206818;3.069200642;-0.06551524997;-0.02153298259;0.3883572817;1
3.063309079;1.904686809;0.3397808075;10.12642574;3.071302465;-0.08139773458;-0.02764163166;0.3920224607;1
3.065410902;1.93340075;0.3780659735;10.13121128;3.073404288;-0.0972802192;-0.03375028074;0.3908007443;1
3.067512725;1.9812572;0.4115654826;10.06421185;3.075506163;-0.1131627038;-0.03497200832;0.3920224607;1
3.0696146;2.033899307;0.4259224236;9.978070259;3.077607986;-0.1302669197;-0.0374154672;0.3920224607;1
3.071716423;2.086541414;0.4259224236;9.95414257;3.079709809;-0.142484203;-0.03252854943;0.3895790279;1
3.073818246;2.167897224;0.4307080805;9.963713646;3.081811684;-0.1534797698;-0.02764163166;0.3834703565;1
3.075920121;2.225325108;0.4211367965;9.973284721;3.083913507;-0.1632536054;-0.02031125315;0.3773617148;1
3.078021944;2.316252232;0.4115654826;9.963713646;3.086015329;-0.1718057245;-0.008093958721;0.3724747896;1
3.080123767;2.368894339;0.4115654826;10.01156998;3.088117152;-0.1779143661;0.006566796452;0.362700969;1
3.082225642;2.39760828;0.3828516304;10.04985523;3.090219027;-0.1803578287;0.02367101051;0.3553705812;1
3.084327465;2.421536446;0.3732803464;10.11685371;3.09232085;-0.1766926348;0.04321868345;0.3468184769;1
3.086429288;2.440679073;0.3254238665;10.17428207;3.094422673;-0.1779143661;0.06154462695;0.3370446563;1
3.088531111;2.440679073;0.3014956415;10.29870892;3.096524548;-0.1693622619;0.07864884287;0.3272708058;1
3.090632986;2.440679073;0.2679961324;10.40877819;3.098626371;-0.162031889;0.09697478265;0.3187187016;1
3.092734809;2.416750908;0.2153540403;10.46142101;3.100728194;-0.1522580534;0.1153007299;0.3065013885;1
3.094836632;2.388036966;0.2057827413;10.53799057;3.102830017;-0.1412624866;0.1360701323;0.2967275679;1
3.096938507;2.364108801;0.2057827413;10.68634605;3.104931892;-0.131488651;0.1519526094;0.2845102847;1
3.099040329;2.378465652;0.1962114573;10.77248764;3.107033715;-0.1192713454;0.1653916389;0.2747364342;1
3.101142152;2.364108801;0.1770688742;10.84427261;3.10913559;-0.1046105921;0.1800523996;0.2649625838;1
3.103243975;2.335394859;0.1387837082;10.88255692;3.111237413;-0.09239330143;0.1910479665;0.2551887631;1
3.10534585;2.282752752;0.1196411327;10.9304142;3.113339236;-0.07773254067;0.1996000707;0.2441931963;1
3.107447673;2.230110645;0.08614161611;10.96869946;3.115441059;-0.06307178736;0.2093739063;0.2344193608;1
3.109549548;2.172683001;0.07178468257;10.99262714;3.117542934;-0.04718930274;0.2203694731;0.2246455252;1
3.111651371;2.134397745;0.05264209956;11.00219822;3.119644757;-0.03497200832;0.2289215773;0.2112064958;1
3.113753194;2.129612207;0.05742774159;11.03569794;3.121746579;-0.0190895237;0.2374736816;0.1989891976;1
3.115855017;2.134397745;0.02871387079;11.02612686;3.123848454;-0.00565049937;0.2435823381;0.1855501831;1
3.117956892;2.139183521;0.0239282269;11.03569794;3.125950277;0.006566796452;0.2472475171;0.1708894223;1
3.120058715;2.134397745;0.004785645287;11.03569794;3.1280521;0.02122755162;0.2472475171;0.1598938555;1
3.122160538;2.115255117;-0.009571290575;11.02134132;3.130153975;0.03222311661;0.2423606068;0.1440113783;1
3.124262413;2.048256159;0.0;11.00698376;3.132255798;0.04077522457;0.2374736816;0.1281288862;1
3.126364236;1.995614052;-0.04307080805;11.02612686;3.134357621;0.04932733253;0.2338084877;0.1146898642;1
3.128466059;1.957328916;-0.03349951655;10.98784161;3.136459496;0.05665770918;0.227699846;0.1036942974;1
3.130567934;1.923829436;-0.0382851623;10.97348499;3.138561319;0.06276635826;0.2191477418;0.09147699922;1
3.132669757;1.832902193;0.0143569354;10.85384369;3.140663142;0.06765327603;0.2081521749;0.08170316368;1
3.134771579;1.765903115;0.04307080805;10.79641533;3.142764965;0.07131846249;0.1983783394;0.07315105945;1
3.136873454;1.718046665;0.1052841991;10.82512951;3.14486684;0.07131846249;0.1886045039;0.06582067907;1
3.138975277;1.617548108;0.1244267747;10.81555843;3.146968663;0.0737619251;0.177608937;0.05971203372;1
3.1410771;1.540977836;0.1531406492;10.75334454;3.149070486;0.07498364896;0.1641699076;0.04871646687;1
3.143178923;1.450050473;0.1579262912;10.68634605;3.151172361;0.07620538026;0.1495091617;0.04016435891;1
3.145280798;1.344766378;0.1579262912;10.6480608;3.153274184;0.07864884287;0.1360701323;0.03039052337;1
3.147382621;1.31126678;0.1435693651;10.63370419;3.155376007;0.08109229803;0.1214093715;0.01817322709;1
3.149484444;1.258624673;0.1435693651;10.64327526;3.157477882;0.08231402934;0.1104138121;0.009621120058;1
3.151586319;1.239482164;0.1531406492;10.60977554;3.159579704;0.08353576064;0.09453132749;0.004734201822;1
3.153688142;1.191625714;0.1866401732;10.5475626;3.161681527;0.08353576064;0.07742711157;0.00351247238;1
3.155789965;1.071984529;0.2392822653;10.52363396;3.163783402;0.08231402934;0.06154462695;0.001069013379;1
3.15789184;0.890130043;0.2919243574;10.55713367;3.165885225;0.08353576064;0.04321868345;0.00351247238;1
3.159993663;0.7657032609;0.3158525825;10.59063339;3.167987048;0.07987056673;0.02855792828;0.00351247238;1
3.162095486;0.6699903607;0.3637090325;10.60020447;3.170088871;0.07987056673;0.01389717404;0.008399390616;1
3.164197361;0.5886343718;0.3972085714;10.57627583;3.172190746;0.07742711157;0.006566796452;0.01328630932;1
3.166299184;0.4833501875;0.4307080805;10.50449181;3.174292569;0.07498364896;-0.006872228812;0.02061668597;1
3.168401007;0.3828516304;0.4929214716;10.49013424;3.176394392;0.0725401938;-0.0190895237;0.02672533318;1
3.170502829;0.2823530734;0.5359922647;10.49491978;3.178496267;0.0737619251;-0.03497200832;0.03161225095;1
3.172604704;0.2153540403;0.5407779217;10.49491978;3.18059809;0.0725401938;-0.05329795182;0.03527744114;1
3.174706527;0.1818545163;0.5503492355;10.52841949;3.182699913;0.0737619251;-0.06551524997;0.03649916872;1
3.17680835;0.1674975902;0.5599204898;10.56670475;3.184801788;0.0725401938;-0.07528908551;0.04138609022;1
3.178910225;0.1387837082;0.5599204898;10.57149029;3.186903611;0.07009673119;-0.08506292105;0.0438295491;1
3.181012048;0.1339980662;0.5790630579;10.49013424;3.189005434;0.07009673119;-0.09239330143;0.04505127668;1
3.183113871;0.1292124242;0.5838487148;10.44227791;3.191107257;0.06765327603;-0.09850194305;0.04627300799;1
3.185215746;0.08135596663;0.5838487148;10.38963604;3.193209079;0.06398808211;-0.1070540547;0.04749473557;1
3.187317569;0.05742774159;0.5742774606;10.39920712;3.195310954;0.06154462695;-0.1082757786;0.05115992576;1
3.189419392;0.01914258115;0.5934200287;10.37527943;3.197412777;0.05787943676;-0.1119409725;0.05238165334;1
3.191521215;-0.04785645381;0.5934200287;10.31306553;3.199514652;0.05543597788;-0.1119409725;0.05849030241;1
3.193623038;-0.09571290761;0.6173482537;10.27478027;3.201616475;0.05299251899;-0.115606159;0.0621554926;1
3.195724913;-0.1435693651;0.6652047038;10.24128056;3.203718298;0.05054906011;-0.1229365394;0.06826414168;1
3.197826736;-0.2153540403;0.6891329288;10.21735287;3.205820173;0.04932733253;-0.1375972927;0.0743727833;1
3.199928611;-0.3062812984;0.7178468108;10.22692394;3.207921996;0.04688387364;-0.1498145908;0.07925970852;1
3.202030434;-0.3924229145;0.7130611539;10.24606609;3.210023819;0.04444041103;-0.162031889;0.08781181276;1
3.204132257;-0.4546363056;0.7226324677;10.33699417;3.212125642;0.04077522457;-0.1705839932;0.09636391699;1
3.206234132;-0.5264210105;0.7417750359;10.28913784;3.214227517;0.03466657549;-0.1803578287;0.1036942974;1
3.208335954;-0.5742774606;0.7513462901;10.18863869;3.21632934;0.03100138716;-0.1937968582;0.1134681329;1
3.210437777;-0.6125625968;0.7704889178;10.10728264;3.218431215;0.02489273995;-0.2084576041;0.119576782;1
3.2125396;-0.6460621357;0.813559711;10.06421185;3.220533038;0.0175623633;-0.2218966335;0.1256854236;1
3.214641475;-0.6173482537;0.8183453679;10.04028416;3.222634861;0.01389717404;-0.2328922004;0.1293506175;1
3.216743298;-0.5982056856;0.8231309652;10.03071213;3.224736684;0.007788525894;-0.2438877672;0.1317940801;1
3.218845173;-0.5742774606;0.7944171429;9.997213364;3.226838559;0.002901607659;-0.2487746775;0.1342375278;1
3.220946996;-0.5359922647;0.7465606928;10.02114105;3.228940382;-0.0007635809598;-0.2536616027;0.1317940801;1
3.223048819;-0.4546363056;0.6891329288;9.973284721;3.231042204;-0.004428769462;-0.2524398565;0.1305723488;1
3.225150642;-0.4115654826;0.6556333899;9.930213928;3.233144079;-0.009315688163;-0.2548833191;0.1269071549;1
3.227252517;-0.3541377485;0.5934200287;9.949356079;3.235245902;-0.01420260593;-0.2573267817;0.1207985133;1
3.22935434;-0.3062812984;0.5742774606;9.978070259;3.237347725;-0.01420260593;-0.2597702444;0.1159115955;1
3.231456163;-0.2249253243;0.5886343718;9.968499184;3.239449548;-0.01786779426;-0.258548528;0.1098029464;1
3.233558038;-0.1435693651;0.5838487148;9.934999466;3.241551423;-0.01786779426;-0.262213707;0.1000291109;1
3.235659861;-0.08614161611;0.6077769399;9.915857315;3.243653246;-0.01786779426;-0.2646571696;0.09147699922;1
3.237761684;-0.05264209956;0.5694918036;9.925428391;3.245755069;-0.01664606482;-0.2634354234;0.08414662629;1
3.239863507;-0.0382851623;0.5264210105;9.944570541;3.247856944;-0.01786779426;-0.2609919906;0.07681624591;1
3.241965382;-0.04785645381;0.4785645306;9.978070259;3.249958767;-0.01786779426;-0.2548833191;0.07070759684;1
3.244067204;-0.05742774159;0.4737788737;9.958928108;3.25206059;-0.0190895237;-0.2499964088;0.06582067907;1
3.246169027;-0.09571290761;0.4642075896;9.891928673;3.254162413;-0.01664606482;-0.2499964088;0.06459894776;1
3.248270902;-0.1722832322;0.4785645306;9.872786522;3.256264288;-0.02031125315;-0.2499964088;0.06459894776;1
3.250372725;-0.2153540403;0.5120640397;9.84885788;3.258366111;-0.02519817278;-0.2487746775;0.06337722391;1
3.252474548;-0.2919243574;0.5455635786;9.84885788;3.260467934;-0.02397644334;-0.2463312149;0.06459894776;1
3.254576371;-0.3397808075;0.5742774606;9.887143135;3.262569809;-0.02764163166;-0.2475529462;0.06459894776;1
3.256678246;-0.3876372576;0.5886343718;9.863214493;3.264671632;-0.03130681813;-0.2536616027;0.06337722391;1
3.258780069;-0.4450650215;0.6077769399;9.796216011;3.266773507;-0.03252854943;-0.2536616027;0.06337722391;1
3.260881892;-0.4546363056;0.6077769399;9.791430473;3.268875329;-0.03985892609;-0.2548833191;0.06337722391;1
3.262983767;-0.4594219327;0.5886343718;9.781859398;3.270977152;-0.04352411628;-0.2536616027;0.06582067907;1
3.26508559;-0.4594219327;0.6125625968;9.714859962;3.273078975;-0.05329795182;-0.2536616027;0.06948586553;1
3.267187465;-0.4833501875;0.6173482537;9.710074425;3.275180798;-0.05940660089;-0.2548833191;0.07315105945;1
3.269289288;-0.5120640397;0.6173482537;9.676574707;3.277282673;-0.06429351866;-0.2561050653;0.07681624591;1
3.271391111;-0.5455635786;0.6412764788;9.734002113;3.279384496;-0.06795870513;-0.2609919906;0.08048143238;1
3.273492934;-0.5886343718;0.6604190469;9.767501831;3.281486319;-0.07040216774;-0.2646571696;0.08170316368;1
3.275594757;-0.5982056856;0.6412764788;9.824930191;3.283588194;-0.0740673542;-0.2646571696;0.08048143238;1
3.277696632;-0.5599204898;0.6364908218;9.868000984;3.285690017;-0.0728456229;-0.2707658112;0.08170316368;1
3.279798454;-0.5168496966;0.6125625968;9.911071777;3.28779184;-0.0728456229;-0.281761378;0.07559451461;1
3.281900277;-0.4737788737;0.5694918036;9.934999466;3.289893715;-0.07162389904;-0.2903134823;0.07315105945;1
3.284002152;-0.4402793646;0.5168496966;9.982855797;3.291995538;-0.06918043643;-0.2915352285;0.06582067907;1
3.286103975;-0.4019941986;0.4833501875;10.03549862;3.294097361;-0.06795870513;-0.2903134823;0.0621554926;1
3.288205798;-0.3732803464;0.4546363056;10.04028416;3.296199236;-0.06551524997;-0.2866483033;0.05726857483;1
3.290307673;-0.3684946895;0.4163511395;10.04506969;3.298301059;-0.06062832847;-0.2829830945;0.05238165334;1
3.292409496;-0.3732803464;0.4211367965;10.04028416;3.300402934;-0.05940660089;-0.2829830945;0.04871646687;1
3.294511319;-0.3924229145;0.4259224236;10.05464077;3.302504757;-0.05451968312;-0.2805396616;0.04505127668;1
3.296613194;-0.3876372576;0.4402793646;10.05942631;3.304606579;-0.05085449293;-0.281761378;0.04138609022;1
3.298715017;-0.3876372576;0.4450650215;10.10728264;3.306708402;-0.04474584386;-0.2805396616;0.03772090003;1
3.300816892;-0.3780659735;0.4546363056;10.13599682;3.308810277;-0.03863719851;-0.2805396616;0.03283398226;1
3.302918715;-0.3780659735;0.4354937077;10.13599682;3.3109121;-0.03130681813;-0.2793179154;0.02672533318;1
3.305020538;-0.3637090325;0.3924229145;10.1024971;3.313013923;-0.02641990222;-0.2768744528;0.02306014486;1
3.307122361;-0.3254238665;0.3541377485;10.11685371;3.315115746;-0.02275471389;-0.2695440948;0.01817322709;1
3.309224236;-0.2919243574;0.3589234054;10.09771156;3.317217621;-0.01420260593;-0.2609919906;0.01206457894;1
3.311326059;-0.3062812984;0.3397808075;10.06899738;3.319319444;-0.01175914705;-0.2512181401;0.008399390616;1
3.313427882;-0.3254238665;0.3397808075;10.00678444;3.321421319;-0.008093958721;-0.2426660359;0.00351247238;1
3.315529704;-0.3493520916;0.3541377485;9.958928108;3.323523142;-0.001985310577;-0.2377791107;0.001069013379;1
3.317631579;-0.3780659735;0.3924229145;9.896714211;3.325624965;0.0016798781;-0.2255618125;-0.002596175298;1
3.319733402;-0.3780659735;0.4163511395;9.920642853;3.327726788;0.004123337101;-0.215787977;-0.006261364091;1
3.321835277;-0.3780659735;0.4402793646;9.891928673;3.329828663;0.005345067009;-0.2023489624;-0.006261364091;1
3.3239371;-0.4019941986;0.4259224236;9.815358162;3.331930486;0.006566796452;-0.1925751269;-0.006261364091;1
3.326038923;-0.4211367965;0.4498506486;9.743574142;3.334032309;0.005345067009;-0.18157956;-0.003817904973;1
3.328140746;-0.4546363056;0.4498506486;9.7196455;3.336134132;0.005345067009;-0.1730274558;-0.0001527161949;1
3.330242621;-0.4833501875;0.4498506486;9.705288887;3.338236007;0.007788525894;-0.1681405306;0.001069013379;1
3.332344444;-0.5072783828;0.4594219327;9.69093132;3.340337829;0.009010255337;-0.1632536054;0.00351247238;1
3.334446267;-0.5216353536;0.4642075896;9.667003632;3.342439704;0.006566796452;-0.158366695;0.005955931731;1
3.33654809;-0.4977070987;0.4498506486;9.69093132;3.344541527;0.005345067009;-0.1522580534;0.005955931731;1
3.338649965;-0.4977070987;0.4594219327;9.7196455;3.34664335;0.004123337101;-0.1473711282;0.007177661173;1
3.340751788;-0.4737788737;0.4833501875;9.667003632;3.348745173;-0.0007635809598;-0.142484203;0.008399390616;1
3.342853663;-0.4833501875;0.5168496966;9.643074989;3.350847048;-0.004428769462;-0.1363755614;0.0108428495;1
3.344955486;-0.4929214716;0.5455635786;9.585647583;3.352948819;-0.009315688163;-0.1302669197;0.009621120058;1
3.347057309;-0.5072783828;0.5647061467;9.590433121;3.355050694;-0.01298087649;-0.1290451884;0.0108428495;1
3.349159132;-0.5168496966;0.5647061467;9.57129097;3.357152517;-0.01664606482;-0.1253799945;0.0108428495;1
3.351261007;-0.5264210105;0.5599204898;9.595218658;3.359254392;-0.02153298259;-0.1204930767;0.0108428495;1
3.353362777;-0.5120640397;0.5312066078;9.614361763;3.361356215;-0.02519817278;-0.115606159;0.009621120058;1
3.355464652;-0.5359922647;0.5120640397;9.614361763;3.363458038;-0.02641990222;-0.1143844277;0.007177661173;1
3.357566475;-0.5359922647;0.4833501875;9.623932838;3.365559913;-0.02519817278;-0.1180496216;0.00351247238;1
3.35966835;-0.5455635786;0.4642075896;9.667003632;3.367661736;-0.02764163166;-0.1180496216;0.002290742937;1
3.361770173;-0.5694918036;0.4163511395;9.729216576;3.369763611;-0.02886336111;-0.1143844277;-0.0001527161949;1
3.363871996;-0.5599204898;0.4019941986;9.767501831;3.371865434;-0.02764163166;-0.1119409725;-0.001374445739;1
3.365973871;-0.5599204898;0.3924229145;9.777072906;3.373967257;-0.02519817278;-0.1107192412;-0.003817904973;1
3.368075694;-0.5455635786;0.3972085714;9.772287369;3.376069079;-0.02153298259;-0.1119409725;-0.005039634649;1
3.370177569;-0.5647061467;0.4115654826;9.791430473;3.378170902;-0.02031125315;-0.1107192412;-0.007483093534;1
3.372279392;-0.5934200287;0.4211367965;9.853643417;3.380272777;-0.01664606482;-0.1082757786;-0.008704823442;1
3.374381215;-0.5886343718;0.4354937077;9.925428391;3.3823746;-0.01175914705;-0.1058323234;-0.009926552884;1
3.376483038;-0.5742774606;0.4642075896;9.963713646;3.384476423;-0.008093958721;-0.1058323234;-0.01359174121;1
3.378584861;-0.5934200287;0.4259224236;9.925428391;3.386578298;-0.00565049937;-0.1046105921;-0.01603520103;1
3.380686736;-0.5934200287;0.4211367965;9.95414257;3.388680121;-0.001985310577;-0.1058323234;-0.01970038936;1
3.382788559;-0.5838487148;0.3924229145;9.939785004;3.390781996;-0.0007635809598;-0.1070540547;-0.02336557768;1
3.384890382;-0.5934200287;0.3732803464;9.911071777;3.392883819;0.0016798781;-0.1070540547;-0.02703076601;1
3.386992257;-0.5934200287;0.3780659735;9.901499748;3.394985642;0.002901607659;-0.1094975099;-0.0294742249;1
3.389094079;-0.5838487148;0.3780659735;9.882357597;3.397087465;0.006566796452;-0.1070540547;-0.03191768378;1
3.391195954;-0.6077769399;0.3876372576;9.834501266;3.39918934;0.002901607659;-0.1094975099;-0.03558287397;1
3.393297777;-0.5838487148;0.4067798555;9.8201437;3.401291163;0.005345067009;-0.1131627038;-0.03558287397;1
3.3953996;-0.5934200287;0.4019941986;9.753145218;3.403392986;0.004123337101;-0.121714808;-0.03802633286;1
3.397501423;-0.5934200287;0.4163511395;9.700503349;3.405494809;0.0004581485991;-0.1290451884;-0.03802633286;1
3.399603298;-0.6077769399;0.4211367965;9.652647018;3.407596684;-0.001985310577;-0.1278234571;-0.03924806044;1
3.401705121;-0.6317051649;0.4259224236;9.604789734;3.409698507;-0.008093958721;-0.1229365394;-0.03680460155;1
3.403806944;-0.6412764788;0.4354937077;9.537791252;3.411800382;-0.01175914705;-0.1168278903;-0.03680460155;1
3.405908767;-0.6699903607;0.4402793646;9.432506561;3.413902204;-0.01542433538;-0.1119409725;-0.03436114267;1
3.408010642;-0.679561615;0.4881358147;9.3367939;3.416004027;-0.02031125315;-0.1094975099;-0.03191768378;1
3.410112465;-0.6987041831;0.5407779217;9.288937569;3.41810585;-0.02519817278;-0.1058323234;-0.0294742249;1
3.41221434;-0.708275497;0.5790630579;9.269794464;3.420207673;-0.03130681813;-0.1009454057;-0.02458730713;1
3.414316163;-0.7130611539;0.6221339107;9.269794464;3.422309548;-0.03497200832;-0.0972802192;-0.02214384824;1
3.416417986;-0.70348984;0.6460621357;9.2362957;3.424411371;-0.03619373962;-0.09117157012;-0.01603520103;1
3.418519809;-0.7130611539;0.6460621357;9.193224907;3.426513246;-0.04108065739;-0.08750637621;-0.01114828233;1
3.420621632;-0.7178468108;0.6460621357;9.116654396;3.428615069;-0.04596757516;-0.08628465235;-0.005039634649;1
3.422723507;-0.7704889178;0.6460621357;9.107083321;3.430716944;-0.04718930274;-0.08261945844;-0.0001527161949;1
3.424825329;-0.7896314859;0.6460621357;9.131011009;3.432818767;-0.05085449293;-0.07895427197;0.007177661173;1
3.426927204;-0.7944171429;0.6460621357;9.131011009;3.43492059;-0.0557414107;-0.07528908551;0.01450803876;1
3.429029027;-0.8087740541;0.650847733;9.145368576;3.437022413;-0.05940660089;-0.07162389904;0.02306014486;1
3.431130902;-0.8279166222;0.626919508;9.126225471;3.439124236;-0.06185005978;-0.07040216774;0.02916879393;1
3.433232725;-0.7944171429;0.6173482537;9.154939651;3.441226111;-0.06795870513;-0.0728456229;0.03527744114;1
3.435334548;-0.7752745152;0.6173482537;9.159725189;3.443327934;-0.06918043643;-0.0740673542;0.04016435891;1
3.437436371;-0.7465606928;0.6173482537;9.135796547;3.445429757;-0.0740673542;-0.07528908551;0.04627300799;1
3.439538194;-0.7226324677;0.5934200287;9.140582085;3.447531579;-0.08017600328;-0.0740673542;0.04871646687;1
3.441640069;-0.6987041831;0.5694918036;9.135796547;3.449633454;-0.08384118974;-0.0728456229;0.05360338464;1
3.443741892;-0.6843472719;0.5551348329;9.102297783;3.451735277;-0.08628465235;-0.07162389904;0.05604684353;1
3.445843715;-0.6699903607;0.5216353536;9.097511292;3.4538371;-0.09117157012;-0.06795870513;0.05849030241;1
3.447945538;-0.650847733;0.5264210105;9.107083321;3.455938975;-0.09483675659;-0.06673697382;0.0621554926;1
3.450047413;-0.5934200287;0.4929214716;9.107083321;3.458040798;-0.09850194305;-0.06429351866;0.06337722391;1
3.452149236;-0.5599204898;0.4785645306;9.102297783;3.460142621;-0.102167137;-0.06185005978;0.06704241037;1
3.454251059;-0.5168496966;0.4881358147;9.116654396;3.462244496;-0.1058323234;-0.06062832847;0.06948586553;1
3.456352934;-0.4737788737;0.4737788737;9.111868858;3.464346319;-0.1094975099;-0.0557414107;0.07315105945;1
3.458454757;-0.4402793646;0.4689932466;9.111868858;3.466448142;-0.1168278903;-0.05085449293;0.0743727833;1
3.460556579;-0.4307080805;0.4498506486;9.116654396;3.468550017;-0.1229365394;-0.04718930274;0.07681624591;1
3.462658454;-0.3732803464;0.4307080805;9.116654396;3.47065184;-0.1204930767;-0.04108065739;0.07925970852;1
3.464760277;-0.3206382394;0.4163511395;9.083154678;3.472753663;-0.1253799945;-0.03863719851;0.08170316368;1
3.4668621;-0.3014956415;0.3972085714;9.107083321;3.474855486;-0.1278234571;-0.02764163166;0.08292489499;1
3.468963975;-0.2775674164;0.3972085714;9.126225471;3.476957361;-0.1327103674;-0.02031125315;0.08414662629;1
3.471065798;-0.2727817893;0.3876372576;9.145368576;3.479059184;-0.1339320987;-0.02031125315;0.08414662629;1
3.473167621;-0.2297109663;0.3445664644;9.159725189;3.481161007;-0.1339320987;-0.02031125315;0.08292489499;1
3.475269444;-0.1866401732;0.3302095234;9.164510727;3.483262882;-0.1351538301;-0.01786779426;0.08170316368;1
3.477371319;-0.1483550072;0.3206382394;9.231510162;3.485364704;-0.1327103674;-0.01664606482;0.07925970852;1
3.479473142;-0.07178468257;0.2919243574;9.317651749;3.487466579;-0.1339320987;-0.01298087649;0.07559451461;1
3.481574965;0.0;0.2488535494;9.360722542;3.489568402;-0.1302669197;-0.008093958721;0.07070759684;1
3.48367684;0.07178468257;0.2105683982;9.375079155;3.491670225;-0.1302669197;-0.003207040019;0.06582067907;1
3.485778663;0.1292124242;0.1722832322;9.399007797;3.493772048;-0.1302669197;-0.0007635809598;0.05971203372;1
3.487880538;0.2201396823;0.1435693651;9.422935486;3.495873923;-0.1253799945;0.002901607659;0.05238165334;1
3.489982361;0.2584248483;0.1148554832;9.466006279;3.497975746;-0.121714808;0.0126754446;0.04627300799;1
3.492084184;0.3014956415;0.0765703246;9.566504478;3.500077569;-0.1143844277;0.0175623633;0.03772090003;1
3.494186007;0.3445664644;0.04785645381;9.619147301;3.502179444;-0.1094975099;0.02489273995;0.03161225095;1
3.496287882;0.3828516304;0.0239282269;9.710074425;3.504281267;-0.1058323234;0.02977965772;0.02306014486;1
3.498389704;0.4163511395;-0.0143569354;9.777072906;3.50638309;-0.09605848789;0.03955349326;0.01695149764;1
3.500491527;0.4307080805;-0.03349951655;9.834501266;3.508484913;-0.09117157012;0.05054906011;0.008399390616;1
3.502593402;0.4642075896;-0.06699903309;9.858428955;3.510586788;-0.08384118974;0.06154462695;0.001069013379;1
3.504695225;0.4929214716;-0.0765703246;9.863214493;3.512688611;-0.07651081681;0.0737619251;-0.005039634649;1
3.506797048;0.5072783828;-0.06221338734;9.882357597;3.514790434;-0.06918043643;0.08231402934;-0.01237001177;1
3.508898871;0.5503492355;-0.04785645381;9.920642853;3.516892309;-0.06307178736;0.09086613357;-0.01481347065;1
3.511000746;0.5599204898;-0.01914258115;9.973284721;3.518994132;-0.0557414107;0.09697478265;-0.01725693047;1
3.513102569;0.5838487148;0.009571290575;9.973284721;3.521095954;-0.05207622424;0.1030834317;-0.01970038936;1
3.515204392;0.5790630579;0.02871387079;9.982855797;3.523197829;-0.04963276163;0.1079703495;-0.0209221188;1
3.517306267;0.5694918036;0.06221338734;9.968499184;3.525299652;-0.04841103405;0.111635536;-0.01970038936;1
3.51940809;0.5312066078;0.1148554832;9.963713646;3.527401475;-0.04718930274;0.1128572673;-0.01847865991;1
3.521509913;0.5264210105;0.1196411327;9.963713646;3.52950335;-0.04841103405;0.111635536;-0.01603520103;1
3.523611788;0.5120640397;0.1387837082;9.973284721;3.531605173;-0.04963276163;0.1104138121;-0.01359174121;1
3.525713611;0.4977070987;0.1387837082;10.0019989;3.533706996;-0.05207622424;0.1055268943;-0.01237001177;1
3.527815434;0.5168496966;0.1531406492;9.992427826;3.535808819;-0.05451968312;0.09697478265;-0.01237001177;1
3.529917309;0.5407779217;0.1627119333;10.04985523;3.537910694;-0.05696314201;0.08720094711;-0.01237001177;1
3.532019132;0.5790630579;0.1531406492;10.06899738;3.540012517;-0.05696314201;0.0737619251;-0.01603520103;1
3.534120954;0.6317051649;0.1674975902;10.12164021;3.54211434;-0.06062832847;0.05787943676;-0.01847865991;1
3.536222777;0.7130611539;0.1579262912;10.13599682;3.544216215;-0.06673697382;0.03955349326;-0.02214384824;1
3.538324652;0.8087740541;0.1722832322;10.17428207;3.546318038;-0.07040216774;0.0175623633;-0.02825249545;1
3.540426475;0.9140582681;0.1770688742;10.18385315;3.548419861;-0.07895427197;-0.006872228812;-0.03436114267;1
3.542528298;1.019342422;0.1483550072;10.23649502;3.550521736;-0.08750637621;-0.03252854943;-0.04046979174;1
3.544630173;1.091127157;0.1579262912;10.24606609;3.552623559;-0.09605848789;-0.0557414107;-0.04413498193;1
3.546731996;1.148554921;0.1531406492;10.25563812;3.554725382;-0.1058323234;-0.07773254067;-0.05146535859;1
3.548833819;1.1820544;0.1196411327;10.27478027;3.556827204;-0.1119409725;-0.102167137;-0.05879573524;1
3.550935694;1.239482164;0.1052841991;10.30349445;3.558929079;-0.1180496216;-0.1241582632;-0.06856957078;1
3.553037517;1.287338614;0.08614161611;10.38006496;3.561030902;-0.1229365394;-0.1449276656;-0.07589995116;1
3.55513934;1.349551916;0.06699903309;10.46620655;3.563132725;-0.1278234571;-0.1669187993;-0.08445205539;1
3.557241163;1.421336651;0.05264209956;10.53799057;3.5652346;-0.1327103674;-0.188909933;-0.09300415963;1
3.559343038;1.50269258;0.04307080805;10.60499001;3.567336423;-0.1327103674;-0.2109010667;-0.10033454;1
3.561444861;1.536192179;0.05742774159;10.6480608;3.569438246;-0.1327103674;-0.2292270064;-0.1064431891;1
3.563546684;1.593619823;0.07178468257;10.67677498;3.571540069;-0.1339320987;-0.2451094985;-0.1125518382;1
3.565648559;1.631905079;0.09092725813;10.70070267;3.573641944;-0.1351538301;-0.2597702444;-0.1174387559;1
3.567750382;1.674975872;0.1292124242;10.69591713;3.575743767;-0.1339320987;-0.2671006322;-0.1211039424;1
3.569852204;1.708475351;0.1818545163;10.73420238;3.577845642;-0.131488651;-0.2719875574;-0.1223256737;1
3.571954027;1.751546144;0.2105683982;10.72463131;3.579947465;-0.1327103674;-0.2756527364;-0.1211039424;1
3.574055902;1.770688772;0.2440679073;10.72941685;3.582049288;-0.1290451884;-0.2756527364;-0.1198822111;1
3.576157725;1.794616938;0.2823530734;10.71506023;3.584151111;-0.1266017258;-0.2719875574;-0.1162170246;1
3.5782596;1.828116536;0.3062812984;10.69113159;3.586252986;-0.1241582632;-0.2695440948;-0.113773562;1
3.580361423;1.866401672;0.3541377485;10.69113159;3.588354809;-0.1192713454;-0.2634354234;-0.1113301069;1
3.582463246;1.93340075;0.3732803464;10.69113159;3.590456632;-0.115606159;-0.2573267817;-0.1101083755;1
3.584565069;2.019542217;0.3924229145;10.69591713;3.592558507;-0.1094975099;-0.2451094985;-0.1088866442;1
3.586666944;2.091326952;0.3780659735;10.67198944;3.594660329;-0.1046105921;-0.2341139317;-0.1088866442;1
3.588768767;2.20618248;0.3972085714;10.63370419;3.596762152;-0.0972802192;-0.2206749022;-0.1113301069;1
3.59087059;2.306680918;0.3972085714;10.62413216;3.598864027;-0.09361502528;-0.2023489624;-0.113773562;1
3.592972465;2.402393818;0.4067798555;10.61456108;3.60096585;-0.08750637621;-0.1840230078;-0.1162170246;1
3.595074288;2.483749866;0.3876372576;10.60499001;3.603067673;-0.08261945844;-0.1681405306;-0.1186604798;1
3.597176111;2.579462767;0.3924229145;10.56191921;3.605169548;-0.07528908551;-0.1534797698;-0.123547405;1
3.599277986;2.670390129;0.3684946895;10.51406288;3.607271371;-0.07040216774;-0.142484203;-0.1296560466;1
3.601379809;2.689532757;0.3493520916;10.49491978;3.609373194;-0.06673697382;-0.1339320987;-0.1357647032;1
3.603481632;2.742174864;0.3014956415;10.49013424;3.611475017;-0.06062832847;-0.1278234571;-0.1443168074;1
3.605583507;2.809173822;0.2823530734;10.50927734;3.613576892;-0.06185005978;-0.1229365394;-0.1540906429;1
3.607685329;2.880958557;0.2632105052;10.50927734;3.615678715;-0.05940660089;-0.115606159;-0.1638644785;1
3.609787152;2.952743053;0.2297109663;10.47099209;3.617780538;-0.05940660089;-0.1131627038;-0.173638314;1
3.611888975;2.995813847;0.2392822653;10.40877819;3.619882413;-0.05818486959;-0.1070540547;-0.1834121495;1
3.61399085;3.029313564;0.2440679073;10.3657074;3.621984236;-0.0557414107;-0.1058323234;-0.1907425225;1
3.616092673;3.062813044;0.2344966233;10.34656525;3.624086059;-0.05451968312;-0.1033888608;-0.1980729103;1
3.618194496;3.072384357;0.2249253243;10.38963604;3.626187882;-0.05207622424;-0.1046105921;-0.2041815519;1
3.620296371;3.067598581;0.2249253243;10.43749237;3.628289704;-0.05085449293;-0.1058323234;-0.2102901936;1
3.622398194;3.072384357;0.2249253243;10.47577763;3.630391579;-0.04718930274;-0.1107192412;-0.2176205814;1
3.624500017;3.091526747;0.2440679073;10.52363396;3.632493454;-0.04474584386;-0.1192713454;-0.2249509543;1
3.62660184;3.101098061;0.2201396823;10.53799057;3.634595225;-0.04108065739;-0.1278234571;-0.2347247899;1
3.628703663;3.125026464;0.1962114573;10.57149029;3.6366971;-0.03375028074;-0.1375972927;-0.2444986254;1
3.630805538;3.158525944;0.1387837082;10.65284634;3.638798923;-0.03252854943;-0.1461493969;-0.2542724609;1
3.632907413;3.177668571;0.1100698411;10.67198944;3.640900798;-0.03008509055;-0.1571449637;-0.2640463114;1
3.635009184;3.201596737;0.08135596663;10.64327526;3.643002621;-0.03008509055;-0.1669187993;-0.2750418782;1
3.637111059;3.206382275;0.05264209956;10.5858469;3.645104444;-0.03130681813;-0.1742491722;-0.2848156989;1
3.639212882;3.230310678;0.04307080805;10.51406288;3.647206267;-0.03252854943;-0.1791360974;-0.2945895493;1
3.641314757;3.235096216;0.0382851623;10.46620655;3.649308142;-0.03130681813;-0.188909933;-0.3043633699;1
3.643416579;3.249453068;0.03349951655;10.41356373;3.651409965;-0.03252854943;-0.1950185746;-0.3153589368;1
3.645518402;3.254238844;0.0239282269;10.40399265;3.65351184;-0.03252854943;-0.1999054998;-0.323911041;1
3.647620225;3.292523861;0.004785645287;10.43270683;3.655613663;-0.03375028074;-0.2035706937;-0.3324631453;1
3.6497221;3.306880951;0.0143569354;10.44706345;3.657715486;-0.03252854943;-0.2096793354;-0.3422369957;1
3.651823923;3.34038043;0.004785645287;10.40877819;3.659817309;-0.03252854943;-0.2145662606;-0.3520108163;1
3.653925798;3.335594654;-0.03349951655;10.40877819;3.661919132;-0.03252854943;-0.2218966335;-0.3630063832;1
3.656027621;3.34038043;-0.04307080805;10.42313576;3.664021007;-0.02886336111;-0.2280052751;-0.3752236962;1
3.658129444;3.364308596;-0.06221338734;10.49491978;3.666122829;-0.02153298259;-0.231670469;-0.3874409795;1
3.660231267;3.383451223;-0.08135596663;10.57627583;3.668224704;-0.01786779426;-0.2341139317;-0.4021017551;1
3.66233309;3.426522017;-0.1004985496;10.60499001;3.670326527;-0.01053741761;-0.2377791107;-0.4155407548;1
