Tempo acelerômetro (s);Acelerômetro X (m/s²);Acelerômetro Y (m/s²);Acelerômetro Z (m/s²);Tempo giroscópio (s);Giroscópio X (rad/s);Giroscópio Y (rad/s);Giroscópio Z (rad/s);gesto
14.01546653;0.8709874153;1.13419795;10.15992451;14.02345991;0.2069304436;-0.2707658112;-0.4338667095;5
14.0175684;0.8805587292;1.16769743;10.06899738;14.02556174;0.1996000707;-0.2732092738;-0.4253146052;5
14.01967017;0.8949156404;1.172483087;9.987641335;14.02766356;0.1934914142;-0.2695440948;-0.4179842174;5
14.02177205;0.9284151793;1.177268744;9.901499748;14.02976538;0.1824958473;-0.2695440948;-0.4118755758;5
14.02387387;0.9667003751;1.1820544;9.767501831;14.03186721;0.1739437431;-0.2695440948;-0.404545188;5
14.02597569;0.9954141974;1.186840057;9.710074425;14.03396903;0.1629481763;-0.2695440948;-0.3972148299;5
14.02807752;1.004985452;1.1820544;9.633503914;14.03607085;0.1531743407;-0.2634354234;-0.3898844421;5
14.03017934;1.019342422;1.196411371;9.556933403;14.03817267;0.1421787739;-0.2548833191;-0.3788888752;5
14.03228116;1.024128079;1.205982566;9.475577354;14.0402745;0.131183207;-0.2414443046;-0.3691150546;5
14.03438299;1.004985452;1.249053478;9.422935486;14.04237632;0.1189659163;-0.231670469;-0.3568977416;5
14.03648481;0.9475577474;1.272981644;9.360722542;14.04447814;0.1079703495;-0.2267835438;-0.3434587121;5
14.03858663;0.8757730722;1.282552958;9.30807972;14.04658002;0.09330959618;-0.2218966335;-0.3324631453;5
14.04068846;0.8279166222;1.277767301;9.288937569;14.04868184;0.0847574845;-0.2206749022;-0.3226893246;5
14.04279028;0.8279166222;1.244267821;9.327222824;14.05078366;0.07498364896;-0.2170097083;-0.3141372204;5
14.0448921;0.8183453679;1.177268744;9.332008362;14.05288549;0.06643154472;-0.2170097083;-0.3080285788;5
14.04699398;0.8470591903;1.105484009;9.346364975;14.05498726;0.05910116807;-0.2182314396;-0.3019199073;5
14.0490958;0.8709874153;1.048056364;9.41336441;14.05708913;0.05054906011;-0.2145662606;-0.2982547283;5
14.05119762;0.9044869542;0.9906286001;9.446864128;14.05919096;0.04321868345;-0.2170097083;-0.2945895493;5
14.05329944;0.9236295223;0.9619147182;9.485149384;14.06129278;0.03833176568;-0.2292270064;-0.2933678031;5
14.05540122;0.94277215;0.94277215;9.518648148;14.06339465;0.0358883068;-0.2463312149;-0.2921460867;5
14.05750309;0.9571290612;0.9332008362;9.590433121;14.06549642;0.0358883068;-0.2683223486;-0.2945895493;5
14.05960491;1.004985452;0.890130043;9.652647018;14.06759825;0.03344484791;-0.2964221239;-0.3006981909;5
14.06170674;1.057627559;0.8614161611;9.710074425;14.06970007;0.03100138716;-0.3306305707;-0.3092502952;5
14.06380861;1.124626637;0.8183453679;9.772287369;14.07180189;0.02977965772;-0.3636172712;-0.3190241456;5
14.06591038;1.191625714;0.732203722;9.834501266;14.07390377;0.02489273995;-0.3904953003;-0.3312414289;5
14.0680122;1.210768223;0.6652047038;9.829715729;14.07600559;0.02367101051;-0.4210385382;-0.3422369957;5
14.07011403;1.244267821;0.5790630579;9.805787086;14.07810741;0.01878409274;-0.4503600597;-0.3544542789;5
14.07221585;1.249053478;0.5072783828;9.777072906;14.08020924;0.0126754446;-0.4711294472;-0.3678933084;5
14.07431773;1.244267821;0.4785645306;9.757930756;14.08231106;0.004123337101;-0.4943423271;-0.3801106215;5
14.07641955;1.26341033;0.4689932466;9.738788605;14.08441288;-0.003207040019;-0.5151117444;-0.3935496211;5
14.07852137;1.249053478;0.4833501875;9.681360245;14.0865147;-0.01175914705;-0.5371028781;-0.4057669342;5
14.08062319;1.234696507;0.4689932466;9.628718376;14.08861653;-0.01542433538;-0.5529853702;-0.4179842174;5
14.08272502;1.249053478;0.4642075896;9.604789734;14.0907184;-0.02397644334;-0.5688678026;-0.4326449931;5
14.08482684;1.282552958;0.4546363056;9.576076508;14.09282023;-0.03130681813;-0.5798633695;-0.4448622763;5
14.08692866;1.316052437;0.4546363056;9.533005714;14.094922;-0.0374154672;-0.5847502947;-0.4595230222;5
14.08903049;1.354337573;0.4450650215;9.480362892;14.09702387;-0.04230238497;-0.5871937871;-0.470518589;5
14.09113236;1.339980721;0.4402793646;9.446864128;14.09912569;-0.04841103405;-0.5859720111;-0.4790706933;5
14.09323418;1.316052437;0.4450650215;9.403793335;14.10122747;-0.05451968312;-0.5835285783;-0.4851793647;5
14.09533596;1.268195987;0.4689932466;9.399007797;14.10332934;-0.05940660089;-0.5761982203;-0.4912880063;5
14.09743783;1.196411371;0.4833501875;9.379864693;14.10543116;-0.06062832847;-0.563980937;-0.4961749315;5
14.09953965;1.162911773;0.5168496966;9.341579437;14.10753299;-0.06429351866;-0.5493201613;-0.5022835732;5
14.10164142;1.105484009;0.5359922647;9.327222824;14.10963481;-0.06673697382;-0.5346593857;-0.504727006;5
14.1037433;1.091127157;0.5455635786;9.269794464;14.11173663;-0.06918043643;-0.5151117444;-0.5083922148;5
14.10584512;1.076770186;0.5934200287;9.217152596;14.11383851;-0.06918043643;-0.4906771481;-0.5108356476;5
14.10794694;1.052842021;0.6077769399;9.17886734;14.11594033;-0.07040216774;-0.4601338804;-0.5120574236;5
14.11004877;1.052842021;0.650847733;9.121439934;14.1180421;-0.0728456229;-0.4295906425;-0.5120574236;5
14.11215059;1.000199914;0.679561615;9.064012527;14.12014398;-0.07651081681;-0.3941605091;-0.5096139312;5
14.11425247;0.9571290612;0.7178468108;9.020941734;14.1222458;-0.07773254067;-0.358730346;-0.505948782;5
14.11635429;0.9140582681;0.760917604;8.953942299;14.12434762;-0.07773254067;-0.3196350038;-0.4998401105;5
14.11845606;0.8470591903;0.813559711;8.949156761;14.12644944;-0.07895427197;-0.2793179154;-0.4925097227;5
14.12055793;0.7704889178;0.866201818;8.944371223;14.12855127;-0.07651081681;-0.2377791107;-0.4827359021;5
14.12265976;0.6652047038;0.8853443861;8.930013657;14.13065309;-0.07773254067;-0.1986837685;-0.4717403352;5
14.12476158;0.5790630579;0.9092726111;8.934800148;14.13275491;-0.07895427197;-0.165697068;-0.4619664848;5
14.1268634;0.5216353536;0.9092726111;8.949156761;14.13485674;-0.07651081681;-0.1327103674;-0.4497492015;5
14.12896523;0.4737788737;0.9236295223;8.977870941;14.13695856;-0.07528908551;-0.1009454057;-0.4399753511;5
14.13106705;0.4211367965;0.9140582681;9.03051281;14.13906043;-0.07162389904;-0.07895427197;-0.4289797843;5
14.13316887;0.3972085714;0.9044869542;9.111868858;14.1411622;-0.06673697382;-0.06429351866;-0.42042768;5
14.13527069;0.3349951804;0.9140582681;9.202795982;14.14326408;-0.06429351866;-0.0557414107;-0.4143190384;5
14.13737252;0.2727817893;0.8853443861;9.30807972;14.1453659;-0.05940660089;-0.05207622424;-0.4094321132;5
14.13947439;0.2584248483;0.8470591903;9.355937004;14.14746773;-0.05818486959;-0.0557414107;-0.4057669342;5
14.14157616;0.2201396823;0.8039883971;9.389435768;14.14956955;-0.0557414107;-0.06795870513;-0.4057669342;5
14.14367804;0.1866401732;0.756131947;9.470791817;14.15167137;-0.05207622424;-0.08628465235;-0.404545188;5
14.14577986;0.1674975902;0.6987041831;9.528220177;14.15377319;-0.05207622424;-0.1119409725;-0.4057669342;5
14.14788168;0.1339980662;0.626919508;9.54257679;14.15587502;-0.05207622424;-0.1363755614;-0.4082103968;5
14.14998351;0.1292124242;0.5934200287;9.566504478;14.15797684;-0.0557414107;-0.1595884264;-0.4094321132;5
14.15208533;0.1100698411;0.5503492355;9.533005714;14.16007866;-0.06062832847;-0.1852447391;-0.4118755758;5
14.15418715;0.1100698411;0.5264210105;9.489934921;14.16218049;-0.06795870513;-0.212122798;-0.4155407548;5
14.15628898;0.06699903309;0.5168496966;9.446864128;14.16428231;-0.07773254067;-0.2426660359;-0.4192059636;5
14.1583908;0.0382851623;0.5359922647;9.399007797;14.16638413;-0.09117157012;-0.2695440948;-0.4228711426;5
14.16049262;0.02871387079;0.5216353536;9.36550808;14.16848596;-0.102167137;-0.3000873327;-0.424092859;5
14.16259444;0.009571290575;0.5407779217;9.327222824;14.17058783;-0.1168278903;-0.3306305707;-0.4253146052;5
14.16469627;-0.0382851623;0.5599204898;9.288937569;14.1726896;-0.131488651;-0.362395525;-0.4253146052;5
14.16679809;-0.0765703246;0.5742774606;9.265008926;14.17479148;-0.1461493969;-0.3966039717;-0.4265363216;5
14.16889991;-0.1196411327;0.5934200287;9.250652313;14.1768933;-0.1595884264;-0.4308123887;-0.4253146052;5
14.17100179;-0.1627119333;0.626919508;9.2362957;14.17899512;-0.1766926348;-0.4601338804;-0.4265363216;5
14.17310356;-0.1483550072;0.6125625968;9.241081238;14.18109694;-0.1925751269;-0.4894554019;-0.4277580678;5
14.17520543;-0.1435693651;0.5934200287;9.183652878;14.18319877;-0.2072358727;-0.512668252;-0.4289797843;5
14.17730726;-0.1387837082;0.5599204898;9.164510727;14.18530059;-0.2182314396;-0.5358811021;-0.4314232469;5
14.17940908;-0.1196411327;0.5168496966;9.164510727;14.18740241;-0.2304487377;-0.555428803;-0.4338667095;5
14.1815109;-0.08614161611;0.4929214716;9.140582085;14.18950424;-0.2414443046;-0.571311295;-0.4363101721;5
14.18361273;-0.05742774159;0.4498506486;9.154939651;14.19160606;-0.2512181401;-0.5823068619;-0.4399753511;5
14.18571455;-0.01914258115;0.4259224236;9.154939651;14.19370788;-0.2548833191;-0.5945241451;-0.4448622763;5
14.18781637;0.0382851623;0.4115654826;9.198010445;14.19580976;-0.2597702444;-0.605519712;-0.4509709179;5
14.18991819;0.08614161611;0.4115654826;9.212367058;14.19791158;-0.2646571696;-0.6104066372;-0.4558578432;5
14.19202002;0.1483550072;0.3684946895;9.20758152;14.2000134;-0.265878886;-0.6116283536;-0.4644099474;5
14.19412184;0.2153540403;0.3445664644;9.217152596;14.20211523;-0.2671006322;-0.605519712;-0.470518589;5
14.19622372;0.2679961324;0.3062812984;9.174081802;14.20421705;-0.2671006322;-0.6030762792;-0.4778489769;5
14.19832554;0.2919243574;0.2871387303;9.150154114;14.20631887;-0.2646571696;-0.5896372199;-0.4827359021;5
14.20042736;0.2967100143;0.2392822653;9.131011009;14.20842069;-0.265878886;-0.571311295;-0.4900662601;5
14.20252918;0.2871387303;0.2344966233;9.131011009;14.21052252;-0.2634354234;-0.5529853702;-0.4937314689;5
14.20463101;0.2871387303;0.2249253243;9.121439934;14.21262434;-0.258548528;-0.5273290277;-0.4998401105;5
14.20673283;0.3110669553;0.2440679073;9.111868858;14.21472616;-0.2561050653;-0.5041161776;-0.5022835732;5
14.20883465;0.2967100143;0.2488535494;9.083154678;14.21682804;-0.2536616027;-0.4760163724;-0.5022835732;5
14.21093648;0.3014956415;0.2536391914;9.064012527;14.21892986;-0.2499964088;-0.4442514181;-0.5035052896;5
14.2130383;0.2727817893;0.2632105052;9.064012527;14.22103168;-0.2451094985;-0.4112647176;-0.5022835732;5
14.21514012;0.2201396823;0.2919243574;9.035298347;14.22313351;-0.2451094985;-0.3733910918;-0.4986183643;5
14.217242;0.1339980662;0.3062812984;8.963513374;14.22523533;-0.239000842;-0.3379609287;-0.4949531853;5
14.21934382;0.0382851623;0.3062812984;8.930013657;14.22733715;-0.2365573794;-0.3013090491;-0.4900662601;5
14.22144564;-0.05264209956;0.2919243574;8.915657043;14.22943898;-0.2304487377;-0.265878886;-0.4851793647;5
14.22354747;-0.1196411327;0.3014956415;8.896514893;14.2315408;-0.2255618125;-0.2304487377;-0.4766272306;5
14.22564929;-0.1962114573;0.3302095234;8.886942863;14.23364262;-0.2206749022;-0.1999054998;-0.4680751264;5
14.22775111;-0.2536391914;0.3349951804;8.915657043;14.23574444;-0.2145662606;-0.1693622619;-0.4595230222;5
14.22985293;-0.2967100143;0.3349951804;8.949156761;14.23784627;-0.2084576041;-0.1412624866;-0.4485274553;5
14.23195476;-0.3637090325;0.3302095234;8.934800148;14.23994814;-0.2023489624;-0.115606159;-0.4387536347;5
14.23405658;-0.4402793646;0.3445664644;8.939585686;14.24204991;-0.1962403059;-0.08872810751;-0.4289797843;5
14.2361584;-0.4977070987;0.3541377485;8.949156761;14.24415179;-0.188909933;-0.06673697382;-0.4179842174;5
14.23826023;-0.5455635786;0.3589234054;8.953942299;14.24625361;-0.1852447391;-0.04596757516;-0.4082103968;5
14.2403621;-0.5934200287;0.3589234054;8.987442017;14.24835543;-0.1840230078;-0.03252854943;-0.3972148299;5
14.24246387;-0.6364908218;0.3541377485;9.016156197;14.25045726;-0.1791360974;-0.02275471389;-0.3874409795;5
14.24456575;-0.6939185858;0.3876372576;9.040083885;14.25255908;-0.1791360974;-0.01786779426;-0.3788888752;5
14.24666757;-0.7513462901;0.3972085714;9.05922699;14.2546609;-0.1766926348;-0.01664606482;-0.3715584874;5
14.24876939;-0.7992027402;0.4019941986;9.073583603;14.25676273;-0.1803578287;-0.02275471389;-0.366671592;5
14.25087122;-0.8231309652;0.4163511395;9.078369141;14.25886455;-0.1828012913;-0.03130681813;-0.3630063832;5
14.25297304;-0.8279166222;0.3876372576;9.073583603;14.26096637;-0.1864664704;-0.04718930274;-0.3605629504;5
14.25507486;-0.8470591903;0.3445664644;9.068798065;14.26306825;-0.1962403059;-0.06673697382;-0.3568977416;5
14.25717668;-0.8614161611;0.3062812984;9.064012527;14.26517007;-0.2011272311;-0.08872810751;-0.3581194878;5
14.25927851;-0.866201818;0.2919243574;9.064012527;14.26727189;-0.2096793354;-0.1107192412;-0.3568977416;5
14.26138033;-0.866201818;0.2536391914;9.05922699;14.26937372;-0.2194531709;-0.1351538301;-0.3532325625;5
14.2634822;-0.9044869542;0.2057827413;9.025727272;14.27147554;-0.2304487377;-0.1595884264;-0.3532325625;5
14.26558403;-0.94277215;0.1866401732;9.00179863;14.27357736;-0.2426660359;-0.1791360974;-0.3532325625;5
14.26768585;-0.9954141974;0.1531406492;8.977870941;14.27567918;-0.2536616027;-0.1974620372;-0.3532325625;5
14.26978767;-1.024128079;0.1052841991;8.958727837;14.27778101;-0.2646571696;-0.2109010667;-0.3544542789;5
14.2718895;-1.052842021;0.0765703246;8.925228119;14.27988283;-0.2768744528;-0.2182314396;-0.3544542789;5
14.27399132;-1.076770186;0.06699903309;8.920442581;14.28198465;-0.2878700197;-0.231670469;-0.3568977416;5
14.27609314;-1.091127157;0.06221338734;8.934800148;14.28408653;-0.2988655865;-0.239000842;-0.3593412042;5
14.27819496;-1.13419795;0.06221338734;8.968298912;14.28618835;-0.312304616;-0.2438877672;-0.3617846668;5
14.28029679;-1.162911773;0.08135596663;8.982656479;14.28829017;-0.3233001828;-0.2499964088;-0.3630063832;5
14.28239861;-1.244267821;0.04785645381;9.00179863;14.290392;-0.3330740333;-0.2524398565;-0.3654498458;5
14.28450049;-1.325623751;0.0239282269;9.040083885;14.29249382;-0.3416261375;-0.258548528;-0.366671592;5
14.28660231;-1.411765337;-0.01914258115;9.083154678;14.29459564;-0.3477347791;-0.2646571696;-0.3678933084;5
14.28870413;-1.497906923;-0.04307080805;9.150154114;14.29669747;-0.3526217043;-0.2719875574;-0.3654498458;5
14.29080596;-1.569691658;-0.08135596663;9.198010445;14.29879929;-0.3562868834;-0.2732092738;-0.3642281294;5
14.29290778;-1.665404558;-0.1196411327;9.255437851;14.30090111;-0.358730346;-0.2744309902;-0.3593412042;5
14.2950096;-1.737189293;-0.1339980662;9.322437286;14.30300293;-0.358730346;-0.2732092738;-0.3532325625;5
14.29711142;-1.804188251;-0.1531406492;9.375079155;14.30510476;-0.358730346;-0.2695440948;-0.3483456373;5
14.29921325;-1.861616015;-0.1627119333;9.456435204;14.30720663;-0.3562868834;-0.2634354234;-0.3385718167;5
14.30131507;-1.914258122;-0.1770688742;9.523433685;14.30930846;-0.3538434207;-0.2536616027;-0.3324631453;5
14.30341689;-1.952543259;-0.1674975902;9.585647583;14.31141028;-0.3489564955;-0.2414443046;-0.323911041;5
14.30551872;-1.957328916;-0.1531406492;9.647860527;14.3135121;-0.3440696001;-0.2267835438;-0.316580683;5
14.30762059;-1.971685886;-0.1483550072;9.69093132;14.31561392;-0.3367392123;-0.2096793354;-0.3104720116;5
14.30972241;-1.966900229;-0.1483550072;9.74835968;14.31771575;-0.3330740333;-0.1925751269;-0.3043633699;5
14.31182424;-1.947757602;-0.1387837082;9.805787086;14.31981757;-0.328187108;-0.1754709035;-0.3006981909;5
14.31392606;-1.919043779;-0.1339980662;9.829715729;14.32191939;-0.3220784664;-0.158366695;-0.2982547283;5
14.31602788;-1.904686809;-0.1435693651;9.824930191;14.32402122;-0.3171915412;-0.1400407553;-0.2958112657;5
14.3181297;-1.895115495;-0.1722832322;9.839286804;14.32612304;-0.312304616;-0.1229365394;-0.2909243405;5
14.32023153;-1.895115495;-0.1722832322;9.858428955;14.32822486;-0.308639437;-0.1094975099;-0.2921460867;5
14.32233335;-1.890329838;-0.1818545163;9.868000984;14.33032668;-0.3049742281;-0.09605848789;-0.2921460867;5
14.32443517;-1.919043779;-0.2153540403;9.858428955;14.33242851;-0.3013090491;-0.08628465235;-0.2933678031;5
14.326537;-1.919043779;-0.2344966233;9.87757206;14.33453033;-0.3025307953;-0.08017600328;-0.2958112657;5
14.32863882;-1.93340075;-0.2775674164;9.87757206;14.33663215;-0.2988655865;-0.08017600328;-0.2982547283;5
14.33074064;-1.942971945;-0.3158525825;9.891928673;14.33873403;-0.2976438701;-0.08017600328;-0.3006981909;5
14.33284246;-1.952543259;-0.3349951804;9.911071777;14.34083585;-0.2939786613;-0.08506292105;-0.3043633699;5
14.33494429;-1.995614052;-0.3397808075;9.934999466;14.34293767;-0.2964221239;-0.09483675659;-0.3092502952;5
14.33704611;-2.038684845;-0.3397808075;9.949356079;14.3450395;-0.3000873327;-0.1070540547;-0.3116937578;5
14.33914799;-2.081755638;-0.3302095234;9.949356079;14.34714132;-0.3025307953;-0.1192713454;-0.3141372204;5
14.34124981;-2.143969059;-0.3158525825;9.944570541;14.34924314;-0.3061959743;-0.131488651;-0.3153589368;5
14.34335163;-2.196611166;-0.3158525825;9.920642853;14.35134497;-0.308639437;-0.1449276656;-0.3153589368;5
14.34545346;-2.277967215;-0.3062812984;9.963713646;14.35344684;-0.3098611534;-0.1547015011;-0.316580683;5
14.34755528;-2.373680115;-0.3062812984;10.01635551;14.35554866;-0.3074176908;-0.1595884264;-0.3153589368;5
14.3496571;-2.464607239;-0.2823530734;10.08814049;14.35765049;-0.3037525117;-0.165697068;-0.3116937578;5
14.35175892;-2.579462767;-0.2392822653;10.15513897;14.35975231;-0.2976438701;-0.1791360974;-0.3043633699;5
14.3538608;-2.694318295;-0.2153540403;10.22692394;14.36185413;-0.2878700197;-0.1937968582;-0.2982547283;5
14.35596262;-2.823530674;-0.1770688742;10.35135078;14.36395596;-0.2793179154;-0.2072358727;-0.2909243405;5
14.35806444;-2.95752883;-0.1483550072;10.49970531;14.36605778;-0.2646571696;-0.2218966335;-0.2823722363;5
14.36016627;-3.081955671;-0.1579262912;10.60977554;14.3681596;-0.2463312149;-0.231670469;-0.2787070572;5
14.36226809;-3.187239647;-0.1818545163;10.67677498;14.37026142;-0.2280052751;-0.2414443046;-0.270154953;5
14.36436991;-3.259024382;-0.2057827413;10.72941685;14.37236325;-0.2072358727;-0.2524398565;-0.2616028488;5
14.36647174;-3.302095175;-0.2153540403;10.80120182;14.37446512;-0.1852447391;-0.2634354234;-0.2554942071;5
14.36857356;-3.302095175;-0.2057827413;10.81555843;14.37656689;-0.1608101577;-0.2756527364;-0.2481638193;5
14.37067538;-3.34038043;-0.1962114573;10.82034397;14.37866872;-0.1400407553;-0.2842048407;-0.2420551628;5
14.3727772;-3.397808075;-0.2440679073;10.83470058;14.38077059;-0.1192713454;-0.2878700197;-0.2347247899;5
14.37487908;-3.445664644;-0.2823530734;10.84905815;14.38287241;-0.09605848789;-0.2890917659;-0.2261726856;5
14.37698085;-3.493520975;-0.3254238665;10.8107729;14.38497424;-0.07773254067;-0.2829830945;-0.220064044;5
14.37908267;-3.531806231;-0.3254238665;10.71984577;14.38707606;-0.05940660089;-0.2671006322;-0.2078467458;5
14.38118455;-3.603590965;-0.3206382394;10.63370419;14.38917788;-0.04230238497;-0.2499964088;-0.1931859851;5
14.38328637;-3.656233072;-0.2919243574;10.53799057;14.3912797;-0.02764163166;-0.2280052751;-0.1760817766;5
14.38538819;-3.742374659;-0.2249253243;10.40877819;14.39338153;-0.02031125315;-0.2047924101;-0.1577558219;5
14.38749002;-3.818944931;-0.1722832322;10.26042366;14.39548335;-0.009315688163;-0.18157956;-0.1345429718;5
14.38959184;-3.881158352;-0.09571290761;10.14556789;14.39758523;-0.003207040019;-0.1559232324;-0.1125518382;5
14.39169366;-3.933800459;-0.0239282269;9.992427826;14.39968705;0.004123337101;-0.1290451884;-0.08933897316;5
14.39379549;-3.99601388;0.009571290575;9.906285286;14.40178887;0.006566796452;-0.09972367436;-0.06490438432;5
14.39589731;-4.048655987;0.06221338734;9.810572624;14.40389069;0.007788525894;-0.0728456229;-0.04046979174;5
14.39799918;-4.082155228;0.07178468257;9.724431038;14.40599252;0.006566796452;-0.04718930274;-0.01481347065;5
14.40010101;-4.096512318;0.1004985496;9.590433121;14.40809434;0.004123337101;-0.02519817278;0.009621120058;5
14.40220283;-4.125226021;0.1292124242;9.499505997;14.41019616;-0.0007635809598;-0.004428769462;0.03405570984;5
14.40430465;-4.110869408;0.1387837082;9.432506561;14.41229799;-0.00565049937;0.01389717404;0.05604684353;5
14.40640648;-4.09172678;0.1483550072;9.403793335;14.41439981;-0.01298087649;0.02611446939;0.07681624591;5
14.4085083;-4.067798615;0.1387837082;9.379864693;14.41650163;-0.02153298259;0.03711003438;0.0975856483;5
14.41061012;-4.043870449;0.1339980662;9.355937004;14.41860351;-0.03130681813;0.04444041103;0.1159115955;5
14.41271194;-3.986442566;0.1004985496;9.322437286;14.42070533;-0.04474584386;0.05177079141;0.1330158114;5
14.41481377;-3.943371773;0.09092725813;9.30807972;14.4228071;-0.05696314201;0.05054906011;0.146454826;5
14.41691559;-3.905086517;0.06221338734;9.274580956;14.42490892;-0.07040216774;0.04810560122;0.1598938555;5
14.41901747;-3.871587038;0.02871387079;9.260223389;14.4270108;-0.08384118974;0.04199695215;0.169667691;5
14.42111929;-3.823730469;-0.0239282269;9.298508644;14.42911262;-0.09850194305;0.03344484791;0.1794415265;5
14.42322106;-3.7710886;-0.0765703246;9.332008362;14.43121444;-0.1131627038;0.02489273995;0.1892153621;5
14.42532288;-3.708875179;-0.1100698411;9.360722542;14.43331627;-0.1229365394;0.0175623633;0.1941022873;5
14.42742476;-3.632304668;-0.1579262912;9.432506561;14.43541809;-0.1327103674;0.009010255337;0.1989891976;5
14.42952658;-3.560520172;-0.2153540403;9.518648148;14.43751991;-0.1412624866;0.0004581485991;0.2002109289;5
14.4316284;-3.503092289;-0.2440679073;9.604789734;14.43962174;-0.1449276656;-0.01053741761;0.2014326602;5
14.43373023;-3.402593851;-0.2775674164;9.700503349;14.44172356;-0.1498145908;-0.02519817278;0.1977674663;5
14.43583205;-3.330809116;-0.2919243574;9.801001549;14.44382543;-0.1485928595;-0.03985892609;0.1965457499;5
14.43793387;-3.230310678;-0.3014956415;9.901499748;14.44592726;-0.1485928595;-0.05451968312;0.192880556;5
14.44003569;-3.125026464;-0.3302095234;10.00678444;14.44802908;-0.1437059343;-0.06918043643;0.1867718995;5
14.44213752;-3.024527788;-0.3493520916;10.11685371;14.4501309;-0.1339320987;-0.08139773458;0.1769980639;5
14.44423939;-2.919243574;-0.3828516304;10.20778179;14.45223273;-0.1253799945;-0.09483675659;0.1684459597;5
14.44634122;-2.818745136;-0.4259224236;10.2652092;14.45433455;-0.1143844277;-0.1058323234;0.1574503928;5
14.44844304;-2.723032236;-0.4594219327;10.30827999;14.45643637;-0.102167137;-0.1168278903;0.146454826;5
14.45054486;-2.651247501;-0.5120640397;10.3848505;14.45853819;-0.08750637621;-0.1253799945;0.1342375278;5
14.45264668;-2.579462767;-0.5455635786;10.41835022;14.46064002;-0.0740673542;-0.1253799945;0.1220202371;5
14.45474851;-2.507678032;-0.5694918036;10.46620655;14.46274184;-0.06062832847;-0.1290451884;0.1110246703;5
14.45685033;-2.464607239;-0.5982056856;10.47099209;14.46484366;-0.04718930274;-0.1266017258;0.1000291109;5
14.45895215;-2.450250387;-0.6221339107;10.46620655;14.46694549;-0.03130681813;-0.1192713454;0.08903354406;5
14.46105398;-2.440679073;-0.6077769399;10.46620655;14.46904736;-0.01786779426;-0.1070540547;0.08170316368;5
14.4631558;-2.431107759;-0.5982056856;10.47099209;14.47114913;-0.004428769462;-0.09239330143;0.0743727833;5
14.46525762;-2.469393015;-0.5742774606;10.48056316;14.47325101;0.01145371422;-0.0740673542;0.06704241037;5
14.46735944;-2.483749866;-0.5407779217;10.50449181;14.47535283;0.02855792828;-0.05696314201;0.06337722391;5
14.46946132;-2.498106956;-0.5120640397;10.51884842;14.47745465;0.04810560122;-0.03985892609;0.05971203372;5
14.47156309;-2.512463808;-0.4833501875;10.57627583;14.47955648;0.07009673119;-0.02275471389;0.05482511222;5
14.47366497;-2.52682066;-0.4402793646;10.61456108;14.4816583;0.09330959618;-0.008093958721;0.05360338464;5
14.47576679;-2.531606436;-0.4115654826;10.69113159;14.48376012;0.117744185;0.007788525894;0.04993819445;5
14.47786861;-2.531606436;-0.3828516304;10.73898792;14.48586194;0.1421787739;0.01634063199;0.04749473557;5
14.47997043;-2.52682066;-0.3397808075;10.75334454;14.48796377;0.1690568328;0.03222311661;0.0426078178;5
14.48207226;-2.512463808;-0.3158525825;10.77248764;14.49006559;0.1947131455;0.04566214234;0.04138609022;5
14.48417408;-2.502892494;-0.3062812984;10.76291656;14.49216747;0.2228129357;0.06154462695;0.03894263133;5
14.4862759;-2.478964329;-0.2919243574;10.7054882;14.49426929;0.2472475171;0.07864884287;0.03527744114;5
14.48837773;-2.455035925;-0.2679961324;10.63848972;14.49637111;0.2716821134;0.09575305134;0.03283398226;5
14.49047955;-2.455035925;-0.2488535494;10.57627583;14.49847293;0.2924515009;0.1153007299;0.03161225095;5
14.49258142;-2.450250387;-0.2297109663;10.48056316;14.50057476;0.311999172;0.1360701323;0.03039052337;5
14.49468325;-2.435893536;-0.2009970993;10.3848505;14.50267658;0.3291034102;0.1568395346;0.02916879393;5
14.49678507;-2.426322222;-0.1531406492;10.25563812;14.5047784;0.3425424397;0.1800523996;0.03039052337;5
14.49888689;-2.435893536;-0.1244267747;10.07378292;14.50688023;0.3535379767;0.2032652497;0.03161225095;5
14.50098872;-2.445464849;-0.08135596663;9.920642853;14.50898205;0.3608683646;0.2240346521;0.03527744114;5
14.50309054;-2.450250387;-0.04307080805;9.74835968;14.51108392;0.3620901108;0.2460257858;0.03894263133;5
14.50519236;-2.478964329;0.0143569354;9.595218658;14.51318569;0.3657552898;0.2667951882;0.04627300799;5
14.50729418;-2.517249346;0.09571290761;9.427721024;14.51528752;0.3657552898;0.2863428593;0.05604684353;5
14.50939601;-2.584248543;0.1674975902;9.265008926;14.51738939;0.3608683646;0.3071122766;0.06582067907;5
14.51149788;-2.646461725;0.2488535494;9.111868858;14.51949122;0.3523162603;0.324216485;0.07803797722;5
14.51359965;-2.703889608;0.3254238665;8.963513374;14.52159304;0.3474293351;0.3413206935;0.09269873053;5
14.51570148;-2.751745939;0.4067798555;8.853444099;14.52369486;0.3388772309;0.3547597229;0.1061377525;5
14.51780335;-2.804388046;0.4785645306;8.72423172;14.52579668;0.3254382014;0.3657552898;0.1220202371;5
14.51990517;-2.82831645;0.5312066078;8.609375954;14.52789851;0.3132209182;0.3767508566;0.1379027218;5
14.522007;-2.857030153;0.5886343718;8.508877754;14.53000033;0.2985601723;0.3816377819;0.1537852138;5
14.52410882;-2.904886723;0.6412764788;8.441878319;14.53210215;0.2826776803;0.3865246773;0.1721111536;5
14.52621064;-2.92402935;0.679561615;8.355736732;14.53420398;0.2643517256;0.3901898861;0.1867718995;5
14.52831246;-2.933600664;0.6987041831;8.240880966;14.5363058;0.2423606068;0.3950767815;0.2026543915;5
14.53041429;-2.967100143;0.7178468108;8.173882484;14.53840762;0.2191477418;0.3987419903;0.2185368687;5
14.53251611;-2.981456995;0.732203722;8.078168869;14.5405095;0.1959348768;0.4024071693;0.2344193608;5
14.53461793;-2.991028309;0.7369893789;8.020741463;14.54261132;0.1739437431;0.4060723484;0.2478583902;5
14.53671976;-2.976671457;0.7513462901;7.982456207;14.54471314;0.1495091617;0.4121810198;0.262519151;5
14.53882158;-2.967100143;0.7465606928;7.925028801;14.54681497;0.1262962967;0.4158461988;0.2747364342;5
14.54092346;-2.947957516;0.760917604;7.901100159;14.54891679;0.1018617004;0.4182896614;0.2869537175;5
14.54302528;-2.919243574;0.7752745152;7.910671711;14.55101861;0.07987056673;0.4195113778;0.3003927469;5
14.5451271;-2.885744095;0.7752745152;7.953742504;14.55312043;0.05787943676;0.4170679152;0.3150535226;5
14.54722892;-2.866601467;0.7944171429;8.001599312;14.55522226;0.04077522457;0.4109592736;0.3272708058;5
14.54933075;-2.842673302;0.813559711;8.05424118;14.55732408;0.02122755162;0.4011854529;0.3407098353;5
14.55143257;-2.799602509;0.7992027402;8.149953842;14.55942596;0.004123337101;0.3877464235;0.3517054021;5
14.55353439;-2.780459881;0.7800601721;8.226524353;14.56152778;-0.01175914705;0.3730856776;0.362700969;5
14.55563622;-2.756531715;0.7752745152;8.327022552;14.5636296;-0.02153298259;0.3572031856;0.3724747896;5
14.55773804;-2.71824646;0.7465606928;8.427521706;14.56573142;-0.03619373962;0.3388772309;0.3798051775;5
14.55983991;-2.689532757;0.7226324677;8.547162056;14.56783325;-0.04596757516;0.3229947388;0.3895790279;5
14.56194174;-2.63689065;0.6987041831;8.652446747;14.56993507;-0.05451968312;0.308333993;0.3993528485;5
14.56404356;-2.574677229;0.6747759581;8.743373871;14.57203689;-0.06185005978;0.2973384261;0.4079049528;5
14.56614538;-2.54117775;0.6364908218;8.853444099;14.57413872;-0.06918043643;0.2900080681;0.4176788032;5
14.5682472;-2.517249346;0.6077769399;8.968298912;14.57624054;-0.0728456229;0.2912297845;0.4274526238;5
14.57034903;-2.483749866;0.5551348329;9.083154678;14.57834236;-0.0740673542;0.2936732471;0.4396699369;5
14.57245085;-2.464607239;0.5120640397;9.198010445;14.58044418;-0.0740673542;0.2973384261;0.4494437575;5
14.57455267;-2.440679073;0.4785645306;9.351150513;14.58254601;-0.0728456229;0.3046688139;0.4604393244;5
14.5766545;-2.411965132;0.4163511395;9.489934921;14.58464788;-0.06429351866;0.3071122766;0.4689914286;5
14.57875632;-2.388036966;0.3445664644;9.657432556;14.5867497;-0.05329795182;0.3107774556;0.4799869955;5
14.58085814;-2.340180635;0.3110669553;9.839286804;14.58885153;-0.03985892609;0.3095557392;0.4873173833;5
14.58295996;-2.292324066;0.2823530734;10.02114105;14.59095335;-0.02397644334;0.3095557392;0.4970912039;5
14.58506184;-2.254039049;0.2488535494;10.15992451;14.59305517;-0.001985310577;0.311999172;0.5044215918;5
14.58716366;-2.201396942;0.2057827413;10.31785107;14.595157;0.0175623633;0.3071122766;0.5129737258;5
14.58926549;-2.167897224;0.1627119333;10.45184898;14.59725882;0.04077522457;0.3058905303;0.5203040838;5
14.59136731;-2.115255117;0.1435693651;10.5475626;14.59936064;0.06032289565;0.3058905303;0.5264127254;5
14.59346913;-2.086541414;0.1100698411;10.65284634;14.60146247;0.0847574845;0.308333993;0.5337430835;5
14.59557096;-2.053041935;0.06699903309;10.71506023;14.60356429;0.1030834317;0.3095557392;0.5386300087;5
14.59767278;-2.019542217;0.04307080805;10.73420238;14.60566611;0.1201876476;0.311999172;0.5435169339;5
14.5997746;-1.952543259;0.004785645287;10.748559;14.60776799;0.1372918636;0.3168860972;0.5484038591;5
14.60187642;-1.875972986;-0.01914258115;10.72941685;14.60986981;0.1495091617;0.320551306;0.5532907844;5
14.60397825;-1.818545222;-0.06221338734;10.66720295;14.61197163;0.161726445;0.324216485;0.5557342172;5
14.60608007;-1.775474429;-0.1196411327;10.65763187;14.61407346;0.1739437431;0.327881664;0.5581777096;5
14.60818194;-1.722832322;-0.1722832322;10.60499001;14.61617528;0.1800523996;0.3303251266;0.5581777096;5
14.61028377;-1.660618901;-0.1914258152;10.55234814;14.6182771;0.1898262352;0.3303251266;0.5569559336;5
14.61238559;-1.588834286;-0.2105683982;10.51406288;14.62037892;0.1959348768;0.3303251266;0.5569559336;5
14.61448741;-1.488335729;-0.1770688742;10.48056316;14.62248075;0.2020435184;0.327881664;0.5557342172;5
14.61658924;-1.397408366;-0.1674975902;10.47099209;14.62458257;0.2057087123;0.3229947388;0.5557342172;5
14.61869106;-1.320838094;-0.1292124242;10.39920712;14.62668439;0.2093739063;0.3156643808;0.5545125008;5
14.62079288;-1.277767301;-0.1052841991;10.38006496;14.62878622;0.2130390853;0.3034470677;0.5557342172;5
14.6228947;-1.244267821;-0.08614161611;10.34656525;14.63088804;0.2118173689;0.2924515009;0.5557342172;5
14.62499653;-1.239482164;-0.06699903309;10.26042366;14.63298991;0.2093739063;0.2790125012;0.5581777096;5
14.62709835;-1.253839016;-0.06699903309;10.2029953;14.63509174;0.2069304436;0.2655734718;0.5618428588;5
14.62920017;-1.26341033;-0.0765703246;10.13121128;14.63719356;0.2057087123;0.2533561587;0.566729784;5
14.631302;-1.253839016;-0.08614161611;10.02592659;14.63929538;0.1983783394;0.2399171442;0.5716167092;5
14.63340387;-1.258624673;-0.0765703246;9.958928108;14.6413972;0.1947131455;0.2313650399;0.5789470673;5
14.63550569;-1.249053478;-0.06221338734;9.887143135;14.64349903;0.1910479665;0.2252563834;0.5850557685;5
14.63760752;-1.225125194;-0.05264209956;9.781859398;14.64560085;0.1873827726;0.2252563834;0.5899426341;5
14.63970934;-1.21555388;-0.009571290575;9.714859962;14.64770267;0.181274116;0.2264781147;0.5984947681;5
14.64181116;-1.186840057;0.02871387079;9.662218094;14.64980455;0.1788306683;0.2301433086;0.6058251262;5
14.64391299;-1.148554921;0.0382851623;9.561718941;14.65190632;0.1751654744;0.2386954129;0.6119337678;5
14.64601481;-1.115055323;0.0765703246;9.533005714;14.65400819;0.1715002805;0.2472475171;0.6192641854;5
14.64811663;-1.052842021;0.1148554832;9.494720459;14.65611002;0.1678351015;0.258243084;0.6278162599;5
14.65021851;-0.9810572863;0.1292124242;9.470791817;14.65821184;0.1690568328;0.2667951882;0.6388118267;5
14.65232028;-0.9044869542;0.1770688742;9.475577354;14.66031366;0.1666133702;0.2729038298;0.6485856771;5
14.65442215;-0.8757730722;0.2584248483;9.470791817;14.66241549;0.1702785641;0.2802342176;0.6583595276;5
14.65652398;-0.8183453679;0.3062812984;9.51386261;14.66451731;0.1715002805;0.2863428593;0.668133378;5
14.6586258;-0.7896314859;0.3349951804;9.54257679;14.66661913;0.1715002805;0.2924515009;0.6779071689;5
14.66072762;-0.6987041831;0.3493520916;9.552147865;14.66872096;0.1727220118;0.2997818887;0.6876810193;5
14.66282944;-0.6412764788;0.3876372576;9.54257679;14.67082278;0.1739437431;0.3071122766;0.6962331533;5
14.66493127;-0.5694918036;0.3972085714;9.51386261;14.6729246;0.1763872057;0.3181078434;0.7035635114;5
14.66703309;-0.4785645306;0.3876372576;9.485149384;14.67502648;0.1751654744;0.327881664;0.7108938694;5
14.66913491;-0.3637090325;0.4163511395;9.451649666;14.6771283;0.1727220118;0.3388772309;0.7157807946;5
14.67123674;-0.2488535494;0.4163511395;9.408578873;14.67923012;0.1702785641;0.3486510813;0.717002511;5
14.67333856;-0.1244267747;0.4019941986;9.370293617;14.68133194;0.1666133702;0.3608683646;0.718224287;5
14.67544043;0.01914258115;0.3780659735;9.317651749;14.68343377;0.1592829973;0.3730856776;0.7145590782;5
14.67754226;0.1483550072;0.3541377485;9.2362957;14.68553559;0.1519526094;0.3865246773;0.7084504366;5
14.67964408;0.2967100143;0.3062812984;9.183652878;14.68763741;0.1446222365;0.3950767815;0.7011200786;5
14.6817459;0.4402793646;0.2536391914;9.116654396;14.68973924;0.1360701323;0.404850632;0.6901245117;5
14.68384773;0.626919508;0.2153540403;9.102297783;14.69184111;0.1287397593;0.4219548404;0.6766854525;5
14.68594955;0.7992027402;0.1962114573;9.131011009;14.69394288;0.1201876476;0.4439459741;0.6644681692;5
14.68805137;0.9619147182;0.1818545163;9.073583603;14.6960447;0.1104138121;0.4622719288;0.652250886;5
14.69015319;1.095912814;0.1914258152;9.049654961;14.69814658;0.09819651395;0.4781544209;0.6388118267;5
14.69225507;1.158126116;0.2057827413;9.006584167;14.7002484;0.08964440972;0.4879282415;0.6241511106;5
14.69435684;1.234696507;0.2153540403;9.035298347;14.70235023;0.07864884287;0.4928151667;0.609490335;5
14.69645866;1.320838094;0.1818545163;9.064012527;14.70445205;0.06765327603;0.5001455545;0.5923861265;5
14.69856054;1.368694544;0.1531406492;9.068798065;14.70655387;0.05787943676;0.5099193454;0.5740602016;5
14.70066236;1.416550994;0.08614161611;9.116654396;14.70865569;0.04688387364;0.5184714794;0.5569559336;5
14.70276418;1.469193101;0.0;9.092725754;14.71075752;0.03833176568;0.5196931958;0.5422952175;5
14.70486601;1.507478237;-0.05742774159;9.097511292;14.71285934;0.02855792828;0.5221366882;0.5264127254;5
14.70696783;1.507478237;-0.09571290761;9.121439934;14.71496116;0.01878409274;0.5221366882;0.5105302334;5
14.70906965;1.512263894;-0.1244267747;9.154939651;14.71706299;0.009010255337;0.5209149122;0.4958694875;5
14.71117148;1.445264935;-0.1292124242;9.198010445;14.71916486;0.0016798781;0.5160280466;0.4836521745;5
14.7132733;1.40697968;-0.1627119333;9.226723671;14.72126668;-0.008093958721;0.5148062706;0.4726566374;5
14.71537512;1.316052437;-0.1722832322;9.269794464;14.72336851;-0.01420260593;0.5111411214;0.4616610706;5
14.71747694;1.229910851;-0.1818545163;9.303294182;14.72547033;-0.02153298259;0.5111411214;0.4506655037;5
14.71957882;1.138983607;-0.2105683982;9.370293617;14.72757215;-0.02397644334;0.5074759126;0.4421133697;5
14.72168064;1.048056364;-0.2392822653;9.38465023;14.72967398;-0.02641990222;0.4977020919;0.4347830117;5
14.72378247;0.9762716293;-0.2440679073;9.475577354;14.7317758;-0.02764163166;0.4915934205;0.4286743701;5
14.72588429;0.9236295223;-0.2536391914;9.566504478;14.73387762;-0.02519817278;0.4842630625;0.4225656986;5
14.72798611;0.8757730722;-0.2297109663;9.652647018;14.73597944;-0.02031125315;0.4683805704;0.4176788032;5
14.73008793;0.8087740541;-0.2440679073;9.734002113;14.73808127;-0.01175914705;0.454941541;0.4176788032;5
14.73218976;0.7369893789;-0.2632105052;9.8201437;14.74018309;0.0004581485991;0.4451677203;0.4176788032;5
14.73429158;0.7226324677;-0.2775674164;10.01156998;14.74228497;0.0126754446;0.4390590489;0.4189005196;5
14.7363934;0.679561615;-0.2584248483;10.11206818;14.74438679;0.02611446939;0.4317286909;0.4237874448;5
14.73849523;0.626919508;-0.2392822653;10.13599682;14.74648856;0.03955349326;0.4256200492;0.4286743701;5
14.74059705;0.5934200287;-0.1674975902;10.15035343;14.74859043;0.0542142503;0.4219548404;0.4360047281;5
14.74269892;0.5455635786;-0.1674975902;10.17906761;14.75069226;0.0725401938;0.4195113778;0.4421133697;5
14.74480075;0.5599204898;-0.1292124242;10.19820976;14.75279408;0.08842267841;0.420733124;0.4482220411;5
14.74690252;0.5982056856;-0.1292124242;10.22692394;14.7548959;0.1079703495;0.4231765866;0.4543306828;5
14.74900439;0.6364908218;-0.05742774159;10.31306553;14.75699773;0.1262962967;0.4146244824;0.4579958618;5
14.75110622;0.6843472719;0.01914258115;10.29870892;14.75909955;0.1434005052;0.4072940946;0.4641045034;5
14.75320804;0.7369893789;0.06221338734;10.29870892;14.76120137;0.1629481763;0.404850632;0.4677697122;5
14.75530986;0.8566305041;0.0765703246;10.34177971;14.76330319;0.1763872057;0.408515811;0.4714348912;5
14.75741168;0.9619147182;0.1100698411;10.3226366;14.76540502;0.1898262352;0.4072940946;0.4751000702;5
14.75951351;1.014556766;0.1004985496;10.23170948;14.76750689;0.1971566081;0.404850632;0.4799869955;5
14.76161533;1.048056364;0.1292124242;10.14556789;14.76960872;0.2020435184;0.4024071693;0.4836521745;5
14.76371715;1.0863415;0.1387837082;10.08335495;14.77171054;0.2057087123;0.3938550651;0.4848739207;5
14.76581898;1.16769743;0.1579262912;9.973284721;14.77381236;0.2069304436;0.3816377819;0.4824304581;5
14.76792085;1.277767301;0.1627119333;9.87757206;14.77591418;0.204486981;0.3755291104;0.4775435328;5
14.77002267;1.435693622;0.1579262912;9.796216011;14.77801601;0.1996000707;0.3681987524;0.4702131748;5
14.7721245;1.574477315;0.1100698411;9.686145782;14.78011783;0.1898262352;0.3608683646;0.4579958618;5
14.77422632;1.718046665;0.0765703246;9.561718941;14.78221965;0.177608937;0.3498727977;0.4457785785;5
14.77632814;1.842473388;0.01914258115;9.466006279;14.78432148;0.1592829973;0.3388772309;0.4298960865;5
14.77842996;1.966900229;0.0382851623;9.36550808;14.7864233;0.1397353113;0.3291034102;0.4140135944;5
14.78053179;2.100898266;0.06221338734;9.241081238;14.78852512;0.1226311028;0.3217730224;0.3956876695;5
14.78263361;2.239681959;0.1292124242;9.159725189;14.790627;0.1006399691;0.3156643808;0.3761399984;5
14.78473543;2.354537487;0.1579262912;9.078369141;14.79272882;0.07131846249;0.3107774556;0.3553705812;5
14.78683726;2.431107759;0.1914258152;9.020941734;14.79483064;0.04444041103;0.3058905303;0.3333794475;5
14.78893908;2.498106956;0.2009970993;8.949156761;14.79693247;0.0175623633;0.3046688139;0.3113883138;5
14.79104096;2.555534601;0.2009970993;8.867800713;14.79903429;-0.009315688163;0.3010036349;0.2893971801;5
14.79314278;2.608176708;0.1531406492;8.815158844;14.80113611;-0.03375028074;0.2997818887;0.26618433;5
14.7952446;2.670390129;0.1196411327;8.805587769;14.80323793;-0.05818486959;0.2985601723;0.2454149276;5
14.79734642;2.684746981;0.1148554832;8.829515457;14.80533976;-0.07895427197;0.3022253513;0.2246455252;5
14.79944825;2.694318295;0.1483550072;8.87258625;14.80744158;-0.0972802192;0.3058905303;0.2063195854;5
14.80155007;2.679961443;0.2201396823;8.920442581;14.80954346;-0.1131627038;0.3144426346;0.1916588247;5
14.80365189;2.62253356;0.2775674164;8.982656479;14.81164528;-0.1241582632;0.3254382014;0.1794415265;5
14.80575372;2.531606436;0.3158525825;9.040083885;14.8137471;-0.1375972927;0.3327685893;0.1708894223;5
14.80785554;2.421536446;0.3493520916;9.135796547;14.81584887;-0.1473711282;0.3413206935;0.1647807807;5
14.80995741;2.268395901;0.3828516304;9.2362957;14.81795075;-0.1559232324;0.3510945439;0.1635590494;5
14.81205924;2.134397745;0.4115654826;9.265008926;14.82005257;-0.1595884264;0.3620901108;0.1647807807;5
14.81416106;2.005185366;0.4019941986;9.351150513;14.82215439;-0.1595884264;0.377972573;0.169667691;5
14.81626283;1.871187329;0.3828516304;9.504291534;14.82425622;-0.1547015011;0.3962985277;0.1769980639;5
14.8183647;1.718046665;0.4019941986;9.643074989;14.82635804;-0.1473711282;0.4146244824;0.1867718995;5
14.82046653;1.607976794;0.4594219327;9.801001549;14.82845986;-0.1339320987;0.4353938699;0.2014326602;5
14.82256835;1.521835208;0.5216353536;9.968499184;14.83056168;-0.1168278903;0.4610501826;0.2148716897;5
14.82467017;1.459621787;0.6029912829;10.17428207;14.83266351;-0.09605848789;0.4830413163;0.2331976295;5
14.826772;1.402194023;0.6604190469;10.3226366;14.83476533;-0.06918043643;0.4977020919;0.2503018379;5
14.82887382;1.363908887;0.6987041831;10.50449181;14.83686715;-0.04108065739;0.5123628378;0.26618433;5
14.83097564;1.344766378;0.7274180651;10.69591713;14.83896898;-0.01175914705;0.5258018374;0.2832885385;5
14.83307746;1.35912323;0.7226324677;10.83470058;14.84107085;0.01878409274;0.5270236135;0.2967275679;5
14.83517929;1.397408366;0.708275497;10.9304142;14.84317267;0.04810560122;0.5258018374;0.3077231348;5
14.83728111;1.445264935;0.6843472719;10.94477081;14.8452745;0.07498364896;0.5233584046;0.316275239;5
14.83938293;1.55054903;0.6221339107;10.96391296;14.84737632;0.09697478265;0.5258018374;0.3223838806;5
14.84148481;1.674975872;0.5168496966;11.00698376;14.84947814;0.1165224537;0.5282453299;0.3272708058;5
14.84358663;1.794616938;0.4642075896;10.99262714;14.85157996;0.134848401;0.524580121;0.3297142684;5
14.84568846;1.847259045;0.4498506486;10.9304142;14.85368179;0.1446222365;0.5184714794;0.3333794475;5
14.84779028;1.899901152;0.4785645306;10.83948612;14.85578361;0.1507308781;0.5074759126;0.3358229101;5
14.8498921;1.928615093;0.5216353536;10.76291656;14.85788549;0.154396072;0.4891499579;0.3382663727;5
14.85199392;1.9812572;0.5359922647;10.66720295;14.85998726;0.1519526094;0.4647153914;0.3382663727;5
14.85409575;2.038684845;0.5168496966;10.60499001;14.86208913;0.1507308781;0.4353938699;0.3358229101;5
14.85619757;2.096112728;0.4929214716;10.52841949;14.86419096;0.1397353113;0.3987419903;0.3321577311;5
14.85829944;2.182254314;0.4259224236;10.46620655;14.86629278;0.131183207;0.3547597229;0.3260490894;5
14.86040122;2.258824587;0.4019941986;10.34177971;14.8683946;0.1189659163;0.308333993;0.3174969554;5
14.86250309;2.344966173;0.3589234054;10.24128056;14.87049642;0.1006399691;0.2606865466;0.3077231348;5
14.86460491;2.459821701;0.3206382394;10.15035343;14.87259825;0.08231402934;0.2057087123;0.2955058515;5
14.86670674;2.531606436;0.2584248483;10.04985523;14.87470007;0.05787943676;0.1531743407;0.2796233594;5
14.86880856;2.617748022;0.2440679073;9.963713646;14.87680194;0.03100138716;0.1055268943;0.26618433;5
14.87091038;2.708675146;0.2249253243;9.872786522;14.87890372;0.004123337101;0.05665770918;0.2515235841;5
14.8730122;2.799602509;0.2392822653;9.767501831;14.88100554;-0.02397644334;0.01634063199;0.2356410921;5
14.87511403;2.842673302;0.2919243574;9.662218094;14.88310741;-0.05329795182;-0.02275471389;0.2222020626;5
14.8772159;2.871387243;0.2919243574;9.590433121;14.88520918;-0.08384118974;-0.06062832847;0.2087630332;5
14.87931767;2.885744095;0.3110669553;9.499505997;14.88731106;-0.1131627038;-0.09483675659;0.1977674663;5
14.8814195;2.842673302;0.3158525825;9.437292099;14.88941283;-0.1437059343;-0.1241582632;0.1892153621;5
14.88352137;2.780459881;0.3110669553;9.394221306;14.8915147;-0.1730274558;-0.1534797698;0.1806632578;5
14.88562314;2.727817774;0.3397808075;9.355937004;14.89361653;-0.1999054998;-0.1803578287;0.1733328849;5
14.88772502;2.670390129;0.3637090325;9.3367939;14.89571835;-0.2243400961;-0.2060141414;0.1660024971;5
14.88982679;2.627319336;0.3924229145;9.332008362;14.89782017;-0.2451094985;-0.2194531709;0.1562286615;5
14.89192866;2.63689065;0.3684946895;9.403793335;14.899922;-0.2609919906;-0.2231183648;0.1488982886;5
14.89403049;2.689532757;0.3302095234;9.523433685;14.90202382;-0.2744309902;-0.2194531709;0.1452330947;5
14.89613231;2.694318295;0.3302095234;9.580862045;14.90412564;-0.2793179154;-0.2096793354;0.142789647;5
14.89823413;2.62253356;0.3349951804;9.676574707;14.90622746;-0.2854265571;-0.1974620372;0.1440113783;5
14.90033596;2.483749866;0.3924229145;9.777072906;14.90832934;-0.2854265571;-0.18157956;0.1452330947;5
14.90243778;2.359323025;0.4019941986;9.915857315;14.91043116;-0.2768744528;-0.1534797698;0.1476765573;5
14.9045396;2.258824587;0.4067798555;10.08335495;14.91253299;-0.2609919906;-0.1168278903;0.1488982886;5
14.90664142;2.187039852;0.3876372576;10.27478027;14.91463481;-0.2414443046;-0.0728456229;0.1525634825;5
14.9087433;2.167897224;0.3780659735;10.45184898;14.91673663;-0.2133445293;-0.02641990222;0.1574503928;5
14.91084512;2.163111687;0.3972085714;10.60977554;14.91883846;-0.1840230078;0.02367101051;0.1647807807;5
14.91294694;2.182254314;0.3972085714;10.77248764;14.92094028;-0.1473711282;0.06765327603;0.1721111536;5
14.91504877;2.129612207;0.4259224236;10.92562866;14.9230421;-0.1119409725;0.1055268943;0.1782197952;5
14.91715059;2.06261301;0.4450650215;11.06441212;14.92514398;-0.07162389904;0.1495091617;0.1867718995;5
14.91925241;1.986042738;0.4115654826;11.22712421;14.9272458;-0.03008509055;0.1971566081;0.1953240186;5
14.92135424;1.962114573;0.3876372576;11.36590767;14.92934762;0.006566796452;0.2460257858;0.2063195854;5
14.92345606;1.93340075;0.3397808075;11.38504982;14.93144944;0.04199695215;0.2912297845;0.2173151523;5
14.92555793;1.928615093;0.3637090325;11.34197903;14.93355127;0.0737619251;0.3327685893;0.2295324355;5
14.92765976;1.861616015;0.3732803464;11.32762241;14.93565309;0.104305163;0.3718639314;0.2405280024;5
14.92976158;1.804188251;0.3972085714;11.30369377;14.93775491;0.1299614757;0.4097375572;0.2478583902;5
14.9318634;1.780260086;0.3780659735;11.27976608;14.93985674;0.1507308781;0.4415025115;0.2527453005;5
14.93396523;1.780260086;0.3684946895;11.22712421;14.94195856;0.1715002805;0.4659371078;0.2564104795;5
14.93606705;1.789831281;0.3780659735;11.19841003;14.94406038;0.18493931;0.4867065251;0.2588539422;5
14.93816887;1.832902193;0.4019941986;11.12183952;14.9461622;0.1959348768;0.5001455545;0.2551887631;5
14.94027069;1.866401672;0.4115654826;11.04526901;14.94826403;0.2032652497;0.5025889874;0.2551887631;5
14.94237252;1.8855443;0.4163511395;10.96391296;14.95036585;0.2069304436;0.5025889874;0.2527453005;5
14.94447434;1.8855443;0.3924229145;10.88734341;14.95246773;0.2057087123;0.4928151667;0.2478583902;5
14.94657616;1.880758643;0.3732803464;10.80598736;14.95456955;0.204486981;0.4793761373;0.242971465;5
14.94867799;1.880758643;0.3397808075;10.748559;14.95667137;0.2032652497;0.4598284662;0.2368628234;5
14.95077981;1.856830359;0.2727817893;10.69591713;14.95877319;0.1947131455;0.4329504073;0.2307541668;5
14.95288168;1.818545222;0.2488535494;10.66241741;14.96087502;0.1873827726;0.3975202441;0.2234237939;5
14.95498351;1.780260086;0.2344966233;10.65284634;14.96297684;0.177608937;0.3535379767;0.2173151523;5
14.95708533;1.737189293;0.2105683982;10.65763187;14.96507866;0.1690568328;0.3058905303;0.2075413018;5
14.95918715;1.708475351;0.1962114573;10.67677498;14.96718049;0.1592829973;0.2509126961;0.1989891976;5
14.96128898;1.665404558;0.2057827413;10.69591713;14.96928231;0.1507308781;0.1947131455;0.1879936308;5
14.9633908;1.617548108;0.2105683982;10.68156052;14.97138418;0.1385135949;0.1372918636;0.1769980639;5
14.96549262;1.584048629;0.2249253243;10.69113159;14.97348596;0.1250745654;0.07864884287;0.1660024971;5
14.96759444;1.531406522;0.2584248483;10.69591713;14.97558778;0.1153007299;0.02489273995;0.1537852138;5
14.96969627;1.50269258;0.2727817893;10.67677498;14.97768965;0.104305163;-0.02519817278;0.1440113783;5
14.97179814;1.488335729;0.2727817893;10.66720295;14.97979148;0.09330959618;-0.07040216774;0.1342375278;5
14.97389991;1.450050473;0.2871387303;10.63848972;14.9818933;0.07864884287;-0.1143844277;0.1256854236;5
14.97600174;1.402194023;0.3158525825;10.59541893;14.98399512;0.06643154472;-0.1534797698;0.1183550507;5
14.97810361;1.368694544;0.3254238665;10.58106136;14.98609694;0.05665770918;-0.1876882017;0.1122464016;5
14.98020543;1.330409408;0.3206382394;10.50927734;14.98819877;0.04688387364;-0.2218966335;0.1061377525;5
14.98230726;1.277767301;0.3493520916;10.46620655;14.99030059;0.03711003438;-0.2536616027;0.1012508348;5
14.98440908;1.239482164;0.3684946895;10.43270683;14.99240247;0.03100138716;-0.2793179154;0.09636391699;5
14.9865109;1.220339537;0.3876372576;10.41356373;14.99450424;0.02611446939;-0.3000873327;0.09147699922;5
14.98861273;1.220339537;0.4115654826;10.40877819;14.99660606;0.02367101051;-0.3208567202;0.08536835015;5
14.99071455;1.21555388;0.4307080805;10.40399265;14.99870788;0.02367101051;-0.3355174661;0.08048143238;5
14.99281642;1.229910851;0.4354937077;10.41356373;15.00080976;0.02489273995;-0.3489564955;0.07559451461;5
14.99491819;1.234696507;0.4402793646;10.43270683;15.00291153;0.02977965772;-0.3575085998;0.07070759684;5
14.99702002;1.234696507;0.4546363056;10.46142101;15.0050134;0.03344484791;-0.3636172712;0.06459894776;5
14.99912184;1.244267821;0.4546363056;10.46142101;15.00711523;0.04077522457;-0.3660607338;0.05971203372;5
15.00122372;1.239482164;0.4450650215;10.46142101;15.00921705;0.04810560122;-0.3721693754;0.05360338464;5
15.00332549;1.244267821;0.4211367965;10.44706345;15.01131887;0.05543597788;-0.3721693754;0.04749473557;5
15.00542736;1.249053478;0.4067798555;10.40399265;15.01342377;0.06398808211;-0.3721693754;0.03894263133;5
15.00752918;1.253839016;0.3732803464;10.37527943;15.01552252;0.07131846249;-0.3660607338;0.03283398226;5
15.00963101;1.282552958;0.3684946895;10.30827999;15.01762434;0.07742711157;-0.3599520624;0.02550360374;5
15.01173283;1.292124271;0.3493520916;10.21256733;15.01972616;0.08109229803;-0.3465130329;0.01939495653;5
15.01383773;1.301695466;0.3302095234;10.08335495;15.02182799;0.08109229803;-0.3318522871;0.01450803876;5
15.01593648;1.306481123;0.3589234054;9.973284721;15.02392986;0.08109229803;-0.3098611534;0.008399390616;5
15.0180383;1.287338614;0.3780659735;9.84885788;15.02603168;0.07498364896;-0.2890917659;0.007177661173;5
15.02014012;1.249053478;0.4067798555;9.7196455;15.02813351;0.07009673119;-0.265878886;0.007177661173;5
15.02224194;1.186840057;0.4307080805;9.580862045;15.03023533;0.06398808211;-0.2426660359;0.008399390616;5
15.02434382;1.11984098;0.4402793646;9.485149384;15.03233715;0.05910116807;-0.2170097083;0.009621120058;5
15.02644564;1.067198873;0.4881358147;9.394221306;15.03443898;0.0542142503;-0.1901316643;0.01450803876;5
15.02854746;1.004985452;0.5264210105;9.3367939;15.0365408;0.04932733253;-0.1644753367;0.02061668597;5
15.03064929;0.94277215;0.5551348329;9.30807972;15.03864262;0.04688387364;-0.142484203;0.02550360374;5
15.03275111;0.8949156404;0.5982056856;9.303294182;15.04074444;0.04077522457;-0.1204930767;0.03161225095;5
15.03485293;0.8614161611;0.6221339107;9.303294182;15.04284632;0.04077522457;-0.1046105921;0.03649916872;5
15.03695476;0.8518448472;0.6460621357;9.30807972;15.04494814;0.03833176568;-0.09239330143;0.04016435891;5
15.03905658;0.8327022791;0.6747759581;9.360722542;15.04704997;0.03833176568;-0.08139773458;0.0426078178;5
15.0411584;0.8039883971;0.6699903607;9.394221306;15.04915179;0.03955349326;-0.07773254067;0.04505127668;5
15.04326028;0.8183453679;0.6699903607;9.422935486;15.05125361;0.03711003438;-0.07162389904;0.04627300799;5
15.0453621;0.784845829;0.6747759581;9.437292099;15.05335543;0.0358883068;-0.07040216774;0.04505127668;5
15.04746392;0.7465606928;0.6412764788;9.494720459;15.05545726;0.03222311661;-0.0740673542;0.04505127668;5
15.04956575;0.708275497;0.6173482537;9.499505997;15.05755908;0.03100138716;-0.07773254067;0.04627300799;5
15.05166757;0.6652047038;0.5838487148;9.523433685;15.0596609;0.02611446939;-0.08506292105;0.04505127668;5
15.05376939;0.6173482537;0.5455635786;9.51386261;15.06176273;0.02367101051;-0.09483675659;0.0438295491;5
15.05587122;0.5599204898;0.5120640397;9.528220177;15.0638646;0.01878409274;-0.1058323234;0.04505127668;5
15.05797304;0.5072783828;0.4833501875;9.494720459;15.06596637;0.01389717404;-0.1204930767;0.04505127668;5
15.06007486;0.4594219327;0.4785645306;9.51386261;15.06806825;0.007788525894;-0.1339320987;0.04749473557;5
15.06217668;0.4067798555;0.4689932466;9.518648148;15.07017002;0.002901607659;-0.1534797698;0.04993819445;5
15.06427856;0.3541377485;0.4881358147;9.523433685;15.07227189;-0.003207040019;-0.1718057245;0.05115992576;5
15.06638033;0.3014956415;0.5120640397;9.528220177;15.07437372;-0.01053741761;-0.1925751269;0.05360338464;5
15.0684822;0.2488535494;0.5168496966;9.509077072;15.07647554;-0.01664606482;-0.2109010667;0.05726857483;5
15.07058398;0.1818545163;0.5407779217;9.480362892;15.07857736;-0.02397644334;-0.2280052751;0.05849030241;5
15.07268585;0.1627119333;0.5647061467;9.451649666;15.08067918;-0.03375028074;-0.2463312149;0.05971203372;5
15.07478767;0.1196411327;0.5599204898;9.456435204;15.08278101;-0.04352411628;-0.2597702444;0.0621554926;5
15.0768895;0.1052841991;0.5742774606;9.432506561;15.08488283;-0.05329795182;-0.2719875574;0.06459894776;5
15.07899132;0.09092725813;0.5790630579;9.41336441;15.0869847;-0.05940660089;-0.2854265571;0.06582067907;5
15.08109314;0.1052841991;0.5599204898;9.451649666;15.08908653;-0.06673697382;-0.3000873327;0.06582067907;5
15.08319496;0.09092725813;0.5599204898;9.461220741;15.0911883;-0.07162389904;-0.3135263622;0.06704241037;5
15.08529679;0.1100698411;0.5312066078;9.51386261;15.09329017;-0.07162389904;-0.3245218992;0.06826414168;5
15.08739866;0.1004985496;0.5120640397;9.547362328;15.095392;-0.07162389904;-0.3355174661;0.06826414168;5
15.08950049;0.09571290761;0.4977070987;9.628718376;15.09749382;-0.07040216774;-0.3452913165;0.06826414168;5
15.09160226;0.09571290761;0.4642075896;9.681360245;15.09959564;-0.06918043643;-0.3526217043;0.06704241037;5
15.09370413;0.09571290761;0.4450650215;9.734002113;15.10169746;-0.06429351866;-0.3562868834;0.06582067907;5
15.09580596;0.1148554832;0.4354937077;9.757930756;15.10379929;-0.05940660089;-0.3599520624;0.06704241037;5
15.09790778;0.1435693651;0.4402793646;9.815358162;15.10590111;-0.05207622424;-0.3575085998;0.06704241037;5
15.1000096;0.1483550072;0.4307080805;9.863214493;15.10800293;-0.04718930274;-0.3526217043;0.06704241037;5
15.10211142;0.1531406492;0.4307080805;9.901499748;15.11010481;-0.03985892609;-0.3465130329;0.06826414168;5
15.10421325;0.1627119333;0.4307080805;9.911071777;15.11220658;-0.03130681813;-0.3367392123;0.06948586553;5
15.10631507;0.1722832322;0.4402793646;9.944570541;15.1143084;-0.02031125315;-0.3233001828;0.06948586553;5
15.10841689;0.1627119333;0.4307080805;9.968499184;15.11641028;-0.01420260593;-0.3110828996;0.07070759684;5
15.11051877;0.1674975902;0.4211367965;10.00678444;15.1185121;-0.0007635809598;-0.2964221239;0.07192932814;5
15.11262054;0.1722832322;0.4211367965;10.01156998;15.12061392;0.01023198478;-0.2829830945;0.0743727833;5
15.11472236;0.2009970993;0.4115654826;10.03549862;15.12271575;0.02611446939;-0.2683223486;0.0743727833;5
15.11682424;0.2201396823;0.4163511395;10.07378292;15.12481757;0.03711003438;-0.2548833191;0.07192932814;5
15.11892606;0.2249253243;0.4019941986;10.06899738;15.12691939;0.04810560122;-0.2377791107;0.07315105945;5
15.12102788;0.2488535494;0.3828516304;10.05942631;15.12902122;0.05787943676;-0.2194531709;0.06948586553;5
15.1231297;0.2967100143;0.3732803464;10.04028416;15.13112304;0.06765327603;-0.2060141414;0.06948586553;5
15.12523153;0.3445664644;0.3732803464;10.02114105;15.13322486;0.07742711157;-0.188909933;0.06826414168;5
15.12733335;0.3828516304;0.3589234054;9.978070259;15.13532668;0.0847574845;-0.1742491722;0.06337722391;5
15.12943517;0.4019941986;0.3541377485;9.934999466;15.13742856;0.08842267841;-0.1595884264;0.05971203372;5
15.131537;0.4019941986;0.3397808075;9.887143135;15.13953038;0.09330959618;-0.1449276656;0.05604684353;5
15.13363882;0.4259224236;0.3397808075;9.781859398;15.1416322;0.09330959618;-0.1351538301;0.04993819445;5
15.13574064;0.4498506486;0.3254238665;9.714859962;15.14373403;0.09453132749;-0.1253799945;0.0426078178;5
15.13784252;0.4881358147;0.3349951804;9.628718376;15.14583585;0.09208786488;-0.1168278903;0.03527744114;5
15.13994434;0.5168496966;0.3254238665;9.576076508;15.14793767;0.08720094711;-0.1107192412;0.02672533318;5
15.14204616;0.5359922647;0.3302095234;9.494720459;15.1500395;0.0847574845;-0.1046105921;0.01939495653;5
15.14414799;0.5599204898;0.3349951804;9.38465023;15.15214132;0.07620538026;-0.09972367436;0.01206457894;5
15.14624981;0.5694918036;0.3445664644;9.312865257;15.15424314;0.06643154472;-0.09239330143;0.005955931731;5
15.14835163;0.5551348329;0.3589234054;9.217152596;15.15634496;0.0542142503;-0.08994983882;0.001069013379;5
15.15045346;0.4977070987;0.3780659735;9.111868858;15.15844679;0.04199695215;-0.08139773458;-0.002596175298;5
15.15255528;0.4498506486;0.3972085714;9.05922699;15.16054861;0.02611446939;-0.07651081681;-0.007483093534;5
15.1546571;0.3732803464;0.4067798555;8.97308445;15.16265049;0.0126754446;-0.07651081681;-0.009926552884;5
15.15675892;0.3158525825;0.4354937077;8.891729355;15.16475226;-0.0007635809598;-0.07651081681;-0.008704823442;5
15.15886075;0.2440679073;0.4642075896;8.867800713;15.16685413;-0.01542433538;-0.07895427197;-0.007483093534;5
15.16096257;0.1674975902;0.4689932466;8.819944382;15.16895596;-0.02886336111;-0.08261945844;-0.003817904973;5
15.16306444;0.08135596663;0.5120640397;8.84387207;15.17105778;-0.04474584386;-0.08872810751;0.001069013379;5
15.16516622;-0.004785645287;0.5120640397;8.863015175;15.1731596;-0.0557414107;-0.09483675659;0.004734201822;5
15.16726809;-0.09092725813;0.5503492355;8.87258625;15.17526142;-0.06429351866;-0.1033888608;0.01328630932;5
15.16936991;-0.1914258152;0.5647061467;8.910871506;15.17736325;-0.07528908551;-0.1119409725;0.01817322709;5
15.17147174;-0.2632105052;0.5694918036;8.963513374;15.17946507;-0.07895427197;-0.1204930767;0.02672533318;5
15.17357356;-0.3302095234;0.5647061467;9.016156197;15.18156689;-0.08628465235;-0.1278234571;0.03283398226;5
15.17567538;-0.3493520916;0.5982056856;9.073583603;15.18366877;-0.08872810751;-0.1327103674;0.04016435891;5
15.17777721;-0.3780659735;0.5838487148;9.140582085;15.18577059;-0.09117157012;-0.1412624866;0.04627300799;5
15.17987903;-0.3732803464;0.5790630579;9.17886734;15.18787241;-0.09361502528;-0.1400407553;0.05238165334;5
15.18198085;-0.3541377485;0.5503492355;9.250652313;15.18997424;-0.09239330143;-0.1400407553;0.05726857483;5
15.18408273;-0.3206382394;0.5264210105;9.284152031;15.19207606;-0.08994983882;-0.1327103674;0.05971203372;5
15.18618455;-0.2967100143;0.4977070987;9.332008362;15.19417788;-0.08872810751;-0.1241582632;0.06337722391;5
15.18828637;-0.2632105052;0.4689932466;9.389435768;15.1962797;-0.08261945844;-0.1119409725;0.06459894776;5
15.19038819;-0.2057827413;0.4450650215;9.451649666;15.19838153;-0.07773254067;-0.0972802192;0.06337722391;5
15.19249002;-0.1579262912;0.4211367965;9.518648148;15.20048335;-0.0728456229;-0.08261945844;0.06337722391;5
15.19459184;-0.09092725813;0.4019941986;9.576076508;15.20258517;-0.06795870513;-0.06918043643;0.0609337613;5
15.19669366;-0.02871387079;0.3637090325;9.623932838;15.204687;-0.05818486959;-0.05696314201;0.05482511222;5
15.19879549;0.0143569354;0.3110669553;9.686145782;15.20678887;-0.04963276163;-0.04596757516;0.04993819445;5
15.20089731;0.07178468257;0.2632105052;9.734002113;15.20889069;-0.03985892609;-0.03619373962;0.04138609022;5
15.20299913;0.1244267747;0.2009970993;9.801001549;15.21099252;-0.03130681813;-0.02764163166;0.03405570984;5
15.20510096;0.1962114573;0.1531406492;9.834501266;15.21309434;-0.02031125315;-0.01664606482;0.0242818743;5
15.20720283;0.2440679073;0.1004985496;9.896714211;15.21519616;-0.006872228812;-0.006872228812;0.01450803876;5
15.20930465;0.2919243574;0.0765703246;9.930213928;15.21729799;0.004123337101;0.002901607659;0.00351247238;5
15.21140648;0.3445664644;0.05742774159;9.978070259;15.21939981;0.0126754446;0.01023198478;-0.007483093534;5
15.2135083;0.3732803464;0.04785645381;10.04028416;15.22150163;0.02489273995;0.0175623633;-0.01725693047;5
15.21561012;0.3732803464;0.03349951655;10.09292603;15.22360346;0.0358883068;0.02122755162;-0.0294742249;5
15.21771194;0.3828516304;0.03349951655;10.09292603;15.22570528;0.04688387364;0.02489273995;-0.04046979174;5
15.21981377;0.3397808075;0.04307080805;10.09771156;15.2278071;0.0542142503;0.02733619884;-0.05024362728;5
15.22191559;0.3062812984;0.05742774159;10.09771156;15.22990898;0.06154462695;0.02855792828;-0.05879573524;5
15.22401741;0.2392822653;0.07178468257;10.09771156;15.23201075;0.07009673119;0.02733619884;-0.06734783947;5
15.22611924;0.1770688742;0.07178468257;10.09292603;15.23411262;0.07498364896;0.02489273995;-0.07345648855;5
15.22822106;0.1339980662;0.09571290761;10.06899738;15.23621444;0.08231402934;0.02122755162;-0.07956513762;5
15.23032293;0.06699903309;0.1292124242;10.03549862;15.23831627;0.0847574845;0.01511890348;-0.08323032409;5
15.23242471;-0.004785645287;0.1627119333;9.997213364;15.24041809;0.09086613357;0.01389717404;-0.086895518;5
15.23452658;-0.06221338734;0.1866401732;9.934999466;15.24251991;0.09330959618;0.007788525894;-0.086895518;5
15.2366284;-0.1244267747;0.2153540403;9.901499748;15.24462174;0.09453132749;0.004123337101;-0.08445205539;5
15.23873023;-0.2201396823;0.2679961324;9.887143135;15.24672356;0.09575305134;-0.004428769462;-0.08078686893;5
15.24083205;-0.3158525825;0.3158525825;9.834501266;15.24882538;0.09697478265;-0.01420260593;-0.07467821985;5
15.24293387;-0.4067798555;0.3684946895;9.791430473;15.25092721;0.09575305134;-0.02153298259;-0.06734783947;5
15.24503569;-0.4977070987;0.4211367965;9.762716293;15.25302908;0.09208786488;-0.03130681813;-0.06123919412;5
15.24713752;-0.5742774606;0.4689932466;9.705288887;15.25513085;0.08842267841;-0.0374154672;-0.05268708616;5
15.24923934;-0.6221339107;0.5024927258;9.647860527;15.25723273;0.08353576064;-0.04841103405;-0.04413498193;5
15.25134116;-0.6364908218;0.5551348329;9.609575272;15.25933455;0.07864884287;-0.05451968312;-0.03680460155;5
15.25344304;-0.6556333899;0.5742774606;9.537791252;15.26143632;0.07131846249;-0.05940660089;-0.03069595434;5
15.25554481;-0.6652047038;0.5982056856;9.499505997;15.26353819;0.06398808211;-0.06551524997;-0.02336557768;5
15.25764668;-0.6364908218;0.6173482537;9.437292099;15.26564002;0.05787943676;-0.07040216774;-0.01725693047;5
15.25974851;-0.6221339107;0.6364908218;9.399007797;15.26774184;0.04810560122;-0.07528908551;-0.01359174121;5
15.26185028;-0.5982056856;0.6364908218;9.360722542;15.26984366;0.04444041103;-0.07895427197;-0.009926552884;5
15.26395215;-0.5455635786;0.6173482537;9.30807972;15.27194549;0.0358883068;-0.08506292105;-0.005039634649;5
15.26605398;-0.5024927258;0.6221339107;9.284152031;15.27404731;0.02855792828;-0.08628465235;-0.001374445739;5
15.2681558;-0.4642075896;0.6077769399;9.269794464;15.27614918;0.01878409274;-0.08994983882;0.002290742937;5
15.27025762;-0.4307080805;0.5934200287;9.217152596;15.27825101;0.01023198478;-0.09117157012;0.007177661173;5
15.27235944;-0.3780659735;0.5838487148;9.20758152;15.28035283;0.004123337101;-0.08994983882;0.0108428495;5
15.27446127;-0.3541377485;0.5838487148;9.164510727;15.28245465;-0.004428769462;-0.08628465235;0.01450803876;5
15.27656314;-0.3302095234;0.5886343718;9.169296265;15.28455648;-0.01298087649;-0.08384118974;0.01939495653;5
15.27866496;-0.2871387303;0.6125625968;9.145368576;15.28665825;-0.02031125315;-0.07895427197;0.02183841541;5
15.28076679;-0.2488535494;0.6173482537;9.159725189;15.28876012;-0.02764163166;-0.07528908551;0.02672533318;5
15.28286861;-0.2009970993;0.6317051649;9.17886734;15.29086194;-0.03252854943;-0.07162389904;0.02916879393;5
15.28497043;-0.1627119333;0.650847733;9.212367058;15.29296377;-0.03619373962;-0.07040216774;0.03283398226;5
15.28707221;-0.1052841991;0.6412764788;9.269794464;15.29506559;-0.03863719851;-0.06673697382;0.03649916872;5
15.28917408;-0.06699903309;0.6364908218;9.312865257;15.29716741;-0.04230238497;-0.06307178736;0.03894263133;5
15.2912759;-0.03349951655;0.6125625968;9.346364975;15.29926929;-0.04230238497;-0.06062832847;0.04138609022;5
15.29337773;0.0143569354;0.5886343718;9.36550808;15.30137106;-0.04596757516;-0.05940660089;0.0438295491;5
15.29547955;0.08135596663;0.5838487148;9.418149948;15.30347293;-0.04474584386;-0.05696314201;0.04749473557;5
15.29758137;0.1531406492;0.5503492355;9.456435204;15.30557476;-0.04474584386;-0.05329795182;0.04871646687;5
15.29968325;0.2201396823;0.5455635786;9.475577354;15.30767658;-0.04474584386;-0.05085449293;0.04993819445;5
15.30178502;0.3014956415;0.5216353536;9.518648148;15.3097784;-0.04474584386;-0.04963276163;0.04993819445;5
15.30388689;0.3589234054;0.4929214716;9.566504478;15.31188023;-0.04474584386;-0.04352411628;0.04993819445;5
15.30598872;0.4067798555;0.4689932466;9.600004196;15.31398205;-0.04352411628;-0.03863719851;0.04871646687;5
15.30809054;0.4881358147;0.4689932466;9.619147301;15.31608387;-0.04352411628;-0.03375028074;0.04749473557;5
15.31019236;0.5455635786;0.4594219327;9.628718376;15.31818569;-0.03985892609;-0.02641990222;0.04749473557;5
15.31229418;0.6221339107;0.4881358147;9.638289452;15.32028752;-0.04108065739;-0.02641990222;0.04627300799;5
15.31439601;0.6987041831;0.4833501875;9.676574707;15.32238939;-0.04230238497;-0.02397644334;0.04627300799;5
15.31649783;0.7752745152;0.4929214716;9.69093132;15.32449116;-0.04108065739;-0.02275471389;0.04871646687;5
15.31859965;0.8039883971;0.5120640397;9.700503349;15.32659304;-0.04230238497;-0.02519817278;0.04871646687;5
15.32070148;0.866201818;0.5216353536;9.724431038;15.32869486;-0.04474584386;-0.02641990222;0.05115992576;5
15.32280335;0.8757730722;0.5168496966;9.724431038;15.33079668;-0.04718930274;-0.02641990222;0.05238165334;5
15.32490512;0.9140582681;0.5312066078;9.743574142;15.33289851;-0.04841103405;-0.02764163166;0.05482511222;5
15.327007;0.9523434043;0.5312066078;9.74835968;15.33500033;-0.05207622424;-0.03252854943;0.05604684353;5
15.32910882;1.000199914;0.5264210105;9.757930756;15.33710215;-0.05696314201;-0.03619373962;0.05482511222;5
15.33121064;1.03848505;0.5407779217;9.781859398;15.33920398;-0.05696314201;-0.0374154672;0.05726857483;5
15.33331246;1.071984529;0.5359922647;9.84885788;15.3413058;-0.06062832847;-0.04352411628;0.0609337613;5
15.33541429;1.0863415;0.5359922647;9.906285286;15.34340762;-0.06062832847;-0.04718930274;0.06337722391;5
15.33751611;1.0863415;0.5551348329;9.968499184;15.34550944;-0.06185005978;-0.05329795182;0.06704241037;5
15.33961793;1.110269666;0.5838487148;10.03071213;15.34761127;-0.06185005978;-0.06551524997;0.0743727833;5
15.34171976;1.115055323;0.6173482537;10.13121128;15.34971314;-0.05940660089;-0.07895427197;0.07803797722;5
15.34382158;1.138983607;0.6173482537;10.21735287;15.35181496;-0.0557414107;-0.09239330143;0.08048143238;5
15.3459234;1.172483087;0.6077769399;10.27956581;15.35391679;-0.05329795182;-0.1058323234;0.08048143238;5
15.34802523;1.220339537;0.5886343718;10.3226366;15.35601861;-0.04474584386;-0.1180496216;0.07925970852;5
15.3501271;1.292124271;0.5647061467;10.41356373;15.35812043;-0.0374154672;-0.131488651;0.08048143238;5
15.35222892;1.363908887;0.5551348329;10.47577763;15.36022226;-0.03252854943;-0.1400407553;0.08048143238;5
15.35433075;1.459621787;0.5503492355;10.53320503;15.36232408;-0.02519817278;-0.1473711282;0.08048143238;5
15.35643257;1.560120344;0.5407779217;10.5858469;15.3644259;-0.01664606482;-0.1522580534;0.07925970852;5
15.35853439;1.651047587;0.5264210105;10.60499001;15.36652773;-0.009315688163;-0.1547015011;0.07925970852;5
15.36063622;1.751546144;0.5024927258;10.59541893;15.36862955;-0.001985310577;-0.1522580534;0.07315105945;5
15.36273804;1.861616015;0.4929214716;10.60977554;15.37073137;0.007788525894;-0.1473711282;0.06948586553;5
15.36483986;1.962114573;0.4737788737;10.6480608;15.37283325;0.01511890348;-0.1412624866;0.06582067907;5
15.36694168;2.043470621;0.4689932466;10.63848972;15.37493507;0.02489273995;-0.1290451884;0.0621554926;5
15.36904351;2.134397745;0.4881358147;10.62413216;15.37703689;0.03100138716;-0.1131627038;0.05726857483;5
15.37114533;2.220539331;0.5072783828;10.56670475;15.37913872;0.03711003438;-0.09850194305;0.04993819445;5
15.3732472;2.321038008;0.5024927258;10.52841949;15.38124054;0.04688387364;-0.08261945844;0.04016435891;5
15.37534903;2.440679073;0.4833501875;10.49491978;15.38334236;0.05177079141;-0.06795870513;0.02794706449;5
15.37745085;2.555534601;0.4402793646;10.47577763;15.38544418;0.05910116807;-0.05207622424;0.01450803876;5
15.37955267;2.694318295;0.3828516304;10.43749237;15.38754601;0.06887500733;-0.03985892609;-0.0001527161949;5
15.3816545;2.837887764;0.3541377485;10.38963604;15.38964783;0.0737619251;-0.03130681813;-0.01481347065;5
15.38375632;2.981456995;0.3254238665;10.3657074;15.39174965;0.07987056673;-0.0190895237;-0.03191768378;5
15.38585814;3.101098061;0.3014956415;10.34656525;15.39385148;0.0847574845;-0.01053741761;-0.0490218997;5
15.38795996;3.225524902;0.2967100143;10.29392338;15.39595335;0.09086613357;-0.0007635809598;-0.06490438432;5
15.39006179;3.297309637;0.2919243574;10.30349445;15.39805517;0.09697478265;0.01023198478;-0.08078686893;5
15.39216361;3.364308596;0.3062812984;10.28435135;15.40015694;0.09941824526;0.02000582218;-0.09666935354;5
15.39426543;3.369094372;0.3349951804;10.26042366;15.40225882;0.1006399691;0.03344484791;-0.1076649204;5
15.39636731;3.388236761;0.3732803464;10.2029953;15.40436064;0.1006399691;0.04566214234;-0.1198822111;5
15.39846913;3.354737282;0.4019941986;10.18385315;15.40646246;0.09819651395;0.05177079141;-0.1308777779;5
15.4005709;3.311666489;0.4067798555;10.06899738;15.40856429;0.09330959618;0.05177079141;-0.1430950761;5
15.40267278;3.268595695;0.3732803464;9.973284721;15.41066611;0.08842267841;0.05054906011;-0.1553123742;5
15.4047746;3.259024382;0.3541377485;9.930213928;15.41276793;0.08231402934;0.04199695215;-0.1675296724;5
15.40687642;3.273381472;0.3445664644;9.901499748;15.41486976;0.0725401938;0.03344484791;-0.1797469556;5
15.40897825;3.297309637;0.3397808075;9.844072342;15.41697163;0.06643154472;0.02122755162;-0.1931859851;5
15.41108007;3.306880951;0.3541377485;9.777072906;15.41907346;0.0542142503;0.01023198478;-0.2041815519;5
15.41318189;3.263810158;0.3924229145;9.738788605;15.42117528;0.04321868345;-0.0007635809598;-0.2115119249;5
15.41528372;3.220739365;0.4259224236;9.710074425;15.4232771;0.03222311661;-0.01664606482;-0.2163988501;5
15.41738559;3.134597778;0.4546363056;9.681360245;15.42537892;0.0175623633;-0.03497200832;-0.220064044;5
15.41948741;3.03888464;0.5120640397;9.705288887;15.42748075;0.002901607659;-0.05207622424;-0.223729223;5
15.42158924;2.92402935;0.5886343718;9.729216576;15.42958257;-0.01053741761;-0.07040216774;-0.2225074917;5
15.42369106;2.823530674;0.650847733;9.695717812;15.43168439;-0.02397644334;-0.08506292105;-0.2212857604;5
15.42579288;2.73260355;0.6699903607;9.695717812;15.43378622;-0.03619373962;-0.1082757786;-0.2212857604;5
15.42789471;2.646461725;0.6460621357;9.69093132;15.43588804;-0.04841103405;-0.131488651;-0.220064044;5
15.42999653;2.560320139;0.5982056856;9.681360245;15.43798991;-0.05696314201;-0.1559232324;-0.2188423127;5
15.43209835;2.522035122;0.5359922647;9.729216576;15.44009168;-0.05940660089;-0.1754709035;-0.220064044;5
15.43420017;2.54117775;0.4785645306;9.810572624;15.44219351;-0.06062832847;-0.1925751269;-0.2212857604;5
15.436302;2.584248543;0.4689932466;9.882357597;15.44429538;-0.06062832847;-0.2096793354;-0.223729223;5
15.43840387;2.651247501;0.4546363056;9.949356079;15.4463972;-0.05818486959;-0.2231183648;-0.2261726856;5
15.44050564;2.71824646;0.4737788737;10.0019989;15.44849903;-0.05329795182;-0.231670469;-0.2286161482;5
15.44260747;2.756531715;0.5024927258;10.08814049;15.45060085;-0.05085449293;-0.2377791107;-0.2322813272;5
15.44470934;2.809173822;0.5551348329;10.15513897;15.45270267;-0.04230238497;-0.2438877672;-0.2371682525;5
15.44681116;2.871387243;0.5742774606;10.2029953;15.4548045;-0.03619373962;-0.2451094985;-0.2444986254;5
15.44891299;2.928814888;0.5886343718;10.22692394;15.45690632;-0.03008509055;-0.2438877672;-0.2493855506;5
15.45101481;3.014956474;0.6125625968;10.23649502;15.45900814;-0.02031125315;-0.2414443046;-0.2554942071;5
15.45311663;3.091526747;0.5982056856;10.23170948;15.46110996;-0.01786779426;-0.231670469;-0.2628245652;5
15.45521846;3.172882795;0.6173482537;10.25085258;15.46321184;-0.01298087649;-0.2218966335;-0.2677114904;5
15.45732028;3.230310678;0.6125625968;10.22692394;15.46531361;-0.006872228812;-0.2072358727;-0.2725984156;5
15.4594221;3.278167009;0.6173482537;10.164711;15.46741543;-0.004428769462;-0.1901316643;-0.2774853408;5
15.46152392;3.306880951;0.6221339107;10.09292603;15.46951731;-0.001985310577;-0.1705839932;-0.2860374451;5
15.4636258;3.345165968;0.6125625968;10.04028416;15.47161913;0.002901607659;-0.1534797698;-0.2921460867;5
15.46572757;3.364308596;0.5934200287;9.978070259;15.47372096;0.0016798781;-0.1375972927;-0.3019199073;5
15.46782939;3.388236761;0.5503492355;9.930213928;15.47582278;0.0004581485991;-0.115606159;-0.3116937578;5
15.46993127;3.426522017;0.5216353536;9.911071777;15.4779246;-0.0007635809598;-0.09361502528;-0.3214675784;5
15.47203309;3.460021496;0.4881358147;9.896714211;15.48002642;-0.004428769462;-0.0728456229;-0.3324631453;5
15.47413491;3.474378586;0.4977070987;9.844072342;15.48212825;-0.006872228812;-0.06062832847;-0.3471239209;5
15.47623674;3.488735437;0.5120640397;9.757930756;15.48423007;-0.01053741761;-0.05207622424;-0.3630063832;5
15.47833856;3.507878065;0.5024927258;9.753145218;15.48633189;-0.01175914705;-0.05085449293;-0.3788888752;5
15.48044038;3.527020693;0.4929214716;9.757930756;15.48843372;-0.01542433538;-0.04841103405;-0.3959930837;5
15.48254221;3.574877024;0.4785645306;9.810572624;15.49053554;-0.02153298259;-0.05085449293;-0.413097322;5
15.48464403;3.613162279;0.4737788737;9.882357597;15.49263741;-0.02764163166;-0.05696314201;-0.4302015305;5
15.48674585;3.589233875;0.4785645306;9.844072342;15.49473924;-0.03497200832;-0.06307178736;-0.4424188137;5
15.48884767;3.531806231;0.4737788737;9.805787086;15.49684106;-0.04474584386;-0.06307178736;-0.4509709179;5
15.4909495;3.416950703;0.4498506486;9.762716293;15.49894288;-0.05451968312;-0.06307178736;-0.4558578432;5
15.49305137;3.259024382;0.4307080805;9.695717812;15.50104471;-0.07040216774;-0.06795870513;-0.4583013058;5
15.49515319;3.048455954;0.4402793646;9.7196455;15.50314653;-0.08261945844;-0.0728456229;-0.4570795596;5
15.49725502;2.81395936;0.4642075896;9.695717812;15.50524835;-0.09483675659;-0.07651081681;-0.4570795596;5
15.49935684;2.584248543;0.4833501875;9.7196455;15.50735017;-0.1070540547;-0.08261945844;-0.4583013058;5
15.50145866;2.411965132;0.5120640397;9.74835968;15.50945205;-0.1168278903;-0.08872810751;-0.4534143806;5
15.50356049;2.292324066;0.5312066078;9.777072906;15.51155382;-0.1204930767;-0.1033888608;-0.4497492015;5
15.50566231;2.172683001;0.5455635786;9.834501266;15.51365569;-0.1229365394;-0.1253799945;-0.4436405599;5
15.50776413;2.0769701;0.5838487148;9.939785004;15.51575752;-0.1229365394;-0.1461493969;-0.4363101721;5
15.50986601;1.971685886;0.6460621357;10.05942631;15.51785934;-0.1229365394;-0.1644753367;-0.4277580678;5
15.51196778;1.856830359;0.679561615;10.15035343;15.51996116;-0.1253799945;-0.1766926348;-0.4179842174;5
15.51406965;1.756331801;0.6939185858;10.21735287;15.52206299;-0.1229365394;-0.1901316643;-0.404545188;5
15.51617148;1.651047587;0.6843472719;10.22692394;15.52416481;-0.1192713454;-0.2084576041;-0.3911061883;5
15.5182733;1.531406522;0.6891329288;10.23649502;15.52626663;-0.1180496216;-0.2243400961;-0.3788888752;5
15.52037512;1.450050473;0.6843472719;10.21256733;15.52836846;-0.1131627038;-0.2365573794;-0.3642281294;5
15.52247694;1.378265858;0.6987041831;10.21256733;15.53047028;-0.1107192412;-0.2438877672;-0.3520108163;5
15.52457877;1.335195065;0.6843472719;10.23170948;15.5325721;-0.1082757786;-0.2487746775;-0.3397935331;5
15.52668059;1.344766378;0.6987041831;10.22692394;15.53467392;-0.1094975099;-0.2475529462;-0.3275762498;5
15.52878241;1.330409408;0.7178468108;10.164711;15.5367758;-0.1107192412;-0.2463312149;-0.3153589368;5
15.53088424;1.335195065;0.7274180651;10.12642574;15.53887757;-0.1094975099;-0.2426660359;-0.3043633699;5
15.53298606;1.349551916;0.7465606928;10.09771156;15.54097944;-0.1107192412;-0.2365573794;-0.2933678031;5
15.53508788;1.330409408;0.7274180651;10.06899738;15.54308127;-0.1119409725;-0.231670469;-0.2811505198;5
15.53718976;1.282552958;0.6843472719;10.04985523;15.54518304;-0.1094975099;-0.2280052751;-0.2725984156;5
15.53929153;1.268195987;0.6460621357;10.06899738;15.54728491;-0.1046105921;-0.2267835438;-0.2652680278;5
15.5413934;1.268195987;0.6029912829;10.10728264;15.54938674;-0.0972802192;-0.2292270064;-0.2603811026;5
15.54349523;1.320838094;0.5982056856;10.15992451;15.55148856;-0.09117157012;-0.2377791107;-0.25793764;5
15.545597;1.368694544;0.5551348329;10.22692394;15.55359038;-0.08017600328;-0.2426660359;-0.25793764;5
15.54769887;1.440479279;0.5503492355;10.33220863;15.55569221;-0.07162389904;-0.2548833191;-0.2591593862;5
15.54980069;1.50269258;0.5599204898;10.37527943;15.55779403;-0.06429351866;-0.265878886;-0.2640463114;5
15.55190252;1.536192179;0.5264210105;10.4279213;15.5598959;-0.05207622424;-0.278096199;-0.270154953;5
15.55400434;1.59840548;0.4977070987;10.45663452;15.56199773;-0.04352411628;-0.2915352285;-0.2774853408;5
15.55610616;1.641476393;0.4450650215;10.46142101;15.56409955;-0.03375028074;-0.3061959743;-0.2860374451;5
15.55820799;1.665404558;0.4019941986;10.47577763;15.56620137;-0.02519817278;-0.3208567202;-0.2970330119;5
15.56030986;1.698904037;0.3493520916;10.47577763;15.56830319;-0.02031125315;-0.3355174661;-0.3080285788;5
15.56241168;1.727617979;0.3014956415;10.43749237;15.57040502;-0.01298087649;-0.3501782417;-0.3190241456;5
15.56451351;1.713261008;0.3014956415;10.39920712;15.57250684;-0.006872228812;-0.3636172712;-0.3300196826;5
15.56661533;1.713261008;0.3110669553;10.34656525;15.57460866;-0.004428769462;-0.3794997334;-0.3410152495;5
15.56871715;1.727617979;0.3589234054;10.34177971;15.57671049;-0.001985310577;-0.3917170465;-0.3495673835;5
15.57081898;1.703689694;0.4019941986;10.27956581;15.57881231;0.0004581485991;-0.4014908671;-0.3593412042;5
15.5729208;1.64626193;0.4019941986;10.15513897;15.58091413;0.0004581485991;-0.4137081802;-0.3642281294;5
15.57502262;1.555334687;0.3732803464;10.05942631;15.58301596;-0.0007635809598;-0.4259254634;-0.370336771;5
15.57712444;1.483550072;0.3397808075;10.00678444;15.58511778;-0.003207040019;-0.4381427765;-0.37400195;5
15.57922627;1.402194023;0.3158525825;9.939785004;15.58721965;-0.006872228812;-0.4479165971;-0.3776671588;5
15.58132809;1.344766378;0.3110669553;9.896714211;15.58932148;-0.008093958721;-0.458912164;-0.3801106215;5
15.58342991;1.301695466;0.3206382394;9.834501266;15.5914233;-0.01053741761;-0.4576904476;-0.3788888752;5
15.58553174;1.277767301;0.3684946895;9.805787086;15.59352512;-0.01664606482;-0.462577343;-0.3776671588;5
15.58763361;1.234696507;0.4259224236;9.705288887;15.59562694;-0.02153298259;-0.4723511934;-0.3764454126;5
15.58973543;1.148554921;0.4833501875;9.585647583;15.59772877;-0.02519817278;-0.4833467603;-0.37400195;5
15.59183726;1.110269666;0.5216353536;9.556933403;15.59983059;-0.03008509055;-0.4918988645;-0.3752236962;5
15.59393908;1.110269666;0.5216353536;9.523433685;15.60193241;-0.03619373962;-0.4980075061;-0.3776671588;5
15.5960409;1.186840057;0.5455635786;9.528220177;15.60403424;-0.04352411628;-0.5041161776;-0.3813323379;5
15.59814273;1.268195987;0.5216353536;9.466006279;15.60613606;-0.05085449293;-0.5028944016;-0.3862192631;5
15.60024455;1.363908887;0.5312066078;9.408578873;15.60823788;-0.05940660089;-0.4992292523;-0.3947713673;5
15.60234637;1.440479279;0.5072783828;9.317651749;15.61033976;-0.07162389904;-0.4943423271;-0.4033234715;5
15.60444819;1.50269258;0.4689932466;9.188439369;15.61244158;-0.08384118974;-0.4833467603;-0.4118755758;5
15.60655002;1.555334687;0.4450650215;9.073583603;15.6145434;-0.09972367436;-0.4699077308;-0.4216494262;5
15.60865184;1.593619823;0.4259224236;8.987442017;15.61664523;-0.1168278903;-0.4515817761;-0.4338667095;5
15.61075372;1.617548108;0.4019941986;8.87258625;15.61874705;-0.1363755614;-0.4308123887;-0.4448622763;5
15.61285554;1.641476393;0.3876372576;8.815158844;15.62084887;-0.1559232324;-0.408821255;-0.4546361268;5
15.61495736;1.641476393;0.3445664644;8.714659691;15.62295069;-0.1730274558;-0.3831649423;-0.4656316638;5
15.61705918;1.660618901;0.3302095234;8.633303642;15.62505252;-0.1901316643;-0.3562868834;-0.4754055142;5
15.61916101;1.655833244;0.3254238665;8.595019341;15.62715434;-0.2035706937;-0.3220784664;-0.4827359021;5
15.62126283;1.636690736;0.2919243574;8.604590416;15.62925616;-0.215787977;-0.2903134823;-0.4888445437;5
15.62336465;1.612762451;0.2823530734;8.642875671;15.63135799;-0.2267835438;-0.262213707;-0.4949531853;5
15.62546648;1.579262972;0.2775674164;8.714659691;15.63345986;-0.2341139317;-0.2341139317;-0.5010618567;5
15.6275683;1.536192179;0.2632105052;8.800801277;15.63556168;-0.235335663;-0.2096793354;-0.5071704984;5
15.62967012;1.478764415;0.2440679073;8.958727837;15.63766351;-0.2328922004;-0.1840230078;-0.5120574236;5
15.63177194;1.416550994;0.2201396823;9.102297783;15.63976533;-0.2280052751;-0.1644753367;-0.5169443488;5
15.63387382;1.35912323;0.2057827413;9.269794464;15.64186715;-0.2182314396;-0.1461493969;-0.5230529904;5
15.63597564;1.272981644;0.1962114573;9.422935486;15.64396898;-0.2096793354;-0.1241582632;-0.5267181396;5
15.63807746;1.210768223;0.1866401732;9.585647583;15.6460708;-0.1962403059;-0.09850194305;-0.5303833485;5
15.64017929;1.138983607;0.1818545163;9.724431038;15.64817262;-0.1791360974;-0.08139773458;-0.5303833485;5
15.64228111;1.043270707;0.1674975902;9.887143135;15.65027444;-0.162031889;-0.06551524997;-0.5303833485;5
15.64438293;0.94277215;0.1627119333;9.968499184;15.65237627;-0.1449276656;-0.0557414107;-0.5303833485;5
15.64648476;0.813559711;0.1674975902;10.05942631;15.65447809;-0.1253799945;-0.05085449293;-0.5291616321;5
15.64858658;0.6843472719;0.1483550072;10.14078236;15.65657991;-0.1058323234;-0.04841103405;-0.5328267813;5
15.6506884;0.6125625968;0.1004985496;10.19820976;15.65868179;-0.08506292105;-0.04963276163;-0.5328267813;5
15.65279023;0.5599204898;0.09571290761;10.21735287;15.66078361;-0.07040216774;-0.05329795182;-0.5303833485;5
15.65489205;0.5216353536;0.09092725813;10.2221384;15.66288538;-0.05451968312;-0.05451968312;-0.5291616321;5
15.65699387;0.4498506486;0.1004985496;10.21735287;15.66498726;-0.04474584386;-0.05451968312;-0.5242747068;5
15.65909575;0.3780659735;0.09571290761;10.18863869;15.66708908;-0.0374154672;-0.05329795182;-0.520609498;5
15.66119757;0.2727817893;0.09092725813;10.10728264;15.6691909;-0.03130681813;-0.0557414107;-0.5169443488;5
15.66329934;0.1387837082;0.09571290761;10.01156998;15.67129273;-0.02519817278;-0.06185005978;-0.51327914;5
15.66540122;0.0143569354;0.1004985496;9.944570541;15.67339455;-0.02153298259;-0.06551524997;-0.5096139312;5
15.66750304;-0.05742774159;0.1196411327;9.863214493;15.67549637;-0.01786779426;-0.07040216774;-0.505948782;5
15.66960486;-0.1196411327;0.1435693651;9.844072342;15.67759819;-0.01664606482;-0.07528908551;-0.5010618567;5
15.67170668;-0.1339980662;0.1435693651;9.801001549;15.67970002;-0.01420260593;-0.08628465235;-0.4961749315;5
15.67380851;-0.1435693651;0.1770688742;9.777072906;15.68180184;-0.01420260593;-0.09850194305;-0.4949531853;5
15.67591033;-0.1627119333;0.2057827413;9.74835968;15.68390372;-0.01542433538;-0.1143844277;-0.4937314689;5
15.67801215;-0.1866401732;0.2440679073;9.753145218;15.68600554;-0.01542433538;-0.1278234571;-0.4949531853;5
15.68011398;-0.1914258152;0.2536391914;9.738788605;15.68810736;-0.01786779426;-0.1412624866;-0.4961749315;5
15.6822158;-0.1914258152;0.2536391914;9.686145782;15.69020918;-0.02275471389;-0.1547015011;-0.4986183643;5
15.68431767;-0.1722832322;0.2775674164;9.623932838;15.69231101;-0.02519817278;-0.1730274558;-0.4973966479;5
15.6864195;-0.1962114573;0.2919243574;9.54257679;15.69441283;-0.03130681813;-0.1974620372;-0.4949531853;5
15.68852132;-0.2440679073;0.2871387303;9.494720459;15.69651465;-0.03863719851;-0.2255618125;-0.4912880063;5
15.69062314;-0.3158525825;0.2871387303;9.432506561;15.69861648;-0.04963276163;-0.2512181401;-0.4851793647;5
15.69272497;-0.4115654826;0.2823530734;9.370293617;15.7007183;-0.06062832847;-0.2768744528;-0.4802924395;5
15.69482679;-0.4977070987;0.2727817893;9.303294182;15.70282012;-0.07040216774;-0.2988655865;-0.4766272306;5
15.69692861;-0.5694918036;0.2536391914;9.260223389;15.704922;-0.08017600328;-0.3135263622;-0.4729620516;5
15.69903043;-0.5886343718;0.2249253243;9.221938133;15.70702377;-0.09117157012;-0.3208567202;-0.4692968726;5
15.70113226;-0.5790630579;0.2105683982;9.198010445;15.70912564;-0.1058323234;-0.3245218992;-0.4656316638;5
15.70323408;-0.5264210105;0.2201396823;9.131011009;15.71122746;-0.1180496216;-0.328187108;-0.4644099474;5
15.70533596;-0.5072783828;0.2057827413;9.068798065;15.71332929;-0.1278234571;-0.3306305707;-0.4644099474;5
15.70743773;-0.5216353536;0.1914258152;9.040083885;15.71543111;-0.1375972927;-0.3367392123;-0.4619664848;5
15.7095396;-0.4546363056;0.1914258152;8.992227554;15.71753293;-0.1461493969;-0.3416261375;-0.4656316638;5
15.71164142;-0.4211367965;0.1627119333;9.006584167;15.71963476;-0.1522580534;-0.3404043913;-0.4692968726;5
15.71374325;-0.3589234054;0.1292124242;9.03051281;15.72173658;-0.1559232324;-0.3391826749;-0.4741837978;5
15.71584507;-0.2967100143;0.08614161611;9.087940216;15.7238384;-0.1608101577;-0.3355174661;-0.4790706933;5
15.71794689;-0.2632105052;0.01914258115;9.111868858;15.72594023;-0.1644753367;-0.3306305707;-0.4827359021;5
15.72004872;-0.2632105052;-0.004785645287;9.145368576;15.72804205;-0.1669187993;-0.3257436454;-0.4851793647;5
15.72215054;-0.3062812984;-0.0239282269;9.20758152;15.73014392;-0.1681405306;-0.3196350038;-0.4851793647;5
15.72425236;-0.3924229145;-0.01914258115;9.241081238;15.73224569;-0.165697068;-0.3110828996;-0.4802924395;5
15.72635418;-0.4642075896;-0.004785645287;9.288937569;15.73434757;-0.1644753367;-0.3013090491;-0.4790706933;5
15.72845601;-0.5312066078;0.0143569354;9.332008362;15.73644934;-0.162031889;-0.2939786613;-0.4729620516;5
15.73055788;-0.6029912829;0.02871387079;9.3367939;15.73855122;-0.1595884264;-0.2854265571;-0.4656316638;5
15.73265965;-0.6604190469;0.04307080805;9.360722542;15.74065304;-0.1534797698;-0.2768744528;-0.4607447684;5
15.73476153;-0.6939185858;0.06221338734;9.418149948;15.74275486;-0.1498145908;-0.2634354234;-0.4521926641;5
15.7368633;-0.7274180651;0.08135596663;9.456435204;15.74485668;-0.1473711282;-0.2512181401;-0.4448622763;5
15.73896517;-0.7657032609;0.08614161611;9.44207859;15.74695851;-0.1449276656;-0.2414443046;-0.4338667095;5
15.741067;-0.8279166222;0.1004985496;9.446864128;15.74906033;-0.1437059343;-0.2292270064;-0.4228711426;5
15.74316882;-0.8757730722;0.09571290761;9.44207859;15.75116215;-0.1412624866;-0.2194531709;-0.4118755758;5
15.74527064;-0.9236295223;0.1387837082;9.451649666;15.75326398;-0.1412624866;-0.212122798;-0.4008800089;5
15.74737247;-0.9858429432;0.1435693651;9.437292099;15.7553658;-0.1412624866;-0.2011272311;-0.3923279047;5
15.74947429;-1.03848505;0.1722832322;9.427721024;15.75746762;-0.1400407553;-0.1950185746;-0.3825540543;5
15.75157611;-1.076770186;0.1914258152;9.403793335;15.7595695;-0.1437059343;-0.1901316643;-0.37400195;5
15.75367793;-1.115055323;0.1674975902;9.375079155;15.76167132;-0.1461493969;-0.1828012913;-0.3654498458;5
15.75577976;-1.138983607;0.1531406492;9.332008362;15.76377314;-0.1461493969;-0.1742491722;-0.3593412042;5
15.75788158;-1.162911773;0.1387837082;9.298508644;15.76587497;-0.1485928595;-0.165697068;-0.3495673835;5
15.75998346;-1.158126116;0.1387837082;9.255437851;15.76797679;-0.1534797698;-0.1632536054;-0.3422369957;5
15.76208528;-1.177268744;0.1387837082;9.17886734;15.77007861;-0.158366695;-0.1608101577;-0.3361283541;5
15.7641871;-1.186840057;0.1531406492;9.17886734;15.77218043;-0.1632536054;-0.1547015011;-0.3263545036;5
15.76628892;-1.210768223;0.1483550072;9.183652878;15.77428226;-0.1718057245;-0.1498145908;-0.3190241456;5
15.76839075;-1.244267821;0.1483550072;9.164510727;15.77638408;-0.1766926348;-0.1473711282;-0.3092502952;5
15.77049257;-1.26341033;0.1435693651;9.154939651;15.7784859;-0.18157956;-0.1449276656;-0.3019199073;5
15.77259439;-1.272981644;0.1770688742;9.159725189;15.78058778;-0.1852447391;-0.1485928595;-0.2933678031;5
15.77469622;-1.301695466;0.1914258152;9.188439369;15.78268955;-0.1913533956;-0.1498145908;-0.2872591615;5
15.77679804;-1.31126678;0.2440679073;9.226723671;15.78479142;-0.1986837685;-0.1522580534;-0.2787070572;5
15.77889986;-1.292124271;0.2392822653;9.255437851;15.78689325;-0.2035706937;-0.1571449637;-0.273820132;5
15.78100174;-1.306481123;0.2536391914;9.284152031;15.78899507;-0.2060141414;-0.1595884264;-0.2689332068;5
15.78310351;-1.282552958;0.2536391914;9.332008362;15.79109689;-0.2096793354;-0.162031889;-0.266489774;5
15.78520538;-1.268195987;0.2249253243;9.370293617;15.79319872;-0.2133445293;-0.158366695;-0.2616028488;5
15.78730721;-1.26341033;0.2105683982;9.408578873;15.79530054;-0.215787977;-0.1547015011;-0.2567159235;5
15.78940903;-1.249053478;0.2009970993;9.41336441;15.79740236;-0.2206749022;-0.1522580534;-0.2530507445;5
15.79151085;-1.301695466;0.1770688742;9.422935486;15.79950418;-0.2206749022;-0.1547015011;-0.2493855506;5
15.79361267;-1.368694544;0.1435693651;9.432506561;15.80160601;-0.2218966335;-0.1571449637;-0.2481638193;5
15.7957145;-1.426122308;0.1004985496;9.485149384;15.80370788;-0.2194531709;-0.1608101577;-0.2506072819;5
15.79781632;-1.464407444;0.009571290575;9.533005714;15.80580965;-0.2170097083;-0.1644753367;-0.2506072819;5
15.79991814;-1.478764415;-0.08135596663;9.633503914;15.80791153;-0.2133445293;-0.1718057245;-0.2542724609;5
15.80201997;-1.464407444;-0.1579262912;9.714859962;15.81001335;-0.2084576041;-0.1791360974;-0.2591593862;5
15.80412184;-1.445264935;-0.2297109663;9.834501266;15.81211517;-0.1999054998;-0.1864664704;-0.2616028488;5
15.80622361;-1.450050473;-0.2919243574;9.920642853;15.814217;-0.1913533956;-0.1986837685;-0.2652680278;5
15.80832549;-1.464407444;-0.3349951804;10.0019989;15.81631882;-0.1803578287;-0.2084576041;-0.2713766694;5
15.81042731;-1.473978758;-0.3637090325;10.09292603;15.81842064;-0.1718057245;-0.2194531709;-0.2762635946;5
15.81252913;-1.488335729;-0.3780659735;10.15513897;15.82052247;-0.162031889;-0.2280052751;-0.2811505198;5
15.81463096;-1.497906923;-0.4019941986;10.20778179;15.82262434;-0.1547015011;-0.235335663;-0.2860374451;5
15.81673278;-1.50269258;-0.4019941986;10.2652092;15.82472611;-0.142484203;-0.2438877672;-0.2884808779;5
15.8188346;-1.517049551;-0.4019941986;10.26999474;15.82682799;-0.1351538301;-0.2499964088;-0.2909243405;5
15.82093642;-1.531406522;-0.4259224236;10.33699417;15.82892976;-0.1241582632;-0.2548833191;-0.2982547283;5
15.8230383;-1.560120344;-0.4498506486;10.37049294;15.83103163;-0.115606159;-0.262213707;-0.3031416535;5
15.82514007;-1.574477315;-0.4594219327;10.39920712;15.8331334;-0.1082757786;-0.2695440948;-0.3080285788;5
15.82724194;-1.569691658;-0.4833501875;10.41835022;15.83523528;-0.102167137;-0.2756527364;-0.3129154742;5
15.82934372;-1.560120344;-0.5455635786;10.39442158;15.8373371;-0.09850194305;-0.2842048407;-0.3190241456;5
15.83144559;-1.545763373;-0.5694918036;10.37527943;15.83943892;-0.08994983882;-0.2890917659;-0.323911041;5
15.83354736;-1.540977836;-0.5886343718;10.36092186;15.84154075;-0.08872810751;-0.2927569449;-0.3312414289;5
15.83564924;-1.50269258;-0.5934200287;10.28435135;15.84364257;-0.08750637621;-0.2939786613;-0.3385718167;5
15.83775106;-1.50269258;-0.6029912829;10.2029953;15.84574439;-0.08750637621;-0.2903134823;-0.3446804583;5
15.83985288;-1.50269258;-0.5934200287;10.14078236;15.84784622;-0.08872810751;-0.281761378;-0.3532325625;5
15.84195471;-1.512263894;-0.5694918036;10.06899738;15.84994804;-0.09117157012;-0.2732092738;-0.3617846668;5
15.84405653;-1.507478237;-0.5455635786;9.978070259;15.85204986;-0.09483675659;-0.2597702444;-0.370336771;5
15.84615835;-1.488335729;-0.5168496966;9.901499748;15.85415168;-0.0972802192;-0.2426660359;-0.3788888752;5
15.84826017;-1.483550072;-0.5072783828;9.824930191;15.85625356;-0.102167137;-0.2231183648;-0.3874409795;5
15.850362;-1.497906923;-0.4881358147;9.762716293;15.85835538;-0.1070540547;-0.1999054998;-0.3947713673;5
15.85246382;-1.497906923;-0.4929214716;9.714859962;15.86045721;-0.1107192412;-0.18157956;-0.4033234715;5
15.85456564;-1.531406522;-0.4833501875;9.686145782;15.86255903;-0.1143844277;-0.158366695;-0.4106538594;5
15.85666752;-1.579262972;-0.4929214716;9.681360245;15.86466085;-0.1119409725;-0.1375972927;-0.416762501;5
15.85876934;-1.641476393;-0.4785645306;9.681360245;15.86676267;-0.1143844277;-0.1168278903;-0.424092859;5
15.86087116;-1.732403636;-0.4833501875;9.738788605;15.8688645;-0.1107192412;-0.0972802192;-0.4289797843;5
15.86297299;-1.842473388;-0.4737788737;9.805787086;15.87096632;-0.1046105921;-0.07528908551;-0.4326449931;5
15.86507481;-1.962114573;-0.4737788737;9.863214493;15.87306814;-0.0972802192;-0.05696314201;-0.4363101721;5
15.86717663;-2.0769701;-0.4737788737;9.939785004;15.87516997;-0.08750637621;-0.03619373962;-0.4363101721;5
15.86927846;-2.20618248;-0.4594219327;10.02592659;15.87727179;-0.07651081681;-0.01420260593;-0.4350884259;5
15.87138028;-2.340180635;-0.4546363056;10.08335495;15.87937361;-0.06307178736;0.009010255337;-0.4338667095;5
15.8734821;-2.474178553;-0.4354937077;10.15035343;15.88147543;-0.04596757516;0.03222311661;-0.4289797843;5
15.87558392;-2.608176708;-0.4163511395;10.24128056;15.88357723;-0.03130681813;0.05910116807;-0.4228711426;5
15.87768575;-2.723032236;-0.3924229145;10.27956581;15.88567906;-0.01053741761;0.0859792158;-0.4155407548;5
15.87978757;-2.842673302;-0.3780659735;10.3226366;15.88778088;0.006566796452;0.1128572673;-0.4057669342;5
15.88188939;-2.962314367;-0.3254238665;10.33699417;15.88988276;0.02489273995;0.1397353113;-0.3947713673;5
15.88399119;-3.086741209;-0.2919243574;10.35613632;15.89198458;0.04199695215;0.1690568328;-0.3813323379;5
15.88609301;-3.192025423;-0.2488535494;10.3848505;15.8940864;0.06276635826;0.1971566081;-0.3691150546;5
15.88819484;-3.316452265;-0.2392822653;10.36092186;15.89618822;0.07987056673;0.2252563834;-0.3520108163;5
15.89029671;-3.421736479;-0.2057827413;10.36092186;15.89829005;0.09453132749;0.2484692484;-0.3361283541;5
15.89239854;-3.522234917;-0.1722832322;10.36092186;15.90039187;0.111635536;0.2667951882;-0.3178023994;5
15.89450036;-3.617947817;-0.1483550072;10.35135078;15.90249374;0.1238528341;0.281455934;-0.2982547283;5
15.89660218;-3.723232031;-0.1435693651;10.3226366;15.90459552;0.1409570426;0.2924515009;-0.2811505198;5
15.898704;-3.847658873;-0.1387837082;10.33699417;15.90669739;0.1495091617;0.2985601723;-0.2628245652;5
15.90080583;-3.9625144;-0.1531406492;10.29870892;15.90879921;0.1605047137;0.3022253513;-0.2432768941;5
15.9029077;-4.053441525;-0.1579262912;10.26042366;15.91090104;0.1653916389;0.2985601723;-0.2249509543;5
15.90500947;-4.149154663;-0.1435693651;10.19342422;15.91300286;0.1715002805;0.2900080681;-0.2066250145;5
15.90711135;-4.216153622;-0.1579262912;10.14078236;15.91510468;0.1739437431;0.2802342176;-0.1895207912;5
15.90921317;-4.26879549;-0.1339980662;10.08814049;15.91720651;0.1739437431;0.2655734718;-0.1724165827;5
15.91131499;-4.307080746;-0.1004985496;10.03071213;15.91930833;0.1690568328;0.2435823381;-0.1565341055;5
15.91341682;-4.340580463;-0.08614161611;9.992427826;15.92141015;0.1666133702;0.2191477418;-0.1394298822;5
15.91551864;-4.364508629;-0.0765703246;9.911071777;15.92351203;0.1580612659;0.1910479665;-0.1259908676;5
15.91762046;-4.364508629;-0.05264209956;9.815358162;15.9256138;0.1482874304;0.1568395346;-0.1113301069;5
15.91972229;-4.374079704;-0.0239282269;9.734002113;15.92771567;0.1385135949;0.1189659163;-0.09666935354;5
15.92182411;-4.359723091;-0.004785645287;9.681360245;15.92981744;0.1250745654;0.07742711157;-0.08323032409;5
15.92392598;-4.388436794;0.05264209956;9.623932838;15.93191932;0.1091920808;0.0358883068;-0.07101303339;5
15.92602776;-4.417150497;0.1100698411;9.57129097;15.93402114;0.09208786488;-0.009315688163;-0.05635227636;5
15.92812963;-4.41236496;0.1531406492;9.499505997;15.93612296;0.0725401938;-0.05451968312;-0.04413498193;5
15.9302314;-4.42672205;0.2009970993;9.41336441;15.93822479;0.05543597788;-0.0972802192;-0.03191768378;5
15.93233328;-4.402793884;0.2153540403;9.312865257;15.94032661;0.03222311661;-0.142484203;-0.01970038936;5
15.9344351;-4.359723091;0.2297109663;9.245866776;15.94242843;0.0126754446;-0.1864664704;-0.008704823442;5
15.93653692;-4.335794449;0.2536391914;9.202795982;15.94453026;-0.006872228812;-0.2267835438;0.002290742937;5
15.93863874;-4.26879549;0.2536391914;9.154939651;15.94663208;-0.02886336111;-0.262213707;0.01450803876;5
15.94074057;-4.192225456;0.2679961324;9.102297783;15.9487339;-0.04596757516;-0.2903134823;0.02550360374;5
15.94284239;-4.120440483;0.3014956415;9.05922699;15.95083572;-0.06307178736;-0.3171915412;0.03527744114;5
15.94494421;-4.039084435;0.3206382394;9.054440498;15.95293755;-0.07651081681;-0.3330740333;0.04627300799;5
15.94704604;-3.967299938;0.3445664644;9.05922699;15.95503942;-0.08872810751;-0.3465130329;0.05604684353;5
15.94914786;-3.876372576;0.3493520916;9.116654396;15.95714124;-0.09605848789;-0.3526217043;0.06459894776;5
15.95124968;-3.790230989;0.3541377485;9.140582085;15.95924307;-0.09850194305;-0.355065167;0.0743727833;5
15.9533515;-3.699303865;0.3876372576;9.164510727;15.96134489;-0.102167137;-0.355065167;0.08292489499;5
15.95545338;-3.603590965;0.4115654826;9.202795982;15.96344671;-0.09972367436;-0.3538434207;0.09269873053;5
15.9575552;-3.517449379;0.4115654826;9.279366493;15.96554854;-0.09361502528;-0.3465130329;0.1024725661;5
15.95965703;-3.431307554;0.4307080805;9.332008362;15.96765036;-0.08750637621;-0.3342957497;0.1122464016;5
15.96175885;-3.330809116;0.4307080805;9.394221306;15.96975218;-0.07895427197;-0.3184132576;0.1207985133;5
15.96386067;-3.230310678;0.4211367965;9.432506561;15.971854;-0.07040216774;-0.2939786613;0.1281288862;5
15.96596249;-3.134597778;0.4067798555;9.461220741;15.97395583;-0.05696314201;-0.2634354234;0.1379027218;5
15.96806432;-3.043670416;0.3732803464;9.51386261;15.97605765;-0.04596757516;-0.2292270064;0.1440113783;5
15.97016614;-2.933600664;0.3493520916;9.547362328;15.97815953;-0.03497200832;-0.1925751269;0.1501200199;5
15.97226796;-2.837887764;0.3254238665;9.590433121;15.98026135;-0.02153298259;-0.1473711282;0.1550069451;5
15.97436979;-2.742174864;0.2967100143;9.623932838;15.98236317;-0.006872228812;-0.102167137;0.1586721241;5
15.97647161;-2.63689065;0.2679961324;9.652647018;15.98446499;0.009010255337;-0.05696314201;0.1623373181;5
15.97857348;-2.52682066;0.2488535494;9.724431038;15.98656682;0.02611446939;-0.01420260593;0.1611155868;5
15.98067531;-2.431107759;0.2344966233;9.767501831;15.98866864;0.04566214234;0.03222311661;0.1635590494;5
15.98277713;-2.330609322;0.2105683982;9.844072342;15.99077046;0.06276635826;0.07498364896;0.1623373181;5
15.98487895;-2.268395901;0.2249253243;9.906285286;15.99287229;0.08231402934;0.117744185;0.1586721241;5
15.98698078;-2.196611166;0.2057827413;9.95414257;15.99497411;0.1018617004;0.1556178033;0.1574503928;5
15.9890826;-2.134397745;0.2153540403;9.997213364;15.99707593;0.1201876476;0.1861610413;0.1537852138;5
15.99118442;-2.086541414;0.1818545163;10.06899738;15.99917776;0.1360701323;0.2191477418;0.1513417512;5
15.99328624;-2.057827473;0.1579262912;10.05942631;16.00127958;0.1531743407;0.2435823381;0.146454826;5
15.99538807;-2.029113531;0.1531406492;10.04506969;16.0033814;0.1653916389;0.2692386508;0.1452330947;5
15.99748989;-2.024327993;0.1579262912;10.02592659;16.00548328;0.1763872057;0.2924515009;0.1415679157;5
15.99959171;-2.005185366;0.1627119333;9.982855797;16.0075851;0.1837175786;0.3107774556;0.1379027218;5
16.00169354;-1.990828395;0.1674975902;9.930213928;16.00968692;0.1873827726;0.3229947388;0.1330158114;5
16.00379536;-1.962114573;0.1866401732;9.853643417;16.01178874;0.1910479665;0.3303251266;0.1281288862;5
16.00589723;-1.957328916;0.2057827413;9.801001549;16.01389057;0.1910479665;0.3364337683;0.1244636998;5
16.00799906;-1.966900229;0.2057827413;9.710074425;16.01599239;0.18493931;0.3437641561;0.1183550507;5
16.01010088;-1.9812572;0.2201396823;9.623932838;16.01809421;0.1824958473;0.3474293351;0.1134681329;5
16.0122027;-1.971685886;0.2440679073;9.566504478;16.02019604;0.1763872057;0.3449858725;0.1098029464;5
16.01430453;-1.990828395;0.2679961324;9.456435204;16.02229786;0.1690568328;0.3425424397;0.1049160287;5
16.01640635;-2.009970903;0.2919243574;9.418149948;16.02439968;0.1580612659;0.3388772309;0.1000291109;5
16.01850817;-2.029113531;0.3110669553;9.346364975;16.02650151;0.1470656991;0.3388772309;0.09392046183;5
16.02060999;-2.038684845;0.3062812984;9.284152031;16.02860338;0.1360701323;0.3327685893;0.08659008145;5
16.02271182;-2.072184324;0.3014956415;9.241081238;16.0307052;0.1250745654;0.327881664;0.08170316368;5
16.02481364;-2.067398787;0.2775674164;9.183652878;16.03280703;0.1140789986;0.3229947388;0.07803797722;5
16.02691546;-2.091326952;0.2727817893;9.111868858;16.03490885;0.1030834317;0.3144426346;0.07681624591;5
16.02901734;-2.100898266;0.2727817893;9.092725754;16.03701067;0.09208786488;0.3058905303;0.07315105945;5
16.03111916;-2.124826431;0.2919243574;9.040083885;16.03911249;0.07864884287;0.2997818887;0.07192932814;5
16.03322098;-2.148754835;0.3158525825;9.03051281;16.04121432;0.06643154472;0.2948949635;0.07192932814;5
16.03532281;-2.158325911;0.3302095234;9.00179863;16.04331614;0.05543597788;0.2936732471;0.07559451461;5
16.03742463;-2.182254314;0.3493520916;8.982656479;16.04541796;0.04566214234;0.2912297845;0.07925970852;5
16.03952645;-2.210968018;0.3780659735;8.968298912;16.04751979;0.03711003438;0.2924515009;0.08536835015;5
16.04162828;-2.239681959;0.4067798555;8.992227554;16.04962161;0.02855792828;0.2924515009;0.09147699922;5
16.0437301;-2.311466694;0.4259224236;9.035298347;16.05172348;0.02122755162;0.2961167097;0.1000291109;5
16.04583192;-2.383251429;0.4307080805;9.078369141;16.05382526;0.01634063199;0.3010036349;0.1085812151;5
16.04793374;-2.483749866;0.4307080805;9.159725189;16.05592713;0.01145371422;0.3034470677;0.119576782;5
16.05003557;-2.531606436;0.4115654826;9.221938133;16.05802895;0.01023198478;0.3046688139;0.1305723488;5
16.05213744;-2.565105915;0.4307080805;9.30807972;16.06013078;0.01145371422;0.3046688139;0.142789647;5
16.05423921;-2.598605394;0.3924229145;9.403793335;16.0622326;0.01634063199;0.3071122766;0.1525634825;5
16.05634109;-2.632104874;0.3828516304;9.499505997;16.06433442;0.02000582218;0.3095557392;0.1635590494;5
16.05844291;-2.62253356;0.3349951804;9.604789734;16.06643624;0.02611446939;0.3168860972;0.1721111536;5
16.06054473;-2.598605394;0.2871387303;9.734002113;16.06853807;0.03833176568;0.320551306;0.1806632578;5
16.06264656;-2.589034081;0.2919243574;9.887143135;16.07063989;0.05299251899;0.3229947388;0.1892153621;5
16.06474838;-2.565105915;0.3110669553;10.02592659;16.07274171;0.06765327603;0.324216485;0.1977674663;5
16.0668502;-2.545963287;0.3206382394;10.14078236;16.07484359;0.08231402934;0.3254382014;0.2087630332;5
16.06895203;-2.560320139;0.3349951804;10.25563812;16.07694541;0.09941824526;0.3254382014;0.2185368687;5
16.07105385;-2.584248543;0.3014956415;10.34177971;16.07904723;0.1153007299;0.3254382014;0.2307541668;5
16.07315567;-2.612962246;0.2775674164;10.40877819;16.08114906;0.1336266696;0.3217730224;0.2405280024;5
16.07525755;-2.651247501;0.2536391914;10.4279213;16.08325088;0.1470656991;0.3168860972;0.2539670467;5
16.07735937;-2.665604353;0.2105683982;10.44227791;16.0853527;0.161726445;0.3144426346;0.26618433;5
16.07946119;-2.670390129;0.1866401732;10.42313576;16.08745453;0.1751654744;0.3046688139;0.2784016132;5
16.08156302;-2.679961443;0.1579262912;10.38006496;16.08955635;0.1873827726;0.3022253513;0.2906189263;5
16.08366484;-2.665604353;0.1004985496;10.31785107;16.09165817;0.1983783394;0.308333993;0.3040579557;5
16.08576666;-2.612962246;0.06699903309;10.33220863;16.09375999;0.2130390853;0.3181078434;0.3187187016;5
16.08786848;-2.574677229;0.05264209956;10.31306553;16.09586182;0.2240346521;0.3315468729;0.3333794475;5
16.08997031;-2.579462767;0.06221338734;10.26042366;16.09796364;0.2325867712;0.3474293351;0.3468184769;5
16.09207213;-2.569891453;0.1100698411;10.18863869;16.10006546;0.2411388755;0.3645335436;0.3639226854;5
16.09417395;-2.555534601;0.1722832322;10.14556789;16.10216729;0.2484692484;0.3804160357;0.3798051775;5
16.09627578;-2.498106956;0.2249253243;10.09771156;16.10426916;0.2557996213;0.3987419903;0.3932442069;5
16.0983776;-2.450250387;0.2440679073;10.02592659;16.10637098;0.261908263;0.4109592736;0.4079049528;5
16.10047942;-2.392822742;0.2775674164;10.00678444;16.10847281;0.2667951882;0.4121810198;0.4189005196;5
16.10258124;-2.349751949;0.2632105052;9.930213928;16.11057463;0.2704603672;0.4121810198;0.4323395491;5
16.10468312;-2.277967215;0.2392822653;9.858428955;16.11267645;0.274125576;0.4158461988;0.4421133697;5
16.10678494;-2.187039852;0.2249253243;9.858428955;16.11477828;0.2765690386;0.4256200492;0.4518872201;5
16.10888676;-2.072184324;0.1866401732;9.801001549;16.1168801;0.2765690386;0.4402807951;0.462882787;5
16.11098859;-2.019542217;0.1914258152;9.743574142;16.11898192;0.274125576;0.4524980783;0.4763218164;5
16.11309041;-1.986042738;0.2297109663;9.69093132;16.12108374;0.274125576;0.4647153914;0.4897608459;5
16.11519223;-1.947757602;0.2919243574;9.595218658;16.12318557;0.2704603672;0.4781544209;0.501978159;5
16.11729406;-1.914258122;0.3493520916;9.509077072;16.12528744;0.2680169344;0.4903717041;0.5117519498;5
16.11939588;-1.856830359;0.3684946895;9.456435204;16.12738926;0.2631300092;0.508697629;0.5227475166;5
16.1214977;-1.770688772;0.3780659735;9.432506561;16.12949109;0.2545779049;0.5160280466;0.5300779343;5
16.12359953;-1.689332843;0.3349951804;9.346364975;16.13159291;0.2521344423;0.5184714794;0.5349648595;5
16.1257014;-1.617548108;0.2871387303;9.260223389;16.13369473;0.2460257858;0.5221366882;0.5349648595;5
16.12780322;-1.45483613;0.2057827413;9.260223389;16.13579656;0.2386954129;0.5319104791;0.5337430835;5
16.12990505;-1.282552958;0.1674975902;9.265008926;16.13789838;0.2301433086;0.5453495383;0.5325213671;5
16.13200687;-1.13419795;0.1148554832;9.217152596;16.1400002;0.2228129357;0.5575668216;0.5300779343;5
16.13410869;-1.019342422;0.1100698411;9.174081802;16.14210203;0.2130390853;0.5685623884;0.5264127254;5
16.13621052;-0.9236295223;0.1148554832;9.126225471;16.14420385;0.204486981;0.5758927464;0.5239692926;5
16.13831234;-0.8422735929;0.1244267747;9.092725754;16.14630567;0.1959348768;0.5832231641;0.5203040838;5
16.14041416;-0.7800601721;0.1196411327;9.092725754;16.14840749;0.1886045039;0.5881100893;0.5141954422;5
16.14251598;-0.708275497;0.1196411327;9.092725754;16.15050932;0.1800523996;0.5771145225;0.5044215918;5
16.14461781;-0.6029912829;0.09092725813;9.049654961;16.15261114;0.1727220118;0.5648971796;0.4946477413;5
16.14671963;-0.5120640397;0.04307080805;9.03051281;16.15471296;0.1678351015;0.5539016128;0.4824304581;5
16.14882145;-0.3637090325;-0.01914258115;9.107083321;16.15681484;0.1629481763;0.5502364635;0.4677697122;5
16.15092328;-0.2153540403;-0.05264209956;9.154939651;16.15891666;0.1568395346;0.5477929711;0.4579958618;5
16.1530251;-0.09092725813;-0.06699903309;9.150154114;16.16101848;0.1519526094;0.5502364635;0.4470002949;5
16.15512692;0.004785645287;-0.03349951655;9.135796547;16.16312031;0.1470656991;0.5477929711;0.4408916533;5
16.1572288;0.0382851623;0.004785645287;9.121439934;16.16522213;0.1421787739;0.5490147471;0.4323395491;5
16.15933062;0.07178468257;0.08135596663;9.116654396;16.16732395;0.1360701323;0.5539016128;0.4274526238;5
16.16143244;0.1196411327;0.1292124242;9.102297783;16.16942578;0.1324049383;0.5539016128;0.4189005196;5
16.16353427;0.1483550072;0.1531406492;9.111868858;16.1715276;0.1287397593;0.5563451052;0.4115701318;5
16.16563609;0.2153540403;0.1292124242;9.097511292;16.17362942;0.1299614757;0.558788538;0.4030180275;5
16.16773791;0.2967100143;0.09092725813;9.135796547;16.17573124;0.127518028;0.5648971796;0.3944659233;5
16.16983973;0.4211367965;0.0765703246;9.198010445;16.17783307;0.127518028;0.5710058808;0.3871355653;5
16.17194156;0.5312066078;0.1052841991;9.202795982;16.17993489;0.127518028;0.5734493136;0.3798051775;5
16.17404338;0.5934200287;0.1483550072;9.2362957;16.18203676;0.127518028;0.5771145225;0.3736965358;5
16.1761452;0.6556333899;0.1962114573;9.250652313;16.18413859;0.1238528341;0.5807796717;0.3712530732;5
16.17824703;0.6843472719;0.2297109663;9.269794464;16.18624041;0.1238528341;0.5844448805;0.3688096106;5
16.18034885;0.679561615;0.2679961324;9.293723106;16.18834223;0.1201876476;0.5844448805;0.3651444316;5
16.18245072;0.6412764788;0.2823530734;9.317651749;16.19044406;0.1165224537;0.5795579553;0.3639226854;5
16.18455255;0.6077769399;0.2297109663;9.38465023;16.19254588;0.1165224537;0.5734493136;0.3614792228;5
16.18665437;0.5790630579;0.2201396823;9.475577354;16.1946477;0.1140789986;0.5661189556;0.3614792228;5
16.18875619;0.5886343718;0.2249253243;9.556933403;16.19674953;0.1140789986;0.5563451052;0.3590357602;5
16.19085802;0.6221339107;0.2632105052;9.657432556;16.19885135;0.1153007299;0.55145818;0.3565923274;5
16.19295984;0.626919508;0.2775674164;9.753145218;16.20095322;0.1153007299;0.5441278219;0.3565923274;5
16.19506166;0.650847733;0.2775674164;9.872786522;16.20305505;0.117744185;0.5404626131;0.3565923274;5
16.19716348;0.6460621357;0.2536391914;9.949356079;16.20515687;0.1214093715;0.5367974043;0.3553705812;5
16.19926531;0.5694918036;0.1866401732;9.992427826;16.20725869;0.1238528341;0.5331322551;0.3529271185;5
16.20136718;0.5694918036;0.1292124242;10.07856941;16.20936052;0.1299614757;0.524580121;0.3480401933;5
16.20346901;0.5647061467;0.04785645381;10.16949654;16.21146234;0.1372918636;0.5099193454;0.3407098353;5
16.20557083;0.5838487148;-0.04307080805;10.19820976;16.21356416;0.1495091617;0.4989238083;0.3297142684;5
16.20767265;0.6652047038;-0.1914258152;10.33220863;16.21566598;0.1641699076;0.4891499579;0.3150535226;5
16.20977447;0.7992027402;-0.2919243574;10.4853487;16.21776781;0.1788306683;0.4769326746;0.2991710305;5
16.2118763;0.9092726111;-0.3445664644;10.60499001;16.21986963;0.1971566081;0.4647153914;0.2845102847;5
16.21397812;0.9523434043;-0.3397808075;10.68634605;16.22197151;0.2130390853;0.4500546157;0.2649625838;5
16.21607994;0.9714859724;-0.3589234054;10.77248764;16.22407328;0.2325867712;0.4390590489;0.2466366589;5
16.21818176;0.9619147182;-0.3493520916;10.87298584;16.22617515;0.2545779049;0.4305069447;0.2270889878;5
16.22028359;0.9810572863;-0.3637090325;10.90648556;16.22827692;0.274125576;0.4268417656;0.2087630332;5
16.22238546;1.024128079;-0.3589234054;10.95434189;16.2303788;0.2973384261;0.420733124;0.1904370934;5
16.22448723;1.03848505;-0.3637090325;10.99741268;16.23248062;0.3193295598;0.4231765866;0.1733328849;5
16.22658911;1.024128079;-0.3206382394;11.03569794;16.23458244;0.3425424397;0.424398303;0.1562286615;5
16.22869088;1.019342422;-0.2679961324;11.02612686;16.23668426;0.3633118272;0.4268417656;0.1440113783;5
16.23079276;1.033699393;-0.2488535494;10.97827053;16.23878609;0.3828594983;0.4317286909;0.1342375278;5
16.23289458;1.009771109;-0.2057827413;10.9112711;16.24088791;0.4011854529;0.4366155863;0.1256854236;5
16.2349964;0.9667003751;-0.1483550072;10.82034397;16.24298973;0.4170679152;0.4415025115;0.1207985133;5
16.23709822;0.9140582681;-0.09571290761;10.66720295;16.24509156;0.428063482;0.4463894367;0.119576782;5
16.23920005;0.8327022791;-0.02871387079;10.53320503;16.24719338;0.4366155863;0.4488328993;0.119576782;5
16.24130187;0.7226324677;0.04307080805;10.40399265;16.24929526;0.4451677203;0.4561632872;0.1232419685;5
16.24340369;0.6077769399;0.1244267747;10.2221384;16.25139703;0.4476111531;0.467158854;0.1281288862;5
16.24550552;0.4929214716;0.2392822653;10.02114105;16.25349885;0.4476111531;0.4805978537;0.1354592592;5
16.24760734;0.3828516304;0.3637090325;9.844072342;16.25560067;0.4402807951;0.4903717041;0.146454826;5
16.24970921;0.2871387303;0.4833501875;9.662218094;16.25770255;0.4317286909;0.5001455545;0.1611155868;5
16.25181098;0.1579262912;0.6029912829;9.451649666;16.25980437;0.4195113778;0.508697629;0.1782197952;5
16.25391281;0.01914258115;0.7130611539;9.269794464;16.26190619;0.3987419903;0.5123628378;0.1989891976;5
16.25601463;-0.1196411327;0.8183453679;9.083154678;16.26400802;0.377972573;0.5184714794;0.2197586;5
16.2581165;-0.2584248483;0.9188438654;8.915657043;16.26610984;0.3535379767;0.5196931958;0.2454149276;5
16.26021833;-0.3972085714;0.9906286001;8.714659691;16.26821166;0.3217730224;0.5160280466;0.269849509;5
16.26232015;-0.5216353536;1.052842021;8.51844883;16.27031348;0.2924515009;0.5135845542;0.2967275679;5
16.26442197;-0.6173482537;1.095912814;8.365307808;16.27241531;0.258243084;0.5123628378;0.3236056268;5
16.2665238;-0.70348984;1.153340459;8.250452042;16.27451713;0.2191477418;0.5025889874;0.3504836559;5
16.26862562;-0.7513462901;1.21555388;8.106883049;16.27661895;0.1837175786;0.4915934205;0.3761399984;5
16.27072744;-0.7657032609;1.272981644;8.001599312;16.27872083;0.1458439678;0.4805978537;0.4030180275;5
16.27282927;-0.7800601721;1.344766378;7.901100159;16.2808226;0.1018617004;0.467158854;0.4286743701;5
16.27493109;-0.7417750359;1.392622828;7.84845829;16.28292447;0.05787943676;0.4488328993;0.4543306828;5
16.27703291;-0.732203722;1.450050473;7.829315662;16.2850263;0.01634063199;0.4317286909;0.4812087417;5
16.27913479;-0.732203722;1.478764415;7.800601959;16.28712812;-0.02519817278;0.4146244824;0.5080868006;5
16.28123656;-0.708275497;1.497906923;7.781459332;16.28922994;-0.06673697382;0.3987419903;0.5337430835;5
16.28333843;-0.7226324677;1.478764415;7.824530125;16.29133177;-0.1070540547;0.3791943192;0.5581777096;5
16.28544026;-0.7130611539;1.421336651;7.84845829;16.29343359;-0.1437059343;0.3608683646;0.5813905597;5
16.28754208;-0.6747759581;1.35912323;7.925028801;16.29553541;-0.1766926348;0.3388772309;0.600938201;5
16.2896439;-0.6173482537;1.325623751;8.011170387;16.29763723;-0.2072358727;0.3168860972;0.6217076182;5
16.29174572;-0.5264210105;1.301695466;8.116454124;16.29973911;-0.2328922004;0.2948949635;0.6400335431;5
16.29384755;-0.4546363056;1.258624673;8.226524353;16.30184093;-0.2561050653;0.274125576;0.6559160352;5
16.29594937;-0.3684946895;1.210768223;8.341380119;16.30394276;-0.2756527364;0.2521344423;0.6705768108;5
16.29805119;-0.2919243574;1.11984098;8.475378036;16.30604458;-0.2939786613;0.235030219;0.6840158105;5
16.30015307;-0.1962114573;1.03848505;8.628518105;16.3081464;-0.3061959743;0.2228129357;0.6986765862;5
16.30225489;-0.1244267747;0.9714859724;8.762516975;16.31024822;-0.3135263622;0.2105956376;0.7133373618;5
16.30435671;-0.05264209956;0.9236295223;8.920442581;16.31235005;-0.3184132576;0.2020435184;0.7255546451;5
16.30645854;0.02871387079;0.8566305041;9.111868858;16.31445187;-0.3196350038;0.1934914142;0.7377719283;5
16.30856036;0.1052841991;0.8422735929;9.317651749;16.31655369;-0.3147480786;0.1800523996;0.7475457788;5
16.31066218;0.1722832322;0.813559711;9.470791817;16.31865552;-0.308639437;0.1678351015;0.7548761368;5
16.31276401;0.2823530734;0.7465606928;9.638289452;16.32075734;-0.2988655865;0.1556178033;0.7585413456;5
16.31486583;0.3972085714;0.6843472719;9.786644936;16.32285916;-0.2866483033;0.1409570426;0.7634282708;5
16.31696765;0.5359922647;0.6173482537;9.949356079;16.32496098;-0.2756527364;0.1336266696;0.7646499872;5
16.31906947;0.7178468108;0.5551348329;10.10728264;16.32706281;-0.2573267817;0.1262962967;0.7646499872;5
16.3211713;0.8566305041;0.5120640397;10.18863869;16.32916468;-0.2414443046;0.1226311028;0.7646499872;5
16.32327312;0.9523434043;0.4737788737;10.27478027;16.33126645;-0.2328922004;0.1262962967;0.7646499872;5
16.32537494;1.052842021;0.4929214716;10.32742214;16.33336833;-0.2170097083;0.1299614757;0.7646499872;5
16.32747676;1.143769264;0.4833501875;10.34177971;16.33547015;-0.2047924101;0.1385135949;0.7622065544;5
16.32957864;1.258624673;0.4785645306;10.34656525;16.33757197;-0.1913533956;0.1470656991;0.759763062;5
16.33168041;1.344766378;0.4546363056;10.32742214;16.3396738;-0.18157956;0.1556178033;0.7573196292;5
16.33378229;1.445264935;0.4307080805;10.33699417;16.34177562;-0.1681405306;0.1641699076;0.7548761368;5
16.33588411;1.536192179;0.3780659735;10.34656525;16.34387744;-0.1559232324;0.1715002805;0.752432704;5
16.33798593;1.636690736;0.3637090325;10.3848505;16.34597932;-0.1437059343;0.177608937;0.7487674952;5
16.34008776;1.741974831;0.3254238665;10.38006496;16.34808114;-0.1339320987;0.181274116;0.7451022863;5
16.34218958;1.832902193;0.3014956415;10.39442158;16.35018296;-0.1204930767;0.1837175786;0.7402154207;5
16.3442914;1.909472466;0.2775674164;10.42313576;16.35228473;-0.1131627038;0.1788306683;0.7341067195;5
16.34639328;1.966900229;0.2488535494;10.44706345;16.35438656;-0.1046105921;0.1678351015;0.7243329287;5
16.3484951;2.01475668;0.2201396823;10.44706345;16.35648843;-0.09483675659;0.1519526094;0.7145590782;5
16.35059692;2.0769701;0.1866401732;10.45184898;16.35859026;-0.08872810751;0.1336266696;0.702341795;5
16.35269869;2.148754835;0.1579262912;10.45184898;16.36069208;-0.08384118974;0.1104138121;0.6937896609;5
16.35480052;2.258824587;0.1483550072;10.39920712;16.3627939;-0.07895427197;0.0847574845;0.6840158105;5
16.35690239;2.359323025;0.1435693651;10.35613632;16.36489572;-0.07773254067;0.06154462695;0.6717985272;5
16.35900421;2.464607239;0.1483550072;10.31785107;16.36699755;-0.07773254067;0.04199695215;0.659581244;5
16.36110604;2.560320139;0.1244267747;10.24128056;16.36909937;-0.08261945844;0.02244928107;0.6485856771;5
16.36320786;2.617748022;0.1244267747;10.14556789;16.37120119;-0.08750637621;0.0016798781;0.6375901103;5
16.36530968;2.670390129;0.09092725813;10.01635551;16.37330302;-0.09483675659;-0.01175914705;0.6229293346;5
16.3674115;2.742174864;0.04785645381;9.920642853;16.37540489;-0.102167137;-0.01786779426;0.609490335;5
16.36951333;2.842673302;0.004785645287;9.84885788;16.37750666;-0.1131627038;-0.02031125315;0.5972730517;5
16.37161515;2.938386202;0.004785645287;9.772287369;16.37960854;-0.1266017258;-0.02153298259;0.5862774849;5
16.37371697;3.029313564;0.01914258115;9.623932838;16.38171036;-0.1400407553;-0.02886336111;0.5789470673;5
16.37581885;3.058027267;0.05742774159;9.552147865;16.38381218;-0.1534797698;-0.03497200832;0.5716167092;5
16.37792062;3.01974225;0.0765703246;9.480362892;16.385914;-0.1718057245;-0.04108065739;0.5642863512;5
16.38002249;2.976671457;0.1579262912;9.461220741;16.38801583;-0.1840230078;-0.04596757516;0.5569559336;5
16.38212432;2.962314367;0.2344966233;9.461220741;16.39011765;-0.1999054998;-0.04841103405;0.5496255755;5
16.38422614;2.967100143;0.2775674164;9.422935486;16.39221947;-0.2145662606;-0.05085449293;0.5435169339;5
16.38632796;3.00538516;0.3110669553;9.408578873;16.3943213;-0.2328922004;-0.04963276163;0.5386300087;5
16.38842979;3.029313564;0.3589234054;9.394221306;16.39642312;-0.2463312149;-0.04474584386;0.5312996507;5
16.39053161;3.058027267;0.3780659735;9.427721024;16.39852494;-0.2609919906;-0.03619373962;0.5264127254;5
16.39263343;3.043670416;0.3637090325;9.418149948;16.40062677;-0.2732092738;-0.02764163166;0.5227475166;5
16.39473526;2.995813847;0.3493520916;9.422935486;16.40272864;-0.2829830945;-0.0190895237;0.5215258002;5
16.39683708;2.947957516;0.3349951804;9.44207859;16.40483046;-0.2903134823;-0.01175914705;0.5154171586;5
16.3989389;2.895315409;0.3254238665;9.528220177;16.40693229;-0.2952004075;-0.009315688163;0.5141954422;5
16.40104072;2.852244616;0.3254238665;9.614361763;16.40903411;-0.2988655865;-0.004428769462;0.5105302334;5
16.4031426;2.82831645;0.3110669553;9.729216576;16.41113593;-0.3013090491;-0.0007635809598;0.5080868006;5
16.40524442;2.785245657;0.3062812984;9.84885788;16.41323776;-0.2988655865;0.009010255337;0.5031998754;5
16.40734624;2.775674343;0.2919243574;9.930213928;16.41533958;-0.2915352285;0.0175623633;0.501978159;5
16.40944807;2.751745939;0.2823530734;10.02592659;16.4174414;-0.2866483033;0.02733619884;0.4995346665;5
16.41154989;2.751745939;0.2967100143;10.13121128;16.41954328;-0.2793179154;0.04444041103;0.4934260249;5
16.41365171;2.761317253;0.2679961324;10.21256733;16.42164505;-0.2744309902;0.06398808211;0.4885390997;5
16.41575354;2.766103029;0.2584248483;10.31785107;16.42374687;-0.2634354234;0.08842267841;0.4836521745;5
16.41785536;2.780459881;0.2297109663;10.40399265;16.42584869;-0.2512181401;0.1091920808;0.4799869955;5
16.41995723;2.790031195;0.1914258152;10.47099209;16.42795057;-0.2377791107;0.1336266696;0.4714348912;5
16.422059;2.818745136;0.1483550072;10.59063339;16.43005239;-0.2218966335;0.1568395346;0.466547966;5
16.42416083;2.833101988;0.1100698411;10.71984577;16.43215421;-0.2023489624;0.1824958473;0.4579958618;5
16.42626265;2.857030153;0.05264209956;10.8682003;16.43425604;-0.1791360974;0.2020435184;0.4482220411;5
16.42836453;2.866601467;0.01914258115;11.00698376;16.43635786;-0.1547015011;0.2179260105;0.4360047281;5
16.43046635;2.904886723;-0.0239282269;11.1505537;16.43845968;-0.1266017258;0.2301433086;0.4201222658;5
16.43256817;2.938386202;-0.1100698411;11.32283688;16.4405615;-0.09605848789;0.2374736816;0.4042397738;5
16.43466999;2.971885681;-0.1627119333;11.46162033;16.44266333;-0.06429351866;0.2386954129;0.3846921027;5
16.43677182;3.043670416;-0.2153540403;11.63868904;16.44476515;-0.03008509055;0.235030219;0.362700969;5
16.43887364;3.134597778;-0.2632105052;11.76311588;16.44686697;0.002901607659;0.2289215773;0.3394880891;5
16.44097546;3.235096216;-0.3206382394;11.85404301;16.4489688;0.03833176568;0.2167042792;0.3113883138;5
16.44307729;3.311666489;-0.3828516304;11.9162569;16.45107067;0.07009673119;0.204486981;0.2820668221;5
16.44517911;3.393022537;-0.4498506486;11.94975662;16.45317244;0.09941824526;0.1886045039;0.2515235841;5
16.44728093;3.440878868;-0.5024927258;11.91147137;16.45527426;0.1250745654;0.1727220118;0.2222020626;5
16.44938276;3.493520975;-0.5312066078;11.83968639;16.45737614;0.1458439678;0.1519526094;0.1916588247;5
16.45148463;3.503092289;-0.5407779217;11.76311588;16.45947796;0.1641699076;0.1324049383;0.1635590494;5
16.4535864;3.488735437;-0.5359922647;11.60040379;16.46157979;0.1751654744;0.1128572673;0.1342375278;5
16.45568822;3.450450182;-0.5072783828;11.45683479;16.46368161;0.18493931;0.09575305134;0.1098029464;5
16.4577901;3.37387991;-0.4737788737;11.2941227;16.46578343;0.1873827726;0.07620538026;0.08659008145;5
16.45989192;3.263810158;-0.4115654826;11.1314106;16.46788526;0.1861610413;0.05787943676;0.06582067907;5
16.46199374;3.144168854;-0.3397808075;10.93519974;16.46998708;0.1824958473;0.03833176568;0.04749473557;5
16.46409557;3.00538516;-0.2488535494;10.78684425;16.4720889;0.1763872057;0.01878409274;0.03283398226;5
16.46619739;2.857030153;-0.1531406492;10.64327526;16.47419072;0.1715002805;-0.0007635809598;0.01939495653;5
16.46829921;2.713460922;-0.05264209956;10.52841949;16.47629255;0.1592829973;-0.02275471389;0.007177661173;5
16.47040104;2.555534601;0.0239282269;10.39442158;16.47839442;0.1507308781;-0.04718930274;-0.002596175298;5
16.47250286;2.402393818;0.1339980662;10.27478027;16.48049624;0.1385135949;-0.06918043643;-0.007483093534;5
16.47460468;2.239681959;0.1962114573;10.2221384;16.48259802;0.1238528341;-0.09239330143;-0.01114828233;5
16.47670651;2.096112728;0.2727817893;10.11206818;16.48469989;0.1128572673;-0.1168278903;-0.01359174121;5
16.47880838;1.909472466;0.3302095234;10.02114105;16.48680171;0.1006399691;-0.1437059343;-0.01481347065;5
16.4809102;1.756331801;0.3541377485;9.920642853;16.48890354;0.0859792158;-0.162031889;-0.01237001177;5
16.48301197;1.622333765;0.3876372576;9.915857315;16.49100536;0.07498364896;-0.1779143661;-0.006261364091;5
16.48511385;1.445264935;0.4737788737;9.84885788;16.49310718;0.06154462695;-0.1937968582;0.001069013379;5
16.48721567;1.26341033;0.5551348329;9.796216011;16.495209;0.04932733253;-0.2084576041;0.01206457894;5
16.48931749;1.095912814;0.6843472719;9.757930756;16.49731088;0.03711003438;-0.2218966335;0.02550360374;5
16.49141932;0.9523434043;0.7704889178;9.7196455;16.49941265;0.02489273995;-0.235335663;0.04016435891;5
16.49352114;0.837487936;0.8279166222;9.69093132;16.50151447;0.01145371422;-0.2451094985;0.05482511222;5
16.49562296;0.7465606928;0.8709874153;9.671789169;16.5036163;0.0004581485991;-0.2573267817;0.07192932814;5
16.49772484;0.6604190469;0.9140582681;9.643074989;16.50571812;-0.01175914705;-0.262213707;0.08781181276;5
16.49982661;0.5934200287;0.9619147182;9.614361763;16.50781994;-0.02519817278;-0.265878886;0.1036942974;5
16.50192843;0.5599204898;1.000199914;9.576076508;16.50992182;-0.0374154672;-0.2707658112;0.119576782;5
16.50403026;0.5359922647;1.03848505;9.552147865;16.51202364;-0.05085449293;-0.2683223486;0.1330158114;5
16.50613208;0.5216353536;1.067198873;9.518648148;16.51412546;-0.06429351866;-0.2671006322;0.1452330947;5
16.5082339;0.5407779217;1.071984529;9.504291534;16.51622729;-0.07773254067;-0.262213707;0.1550069451;5
16.51033578;0.5455635786;1.043270707;9.499505997;16.51832911;-0.08994983882;-0.2561050653;0.1623373181;5
16.5124376;0.5551348329;1.004985452;9.51386261;16.52043093;-0.09972367436;-0.2463312149;0.1684459597;5
16.51453942;0.5838487148;0.9619147182;9.499505997;16.52253281;-0.1094975099;-0.235335663;0.1757763475;5
16.51664124;0.6077769399;0.9571290612;9.528220177;16.52463458;-0.1168278903;-0.2267835438;0.1794415265;5
16.51874307;0.6364908218;0.9332008362;9.552147865;16.5267364;-0.1241582632;-0.215787977;0.1831067204;5
16.52084489;0.6556333899;0.9044869542;9.609575272;16.52883828;-0.1266017258;-0.2096793354;0.1867718995;5
16.52294676;0.6747759581;0.8805587292;9.647860527;16.5309401;-0.1290451884;-0.1999054998;0.1904370934;5
16.52504854;0.6939185858;0.8470591903;9.710074425;16.53304192;-0.1327103674;-0.1950185746;0.192880556;5
16.52715036;0.70348984;0.8039883971;9.757930756;16.53514369;-0.131488651;-0.1864664704;0.1953240186;5
16.52925223;0.7178468108;0.7417750359;9.810572624;16.53724557;-0.131488651;-0.1828012913;0.1965457499;5
16.53135406;0.70348984;0.6939185858;9.863214493;16.53934739;-0.1278234571;-0.1754709035;0.1977674663;5
16.53345588;0.708275497;0.650847733;9.915857315;16.54144921;-0.1241582632;-0.1681405306;0.1989891976;5
16.53555765;0.6939185858;0.6029912829;9.997213364;16.54355104;-0.1168278903;-0.1644753367;0.1989891976;5
16.53765953;0.6939185858;0.5742774606;10.11685371;16.54565286;-0.1107192412;-0.1644753367;0.1989891976;5
16.53976135;0.6699903607;0.5264210105;10.23170948;16.54775468;-0.1009454057;-0.1632536054;0.1953240186;5
16.54186317;0.6460621357;0.5120640397;10.3226366;16.5498565;-0.08994983882;-0.1632536054;0.1916588247;5
16.54396499;0.6556333899;0.4929214716;10.37527943;16.55195838;-0.07528908551;-0.1669187993;0.1879936308;5
16.54606682;0.6556333899;0.4450650215;10.4853487;16.5540602;-0.06429351866;-0.1669187993;0.1818849891;5
16.54816864;0.6652047038;0.3924229145;10.52363396;16.55616203;-0.04963276163;-0.1669187993;0.1757763475;5
16.55027046;0.6747759581;0.3637090325;10.61934662;16.55826385;-0.03619373962;-0.165697068;0.169667691;5
16.55237234;0.6699903607;0.3254238665;10.66720295;16.56036567;-0.0190895237;-0.1632536054;0.1623373181;5
16.55447416;0.6891329288;0.3014956415;10.7054882;16.56246749;-0.001985310577;-0.165697068;0.1550069451;5
16.55657598;0.70348984;0.2727817893;10.748559;16.56456932;0.0126754446;-0.1669187993;0.1476765573;5
16.55867781;0.732203722;0.2297109663;10.78205872;16.56667114;0.03100138716;-0.1693622619;0.1391244531;5
16.56077963;0.70348984;0.1962114573;10.82034397;16.56877296;0.04566214234;-0.1742491722;0.1305723488;5
16.56288145;0.7178468108;0.1914258152;10.89212894;16.57087479;0.06276635826;-0.1828012913;0.1244636998;5
16.56498328;0.679561615;0.1818545163;10.9304142;16.57297661;0.08231402934;-0.188909933;0.1134681329;5
16.5670851;0.6604190469;0.1866401732;10.96391296;16.57507843;0.09819651395;-0.2011272311;0.1036942974;5
16.56918692;0.6604190469;0.1962114573;10.97348499;16.57718026;0.1165224537;-0.2182314396;0.09514218569;5
16.57128874;0.6460621357;0.1962114573;10.99262714;16.57928213;0.1324049383;-0.231670469;0.08536835015;5
16.57339057;0.6364908218;0.1866401732;10.97827053;16.58138395;0.1470656991;-0.2463312149;0.07559451461;5
16.57549239;0.6221339107;0.1962114573;10.94477081;16.58348578;0.161726445;-0.262213707;0.06826414168;5
16.57759421;0.6173482537;0.1770688742;10.88255692;16.5855876;0.1702785641;-0.2793179154;0.05971203372;5
16.57969609;0.5790630579;0.1818545163;10.79162979;16.58768942;0.177608937;-0.2952004075;0.05238165334;5
16.58179791;0.5312066078;0.1866401732;10.68156052;16.58979124;0.1800523996;-0.3074176908;0.04627300799;5
16.58389973;0.4785645306;0.2009970993;10.55713367;16.59189307;0.1873827726;-0.315969795;0.0426078178;5
16.58600156;0.4163511395;0.2297109663;10.41835022;16.59399489;0.1886045039;-0.3257436454;0.04016435891;5
16.58810338;0.3541377485;0.2536391914;10.26999474;16.59609671;0.1861610413;-0.3318522871;0.04138609022;5
16.5902052;0.3206382394;0.2967100143;10.11206818;16.59819854;0.1824958473;-0.3355174661;0.04016435891;5
16.59230703;0.2775674164;0.3349951804;9.982855797;16.60030036;0.1788306683;-0.3367392123;0.04138609022;5
16.59440885;0.2344966233;0.3876372576;9.858428955;16.60240223;0.1727220118;-0.3342957497;0.0438295491;5
16.59651067;0.2249253243;0.4307080805;9.734002113;16.60450406;0.1678351015;-0.3294088244;0.04505127668;5
16.59861249;0.2249253243;0.4689932466;9.614361763;16.60660588;0.161726445;-0.3233001828;0.04627300799;5
16.60071432;0.2105683982;0.5072783828;9.523433685;16.6087077;0.1519526094;-0.3135263622;0.04749473557;5
16.60281619;0.2153540403;0.5599204898;9.41336441;16.61080953;0.1421787739;-0.3074176908;0.04871646687;5
16.60491802;0.2153540403;0.5790630579;9.312865257;16.61291135;0.1385135949;-0.2976438701;0.04993819445;5
16.60701984;0.2249253243;0.6077769399;9.250652313;16.61501317;0.127518028;-0.2866483033;0.04993819445;5
16.60912166;0.2632105052;0.6221339107;9.169296265;16.61711499;0.1214093715;-0.2768744528;0.04993819445;5
16.61122348;0.2967100143;0.626919508;9.121439934;16.61921682;0.1140789986;-0.2683223486;0.04993819445;5
16.61332531;0.3062812984;0.6604190469;9.083154678;16.62131864;0.1055268943;-0.2573267817;0.04871646687;5
16.61542713;0.3349951804;0.6843472719;9.054440498;16.62342052;0.09697478265;-0.2426660359;0.04627300799;5
16.61752895;0.3589234054;0.7178468108;9.025727272;16.62552229;0.08964440972;-0.2280052751;0.04505127668;5
16.61963078;0.3493520916;0.7226324677;8.977870941;16.62762411;0.07987056673;-0.2109010667;0.0426078178;5
16.6217326;0.3541377485;0.6987041831;8.934800148;16.62972593;0.07009673119;-0.1925751269;0.04138609022;5
16.62383447;0.3637090325;0.6891329288;8.939585686;16.63182781;0.06276635826;-0.1766926348;0.04016435891;5
16.62593624;0.3637090325;0.6604190469;8.915657043;16.63392958;0.05543597788;-0.158366695;0.04016435891;5
16.62803807;0.3349951804;0.6604190469;8.920442581;16.63603145;0.04321868345;-0.142484203;0.04016435891;5
16.63013989;0.2871387303;0.679561615;8.915657043;16.63813328;0.03711003438;-0.1253799945;0.04138609022;5
16.63224176;0.2440679073;0.6891329288;8.896514893;16.6402351;0.03222311661;-0.1119409725;0.0426078178;5
16.63434354;0.1914258152;0.6939185858;8.934800148;16.64233692;0.02733619884;-0.0972802192;0.04505127668;5
16.63644541;0.1483550072;0.7130611539;8.97308445;16.64443874;0.02122755162;-0.08384118974;0.04871646687;5
16.63854723;0.1292124242;0.7274180651;8.982656479;16.64654057;0.0175623633;-0.07528908551;0.05238165334;5
16.64064906;0.1052841991;0.7513462901;9.016156197;16.64864239;0.0126754446;-0.06918043643;0.05604684353;5
16.64275088;0.08614161611;0.756131947;9.03051281;16.65074421;0.01023198478;-0.06185005978;0.05849030241;5
16.6448527;0.07178468257;0.7752745152;9.03051281;16.65284609;0.005345067009;-0.05940660089;0.06459894776;5
16.64695453;0.04307080805;0.7704889178;9.049654961;16.65494791;0.0016798781;-0.05696314201;0.06826414168;5
16.64905635;0.0239282269;0.784845829;9.054440498;16.65704973;-0.003207040019;-0.05329795182;0.0743727833;5
16.65115817;-0.004785645287;0.7992027402;9.05922699;16.65915156;-0.01175914705;-0.05329795182;0.08048143238;5
16.65326005;-0.04307080805;0.8087740541;9.064012527;16.66125338;-0.0190895237;-0.05451968312;0.08292489499;5
16.65536187;-0.07178468257;0.813559711;9.05922699;16.6633552;-0.02764163166;-0.0557414107;0.08536835015;5
16.65746369;-0.08614161611;0.8087740541;9.040083885;16.66545703;-0.0374154672;-0.0557414107;0.08659008145;5
16.65956552;-0.06699903309;0.7704889178;9.044869423;16.66755885;-0.04596757516;-0.05818486959;0.08536835015;5
16.66166734;-0.04307080805;0.7465606928;9.05922699;16.66966067;-0.05818486959;-0.05940660089;0.08414662629;5
16.66376916;0.004785645287;0.7130611539;9.097511292;16.67176249;-0.06429351866;-0.05940660089;0.08170316368;5
16.66587098;0.04785645381;0.6939185858;9.135796547;16.67386432;-0.07162389904;-0.06429351866;0.07803797722;5
16.66797281;0.09571290761;0.6556333899;9.159725189;16.67596619;-0.07773254067;-0.06795870513;0.07192932814;5
16.67007463;0.1292124242;0.6173482537;9.245866776;16.67806802;-0.08017600328;-0.07162389904;0.06459894776;5
16.67217645;0.1579262912;0.5742774606;9.327222824;16.68016979;-0.08139773458;-0.07773254067;0.05849030241;5
16.67427828;0.1818545163;0.5264210105;9.422935486;16.68227166;-0.08139773458;-0.08261945844;0.05238165334;5
16.67638015;0.2057827413;0.4642075896;9.537791252;16.68437348;-0.07528908551;-0.08384118974;0.04138609022;5
16.67848197;0.2153540403;0.3972085714;9.657432556;16.68647531;-0.07040216774;-0.09483675659;0.03039052337;5
16.68058374;0.2584248483;0.3637090325;9.772287369;16.68857713;-0.06185005978;-0.09972367436;0.02061668597;5
16.68268562;0.3014956415;0.3349951804;9.882357597;16.69067895;-0.05085449293;-0.1046105921;0.0108428495;5
16.68478744;0.3397808075;0.3110669553;10.02592659;16.69278078;-0.03375028074;-0.1070540547;-0.0001527161949;5
16.68688926;0.3445664644;0.2871387303;10.14078236;16.6948826;-0.01664606482;-0.1131627038;-0.008704823442;5
16.68899109;0.3397808075;0.2775674164;10.28913784;16.69698442;0.002901607659;-0.115606159;-0.01725693047;5
16.69109291;0.3158525825;0.2727817893;10.35135078;16.69908624;0.02244928107;-0.115606159;-0.02703076601;5
16.69319473;0.2967100143;0.2919243574;10.40877819;16.70118807;0.03955349326;-0.1143844277;-0.03191768378;5
16.69529656;0.2823530734;0.3062812984;10.46620655;16.70328994;0.06276635826;-0.1119409725;-0.03924806044;5
16.69739838;0.2632105052;0.3158525825;10.51406288;16.70539171;0.08109229803;-0.1070540547;-0.04291325063;5
16.6995002;0.2392822653;0.3302095234;10.49491978;16.70749359;0.09941824526;-0.09972367436;-0.04657844082;5
16.70160203;0.1866401732;0.3493520916;10.48056316;16.70959541;0.1153007299;-0.08750637621;-0.0478001684;5
16.7037039;0.1627119333;0.3589234054;10.44706345;16.71169723;0.1299614757;-0.0740673542;-0.05024362728;5
16.70580567;0.1292124242;0.3828516304;10.37527943;16.71379906;0.1397353113;-0.05940660089;-0.05146535859;5
16.70790755;0.08135596663;0.3924229145;10.30827999;16.71590088;0.1495091617;-0.04841103405;-0.05268708616;5
16.71000937;0.04785645381;0.4211367965;10.2221384;16.7180027;0.1580612659;-0.03497200832;-0.0490218997;5
16.71211119;-0.004785645287;0.4498506486;10.13121128;16.72010453;0.1653916389;-0.02397644334;-0.0478001684;5
16.71421302;-0.04307080805;0.4929214716;10.02592659;16.72220635;0.1702785641;-0.01542433538;-0.04413498193;5
16.71631484;-0.09092725813;0.5216353536;9.930213928;16.72430817;0.1702785641;-0.006872228812;-0.04169152305;5
16.71841666;-0.1292124242;0.5455635786;9.844072342;16.72640999;0.1702785641;-0.003207040019;-0.03924806044;5
16.72051848;-0.1627119333;0.5742774606;9.738788605;16.72851187;0.1690568328;0.004123337101;-0.03436114267;5
16.72262031;-0.1818545163;0.5886343718;9.604789734;16.73061369;0.161726445;0.009010255337;-0.03069595434;5
16.72472213;-0.1962114573;0.6125625968;9.533005714;16.73271552;0.1592829973;0.01389717404;-0.02580903657;5
16.72682395;-0.2057827413;0.6317051649;9.446864128;16.73481734;0.1507308781;0.02244928107;-0.02336557768;5
16.72892583;-0.2249253243;0.6604190469;9.351150513;16.73691911;0.1434005052;0.02611446939;-0.01847865991;5
16.73102765;-0.2488535494;0.6939185858;9.274580956;16.73902098;0.1324049383;0.03466657549;-0.01359174121;5
16.73312947;-0.2488535494;0.708275497;9.188439369;16.74112281;0.1201876476;0.03955349326;-0.007483093534;5
16.7352313;-0.2871387303;0.732203722;9.068798065;16.74322463;0.1079703495;0.04810560122;-0.001374445739;5
16.73733307;-0.2919243574;0.732203722;9.00179863;16.74532645;0.09453132749;0.05299251899;0.00351247238;5
16.73943494;-0.2967100143;0.7513462901;8.915657043;16.74742828;0.08109229803;0.05665770918;0.0108428495;5
16.74153676;-0.2967100143;0.7704889178;8.839086533;16.7495301;0.06398808211;0.06276635826;0.01817322709;5
16.74363859;-0.3062812984;0.7752745152;8.800801277;16.75163197;0.04566214234;0.06765327603;0.02306014486;5
16.74574041;-0.3110669553;0.7657032609;8.729017258;16.75373374;0.03100138716;0.07009673119;0.02916879393;5
16.74784223;-0.3014956415;0.756131947;8.690732002;16.75583562;0.01389717404;0.0725401938;0.03649916872;5
16.74994406;-0.3110669553;0.760917604;8.657232285;16.75793744;-0.003207040019;0.0725401938;0.04138609022;5
16.75204593;-0.3014956415;0.784845829;8.638090134;16.76003921;-0.02031125315;0.07498364896;0.04871646687;5
16.7541477;-0.2919243574;0.7752745152;8.633303642;16.76214109;-0.03619373962;0.07498364896;0.05238165334;5
16.75624958;-0.2584248483;0.760917604;8.657232285;16.76424291;-0.05207622424;0.07498364896;0.0609337613;5
16.7583514;-0.2297109663;0.760917604;8.676374435;16.76634473;-0.06429351866;0.0737619251;0.06582067907;5
16.76045317;-0.1962114573;0.7417750359;8.681160927;16.76844656;-0.08139773458;0.07498364896;0.07192932814;5
16.76255505;-0.1579262912;0.7369893789;8.719446182;16.77054838;-0.09483675659;0.0737619251;0.07803797722;5
16.76465687;-0.1292124242;0.7178468108;8.772088051;16.7726502;-0.1033888608;0.07498364896;0.08292489499;5
16.76675869;-0.06221338734;0.6987041831;8.853444099;16.77475203;-0.1119409725;0.0737619251;0.08659008145;5
16.76886052;-0.01914258115;0.6699903607;8.944371223;16.77685385;-0.1168278903;0.07131846249;0.08903354406;5
16.77096234;0.04307080805;0.6125625968;9.040083885;16.77895572;-0.1204930767;0.06643154472;0.09025526792;5
16.77306416;0.1148554832;0.5551348329;9.135796547;16.78105749;-0.121714808;0.06398808211;0.08903354406;5
16.77516598;0.2201396823;0.5024927258;9.231510162;16.78315932;-0.1192713454;0.0542142503;0.08536835015;5
16.77726781;0.3397808075;0.4498506486;9.36550808;16.78526119;-0.1180496216;0.04444041103;0.08048143238;5
16.77936968;0.4354937077;0.4019941986;9.475577354;16.78736302;-0.1131627038;0.03466657549;0.07315105945;5
16.78147145;0.5359922647;0.3493520916;9.614361763;16.78946484;-0.1058323234;0.02611446939;0.06337722391;5
16.78357328;0.6604190469;0.3110669553;9.714859962;16.79156666;-0.09850194305;0.01878409274;0.05360338464;5
16.78567515;0.7657032609;0.2727817893;9.796216011;16.79366848;-0.08994983882;0.0126754446;0.04138609022;5
16.78777697;0.8709874153;0.2105683982;9.891928673;16.79577031;-0.07895427197;0.006566796452;0.02916879393;5
16.7898788;0.9762716293;0.1914258152;9.982855797;16.79787213;-0.07040216774;-0.0007635809598;0.01450803876;5
16.79198062;1.071984529;0.1435693651;10.03071213;16.79997395;-0.05940660089;-0.008093958721;0.001069013379;5
16.79408244;1.138983607;0.1052841991;10.08335495;16.80207583;-0.04963276163;-0.01542433538;-0.01359174121;5
16.79618426;1.210768223;0.06699903309;10.13121128;16.8041776;-0.03985892609;-0.01786779426;-0.02703076601;5
16.79828609;1.282552958;0.03349951655;10.14556789;16.80627947;-0.02886336111;-0.0190895237;-0.04169152305;5
16.80038791;1.339980721;-0.01914258115;10.14078236;16.8083813;-0.02031125315;-0.01786779426;-0.05390881747;5
16.80248979;1.383051515;-0.0382851623;10.14078236;16.81048312;-0.009315688163;-0.01542433538;-0.06734783947;5
16.80459156;1.411765337;-0.04307080805;10.13599682;16.81258494;-0.0007635809598;-0.009315688163;-0.07956513762;5
16.80669343;1.450050473;-0.0239282269;10.15513897;16.81468676;0.009010255337;-0.004428769462;-0.09300415963;5
16.80879526;1.488335729;0.0;10.16949654;16.81678859;0.0175623633;0.002901607659;-0.1052214578;5
16.81089708;1.521835208;0.02871387079;10.15992451;16.81889041;0.02611446939;0.009010255337;-0.1174387559;5
16.8129989;1.536192179;0.04307080805;10.13121128;16.82099223;0.03466657549;0.01511890348;-0.1308777779;5
16.81510072;1.574477315;0.06221338734;10.12642574;16.82309406;0.03833176568;0.01634063199;-0.1443168074;5
16.81720255;1.584048629;0.06699903309;10.11685371;16.82519588;0.04321868345;0.0175623633;-0.1528689116;5
16.81930437;1.588834286;0.08614161611;10.08814049;16.82729776;0.04566214234;0.02000582218;-0.1626427472;5
16.82140619;1.593619823;0.1196411327;10.06421185;16.82939953;0.04688387364;0.02489273995;-0.1724165827;5
16.82350802;1.593619823;0.1579262912;10.03071213;16.8315014;0.04810560122;0.02855792828;-0.1785252392;5
16.82560984;1.584048629;0.1914258152;9.987641335;16.83360322;0.04810560122;0.03100138716;-0.1846338809;5
16.82771171;1.564906001;0.2249253243;9.95414257;16.83570505;0.04932733253;0.03833176568;-0.1907425225;5
16.82981348;1.536192179;0.2584248483;9.915857315;16.83780687;0.04810560122;0.04688387364;-0.1956294477;5
16.83191536;1.517049551;0.2823530734;9.906285286;16.83990869;0.04566214234;0.05787943676;-0.1992946416;5
16.83401718;1.507478237;0.3349951804;9.87757206;16.84201052;0.04321868345;0.06520981342;-0.2041815519;5
16.836119;1.512263894;0.3397808075;9.829715729;16.84411234;0.03955349326;0.07742711157;-0.2090684772;5
16.83822083;1.497906923;0.3637090325;9.791430473;16.84621416;0.03711003438;0.09086613357;-0.2102901936;5
16.84032265;1.497906923;0.3828516304;9.767501831;16.84831598;0.03100138716;0.09819651395;-0.2127336562;5
16.84242447;1.507478237;0.4163511395;9.781859398;16.85041781;0.02977965772;0.1079703495;-0.2127336562;5
16.8445263;1.531406522;0.4642075896;9.772287369;16.85251968;0.02733619884;0.117744185;-0.2102901936;5
16.84662812;1.512263894;0.5168496966;9.781859398;16.85462145;0.02489273995;0.127518028;-0.2078467458;5
16.84872994;1.493121386;0.5551348329;9.757930756;16.85672328;0.01878409274;0.1336266696;-0.2066250145;5
16.85083177;1.440479279;0.5407779217;9.710074425;16.85882515;0.0126754446;0.1397353113;-0.2041815519;5
16.85293364;1.397408366;0.5312066078;9.695717812;16.86092697;0.007788525894;0.1507308781;-0.2017380893;5
16.85503541;1.368694544;0.5168496966;9.686145782;16.8630288;0.004123337101;0.1629481763;-0.2029598206;5
16.85713723;1.378265858;0.4977070987;9.681360245;16.86513062;-0.003207040019;0.177608937;-0.2017380893;5
16.85923911;1.435693622;0.4929214716;9.657432556;16.86723244;-0.009315688163;0.1898262352;-0.200516358;5
16.86134093;1.478764415;0.5312066078;9.647860527;16.86933427;-0.01542433538;0.1996000707;-0.200516358;5
16.86344276;1.512263894;0.5551348329;9.652647018;16.87143609;-0.0190895237;0.2081521749;-0.1980729103;5
16.86554458;1.531406522;0.6029912829;9.671789169;16.87353791;-0.02397644334;0.2215912044;-0.1956294477;5
16.8676464;1.521835208;0.6460621357;9.7196455;16.87563973;-0.02886336111;0.2374736816;-0.1919642538;5
16.86974822;1.531406522;0.6652047038;9.757930756;16.87774156;-0.03497200832;0.2460257858;-0.1870773435;5
16.87185005;1.526620865;0.679561615;9.762716293;16.87984343;-0.03863719851;0.2570213675;-0.1821904182;5
16.87395187;1.507478237;0.70348984;9.801001549;16.88194526;-0.04352411628;0.2643517256;-0.1785252392;5
16.87605369;1.497906923;0.7226324677;9.84885788;16.88404708;-0.04596757516;0.2716821134;-0.1773035079;5
16.87815552;1.521835208;0.7178468108;9.925428391;16.8861489;-0.04841103405;0.2716821134;-0.1748600453;5
16.88025739;1.564906001;0.7130611539;10.02114105;16.88825072;-0.05085449293;0.2753472924;-0.1711948514;5
16.88235921;1.612762451;0.732203722;10.05942631;16.89035255;-0.05085449293;0.2692386508;-0.1675296724;5
16.88446104;1.607976794;0.732203722;10.1024971;16.89245437;-0.04963276163;0.261908263;-0.1614210159;5
16.88656286;1.59840548;0.708275497;10.18863869;16.89455619;-0.05207622424;0.2472475171;-0.1553123742;5
16.88866468;1.560120344;0.6460621357;10.25085258;16.89665802;-0.05085449293;0.2289215773;-0.1528689116;5
16.89076651;1.50269258;0.6221339107;10.30827999;16.89875984;-0.05085449293;0.2093739063;-0.1492037177;5
16.89286833;1.478764415;0.5694918036;10.37049294;16.90086166;-0.04963276163;0.1861610413;-0.1455385387;5
16.89497015;1.469193101;0.5407779217;10.44227791;16.90296354;-0.04963276163;0.161726445;-0.1430950761;5
16.89707197;1.473978758;0.5407779217;10.49491978;16.90506531;-0.04718930274;0.134848401;-0.1357647032;5
16.8991738;1.478764415;0.5742774606;10.53320503;16.90716713;-0.04718930274;0.1067486182;-0.1296560466;5
16.90127562;1.45483613;0.5886343718;10.56670475;16.90926901;-0.04841103405;0.07987056673;-0.123547405;5
16.90337749;1.421336651;0.6077769399;10.63848972;16.91137083;-0.04841103405;0.05787943676;-0.1186604798;5
16.90547926;1.411765337;0.5886343718;10.66241741;16.91347265;-0.04596757516;0.0358883068;-0.113773562;5
16.90758109;1.416550994;0.5599204898;10.68634605;16.91557447;-0.04352411628;0.01511890348;-0.1125518382;5
16.90968296;1.450050473;0.5072783828;10.76291656;16.9176763;-0.04108065739;-0.009315688163;-0.1149952933;5
16.91178479;1.517049551;0.4833501875;10.79162979;16.91977812;-0.03130681813;-0.03375028074;-0.1186604798;5
16.91388661;1.631905079;0.4498506486;10.85384369;16.92187994;-0.02031125315;-0.06185005978;-0.127212584;5
16.91598843;1.756331801;0.4546363056;10.93519974;16.92398176;-0.01053741761;-0.08628465235;-0.1320995092;5
16.91809026;1.871187329;0.4689932466;10.99741268;16.92608364;0.0004581485991;-0.1119409725;-0.1382081509;5
16.92019208;1.957328916;0.5120640397;11.08355427;16.92818546;0.01023198478;-0.1363755614;-0.1443168074;5
16.9222939;1.986042738;0.5407779217;11.07876873;16.93028729;0.02000582218;-0.1559232324;-0.150425449;5
16.92439572;2.000399828;0.5312066078;11.0309124;16.93238911;0.02855792828;-0.1718057245;-0.1577558219;5
16.9264976;2.019542217;0.4881358147;11.02612686;16.93449093;0.03833176568;-0.188909933;-0.1638644785;5
16.92859942;2.024327993;0.4642075896;10.94955635;16.93659276;0.04321868345;-0.2047924101;-0.1711948514;5
16.93070124;2.043470621;0.4163511395;10.90170002;16.93869458;0.05054906011;-0.2206749022;-0.1797469556;5
16.93280307;2.100898266;0.3684946895;10.81555843;16.9407964;0.05665770918;-0.2328922004;-0.1882990748;5
16.93490489;2.172683001;0.3541377485;10.72941685;16.94289822;0.06032289565;-0.2438877672;-0.1980729103;5
16.93700671;2.230110645;0.3637090325;10.6480608;16.94500005;0.06520981342;-0.2487746775;-0.2029598206;5
16.93910854;2.249253273;0.4163511395;10.60977554;16.94710187;0.06765327603;-0.2548833191;-0.2102901936;5
16.94121036;2.239681959;0.4450650215;10.51884842;16.94920369;0.06765327603;-0.2561050653;-0.2151771188;5
16.94331218;2.258824587;0.5216353536;10.51406288;16.95130557;0.06887500733;-0.2536616027;-0.220064044;5
16.945414;2.239681959;0.6221339107;10.40399265;16.95340734;0.06765327603;-0.2463312149;-0.2249509543;5
16.94751583;2.196611166;0.6939185858;10.28435135;16.95550921;0.06520981342;-0.2402225733;-0.2273944169;5
16.94961765;2.153540373;0.708275497;10.17906761;16.95761104;0.05910116807;-0.2304487377;-0.2286161482;5
16.95171953;2.167897224;0.7513462901;10.12642574;16.95971286;0.05787943676;-0.2170097083;-0.2286161482;5
16.9538213;2.124826431;0.7896314859;10.07856941;16.96181468;0.05299251899;-0.2011272311;-0.2261726856;5
16.95592317;2.072184324;0.8183453679;10.04028416;16.9639165;0.05054906011;-0.1864664704;-0.220064044;5
16.95802499;2.000399828;0.8853443861;9.992427826;16.96601833;0.04444041103;-0.1791360974;-0.2127336562;5
16.96012682;1.8855443;0.9475577474;9.939785004;16.96812015;0.04444041103;-0.1766926348;-0.2054032832;5
16.96222864;1.770688772;0.9858429432;9.911071777;16.97022197;0.04444041103;-0.1766926348;-0.1956294477;5
16.96433046;1.703689694;1.033699393;9.958928108;16.9723238;0.04199695215;-0.1791360974;-0.1882990748;5
16.96643229;1.670190215;1.0863415;10.02592659;16.97442562;0.04321868345;-0.1791360974;-0.1797469556;5
16.96853411;1.64626193;1.153340459;10.01156998;16.97652749;0.04321868345;-0.1828012913;-0.1699731201;5
16.97063593;1.588834286;1.172483087;9.973284721;16.97862932;0.04199695215;-0.1852447391;-0.1614210159;5
16.97273776;1.526620865;1.138983607;9.939785004;16.98073114;0.04077522457;-0.1876882017;-0.1516471803;5
16.97483958;1.493121386;1.100698471;9.949356079;16.98283296;0.04199695215;-0.1852447391;-0.1406516135;5
16.97694145;1.459621787;1.071984529;9.968499184;16.98493479;0.04199695215;-0.1803578287;-0.1308777779;5
16.97904328;1.435693622;1.057627559;9.934999466;16.98703661;0.04077522457;-0.18157956;-0.1198822111;5
16.9811451;1.387837172;1.057627559;9.930213928;16.98913843;0.04077522457;-0.18157956;-0.1101083755;5
16.98324692;1.35912323;1.048056364;9.882357597;16.99124026;0.03955349326;-0.1828012913;-0.10033454;5
16.98534874;1.344766378;1.067198873;9.891928673;16.99334208;0.04077522457;-0.1864664704;-0.09178243577;5
16.98745057;1.368694544;1.067198873;9.911071777;16.9954439;0.04444041103;-0.1901316643;-0.08445205539;5
16.98955239;1.416550994;1.043270707;9.911071777;16.99754578;0.04932733253;-0.1986837685;-0.07712167501;5
16.99165421;1.445264935;1.019342422;9.911071777;16.99964755;0.05054906011;-0.2011272311;-0.06979130208;5
16.99375604;1.517049551;1.03848505;9.944570541;17.00174937;0.0542142503;-0.2047924101;-0.06246092543;5
16.99585786;1.545763373;1.019342422;9.920642853;17.00385124;0.05787943676;-0.2023489624;-0.05390881747;5
16.99795973;1.603191137;1.009771109;9.872786522;17.00595307;0.05665770918;-0.1974620372;-0.0490218997;5
17.0000615;1.665404558;1.000199914;9.896714211;17.00805484;0.05543597788;-0.1974620372;-0.04413498193;5
17.00216333;1.727617979;0.9714859724;9.839286804;17.01015671;0.05543597788;-0.1950185746;-0.04291325063;5
17.0042652;1.785045743;0.9379864931;9.777072906;17.01225854;0.0542142503;-0.1937968582;-0.04535670951;5
17.00636703;1.890329838;0.8949156404;9.714859962;17.01436036;0.05299251899;-0.1901316643;-0.05024362728;5
17.0084688;2.029113531;0.8470591903;9.686145782;17.01646218;0.05177079141;-0.1864664704;-0.05757400393;5
17.01057067;2.177468538;0.7992027402;9.619147301;17.018564;0.04688387364;-0.1852447391;-0.06856957078;5
17.01267249;2.321038008;0.732203722;9.614361763;17.02066583;0.04444041103;-0.1828012913;-0.07712167501;5
17.01477432;2.416750908;0.7178468108;9.604789734;17.02276765;0.0358883068;-0.1852447391;-0.0856737867;5
17.01687614;2.455035925;0.7178468108;9.54257679;17.02486947;0.02855792828;-0.188909933;-0.09422589093;5
17.01897796;2.459821701;0.70348984;9.480362892;17.02697135;0.01389717404;-0.1950185746;-0.1027780026;5
17.02107979;2.407179594;0.6891329288;9.432506561;17.02907312;-0.0007635809598;-0.2096793354;-0.1113301069;5
17.02318161;2.364108801;0.650847733;9.3367939;17.03117494;-0.02153298259;-0.2231183648;-0.1223256737;5
17.02528343;2.325823545;0.5790630579;9.241081238;17.03327676;-0.04108065739;-0.239000842;-0.1333212405;5
17.02738531;2.321038008;0.5024927258;9.140582085;17.03537864;-0.06307178736;-0.2548833191;-0.14676027;5
17.02948708;2.359323025;0.4402793646;9.068798065;17.03748046;-0.08750637621;-0.2707658112;-0.1614210159;5
17.0315889;2.416750908;0.4259224236;9.03051281;17.03958229;-0.1094975099;-0.2915352285;-0.1748600453;5
17.03369072;2.455035925;0.3876372576;8.997013092;17.04168411;-0.131488651;-0.3110828996;-0.1895207912;5
17.0357926;2.483749866;0.3828516304;8.97308445;17.04378593;-0.1534797698;-0.3330740333;-0.2041815519;5
17.03789442;2.512463808;0.4067798555;9.00179863;17.04588776;-0.1754709035;-0.3526217043;-0.2188423127;5
17.03999624;2.507678032;0.4211367965;9.040083885;17.04798958;-0.1937968582;-0.374612838;-0.2347247899;5
17.04209807;2.483749866;0.4354937077;9.111868858;17.0500914;-0.212122798;-0.3978256881;-0.2481638193;5
17.04419989;2.459821701;0.4785645306;9.174081802;17.05219322;-0.2267835438;-0.4185950756;-0.2628245652;5
17.04630171;2.426322222;0.5264210105;9.226723671;17.05429505;-0.2414443046;-0.4381427765;-0.273820132;5
17.04840354;2.411965132;0.5407779217;9.255437851;17.05639687;-0.2548833191;-0.4479165971;-0.2835939825;5
17.05050536;2.411965132;0.5072783828;9.3367939;17.05849874;-0.2646571696;-0.4576904476;-0.2921460867;5
17.05260718;2.373680115;0.5072783828;9.375079155;17.06060057;-0.2744309902;-0.4723511934;-0.2994764447;5
17.054709;2.335394859;0.4881358147;9.36550808;17.06270239;-0.2805396616;-0.4845684767;-0.3068068326;5
17.05681083;2.277967215;0.4642075896;9.370293617;17.06480421;-0.2842048407;-0.4918988645;-0.316580683;5
17.0589127;2.258824587;0.4307080805;9.432506561;17.06690604;-0.2878700197;-0.4967857897;-0.3263545036;5
17.06101453;2.282752752;0.3828516304;9.489934921;17.06900786;-0.2866483033;-0.4906771481;-0.3324631453;5
17.06311635;2.30189538;0.3637090325;9.547362328;17.07110968;-0.2829830945;-0.4809032977;-0.3385718167;5
17.06521817;2.335394859;0.3445664644;9.580862045;17.07321156;-0.278096199;-0.4662425518;-0.3446804583;5
17.06731999;2.325823545;0.3206382394;9.667003632;17.07531333;-0.2707658112;-0.4442514181;-0.3483456373;5
17.06942182;2.287538528;0.3302095234;9.74835968;17.0774152;-0.2597702444;-0.4137081802;-0.3483456373;5
17.07152364;2.210968018;0.3541377485;9.829715729;17.07951703;-0.2499964088;-0.3758345544;-0.3495673835;5
17.07362552;2.148754835;0.3397808075;9.920642853;17.08161885;-0.235335663;-0.3416261375;-0.3495673835;5
17.07572729;2.057827473;0.3110669553;9.978070259;17.08372067;-0.2194531709;-0.3110828996;-0.3507890999;5
17.07782916;1.971685886;0.3014956415;10.04985523;17.08582249;-0.2011272311;-0.2866483033;-0.3532325625;5
17.07993098;1.904686809;0.2536391914;10.13121128;17.08792432;-0.1791360974;-0.2597702444;-0.3581194878;5
17.08203281;1.904686809;0.2009970993;10.28913784;17.09002614;-0.1547015011;-0.235335663;-0.3642281294;5
17.08413463;1.923829436;0.1674975902;10.4279213;17.09212796;-0.1266017258;-0.2109010667;-0.3678933084;5
17.08623645;1.947757602;0.09571290761;10.52841949;17.09422979;-0.09850194305;-0.188909933;-0.3715584874;5
17.08833828;1.914258122;0.0765703246;10.61934662;17.09633161;-0.06918043643;-0.1754709035;-0.3752236962;5
17.0904401;1.875972986;0.05264209956;10.68634605;17.09843343;-0.04230238497;-0.162031889;-0.3764454126;5
17.09254192;1.813759565;0.0765703246;10.77727318;17.10053526;-0.01298087649;-0.1522580534;-0.3776671588;5
17.09464374;1.732403636;0.07178468257;10.8107729;17.10263708;0.0126754446;-0.1412624866;-0.3776671588;5
17.09674557;1.636690736;0.05742774159;10.79641533;17.1047389;0.0358883068;-0.1327103674;-0.3764454126;5
17.09884739;1.531406522;0.04785645381;10.7677021;17.10684078;0.05665770918;-0.1253799945;-0.37400195;5
17.10094921;1.430907965;0.05742774159;10.72941685;17.1089426;0.07498364896;-0.1290451884;-0.3715584874;5
17.10305104;1.325623751;0.09571290761;10.6480608;17.11104437;0.08720094711;-0.138819024;-0.3691150546;5
17.10515286;1.234696507;0.1435693651;10.5475626;17.11314624;0.09941824526;-0.1461493969;-0.3654498458;5
17.10725473;1.129412293;0.1627119333;10.46142101;17.11524807;0.1067486182;-0.158366695;-0.3617846668;5
17.10935656;1.081555843;0.2009970993;10.29870892;17.11734989;0.1128572673;-0.1718057245;-0.3581194878;5
17.11145833;1.033699393;0.2057827413;10.15035343;17.11945171;0.1140789986;-0.188909933;-0.3568977416;5
17.1135602;1.024128079;0.2009970993;10.02114105;17.12155354;0.1104138121;-0.2096793354;-0.3520108163;5
17.11566203;0.9619147182;0.1818545163;9.87757206;17.12365536;0.1055268943;-0.2304487377;-0.3507890999;5
17.11776385;0.9236295223;0.1627119333;9.796216011;17.12575723;0.09697478265;-0.2512181401;-0.3471239209;5
17.11986567;0.8757730722;0.1339980662;9.657432556;17.127859;0.08720094711;-0.2756527364;-0.3434587121;5
17.12196749;0.8327022791;0.1387837082;9.523433685;17.12996083;0.07498364896;-0.2988655865;-0.3434587121;5
17.12406932;0.8279166222;0.1627119333;9.399007797;17.1320627;0.06276635826;-0.3220784664;-0.3446804583;5
17.12617119;0.837487936;0.1770688742;9.312865257;17.13416453;0.05177079141;-0.3416261375;-0.3459021747;5
17.12827296;0.8757730722;0.1962114573;9.212367058;17.13626635;0.03711003438;-0.3562868834;-0.3495673835;5
17.13037479;0.9044869542;0.2344966233;9.169296265;17.13836817;0.02367101051;-0.3697259128;-0.3544542789;5
17.13247666;0.9714859724;0.2440679073;9.145368576;17.14046999;0.01023198478;-0.3770562708;-0.3593412042;5
17.13457848;1.03848505;0.2632105052;9.078369141;17.14257182;-0.001985310577;-0.378278017;-0.366671592;5
17.13668031;1.100698471;0.2775674164;9.068798065;17.14467364;-0.01420260593;-0.3770562708;-0.3715584874;5
17.13878213;1.158126116;0.2823530734;9.049654961;17.14677546;-0.02519817278;-0.3733910918;-0.3776671588;5
17.14088395;1.205982566;0.2871387303;9.035298347;17.14887729;-0.03375028074;-0.3672824502;-0.3849975169;5
17.14298578;1.244267821;0.2823530734;9.044869423;17.15097911;-0.03985892609;-0.3562868834;-0.3923279047;5
17.1450876;1.268195987;0.2536391914;9.087940216;17.15308093;-0.04841103405;-0.3452913165;-0.4008800089;5
17.14718942;1.301695466;0.2297109663;9.087940216;17.15518276;-0.05085449293;-0.3391826749;-0.4082103968;5
17.14929124;1.344766378;0.1914258152;9.145368576;17.15728463;-0.05207622424;-0.3306305707;-0.416762501;5
17.15139307;1.349551916;0.1627119333;9.183652878;17.15938645;-0.05329795182;-0.3220784664;-0.4277580678;5
17.15349489;1.383051515;0.1531406492;9.2362957;17.16148822;-0.04963276163;-0.3147480786;-0.4399753511;5
17.15559671;1.426122308;0.1052841991;9.30807972;17.16359005;-0.04718930274;-0.3074176908;-0.4509709179;5
17.15769859;1.445264935;0.0765703246;9.341579437;17.16569192;-0.04230238497;-0.3013090491;-0.4644099474;5
17.15980041;1.450050473;0.05264209956;9.379864693;17.16779374;-0.03863719851;-0.2952004075;-0.4741837978;5
17.16190218;1.430907965;0.05264209956;9.389435768;17.16989557;-0.03863719851;-0.2866483033;-0.4827359021;5
17.16400401;1.392622828;0.04307080805;9.389435768;17.17199739;-0.03863719851;-0.2768744528;-0.4912880063;5
17.16610588;1.316052437;0.05264209956;9.36550808;17.17409921;-0.03619373962;-0.2646571696;-0.4986183643;5
17.1682077;1.220339537;0.05742774159;9.298508644;17.17620104;-0.03985892609;-0.2536616027;-0.4998401105;5
17.17030953;1.115055323;0.06699903309;9.269794464;17.17830286;-0.04474584386;-0.2402225733;-0.5022835732;5
17.17241135;1.000199914;0.0765703246;9.212367058;17.18040473;-0.04841103405;-0.2267835438;-0.5010618567;5
17.17451317;0.890130043;0.08614161611;9.198010445;17.18250656;-0.05085449293;-0.2145662606;-0.4986183643;5
17.17661499;0.7704889178;0.1196411327;9.145368576;17.18460833;-0.05451968312;-0.2047924101;-0.4937314689;5
17.17871682;0.6652047038;0.1292124242;9.131011009;17.1867102;-0.05940660089;-0.1974620372;-0.4888445437;5
17.18081869;0.5886343718;0.1674975902;9.111868858;17.18881203;-0.06307178736;-0.1937968582;-0.4815141559;5
17.18292052;0.4833501875;0.1962114573;9.135796547;17.19091385;-0.06673697382;-0.1950185746;-0.4717403352;5
17.18502229;0.4067798555;0.2249253243;9.164510727;17.19301567;-0.07040216774;-0.1962403059;-0.463188231;5
17.18712416;0.3110669553;0.2440679073;9.174081802;17.19511749;-0.0740673542;-0.2060141414;-0.4534143806;5
17.18922598;0.2153540403;0.2823530734;9.164510727;17.19721932;-0.08017600328;-0.2206749022;-0.4448622763;5
17.19132781;0.1435693651;0.3014956415;9.174081802;17.19932114;-0.08750637621;-0.2365573794;-0.4350884259;5
17.19342963;0.1004985496;0.3349951804;9.164510727;17.20142296;-0.09239330143;-0.2487746775;-0.4265363216;5
17.19553145;0.07178468257;0.3445664644;9.135796547;17.20352479;-0.102167137;-0.2609919906;-0.4192059636;5
17.19763328;0.04307080805;0.3445664644;9.068798065;17.20562661;-0.1143844277;-0.2744309902;-0.4118755758;5
17.1997351;0.02871387079;0.3206382394;9.035298347;17.20772843;-0.1278234571;-0.2842048407;-0.4057669342;5
17.20183692;0.004785645287;0.3158525825;9.011369705;17.20983031;-0.142484203;-0.2903134823;-0.3996582925;5
17.20393874;0.009571290575;0.2967100143;8.963513374;17.21193213;-0.158366695;-0.2976438701;-0.3959930837;5
17.20604057;0.0143569354;0.2967100143;8.915657043;17.21403395;-0.1754709035;-0.3061959743;-0.3935496211;5
17.20814239;0.009571290575;0.2871387303;8.853444099;17.21613578;-0.1913533956;-0.312304616;-0.3911061883;5
17.21024426;0.05742774159;0.2871387303;8.834300995;17.2182376;-0.2096793354;-0.3171915412;-0.3923279047;5
17.21234609;0.1196411327;0.2727817893;8.786444664;17.22033942;-0.2267835438;-0.3233001828;-0.3923279047;5
17.21444791;0.1770688742;0.2440679073;8.757730484;17.22244124;-0.2426660359;-0.3306305707;-0.3935496211;5
17.21654973;0.2584248483;0.2297109663;8.781659126;17.22454307;-0.2573267817;-0.3355174661;-0.3947713673;5
17.21865156;0.2775674164;0.2105683982;8.858229637;17.22664489;-0.2683223486;-0.3416261375;-0.3972148299;5
17.22075338;0.2919243574;0.2057827413;8.949156761;17.22874671;-0.281761378;-0.3440696001;-0.4033234715;5
17.2228552;0.2919243574;0.1914258152;9.049654961;17.23084854;-0.2878700197;-0.3452913165;-0.4094321132;5
17.22495703;0.3206382394;0.1722832322;9.145368576;17.23295036;-0.2915352285;-0.3440696001;-0.416762501;5
17.22705885;0.3780659735;0.1292124242;9.279366493;17.23505218;-0.2903134823;-0.3440696001;-0.4253146052;5
17.22916067;0.4307080805;0.08614161611;9.427721024;17.23715406;-0.2878700197;-0.3489564955;-0.4350884259;5
17.23126249;0.5216353536;0.06221338734;9.57129097;17.23925588;-0.2805396616;-0.3477347791;-0.4473057389;5
17.23336432;0.5647061467;0.04785645381;9.7196455;17.2413577;-0.2744309902;-0.3391826749;-0.4607447684;5
17.23546614;0.6029912829;0.0;9.858428955;17.24345953;-0.262213707;-0.3355174661;-0.4741837978;5
17.23756802;0.6364908218;-0.05742774159;9.973284721;17.24556135;-0.2487746775;-0.3318522871;-0.4925097227;5
17.23966984;0.6364908218;-0.09092725813;10.01156998;17.24766317;-0.2377791107;-0.3306305707;-0.5083922148;5
17.24177166;0.6556333899;-0.1339980662;10.04506969;17.24976499;-0.2218966335;-0.3294088244;-0.5254964232;5
17.24387348;0.679561615;-0.1914258152;10.17906761;17.25186682;-0.2047924101;-0.3257436454;-0.5438223481;5
17.24597531;0.6843472719;-0.2344966233;10.24128056;17.25396864;-0.1913533956;-0.3184132576;-0.5609265566;5
17.24807713;0.6699903607;-0.2440679073;10.29392338;17.25607046;-0.1754709035;-0.3049742281;-0.5755873322;5
17.25017895;0.626919508;-0.2584248483;10.32742214;17.25817229;-0.165697068;-0.2915352285;-0.5902481079;5
17.25228078;0.5264210105;-0.2392822653;10.29392338;17.26027411;-0.1571449637;-0.278096199;-0.6012436748;5
17.2543826;0.3780659735;-0.2201396823;10.23649502;17.26237598;-0.1473711282;-0.2597702444;-0.6097957492;5
17.25648442;0.2105683982;-0.1722832322;10.19820976;17.26447781;-0.1412624866;-0.235335663;-0.6183478832;5
17.25858624;0.0382851623;-0.1052841991;10.20778179;17.26657963;-0.131488651;-0.2109010667;-0.620791316;5
17.26068807;-0.1004985496;-0.009571290575;10.18385315;17.26868145;-0.1253799945;-0.188909933;-0.620791316;5
17.26278994;-0.2344966233;0.1052841991;10.13121128;17.27078328;-0.115606159;-0.1766926348;-0.6183478832;5
17.26489176;-0.3972085714;0.2201396823;10.13599682;17.2728851;-0.1094975099;-0.165697068;-0.6110175252;5
17.26699359;-0.5694918036;0.3110669553;10.14556789;17.27498692;-0.1033888608;-0.1608101577;-0.6024653912;5
17.26909541;-0.760917604;0.3732803464;10.15035343;17.27708874;-0.09850194305;-0.1595884264;-0.5890263915;5
17.27119723;-0.9667003751;0.4211367965;10.12164021;17.27919057;-0.09605848789;-0.162031889;-0.5755873322;5
17.27329906;-1.153340459;0.4689932466;10.04985523;17.28129239;-0.09361502528;-0.1669187993;-0.5584831238;5
17.27540088;-1.344766378;0.5024927258;9.968499184;17.28339421;-0.09117157012;-0.1742491722;-0.5389354229;5
17.2775027;-1.488335729;0.5934200287;9.920642853;17.28549609;-0.09117157012;-0.1791360974;-0.5230529904;5
17.27960453;-1.627119422;0.6317051649;9.844072342;17.28759791;-0.09361502528;-0.18157956;-0.5022835732;5
17.28170635;-1.741974831;0.6556333899;9.772287369;17.28969973;-0.0972802192;-0.1828012913;-0.4815141559;5
17.28380817;-1.861616015;0.6939185858;9.681360245;17.29180156;-0.1033888608;-0.1852447391;-0.4607447684;5
17.28591005;-1.971685886;0.7178468108;9.628718376;17.29390338;-0.1094975099;-0.188909933;-0.4387536347;5
17.28801187;-2.086541414;0.760917604;9.556933403;17.2960052;-0.1180496216;-0.188909933;-0.4155407548;5
17.29011369;-2.158325911;0.8087740541;9.494720459;17.29810708;-0.1278234571;-0.1901316643;-0.3911061883;5
17.29221552;-2.258824587;0.866201818;9.451649666;17.30020885;-0.138819024;-0.1950185746;-0.3630063832;5
17.29431734;-2.364108801;0.9284151793;9.370293617;17.30231067;-0.1485928595;-0.2084576041;-0.3336848915;5
17.29641916;-2.507678032;0.9858429432;9.341579437;17.30441249;-0.158366695;-0.2218966335;-0.3043633699;5
17.29852104;-2.656033039;1.033699393;9.322437286;17.30651432;-0.1669187993;-0.239000842;-0.2750418782;5
17.30062281;-2.756531715;1.043270707;9.322437286;17.30861614;-0.1742491722;-0.2524398565;-0.2457203567;5
17.30272463;-2.804388046;1.019342422;9.327222824;17.31071802;-0.18157956;-0.2646571696;-0.2176205814;5
17.30482645;-2.81395936;0.9954141974;9.399007797;17.31281984;-0.1840230078;-0.2732092738;-0.1919642538;5
17.30692828;-2.785245657;0.9571290612;9.427721024;17.31492166;-0.1852447391;-0.2805396616;-0.1675296724;5
17.3090301;-2.723032236;0.9379864931;9.51386261;17.31702348;-0.1840230078;-0.2793179154;-0.1443168074;5
17.31113197;-2.670390129;0.9140582681;9.580862045;17.31912531;-0.18157956;-0.2695440948;-0.1211039424;5
17.3132338;-2.579462767;0.9284151793;9.662218094;17.32122713;-0.1779143661;-0.2561050653;-0.0978910774;5
17.31533562;-2.502892494;0.9475577474;9.686145782;17.32332895;-0.1730274558;-0.2475529462;-0.07834340632;5
17.31743744;-2.435893536;0.9667003751;9.738788605;17.32543078;-0.1632536054;-0.2402225733;-0.05757400393;5
17.31953926;-2.416750908;0.9667003751;9.911071777;17.3275326;-0.1510363221;-0.231670469;-0.03924806044;5
17.32164109;-2.368894339;0.9236295223;9.958928108;17.32963442;-0.138819024;-0.2255618125;-0.02214384824;5
17.32374291;-2.282752752;0.8470591903;10.08335495;17.33173624;-0.1253799945;-0.2182314396;-0.008704823442;5
17.32584473;-2.196611166;0.7465606928;10.20778179;17.33383812;-0.1107192412;-0.2170097083;0.004734201822;5
17.32794656;-2.105684042;0.6173482537;10.29392338;17.33593994;-0.09850194305;-0.2182314396;0.0108428495;5
17.33004838;-2.005185366;0.4929214716;10.3657074;17.33804176;-0.08506292105;-0.2194531709;0.0157297682;5
17.3321502;-1.8855443;0.3876372576;10.43270683;17.34014359;-0.06918043643;-0.2194531709;0.01450803876;5
17.33425208;-1.741974831;0.3110669553;10.49491978;17.34224541;-0.05329795182;-0.2206749022;0.008399390616;5
17.3363539;-1.584048629;0.2632105052;10.54277611;17.34434723;-0.03619373962;-0.2194531709;0.002290742937;5
17.33845572;-1.40697968;0.2344966233;10.60020447;17.34644906;-0.02153298259;-0.2145662606;-0.006261364091;5
17.34055755;-1.249053478;0.2153540403;10.69591713;17.34855088;-0.003207040019;-0.2109010667;-0.01847865991;5
17.34265937;-1.095912814;0.1531406492;10.71506023;17.3506527;0.01145371422;-0.2072358727;-0.0294742249;5
17.34476119;-0.9906286001;0.06221338734;10.70070267;17.35275453;0.02733619884;-0.2035706937;-0.04535670951;5
17.34686302;-0.8853443861;-0.05742774159;10.70070267;17.35485635;0.03833176568;-0.2011272311;-0.06001746282;5
17.34896484;-0.8183453679;-0.1674975902;10.65284634;17.35695817;0.04688387364;-0.1986837685;-0.08078686893;5
17.35106666;-0.760917604;-0.2823530734;10.63848972;17.35906005;0.05665770918;-0.1901316643;-0.1027780026;5
17.35316848;-0.6747759581;-0.3541377485;10.55713367;17.36116182;0.06643154472;-0.18157956;-0.1247691289;5
17.35527031;-0.5934200287;-0.4354937077;10.49013424;17.36326369;0.0725401938;-0.1730274558;-0.14676027;5
17.35737213;-0.5072783828;-0.4450650215;10.40399265;17.36536552;0.07987056673;-0.1681405306;-0.1675296724;5
17.35947401;-0.4115654826;-0.4354937077;10.34177971;17.36746734;0.0847574845;-0.165697068;-0.1870773435;5
17.36157578;-0.3254238665;-0.4067798555;10.28913784;17.36956916;0.08720094711;-0.1669187993;-0.2066250145;5
17.36367765;-0.2919243574;-0.4019941986;10.24606609;17.37167098;0.09086613357;-0.165697068;-0.2249509543;5
17.36577947;-0.3014956415;-0.4163511395;10.18385315;17.37377281;0.08964440972;-0.1669187993;-0.2432768941;5
17.3678813;-0.3349951804;-0.4211367965;10.15035343;17.37587468;0.08353576064;-0.1730274558;-0.2591593862;5
17.36998312;-0.4163511395;-0.4402793646;9.997213364;17.37797645;0.07987056673;-0.1779143661;-0.2725984156;5
17.37208494;-0.4642075896;-0.4594219327;9.872786522;17.38007828;0.06887500733;-0.1828012913;-0.2884808779;5
17.37418676;-0.5503492355;-0.4689932466;9.781859398;17.3821801;0.06032289565;-0.1913533956;-0.3019199073;5
17.37628864;-0.6173482537;-0.4833501875;9.686145782;17.38428197;0.04688387364;-0.1986837685;-0.3153589368;5
17.37839041;-0.6843472719;-0.4642075896;9.623932838;17.3863838;0.0358883068;-0.2084576041;-0.3275762498;5
17.38049223;-0.708275497;-0.4115654826;9.556933403;17.38848562;0.02489273995;-0.2145662606;-0.3397935331;5
17.38259406;-0.7513462901;-0.3397808075;9.499505997;17.39058744;0.007788525894;-0.2182314396;-0.3495673835;5
17.38469593;-0.7992027402;-0.2871387303;9.418149948;17.39268926;-0.004428769462;-0.2194531709;-0.3617846668;5
17.38679776;-0.8327022791;-0.2632105052;9.36550808;17.39479109;-0.0190895237;-0.2231183648;-0.3727802336;5
17.38889958;-0.8805587292;-0.2488535494;9.298508644;17.39689291;-0.03497200832;-0.2255618125;-0.3825540543;5
17.3910014;-0.8997012973;-0.2440679073;9.260223389;17.39899473;-0.04841103405;-0.2218966335;-0.3935496211;5
17.39310322;-0.9523434043;-0.2392822653;9.217152596;17.40109656;-0.06185005978;-0.215787977;-0.4021017551;5
17.39520505;-1.004985452;-0.2679961324;9.174081802;17.40319838;-0.07528908551;-0.2084576041;-0.4094321132;5
17.39730687;-1.071984529;-0.2488535494;9.140582085;17.40530026;-0.08872810751;-0.1999054998;-0.4143190384;5
17.39940869;-1.129412293;-0.2392822653;9.126225471;17.40740208;-0.1009454057;-0.1876882017;-0.416762501;5
17.40151052;-1.196411371;-0.2297109663;9.121439934;17.4095039;-0.1119409725;-0.1730274558;-0.4179842174;5
17.40361234;-1.26341033;-0.2153540403;9.135796547;17.41160572;-0.1204930767;-0.1595884264;-0.4179842174;5
17.40571421;-1.35912323;-0.1866401732;9.169296265;17.41370755;-0.1278234571;-0.142484203;-0.416762501;5
17.40781604;-1.440479279;-0.1627119333;9.231510162;17.41580937;-0.1351538301;-0.1278234571;-0.4143190384;5
17.40991786;-1.564906001;-0.1387837082;9.303294182;17.41791119;-0.1400407553;-0.115606159;-0.4143190384;5
17.41201968;-1.674975872;-0.1196411327;9.351150513;17.42001302;-0.142484203;-0.1058323234;-0.4106538594;5
17.4141215;-1.761117458;-0.09571290761;9.418149948;17.42211484;-0.1449276656;-0.09361502528;-0.404545188;5
17.41622333;-1.861616015;-0.06221338734;9.518648148;17.42421666;-0.1449276656;-0.07895427197;-0.4008800089;5
17.41832515;-1.966900229;-0.0382851623;9.600004196;17.42631848;-0.1437059343;-0.06795870513;-0.3935496211;5
17.42042697;-2.086541414;-0.03349951655;9.700503349;17.42842036;-0.1437059343;-0.05085449293;-0.3874409795;5
17.4225288;-2.148754835;-0.02871387079;9.791430473;17.43052213;-0.1437059343;-0.0374154672;-0.3801106215;5
17.42463062;-2.254039049;-0.05264209956;9.863214493;17.432624;-0.1400407553;-0.02397644334;-0.37400195;5
17.42673244;-2.373680115;-0.04307080805;9.992427826;17.43472583;-0.1351538301;-0.01175914705;-0.3678933084;5
17.42883432;-2.474178553;-0.08614161611;10.08814049;17.43682765;-0.1327103674;-0.008093958721;-0.3605629504;5
17.43093609;-2.579462767;-0.09571290761;10.2029953;17.43892947;-0.1253799945;-0.006872228812;-0.3520108163;5
17.43303796;-2.656033039;-0.1100698411;10.3226366;17.4410313;-0.1143844277;-0.008093958721;-0.3459021747;5
17.43513979;-2.723032236;-0.1004985496;10.43270683;17.44313312;-0.1033888608;-0.01298087649;-0.3410152495;5
17.43724161;-2.809173822;-0.1004985496;10.50449181;17.44523494;-0.08750637621;-0.01786779426;-0.3361283541;5
17.43934343;-2.885744095;-0.1052841991;10.61934662;17.44733677;-0.07040216774;-0.02397644334;-0.3287979662;5
17.44144526;-2.952743053;-0.08614161611;10.71506023;17.44943864;-0.0557414107;-0.03375028074;-0.320245862;5
17.44354708;-3.014956474;-0.05742774159;10.79162979;17.45154046;-0.0374154672;-0.04352411628;-0.3116937578;5
17.4456489;-3.091526747;-0.009571290575;10.85384369;17.45364223;-0.0190895237;-0.05329795182;-0.3043633699;5
17.44775072;-3.158525944;0.0382851623;10.88734341;17.45574411;-0.0007635809598;-0.06062832847;-0.2945895493;5
17.4498526;-3.220739365;0.05742774159;10.9112711;17.45784593;0.01878409274;-0.06673697382;-0.2860374451;5
17.45195442;-3.268595695;0.07178468257;10.90648556;17.45994776;0.03344484791;-0.06918043643;-0.2787070572;5
17.45405619;-3.316452265;0.09092725813;10.87298584;17.46204958;0.04688387364;-0.07651081681;-0.2725984156;5
17.45615807;-3.345165968;0.08135596663;10.8107729;17.4641514;0.05910116807;-0.08384118974;-0.2640463114;5
17.45825989;-3.359523058;0.08614161611;10.74377346;17.46625322;0.07131846249;-0.08506292105;-0.2591593862;5
17.46036171;-3.369094372;0.08614161611;10.65284634;17.46835505;0.07987056673;-0.08750637621;-0.2542724609;5
17.46246354;-3.364308596;0.06221338734;10.52841949;17.47045687;0.08720094711;-0.08872810751;-0.2506072819;5
17.46456536;-3.345165968;0.06221338734;10.42313576;17.47255869;0.09330959618;-0.09239330143;-0.2444986254;5
17.46666718;-3.335594654;0.09092725813;10.33220863;17.47466057;0.09941824526;-0.09850194305;-0.2383899838;5
17.46876901;-3.349951744;0.1387837082;10.23649502;17.47676239;0.1018617004;-0.1033888608;-0.2310595959;5
17.47087083;-3.354737282;0.2201396823;10.14556789;17.47886421;0.1067486182;-0.1094975099;-0.2225074917;5
17.47297265;-3.378665686;0.2871387303;10.06899738;17.48096604;0.1079703495;-0.1180496216;-0.2127336562;5
17.47507453;-3.397808075;0.3445664644;9.997213364;17.48306786;0.1091920808;-0.1266017258;-0.2017380893;5
17.47717635;-3.464807272;0.3828516304;9.882357597;17.48516968;0.1079703495;-0.1327103674;-0.1907425225;5
17.47927817;-3.493520975;0.4211367965;9.796216011;17.48727151;0.1067486182;-0.138819024;-0.1797469556;5
17.48137999;-3.507878065;0.4689932466;9.729216576;17.48937333;0.104305163;-0.1461493969;-0.1663079411;5
17.48348182;-3.507878065;0.4881358147;9.628718376;17.49147515;0.09697478265;-0.1498145908;-0.1528689116;5
17.48558364;-3.479164124;0.5264210105;9.518648148;17.49357697;0.09208786488;-0.1534797698;-0.1418733448;5
17.48768546;-3.460021496;0.5407779217;9.427721024;17.4956788;0.08720094711;-0.1534797698;-0.1296560466;5
17.48978729;-3.43609333;0.5312066078;9.327222824;17.49778062;0.08231402934;-0.1510363221;-0.1174387559;5
17.49188911;-3.388236761;0.5503492355;9.260223389;17.49988249;0.07620538026;-0.1485928595;-0.1064431891;5
17.49399093;-3.34038043;0.5742774606;9.202795982;17.50198432;0.06765327603;-0.1461493969;-0.09422589093;5
17.49609276;-3.292523861;0.6173482537;9.154939651;17.50408614;0.06154462695;-0.1363755614;-0.08200860023;5
17.49819458;-3.24466753;0.6987041831;9.121439934;17.50618796;0.05177079141;-0.1266017258;-0.06856957078;5
17.50029645;-3.187239647;0.7274180651;9.064012527;17.50828979;0.04444041103;-0.121714808;-0.05635227636;5
17.50239828;-3.163311481;0.7417750359;9.00179863;17.51039161;0.0358883068;-0.1168278903;-0.04535670951;5
17.5045001;-3.134597778;0.7274180651;8.982656479;17.51249343;0.02977965772;-0.1119409725;-0.03558287397;5
17.50660192;-3.062813044;0.6747759581;8.968298912;17.51459526;0.02367101051;-0.1046105921;-0.02703076601;5
17.50870374;-2.962314367;0.6221339107;9.020941734;17.51669708;0.0175623633;-0.09117157012;-0.01847865991;5
17.51080557;-2.866601467;0.5886343718;9.03051281;17.51879895;0.009010255337;-0.07651081681;-0.01114828233;5
17.51290739;-2.799602509;0.5647061467;9.035298347;17.52090078;0.002901607659;-0.06062832847;-0.003817904973;5
17.51500921;-2.756531715;0.5503492355;9.011369705;17.5230026;-0.00565049937;-0.04474584386;0.001069013379;5
17.51711104;-2.699103832;0.5312066078;8.982656479;17.52510442;-0.01420260593;-0.03252854943;0.004734201822;5
17.51921291;-2.646461725;0.4833501875;8.968298912;17.52720624;-0.02153298259;-0.01786779426;0.00351247238;5
17.52131473;-2.555534601;0.4354937077;9.00179863;17.52930807;-0.02641990222;-0.004428769462;0.002290742937;5
17.52341656;-2.455035925;0.3972085714;9.064012527;17.53140989;-0.02886336111;0.009010255337;0.001069013379;5
17.52551838;-2.354537487;0.3924229145;9.135796547;17.53351171;-0.03130681813;0.02000582218;-0.002596175298;5
17.5276202;-2.258824587;0.3876372576;9.164510727;17.53561359;-0.03375028074;0.02855792828;-0.003817904973;5
17.52972203;-2.225325108;0.3828516304;9.221938133;17.53771536;-0.03375028074;0.0358883068;-0.007483093534;5
17.53182385;-2.20618248;0.3589234054;9.293723106;17.53981718;-0.03252854943;0.05054906011;-0.007483093534;5
17.53392567;-2.201396942;0.2823530734;9.437292099;17.54191906;-0.03252854943;0.0725401938;-0.007483093534;5
17.53602755;-2.191825628;0.2440679073;9.552147865;17.54402088;-0.02641990222;0.09575305134;-0.005039634649;5
17.53812932;-2.249253273;0.2392822653;9.614361763;17.5461227;-0.02153298259;0.1201876476;-0.0001527161949;5
17.54023114;-2.321038008;0.2488535494;9.705288887;17.54822453;-0.01542433538;0.134848401;0.007177661173;5
17.54233302;-2.407179594;0.2823530734;9.801001549;17.55032635;-0.008093958721;0.1458439678;0.01450803876;5
17.54443484;-2.49332118;0.3158525825;9.934999466;17.55242817;0.002901607659;0.1556178033;0.02183841541;5
17.54653666;-2.574677229;0.3206382394;10.06421185;17.55452999;0.01511890348;0.1592829973;0.02916879393;5
17.54863848;-2.612962246;0.2967100143;10.164711;17.55663182;0.02977965772;0.1592829973;0.03772090003;5
17.55074031;-2.656033039;0.2584248483;10.26999474;17.55873369;0.04810560122;0.1568395346;0.0438295491;5
17.55284213;-2.694318295;0.2153540403;10.38006496;17.56083546;0.06643154472;0.1531743407;0.04993819445;5
17.55494395;-2.723032236;0.1866401732;10.51406288;17.56293734;0.0859792158;0.1446222365;0.05849030241;5
17.55704578;-2.746960402;0.2105683982;10.58106136;17.56503916;0.1079703495;0.127518028;0.06704241037;5
17.55914765;-2.761317253;0.2009970993;10.60977554;17.56714098;0.1287397593;0.1189659163;0.07925970852;5
17.56124942;-2.770888567;0.1866401732;10.71984577;17.56924281;0.1507308781;0.1140789986;0.09147699922;5
17.5633513;-2.790031195;0.1674975902;10.77248764;17.57134463;0.1690568328;0.1140789986;0.1073594838;5
17.56545312;-2.81395936;0.1914258152;10.78205872;17.57344645;0.1886045039;0.1214093715;0.1232419685;5
17.56755494;-2.866601467;0.2201396823;10.76291656;17.57554828;0.2081521749;0.1299614757;0.1391244531;5
17.56965676;-2.928814888;0.2440679073;10.70070267;17.57765015;0.2264781147;0.1385135949;0.1537852138;5
17.57175859;-2.914458036;0.2632105052;10.65763187;17.57975192;0.2472475171;0.1458439678;0.1708894223;5
17.57386041;-2.852244616;0.2967100143;10.6480608;17.5818538;0.2643517256;0.1507308781;0.1855501831;5
17.57596223;-2.770888567;0.3397808075;10.64327526;17.58395562;0.2826776803;0.1556178033;0.1965457499;5
17.57806411;-2.670390129;0.3637090325;10.65763187;17.58605744;0.3034470677;0.1531743407;0.2050978541;5
17.58016588;-2.560320139;0.3637090325;10.61934662;17.58815926;0.3181078434;0.1458439678;0.2124282271;5
17.58226776;-2.445464849;0.3780659735;10.53799057;17.59026109;0.3352120519;0.1434005052;0.216093421;5
17.58436958;-2.335394859;0.3445664644;10.47577763;17.59236291;0.3486510813;0.1446222365;0.2209803313;5
17.5864714;-2.225325108;0.3302095234;10.46620655;17.59446473;0.3608683646;0.1507308781;0.2246455252;5
17.58857322;-2.100898266;0.3302095234;10.35613632;17.59656661;0.3669770062;0.1580612659;0.2295324355;5
17.59067505;-2.048256159;0.3684946895;10.20778179;17.59866838;0.3718639314;0.1629481763;0.2356410921;5
17.59277687;-2.005185366;0.4211367965;10.03549862;17.6007702;0.3718639314;0.1739437431;0.2405280024;5
17.59487869;-1.986042738;0.4402793646;9.853643417;17.60287208;0.3694204688;0.1886045039;0.2466366589;5
17.59698057;-1.942971945;0.4546363056;9.700503349;17.6049739;0.3657552898;0.1983783394;0.2503018379;5
17.59908234;-1.919043779;0.4546363056;9.566504478;17.60707572;0.3572031856;0.2203694731;0.2564104795;5
17.60118416;-1.890329838;0.4402793646;9.394221306;17.60917755;0.3498727977;0.2362519503;0.2600756884;5
17.60328604;-1.828116536;0.4354937077;9.265008926;17.61127937;0.3400989771;0.2545779049;0.2649625838;5
17.60538786;-1.794616938;0.4402793646;9.126225471;17.61338119;0.327881664;0.274125576;0.269849509;5
17.60748968;-1.765903115;0.4498506486;9.068798065;17.61548302;0.3156643808;0.2936732471;0.2722929716;5
17.6095915;-1.713261008;0.4833501875;8.982656479;17.61758489;0.3046688139;0.3095557392;0.2747364342;5
17.61169333;-1.665404558;0.5168496966;8.891729355;17.61968666;0.2912297845;0.3229947388;0.2771798968;5
17.61379515;-1.603191137;0.5312066078;8.839086533;17.62178854;0.2790125012;0.3376555145;0.2771798968;5
17.61589697;-1.521835208;0.5599204898;8.810373306;17.62389036;0.2655734718;0.3462076187;0.2747364342;5
17.61799885;-1.450050473;0.5694918036;8.815158844;17.62599218;0.2521344423;0.3535379767;0.269849509;5
17.62010062;-1.378265858;0.5790630579;8.796015739;17.628094;0.2362519503;0.3572031856;0.2649625838;5
17.62220249;-1.306481123;0.5551348329;8.752944946;17.63019583;0.2240346521;0.3498727977;0.2576322258;5
17.62430432;-1.253839016;0.5264210105;8.709874153;17.63229765;0.2105956376;0.3474293351;0.2515235841;5
17.62640614;-1.201196909;0.4833501875;8.681160927;17.63439953;0.1971566081;0.3474293351;0.2454149276;5
17.62850796;-1.115055323;0.4307080805;8.714659691;17.63650135;0.1837175786;0.3523162603;0.2393062711;5
17.63060979;-1.076770186;0.4115654826;8.714659691;17.63860317;0.1715002805;0.3620901108;0.2380845547;5
17.63271161;-1.048056364;0.4067798555;8.705088615;17.64070499;0.1568395346;0.3681987524;0.2393062711;5
17.63481348;-1.071984529;0.4259224236;8.657232285;17.64280682;0.1409570426;0.3669770062;0.2405280024;5
17.63691531;-1.13419795;0.4737788737;8.614161491;17.64490864;0.1226311028;0.374307394;0.2417497337;5
17.63901713;-1.162911773;0.4833501875;8.585447311;17.64701046;0.1067486182;0.3816377819;0.242971465;5
17.64111895;-1.201196909;0.4929214716;8.556734085;17.64911229;0.09208786488;0.3926333487;0.2417497337;5
17.64322078;-1.191625714;0.4642075896;8.537590981;17.65121416;0.08231402934;0.4036289155;0.2454149276;5
17.6453226;-1.148554921;0.4546363056;8.551948547;17.65331593;0.07498364896;0.4146244824;0.2454149276;5
17.64742442;-1.148554921;0.5072783828;8.642875671;17.65541776;0.06398808211;0.4170679152;0.2478583902;5
17.64952624;-1.148554921;0.5694918036;8.738588333;17.65751963;0.05910116807;0.4109592736;0.2490801066;5
17.65162812;-1.129412293;0.6317051649;8.786444664;17.6596214;0.05665770918;0.4146244824;0.2503018379;5
17.65372989;-1.100698471;0.6699903607;8.925228119;17.66172328;0.0542142503;0.4158461988;0.2539670467;5
17.65583171;-1.052842021;0.6699903607;9.078369141;17.6638251;0.0542142503;0.4195113778;0.2600756884;5
17.65793359;-1.076770186;0.6604190469;9.154939651;17.66592692;0.0542142503;0.4219548404;0.2710712552;5
17.66003536;-1.162911773;0.6843472719;9.193224907;17.66802874;0.05299251899;0.4195113778;0.2857320011;5
17.66213723;-1.26341033;0.708275497;9.241081238;17.67013057;0.0542142503;0.4146244824;0.3003927469;5
17.66423906;-1.373480201;0.7465606928;9.3367939;17.67223239;0.05177079141;0.4109592736;0.3174969554;5
17.66634088;-1.459621787;0.760917604;9.399007797;17.67433421;0.05054906011;0.4060723484;0.3370446563;5
17.6684427;-1.526620865;0.7513462901;9.499505997;17.67643609;0.05054906011;0.4060723484;0.3553705812;5
17.67054453;-1.574477315;0.7226324677;9.600004196;17.67853791;0.0542142503;0.4060723484;0.3724747896;5
17.67264635;-1.603191137;0.6604190469;9.667003632;17.68063973;0.06398808211;0.3975202441;0.3871355653;5
17.67474817;-1.627119422;0.5934200287;9.84885788;17.68274156;0.07620538026;0.3840812445;0.3993528485;5
17.67685005;-1.64626193;0.5168496966;10.02114105;17.68484338;0.09330959618;0.3730856776;0.4103484154;5
17.67895187;-1.584048629;0.4737788737;10.19820976;17.6869452;0.111635536;0.3608683646;0.416457057;5
17.68105369;-1.478764415;0.4594219327;10.4279213;17.68904703;0.1360701323;0.3523162603;0.4237874448;5
17.68315552;-1.378265858;0.4546363056;10.57627583;17.69114885;0.1580612659;0.3400989771;0.4298960865;5
17.68525734;-1.31126678;0.4402793646;10.66241741;17.69325067;0.1837175786;0.3266599476;0.4347830117;5
17.68735916;-1.258624673;0.4450650215;10.73898792;17.69535255;0.2081521749;0.311999172;0.4408916533;5
17.68946098;-1.205982566;0.4307080805;10.76291656;17.69745437;0.2313650399;0.2948949635;0.4470002949;5
17.69156281;-1.143769264;0.3780659735;10.79641533;17.69955619;0.2545779049;0.2826776803;0.4506655037;5
17.69366463;-1.067198873;0.3493520916;10.78205872;17.70165802;0.2716821134;0.281455934;0.4543306828;5
17.6957665;-0.9762716293;0.3302095234;10.71027374;17.70375984;0.2875646055;0.2838993967;0.4604393244;5
17.69786833;-0.9044869542;0.2967100143;10.57627583;17.70586166;0.2985601723;0.2985601723;0.462882787;5
17.69997015;-0.8470591903;0.2919243574;10.44227791;17.70796348;0.3058905303;0.311999172;0.4689914286;5
17.70207197;-0.8039883971;0.2919243574;10.30349445;17.71006531;0.3095557392;0.3193295598;0.4689914286;5
17.7041738;-0.7657032609;0.3206382394;10.09292603;17.71216713;0.311999172;0.3303251266;0.4689914286;5
17.70627562;-0.7226324677;0.3302095234;9.95414257;17.71426895;0.3144426346;0.3523162603;0.466547966;5
17.70837744;-0.5934200287;0.3302095234;9.920642853;17.71637083;0.3132209182;0.3755291104;0.4641045034;5
17.71047926;-0.4737788737;0.3493520916;9.829715729;17.71847265;0.3071122766;0.3975202441;0.4616610706;5
17.71258109;-0.3732803464;0.3972085714;9.700503349;17.72057447;0.3022253513;0.4219548404;0.4616610706;5
17.71468291;-0.3014956415;0.4498506486;9.57129097;17.7226763;0.2948949635;0.4439459741;0.4641045034;5
17.71678479;-0.3062812984;0.5264210105;9.446864128;17.72477812;0.2875646055;0.4634936452;0.4689914286;5
17.71888661;-0.3206382394;0.5838487148;9.3367939;17.72687994;0.2790125012;0.4805978537;0.4738783538;5
17.72098843;-0.3445664644;0.6125625968;9.312865257;17.72898176;0.2680169344;0.5013672709;0.4787652791;5
17.72309026;-0.3828516304;0.6029912829;9.2362957;17.73108359;0.258243084;0.5221366882;0.4836521745;5
17.72519208;-0.4211367965;0.5742774606;9.193224907;17.73318541;0.2509126961;0.5294670463;0.4848739207;5
17.7272939;-0.4450650215;0.5359922647;9.183652878;17.73528723;0.2448040545;0.5355756879;0.4885390997;5
17.72939572;-0.4594219327;0.4881358147;9.198010445;17.73738911;0.2435823381;0.5465712547;0.4885390997;5
17.73149755;-0.4163511395;0.4929214716;9.332008362;17.73949093;0.2386954129;0.5661189556;0.4909825623;5
17.73359937;-0.3541377485;0.5455635786;9.427721024;17.74159276;0.2374736816;0.5868883133;0.4946477413;5
17.73570119;-0.3062812984;0.5838487148;9.403793335;17.74369458;0.2325867712;0.6027708054;0.5007563829;5
17.73780307;-0.2967100143;0.626919508;9.375079155;17.7457964;0.2252563834;0.617431581;0.5068650246;5
17.73990489;-0.3254238665;0.6652047038;9.341579437;17.74789828;0.2203694731;0.6320923567;0.5141954422;5
17.74200671;-0.3732803464;0.70348984;9.30807972;17.75000005;0.2118173689;0.6406444311;0.5203040838;5
17.74410854;-0.4019941986;0.70348984;9.322437286;17.75210192;0.204486981;0.6577486396;0.5264127254;5
17.74621036;-0.4115654826;0.6652047038;9.317651749;17.75420374;0.1983783394;0.66752249;0.5337430835;5
17.74831223;-0.4115654826;0.6125625968;9.322437286;17.75630557;0.1898262352;0.6650790572;0.5398517251;5
17.750414;-0.4163511395;0.5503492355;9.303294182;17.75840739;0.18493931;0.658970356;0.5422952175;5
17.75251588;-0.4211367965;0.4929214716;9.322437286;17.76050921;0.1824958473;0.6565269232;0.5447386503;5
17.7546177;-0.3732803464;0.4067798555;9.470791817;17.76261104;0.181274116;0.6504182816;0.5471821427;5
17.75671953;-0.3110669553;0.3876372576;9.604789734;17.76471286;0.181274116;0.6430879235;0.5484038591;5
17.75882135;-0.2679961324;0.3780659735;9.671789169;17.76681468;0.1837175786;0.6320923567;0.5508472919;5
17.76092317;-0.2488535494;0.3780659735;9.74835968;17.76891656;0.1886045039;0.6186532974;0.552069068;5
17.76302499;-0.2536391914;0.3732803464;9.753145218;17.77101838;0.1910479665;0.601549089;0.552069068;5
17.76512682;-0.2153540403;0.3780659735;9.801001549;17.7731202;0.1983783394;0.5844448805;0.552069068;5
17.76722864;-0.1722832322;0.3684946895;9.863214493;17.77522203;0.2057087123;0.5636754632;0.5508472919;5
17.76933052;-0.1292124242;0.3397808075;9.863214493;17.77732385;0.2142608166;0.5526798964;0.5471821427;5
17.77143234;-0.05742774159;0.2584248483;9.930213928;17.77942567;0.2228129357;0.5319104791;0.5435169339;5
17.77353416;0.0143569354;0.2153540403;9.978070259;17.78152755;0.2338084877;0.5050324798;0.5361865759;5
17.77563598;0.08135596663;0.2105683982;9.982855797;17.78362932;0.2435823381;0.4732674956;0.5300779343;5
17.77773781;0.1387837082;0.2297109663;9.968499184;17.78573119;0.2545779049;0.4463894367;0.5239692926;5
17.77983963;0.2488535494;0.2440679073;10.01635551;17.78783302;0.261908263;0.424398303;0.5190823674;5
17.78194151;0.3637090325;0.2775674164;10.03549862;17.78993484;0.2692386508;0.404850632;0.516638875;5
17.78404328;0.4211367965;0.2775674164;9.958928108;17.79203666;0.2704603672;0.3853029609;0.5129737258;5
17.78614515;0.4402793646;0.2775674164;9.87757206;17.79413848;0.2704603672;0.3657552898;0.5129737258;5
17.78824697;0.4211367965;0.2967100143;9.767501831;17.79624031;0.2716821134;0.3486510813;0.5129737258;5
17.7903488;0.4211367965;0.3206382394;9.652647018;17.79834213;0.2692386508;0.3315468729;0.5117519498;5
17.79245062;0.4594219327;0.3445664644;9.537791252;17.80044395;0.2667951882;0.3132209182;0.509308517;5
17.79455244;0.5072783828;0.3349951804;9.389435768;17.80254578;0.261908263;0.2924515009;0.5068650246;5
17.79665426;0.5934200287;0.3397808075;9.317651749;17.8046476;0.258243084;0.274125576;0.5056433082;5
17.79875609;0.6891329288;0.3637090325;9.279366493;17.80674942;0.2484692484;0.2606865466;0.5056433082;5
17.80085791;0.7896314859;0.4163511395;9.150154114;17.80885124;0.2386954129;0.2448040545;0.5080868006;5
17.80295973;0.8422735929;0.4737788737;9.064012527;17.81095312;0.2264781147;0.235030219;0.5117519498;5
17.80506156;0.8997012973;0.5407779217;8.968298912;17.81305494;0.2105956376;0.2325867712;0.5154171586;5
17.80716338;0.9188438654;0.5742774606;8.84387207;17.81515676;0.1947131455;0.227699846;0.5203040838;5
17.8092652;0.94277215;0.6125625968;8.671588898;17.81725859;0.1739437431;0.2252563834;0.5239692926;5
17.81136708;0.9714859724;0.5934200287;8.528019905;17.81936041;0.1531743407;0.2264781147;0.5276344419;5
17.8134689;1.043270707;0.5838487148;8.432307243;17.82146223;0.1336266696;0.227699846;0.5300779343;5
17.81557072;1.13419795;0.6125625968;8.33180809;17.82356406;0.111635536;0.2301433086;0.5337430835;5
17.81767255;1.253839016;0.650847733;8.255238533;17.82566588;0.08964440972;0.2374736816;0.5361865759;5
17.81977437;1.368694544;0.7178468108;8.164310455;17.82776776;0.06276635826;0.2521344423;0.5386300087;5
17.82187619;1.459621787;0.7752745152;8.102097511;17.82986958;0.03833176568;0.2680169344;0.5447386503;5
17.82397802;1.517049551;0.8039883971;8.001599312;17.8319714;0.01145371422;0.2851211429;0.5508472919;5
17.82607984;1.55054903;0.8183453679;7.953742504;17.83407322;-0.01542433538;0.3022253513;0.5569559336;5
17.82818171;1.579262972;0.8327022791;7.910671711;17.83617505;-0.04474584386;0.3181078434;0.5630646348;5
17.83028354;1.631905079;0.8231309652;7.891529083;17.83827687;-0.07162389904;0.3303251266;0.5655080676;5
17.83238536;1.684547186;0.8039883971;7.858029366;17.84037869;-0.09361502528;0.3388772309;0.566729784;5
17.83448718;1.765903115;0.7465606928;7.896314621;17.84248057;-0.1143844277;0.3510945439;0.5655080676;5
17.836589;1.856830359;0.6843472719;7.958528042;17.84458234;-0.1351538301;0.3645335436;0.5606211424;5
17.83869083;1.947757602;0.6556333899;8.059026718;17.84668421;-0.1522580534;0.3730856776;0.5557342172;5
17.84079265;2.057827473;0.6412764788;8.121239662;17.84878604;-0.1693622619;0.3767508566;0.5496255755;5
17.84289453;2.143969059;0.6556333899;8.226524353;17.85088786;-0.1840230078;0.3816377819;0.5447386503;5
17.8449963;2.191825628;0.650847733;8.303094864;17.85298968;-0.1962403059;0.3877464235;0.5374082923;5
17.84709817;2.244467735;0.6460621357;8.384450912;17.8550915;-0.2096793354;0.3889681399;0.5300779343;5
17.84919999;2.282752752;0.5982056856;8.446663857;17.85719333;-0.2206749022;0.3804160357;0.5215258002;5
17.85130182;2.287538528;0.5551348329;8.504091263;17.85929515;-0.2292270064;0.3681987524;0.5105302334;5
17.85340364;2.297109842;0.4450650215;8.532805443;17.86139703;-0.239000842;0.3633118272;0.4983129501;5
17.85550546;2.373680115;0.3445664644;8.609375954;17.86349885;-0.2463312149;0.3694204688;0.4848739207;5
17.85760729;2.49332118;0.2632105052;8.66680336;17.86560067;-0.2524398565;0.3669770062;0.4726566374;5
17.85970911;2.593819857;0.2153540403;8.66680336;17.86770249;-0.2634354234;0.3657552898;0.4604393244;5
17.86181098;2.656033039;0.1914258152;8.705088615;17.86980432;-0.2707658112;0.3596466482;0.4506655037;5
17.86391281;2.679961443;0.2249253243;8.776873589;17.87190614;-0.2793179154;0.3633118272;0.4408916533;5
17.86601463;2.703889608;0.2919243574;8.791230202;17.87400796;-0.2854265571;0.3633118272;0.4323395491;5
17.86811645;2.727817774;0.3828516304;8.824729919;17.87610979;-0.2927569449;0.3669770062;0.4237874448;5
17.87021828;2.699103832;0.4450650215;8.839086533;17.87821166;-0.2976438701;0.370642215;0.4176788032;5
17.8723201;2.723032236;0.4498506486;8.939585686;17.88031343;-0.3037525117;0.377972573;0.409126699;5
17.87442192;2.770888567;0.4450650215;9.020941734;17.88241531;-0.3098611534;0.3865246773;0.4054614902;5
17.87652374;2.790031195;0.4307080805;9.102297783;17.88451713;-0.315969795;0.3938550651;0.4042397738;5
17.87862562;2.790031195;0.3828516304;9.097511292;17.88661895;-0.3208567202;0.3950767815;0.4005745649;5
17.88072739;2.727817774;0.3349951804;9.226723671;17.88872078;-0.3208567202;0.3975202441;0.3981311321;5
17.88282926;2.684746981;0.2967100143;9.41336441;17.8908226;-0.3171915412;0.3975202441;0.3956876695;5
17.88493109;2.656033039;0.3254238665;9.528220177;17.89292442;-0.3098611534;0.3975202441;0.3932442069;5
17.88703291;2.660818815;0.3780659735;9.681360245;17.89502624;-0.3013090491;0.3987419903;0.3859138191;5
17.88913473;2.703889608;0.4259224236;9.844072342;17.89712812;-0.2866483033;0.4024071693;0.3798051775;5
17.89123656;2.737389088;0.4450650215;10.02114105;17.89922994;-0.2719875574;0.3950767815;0.3712530732;5
17.89333838;2.780459881;0.4259224236;10.18385315;17.90133177;-0.2548833191;0.3816377819;0.3614792228;5
17.8954402;2.823530674;0.3972085714;10.26999474;17.90343359;-0.235335663;0.370642215;0.3480401933;5
17.89754208;2.861815929;0.3206382394;10.45663452;17.90553541;-0.2109010667;0.3681987524;0.3358229101;5
17.8996439;2.94317174;0.2344966233;10.60977554;17.90763723;-0.1876882017;0.3669770062;0.3223838806;5
17.90174572;2.991028309;0.1004985496;10.67198944;17.90973906;-0.1681405306;0.370642215;0.3089448512;5
17.90384755;3.00538516;0.0;10.72463131;17.91184088;-0.1461493969;0.374307394;0.2942841053;5
17.90594937;3.00538516;-0.0382851623;10.78205872;17.9139427;-0.1229365394;0.3791943192;0.2820668221;5
17.90805119;3.000599623;-0.01914258115;10.81555843;17.91604458;-0.1046105921;0.3914116025;0.2710712552;5
17.91015302;2.995813847;0.009571290575;10.8107729;17.9181464;-0.08872810751;0.3999637067;0.2600756884;5
17.91225484;2.971885681;0.0143569354;10.80598736;17.92024822;-0.07162389904;0.3999637067;0.2490801066;5
17.91435666;2.914458036;0.0;10.8107729;17.92235005;-0.05329795182;0.4011854529;0.2356410921;5
17.91645854;2.852244616;-0.06699903309;10.72941685;17.92445187;-0.03497200832;0.4011854529;0.2209803313;5
17.91856036;2.880958557;-0.1627119333;10.8682003;17.92655369;-0.01420260593;0.404850632;0.2050978541;5
17.92066218;2.933600664;-0.1914258152;10.93519974;17.92865552;0.002901607659;0.4072940946;0.1904370934;5
17.922764;2.967100143;-0.1914258152;10.90648556;17.93075734;0.02000582218;0.4024071693;0.1757763475;5
17.92486583;2.981456995;-0.1244267747;10.87298584;17.93285921;0.03344484791;0.3938550651;0.1598938555;5
17.92696765;2.991028309;-0.0765703246;10.83470058;17.93496104;0.04688387364;0.3914116025;0.1440113783;5
17.92906947;3.00538516;-0.03349951655;10.82034397;17.93706286;0.05543597788;0.3865246773;0.1256854236;5
17.9311713;3.03888464;-0.009571290575;10.78205872;17.93916468;0.06276635826;0.3828594983;0.1061377525;5
17.93327317;3.048455954;0.004785645287;10.72463131;17.9412665;0.06765327603;0.3791943192;0.08903354406;5
17.93537499;3.072384357;0.05264209956;10.63848972;17.94336833;0.06887500733;0.3816377819;0.07315105945;5
17.93747682;3.072384357;0.1339980662;10.54277611;17.9454702;0.07009673119;0.3840812445;0.05849030241;5
17.93957864;3.067598581;0.2009970993;10.43270683;17.94757197;0.06643154472;0.3865246773;0.0426078178;5
17.94168046;3.062813044;0.2775674164;10.29392338;17.94967385;0.05910116807;0.3938550651;0.02916879393;5
17.94378229;3.03888464;0.3589234054;10.17428207;17.95177562;0.04810560122;0.4011854529;0.0157297682;5
17.94588416;2.981456995;0.3876372576;10.09292603;17.95387749;0.03955349326;0.4097375572;0.00351247238;5
17.94798593;2.933600664;0.4211367965;9.978070259;17.95597932;0.02977965772;0.4121810198;-0.006261364091;5
17.95008781;2.871387243;0.4354937077;9.858428955;17.95808114;0.01634063199;0.4182896614;-0.01725693047;5
17.95218958;2.799602509;0.4689932466;9.796216011;17.96018296;0.002901607659;0.4231765866;-0.02703076601;5
17.95429145;2.737389088;0.4929214716;9.729216576;17.96228479;-0.006872228812;0.4256200492;-0.03436114267;5
17.95639328;2.675175667;0.5264210105;9.676574707;17.96438661;-0.02031125315;0.4305069447;-0.04169152305;5
17.9584951;2.569891453;0.5551348329;9.628718376;17.96648843;-0.03497200832;0.4317286909;-0.04413498193;5
17.96059692;2.464607239;0.5694918036;9.619147301;17.96859031;-0.04718930274;0.4317286909;-0.04413498193;5
17.96269874;2.349751949;0.5742774606;9.614361763;17.97069213;-0.06062832847;0.4305069447;-0.04535670951;5
17.96480057;2.187039852;0.5647061467;9.643074989;17.97279395;-0.07162389904;0.4256200492;-0.04291325063;5
17.96690239;2.01475668;0.5838487148;9.667003632;17.97489578;-0.08261945844;0.4134027362;-0.03802633286;5
17.96900427;1.861616015;0.6173482537;9.662218094;17.9769976;-0.09361502528;0.3999637067;-0.03191768378;5
17.97110609;1.703689694;0.6077769399;9.705288887;17.97909947;-0.0972802192;0.3828594983;-0.02580903657;5
17.97320791;1.579262972;0.6029912829;9.796216011;17.98120124;-0.1070540547;0.3608683646;-0.01847865991;5
17.97530973;1.464407444;0.6460621357;9.887143135;17.98330307;-0.1107192412;0.3303251266;-0.006261364091;5
17.97741156;1.335195065;0.7226324677;9.944570541;17.98540494;-0.1119409725;0.2936732471;0.005955931731;5
17.97951343;1.196411371;0.756131947;10.01156998;17.98750677;-0.115606159;0.2631300092;0.02061668597;5
17.9816152;1.095912814;0.7417750359;10.15513897;17.98960859;-0.1204930767;0.2374736816;0.03649916872;5
17.98371703;0.9714859724;0.7274180651;10.27956581;17.99171041;-0.1229365394;0.2057087123;0.05604684353;5
17.9858189;0.7992027402;0.7513462901;10.32742214;17.99381223;-0.1253799945;0.1727220118;0.07925970852;5
17.98792072;0.6221339107;0.813559711;10.38006496;17.99591406;-0.1302669197;0.1372918636;0.1036942974;5
17.99002255;0.4833501875;0.890130043;10.46142101;17.99801588;-0.1302669197;0.1030834317;0.1281288862;5
17.99212437;0.3828516304;0.94277215;10.48056316;18.00011776;-0.1327103674;0.07131846249;0.1525634825;5
17.99422619;0.3397808075;0.9810572863;10.52363396;18.00221958;-0.1351538301;0.04077522457;0.1757763475;5
17.99632802;0.3302095234;0.9810572863;10.57149029;18.00432135;-0.1339320987;0.01389717404;0.1965457499;5
17.99842984;0.3445664644;0.9858429432;10.59063339;18.00642322;-0.1339320987;-0.009315688163;0.2173151523;5
18.00053171;0.3780659735;0.9762716293;10.61456108;18.00852505;-0.1351538301;-0.02275471389;0.2344193608;5
18.00263354;0.4259224236;0.94277215;10.64327526;18.01062687;-0.1339320987;-0.03008509055;0.2527453005;5
18.00473531;0.4642075896;0.9044869542;10.66241741;18.01272869;-0.1302669197;-0.0374154672;0.269849509;5
18.00683718;0.5024927258;0.8805587292;10.69113159;18.01483052;-0.1266017258;-0.03985892609;0.2857320011;5
18.00893901;0.5838487148;0.813559711;10.72941685;18.01693234;-0.1241582632;-0.03985892609;0.2991710305;5
18.01104083;0.6604190469;0.7896314859;10.79641533;18.01903416;-0.1143844277;-0.04352411628;0.3101665974;5
18.01314265;0.760917604;0.7417750359;10.89212894;18.02113604;-0.1046105921;-0.04352411628;0.3174969554;5
18.01524447;0.8757730722;0.7178468108;10.97827053;18.02323781;-0.09239330143;-0.04230238497;0.3236056268;5
18.0173463;0.9762716293;0.6699903607;11.05005455;18.02533968;-0.07895427197;-0.04474584386;0.3248273432;5
18.01944812;1.115055323;0.6460621357;11.14576817;18.02744151;-0.06062832847;-0.04596757516;0.3211621642;5
18.02154999;1.253839016;0.5982056856;11.21755219;18.02954333;-0.04352411628;-0.04841103405;0.316275239;5
18.02365176;1.383051515;0.5790630579;11.2941227;18.03164515;-0.02641990222;-0.04718930274;0.3065013885;5
18.02575364;1.526620865;0.5216353536;11.37069321;18.03374697;-0.008093958721;-0.04718930274;0.2942841053;5
18.02785546;1.655833244;0.4881358147;11.40419292;18.0358488;0.01023198478;-0.04841103405;0.2808450758;5
18.02995729;1.761117458;0.4354937077;11.42333508;18.03795062;0.02611446939;-0.04963276163;0.2674060464;5
18.03205911;1.837687731;0.3972085714;11.40897846;18.04005249;0.03955349326;-0.05329795182;0.2515235841;5
18.03416093;1.914258122;0.3206382394;11.38026428;18.04215432;0.05177079141;-0.05451968312;0.2344193608;5
18.03626276;1.962114573;0.2727817893;11.30369377;18.04425614;0.06398808211;-0.05451968312;0.2185368687;5
18.03836458;1.986042738;0.2344966233;11.25583744;18.04635796;0.07498364896;-0.05818486959;0.2014326602;5
18.04046645;2.019542217;0.2344966233;11.16012478;18.04845979;0.08109229803;-0.06429351866;0.1855501831;5
18.04256828;2.01475668;0.2153540403;11.05962658;18.05056161;0.08842267841;-0.06795870513;0.1721111536;5
18.0446701;1.995614052;0.2488535494;10.97827053;18.05266343;0.09330959618;-0.0728456229;0.1574503928;5
18.04677192;1.938186288;0.2775674164;10.88734341;18.05476531;0.09453132749;-0.07895427197;0.146454826;5
18.04887374;1.914258122;0.3158525825;10.76291656;18.05686713;0.09575305134;-0.08506292105;0.1354592592;5
18.05097557;1.842473388;0.3684946895;10.65284634;18.05896895;0.09330959618;-0.09361502528;0.1244636998;5
18.05307739;1.785045743;0.4307080805;10.55713367;18.06107078;0.09086613357;-0.09972367436;0.1171333194;5
18.05517926;1.718046665;0.4785645306;10.47577763;18.0631726;0.08842267841;-0.1107192412;0.1110246703;5
18.05728109;1.636690736;0.5168496966;10.3657074;18.06527442;0.08231402934;-0.1180496216;0.1073594838;5
18.05938291;1.569691658;0.5742774606;10.24606609;18.0673763;0.07498364896;-0.131488651;0.1049160287;5
18.06148473;1.469193101;0.626919508;10.14556789;18.06947807;0.06276635826;-0.1449276656;0.1049160287;5
18.06358656;1.378265858;0.6460621357;10.05942631;18.07157989;0.05054906011;-0.1547015011;0.1061377525;5
18.06568838;1.268195987;0.6604190469;9.982855797;18.07368176;0.03955349326;-0.1681405306;0.1073594838;5
18.06779026;1.158126116;0.6747759581;9.896714211;18.07578359;0.02855792828;-0.1803578287;0.1098029464;5
18.06989203;1.076770186;0.70348984;9.84885788;18.07788541;0.0175623633;-0.1925751269;0.1159115955;5
18.07199385;0.9714859724;0.7226324677;9.810572624;18.07998723;0.009010255337;-0.2011272311;0.119576782;5
18.07409572;0.9140582681;0.7513462901;9.796216011;18.08208906;-0.0007635809598;-0.2133445293;0.1256854236;5
18.07619755;0.8470591903;0.7704889178;9.781859398;18.08419088;-0.008093958721;-0.2231183648;0.1305723488;5
18.07829937;0.8231309652;0.7800601721;9.829715729;18.0862927;-0.01175914705;-0.2328922004;0.1354592592;5
18.08040119;0.8087740541;0.7896314859;9.853643417;18.08839458;-0.01175914705;-0.2463312149;0.1403461844;5
18.08250302;0.813559711;0.7896314859;9.915857315;18.0904964;-0.01053741761;-0.258548528;0.1452330947;5
18.08460484;0.8183453679;0.7944171429;9.958928108;18.09259817;-0.01053741761;-0.2683223486;0.1476765573;5
18.08670666;0.8614161611;0.7800601721;9.992427826;18.09470005;-0.01053741761;-0.2732092738;0.1488982886;5
18.08880854;0.8709874153;0.7752745152;10.0019989;18.09680187;-0.006872228812;-0.2793179154;0.1501200199;5
18.09091036;0.8997012973;0.7465606928;10.02592659;18.09890369;-0.001985310577;-0.2793179154;0.1501200199;5
18.09301213;0.9379864931;0.7226324677;10.04985523;18.10100552;-0.0007635809598;-0.2744309902;0.1476765573;5
18.09511401;0.9954141974;0.7226324677;10.04028416;18.10310734;0.0016798781;-0.2707658112;0.1452330947;5
18.09721583;1.019342422;0.6939185858;10.04028416;18.10520916;0.004123337101;-0.2634354234;0.1403461844;5
18.09931765;1.076770186;0.679561615;10.05464077;18.10731098;0.007788525894;-0.2536616027;0.1354592592;5
18.10141947;1.115055323;0.650847733;10.06421185;18.10941286;0.01023198478;-0.2414443046;0.1281288862;5
18.1035213;1.148554921;0.6364908218;10.04028416;18.11151463;0.01145371422;-0.231670469;0.1220202371;5
18.10562312;1.186840057;0.5982056856;10.04028416;18.1136165;0.01634063199;-0.2182314396;0.1159115955;5
18.10772494;1.205982566;0.5790630579;10.03549862;18.11571833;0.01878409274;-0.2072358727;0.1073594838;5
18.10982682;1.229910851;0.5551348329;10.04506969;18.11782015;0.02489273995;-0.1986837685;0.1024725661;5
18.11192859;1.201196909;0.5359922647;10.04985523;18.11992197;0.02733619884;-0.1876882017;0.09392046183;5
18.11403046;1.201196909;0.5599204898;10.04985523;18.12202385;0.03222311661;-0.1852447391;0.08659008145;5
18.11613229;1.186840057;0.5455635786;10.05942631;18.12412562;0.0358883068;-0.1803578287;0.08170316368;5
18.11823411;1.162911773;0.5359922647;10.07378292;18.12622744;0.04199695215;-0.1779143661;0.0743727833;5
18.12033593;1.143769264;0.5694918036;10.04985523;18.12832932;0.04566214234;-0.1791360974;0.06948586553;5
18.12243781;1.13419795;0.5551348329;10.02592659;18.13043114;0.04810560122;-0.1779143661;0.06337722391;5
18.12453958;1.100698471;0.5790630579;10.03071213;18.13253296;0.04932733253;-0.1766926348;0.05971203372;5
18.1266414;1.057627559;0.6173482537;9.973284721;18.13463479;0.05054906011;-0.1791360974;0.05360338464;5
18.12874328;1.019342422;0.6317051649;9.939785004;18.13673661;0.05054906011;-0.1803578287;0.05115992576;5
18.1308451;0.9954141974;0.650847733;9.87757206;18.13883843;0.04810560122;-0.1828012913;0.04749473557;5
18.13294692;0.94277215;0.679561615;9.839286804;18.14094026;0.04444041103;-0.1840230078;0.04138609022;5
18.13504874;0.8853443861;0.6747759581;9.772287369;18.14304208;0.03955349326;-0.1901316643;0.03649916872;5
18.13715057;0.8470591903;0.6891329288;9.729216576;18.1451439;0.03222311661;-0.1913533956;0.03405570984;5
18.13925239;0.813559711;0.6747759581;9.657432556;18.14724578;0.02733619884;-0.1937968582;0.03039052337;5
18.14135421;0.7800601721;0.6843472719;9.595218658;18.1493476;0.02244928107;-0.1962403059;0.0242818743;5
18.14345604;0.732203722;0.6699903607;9.528220177;18.15144942;0.01511890348;-0.1962403059;0.02061668597;5
18.14555786;0.7274180651;0.679561615;9.499505997;18.15355124;0.007788525894;-0.1950185746;0.01695149764;5
18.14765973;0.6939185858;0.6652047038;9.446864128;18.15565307;0.002901607659;-0.188909933;0.01450803876;5
18.14976156;0.6747759581;0.6364908218;9.427721024;18.15775489;-0.003207040019;-0.1828012913;0.008399390616;5
18.15186338;0.6699903607;0.6173482537;9.418149948;18.15985676;-0.00565049937;-0.1754709035;0.00351247238;5
18.1539652;0.6604190469;0.5982056856;9.394221306;18.16195859;-0.008093958721;-0.1669187993;-0.003817904973;5
18.15606703;0.6412764788;0.5886343718;9.403793335;18.16406041;-0.01053741761;-0.1571449637;-0.007483093534;5
18.15816885;0.6364908218;0.6077769399;9.418149948;18.16616223;-0.01053741761;-0.1412624866;-0.01237001177;5
18.16027072;0.6125625968;0.5982056856;9.446864128;18.16826406;-0.01053741761;-0.1253799945;-0.01603520103;5
18.16237255;0.5982056856;0.6029912829;9.475577354;18.17036588;-0.006872228812;-0.1058323234;-0.01725693047;5
18.16447437;0.5647061467;0.5982056856;9.518648148;18.1724677;-0.004428769462;-0.08139773458;-0.01970038936;5
18.16657619;0.5024927258;0.5551348329;9.57129097;18.17456953;0.0004581485991;-0.06062832847;-0.01847865991;5
18.16867802;0.4307080805;0.5216353536;9.614361763;18.17667135;0.009010255337;-0.03985892609;-0.01847865991;5
18.17077984;0.3541377485;0.4977070987;9.734002113;18.17877322;0.01878409274;-0.01786779426;-0.01970038936;5
18.17288166;0.3014956415;0.4450650215;9.810572624;18.18087499;0.03100138716;-0.00565049937;-0.01970038936;5
18.17498348;0.2440679073;0.4115654826;9.87757206;18.18297687;0.04688387364;0.007788525894;-0.01970038936;5
18.17708531;0.1914258152;0.4019941986;9.963713646;18.18507869;0.05910116807;0.01634063199;-0.01847865991;5
18.17918718;0.1339980662;0.3828516304;10.03549862;18.18718052;0.07742711157;0.02244928107;-0.01847865991;5
18.18128895;0.0765703246;0.3828516304;10.1024971;18.18928234;0.09330959618;0.02855792828;-0.01847865991;5
18.18339083;0.01914258115;0.3924229145;10.164711;18.19138416;0.1079703495;0.02977965772;-0.01725693047;5
18.18549265;-0.03349951655;0.3924229145;10.19342422;18.19348598;0.1226311028;0.02855792828;-0.01847865991;5
18.18759447;-0.08135596663;0.4211367965;10.21256733;18.19558781;0.1324049383;0.02367101051;-0.01847865991;5
18.1896963;-0.1148554832;0.4259224236;10.21735287;18.19768968;0.1470656991;0.0175623633;-0.01847865991;5
18.19179812;-0.1531406492;0.4354937077;10.15513897;18.1997915;0.1556178033;0.01023198478;-0.01603520103;5
18.19389994;-0.1866401732;0.4546363056;10.09292603;18.20189333;0.1556178033;0.0004581485991;-0.01359174121;5
18.19600177;-0.2392822653;0.4737788737;10.01635551;18.20399515;0.1556178033;-0.01298087649;-0.01114828233;5
18.19810364;-0.3014956415;0.5072783828;9.906285286;18.20609697;0.1531743407;-0.02764163166;-0.006261364091;5
18.20020546;-0.3684946895;0.4929214716;9.772287369;18.2081988;0.1458439678;-0.04352411628;-0.001374445739;5
18.20230729;-0.4259224236;0.5216353536;9.609575272;18.21030062;0.1372918636;-0.06307178736;0.004734201822;5
18.20440911;-0.4785645306;0.5503492355;9.489934921;18.21240244;0.1262962967;-0.07773254067;0.0108428495;5
18.20651093;-0.5359922647;0.5694918036;9.379864693;18.21450427;0.1128572673;-0.09117157012;0.01450803876;5
18.20861276;-0.5838487148;0.5886343718;9.260223389;18.21660614;0.09453132749;-0.1082757786;0.02183841541;5
18.21071458;-0.6077769399;0.6077769399;9.164510727;18.21870796;0.07864884287;-0.1204930767;0.02550360374;5
18.2128164;-0.5982056856;0.626919508;9.064012527;18.22080979;0.06276635826;-0.138819024;0.02916879393;5
18.21491822;-0.5838487148;0.6412764788;8.992227554;18.22291161;0.04688387364;-0.1510363221;0.03039052337;5
18.2170201;-0.5647061467;0.6604190469;8.953942299;18.22501343;0.02977965772;-0.1669187993;0.03283398226;5
18.21912192;-0.5264210105;0.6843472719;8.906085968;18.22711526;0.01511890348;-0.1791360974;0.03405570984;5
18.22122374;-0.5072783828;0.708275497;8.87258625;18.22921708;-0.003207040019;-0.1901316643;0.03772090003;5
18.22332557;-0.4833501875;0.708275497;8.839086533;18.23131895;-0.01786779426;-0.1999054998;0.0426078178;5
18.22542739;-0.5024927258;0.7274180651;8.800801277;18.23342078;-0.03130681813;-0.2084576041;0.04871646687;5
18.22752921;-0.5312066078;0.732203722;8.810373306;18.2355226;-0.04841103405;-0.2145662606;0.05604684353;5
18.22963104;-0.5886343718;0.756131947;8.815158844;18.23762442;-0.06062832847;-0.215787977;0.06704241037;5
18.23173291;-0.6556333899;0.7657032609;8.781659126;18.23972624;-0.0740673542;-0.2145662606;0.07925970852;5
18.23383473;-0.6699903607;0.7800601721;8.781659126;18.24182807;-0.08628465235;-0.2109010667;0.09147699922;5
18.23593656;-0.6987041831;0.8039883971;8.791230202;18.24392994;-0.09483675659;-0.2011272311;0.1036942974;5
18.23803838;-0.7178468108;0.8087740541;8.839086533;18.24603171;-0.09972367436;-0.1913533956;0.119576782;5
18.2401402;-0.7226324677;0.813559711;8.87258625;18.24813354;-0.1070540547;-0.1754709035;0.1330158114;5
18.24224203;-0.7178468108;0.8470591903;8.925228119;18.25023541;-0.1107192412;-0.1644753367;0.146454826;5
18.2443439;-0.6843472719;0.8470591903;9.03051281;18.25233723;-0.1094975099;-0.1473711282;0.1574503928;5
18.24644567;-0.6460621357;0.8470591903;9.116654396;18.25443906;-0.1046105921;-0.1351538301;0.169667691;5
18.24854749;-0.5742774606;0.8518448472;9.250652313;18.25654088;-0.1009454057;-0.1253799945;0.1757763475;5
18.25064937;-0.4881358147;0.8327022791;9.379864693;18.2586427;-0.09239330143;-0.1131627038;0.1831067204;5
18.25275119;-0.3493520916;0.7752745152;9.485149384;18.26074453;-0.08139773458;-0.1070540547;0.1855501831;5
18.25485302;-0.2297109663;0.7274180651;9.604789734;18.26284635;-0.06918043643;-0.1009454057;0.1855501831;5
18.25695484;-0.09571290761;0.6556333899;9.686145782;18.26494822;-0.05818486959;-0.0972802192;0.1806632578;5
18.25905666;0.06221338734;0.5838487148;9.786644936;18.26705005;-0.04596757516;-0.09117157012;0.1733328849;5
18.26115848;0.2057827413;0.5216353536;9.863214493;18.26915187;-0.03008509055;-0.08261945844;0.1635590494;5
18.26326031;0.3780659735;0.4354937077;9.915857315;18.27125369;-0.01542433538;-0.07040216774;0.1513417512;5
18.26536218;0.5503492355;0.3541377485;9.930213928;18.27335552;-0.004428769462;-0.05940660089;0.1366809905;5
18.267464;0.70348984;0.3110669553;9.901499748;18.27545734;0.006566796452;-0.04841103405;0.119576782;5
18.26956583;0.837487936;0.2679961324;9.930213928;18.27755916;0.01634063199;-0.03497200832;0.1000291109;5
18.27166765;0.9475577474;0.2344966233;9.906285286;18.27966104;0.02367101051;-0.02275471389;0.07803797722;5
18.27376947;1.052842021;0.2009970993;9.829715729;18.28176281;0.03100138716;-0.009315688163;0.05726857483;5
18.2758713;1.16769743;0.1531406492;9.796216011;18.28386468;0.03222311661;0.0016798781;0.03405570984;5
18.27797312;1.239482164;0.1435693651;9.729216576;18.2859665;0.03711003438;0.0126754446;0.0108428495;5
18.28007499;1.316052437;0.1292124242;9.657432556;18.28806833;0.03711003438;0.02122755162;-0.009926552884;5
18.28217677;1.339980721;0.1387837082;9.600004196;18.29017015;0.03711003438;0.02977965772;-0.0294742249;5
18.28427864;1.387837172;0.1674975902;9.504291534;18.29227197;0.03466657549;0.04077522457;-0.0478001684;5
18.28638046;1.378265858;0.2105683982;9.44207859;18.2943738;0.02977965772;0.04810560122;-0.06490438432;5
18.28848229;1.349551916;0.2297109663;9.351150513;18.29647562;0.02367101051;0.05665770918;-0.07834340632;5
18.29058411;1.306481123;0.2536391914;9.303294182;18.29857749;0.0175623633;0.06276635826;-0.09056070447;5
18.29268593;1.234696507;0.3062812984;9.241081238;18.30067932;0.006566796452;0.06520981342;-0.1027780026;5
18.29478776;1.153340459;0.3397808075;9.202795982;18.30278109;0.0004581485991;0.07131846249;-0.1113301069;5
18.29688958;1.067198873;0.3684946895;9.164510727;18.30488296;-0.009315688163;0.0725401938;-0.1198822111;5
18.29899145;0.9906286001;0.4115654826;9.159725189;18.30698479;-0.01786779426;0.07498364896;-0.1247691289;5
18.30109328;0.9284151793;0.4354937077;9.140582085;18.30908661;-0.02641990222;0.0737619251;-0.1296560466;5
18.30319505;0.8470591903;0.4594219327;9.131011009;18.31118843;-0.0374154672;0.07009673119;-0.1345429718;5
18.30529692;0.7657032609;0.4833501875;9.126225471;18.31329026;-0.04352411628;0.06643154472;-0.1369864196;5
18.30739874;0.6939185858;0.4881358147;9.140582085;18.31539208;-0.05085449293;0.06520981342;-0.1382081509;5
18.30950057;0.6221339107;0.4833501875;9.154939651;18.3174939;-0.05818486959;0.06398808211;-0.1369864196;5
18.31160239;0.5503492355;0.5168496966;9.198010445;18.31959578;-0.06673697382;0.06398808211;-0.1345429718;5
18.31370421;0.4833501875;0.5312066078;9.217152596;18.32169755;-0.0728456229;0.06520981342;-0.1308777779;5
18.31580604;0.4259224236;0.5551348329;9.284152031;18.32379942;-0.07528908551;0.06398808211;-0.127212584;5
18.31790786;0.3876372576;0.5647061467;9.351150513;18.32590124;-0.07895427197;0.06643154472;-0.1223256737;5
18.32000973;0.3349951804;0.5838487148;9.403793335;18.32800307;-0.08384118974;0.06520981342;-0.1174387559;5
18.32211151;0.3206382394;0.6029912829;9.466006279;18.33010489;-0.08506292105;0.06520981342;-0.113773562;5
18.32421338;0.3014956415;0.6125625968;9.556933403;18.33220677;-0.08384118974;0.06398808211;-0.1101083755;5
18.3263152;0.3110669553;0.6364908218;9.638289452;18.33430854;-0.08261945844;0.06276635826;-0.1064431891;5
18.32841703;0.3302095234;0.626919508;9.695717812;18.33641036;-0.08017600328;0.06520981342;-0.1027780026;5
18.33051885;0.3828516304;0.6412764788;9.767501831;18.33851223;-0.07895427197;0.07009673119;-0.10033454;5
18.33262072;0.4450650215;0.6125625968;9.829715729;18.34061406;-0.0740673542;0.07009673119;-0.10033454;5
18.33472249;0.4689932466;0.6317051649;9.882357597;18.34271588;-0.06918043643;0.0725401938;-0.0978910774;5
18.33682432;0.5072783828;0.6556333899;9.978070259;18.3448177;-0.06673697382;0.07742711157;-0.09666935354;5
18.33892619;0.5647061467;0.6699903607;10.01635551;18.34691953;-0.06429351866;0.0847574845;-0.09544762224;5
18.34102802;0.5790630579;0.6699903607;10.02114105;18.3490214;-0.06185005978;0.09208786488;-0.09422589093;5
18.34312984;0.6221339107;0.6029912829;10.03549862;18.35112317;-0.05818486959;0.09453132749;-0.09422589093;5
18.34523166;0.6699903607;0.5551348329;10.06899738;18.35322505;-0.0557414107;0.09697478265;-0.09422589093;5
18.34733348;0.7130611539;0.5168496966;10.14078236;18.35532687;-0.04963276163;0.09697478265;-0.09544762224;5
18.34943536;0.756131947;0.4929214716;10.19342422;18.35742869;-0.04352411628;0.09330959618;-0.09666935354;5
18.35153713;0.8039883971;0.5120640397;10.23170948;18.35953052;-0.03863719851;0.09330959618;-0.0991128087;5
18.353639;0.8709874153;0.5216353536;10.26042366;18.36163234;-0.03130681813;0.08964440972;-0.10033454;5
18.35574083;0.9284151793;0.5647061467;10.29392338;18.36373416;-0.02764163166;0.0847574845;-0.1015562713;5
18.35784265;0.9619147182;0.5886343718;10.31306553;18.36583604;-0.02275471389;0.08231402934;-0.1039997265;5
18.35994447;0.9954141974;0.6125625968;10.35613632;18.36793781;-0.01664606482;0.07620538026;-0.1039997265;5
18.3620463;1.028913736;0.650847733;10.3848505;18.37003968;-0.01298087649;0.06765327603;-0.1027780026;5
18.36414812;1.043270707;0.6939185858;10.41356373;18.37214151;-0.008093958721;0.06032289565;-0.1052214578;5
18.36624999;1.048056364;0.7417750359;10.40399265;18.37424333;-0.00565049937;0.05665770918;-0.1052214578;5
18.36835176;1.067198873;0.7944171429;10.38963604;18.37634515;-0.00565049937;0.05299251899;-0.1076649204;5
18.37045364;1.071984529;0.7992027402;10.35135078;18.37844697;-0.006872228812;0.04810560122;-0.1088866442;5
18.37255546;1.071984529;0.7800601721;10.32742214;18.3805488;-0.006872228812;0.04321868345;-0.1101083755;5
18.37465729;1.0863415;0.756131947;10.29870892;18.38265062;-0.01175914705;0.04077522457;-0.1113301069;5
18.37675911;1.0863415;0.756131947;10.26042366;18.38475244;-0.01298087649;0.04321868345;-0.1101083755;5
18.37886093;1.0863415;0.784845829;10.26999474;18.38685432;-0.01786779426;0.04444041103;-0.1064431891;5
18.38096276;1.0863415;0.8614161611;10.27956581;18.38895614;-0.02153298259;0.03833176568;-0.1027780026;5
18.38306458;1.028913736;0.9332008362;10.25563812;18.39105796;-0.02031125315;0.02855792828;-0.09666935354;5
18.3851664;0.9954141974;0.9810572863;10.29392338;18.39315979;-0.01786779426;0.0126754446;-0.09422589093;5
18.38726828;0.9714859724;1.009771109;10.35613632;18.39526161;-0.01542433538;-0.006872228812;-0.08811724186;5
18.3893701;0.9667003751;1.019342422;10.47099209;18.39736343;-0.01298087649;-0.02275471389;-0.08323032409;5
18.39147192;0.9954141974;1.057627559;10.51884842;18.39946526;-0.01053741761;-0.04352411628;-0.07712167501;5
18.39357374;0.9810572863;1.048056364;10.55713367;18.40156713;-0.008093958721;-0.06429351866;-0.06979130208;5
18.39567557;0.9667003751;1.043270707;10.56670475;18.4036689;-0.004428769462;-0.08750637621;-0.06123919412;5
18.39777739;0.9188438654;1.024128079;10.57627583;18.40577072;-0.001985310577;-0.1058323234;-0.05146535859;5
18.39987921;0.8805587292;1.004985452;10.56191921;18.40787255;-0.003207040019;-0.1192713454;-0.04291325063;5
18.40198109;0.866201818;1.03848505;10.55713367;18.40997442;-0.00565049937;-0.1278234571;-0.03436114267;5
18.40408286;0.8805587292;1.071984529;10.52841949;18.41207624;-0.004428769462;-0.1400407553;-0.02336557768;5
18.40618468;0.9092726111;1.110269666;10.45184898;18.41417807;-0.004428769462;-0.1510363221;-0.01237001177;5
18.4082865;0.9523434043;1.172483087;10.37049294;18.41627989;-0.006872228812;-0.1644753367;-0.001374445739;5
18.41038838;0.9858429432;1.210768223;10.33699417;18.41838171;-0.01053741761;-0.1742491722;0.009621120058;5
18.4124902;1.043270707;1.253839016;10.34656525;18.42048354;-0.01175914705;-0.1828012913;0.02183841541;5
18.41459203;1.115055323;1.296909928;10.34177971;18.42258541;-0.01664606482;-0.188909933;0.03527744114;5
18.41669385;1.16769743;1.325623751;10.28913784;18.42468723;-0.02153298259;-0.1999054998;0.04871646687;5
18.41879567;1.225125194;1.325623751;10.25085258;18.42678906;-0.02641990222;-0.2060141414;0.0609337613;5
18.42089749;1.277767301;1.282552958;10.17428207;18.42889088;-0.03497200832;-0.2109010667;0.07192932814;5
18.42299937;1.330409408;1.234696507;10.11206818;18.4309927;-0.04108065739;-0.2133445293;0.08048143238;5
18.42510119;1.402194023;1.158126116;10.06421185;18.43309453;-0.04596757516;-0.2060141414;0.08903354406;5
18.42720302;1.507478237;1.110269666;10.02114105;18.43519635;-0.05696314201;-0.1925751269;0.09636391699;5
18.42930484;1.641476393;1.105484009;9.963713646;18.43729817;-0.05940660089;-0.1864664704;0.1000291109;5
18.43140666;1.732403636;1.115055323;9.920642853;18.43939999;-0.06673697382;-0.1828012913;0.1024725661;5
18.43350848;1.852044702;1.13419795;9.906285286;18.44150187;-0.07162389904;-0.1791360974;0.1049160287;5
18.43561031;1.990828395;1.172483087;9.963713646;18.44360364;-0.0728456229;-0.1718057245;0.1049160287;5
18.43771213;2.0769701;1.1820544;9.963713646;18.44570552;-0.07651081681;-0.165697068;0.1024725661;5
18.43981395;2.191825628;1.172483087;9.95414257;18.44780734;-0.08017600328;-0.1644753367;0.1000291109;5
18.44191583;2.292324066;1.105484009;9.978070259;18.44990916;-0.08017600328;-0.1632536054;0.0988073796;5
18.4440176;2.388036966;1.067198873;10.01156998;18.45201098;-0.08139773458;-0.1559232324;0.09636391699;5
18.44611947;2.450250387;1.014556766;10.03549862;18.45411281;-0.08384118974;-0.1473711282;0.09514218569;5
18.4482213;2.517249346;0.9810572863;10.08335495;18.45621463;-0.08628465235;-0.1375972927;0.09269873053;5
18.45032312;2.565105915;0.9762716293;10.06421185;18.45831645;-0.08994983882;-0.1302669197;0.09269873053;5
18.45242494;2.584248543;0.9954141974;10.0019989;18.46041828;-0.09361502528;-0.1278234571;0.09025526792;5
18.45452676;2.593819857;1.000199914;9.949356079;18.46252015;-0.09605848789;-0.1266017258;0.08781181276;5
18.45662859;2.641676188;0.9619147182;9.968499184;18.46462197;-0.1033888608;-0.1253799945;0.08048143238;5
18.45873041;2.73260355;0.9284151793;9.963713646;18.4667238;-0.1082757786;-0.1241582632;0.06948586553;5
18.46083223;2.823530674;0.8614161611;9.987641335;18.46882562;-0.1119409725;-0.1241582632;0.05726857483;5
18.46293411;2.952743053;0.813559711;9.987641335;18.47092744;-0.1180496216;-0.1253799945;0.04138609022;5
18.46503593;3.077169895;0.7752745152;9.982855797;18.47302926;-0.1229365394;-0.1253799945;0.02550360374;5
18.46713776;3.196810961;0.760917604;9.973284721;18.47513109;-0.1266017258;-0.1241582632;0.009621120058;5
18.46923958;3.287738323;0.756131947;9.958928108;18.47723291;-0.1302669197;-0.1241582632;-0.007483093534;5
18.4713414;3.369094372;0.7369893789;9.987641335;18.47933479;-0.1363755614;-0.1192713454;-0.02336557768;5
18.47344322;3.43609333;0.6939185858;10.00678444;18.48143661;-0.1400407553;-0.1180496216;-0.03924806044;5
18.47554505;3.445664644;0.6460621357;10.03549862;18.48353843;-0.1437059343;-0.115606159;-0.05635227636;5
18.47764687;3.426522017;0.5934200287;10.1024971;18.48564026;-0.142484203;-0.1143844277;-0.07223475724;5
18.47974874;3.407379389;0.5216353536;10.13599682;18.48774208;-0.142484203;-0.1168278903;-0.09056070447;5
18.48185057;3.37387991;0.4785645306;10.2029953;18.4898439;-0.1400407553;-0.1204930767;-0.1101083755;5
18.48395239;3.397808075;0.4546363056;10.27956581;18.49194572;-0.1327103674;-0.1204930767;-0.1284343153;5
18.48605421;3.402593851;0.3972085714;10.37049294;18.4940476;-0.1278234571;-0.1241582632;-0.1479819864;5
18.48815604;3.43609333;0.3732803464;10.49013424;18.49614942;-0.115606159;-0.1290451884;-0.1699731201;5
18.49025786;3.450450182;0.2967100143;10.63370419;18.49825124;-0.09972367436;-0.1375972927;-0.1931859851;5
18.49235968;3.46959281;0.2632105052;10.75334454;18.50035307;-0.08017600328;-0.1437059343;-0.2163988501;5
18.49446156;3.479164124;0.2105683982;10.89212894;18.50245489;-0.06185005978;-0.1522580534;-0.2432768941;5
18.49656338;3.507878065;0.1914258152;10.99262714;18.50455671;-0.03863719851;-0.162031889;-0.2677114904;5
18.4986652;3.527020693;0.1531406492;11.07876873;18.50665854;-0.01664606482;-0.1705839932;-0.2933678031;5
18.50076703;3.536591768;0.1483550072;11.17448139;18.50876036;0.005345067009;-0.1852447391;-0.320245862;5
18.50286885;3.536591768;0.1483550072;11.2510519;18.51086218;0.02611446939;-0.2011272311;-0.3471239209;5
18.50497067;3.541377544;0.1579262912;11.2941227;18.51296406;0.04566214234;-0.2145662606;-0.3727802336;5
18.50707249;3.541377544;0.1435693651;11.34676456;18.51506583;0.06398808211;-0.2243400961;-0.3972148299;5
18.50917432;3.483949661;0.1387837082;11.31805134;18.5171677;0.08109229803;-0.2377791107;-0.42042768;5
18.51127614;3.412165165;0.1004985496;11.23669529;18.51926953;0.09453132749;-0.2487746775;-0.4436405599;5
18.51337802;3.321237803;0.04307080805;11.21755219;18.52137135;0.1091920808;-0.2597702444;-0.46685341;5
18.51547979;3.249453068;0.0143569354;11.12662506;18.52347317;0.1201876476;-0.2683223486;-0.4876227975;5
18.51758166;3.196810961;-0.0143569354;11.04526901;18.52557499;0.1287397593;-0.2744309902;-0.5071704984;5
18.51968348;3.163311481;-0.009571290575;10.94477081;18.52767682;0.1360701323;-0.278096199;-0.5230529904;5
18.52178531;3.077169895;0.0239282269;10.82512951;18.52977869;0.1434005052;-0.2829830945;-0.5352702737;5
18.52388713;3.00538516;0.1052841991;10.69113159;18.53188052;0.1470656991;-0.2854265571;-0.5462658405;5
18.52598895;2.904886723;0.2105683982;10.57627583;18.53398234;0.1495091617;-0.2854265571;-0.5511527658;5
18.52809078;2.780459881;0.3158525825;10.45663452;18.53608416;0.1519526094;-0.2854265571;-0.554817915;5
18.53019265;2.63689065;0.4115654826;10.34177971;18.53818598;0.1495091617;-0.2842048407;-0.554817915;5
18.53229447;2.483749866;0.5168496966;10.23649502;18.54028781;0.1482874304;-0.281761378;-0.5523744822;5
18.5343963;2.359323025;0.6077769399;10.07856941;18.54238963;0.1458439678;-0.2768744528;-0.5474875569;5
18.53649812;2.244467735;0.6843472719;9.944570541;18.54449145;0.1421787739;-0.2695440948;-0.5413789153;5
18.53859994;2.153540373;0.7513462901;9.839286804;18.54659328;0.134848401;-0.2671006322;-0.5340485573;5
18.54070176;2.072184324;0.8231309652;9.714859962;18.54869515;0.1262962967;-0.2597702444;-0.5254964232;5
18.54280359;2.005185366;0.8518448472;9.619147301;18.55079697;0.1201876476;-0.2536616027;-0.5181660652;5
18.54490541;1.938186288;0.8949156404;9.518648148;18.5528988;0.1079703495;-0.2475529462;-0.5120574236;5
18.54700723;1.8855443;0.9236295223;9.418149948;18.55500062;0.09697478265;-0.2402225733;-0.504727006;5
18.54910911;1.837687731;0.9379864931;9.322437286;18.55710244;0.0847574845;-0.2341139317;-0.4986183643;5
18.55121093;1.828116536;0.9379864931;9.212367058;18.55920426;0.06887500733;-0.2280052751;-0.4937314689;5
18.55331276;1.804188251;0.9619147182;9.126225471;18.56130609;0.05299251899;-0.2231183648;-0.4900662601;5
18.55541458;1.789831281;0.9523434043;9.078369141;18.56340791;0.03833176568;-0.2206749022;-0.4864010811;5
