Tempo acelerômetro (s);Acelerômetro X (m/s²);Acelerômetro Y (m/s²);Acelerômetro Z (m/s²);Tempo giroscópio (s);Giroscópio X (rad/s);Giroscópio Y (rad/s);Giroscópio Z (rad/s);gesto
33.40959927;0.2009970993;-0.0765703246;9.681360245;33.41759265;-0.1131627038;0.3144426346;0.8110756874;12
33.41170114;0.2584248483;-0.09092725813;9.729216576;33.41969447;-0.09605848789;0.3339903057;0.809853971;12
33.41380296;0.3206382394;-0.1435693651;9.786644936;33.4217963;-0.07651081681;0.3535379767;0.8061888218;12
33.41590479;0.3828516304;-0.1866401732;9.834501266;33.42389812;-0.06185005978;0.3657552898;0.8013018966;12
33.41800661;0.4307080805;-0.2153540403;9.915857315;33.42599994;-0.05085449293;0.3804160357;0.7939714789;12
33.42010843;0.5120640397;-0.2392822653;9.906285286;33.42810177;-0.03619373962;0.3901898861;0.7866411209;12
33.42221026;0.5982056856;-0.2440679073;9.84885788;33.43020364;-0.02519817278;0.4011854529;0.7780889869;12
33.42431208;0.6939185858;-0.2775674164;9.777072906;33.43230546;-0.01298087649;0.404850632;0.768315196;12
33.4264139;0.7513462901;-0.3158525825;9.743574142;33.43440729;-0.004428769462;0.408515811;0.7573196292;12
33.42851572;0.7800601721;-0.3493520916;9.734002113;33.43650916;0.004123337101;0.4158461988;0.7475457788;12
33.4306176;0.8279166222;-0.3541377485;9.729216576;33.43861093;0.01023198478;0.4182896614;0.7341067195;12
33.43271942;0.8470591903;-0.3780659735;9.652647018;33.44071281;0.01023198478;0.4134027362;0.7231112123;12
33.43482124;0.8853443861;-0.3732803464;9.547362328;33.44281463;0.009010255337;0.4097375572;0.7121156454;12
33.43692312;0.9044869542;-0.3684946895;9.509077072;33.44491645;0.002901607659;0.4109592736;0.7035635114;12
33.43902489;0.8805587292;-0.3637090325;9.466006279;33.44701828;-0.006872228812;0.4134027362;0.6986765862;12
33.44112677;0.8853443861;-0.3110669553;9.260223389;33.4491201;-0.02397644334;0.4060723484;0.6950113773;12
33.44322859;0.8518448472;-0.2344966233;9.00179863;33.45122192;-0.03985892609;0.4011854529;0.6925679445;12
33.44533041;0.837487936;-0.1244267747;8.824729919;33.4533238;-0.06185005978;0.3950767815;0.6937896609;12
33.44743223;0.8279166222;-0.0239282269;8.709874153;33.45542557;-0.08628465235;0.3950767815;0.6950113773;12
33.44953406;0.8087740541;0.05742774159;8.604590416;33.45752744;-0.1094975099;0.3938550651;0.6998983026;12
33.45163588;0.7896314859;0.09092725813;8.499305725;33.45962927;-0.1302669197;0.3901898861;0.7072287202;12
33.45373776;0.7465606928;0.1339980662;8.432307243;33.46173109;-0.1510363221;0.3877464235;0.7157807946;12
33.45583953;0.7226324677;0.1483550072;8.413164139;33.46383291;-0.1693622619;0.3828594983;0.7267763615;12
33.4579414;0.6556333899;0.1770688742;8.427521706;33.46593479;-0.1876882017;0.3767508566;0.7402154207;12
33.46004322;0.5982056856;0.2153540403;8.504091263;33.46803661;-0.2035706937;0.370642215;0.7536544204;12
33.46214505;0.5072783828;0.2536391914;8.547162056;33.47013843;-0.215787977;0.3669770062;0.7658717036;12
33.46424687;0.4833501875;0.2727817893;8.657232285;33.47224026;-0.2280052751;0.3620901108;0.7780889869;12
33.46634875;0.4881358147;0.2727817893;8.709874153;33.47434213;-0.235335663;0.3535379767;0.7915280461;12
33.46845057;0.4929214716;0.2632105052;8.84387207;33.47644395;-0.2426660359;0.3425424397;0.8037453294;12
33.47055239;0.5120640397;0.2440679073;8.97308445;33.47854578;-0.2475529462;0.320551306;0.8122974634;12
33.47265421;0.5599204898;0.2297109663;9.054440498;33.4806476;-0.2524398565;0.2961167097;0.8196278214;12
33.47475609;0.6173482537;0.2105683982;9.135796547;33.48274942;-0.2597702444;0.2765690386;0.8257364631;12
33.47685791;0.6699903607;0.1483550072;9.274580956;33.48485124;-0.2634354234;0.2667951882;0.8318451047;12
33.47895973;0.7369893789;0.06221338734;9.437292099;33.48695307;-0.2671006322;0.2606865466;0.8355103135;12
33.48106156;0.8231309652;0.0;9.523433685;33.48905489;-0.2756527364;0.2484692484;0.8403972387;12
33.48316338;0.9332008362;-0.02871387079;9.523433685;33.49115677;-0.2805396616;0.235030219;0.8403972387;12
33.4852652;1.067198873;-0.05264209956;9.533005714;33.49325859;-0.2866483033;0.2179260105;0.8416189551;12
33.48736703;1.196411371;-0.04785645381;9.585647583;33.49536041;-0.2915352285;0.2020435184;0.8379537463;12
33.48946885;1.35912323;-0.06699903309;9.671789169;33.49746223;-0.3000873327;0.1837175786;0.8306233883;12
33.49157072;1.507478237;-0.1004985496;9.753145218;33.49956406;-0.3061959743;0.1629481763;0.8232930303;12
33.49367255;1.651047587;-0.1531406492;9.753145218;33.50166588;-0.3110828996;0.1458439678;0.809853971;12
33.49577437;1.780260086;-0.2392822653;9.781859398;33.5037677;-0.3171915412;0.1299614757;0.7939714789;12
33.49787619;1.93340075;-0.3493520916;9.791430473;33.50586958;-0.3196350038;0.1189659163;0.7756455541;12
33.49997802;2.096112728;-0.4163511395;9.834501266;33.5079714;-0.3220784664;0.1079703495;0.7548761368;12
33.50207984;2.306680918;-0.4929214716;9.872786522;33.51007322;-0.3245218992;0.1055268943;0.7328850031;12
33.50418166;2.474178553;-0.5790630579;9.915857315;33.51217505;-0.3196350038;0.1030834317;0.709672153;12
33.50628354;2.608176708;-0.6412764788;9.978070259;33.51427687;-0.3135263622;0.09697478265;0.6840158105;12
33.50838536;2.73260355;-0.70348984;10.05942631;33.51637869;-0.3074176908;0.09819651395;0.6571378112;12
33.51048718;2.857030153;-0.7465606928;10.17428207;33.51848057;-0.3000873327;0.09941824526;0.6302597523;12
33.512589;2.952743053;-0.7752745152;10.26042366;33.52058239;-0.2939786613;0.1030834317;0.602159977;12
33.51469083;3.01974225;-0.8039883971;10.32742214;33.52268421;-0.2854265571;0.1067486182;0.5740602016;12
33.51679265;3.101098061;-0.8327022791;10.35135078;33.52478604;-0.2732092738;0.1238528341;0.5459604263;12
33.51889453;3.14895463;-0.8614161611;10.41835022;33.52688786;-0.258548528;0.1434005052;0.5227475166;12
33.52099635;3.196810961;-0.8997012973;10.4279213;33.52898968;-0.2451094985;0.1580612659;0.501978159;12
33.52309817;3.201596737;-0.9140582681;10.40399265;33.53109156;-0.2255618125;0.1739437431;0.4860956371;12
33.5252;3.153740168;-0.9092726111;10.46620655;33.53319338;-0.2109010667;0.1861610413;0.4689914286;12
33.52730182;3.105883837;-0.8470591903;10.59063339;33.5352952;-0.1986837685;0.2032652497;0.4555523992;12
33.52940364;3.081955671;-0.7704889178;10.58106136;33.53739703;-0.1852447391;0.2154825479;0.4433351159;12
33.53150552;3.067598581;-0.70348984;10.54277611;33.53949885;-0.1730274558;0.2252563834;0.4323395491;12
33.53360734;2.981456995;-0.6317051649;10.45184898;33.54160067;-0.162031889;0.2313650399;0.4225656986;12
33.53570916;2.890529871;-0.5647061467;10.40877819;33.54370255;-0.1498145908;0.2423606068;0.4103484154;12
33.53781098;2.818745136;-0.5407779217;10.49491978;33.54580437;-0.1400407553;0.2655734718;0.4005745649;12
33.53991281;2.756531715;-0.5264210105;10.53799057;33.54790619;-0.1302669197;0.2948949635;0.3920224607;12
33.54201463;2.699103832;-0.4977070987;10.48056316;33.55000802;-0.1266017258;0.320551306;0.3859138191;12
33.54411651;2.627319336;-0.4929214716;10.39442158;33.55210984;-0.1180496216;0.3400989771;0.3822486401;12
33.54621833;2.545963287;-0.4450650215;10.3657074;33.55421166;-0.1143844277;0.3572031856;0.3773617148;12
33.54832015;2.474178553;-0.3972085714;10.3657074;33.55631348;-0.1094975099;0.3681987524;0.3761399984;12
33.55042197;2.378465652;-0.3349951804;10.35135078;33.55841536;-0.1046105921;0.374307394;0.3736965358;12
33.5525238;2.297109842;-0.2823530734;10.36092186;33.56051718;-0.1033888608;0.3718639314;0.370031327;12
33.55462562;2.191825628;-0.2392822653;10.40399265;33.562619;-0.102167137;0.370642215;0.3675878942;12
33.55672744;2.143969059;-0.2536391914;10.43749237;33.56472083;-0.09972367436;0.3694204688;0.362700969;12
33.55882932;2.096112728;-0.2584248483;10.45663452;33.5668227;-0.1009454057;0.3608683646;0.3602575064;12
33.56093114;2.0769701;-0.2536391914;10.44706345;33.56892447;-0.102167137;0.3486510813;0.3565923274;12
33.56303296;2.043470621;-0.2344966233;10.44706345;33.57102635;-0.1009454057;0.3400989771;0.3565923274;12
33.56513479;2.033899307;-0.1914258152;10.48056316;33.57312817;-0.102167137;0.3315468729;0.3541488647;12
33.56723666;1.990828395;-0.1579262912;10.55234814;33.57523;-0.102167137;0.320551306;0.3529271185;12
33.56933843;1.928615093;-0.1387837082;10.63848972;33.57733182;-0.1046105921;0.308333993;0.3517054021;12
33.57144031;1.866401672;-0.1387837082;10.71506023;33.57943364;-0.1046105921;0.2948949635;0.3468184769;12
33.57354213;1.818545222;-0.1339980662;10.77727318;33.58153552;-0.1046105921;0.2838993967;0.3407098353;12
33.57564395;1.794616938;-0.1579262912;10.83470058;33.58363734;-0.1033888608;0.2692386508;0.3370446563;12
33.57774578;1.780260086;-0.1818545163;10.87298584;33.58573916;-0.09972367436;0.2521344423;0.3284925222;12
33.5798476;1.780260086;-0.2105683982;10.93998528;33.58784098;-0.0972802192;0.2338084877;0.319940418;12
33.58194947;1.780260086;-0.2344966233;10.98784161;33.58994281;-0.09483675659;0.2179260105;0.3113883138;12
33.5840513;1.789831281;-0.2727817893;11.0309124;33.59204463;-0.08750637621;0.204486981;0.3016144931;12
33.58615312;1.780260086;-0.2775674164;11.11705399;33.59414651;-0.08139773458;0.18493931;0.2942841053;12
33.58825494;1.780260086;-0.2775674164;11.14098263;33.59624828;-0.07651081681;0.1678351015;0.2845102847;12
33.59035677;1.761117458;-0.2727817893;11.16491032;33.5983501;-0.0728456229;0.1507308781;0.2759581506;12
33.59245859;1.746760488;-0.2632105052;11.17448139;33.60045197;-0.06795870513;0.1336266696;0.2686277926;12
33.59456046;1.718046665;-0.2344966233;11.17926693;33.6025538;-0.06185005978;0.1153007299;0.2612974048;12
33.59666223;1.703689694;-0.2105683982;11.14098263;33.60465567;-0.05818486959;0.1030834317;0.2564104795;12
33.59876406;1.674975872;-0.1818545163;11.08833981;33.60675744;-0.05696314201;0.09086613357;0.2503018379;12
33.60086593;1.651047587;-0.1531406492;11.05484104;33.60885932;-0.0557414107;0.07742711157;0.2454149276;12
33.60296776;1.617548108;-0.1196411327;11.01177025;33.61096114;-0.05451968312;0.06032289565;0.2441931963;12
33.60506963;1.555334687;-0.06221338734;10.95434189;33.61306296;-0.0557414107;0.04199695215;0.2441931963;12
33.6071714;1.517049551;0.0;10.92084217;33.61516479;-0.05696314201;0.02855792828;0.2441931963;12
33.60927328;1.459621787;0.05264209956;10.85384369;33.61726661;-0.06307178736;0.01511890348;0.2466366589;12
33.6113751;1.378265858;0.09571290761;10.77727318;33.61936843;-0.07040216774;0.002901607659;0.2490801066;12
33.61347692;1.316052437;0.1148554832;10.67677498;33.62147026;-0.0728456229;-0.006872228812;0.2539670467;12
33.61557874;1.282552958;0.1531406492;10.59541893;33.62357208;-0.07773254067;-0.01664606482;0.2551887631;12
33.61768057;1.234696507;0.1866401732;10.53320503;33.62567395;-0.08384118974;-0.02764163166;0.2612974048;12
33.61978239;1.201196909;0.2009970993;10.46620655;33.62777578;-0.09117157012;-0.03619373962;0.26618433;12
33.62188421;1.186840057;0.2249253243;10.39920712;33.6298776;-0.09850194305;-0.04596757516;0.2710712552;12
33.62398604;1.162911773;0.2632105052;10.39442158;33.63197942;-0.1046105921;-0.05329795182;0.2735147178;12
33.62608791;1.153340459;0.2727817893;10.3226366;33.6340813;-0.1082757786;-0.06185005978;0.2784016132;12
33.62818973;1.124626637;0.3014956415;10.30827999;33.63618312;-0.115606159;-0.06795870513;0.2845102847;12
33.63029156;1.095912814;0.3014956415;10.29870892;33.63828494;-0.121714808;-0.07895427197;0.2906189263;12
33.63239338;1.091127157;0.3302095234;10.27956581;33.64038677;-0.1290451884;-0.08261945844;0.2967275679;12
33.63449526;1.043270707;0.3254238665;10.26042366;33.64248859;-0.1351538301;-0.09239330143;0.3016144931;12
33.63659708;1.03848505;0.3349951804;10.25563812;33.64459041;-0.1400407553;-0.102167137;0.3077231348;12
33.6386989;1.019342422;0.3254238665;10.26042366;33.64669223;-0.1449276656;-0.1119409725;0.31261006;12
33.64080072;1.019342422;0.3445664644;10.2652092;33.64879406;-0.1510363221;-0.1204930767;0.316275239;12
33.64290255;1.028913736;0.3254238665;10.29392338;33.65089593;-0.1547015011;-0.1266017258;0.319940418;12
33.64500437;1.052842021;0.2919243574;10.31306553;33.65299776;-0.158366695;-0.1351538301;0.3211621642;12
33.64710619;1.062413216;0.2727817893;10.32742214;33.65509958;-0.1608101577;-0.1375972927;0.319940418;12
33.64920802;1.110269666;0.2249253243;10.37527943;33.6572014;-0.1608101577;-0.142484203;0.316275239;12
33.65130989;1.143769264;0.1914258152;10.41356373;33.65930322;-0.158366695;-0.1461493969;0.3101665974;12
33.65341171;1.177268744;0.1387837082;10.47577763;33.66140505;-0.1571449637;-0.1473711282;0.3052796721;12
33.65551354;1.225125194;0.08614161611;10.54277611;33.66350692;-0.1522580534;-0.1485928595;0.2967275679;12
33.65761536;1.268195987;0.0239282269;10.61934662;33.66560874;-0.142484203;-0.1498145908;0.2869537175;12
33.65971718;1.306481123;-0.0239282269;10.68634605;33.66771057;-0.1327103674;-0.1473711282;0.2759581506;12
33.66181901;1.344766378;-0.05264209956;10.75334454;33.66981239;-0.121714808;-0.1449276656;0.2649625838;12
33.66392088;1.349551916;-0.1148554832;10.8107729;33.67191421;-0.1082757786;-0.1412624866;0.2539670467;12
33.6660227;1.378265858;-0.1435693651;10.87777138;33.67401609;-0.09483675659;-0.1351538301;0.2393062711;12
33.66812453;1.363908887;-0.1818545163;10.94955635;33.67611786;-0.07895427197;-0.1290451884;0.2270889878;12
33.67022635;1.335195065;-0.1866401732;10.98305607;33.67821973;-0.06307178736;-0.1253799945;0.2124282271;12
33.67232817;1.320838094;-0.2201396823;11.01655579;33.68032156;-0.04596757516;-0.1180496216;0.1989891976;12
33.67443005;1.296909928;-0.2297109663;11.02612686;33.68242338;-0.02764163166;-0.1143844277;0.1843284518;12
33.67653182;1.292124271;-0.2632105052;11.03569794;33.6845252;-0.01053741761;-0.1107192412;0.1708894223;12
33.67863369;1.277767301;-0.2632105052;11.01177025;33.68662703;0.004123337101;-0.1033888608;0.1562286615;12
33.68073552;1.26341033;-0.2536391914;11.00698376;33.6887289;0.02000582218;-0.1009454057;0.1415679157;12
33.68283734;1.244267821;-0.2775674164;10.94955635;33.69083072;0.03466657549;-0.09850194305;0.1293506175;12
33.68493916;1.196411371;-0.2536391914;10.89691448;33.69293255;0.04932733253;-0.09483675659;0.1171333194;12
33.68704098;1.13419795;-0.2392822653;10.85862923;33.69503437;0.06032289565;-0.09605848789;0.1049160287;12
33.68914286;1.067198873;-0.2105683982;10.80598736;33.69713619;0.07009673119;-0.09483675659;0.09392046183;12
33.69124468;0.9810572863;-0.1770688742;10.72941685;33.69923802;0.07742711157;-0.0972802192;0.08292489499;12
33.6933465;0.8997012973;-0.1483550072;10.65284634;33.70133989;0.0847574845;-0.09850194305;0.07192932814;12
33.69544833;0.8183453679;-0.1004985496;10.57149029;33.70344171;0.09086613357;-0.09850194305;0.0621554926;12
33.69755015;0.7417750359;-0.0765703246;10.44706345;33.70554354;0.09575305134;-0.09972367436;0.05360338464;12
33.69965197;0.679561615;-0.02871387079;10.36092186;33.70764536;0.09819651395;-0.1033888608;0.04749473557;12
33.70175385;0.6221339107;0.009571290575;10.27956581;33.70974718;0.09941824526;-0.1070540547;0.0426078178;12
33.70385567;0.5647061467;0.06221338734;10.17428207;33.71184901;0.09697478265;-0.1119409725;0.04138609022;12
33.7059575;0.4929214716;0.1100698411;10.12642574;33.71395088;0.09575305134;-0.121714808;0.04016435891;12
33.70805932;0.3876372576;0.1818545163;10.05942631;33.7160527;0.09086613357;-0.1363755614;0.03894263133;12
33.71016114;0.2919243574;0.2201396823;9.982855797;33.71815453;0.0859792158;-0.1498145908;0.0426078178;12
33.71226296;0.2105683982;0.2775674164;9.891928673;33.72025635;0.07498364896;-0.165697068;0.04505127668;12
33.71436484;0.1339980662;0.3206382394;9.781859398;33.72235817;0.06520981342;-0.1803578287;0.04749473557;12
33.71646666;0.0765703246;0.3780659735;9.686145782;33.72446;0.0542142503;-0.1913533956;0.05115992576;12
33.71856848;0.03349951655;0.3780659735;9.590433121;33.72656182;0.04321868345;-0.2011272311;0.05360338464;12
33.72067031;0.02871387079;0.4211367965;9.518648148;33.72866364;0.03466657549;-0.2096793354;0.05604684353;12
33.72277213;0.01914258115;0.4354937077;9.437292099;33.73076552;0.02244928107;-0.2170097083;0.05726857483;12
33.72487395;0.01914258115;0.4402793646;9.403793335;33.73286734;0.01389717404;-0.2231183648;0.0609337613;12
33.72697578;0.0382851623;0.4546363056;9.389435768;33.73496916;0.004123337101;-0.2255618125;0.0621554926;12
33.7290776;0.04785645381;0.4642075896;9.399007797;33.73707098;-0.006872228812;-0.2280052751;0.06337722391;12
33.73117947;0.06221338734;0.4977070987;9.375079155;33.73917281;-0.01786779426;-0.2341139317;0.06459894776;12
33.7332813;0.09092725813;0.4881358147;9.322437286;33.74127468;-0.02764163166;-0.2341139317;0.06337722391;12
33.73538312;0.1292124242;0.4929214716;9.317651749;33.7433765;-0.0374154672;-0.2328922004;0.06459894776;12
33.73748494;0.1435693651;0.4833501875;9.255437851;33.74547828;-0.04474584386;-0.2292270064;0.06459894776;12
33.73958677;0.1531406492;0.4689932466;9.193224907;33.74758015;-0.05207622424;-0.2243400961;0.0609337613;12
33.74168864;0.1914258152;0.4163511395;9.245866776;33.74968197;-0.05696314201;-0.2182314396;0.05971203372;12
33.74379046;0.2201396823;0.3972085714;9.298508644;33.7517838;-0.06185005978;-0.2035706937;0.05726857483;12
33.74589223;0.2632105052;0.4163511395;9.327222824;33.75388562;-0.06673697382;-0.1876882017;0.05604684353;12
33.74799411;0.2919243574;0.4450650215;9.317651749;33.75598744;-0.06795870513;-0.1718057245;0.05849030241;12
33.75009593;0.2967100143;0.4785645306;9.312865257;33.75808932;-0.07040216774;-0.1571449637;0.05849030241;12
33.75219776;0.2679961324;0.4642075896;9.30807972;33.76019114;-0.07162389904;-0.138819024;0.0621554926;12
33.75429958;0.2057827413;0.4594219327;9.370293617;33.76229296;-0.06795870513;-0.1204930767;0.06337722391;12
33.7564014;0.1196411327;0.4402793646;9.461220741;33.76439479;-0.06307178736;-0.1009454057;0.06826414168;12
33.75850328;0.0382851623;0.4498506486;9.547362328;33.76649661;-0.0557414107;-0.08261945844;0.07192932814;12
33.7606051;-0.02871387079;0.4498506486;9.623932838;33.76859848;-0.05085449293;-0.06795870513;0.07681624591;12
33.76270692;-0.09092725813;0.4594219327;9.69093132;33.77070031;-0.04230238497;-0.0557414107;0.08048143238;12
33.76480874;-0.1483550072;0.4881358147;9.772287369;33.77280213;-0.03252854943;-0.04596757516;0.08414662629;12
33.76691057;-0.1818545163;0.4929214716;9.839286804;33.77490395;-0.02519817278;-0.03619373962;0.09025526792;12
33.76901244;-0.2488535494;0.4737788737;9.901499748;33.77700578;-0.01664606482;-0.03008509055;0.09636391699;12
33.77111427;-0.3254238665;0.4785645306;9.987641335;33.77910765;-0.01053741761;-0.02397644334;0.1024725661;12
33.77321609;-0.3780659735;0.4689932466;10.01635551;33.78120942;-0.003207040019;-0.0190895237;0.1073594838;12
33.77531791;-0.4019941986;0.4402793646;10.04506969;33.78331124;0.005345067009;-0.01786779426;0.1098029464;12
33.77741973;-0.4259224236;0.4259224236;10.07378292;33.78541312;0.01023198478;-0.01420260593;0.1134681329;12
33.77952161;-0.4211367965;0.3972085714;10.09771156;33.78751494;0.01389717404;-0.01298087649;0.1146898642;12
33.78162338;-0.3924229145;0.3732803464;10.11685371;33.78961677;0.0175623633;-0.01053741761;0.1159115955;12
33.7837252;-0.3541377485;0.3349951804;10.11685371;33.79171859;0.02122755162;-0.01175914705;0.1159115955;12
33.78582708;-0.2967100143;0.2871387303;10.12164021;33.79382041;0.02367101051;-0.01664606482;0.1146898642;12
33.7879289;-0.2536391914;0.2679961324;10.11685371;33.79592229;0.02367101051;-0.02397644334;0.1110246703;12
33.79003072;-0.2009970993;0.2249253243;10.12164021;33.79802411;0.02244928107;-0.03619373962;0.1085812151;12
33.79213255;-0.1770688742;0.1914258152;10.13599682;33.80012593;0.02000582218;-0.04718930274;0.1036942974;12
33.79423437;-0.1579262912;0.1627119333;10.15035343;33.80222776;0.01878409274;-0.05940660089;0.0975856483;12
33.79633624;-0.1196411327;0.1100698411;10.14078236;33.80432958;0.0175623633;-0.0728456229;0.09025526792;12
33.79843807;-0.1052841991;0.06699903309;10.15035343;33.80643145;0.01389717404;-0.08872810751;0.08170316368;12
33.80053989;-0.04307080805;0.01914258115;10.18385315;33.80853322;0.0126754446;-0.1046105921;0.07070759684;12
33.80264171;0.0;-0.0143569354;10.19342422;33.8106351;0.01145371422;-0.1168278903;0.0609337613;12
33.80474354;0.0382851623;-0.07178468257;10.24606609;33.81273692;0.01145371422;-0.1351538301;0.04993819445;12
33.80684541;0.0765703246;-0.1244267747;10.26042366;33.81483874;0.006566796452;-0.1510363221;0.03894263133;12
33.80894718;0.1100698411;-0.1483550072;10.26042366;33.81694057;0.005345067009;-0.165697068;0.02794706449;12
33.81104906;0.1244267747;-0.1914258152;10.26042366;33.81904239;0.002901607659;-0.1803578287;0.01450803876;12
33.81315088;0.1196411327;-0.2009970993;10.22692394;33.82114421;0.0016798781;-0.1913533956;0.00351247238;12
33.8152527;0.1435693651;-0.2440679073;10.17906761;33.82324604;-0.001985310577;-0.1999054998;-0.007483093534;12
33.81735453;0.1627119333;-0.2679961324;10.15513897;33.82534791;-0.004428769462;-0.2060141414;-0.01725693047;12
33.81945635;0.1770688742;-0.2775674164;10.07856941;33.82744973;-0.004428769462;-0.212122798;-0.02825249545;12
33.82155817;0.1914258152;-0.2823530734;10.03549862;33.82955156;-0.00565049937;-0.212122798;-0.03802633286;12
33.82366;0.2201396823;-0.2679961324;9.973284721;33.83165338;-0.004428769462;-0.2047924101;-0.04657844082;12
33.82576187;0.2297109663;-0.2440679073;9.920642853;33.83375526;-0.00565049937;-0.1999054998;-0.05268708616;12
33.82786369;0.2344966233;-0.2249253243;9.872786522;33.83585708;-0.0007635809598;-0.1913533956;-0.05879573524;12
33.82996552;0.2201396823;-0.2009970993;9.839286804;33.8379589;-0.0007635809598;-0.1791360974;-0.06368265301;12
33.83206734;0.1962114573;-0.1722832322;9.810572624;33.84006072;0.0016798781;-0.1632536054;-0.06612611562;12
33.83416921;0.1818545163;-0.1387837082;9.762716293;33.84216255;0.005345067009;-0.1461493969;-0.06734783947;12
33.83627104;0.1531406492;-0.1004985496;9.743574142;33.84426437;0.01023198478;-0.1302669197;-0.06979130208;12
33.83837286;0.1339980662;-0.08135596663;9.714859962;33.84636619;0.01511890348;-0.1131627038;-0.06979130208;12
33.84047468;0.1004985496;-0.04307080805;9.69093132;33.84846802;0.02000582218;-0.09239330143;-0.06734783947;12
33.84257651;0.0765703246;-0.04785645381;9.662218094;33.85056989;0.02733619884;-0.07528908551;-0.06856957078;12
33.84467833;0.05742774159;-0.009571290575;9.623932838;33.85267171;0.03222311661;-0.05696314201;-0.06612611562;12
33.84678015;0.0382851623;-0.009571290575;9.604789734;33.85477354;0.03711003438;-0.03619373962;-0.06368265301;12
33.84888197;0.03349951655;0.0;9.590433121;33.85687536;0.04199695215;-0.01786779426;-0.06123919412;12
33.85098385;0.03349951655;0.0;9.561718941;33.85897718;0.04688387364;0.0004581485991;-0.06123919412;12
33.85308567;0.0239282269;0.004785645287;9.528220177;33.861079;0.05054906011;0.01878409274;-0.05879573524;12
33.8551875;0.0382851623;0.0;9.518648148;33.86318083;0.0542142503;0.0358883068;-0.05513054505;12
33.85728932;0.0143569354;-0.0143569354;9.504291534;33.8652827;0.05665770918;0.0542142503;-0.05390881747;12
33.85939114;0.0;-0.004785645287;9.475577354;33.86738453;0.05543597788;0.07131846249;-0.05268708616;12
33.86149296;0.0143569354;0.0239282269;9.461220741;33.86948635;0.05787943676;0.08842267841;-0.05268708616;12
33.86359479;0.0143569354;0.009571290575;9.437292099;33.87158817;0.05910116807;0.1091920808;-0.05390881747;12
33.86569666;0.05264209956;-0.009571290575;9.422935486;33.87369005;0.06032289565;0.1250745654;-0.05513054505;12
33.86779848;0.09092725813;-0.01914258115;9.38465023;33.87579187;0.06276635826;0.1385135949;-0.06001746282;12
33.86990031;0.1148554832;-0.01914258115;9.375079155;33.87789369;0.06276635826;0.1495091617;-0.06123919412;12
33.87200213;0.1100698411;-0.02871387079;9.394221306;33.87999552;0.06276635826;0.1556178033;-0.06246092543;12
33.874104;0.07178468257;-0.02871387079;9.44207859;33.88209734;0.06520981342;0.1580612659;-0.06368265301;12
33.87620583;0.02871387079;0.009571290575;9.499505997;33.88419916;0.06520981342;0.1580612659;-0.06368265301;12
33.87830765;-0.04307080805;0.009571290575;9.523433685;33.88630098;0.06276635826;0.1556178033;-0.06490438432;12
33.88040947;-0.1004985496;0.03349951655;9.528220177;33.88840286;0.06154462695;0.1458439678;-0.06612611562;12
33.8825113;-0.1435693651;0.05264209956;9.533005714;33.89050468;0.06032289565;0.1409570426;-0.06612611562;12
33.88461312;-0.2105683982;0.04307080805;9.547362328;33.8926065;0.05665770918;0.1299614757;-0.06490438432;12
33.88671494;-0.2488535494;0.06221338734;9.600004196;33.89470833;0.0542142503;0.117744185;-0.06246092543;12
33.88881682;-0.3110669553;0.05264209956;9.600004196;33.89681015;0.05177079141;0.1030834317;-0.06123919412;12
33.89091864;-0.3828516304;0.05742774159;9.647860527;33.89891203;0.04810560122;0.08842267841;-0.05757400393;12
33.89302046;-0.4689932466;0.08614161611;9.667003632;33.9010138;0.04444041103;0.0737619251;-0.05635227636;12
33.89512229;-0.5264210105;0.09092725813;9.700503349;33.90311567;0.04077522457;0.05543597788;-0.05513054505;12
33.89722411;-0.5694918036;0.09571290761;9.714859962;33.9052175;0.0358883068;0.03955349326;-0.05390881747;12
33.89932598;-0.5982056856;0.1052841991;9.69093132;33.90731932;0.03466657549;0.02244928107;-0.05513054505;12
33.90142776;-0.5934200287;0.1052841991;9.657432556;33.90942114;0.03222311661;0.005345067009;-0.05513054505;12
33.90352963;-0.5886343718;0.09571290761;9.652647018;33.91152296;0.02977965772;-0.01175914705;-0.05635227636;12
33.90563145;-0.5934200287;0.09092725813;9.628718376;33.91362479;0.02489273995;-0.03008509055;-0.05879573524;12
33.90773328;-0.5934200287;0.1052841991;9.590433121;33.91572666;0.02367101051;-0.04596757516;-0.05879573524;12
33.9098351;-0.6029912829;0.1004985496;9.57129097;33.91782848;0.0175623633;-0.05818486959;-0.06001746282;12
33.91193692;-0.6125625968;0.09571290761;9.518648148;33.91993031;0.01023198478;-0.0728456229;-0.06123919412;12
33.91403874;-0.6125625968;0.09092725813;9.494720459;33.92203213;0.005345067009;-0.08628465235;-0.06123919412;12
33.91614062;-0.6125625968;0.1148554832;9.408578873;33.92413395;-0.0007635809598;-0.09850194305;-0.06123919412;12
33.91824244;-0.6221339107;0.1244267747;9.327222824;33.92623578;-0.004428769462;-0.1082757786;-0.05879573524;12
33.92034427;-0.6173482537;0.1531406492;9.260223389;33.92833765;-0.01053741761;-0.115606159;-0.05879573524;12
33.92244609;-0.6125625968;0.1818545163;9.231510162;33.93043947;-0.01664606482;-0.1204930767;-0.05757400393;12
33.92454791;-0.5838487148;0.2105683982;9.169296265;33.9325413;-0.02153298259;-0.1253799945;-0.05513054505;12
33.92664973;-0.5503492355;0.2153540403;9.126225471;33.93464312;-0.02519817278;-0.1266017258;-0.05268708616;12
33.92875161;-0.5503492355;0.2297109663;9.078369141;33.93674494;-0.03252854943;-0.1241582632;-0.05024362728;12
33.93085343;-0.5312066078;0.2536391914;9.040083885;33.93884677;-0.0374154672;-0.121714808;-0.0478001684;12
33.93295526;-0.5072783828;0.2632105052;8.982656479;33.94094859;-0.04352411628;-0.1180496216;-0.04413498193;12
33.93505708;-0.5072783828;0.2823530734;8.97308445;33.94305046;-0.04474584386;-0.1107192412;-0.04046979174;12
33.9371589;-0.4881358147;0.2967100143;8.939585686;33.94515229;-0.04963276163;-0.1033888608;-0.03802633286;12
33.93926072;-0.4498506486;0.3110669553;8.925228119;33.94725411;-0.05329795182;-0.0972802192;-0.03313941509;12
33.94136255;-0.4354937077;0.3158525825;8.891729355;33.94935593;-0.05818486959;-0.08628465235;-0.0294742249;12
33.94346442;-0.4115654826;0.3062812984;8.863015175;33.95145776;-0.05940660089;-0.0728456229;-0.02458730713;12
33.94556624;-0.4163511395;0.3158525825;8.858229637;33.95355963;-0.06185005978;-0.06062832847;-0.0209221188;12
33.94766807;-0.3876372576;0.3158525825;8.867800713;33.95566145;-0.06185005978;-0.04718930274;-0.01725693047;12
33.94976989;-0.3637090325;0.3014956415;8.863015175;33.95776328;-0.06307178736;-0.03375028074;-0.01237001177;12
33.95187171;-0.3062812984;0.3014956415;8.882157326;33.9598651;-0.06307178736;-0.02031125315;-0.009926552884;12
33.95397359;-0.2536391914;0.2919243574;8.930013657;33.96196692;-0.06307178736;-0.008093958721;-0.005039634649;12
33.95607541;-0.2297109663;0.2871387303;8.963513374;33.96406874;-0.06185005978;0.0004581485991;-0.002596175298;12
33.95817723;-0.2009970993;0.2775674164;8.97308445;33.96617062;-0.06429351866;0.01023198478;-0.0001527161949;12
33.96027906;-0.1579262912;0.2584248483;9.006584167;33.96827239;-0.06429351866;0.0175623633;-0.001374445739;12
33.96238088;-0.08135596663;0.2153540403;9.092725754;33.97037427;-0.06429351866;0.02733619884;-0.001374445739;12
33.9644827;-0.004785645287;0.1722832322;9.092725754;33.97247609;-0.06307178736;0.03955349326;-0.001374445739;12
33.96658458;0.04307080805;0.1435693651;9.078369141;33.97457791;-0.06429351866;0.05054906011;-0.0001527161949;12
33.96868635;0.09571290761;0.1483550072;9.083154678;33.97667973;-0.06551524997;0.05665770918;-0.0001527161949;12
33.97078822;0.1004985496;0.1627119333;9.083154678;33.97878156;-0.06795870513;0.06520981342;0.001069013379;12
33.97289005;0.1292124242;0.1818545163;9.121439934;33.98088338;-0.07040216774;0.07009673119;0.00351247238;12
33.97499187;0.1483550072;0.2009970993;9.145368576;33.98298526;-0.07528908551;0.07620538026;0.00351247238;12
33.97709369;0.1770688742;0.1914258152;9.174081802;33.98508708;-0.08017600328;0.07987056673;0.004734201822;12
33.97919552;0.2201396823;0.1770688742;9.198010445;33.9871889;-0.08261945844;0.08231402934;0.004734201822;12
33.98129734;0.2775674164;0.1531406492;9.245866776;33.98929072;-0.08750637621;0.0859792158;0.001069013379;12
33.98339921;0.3302095234;0.1244267747;9.274580956;33.99139255;-0.08994983882;0.0859792158;-0.001374445739;12
33.98550104;0.3924229145;0.08614161611;9.327222824;33.99349437;-0.09361502528;0.08842267841;-0.003817904973;12
33.98760286;0.4307080805;0.05264209956;9.394221306;33.99559619;-0.09850194305;0.0847574845;-0.008704823442;12
33.98970468;0.4498506486;0.0239282269;9.451649666;33.99769807;-0.09972367436;0.08231402934;-0.01114828233;12
33.9918065;0.4642075896;-0.004785645287;9.51386261;33.99979989;-0.09972367436;0.07864884287;-0.01847865991;12
33.99390833;0.5024927258;-0.01914258115;9.580862045;34.00190171;-0.1033888608;0.0737619251;-0.02336557768;12
33.99601015;0.5216353536;-0.06699903309;9.671789169;34.00400359;-0.1033888608;0.06520981342;-0.02825249545;12
33.99811203;0.5551348329;-0.0765703246;9.772287369;34.00610541;-0.1033888608;0.05665770918;-0.03313941509;12
34.00021385;0.5599204898;-0.08614161611;9.834501266;34.00820723;-0.102167137;0.04566214234;-0.03802633286;12
34.00231567;0.6029912829;-0.1004985496;9.911071777;34.01030906;-0.1033888608;0.0358883068;-0.04413498193;12
34.00441755;0.6317051649;-0.1100698411;9.992427826;34.01241088;-0.1046105921;0.02367101051;-0.0490218997;12
34.00651937;0.6460621357;-0.1196411327;10.06421185;34.0145127;-0.1046105921;0.01145371422;-0.05390881747;12
34.00862119;0.6843472719;-0.1100698411;10.11685371;34.01661453;-0.1046105921;0.0004581485991;-0.06001746282;12
34.01072302;0.7130611539;-0.1148554832;10.14078236;34.0187164;-0.1070540547;-0.01175914705;-0.06490438432;12
34.01282484;0.7513462901;-0.1004985496;10.19342422;34.02081822;-0.1082757786;-0.02031125315;-0.06979130208;12
34.01492666;0.7752745152;-0.09571290761;10.23170948;34.02292005;-0.1107192412;-0.03008509055;-0.07589995116;12
34.01702848;0.8183453679;-0.08614161611;10.25563812;34.02502187;-0.1119409725;-0.03619373962;-0.07956513762;12
34.01913036;0.8327022791;-0.06221338734;10.30827999;34.02712369;-0.1119409725;-0.04474584386;-0.08323032409;12
34.02123218;0.8853443861;-0.02871387079;10.3657074;34.02922552;-0.1143844277;-0.05207622424;-0.0856737867;12
34.023334;0.9332008362;-0.004785645287;10.41835022;34.03132734;-0.115606159;-0.0557414107;-0.09056070447;12
34.02543583;0.9762716293;0.0143569354;10.46620655;34.03342916;-0.115606159;-0.05940660089;-0.09544762224;12
34.02753765;1.024128079;0.04307080805;10.50927734;34.03553104;-0.1119409725;-0.06185005978;-0.09666935354;12
34.02963947;1.081555843;0.06221338734;10.55713367;34.03763286;-0.1107192412;-0.06795870513;-0.10033454;12
34.0317413;1.124626637;0.09092725813;10.60020447;34.03973468;-0.1082757786;-0.06673697382;-0.1039997265;12
34.03384312;1.186840057;0.1292124242;10.62413216;34.0418365;-0.1070540547;-0.06673697382;-0.1052214578;12
34.035945;1.234696507;0.1292124242;10.66720295;34.04393833;-0.1033888608;-0.06185005978;-0.1113301069;12
34.03804682;1.292124271;0.1435693651;10.69591713;34.04604015;-0.09972367436;-0.05451968312;-0.113773562;12
34.04014864;1.330409408;0.1579262912;10.73420238;34.04814197;-0.09605848789;-0.04718930274;-0.1162170246;12
34.04225046;1.378265858;0.1627119333;10.75813103;34.05024385;-0.08994983882;-0.0374154672;-0.1186604798;12
34.04435229;1.416550994;0.1722832322;10.8107729;34.05234567;-0.08261945844;-0.02764163166;-0.1198822111;12
34.04645411;1.45483613;0.1722832322;10.89691448;34.0544475;-0.0740673542;-0.0190895237;-0.1211039424;12
34.04855593;1.50269258;0.1866401732;10.97348499;34.05654932;-0.06429351866;-0.01053741761;-0.123547405;12
34.05065781;1.526620865;0.2057827413;11.05005455;34.05865119;-0.05329795182;-0.004428769462;-0.1247691289;12
34.05275963;1.588834286;0.2249253243;11.16969585;34.06075302;-0.03985892609;-0.0007635809598;-0.1247691289;12
34.05486145;1.612762451;0.2440679073;11.26540947;34.06285484;-0.02641990222;0.0004581485991;-0.1284343153;12
34.05696328;1.655833244;0.2344966233;11.38504982;34.06495666;-0.01298087649;0.002901607659;-0.1320995092;12
34.05906515;1.698904037;0.2536391914;11.45683479;34.06705848;0.0016798781;0.0004581485991;-0.1369864196;12
34.06116697;1.746760488;0.2392822653;11.5334053;34.06916031;0.01145371422;-0.001985310577;-0.1406516135;12
34.0632688;1.813759565;0.2153540403;11.60519028;34.07126213;0.02489273995;-0.009315688163;-0.14676027;12
34.06537062;1.861616015;0.2392822653;11.63868904;34.07336395;0.03344484791;-0.01420260593;-0.1540906429;12
34.06747244;1.919043779;0.2392822653;11.68175983;34.07546583;0.04566214234;-0.0190895237;-0.1626427472;12
34.06957427;1.976471543;0.2297109663;11.66740322;34.07756765;0.05543597788;-0.02641990222;-0.1711948514;12
34.07167609;2.038684845;0.2201396823;11.66740322;34.07966947;0.05787943676;-0.03252854943;-0.1785252392;12
34.07377791;2.081755638;0.2344966233;11.6339035;34.0817713;0.06520981342;-0.03985892609;-0.1895207912;12
34.07587979;2.120040894;0.2297109663;11.62433243;34.08387312;0.06643154472;-0.04963276163;-0.1980729103;12
34.07798161;2.182254314;0.2297109663;11.62433243;34.08597494;0.0725401938;-0.0557414107;-0.2090684772;12
34.08008343;2.234896421;0.2249253243;11.5764761;34.08807682;0.0725401938;-0.06918043643;-0.2188423127;12
34.08218526;2.297109842;0.2488535494;11.54297638;34.09017864;0.0725401938;-0.08261945844;-0.2298378795;12
34.08428708;2.354537487;0.2536391914;11.49512005;34.09228046;0.0737619251;-0.09483675659;-0.2408334464;12
34.0863889;2.416750908;0.2679961324;11.47119141;34.09438229;0.0725401938;-0.1058323234;-0.2506072819;12
34.08849078;2.450250387;0.2727817893;11.43290615;34.09648411;0.0737619251;-0.1180496216;-0.2628245652;12
34.0905926;2.507678032;0.2679961324;11.40897846;34.09858598;0.0725401938;-0.1278234571;-0.2713766694;12
34.09269442;2.517249346;0.2727817893;11.35633659;34.10068781;0.0725401938;-0.1400407553;-0.2823722363;12
34.09479625;2.531606436;0.2871387303;11.33240795;34.10278963;0.07131846249;-0.1498145908;-0.2933678031;12
34.09689807;2.536391973;0.2871387303;11.3132658;34.10489145;0.07131846249;-0.1595884264;-0.3031416535;12
34.09899994;2.54117775;0.2967100143;11.3132658;34.10699328;0.07131846249;-0.1705839932;-0.3116937578;12
34.10110177;2.536391973;0.2919243574;11.29890823;34.1090951;0.07131846249;-0.1779143661;-0.3214675784;12
34.10320359;2.550748825;0.2919243574;11.27976608;34.11119692;0.07498364896;-0.1828012913;-0.3312414289;12
34.10530541;2.565105915;0.2967100143;11.27976608;34.11329874;0.07620538026;-0.1876882017;-0.3397935331;12
34.10740723;2.560320139;0.2775674164;11.26062298;34.11540062;0.08109229803;-0.1901316643;-0.3471239209;12
34.10950906;2.569891453;0.2584248483;11.27976608;34.11750244;0.0847574845;-0.1937968582;-0.3556760252;12
34.11161088;2.574677229;0.2488535494;11.30848026;34.11960427;0.09208786488;-0.1962403059;-0.3605629504;12
34.1137127;2.565105915;0.2440679073;11.29890823;34.12170609;0.09941824526;-0.1974620372;-0.3678933084;12
34.11581458;2.579462767;0.2297109663;11.35155106;34.12380791;0.1091920808;-0.1974620372;-0.37400195;12
34.1179164;2.565105915;0.2105683982;11.37547874;34.12590973;0.1189659163;-0.1974620372;-0.3825540543;12
34.12001822;2.584248543;0.2153540403;11.38504982;34.12801161;0.1287397593;-0.1986837685;-0.3898844421;12
34.12212005;2.589034081;0.1962114573;11.42333508;34.13011343;0.1372918636;-0.1974620372;-0.3984365463;12
34.12422187;2.617748022;0.1818545163;11.41854954;34.13221526;0.1482874304;-0.1937968582;-0.4069886506;12
34.12632369;2.660818815;0.1531406492;11.40419292;34.13431708;0.1568395346;-0.1901316643;-0.4155407548;12
34.12842557;2.675175667;0.1339980662;11.36590767;34.13641895;0.1666133702;-0.1876882017;-0.424092859;12
34.13052739;2.699103832;0.09092725813;11.32283688;34.13852078;0.1751654744;-0.1864664704;-0.4338667095;12
34.13262921;2.727817774;0.06699903309;11.27976608;34.1406226;0.181274116;-0.1828012913;-0.4436405599;12
34.13473104;2.746960402;0.06221338734;11.26540947;34.14272442;0.1898262352;-0.1779143661;-0.4521926641;12
34.13683291;2.775674343;0.02871387079;11.1936245;34.14482625;0.1971566081;-0.1766926348;-0.4607447684;12
34.13893473;2.852244616;0.0143569354;11.16491032;34.14692807;0.200821802;-0.1730274558;-0.4741837978;12
34.14103656;2.919243574;0.0;11.12662506;34.14902989;0.2081521749;-0.1730274558;-0.4864010811;12
34.14313838;2.981456995;-0.0239282269;11.06919765;34.15113171;0.2130390853;-0.1730274558;-0.4986183643;12
34.1452402;3.03888464;-0.04785645381;11.03569794;34.15323359;0.2154825479;-0.1718057245;-0.5108356476;12
34.14734203;3.077169895;-0.06221338734;10.98305607;34.15533541;0.2215912044;-0.1718057245;-0.5254964232;12
34.14944385;3.129812002;-0.09571290761;10.92562866;34.15743723;0.2240346521;-0.1705839932;-0.5401571989;12
34.15154567;3.172882795;-0.1339980662;10.84427261;34.15953906;0.2264781147;-0.1742491722;-0.556039691;12
34.15364755;3.206382275;-0.1339980662;10.78205872;34.16164088;0.2252563834;-0.1742491722;-0.570700407;12
34.15574937;3.235096216;-0.1579262912;10.71984577;34.1637427;0.227699846;-0.1766926348;-0.5853611827;12
34.15785119;3.254238844;-0.1722832322;10.66720295;34.16584453;0.227699846;-0.18157956;-0.5975784659;12
34.15995302;3.254238844;-0.1914258152;10.60020447;34.16794635;0.2252563834;-0.1864664704;-0.6122392416;12
34.16205484;3.268595695;-0.2009970993;10.54277611;34.17004822;0.2228129357;-0.1913533956;-0.6232348084;12
34.16415666;3.239881754;-0.2105683982;10.47577763;34.17215005;0.2203694731;-0.1950185746;-0.6354520917;12
34.16625848;3.220739365;-0.1914258152;10.38963604;34.17425187;0.2167042792;-0.2011272311;-0.6464476585;12
34.16836031;3.225524902;-0.1962114573;10.34177971;34.17635369;0.2118173689;-0.2047924101;-0.656221509;12
34.17046218;3.192025423;-0.1962114573;10.25085258;34.17845552;0.2057087123;-0.212122798;-0.6659952998;12
34.17256401;3.163311481;-0.1770688742;10.18863869;34.18055739;0.200821802;-0.2206749022;-0.6745474339;12
34.17466583;3.125026464;-0.1387837082;10.15035343;34.18265921;0.1898262352;-0.2255618125;-0.6843212843;12
34.17676765;3.091526747;-0.1196411327;10.10728264;34.18476104;0.18493931;-0.2328922004;-0.6940951347;12
34.17886947;3.072384357;-0.09092725813;10.04985523;34.18686286;0.1763872057;-0.2377791107;-0.7038689256;12
34.18097135;3.067598581;-0.1100698411;9.973284721;34.18896468;0.1702785641;-0.2463312149;-0.713642776;12
34.18307317;3.062813044;-0.1100698411;9.949356079;34.1910665;0.1629481763;-0.2475529462;-0.72219491;12
34.185175;3.043670416;-0.1339980662;9.906285286;34.19316833;0.1556178033;-0.2548833191;-0.7319687009;12
34.18727682;3.010170937;-0.1483550072;9.915857315;34.1952702;0.1519526094;-0.258548528;-0.7405208349;12
34.18937864;2.976671457;-0.1722832322;9.915857315;34.19737203;0.1495091617;-0.262213707;-0.7515164018;12
34.19148046;2.94317174;-0.1962114573;9.920642853;34.19947385;0.1434005052;-0.2671006322;-0.7612902522;12
34.19358229;2.914458036;-0.2009970993;9.944570541;34.20157567;0.1434005052;-0.2707658112;-0.7722858191;12
34.19568416;2.890529871;-0.2249253243;9.958928108;34.20367755;0.1409570426;-0.2756527364;-0.7845031023;12
34.19778598;2.880958557;-0.2297109663;9.95414257;34.20577937;0.1397353113;-0.2793179154;-0.7954986691;12
34.19988781;2.866601467;-0.2536391914;9.973284721;34.20788119;0.1421787739;-0.281761378;-0.8077159524;12
34.20198963;2.837887764;-0.2679961324;9.982855797;34.20998302;0.1421787739;-0.2854265571;-0.821154952;12
34.2040915;2.823530674;-0.2775674164;9.949356079;34.21208484;0.1434005052;-0.2842048407;-0.8321505189;12
34.20619333;2.775674343;-0.2967100143;9.992427826;34.21418666;0.1458439678;-0.2842048407;-0.8455895782;12
34.20829515;2.71824646;-0.3206382394;9.982855797;34.21628854;0.1482874304;-0.2829830945;-0.8553634286;12
34.21039697;2.651247501;-0.3206382394;9.973284721;34.21839036;0.1531743407;-0.281761378;-0.8651372194;12
34.2124988;2.560320139;-0.3397808075;9.992427826;34.22049218;0.1568395346;-0.2793179154;-0.8724676371;12
34.21460062;2.445464849;-0.3302095234;9.968499184;34.22259401;0.1653916389;-0.2768744528;-0.8773545623;12
34.2167025;2.325823545;-0.3110669553;9.987641335;34.22469583;0.1715002805;-0.2732092738;-0.8810197115;12
34.21880432;2.182254314;-0.2919243574;9.992427826;34.22679765;0.1788306683;-0.2719875574;-0.8834632039;12
34.22090614;2.048256159;-0.2584248483;9.987641335;34.22889947;0.181274116;-0.2744309902;-0.8846849203;12
34.22300796;1.923829436;-0.2153540403;9.95414257;34.2310013;0.1861610413;-0.2768744528;-0.8859066367;12
34.22510979;1.832902193;-0.1387837082;9.906285286;34.23310317;0.1873827726;-0.2805396616;-0.8834632039;12
34.22721161;1.746760488;-0.09571290761;9.858428955;34.235205;0.1886045039;-0.2805396616;-0.8822414875;12
34.22931343;1.679761529;-0.05742774159;9.796216011;34.23730682;0.1886045039;-0.2805396616;-0.8785762787;12
34.23141526;1.612762451;-0.02871387079;9.738788605;34.23940864;0.1898262352;-0.2805396616;-0.8736893535;12
34.23351713;1.536192179;0.0;9.69093132;34.24151052;0.1898262352;-0.2756527364;-0.8700241446;12
34.23561895;1.450050473;0.0239282269;9.633503914;34.24361229;0.1873827726;-0.2732092738;-0.8663589954;12
34.23772078;1.387837172;0.04785645381;9.580862045;34.24571416;0.18493931;-0.265878886;-0.863915503;12
34.2398226;1.339980721;0.05264209956;9.523433685;34.24781598;0.181274116;-0.2634354234;-0.863915503;12
34.24192447;1.296909928;0.05742774159;9.475577354;34.24991781;0.177608937;-0.2573267817;-0.8614720702;12
34.24402624;1.26341033;0.07178468257;9.418149948;34.25201963;0.1763872057;-0.2561050653;-0.8626937866;12
34.24612812;1.26341033;0.05742774159;9.38465023;34.25412145;0.1727220118;-0.2524398565;-0.8626937866;12
34.24822994;1.249053478;0.06221338734;9.346364975;34.25622333;0.1702785641;-0.2499964088;-0.863915503;12
34.25033177;1.234696507;0.05264209956;9.30807972;34.2583251;0.1666133702;-0.2475529462;-0.863915503;12
34.25243359;1.234696507;0.01914258115;9.274580956;34.26042697;0.1592829973;-0.2426660359;-0.8651372194;12
34.25453541;1.201196909;-0.01914258115;9.202795982;34.2625288;0.1568395346;-0.2365573794;-0.8651372194;12
34.25663729;1.196411371;-0.0382851623;9.145368576;34.26463062;0.1531743407;-0.2280052751;-0.8663589954;12
34.25873906;1.177268744;-0.07178468257;9.083154678;34.26673244;0.154396072;-0.2194531709;-0.8651372194;12
34.26084093;1.158126116;-0.0765703246;9.083154678;34.26883427;0.154396072;-0.2072358727;-0.863915503;12
34.26294276;1.148554921;-0.09092725813;9.068798065;34.27093609;0.1519526094;-0.1962403059;-0.8663589954;12
34.26504458;1.115055323;-0.08614161611;9.111868858;34.27303796;0.1531743407;-0.18157956;-0.8663589954;12
34.2671464;1.095912814;-0.08135596663;9.131011009;34.27513979;0.154396072;-0.1693622619;-0.8651372194;12
34.26924822;1.052842021;-0.1100698411;9.174081802;34.27724161;0.1580612659;-0.158366695;-0.8651372194;12
34.27135005;1.009771109;-0.1196411327;9.193224907;34.27934343;0.161726445;-0.1473711282;-0.8651372194;12
34.27345192;0.9762716293;-0.1387837082;9.231510162;34.28144526;0.1678351015;-0.1339320987;-0.863915503;12
34.27555374;0.9379864931;-0.1818545163;9.260223389;34.28354708;0.1800523996;-0.1180496216;-0.8651372194;12
34.27765557;0.8853443861;-0.2153540403;9.298508644;34.2856489;0.1873827726;-0.1070540547;-0.8651372194;12
34.27975739;0.8949156404;-0.2632105052;9.322437286;34.28775078;0.1983783394;-0.09361502528;-0.8675807118;12
34.28185921;0.8805587292;-0.3062812984;9.351150513;34.2898526;0.2130390853;-0.08261945844;-0.8675807118;12
34.28396104;0.9092726111;-0.3397808075;9.41336441;34.29195442;0.2252563834;-0.0728456229;-0.8700241446;12
34.28606286;0.9188438654;-0.3828516304;9.44207859;34.29405624;0.2399171442;-0.06429351866;-0.8712459207;12
34.28816473;0.8757730722;-0.3876372576;9.494720459;34.29615807;0.2509126961;-0.06062832847;-0.8724676371;12
34.29026656;0.8039883971;-0.4019941986;9.533005714;34.29825994;0.261908263;-0.06062832847;-0.8736893535;12
34.29236838;0.7178468108;-0.3876372576;9.580862045;34.30036177;0.2716821134;-0.06429351866;-0.8761327863;12
34.2944702;0.6317051649;-0.3780659735;9.566504478;34.30246359;0.2765690386;-0.0728456229;-0.8785762787;12
34.29657203;0.5838487148;-0.3732803464;9.528220177;34.30456541;0.2802342176;-0.08384118974;-0.8822414875;12
34.2986739;0.5264210105;-0.3972085714;9.470791817;34.30666723;0.281455934;-0.09605848789;-0.8871283531;12
34.30077572;0.5024927258;-0.4067798555;9.394221306;34.30876906;0.2753472924;-0.1094975099;-0.8883501291;12
34.30287755;0.4785645306;-0.4211367965;9.303294182;34.31087088;0.2704603672;-0.1266017258;-0.8907935619;12
34.30497937;0.4498506486;-0.4259224236;9.202795982;34.3129727;0.2606865466;-0.142484203;-0.8932369947;12
34.30708119;0.4115654826;-0.4546363056;9.073583603;34.31507458;0.2484692484;-0.1547015011;-0.8944587708;12
34.30918302;0.3637090325;-0.4402793646;8.97308445;34.3171764;0.2325867712;-0.1693622619;-0.8956804872;12
34.31128484;0.2823530734;-0.3924229145;8.839086533;34.31927822;0.2154825479;-0.18157956;-0.8969022036;12
34.31338666;0.2488535494;-0.3589234054;8.681160927;34.32138005;0.1934914142;-0.1950185746;-0.89812392;12
34.31548854;0.2153540403;-0.3493520916;8.561519623;34.32348192;0.1702785641;-0.2023489624;-0.9005674124;12
34.31759036;0.1770688742;-0.3062812984;8.465806961;34.32558374;0.1470656991;-0.2072358727;-0.906676054;12
34.31969218;0.1579262912;-0.2823530734;8.346165657;34.32768557;0.127518028;-0.215787977;-0.9078977704;12
34.321794;0.1531406492;-0.2919243574;8.236095428;34.32978739;0.1067486182;-0.2218966335;-0.9103412628;12
34.32389588;0.1196411327;-0.2823530734;8.178668022;34.33188921;0.08842267841;-0.2267835438;-0.9103412628;12
34.3259977;0.06221338734;-0.2775674164;8.178668022;34.33399109;0.0725401938;-0.235335663;-0.9115629792;12
34.32809953;-0.0143569354;-0.2584248483;8.202595711;34.33609291;0.05910116807;-0.2451094985;-0.9078977704;12
34.33020135;-0.1292124242;-0.2201396823;8.250452042;34.33819473;0.04810560122;-0.2536616027;-0.906676054;12
34.33230317;-0.2201396823;-0.1962114573;8.288737297;34.34029656;0.03466657549;-0.2597702444;-0.9030108452;12
34.33440505;-0.3014956415;-0.1818545163;8.346165657;34.34239838;0.02367101051;-0.2646571696;-0.899345696;12
34.33650687;-0.3828516304;-0.1722832322;8.350951195;34.3445002;0.0175623633;-0.265878886;-0.8920152783;12
34.33860869;-0.4546363056;-0.1579262912;8.336593628;34.34660203;0.006566796452;-0.2609919906;-0.8871283531;12
34.34071052;-0.5407779217;-0.1435693651;8.36052227;34.3487039;0.0016798781;-0.2499964088;-0.8810197115;12
34.34281234;-0.6317051649;-0.1052841991;8.346165657;34.35080572;-0.001985310577;-0.2304487377;-0.8749110699;12
34.34491416;-0.7226324677;-0.0765703246;8.365307808;34.35290755;-0.0007635809598;-0.2096793354;-0.8675807118;12
34.34701598;-0.7752745152;-0.05264209956;8.38923645;34.35500937;-0.0007635809598;-0.1974620372;-0.8602503538;12
34.34911786;-0.8422735929;-0.01914258115;8.379665375;34.35711119;0.005345067009;-0.1779143661;-0.8516982198;12
34.35121968;-0.8805587292;-0.009571290575;8.422736168;34.35921302;0.009010255337;-0.162031889;-0.8468112946;12
34.35332151;-0.9667003751;-0.009571290575;8.561519623;34.36131484;0.01634063199;-0.1412624866;-0.8370374441;12
34.35542333;-1.014556766;0.004785645287;8.671588898;34.36341666;0.02733619884;-0.1192713454;-0.8284853697;12
34.35752515;-1.076770186;-0.03349951655;8.676374435;34.36551854;0.03955349326;-0.09850194305;-0.8174898028;12
34.35962697;-1.148554921;-0.06699903309;8.69551754;34.36762036;0.05299251899;-0.07651081681;-0.8052725196;12
34.3617288;-1.244267821;-0.06221338734;8.719446182;34.36972218;0.06643154472;-0.05818486959;-0.7930551767;12
34.36383062;-1.349551916;-0.04307080805;8.767302513;34.371824;0.08231402934;-0.0374154672;-0.7796161771;12
34.3659325;-1.445264935;0.0;8.834300995;34.37392588;0.09453132749;-0.02153298259;-0.7661771774;12
34.36803432;-1.517049551;0.04785645381;8.896514893;34.3760277;0.104305163;-0.004428769462;-0.7502946854;12
34.37013614;-1.607976794;0.08614161611;8.896514893;34.37812953;0.1153007299;0.01145371422;-0.7356339097;12
34.37223796;-1.684547186;0.1052841991;8.934800148;34.38023135;0.127518028;0.02855792828;-0.7246383429;12
34.37433984;-1.761117458;0.1339980662;8.925228119;34.38233317;0.134848401;0.03955349326;-0.7124210596;12
34.37644166;-1.808973908;0.1435693651;8.90130043;34.38443505;0.1385135949;0.04810560122;-0.7014254928;12
34.37854348;-1.837687731;0.1435693651;8.877371788;34.38653682;0.1385135949;0.04932733253;-0.6892082095;12
34.38064531;-1.852044702;0.1531406492;8.863015175;34.38863869;0.1360701323;0.04321868345;-0.6806560755;12
34.38274713;-1.866401672;0.1579262912;8.829515457;34.39074052;0.131183207;0.0358883068;-0.6696605086;12
34.384849;-1.899901152;0.1531406492;8.776873589;34.39284234;0.1214093715;0.02122755162;-0.6598866582;12
34.38695078;-1.952543259;0.1722832322;8.705088615;34.39494416;0.1055268943;0.004123337101;-0.6501128674;12
34.38905265;-2.005185366;0.2009970993;8.657232285;34.39704598;0.0847574845;-0.01298087649;-0.6415607333;12
34.39115447;-2.067398787;0.2392822653;8.571090698;34.39914781;0.06032289565;-0.03375028074;-0.6330085993;12
34.3932563;-2.06261301;0.2919243574;8.48973465;34.40124963;0.0358883068;-0.05329795182;-0.6232348084;12
34.39535812;-2.091326952;0.2919243574;8.437092781;34.4033515;0.009010255337;-0.07528908551;-0.613460958;12
34.39745994;-2.134397745;0.2967100143;8.398807526;34.40545333;-0.0190895237;-0.0972802192;-0.6024653912;12
34.39956177;-2.187039852;0.2727817893;8.398807526;34.40755515;-0.04841103405;-0.121714808;-0.5939132571;12
34.40166359;-2.268395901;0.2488535494;8.427521706;34.40965697;-0.0740673542;-0.1498145908;-0.5829176903;12
34.40376546;-2.335394859;0.2344966233;8.494520187;34.4117588;-0.1009454057;-0.1803578287;-0.5731438994;12
34.40586729;-2.388036966;0.2392822653;8.547162056;34.41386067;-0.1253799945;-0.2084576041;-0.563370049;12
34.40796911;-2.450250387;0.2344966233;8.623732567;34.4159625;-0.1485928595;-0.239000842;-0.554817915;12
34.41007093;-2.498106956;0.2297109663;8.69551754;34.41806432;-0.1693622619;-0.2707658112;-0.5438223481;12
34.41217276;-2.54117775;0.2392822653;8.772088051;34.42016614;-0.1840230078;-0.3000873327;-0.5340485573;12
34.41427463;-2.579462767;0.2392822653;8.867800713;34.42226796;-0.1986837685;-0.328187108;-0.5242747068;12
34.41637645;-2.608176708;0.2440679073;8.97308445;34.42436979;-0.212122798;-0.3538434207;-0.51327914;12
34.41847828;-2.632104874;0.2297109663;9.111868858;34.42647161;-0.2194531709;-0.3758345544;-0.5010618567;12
34.4205801;-2.689532757;0.2440679073;9.269794464;34.42857343;-0.2243400961;-0.3904953003;-0.4912880063;12
34.42268192;-2.785245657;0.2488535494;9.408578873;34.43067531;-0.2255618125;-0.4014908671;-0.4815141559;12
34.42478374;-2.857030153;0.2297109663;9.509077072;34.43277713;-0.2267835438;-0.408821255;-0.470518589;12
34.42688557;-2.895315409;0.2057827413;9.600004196;34.43487895;-0.2243400961;-0.4112647176;-0.463188231;12
34.42898739;-2.880958557;0.1914258152;9.681360245;34.43698078;-0.2206749022;-0.412486434;-0.4534143806;12
34.43108927;-2.847458839;0.1627119333;9.777072906;34.4390826;-0.2145662606;-0.4063777924;-0.4473057389;12
34.43319109;-2.809173822;0.1579262912;9.84885788;34.44118442;-0.2035706937;-0.4014908671;-0.4387536347;12
34.43529291;-2.766103029;0.1292124242;9.911071777;34.4432863;-0.1950185746;-0.3929387629;-0.4314232469;12
34.43739473;-2.756531715;0.08614161611;9.987641335;34.44538812;-0.1840230078;-0.378278017;-0.424092859;12
34.43949656;-2.780459881;0.07178468257;10.07378292;34.44748994;-0.1742491722;-0.3660607338;-0.4155407548;12
34.44159838;-2.82831645;0.0382851623;10.08335495;34.44959177;-0.162031889;-0.3501782417;-0.4082103968;12
34.44370026;-2.866601467;0.0143569354;10.10728264;34.45169359;-0.1498145908;-0.3318522871;-0.4008800089;12
34.44580208;-2.861815929;0.0;10.14078236;34.45379541;-0.1363755614;-0.3135263622;-0.3959930837;12
34.4479039;-2.833101988;-0.0143569354;10.15513897;34.45589729;-0.1241582632;-0.2952004075;-0.3898844421;12
34.45000572;-2.799602509;-0.01914258115;10.19342422;34.45799911;-0.1131627038;-0.2793179154;-0.3837758005;12
34.45210755;-2.751745939;-0.0239282269;10.18385315;34.46010093;-0.09850194305;-0.2597702444;-0.3788888752;12
34.45420937;-2.73260355;-0.06699903309;10.19820976;34.46220276;-0.08750637621;-0.2402225733;-0.37400195;12
34.45631124;-2.727817774;-0.09092725813;10.19342422;34.46430458;-0.08017600328;-0.2194531709;-0.3691150546;12
34.45841307;-2.742174864;-0.1148554832;10.17906761;34.46640645;-0.06795870513;-0.1925751269;-0.3642281294;12
34.46051489;-2.761317253;-0.1435693651;10.18385315;34.46850828;-0.05696314201;-0.1742491722;-0.3581194878;12
34.46261671;-2.780459881;-0.1722832322;10.15513897;34.4706101;-0.04474584386;-0.1522580534;-0.3532325625;12
34.46471854;-2.794816732;-0.1818545163;10.18385315;34.47271192;-0.03497200832;-0.1363755614;-0.3471239209;12
34.46682041;-2.804388046;-0.1962114573;10.21256733;34.47481374;-0.02397644334;-0.1229365394;-0.3397935331;12
34.46892223;-2.82831645;-0.1962114573;10.24606609;34.47691562;-0.01664606482;-0.1119409725;-0.3324631453;12
34.47102406;-2.842673302;-0.2153540403;10.25563812;34.47901739;-0.004428769462;-0.1058323234;-0.323911041;12
34.47312588;-2.871387243;-0.2297109663;10.28435135;34.48111921;0.006566796452;-0.1009454057;-0.316580683;12
34.4752277;-2.895315409;-0.2679961324;10.30827999;34.48322109;0.0175623633;-0.0972802192;-0.3116937578;12
34.47732958;-2.967100143;-0.2919243574;10.32742214;34.48532291;0.02611446939;-0.09483675659;-0.3043633699;12
34.47943135;-3.000599623;-0.3062812984;10.32742214;34.48742473;0.03100138716;-0.0972802192;-0.3031416535;12
34.48153317;-3.000599623;-0.3110669553;10.33220863;34.48952656;0.04077522457;-0.1009454057;-0.2994764447;12
34.48363505;-2.938386202;-0.3014956415;10.30827999;34.49162838;0.04688387364;-0.1070540547;-0.3031416535;12
34.48573687;-2.871387243;-0.3302095234;10.31785107;34.49373026;0.04810560122;-0.115606159;-0.3031416535;12
34.48783869;-2.799602509;-0.3254238665;10.32742214;34.49583208;0.04932733253;-0.131488651;-0.3055851161;12
34.48994052;-2.751745939;-0.3445664644;10.29870892;34.4979339;0.04932733253;-0.1449276656;-0.3092502952;12
34.49204234;-2.713460922;-0.3732803464;10.24128056;34.50003572;0.04566214234;-0.162031889;-0.3141372204;12
34.49414421;-2.703889608;-0.4163511395;10.19820976;34.50213755;0.04199695215;-0.1742491722;-0.3214675784;12
34.49624604;-2.694318295;-0.4594219327;10.07378292;34.50423942;0.03222311661;-0.1864664704;-0.3287979662;12
34.49834786;-2.708675146;-0.5072783828;9.973284721;34.50634119;0.02489273995;-0.1950185746;-0.3349066079;12
34.50044968;-2.689532757;-0.5455635786;9.901499748;34.50844307;0.02000582218;-0.2023489624;-0.3434587121;12
34.5025515;-2.71824646;-0.5694918036;9.839286804;34.51054489;0.01023198478;-0.2047924101;-0.3495673835;12
34.50465338;-2.727817774;-0.5934200287;9.777072906;34.51264671;0.006566796452;-0.2109010667;-0.3568977416;12
34.50675515;-2.756531715;-0.5742774606;9.753145218;34.51474854;0.002901607659;-0.2072358727;-0.3630063832;12
34.50885703;-2.785245657;-0.5599204898;9.729216576;34.51685036;0.002901607659;-0.2011272311;-0.366671592;12
34.51095885;-2.82831645;-0.5359922647;9.724431038;34.51895218;0.004123337101;-0.1901316643;-0.3715584874;12
34.51306067;-2.866601467;-0.5216353536;9.738788605;34.521054;0.009010255337;-0.18157956;-0.3727802336;12
34.5151625;-2.904886723;-0.4977070987;9.743574142;34.52315583;0.0175623633;-0.1742491722;-0.37400195;12
34.51726432;-2.92402935;-0.4689932466;9.786644936;34.5252577;0.02855792828;-0.1608101577;-0.3691150546;12
34.51936614;-3.00538516;-0.4211367965;9.84885788;34.52735953;0.03833176568;-0.1522580534;-0.3642281294;12
34.52146796;-3.110669374;-0.3349951804;9.891928673;34.52946135;0.05054906011;-0.142484203;-0.3568977416;12
34.52356979;-3.201596737;-0.2775674164;9.958928108;34.53156322;0.06765327603;-0.131488651;-0.3520108163;12
34.52567166;-3.302095175;-0.2297109663;9.982855797;34.53366505;0.07987056673;-0.1168278903;-0.3446804583;12
34.52777348;-3.378665686;-0.1866401732;9.978070259;34.53576687;0.09330959618;-0.1033888608;-0.3385718167;12
34.52987531;-3.421736479;-0.1722832322;9.95414257;34.53786869;0.1104138121;-0.08506292105;-0.3324631453;12
34.53197718;-3.464807272;-0.1387837082;9.911071777;34.53997052;0.127518028;-0.06673697382;-0.3251327872;12
34.534079;-3.464807272;-0.1100698411;9.906285286;34.54207234;0.1409570426;-0.04841103405;-0.3190241456;12
34.53618083;-3.493520975;-0.06699903309;9.87757206;34.54417416;0.1556178033;-0.03252854943;-0.3153589368;12
34.53828265;-3.498306751;-0.03349951655;9.863214493;34.54627598;0.1653916389;-0.01664606482;-0.3092502952;12
34.54038447;-3.531806231;0.0143569354;9.805787086;34.54837786;0.1751654744;0.0004581485991;-0.3031416535;12
34.5424863;-3.550948858;0.0382851623;9.74835968;34.55047968;0.18493931;0.0175623633;-0.2982547283;12
34.54458812;-3.56530571;0.06699903309;9.686145782;34.5525815;0.1922696829;0.03100138716;-0.2909243405;12
34.54668994;-3.584448338;0.1004985496;9.609575272;34.55468333;0.1971566081;0.03833176568;-0.2872591615;12
34.54879182;-3.622733593;0.1339980662;9.533005714;34.55678515;0.200821802;0.04566214234;-0.2799287736;12
34.55089364;-3.66101861;0.1818545163;9.475577354;34.55888697;0.2032652497;0.05177079141;-0.273820132;12
34.55299546;-3.704089403;0.2249253243;9.418149948;34.56098885;0.2020435184;0.0542142503;-0.266489774;12
34.55509729;-3.766302824;0.2823530734;9.389435768;34.56309067;0.200821802;0.05665770918;-0.2603811026;12
34.55719911;-3.833301783;0.3110669553;9.327222824;34.5651925;0.1983783394;0.05910116807;-0.2530507445;12
34.55930093;-3.895515203;0.3684946895;9.2362957;34.56729432;0.1947131455;0.05665770918;-0.2457203567;12
34.56140281;-3.94815731;0.3972085714;9.150154114;34.56939614;0.1873827726;0.0542142503;-0.2383899838;12
34.56350463;-3.991228104;0.4498506486;9.087940216;34.57149802;0.1824958473;0.04932733253;-0.2286161482;12
34.56560645;-4.063013077;0.5120640397;9.03051281;34.57359984;0.1751654744;0.04321868345;-0.2188423127;12
34.56770828;-4.125226021;0.6077769399;8.987442017;34.57570166;0.1666133702;0.03222311661;-0.2054032832;12
34.5698101;-4.206582069;0.6987041831;8.925228119;34.57780348;0.1519526094;0.02122755162;-0.1895207912;12
34.57191197;-4.292723656;0.7752745152;8.853444099;34.57990531;0.1385135949;0.0126754446;-0.173638314;12
34.5740138;-4.388436794;0.8757730722;8.757730484;34.58200718;0.1214093715;0.005345067009;-0.1553123742;12
34.57611562;-4.484149456;0.9475577474;8.69551754;34.584109;0.1079703495;-0.003207040019;-0.1345429718;12
34.57821744;-4.565505505;1.033699393;8.628518105;34.58621078;0.09086613357;-0.01175914705;-0.1113301069;12
34.58031927;-4.646861553;1.115055323;8.556734085;34.58831265;0.0737619251;-0.01786779426;-0.08933897316;12
34.58242114;-4.675575256;1.1820544;8.528019905;34.59041447;0.05787943676;-0.02153298259;-0.06368265301;12
34.58452296;-4.713860512;1.253839016;8.475378036;34.5925163;0.04321868345;-0.02641990222;-0.03924806044;12
34.58662473;-4.756931305;1.306481123;8.48973465;34.59461812;0.02855792828;-0.03008509055;-0.01359174121;12
34.58872661;-4.79521656;1.354337573;8.494520187;34.59671994;0.01511890348;-0.03008509055;0.01328630932;12
34.59082843;-4.838287354;1.383051515;8.513663292;34.59882177;0.004123337101;-0.03497200832;0.03894263133;12
34.59293026;-4.852644444;1.40697968;8.547162056;34.60092364;-0.004428769462;-0.03497200832;0.06459894776;12
34.59503208;-4.843072891;1.426122308;8.566305161;34.60302546;-0.01175914705;-0.03252854943;0.08903354406;12
34.5971339;-4.828716278;1.435693622;8.561519623;34.60512729;-0.0190895237;-0.03252854943;0.1122464016;12
34.59923572;-4.790431023;1.445264935;8.590232849;34.60722911;-0.02397644334;-0.03008509055;0.1342375278;12
34.6013376;-4.737788677;1.450050473;8.638090134;34.60933093;-0.03130681813;-0.02275471389;0.1574503928;12
34.60343942;-4.689932346;1.450050473;8.652446747;34.61143276;-0.03252854943;-0.01542433538;0.1794415265;12
34.60554125;-4.632504463;1.445264935;8.671588898;34.61353458;-0.03619373962;-0.004428769462;0.2038761228;12
34.60764307;-4.594219685;1.445264935;8.681160927;34.61563645;-0.03985892609;0.007788525894;0.2258672565;12
34.60974489;-4.555934429;1.445264935;8.700303078;34.61773828;-0.03985892609;0.02367101051;0.2490801066;12
34.61184671;-4.527220249;1.426122308;8.690732002;34.6198401;-0.04352411628;0.03955349326;0.2710712552;12
34.61394854;-4.498506546;1.411765337;8.709874153;34.62194192;-0.04474584386;0.05910116807;0.2955058515;12
34.61605041;-4.441078663;1.397408366;8.738588333;34.62404374;-0.04474584386;0.07742711157;0.3211621642;12
34.61815223;-4.383651257;1.387837172;8.752944946;34.62614562;-0.04230238497;0.09086613357;0.3468184769;12
34.62025406;-4.354937077;1.35912323;8.786444664;34.62824744;-0.04474584386;0.1091920808;0.3736965358;12
34.62235588;-4.335794449;1.325623751;8.858229637;34.63034927;-0.04108065739;0.127518028;0.3993528485;12
34.6244577;-4.316651821;1.301695466;8.910871506;34.63245109;-0.03497200832;0.1421787739;0.4250091612;12
34.62655958;-4.287938118;1.277767301;8.953942299;34.63455291;-0.03252854943;0.1556178033;0.4494437575;12
34.6286614;-4.244867325;1.249053478;9.00179863;34.63665473;-0.02886336111;0.1666133702;0.4714348912;12
34.63076322;-4.182653904;1.21555388;9.102297783;34.63875656;-0.02397644334;0.1800523996;0.4934260249;12
34.63286505;-4.082155228;1.177268744;9.174081802;34.64085843;-0.02153298259;0.1886045039;0.5129737258;12
34.63496687;-3.98165679;1.129412293;9.226723671;34.64296026;-0.01664606482;0.1971566081;0.5288561583;12
34.63706869;-3.857230186;1.076770186;9.293723106;34.64506208;-0.01420260593;0.200821802;0.5447386503;12
34.63917052;-3.737588882;1.019342422;9.341579437;34.6471639;-0.009315688163;0.200821802;0.5569559336;12
34.64127239;-3.617947817;0.9475577474;9.38465023;34.64926572;-0.009315688163;0.2020435184;0.566729784;12
34.64337421;-3.507878065;0.8805587292;9.446864128;34.6513676;-0.00565049937;0.200821802;0.5765036345;12
34.64547604;-3.393022537;0.8231309652;9.499505997;34.65346942;-0.004428769462;0.1947131455;0.5838339925;12
34.64757786;-3.297309637;0.756131947;9.528220177;34.65557125;-0.001985310577;0.1886045039;0.5874992013;12
34.64967968;-3.201596737;0.6652047038;9.547362328;34.65767307;-0.004428769462;0.1788306683;0.5923861265;12
34.65178156;-3.110669374;0.6221339107;9.576076508;34.65977489;-0.00565049937;0.1690568328;0.5972730517;12
34.65388338;-2.995813847;0.5503492355;9.580862045;34.66187671;-0.009315688163;0.154396072;0.600938201;12
34.6559852;-2.928814888;0.4977070987;9.628718376;34.66397854;-0.01175914705;0.1397353113;0.602159977;12
34.65808703;-2.847458839;0.4546363056;9.652647018;34.66608036;-0.01542433538;0.1201876476;0.6033816934;12
34.66018885;-2.799602509;0.4259224236;9.667003632;34.66818223;-0.02275471389;0.09941824526;0.6070469022;12
34.66229067;-2.751745939;0.4019941986;9.643074989;34.67028406;-0.03008509055;0.08231402934;0.6082686186;12
34.6643925;-2.703889608;0.3541377485;9.623932838;34.67238588;-0.03985892609;0.06276635826;0.6070469022;12
34.66649432;-2.627319336;0.3302095234;9.595218658;34.6744877;-0.04718930274;0.04688387364;0.6070469022;12
34.66859619;-2.560320139;0.3014956415;9.595218658;34.67658953;-0.05207622424;0.03711003438;0.6033816934;12
34.67069802;-2.49332118;0.2775674164;9.600004196;34.67869135;-0.05940660089;0.02855792828;0.6033816934;12
34.67279984;-2.426322222;0.2632105052;9.614361763;34.68079322;-0.06307178736;0.02244928107;0.602159977;12
34.67490166;-2.359323025;0.2679961324;9.628718376;34.68289505;-0.06673697382;0.01878409274;0.5972730517;12
34.67700348;-2.30189538;0.2584248483;9.652647018;34.68499687;-0.06795870513;0.0175623633;0.5948295593;12
34.67910531;-2.230110645;0.2297109663;9.671789169;34.68709869;-0.06918043643;0.01878409274;0.5911644101;12
34.68120718;-2.182254314;0.2297109663;9.69093132;34.68920052;-0.06795870513;0.02367101051;0.5874992013;12
34.68330901;-2.129612207;0.2105683982;9.705288887;34.69130234;-0.06185005978;0.03100138716;0.5850557685;12
34.68541083;-2.0769701;0.1818545163;9.757930756;34.69340416;-0.05451968312;0.04077522457;0.5826122761;12
34.68751265;-2.048256159;0.1674975902;9.791430473;34.69550604;-0.04841103405;0.0542142503;0.5801688433;12
34.68961447;-1.990828395;0.1387837082;9.801001549;34.69760786;-0.0374154672;0.0725401938;0.5777253509;12
34.6917163;-1.942971945;0.1052841991;9.824930191;34.69970968;-0.02397644334;0.09575305134;0.5777253509;12
34.69381812;-1.899901152;0.06221338734;9.858428955;34.7018115;-0.008093958721;0.1226311028;0.5740602016;12
34.69592;-1.837687731;0.03349951655;9.896714211;34.70391338;0.007788525894;0.1507308781;0.5716167092;12
34.69802182;-1.761117458;0.04785645381;9.901499748;34.7060152;0.02733619884;0.1824958473;0.5679515004;12
34.70012364;-1.660618901;0.0143569354;9.930213928;34.70811703;0.04321868345;0.2081521749;0.566729784;12
34.70222546;-1.588834286;0.0143569354;9.934999466;34.71021885;0.06398808211;0.2399171442;0.5655080676;12
34.70432734;-1.55054903;0.01914258115;9.911071777;34.71232067;0.07987056673;0.2704603672;0.5655080676;12
34.70642916;-1.545763373;0.0239282269;9.863214493;34.7144225;0.09819651395;0.3022253513;0.5655080676;12
34.70853098;-1.540977836;0.03349951655;9.824930191;34.71652432;0.111635536;0.3364337683;0.5679515004;12
34.71063281;-1.560120344;0.05742774159;9.743574142;34.71862614;0.127518028;0.3681987524;0.5716167092;12
34.71273463;-1.540977836;0.1004985496;9.643074989;34.72072802;0.1397353113;0.3999637067;0.5728384256;12
34.71483645;-1.517049551;0.1483550072;9.537791252;34.72282984;0.1519526094;0.4329504073;0.5765036345;12
34.71693828;-1.493121386;0.1962114573;9.437292099;34.72493166;0.1592829973;0.45860672;0.5801688433;12
34.7190401;-1.445264935;0.2488535494;9.322437286;34.72703348;0.1629481763;0.4842630625;0.5850557685;12
34.72114197;-1.387837172;0.3254238665;9.198010445;34.72913531;0.1641699076;0.5050324798;0.5923861265;12
34.7232438;-1.354337573;0.3828516304;9.035298347;34.73123718;0.161726445;0.517249763;0.602159977;12
34.72534562;-1.354337573;0.4354937077;8.920442581;34.73333901;0.1519526094;0.5270236135;0.6143772602;12
34.72744744;-1.416550994;0.4881358147;8.748159409;34.73544083;0.1409570426;0.5343539715;0.6278162599;12
34.72954927;-1.507478237;0.5503492355;8.623732567;34.73754265;0.1238528341;0.5367974043;0.6436987519;12
34.73165114;-1.574477315;0.6221339107;8.475378036;34.73964447;0.1030834317;0.5355756879;0.6608029604;12
34.73375296;-1.655833244;0.6556333899;8.33180809;34.7417463;0.07864884287;0.5306887627;0.6791289449;12
34.73585479;-1.708475351;0.7130611539;8.236095428;34.74384812;0.05543597788;0.5184714794;0.6962331533;12
34.73795661;-1.756331801;0.732203722;8.164310455;34.74595;0.02977965772;0.5062541962;0.7145590782;12
34.74005843;-1.794616938;0.7513462901;8.111668587;34.74805182;-0.0007635809598;0.4891499579;0.7316632867;12
34.74216026;-1.818545222;0.7657032609;8.087740898;34.75015364;-0.02764163166;0.467158854;0.7487674952;12
34.74426208;-1.852044702;0.7752745152;8.126026154;34.75225546;-0.0557414107;0.4427242577;0.76709342;12
34.74636395;-1.861616015;0.7896314859;8.140382767;34.75435729;-0.08384118974;0.4170679152;0.7829759121;12
34.74846578;-1.866401672;0.784845829;8.126026154;34.75645911;-0.1107192412;0.3889681399;0.7988584042;12
34.7505676;-1.856830359;0.7657032609;8.188239098;34.75856098;-0.1339320987;0.3608683646;0.8135191798;12
34.75266942;-1.823330879;0.7369893789;8.207381248;34.76066281;-0.1571449637;0.3327685893;0.8269581795;12
34.75477124;-1.780260086;0.6891329288;8.293522835;34.76276463;-0.1779143661;0.3071122766;0.8416189551;12
34.75687307;-1.727617979;0.6364908218;8.394021988;34.76486645;-0.1974620372;0.2802342176;0.8550579548;12
34.75897494;-1.689332843;0.6173482537;8.513663292;34.76696828;-0.2133445293;0.2533561587;0.8697187304;12
34.76107677;-1.665404558;0.5599204898;8.647661209;34.7690701;-0.2292270064;0.2264781147;0.8843795061;12
34.76317859;-1.64626193;0.5120640397;8.772088051;34.77117192;-0.2377791107;0.2020435184;0.8965967894;12
34.76528041;-1.612762451;0.4546363056;8.886942863;34.7732738;-0.2451094985;0.181274116;0.910035789;12
34.76738223;-1.588834286;0.3972085714;8.997013092;34.77537562;-0.2524398565;0.161726445;0.9222530723;12
34.76948406;-1.545763373;0.3541377485;9.111868858;34.77747744;-0.2548833191;0.1434005052;0.9332486391;12
34.77158588;-1.473978758;0.2919243574;9.202795982;34.77957927;-0.2548833191;0.1262962967;0.9405790567;12
34.77368776;-1.392622828;0.2344966233;9.317651749;34.78168109;-0.2548833191;0.1165224537;0.9479094148;12
34.77578958;-1.282552958;0.1818545163;9.375079155;34.78378296;-0.2536616027;0.1067486182;0.9540180564;12
34.7778914;-1.1820544;0.1052841991;9.456435204;34.78588479;-0.2499964088;0.104305163;0.9564615488;12
34.77999322;-1.067198873;0.05742774159;9.489934921;34.78798661;-0.2438877672;0.1030834317;0.9576832652;12
34.78209505;-0.9379864931;-0.01914258115;9.51386261;34.79008843;-0.2402225733;0.1067486182;0.9564615488;12
34.78419692;-0.7657032609;-0.1004985496;9.547362328;34.79219026;-0.231670469;0.1165224537;0.9552397728;12
34.78629874;-0.5982056856;-0.1579262912;9.566504478;34.79429208;-0.2218966335;0.127518028;0.9491311312;12
34.78840057;-0.4211367965;-0.2392822653;9.590433121;34.79639395;-0.2109010667;0.1434005052;0.9430224895;12
34.79050239;-0.2823530734;-0.3206382394;9.600004196;34.79849578;-0.1974620372;0.1605047137;0.9344704151;12
34.79260421;-0.1100698411;-0.3780659735;9.619147301;34.8005976;-0.1876882017;0.1800523996;0.9246965647;12
34.79470604;0.0382851623;-0.4546363056;9.652647018;34.80269942;-0.1705839932;0.200821802;0.9112575054;12
34.79680791;0.1914258152;-0.5455635786;9.657432556;34.80480124;-0.1571449637;0.2215912044;0.8978185058;12
34.79890973;0.3397808075;-0.6173482537;9.647860527;34.80690307;-0.1412624866;0.2435823381;0.8831577301;12
34.80101156;0.4977070987;-0.6556333899;9.662218094;34.80900489;-0.1278234571;0.2692386508;0.8672752976;12
34.80311338;0.6460621357;-0.708275497;9.604789734;34.81110671;-0.1107192412;0.2936732471;0.8501710296;12
34.8052152;0.7800601721;-0.7417750359;9.561718941;34.81320859;-0.09483675659;0.3193295598;0.8330668211;12
34.80731703;0.9044869542;-0.7513462901;9.528220177;34.81531041;-0.07895427197;0.3474293351;0.8159626126;12
34.80941885;0.9954141974;-0.784845829;9.480362892;34.81741223;-0.06551524997;0.3755291104;0.7988584042;12
34.81152067;1.067198873;-0.7704889178;9.446864128;34.81951406;-0.05329795182;0.4011854529;0.7829759121;12
34.81362255;1.124626637;-0.7657032609;9.394221306;34.82161588;-0.04108065739;0.4256200492;0.768315196;12
34.81572437;1.177268744;-0.7465606928;9.351150513;34.8237177;-0.03130681813;0.4488328993;0.7560978532;12
34.81782619;1.201196909;-0.7274180651;9.298508644;34.82581958;-0.02641990222;0.4696022868;0.7426588535;12
34.81992802;1.225125194;-0.708275497;9.217152596;34.8279214;-0.02031125315;0.4830413163;0.7304415703;12
34.82202984;1.239482164;-0.679561615;9.154939651;34.83002322;-0.0190895237;0.4964803457;0.7218894362;12
34.82413166;1.239482164;-0.6364908218;9.083154678;34.83212505;-0.02031125315;0.5050324798;0.7157807946;12
34.82623354;1.205982566;-0.5742774606;9.011369705;34.83422687;-0.02397644334;0.5111411214;0.7121156454;12
34.82833536;1.16769743;-0.5407779217;8.944371223;34.83632874;-0.03130681813;0.5148062706;0.7072287202;12
34.83043718;1.138983607;-0.4881358147;8.853444099;34.83843057;-0.04108065739;0.5184714794;0.7035635114;12
34.832539;1.071984529;-0.4259224236;8.796015739;34.84053239;-0.0557414107;0.5221366882;0.702341795;12
34.83464083;1.062413216;-0.3876372576;8.72423172;34.84263421;-0.07040216774;0.5184714794;0.6986765862;12
34.8367427;1.071984529;-0.3349951804;8.628518105;34.84473604;-0.08628465235;0.5111411214;0.7011200786;12
34.83884453;1.100698471;-0.3014956415;8.590232849;34.84683786;-0.1033888608;0.4989238083;0.7047852278;12
34.84094635;1.100698471;-0.2488535494;8.595019341;34.84893973;-0.1229365394;0.4879282415;0.7108938694;12
34.84304817;1.076770186;-0.2009970993;8.628518105;34.85104156;-0.1437059343;0.4732674956;0.7157807946;12
34.84515;1.019342422;-0.1722832322;8.642875671;34.85314338;-0.162031889;0.4598284662;0.7218894362;12
34.84725182;0.9714859724;-0.1722832322;8.657232285;34.8552452;-0.1791360974;0.4476111531;0.7267763615;12
34.84935369;0.9284151793;-0.1722832322;8.690732002;34.85734703;-0.1999054998;0.4329504073;0.7316632867;12
34.85145552;0.9092726111;-0.1627119333;8.762516975;34.85944885;-0.2145662606;0.4195113778;0.7341067195;12
34.85355734;0.9332008362;-0.1722832322;8.867800713;34.86155072;-0.2280052751;0.4011854529;0.7353284955;12
34.85565916;0.9858429432;-0.1674975902;8.987442017;34.8636525;-0.2438877672;0.3840812445;0.7341067195;12
34.85776098;1.052842021;-0.2057827413;9.078369141;34.86575432;-0.2561050653;0.3694204688;0.7328850031;12
34.85986281;1.11984098;-0.2392822653;9.169296265;34.86785619;-0.2671006322;0.3474293351;0.7292198539;12
34.86196468;1.162911773;-0.2967100143;9.265008926;34.86995802;-0.2768744528;0.3339903057;0.7231112123;12
34.86406645;1.220339537;-0.3493520916;9.3367939;34.87205984;-0.2866483033;0.3156643808;0.718224287;12
34.86616828;1.244267821;-0.4019941986;9.41336441;34.87416166;-0.2964221239;0.2997818887;0.7157807946;12
34.86827015;1.258624673;-0.4450650215;9.509077072;34.87626354;-0.3025307953;0.2863428593;0.7108938694;12
34.87037197;1.244267821;-0.5024927258;9.580862045;34.87836531;-0.3074176908;0.2765690386;0.7108938694;12
34.8724738;1.201196909;-0.5312066078;9.700503349;34.88046718;-0.3110828996;0.2692386508;0.7084504366;12
34.87457562;1.138983607;-0.5599204898;9.8201437;34.882569;-0.3135263622;0.2643517256;0.709672153;12
34.8766775;1.057627559;-0.5599204898;9.915857315;34.88467083;-0.308639437;0.2631300092;0.7072287202;12
34.87877927;1.009771109;-0.5551348329;10.02592659;34.88677265;-0.3074176908;0.2667951882;0.7060069442;12
34.88088114;1.028913736;-0.5647061467;10.08335495;34.88887447;-0.2976438701;0.2729038298;0.702341795;12
34.88298296;1.095912814;-0.5647061467;10.19820976;34.8909763;-0.2854265571;0.2863428593;0.6998983026;12
34.88508479;1.191625714;-0.5694918036;10.31306553;34.89307817;-0.2683223486;0.3034470677;0.6950113773;12
34.88718661;1.282552958;-0.5790630579;10.4279213;34.89518;-0.2475529462;0.3217730224;0.6901245117;12
34.88928843;1.402194023;-0.5982056856;10.54277611;34.89728182;-0.2280052751;0.3425424397;0.6815723777;12
34.89139026;1.483550072;-0.6029912829;10.65284634;34.89938364;-0.2047924101;0.3657552898;0.6730202436;12
34.89349213;1.607976794;-0.6317051649;10.73898792;34.90148546;-0.1828012913;0.3816377819;0.6644681692;12
34.89559395;1.703689694;-0.650847733;10.79641533;34.90358729;-0.1571449637;0.404850632;0.6498073936;12
34.89769578;1.808973908;-0.6987041831;10.84427261;34.90568911;-0.1351538301;0.4353938699;0.6351466775;12
34.8997976;1.904686809;-0.7752745152;10.96391296;34.90779098;-0.1119409725;0.4610501826;0.618042469;12
34.90189942;1.9812572;-0.837487936;10.96391296;34.90989281;-0.08872810751;0.4854847789;0.6033816934;12
34.90400124;2.053041935;-0.8709874153;10.90648556;34.91199463;-0.06429351866;0.5099193454;0.5862774849;12
34.90610307;2.115255117;-0.8614161611;10.89691448;34.9140965;-0.04230238497;0.5306887627;0.5703949928;12
34.90820494;2.191825628;-0.8757730722;10.92084217;34.91619833;-0.02031125315;0.5441278219;0.5557342172;12
34.91030677;2.230110645;-0.8470591903;10.93998528;34.91830015;0.0004581485991;0.5551233888;0.5410735011;12
34.91240859;2.239681959;-0.8231309652;10.93519974;34.92040197;0.0175623633;0.5636754632;0.525191009;12
34.91451046;2.249253273;-0.7992027402;10.89212894;34.9225038;0.02977965772;0.57467103;0.5117519498;12
34.91661229;2.230110645;-0.7752745152;10.85384369;34.92460562;0.03955349326;0.5832231641;0.4970912039;12
34.91871411;2.20618248;-0.732203722;10.74377346;34.92670744;0.04566214234;0.5917752385;0.4860956371;12
34.92081593;2.182254314;-0.6652047038;10.61934662;34.92880927;0.04566214234;0.5917752385;0.4763218164;12
34.92291776;2.172683001;-0.5838487148;10.48056316;34.93091109;0.04688387364;0.5942187309;0.4653262496;12
34.92501958;2.124826431;-0.5024927258;10.37049294;34.93301296;0.04566214234;0.5929969549;0.4567741454;12
34.9271214;2.081755638;-0.4163511395;10.26999474;34.93511479;0.03955349326;0.5929969549;0.4482220411;12
34.92922322;2.000399828;-0.3349951804;10.16949654;34.93721661;0.03466657549;0.5905535221;0.4421133697;12
34.93132505;1.947757602;-0.2632105052;10.1024971;34.93931843;0.02244928107;0.5820014477;0.4372264743;12
34.93342692;1.866401672;-0.1818545163;10.06421185;34.94142026;0.0126754446;0.5710058808;0.4347830117;12
34.93552874;1.780260086;-0.1483550072;10.02592659;34.94352213;0.0016798781;0.5551233888;0.4335612655;12
34.93763057;1.684547186;-0.07178468257;10.01635551;34.94562395;-0.009315688163;0.5392408967;0.4347830117;12
34.93973239;1.588834286;-0.0143569354;10.01635551;34.94772578;-0.02275471389;0.5148062706;0.4347830117;12
34.94183421;1.473978758;0.06221338734;10.01156998;34.9498276;-0.03497200832;0.4891499579;0.4396699369;12
34.94393609;1.387837172;0.1292124242;10.02592659;34.95192942;-0.05207622424;0.4598284662;0.4421133697;12
34.94603791;1.344766378;0.1579262912;10.02592659;34.95403124;-0.06673697382;0.4231765866;0.4457785785;12
34.94813973;1.325623751;0.1914258152;10.06899738;34.95613307;-0.08261945844;0.3828594983;0.4506655037;12
34.95024156;1.272981644;0.2105683982;10.14078236;34.95823494;-0.0972802192;0.3437641561;0.4555523992;12
34.95234338;1.21555388;0.2153540403;10.19820976;34.96033677;-0.1143844277;0.3058905303;0.4616610706;12
34.9544452;1.129412293;0.2153540403;10.23649502;34.96243859;-0.1290451884;0.2729038298;0.4677697122;12
34.95654703;1.057627559;0.2057827413;10.25085258;34.96454041;-0.1412624866;0.2386954129;0.4714348912;12
34.9586489;1.000199914;0.2009970993;10.25563812;34.96664223;-0.1571449637;0.2069304436;0.4751000702;12
34.96075072;0.9858429432;0.1818545163;10.30827999;34.96874406;-0.1669187993;0.177608937;0.4763218164;12
34.96285255;1.000199914;0.1962114573;10.34177971;34.97084593;-0.1766926348;0.1507308781;0.4775435328;12
34.96495437;1.057627559;0.2009970993;10.3657074;34.97294776;-0.1840230078;0.1262962967;0.4775435328;12
34.96705619;1.110269666;0.2249253243;10.4279213;34.97504958;-0.1913533956;0.1079703495;0.4775435328;12
34.96915802;1.143769264;0.2297109663;10.45184898;34.9771514;-0.1950185746;0.09208786488;0.4787652791;12
34.97125989;1.177268744;0.2488535494;10.49491978;34.97925322;-0.1986837685;0.07987056673;0.4799869955;12
34.97336171;1.186840057;0.2249253243;10.52841949;34.98135505;-0.1986837685;0.07009673119;0.4799869955;12
34.97546354;1.153340459;0.2297109663;10.56191921;34.98345687;-0.1974620372;0.06154462695;0.4824304581;12
34.97756536;1.158126116;0.2344966233;10.59541893;34.98555874;-0.1937968582;0.05787943676;0.4860956371;12
34.97966718;1.143769264;0.2392822653;10.62891865;34.98766057;-0.1901316643;0.0542142503;0.4873173833;12
34.98176901;1.143769264;0.2488535494;10.69113159;34.98976239;-0.1828012913;0.05299251899;0.4885390997;12
34.98387083;1.162911773;0.2679961324;10.72941685;34.99186421;-0.1730274558;0.05299251899;0.4885390997;12
34.9859727;1.191625714;0.2440679073;10.78205872;34.99396604;-0.1632536054;0.0542142503;0.4885390997;12
34.98807453;1.205982566;0.2392822653;10.8107729;34.99606786;-0.1522580534;0.05543597788;0.4860956371;12
34.99017635;1.21555388;0.2201396823;10.82991505;34.99816968;-0.1400407553;0.05910116807;0.4848739207;12
34.99227817;1.196411371;0.2297109663;10.86341476;35.00027156;-0.1290451884;0.06398808211;0.4824304581;12
34.99438;1.220339537;0.2201396823;10.8682003;35.00237338;-0.115606159;0.06887500733;0.4775435328;12
34.99648182;1.229910851;0.1914258152;10.84905815;35.0044752;-0.1070540547;0.07498364896;0.4738783538;12
34.99858364;1.244267821;0.1770688742;10.83948612;35.00657703;-0.09850194305;0.07864884287;0.4714348912;12
35.00068552;1.258624673;0.1818545163;10.78684425;35.00867885;-0.08750637621;0.08353576064;0.4677697122;12
35.00278734;1.287338614;0.1722832322;10.7677021;35.01078072;-0.07895427197;0.08964440972;0.462882787;12
35.00488916;1.31126678;0.1674975902;10.74377346;35.01288255;-0.06795870513;0.09575305134;0.459217608;12
35.00699098;1.335195065;0.1627119333;10.71506023;35.01498437;-0.05940660089;0.1006399691;0.4567741454;12
35.00909281;1.339980721;0.1531406492;10.69591713;35.01708619;-0.05207622424;0.1030834317;0.4543306828;12
35.01119468;1.354337573;0.1531406492;10.71506023;35.01918802;-0.04108065739;0.09941824526;0.4494437575;12
35.0132965;1.35912323;0.1531406492;10.70070267;35.02128984;-0.0374154672;0.09819651395;0.4457785785;12
35.01539833;1.354337573;0.1483550072;10.7054882;35.02339166;-0.03008509055;0.09208786488;0.4421133697;12
35.01750015;1.349551916;0.1483550072;10.67677498;35.02549354;-0.02641990222;0.08353576064;0.4396699369;12
35.01960197;1.35912323;0.1387837082;10.66241741;35.02759531;-0.02397644334;0.0737619251;0.4372264743;12
35.0217038;1.344766378;0.1531406492;10.59063339;35.02969718;-0.02397644334;0.06765327603;0.4335612655;12
35.02380562;1.325623751;0.1531406492;10.51406288;35.031799;-0.02397644334;0.05910116807;0.4298960865;12
35.0259075;1.31126678;0.1483550072;10.4279213;35.03390083;-0.02641990222;0.05177079141;0.4274526238;12
35.02800927;1.31126678;0.1435693651;10.3848505;35.03600265;-0.03130681813;0.04321868345;0.4250091612;12
35.03011114;1.31126678;0.1435693651;10.3226366;35.03810447;-0.03619373962;0.03466657549;0.4225656986;12
35.03221296;1.330409408;0.1483550072;10.25563812;35.0402063;-0.04108065739;0.02733619884;0.4189005196;12
35.03431479;1.344766378;0.1674975902;10.2029953;35.04230817;-0.04841103405;0.0175623633;0.4176788032;12
35.03641661;1.373480201;0.1818545163;10.14556789;35.04441;-0.05451968312;0.01023198478;0.412791878;12
35.03851843;1.383051515;0.1914258152;10.12164021;35.04651182;-0.06429351866;-0.001985310577;0.412791878;12
35.04062026;1.397408366;0.1962114573;10.10728264;35.04861369;-0.07162389904;-0.0190895237;0.409126699;12
35.04272213;1.40697968;0.2297109663;10.1024971;35.05071546;-0.08139773458;-0.03375028074;0.4042397738;12
35.04482395;1.445264935;0.2392822653;10.06421185;35.05281729;-0.09117157012;-0.04841103405;0.3993528485;12
35.04692578;1.450050473;0.2392822653;10.05464077;35.05491916;-0.0972802192;-0.06185005978;0.3944659233;12
35.04902765;1.473978758;0.2249253243;10.06899738;35.05702098;-0.1082757786;-0.07528908551;0.3883572817;12
35.05112942;1.493121386;0.2105683982;10.08814049;35.05912281;-0.1168278903;-0.08506292105;0.3834703565;12
35.05323124;1.483550072;0.2009970993;10.12164021;35.06122463;-0.1241582632;-0.09605848789;0.3773617148;12
35.05533312;1.478764415;0.1962114573;10.15035343;35.0633265;-0.1351538301;-0.1058323234;0.3724747896;12
35.05743494;1.464407444;0.1914258152;10.18863869;35.06542828;-0.1400407553;-0.1119409725;0.3675878942;12
35.05953677;1.40697968;0.1483550072;10.2221384;35.06753015;-0.1437059343;-0.115606159;0.3614792228;12
35.06163859;1.363908887;0.1244267747;10.27956581;35.06963197;-0.1485928595;-0.121714808;0.3553705812;12
35.06374046;1.344766378;0.09571290761;10.31785107;35.0717338;-0.1449276656;-0.1229365394;0.3492619395;12
35.06584223;1.335195065;0.08135596663;10.39442158;35.07383562;-0.142484203;-0.1253799945;0.3419315517;12
35.06794411;1.339980721;0.09571290761;10.4853487;35.07593744;-0.138819024;-0.1290451884;0.3370446563;12
35.07004593;1.349551916;0.08614161611;10.5858469;35.07803927;-0.1290451884;-0.1278234571;0.3321577311;12
35.07214776;1.339980721;0.0765703246;10.68156052;35.08014109;-0.121714808;-0.131488651;0.3272708058;12
35.07424958;1.325623751;0.08614161611;10.7677021;35.08224296;-0.1119409725;-0.1327103674;0.3223838806;12
35.0763514;1.31126678;0.09092725813;10.82991505;35.08434479;-0.1009454057;-0.1302669197;0.316275239;12
35.07845322;1.287338614;0.06699903309;10.90648556;35.08644661;-0.08750637621;-0.1229365394;0.3101665974;12
35.08055505;1.282552958;0.04307080805;10.96391296;35.08854843;-0.07528908551;-0.1180496216;0.3016144931;12
35.08265692;1.277767301;0.004785645287;10.97827053;35.09065026;-0.05940660089;-0.1058323234;0.2930623889;12
35.08475874;1.301695466;-0.01914258115;11.02612686;35.09275208;-0.04474584386;-0.09239330143;0.2820668221;12
35.08686057;1.349551916;-0.0382851623;11.05005455;35.09485395;-0.03008509055;-0.08139773458;0.2722929716;12
35.08896239;1.397408366;-0.08614161611;11.09312534;35.09695578;-0.01420260593;-0.06551524997;0.2612974048;12
35.09106421;1.430907965;-0.1100698411;11.08355427;35.0990576;0.002901607659;-0.05207622424;0.2478583902;12
35.09316604;1.450050473;-0.1339980662;11.09312534;35.10115942;0.01878409274;-0.03985892609;0.2344193608;12
35.09526791;1.478764415;-0.1579262912;11.09312534;35.10326124;0.03344484791;-0.02764163166;0.2197586;12
35.09736973;1.488335729;-0.1818545163;11.09312534;35.10536312;0.05054906011;-0.01664606482;0.2038761228;12
35.09947156;1.493121386;-0.2057827413;11.06919765;35.10746494;0.06765327603;-0.008093958721;0.1892153621;12
35.10157338;1.483550072;-0.2488535494;11.07876873;35.10956677;0.08231402934;0.0016798781;0.1733328849;12
35.1036752;1.497906923;-0.2823530734;11.01177025;35.11166859;0.09453132749;0.005345067009;0.1574503928;12
35.10577708;1.488335729;-0.3062812984;10.96869946;35.11377041;0.1079703495;0.01145371422;0.142789647;12
35.1078789;1.493121386;-0.2967100143;10.91605663;35.11587223;0.1189659163;0.01389717404;0.1269071549;12
35.10998072;1.473978758;-0.2919243574;10.8682003;35.11797406;0.127518028;0.01878409274;0.1122464016;12
35.11208255;1.45483613;-0.2823530734;10.78205872;35.12007588;0.1336266696;0.02000582218;0.0988073796;12
35.11418437;1.40697968;-0.2823530734;10.66241741;35.12217776;0.1372918636;0.02367101051;0.09025526792;12
35.11628619;1.344766378;-0.2440679073;10.56191921;35.12427958;0.1421787739;0.02367101051;0.07925970852;12
35.11838802;1.282552958;-0.2201396823;10.49013424;35.1263814;0.1434005052;0.02611446939;0.07070759684;12
35.12048984;1.21555388;-0.1818545163;10.40877819;35.12848322;0.1446222365;0.02367101051;0.06459894776;12
35.12259171;1.143769264;-0.1435693651;10.32742214;35.13058505;0.1421787739;0.02244928107;0.05726857483;12
35.12469354;1.062413216;-0.1148554832;10.26999474;35.13268687;0.1397353113;0.01634063199;0.05115992576;12
35.12679536;0.9762716293;-0.07178468257;10.15513897;35.13478874;0.1360701323;0.01145371422;0.04627300799;12
35.12889718;0.9140582681;-0.0382851623;10.05464077;35.13689052;0.1299614757;0.006566796452;0.0438295491;12
35.130999;0.8183453679;-0.004785645287;9.982855797;35.13899239;0.1214093715;-0.004428769462;0.04138609022;12
35.13310083;0.7513462901;0.0239282269;9.911071777;35.14109421;0.1140789986;-0.0190895237;0.04016435891;12
35.1352027;0.6652047038;0.05264209956;9.824930191;35.14319604;0.104305163;-0.03252854943;0.03894263133;12
35.13730447;0.5742774606;0.08135596663;9.796216011;35.14529786;0.09453132749;-0.04718930274;0.03894263133;12
35.13940635;0.4881358147;0.1196411327;9.762716293;35.14739973;0.0847574845;-0.06551524997;0.03894263133;12
35.14150817;0.4067798555;0.1435693651;9.734002113;35.14950156;0.0737619251;-0.08261945844;0.04016435891;12
35.14361;0.3493520916;0.1531406492;9.69093132;35.15160338;0.05910116807;-0.102167137;0.04138609022;12
35.14571182;0.3206382394;0.1770688742;9.657432556;35.1537052;0.04810560122;-0.1241582632;0.04505127668;12
35.14781369;0.2967100143;0.2105683982;9.662218094;35.15580703;0.03711003438;-0.1461493969;0.04627300799;12
35.14991552;0.2967100143;0.2536391914;9.614361763;35.15790885;0.02367101051;-0.165697068;0.04871646687;12
35.15201734;0.2775674164;0.2392822653;9.604789734;35.16001072;0.01145371422;-0.1864664704;0.05115992576;12
35.15411916;0.2584248483;0.2584248483;9.57129097;35.16211255;-0.0007635809598;-0.2023489624;0.05360338464;12
35.15622098;0.2201396823;0.2775674164;9.528220177;35.16421437;-0.01175914705;-0.2182314396;0.05360338464;12
35.15832281;0.2153540403;0.2871387303;9.480362892;35.16631619;-0.02275471389;-0.2267835438;0.05726857483;12
35.16042468;0.1962114573;0.2919243574;9.446864128;35.16841802;-0.03497200832;-0.2365573794;0.05726857483;12
35.1625265;0.1818545163;0.2871387303;9.422935486;35.17051984;-0.04474584386;-0.2414443046;0.05849030241;12
35.16462833;0.2105683982;0.2871387303;9.399007797;35.17262166;-0.05329795182;-0.239000842;0.05726857483;12
35.16673015;0.2297109663;0.2775674164;9.408578873;35.17472354;-0.05818486959;-0.2365573794;0.05726857483;12
35.16883197;0.2775674164;0.2823530734;9.403793335;35.17682536;-0.06429351866;-0.231670469;0.05604684353;12
35.1709338;0.3062812984;0.2871387303;9.408578873;35.17892718;-0.06551524997;-0.2267835438;0.05726857483;12
35.17303562;0.3349951804;0.2823530734;9.427721024;35.181029;-0.06673697382;-0.2170097083;0.05726857483;12
35.1751375;0.3349951804;0.2727817893;9.427721024;35.18313083;-0.06795870513;-0.2084576041;0.05726857483;12
35.17723932;0.3349951804;0.2823530734;9.456435204;35.18523265;-0.06673697382;-0.1962403059;0.05849030241;12
35.17934114;0.3397808075;0.2823530734;9.489934921;35.18733447;-0.06551524997;-0.1852447391;0.05971203372;12
35.18144296;0.3349951804;0.2775674164;9.489934921;35.18943635;-0.06307178736;-0.1754709035;0.0621554926;12
35.18354479;0.3397808075;0.2871387303;9.51386261;35.19153817;-0.05818486959;-0.1632536054;0.06337722391;12
35.18564661;0.3254238665;0.2871387303;9.552147865;35.19364;-0.05207622424;-0.1510363221;0.06582067907;12
35.18774843;0.3014956415;0.3014956415;9.600004196;35.19574182;-0.04841103405;-0.1400407553;0.06948586553;12
35.18985031;0.2775674164;0.3062812984;9.633503914;35.19784364;-0.04596757516;-0.1302669197;0.07192932814;12
35.19195213;0.2440679073;0.3014956415;9.647860527;35.19994546;-0.04230238497;-0.1266017258;0.0743727833;12
35.19405395;0.1914258152;0.3014956415;9.667003632;35.20204729;-0.03985892609;-0.1192713454;0.07559451461;12
35.19615578;0.1435693651;0.3014956415;9.695717812;35.20414916;-0.03985892609;-0.1107192412;0.07559451461;12
35.1982576;0.1004985496;0.2440679073;9.738788605;35.20625098;-0.0374154672;-0.1107192412;0.07681624591;12
35.20035942;0.0765703246;0.2297109663;9.69093132;35.20835281;-0.04108065739;-0.1192713454;0.07559451461;12
35.20246124;0.04307080805;0.2153540403;9.623932838;35.21045463;-0.0374154672;-0.1327103674;0.07315105945;12
35.20456312;0.0143569354;0.1962114573;9.600004196;35.21255645;-0.03619373962;-0.138819024;0.07315105945;12
35.20666494;0.0382851623;0.1674975902;9.786644936;35.21465828;-0.03985892609;-0.1375972927;0.07315105945;12
35.20876677;0.07178468257;0.1483550072;9.824930191;35.21676015;-0.04230238497;-0.1339320987;0.0743727833;12
35.21086859;0.0382851623;0.1674975902;9.781859398;35.21886197;-0.04841103405;-0.1363755614;0.07925970852;12
35.21297041;0.0;0.2297109663;9.705288887;35.2209638;-0.05329795182;-0.1412624866;0.08536835015;12
35.21507223;-0.03349951655;0.2871387303;9.647860527;35.22306562;-0.05940660089;-0.142484203;0.08781181276;12
35.21717411;-0.06699903309;0.3014956415;9.619147301;35.22516744;-0.06185005978;-0.1449276656;0.09025526792;12
35.21927593;-0.06221338734;0.2727817893;9.590433121;35.22726932;-0.06307178736;-0.1449276656;0.09025526792;12
35.22137776;-0.05264209956;0.2488535494;9.590433121;35.22937114;-0.06307178736;-0.1449276656;0.08903354406;12
35.22347958;-0.05742774159;0.1962114573;9.647860527;35.23147296;-0.06307178736;-0.1437059343;0.08414662629;12
35.2255814;-0.03349951655;0.1818545163;9.705288887;35.23357479;-0.06062832847;-0.1437059343;0.08414662629;12
35.22768328;-0.0382851623;0.1722832322;9.734002113;35.23567661;-0.0557414107;-0.1437059343;0.08292489499;12
35.2297851;-0.05264209956;0.1722832322;9.762716293;35.23777843;-0.05207622424;-0.1473711282;0.08048143238;12
35.23188692;-0.06221338734;0.1531406492;9.777072906;35.23988031;-0.04718930274;-0.1498145908;0.07925970852;12
35.23398875;-0.06699903309;0.1531406492;9.810572624;35.24198208;-0.04474584386;-0.1485928595;0.07925970852;12
35.23609057;-0.07178468257;0.1339980662;9.801001549;35.24408395;-0.04108065739;-0.1449276656;0.07681624591;12
35.23819239;-0.06699903309;0.1196411327;9.796216011;35.24618578;-0.03863719851;-0.1412624866;0.07559451461;12
35.24029427;-0.06221338734;0.0765703246;9.767501831;35.2482876;-0.03252854943;-0.1339320987;0.0743727833;12
35.24239604;-0.07178468257;0.05742774159;9.729216576;35.25038942;-0.03008509055;-0.1290451884;0.07070759684;12
35.24449791;-0.04785645381;0.05264209956;9.69093132;35.25249124;-0.02641990222;-0.1241582632;0.06826414168;12
35.24659973;-0.01914258115;0.0765703246;9.681360245;35.25459307;-0.02275471389;-0.1180496216;0.06582067907;12
35.24870156;0.0;0.08135596663;9.714859962;35.25669494;-0.01786779426;-0.1082757786;0.0609337613;12
35.25080338;0.009571290575;0.07178468257;9.714859962;35.25879677;-0.01175914705;-0.1033888608;0.05849030241;12
35.2529052;0.009571290575;0.08614161611;9.724431038;35.26089859;-0.00565049937;-0.09972367436;0.05482511222;12
35.25500703;0.03349951655;0.06699903309;9.74835968;35.26300041;0.0004581485991;-0.09972367436;0.04871646687;12
35.2571089;0.04785645381;0.04785645381;9.801001549;35.26510223;0.006566796452;-0.1009454057;0.0426078178;12
35.25921072;0.08135596663;0.02871387079;9.858428955;35.26720406;0.01634063199;-0.1033888608;0.03649916872;12
35.26131255;0.1004985496;0.004785645287;9.882357597;35.26930593;0.02122755162;-0.1082757786;0.02672533318;12
35.26341437;0.1196411327;-0.01914258115;9.939785004;35.27140776;0.02977965772;-0.1107192412;0.01695149764;12
35.26551619;0.1004985496;-0.04785645381;9.963713646;35.27350958;0.03833176568;-0.1180496216;0.007177661173;12
35.26761802;0.1148554832;-0.1148554832;9.973284721;35.2756114;0.04444041103;-0.1241582632;-0.002596175298;12
35.26971989;0.08135596663;-0.1531406492;9.978070259;35.27771322;0.04810560122;-0.1327103674;-0.01481347065;12
35.27182171;0.06699903309;-0.1818545163;9.949356079;35.27981505;0.05177079141;-0.138819024;-0.02458730713;12
35.27392354;0.04307080805;-0.2153540403;9.911071777;35.28191687;0.0542142503;-0.1437059343;-0.03558287397;12
35.27602536;0.0239282269;-0.2297109663;9.882357597;35.28401875;0.05543597788;-0.1498145908;-0.04413498193;12
35.27812718;0.004785645287;-0.2201396823;9.8201437;35.28612057;0.05665770918;-0.1547015011;-0.05268708616;12
35.280229;-0.02871387079;-0.2153540403;9.801001549;35.28822239;0.05787943676;-0.1595884264;-0.06246092543;12
35.28233083;-0.0382851623;-0.1914258152;9.724431038;35.29032421;0.05787943676;-0.158366695;-0.07101303339;12
35.2844327;-0.0382851623;-0.1579262912;9.638289452;35.29242604;0.05299251899;-0.1608101577;-0.07834340632;12
35.28653453;-0.0382851623;-0.1244267747;9.590433121;35.29452791;0.0542142503;-0.1595884264;-0.0856737867;12
35.28863635;-0.06699903309;-0.08614161611;9.528220177;35.29662968;0.05054906011;-0.1571449637;-0.09178243577;12
35.29073817;-0.07178468257;-0.06221338734;9.451649666;35.29873156;0.04932733253;-0.1498145908;-0.0978910774;12
35.29284;-0.09571290761;-0.04307080805;9.403793335;35.30083338;0.04932733253;-0.1461493969;-0.10033454;12
35.29494187;-0.1483550072;0.0;9.341579437;35.3029352;0.04810560122;-0.1363755614;-0.1052214578;12
35.29704364;-0.1770688742;0.0382851623;9.30807972;35.30503703;0.04810560122;-0.1278234571;-0.1076649204;12
35.29914552;-0.2249253243;0.07178468257;9.30807972;35.30713885;0.04932733253;-0.1168278903;-0.1101083755;12
35.30124734;-0.2727817893;0.1052841991;9.293723106;35.30924067;0.04932733253;-0.1058323234;-0.1113301069;12
35.30334916;-0.3062812984;0.1148554832;9.265008926;35.31134255;0.04932733253;-0.09483675659;-0.1125518382;12
35.30545098;-0.3589234054;0.1579262912;9.2362957;35.31344432;0.05177079141;-0.08261945844;-0.1113301069;12
35.30755281;-0.3972085714;0.1627119333;9.241081238;35.31554619;0.0542142503;-0.0728456229;-0.1101083755;12
35.30965463;-0.4402793646;0.1722832322;9.217152596;35.31764802;0.05787943676;-0.05818486959;-0.1076649204;12
35.31175651;-0.4833501875;0.1722832322;9.202795982;35.31974984;0.06032289565;-0.04352411628;-0.1052214578;12
35.31385828;-0.5216353536;0.2057827413;9.17886734;35.32185171;0.06154462695;-0.02886336111;-0.1027780026;12
35.31596015;-0.5647061467;0.2249253243;9.135796547;35.32395348;0.06520981342;-0.01175914705;-0.0991128087;12
35.31806197;-0.5934200287;0.2440679073;9.107083321;35.32605531;0.06520981342;0.006566796452;-0.09544762224;12
35.3201638;-0.6364908218;0.2488535494;9.054440498;35.32815718;0.06398808211;0.02489273995;-0.09056070447;12
35.32226567;-0.6412764788;0.2871387303;9.03051281;35.330259;0.06520981342;0.04321868345;-0.086895518;12
35.32436744;-0.6460621357;0.3254238665;8.949156761;35.33236083;0.06520981342;0.06032289565;-0.08200860023;12
35.32646927;-0.6412764788;0.3397808075;8.925228119;35.33446265;0.06154462695;0.07620538026;-0.07712167501;12
35.32857114;-0.626919508;0.3541377485;8.877371788;35.33656453;0.06032289565;0.09086613357;-0.07101303339;12
35.33067296;-0.6364908218;0.3732803464;8.834300995;35.33866635;0.05543597788;0.1018617004;-0.06612611562;12
35.33277479;-0.6317051649;0.3828516304;8.815158844;35.34076817;0.04688387364;0.1104138121;-0.06001746282;12
35.33487661;-0.6412764788;0.4211367965;8.786444664;35.34287;0.03955349326;0.1165224537;-0.05268708616;12
35.33697848;-0.6699903607;0.4307080805;8.729017258;35.34497182;0.02977965772;0.1165224537;-0.04535670951;12
35.33908031;-0.6891329288;0.4354937077;8.690732002;35.34707364;0.0175623633;0.1153007299;-0.04046979174;12
35.34118213;-0.708275497;0.4498506486;8.638090134;35.34917546;0.002901607659;0.1153007299;-0.03313941509;12
35.34328395;-0.732203722;0.4402793646;8.647661209;35.35127734;-0.01175914705;0.1140789986;-0.02703076601;12
35.34538578;-0.7465606928;0.4450650215;8.623732567;35.35337916;-0.02397644334;0.1091920808;-0.02214384824;12
35.3474876;-0.760917604;0.4354937077;8.642875671;35.35548098;-0.03863719851;0.104305163;-0.01603520103;12
35.34958942;-0.784845829;0.4163511395;8.652446747;35.35758281;-0.05085449293;0.1006399691;-0.01114828233;12
35.3516913;-0.7896314859;0.3924229145;8.729017258;35.35968463;-0.05940660089;0.09330959618;-0.006261364091;12
35.35379312;-0.7944171429;0.3732803464;8.796015739;35.36178645;-0.06918043643;0.0847574845;-0.001374445739;12
35.35589494;-0.7896314859;0.3589234054;8.886942863;35.36388833;-0.07528908551;0.0725401938;0.001069013379;12
35.35799677;-0.7752745152;0.3397808075;8.997013092;35.36599015;-0.08261945844;0.06032289565;0.00351247238;12
35.36009859;-0.7513462901;0.3206382394;9.097511292;35.36809197;-0.08872810751;0.04566214234;0.005955931731;12
35.36220041;-0.7417750359;0.3014956415;9.169296265;35.3701938;-0.09483675659;0.03466657549;0.007177661173;12
35.36430229;-0.6987041831;0.2823530734;9.284152031;35.37229562;-0.09850194305;0.02000582218;0.007177661173;12
35.36640411;-0.6891329288;0.2488535494;9.375079155;35.37439744;-0.102167137;0.007788525894;0.007177661173;12
35.36850593;-0.650847733;0.2105683982;9.446864128;35.37649932;-0.1046105921;-0.004428769462;0.005955931731;12
35.37060776;-0.6029912829;0.2105683982;9.51386261;35.37860109;-0.1046105921;-0.01420260593;0.005955931731;12
35.37270958;-0.5599204898;0.1674975902;9.566504478;35.38070296;-0.1046105921;-0.02153298259;0.004734201822;12
35.3748114;-0.5120640397;0.1339980662;9.638289452;35.38280479;-0.1046105921;-0.03008509055;0.002290742937;12
35.37691328;-0.4689932466;0.1052841991;9.686145782;35.38490661;-0.1046105921;-0.03497200832;0.002290742937;12
35.37901505;-0.4259224236;0.1052841991;9.734002113;35.38700843;-0.1033888608;-0.0374154672;0.001069013379;12
35.38111692;-0.3876372576;0.0765703246;9.777072906;35.38911026;-0.1033888608;-0.04230238497;0.001069013379;12
35.38321874;-0.3445664644;0.04307080805;9.777072906;35.39121208;-0.1009454057;-0.04474584386;0.001069013379;12
35.38532057;-0.3062812984;0.04785645381;9.8201437;35.39331395;-0.1009454057;-0.04596757516;0.001069013379;12
35.38742239;-0.2775674164;0.02871387079;9.8201437;35.39541578;-0.09972367436;-0.04596757516;0.001069013379;12
35.38952421;-0.2153540403;0.0382851623;9.810572624;35.3975176;-0.09972367436;-0.04596757516;-0.0001527161949;12
35.39162604;-0.1770688742;0.03349951655;9.829715729;35.39961942;-0.0972802192;-0.04474584386;-0.001374445739;12
35.39372791;-0.1100698411;0.04307080805;9.844072342;35.40172125;-0.09605848789;-0.04108065739;-0.001374445739;12
35.39582973;-0.0382851623;0.0;9.872786522;35.40382307;-0.09483675659;-0.03619373962;-0.003817904973;12
35.39793156;0.004785645287;0.009571290575;9.87757206;35.40592489;-0.09361502528;-0.02764163166;-0.003817904973;12
35.40003338;0.04307080805;0.01914258115;9.882357597;35.40802677;-0.09239330143;-0.0190895237;-0.006261364091;12
35.4021352;0.08614161611;0.009571290575;9.882357597;35.41012859;-0.09117157012;-0.009315688163;-0.007483093534;12
35.40423703;0.1339980662;0.004785645287;9.87757206;35.41223041;-0.08994983882;0.0004581485991;-0.007483093534;12
35.40633885;0.1722832322;0.0;9.887143135;35.41433223;-0.08628465235;0.009010255337;-0.008704823442;12
35.40844072;0.2009970993;-0.009571290575;9.882357597;35.41643406;-0.08261945844;0.0175623633;-0.008704823442;12
35.41054255;0.2297109663;-0.004785645287;9.911071777;35.41853593;-0.08139773458;0.02489273995;-0.007483093534;12
35.41264437;0.2727817893;-0.0143569354;9.911071777;35.42063776;-0.07773254067;0.03344484791;-0.008704823442;12
35.41474619;0.3110669553;-0.0239282269;9.963713646;35.42273958;-0.0728456229;0.04199695215;-0.009926552884;12
35.41684802;0.3493520916;-0.02871387079;10.02114105;35.4248414;-0.06673697382;0.04932733253;-0.01114828233;12
35.41894989;0.3972085714;-0.0382851623;10.07378292;35.42694322;-0.06185005978;0.0542142503;-0.01481347065;12
35.42105171;0.4594219327;-0.0382851623;10.14078236;35.42904505;-0.05696314201;0.05787943676;-0.01725693047;12
35.42315354;0.5024927258;-0.0765703246;10.2029953;35.43114692;-0.04841103405;0.06154462695;-0.02214384824;12
35.42525536;0.5886343718;-0.08614161611;10.26999474;35.43324869;-0.03985892609;0.06276635826;-0.02703076601;12
35.42735718;0.6412764788;-0.1004985496;10.34177971;35.43535057;-0.03497200832;0.06643154472;-0.03436114267;12
35.42945901;0.708275497;-0.1292124242;10.39442158;35.43745239;-0.02886336111;0.06643154472;-0.04291325063;12
35.43156088;0.784845829;-0.1387837082;10.47577763;35.43955421;-0.02031125315;0.06520981342;-0.05146535859;12
35.43366265;0.8279166222;-0.1579262912;10.49970531;35.44165604;-0.01542433538;0.06398808211;-0.06001746282;12
35.43576453;0.8853443861;-0.1866401732;10.52841949;35.44375786;-0.01053741761;0.06276635826;-0.06856957078;12
35.43786635;0.94277215;-0.2057827413;10.55713367;35.44585973;-0.004428769462;0.05910116807;-0.07834340632;12
35.43996817;0.9906286001;-0.2201396823;10.59063339;35.44796156;-0.0007635809598;0.05910116807;-0.08933897316;12
35.44207;1.019342422;-0.2153540403;10.60499001;35.45006338;0.006566796452;0.05543597788;-0.10033454;12
35.44417182;1.076770186;-0.2153540403;10.60499001;35.4521652;0.0126754446;0.05543597788;-0.1113301069;12
35.44627369;1.11984098;-0.2297109663;10.63370419;35.45426703;0.0175623633;0.0542142503;-0.1223256737;12
35.44837552;1.16769743;-0.2249253243;10.66241741;35.45636885;0.02122755162;0.04810560122;-0.1320995092;12
35.45047734;1.201196909;-0.2249253243;10.69113159;35.45847067;0.02611446939;0.04321868345;-0.1418733448;12
35.45257916;1.21555388;-0.1914258152;10.71984577;35.46057255;0.03100138716;0.0358883068;-0.1479819864;12
35.45468098;1.196411371;-0.1770688742;10.748559;35.46267437;0.03466657549;0.02855792828;-0.1553123742;12
35.45678281;1.1820544;-0.1339980662;10.77248764;35.46477619;0.03833176568;0.02122755162;-0.1614210159;12
35.45888463;1.153340459;-0.1004985496;10.78684425;35.46687802;0.04077522457;0.0126754446;-0.1663079411;12
35.4609865;1.129412293;-0.04785645381;10.77727318;35.46897984;0.04444041103;0.0016798781;-0.1711948514;12
35.46308833;1.115055323;-0.009571290575;10.76291656;35.47108166;0.04688387364;-0.008093958721;-0.173638314;12
35.46519015;1.100698471;0.0382851623;10.75813103;35.47318354;0.04688387364;-0.01786779426;-0.1760817766;12
35.46729197;1.124626637;0.08614161611;10.72941685;35.47528536;0.04810560122;-0.02764163166;-0.1797469556;12
35.4693938;1.13419795;0.1387837082;10.72941685;35.47738718;0.04688387364;-0.03863719851;-0.1809686869;12
35.47149562;1.153340459;0.1531406492;10.67677498;35.47948901;0.04566214234;-0.04841103405;-0.1809686869;12
35.4735975;1.16769743;0.2057827413;10.65763187;35.48159083;0.04444041103;-0.05818486959;-0.1809686869;12
35.47569932;1.172483087;0.2488535494;10.63370419;35.48369265;0.04321868345;-0.06307178736;-0.1821904182;12
35.47780114;1.191625714;0.2871387303;10.59541893;35.48579453;0.03955349326;-0.06918043643;-0.1797469556;12
35.47990296;1.201196909;0.3302095234;10.52363396;35.48789635;0.03344484791;-0.0740673542;-0.1797469556;12
35.48200479;1.244267821;0.3684946895;10.49013424;35.48999817;0.02977965772;-0.07528908551;-0.1797469556;12
35.48410661;1.277767301;0.3972085714;10.39442158;35.4921;0.02489273995;-0.07162389904;-0.1785252392;12
35.48620848;1.325623751;0.4594219327;10.36092186;35.49420182;0.01878409274;-0.06795870513;-0.1773035079;12
35.48831031;1.368694544;0.5120640397;10.31785107;35.49630364;0.01511890348;-0.06429351866;-0.1748600453;12
35.49041213;1.40697968;0.5599204898;10.25563812;35.49840546;0.01023198478;-0.0557414107;-0.1711948514;12
35.49251395;1.459621787;0.6125625968;10.2221384;35.50050729;0.004123337101;-0.04841103405;-0.1675296724;12
35.49461578;1.464407444;0.6317051649;10.23170948;35.50260916;0.0016798781;-0.04108065739;-0.1638644785;12
35.4967176;1.469193101;0.6939185858;10.23170948;35.50471098;-0.003207040019;-0.0374154672;-0.1589775532;12
35.49881942;1.493121386;0.7274180651;10.23649502;35.50681281;-0.004428769462;-0.03008509055;-0.1516471803;12
35.50092124;1.507478237;0.7513462901;10.2652092;35.50891463;-0.006872228812;-0.02641990222;-0.1455385387;12
35.50302312;1.521835208;0.7657032609;10.3226366;35.51101645;-0.009315688163;-0.02397644334;-0.1406516135;12
35.50512494;1.545763373;0.8087740541;10.37049294;35.51311833;-0.008093958721;-0.02153298259;-0.1369864196;12
35.50722677;1.593619823;0.813559711;10.4279213;35.51522015;-0.009315688163;-0.02153298259;-0.1296560466;12
35.50932859;1.641476393;0.813559711;10.51884842;35.51732197;-0.008093958721;-0.02031125315;-0.127212584;12
35.51143041;1.689332843;0.8039883971;10.58106136;35.5194238;-0.003207040019;-0.02275471389;-0.1259908676;12
35.51353229;1.756331801;0.7800601721;10.6480608;35.52152562;-0.001985310577;-0.02641990222;-0.123547405;12
35.51563411;1.823330879;0.7704889178;10.76291656;35.52362744;0.002901607659;-0.03130681813;-0.1211039424;12
35.51773593;1.909472466;0.7369893789;10.82512951;35.52572927;0.004123337101;-0.03985892609;-0.1247691289;12
35.51983776;1.9812572;0.7130611539;10.89212894;35.52783114;0.006566796452;-0.04596757516;-0.1259908676;12
35.52193958;2.096112728;0.6699903607;10.94477081;35.52993296;0.009010255337;-0.0557414107;-0.1308777779;12
35.5240414;2.167897224;0.6460621357;10.98784161;35.53203479;0.01023198478;-0.06551524997;-0.1357647032;12
35.52614322;2.273181438;0.5934200287;11.02612686;35.53413661;0.0126754446;-0.07528908551;-0.1430950761;12
35.5282451;2.335394859;0.5503492355;11.00698376;35.53623843;0.01145371422;-0.08139773458;-0.150425449;12
35.53034692;2.416750908;0.5072783828;10.99741268;35.53834026;0.01023198478;-0.09483675659;-0.1601992846;12
35.53244874;2.507678032;0.4833501875;10.98784161;35.54044208;0.01023198478;-0.1058323234;-0.1687513888;12
35.53455057;2.598605394;0.4642075896;10.95912743;35.5425439;0.007788525894;-0.115606159;-0.1785252392;12
35.53665239;2.665604353;0.4498506486;10.96391296;35.54464578;0.007788525894;-0.1266017258;-0.1882990748;12
35.53875421;2.723032236;0.4402793646;10.99262714;35.54674755;0.007788525894;-0.1412624866;-0.196851179;12
35.54085604;2.794816732;0.4211367965;11.01655579;35.54884942;0.007788525894;-0.1522580534;-0.2066250145;12
35.54295786;2.837887764;0.3972085714;11.01655579;35.55095124;0.006566796452;-0.1669187993;-0.2139553875;12
35.54505973;2.852244616;0.3828516304;11.06919765;35.55305307;0.006566796452;-0.1791360974;-0.223729223;12
35.54716151;2.866601467;0.3637090325;11.11226845;35.55515489;0.009010255337;-0.1950185746;-0.2347247899;12
35.54926338;2.895315409;0.3302095234;11.18405342;35.55725677;0.0126754446;-0.2072358727;-0.2432768941;12
35.5513652;2.919243574;0.3062812984;11.23669529;35.55935859;0.01634063199;-0.2206749022;-0.2554942071;12
35.55346703;2.947957516;0.2823530734;11.27019501;35.56146041;0.02122755162;-0.2365573794;-0.2689332068;12
35.55556885;2.967100143;0.2536391914;11.32762241;35.56356223;0.02611446939;-0.2512181401;-0.2823722363;12
35.55767072;2.991028309;0.2297109663;11.35155106;35.56566406;0.03100138716;-0.2671006322;-0.2970330119;12
35.55977255;3.014956474;0.1818545163;11.37547874;35.56776588;0.0358883068;-0.2744309902;-0.3116937578;12
35.56187437;3.077169895;0.1339980662;11.38504982;35.5698677;0.04199695215;-0.2854265571;-0.3275762498;12
35.56397619;3.105883837;0.1052841991;11.40897846;35.57196958;0.05177079141;-0.2952004075;-0.3434587121;12
35.56607802;3.144168854;0.06221338734;11.42333508;35.5740714;0.06154462695;-0.3037525117;-0.3605629504;12
35.56817984;3.163311481;0.0239282269;11.45204926;35.57617322;0.07009673119;-0.3098611534;-0.3764454126;12
35.57028166;3.192025423;-0.01914258115;11.47119141;35.57827505;0.07987056673;-0.3196350038;-0.3935496211;12
35.57238354;3.201596737;-0.04785645381;11.47119141;35.58037687;0.09208786488;-0.3269653618;-0.4094321132;12
35.57448536;3.201596737;-0.0765703246;11.47597694;35.58247874;0.1030834317;-0.3342957497;-0.4253146052;12
35.57658718;3.196810961;-0.09571290761;11.49990559;35.58458057;0.1104138121;-0.3391826749;-0.4411970973;12
35.578689;3.206382275;-0.1196411327;11.49033451;35.58668239;0.1201876476;-0.3452913165;-0.4546361268;12
35.58079083;3.235096216;-0.1339980662;11.44247818;35.58878421;0.1299614757;-0.3513999581;-0.4680751264;12
35.5828927;3.196810961;-0.1435693651;11.39940739;35.59088604;0.1421787739;-0.3489564955;-0.4802924395;12
35.58499453;3.115455151;-0.1531406492;11.38026428;35.59298786;0.1531743407;-0.3428478539;-0.4937314689;12
35.58709635;3.05324173;-0.1387837082;11.30848026;35.59508968;0.1653916389;-0.3391826749;-0.5071704984;12
35.58919817;3.01974225;-0.1292124242;11.22712421;35.59719156;0.1763872057;-0.3306305707;-0.5193877816;12
35.5913;3.05324173;-0.1004985496;11.17926693;35.59929333;0.1873827726;-0.3233001828;-0.5352702737;12
35.59340182;3.120240688;-0.08135596663;11.13619614;35.6013952;0.1996000707;-0.3135263622;-0.5499309897;12
35.59550364;3.182454109;-0.06699903309;11.10748291;35.60349703;0.2142608166;-0.3061959743;-0.5658134818;12
35.59760552;3.249453068;-0.06221338734;11.09312534;35.60559885;0.2252563834;-0.2964221239;-0.5804742575;12
35.59970729;3.302095175;-0.04307080805;11.04526901;35.60770072;0.235030219;-0.2854265571;-0.5951350331;12
35.60180916;3.311666489;-0.06699903309;11.00698376;35.60980255;0.2472475171;-0.2756527364;-0.6110175252;12
35.60391098;3.282952785;-0.06699903309;10.93519974;35.61190437;0.2594648004;-0.2634354234;-0.6244565248;12
35.60601281;3.263810158;-0.08614161611;10.87777138;35.61400619;0.2692386508;-0.2536616027;-0.6391173005;12
35.60811468;3.24466753;-0.1148554832;10.81555843;35.61610802;0.2802342176;-0.2438877672;-0.6513345838;12
35.61021651;3.201596737;-0.1244267747;10.77727318;35.61820984;0.2887863219;-0.2328922004;-0.6647735834;12
35.61231833;3.182454109;-0.1292124242;10.71506023;35.62031166;0.2985601723;-0.2267835438;-0.6757691503;12
35.61442015;3.129812002;-0.1435693651;10.68156052;35.62241348;0.3071122766;-0.2206749022;-0.6892082095;12
35.61652197;3.096312523;-0.1387837082;10.63848972;35.62451536;0.311999172;-0.2170097083;-0.7002037764;12
35.6186238;3.067598581;-0.1435693651;10.58106136;35.62661718;0.3168860972;-0.2060141414;-0.7124210596;12
35.62072562;3.01974225;-0.1292124242;10.50449181;35.628719;0.3217730224;-0.2035706937;-0.7246383429;12
35.62282744;2.991028309;-0.1339980662;10.44706345;35.63082083;0.324216485;-0.1950185746;-0.7368556261;12
35.62492932;2.94317174;-0.1339980662;10.36092186;35.63292265;0.327881664;-0.1901316643;-0.7502946854;12
35.62703114;2.919243574;-0.1339980662;10.28913784;35.63502447;0.3266599476;-0.18157956;-0.763733685;12
35.62913296;2.880958557;-0.1004985496;10.21735287;35.63712635;0.3266599476;-0.1693622619;-0.7735075355;12
35.63123479;2.871387243;-0.1052841991;10.12642574;35.63922817;0.327881664;-0.158366695;-0.7857248187;12
35.63333661;2.861815929;-0.08135596663;10.04985523;35.64133;0.3266599476;-0.138819024;-0.7967203856;12
35.63543843;2.823530674;-0.07178468257;9.939785004;35.64343182;0.3266599476;-0.1229365394;-0.8089376688;12
35.63754031;2.809173822;-0.06699903309;9.87757206;35.64553364;0.3266599476;-0.1094975099;-0.8187115192;12
35.63964213;2.799602509;-0.08135596663;9.8201437;35.64763546;0.3291034102;-0.09239330143;-0.8260418773;12
35.64174395;2.775674343;-0.06221338734;9.834501266;35.64973729;0.3291034102;-0.08139773458;-0.8321505189;12
35.64384578;2.675175667;-0.03349951655;9.87757206;35.65183916;0.3327685893;-0.07528908551;-0.8370374441;12
35.6459476;2.565105915;0.004785645287;9.872786522;35.65394093;0.3315468729;-0.0728456229;-0.8419243693;12
35.64804942;2.435893536;0.009571290575;9.858428955;35.65604281;0.3315468729;-0.0740673542;-0.8455895782;12
35.65015124;2.316252232;0.0143569354;9.858428955;35.65814463;0.3303251266;-0.0740673542;-0.848033011;12
35.65225312;2.177468538;0.04307080805;9.815358162;35.66024645;0.3303251266;-0.07895427197;-0.8529199362;12
35.65435489;2.072184324;0.06221338734;9.772287369;35.66234828;0.327881664;-0.08261945844;-0.8541416526;12
35.65645677;1.952543259;0.08614161611;9.743574142;35.66445015;0.324216485;-0.08628465235;-0.8541416526;12
35.65855859;1.856830359;0.06221338734;9.738788605;35.66655192;0.3181078434;-0.09361502528;-0.8541416526;12
35.66066041;1.756331801;0.06699903309;9.74835968;35.6686538;0.3144426346;-0.0972802192;-0.8516982198;12
35.66276223;1.636690736;0.08135596663;9.714859962;35.67075562;0.308333993;-0.102167137;-0.8516982198;12
35.66486411;1.526620865;0.1004985496;9.671789169;35.67285744;0.3034470677;-0.1082757786;-0.8529199362;12
35.66696588;1.445264935;0.1004985496;9.652647018;35.67495927;0.2997818887;-0.115606159;-0.8529199362;12
35.66906776;1.378265858;0.1100698411;9.652647018;35.67706109;0.2948949635;-0.121714808;-0.8541416526;12
35.67116958;1.320838094;0.0765703246;9.647860527;35.67916291;0.2912297845;-0.131488651;-0.856585145;12
35.6732714;1.268195987;0.0765703246;9.643074989;35.68126473;0.2887863219;-0.1412624866;-0.8602503538;12
35.67537322;1.220339537;0.06699903309;9.652647018;35.68336661;0.2875646055;-0.1498145908;-0.8614720702;12
35.67747505;1.16769743;0.05742774159;9.686145782;35.68546843;0.2863428593;-0.1571449637;-0.8651372194;12
35.67957687;1.100698471;0.05742774159;9.7196455;35.68757026;0.2826776803;-0.1644753367;-0.8663589954;12
35.68167869;1.004985452;0.05742774159;9.714859962;35.68967208;0.2838993967;-0.1742491722;-0.8700241446;12
35.68378057;0.9379864931;0.05264209956;9.738788605;35.6917739;0.2838993967;-0.18157956;-0.8712459207;12
35.68588239;0.866201818;0.04785645381;9.757930756;35.69387578;0.2826776803;-0.1901316643;-0.8736893535;12
35.68798421;0.813559711;0.05264209956;9.767501831;35.6959776;0.2851211429;-0.2011272311;-0.8773545623;12
35.69008604;0.7369893789;0.0239282269;9.815358162;35.69807942;0.2863428593;-0.2133445293;-0.8797979951;12
35.69218786;0.6891329288;0.0382851623;9.810572624;35.70018124;0.2851211429;-0.2255618125;-0.8810197115;12
35.69428973;0.6173482537;0.0143569354;9.805787086;35.70228307;0.2826776803;-0.2402225733;-0.8810197115;12
35.69639156;0.5599204898;0.004785645287;9.762716293;35.70438489;0.281455934;-0.2548833191;-0.8822414875;12
35.69849338;0.4785645306;0.004785645287;9.767501831;35.70648671;0.277790755;-0.2732092738;-0.8822414875;12
35.7005952;0.3732803464;0.004785645287;9.74835968;35.70858859;0.2765690386;-0.2903134823;-0.8810197115;12
35.70269703;0.2488535494;0.02871387079;9.738788605;35.71069041;0.2716821134;-0.3037525117;-0.8773545623;12
35.70479885;0.1627119333;0.06221338734;9.714859962;35.71279223;0.2643517256;-0.3220784664;-0.8724676371;12
35.70690067;0.0765703246;0.1004985496;9.662218094;35.71489406;0.2594648004;-0.3404043913;-0.8675807118;12
35.70900255;-0.04307080805;0.1674975902;9.576076508;35.71699593;0.2496909797;-0.3636172712;-0.8626937866;12
35.71110437;-0.1435693651;0.2297109663;9.561718941;35.71909776;0.2411388755;-0.3856084049;-0.8578068614;12
35.71320619;-0.2392822653;0.2536391914;9.504291534;35.72119953;0.2289215773;-0.405156076;-0.8529199362;12
35.71530802;-0.2967100143;0.2727817893;9.456435204;35.7233014;0.2167042792;-0.4320341051;-0.849254787;12
35.71740989;-0.3397808075;0.2727817893;9.355937004;35.72540322;0.200821802;-0.455246985;-0.8443678617;12
35.71951171;-0.3684946895;0.3062812984;9.265008926;35.72750505;0.1861610413;-0.4784598351;-0.8407026529;12
35.72161348;-0.3924229145;0.3302095234;9.174081802;35.72960687;0.1727220118;-0.4955640435;-0.8370374441;12
35.72371536;-0.4307080805;0.3158525825;9.097511292;35.73170869;0.1580612659;-0.5114465356;-0.8345940113;12
35.72581718;-0.4929214716;0.2919243574;9.020941734;35.73381057;0.1421787739;-0.5248855352;-0.8297070861;12
35.72791901;-0.5359922647;0.2727817893;8.949156761;35.73591239;0.127518028;-0.5395463109;-0.8248201609;12
35.73002083;-0.5647061467;0.2919243574;8.886942863;35.73801421;0.1128572673;-0.5505418777;-0.821154952;12
35.73212265;-0.5982056856;0.2871387303;8.877371788;35.74011604;0.09941824526;-0.5603157282;-0.8162680864;12
35.73422453;-0.5934200287;0.3206382394;8.815158844;35.74221786;0.08720094711;-0.5676460862;-0.8101593852;12
35.73632635;-0.5982056856;0.3445664644;8.781659126;35.74431968;0.07864884287;-0.5749764442;-0.8052725196;12
35.73842817;-0.6125625968;0.3637090325;8.752944946;35.7464215;0.06765327603;-0.5774199367;-0.7991638184;12
35.74053;-0.626919508;0.3876372576;8.719446182;35.74852333;0.06032289565;-0.5847502947;-0.7918334603;12
35.74263182;-0.6317051649;0.4115654826;8.709874153;35.7506252;0.0542142503;-0.5859720111;-0.7832813859;12
35.74473364;-0.6699903607;0.4354937077;8.709874153;35.75272703;0.04810560122;-0.5859720111;-0.7747292519;12
35.74683546;-0.7513462901;0.4689932466;8.705088615;35.75482885;0.04321868345;-0.5847502947;-0.7661771774;12
35.74893729;-0.7992027402;0.4833501875;8.719446182;35.75693067;0.03711003438;-0.5786416531;-0.7588467598;12
35.75103916;-0.813559711;0.4881358147;8.671588898;35.7590325;0.03222311661;-0.5725330114;-0.7515164018;12
35.75314098;-0.784845829;0.4881358147;8.628518105;35.76113432;0.02611446939;-0.563980937;-0.747851193;12
35.75524281;-0.732203722;0.4546363056;8.537590981;35.76323619;0.02000582218;-0.5493201613;-0.7417425513;12
35.75734463;-0.6747759581;0.4259224236;8.441878319;35.76533802;0.01878409274;-0.5285507441;-0.7380773425;12
35.75944645;-0.6077769399;0.4019941986;8.350951195;35.76743984;0.01145371422;-0.5041161776;-0.7344121933;12
35.76154828;-0.5742774606;0.3780659735;8.307880402;35.76954166;0.009010255337;-0.4735729098;-0.7295252681;12
35.76365015;-0.5503492355;0.3397808075;8.255238533;35.77164348;0.009010255337;-0.4466948807;-0.7234166265;12
35.76575197;-0.5120640397;0.3110669553;8.240880966;35.77374536;0.01023198478;-0.4173733592;-0.713642776;12
35.7678538;-0.5168496966;0.3062812984;8.231309891;35.77584718;0.01389717404;-0.3856084049;-0.7014254928;12
35.76995562;-0.5503492355;0.2967100143;8.274380684;35.777949;0.01878409274;-0.358730346;-0.6904299259;12
35.77205744;-0.6556333899;0.3062812984;8.341380119;35.78005083;0.02489273995;-0.3294088244;-0.6794343591;12
35.77415932;-0.784845829;0.3062812984;8.422736168;35.78215265;0.03466657549;-0.3037525117;-0.6696605086;12
35.77626114;-0.8422735929;0.3110669553;8.470592499;35.78425447;0.04321868345;-0.2793179154;-0.6611084342;12
35.77836296;-0.8614161611;0.3158525825;8.523234367;35.7863563;0.04810560122;-0.265878886;-0.656221509;12
35.78046479;-0.8087740541;0.3062812984;8.537590981;35.78845817;0.0542142503;-0.2548833191;-0.6513345838;12
35.78256661;-0.70348984;0.2919243574;8.542376518;35.79056;0.05787943676;-0.2463312149;-0.6464476585;12
35.78466843;-0.6317051649;0.2536391914;8.504091263;35.79266182;0.05665770918;-0.2377791107;-0.6452259421;12
35.78677026;-0.5838487148;0.2105683982;8.470592499;35.79476364;0.0542142503;-0.2341139317;-0.6415607333;12
35.78887213;-0.5694918036;0.1435693651;8.417949677;35.79686546;0.04688387364;-0.2243400961;-0.6391173005;12
35.79097395;-0.5694918036;0.0765703246;8.33180809;35.79896729;0.03711003438;-0.2170097083;-0.6366738081;12
35.79307578;-0.5838487148;0.004785645287;8.216953278;35.80106911;0.02367101051;-0.2084576041;-0.6354520917;12
35.7951776;-0.5886343718;-0.04785645381;8.126026154;35.80317098;0.0126754446;-0.1999054998;-0.6354520917;12
35.79727942;-0.5982056856;-0.1004985496;8.08295536;35.80527281;-0.004428769462;-0.1901316643;-0.6342303753;12
35.79938124;-0.5934200287;-0.1292124242;8.025527;35.80737463;-0.02031125315;-0.1840230078;-0.6342303753;12
35.80148307;-0.5742774606;-0.1770688742;7.972885132;35.80947645;-0.03619373962;-0.1742491722;-0.6354520917;12
35.80358494;-0.5551348329;-0.1722832322;7.96331358;35.81157828;-0.05329795182;-0.1693622619;-0.6354520917;12
35.80568677;-0.5503492355;-0.1866401732;7.96331358;35.8136801;-0.06918043643;-0.1681405306;-0.6342303753;12
35.80778859;-0.5599204898;-0.2009970993;7.996813297;35.81578192;-0.08628465235;-0.1644753367;-0.6305651665;12
35.80989041;-0.6029912829;-0.2009970993;8.039883614;35.81788374;-0.09972367436;-0.1632536054;-0.6281217337;12
35.81199223;-0.6460621357;-0.2057827413;8.111668587;35.81998562;-0.1131627038;-0.165697068;-0.6256782413;12
35.81409406;-0.7130611539;-0.2249253243;8.169096947;35.82208744;-0.1229365394;-0.1693622619;-0.6220130324;12
35.81619588;-0.760917604;-0.2344966233;8.269595146;35.82418927;-0.131488651;-0.1681405306;-0.6195695996;12
35.8182977;-0.8087740541;-0.2536391914;8.365307808;35.82629109;-0.1363755614;-0.1693622619;-0.6195695996;12
35.82039958;-0.8327022791;-0.2967100143;8.465806961;35.82839296;-0.138819024;-0.1718057245;-0.6183478832;12
35.8225014;-0.8231309652;-0.3302095234;8.571090698;35.83049473;-0.142484203;-0.1718057245;-0.6195695996;12
35.82460322;-0.7992027402;-0.3637090325;8.72423172;35.83259661;-0.138819024;-0.1681405306;-0.6195695996;12
35.82670505;-0.7944171429;-0.4067798555;8.834300995;35.83469843;-0.138819024;-0.165697068;-0.6220130324;12
35.82880692;-0.8231309652;-0.4307080805;8.939585686;35.83680026;-0.1363755614;-0.1571449637;-0.6244565248;12
35.83090869;-0.8279166222;-0.4785645306;9.044869423;35.83890208;-0.1302669197;-0.1510363221;-0.6281217337;12
35.83301057;-0.8470591903;-0.5216353536;9.107083321;35.8410039;-0.1229365394;-0.1437059343;-0.6305651665;12
35.83511239;-0.8183453679;-0.5407779217;9.217152596;35.84310572;-0.1180496216;-0.1327103674;-0.6366738081;12
35.83721421;-0.8039883971;-0.5790630579;9.274580956;35.84520755;-0.1094975099;-0.1229365394;-0.6440041661;12
35.83931604;-0.8039883971;-0.6221339107;9.341579437;35.84730942;-0.1009454057;-0.1107192412;-0.6501128674;12
35.84141786;-0.7944171429;-0.650847733;9.389435768;35.84941124;-0.09117157012;-0.09850194305;-0.656221509;12
35.84351968;-0.8039883971;-0.6939185858;9.446864128;35.85151307;-0.08261945844;-0.08384118974;-0.663551867;12
35.84562151;-0.813559711;-0.7274180651;9.461220741;35.85361489;-0.0740673542;-0.07162389904;-0.670882225;12
35.84772338;-0.866201818;-0.7465606928;9.494720459;35.85571671;-0.06062832847;-0.06062832847;-0.6757691503;12
35.8498252;-0.9044869542;-0.784845829;9.494720459;35.85781859;-0.05207622424;-0.05085449293;-0.6818777919;12
35.85192703;-0.9571290612;-0.7800601721;9.51386261;35.85992041;-0.04108065739;-0.04230238497;-0.6867647171;12
35.85402885;-0.9906286001;-0.784845829;9.537791252;35.86202223;-0.03008509055;-0.03252854943;-0.6928733587;12
35.85613067;-1.057627559;-0.784845829;9.600004196;35.86412406;-0.01786779426;-0.02641990222;-0.6953168511;12
35.85823255;-1.100698471;-0.7417750359;9.619147301;35.86622588;-0.008093958721;-0.02153298259;-0.6965385675;12
35.86033437;-1.196411371;-0.708275497;9.638289452;35.8683277;-0.001985310577;-0.02153298259;-0.6977602839;12
35.86243619;-1.282552958;-0.6699903607;9.652647018;35.87042953;0.005345067009;-0.01664606482;-0.6953168511;12
35.86453802;-1.373480201;-0.626919508;9.647860527;35.8725314;0.01023198478;-0.01420260593;-0.6940951347;12
35.86663984;-1.488335729;-0.6173482537;9.69093132;35.87463322;0.01389717404;-0.0190895237;-0.6904299259;12
35.86874166;-1.588834286;-0.5886343718;9.647860527;35.87673505;0.01511890348;-0.02397644334;-0.6855430007;12
35.87084348;-1.679761529;-0.5503492355;9.638289452;35.87883687;0.0175623633;-0.03375028074;-0.6806560755;12
35.87294536;-1.785045743;-0.5072783828;9.662218094;35.88093874;0.01511890348;-0.03985892609;-0.6733257174;12
35.87504718;-1.890329838;-0.4642075896;9.638289452;35.88304052;0.01389717404;-0.05085449293;-0.6672170758;12
35.877149;-2.005185366;-0.4498506486;9.628718376;35.88514239;0.01023198478;-0.06307178736;-0.6586649418;12
35.87925083;-2.124826431;-0.4354937077;9.595218658;35.88724421;0.006566796452;-0.07651081681;-0.6513345838;12
35.8813527;-2.225325108;-0.4115654826;9.566504478;35.88934604;0.002901607659;-0.09361502528;-0.6440041661;12
35.88345447;-2.316252232;-0.3828516304;9.523433685;35.89144786;-0.001985310577;-0.1058323234;-0.6366738081;12
35.88555635;-2.39760828;-0.3445664644;9.480362892;35.89354968;-0.01053741761;-0.1204930767;-0.6268999577;12
35.88765817;-2.440679073;-0.3110669553;9.44207859;35.89565151;-0.02031125315;-0.1327103674;-0.6183478832;12
35.88976;-2.49332118;-0.2536391914;9.360722542;35.89775338;-0.02886336111;-0.1510363221;-0.6110175252;12
35.89186182;-2.555534601;-0.2201396823;9.284152031;35.8998552;-0.0374154672;-0.1681405306;-0.6012436748;12
35.89396364;-2.589034081;-0.1818545163;9.217152596;35.90195703;-0.04718930274;-0.1840230078;-0.5914698243;12
35.89606546;-2.651247501;-0.1339980662;9.169296265;35.90405885;-0.05696314201;-0.1974620372;-0.5829176903;12
35.89816734;-2.703889608;-0.1196411327;9.111868858;35.90616067;-0.06673697382;-0.2072358727;-0.5719221234;12
35.90026916;-2.794816732;-0.09571290761;9.078369141;35.9082625;-0.07895427197;-0.2182314396;-0.5621483326;12
35.90237098;-2.861815929;-0.04307080805;9.035298347;35.91036432;-0.08628465235;-0.2231183648;-0.5487092733;12
35.90447281;-2.914458036;0.0;9.03051281;35.91246619;-0.09361502528;-0.2292270064;-0.5364919901;12
35.90657463;-3.00538516;0.06221338734;8.977870941;35.91456802;-0.1058323234;-0.2328922004;-0.520609498;12
35.90867645;-3.058027267;0.09571290761;8.958727837;35.91666984;-0.1131627038;-0.2328922004;-0.5035052896;12
35.91077828;-3.120240688;0.1483550072;8.925228119;35.91877166;-0.121714808;-0.235335663;-0.4839576185;12
35.91288015;-3.192025423;0.2009970993;8.925228119;35.92087348;-0.1290451884;-0.239000842;-0.4656316638;12
35.91498197;-3.268595695;0.2584248483;8.953942299;35.92297536;-0.1363755614;-0.2426660359;-0.4448622763;12
35.9170838;-3.37387991;0.3254238665;8.987442017;35.92507713;-0.138819024;-0.2426660359;-0.4216494262;12
35.91918562;-3.464807272;0.4115654826;9.011369705;35.927179;-0.1449276656;-0.2475529462;-0.3984365463;12
35.92128744;-3.531806231;0.4833501875;9.025727272;35.92928083;-0.1522580534;-0.258548528;-0.3752236962;12
35.92338932;-3.603590965;0.5790630579;9.011369705;35.93138265;-0.158366695;-0.2732092738;-0.3507890999;12
35.92549109;-3.675375462;0.6317051649;9.068798065;35.93348447;-0.165697068;-0.2842048407;-0.3287979662;12
35.92759296;-3.7710886;0.6939185858;9.126225471;35.9355863;-0.1754709035;-0.2939786613;-0.3092502952;12
35.92969479;-3.847658873;0.7274180651;9.131011009;35.93768812;-0.1828012913;-0.3000873327;-0.2884808779;12
35.93179661;-3.943371773;0.732203722;9.064012527;35.93978994;-0.1901316643;-0.3061959743;-0.2689332068;12
35.93389843;-4.010370731;0.7369893789;9.011369705;35.94189182;-0.1962403059;-0.3110828996;-0.2481638193;12
35.93600026;-4.067798615;0.7417750359;8.997013092;35.94399364;-0.2035706937;-0.315969795;-0.2310595959;12
35.93810208;-4.120440483;0.7657032609;9.049654961;35.94609546;-0.2109010667;-0.3184132576;-0.2115119249;12
35.9402039;-4.158725739;0.7944171429;9.116654396;35.94819729;-0.215787977;-0.3196350038;-0.1944077164;12
35.94230578;-4.197010994;0.7992027402;9.154939651;35.95029911;-0.2206749022;-0.315969795;-0.1773035079;12
35.9444076;-4.225724697;0.837487936;9.169296265;35.95240093;-0.2267835438;-0.3098611534;-0.1601992846;12
35.94650942;-4.249652863;0.8757730722;9.188439369;35.95450276;-0.2304487377;-0.3025307953;-0.1443168074;12
35.94861124;-4.28315258;0.8949156404;9.183652878;35.95660463;-0.231670469;-0.2890917659;-0.127212584;12
35.95071307;-4.311866283;0.94277215;9.202795982;35.95870645;-0.2328922004;-0.2719875574;-0.1101083755;12
35.95281489;-4.235296249;1.009771109;9.250652313;35.96080828;-0.2280052751;-0.2536616027;-0.09422589093;12
35.95491671;-4.216153622;1.000199914;9.284152031;35.9629101;-0.2231183648;-0.231670469;-0.07589995116;12
35.95701859;-4.201796532;0.9858429432;9.370293617;35.96501192;-0.215787977;-0.2096793354;-0.05513054505;12
35.95912041;-4.206582069;0.9571290612;9.451649666;35.96711374;-0.2072358727;-0.1925751269;-0.03680460155;12
35.96122223;-4.182653904;0.9140582681;9.590433121;35.96921562;-0.1974620372;-0.1754709035;-0.01725693047;12
35.96332406;-4.163511276;0.8757730722;9.681360245;35.97131744;-0.1852447391;-0.1559232324;-0.002596175298;12
35.96542588;-4.115654945;0.837487936;9.781859398;35.97341927;-0.1705839932;-0.1375972927;0.01206457894;12
35.9675277;-4.048655987;0.7944171429;9.872786522;35.97552109;-0.1547015011;-0.1168278903;0.02183841541;12
35.96962958;-3.943371773;0.7369893789;9.958928108;35.97762296;-0.1375972927;-0.09850194305;0.02916879393;12
35.9717314;-3.828516245;0.6843472719;10.04028416;35.97972473;-0.1192713454;-0.07895427197;0.03405570984;12
35.97383322;-3.699303865;0.6125625968;10.12642574;35.98182656;-0.09972367436;-0.06185005978;0.03649916872;12
35.97593505;-3.584448338;0.5551348329;10.2029953;35.98392843;-0.07895427197;-0.04474584386;0.03772090003;12
35.97803692;-3.474378586;0.5024927258;10.27956581;35.98603026;-0.05696314201;-0.03130681813;0.03649916872;12
35.98013869;-3.378665686;0.4498506486;10.35613632;35.98813208;-0.03985892609;-0.02031125315;0.03649916872;12
35.98224052;-3.287738323;0.3972085714;10.37049294;35.9902339;-0.02153298259;-0.01053741761;0.03405570984;12
35.98434239;-3.239881754;0.3684946895;10.3657074;35.99233572;-0.006872228812;-0.004428769462;0.03283398226;12
35.98644421;-3.192025423;0.3302095234;10.36092186;35.99443755;0.006566796452;-0.0007635809598;0.03283398226;12
35.98854604;-3.153740168;0.3206382394;10.33699417;35.99653942;0.01634063199;0.0016798781;0.03161225095;12
35.99064786;-3.144168854;0.2967100143;10.27956581;35.99864124;0.02611446939;0.004123337101;0.03161225095;12
35.99274968;-3.153740168;0.2871387303;10.19820976;36.00074307;0.03344484791;0.004123337101;0.03161225095;12
35.9948515;-3.163311481;0.2679961324;10.10728264;36.00284489;0.03711003438;0.007788525894;0.03405570984;12
35.99695338;-3.182454109;0.2775674164;10.04506969;36.00494671;0.03955349326;0.01023198478;0.03527744114;12
35.9990552;-3.172882795;0.2871387303;9.978070259;36.00704854;0.04444041103;0.01389717404;0.03894263133;12
36.00115703;-3.182454109;0.3062812984;9.906285286;36.00915041;0.04444041103;0.01634063199;0.0426078178;12
36.00325885;-3.163311481;0.3445664644;9.858428955;36.01125223;0.04810560122;0.01878409274;0.04627300799;12
36.00536067;-3.14895463;0.3684946895;9.824930191;36.01335406;0.04932733253;0.0175623633;0.05115992576;12
36.0074625;-3.139383316;0.4259224236;9.786644936;36.01545588;0.04688387364;0.0175623633;0.05971203372;12
36.00956437;-3.125026464;0.4785645306;9.74835968;36.0175577;0.04566214234;0.01634063199;0.06704241037;12
36.01166619;-3.139383316;0.5168496966;9.695717812;36.01965953;0.04199695215;0.0126754446;0.07559451461;12
36.01376802;-3.153740168;0.5694918036;9.681360245;36.0217614;0.03833176568;0.01023198478;0.08659008145;12
36.01586984;-3.182454109;0.5982056856;9.609575272;36.02386322;0.03222311661;0.006566796452;0.0975856483;12
36.01797166;-3.192025423;0.6317051649;9.556933403;36.02596505;0.02489273995;0.004123337101;0.1073594838;12
36.02007348;-3.211168051;0.6652047038;9.51386261;36.02806687;0.01878409274;0.0004581485991;0.1183550507;12
36.02217536;-3.24466753;0.6843472719;9.489934921;36.03016869;0.01145371422;0.0004581485991;0.1305723488;12
36.02427718;-3.230310678;0.708275497;9.432506561;36.03227052;0.002901607659;0.0004581485991;0.1415679157;12
36.026379;-3.220739365;0.7130611539;9.44207859;36.03437234;-0.00565049937;0.005345067009;0.1525634825;12
36.02848083;-3.201596737;0.7130611539;9.422935486;36.03647421;-0.01053741761;0.004123337101;0.1635590494;12
36.03058265;-3.172882795;0.7130611539;9.44207859;36.03857604;-0.01542433538;0.005345067009;0.1733328849;12
36.03268447;-3.144168854;0.7130611539;9.446864128;36.04067786;-0.02031125315;0.01145371422;0.1806632578;12
36.0347863;-3.101098061;0.7130611539;9.499505997;36.04277968;-0.02275471389;0.01389717404;0.1892153621;12
36.03688817;-3.062813044;0.6987041831;9.556933403;36.0448815;-0.02764163166;0.0175623633;0.1977674663;12
36.03899;-3.024527788;0.70348984;9.580862045;36.04698338;-0.02764163166;0.02122755162;0.2038761228;12
36.04109182;-2.991028309;0.679561615;9.633503914;36.0490852;-0.02764163166;0.02611446939;0.2087630332;12
36.04319364;-2.914458036;0.650847733;9.700503349;36.05118703;-0.02397644334;0.02977965772;0.2136499584;12
36.04529546;-2.852244616;0.6173482537;9.734002113;36.05328885;-0.02275471389;0.03344484791;0.2185368687;12
36.04739734;-2.770888567;0.6029912829;9.801001549;36.05539067;-0.01786779426;0.04199695215;0.2209803313;12
36.04949916;-2.713460922;0.5790630579;9.810572624;36.0574925;-0.01420260593;0.04932733253;0.2258672565;12
36.05160098;-2.660818815;0.5551348329;9.863214493;36.05959432;-0.006872228812;0.05910116807;0.2295324355;12
36.05370281;-2.617748022;0.5407779217;9.901499748;36.06169619;-0.0007635809598;0.07009673119;0.2319758981;12
36.05580463;-2.641676188;0.5264210105;9.920642853;36.06379802;0.009010255337;0.08353576064;0.2368628234;12
36.05790645;-2.63689065;0.5168496966;9.963713646;36.06589984;0.01511890348;0.09819651395;0.2417497337;12
36.06000828;-2.617748022;0.5264210105;9.997213364;36.06800166;0.02244928107;0.111635536;0.2466366589;12
36.06211015;-2.632104874;0.5312066078;10.01156998;36.07010348;0.03344484791;0.1250745654;0.2539670467;12
36.06421197;-2.627319336;0.5407779217;10.04028416;36.07220531;0.04321868345;0.1372918636;0.2588539422;12
36.0663138;-2.62253356;0.5407779217;10.05464077;36.07430713;0.05177079141;0.1507308781;0.26618433;12
36.06841562;-2.617748022;0.5838487148;10.03549862;36.07640895;0.05910116807;0.1629481763;0.2759581506;12
36.07051744;-2.608176708;0.6173482537;10.04028416;36.07851078;0.06887500733;0.1739437431;0.2845102847;12
36.07261927;-2.632104874;0.6125625968;10.03071213;36.08061265;0.07498364896;0.1886045039;0.2942841053;12
36.07472109;-2.656033039;0.6364908218;10.02592659;36.08271447;0.07987056673;0.1983783394;0.3077231348;12
36.07682291;-2.684746981;0.6556333899;10.02114105;36.0848163;0.0847574845;0.2057087123;0.3187187016;12
36.07892473;-2.703889608;0.6939185858;9.997213364;36.08691817;0.08964440972;0.2130390853;0.3297142684;12
36.08102661;-2.71824646;0.708275497;9.987641335;36.08901994;0.09330959618;0.2179260105;0.3407098353;12
36.08312843;-2.71824646;0.7274180651;9.973284721;36.09112182;0.09819651395;0.2228129357;0.3517054021;12
36.08523026;-2.71824646;0.7369893789;9.944570541;36.09322364;0.1006399691;0.2252563834;0.362700969;12
36.08733213;-2.737389088;0.7369893789;9.944570541;36.09532546;0.1030834317;0.2264781147;0.3724747896;12
36.0894339;-2.737389088;0.7369893789;9.930213928;36.09742729;0.1030834317;0.2264781147;0.3822486401;12
36.09153578;-2.73260355;0.7178468108;9.925428391;36.09952911;0.1030834317;0.2252563834;0.3895790279;12
36.0936376;-2.703889608;0.708275497;9.901499748;36.10163098;0.1006399691;0.2228129357;0.3981311321;12
36.09573942;-2.703889608;0.7130611539;9.868000984;36.10373276;0.09819651395;0.2203694731;0.4030180275;12
36.09784125;-2.684746981;0.7130611539;9.8201437;36.10583458;0.09575305134;0.2203694731;0.412791878;12
36.09994307;-2.665604353;0.7178468108;9.810572624;36.10793645;0.09086613357;0.2142608166;0.4176788032;12
36.10204494;-2.62253356;0.7178468108;9.757930756;36.11003828;0.08353576064;0.2105956376;0.4250091612;12
36.10414671;-2.565105915;0.7130611539;9.7196455;36.1121401;0.07742711157;0.2057087123;0.4335612655;12
36.10624854;-2.531606436;0.7178468108;9.69093132;36.11424192;0.0725401938;0.1996000707;0.4421133697;12
36.10835041;-2.550748825;0.70348984;9.662218094;36.1163438;0.06765327603;0.1947131455;0.4518872201;12
36.11045223;-2.589034081;0.70348984;9.681360245;36.11844562;0.06276635826;0.1934914142;0.4616610706;12
36.11255406;-2.646461725;0.6652047038;9.69093132;36.12054744;0.06154462695;0.1898262352;0.4714348912;12
36.11465588;-2.689532757;0.6604190469;9.7196455;36.12264927;0.06154462695;0.1861610413;0.4812087417;12
36.11675776;-2.694318295;0.6604190469;9.786644936;36.12475109;0.06398808211;0.181274116;0.4922043085;12
36.11885958;-2.670390129;0.6364908218;9.84885788;36.12685291;0.06276635826;0.1800523996;0.4983129501;12
36.1209614;-2.62253356;0.6604190469;9.901499748;36.12895473;0.06765327603;0.1739437431;0.5080868006;12
36.12306322;-2.579462767;0.6652047038;9.963713646;36.13105661;0.07131846249;0.1702785641;0.5154171586;12
36.12516505;-2.545963287;0.6460621357;9.982855797;36.13315843;0.0737619251;0.1666133702;0.5239692926;12
36.12726687;-2.483749866;0.6221339107;9.987641335;36.13526026;0.07742711157;0.1605047137;0.5337430835;12
36.12936869;-2.39760828;0.6125625968;9.963713646;36.13736208;0.08109229803;0.1580612659;0.5447386503;12
36.13147057;-2.349751949;0.5982056856;9.939785004;36.1394639;0.08109229803;0.1580612659;0.5569559336;12
36.13357239;-2.364108801;0.5647061467;9.887143135;36.14156572;0.0859792158;0.1592829973;0.5691732764;12
36.13567421;-2.364108801;0.5407779217;9.863214493;36.1436676;0.09086613357;0.1666133702;0.5813905597;12
36.13777604;-2.378465652;0.5168496966;9.834501266;36.14576937;0.09208786488;0.1751654744;0.5936078429;12
36.13987786;-2.388036966;0.4929214716;9.829715729;36.14787125;0.09819651395;0.1837175786;0.6058251262;12
36.14197968;-2.354537487;0.5072783828;9.796216011;36.14997307;0.1030834317;0.1947131455;0.6143772602;12
36.14408156;-2.282752752;0.4881358147;9.781859398;36.15207489;0.1091920808;0.2057087123;0.6253728271;12
36.14618333;-2.220539331;0.5072783828;9.791430473;36.15417671;0.1153007299;0.2142608166;0.6351466775;12
36.1482852;-2.143969059;0.5216353536;9.786644936;36.15627854;0.1226311028;0.2203694731;0.6436987519;12
36.15038703;-2.0769701;0.5120640397;9.777072906;36.15838036;0.127518028;0.2252563834;0.6546943188;12
36.15248885;-2.024327993;0.5120640397;9.762716293;36.16048223;0.1324049383;0.2264781147;0.6632464528;12
36.15459067;-1.995614052;0.5024927258;9.700503349;36.16258406;0.1336266696;0.2313650399;0.6730202436;12
36.1566925;-1.971685886;0.4881358147;9.662218094;36.16468588;0.1360701323;0.235030219;0.6827940941;12
36.15879432;-1.93340075;0.4642075896;9.604789734;36.1667877;0.1360701323;0.2399171442;0.6901245117;12
36.16089619;-1.880758643;0.4211367965;9.552147865;36.16888953;0.134848401;0.2423606068;0.6974548697;12
36.16299802;-1.837687731;0.3876372576;9.466006279;36.17099135;0.1360701323;0.2521344423;0.7035635114;12
36.16509984;-1.751546144;0.3493520916;9.408578873;36.17309317;0.1324049383;0.2557996213;0.709672153;12
36.16720166;-1.655833244;0.3302095234;9.375079155;36.17519505;0.1299614757;0.2631300092;0.7145590782;12
36.16930348;-1.574477315;0.3014956415;9.317651749;36.17729687;0.127518028;0.2680169344;0.7206677198;12
36.17140531;-1.512263894;0.2775674164;9.274580956;36.17939869;0.1262962967;0.2729038298;0.7267763615;12
36.17350713;-1.459621787;0.2536391914;9.241081238;36.18150052;0.1226311028;0.2753472924;0.7328850031;12
36.17560901;-1.445264935;0.2297109663;9.217152596;36.18360234;0.1165224537;0.2753472924;0.7402154207;12
36.17771083;-1.445264935;0.2392822653;9.169296265;36.18570416;0.1128572673;0.2753472924;0.7463240623;12
36.17981265;-1.445264935;0.2392822653;9.145368576;36.18780604;0.1067486182;0.274125576;0.7536544204;12
36.18191447;-1.40697968;0.2440679073;9.092725754;36.18990786;0.1018617004;0.2716821134;0.7585413456;12
36.1840163;-1.368694544;0.2632105052;9.083154678;36.19200968;0.09941824526;0.2716821134;0.7658717036;12
36.18611812;-1.330409408;0.2344966233;9.064012527;36.1941115;0.09330959618;0.2704603672;0.7719803452;12
36.18822;-1.26341033;0.2153540403;8.992227554;36.19621333;0.08842267841;0.2692386508;0.7780889869;12
36.19032182;-1.186840057;0.2057827413;8.968298912;36.19831515;0.08231402934;0.2692386508;0.7829759121;12
36.19242364;-1.13419795;0.1818545163;8.925228119;36.20041703;0.07620538026;0.2729038298;0.7890845537;12
36.19452546;-1.057627559;0.1627119333;8.87258625;36.20251885;0.06887500733;0.2753472924;0.7951932549;12
36.19662729;-1.000199914;0.1531406492;8.858229637;36.20462067;0.06398808211;0.277790755;0.8000801206;12
36.19872911;-0.9571290612;0.1435693651;8.829515457;36.2067225;0.05543597788;0.2826776803;0.8061888218;12
36.20083098;-0.8805587292;0.1292124242;8.791230202;36.20882432;0.04932733253;0.2887863219;0.809853971;12
36.20293281;-0.8231309652;0.1004985496;8.757730484;36.21092619;0.04444041103;0.2997818887;0.8135191798;12
36.20503463;-0.732203722;0.08614161611;8.714659691;36.21302802;0.03955349326;0.3058905303;0.817184329;12
36.20713645;-0.6317051649;0.06221338734;8.66680336;36.21512984;0.03466657549;0.3168860972;0.8196278214;12
36.20923828;-0.5407779217;0.0143569354;8.66680336;36.21723166;0.03222311661;0.3266599476;0.8220712543;12
36.21134015;-0.4546363056;-0.0143569354;8.709874153;36.21933348;0.03100138716;0.3388772309;0.8232930303;12
36.21344197;-0.3828516304;-0.05264209956;8.729017258;36.22143531;0.02977965772;0.3535379767;0.8257364631;12
36.2155438;-0.3254238665;-0.09092725813;8.733802795;36.22353713;0.02611446939;0.3633118272;0.8281798959;12
36.21764562;-0.2823530734;-0.1387837082;8.772088051;36.22563895;0.02977965772;0.374307394;0.8257364631;12
36.21974744;-0.2105683982;-0.1674975902;8.815158844;36.22774078;0.03344484791;0.3816377819;0.8257364631;12
36.22184927;-0.1435693651;-0.2057827413;8.877371788;36.22984265;0.03711003438;0.3889681399;0.8245147467;12
36.22395109;-0.06221338734;-0.2249253243;8.939585686;36.23194447;0.04321868345;0.3938550651;0.8220712543;12
36.22605291;0.0143569354;-0.2249253243;9.006584167;36.2340463;0.04321868345;0.4011854529;0.817184329;12
36.22815473;0.08614161611;-0.2727817893;9.049654961;36.23614812;0.04810560122;0.404850632;0.8135191798;12
36.23025661;0.1531406492;-0.2823530734;9.05922699;36.23825;0.05054906011;0.4109592736;0.8049670458;12
36.23235843;0.2153540403;-0.3349951804;9.068798065;36.24035182;0.0542142503;0.4182896614;0.7964149714;12
36.23446026;0.2727817893;-0.3732803464;9.054440498;36.24245359;0.05543597788;0.428063482;0.7890845537;12
36.23656208;0.3110669553;-0.4163511395;9.054440498;36.24455546;0.05910116807;0.4353938699;0.7805324793;12
36.23866395;0.3493520916;-0.4546363056;9.064012527;36.24665729;0.06154462695;0.4390590489;0.7707586288;12
36.24076578;0.3780659735;-0.4929214716;9.078369141;36.24875911;0.06643154472;0.4439459741;0.7634282708;12
36.24286755;0.4307080805;-0.5264210105;9.111868858;36.25086093;0.07009673119;0.4439459741;0.7536544204;12
36.24496942;0.4689932466;-0.5503492355;9.111868858;36.25296276;0.07009673119;0.4463894367;0.7426588535;12
36.24707124;0.4833501875;-0.5503492355;9.126225471;36.25506458;0.07131846249;0.4439459741;0.7328850031;12
36.24917307;0.5216353536;-0.5599204898;9.102297783;36.2571664;0.07009673119;0.4366155863;0.7231112123;12
36.25127489;0.5503492355;-0.5742774606;9.097511292;36.25926828;0.06643154472;0.4305069447;0.7121156454;12
36.25337671;0.5886343718;-0.5503492355;9.035298347;36.2613701;0.06276635826;0.420733124;0.7011200786;12
36.25547854;0.6221339107;-0.5407779217;8.987442017;36.26347192;0.05543597788;0.4109592736;0.6901245117;12
36.25758036;0.6891329288;-0.5407779217;8.939585686;36.2655738;0.05054906011;0.3987419903;0.6815723777;12
36.25968223;0.7130611539;-0.5312066078;8.910871506;36.26767557;0.03955349326;0.3914116025;0.6693550944;12
36.26178406;0.7465606928;-0.5120640397;8.877371788;36.26977739;0.02855792828;0.3828594983;0.6571378112;12
36.26388588;0.7800601721;-0.5168496966;8.810373306;36.27187927;0.01878409274;0.3816377819;0.6449204683;12
36.26598776;0.8183453679;-0.5168496966;8.72423172;36.27398109;0.004123337101;0.3804160357;0.6302597523;12
36.26808953;0.866201818;-0.5168496966;8.66680336;36.27608291;-0.006872228812;0.3840812445;0.6155989766;12
