Tempo acelerômetro (s);Acelerômetro X (m/s²);Acelerômetro Y (m/s²);Acelerômetro Z (m/s²);Tempo giroscópio (s);Giroscópio X (rad/s);Giroscópio Y (rad/s);Giroscópio Z (rad/s);gesto
0.00939907;-0.626919508;1.220339537;9.394221306;0.017392768;-0.01038470119;-0.1180496216;-0.01695149764;1
0.011501362;-0.6317051649;1.253839016;9.456435204;0.019494539;-0.01527161989;-0.1180496216;-0.009621120058;1
0.013603133;-0.650847733;1.258624673;9.494720459;0.021596362;-0.01527161989;-0.1143844277;-0.004734201822;1
0.015704956;-0.650847733;1.268195987;9.54257679;0.023698133;-0.01527161989;-0.1058323234;0.0001527161949;1
0.017806727;-0.650847733;1.277767301;9.576076508;0.025799956;-0.0164933484;-0.09483675659;0.005039634649;1
0.019908497;-0.626919508;1.272981644;9.590433121;0.027901779;-0.01527161989;-0.08139773458;0.009926552884;1
0.02201032;-0.5934200287;1.287338614;9.580862045;0.030003497;-0.01282816008;-0.06673697382;0.01359174121;1
0.024112091;-0.5694918036;1.287338614;9.600004196;0.03210532;-0.00916297175;-0.04963276163;0.01603520103;1
0.026213914;-0.5359922647;1.277767301;9.595218658;0.034207091;-0.006719512399;-0.03497200832;0.01970038936;1
0.028315737;-0.4929214716;1.272981644;9.57129097;0.036308914;-0.005497782957;-0.01664606482;0.02336557768;1
0.030417456;-0.4498506486;1.244267821;9.57129097;0.038410685;-0.003054323839;-0.001985310577;0.02703076601;1
0.032519279;-0.4402793646;1.249053478;9.547362328;0.040512508;-0.001832594397;0.0126754446;0.0294742249;1
0.034621049;-0.4259224236;1.244267821;9.523433685;0.042614279;0.003054323839;0.02244928107;0.0294742249;1
0.036722872;-0.4211367965;1.239482164;9.504291534;0.044716049;0.004276053514;0.03466657549;0.03313941509;1
0.038824643;-0.3972085714;1.244267821;9.518648148;0.046817872;0.006719512399;0.04444041103;0.03191768378;1
0.040926466;-0.3780659735;1.234696507;9.499505997;0.048919695;0.007941242307;0.05054906011;0.03191768378;1
0.043028237;-0.3493520916;1.225125194;9.494720459;0.051021466;0.01160643063;0.05299251899;0.03069595434;1
0.045130008;-0.3302095234;1.21555388;9.494720459;0.053123237;0.01038470119;0.05177079141;0.03069595434;1
0.047231831;-0.3254238665;1.21555388;9.494720459;0.05522506;0.00916297175;0.04932733253;0.02825249545;1
0.049333654;-0.3014956415;1.210768223;9.466006279;0.057326831;0.01160643063;0.04688387364;0.02703076601;1
0.051435424;-0.2919243574;1.1820544;9.475577354;0.059428654;0.007941242307;0.04199695215;0.02336557768;1
0.053537195;-0.3014956415;1.186840057;9.475577354;0.061530424;0.005497782957;0.03344484791;0.0209221188;1
0.055639018;-0.2919243574;1.1820544;9.461220741;0.063632195;0.004276053514;0.02733619884;0.01603520103;1
0.057740789;-0.2823530734;1.16769743;9.461220741;0.065734018;0.0006108647794;0.0175623633;0.01359174121;1
0.059842612;-0.2823530734;1.162911773;9.475577354;0.067835789;-0.004276053514;0.009010255337;0.01114828233;1
0.061944383;-0.2871387303;1.16769743;9.451649666;0.06993756;-0.007941242307;0.0016798781;0.007483093534;1
0.064046154;-0.2967100143;1.153340459;9.466006279;0.072039383;-0.01282816008;-0.00565049937;0.005039634649;1
0.066147977;-0.3062812984;1.129412293;9.480362892;0.074141154;-0.01404988952;-0.01175914705;0.002596175298;1
0.068249747;-0.3062812984;1.143769264;9.509077072;0.076242924;-0.01404988952;-0.01664606482;0.0001527161949;1
0.070351518;-0.3206382394;1.13419795;9.523433685;0.078344747;-0.01404988952;-0.02397644334;-0.001069013379;1
0.072453341;-0.3349951804;1.129412293;9.57129097;0.08044657;-0.01282816008;-0.03252854943;-0.007177661173;1
0.074555112;-0.3254238665;1.115055323;9.595218658;0.082548341;-0.01160643063;-0.03985892609;-0.0108428495;1
0.076656883;-0.3302095234;1.110269666;9.609575272;0.084650164;-0.006719512399;-0.04841103405;-0.01206457894;1
0.078758706;-0.3254238665;1.11984098;9.628718376;0.086751935;-0.004276053514;-0.05329795182;-0.0157297682;1
0.080860529;-0.3158525825;1.124626637;9.619147301;0.088853758;-0.0006108647794;-0.05696314201;-0.01817322709;1
0.082962299;-0.3254238665;1.110269666;9.643074989;0.090955477;0.005497782957;-0.05451968312;-0.01939495653;1
0.085064122;-0.3493520916;1.129412293;9.628718376;0.093057299;0.00916297175;-0.05085449293;-0.02061668597;1
0.087165893;-0.3541377485;1.138983607;9.643074989;0.095159122;0.01527161989;-0.04596757516;-0.02183841541;1
0.089267716;-0.3637090325;1.138983607;9.609575272;0.097260893;0.02015853859;-0.0374154672;-0.02183841541;1
0.091369435;-0.3732803464;1.138983607;9.590433121;0.099362664;0.02504545636;-0.03252854943;-0.02061668597;1
0.093471258;-0.3876372576;1.129412293;9.556933403;0.101464487;0.02993237413;-0.02275471389;-0.01817322709;1
0.095573081;-0.4019941986;1.129412293;9.533005714;0.103566258;0.03359756246;-0.01175914705;-0.0157297682;1
0.097674852;-0.4402793646;1.143769264;9.533005714;0.105668081;0.03848448023;-0.003207040019;-0.01328630932;1
0.099776622;-0.4642075896;1.148554921;9.509077072;0.107769852;0.04214967042;0.006566796452;-0.0108428495;1
0.101878445;-0.4642075896;1.148554921;9.456435204;0.109871622;0.04214967042;0.0175623633;-0.007177661173;1
0.103980216;-0.4929214716;1.162911773;9.44207859;0.111973445;0.04214967042;0.03222311661;-0.002290742937;1
0.106082039;-0.5216353536;1.172483087;9.394221306;0.114075216;0.04214967042;0.04566214234;0.0001527161949;1
0.10818381;-0.5407779217;1.177268744;9.327222824;0.116177039;0.03970621154;0.06154462695;0.005039634649;1
0.110285581;-0.5694918036;1.205982566;9.298508644;0.11827881;0.03604102135;0.07987056673;0.009926552884;1
0.112387404;-0.5790630579;1.191625714;9.241081238;0.120380633;0.03115410358;0.09575305134;0.01481347065;1
0.114489174;-0.5838487148;1.225125194;9.198010445;0.122482404;0.02626718581;0.1091920808;0.0209221188;1
0.116590997;-0.6077769399;1.225125194;9.145368576;0.124584174;0.02382372692;0.1214093715;0.02336557768;1
0.118692768;-0.6221339107;1.229910851;9.135796547;0.126685997;0.0164933484;0.1336266696;0.02825249545;1
0.120794591;-0.6317051649;1.239482164;9.131011009;0.128787768;0.01038470119;0.1397353113;0.03313941509;1
0.122896362;-0.650847733;1.234696507;9.150154114;0.130889591;0.005497782957;0.1434005052;0.03802633286;1
0.124998133;-0.6412764788;1.21555388;9.154939651;0.132991362;0.0006108647794;0.1446222365;0.04046979174;1
0.127099956;-0.6556333899;1.21555388;9.202795982;0.135093185;-0.004276053514;0.1397353113;0.04413498193;1
0.129201727;-0.650847733;1.205982566;9.226723671;0.137194956;-0.01038470119;0.134848401;0.04535670951;1
0.131303549;-0.6604190469;1.196411371;9.288937569;0.139296727;-0.01527161989;0.1238528341;0.0490218997;1
0.13340532;-0.6556333899;1.172483087;9.341579437;0.141398549;-0.01893680729;0.1153007299;0.0490218997;1
0.135507143;-0.6412764788;1.148554921;9.418149948;0.14350032;-0.02138026804;0.1030834317;0.05024362728;1
0.137608914;-0.626919508;1.13419795;9.489934921;0.145602143;-0.02382372692;0.08720094711;0.0490218997;1
0.139710685;-0.6364908218;1.105484009;9.561718941;0.147703914;-0.02748891525;0.0725401938;0.0490218997;1
0.141812508;-0.6077769399;1.076770186;9.614361763;0.149805685;-0.02748891525;0.05787943676;0.04657844082;1
0.143914279;-0.5886343718;1.067198873;9.643074989;0.151907508;-0.02748891525;0.04321868345;0.04657844082;1
0.146016102;-0.5647061467;1.028913736;9.695717812;0.154009279;-0.02748891525;0.02977965772;0.04291325063;1
0.148117872;-0.5599204898;1.019342422;9.743574142;0.156111102;-0.02748891525;0.02000582218;0.04046979174;1
0.150219643;-0.5455635786;0.9954141974;9.738788605;0.158212872;-0.02871064469;0.01145371422;0.03924806044;1
0.152321466;-0.5312066078;0.9762716293;9.762716293;0.160314643;-0.02626718581;0.005345067009;0.03680460155;1
0.154423237;-0.5168496966;0.9667003751;9.772287369;0.162416466;-0.02748891525;-0.0007635809598;0.03558287397;1
0.15652506;-0.5168496966;0.9762716293;9.791430473;0.164518289;-0.02626718581;-0.008093958721;0.03436114267;1
0.158626831;-0.4977070987;0.9858429432;9.786644936;0.16662006;-0.02626718581;-0.01542433538;0.03436114267;1
0.160728602;-0.4977070987;0.9906286001;9.810572624;0.168721831;-0.02260199748;-0.02153298259;0.03558287397;1
0.162830424;-0.4833501875;1.004985452;9.801001549;0.170823654;-0.02260199748;-0.02153298259;0.03558287397;1
0.164932247;-0.4881358147;1.019342422;9.805787086;0.172925424;-0.02260199748;-0.02031125315;0.03680460155;1
0.167034018;-0.4977070987;1.004985452;9.762716293;0.175027247;-0.02260199748;-0.02153298259;0.03680460155;1
0.169135789;-0.4785645306;1.014556766;9.767501831;0.177129018;-0.02138026804;-0.0190895237;0.03802633286;1
0.171237612;-0.4642075896;0.9954141974;9.74835968;0.179230789;-0.02260199748;-0.01420260593;0.03924806044;1
0.173339383;-0.4354937077;0.9954141974;9.724431038;0.181332612;-0.02260199748;-0.008093958721;0.04046979174;1
0.175441206;-0.4307080805;1.014556766;9.686145782;0.183434383;-0.02260199748;0.0004581485991;0.03924806044;1
0.177542977;-0.4067798555;1.019342422;9.657432556;0.185536206;-0.02138026804;0.006566796452;0.04169152305;1
0.179644747;-0.4019941986;1.009771109;9.609575272;0.187637977;-0.02260199748;0.0126754446;0.04169152305;1
0.18174657;-0.4019941986;1.019342422;9.595218658;0.189739747;-0.02260199748;0.01878409274;0.04413498193;1
0.183848341;-0.4259224236;1.019342422;9.580862045;0.19184157;-0.02626718581;0.02367101051;0.04535670951;1
0.185950164;-0.4498506486;1.043270707;9.566504478;0.193943341;-0.02626718581;0.02977965772;0.0490218997;1
0.188051935;-0.4594219327;1.043270707;9.552147865;0.196045164;-0.02993237413;0.03222311661;0.05146535859;1
0.190153706;-0.4689932466;1.067198873;9.537791252;0.198146935;-0.03115410358;0.02733619884;0.05390881747;1
0.192255529;-0.4929214716;1.057627559;9.54257679;0.200248758;-0.03359756246;0.02611446939;0.05757400393;1
0.194357299;-0.5072783828;1.043270707;9.537791252;0.202350529;-0.03604102135;0.02244928107;0.06123919412;1
0.196459122;-0.4785645306;1.043270707;9.552147865;0.204452299;-0.03970621154;0.0175623633;0.06368265301;1
0.198560893;-0.4737788737;1.03848505;9.576076508;0.206554122;-0.04581485689;0.01511890348;0.06490438432;1
0.200662716;-0.4737788737;1.024128079;9.576076508;0.208655893;-0.04581485689;0.007788525894;0.06856957078;1
0.202764487;-0.4450650215;1.004985452;9.566504478;0.210757716;-0.05192350596;0.002901607659;0.06979130208;1
0.204866258;-0.4402793646;0.9906286001;9.590433121;0.212859487;-0.05436696485;-0.004428769462;0.06734783947;1
0.206968081;-0.3972085714;0.9954141974;9.604789734;0.214961258;-0.05681042373;-0.01175914705;0.06979130208;1
0.209069852;-0.3828516304;0.9619147182;9.623932838;0.217063081;-0.06047561392;-0.01786779426;0.07101303339;1
0.211171674;-0.3493520916;0.9810572863;9.633503914;0.219164852;-0.06414080411;-0.02764163166;0.07101303339;1
0.213273445;-0.3349951804;0.9810572863;9.662218094;0.221266674;-0.06902772188;-0.03619373962;0.07223475724;1
0.215375216;-0.3254238665;0.9667003751;9.681360245;0.223368445;-0.07391463965;-0.04352411628;0.06979130208;1
0.217477039;-0.3062812984;0.9714859724;9.662218094;0.225470216;-0.07880155742;-0.04841103405;0.06979130208;1
0.21957881;-0.2775674164;0.9475577474;9.647860527;0.227572039;-0.0849102065;-0.04718930274;0.06856957078;1
0.221680633;-0.2488535494;0.9379864931;9.614361763;0.22967381;-0.08857539296;-0.04474584386;0.06490438432;1
0.223782404;-0.2249253243;0.9475577474;9.561718941;0.231775633;-0.09346231073;-0.04352411628;0.06368265301;1
0.225884174;-0.1866401732;0.9523434043;9.54257679;0.233877404;-0.0971274972;-0.03619373962;0.06246092543;1
0.227985997;-0.1531406492;0.9619147182;9.547362328;0.235979174;-0.0983492285;-0.02886336111;0.06123919412;1
0.230087768;-0.1148554832;0.9667003751;9.523433685;0.238080997;-0.0983492285;-0.02275471389;0.06123919412;1
0.232189591;-0.08614161611;0.9714859724;9.537791252;0.24018282;-0.09957095981;-0.01420260593;0.06123919412;1
0.234291362;-0.08135596663;0.9906286001;9.547362328;0.242284591;-0.09590577334;-0.006872228812;0.06246092543;1
0.236393133;-0.06221338734;1.014556766;9.576076508;0.244386362;-0.09468404204;0.0016798781;0.06368265301;1
0.238494956;-0.04785645381;1.014556766;9.619147301;0.246488185;-0.09224057943;0.006566796452;0.06612611562;1
0.240596779;-0.04307080805;1.014556766;9.652647018;0.248589956;-0.08857539296;0.01023198478;0.06734783947;1
0.242698549;-0.01914258115;1.014556766;9.695717812;0.250691727;-0.08368847519;0.0126754446;0.06612611562;1
0.24480032;0.02871387079;0.9906286001;9.767501831;0.252793549;-0.08002328873;0.009010255337;0.06612611562;1
0.246902143;0.08135596663;0.9810572863;9.839286804;0.25489532;-0.07269290835;0.005345067009;0.06123919412;1
0.249003914;0.1435693651;0.9619147182;9.87757206;0.256997091;-0.06902772188;-0.003207040019;0.05757400393;1
0.251105685;0.1962114573;0.94277215;9.944570541;0.259098914;-0.06291907281;-0.008093958721;0.05024362728;1
0.253207508;0.2632105052;0.8997012973;9.978070259;0.261200737;-0.05803215504;-0.0190895237;0.04169152305;1
0.255309279;0.3158525825;0.8853443861;10.03071213;0.263302508;-0.05192350596;-0.02764163166;0.03436114267;1
0.257411049;0.3924229145;0.8422735929;10.06899738;0.265404279;-0.04581485689;-0.03375028074;0.02214384824;1
0.259512872;0.4354937077;0.7896314859;10.08814049;0.267506102;-0.03970621154;-0.03863719851;0.01114828233;1
0.261614695;0.4977070987;0.7704889178;10.11685371;0.269607872;-0.03237583488;-0.04474584386;0.0001527161949;1
0.263716466;0.5599204898;0.7465606928;10.11206818;0.271709643;-0.02871064469;-0.04963276163;-0.009621120058;1
0.265818237;0.5934200287;0.7369893789;10.11206818;0.273811466;-0.02504545636;-0.05085449293;-0.01695149764;1
0.26792006;0.6077769399;0.7178468108;10.13599682;0.275913237;-0.02138026804;-0.05329795182;-0.02550360374;1
0.270021831;0.6173482537;0.732203722;10.13121128;0.278015008;-0.01893680729;-0.05451968312;-0.03161225095;1
0.272123602;0.5934200287;0.7465606928;10.12164021;0.280116831;-0.02015853859;-0.05329795182;-0.03772090003;1
0.274225424;0.5647061467;0.756131947;10.06899738;0.282218654;-0.01893680729;-0.04596757516;-0.0426078178;1
0.276327195;0.5455635786;0.7752745152;10.01635551;0.284320424;-0.02015853859;-0.03863719851;-0.04749473557;1
0.278428966;0.5216353536;0.7896314859;9.925428391;0.286422195;-0.01893680729;-0.02886336111;-0.05360338464;1
0.280530789;0.5216353536;0.8087740541;9.891928673;0.288524018;-0.01893680729;-0.0190895237;-0.05360338464;1
0.282632612;0.4977070987;0.8279166222;9.87757206;0.290625789;-0.01893680729;-0.01053741761;-0.05360338464;1
0.284734383;0.4642075896;0.8518448472;9.882357597;0.292727612;-0.01771507785;0.0016798781;-0.05360338464;1
0.286836154;0.4067798555;0.8709874153;9.844072342;0.294829383;-0.02015853859;0.009010255337;-0.04993819445;1
0.288937977;0.3302095234;0.866201818;9.810572624;0.296931206;-0.01893680729;0.0175623633;-0.04627300799;1
0.291039747;0.2727817893;0.8709874153;9.844072342;0.299032977;-0.01527161989;0.02122755162;-0.0426078178;1
0.29314157;0.2584248483;0.9188438654;9.896714211;0.301134747;-0.01160643063;0.02611446939;-0.03894263133;1
0.295243341;0.2536391914;0.94277215;9.920642853;0.30323657;-0.00916297175;0.02489273995;-0.03649916872;1
0.297345164;0.2632105052;0.9667003751;9.973284721;0.305338341;-0.005497782957;0.02489273995;-0.03527744114;1
0.299446935;0.2775674164;0.9619147182;10.01156998;0.307440164;0.0006108647794;0.02367101051;-0.03283398226;1
0.301548706;0.2871387303;0.9714859724;10.03549862;0.309541935;0.004276053514;0.01878409274;-0.03283398226;1
0.303650529;0.3062812984;0.9667003751;10.05942631;0.311643758;0.007941242307;0.01023198478;-0.03405570984;1
0.305752299;0.3349951804;0.9379864931;10.04985523;0.313745529;0.01038470119;0.006566796452;-0.03527744114;1
0.307854122;0.3493520916;0.9236295223;10.01635551;0.315847299;0.01038470119;-0.0007635809598;-0.03527744114;1
0.309955893;0.3637090325;0.9044869542;10.00678444;0.317949122;0.01038470119;-0.009315688163;-0.03649916872;1
0.312057716;0.3589234054;0.9044869542;9.997213364;0.320050893;0.01038470119;-0.01664606482;-0.03772090003;1
0.314159487;0.3589234054;0.890130043;9.978070259;0.322152716;0.01038470119;-0.02275471389;-0.03894263133;1
0.316261258;0.3493520916;0.8949156404;9.963713646;0.324254487;0.007941242307;-0.02886336111;-0.04016435891;1
0.318363081;0.3445664644;0.9044869542;9.939785004;0.32635631;0.005497782957;-0.03252854943;-0.0426078178;1
0.320464852;0.3493520916;0.9092726111;9.925428391;0.328458081;0.001832594397;-0.0374154672;-0.0438295491;1
0.322566674;0.3732803464;0.9140582681;9.901499748;0.330559852;0.001832594397;-0.04108065739;-0.04627300799;1
0.324668445;0.3972085714;0.94277215;9.891928673;0.332661674;-0.0006108647794;-0.04230238497;-0.04871646687;1
0.326770268;0.4354937077;0.9619147182;9.868000984;0.334763497;-0.0006108647794;-0.04352411628;-0.04993819445;1
0.328872039;0.4594219327;0.9858429432;9.858428955;0.336865216;-0.0006108647794;-0.04352411628;-0.05238165334;1
0.33097381;0.4785645306;0.9906286001;9.844072342;0.338967039;-0.0006108647794;-0.04108065739;-0.05360338464;1
0.333075633;0.4833501875;1.000199914;9.829715729;0.341068862;-0.001832594397;-0.03619373962;-0.05604684353;1
0.335177456;0.4977070987;1.004985452;9.810572624;0.343170581;-0.003054323839;-0.02886336111;-0.05604684353;1
0.337279174;0.4833501875;0.9954141974;9.753145218;0.345272404;-0.004276053514;-0.02031125315;-0.05482511222;1
0.339380997;0.4546363056;1.004985452;9.724431038;0.347374227;-0.003054323839;-0.01664606482;-0.05360338464;1
0.34148282;0.4402793646;1.009771109;9.714859962;0.349475997;-0.005497782957;-0.01420260593;-0.05238165334;1
0.343584539;0.4163511395;1.024128079;9.734002113;0.35157782;-0.005497782957;-0.008093958721;-0.05115992576;1
0.345686362;0.4019941986;1.019342422;9.729216576;0.353679591;-0.006719512399;-0.004428769462;-0.05482511222;1
0.347788185;0.4067798555;1.009771109;9.7196455;0.355781362;-0.005497782957;-0.0007635809598;-0.05482511222;1
0.349889956;0.3876372576;1.014556766;9.743574142;0.357883185;-0.003054323839;-0.0007635809598;-0.05726857483;1
0.351991779;0.3924229145;1.000199914;9.781859398;0.359984956;-0.0006108647794;-0.0007635809598;-0.05971203372;1
0.354093549;0.3924229145;1.014556766;9.829715729;0.362086779;-0.0006108647794;-0.004428769462;-0.06337722391;1
0.35619532;0.4067798555;1.000199914;9.868000984;0.364188549;0.001832594397;-0.008093958721;-0.06704241037;1
0.358297143;0.4115654826;0.9906286001;9.906285286;0.366290372;0.005497782957;-0.01298087649;-0.06826414168;1
0.360398914;0.4163511395;0.9762716293;9.901499748;0.368392143;0.005497782957;-0.01542433538;-0.07192932814;1
0.362500737;0.4450650215;0.9667003751;9.906285286;0.370493914;0.006719512399;-0.01786779426;-0.07315105945;1
0.364602508;0.4354937077;0.9571290612;9.891928673;0.372595737;0.007941242307;-0.0190895237;-0.0743727833;1
0.366704331;0.4211367965;0.9475577474;9.868000984;0.374697508;0.005497782957;-0.02031125315;-0.0743727833;1
0.368806102;0.4067798555;0.9571290612;9.834501266;0.376799331;0.004276053514;-0.02031125315;-0.07315105945;1
0.370907872;0.3684946895;0.9858429432;9.791430473;0.378901102;0.005497782957;-0.0190895237;-0.07315105945;1
0.373009695;0.3349951804;0.9571290612;9.777072906;0.381002924;0.004276053514;-0.02275471389;-0.07315105945;1
0.375111466;0.3014956415;0.9667003751;9.781859398;0.383104695;0.0006108647794;-0.02519817278;-0.07070759684;1
0.377213289;0.2871387303;0.9858429432;9.810572624;0.385206518;-0.0006108647794;-0.03008509055;-0.06826414168;1
0.37931506;0.2632105052;0.9906286001;9.844072342;0.387308289;-0.001832594397;-0.03375028074;-0.06948586553;1
0.381416883;0.2775674164;1.028913736;9.829715729;0.38941006;-0.006719512399;-0.04230238497;-0.06948586553;1
0.383518654;0.2775674164;1.03848505;9.844072342;0.391511883;-0.00916297175;-0.05329795182;-0.06826414168;1
0.385620477;0.3110669553;1.048056364;9.839286804;0.393613654;-0.00916297175;-0.06062832847;-0.06826414168;1
0.387722247;0.3732803464;1.03848505;9.844072342;0.395715424;-0.01160643063;-0.07040216774;-0.07192932814;1
0.389824018;0.4163511395;1.019342422;9.829715729;0.397817195;-0.01404988952;-0.07895427197;-0.07315105945;1
0.391925841;0.4785645306;1.014556766;9.834501266;0.399919018;-0.0164933484;-0.08750637621;-0.07559451461;1
0.394027612;0.4977070987;0.9762716293;9.829715729;0.402020841;-0.02015853859;-0.09361502528;-0.08048143238;1
0.396129383;0.5551348329;0.9714859724;9.815358162;0.404122612;-0.02260199748;-0.09972367436;-0.08414662629;1
0.398231154;0.5694918036;0.9571290612;9.801001549;0.406224383;-0.02504545636;-0.1070540547;-0.08659008145;1
0.400332977;0.5886343718;0.9475577474;9.781859398;0.408326206;-0.02871064469;-0.115606159;-0.08903354406;1
0.402434799;0.6125625968;0.9236295223;9.796216011;0.410427977;-0.03359756246;-0.1204930767;-0.09025526792;1
0.40453657;0.6652047038;0.9332008362;9.8201437;0.412529799;-0.03970621154;-0.1229365394;-0.09147699922;1
0.406638341;0.6317051649;0.9092726111;9.734002113;0.41463157;-0.04581485689;-0.121714808;-0.09392046183;1
0.408740164;0.5742774606;0.9188438654;9.662218094;0.416733341;-0.05070177838;-0.1204930767;-0.0975856483;1
0.410841935;0.5216353536;0.9284151793;9.633503914;0.418835164;-0.05558869615;-0.1143844277;-0.1012508348;1
0.412943758;0.5264210105;0.9475577474;9.623932838;0.420936935;-0.06047561392;-0.1094975099;-0.1085812151;1
0.415045529;0.5982056856;0.9379864931;9.633503914;0.423038758;-0.06291907281;-0.1033888608;-0.1171333194;1
0.417147299;0.6652047038;0.9188438654;9.623932838;0.425140529;-0.07024945319;-0.09972367436;-0.1232419685;1
0.419249122;0.7178468108;0.9044869542;9.662218094;0.427242299;-0.07147117704;-0.09483675659;-0.1281288862;1
0.421350893;0.760917604;0.8997012973;9.647860527;0.429344122;-0.06902772188;-0.09361502528;-0.1342375278;1
0.423452716;0.760917604;0.890130043;9.662218094;0.431445893;-0.07269290835;-0.09239330143;-0.1366809905;1
0.425554487;0.732203722;0.8997012973;9.700503349;0.433547716;-0.07269290835;-0.09361502528;-0.1403461844;1
0.427656258;0.708275497;0.9284151793;9.743574142;0.435649487;-0.06902772188;-0.09361502528;-0.1403461844;1
0.429758081;0.6843472719;0.9379864931;9.762716293;0.43775131;-0.06780599058;-0.09239330143;-0.1415679157;1
0.431859852;0.650847733;0.9810572863;9.810572624;0.439853081;-0.06536252797;-0.08872810751;-0.1403461844;1
0.433961674;0.6364908218;1.004985452;9.84885788;0.441954852;-0.06047561392;-0.08384118974;-0.1403461844;1
0.436063445;0.5838487148;1.019342422;9.891928673;0.444056674;-0.05314523727;-0.08506292105;-0.1379027218;1
0.438165268;0.5599204898;1.033699393;9.87757206;0.446158445;-0.04825831577;-0.08750637621;-0.1379027218;1
0.440267039;0.5359922647;1.03848505;9.915857315;0.448260268;-0.04092793912;-0.09239330143;-0.1391244531;1
0.44236881;0.5312066078;1.028913736;9.939785004;0.450362039;-0.03481929377;-0.1009454057;-0.1379027218;1
0.444470633;0.5359922647;1.043270707;9.968499184;0.452463862;-0.02504545636;-0.1058323234;-0.1391244531;1
0.446572404;0.5934200287;1.057627559;9.992427826;0.454565633;-0.01527161989;-0.1131627038;-0.1403461844;1
0.448674227;0.650847733;1.071984529;10.02114105;0.456667456;-0.00916297175;-0.1143844277;-0.142789647;1
0.450775997;0.708275497;1.091127157;10.02114105;0.458769227;0.0006108647794;-0.115606159;-0.142789647;1
0.45287782;0.7417750359;1.100698471;9.987641335;0.460870997;0.00916297175;-0.1180496216;-0.142789647;1
0.454979591;0.784845829;1.105484009;9.987641335;0.46297282;0.01404988952;-0.115606159;-0.1415679157;1
0.457081414;0.813559711;1.143769264;9.963713646;0.465074591;0.02015853859;-0.115606159;-0.1415679157;1
0.459183185;0.8327022791;1.177268744;9.949356079;0.467176414;0.02260199748;-0.1131627038;-0.1403461844;1
0.461284956;0.866201818;1.220339537;9.906285286;0.469278185;0.02382372692;-0.1082757786;-0.1391244531;1
0.463386779;0.8949156404;1.268195987;9.863214493;0.471379956;0.02260199748;-0.1070540547;-0.1366809905;1
0.465488549;0.94277215;1.31126678;9.801001549;0.473481779;0.02138026804;-0.1033888608;-0.1342375278;1
0.467590372;1.009771109;1.344766378;9.753145218;0.475583549;0.01771507785;-0.1009454057;-0.1330158114;1
0.469692143;1.057627559;1.378265858;9.714859962;0.47768532;0.01160643063;-0.09361502528;-0.1317940801;1
0.471793914;1.13419795;1.40697968;9.657432556;0.479787143;0.004276053514;-0.08628465235;-0.1305723488;1
0.473895737;1.162911773;1.450050473;9.57129097;0.481888914;-0.003054323839;-0.07528908551;-0.1293506175;1
0.475997508;1.220339537;1.469193101;9.489934921;0.483990685;-0.01282816008;-0.06551524997;-0.1281288862;1
0.478099279;1.253839016;1.488335729;9.422935486;0.486092508;-0.02260199748;-0.05085449293;-0.1269071549;1
0.480201102;1.272981644;1.521835208;9.3367939;0.488194331;-0.03481929377;-0.03863719851;-0.1244636998;1
0.482302872;1.287338614;1.55054903;9.265008926;0.490296102;-0.04703658819;-0.02886336111;-0.1183550507;1
0.484404643;1.277767301;1.584048629;9.221938133;0.492397872;-0.05925388262;-0.02153298259;-0.1159115955;1
0.486506466;1.249053478;1.603191137;9.241081238;0.494499695;-0.07269290835;-0.01298087649;-0.1098029464;1
0.488608289;1.205982566;1.631905079;9.250652313;0.496601466;-0.08857539296;-0.008093958721;-0.1061377525;1
0.49071006;1.158126116;1.641476393;9.255437851;0.498703289;-0.0971274972;-0.00565049937;-0.1012508348;1
0.492811831;1.110269666;1.64626193;9.332008362;0.50080506;-0.1056796089;-0.009315688163;-0.1000291109;1
0.494913654;1.0863415;1.607976794;9.418149948;0.502906831;-0.1105665267;-0.01786779426;-0.0988073796;1
0.497015424;1.067198873;1.607976794;9.528220177;0.505008654;-0.1166751757;-0.03008509055;-0.09636391699;1
0.499117247;1.052842021;1.584048629;9.667003632;0.507110424;-0.1215620935;-0.04474584386;-0.09392046183;1
0.501219018;1.028913736;1.564906001;9.801001549;0.509212247;-0.1240055487;-0.05451968312;-0.09147699922;1
0.503320789;1.009771109;1.521835208;9.887143135;0.511314018;-0.1276707351;-0.06918043643;-0.08659008145;1
0.505422612;0.9810572863;1.512263894;9.963713646;0.513415789;-0.1264490038;-0.09239330143;-0.08048143238;1
0.507524383;0.9379864931;1.531406522;10.01635551;0.515517612;-0.1288924664;-0.1143844277;-0.07559451461;1
0.509626206;0.8709874153;1.545763373;10.07856941;0.517619383;-0.1288924664;-0.1375972927;-0.07192932814;1
0.511727977;0.8518448472;1.531406522;10.14078236;0.519721206;-0.1276707351;-0.1608101577;-0.07070759684;1
0.513829747;0.8566305041;1.473978758;10.23170948;0.521822977;-0.1301141977;-0.1803578287;-0.07070759684;1
0.51593157;0.890130043;1.40697968;10.29392338;0.523924799;-0.1264490038;-0.1986837685;-0.07192932814;1
0.518033341;0.94277215;1.31126678;10.36092186;0.52602657;-0.1215620935;-0.2145662606;-0.07559451461;1
0.520135164;0.9906286001;1.26341033;10.3848505;0.528128393;-0.1178968996;-0.2267835438;-0.07681624591;1
0.522236935;1.033699393;1.201196909;10.41835022;0.530230164;-0.1178968996;-0.2328922004;-0.07925970852;1
0.524338758;1.091127157;1.201196909;10.41835022;0.532331935;-0.1130099818;-0.2402225733;-0.07925970852;1
0.526440529;1.11984098;1.186840057;10.4279213;0.534433758;-0.1130099818;-0.2499964088;-0.07925970852;1
0.528542352;1.105484009;1.196411371;10.36092186;0.536535529;-0.108123064;-0.2597702444;-0.07925970852;1
0.530644122;1.124626637;1.196411371;10.38006496;0.538637299;-0.102014415;-0.2683223486;-0.08170316368;1
0.532745893;1.143769264;1.186840057;10.40877819;0.540739122;-0.09590577334;-0.2756527364;-0.08292489499;1
0.534847716;1.191625714;1.143769264;10.44227791;0.542840893;-0.08979712427;-0.2805396616;-0.08536835015;1
0.536949487;1.249053478;1.095912814;10.47577763;0.544942716;-0.08002328873;-0.2842048407;-0.08781181276;1
0.539051258;1.306481123;1.052842021;10.49491978;0.547044487;-0.06780599058;-0.2890917659;-0.09025526792;1
0.541153081;1.316052437;1.009771109;10.49013424;0.54914631;-0.05925388262;-0.2939786613;-0.09269873053;1
0.543254852;1.320838094;0.9858429432;10.53320503;0.551248081;-0.04825831577;-0.2903134823;-0.09636391699;1
0.545356674;1.335195065;0.9619147182;10.56670475;0.553349852;-0.03848448023;-0.2854265571;-0.09514218569;1
0.547458445;1.354337573;0.9379864931;10.55713367;0.555451674;-0.02871064469;-0.2842048407;-0.0988073796;1
0.549560268;1.349551916;0.9236295223;10.52841949;0.557553445;-0.0164933484;-0.2878700197;-0.1012508348;1
0.551662039;1.35912323;0.9332008362;10.46620655;0.559655268;-0.005497782957;-0.2952004075;-0.1036942974;1
0.55376381;1.354337573;0.9332008362;10.49013424;0.561757039;0.003054323839;-0.3074176908;-0.1110246703;1
0.555865633;1.40697968;0.9284151793;10.51406288;0.563858862;0.01404988952;-0.3147480786;-0.1146898642;1
0.557967404;1.483550072;0.8997012973;10.56191921;0.565960633;0.02260199748;-0.3208567202;-0.1171333194;1
0.560069227;1.517049551;0.8422735929;10.56670475;0.568062404;0.03115410358;-0.3233001828;-0.119576782;1
0.562170997;1.478764415;0.8087740541;10.4853487;0.570164227;0.03481929377;-0.3330740333;-0.1220202371;1
0.56427282;1.450050473;0.7896314859;10.4279213;0.572265997;0.03481929377;-0.3440696001;-0.1232419685;1
0.566374591;1.397408366;0.813559711;10.35613632;0.57436782;0.03481929377;-0.3513999581;-0.1256854236;1
0.568476362;1.397408366;0.813559711;10.27956581;0.576469591;0.03115410358;-0.355065167;-0.1281288862;1
0.570578185;1.411765337;0.813559711;10.23170948;0.578571414;0.02504545636;-0.3599520624;-0.1293506175;1
0.572679956;1.435693622;0.837487936;10.15035343;0.580673185;0.01527161989;-0.362395525;-0.1305723488;1
0.574781779;1.440479279;0.813559711;10.02592659;0.582774956;0.004276053514;-0.3660607338;-0.1305723488;1
0.576883549;1.40697968;0.8231309652;9.872786522;0.584876727;-0.006719512399;-0.3770562708;-0.1305723488;1
0.578985372;1.354337573;0.8279166222;9.777072906;0.586978549;-0.01893680729;-0.3917170465;-0.1293506175;1
0.581087143;1.320838094;0.8231309652;9.7196455;0.58908032;-0.02993237413;-0.405156076;-0.1305723488;1
0.583188914;1.272981644;0.813559711;9.757930756;0.591182143;-0.043371398;-0.4198168218;-0.1354592592;1
0.585290685;1.287338614;0.8087740541;9.757930756;0.593283966;-0.05436696485;-0.4344775677;-0.1379027218;1
0.587392508;1.316052437;0.7800601721;9.786644936;0.595385737;-0.06536252797;-0.4479165971;-0.1415679157;1
0.589494279;1.339980721;0.760917604;9.801001549;0.59748756;-0.07391463965;-0.4637990892;-0.1452330947;1
0.591596102;1.383051515;0.6987041831;9.810572624;0.599589331;-0.08124501258;-0.4772381186;-0.1501200199;1
0.593697924;1.426122308;0.6843472719;9.887143135;0.601691102;-0.09101885557;-0.4918988645;-0.1537852138;1
0.595799695;1.469193101;0.6891329288;9.973284721;0.603792924;-0.09590577334;-0.5102248192;-0.1574503928;1
0.597901518;1.493121386;0.6891329288;10.03071213;0.605894695;-0.1032361463;-0.5285507441;-0.1647807807;1
0.600003289;1.50269258;0.6891329288;10.05464077;0.607996466;-0.1056796089;-0.5542070866;-0.1733328849;1
0.60210506;1.564906001;0.6317051649;10.08335495;0.610098289;-0.1105665267;-0.5798633695;-0.1843284518;1
0.604206883;1.631905079;0.5838487148;10.12164021;0.61220006;-0.1142317131;-0.6030762792;-0.1965457499;1
0.606308654;1.684547186;0.4929214716;10.17428207;0.614301831;-0.1178968996;-0.6177369952;-0.2099847645;1
0.608410424;1.737189293;0.4211367965;10.21256733;0.616403654;-0.1203403622;-0.6311760545;-0.2258672565;1
0.610512247;1.794616938;0.3254238665;10.19820976;0.618505477;-0.1215620935;-0.6385064125;-0.2405280024;1
0.612614018;1.837687731;0.2536391914;10.19820976;0.620607247;-0.1203403622;-0.6421716213;-0.2551887631;1
0.614715789;1.875972986;0.2009970993;10.21256733;0.622709018;-0.1203403622;-0.6482802629;-0.269849509;1
0.616817612;1.909472466;0.1914258152;10.24606609;0.624810841;-0.1166751757;-0.6495019794;-0.2832885385;1
0.618919435;1.962114573;0.1962114573;10.28913784;0.626912612;-0.1093447953;-0.6458367705;-0.2979492843;1
0.621021206;2.01475668;0.1962114573;10.33220863;0.629014435;-0.09957095981;-0.6409498453;-0.3113883138;1
0.623122977;2.081755638;0.2009970993;10.34177971;0.631116206;-0.09224057943;-0.6348412037;-0.3223838806;1
0.625224799;2.120040894;0.1914258152;10.32742214;0.633218029;-0.08368847519;-0.6275108457;-0.3370446563;1
0.62732657;2.167897224;0.1962114573;10.32742214;0.635319799;-0.07269290835;-0.6152935624;-0.3480401933;1
0.629428393;2.196611166;0.1770688742;10.32742214;0.63742157;-0.06047561392;-0.5994110703;-0.3578140438;1
0.631530164;2.215753794;0.1579262912;10.33699417;0.639523393;-0.04948004708;-0.5835285783;-0.3675878942;1
0.633631987;2.220539331;0.1435693651;10.28435135;0.641625164;-0.03848448023;-0.562759161;-0.3773617148;1
0.635733758;2.20618248;0.1339980662;10.27478027;0.643726987;-0.02626718581;-0.5432115197;-0.3834703565;1
0.637835529;2.210968018;0.1196411327;10.28913784;0.645828758;-0.01038470119;-0.5199986696;-0.3920224607;1
0.639937352;2.187039852;0.1292124242;10.31785107;0.647930581;0.001832594397;-0.5028944016;-0.3981311321;1
0.642039122;2.163111687;0.1148554832;10.32742214;0.650032352;0.01282816008;-0.4857902229;-0.4042397738;1
0.644140945;2.100898266;0.1196411327;10.33220863;0.652134174;0.02382372692;-0.4686860144;-0.4103484154;1
0.646242716;2.029113531;0.1244267747;10.37049294;0.654235945;0.03604102135;-0.458912164;-0.416457057;1
0.648344539;1.962114573;0.1483550072;10.38006496;0.656337716;0.04581485689;-0.4528035223;-0.4225656986;1
0.65044631;1.909472466;0.1627119333;10.37527943;0.658439539;0.05436696485;-0.4393644929;-0.4274526238;1
0.652548133;1.866401672;0.1914258152;10.39442158;0.66054131;0.06536252797;-0.424703747;-0.4323395491;1
0.654649904;1.832902193;0.2009970993;10.3657074;0.662643081;0.07513637096;-0.4149298966;-0.4360047281;1
0.656751674;1.804188251;0.2201396823;10.31785107;0.664744904;0.08002328873;-0.408821255;-0.4372264743;1
0.658853497;1.770688772;0.2632105052;10.28435135;0.666846674;0.08613193035;-0.405156076;-0.4408916533;1
0.660955268;1.722832322;0.2919243574;10.26042366;0.668948445;0.09101885557;-0.4002691507;-0.4421133697;1
0.663057039;1.698904037;0.3158525825;10.24606609;0.671050268;0.09101885557;-0.3941605091;-0.4421133697;1
0.665158862;1.655833244;0.3206382394;10.17428207;0.673152091;0.08735366166;-0.3892735839;-0.4457785785;1
0.667260633;1.622333765;0.3349951804;10.05942631;0.675253862;0.0849102065;-0.3819431961;-0.4470002949;1
0.669362404;1.593619823;0.3349951804;9.930213928;0.677355633;0.07757982612;-0.378278017;-0.4494437575;1
0.671464227;1.555334687;0.3445664644;9.858428955;0.679457456;0.06780599058;-0.3721693754;-0.4531089365;1
0.673566049;1.50269258;0.4067798555;9.74835968;0.681559227;0.05803215504;-0.3636172712;-0.4555523992;1
0.67566782;1.478764415;0.4259224236;9.638289452;0.683661049;0.04581485689;-0.3562868834;-0.4579958618;1
0.677769591;1.445264935;0.4737788737;9.566504478;0.68576282;0.03359756246;-0.3538434207;-0.459217608;1
0.679871414;1.402194023;0.5072783828;9.475577354;0.687864591;0.02015853859;-0.3538434207;-0.4616610706;1
0.681973185;1.344766378;0.5886343718;9.422935486;0.689966414;0.007941242307;-0.3526217043;-0.4641045034;1
0.684075008;1.287338614;0.6221339107;9.399007797;0.692068185;-0.004276053514;-0.3575085998;-0.466547966;1
0.686176779;1.229910851;0.6364908218;9.389435768;0.694169956;-0.0164933484;-0.362395525;-0.4689914286;1
0.688278549;1.177268744;0.6652047038;9.38465023;0.696271779;-0.02871064469;-0.3709476292;-0.4726566374;1
0.690380372;1.124626637;0.6747759581;9.399007797;0.698373549;-0.03848448023;-0.374612838;-0.4751000702;1
0.692482143;1.052842021;0.6747759581;9.375079155;0.700475372;-0.05192350596;-0.3794997334;-0.4751000702;1
0.694583914;0.9667003751;0.6843472719;9.375079155;0.702577195;-0.0616973415;-0.3856084049;-0.4738783538;1
0.696685737;0.8709874153;0.6891329288;9.360722542;0.704678966;-0.07391463965;-0.3917170465;-0.4714348912;1
0.698787508;0.7465606928;0.6987041831;9.389435768;0.706780737;-0.08246674389;-0.3978256881;-0.4702131748;1
0.700889331;0.6317051649;0.732203722;9.432506561;0.708882508;-0.09101885557;-0.4014908671;-0.4677697122;1
0.702991154;0.5168496966;0.7657032609;9.475577354;0.710984279;-0.0983492285;-0.4039343297;-0.4653262496;1
0.705092924;0.4354937077;0.8087740541;9.54257679;0.713086102;-0.102014415;-0.405156076;-0.462882787;1
0.707194695;0.3397808075;0.8614161611;9.628718376;0.715187924;-0.1044578776;-0.4063777924;-0.459217608;1
0.709296466;0.2919243574;0.8709874153;9.686145782;0.717289695;-0.1032361463;-0.4112647176;-0.4543306828;1
0.711398237;0.2297109663;0.9379864931;9.762716293;0.719391518;-0.102014415;-0.4198168218;-0.4518872201;1
0.71350006;0.1770688742;0.9714859724;9.887143135;0.721493289;-0.0983492285;-0.4295906425;-0.4482220411;1
0.715601883;0.1339980662;0.9619147182;9.987641335;0.723595112;-0.09224057943;-0.4381427765;-0.4470002949;1
0.717703654;0.1100698411;0.9475577474;10.03549862;0.725696883;-0.0849102065;-0.4454731345;-0.4470002949;1
0.719805477;0.08614161611;0.890130043;10.09771156;0.727798654;-0.07635809481;-0.4503600597;-0.4482220411;1
0.721907247;0.05264209956;0.8566305041;10.14556789;0.729900477;-0.06291907281;-0.4491383433;-0.4494437575;1
0.72400907;0.0239282269;0.8566305041;10.15992451;0.732002247;-0.05314523727;-0.4466948807;-0.4506655037;1
0.726110841;-0.004785645287;0.8327022791;10.164711;0.73410407;-0.04459312931;-0.4479165971;-0.4494437575;1
0.728212612;-0.05742774159;0.837487936;10.17428207;0.736205841;-0.03481929377;-0.4466948807;-0.4482220411;1
0.730314435;-0.07178468257;0.8614161611;10.164711;0.738307612;-0.02504545636;-0.4491383433;-0.4482220411;1
0.732416206;-0.09571290761;0.9044869542;10.16949654;0.740409435;-0.01893680729;-0.4503600597;-0.4457785785;1
0.734518029;-0.1292124242;0.9236295223;10.13599682;0.742511206;-0.01282816008;-0.4528035223;-0.4433351159;1
0.736619799;-0.1292124242;0.9475577474;10.10728264;0.744613029;-0.007941242307;-0.4491383433;-0.4408916533;1
0.73872157;-0.1387837082;0.9475577474;10.04985523;0.746714799;-0.001832594397;-0.4454731345;-0.4421133697;1
0.740823393;-0.1435693651;0.9332008362;9.973284721;0.748816622;-0.0006108647794;-0.4454731345;-0.4384481907;1
0.742925164;-0.1292124242;0.9092726111;9.896714211;0.750918393;0.001832594397;-0.4442514181;-0.4384481907;1
0.745026987;-0.1339980662;0.9092726111;9.824930191;0.753020164;0.004276053514;-0.4442514181;-0.4396699369;1
0.747128758;-0.1196411327;0.9044869542;9.762716293;0.755121987;0.001832594397;-0.4381427765;-0.4433351159;1
0.749230581;-0.09092725813;0.8757730722;9.695717812;0.757223758;-0.0006108647794;-0.4308123887;-0.4494437575;1
0.751332352;-0.04307080805;0.8470591903;9.619147301;0.759325529;0.001832594397;-0.4173733592;-0.4555523992;1
0.753434122;-0.004785645287;0.8183453679;9.537791252;0.761427352;0.001832594397;-0.4027126133;-0.4616610706;1
0.755535945;0.0143569354;0.7944171429;9.456435204;0.763529122;-0.0006108647794;-0.3904953003;-0.4616610706;1
0.757637716;0.02871387079;0.7800601721;9.427721024;0.765630945;-0.001832594397;-0.3819431961;-0.4641045034;1
0.759739487;-0.0143569354;0.7896314859;9.379864693;0.767732716;-0.003054323839;-0.3685041666;-0.4616610706;1
0.76184131;-0.1148554832;0.8231309652;9.394221306;0.769834539;-0.004276053514;-0.3538434207;-0.4567741454;1
0.763943081;-0.2297109663;0.8709874153;9.375079155;0.77193631;-0.007941242307;-0.3391826749;-0.4506655037;1
0.766044904;-0.3493520916;0.8997012973;9.260223389;0.774038081;-0.00916297175;-0.3306305707;-0.4408916533;1
0.768146674;-0.4881358147;0.9236295223;9.164510727;0.776139904;-0.01282816008;-0.3196350038;-0.4323395491;1
0.770248497;-0.6077769399;0.94277215;9.159725189;0.778241674;-0.01282816008;-0.3074176908;-0.4237874448;1
0.772350268;-0.732203722;0.9284151793;9.169296265;0.780343497;-0.01282816008;-0.2939786613;-0.4140135944;1
0.774452039;-0.8327022791;0.9236295223;9.159725189;0.782445268;-0.01160643063;-0.281761378;-0.4042397738;1
0.776553862;-0.9188438654;0.8997012973;9.174081802;0.784547091;-0.01038470119;-0.2597702444;-0.3920224607;1
0.778655633;-1.004985452;0.9140582681;9.145368576;0.786648862;-0.01038470119;-0.2426660359;-0.3798051775;1
0.780757456;-1.067198873;0.9188438654;9.140582085;0.788750633;-0.01038470119;-0.2280052751;-0.3651444316;1
0.782859227;-1.110269666;0.890130043;9.116654396;0.790852456;-0.00916297175;-0.2231183648;-0.3529271185;1
0.784961049;-1.138983607;0.890130043;9.145368576;0.792954227;-0.006719512399;-0.2206749022;-0.3407098353;1
0.78706282;-1.162911773;0.890130043;9.20758152;0.795055997;-0.004276053514;-0.2218966335;-0.3321577311;1
0.789164591;-1.1820544;0.8805587292;9.2362957;0.79715782;-0.001832594397;-0.2218966335;-0.3272708058;1
0.791266414;-1.143769264;0.837487936;9.312865257;0.799259643;0.001832594397;-0.2255618125;-0.3236056268;1
0.793368185;-1.076770186;0.7992027402;9.346364975;0.801361414;0.006719512399;-0.2231183648;-0.3223838806;1
0.795469956;-1.000199914;0.7465606928;9.394221306;0.803463237;0.006719512399;-0.2194531709;-0.3248273432;1
0.797571779;-0.9092726111;0.6843472719;9.403793335;0.805565008;0.006719512399;-0.2194531709;-0.3272708058;1
0.799673602;-0.837487936;0.6747759581;9.389435768;0.807666779;0.00916297175;-0.2206749022;-0.3321577311;1
0.801775372;-0.7704889178;0.6556333899;9.36550808;0.809768549;0.006719512399;-0.2267835438;-0.3394880891;1
0.803877195;-0.7226324677;0.6029912829;9.370293617;0.811870372;0.01038470119;-0.2280052751;-0.3492619395;1
0.805978966;-0.6604190469;0.5359922647;9.370293617;0.813972143;0.01038470119;-0.2328922004;-0.3614792228;1
0.808080737;-0.6173482537;0.4689932466;9.399007797;0.816073966;0.01038470119;-0.2377791107;-0.3736965358;1
0.810182508;-0.5886343718;0.4307080805;9.389435768;0.818175737;0.01038470119;-0.2426660359;-0.3846921027;1
0.812284331;-0.5264210105;0.4259224236;9.351150513;0.820277508;0.01038470119;-0.2499964088;-0.3956876695;1
0.814386102;-0.5120640397;0.4067798555;9.303294182;0.822379331;0.007941242307;-0.2512181401;-0.4042397738;1
0.816487924;-0.5407779217;0.4307080805;9.284152031;0.824481102;0.007941242307;-0.2487746775;-0.4103484154;1
0.818589695;-0.5694918036;0.4067798555;9.231510162;0.826582924;0.005497782957;-0.2451094985;-0.416457057;1
0.820691466;-0.6029912829;0.3780659735;9.174081802;0.828684695;0.005497782957;-0.2328922004;-0.4201222658;1
0.822793289;-0.679561615;0.3972085714;9.126225471;0.830786518;0.003054323839;-0.2182314396;-0.4225656986;1
0.82489506;-0.732203722;0.4019941986;9.102297783;0.832888289;0.001832594397;-0.2060141414;-0.4237874448;1
0.826996883;-0.7944171429;0.4307080805;9.064012527;0.83499006;0.0006108647794;-0.1901316643;-0.4237874448;1
0.829098654;-0.837487936;0.4402793646;9.044869423;0.837091883;-0.001832594397;-0.1742491722;-0.4237874448;1
0.831200477;-0.8805587292;0.4737788737;9.040083885;0.839193654;0.0006108647794;-0.158366695;-0.4189005196;1
0.833302247;-0.9092726111;0.5024927258;9.016156197;0.841295477;-0.001832594397;-0.1449276656;-0.4189005196;1
0.835404018;-0.9475577474;0.5264210105;9.03051281;0.843397247;-0.003054323839;-0.1278234571;-0.4152353406;1
0.837505841;-0.9762716293;0.5407779217;9.040083885;0.84549907;-0.006719512399;-0.1119409725;-0.4103484154;1
0.839607612;-1.019342422;0.5407779217;9.040083885;0.847600841;-0.007941242307;-0.09605848789;-0.4066832364;1
0.841709435;-1.062413216;0.5216353536;9.068798065;0.849702612;-0.006719512399;-0.07895427197;-0.4054614902;1
0.843811206;-1.110269666;0.5168496966;9.111868858;0.851804435;-0.005497782957;-0.05696314201;-0.4017963111;1
0.845913029;-1.13419795;0.4977070987;9.174081802;0.853906258;-0.004276053514;-0.03863719851;-0.4017963111;1
0.848014799;-1.153340459;0.4977070987;9.241081238;0.856008029;-0.0006108647794;-0.02397644334;-0.4017963111;1
0.85011657;-1.138983607;0.4977070987;9.332008362;0.858109799;0.004276053514;-0.01420260593;-0.4030180275;1
0.852218393;-1.11984098;0.5120640397;9.437292099;0.860211622;0.00916297175;-0.01053741761;-0.4054614902;1
0.854320216;-1.095912814;0.5168496966;9.576076508;0.862313393;0.01527161989;-0.01053741761;-0.409126699;1
0.856421987;-1.076770186;0.4977070987;9.652647018;0.864415164;0.02138026804;-0.009315688163;-0.4103484154;1
0.858523758;-1.062413216;0.4929214716;9.681360245;0.866516987;0.02748891525;-0.01420260593;-0.412791878;1
0.860625581;-1.057627559;0.4594219327;9.738788605;0.868618758;0.03237583488;-0.02031125315;-0.4140135944;1
0.862727352;-1.067198873;0.4594219327;9.74835968;0.870720581;0.03481929377;-0.02886336111;-0.416457057;1
0.864829122;-1.0863415;0.4594219327;9.762716293;0.872822352;0.03848448023;-0.03375028074;-0.4189005196;1
0.866930945;-1.13419795;0.4594219327;9.777072906;0.874924122;0.043371398;-0.0374154672;-0.4213439822;1
0.869032716;-1.201196909;0.4594219327;9.777072906;0.877025945;0.04459312931;-0.04108065739;-0.4225656986;1
0.871134539;-1.258624673;0.4737788737;9.772287369;0.879127716;0.043371398;-0.04596757516;-0.4213439822;1
0.87323631;-1.330409408;0.4929214716;9.777072906;0.881229539;0.04825831577;-0.04718930274;-0.4189005196;1
0.875338081;-1.402194023;0.5264210105;9.762716293;0.88333131;0.05070177838;-0.0557414107;-0.4152353406;1
0.877439904;-1.464407444;0.5790630579;9.757930756;0.885433133;0.05192350596;-0.06551524997;-0.4115701318;1
0.879541674;-1.526620865;0.6173482537;9.781859398;0.887534904;0.05314523727;-0.08017600328;-0.4066832364;1
0.881643497;-1.569691658;0.6891329288;9.757930756;0.889636674;0.05314523727;-0.09117157012;-0.4017963111;1
0.883745268;-1.627119422;0.7465606928;9.74835968;0.891738497;0.05192350596;-0.102167137;-0.3956876695;1
0.885847091;-1.64626193;0.7800601721;9.729216576;0.893840268;0.05192350596;-0.1094975099;-0.3895790279;1
0.887948862;-1.684547186;0.8039883971;9.657432556;0.895942091;0.04825831577;-0.1204930767;-0.3822486401;1
0.890050633;-1.746760488;0.8231309652;9.576076508;0.898043862;0.043371398;-0.1302669197;-0.3724747896;1
0.892152456;-1.808973908;0.837487936;9.499505997;0.900145633;0.03604102135;-0.1412624866;-0.3639226854;1
0.894254227;-1.861616015;0.8709874153;9.41336441;0.902247456;0.02871064469;-0.1485928595;-0.3565923274;1
0.896356049;-1.914258122;0.8997012973;9.30807972;0.904349227;0.02015853859;-0.1608101577;-0.3455967605;1
0.89845782;-1.938186288;0.9140582681;9.231510162;0.906451049;0.01038470119;-0.1681405306;-0.3358229101;1
0.900559591;-1.947757602;0.9523434043;9.174081802;0.90855282;-0.0006108647794;-0.1791360974;-0.3272708058;1
0.902661414;-1.957328916;0.9714859724;9.107083321;0.910654643;-0.007941242307;-0.1828012913;-0.3174969554;1
0.904763185;-1.919043779;1.024128079;9.049654961;0.912756414;-0.02260199748;-0.188909933;-0.3089448512;1
0.906865008;-1.904686809;1.062413216;8.987442017;0.914858185;-0.03237583488;-0.1901316643;-0.3003927469;1
0.908966779;-1.871187329;1.071984529;8.953942299;0.916960008;-0.04581485689;-0.1901316643;-0.2930623889;1
0.911068602;-1.852044702;1.110269666;8.930013657;0.919061831;-0.05436696485;-0.188909933;-0.2869537175;1
0.913170372;-1.823330879;1.105484009;8.906085968;0.921163549;-0.06414080411;-0.1901316643;-0.2808450758;1
0.915272143;-1.775474429;1.11984098;8.891729355;0.923265372;-0.07391463965;-0.1876882017;-0.2747364342;1
0.917373966;-1.737189293;1.11984098;8.906085968;0.925367143;-0.08246674389;-0.1876882017;-0.2686277926;1
0.919475789;-1.684547186;1.124626637;8.925228119;0.927468966;-0.09101885557;-0.1840230078;-0.2649625838;1
0.921577508;-1.64626193;1.11984098;8.958727837;0.929570789;-0.0971274972;-0.1803578287;-0.262519151;1
0.923679331;-1.607976794;1.105484009;8.992227554;0.93167256;-0.1007926911;-0.1742491722;-0.2564104795;1
0.925781102;-1.584048629;1.095912814;9.025727272;0.933774331;-0.102014415;-0.1669187993;-0.2539670467;1
0.927882924;-1.560120344;1.091127157;9.083154678;0.935876102;-0.1032361463;-0.1547015011;-0.2515235841;1
0.929984747;-1.560120344;1.091127157;9.111868858;0.937977924;-0.102014415;-0.1375972927;-0.2454149276;1
0.932086518;-1.536192179;1.081555843;9.17886734;0.940079695;-0.0983492285;-0.1180496216;-0.2417497337;1
0.934188289;-1.531406522;1.091127157;9.231510162;0.942181518;-0.09346231073;-0.09605848789;-0.2356410921;1
0.93629006;-1.545763373;1.105484009;9.265008926;0.944283289;-0.08368847519;-0.07162389904;-0.2283107042;1
0.938391883;-1.569691658;1.100698471;9.360722542;0.94638506;-0.07513637096;-0.04963276163;-0.2197586;1
0.940493654;-1.593619823;1.115055323;9.418149948;0.948486883;-0.06414080411;-0.02886336111;-0.2112064958;1
0.942595477;-1.627119422;1.100698471;9.504291534;0.950588706;-0.05314523727;-0.01175914705;-0.2026543915;1
0.944697247;-1.665404558;1.105484009;9.576076508;0.952690477;-0.03848448023;0.005345067009;-0.1916588247;1
0.946799018;-1.708475351;1.081555843;9.662218094;0.954792299;-0.02626718581;0.02000582218;-0.1818849891;1
0.948900841;-1.746760488;1.052842021;9.743574142;0.95689407;-0.01038470119;0.0358883068;-0.1745546162;1
0.951002664;-1.789831281;1.024128079;9.815358162;0.958995841;0.001832594397;0.04566214234;-0.1672242284;1
0.953104435;-1.780260086;0.9762716293;9.863214493;0.961097612;0.02015853859;0.05787943676;-0.1611155868;1
0.955206258;-1.770688772;0.9523434043;9.930213928;0.963199435;0.03726275265;0.06887500733;-0.1562286615;1
0.957308029;-1.727617979;0.9092726111;9.992427826;0.965301206;0.05314523727;0.07742711157;-0.1525634825;1
0.959409799;-1.694118381;0.8805587292;10.01635551;0.967403029;0.07147117704;0.0847574845;-0.1501200199;1
0.96151157;-1.641476393;0.8709874153;10.01635551;0.969504799;0.08246674389;0.09086613357;-0.146454826;1
0.963613393;-1.603191137;0.8566305041;10.05464077;0.971606622;0.0971274972;0.09330959618;-0.146454826;1
0.965715164;-1.560120344;0.8422735929;10.04506969;0.973708393;0.1069013327;0.09208786488;-0.146454826;1
0.967816987;-1.512263894;0.8327022791;9.997213364;0.975810216;0.1178968996;0.09208786488;-0.1476765573;1
0.969918758;-1.450050473;0.8231309652;9.944570541;0.977911987;0.1252272725;0.09208786488;-0.1488982886;1
0.972020581;-1.426122308;0.7944171429;9.891928673;0.980013758;0.131335929;0.08964440972;-0.1501200199;1
0.974122352;-1.392622828;0.7752745152;9.805787086;0.982115581;0.131335929;0.08720094711;-0.1513417512;1
0.976224174;-1.387837172;0.7513462901;9.705288887;0.984217352;0.131335929;0.0847574845;-0.1537852138;1
0.978325945;-1.397408366;0.7465606928;9.595218658;0.986319122;0.1288924664;0.07864884287;-0.1562286615;1
0.980427716;-1.402194023;0.760917604;9.518648148;0.988420945;0.1227838174;0.07620538026;-0.1574503928;1
0.982529539;-1.421336651;0.7704889178;9.44207859;0.990522768;0.1178968996;0.07009673119;-0.1574503928;1
0.98463131;-1.435693622;0.7992027402;9.36550808;0.992624539;0.108123064;0.06154462695;-0.1574503928;1
0.986733081;-1.464407444;0.8327022791;9.298508644;0.99472631;0.1007926911;0.05299251899;-0.1586721241;1
0.988834904;-1.488335729;0.8614161611;9.250652313;0.996828133;0.09224057943;0.03955349326;-0.1586721241;1
0.990936727;-1.507478237;0.8757730722;9.217152596;0.998929904;0.08124501258;0.02489273995;-0.1586721241;1
0.993038497;-1.536192179;0.9092726111;9.174081802;1.001031727;0.07147117704;0.01023198478;-0.1562286615;1
0.995140268;-1.555334687;0.9236295223;9.150154114;1.003133497;0.05925388262;-0.001985310577;-0.1562286615;1
0.997242091;-1.593619823;0.9140582681;9.126225471;1.00523532;0.04703658819;-0.01542433538;-0.1574503928;1
0.999343862;-1.636690736;0.9332008362;9.092725754;1.007337091;0.03726275265;-0.02641990222;-0.1562286615;1
1.001445685;-1.689332843;0.9332008362;9.054440498;1.009438862;0.02748891525;-0.03252854943;-0.1537852138;1
1.003547456;-1.732403636;0.9236295223;9.044869423;1.011540685;0.01893680729;-0.03619373962;-0.1525634825;1
1.005649279;-1.765903115;0.9140582681;9.035298347;1.013642456;0.01282816008;-0.03497200832;-0.1488982886;1
1.007751049;-1.799402595;0.9332008362;9.006584167;1.015744279;0.003054323839;-0.02641990222;-0.1452330947;1
1.00985282;-1.832902193;0.9332008362;9.011369705;1.017846049;0.0006108647794;-0.0190895237;-0.1403461844;1
1.011954643;-1.875972986;0.94277215;9.020941734;1.01994782;-0.001832594397;-0.00565049937;-0.1342375278;1
1.014056414;-1.942971945;0.9284151793;9.00179863;1.022049643;-0.003054323839;0.01389717404;-0.1269071549;1
1.016158237;-2.029113531;0.9571290612;9.016156197;1.024151414;-0.003054323839;0.03222311661;-0.1171333194;1
1.018260008;-2.096112728;0.9714859724;9.049654961;1.026253237;0.0006108647794;0.05910116807;-0.1061377525;1
1.020361779;-2.167897224;1.000199914;9.044869423;1.028355008;0.005497782957;0.08109229803;-0.09392046183;1
1.022463602;-2.268395901;1.024128079;9.083154678;1.030456779;0.01038470119;0.1104138121;-0.07925970852;1
1.024565372;-2.349751949;1.052842021;9.126225471;1.032558602;0.01771507785;0.1372918636;-0.06459894776;1
1.026667195;-2.407179594;1.100698471;9.188439369;1.034660372;0.02748891525;0.1641699076;-0.04993819445;1
1.028768966;-2.464607239;1.158126116;9.226723671;1.036762143;0.03604102135;0.1898262352;-0.03283398226;1
1.030870737;-2.52682066;1.191625714;9.303294182;1.038863966;0.04825831577;0.2093739063;-0.01939495653;1
1.03297256;-2.574677229;1.205982566;9.360722542;1.040965789;0.0616973415;0.2289215773;-0.005955931731;1
1.035074331;-2.589034081;1.244267821;9.422935486;1.04306756;0.07147117704;0.2460257858;0.006261364091;1
1.037176102;-2.608176708;1.249053478;9.480362892;1.045169331;0.08246674389;0.2606865466;0.01970038936;1
1.039277924;-2.589034081;1.26341033;9.518648148;1.047271154;0.09101885557;0.2716821134;0.0294742249;1
1.041379747;-2.584248543;1.249053478;9.509077072;1.049372924;0.102014415;0.2765690386;0.04046979174;1
1.043481518;-2.579462767;1.244267821;9.54257679;1.051474747;0.108123064;0.281455934;0.05024362728;1
1.045583289;-2.565105915;1.234696507;9.552147865;1.053576518;0.1142317131;0.2802342176;0.05635227636;1
1.047685112;-2.574677229;1.234696507;9.518648148;1.055678289;0.1166751757;0.281455934;0.06490438432;1
1.049786883;-2.589034081;1.210768223;9.485149384;1.057780112;0.1178968996;0.2851211429;0.06856957078;1
1.051888706;-2.589034081;1.196411371;9.461220741;1.059881883;0.1166751757;0.2851211429;0.07223475724;1
1.053990477;-2.579462767;1.177268744;9.394221306;1.061983706;0.111788258;0.2887863219;0.07589995116;1
1.056092247;-2.550748825;1.16769743;9.341579437;1.064085477;0.1093447953;0.2900080681;0.07834340632;1
1.05819407;-2.531606436;1.177268744;9.269794464;1.066187299;0.102014415;0.2924515009;0.08078686893;1
1.060295841;-2.522035122;1.191625714;9.226723671;1.06828907;0.09346231073;0.2912297845;0.08323032409;1
1.062397664;-2.522035122;1.210768223;9.169296265;1.070390841;0.0849102065;0.2961167097;0.086895518;1
1.064499435;-2.522035122;1.21555388;9.126225471;1.072492664;0.08002328873;0.2973384261;0.09056070447;1
1.066601258;-2.545963287;1.234696507;9.078369141;1.074594435;0.06902772188;0.3010036349;0.09544762224;1
1.068703029;-2.574677229;1.244267821;9.03051281;1.076696258;0.06047561392;0.308333993;0.1015562713;1
1.070804799;-2.598605394;1.244267821;9.016156197;1.078798029;0.05192350596;0.311999172;0.1064431891;1
1.072906622;-2.641676188;1.258624673;9.00179863;1.080899852;0.04581485689;0.3156643808;0.1125518382;1
1.075008393;-2.665604353;1.272981644;9.016156197;1.083001622;0.04092793912;0.3193295598;0.1162170246;1
1.077110216;-2.684746981;1.287338614;9.035298347;1.085103393;0.03726275265;0.3217730224;0.123547405;1
1.079211987;-2.727817774;1.316052437;9.097511292;1.087205216;0.03359756246;0.3217730224;0.1284343153;1
1.08131381;-2.770888567;1.335195065;9.164510727;1.089306987;0.03359756246;0.3193295598;0.1333212405;1
1.083415581;-2.81395936;1.354337573;9.2362957;1.09140881;0.03481929377;0.3156643808;0.1369864196;1
1.085517352;-2.833101988;1.363908887;9.327222824;1.093510581;0.03604102135;0.3095557392;0.1418733448;1
1.087619174;-2.857030153;1.368694544;9.408578873;1.095612404;0.04214967042;0.308333993;0.1418733448;1
1.089720945;-2.866601467;1.354337573;9.494720459;1.097714174;0.04581485689;0.3046688139;0.1418733448;1
1.091822768;-2.885744095;1.373480201;9.580862045;1.099815945;0.05070177838;0.2961167097;0.1430950761;1
1.093924539;-2.861815929;1.368694544;9.647860527;1.101917768;0.0616973415;0.2924515009;0.1394298822;1
1.096026362;-2.823530674;1.339980721;9.743574142;1.104019539;0.07024945319;0.2875646055;0.1369864196;1
1.098128133;-2.804388046;1.316052437;9.805787086;1.106121362;0.08124501258;0.2851211429;0.1333212405;1
1.100229904;-2.770888567;1.325623751;9.87757206;1.108223133;0.09224057943;0.2838993967;0.1320995092;1
1.102331727;-2.71824646;1.320838094;9.901499748;1.110324904;0.1032361463;0.281455934;0.1284343153;1
1.104433497;-2.727817774;1.349551916;9.958928108;1.112426727;0.111788258;0.2838993967;0.1259908676;1
1.10653532;-2.723032236;1.363908887;9.944570541;1.114528497;0.1227838174;0.2838993967;0.1223256737;1
1.108637091;-2.756531715;1.378265858;9.968499184;1.11663032;0.1325576603;0.2875646055;0.1223256737;1
1.110738862;-2.785245657;1.392622828;9.968499184;1.118732091;0.1423314959;0.2851211429;0.1198822111;1
1.112840685;-2.82831645;1.397408366;9.949356079;1.120833862;0.1496618688;0.281455934;0.1174387559;1
1.114942456;-2.857030153;1.368694544;9.958928108;1.122935685;0.1631008983;0.277790755;0.113773562;1
1.117044279;-2.90967226;1.325623751;9.949356079;1.125037456;0.1728747338;0.277790755;0.1088866442;1
1.119146049;-2.895315409;1.268195987;10.00678444;1.127139279;0.1826485693;0.2790125012;0.1052214578;1
1.12124782;-2.876172781;1.201196909;10.04028416;1.129241049;0.1936441362;0.2790125012;0.1015562713;1
1.123349643;-2.880958557;1.205982566;10.04506969;1.131342872;0.204639703;0.2765690386;0.0978910774;1
1.125451414;-2.919243574;1.21555388;10.05942631;1.133444643;0.2180787325;0.2765690386;0.09544762224;1
1.127553237;-2.94317174;1.234696507;10.07378292;1.135546414;0.2327394783;0.2729038298;0.08933897316;1
1.129655008;-2.92402935;1.249053478;10.07378292;1.137648237;0.2474002391;0.2704603672;0.086895518;1
1.131756831;-2.90967226;1.277767301;10.09292603;1.139750008;0.2632827163;0.2716821134;0.08323032409;1
1.133858602;-2.871387243;1.272981644;10.04985523;1.141851831;0.2767217457;0.2790125012;0.08323032409;1
1.135960372;-2.895315409;1.306481123;9.987641335;1.143953602;0.288939029;0.2900080681;0.08811724186;1
1.138062195;-2.95752883;1.363908887;9.882357597;1.146055424;0.3035998046;0.3071122766;0.09422589093;1
1.140163966;-3.05324173;1.421336651;9.767501831;1.148157195;0.3133736253;0.3303251266;0.1052214578;1
1.142265789;-3.153740168;1.473978758;9.647860527;1.150259018;0.3207040131;0.3596466482;0.1211039424;1
1.14436756;-3.282952785;1.526620865;9.494720459;1.152360789;0.3268126547;0.3865246773;0.1418733448;1
1.146469383;-3.416950703;1.579262972;9.298508644;1.15446256;0.3280344009;0.4182896614;0.1650862098;1
1.148571154;-3.579662561;1.641476393;9.145368576;1.156564331;0.3268126547;0.4476111531;0.1907425225;1
1.150672977;-3.713660717;1.708475351;9.016156197;1.158666154;0.3268126547;0.4781544209;0.2188423127;1
1.152774747;-3.828516245;1.780260086;8.891729355;1.160767924;0.3231474757;0.5062541962;0.2457203567;1
1.154876518;-3.909872293;1.847259045;8.762516975;1.162869747;0.3170388341;0.5343539715;0.2762635946;1
1.156978289;-3.976871252;1.899901152;8.633303642;1.164971518;0.3097084463;0.5624537468;0.3080285788;1
1.159080112;-4.019941807;1.93340075;8.547162056;1.167073341;0.2999345958;0.5844448805;0.3385718167;1
1.161181883;-4.039084435;1.971685886;8.465806961;1.169175112;0.2877173126;0.6052142978;0.370336771;1
1.163283706;-4.048655987;1.986042738;8.417949677;1.171276883;0.2730565667;0.6210967898;0.3972148299;1
1.165385477;-4.019941807;1.995614052;8.398807526;1.173378706;0.2571740746;0.6333140731;0.4253146052;1
1.167487299;-3.986442566;1.995614052;8.365307808;1.175480529;0.2400698513;0.6418661475;0.4521926641;1
1.16958907;-3.94815731;1.986042738;8.36052227;1.177582299;0.2156352699;0.6467530727;0.4778489769;1
1.171690841;-3.919443607;1.971685886;8.327022552;1.17968407;0.1924224049;0.6467530727;0.5010618567;1
1.173792664;-3.905086517;1.914258122;8.327022552;1.181785893;0.1679878086;0.6430879235;0.5230529904;1
1.175894487;-3.847658873;1.847259045;8.33180809;1.183887664;0.1447749585;0.6333140731;0.5413789153;1
1.177996258;-3.814159393;1.808973908;8.365307808;1.185989435;0.1203403622;0.6186532974;0.5572614074;1
1.180098029;-3.775874138;1.751546144;8.38923645;1.188091258;0.09468404204;0.5991056561;0.5743656158;1
1.182199852;-3.732803345;1.679761529;8.441878319;1.190193081;0.06902772188;0.5807796717;0.5865828991;1
1.184301622;-3.680161238;1.622333765;8.523234367;1.192294852;0.04459312931;0.5612320304;0.5975784659;1
1.186403393;-3.641875982;1.531406522;8.614161491;1.194396622;0.02260199748;0.5416843295;0.6085740328;1
1.188505216;-3.594019651;1.469193101;8.633303642;1.196498393;0.0006108647794;0.5209149122;0.6159043908;1
1.190607039;-3.546163082;1.387837172;8.709874153;1.198600216;-0.02015853859;0.4964803457;0.6256782413;1
1.19270881;-3.507878065;1.306481123;8.824729919;1.200701987;-0.03604102135;0.4696022868;0.6342303753;1
1.194810581;-3.455235958;1.268195987;8.949156761;1.20280381;-0.05070177838;0.4476111531;0.6403390169;1
1.196912352;-3.412165165;1.249053478;9.068798065;1.204905581;-0.06291907281;0.428063482;0.6501128674;1
1.199014174;-3.37387991;1.201196909;9.169296265;1.207007404;-0.07024945319;0.4097375572;0.6598866582;1
1.201115945;-3.349951744;1.148554921;9.274580956;1.209109174;-0.07757982612;0.3926333487;0.6684387922;1
1.203217768;-3.335594654;1.11984098;9.389435768;1.211210945;-0.08124501258;0.3755291104;0.6794343591;1
1.205319539;-3.282952785;1.0863415;9.523433685;1.213312768;-0.08368847519;0.3620901108;0.6879864335;1
1.207421362;-3.211168051;1.028913736;9.647860527;1.215414539;-0.07880155742;0.3486510813;0.6953168511;1
1.209523133;-3.120240688;0.9906286001;9.753145218;1.217516362;-0.07024945319;0.3339903057;0.7002037764;1
1.211624904;-2.995813847;0.9092726111;9.844072342;1.219618133;-0.06291907281;0.3181078434;0.7026472092;1
1.213726727;-2.871387243;0.837487936;10.01635551;1.221719956;-0.04948004708;0.308333993;0.7038689256;1
1.215828497;-2.73260355;0.813559711;10.11206818;1.223821727;-0.03726275265;0.2985601723;0.7026472092;1
1.21793032;-2.584248543;0.7896314859;10.21735287;1.225923497;-0.01893680729;0.2851211429;0.7014254928;1
1.220032091;-2.445464849;0.7752745152;10.28913784;1.22802532;-0.0006108647794;0.2753472924;0.6977602839;1
1.222133914;-2.282752752;0.760917604;10.34177971;1.230127091;0.01527161989;0.2655734718;0.6928733587;1
1.224235685;-2.120040894;0.760917604;10.45663452;1.232228914;0.03604102135;0.2655734718;0.6892082095;1
1.226337456;-1.971685886;0.7274180651;10.56670475;1.234330685;0.05436696485;0.2655734718;0.6843212843;1
1.228439279;-1.847259045;0.679561615;10.60977554;1.236432456;0.07391463965;0.2680169344;0.6769908667;1
1.230541049;-1.727617979;0.6125625968;10.60499001;1.238534279;0.09224057943;0.2704603672;0.6684387922;1
1.232642872;-1.617548108;0.5503492355;10.63848972;1.240636102;0.1105665267;0.2716821134;0.6598866582;1
1.234744643;-1.507478237;0.5072783828;10.61456108;1.242737872;0.1301141977;0.274125576;0.6513345838;1
1.236846414;-1.402194023;0.4785645306;10.60499001;1.244839643;0.1484401375;0.2753472924;0.6427824497;1
1.238948237;-1.296909928;0.4737788737;10.61456108;1.246941466;0.1667660922;0.2790125012;0.6342303753;1
1.24105006;-1.191625714;0.4642075896;10.56191921;1.249043237;0.1826485693;0.2826776803;0.6281217337;1
1.243151831;-1.11984098;0.4642075896;10.49970531;1.25114506;0.1985310465;0.2924515009;0.6220130324;1
1.245253602;-1.057627559;0.4833501875;10.44706345;1.253246831;0.2131918073;0.3034470677;0.6171261668;1
1.247355424;-1.028913736;0.4977070987;10.41356373;1.255348602;0.2241873741;0.311999172;0.6159043908;1
1.249457195;-1.033699393;0.4977070987;10.31306553;1.257450424;0.2364046723;0.3229947388;0.613460958;1
1.251559018;-1.014556766;0.5168496966;10.26042366;1.259552195;0.2474002391;0.3364337683;0.6146826744;1
1.253660789;-1.03848505;0.5264210105;10.2221384;1.261654018;0.2571740746;0.3486510813;0.6171261668;1
1.25576256;-1.052842021;0.5168496966;10.18863869;1.263755789;0.2608392537;0.3608683646;0.6195695996;1
1.257864383;-1.0863415;0.5168496966;10.09292603;1.26585756;0.2632827163;0.370642215;0.620791316;1
1.259966154;-1.100698471;0.5407779217;9.973284721;1.267959383;0.2608392537;0.3804160357;0.6268999577;1
1.262067977;-1.110269666;0.5838487148;9.796216011;1.270061154;0.2608392537;0.3901898861;0.6342303753;1
1.264169747;-1.11984098;0.6364908218;9.614361763;1.272162977;0.254730612;0.4072940946;0.6440041661;1
1.266271518;-1.162911773;0.708275497;9.408578873;1.274264747;0.2449567765;0.4231765866;0.656221509;1
1.268373341;-1.229910851;0.7657032609;9.193224907;1.27636657;0.2327394783;0.4427242577;0.670882225;1
1.270475112;-1.249053478;0.8422735929;8.963513374;1.278468341;0.2168570012;0.4696022868;0.6879864335;1
1.272576935;-1.296909928;0.9044869542;8.829515457;1.280570112;0.1985310465;0.5025889874;0.7087558508;1
1.274678706;-1.325623751;0.9332008362;8.719446182;1.282671935;0.185092032;0.5392408967;0.7283035517;1
1.276780529;-1.344766378;0.9619147182;8.585447311;1.284773706;0.1667660922;0.5710058808;0.7490729094;1
1.278882299;-1.349551916;1.000199914;8.51844883;1.286875529;0.1472184062;0.6027708054;0.7698423266;1
1.28098407;-1.325623751;1.024128079;8.46102047;1.288977299;0.131335929;0.6296488643;0.7881683111;1
1.283085893;-1.244267821;1.048056364;8.437092781;1.29107907;0.1154534444;0.6528617144;0.8040507436;1
1.285187664;-1.124626637;1.067198873;8.465806961;1.293180893;0.1044578776;0.6699659228;0.8187115192;1
1.287289487;-0.9619147182;1.110269666;8.475378036;1.295282664;0.09346231073;0.6821832657;0.8309288025;1
1.289391258;-0.7704889178;1.115055323;8.513663292;1.297384435;0.08613193035;0.6944005489;0.8370374441;1
1.291493029;-0.5359922647;1.115055323;8.523234367;1.299486258;0.07269290835;0.701730907;0.8419243693;1
1.293594852;-0.2871387303;1.105484009;8.566305161;1.301588029;0.06414080411;0.710283041;0.8443678617;1
1.295696622;-0.0765703246;1.081555843;8.571090698;1.303689852;0.05070177838;0.7188351154;0.8468112946;1
1.297798393;0.1196411327;1.052842021;8.513663292;1.305791674;0.03481929377;0.7273872495;0.8468112946;1
1.299900216;0.2775674164;1.019342422;8.470592499;1.307893445;0.01771507785;0.7408262491;0.848033011;1
1.302001987;0.4307080805;0.9762716293;8.408378601;1.309995216;-0.0006108647794;0.7493783832;0.8443678617;1
1.30410381;0.5503492355;0.9619147182;8.317451477;1.312097039;-0.02382372692;0.7579304576;0.8431460857;1
1.306205633;0.6412764788;0.9571290612;8.245666504;1.31419881;-0.05070177838;0.7689260244;0.8394809365;1
1.308307404;0.7465606928;0.9571290612;8.202595711;1.316300581;-0.07880155742;0.7848085165;0.8370374441;1
1.310409174;0.8279166222;0.9092726111;8.130811691;1.318402404;-0.1069013327;0.7945823669;0.8321505189;1
1.312510997;0.9092726111;0.8757730722;8.08295536;1.320504174;-0.138666302;0.8055779338;0.8297070861;1
1.314612768;0.9906286001;0.8518448472;8.078168869;1.322605997;-0.1679878086;0.8153517842;0.8235984445;1
1.316714539;1.071984529;0.8279166222;8.102097511;1.324707768;-0.1985310465;0.8190169334;0.8162680864;1
1.318816362;1.172483087;0.813559711;8.140382767;1.326809591;-0.2266308367;0.8190169334;0.8101593852;1
1.320918133;1.244267821;0.7752745152;8.21216774;1.328911362;-0.2559523284;0.8153517842;0.8016073108;1
1.323019956;1.330409408;0.756131947;8.33180809;1.331013185;-0.2840521336;0.8092431426;0.7954986691;1
1.325121727;1.387837172;0.7130611539;8.446663857;1.333114956;-0.3084867001;0.7958040833;0.7893900275;1
1.327223549;1.435693622;0.6891329288;8.609375954;1.335216727;-0.33169958;0.7799215913;0.7832813859;1
1.32932532;1.416550994;0.679561615;8.791230202;1.337318549;-0.3524689674;0.7591522336;0.7820596099;1
1.331427143;1.402194023;0.6556333899;8.997013092;1.339420372;-0.3720166385;0.7359393239;0.7796161771;1
1.333528914;1.35912323;0.6364908218;9.250652313;1.341522091;-0.3842339516;0.7029526234;0.7783944607;1
1.335630685;1.287338614;0.6221339107;9.494720459;1.343623914;-0.397672981;0.6638572812;0.7783944607;1
1.337732508;1.249053478;0.6077769399;9.724431038;1.345725685;-0.4062250853;0.6235402226;0.7783944607;1
1.339834331;1.225125194;0.5599204898;9.978070259;1.347827508;-0.4135554433;0.5856665969;0.7783944607;1
1.341936049;1.210768223;0.5216353536;10.19820976;1.349929279;-0.4172206521;0.5502364635;0.7759509683;1
1.344037872;1.205982566;0.4450650215;10.38006496;1.352031102;-0.4159989059;0.5148062706;0.7735075355;1
1.346139643;1.205982566;0.3972085714;10.52841949;1.354132872;-0.4111120105;0.4805978537;0.7735075355;1
1.348241466;1.239482164;0.3589234054;10.69591713;1.356234643;-0.4025598764;0.4451677203;0.771064043;1
1.350343237;1.268195987;0.3349951804;10.87777138;1.358336466;-0.3927860558;0.4134027362;0.7698423266;1
1.35244506;1.306481123;0.3062812984;11.06441212;1.360438237;-0.3793470263;0.377972573;0.7698423266;1
1.354546831;1.35912323;0.3062812984;11.24148083;1.36254006;-0.3634645343;0.3449858725;0.7686206102;1
1.356648602;1.416550994;0.2871387303;11.40897846;1.364641831;-0.3439168632;0.3144426346;0.7661771774;1
1.358750424;1.478764415;0.2679961324;11.53819084;1.366743654;-0.3219257295;0.2826776803;0.7649554014;1
1.360852195;1.569691658;0.2201396823;11.65304661;1.368845424;-0.2999345958;0.2533561587;0.7612902522;1
1.362954018;1.670190215;0.2105683982;11.73440266;1.370947195;-0.2755000293;0.2289215773;0.7576250434;1
1.365055789;1.765903115;0.1674975902;11.81097221;1.373049018;-0.251065433;0.2093739063;0.7539598346;1
1.367157612;1.871187329;0.1196411327;11.81575775;1.375150789;-0.2266308367;0.1934914142;0.747851193;1
1.369259383;1.9812572;0.06699903309;11.81575775;1.377252612;-0.2009745091;0.1837175786;0.7441860437;1
1.371361154;2.096112728;0.04307080805;11.81097221;1.379354383;-0.1753181964;0.1800523996;0.7380773425;1
1.373462977;2.239681959;0.0382851623;11.77268696;1.381456206;-0.1521053314;0.1837175786;0.7307469845;1
1.375564747;2.373680115;0.0239282269;11.68654537;1.383557977;-0.1264490038;0.1922696829;0.720973134;1
1.37766657;2.517249346;-0.01914258115;11.59083271;1.385659799;-0.1032361463;0.2081521749;0.7124210596;1
1.379768341;2.684746981;-0.0143569354;11.50469112;1.38776157;-0.08124501258;0.2301433086;0.7038689256;1
1.381870164;2.837887764;-0.0143569354;11.37069321;1.389863341;-0.06291907281;0.2557996213;0.6953168511;1
1.383971935;2.991028309;0.02871387079;11.21755219;1.391965164;-0.043371398;0.2875646055;0.6892082095;1
1.386073758;3.129812002;0.07178468257;11.08355427;1.394066935;-0.02871064469;0.3156643808;0.6843212843;1
1.388175529;3.211168051;0.1148554832;10.9304142;1.396168758;-0.01771507785;0.3486510813;0.6782126427;1
1.390277299;3.282952785;0.1674975902;10.85384369;1.398270529;-0.005497782957;0.3816377819;0.672104001;1
1.392379122;3.364308596;0.1962114573;10.73898792;1.400372352;0.003054323839;0.4134027362;0.6672170758;1
1.394480893;3.421736479;0.2392822653;10.61456108;1.402474122;0.006719512399;0.4427242577;0.6623301506;1
1.396582716;3.493520975;0.2871387303;10.50449181;1.404575893;0.01038470119;0.474489212;0.656221509;1
1.398684487;3.574877024;0.3158525825;10.43270683;1.406677716;0.01282816008;0.5001455545;0.6488910913;1
1.40078631;3.66101861;0.3445664644;10.31785107;1.408779487;0.01404988952;0.5221366882;0.6403390169;1
1.402888081;3.742374659;0.3541377485;10.26999474;1.410881258;0.00916297175;0.5429060459;0.6305651665;1
1.404989852;3.814159393;0.3684946895;10.23649502;1.412983081;0.006719512399;0.5624537468;0.6220130324;1
1.407091674;3.881158352;0.3637090325;10.22692394;1.415084852;0.001832594397;0.5795579553;0.6122392416;1
1.409193445;3.905086517;0.3780659735;10.2029953;1.417186674;-0.005497782957;0.5905535221;0.6024653912;1
1.411295216;3.905086517;0.3780659735;10.1024971;1.419288445;-0.01282816008;0.5917752385;0.5926915407;1
1.413397039;3.919443607;0.4067798555;10.14078236;1.421390268;-0.02138026804;0.5881100893;0.5816959739;1
1.41549881;3.929014683;0.4307080805;10.164711;1.423492039;-0.02993237413;0.5807796717;0.5694786906;1
1.417600633;3.933800459;0.4163511395;10.13121128;1.42559381;-0.03604102135;0.5697841048;0.5584831238;1
1.419702404;3.895515203;0.4498506486;10.15035343;1.427695633;-0.04581485689;0.5563451052;0.5474875569;1
1.421804227;3.847658873;0.4450650215;10.18863869;1.429797404;-0.05436696485;0.5380191803;0.5377137065;1
1.423905997;3.790230989;0.4402793646;10.19342422;1.431899227;-0.06536252797;0.5209149122;0.5279398561;1
1.426007768;3.728017569;0.4450650215;10.19820976;1.434000997;-0.07880155742;0.5013672709;0.5193877816;1
1.428109591;3.694518089;0.4402793646;10.20778179;1.436102768;-0.08857539296;0.4818195999;0.5120574236;1
1.430211362;3.680161238;0.4546363056;10.23649502;1.438204591;-0.09957095981;0.4659371078;0.5035052896;1
1.432313185;3.646661758;0.4450650215;10.21256733;1.440306362;-0.111788258;0.4476111531;0.4986183643;1
1.434414956;3.613162279;0.4594219327;10.2221384;1.442408185;-0.1227838174;0.4292852283;0.4937314689;1
1.436516727;3.570091486;0.4546363056;10.27478027;1.444509956;-0.1288924664;0.4121810198;0.4876227975;1
1.438618549;3.546163082;0.4594219327;10.34656525;1.446611779;-0.138666302;0.3926333487;0.4815141559;1
1.44072032;3.56530571;0.4642075896;10.43270683;1.448713549;-0.1435532272;0.370642215;0.4717403352;1
1.442822143;3.589233875;0.4594219327;10.53320503;1.45081532;-0.1472184062;0.3510945439;0.4619664848;1
1.444923914;3.627519131;0.4642075896;10.62413216;1.452917143;-0.1435532272;0.3315468729;0.4509709179;1
1.447025737;3.675375462;0.4498506486;10.74377346;1.455018914;-0.1423314959;0.3156643808;0.4387536347;1
1.449127508;3.723232031;0.4737788737;10.83948612;1.457120685;-0.1423314959;0.2997818887;0.424092859;1
1.451229279;3.761517286;0.4689932466;10.92562866;1.459222508;-0.1374445707;0.2863428593;0.4094321132;1
1.453331102;3.809373617;0.4307080805;11.00698376;1.461324279;-0.1288924664;0.2790125012;0.3935496211;1
1.455432872;3.814159393;0.3924229145;11.09791183;1.463426102;-0.1178968996;0.274125576;0.3776671588;1
1.457534643;3.814159393;0.3493520916;11.1936245;1.465527924;-0.1069013327;0.2729038298;0.3593412042;1
1.459636466;3.795016766;0.2919243574;11.27498055;1.467629695;-0.08857539296;0.2680169344;0.3422369957;1
1.461738237;3.814159393;0.2536391914;11.38026428;1.469731466;-0.06536252797;0.2606865466;0.323911041;1
1.46384006;3.847658873;0.2297109663;11.55733299;1.471833289;-0.04214967042;0.2533561587;0.3068068326;1
1.465941883;3.85244441;0.2440679073;11.6961174;1.47393506;-0.01771507785;0.2435823381;0.2884808779;1
1.468043654;3.857230186;0.2105683982;11.81097221;1.476036831;0.01160643063;0.2362519503;0.2677114904;1
1.470145424;3.842873096;0.2249253243;11.89232826;1.478138654;0.03970621154;0.2301433086;0.2481638193;1
1.472247247;3.833301783;0.2009970993;11.94975662;1.480240424;0.06536252797;0.2228129357;0.2273944169;1
1.474349018;3.842873096;0.1770688742;11.96889877;1.482342247;0.09101885557;0.2203694731;0.2054032832;1
1.476450789;3.828516245;0.1818545163;11.91147137;1.484444018;0.1105665267;0.2191477418;0.1834121495;1
1.478552612;3.790230989;0.1770688742;11.84925747;1.486545841;0.1337793916;0.2179260105;0.1638644785;1
1.480654383;3.766302824;0.1770688742;11.74875927;1.488647612;0.1508836001;0.2154825479;0.1443168074;1
1.482756206;3.718446493;0.1674975902;11.60519028;1.490749383;0.1655443609;0.2142608166;0.1259908676;1
1.484857977;3.66101861;0.1914258152;11.49512005;1.492851206;0.181426838;0.2069304436;0.1076649204;1
1.486959799;3.598805189;0.2297109663;11.42333508;1.494952977;0.1948658675;0.1983783394;0.08933897316;1
1.48906157;3.527020693;0.2871387303;11.35155106;1.497054799;0.2021962404;0.1971566081;0.07345648855;1
1.491163341;3.431307554;0.3589234054;11.22712421;1.49915657;0.208304897;0.1910479665;0.05635227636;1
1.493265164;3.321237803;0.4211367965;11.06441212;1.501258341;0.2144135386;0.18493931;0.03924806044;1
1.495366935;3.211168051;0.4689932466;10.92084217;1.503360164;0.2168570012;0.177608937;0.02214384824;1
1.497468758;3.115455151;0.5455635786;10.75813103;1.505461935;0.2168570012;0.1690568328;0.007483093534;1
1.499570529;3.010170937;0.6125625968;10.60977554;1.507563758;0.2144135386;0.1629481763;-0.009621120058;1
1.501672299;2.938386202;0.679561615;10.47099209;1.509665529;0.208304897;0.1531743407;-0.02061668597;1
1.503774122;2.857030153;0.756131947;10.32742214;1.511767352;0.2021962404;0.1446222365;-0.03161225095;1
1.505875893;2.737389088;0.813559711;10.19820976;1.513869122;0.1936441362;0.134848401;-0.04138609022;1
1.507977716;2.598605394;0.8470591903;10.04028416;1.515970945;0.1863137633;0.1238528341;-0.04871646687;1
1.510079487;2.435893536;0.9140582681;9.901499748;1.518072716;0.1765399277;0.117744185;-0.05360338464;1
1.51218131;2.254039049;0.9619147182;9.777072906;1.520174487;0.1606574357;0.1079703495;-0.05604684353;1
1.514283081;2.081755638;1.004985452;9.647860527;1.52227631;0.1484401375;0.1030834317;-0.05604684353;1
1.516384904;1.914258122;1.057627559;9.533005714;1.524378081;0.1325576603;0.09086613357;-0.05604684353;1
1.518486674;1.751546144;1.148554921;9.44207859;1.526479852;0.1191186309;0.08353576064;-0.05482511222;1
1.520588445;1.622333765;1.210768223;9.375079155;1.528581674;0.1069013327;0.0737619251;-0.05115992576;1
1.522690268;1.521835208;1.272981644;9.317651749;1.530683497;0.09224057943;0.06520981342;-0.04505127668;1
1.524792039;1.426122308;1.316052437;9.265008926;1.532785268;0.07757982612;0.05543597788;-0.03894263133;1
1.52689381;1.301695466;1.349551916;9.221938133;1.534887091;0.06414080411;0.04810560122;-0.02916879393;1
1.528995633;1.172483087;1.383051515;9.169296265;1.536988862;0.05070177838;0.04077522457;-0.01939495653;1
1.531097456;1.043270707;1.40697968;9.121439934;1.539090633;0.03726275265;0.04077522457;-0.01206457894;1
1.533199227;0.9379864931;1.445264935;9.078369141;1.541192456;0.02382372692;0.04321868345;-0.00351247238;1
1.535301049;0.8231309652;1.464407444;9.006584167;1.543294227;0.01038470119;0.04932733253;0.002596175298;1
1.53740282;0.7513462901;1.459621787;8.953942299;1.545395997;0.0006108647794;0.0542142503;0.009926552884;1
1.539504591;0.7369893789;1.493121386;8.939585686;1.54749782;-0.01404988952;0.05665770918;0.01725693047;1
1.541606414;0.7369893789;1.507478237;8.925228119;1.549599591;-0.02382372692;0.06032289565;0.02214384824;1
1.543708185;0.7465606928;1.526620865;8.944371223;1.551701362;-0.03115410358;0.05910116807;0.02825249545;1
1.545809956;0.760917604;1.517049551;8.987442017;1.553803185;-0.04092793912;0.06154462695;0.03558287397;1
1.547911779;0.7417750359;1.507478237;9.054440498;1.555904956;-0.04948004708;0.06154462695;0.04046979174;1
1.550013549;0.7369893789;1.478764415;9.097511292;1.558006779;-0.05558869615;0.06276635826;0.04291325063;1
1.55211532;0.7130611539;1.430907965;9.135796547;1.560108549;-0.06414080411;0.06276635826;0.04535670951;1
1.554217143;0.7130611539;1.344766378;9.198010445;1.562210372;-0.07024945319;0.05910116807;0.04291325063;1
1.556318914;0.7130611539;1.287338614;9.241081238;1.564312143;-0.07635809481;0.05543597788;0.03924806044;1
1.558420737;0.7704889178;1.210768223;9.279366493;1.566413966;-0.08002328873;0.05177079141;0.03191768378;1
1.560522508;0.8039883971;1.138983607;9.303294182;1.568515737;-0.08368847519;0.04444041103;0.02214384824;1
1.562624331;0.8470591903;1.076770186;9.327222824;1.570617508;-0.08857539296;0.03833176568;0.01359174121;1
1.564726102;0.9044869542;1.014556766;9.389435768;1.572719331;-0.09101885557;0.02611446939;0.003817904973;1
1.566827924;0.9284151793;0.9667003751;9.499505997;1.574821102;-0.09346231073;0.01511890348;-0.004734201822;1
1.568929695;0.9092726111;0.94277215;9.552147865;1.576922924;-0.0971274972;-0.001985310577;-0.01206457894;1
1.571031466;0.8709874153;0.9571290612;9.633503914;1.579024695;-0.09957095981;-0.02153298259;-0.01695149764;1
1.573133289;0.7944171429;0.9810572863;9.738788605;1.581126518;-0.1044578776;-0.04230238497;-0.01939495653;1
1.57523506;0.6987041831;0.9810572863;9.810572624;1.583228289;-0.1093447953;-0.06307178736;-0.02550360374;1
1.577336883;0.6173482537;0.9523434043;9.887143135;1.58533006;-0.1142317131;-0.08750637621;-0.03405570984;1
1.579438654;0.5694918036;0.8997012973;9.930213928;1.587431883;-0.1130099818;-0.1143844277;-0.0438295491;1
1.581540477;0.5312066078;0.8518448472;9.963713646;1.589533706;-0.1142317131;-0.1363755614;-0.05604684353;1
1.583642247;0.5455635786;0.760917604;10.00678444;1.591635477;-0.111788258;-0.1559232324;-0.07070759684;1
1.585744018;0.5790630579;0.6843472719;10.06899738;1.593737247;-0.108123064;-0.1779143661;-0.08659008145;1
1.587845841;0.6173482537;0.6460621357;10.11685371;1.59583907;-0.1032361463;-0.1974620372;-0.1024725661;1
1.589947664;0.650847733;0.6364908218;10.18385315;1.597940841;-0.0983492285;-0.2145662606;-0.119576782;1
1.592049435;0.6652047038;0.6077769399;10.27478027;1.600042612;-0.09101885557;-0.2292270064;-0.1342375278;1
1.594151206;0.6652047038;0.5886343718;10.31306553;1.602144435;-0.08613193035;-0.2438877672;-0.1476765573;1
1.596253029;0.6173482537;0.5838487148;10.33220863;1.604246206;-0.07635809481;-0.2536616027;-0.1623373181;1
1.598354799;0.5838487148;0.5455635786;10.31306553;1.606348029;-0.06902772188;-0.2609919906;-0.1745546162;1
1.60045657;0.5312066078;0.5312066078;10.2652092;1.608449799;-0.05925388262;-0.2683223486;-0.1843284518;1
1.602558393;0.4977070987;0.5024927258;10.24128056;1.61055157;-0.04459312931;-0.2744309902;-0.1965457499;1
1.604660164;0.4689932466;0.5072783828;10.2652092;1.612653393;-0.03604102135;-0.2732092738;-0.2050978541;1
1.606761987;0.4450650215;0.5120640397;10.26999474;1.614755164;-0.02748891525;-0.265878886;-0.2136499584;1
1.608863758;0.4019941986;0.5264210105;10.21256733;1.616856987;-0.0164933484;-0.2597702444;-0.2209803313;1
1.610965529;0.3589234054;0.5503492355;10.11685371;1.618958758;-0.007941242307;-0.2463312149;-0.2283107042;1
1.613067352;0.3062812984;0.5742774606;10.04985523;1.621060581;0.0006108647794;-0.2304487377;-0.2356410921;1
1.615169122;0.2775674164;0.6077769399;9.987641335;1.623162352;0.007941242307;-0.2145662606;-0.2417497337;1
1.617270945;0.2249253243;0.6173482537;9.925428391;1.625264122;0.01527161989;-0.1974620372;-0.2466366589;1
1.619372716;0.1914258152;0.650847733;9.863214493;1.627365945;0.02260199748;-0.1779143661;-0.2490801066;1
1.621474539;0.1387837082;0.6652047038;9.815358162;1.629467716;0.02993237413;-0.1608101577;-0.2503018379;1
1.62357631;0.08614161611;0.6699903607;9.772287369;1.631569539;0.03359756246;-0.142484203;-0.2527453005;1
1.625678081;0.0;0.7226324677;9.705288887;1.63367131;0.03726275265;-0.1229365394;-0.2503018379;1
1.627779904;-0.09092725813;0.7369893789;9.662218094;1.635773081;0.04092793912;-0.1033888608;-0.2503018379;1
1.629881674;-0.1770688742;0.7800601721;9.633503914;1.637874904;0.04703658819;-0.08139773458;-0.2478583902;1
1.631983497;-0.2632105052;0.7944171429;9.600004196;1.639976674;0.04948004708;-0.06307178736;-0.2454149276;1
1.634085268;-0.3493520916;0.8039883971;9.547362328;1.642078497;0.04948004708;-0.04474584386;-0.242971465;1
1.636187039;-0.4211367965;0.837487936;9.456435204;1.644180268;0.05314523727;-0.03008509055;-0.2417497337;1
1.638288862;-0.4737788737;0.866201818;9.408578873;1.646282091;0.05192350596;-0.01298087649;-0.2393062711;1
1.640390633;-0.5312066078;0.9044869542;9.38465023;1.648383862;0.05192350596;0.01023198478;-0.2368628234;1
1.642492456;-0.5694918036;0.9571290612;9.341579437;1.650485685;0.05314523727;0.02855792828;-0.2307541668;1
1.644594227;-0.626919508;1.000199914;9.303294182;1.652587456;0.05070177838;0.04321868345;-0.2234237939;1
1.646696049;-0.7226324677;1.057627559;9.255437851;1.654689227;0.04703658819;0.05543597788;-0.2148716897;1
1.64879782;-0.8422735929;1.129412293;9.212367058;1.656791049;0.04092793912;0.06276635826;-0.2038761228;1
1.650899643;-0.9810572863;1.201196909;9.188439369;1.65889282;0.03604102135;0.06643154472;-0.1953240186;1
1.653001414;-1.081555843;1.239482164;9.154939651;1.660994643;0.02993237413;0.06643154472;-0.1855501831;1
1.655103185;-1.158126116;1.249053478;9.140582085;1.663096414;0.02138026804;0.06154462695;-0.1757763475;1
1.657205008;-1.21555388;1.26341033;9.111868858;1.665198185;0.01404988952;0.0542142503;-0.1684459597;1
1.659306779;-1.258624673;1.253839016;9.083154678;1.667300008;0.005497782957;0.04077522457;-0.1586721241;1
1.661408602;-1.282552958;1.268195987;9.049654961;1.669401779;-0.004276053514;0.02611446939;-0.1513417512;1
1.663510372;-1.282552958;1.258624673;9.03051281;1.671503602;-0.01404988952;0.01145371422;-0.1452330947;1
1.665612143;-1.296909928;1.272981644;9.03051281;1.673605372;-0.02504545636;0.0004581485991;-0.1379027218;1
1.667713966;-1.344766378;1.296909928;9.064012527;1.675707195;-0.03848448023;-0.01542433538;-0.1317940801;1
1.669815737;-1.368694544;1.344766378;9.083154678;1.677808966;-0.05070177838;-0.03375028074;-0.1256854236;1
1.67191756;-1.378265858;1.402194023;9.092725754;1.679910737;-0.06414080411;-0.05329795182;-0.1183550507;1
1.674019331;-1.411765337;1.440479279;9.073583603;1.68201256;-0.07513637096;-0.07528908551;-0.1134681329;1
1.676121154;-1.430907965;1.430907965;9.064012527;1.684114331;-0.08735366166;-0.0972802192;-0.1061377525;1
1.678222924;-1.459621787;1.411765337;9.068798065;1.686216154;-0.1007926911;-0.1192713454;-0.0988073796;1
1.680324695;-1.483550072;1.402194023;9.083154678;1.688317924;-0.1142317131;-0.1437059343;-0.09392046183;1
1.682426518;-1.507478237;1.392622828;9.097511292;1.690419695;-0.1240055487;-0.1681405306;-0.08903354406;1
1.684528289;-1.540977836;1.378265858;9.159725189;1.692521518;-0.135001123;-0.1937968582;-0.08536835015;1
1.686630112;-1.536192179;1.344766378;9.164510727;1.694623289;-0.1447749585;-0.2133445293;-0.07925970852;1
1.688731883;-1.50269258;1.344766378;9.226723671;1.696725112;-0.1496618688;-0.2243400961;-0.07559451461;1
1.690833654;-1.469193101;1.306481123;9.265008926;1.698826883;-0.1569922417;-0.2341139317;-0.07070759684;1
1.692935477;-1.50269258;1.306481123;9.260223389;1.700928706;-0.1631008983;-0.2438877672;-0.06826414168;1
1.695037247;-1.517049551;1.344766378;9.260223389;1.703030477;-0.1667660922;-0.2536616027;-0.0609337613;1
1.69713907;-1.536192179;1.378265858;9.327222824;1.705132299;-0.1704312712;-0.258548528;-0.05482511222;1
1.699240841;-1.517049551;1.416550994;9.370293617;1.70723407;-0.1716530025;-0.2597702444;-0.04993819445;1
1.701342664;-1.488335729;1.402194023;9.44207859;1.709335841;-0.1704312712;-0.265878886;-0.0438295491;1
1.703444435;-1.483550072;1.387837172;9.456435204;1.711437664;-0.1679878086;-0.2671006322;-0.03772090003;1
1.705546258;-1.473978758;1.354337573;9.470791817;1.713539435;-0.1667660922;-0.2683223486;-0.03283398226;1
1.707648029;-1.459621787;1.335195065;9.470791817;1.715641258;-0.1606574357;-0.2634354234;-0.02672533318;1
1.709749799;-1.45483613;1.272981644;9.547362328;1.717743029;-0.1557705253;-0.2536616027;-0.01939495653;1
1.711851622;-1.421336651;1.244267821;9.547362328;1.719844799;-0.1521053314;-0.2426660359;-0.0108428495;1
1.713953393;-1.411765337;1.234696507;9.576076508;1.721946622;-0.1484401375;-0.2328922004;-0.002290742937;1
1.716055216;-1.392622828;1.220339537;9.595218658;1.724048393;-0.1435532272;-0.2243400961;0.006261364091;1
1.718156987;-1.387837172;1.234696507;9.614361763;1.726150216;-0.138666302;-0.2170097083;0.01725693047;1
1.720258758;-1.363908887;1.258624673;9.609575272;1.728251987;-0.1325576603;-0.2109010667;0.02580903657;1
1.722360581;-1.344766378;1.229910851;9.643074989;1.730353758;-0.1325576603;-0.2047924101;0.03436114267;1
1.724462352;-1.330409408;1.234696507;9.652647018;1.732455581;-0.1264490038;-0.2072358727;0.04046979174;1
1.726564174;-1.292124271;1.210768223;9.638289452;1.734557352;-0.1252272725;-0.2072358727;0.04535670951;1
1.728665945;-1.234696507;1.158126116;9.652647018;1.736659174;-0.1215620935;-0.2035706937;0.0490218997;1
1.730767716;-1.177268744;1.105484009;9.710074425;1.738760945;-0.1203403622;-0.1999054998;0.05024362728;1
1.732869539;-1.095912814;1.052842021;9.767501831;1.740862716;-0.1154534444;-0.1962403059;0.05024362728;1
1.73497131;-1.014556766;0.9954141974;9.781859398;1.742964539;-0.1154534444;-0.1962403059;0.05268708616;1
1.737073133;-0.9619147182;0.9714859724;9.781859398;1.745066362;-0.111788258;-0.1986837685;0.05146535859;1
1.739174904;-0.890130043;0.9714859724;9.801001549;1.747168133;-0.1093447953;-0.2023489624;0.0478001684;1
1.741276674;-0.8327022791;0.9475577474;9.8201437;1.749269904;-0.1069013327;-0.2096793354;0.04413498193;1
1.743378497;-0.760917604;0.9092726111;9.858428955;1.751371727;-0.1032361463;-0.215787977;0.03924806044;1
1.74548032;-0.6604190469;0.8566305041;9.872786522;1.753473497;-0.0983492285;-0.2218966335;0.03191768378;1
1.747582091;-0.5503492355;0.8183453679;9.887143135;1.755575268;-0.09590577334;-0.2255618125;0.02458730713;1
1.749683862;-0.4498506486;0.7992027402;9.882357597;1.757677091;-0.09101885557;-0.2292270064;0.01603520103;1
1.751785685;-0.3445664644;0.7704889178;9.887143135;1.759778862;-0.08979712427;-0.2328922004;0.007483093534;1
1.753887456;-0.2536391914;0.756131947;9.858428955;1.761880685;-0.08735366166;-0.2377791107;-0.002290742937;1
1.755989227;-0.1962114573;0.756131947;9.810572624;1.763982456;-0.08735366166;-0.235335663;-0.01206457894;1
1.758091049;-0.1244267747;0.7513462901;9.772287369;1.766084279;-0.08735366166;-0.2341139317;-0.02061668597;1
1.76019282;-0.08614161611;0.732203722;9.710074425;1.768186049;-0.09101885557;-0.2304487377;-0.02794706449;1
1.762294643;-0.03349951655;0.7274180651;9.652647018;1.770287872;-0.09346231073;-0.2280052751;-0.03283398226;1
1.764396414;-0.0382851623;0.7513462901;9.576076508;1.772389643;-0.0971274972;-0.2218966335;-0.03894263133;1
1.766498237;-0.03349951655;0.756131947;9.494720459;1.774491414;-0.1032361463;-0.2182314396;-0.0426078178;1
1.768600008;-0.04307080805;0.7657032609;9.44207859;1.776593237;-0.108123064;-0.2133445293;-0.04749473557;1
1.770701831;-0.05742774159;0.7704889178;9.394221306;1.778695008;-0.111788258;-0.2023489624;-0.05115992576;1
1.772803602;-0.07178468257;0.7896314859;9.394221306;1.780796831;-0.1166751757;-0.1876882017;-0.05360338464;1
1.774905372;-0.06699903309;0.8183453679;9.36550808;1.782898602;-0.1227838174;-0.1754709035;-0.05482511222;1
1.777007195;-0.07178468257;0.8422735929;9.312865257;1.785000372;-0.1288924664;-0.1644753367;-0.05849030241;1
1.779108966;-0.0765703246;0.8422735929;9.279366493;1.787102195;-0.131335929;-0.1571449637;-0.0609337613;1
1.781210789;-0.05264209956;0.8757730722;9.265008926;1.789203966;-0.131335929;-0.1534797698;-0.0621554926;1
1.78331256;-0.02871387079;0.8949156404;9.312865257;1.791305789;-0.135001123;-0.1473711282;-0.06459894776;1
1.785414331;0.004785645287;0.8949156404;9.375079155;1.79340756;-0.1362228394;-0.1461493969;-0.06948586553;1
1.787516154;0.05264209956;0.890130043;9.403793335;1.795509383;-0.1374445707;-0.1485928595;-0.07315105945;1
1.789617924;0.1004985496;0.8422735929;9.418149948;1.797611154;-0.138666302;-0.1485928595;-0.07803797722;1
1.791719747;0.1483550072;0.8087740541;9.461220741;1.799712924;-0.1398880333;-0.1510363221;-0.08292489499;1
1.793821518;0.2009970993;0.784845829;9.509077072;1.801814747;-0.138666302;-0.1473711282;-0.08903354406;1
1.795923341;0.2392822653;0.756131947;9.556933403;1.803916518;-0.1374445707;-0.1473711282;-0.09636391699;1
1.798025112;0.2919243574;0.7369893789;9.590433121;1.806018341;-0.1374445707;-0.1485928595;-0.1049160287;1
1.800126883;0.3493520916;0.7178468108;9.614361763;1.808120112;-0.1362228394;-0.1437059343;-0.1146898642;1
1.802228706;0.4115654826;0.7274180651;9.657432556;1.810221935;-0.135001123;-0.1351538301;-0.1244636998;1
1.804330477;0.5024927258;0.7130611539;9.657432556;1.812323706;-0.1337793916;-0.1229365394;-0.1330158114;1
1.806432299;0.5455635786;0.7178468108;9.652647018;1.814425477;-0.131335929;-0.1168278903;-0.1391244531;1
1.80853407;0.5407779217;0.7130611539;9.681360245;1.816527299;-0.1264490038;-0.1119409725;-0.1452330947;1
1.810635893;0.5455635786;0.7178468108;9.710074425;1.81862907;-0.1191186309;-0.1058323234;-0.1501200199;1
1.812737664;0.5072783828;0.756131947;9.786644936;1.820730893;-0.1130099818;-0.09972367436;-0.1537852138;1
1.814839435;0.5024927258;0.7513462901;9.906285286;1.822832664;-0.1069013327;-0.09605848789;-0.1550069451;1
1.816941258;0.4881358147;0.7369893789;9.944570541;1.824934435;-0.0983492285;-0.09117157012;-0.1562286615;1
1.819043029;0.5024927258;0.7800601721;10.00678444;1.827036258;-0.08857539296;-0.08261945844;-0.1574503928;1
1.821144852;0.4977070987;0.8039883971;10.04506969;1.829138029;-0.07880155742;-0.0740673542;-0.1586721241;1
1.823246622;0.4929214716;0.8470591903;10.07378292;1.831239852;-0.07024945319;-0.06673697382;-0.1611155868;1
1.825348393;0.4833501875;0.8518448472;10.07856941;1.833341622;-0.06047561392;-0.05451968312;-0.1611155868;1
1.827450216;0.4977070987;0.8614161611;10.08335495;1.835443445;-0.04825831577;-0.04108065739;-0.1635590494;1
1.829551987;0.5120640397;0.8709874153;10.11206818;1.837545216;-0.043371398;-0.02886336111;-0.1660024971;1
1.83165381;0.5407779217;0.8853443861;10.08814049;1.839647039;-0.03481929377;-0.0190895237;-0.1660024971;1
1.833755581;0.5551348329;0.8949156404;10.11206818;1.841748758;-0.02748891525;-0.008093958721;-0.1660024971;1
1.835857404;0.5647061467;0.8949156404;10.09771156;1.843850581;-0.02382372692;-0.001985310577;-0.1660024971;1
1.837959174;0.5359922647;0.9044869542;10.08335495;1.845952404;-0.02260199748;-0.0007635809598;-0.1623373181;1
1.840060997;0.4929214716;0.9140582681;10.07856941;1.848054174;-0.01893680729;-0.004428769462;-0.1611155868;1
1.842162716;0.4594219327;0.9332008362;10.04985523;1.850155997;-0.01771507785;-0.009315688163;-0.1562286615;1
1.844264539;0.4163511395;0.9332008362;10.05464077;1.852257768;-0.02138026804;-0.01542433538;-0.1537852138;1
1.846366362;0.3876372576;0.9332008362;10.05464077;1.854359591;-0.02504545636;-0.02641990222;-0.1501200199;1
1.848468133;0.3732803464;0.9667003751;10.02114105;1.856461362;-0.02748891525;-0.03497200832;-0.1476765573;1
1.850569956;0.3828516304;0.9762716293;10.01156998;1.858563133;-0.03237583488;-0.04596757516;-0.1501200199;1
1.852671727;0.4019941986;0.9714859724;9.992427826;1.860664904;-0.03848448023;-0.06062832847;-0.1525634825;1
1.854773549;0.4354937077;1.000199914;9.963713646;1.862766727;-0.04459312931;-0.07162389904;-0.1562286615;1
1.85687532;0.4642075896;1.004985452;9.95414257;1.864868497;-0.04948004708;-0.08506292105;-0.1598938555;1
1.858977091;0.5120640397;1.004985452;9.925428391;1.86697032;-0.05803215504;-0.09850194305;-0.1623373181;1
1.861078862;0.5407779217;1.009771109;9.930213928;1.869072091;-0.06536252797;-0.1143844277;-0.1647807807;1
1.863180685;0.5694918036;0.9906286001;9.920642853;1.871173862;-0.07757982612;-0.1339320987;-0.1647807807;1
1.865282456;0.5886343718;0.9810572863;9.887143135;1.873275685;-0.08246674389;-0.158366695;-0.1672242284;1
1.867384279;0.6412764788;0.9954141974;9.896714211;1.875377456;-0.08979712427;-0.1742491722;-0.1660024971;1
1.869486049;0.6556333899;1.000199914;9.891928673;1.877479279;-0.09957095981;-0.1852447391;-0.1684459597;1
1.87158782;0.6891329288;0.9810572863;9.858428955;1.879581102;-0.1056796089;-0.1937968582;-0.1708894223;1
1.873689643;0.70348984;0.9571290612;9.858428955;1.881682872;-0.111788258;-0.1999054998;-0.1708894223;1
1.875791414;0.6891329288;0.9571290612;9.858428955;1.883784643;-0.1178968996;-0.2060141414;-0.1708894223;1
1.877893237;0.7274180651;0.9954141974;9.896714211;1.885886466;-0.1227838174;-0.2133445293;-0.1708894223;1
1.87999506;0.7752745152;1.019342422;9.896714211;1.887988237;-0.1276707351;-0.2218966335;-0.1721111536;1
1.882096831;0.8183453679;1.048056364;9.930213928;1.89009006;-0.131335929;-0.231670469;-0.1745546162;1
1.884198602;0.866201818;1.028913736;9.930213928;1.892191831;-0.1374445707;-0.2377791107;-0.1769980639;1
1.886300424;0.9379864931;1.009771109;9.925428391;1.894293602;-0.1398880333;-0.2475529462;-0.1794415265;1
1.888402195;0.9667003751;0.9619147182;9.906285286;1.896395424;-0.1459966749;-0.2512181401;-0.1831067204;1
1.890504018;1.014556766;0.9523434043;9.872786522;1.898497195;-0.1484401375;-0.2536616027;-0.1867718995;1
1.892605789;1.052842021;0.9379864931;9.868000984;1.900599018;-0.1508836001;-0.2524398565;-0.1879936308;1
1.89470756;1.091127157;0.9236295223;9.911071777;1.902700789;-0.154548794;-0.2548833191;-0.1904370934;1
1.896809383;1.124626637;0.9236295223;9.95414257;1.90480256;-0.1533270627;-0.2573267817;-0.1941022873;1
1.898911154;1.191625714;0.890130043;10.0019989;1.906904383;-0.154548794;-0.2561050653;-0.1977674663;1
1.901012977;1.239482164;0.866201818;10.04985523;1.909006154;-0.1569922417;-0.2548833191;-0.2002109289;1
1.903114747;1.249053478;0.837487936;10.04028416;1.911107977;-0.154548794;-0.2561050653;-0.2038761228;1
1.905216518;1.296909928;0.8327022791;10.05942631;1.913209747;-0.1521053314;-0.262213707;-0.2087630332;1
1.907318341;1.316052437;0.8327022791;10.05942631;1.91531157;-0.1521053314;-0.2719875574;-0.2136499584;1
1.909420112;1.330409408;0.8231309652;10.08814049;1.917413341;-0.1484401375;-0.2805396616;-0.2185368687;1
1.911521935;1.378265858;0.8183453679;10.15992451;1.919515112;-0.1508836001;-0.2878700197;-0.2234237939;1
1.913623706;1.440479279;0.784845829;10.24606609;1.921616935;-0.1521053314;-0.2964221239;-0.2258672565;1
1.915725529;1.483550072;0.7944171429;10.21735287;1.923718706;-0.1557705253;-0.3049742281;-0.2270889878;1
1.917827299;1.497906923;0.7992027402;10.17428207;1.925820529;-0.1606574357;-0.3135263622;-0.2283107042;1
1.91992907;1.483550072;0.8087740541;10.15992451;1.927922299;-0.1643226296;-0.3208567202;-0.2307541668;1
1.922030893;1.497906923;0.8231309652;10.12642574;1.930024122;-0.1692095399;-0.3220784664;-0.2344193608;1
1.924132664;1.507478237;0.813559711;10.09771156;1.932125893;-0.1728747338;-0.3245218992;-0.2393062711;1
1.926234487;1.507478237;0.7752745152;10.09292603;1.934227664;-0.1753181964;-0.3306305707;-0.2454149276;1
1.928336258;1.545763373;0.756131947;10.12642574;1.936329487;-0.1765399277;-0.3330740333;-0.2539670467;1
1.930438081;1.588834286;0.7274180651;10.15513897;1.938431258;-0.1802051067;-0.3404043913;-0.2600756884;1
1.932539852;1.641476393;0.708275497;10.17428207;1.940533081;-0.181426838;-0.3440696001;-0.2674060464;1
1.934641622;1.698904037;0.708275497;10.19820976;1.942634852;-0.1826485693;-0.3513999581;-0.2735147178;1
1.936743445;1.737189293;0.7130611539;10.17906761;1.944736674;-0.1826485693;-0.358730346;-0.2808450758;1
1.938845216;1.751546144;0.7130611539;10.18385315;1.946838445;-0.181426838;-0.374612838;-0.2820668221;1
1.940947039;1.737189293;0.7178468108;10.2029953;1.948940216;-0.1838703007;-0.3904953003;-0.2857320011;1
1.94304881;1.708475351;0.7274180651;10.20778179;1.951042039;-0.188757211;-0.408821255;-0.2881754637;1
1.945150633;1.665404558;0.7274180651;10.23170948;1.95314381;-0.1899789423;-0.4210385382;-0.2918406427;1
1.947252404;1.622333765;0.7417750359;10.26042366;1.955245581;-0.1912006736;-0.4320341051;-0.2918406427;1
1.949354174;1.593619823;0.732203722;10.20778179;1.957347404;-0.1936441362;-0.4479165971;-0.2906189263;1
1.951455997;1.55054903;0.7465606928;10.15035343;1.959449227;-0.1985310465;-0.4674642682;-0.2881754637;1
1.953557768;1.483550072;0.7513462901;10.13599682;1.961550997;-0.2058614343;-0.4882336855;-0.2881754637;1
1.955659539;1.440479279;0.8039883971;10.16949654;1.963652768;-0.211970076;-0.5041161776;-0.2857320011;1
1.957761362;1.411765337;0.813559711;10.14556789;1.965754591;-0.2229656428;-0.5187768936;-0.2845102847;1
1.959863185;1.35912323;0.8422735929;10.05942631;1.967856362;-0.2302960157;-0.5358811021;-0.2857320011;1
1.961964956;1.31126678;0.8327022791;10.01156998;1.969958185;-0.2376264036;-0.555428803;-0.2857320011;1
1.964066727;1.339980721;0.8327022791;9.978070259;1.972059956;-0.2486219704;-0.5725330114;-0.2881754637;1
1.966168549;1.402194023;0.8183453679;9.987641335;1.974161727;-0.2559523284;-0.5884155035;-0.2906189263;1
1.96827032;1.483550072;0.7944171429;9.982855797;1.976263549;-0.2632827163;-0.5994110703;-0.2942841053;1
1.970372143;1.560120344;0.7800601721;9.987641335;1.97836532;-0.2706131041;-0.6091849208;-0.2967275679;1
1.972473914;1.631905079;0.7657032609;9.982855797;1.980467143;-0.2767217457;-0.621402204;-0.2991710305;1
1.974575685;1.679761529;0.732203722;9.987641335;1.982568914;-0.2803869247;-0.6299542785;-0.3016144931;1
1.976677508;1.718046665;0.708275497;9.978070259;1.984670737;-0.2840521336;-0.6348412037;-0.3077231348;1
1.978779279;1.765903115;0.6891329288;10.0019989;1.986772508;-0.2877173126;-0.6397281289;-0.3113883138;1
1.980881102;1.861616015;0.6891329288;10.04506969;1.988874331;-0.2864955962;-0.6458367705;-0.316275239;1
1.982982872;1.923829436;0.6747759581;10.04985523;1.990976102;-0.28527385;-0.6519454122;-0.3211621642;1
1.985084695;1.995614052;0.6843472719;10.10728264;1.993077872;-0.2840521336;-0.6507236958;-0.3260490894;1
1.987186466;2.086541414;0.6891329288;10.18385315;1.995179695;-0.2803869247;-0.6446150541;-0.3297142684;1
1.989288289;2.115255117;0.6699903607;10.2221384;1.997281466;-0.2767217457;-0.6372846961;-0.3370446563;1
1.99139006;2.124826431;0.6317051649;10.26999474;1.999383237;-0.2693913579;-0.6226239204;-0.3443750143;1
1.993491831;2.120040894;0.5742774606;10.29870892;2.00148506;-0.2608392537;-0.6116283536;-0.3504836559;1
1.995593654;2.139183521;0.5264210105;10.3657074;2.003586883;-0.2522871494;-0.5981893539;-0.3578140438;1
1.997695424;2.153540373;0.4977070987;10.44706345;2.005688654;-0.235182941;-0.5871937871;-0.3651444316;1
1.999797195;2.196611166;0.4737788737;10.5475626;2.007790424;-0.2205221802;-0.5774199367;-0.3736965358;1
2.001899018;2.239681959;0.4737788737;10.68156052;2.009892195;-0.2021962404;-0.5688678026;-0.3834703565;1
2.004000841;2.277967215;0.4785645306;10.76291656;2.011994018;-0.1826485693;-0.5652026534;-0.3932442069;1
2.006102612;2.30189538;0.4737788737;10.88255692;2.014095789;-0.1606574357;-0.5603157282;-0.4030180275;1
2.008204383;2.287538528;0.4642075896;10.9304142;2.016197612;-0.1411097646;-0.5566505194;-0.4115701318;1
2.010306154;2.287538528;0.4402793646;10.94955635;2.018299383;-0.1215620935;-0.5505418777;-0.4189005196;1
2.012407977;2.282752752;0.4498506486;10.94955635;2.020401206;-0.1044578776;-0.5444332361;-0.4250091612;1
2.014509747;2.244467735;0.4354937077;10.91605663;2.022502977;-0.08857539296;-0.5322159529;-0.4311178327;1
2.01661157;2.196611166;0.4307080805;10.85384369;2.024604799;-0.07880155742;-0.5224421024;-0.4347830117;1
2.018713341;2.124826431;0.4211367965;10.79162979;2.02670657;-0.06291907281;-0.5138899684;-0.4384481907;1
2.020815164;2.06261301;0.4211367965;10.71027374;2.028808393;-0.05558869615;-0.505337894;-0.4408916533;1
2.022916935;2.033899307;0.4307080805;10.64327526;2.030910164;-0.04825831577;-0.4992292523;-0.4445568323;1
2.025018758;2.005185366;0.4498506486;10.5475626;2.033011935;-0.04092793912;-0.4918988645;-0.4506655037;1
2.027120529;2.01475668;0.4689932466;10.46620655;2.035113758;-0.03726275265;-0.4870119393;-0.4555523992;1
2.029222352;2.043470621;0.4881358147;10.38963604;2.037215529;-0.03481929377;-0.4845684767;-0.4604393244;1
2.031324122;2.033899307;0.5359922647;10.30827999;2.039317352;-0.03726275265;-0.4821250141;-0.466547966;1
2.033425893;2.06261301;0.5599204898;10.2221384;2.041419122;-0.03970621154;-0.4760163724;-0.4702131748;1
2.035527716;2.057827473;0.5742774606;10.14078236;2.043520893;-0.04214967042;-0.4735729098;-0.4751000702;1
2.037629487;2.053041935;0.5982056856;10.04028416;2.045622716;-0.04948004708;-0.4686860144;-0.4799869955;1
2.03973131;2.029113531;0.5838487148;9.982855797;2.047724487;-0.05681042373;-0.4637990892;-0.4836521745;1
2.041833081;1.9812572;0.5647061467;9.887143135;2.049826258;-0.06414080411;-0.4576904476;-0.4860956371;1
2.043934852;1.93340075;0.5694918036;9.796216011;2.051928081;-0.07391463965;-0.4540252388;-0.4885390997;1
2.046036674;1.875972986;0.5694918036;9.729216576;2.054029904;-0.08124501258;-0.4479165971;-0.4897608459;1
2.048138445;1.808973908;0.5694918036;9.676574707;2.056131674;-0.09101885557;-0.4393644929;-0.4885390997;1
2.050240216;1.756331801;0.5838487148;9.647860527;2.058233445;-0.09590577334;-0.4369210303;-0.4873173833;1
2.052342039;1.703689694;0.5838487148;9.619147301;2.060335268;-0.1032361463;-0.4369210303;-0.4860956371;1
2.054443862;1.641476393;0.6221339107;9.623932838;2.062437039;-0.108123064;-0.4332558513;-0.4824304581;1
2.056545633;1.59840548;0.6556333899;9.623932838;2.064538862;-0.111788258;-0.4308123887;-0.4763218164;1
2.058647404;1.560120344;0.6987041831;9.628718376;2.066640633;-0.1166751757;-0.4259254634;-0.4689914286;1
2.060749227;1.507478237;0.732203722;9.604789734;2.068742404;-0.1215620935;-0.4222602844;-0.462882787;1
2.062850997;1.445264935;0.7226324677;9.647860527;2.070844227;-0.1215620935;-0.4173733592;-0.4567741454;1
2.06495282;1.397408366;0.7274180651;9.671789169;2.072945997;-0.1240055487;-0.4149298966;-0.4470002949;1
2.067054591;1.354337573;0.7274180651;9.705288887;2.07504782;-0.1227838174;-0.4137081802;-0.4372264743;1
2.069156362;1.330409408;0.7274180651;9.7196455;2.077149591;-0.1252272725;-0.4149298966;-0.4250091612;1
2.071258185;1.287338614;0.756131947;9.753145218;2.079251414;-0.1264490038;-0.4149298966;-0.4152353406;1
2.073359956;1.239482164;0.7800601721;9.781859398;2.081353185;-0.1252272725;-0.412486434;-0.4030180275;1
2.075461779;1.191625714;0.7992027402;9.8201437;2.083454956;-0.1227838174;-0.4112647176;-0.3932442069;1
2.077563549;1.138983607;0.8087740541;9.834501266;2.085556779;-0.1252272725;-0.4100429714;-0.3798051775;1
2.079665372;1.081555843;0.8327022791;9.84885788;2.087658549;-0.1252272725;-0.4039343297;-0.3675878942;1
2.081767143;1.043270707;0.866201818;9.853643417;2.089760372;-0.1215620935;-0.4014908671;-0.3553705812;1
2.083868914;1.024128079;0.9044869542;9.868000984;2.091862143;-0.1203403622;-0.4027126133;-0.3407098353;1
2.085970737;0.9906286001;0.9188438654;9.868000984;2.093963914;-0.1178968996;-0.405156076;-0.3248273432;1
2.088072508;0.9188438654;0.9188438654;9.920642853;2.096065737;-0.1166751757;-0.4039343297;-0.3077231348;1
2.090174331;0.8518448472;0.9379864931;9.949356079;2.09816756;-0.1166751757;-0.4063777924;-0.2906189263;1
2.092276102;0.7417750359;0.9284151793;9.944570541;2.100269331;-0.1142317131;-0.4075995386;-0.2722929716;1
2.094377872;0.626919508;0.9332008362;9.920642853;2.102371102;-0.1130099818;-0.4112647176;-0.2551887631;1
2.096479695;0.5647061467;0.9475577474;9.934999466;2.104472872;-0.111788258;-0.4161516428;-0.2380845547;1
2.098581518;0.5359922647;0.9810572863;9.906285286;2.106574695;-0.1130099818;-0.4222602844;-0.2209803313;1
2.100683289;0.5264210105;1.014556766;9.911071777;2.108676466;-0.1142317131;-0.4222602844;-0.2026543915;1
2.10278506;0.5168496966;1.028913736;9.858428955;2.110778289;-0.1130099818;-0.424703747;-0.1843284518;1
2.104886831;0.5072783828;1.033699393;9.839286804;2.11288006;-0.1166751757;-0.424703747;-0.1672242284;1
2.106988654;0.4785645306;1.048056364;9.772287369;2.114981883;-0.1166751757;-0.4259254634;-0.1488982886;1
2.109090424;0.4546363056;1.024128079;9.7196455;2.117083654;-0.1191186309;-0.4295906425;-0.1330158114;1
2.111192247;0.4307080805;1.03848505;9.667003632;2.119185477;-0.1227838174;-0.4308123887;-0.1171333194;1
2.113294018;0.4402793646;1.019342422;9.652647018;2.121287247;-0.1264490038;-0.4320341051;-0.1049160287;1
2.115395841;0.4977070987;1.009771109;9.614361763;2.123389018;-0.1301141977;-0.4332558513;-0.09269873053;1
2.117497612;0.5503492355;1.009771109;9.552147865;2.125490841;-0.1337793916;-0.4356993139;-0.08170316368;1
2.119599435;0.6412764788;1.019342422;9.518648148;2.127592612;-0.138666302;-0.4344775677;-0.07315105945;1
2.121701206;0.7178468108;1.043270707;9.499505997;2.129694435;-0.1435532272;-0.4430296719;-0.06704241037;1
2.123802977;0.8039883971;1.019342422;9.432506561;2.131796206;-0.1484401375;-0.4466948807;-0.0609337613;1
2.125904799;0.9188438654;1.004985452;9.403793335;2.133898029;-0.1594357044;-0.4528035223;-0.05971203372;1
2.12800657;1.033699393;0.9284151793;9.422935486;2.135999799;-0.1655443609;-0.4503600597;-0.0609337613;1
2.130108393;1.115055323;0.866201818;9.370293617;2.13810157;-0.1765399277;-0.4430296719;-0.06337722391;1
2.132210164;1.196411371;0.8087740541;9.317651749;2.140203393;-0.1875354946;-0.4381427765;-0.06826414168;1
2.134311987;1.306481123;0.7465606928;9.255437851;2.142305164;-0.1960875988;-0.4344775677;-0.0743727833;1
2.136413758;1.411765337;0.6987041831;9.2362957;2.144406987;-0.2095266134;-0.4295906425;-0.08414662629;1
2.138515529;1.555334687;0.6317051649;9.245866776;2.146508758;-0.2205221802;-0.428368926;-0.09514218569;1
2.140617352;1.722832322;0.6029912829;9.30807972;2.148610581;-0.2266308367;-0.4320341051;-0.1110246703;1
2.142719122;1.842473388;0.5599204898;9.351150513;2.150712352;-0.2327394783;-0.4308123887;-0.1256854236;1
2.144820945;1.966900229;0.4977070987;9.41336441;2.152814174;-0.2376264036;-0.4271472096;-0.1440113783;1
2.146922716;2.072184324;0.4402793646;9.44207859;2.154915945;-0.2376264036;-0.424703747;-0.1647807807;1
2.149024539;2.172683001;0.3254238665;9.523433685;2.157017716;-0.231517747;-0.4185950756;-0.1879936308;1
2.15112631;2.258824587;0.2105683982;9.643074989;2.159119487;-0.2241873741;-0.412486434;-0.2099847645;1
2.153228133;2.330609322;0.1196411327;9.767501831;2.16122131;-0.2156352699;-0.405156076;-0.2331976295;1
2.155329904;2.354537487;0.04785645381;9.863214493;2.163323133;-0.2009745091;-0.3966039717;-0.2539670467;1
2.157431674;2.349751949;-0.02871387079;9.925428391;2.165424904;-0.1875354946;-0.3880518377;-0.2735147178;1
2.159533445;2.325823545;-0.06699903309;10.02592659;2.167526727;-0.1728747338;-0.3733910918;-0.2942841053;1
2.161635268;2.297109842;-0.09092725813;10.08814049;2.169628497;-0.1569922417;-0.358730346;-0.3113883138;1
2.163737091;2.210968018;-0.1100698411;10.18863869;2.171730268;-0.1411097646;-0.3477347791;-0.3248273432;1
2.165838862;2.115255117;-0.1244267747;10.19820976;2.173832091;-0.1264490038;-0.3355174661;-0.3382663727;1
2.167940685;2.019542217;-0.1196411327;10.21256733;2.175933862;-0.111788258;-0.3171915412;-0.3468184769;1
2.170042456;1.914258122;-0.08614161611;10.2221384;2.178035633;-0.102014415;-0.3013090491;-0.3529271185;1
2.172144227;1.808973908;-0.07178468257;10.15992451;2.180137456;-0.09346231073;-0.2866483033;-0.3565923274;1
2.174246049;1.674975872;-0.04307080805;10.10728264;2.182239227;-0.08735366166;-0.2646571696;-0.3590357602;1
2.17634782;1.540977836;-0.0143569354;9.982855797;2.184341049;-0.08246674389;-0.2414443046;-0.3578140438;1
2.178449591;1.397408366;-0.02871387079;9.868000984;2.18644282;-0.08002328873;-0.2170097083;-0.3553705812;1
2.180551414;1.272981644;0.0;9.762716293;2.188544643;-0.07880155742;-0.1925751269;-0.3517054021;1
2.182653185;1.158126116;0.009571290575;9.671789169;2.190646414;-0.07757982612;-0.1669187993;-0.3492619395;1
2.184755008;1.03848505;0.02871387079;9.57129097;2.192748185;-0.07880155742;-0.1449276656;-0.3419315517;1
2.186856779;0.94277215;0.03349951655;9.51386261;2.194850008;-0.08124501258;-0.1229365394;-0.3346011937;1
2.188958602;0.8709874153;0.04307080805;9.466006279;2.196951779;-0.08368847519;-0.1033888608;-0.3272708058;1
2.191060372;0.7752745152;0.06699903309;9.446864128;2.199053549;-0.08613193035;-0.08872810751;-0.3174969554;1
2.193162143;0.708275497;0.08135596663;9.44207859;2.201155372;-0.08857539296;-0.07162389904;-0.3089448512;1
2.195263966;0.6939185858;0.09092725813;9.485149384;2.203257195;-0.08857539296;-0.05696314201;-0.3028362095;1
2.197365737;0.6364908218;0.09571290761;9.54257679;2.205358966;-0.09101885557;-0.04718930274;-0.2967275679;1
2.199467508;0.5982056856;0.08135596663;9.576076508;2.207460737;-0.09224057943;-0.04108065739;-0.2930623889;1
2.201569331;0.5982056856;0.09571290761;9.590433121;2.209562508;-0.09468404204;-0.0374154672;-0.2893971801;1
2.203671154;0.6364908218;0.09092725813;9.604789734;2.211664331;-0.09590577334;-0.03375028074;-0.2893971801;1
2.205772924;0.6843472719;0.08614161611;9.628718376;2.213766154;-0.0971274972;-0.03252854943;-0.2893971801;1
2.207874695;0.7130611539;0.04785645381;9.676574707;2.215867924;-0.1007926911;-0.03008509055;-0.2930623889;1
2.209976466;0.756131947;0.01914258115;9.643074989;2.217969695;-0.1044578776;-0.02641990222;-0.2979492843;1
2.212078289;0.7944171429;-0.0239282269;9.681360245;2.220071518;-0.1093447953;-0.02397644334;-0.3040579557;1
2.214180112;0.8327022791;-0.0765703246;9.695717812;2.222173289;-0.111788258;-0.0190895237;-0.31261006;1
2.216281883;0.8709874153;-0.1148554832;9.724431038;2.224275112;-0.1166751757;-0.01420260593;-0.319940418;1
2.218383654;0.8949156404;-0.1531406492;9.757930756;2.226376883;-0.1191186309;-0.01053741761;-0.3297142684;1
2.220485477;0.8997012973;-0.2105683982;9.810572624;2.228478706;-0.1203403622;-0.006872228812;-0.3431532979;1
2.222587247;0.9188438654;-0.2727817893;9.863214493;2.230580477;-0.1215620935;-0.009315688163;-0.3565923274;1
2.22468907;0.94277215;-0.3302095234;9.95414257;2.232682247;-0.1191186309;-0.01175914705;-0.3724747896;1
2.226790841;0.9619147182;-0.3732803464;10.03549862;2.23478407;-0.1154534444;-0.02397644334;-0.3908007443;1
2.228892664;0.9858429432;-0.4163511395;10.15035343;2.236885841;-0.1105665267;-0.03497200832;-0.4103484154;1
2.230994435;1.024128079;-0.4402793646;10.24128056;2.238987664;-0.102014415;-0.05329795182;-0.4323395491;1
2.233096206;1.03848505;-0.4737788737;10.32742214;2.241089435;-0.09590577334;-0.07162389904;-0.4555523992;1
2.235198029;1.03848505;-0.5120640397;10.39920712;2.243191258;-0.08857539296;-0.09483675659;-0.4787652791;1
2.237299799;1.004985452;-0.5503492355;10.47099209;2.245293029;-0.08002328873;-0.115606159;-0.501978159;1
2.239401622;1.009771109;-0.5694918036;10.48056316;2.247394799;-0.07269290835;-0.1339320987;-0.5264127254;1
2.241503393;0.9906286001;-0.6125625968;10.52841949;2.249496622;-0.06780599058;-0.1461493969;-0.5484038591;1
2.243605216;0.9188438654;-0.6460621357;10.53799057;2.251598393;-0.06291907281;-0.162031889;-0.5703949928;1
2.245706987;0.8422735929;-0.6556333899;10.49013424;2.253700216;-0.05925388262;-0.1754709035;-0.5899426341;1
2.247808758;0.7752745152;-0.6412764788;10.43270683;2.255801987;-0.05436696485;-0.1852447391;-0.609490335;1
2.249910581;0.6939185858;-0.6317051649;10.38963604;2.25790381;-0.04825831577;-0.1937968582;-0.6253728271;1
2.252012352;0.6221339107;-0.626919508;10.3657074;2.260005581;-0.04214967042;-0.2023489624;-0.6400335431;1
2.254114174;0.5503492355;-0.5790630579;10.33699417;2.262107352;-0.03970621154;-0.2060141414;-0.652250886;1
2.256215945;0.4402793646;-0.5551348329;10.33699417;2.264209174;-0.03481929377;-0.212122798;-0.6620246768;1
2.258317768;0.3349951804;-0.5120640397;10.27956581;2.266310945;-0.03237583488;-0.212122798;-0.6705768108;1
2.260419539;0.2249253243;-0.4833501875;10.21735287;2.268412768;-0.02871064469;-0.212122798;-0.6766854525;1
2.26252131;0.1052841991;-0.4546363056;10.164711;2.270514539;-0.02871064469;-0.212122798;-0.6791289449;1
2.264623133;-0.03349951655;-0.3972085714;10.07856941;2.27261631;-0.02748891525;-0.2096793354;-0.6827940941;1
2.266724904;-0.1627119333;-0.3684946895;10.02592659;2.274718133;-0.02504545636;-0.2023489624;-0.6852375865;1
2.268826727;-0.2584248483;-0.3110669553;9.944570541;2.276819904;-0.02260199748;-0.1962403059;-0.6815723777;1
2.270928497;-0.3876372576;-0.2632105052;9.901499748;2.278921674;-0.02138026804;-0.1913533956;-0.6779071689;1
2.273030268;-0.5024927258;-0.2105683982;9.863214493;2.281023497;-0.01771507785;-0.1852447391;-0.6742420197;1
2.275132091;-0.6125625968;-0.1674975902;9.801001549;2.28312532;-0.01527161989;-0.1828012913;-0.668133378;1
2.277233862;-0.7178468108;-0.1292124242;9.762716293;2.285227091;-0.01282816008;-0.18157956;-0.659581244;1
2.279335633;-0.8183453679;-0.09092725813;9.714859962;2.287328862;-0.01160643063;-0.1766926348;-0.65102911;1
2.281437456;-0.9044869542;-0.04785645381;9.667003632;2.289430685;-0.00916297175;-0.1754709035;-0.6436987519;1
2.283539279;-0.9906286001;-0.02871387079;9.628718376;2.291532456;-0.006719512399;-0.1693622619;-0.6327031851;1
2.285641049;-1.062413216;0.0239282269;9.566504478;2.293634227;-0.006719512399;-0.165697068;-0.6253728271;1
2.28774282;-1.13419795;0.04785645381;9.509077072;2.295736049;-0.004276053514;-0.1608101577;-0.6155989766;1
2.289844643;-1.172483087;0.08614161611;9.437292099;2.29783782;-0.004276053514;-0.1595884264;-0.6070469022;1
2.291946414;-1.201196909;0.1004985496;9.389435768;2.299939643;-0.007941242307;-0.1571449637;-0.5984947681;1
2.294048185;-1.201196909;0.1196411327;9.322437286;2.302041414;-0.01282816008;-0.1559232324;-0.5899426341;1
2.296150008;-1.210768223;0.1483550072;9.269794464;2.304143237;-0.01771507785;-0.1534797698;-0.5826122761;1
2.298251779;-1.210768223;0.1627119333;9.217152596;2.306245008;-0.02504545636;-0.1547015011;-0.575281918;1
2.300353602;-1.239482164;0.1770688742;9.154939651;2.308346831;-0.03604102135;-0.1547015011;-0.5679515004;1
2.302455372;-1.249053478;0.1483550072;9.111868858;2.310448602;-0.04581485689;-0.1559232324;-0.5618428588;1
2.304557195;-1.268195987;0.1435693651;9.078369141;2.312550372;-0.05681042373;-0.1571449637;-0.5569559336;1
2.306658966;-1.301695466;0.1196411327;9.049654961;2.314652195;-0.06658425927;-0.1595884264;-0.5532907844;1
2.308760789;-1.296909928;0.1196411327;9.006584167;2.316753966;-0.07635809481;-0.1571449637;-0.5484038591;1
2.31086256;-1.287338614;0.1100698411;8.997013092;2.318855789;-0.08613193035;-0.1571449637;-0.5447386503;1
2.312964331;-1.306481123;0.1244267747;9.00179863;2.32095756;-0.09590577334;-0.1559232324;-0.5398517251;1
2.315066154;-1.296909928;0.1100698411;9.011369705;2.323059383;-0.1044578776;-0.1498145908;-0.5374082923;1
2.317167924;-1.287338614;0.1292124242;9.049654961;2.325161154;-0.108123064;-0.1461493969;-0.5349648595;1
2.319269747;-1.277767301;0.1435693651;9.078369141;2.327262924;-0.1105665267;-0.142484203;-0.5325213671;1
2.321371518;-1.268195987;0.1435693651;9.17886734;2.329364747;-0.1142317131;-0.1400407553;-0.5325213671;1
2.323473341;-1.258624673;0.1579262912;9.245866776;2.331466518;-0.111788258;-0.1400407553;-0.5300779343;1
2.325575112;-1.258624673;0.1579262912;9.332008362;2.333568341;-0.1093447953;-0.1412624866;-0.5276344419;1
2.327676883;-1.277767301;0.1387837082;9.456435204;2.335670112;-0.1032361463;-0.1437059343;-0.5276344419;1
2.329778706;-1.296909928;0.1387837082;9.54257679;2.337771935;-0.0983492285;-0.1485928595;-0.525191009;1
2.331880477;-1.31126678;0.1387837082;9.633503914;2.339873706;-0.08979712427;-0.1559232324;-0.525191009;1
2.333982299;-1.306481123;0.1387837082;9.7196455;2.341975477;-0.08246674389;-0.162031889;-0.5239692926;1
2.33608407;-1.306481123;0.1244267747;9.791430473;2.344077299;-0.07269290835;-0.1681405306;-0.525191009;1
2.338185893;-1.282552958;0.1148554832;9.844072342;2.34617907;-0.06291907281;-0.1718057245;-0.5276344419;1
2.340287664;-1.282552958;0.09092725813;9.872786522;2.348280893;-0.05314523727;-0.1779143661;-0.5276344419;1
2.342389435;-1.26341033;0.08135596663;9.896714211;2.350382664;-0.043371398;-0.18157956;-0.5288561583;1
2.344491258;-1.258624673;0.05742774159;9.906285286;2.352484487;-0.03481929377;-0.1852447391;-0.5312996507;1
2.346593029;-1.287338614;0.06221338734;9.887143135;2.354586258;-0.02748891525;-0.1828012913;-0.5312996507;1
2.348694852;-1.287338614;0.06699903309;9.834501266;2.356688029;-0.02260199748;-0.1791360974;-0.5312996507;1
2.350796622;-1.277767301;0.08614161611;9.796216011;2.358789852;-0.01893680729;-0.1730274558;-0.5337430835;1
2.352898445;-1.306481123;0.1148554832;9.724431038;2.360891622;-0.0164933484;-0.1693622619;-0.5349648595;1
2.355000216;-1.325623751;0.1435693651;9.628718376;2.362993445;-0.01527161989;-0.1608101577;-0.5337430835;1
2.357101987;-1.363908887;0.1866401732;9.561718941;2.365095216;-0.01893680729;-0.1547015011;-0.5300779343;1
2.35920381;-1.392622828;0.2153540403;9.470791817;2.367196987;-0.01893680729;-0.1449276656;-0.5264127254;1
2.361305581;-1.430907965;0.2440679073;9.360722542;2.36929881;-0.02260199748;-0.1351538301;-0.5215258002;1
2.363407404;-1.488335729;0.2679961324;9.279366493;2.371400581;-0.02993237413;-0.1229365394;-0.5129737258;1
2.365509174;-1.564906001;0.3062812984;9.174081802;2.373502404;-0.03481929377;-0.1107192412;-0.5056433082;1
2.367610945;-1.631905079;0.3493520916;9.135796547;2.375604174;-0.03970621154;-0.102167137;-0.4970912039;1
2.369712768;-1.708475351;0.3972085714;9.068798065;2.377705997;-0.043371398;-0.08994983882;-0.4836521745;1
2.371814539;-1.785045743;0.4594219327;9.016156197;2.379807716;-0.04703658819;-0.07651081681;-0.4726566374;1
2.373916362;-1.852044702;0.5024927258;8.992227554;2.381909539;-0.05192350596;-0.06551524997;-0.4616610706;1
2.376018133;-1.914258122;0.5599204898;8.963513374;2.384011362;-0.05681042373;-0.05207622424;-0.4494437575;1
2.378119956;-1.957328916;0.5838487148;8.958727837;2.386113133;-0.05803215504;-0.04108065739;-0.4396699369;1
2.380221674;-1.9812572;0.6173482537;8.982656479;2.388214956;-0.05803215504;-0.03008509055;-0.4274526238;1
2.382323497;-2.009970903;0.6317051649;9.00179863;2.390316727;-0.05681042373;-0.01542433538;-0.4152353406;1
2.38442532;-2.029113531;0.6556333899;9.040083885;2.392418497;-0.05803215504;-0.001985310577;-0.4042397738;1
2.386527091;-2.06261301;0.6939185858;9.05922699;2.39452032;-0.05558869615;0.009010255337;-0.3920224607;1
2.388628914;-2.081755638;0.70348984;9.092725754;2.396622091;-0.05314523727;0.02000582218;-0.3810268939;1
2.390730685;-2.120040894;0.7130611539;9.107083321;2.398723914;-0.05314523727;0.03100138716;-0.3688096106;1
2.392832456;-2.153540373;0.7274180651;9.140582085;2.400825685;-0.05192350596;0.04321868345;-0.3565923274;1
2.394934279;-2.163111687;0.70348984;9.17886734;2.402927508;-0.04581485689;0.0542142503;-0.3468184769;1
2.397036049;-2.172683001;0.6843472719;9.202795982;2.405029279;-0.04092793912;0.06887500733;-0.3370446563;1
2.399137872;-2.172683001;0.6987041831;9.241081238;2.407131049;-0.03848448023;0.08353576064;-0.3260490894;1
2.401239643;-2.158325911;0.6699903607;9.284152031;2.409232872;-0.03359756246;0.1018617004;-0.3174969554;1
2.403341466;-2.139183521;0.6460621357;9.317651749;2.411334695;-0.02871064469;0.1214093715;-0.3101665974;1
2.405443237;-2.091326952;0.6317051649;9.355937004;2.413436466;-0.02138026804;0.1397353113;-0.3028362095;1
2.407545008;-2.057827473;0.626919508;9.370293617;2.415538237;-0.01527161989;0.1641699076;-0.2967275679;1
2.409646831;-2.005185366;0.6125625968;9.41336441;2.41764006;-0.007941242307;0.1861610413;-0.2918406427;1
2.411748654;-1.962114573;0.5934200287;9.446864128;2.419741831;-0.001832594397;0.204486981;-0.2893971801;1
2.413850424;-1.923829436;0.5551348329;9.504291534;2.421843654;0.007941242307;0.2203694731;-0.2881754637;1
2.415952195;-1.919043779;0.5312066078;9.580862045;2.423945424;0.0164933484;0.235030219;-0.2857320011;1
2.418054018;-1.909472466;0.5312066078;9.623932838;2.426047195;0.02504545636;0.2521344423;-0.2845102847;1
2.420155789;-1.890329838;0.4977070987;9.695717812;2.428149018;0.03604102135;0.2631300092;-0.2857320011;1
2.422257612;-1.909472466;0.4689932466;9.767501831;2.430250789;0.04459312931;0.2692386508;-0.2869537175;1
2.424359383;-1.904686809;0.4498506486;9.868000984;2.432352612;0.05436696485;0.274125576;-0.2869537175;1
2.426461154;-1.914258122;0.4354937077;9.944570541;2.434454383;0.06536252797;0.2704603672;-0.2906189263;1
2.428562977;-1.962114573;0.4259224236;10.04506969;2.436556206;0.07635809481;0.2631300092;-0.2906189263;1
2.430664747;-2.01475668;0.4019941986;10.13121128;2.438657977;0.08857539296;0.2509126961;-0.2918406427;1
2.43276657;-2.0769701;0.3924229145;10.2221384;2.440759747;0.09957095981;0.2289215773;-0.2942841053;1
2.434868341;-2.143969059;0.4067798555;10.26042366;2.44286157;0.1105665267;0.2093739063;-0.2979492843;1
2.436970164;-2.230110645;0.3780659735;10.30349445;2.444963341;0.1215620935;0.18493931;-0.2991710305;1
2.439071935;-2.287538528;0.3876372576;10.30827999;2.447065164;0.1288924664;0.1641699076;-0.3003927469;1
2.441173706;-2.368894339;0.3828516304;10.30827999;2.449166935;0.1337793916;0.1397353113;-0.2991710305;1
2.443275529;-2.459821701;0.3828516304;10.2652092;2.451268706;0.1374445707;0.1165224537;-0.2991710305;1
2.445377299;-2.517249346;0.3924229145;10.164711;2.453370529;0.1374445707;0.08964440972;-0.2991710305;1
2.447479122;-2.603390932;0.4211367965;10.09292603;2.455472299;0.1362228394;0.07131846249;-0.2979492843;1
2.449580893;-2.679961443;0.4642075896;10.01635551;2.457574122;0.135001123;0.0542142503;-0.2955058515;1
2.451682664;-2.742174864;0.4833501875;9.891928673;2.459675893;0.1301141977;0.03833176568;-0.2918406427;1
2.453784487;-2.809173822;0.4689932466;9.757930756;2.461777716;0.1240055487;0.02367101051;-0.2881754637;1
2.455886258;-2.866601467;0.4737788737;9.619147301;2.463879487;0.1154534444;0.01145371422;-0.2808450758;1
2.457988081;-2.947957516;0.4881358147;9.494720459;2.465981258;0.1044578776;0.0016798781;-0.2722929716;1
2.460089852;-3.024527788;0.5216353536;9.355937004;2.468083081;0.09101885557;-0.00565049937;-0.2600756884;1
2.462191674;-3.086741209;0.5694918036;9.245866776;2.470184852;0.07880155742;-0.009315688163;-0.2478583902;1
2.464293445;-3.187239647;0.5934200287;9.145368576;2.472286674;0.06291907281;-0.01298087649;-0.2344193608;1
2.466395216;-3.268595695;0.6173482537;9.044869423;2.474388445;0.04948004708;-0.01420260593;-0.2209803313;1
2.468497039;-3.345165968;0.6412764788;8.982656479;2.476490216;0.03726275265;-0.01298087649;-0.2087630332;1
2.47059881;-3.407379389;0.6747759581;8.963513374;2.478592039;0.02626718581;-0.01420260593;-0.1953240186;1
2.472700633;-3.421736479;0.6843472719;8.992227554;2.480693862;0.0164933484;-0.01542433538;-0.1818849891;1
2.474802404;-3.43609333;0.70348984;9.011369705;2.482795633;0.01282816008;-0.01542433538;-0.1684459597;1
2.476904174;-3.421736479;0.6987041831;9.083154678;2.484897404;0.007941242307;-0.02031125315;-0.1550069451;1
2.479005997;-3.407379389;0.6987041831;9.164510727;2.486999227;0.004276053514;-0.02275471389;-0.142789647;1
2.48110782;-3.383451223;0.7130611539;9.245866776;2.489100997;0.005497782957;-0.02153298259;-0.1305723488;1
2.483209591;-3.364308596;0.70348984;9.312865257;2.491202768;0.007941242307;-0.02031125315;-0.119576782;1
2.485311362;-3.330809116;0.6939185858;9.408578873;2.493304591;0.01282816008;-0.01664606482;-0.1098029464;1
2.487413185;-3.306880951;0.679561615;9.485149384;2.495406362;0.02015853859;-0.01175914705;-0.1012508348;1
2.489514956;-3.278167009;0.6747759581;9.547362328;2.497508185;0.03115410358;-0.003207040019;-0.09514218569;1
2.491616727;-3.239881754;0.6556333899;9.628718376;2.499609956;0.04214967042;0.005345067009;-0.08414662629;1
2.493718549;-3.201596737;0.6317051649;9.705288887;2.501711779;0.05436696485;0.01389717404;-0.07681624591;1
2.49582032;-3.163311481;0.6173482537;9.734002113;2.503813549;0.06536252797;0.02611446939;-0.07192932814;1
2.497922143;-3.129812002;0.5886343718;9.753145218;2.50591532;0.07635809481;0.03955349326;-0.06459894776;1
2.500023914;-3.101098061;0.5790630579;9.767501831;2.508017143;0.08735366166;0.05299251899;-0.05726857483;1
2.502125737;-3.096312523;0.5742774606;9.762716293;2.510118914;0.1007926911;0.06765327603;-0.05115992576;1
2.504227508;-3.081955671;0.5790630579;9.757930756;2.512220737;0.111788258;0.0847574845;-0.0426078178;1
2.506329279;-3.058027267;0.5742774606;9.724431038;2.514322508;0.1203403622;0.104305163;-0.03405570984;1
2.508431102;-3.034099102;0.5694918036;9.7196455;2.516424331;0.1264490038;0.1201876476;-0.02794706449;1
2.510532872;-3.024527788;0.5742774606;9.695717812;2.518526102;0.1362228394;0.1372918636;-0.02183841541;1
2.512634695;-3.014956474;0.5886343718;9.643074989;2.520627872;0.1435532272;0.1531743407;-0.01450803876;1
2.514736466;-3.000599623;0.5982056856;9.619147301;2.522729695;0.1484401375;0.1666133702;-0.0108428495;1
2.516838289;-2.962314367;0.5886343718;9.580862045;2.524831466;0.1508836001;0.1788306683;-0.00351247238;1
2.51894006;-2.952743053;0.6125625968;9.585647583;2.526933289;0.1557705253;0.1922696829;0.002596175298;1
2.521041831;-2.971885681;0.626919508;9.504291534;2.52903506;0.154548794;0.2032652497;0.008704823442;1
2.523143654;-2.991028309;0.6747759581;9.461220741;2.531136883;0.1533270627;0.2130390853;0.01725693047;1
2.525245424;-3.034099102;0.7130611539;9.408578873;2.533238654;0.1533270627;0.2191477418;0.02703076601;1
2.527347247;-3.101098061;0.7513462901;9.355937004;2.535340424;0.1508836001;0.2252563834;0.03558287397;1
2.529449018;-3.172882795;0.7800601721;9.298508644;2.537442247;0.1496618688;0.2289215773;0.0478001684;1
2.531550841;-3.220739365;0.7992027402;9.279366493;2.539544018;0.1459966749;0.2313650399;0.05757400393;1
2.533652612;-3.249453068;0.813559711;9.269794464;2.541645841;0.1411097646;0.2325867712;0.06734783947;1
2.535754383;-3.282952785;0.8279166222;9.2362957;2.543747612;0.1374445707;0.2325867712;0.07589995116;1
2.537856206;-3.302095175;0.8566305041;9.202795982;2.545849435;0.1325576603;0.2362519503;0.0856737867;1
2.539957977;-3.306880951;0.890130043;9.183652878;2.547951206;0.1276707351;0.2338084877;0.09300415963;1
2.542059799;-3.282952785;0.9140582681;9.131011009;2.550052977;0.1215620935;0.2338084877;0.10033454;1
2.54416157;-3.273381472;0.9284151793;9.087940216;2.552154799;0.1154534444;0.2386954129;0.1076649204;1
2.546263393;-3.249453068;0.9523434043;9.035298347;2.55425657;0.1093447953;0.2386954129;0.1149952933;1
2.548365164;-3.211168051;0.9571290612;8.982656479;2.556358341;0.1044578776;0.2435823381;0.1198822111;1
2.550466935;-3.192025423;0.9571290612;8.944371223;2.558460164;0.0971274972;0.2521344423;0.1259908676;1
2.552568758;-3.158525944;0.9332008362;8.896514893;2.560561987;0.09224057943;0.2606865466;0.1320995092;1
2.554670529;-3.134597778;0.9140582681;8.896514893;2.562663758;0.08857539296;0.2680169344;0.1369864196;1
2.556772299;-3.144168854;0.9140582681;8.858229637;2.564765529;0.08857539296;0.277790755;0.1430950761;1
2.558874122;-3.134597778;0.9284151793;8.867800713;2.566867352;0.08613193035;0.2863428593;0.1492037177;1
2.560975945;-3.139383316;0.9332008362;8.906085968;2.568969122;0.08613193035;0.2973384261;0.1565341055;1
2.563077716;-3.134597778;0.9379864931;8.949156761;2.571070893;0.08857539296;0.3095557392;0.1650862098;1
2.565179487;-3.120240688;0.9523434043;8.977870941;2.573172716;0.09101885557;0.3217730224;0.1748600453;1
2.56728131;-3.134597778;0.9810572863;9.011369705;2.575274487;0.09468404204;0.3327685893;0.1834121495;1
2.569383081;-3.14895463;1.000199914;9.054440498;2.57737631;0.09957095981;0.3462076187;0.1931859851;1
2.571484852;-3.163311481;1.033699393;9.068798065;2.579478081;0.1044578776;0.3608683646;0.1992946416;1
2.573586674;-3.139383316;1.03848505;9.111868858;2.581579904;0.1142317131;0.3804160357;0.2066250145;1
2.575688445;-3.091526747;1.009771109;9.169296265;2.583681674;0.1252272725;0.3950767815;0.2163988501;1
2.577790268;-3.072384357;1.019342422;9.221938133;2.585783497;0.135001123;0.4109592736;0.2249509543;1
2.579892039;-3.058027267;1.024128079;9.260223389;2.587885268;0.1435532272;0.424398303;0.2347247899;1
2.581993862;-3.05324173;1.043270707;9.317651749;2.589987039;0.1557705253;0.4329504073;0.2444986254;1
2.584095633;-3.067598581;1.052842021;9.355937004;2.592088862;0.1655443609;0.4390590489;0.2554942071;1
2.586197456;-3.096312523;1.067198873;9.394221306;2.594190633;0.1728747338;0.4476111531;0.266489774;1
2.588299227;-3.115455151;1.03848505;9.355937004;2.596292456;0.1802051067;0.4537198246;0.2762635946;1
2.590400997;-3.144168854;1.028913736;9.332008362;2.598394227;0.188757211;0.4561632872;0.2872591615;1
2.59250282;-3.163311481;1.004985452;9.327222824;2.600495997;0.1924224049;0.454941541;0.2982547283;1
2.594604591;-3.163311481;0.9858429432;9.265008926;2.60259782;0.1924224049;0.4488328993;0.3068068326;1
2.596706414;-3.177668571;1.000199914;9.274580956;2.604699591;0.1936441362;0.4390590489;0.3190241456;1
2.598808185;-3.192025423;1.028913736;9.231510162;2.606801414;0.1924224049;0.4292852283;0.3275762498;1
2.600909956;-3.172882795;1.014556766;9.226723671;2.608903185;0.188757211;0.4256200492;0.3361283541;1
2.603011779;-3.153740168;1.014556766;9.212367058;2.611005008;0.185092032;0.424398303;0.3459021747;1
2.605113549;-3.120240688;0.9762716293;9.169296265;2.613106779;0.1777616441;0.4195113778;0.3568977416;1
2.607215372;-3.110669374;0.9571290612;9.087940216;2.615208602;0.1740964651;0.4182896614;0.370336771;1
2.609317143;-3.110669374;0.9762716293;9.078369141;2.617310372;0.1704312712;0.4170679152;0.3813323379;1
2.611418966;-3.091526747;1.028913736;9.087940216;2.619412143;0.1606574357;0.4072940946;0.3911061883;1
2.613520737;-3.034099102;1.095912814;9.087940216;2.621513966;0.154548794;0.3987419903;0.4008800089;1
2.61562256;-2.94317174;1.162911773;9.044869423;2.623615737;0.1508836001;0.3938550651;0.4082103968;1
2.617724331;-2.857030153;1.143769264;9.049654961;2.625717508;0.1435532272;0.3938550651;0.4143190384;1
2.619826102;-2.73260355;1.095912814;9.064012527;2.627819331;0.135001123;0.3938550651;0.4216494262;1
2.621927924;-2.608176708;1.062413216;9.049654961;2.629921154;0.1252272725;0.4011854529;0.4302015305;1
2.624029695;-2.565105915;1.081555843;8.958727837;2.632022924;0.1142317131;0.4121810198;0.4387536347;1
2.626131466;-2.522035122;1.062413216;8.896514893;2.634124695;0.09957095981;0.420733124;0.4473057389;1
2.628233289;-2.512463808;1.043270707;8.810373306;2.636226518;0.09224057943;0.4317286909;0.4546361268;1
2.630335112;-2.49332118;0.9906286001;8.748159409;2.638328289;0.08124501258;0.4439459741;0.4644099474;1
2.632436883;-2.478964329;0.9475577474;8.786444664;2.640430112;0.07269290835;0.45860672;0.4754055142;1
2.634538654;-2.416750908;0.9523434043;8.858229637;2.642531883;0.06047561392;0.4757109582;0.4876227975;1
2.636640477;-2.378465652;0.9667003751;8.853444099;2.644633706;0.043371398;0.4952586293;0.5022835732;1
2.638742247;-2.383251429;0.9906286001;8.805587769;2.646735477;0.03115410358;0.5135845542;0.5169443488;1
2.64084407;-2.402393818;0.9954141974;8.810373306;2.648837247;0.02015853859;0.5306887627;0.5340485573;1
2.642945841;-2.474178553;0.9762716293;8.824729919;2.65093907;0.01160643063;0.5502364635;0.5499309897;1
2.645047664;-2.512463808;0.9667003751;8.891729355;2.653040841;0.004276053514;0.5661189556;0.5621483326;1
2.647149435;-2.498106956;0.9379864931;8.992227554;2.655142664;-0.001832594397;0.5807796717;0.5755873322;1
2.649251206;-2.440679073;0.8997012973;9.116654396;2.657244435;-0.004276053514;0.5942187309;0.5878046155;1
2.651353029;-2.354537487;0.8853443861;9.212367058;2.659346258;-0.01282816008;0.6039925218;0.6000219584;1
2.653454799;-2.254039049;0.8997012973;9.288937569;2.661448029;-0.01527161989;0.608879447;0.6097957492;1
2.655556622;-2.182254314;0.8757730722;9.341579437;2.663549799;-0.01771507785;0.6113229394;0.6195695996;1
2.657658393;-2.124826431;0.866201818;9.403793335;2.665651622;-0.02138026804;0.6113229394;0.6293434501;1
2.659760216;-2.086541414;0.8231309652;9.446864128;2.667753393;-0.02626718581;0.6113229394;0.6378955245;1
2.661861987;-2.057827473;0.7704889178;9.499505997;2.669855164;-0.03115410358;0.6125446558;0.6440041661;1
2.663963758;-2.01475668;0.732203722;9.499505997;2.671956987;-0.03604102135;0.6113229394;0.6501128674;1
2.666065581;-1.952543259;0.679561615;9.504291534;2.67405881;-0.043371398;0.6125446558;0.6525563002;1
2.668167352;-1.875972986;0.6173482537;9.489934921;2.676160581;-0.05070177838;0.6149880886;0.6537780166;1
2.670269122;-1.785045743;0.5790630579;9.518648148;2.678262352;-0.05681042373;0.608879447;0.6513345838;1
2.672370945;-1.679761529;0.5407779217;9.518648148;2.680364174;-0.06047561392;0.6052142978;0.6464476585;1
2.674472768;-1.545763373;0.4929214716;9.51386261;2.682465945;-0.06291907281;0.601549089;0.6391173005;1
2.676574539;-1.416550994;0.3589234054;9.552147865;2.684567768;-0.06414080411;0.6003273726;0.6305651665;1
2.67867631;-1.272981644;0.2871387303;9.585647583;2.686669539;-0.06902772188;0.5991056561;0.6244565248;1
2.680778133;-1.16769743;0.2536391914;9.662218094;2.688771362;-0.07269290835;0.5954404473;0.6171261668;1
2.682879904;-1.076770186;0.2871387303;9.700503349;2.690873133;-0.07635809481;0.5881100893;0.6146826744;1
2.684981727;-1.024128079;0.3541377485;9.738788605;2.692974904;-0.08002328873;0.5783362389;0.6122392416;1
2.687083497;-1.014556766;0.3780659735;9.786644936;2.695076674;-0.08124501258;0.5624537468;0.6085740328;1
2.68918532;-1.014556766;0.3924229145;9.839286804;2.697178497;-0.08124501258;0.5490147471;0.6073523164;1
2.691287091;-1.033699393;0.3589234054;9.901499748;2.699280268;-0.08246674389;0.5367974043;0.6061306;1
2.693388862;-1.057627559;0.3397808075;10.00678444;2.701382091;-0.08124501258;0.5270236135;0.6073523164;1
2.695490633;-1.0863415;0.2967100143;10.05942631;2.703483862;-0.07880155742;0.5221366882;0.6097957492;1
2.697592456;-1.124626637;0.2823530734;10.05942631;2.705585685;-0.07635809481;0.5148062706;0.6122392416;1
2.699694227;-1.191625714;0.2727817893;10.03549862;2.707687456;-0.07269290835;0.5099193454;0.6171261668;1
2.701796049;-1.272981644;0.2871387303;10.05942631;2.709789227;-0.07024945319;0.5074759126;0.6220130324;1
2.70389782;-1.325623751;0.3254238665;10.13121128;2.711891049;-0.06536252797;0.5025889874;0.6293434501;1
2.705999643;-1.397408366;0.3541377485;10.10728264;2.713992872;-0.05925388262;0.5013672709;0.6391173005;1
2.708101414;-1.45483613;0.3780659735;10.12164021;2.716094643;-0.05436696485;0.5025889874;0.6513345838;1
2.710203185;-1.517049551;0.3732803464;10.15992451;2.718196414;-0.04703658819;0.5074759126;0.6647735834;1
2.712305008;-1.588834286;0.3493520916;10.164711;2.720298237;-0.03970621154;0.5160280466;0.6818777919;1
2.714406831;-1.679761529;0.3876372576;10.17906761;2.722400008;-0.02993237413;0.5209149122;0.6989820004;1
2.716508602;-1.761117458;0.4067798555;10.2029953;2.724501831;-0.02382372692;0.5306887627;0.7160862088;1
2.718610372;-1.818545222;0.4402793646;10.19820976;2.726603602;-0.01527161989;0.5380191803;0.7331904769;1
2.720712195;-1.818545222;0.4259224236;10.18863869;2.728705372;-0.001832594397;0.5465712547;0.747851193;1
2.722813966;-1.770688772;0.3924229145;10.21735287;2.730807195;0.01038470119;0.5575668216;0.7625119686;1
2.724915789;-1.684547186;0.3206382394;10.24128056;2.732908966;0.02015853859;0.5648971796;0.7747292519;1
2.72701756;-1.612762451;0.2967100143;10.29392338;2.735010789;0.03237583488;0.567340672;0.7869465351;1
2.729119331;-1.517049551;0.3302095234;10.29392338;2.73711256;0.03970621154;0.567340672;0.7991638184;1
2.731221154;-1.435693622;0.3589234054;10.2652092;2.739214331;0.04703658819;0.567340672;0.8089376688;1
2.733322924;-1.344766378;0.3493520916;10.2652092;2.741316154;0.05070177838;0.5697841048;0.8199332356;1
2.735424747;-1.277767301;0.3302095234;10.19342422;2.743417924;0.05436696485;0.57467103;0.8284853697;1
2.737526518;-1.196411371;0.3014956415;10.13121128;2.745519747;0.05436696485;0.5758927464;0.8370374441;1
2.739628289;-1.129412293;0.2727817893;10.04506969;2.747621518;0.05070177838;0.5783362389;0.8431460857;1
2.741730112;-1.067198873;0.2440679073;9.920642853;2.749723341;0.04703658819;0.5771145225;0.8455895782;1
2.743831883;-0.9906286001;0.1674975902;9.858428955;2.751825112;0.03848448023;0.5771145225;0.8468112946;1
2.745933706;-0.8805587292;0.1387837082;9.8201437;2.753926935;0.02993237413;0.5807796717;0.849254787;1
2.748035477;-0.760917604;0.1100698411;9.7196455;2.756028706;0.02015853859;0.5820014477;0.849254787;1
