Tempo acelerômetro (s);Acelerômetro X (m/s²);Acelerômetro Y (m/s²);Acelerômetro Z (m/s²);Tempo giroscópio (s);Giroscópio X (rad/s);Giroscópio Y (rad/s);Giroscópio Z (rad/s);gesto
17.73591902;0.9236295223;0.4594219327;8.800801277;17.7439122;-0.3121519089;0.7383828163;0.6024653912;7
17.73802079;0.9332008362;0.4642075896;8.958727837;17.74601402;-0.3158170879;0.7432697415;0.6122392416;7
17.74012256;0.9332008362;0.4498506486;9.126225471;17.74811579;-0.3194822669;0.7469348907;0.6244565248;7
17.74222433;0.9523434043;0.4211367965;9.274580956;17.75021756;-0.3207040131;0.751821816;0.6330085993;7
17.74432615;0.9619147182;0.3828516304;9.399007797;17.75231938;-0.3194822669;0.7542653084;0.6440041661;7
17.74642798;0.9667003751;0.3493520916;9.518648148;17.75442115;-0.3207040131;0.7567087412;0.6537780166;7
17.74852975;0.9762716293;0.2919243574;9.628718376;17.75652298;-0.3182605505;0.7567087412;0.6623301506;7
17.75063152;0.9906286001;0.2440679073;9.710074425;17.75862475;-0.3158170879;0.7542653084;0.6696605086;7
17.75273334;1.004985452;0.2153540403;9.805787086;17.76072652;-0.3145953715;0.7530435324;0.6769908667;7
17.75483511;1.048056364;0.1722832322;9.896714211;17.76282834;-0.3084867001;0.7530435324;0.6806560755;7
17.75693694;1.095912814;0.1483550072;9.997213364;17.76493011;-0.304821521;0.7554870248;0.6855430007;7
17.75903871;1.148554921;0.1292124242;10.11206818;17.76703194;-0.2999345958;0.7579304576;0.6879864335;7
17.76114048;1.210768223;0.09571290761;10.2221384;17.76913371;-0.2913824916;0.7591522336;0.6855430007;7
17.7632423;1.258624673;0.1052841991;10.35135078;17.77123548;-0.2803869247;0.7469348907;0.6843212843;7
17.76534407;1.325623751;0.09571290761;10.50927734;17.7733373;-0.2693913579;0.7310523987;0.6794343591;7
17.76744589;1.373480201;0.06699903309;10.62891865;17.77543907;-0.2522871494;0.7127264738;0.670882225;7
17.76954766;1.478764415;0.0382851623;10.86341476;17.77754089;-0.2364046723;0.701730907;0.6611084342;7
17.77164944;1.59840548;0.0;11.06919765;17.77964266;-0.2180787325;0.6882919073;0.6537780166;7
17.77375126;1.708475351;-0.01914258115;11.1936245;17.78174444;-0.2009745091;0.6626355648;0.6452259421;7
17.77585303;1.761117458;-0.0382851623;11.27019501;17.78384626;-0.181426838;0.6320923567;0.6366738081;7
17.77795485;1.785045743;-0.04785645381;11.33719349;17.78594803;-0.1631008983;0.6003273726;0.6281217337;7
17.78005662;1.837687731;-0.04307080805;11.413764;17.78804985;-0.1435532272;0.5661189556;0.6171261668;7
17.78215839;1.8855443;-0.02871387079;11.48076344;17.79015162;-0.1276707351;0.5306887627;0.604908824;7
17.78426022;1.938186288;-0.06699903309;11.45204926;17.79225344;-0.1142317131;0.4964803457;0.5890263915;7
17.78636199;2.019542217;-0.1196411327;11.43290615;17.79435522;-0.09957095981;0.4610501826;0.5719221234;7
17.78846381;2.139183521;-0.1674975902;11.39940739;17.79645699;-0.09101885557;0.4182896614;0.554817915;7
17.79056558;2.220539331;-0.1962114573;11.32283688;17.79855881;-0.0849102065;0.3767508566;0.5364919901;7
17.7926674;2.292324066;-0.1674975902;11.26062298;17.80066058;-0.07757982612;0.3413206935;0.5181660652;7
17.79476917;2.388036966;-0.1244267747;11.18405342;17.80276235;-0.07635809481;0.3168860972;0.4998401105;7
17.79687095;2.459821701;-0.1483550072;11.10748291;17.80486417;-0.08002328873;0.2973384261;0.4839576185;7
17.79897277;2.52682066;-0.1722832322;10.98784161;17.80696594;-0.0849102065;0.2802342176;0.4656316638;7
17.80107454;2.565105915;-0.1435693651;10.85384369;17.80906777;-0.09101885557;0.261908263;0.4497492015;7
17.80317631;2.584248543;-0.1148554832;10.74377346;17.81116954;-0.0971274972;0.2448040545;0.4326449931;7
17.80527813;2.641676188;-0.08135596663;10.65284634;17.81327136;-0.1056796089;0.2313650399;0.4143190384;7
17.8073799;2.73260355;-0.04785645381;10.60499001;17.81537308;-0.111788258;0.2215912044;0.3972148299;7
17.80948173;2.833101988;0.0143569354;10.53320503;17.8174749;-0.1178968996;0.2154825479;0.3788888752;7
17.8115835;2.94317174;0.06699903309;10.47099209;17.81957667;-0.1252272725;0.2118173689;0.3642281294;7
17.81368532;3.043670416;0.0765703246;10.44227791;17.8216785;-0.1325576603;0.2130390853;0.3471239209;7
17.81578704;3.077169895;0.08135596663;10.40399265;17.82378032;-0.1398880333;0.2154825479;0.3324631453;7
17.81788886;3.129812002;0.1148554832;10.38963604;17.82588209;-0.1459966749;0.2240346521;0.316580683;7
17.81999063;3.14895463;0.1435693651;10.3848505;17.82798386;-0.1508836001;0.2338084877;0.3019199073;7
17.82209246;3.153740168;0.1866401732;10.38006496;17.83008563;-0.1594357044;0.2496909797;0.2872591615;7
17.82419428;3.153740168;0.2057827413;10.38963604;17.83218746;-0.1606574357;0.261908263;0.2750418782;7
17.82629605;3.14895463;0.2344966233;10.38963604;17.83428923;-0.1643226296;0.281455934;0.2628245652;7
17.82839782;3.129812002;0.2536391914;10.39442158;17.83639105;-0.1692095399;0.2997818887;0.2506072819;7
17.83049959;3.086741209;0.2392822653;10.41835022;17.83849282;-0.1692095399;0.320551306;0.2408334464;7
17.83260141;3.014956474;0.2297109663;10.40877819;17.84059459;-0.1716530025;0.3413206935;0.2335030586;7
17.83470319;2.94317174;0.2249253243;10.43749237;17.84269641;-0.1692095399;0.3669770062;0.2286161482;7
17.83680501;2.866601467;0.2344966233;10.49013424;17.84479819;-0.1667660922;0.3865246773;0.2212857604;7
17.83890678;2.766103029;0.2488535494;10.49013424;17.84690001;-0.1655443609;0.408515811;0.2176205814;7
17.84100855;2.694318295;0.2201396823;10.55234814;17.84900178;-0.161879167;0.4292852283;0.2115119249;7
17.84311037;2.617748022;0.2584248483;10.59541893;17.85110355;-0.1569922417;0.4463894367;0.2102901936;7
17.84521214;2.565105915;0.3158525825;10.67198944;17.85320537;-0.1533270627;0.4610501826;0.2102901936;7
17.84731397;2.478964329;0.3780659735;10.69113159;17.85530714;-0.1521053314;0.4757109582;0.2127336562;7
17.84941574;2.349751949;0.4211367965;10.71027374;17.85740897;-0.1459966749;0.4903717041;0.2188423127;7
17.85151751;2.182254314;0.4498506486;10.75813103;17.85951074;-0.1435532272;0.5025889874;0.2261726856;7
17.85361933;2.005185366;0.4402793646;10.78684425;17.86161256;-0.1411097646;0.5074759126;0.2322813272;7
17.8557211;1.794616938;0.4450650215;10.86341476;17.86371433;-0.138666302;0.508697629;0.2432768941;7
17.85782292;1.607976794;0.4402793646;10.93998528;17.8658161;-0.135001123;0.5013672709;0.2518289983;7
17.8599247;1.445264935;0.4354937077;11.04048347;17.86791792;-0.1288924664;0.4879282415;0.2603811026;7
17.86202652;1.301695466;0.4402793646;11.1505537;17.8700197;-0.1215620935;0.470824033;0.2713766694;7
17.86412829;1.205982566;0.4259224236;11.27498055;17.87212147;-0.1154534444;0.4463894367;0.2823722363;7
17.86623006;1.110269666;0.4259224236;11.38983536;17.87422329;-0.108123064;0.4182896614;0.2897026241;7
17.86833188;1.019342422;0.4307080805;11.47119141;17.87632506;-0.0971274972;0.3828594983;0.3006981909;7
17.87043365;0.9714859724;0.4594219327;11.54776192;17.87842688;-0.08613193035;0.3462076187;0.3092502952;7
17.87253542;0.8949156404;0.4881358147;11.62433243;17.88052865;-0.07880155742;0.3071122766;0.3153589368;7
17.87463725;0.8757730722;0.4833501875;11.6769743;17.88263048;-0.06902772188;0.2667951882;0.320245862;7
17.87673902;0.8614161611;0.4737788737;11.68654537;17.88473225;-0.0616973415;0.2228129357;0.3251327872;7
17.87884084;0.866201818;0.4737788737;11.68654537;17.88683402;-0.05681042373;0.1824958473;0.3287979662;7
17.88094261;0.866201818;0.4498506486;11.62911797;17.88893584;-0.05314523727;0.1397353113;0.3336848915;7
17.88304444;0.866201818;0.4498506486;11.56690502;17.89103761;-0.04948004708;0.09819651395;0.3373500705;7
17.88514621;0.8614161611;0.4642075896;11.46640587;17.89313938;-0.05192350596;0.06154462695;0.3385718167;7
17.88724798;0.8757730722;0.4689932466;11.35633659;17.89524121;-0.05558869615;0.02367101051;0.3410152495;7
17.8893498;0.890130043;0.4977070987;11.20798111;17.89734303;-0.05925388262;-0.008093958721;0.3410152495;7
17.89145157;0.9188438654;0.5120640397;11.08355427;17.8994448;-0.06902772188;-0.03863719851;0.3410152495;7
17.89355334;0.9619147182;0.5072783828;10.93519974;17.90154657;-0.07880155742;-0.06673697382;0.3422369957;7
17.89565516;1.004985452;0.5168496966;10.78205872;17.90364839;-0.08613193035;-0.08872810751;0.3410152495;7
17.89775699;1.048056364;0.5312066078;10.67677498;17.90575016;-0.09590577334;-0.1082757786;0.3397935331;7
17.89985876;1.100698471;0.5312066078;10.56670475;17.90785199;-0.1069013327;-0.1278234571;0.3373500705;7
17.90196053;1.162911773;0.5359922647;10.47577763;17.90995376;-0.1178968996;-0.142484203;0.3336848915;7
17.90406235;1.244267821;0.5455635786;10.39442158;17.91205553;-0.1252272725;-0.158366695;0.3263545036;7
17.90616412;1.316052437;0.5599204898;10.31306553;17.91415735;-0.1301141977;-0.1693622619;0.320245862;7
17.90826594;1.40697968;0.5455635786;10.28913784;17.91625912;-0.138666302;-0.18157956;0.3116937578;7
17.91036772;1.521835208;0.5264210105;10.27478027;17.91836094;-0.1435532272;-0.1876882017;0.3019199073;7
17.91246949;1.622333765;0.5216353536;10.2652092;17.92046272;-0.1472184062;-0.1901316643;0.2921460867;7
17.91457131;1.679761529;0.5168496966;10.28913784;17.92256449;-0.1508836001;-0.1962403059;0.2835939825;7
17.91667308;1.751546144;0.4977070987;10.28913784;17.92466631;-0.154548794;-0.1937968582;0.273820132;7
17.9187749;1.785045743;0.4833501875;10.30827999;17.92676808;-0.1557705253;-0.1913533956;0.2640463114;7
17.92087667;1.823330879;0.4546363056;10.29870892;17.9288699;-0.1569922417;-0.1840230078;0.2542724609;7
17.92297845;1.828116536;0.4259224236;10.32742214;17.93097167;-0.1533270627;-0.1705839932;0.246942088;7
17.92508027;1.842473388;0.3924229145;10.33699417;17.93307344;-0.1521053314;-0.1559232324;0.2371682525;7
17.92718204;1.842473388;0.3589234054;10.3657074;17.93517527;-0.1459966749;-0.1412624866;0.2273944169;7
17.92928386;1.852044702;0.3589234054;10.37527943;17.93727704;-0.1411097646;-0.121714808;0.2188423127;7
17.93138563;1.842473388;0.3349951804;10.43270683;17.93937881;-0.135001123;-0.1033888608;0.2090684772;7
17.9334874;1.828116536;0.3206382394;10.49013424;17.94148063;-0.1288924664;-0.08506292105;0.2029598206;7
17.93558923;1.808973908;0.3062812984;10.53799057;17.9435824;-0.1203403622;-0.07040216774;0.1956294477;7
17.937691;1.756331801;0.3062812984;10.59063339;17.94568417;-0.108123064;-0.05329795182;0.1895207912;7
17.93979277;1.708475351;0.2871387303;10.65284634;17.947786;-0.0971274972;-0.03375028074;0.1870773435;7
17.94189459;1.660618901;0.2823530734;10.71984577;17.94988782;-0.0849102065;-0.01786779426;0.1846338809;7
17.94399636;1.603191137;0.2775674164;10.75813103;17.95198959;-0.07513637096;-0.006872228812;0.1846338809;7
17.94609813;1.521835208;0.2919243574;10.8107729;17.95409136;-0.06047561392;0.0016798781;0.1858556122;7
17.94819996;1.416550994;0.3445664644;10.86341476;17.95619318;-0.04825831577;0.009010255337;0.1882990748;7
17.95030178;1.325623751;0.3732803464;10.93519974;17.95829496;-0.03481929377;0.009010255337;0.1870773435;7
17.95240355;1.234696507;0.3876372576;11.00219822;17.96039673;-0.02138026804;0.007788525894;0.1870773435;7
17.95450532;1.148554921;0.3924229145;11.03569794;17.96249855;-0.01038470119;0.0004581485991;0.1882990748;7
17.95660714;1.071984529;0.3972085714;11.05962658;17.96460037;0.003054323839;-0.01175914705;0.1846338809;7
17.95870891;1.000199914;0.3972085714;11.08355427;17.96670209;0.01282816008;-0.02397644334;0.1834121495;7
17.96081069;0.9714859724;0.3924229145;11.10269737;17.96880391;0.02260199748;-0.03985892609;0.1797469556;7
17.96291251;0.9236295223;0.3732803464;11.08355427;17.97090574;0.03115410358;-0.05696314201;0.1748600453;7
17.96501433;0.9092726111;0.3732803464;11.04526901;17.97300751;0.03848448023;-0.07895427197;0.1711948514;7
17.96711605;0.8997012973;0.3493520916;10.98784161;17.97510928;0.04459312931;-0.09850194305;0.1638644785;7
17.96921787;0.9140582681;0.3349951804;10.90648556;17.9772111;0.04825831577;-0.1204930767;0.1565341055;7
17.9713197;0.9140582681;0.3302095234;10.84905815;17.97931287;0.04825831577;-0.1400407553;0.1492037177;7
17.97342147;0.94277215;0.3206382394;10.73898792;17.98141464;0.04459312931;-0.158366695;0.1394298822;7
17.97552324;0.94277215;0.3254238665;10.61456108;17.98351647;0.04214967042;-0.1718057245;0.1308777779;7
17.97762506;0.9906286001;0.3302095234;10.46142101;17.98561824;0.03726275265;-0.1864664704;0.1223256737;7
17.97972683;0.9858429432;0.3397808075;10.31785107;17.98772006;0.02871064469;-0.1962403059;0.113773562;7
17.9818286;0.9714859724;0.3493520916;10.18863869;17.98982183;0.01771507785;-0.2060141414;0.1088866442;7
17.98393042;0.94277215;0.3493520916;10.06899738;17.99192365;0.007941242307;-0.2109010667;0.1027780026;7
17.9860322;0.8997012973;0.3780659735;9.939785004;17.99402542;-0.003054323839;-0.2182314396;0.09666935354;7
17.98813402;0.8422735929;0.4067798555;9.824930191;17.9961272;-0.01527161989;-0.2243400961;0.09300415963;7
17.99023579;0.784845829;0.4450650215;9.724431038;17.99822902;-0.02748891525;-0.2280052751;0.09056070447;7
17.99233761;0.7465606928;0.4642075896;9.657432556;18.00033079;-0.03726275265;-0.231670469;0.08811724186;7
17.99443938;0.6939185858;0.4881358147;9.600004196;18.00243256;-0.04948004708;-0.2365573794;0.08323032409;7
17.99654115;0.6699903607;0.5120640397;9.54257679;18.00453438;-0.06047561392;-0.239000842;0.08323032409;7
17.99864298;0.6460621357;0.5407779217;9.523433685;18.00663615;-0.06658425927;-0.2402225733;0.08200860023;7
18.00074475;0.6173482537;0.5503492355;9.494720459;18.00873798;-0.07391463965;-0.2402225733;0.08200860023;7
18.00284652;0.5838487148;0.5407779217;9.485149384;18.01083975;-0.08002328873;-0.239000842;0.08323032409;7
18.00494834;0.5455635786;0.5551348329;9.470791817;18.01294157;-0.08613193035;-0.2365573794;0.0856737867;7
18.00705011;0.5216353536;0.5551348329;9.466006279;18.01504334;-0.08979712427;-0.2328922004;0.08811724186;7
18.00915194;0.4929214716;0.5694918036;9.456435204;18.01714511;-0.09346231073;-0.2206749022;0.08811724186;7
18.01125371;0.4642075896;0.5503492355;9.470791817;18.01924688;-0.09468404204;-0.2072358727;0.09056070447;7
18.01335553;0.4689932466;0.5838487148;9.461220741;18.02134871;-0.0971274972;-0.1937968582;0.09056070447;7
18.0154573;0.4785645306;0.5790630579;9.461220741;18.02345048;-0.09590577334;-0.1754709035;0.09178243577;7
18.01755907;0.5072783828;0.5838487148;9.494720459;18.0255523;-0.09224057943;-0.1559232324;0.09300415963;7
18.01966084;0.5024927258;0.5790630579;9.547362328;18.02765407;-0.08979712427;-0.1375972927;0.09300415963;7
18.02176266;0.5216353536;0.5934200287;9.585647583;18.02975589;-0.0849102065;-0.1180496216;0.09422589093;7
18.02386444;0.5072783828;0.6077769399;9.623932838;18.03185766;-0.08124501258;-0.1009454057;0.09666935354;7
18.02596626;0.4929214716;0.6125625968;9.657432556;18.03395944;-0.07513637096;-0.08017600328;0.0991128087;7
18.02806803;0.4546363056;0.6029912829;9.686145782;18.03606126;-0.06780599058;-0.06551524997;0.1039997265;7
18.03016985;0.3876372576;0.5838487148;9.724431038;18.03816303;-0.0616973415;-0.04718930274;0.1088866442;7
18.03227162;0.3302095234;0.5455635786;9.781859398;18.04026485;-0.05314523727;-0.03252854943;0.113773562;7
18.03437339;0.2871387303;0.5216353536;9.815358162;18.04236662;-0.04581485689;-0.02641990222;0.1174387559;7
18.03647522;0.2536391914;0.5120640397;9.858428955;18.04446844;-0.03970621154;-0.01542433538;0.1223256737;7
18.03857699;0.2297109663;0.5168496966;9.901499748;18.04657022;-0.03359756246;-0.01420260593;0.127212584;7
18.04067881;0.2153540403;0.4929214716;9.939785004;18.04867204;-0.02748891525;-0.01786779426;0.1296560466;7
18.04278058;0.2201396823;0.4833501875;9.982855797;18.05077381;-0.02382372692;-0.02031125315;0.1308777779;7
18.0448824;0.1914258152;0.4977070987;9.992427826;18.05287558;-0.02015853859;-0.02764163166;0.1296560466;7
18.04698417;0.2249253243;0.4881358147;10.00678444;18.0549774;-0.01893680729;-0.03619373962;0.1284343153;7
18.049086;0.2249253243;0.4833501875;9.982855797;18.05707917;-0.02260199748;-0.04352411628;0.1247691289;7
18.05118777;0.2344966233;0.4498506486;9.963713646;18.05918094;-0.02504545636;-0.05329795182;0.1186604798;7
18.05328954;0.2440679073;0.4115654826;9.920642853;18.06128277;-0.02993237413;-0.06307178736;0.1149952933;7
18.05539136;0.2488535494;0.3924229145;9.882357597;18.06338454;-0.03970621154;-0.0728456229;0.1088866442;7
18.05749313;0.2440679073;0.3637090325;9.84885788;18.06548636;-0.04703658819;-0.08384118974;0.1052214578;7
18.0595949;0.2488535494;0.3158525825;9.824930191;18.06758813;-0.05558869615;-0.09483675659;0.0978910774;7
18.06169673;0.2297109663;0.2727817893;9.801001549;18.0696899;-0.06536252797;-0.1058323234;0.09178243577;7
18.0637985;0.2153540403;0.2679961324;9.810572624;18.07179173;-0.07269290835;-0.1168278903;0.08445205539;7
18.06590032;0.2057827413;0.2344966233;9.810572624;18.0738935;-0.08246674389;-0.1290451884;0.07834340632;7
18.06800209;0.1722832322;0.2344966233;9.796216011;18.07599532;-0.08979712427;-0.1400407553;0.07101303339;7
18.07010386;0.1483550072;0.2105683982;9.853643417;18.07809709;-0.09590577334;-0.1498145908;0.06490438432;7
18.07220568;0.1196411327;0.1962114573;9.906285286;18.08019886;-0.0983492285;-0.1632536054;0.05879573524;7
18.07430746;0.08614161611;0.2057827413;9.958928108;18.08230068;-0.1007926911;-0.1693622619;0.05390881747;7
18.07640928;0.06699903309;0.1914258152;10.01156998;18.08440246;-0.09957095981;-0.1766926348;0.0478001684;7
18.07851105;0.03349951655;0.1770688742;10.08814049;18.08650428;-0.09468404204;-0.1852447391;0.04413498193;7
18.08061282;0.0;0.1818545163;10.15992451;18.08860605;-0.08979712427;-0.1913533956;0.03924806044;7
18.08271464;-0.03349951655;0.1722832322;10.23649502;18.09070787;-0.08246674389;-0.1999054998;0.03680460155;7
18.08481641;-0.07178468257;0.1579262912;10.32742214;18.09280964;-0.07757982612;-0.2060141414;0.03191768378;7
18.08691824;-0.1148554832;0.1579262912;10.38006496;18.09491141;-0.06536252797;-0.2133445293;0.0294742249;7
18.08902001;-0.1435693651;0.1387837082;10.45663452;18.09701324;-0.05436696485;-0.2170097083;0.02703076601;7
18.09112183;-0.2105683982;0.1339980662;10.51884842;18.09911501;-0.043371398;-0.2218966335;0.02703076601;7
18.0932236;-0.2536391914;0.1387837082;10.5475626;18.10121678;-0.02871064469;-0.2231183648;0.02580903657;7
18.09532537;-0.2871387303;0.1339980662;10.55713367;18.1033186;-0.01527161989;-0.2243400961;0.02458730713;7
18.0974272;-0.3397808075;0.1244267747;10.56191921;18.10542037;0.001832594397;-0.2218966335;0.02214384824;7
18.09952897;-0.3637090325;0.1244267747;10.5475626;18.1075222;0.01404988952;-0.2194531709;0.02458730713;7
18.10163074;-0.3972085714;0.1052841991;10.52363396;18.10962397;0.02748891525;-0.2133445293;0.02580903657;7
18.10373256;-0.4211367965;0.1339980662;10.51884842;18.11172574;0.04092793912;-0.2084576041;0.02703076601;7
18.10583433;-0.4450650215;0.1292124242;10.49970531;18.11382756;0.05558869615;-0.2023489624;0.02825249545;7
18.10793615;-0.4546363056;0.1531406492;10.45184898;18.11592933;0.07024945319;-0.1962403059;0.02825249545;7
18.11003792;-0.4307080805;0.1770688742;10.39442158;18.11803115;0.08124501258;-0.188909933;0.03069595434;7
18.1121397;-0.4259224236;0.1962114573;10.30349445;18.12013292;0.09224057943;-0.18157956;0.03069595434;7
18.11424152;-0.3972085714;0.2057827413;10.24606609;18.1222347;0.1007926911;-0.1742491722;0.03313941509;7
18.11634329;-0.3684946895;0.1962114573;10.14078236;18.12433652;0.1069013327;-0.1669187993;0.0294742249;7
18.11844511;-0.3110669553;0.2057827413;10.04506969;18.12643829;0.1130099818;-0.1571449637;0.03069595434;7
18.12054688;-0.2679961324;0.1962114573;9.925428391;18.12854011;0.1178968996;-0.1498145908;0.02825249545;7
18.12264865;-0.2105683982;0.1866401732;9.801001549;18.13064188;0.1178968996;-0.138819024;0.02580903657;7
18.12475048;-0.1770688742;0.1674975902;9.686145782;18.13274371;0.1154534444;-0.1302669197;0.0209221188;7
18.12685225;-0.1148554832;0.1722832322;9.561718941;18.13484548;0.1130099818;-0.1204930767;0.01847865991;7
18.12895407;-0.05264209956;0.1579262912;9.44207859;18.13694725;0.1093447953;-0.1107192412;0.01237001177;7
18.13105584;0.009571290575;0.1722832322;9.3367939;18.13904907;0.09957095981;-0.1009454057;0.007483093534;7
18.13315766;0.06699903309;0.1770688742;9.226723671;18.14115084;0.09101885557;-0.09239330143;0.0001527161949;7
18.13525944;0.1244267747;0.1674975902;9.111868858;18.14325261;0.08002328873;-0.08261945844;-0.004734201822;7
18.13736121;0.1674975902;0.1627119333;9.011369705;18.14535444;0.06780599058;-0.07528908551;-0.01206457894;7
18.13946303;0.2057827413;0.1627119333;8.930013657;18.14745621;0.05681042373;-0.07040216774;-0.01939495653;7
18.1415648;0.2297109663;0.1674975902;8.858229637;18.14955803;0.04214967042;-0.06673697382;-0.02794706449;7
18.14366657;0.2536391914;0.1483550072;8.819944382;18.1516598;0.02993237413;-0.06307178736;-0.03405570984;7
18.14576839;0.2536391914;0.1674975902;8.786444664;18.15376157;0.0164933484;-0.06307178736;-0.04138609022;7
18.14787016;0.2727817893;0.1722832322;8.733802795;18.15586339;0.004276053514;-0.06062832847;-0.04749473557;7
18.14997199;0.2536391914;0.1722832322;8.733802795;18.15796516;-0.01038470119;-0.06062832847;-0.05238165334;7
18.15207376;0.2297109663;0.1674975902;8.690732002;18.16006694;-0.02138026804;-0.05940660089;-0.05482511222;7
18.15417553;0.2153540403;0.1770688742;8.709874153;18.16216876;-0.03481929377;-0.05696314201;-0.05726857483;7
18.15627735;0.1579262912;0.1722832322;8.709874153;18.16427053;-0.04825831577;-0.05329795182;-0.05849030241;7
18.15837912;0.1244267747;0.1914258152;8.705088615;18.16637235;-0.05925388262;-0.05085449293;-0.05726857483;7
18.16048089;0.1100698411;0.2009970993;8.69551754;18.16847412;-0.07147117704;-0.04596757516;-0.05726857483;7
18.16258272;0.09571290761;0.2057827413;8.705088615;18.17057594;-0.08002328873;-0.03985892609;-0.05604684353;7
18.16468449;0.1052841991;0.2249253243;8.700303078;18.17267772;-0.09101885557;-0.03497200832;-0.05360338464;7
18.16678631;0.1100698411;0.2297109663;8.748159409;18.17477949;-0.1007926911;-0.02641990222;-0.04993819445;7
18.16888808;0.1196411327;0.2392822653;8.791230202;18.17688131;-0.1069013327;-0.01786779426;-0.04749473557;7
18.1709899;0.1435693651;0.2392822653;8.819944382;18.17898308;-0.1166751757;-0.01175914705;-0.04505127668;7
18.17309167;0.1770688742;0.2488535494;8.891729355;18.1810849;-0.1240055487;-0.004428769462;-0.04138609022;7
18.17519344;0.2153540403;0.2488535494;8.963513374;18.18318667;-0.1288924664;0.002901607659;-0.03772090003;7
18.17729527;0.2584248483;0.2775674164;9.035298347;18.1852885;-0.1325576603;0.01145371422;-0.03649916872;7
18.17939704;0.3110669553;0.2536391914;9.126225471;18.18739027;-0.1337793916;0.01634063199;-0.03405570984;7
18.18149886;0.3876372576;0.2392822653;9.226723671;18.18949204;-0.135001123;0.01878409274;-0.03039052337;7
18.18360063;0.4498506486;0.2344966233;9.332008362;18.19159386;-0.1337793916;0.02122755162;-0.03039052337;7
18.18570246;0.5455635786;0.2392822653;9.41336441;18.19369563;-0.1337793916;0.02244928107;-0.03039052337;7
18.18780423;0.6077769399;0.2009970993;9.533005714;18.1957974;-0.1288924664;0.02000582218;-0.03161225095;7
18.189906;0.7130611539;0.1914258152;9.647860527;18.19789923;-0.1240055487;0.0126754446;-0.03405570984;7
18.19200782;0.813559711;0.1627119333;9.734002113;18.200001;-0.1227838174;0.007788525894;-0.03649916872;7
18.19410959;0.9044869542;0.1435693651;9.805787086;18.20210282;-0.1166751757;0.0016798781;-0.04016435891;7
18.19621136;1.014556766;0.1244267747;9.891928673;18.20420459;-0.1130099818;-0.004428769462;-0.04627300799;7
18.19831318;1.153340459;0.09571290761;9.939785004;18.20630636;-0.1093447953;-0.01175914705;-0.05360338464;7
18.20041496;1.249053478;0.06699903309;10.0019989;18.20840818;-0.1069013327;-0.0190895237;-0.05971203372;7
18.20251678;1.368694544;0.03349951655;10.02592659;18.21050996;-0.1044578776;-0.02397644334;-0.06704241037;7
18.20461855;1.473978758;0.0143569354;10.05942631;18.21261173;-0.102014415;-0.03130681813;-0.07315105945;7
18.20672032;1.579262972;-0.004785645287;10.08814049;18.21471355;-0.1007926911;-0.03497200832;-0.08170316368;7
18.20882214;1.670190215;-0.004785645287;10.1024971;18.21681532;-0.09957095981;-0.04352411628;-0.09269873053;7
18.21092391;1.718046665;-0.06221338734;10.18863869;18.21891714;-0.0983492285;-0.05329795182;-0.1024725661;7
18.21302568;1.789831281;-0.05264209956;10.2652092;18.22101891;-0.09590577334;-0.06062832847;-0.1134681329;7
18.21512751;1.904686809;-0.03349951655;10.33699417;18.22312074;-0.09590577334;-0.06795870513;-0.1256854236;7
18.21722928;1.986042738;-0.0382851623;10.38963604;18.22522251;-0.09346231073;-0.0728456229;-0.1379027218;7
18.2193311;2.072184324;-0.02871387079;10.4279213;18.22732428;-0.09224057943;-0.07773254067;-0.1488982886;7
18.22143287;2.158325911;-0.0382851623;10.46620655;18.2294261;-0.08735366166;-0.07651081681;-0.1647807807;7
18.2235347;2.244467735;-0.05742774159;10.46620655;18.23152787;-0.08735366166;-0.0728456229;-0.1745546162;7
18.22563647;2.292324066;-0.0765703246;10.49491978;18.2336297;-0.08246674389;-0.06795870513;-0.1855501831;7
18.22773824;2.344966173;-0.09571290761;10.52363396;18.23573147;-0.07880155742;-0.06062832847;-0.1953240186;7
18.22984006;2.349751949;-0.1148554832;10.56191921;18.23783324;-0.07635809481;-0.05451968312;-0.2063195854;7
18.23194183;2.378465652;-0.1292124242;10.5858469;18.23993506;-0.07147117704;-0.05085449293;-0.2148716897;7
18.23404365;2.407179594;-0.1292124242;10.60977554;18.24203683;-0.06658425927;-0.04718930274;-0.2246455252;7
18.23614542;2.411965132;-0.1435693651;10.63370419;18.2441386;-0.06291907281;-0.04474584386;-0.2331976295;7
18.2382472;2.421536446;-0.1292124242;10.67198944;18.24624042;-0.05925388262;-0.04474584386;-0.2393062711;7
18.24034902;2.416750908;-0.1004985496;10.69113159;18.24834225;-0.05558869615;-0.04352411628;-0.2441931963;7
18.24245079;2.39760828;-0.07178468257;10.72941685;18.25044402;-0.05558869615;-0.04474584386;-0.2490801066;7
18.24455256;2.359323025;-0.04785645381;10.73898792;18.25254579;-0.05436696485;-0.04841103405;-0.2527453005;7
18.24665438;2.335394859;-0.004785645287;10.75813103;18.25464761;-0.05192350596;-0.04963276163;-0.2539670467;7
18.24875621;2.287538528;0.02871387079;10.748559;18.25674938;-0.05070177838;-0.05085449293;-0.2551887631;7
18.25085798;2.244467735;0.06221338734;10.7677021;18.25885121;-0.05070177838;-0.04963276163;-0.2539670467;7
18.25295975;2.20618248;0.09092725813;10.78205872;18.26095298;-0.05070177838;-0.04963276163;-0.2527453005;7
18.25506157;2.163111687;0.1244267747;10.79641533;18.26305475;-0.04948004708;-0.05085449293;-0.2527453005;7
18.25716334;2.124826431;0.1770688742;10.79162979;18.26515657;-0.04948004708;-0.05329795182;-0.2490801066;7
18.25926516;2.091326952;0.1770688742;10.80598736;18.26725839;-0.04825831577;-0.0557414107;-0.2466366589;7
18.26136694;2.081755638;0.1962114573;10.84905815;18.26936016;-0.04581485689;-0.06185005978;-0.242971465;7
18.26346871;2.06261301;0.2201396823;10.88255692;18.27146194;-0.04581485689;-0.07040216774;-0.2417497337;7
18.26557053;2.048256159;0.2297109663;10.90170002;18.27356371;-0.04581485689;-0.08261945844;-0.2380845547;7
18.26767235;2.067398787;0.2392822653;10.9304142;18.27566548;-0.04459312931;-0.0972802192;-0.2368628234;7
18.26977412;2.057827473;0.2440679073;10.95912743;18.2777673;-0.04459312931;-0.115606159;-0.2331976295;7
18.27187589;2.057827473;0.2440679073;10.98784161;18.27986907;-0.043371398;-0.138819024;-0.2319758981;7
18.27397766;2.0769701;0.2584248483;10.99741268;18.28197089;-0.04703658819;-0.158366695;-0.2295324355;7
18.27607944;2.105684042;0.2871387303;10.97827053;18.28407266;-0.04948004708;-0.1791360974;-0.2270889878;7
18.27818126;2.115255117;0.3158525825;10.94955635;18.28617449;-0.05314523727;-0.1986837685;-0.2258672565;7
18.28028303;2.124826431;0.3158525825;10.93519974;18.28827626;-0.05803215504;-0.2218966335;-0.2234237939;7
18.28238485;2.115255117;0.3206382394;10.97827053;18.29037803;-0.0616973415;-0.2499964088;-0.2222020626;7
18.28448662;2.096112728;0.3110669553;10.96869946;18.29247985;-0.06780599058;-0.278096199;-0.2209803313;7
18.28658844;2.081755638;0.2919243574;10.93998528;18.29458162;-0.07635809481;-0.3110828996;-0.2209803313;7
18.28869022;2.124826431;0.2679961324;10.9304142;18.29668345;-0.08124501258;-0.3416261375;-0.2234237939;7
18.29079199;2.196611166;0.2632105052;10.9304142;18.29878522;-0.08857539296;-0.3721693754;-0.2234237939;7
18.29289381;2.268395901;0.2632105052;10.87298584;18.30088704;-0.09590577334;-0.4014908671;-0.2234237939;7
18.29499558;2.30189538;0.2297109663;10.84427261;18.30298881;-0.102014415;-0.428368926;-0.2270889878;7
18.2970974;2.311466694;0.2105683982;10.83948612;18.30509058;-0.1093447953;-0.4564687014;-0.2319758981;7
18.29919917;2.354537487;0.2057827413;10.82034397;18.3071924;-0.1142317131;-0.4845684767;-0.2393062711;7
18.301301;2.426322222;0.2009970993;10.8107729;18.30929417;-0.1178968996;-0.5065596104;-0.2466366589;7
18.30340277;2.522035122;0.2057827413;10.81555843;18.311396;-0.1215620935;-0.5248855352;-0.2539670467;7
18.30550454;2.62253356;0.2057827413;10.82991505;18.31349777;-0.1252272725;-0.5432115197;-0.262519151;7
18.30760636;2.689532757;0.1818545163;10.84905815;18.31559954;-0.1264490038;-0.562759161;-0.2686277926;7
18.30970813;2.737389088;0.1770688742;10.83948612;18.31770136;-0.1288924664;-0.5823068619;-0.2710712552;7
18.31180996;2.737389088;0.1674975902;10.82034397;18.31980313;-0.1325576603;-0.5994110703;-0.2747364342;7
18.31391173;2.742174864;0.1435693651;10.84427261;18.32190496;-0.135001123;-0.61285007;-0.2784016132;7
18.3160135;2.713460922;0.1244267747;10.81555843;18.32400673;-0.1337793916;-0.6201804876;-0.2796233594;7
18.31811532;2.694318295;0.09571290761;10.78205872;18.3261085;-0.1325576603;-0.6262891293;-0.2808450758;7
18.32021709;2.703889608;0.05742774159;10.76291656;18.32821032;-0.1337793916;-0.6311760545;-0.2820668221;7
18.32231891;2.708675146;0.04307080805;10.77727318;18.33031209;-0.1337793916;-0.6323977709;-0.2832885385;7
18.32442068;2.761317253;0.04785645381;10.78684425;18.33241391;-0.131335929;-0.6311760545;-0.2869537175;7
18.32652246;2.81395936;0.0143569354;10.79641533;18.33451568;-0.1264490038;-0.6275108457;-0.2893971801;7
18.32862428;2.861815929;0.0239282269;10.82034397;18.33661751;-0.1240055487;-0.6201804876;-0.2893971801;7
18.33072605;2.919243574;0.01914258115;10.81555843;18.33871923;-0.1203403622;-0.61285007;-0.2893971801;7
18.33282787;2.991028309;0.0143569354;10.82991505;18.34082105;-0.1166751757;-0.6006327868;-0.2893971801;7
18.33492964;3.03888464;0.0382851623;10.82512951;18.34292287;-0.1130099818;-0.5896372199;-0.2906189263;7
18.33703147;3.05324173;0.03349951655;10.81555843;18.34502464;-0.1105665267;-0.5786416531;-0.2918406427;7
18.33913318;3.024527788;0.02871387079;10.78205872;18.34712641;-0.1032361463;-0.5700895786;-0.2955058515;7
18.34123501;3.014956474;-0.01914258115;10.76291656;18.34922824;-0.0983492285;-0.5590940118;-0.3028362095;7
18.34333683;3.043670416;-0.06699903309;10.7677021;18.35133001;-0.09101885557;-0.5493201613;-0.3101665974;7
18.3454386;3.110669374;-0.1292124242;10.79641533;18.35343183;-0.08124501258;-0.5371028781;-0.319940418;7
18.34754037;3.196810961;-0.2057827413;10.82991505;18.3555336;-0.07391463965;-0.521220386;-0.3297142684;7
18.3496422;3.235096216;-0.2584248483;10.85384369;18.35763537;-0.06414080411;-0.505337894;-0.3394880891;7
18.35174397;3.268595695;-0.3014956415;10.90170002;18.3597372;-0.05314523727;-0.4882336855;-0.3492619395;7
18.35384579;3.254238844;-0.3302095234;10.92562866;18.36183897;-0.03726275265;-0.4711294472;-0.3590357602;7
18.35594756;3.235096216;-0.3349951804;10.95912743;18.36394079;-0.02015853859;-0.4515817761;-0.366366148;7
18.35804933;3.201596737;-0.3349951804;11.02612686;18.36604256;-0.003054323839;-0.4308123887;-0.3736965358;7
18.36015115;3.192025423;-0.3684946895;11.10269737;18.36814438;0.01282816008;-0.4063777924;-0.3798051775;7
18.36225292;3.105883837;-0.3828516304;11.16012478;18.37024615;0.02871064469;-0.3807214797;-0.3859138191;7
18.36435475;3.010170937;-0.4115654826;11.12183952;18.37234792;0.04825831577;-0.3575085998;-0.3920224607;7
18.36645652;2.900100946;-0.4067798555;11.16012478;18.37444975;0.06780599058;-0.3342957497;-0.4005745649;7
18.36855834;2.842673302;-0.3828516304;11.22233772;18.37655152;0.08857539296;-0.3135263622;-0.4066832364;7
18.37066011;2.81395936;-0.3589234054;11.28933716;18.37865334;0.1093447953;-0.2939786613;-0.4140135944;7
18.37276188;2.780459881;-0.3349951804;11.3132658;18.38075511;0.1288924664;-0.2805396616;-0.4225656986;7
18.37486371;2.751745939;-0.3110669553;11.35633659;18.38285694;0.1496618688;-0.2695440948;-0.4311178327;7
18.37696548;2.679961443;-0.3206382394;11.38026428;18.38495871;0.1704312712;-0.2597702444;-0.4396699369;7
18.3790673;2.632104874;-0.3254238665;11.36112213;18.38706048;0.1899789423;-0.2512181401;-0.4494437575;7
18.38116907;2.54117775;-0.3637090325;11.36112213;18.38916225;0.208304897;-0.2414443046;-0.459217608;7
18.38327089;2.478964329;-0.3589234054;11.33240795;18.39126407;0.227852568;-0.239000842;-0.4689914286;7
18.38537266;2.402393818;-0.3972085714;11.28933716;18.39336584;0.2449567765;-0.2365573794;-0.4799869955;7
18.38747444;2.368894339;-0.3924229145;11.28455162;18.39546761;0.2620609999;-0.2304487377;-0.4885390997;7
18.38957621;2.297109842;-0.3780659735;11.24626637;18.39756944;0.2742782831;-0.2255618125;-0.4970912039;7
18.39167803;2.196611166;-0.3541377485;11.18883896;18.39967121;0.2864955962;-0.2218966335;-0.5031998754;7
18.3937798;2.067398787;-0.3445664644;11.1314106;18.40177303;0.2974911332;-0.2206749022;-0.5105302334;7
18.39588157;1.942971945;-0.3349951804;11.08833981;18.4038748;0.3072649837;-0.2231183648;-0.516638875;7
18.39798339;1.828116536;-0.3206382394;11.05484104;18.40597662;0.3170388341;-0.2280052751;-0.5239692926;7
18.40008516;1.727617979;-0.3110669553;10.99741268;18.40807839;0.3243691921;-0.235335663;-0.5300779343;7
18.40218699;1.631905079;-0.2536391914;10.93519974;18.41018016;0.3329212964;-0.2475529462;-0.5386300087;7
18.40428876;1.564906001;-0.2009970993;10.88255692;18.41228199;0.3414734006;-0.258548528;-0.5422952175;7
18.40639058;1.478764415;-0.1531406492;10.79162979;18.41438376;0.3488037884;-0.2707658112;-0.5471821427;7
18.40849235;1.387837172;-0.1052841991;10.69113159;18.41648558;0.3500255048;-0.2805396616;-0.552069068;7
18.41059412;1.282552958;-0.06699903309;10.5858469;18.41858735;0.351247251;-0.2939786613;-0.5545125008;7
18.41269594;1.196411371;-0.03349951655;10.48056316;18.42068912;0.3488037884;-0.308639437;-0.5545125008;7
18.41479772;1.0863415;0.04307080805;10.37049294;18.42279095;0.3463603258;-0.3171915412;-0.5532907844;7
18.41689954;0.9762716293;0.08614161611;10.21735287;18.42489272;0.3426951468;-0.3294088244;-0.5545125008;7
18.41900131;0.8853443861;0.1244267747;10.07856941;18.42699454;0.33169958;-0.3416261375;-0.552069068;7
18.42110308;0.7992027402;0.1483550072;9.906285286;18.42909631;0.3182605505;-0.3526217043;-0.5508472919;7
18.4232049;0.732203722;0.1627119333;9.74835968;18.43119808;0.304821521;-0.3636172712;-0.552069068;7
18.42530667;0.6987041831;0.1627119333;9.576076508;18.4332999;0.2877173126;-0.3721693754;-0.5532907844;7
18.4274085;0.6891329288;0.1674975902;9.432506561;18.43540167;0.2681696415;-0.3794997334;-0.5508472919;7
18.42951027;0.70348984;0.1818545163;9.298508644;18.4375035;0.2474002391;-0.3868301213;-0.552069068;7
18.43161204;0.708275497;0.2009970993;9.159725189;18.43960527;0.2266308367;-0.3917170465;-0.5508472919;7
18.43371386;0.6891329288;0.2201396823;9.016156197;18.44170709;0.1985310465;-0.3868301213;-0.5484038591;7
18.43581563;0.679561615;0.2488535494;8.910871506;18.44380886;0.1753181964;-0.3904953003;-0.5435169339;7
18.43791746;0.6221339107;0.2823530734;8.839086533;18.44591063;0.1496618688;-0.3941605091;-0.5410735011;7
18.44001923;0.5551348329;0.3589234054;8.762516975;18.44801246;0.1264490038;-0.4002691507;-0.5374082923;7
18.44212105;0.4977070987;0.4259224236;8.748159409;18.45011423;0.1044578776;-0.4112647176;-0.5349648595;7
18.44422282;0.4163511395;0.4642075896;8.738588333;18.45221605;0.08368847519;-0.4222602844;-0.5349648595;7
18.44632459;0.3732803464;0.4977070987;8.796015739;18.45431782;0.06658425927;-0.4381427765;-0.5349648595;7
18.44842641;0.3493520916;0.5120640397;8.858229637;18.45641959;0.04948004708;-0.4564687014;-0.5361865759;7
18.45052818;0.3302095234;0.5168496966;8.877371788;18.45852141;0.03359756246;-0.474794656;-0.5337430835;7
18.45263001;0.3397808075;0.5072783828;8.968298912;18.46062319;0.02015853859;-0.4931205809;-0.5288561583;7
18.45473178;0.2967100143;0.4929214716;8.992227554;18.46272496;0.006719512399;-0.5065596104;-0.525191009;7
18.45683355;0.2201396823;0.4594219327;9.040083885;18.46482673;-0.005497782957;-0.5187768936;-0.5178605914;7
18.45893537;0.1579262912;0.4594219327;9.083154678;18.46692855;-0.0164933484;-0.5322159529;-0.5105302334;7
18.46103714;0.0765703246;0.4737788737;9.097511292;18.46903032;-0.02626718581;-0.5456549525;-0.501978159;7
18.46313891;0.0;0.4929214716;9.111868858;18.47113214;-0.03481929377;-0.5603157282;-0.4934260249;7
18.46524068;-0.05264209956;0.5120640397;9.131011009;18.47323391;-0.04214967042;-0.5700895786;-0.4860956371;7
18.46734251;-0.1244267747;0.5072783828;9.174081802;18.47533574;-0.04581485689;-0.5774199367;-0.4787652791;7
18.46944428;-0.1579262912;0.4785645306;9.212367058;18.47743751;-0.04948004708;-0.5810851455;-0.4726566374;7
18.4715461;-0.1627119333;0.4450650215;9.250652313;18.47953933;-0.05192350596;-0.5847502947;-0.4653262496;7
18.47364787;-0.1196411327;0.4211367965;9.298508644;18.4816411;-0.05314523727;-0.5835285783;-0.4567741454;7
18.4757497;-0.1100698411;0.4115654826;9.312865257;18.48374287;-0.05314523727;-0.5823068619;-0.4482220411;7
18.47785147;-0.08614161611;0.4019941986;9.351150513;18.4858447;-0.04948004708;-0.5774199367;-0.4396699369;7
18.47995329;-0.05742774159;0.4163511395;9.38465023;18.48794647;-0.04825831577;-0.5652026534;-0.4323395491;7
18.48205506;-0.04307080805;0.3924229145;9.36550808;18.49004829;-0.04459312931;-0.5517635942;-0.4250091612;7
18.48415683;-0.04785645381;0.3637090325;9.36550808;18.49215006;-0.03848448023;-0.5273290277;-0.4176788032;7
18.48625865;-0.03349951655;0.3206382394;9.370293617;18.49425183;-0.03481929377;-0.5065596104;-0.412791878;7
18.48836042;0.0;0.3014956415;9.355937004;18.49635365;-0.02871064469;-0.4870119393;-0.409126699;7
18.49046225;0.04785645381;0.2775674164;9.355937004;18.49845548;-0.02138026804;-0.4711294472;-0.4079049528;7
18.49256402;0.1483550072;0.3158525825;9.399007797;18.50055725;-0.01038470119;-0.4601338804;-0.409126699;7
18.49466579;0.2344966233;0.2775674164;9.456435204;18.50265902;0.0006108647794;-0.4515817761;-0.4152353406;7
18.49676761;0.3349951804;0.2440679073;9.499505997;18.50476079;0.007941242307;-0.4442514181;-0.4262309074;7
18.49886944;0.4546363056;0.1770688742;9.537791252;18.50686261;0.01893680729;-0.4393644929;-0.4396699369;7
18.50097121;0.6125625968;0.1196411327;9.595218658;18.50896444;0.02871064469;-0.4369210303;-0.4543306828;7
18.50307298;0.7465606928;0.08135596663;9.619147301;18.51106621;0.03848448023;-0.4308123887;-0.4738783538;7
18.50517475;0.8805587292;0.03349951655;9.638289452;18.51316798;0.04825831577;-0.4185950756;-0.4909825623;7
18.50727657;0.9858429432;-0.0382851623;9.647860527;18.5152698;0.05192350596;-0.4075995386;-0.509308517;7
18.50937839;1.052842021;-0.06699903309;9.561718941;18.51737157;0.05558869615;-0.405156076;-0.5288561583;7
18.51148016;1.105484009;-0.0765703246;9.432506561;18.51947339;0.05681042373;-0.408821255;-0.5557342172;7
18.51358194;1.158126116;-0.1244267747;9.36550808;18.52157516;0.05925388262;-0.408821255;-0.5813905597;7
18.51568376;1.225125194;-0.2057827413;9.30807972;18.52367694;0.05803215504;-0.412486434;-0.6119337678;7
18.51778553;1.339980721;-0.2871387303;9.260223389;18.52577876;0.05558869615;-0.4161516428;-0.6436987519;7
18.51988735;1.435693622;-0.3732803464;9.188439369;18.52788053;0.05070177838;-0.4259254634;-0.6754637361;7
18.52198912;1.521835208;-0.4402793646;9.083154678;18.5299823;0.04214967042;-0.4344775677;-0.7072287202;7
18.52409089;1.531406522;-0.4642075896;8.968298912;18.53208412;0.03359756246;-0.4466948807;-0.7377719283;7
18.52619272;1.493121386;-0.4642075896;8.839086533;18.53418589;0.01893680729;-0.4601338804;-0.768315196;7
18.52829449;1.430907965;-0.4642075896;8.719446182;18.53628772;0.003054323839;-0.4674642682;-0.7964149714;7
18.53039626;1.354337573;-0.4402793646;8.604590416;18.53838949;-0.01527161989;-0.4735729098;-0.8208495378;7
18.53249808;1.268195987;-0.3828516304;8.499305725;18.54049126;-0.03481929377;-0.474794656;-0.8416189551;7
18.53459985;1.153340459;-0.3206382394;8.379665375;18.54259308;-0.05558869615;-0.4735729098;-0.85994488;7
18.53670167;1.000199914;-0.2488535494;8.283951759;18.54469485;-0.07513637096;-0.4662425518;-0.8721621633;7
18.53880345;0.8039883971;-0.2009970993;8.164310455;18.54679662;-0.0983492285;-0.4564687014;-0.8794925809;7
18.54090522;0.626919508;-0.1579262912;8.092526436;18.54889845;-0.1191186309;-0.4393644929;-0.8856012225;7
18.54300704;0.4019941986;-0.1244267747;8.011170387;18.55100027;-0.1362228394;-0.4173733592;-0.8868229389;7
18.54510881;0.2009970993;-0.05742774159;7.987242222;18.55310199;-0.1508836001;-0.3966039717;-0.8856012225;7
18.54721058;0.0239282269;0.01914258115;7.99202776;18.55520381;-0.1655443609;-0.3721693754;-0.8807142973;7
18.5493124;-0.1244267747;0.1052841991;8.001599312;18.55730558;-0.1765399277;-0.3489564955;-0.8733839393;7
18.55141423;-0.2919243574;0.2201396823;8.05424118;18.5594074;-0.181426838;-0.3233001828;-0.8611665964;7
18.55351594;-0.4642075896;0.3014956415;8.145168304;18.56150917;-0.1826485693;-0.3013090491;-0.8477275968;7
18.55561777;-0.6317051649;0.3684946895;8.216953278;18.563611;-0.1838703007;-0.2805396616;-0.8330668211;7
18.55771954;-0.8039883971;0.4354937077;8.312665939;18.56571277;-0.181426838;-0.262213707;-0.8135191798;7
18.55982136;-0.9667003751;0.4929214716;8.394021988;18.56781459;-0.1740964651;-0.2426660359;-0.7939714789;7
18.56192313;-1.11984098;0.5120640397;8.46102047;18.56991636;-0.1655443609;-0.2243400961;-0.7719803452;7
18.56402496;-1.26341033;0.5312066078;8.537590981;18.57201813;-0.154548794;-0.2060141414;-0.7475457788;7
18.56612673;-1.378265858;0.5264210105;8.599804878;18.57411996;-0.1423314959;-0.188909933;-0.7206677198;7
18.56822855;-1.512263894;0.5503492355;8.652446747;18.57622173;-0.1301141977;-0.1705839932;-0.6974548697;7
18.57033032;-1.617548108;0.5551348329;8.729017258;18.57832355;-0.1178968996;-0.1485928595;-0.6742420197;7
18.57243209;-1.708475351;0.5647061467;8.757730484;18.58042532;-0.108123064;-0.1180496216;-0.652250886;7
18.57453391;-1.761117458;0.5407779217;8.791230202;18.58252709;-0.0971274972;-0.08750637621;-0.6314814687;7
18.57663568;-1.780260086;0.5024927258;8.733802795;18.58462891;-0.08735366166;-0.04963276163;-0.6119337678;7
18.57873751;-1.799402595;0.4642075896;8.709874153;18.58673069;-0.07880155742;-0.01053741761;-0.5911644101;7
18.58083928;-1.804188251;0.4163511395;8.662017822;18.58883251;-0.06902772188;0.03344484791;-0.566729784;7
18.58294105;-1.818545222;0.4163511395;8.671588898;18.59093428;-0.0616973415;0.07009673119;-0.5459604263;7
18.58504287;-1.832902193;0.4833501875;8.69551754;18.59303605;-0.05436696485;0.1018617004;-0.525191009;7
18.58714464;-1.832902193;0.5312066078;8.709874153;18.59513787;-0.04825831577;0.1360701323;-0.5080868006;7
18.58924647;-1.823330879;0.5694918036;8.733802795;18.59723964;-0.04092793912;0.1666133702;-0.4934260249;7
18.59134824;-1.780260086;0.5742774606;8.800801277;18.59934147;-0.02993237413;0.1934914142;-0.4812087417;7
18.59345001;-1.694118381;0.5599204898;8.858229637;18.60144324;-0.02015853859;0.2203694731;-0.4689914286;7
18.59555183;-1.636690736;0.4977070987;8.925228119;18.60354501;-0.01038470119;0.2411388755;-0.4579958618;7
18.5976536;-1.627119422;0.4642075896;8.968298912;18.60564683;-0.001832594397;0.2557996213;-0.4482220411;7
18.59975542;-1.651047587;0.4115654826;9.064012527;18.6077486;0.003054323839;0.2667951882;-0.4408916533;7
18.6018572;-1.64626193;0.4115654826;9.154939651;18.60985037;0.007941242307;0.2729038298;-0.4311178327;7
18.60395897;-1.670190215;0.3876372576;9.250652313;18.6119522;0.00916297175;0.2667951882;-0.4237874448;7
18.60606079;-1.708475351;0.3876372576;9.293723106;18.61405397;0.01282816008;0.2533561587;-0.4152353406;7
18.60816256;-1.789831281;0.4307080805;9.303294182;18.61615579;0.01160643063;0.2313650399;-0.412791878;7
18.61026433;-1.861616015;0.4307080805;9.322437286;18.61825756;0.01282816008;0.2057087123;-0.4103484154;7
18.61236615;-1.942971945;0.3924229145;9.346364975;18.62035938;0.006719512399;0.1751654744;-0.4115701318;7
18.61446792;-2.019542217;0.3493520916;9.38465023;18.62246115;-0.0006108647794;0.1385135949;-0.412791878;7
18.61656975;-2.06261301;0.2919243574;9.437292099;18.62456292;-0.01160643063;0.09453132749;-0.416457057;7
18.61867152;-2.091326952;0.2344966233;9.475577354;18.6266647;-0.02382372692;0.04810560122;-0.4250091612;7
18.62077334;-2.11046958;0.1914258152;9.494720459;18.62876652;-0.03481929377;-0.001985310577;-0.4323395491;7
18.62287511;-2.139183521;0.1770688742;9.456435204;18.63086834;-0.05070177838;-0.04963276163;-0.4421133697;7
18.62497688;-2.172683001;0.1531406492;9.470791817;18.63297011;-0.06902772188;-0.09361502528;-0.4518872201;7
18.62707865;-2.220539331;0.1339980662;9.461220741;18.63507188;-0.08979712427;-0.1363755614;-0.462882787;7
18.62918048;-2.273181438;0.1004985496;9.408578873;18.63717365;-0.1093447953;-0.1766926348;-0.4702131748;7
18.6312823;-2.344966173;0.06699903309;9.355937004;18.63927548;-0.1301141977;-0.2170097083;-0.4799869955;7
18.63338407;-2.421536446;0.05742774159;9.351150513;18.6413773;-0.1496618688;-0.2561050653;-0.4860956371;7
18.63548584;-2.507678032;0.06699903309;9.341579437;18.64347907;-0.1716530025;-0.2878700197;-0.4909825623;7
18.63758761;-2.598605394;0.07178468257;9.327222824;18.64558084;-0.1924224049;-0.3147480786;-0.4897608459;7
18.63968944;-2.699103832;0.0765703246;9.3367939;18.64768266;-0.211970076;-0.3391826749;-0.4860956371;7
18.64179126;-2.818745136;0.1004985496;9.370293617;18.64978444;-0.2290742993;-0.3599520624;-0.4787652791;7
18.64389303;-2.919243574;0.1627119333;9.394221306;18.65188626;-0.2425133139;-0.374612838;-0.4702131748;7
18.6459948;-3.024527788;0.2057827413;9.44207859;18.65398803;-0.2535088956;-0.3856084049;-0.4579958618;7
18.64809662;-3.105883837;0.2679961324;9.523433685;18.6560898;-0.2632827163;-0.3831649423;-0.4433351159;7
18.65019839;-3.144168854;0.3397808075;9.600004196;18.65819162;-0.2669478953;-0.3758345544;-0.4286743701;7
18.65230022;-3.172882795;0.3828516304;9.700503349;18.66029339;-0.2669478953;-0.358730346;-0.412791878;7
18.65440199;-3.182454109;0.3972085714;9.767501831;18.66239522;-0.2632827163;-0.3404043913;-0.4005745649;7
18.65650376;-3.177668571;0.4019941986;9.882357597;18.66449699;-0.2571740746;-0.3135263622;-0.3859138191;7
18.65860558;-3.115455151;0.3972085714;10.0019989;18.66659881;-0.2449567765;-0.2866483033;-0.3749182522;7
18.66070735;-3.072384357;0.3972085714;10.13599682;18.66870058;-0.2302960157;-0.2536616027;-0.362700969;7
18.66280917;-3.00538516;0.3732803464;10.28435135;18.67080235;-0.2131918073;-0.2218966335;-0.3541488647;7
18.66491095;-2.938386202;0.3493520916;10.45184898;18.67290417;-0.1899789423;-0.1913533956;-0.3468184769;7
18.66701277;-2.895315409;0.3206382394;10.61934662;18.67500595;-0.1667660922;-0.162031889;-0.3407098353;7
18.66911454;-2.866601467;0.2919243574;10.75813103;18.67710772;-0.138666302;-0.131488651;-0.3358229101;7
18.67121631;-2.82831645;0.2584248483;10.87777138;18.67920954;-0.1069013327;-0.1082757786;-0.3346011937;7
18.67331813;-2.809173822;0.2392822653;11.01655579;18.68131131;-0.07880155742;-0.08628465235;-0.3309359848;7
18.6754199;-2.799602509;0.2057827413;11.14098263;18.68341313;-0.04581485689;-0.06795870513;-0.3297142684;7
18.67752167;-2.785245657;0.1722832322;11.24148083;18.68551496;-0.01282816008;-0.05207622424;-0.3297142684;7
18.6796235;-2.790031195;0.1387837082;11.31805134;18.68761667;0.0164933484;-0.0374154672;-0.3321577311;7
18.68172527;-2.780459881;0.1292124242;11.38026428;18.6897185;0.04948004708;-0.02519817278;-0.3321577311;7
18.68382709;-2.780459881;0.1004985496;11.38983536;18.69182027;0.08002328873;-0.01298087649;-0.3358229101;7
18.68592891;-2.790031195;0.09092725813;11.42333508;18.69392204;0.108123064;-0.003207040019;-0.3370446563;7
18.68803063;-2.770888567;0.09571290761;11.40419292;18.69602386;0.135001123;0.006566796452;-0.3419315517;7
18.69013246;-2.766103029;0.1004985496;11.38504982;18.69812563;0.161879167;0.01389717404;-0.3468184769;7
18.69223423;-2.766103029;0.08614161611;11.32283688;18.70022746;0.1826485693;0.02122755162;-0.3517054021;7
18.694336;-2.746960402;0.08614161611;11.25583744;18.70232923;0.204639703;0.02977965772;-0.3578140438;7
18.69643782;-2.708675146;0.09092725813;11.17448139;18.70443105;0.2229656428;0.03344484791;-0.3614792228;7
18.69853959;-2.694318295;0.08614161611;11.10269737;18.70653282;0.2412915826;0.03711003438;-0.366366148;7
18.70064141;-2.737389088;0.1004985496;10.97348499;18.70863464;0.254730612;0.03100138716;-0.3712530732;7
18.70274319;-2.790031195;0.1004985496;10.86341476;18.71073641;0.2657261789;0.02733619884;-0.3724747896;7
18.70484501;-2.82831645;0.1100698411;10.72463131;18.71283819;0.2718348205;0.0175623633;-0.3736965358;7
18.70694678;-2.90967226;0.1531406492;10.57149029;18.71493996;0.2791652083;0.0016798781;-0.3749182522;7
18.7090486;-2.986242771;0.1914258152;10.46142101;18.71704178;0.2791652083;-0.01298087649;-0.3736965358;7
18.71115037;-3.05324173;0.2009970993;10.31785107;18.7191436;0.2779434621;-0.03252854943;-0.3712530732;7
18.71325214;-3.129812002;0.2488535494;10.17428207;18.72124537;0.2742782831;-0.0557414107;-0.3688096106;7
18.71535391;-3.187239647;0.2871387303;10.01156998;18.72334714;0.2681696415;-0.07651081681;-0.3651444316;7
18.71745574;-3.249453068;0.3254238665;9.901499748;18.72544897;0.2596175373;-0.09850194305;-0.362700969;7
18.71955756;-3.282952785;0.3637090325;9.738788605;18.72755074;0.2461785078;-0.1192713454;-0.3578140438;7
18.72165933;-3.349951744;0.4019941986;9.590433121;18.72965251;0.235182941;-0.1363755614;-0.3541488647;7
18.7237611;-3.397808075;0.4354937077;9.432506561;18.73175433;0.2193004489;-0.1498145908;-0.3492619395;7
18.72586292;-3.440878868;0.4689932466;9.284152031;18.7338561;0.204639703;-0.1559232324;-0.3419315517;7
18.7279647;-3.512663603;0.4977070987;9.135796547;18.73595792;0.1899789423;-0.158366695;-0.3321577311;7
18.73006647;-3.589233875;0.5168496966;8.997013092;18.7380597;0.1765399277;-0.1571449637;-0.3223838806;7
18.73216829;-3.656233072;0.5551348329;8.90130043;18.74016147;0.1631008983;-0.1510363221;-0.3101665974;7
18.73427006;-3.723232031;0.5742774606;8.791230202;18.74226329;0.1508836001;-0.1437059343;-0.2967275679;7
18.73637188;-3.818944931;0.6125625968;8.705088615;18.74436506;0.1398880333;-0.1351538301;-0.2808450758;7
18.73847365;-3.88594389;0.6364908218;8.681160927;18.74646688;0.1337793916;-0.1278234571;-0.2600756884;7
18.74057542;-3.976871252;0.70348984;8.652446747;18.74856865;0.1252272725;-0.121714808;-0.2393062711;7
18.74267725;-4.082155228;0.7704889178;8.642875671;18.75067048;0.1215620935;-0.1131627038;-0.2197586;7
18.74477902;-4.168296814;0.8039883971;8.618947029;18.75277225;0.1178968996;-0.1070540547;-0.1977674663;7
18.74688084;-4.259224415;0.837487936;8.609375954;18.75487402;0.1154534444;-0.09972367436;-0.1745546162;7
18.74898261;-4.311866283;0.8566305041;8.633303642;18.75697584;0.1178968996;-0.09605848789;-0.1513417512;7
18.75108444;-4.326223373;0.9140582681;8.609375954;18.75907761;0.1166751757;-0.08750637621;-0.1293506175;7
18.75318621;-4.316651821;0.9762716293;8.590232849;18.76117938;0.1166751757;-0.08017600328;-0.1061377525;7
18.75528798;-4.287938118;1.033699393;8.566305161;18.76328121;0.1203403622;-0.06918043643;-0.08170316368;7
18.7573898;-4.26879549;1.091127157;8.575876236;18.76538298;0.1215620935;-0.06062832847;-0.05849030241;7
18.75949157;-4.244867325;1.100698471;8.556734085;18.7674848;0.1240055487;-0.04718930274;-0.03649916872;7
18.76159334;-4.216153622;1.095912814;8.590232849;18.76958657;0.1215620935;-0.03008509055;-0.01328630932;7
18.76369516;-4.182653904;1.091127157;8.580661774;18.77168839;0.1203403622;-0.01420260593;0.008704823442;7
18.76579694;-4.163511276;1.076770186;8.547162056;18.77379016;0.1166751757;0.002901607659;0.0294742249;7
18.76789876;-4.125226021;1.095912814;8.513663292;18.77589194;0.1166751757;0.02244928107;0.05146535859;7
18.77000053;-4.086941242;1.143769264;8.465806961;18.77799376;0.1130099818;0.04321868345;0.06979130208;7
18.77210235;-4.034298897;1.158126116;8.475378036;18.78009553;0.1093447953;0.06276635826;0.08811724186;7
18.77420412;-3.98165679;1.1820544;8.456234932;18.78219735;0.108123064;0.08231402934;0.1052214578;7
18.77630589;-3.933800459;1.210768223;8.427521706;18.78429912;0.1044578776;0.09697478265;0.1186604798;7
18.77840772;-3.857230186;1.229910851;8.456234932;18.78640089;0.1007926911;0.1140789986;0.1345429718;7
18.78050949;-3.828516245;1.239482164;8.46102047;18.78850272;0.0983492285;0.1238528341;0.150425449;7
18.78261131;-3.790230989;1.249053478;8.48973465;18.79060449;0.09468404204;0.1336266696;0.1675296724;7
18.78471308;-3.761517286;1.268195987;8.556734085;18.79270626;0.09224057943;0.1385135949;0.1821904182;7
18.78681485;-3.75673151;1.258624673;8.575876236;18.79480808;0.08979712427;0.1446222365;0.196851179;7
18.78891667;-3.728017569;1.249053478;8.623732567;18.79690985;0.08857539296;0.1495091617;0.2115119249;7
18.79101845;-3.684946775;1.229910851;8.657232285;18.79901167;0.0849102065;0.1531743407;0.223729223;7
18.79312022;-3.646661758;1.201196909;8.705088615;18.80111345;0.08368847519;0.154396072;0.2335030586;7
18.79522204;-3.570091486;1.172483087;8.748159409;18.80321527;0.08124501258;0.1531743407;0.2408334464;7
18.79732381;-3.503092289;1.115055323;8.796015739;18.80531704;0.07880155742;0.1482874304;0.2481638193;7
18.79942563;-3.421736479;1.091127157;8.87258625;18.80741886;0.07635809481;0.1397353113;0.2530507445;7
18.8015274;-3.364308596;1.062413216;8.953942299;18.80952063;0.07391463965;0.127518028;0.2554942071;7
18.80362923;-3.287738323;1.048056364;9.016156197;18.8116224;0.07269290835;0.1153007299;0.2554942071;7
18.805731;-3.215953588;1.019342422;9.102297783;18.81372423;0.06902772188;0.1018617004;0.2518289983;7
18.80783282;-3.134597778;0.9762716293;9.154939651;18.815826;0.06780599058;0.0847574845;0.2493855506;7
18.80993459;-3.058027267;0.94277215;9.193224907;18.81792777;0.06291907281;0.07009673119;0.2444986254;7
18.81203636;-2.967100143;0.9092726111;9.250652313;18.82002959;0.06047561392;0.05299251899;0.2396117151;7
18.81413818;-2.914458036;0.866201818;9.274580956;18.82213136;0.05558869615;0.03955349326;0.2371682525;7
18.81623996;-2.861815929;0.8327022791;9.312865257;18.82423318;0.05314523727;0.02733619884;0.2347247899;7
18.81834173;-2.861815929;0.8231309652;9.327222824;18.82633496;0.05070177838;0.0175623633;0.2335030586;7
18.82044355;-2.842673302;0.7752745152;9.30807972;18.82843678;0.04703658819;0.01023198478;0.2310595959;7
18.82254532;-2.852244616;0.7704889178;9.3367939;18.83053855;0.04214967042;0.006566796452;0.2335030586;7
18.82464714;-2.81395936;0.7704889178;9.341579437;18.83264032;0.03726275265;0.004123337101;0.2335030586;7
18.82674891;-2.794816732;0.7896314859;9.3367939;18.83474214;0.03359756246;0.007788525894;0.2359465212;7
18.82885074;-2.775674343;0.8087740541;9.355937004;18.83684391;0.03237583488;0.01145371422;0.2359465212;7
18.83095251;-2.746960402;0.8279166222;9.41336441;18.83894574;0.03237583488;0.0175623633;0.2396117151;7
18.83305428;-2.71824646;0.8422735929;9.44207859;18.84104751;0.03359756246;0.02733619884;0.2432768941;7
18.8351561;-2.694318295;0.866201818;9.475577354;18.84314928;0.03481929377;0.0358883068;0.2481638193;7
18.83725787;-2.689532757;0.8853443861;9.533005714;18.84525105;0.03970621154;0.04566214234;0.2567159235;7
18.8393597;-2.675175667;0.9188438654;9.580862045;18.84735287;0.04703658819;0.05910116807;0.2652680278;7
18.84146147;-2.670390129;0.9379864931;9.600004196;18.84945464;0.05070177838;0.0737619251;0.2762635946;7
18.84356324;-2.689532757;0.9667003751;9.662218094;18.85155647;0.06047561392;0.07742711157;0.2835939825;7
18.84566501;-2.71824646;0.9523434043;9.710074425;18.85365824;0.07147117704;0.0847574845;0.2909243405;7
18.84776683;-2.723032236;0.9284151793;9.738788605;18.85576006;0.08246674389;0.09941824526;0.2994764447;7
18.8498686;-2.670390129;0.8853443861;9.824930191;18.85786183;0.09346231073;0.117744185;0.3080285788;7
18.85197042;-2.627319336;0.8422735929;9.949356079;18.85996365;0.102014415;0.1421787739;0.3214675784;7
18.8540722;-2.627319336;0.8470591903;9.958928108;18.86206542;0.1105665267;0.1641699076;0.3361283541;7
18.85617402;-2.670390129;0.866201818;9.911071777;18.8641672;0.1215620935;0.1886045039;0.3532325625;7
18.85827579;-2.737389088;0.8757730722;9.872786522;18.86626897;0.1288924664;0.2118173689;0.370336771;7
18.86037761;-2.809173822;0.8805587292;9.853643417;18.86837079;0.135001123;0.235030219;0.3837758005;7
18.86247938;-2.82831645;0.9188438654;9.839286804;18.87047256;0.1423314959;0.2606865466;0.3959930837;7
18.86458115;-2.823530674;0.9140582681;9.839286804;18.87257438;0.1508836001;0.2900080681;0.4106538594;7
18.86668292;-2.780459881;0.8853443861;9.810572624;18.87467615;0.158213973;0.3193295598;0.424092859;7
18.86878475;-2.756531715;0.8087740541;9.824930191;18.87677798;0.1655443609;0.3474293351;0.4399753511;7
18.87088652;-2.742174864;0.756131947;9.834501266;18.87887975;0.1716530025;0.3730856776;0.4558578432;7
18.87298834;-2.770888567;0.7369893789;9.844072342;18.88098152;0.1826485693;0.3950767815;0.4717403352;7
18.87509011;-2.794816732;0.7465606928;9.896714211;18.88308334;0.1924224049;0.4146244824;0.4851793647;7
18.87719194;-2.833101988;0.7417750359;9.934999466;18.88518511;0.2034179717;0.4292852283;0.4986183643;7
18.87929371;-2.823530674;0.7226324677;9.997213364;18.88728694;0.2168570012;0.4402807951;0.5083922148;7
18.88139548;-2.804388046;0.6843472719;10.04506969;18.88938871;0.2290742993;0.4476111531;0.5193877816;7
18.8834973;-2.723032236;0.6604190469;10.08814049;18.89149053;0.2425133139;0.4476111531;0.5267181396;7
18.88559907;-2.632104874;0.6125625968;10.12164021;18.8935923;0.2522871494;0.4439459741;0.5316050649;7
18.88770089;-2.569891453;0.5742774606;10.15992451;18.89569407;0.2632827163;0.4402807951;0.5352702737;7
18.88980266;-2.502892494;0.5455635786;10.15035343;18.89779589;0.2730565667;0.4366155863;0.5364919901;7
18.89190449;-2.431107759;0.5120640397;10.15035343;18.89989766;0.2828303874;0.428063482;0.5364919901;7
18.89400626;-2.349751949;0.4785645306;10.08814049;18.90199949;0.2864955962;0.4219548404;0.5316050649;7
18.89610803;-2.277967215;0.4354937077;10.06421185;18.90410126;0.2950477004;0.4146244824;0.5254964232;7
18.89820985;-2.182254314;0.4019941986;10.04985523;18.90620308;0.2999345958;0.4024071693;0.520609498;7
18.90031162;-2.11046958;0.3924229145;10.00678444;18.90830485;0.304821521;0.3901898861;0.51327914;7
18.90241344;-2.000399828;0.3780659735;9.939785004;18.91040662;0.3097084463;0.374307394;0.504727006;7
18.90451522;-1.8855443;0.3972085714;9.87757206;18.91250839;0.3121519089;0.358424902;0.4986183643;7
18.90661704;-1.813759565;0.4354937077;9.772287369;18.91461022;0.3145953715;0.3400989771;0.4912880063;7
18.90871881;-1.727617979;0.4642075896;9.657432556;18.91671199;0.3158170879;0.3229947388;0.4864010811;7
18.91082058;-1.674975872;0.4977070987;9.556933403;18.91881381;0.3121519089;0.3058905303;0.4815141559;7
18.91292235;-1.631905079;0.5216353536;9.418149948;18.92091558;0.3097084463;0.2900080681;0.4790706933;7
18.91502417;-1.579262972;0.5359922647;9.245866776;18.9230174;0.3035998046;0.2802342176;0.4766272306;7
18.91712595;-1.55054903;0.5934200287;9.097511292;18.92511917;0.2901607752;0.2643517256;0.4741837978;7
18.91922777;-1.545763373;0.6460621357;8.920442581;18.92722095;0.2767217457;0.2386954129;0.4717403352;7
18.92132954;-1.531406522;0.6891329288;8.762516975;18.92932272;0.2632827163;0.2179260105;0.46685341;7
18.92343136;-1.493121386;0.6843472719;8.642875671;18.93142454;0.2486219704;0.2081521749;0.463188231;7
18.92553313;-1.397408366;0.6699903607;8.614161491;18.93352636;0.2327394783;0.1996000707;0.4607447684;7
18.9276349;-1.325623751;0.6604190469;8.499305725;18.93562813;0.2107483447;0.1959348768;0.4619664848;7
18.92973667;-1.31126678;0.70348984;8.346165657;18.9377299;0.1875354946;0.1873827726;0.4656316638;7
18.9318385;-1.316052437;0.7800601721;8.216953278;18.93983173;0.1655443609;0.1800523996;0.4717403352;7
18.93394032;-1.339980721;0.8614161611;8.126026154;18.9419335;0.1423314959;0.1763872057;0.4778489769;7
18.93604209;-1.325623751;0.9379864931;8.044670105;18.94403532;0.1203403622;0.1739437431;0.4827359021;7
18.93814386;-1.306481123;0.9475577474;7.996813297;18.94613709;0.102014415;0.1727220118;0.4876227975;7
18.94024568;-1.253839016;0.9332008362;7.987242222;18.94823886;0.08613193035;0.1751654744;0.4925097227;7
18.94234746;-1.177268744;0.9284151793;7.99202776;18.95034068;0.06902772188;0.1763872057;0.4998401105;7
18.94444928;-1.11984098;0.9188438654;8.020741463;18.95244246;0.05436696485;0.1788306683;0.5071704984;7
18.94655105;-1.057627559;0.9284151793;8.039883614;18.95454428;0.04092793912;0.1886045039;0.5145008564;7
18.94865282;-1.014556766;0.9284151793;8.044670105;18.95664605;0.02871064469;0.1959348768;0.5267181396;7
18.95075464;-1.000199914;0.9619147182;8.08295536;18.95874782;0.01893680729;0.2093739063;0.5352702737;7
18.95285641;-0.9762716293;0.9954141974;8.111668587;18.96084964;0.00916297175;0.227699846;0.5462658405;7
18.95495824;-0.9667003751;1.000199914;8.121239662;18.96295141;-0.0006108647794;0.2509126961;0.556039691;7
18.95706001;-0.9188438654;0.9858429432;8.121239662;18.96505319;-0.007941242307;0.2826776803;0.5670352578;7
18.95916178;-0.8853443861;0.94277215;8.130811691;18.96715501;-0.01527161989;0.311999172;0.5780308247;7
18.9612636;-0.8231309652;0.890130043;8.140382767;18.96925678;-0.02138026804;0.3449858725;0.5878046155;7
18.96336537;-0.7465606928;0.8518448472;8.159524918;18.9713586;-0.02748891525;0.3791943192;0.5975784659;7
18.96546714;-0.6699903607;0.8183453679;8.197810173;18.97346037;-0.02993237413;0.4146244824;0.6061306;7
18.96756897;-0.6029912829;0.7896314859;8.269595146;18.9755622;-0.03481929377;0.4488328993;0.6146826744;7
18.96967074;-0.5359922647;0.784845829;8.341380119;18.97766397;-0.03726275265;0.4879282415;0.6220130324;7
18.97177256;-0.4642075896;0.7800601721;8.341380119;18.97976574;-0.03970621154;0.5270236135;0.6293434501;7
18.97387433;-0.4019941986;0.7417750359;8.384450912;18.98186756;-0.04092793912;0.5685623884;0.6330085993;7
18.97597615;-0.3302095234;0.708275497;8.374878883;18.98396933;-0.043371398;0.6162098646;0.6354520917;7
18.97807792;-0.2584248483;0.6652047038;8.408378601;18.9860711;-0.043371398;0.658970356;0.6354520917;7
18.9801797;-0.1866401732;0.5934200287;8.422736168;18.98817292;-0.04092793912;0.7005091906;0.6366738081;7
18.98228152;-0.1052841991;0.5599204898;8.465806961;18.9902747;-0.043371398;0.7396045327;0.6354520917;7
18.98438329;-0.0239282269;0.5072783828;8.51844883;18.99237652;-0.04092793912;0.7762564421;0.6317868829;7
18.98648506;0.0382851623;0.4689932466;8.561519623;18.99447829;-0.03726275265;0.8067996502;0.6244565248;7
18.98858688;0.1387837082;0.4115654826;8.628518105;18.99658011;-0.03604102135;0.8324559927;0.620791316;7
18.99068865;0.2057827413;0.3924229145;8.714659691;18.99868188;-0.03359756246;0.85322541;0.6146826744;7
18.99279048;0.2919243574;0.3876372576;8.776873589;19.00078365;-0.03359756246;0.8691078424;0.6110175252;7
18.99489225;0.3254238665;0.3972085714;8.84387207;19.00288542;-0.03726275265;0.8825469017;0.6085740328;7
18.99699407;0.3302095234;0.4307080805;8.834300995;19.00498725;-0.04092793912;0.8959859014;0.6061306;7
18.99909584;0.2823530734;0.4259224236;8.863015175;19.00708902;-0.04459312931;0.8996511102;0.604908824;7
19.00119761;0.2153540403;0.4211367965;8.877371788;19.00919084;-0.05192350596;0.9057597518;0.6036871076;7
19.00329938;0.1627119333;0.4019941986;8.920442581;19.01129261;-0.05681042373;0.9082031846;0.6000219584;7
19.00540121;0.1292124242;0.3828516304;8.977870941;19.01339444;-0.06536252797;0.902094543;0.5988001823;7
19.00750298;0.1244267747;0.3732803464;9.064012527;19.01549621;-0.07147117704;0.8837686181;0.5939132571;7
19.0096048;0.09571290761;0.3158525825;9.107083321;19.01759798;-0.07635809481;0.8617774844;0.5865828991;7
19.01170657;0.05742774159;0.2488535494;9.198010445;19.0196998;-0.07757982612;0.8336777091;0.5804742575;7
19.01380839;0.09571290761;0.1244267747;9.437292099;19.02180157;-0.07757982612;0.8006910086;0.5743656158;7
19.01591016;0.1435693651;0.0765703246;9.671789169;19.02390334;-0.07635809481;0.7628173828;0.5694786906;7
19.01801194;0.1770688742;0.09092725813;9.810572624;19.02600516;-0.07635809481;0.7261655331;0.5682569742;7
19.02011376;0.1627119333;0.1531406492;9.915857315;19.02810694;-0.07513637096;0.6834049821;0.5694786906;7
19.02221553;0.1100698411;0.2201396823;9.997213364;19.03020876;-0.07147117704;0.6418661475;0.5731438994;7
19.0243173;0.0143569354;0.2440679073;10.09292603;19.03231053;-0.07147117704;0.5966621637;0.5780308247;7
19.02641912;-0.1100698411;0.2584248483;10.17428207;19.0344123;-0.07269290835;0.5539016128;0.5841394663;7
19.02852089;-0.1962114573;0.2488535494;10.25563812;19.03651412;-0.06902772188;0.4977020919;0.5902481079;7
19.03062272;-0.2679961324;0.2536391914;10.24606609;19.03861594;-0.06780599058;0.4427242577;0.5939132571;7
19.03272449;-0.3493520916;0.1770688742;10.23170948;19.04071772;-0.06658425927;0.3950767815;0.5988001823;7
19.03482626;-0.3014956415;0.1004985496;10.31785107;19.04281949;-0.06780599058;0.3559814394;0.6036871076;7
19.03692808;-0.2488535494;0.06221338734;10.34177971;19.04492131;-0.07147117704;0.3229947388;0.6110175252;7
19.0390299;-0.1914258152;0.09092725813;10.2652092;19.04702308;-0.07635809481;0.2936732471;0.6195695996;7
19.04113167;-0.1435693651;0.1627119333;10.18863869;19.04912485;-0.0849102065;0.2704603672;0.6330085993;7
19.04323345;-0.1387837082;0.2344966233;10.10728264;19.05122667;-0.09224057943;0.258243084;0.6476693749;7
19.04533527;-0.1244267747;0.2967100143;9.973284721;19.05332845;-0.1044578776;0.2521344423;0.6598866582;7
19.04743704;-0.1196411327;0.3302095234;9.882357597;19.05543027;-0.1154534444;0.2509126961;0.670882225;7
19.04953881;-0.05264209956;0.3397808075;9.810572624;19.05753204;-0.1252272725;0.2557996213;0.6818777919;7
19.05164063;0.02871387079;0.3158525825;9.777072906;19.05963386;-0.1374445707;0.2594648004;0.6916516423;7
19.0537424;0.1483550072;0.2919243574;9.743574142;19.06173563;-0.1472184062;0.2667951882;0.7026472092;7
19.05584423;0.2584248483;0.2584248483;9.753145218;19.0638374;-0.1569922417;0.2716821134;0.7124210596;7
19.057946;0.3876372576;0.2536391914;9.738788605;19.06593923;-0.1655443609;0.2802342176;0.720973134;7
19.06004782;0.5120640397;0.2440679073;9.734002113;19.068041;-0.1716530025;0.2887863219;0.7295252681;7
19.06214959;0.5934200287;0.2249253243;9.710074425;19.07014282;-0.1765399277;0.2961167097;0.7356339097;7
19.06425136;0.6747759581;0.2009970993;9.705288887;19.07224459;-0.1826485693;0.3046688139;0.7417425513;7
19.06635318;0.7465606928;0.1483550072;9.738788605;19.07434636;-0.185092032;0.3144426346;0.7441860437;7
19.06845496;0.8566305041;0.1148554832;9.772287369;19.07644818;-0.188757211;0.324216485;0.7454077601;7
19.07055678;0.9667003751;0.09571290761;9.8201437;19.07854996;-0.1912006736;0.3327685893;0.7490729094;7
19.07265855;1.067198873;0.07178468257;9.834501266;19.08065173;-0.1948658675;0.3400989771;0.747851193;7
19.07476032;1.162911773;0.04307080805;9.906285286;19.08275355;-0.1973093301;0.3486510813;0.7490729094;7
19.07686214;1.220339537;0.0239282269;9.925428391;19.08485537;-0.1973093301;0.3559814394;0.7490729094;7
19.07896391;1.301695466;0.0143569354;9.958928108;19.08695714;-0.2021962404;0.3657552898;0.747851193;7
19.08106569;1.368694544;-0.0143569354;9.944570541;19.08905891;-0.2034179717;0.377972573;0.7466294765;7
19.08316751;1.426122308;-0.02871387079;9.906285286;19.09116074;-0.204639703;0.3901898861;0.7466294765;7
19.08526933;1.464407444;-0.0143569354;9.887143135;19.09326251;-0.204639703;0.3975202441;0.7441860437;7
19.0873711;1.473978758;-0.01914258115;9.84885788;19.09536428;-0.2034179717;0.4011854529;0.7454077601;7
19.08947287;1.50269258;-0.05742774159;9.844072342;19.0974661;-0.2034179717;0.4024071693;0.7417425513;7
19.0915747;1.540977836;-0.04307080805;9.906285286;19.09956787;-0.2021962404;0.4011854529;0.7392991185;7
19.09367647;1.579262972;-0.004785645287;9.896714211;19.10166964;-0.2034179717;0.3962985277;0.7405208349;7
19.09577824;1.603191137;0.0382851623;9.896714211;19.10377147;-0.1997527778;0.3950767815;0.7392991185;7
19.09788006;1.612762451;0.05264209956;9.887143135;19.10587324;-0.1960875988;0.3950767815;0.7392991185;7
19.09998183;1.641476393;0.02871387079;9.915857315;19.10797506;-0.1973093301;0.3999637067;0.7429642677;7
19.1020836;1.689332843;0.05264209956;9.915857315;19.11007683;-0.1997527778;0.4060723484;0.747851193;7
19.10418542;1.684547186;0.08135596663;9.87757206;19.11217865;-0.1997527778;0.4072940946;0.7539598346;7
19.1062872;1.665404558;0.09092725813;9.810572624;19.11428042;-0.204639703;0.408515811;0.7588467598;7
19.10838902;1.651047587;0.1052841991;9.743574142;19.1163822;-0.204639703;0.408515811;0.763733685;7
19.11049079;1.689332843;0.1196411327;9.729216576;19.11848397;-0.2070831656;0.4072940946;0.7722858191;7
19.11259261;1.756331801;0.1579262912;9.7196455;19.12058579;-0.211970076;0.4036289155;0.7783944607;7
19.11469438;1.832902193;0.1866401732;9.734002113;19.12268756;-0.2144135386;0.4060723484;0.7869465351;7
19.11679615;1.8855443;0.2201396823;9.7196455;19.12478938;-0.2168570012;0.404850632;0.7991638184;7
19.11889792;1.928615093;0.2009970993;9.743574142;19.12689115;-0.2217439115;0.4036289155;0.8052725196;7
19.12099975;1.942971945;0.1914258152;9.801001549;19.12899298;-0.2229656428;0.4024071693;0.8162680864;7
19.12310152;1.971685886;0.1579262912;9.906285286;19.13109475;-0.2241873741;0.4036289155;0.8223767281;7
19.12520334;2.009970903;0.1339980662;9.992427826;19.13319652;-0.2290742993;0.3938550651;0.8272636533;7
19.12730511;2.091326952;0.1004985496;10.11685371;19.13529834;-0.2241873741;0.3804160357;0.8248201609;7
19.12940694;2.215753794;0.0239282269;10.27956581;19.13740011;-0.2205221802;0.3657552898;0.8187115192;7
19.13150871;2.388036966;-0.0382851623;10.43749237;19.13950194;-0.2131918073;0.3498727977;0.8101593852;7
19.13361048;2.603390932;-0.1004985496;10.60020447;19.14160371;-0.2070831656;0.3266599476;0.797942102;7
19.1357123;2.823530674;-0.1914258152;10.77248764;19.14370553;-0.2009745091;0.3034470677;0.7783944607;7
19.13781407;3.029313564;-0.2967100143;10.90648556;19.1458073;-0.1899789423;0.2790125012;0.7588467598;7
19.13991589;3.201596737;-0.4450650215;11.07876873;19.14790907;-0.1826485693;0.2521344423;0.7356339097;7
19.14201766;3.359523058;-0.5647061467;11.19841003;19.15001089;-0.1679878086;0.2264781147;0.7075341344;7
19.14411949;3.522234917;-0.6939185858;11.3132658;19.15211266;-0.158213973;0.1971566081;0.6769908667;7
19.14622126;3.66101861;-0.8039883971;11.42333508;19.15421449;-0.1447749585;0.1702785641;0.6440041661;7
19.14832303;3.799802303;-0.890130043;11.5142622;19.15631626;-0.131335929;0.1446222365;0.6073523164;7
19.15042485;3.957728624;-0.9667003751;11.59083271;19.15841803;-0.1154534444;0.1214093715;0.570700407;7
19.15252662;4.086941242;-1.019342422;11.65304661;19.1605198;-0.1007926911;0.09697478265;0.5328267813;7
19.15462844;4.206582069;-1.057627559;11.71525955;19.16262162;-0.08368847519;0.07620538026;0.4961749315;7
19.15673022;4.292723656;-1.076770186;11.74875927;19.16472339;-0.06658425927;0.05787943676;0.4583013058;7
19.15883199;4.354937077;-1.081555843;11.78704453;19.16682522;-0.05192350596;0.04077522457;0.4192059636;7
19.16093376;4.388436794;-1.062413216;11.81097221;19.16892699;-0.03481929377;0.02855792828;0.3837758005;7
19.16303558;4.421936035;-1.048056364;11.78225899;19.17102876;-0.02015853859;0.01878409274;0.3495673835;7
19.16513735;4.42672205;-1.024128079;11.70568848;19.17313058;-0.003054323839;0.0126754446;0.3178023994;7
19.16723917;4.369294167;-1.009771109;11.65783215;19.17523235;0.00916297175;0.01145371422;0.2872591615;7
19.16934095;4.302295208;-0.9858429432;11.57169056;19.17733417;0.02626718581;0.01634063199;0.2628245652;7
19.17144272;4.192225456;-0.94277215;11.52861977;19.17943594;0.03970621154;0.02611446939;0.2383899838;7
19.17354454;4.053441525;-0.9140582681;11.47597694;19.18153777;0.05314523727;0.03344484791;0.220064044;7
19.17564631;3.909872293;-0.8566305041;11.39462185;19.18363954;0.06780599058;0.03955349326;0.2041815519;7
19.17774813;3.75673151;-0.784845829;11.29890823;19.18574136;0.08368847519;0.04566214234;0.1919642538;7
19.1798499;3.613162279;-0.6891329288;11.28455162;19.18784313;0.0971274972;0.05787943676;0.1821904182;7
19.18195173;3.512663603;-0.5934200287;11.28455162;19.1899449;0.111788258;0.07131846249;0.1760817766;7
19.1840535;3.402593851;-0.4689932466;11.24148083;19.19204673;0.1240055487;0.07987056673;0.1748600453;7
19.18615532;3.259024382;-0.3493520916;11.11705399;19.1941485;0.1337793916;0.09208786488;0.1748600453;7
19.18825709;3.129812002;-0.2488535494;11.02134132;19.19625032;0.1447749585;0.1079703495;0.1760817766;7
19.19035886;2.995813847;-0.1531406492;10.88734341;19.19835209;0.1521053314;0.1226311028;0.1797469556;7
19.19246068;2.871387243;-0.0765703246;10.75813103;19.20045386;0.158213973;0.1397353113;0.1882990748;7
19.19456246;2.770888567;0.01914258115;10.60499001;19.20255568;0.158213973;0.1507308781;0.1931859851;7
19.19666428;2.689532757;0.1052841991;10.44706345;19.20465746;0.1569922417;0.1531743407;0.200516358;7
19.19876605;2.612962246;0.1627119333;10.29870892;19.20675928;0.154548794;0.1653916389;0.2066250145;7
19.20086782;2.550748825;0.2153540403;10.18863869;19.20886105;0.1484401375;0.1837175786;0.2115119249;7
19.20296964;2.531606436;0.2249253243;10.13599682;19.21096282;0.138666302;0.2081521749;0.2176205814;7
19.20507141;2.531606436;0.2392822653;9.997213364;19.21306464;0.1227838174;0.2325867712;0.2273944169;7
19.20717324;2.49332118;0.2632105052;9.844072342;19.21516641;0.1105665267;0.2545779049;0.2359465212;7
19.20927501;2.469393015;0.3254238665;9.700503349;19.21726819;0.09468404204;0.2753472924;0.2444986254;7
19.21137678;2.421536446;0.4019941986;9.595218658;19.21937001;0.07391463965;0.2948949635;0.2506072819;7
19.2134786;2.416750908;0.4450650215;9.547362328;19.22147178;0.05803215504;0.311999172;0.2542724609;7
19.21558037;2.416750908;0.4785645306;9.552147865;19.22357355;0.03970621154;0.324216485;0.2554942071;7
19.21768214;2.416750908;0.4881358147;9.552147865;19.22567537;0.02260199748;0.3352120519;0.2567159235;7
19.21978397;2.440679073;0.4689932466;9.576076508;19.2277772;0.007941242307;0.3437641561;0.2542724609;7
19.22188574;2.445464849;0.4354937077;9.600004196;19.22987897;-0.007941242307;0.3437641561;0.2530507445;7
19.22398751;2.431107759;0.4115654826;9.662218094;19.23198074;-0.02382372692;0.3413206935;0.2493855506;7
19.22608933;2.373680115;0.3732803464;9.724431038;19.23408256;-0.03359756246;0.3364337683;0.246942088;7
19.22819115;2.316252232;0.3445664644;9.834501266;19.23618433;-0.04092793912;0.327881664;0.2444986254;7
19.23029292;2.230110645;0.3206382394;9.95414257;19.2382861;-0.04825831577;0.3156643808;0.2408334464;7
19.2323947;2.129612207;0.2871387303;10.09292603;19.24038787;-0.05314523727;0.2961167097;0.2396117151;7
19.23449652;2.033899307;0.2632105052;10.25563812;19.24248975;-0.05436696485;0.2716821134;0.2408334464;7
19.23659829;1.914258122;0.2584248483;10.39442158;19.24459147;-0.05192350596;0.2448040545;0.2408334464;7
19.23870006;1.785045743;0.2584248483;10.57627583;19.24669329;-0.04948004708;0.2142608166;0.2432768941;7
19.24080183;1.636690736;0.2584248483;10.77248764;19.24879511;-0.04581485689;0.1763872057;0.2444986254;7
19.24290371;1.512263894;0.2632105052;10.89691448;19.25089688;-0.03848448023;0.1372918636;0.2444986254;7
19.24500542;1.402194023;0.2727817893;11.05005455;19.25299865;-0.02993237413;0.09453132749;0.246942088;7
19.24710725;1.316052437;0.2967100143;11.15533924;19.25510048;-0.01527161989;0.0542142503;0.246942088;7
19.24920907;1.249053478;0.2967100143;11.26062298;19.25720225;-0.006719512399;0.01023198478;0.246942088;7
19.25131084;1.205982566;0.3062812984;11.34676456;19.25930402;0.005497782957;-0.03619373962;0.246942088;7
19.25341261;1.158126116;0.3349951804;11.42333508;19.26140584;0.01404988952;-0.07528908551;0.2444986254;7
19.25551444;1.115055323;0.3302095234;11.46162033;19.26350761;0.02626718581;-0.1143844277;0.2396117151;7
19.25761621;1.057627559;0.3110669553;11.45204926;19.26560938;0.03726275265;-0.1547015011;0.2359465212;7
19.25971798;1.043270707;0.2871387303;11.413764;19.26771121;0.04459312931;-0.1962403059;0.2298378795;7
19.2618198;1.033699393;0.2919243574;11.36590767;19.26981298;0.05436696485;-0.231670469;0.2225074917;7
19.26392157;1.057627559;0.2679961324;11.30369377;19.2719148;0.05925388262;-0.258548528;0.2151771188;7
19.26602334;1.13419795;0.2488535494;11.20319557;19.27401657;0.06414080411;-0.2854265571;0.2066250145;7
19.26812516;1.158126116;0.2297109663;11.07398319;19.27611839;0.06658425927;-0.3074176908;0.1980729103;7
19.27022694;1.16769743;0.2344966233;10.93519974;19.27822016;0.06780599058;-0.3233001828;0.1895207912;7
19.27232876;1.186840057;0.2584248483;10.78205872;19.28032194;0.07147117704;-0.3318522871;0.1834121495;7
19.27443053;1.16769743;0.2823530734;10.61934662;19.28242376;0.06780599058;-0.3367392123;0.1785252392;7
19.27653235;1.11984098;0.3254238665;10.44227791;19.28452553;0.06658425927;-0.3404043913;0.1724165827;7
19.27863412;1.115055323;0.3637090325;10.31306553;19.28662735;0.06658425927;-0.3391826749;0.1675296724;7
19.28073589;1.048056364;0.4163511395;10.15992451;19.28872912;0.06414080411;-0.3379609287;0.1638644785;7
19.28283772;1.000199914;0.4450650215;10.04985523;19.29083094;0.0616973415;-0.3294088244;0.1650862098;7
19.28493949;0.9667003751;0.4833501875;9.939785004;19.29293272;0.05925388262;-0.3208567202;0.1663079411;7
19.28704131;0.8949156404;0.5407779217;9.824930191;19.29503449;0.05803215504;-0.3098611534;0.1687513888;7
19.28914308;0.837487936;0.5838487148;9.729216576;19.29713631;0.05681042373;-0.3013090491;0.173638314;7
19.2912449;0.760917604;0.6604190469;9.638289452;19.29923808;0.05925388262;-0.2964221239;0.1785252392;7
19.29334667;0.70348984;0.708275497;9.576076508;19.30133985;0.05681042373;-0.2952004075;0.1834121495;7
19.29544844;0.6460621357;0.756131947;9.51386261;19.30344167;0.05436696485;-0.2927569449;0.1870773435;7
19.29755027;0.6317051649;0.784845829;9.451649666;19.30554344;0.05192350596;-0.2952004075;0.1931859851;7
19.29965204;0.6412764788;0.8039883971;9.41336441;19.30764527;0.04825831577;-0.2903134823;0.2029598206;7
19.30175381;0.6317051649;0.8566305041;9.332008362;19.30974704;0.03848448023;-0.2890917659;0.2151771188;7
19.30385563;0.5790630579;0.8997012973;9.260223389;19.31184881;0.02871064469;-0.2903134823;0.2286161482;7
19.3059574;0.4929214716;0.9858429432;9.135796547;19.31395063;0.01771507785;-0.2878700197;0.2444986254;7
19.30805923;0.4163511395;1.033699393;9.05922699;19.3160524;0.003054323839;-0.278096199;0.2591593862;7
19.310161;0.3637090325;1.03848505;8.953942299;19.31815423;-0.01282816008;-0.2695440948;0.2725984156;7
19.31226277;0.3349951804;1.033699393;8.853444099;19.320256;-0.03115410358;-0.2646571696;0.2860374451;7
19.31436459;0.3541377485;1.014556766;8.786444664;19.32235777;-0.04459312931;-0.2561050653;0.2958112657;7
19.31646636;0.4115654826;1.009771109;8.719446182;19.32445959;-0.06414080411;-0.2499964088;0.3043633699;7
19.31856818;0.4785645306;0.9858429432;8.719446182;19.32656136;-0.08124501258;-0.2414443046;0.3092502952;7
19.32066996;0.5503492355;0.9475577474;8.690732002;19.32866313;-0.09957095981;-0.235335663;0.3129154742;7
19.32277173;0.626919508;0.9332008362;8.690732002;19.33076496;-0.1166751757;-0.2292270064;0.3153589368;7
19.32487355;0.6747759581;0.8853443861;8.714659691;19.33286673;-0.1325576603;-0.2218966335;0.316580683;7
19.32697532;0.7178468108;0.8279166222;8.719446182;19.33496855;-0.1484401375;-0.212122798;0.3153589368;7
19.32907709;0.7704889178;0.7896314859;8.748159409;19.33707032;-0.161879167;-0.2023489624;0.3153589368;7
19.33117891;0.8039883971;0.7369893789;8.810373306;19.33917214;-0.1728747338;-0.1974620372;0.3153589368;7
19.33328069;0.8279166222;0.6843472719;8.886942863;19.34127391;-0.181426838;-0.188909933;0.3141372204;7
19.33538251;0.8470591903;0.6604190469;8.968298912;19.34337568;-0.1899789423;-0.1828012913;0.3141372204;7
19.33748428;0.8757730722;0.6364908218;9.054440498;19.34547751;-0.1960875988;-0.18157956;0.3116937578;7
19.3395861;0.890130043;0.6173482537;9.193224907;19.34757928;-0.1985310465;-0.1791360974;0.3104720116;7
19.34168787;0.9140582681;0.5982056856;9.30807972;19.3496811;-0.1997527778;-0.1779143661;0.3092502952;7
19.34378964;0.9284151793;0.5934200287;9.437292099;19.35178287;-0.1997527778;-0.1766926348;0.3068068326;7
19.34589147;0.9523434043;0.5503492355;9.576076508;19.35388464;-0.1985310465;-0.1766926348;0.3055851161;7
19.34799324;0.9619147182;0.5407779217;9.667003632;19.35598647;-0.1960875988;-0.1803578287;0.3006981909;7
19.35009506;0.9667003751;0.4929214716;9.772287369;19.35808824;-0.1899789423;-0.18157956;0.2945895493;7
19.35219683;1.009771109;0.4594219327;9.87757206;19.36019006;-0.185092032;-0.1852447391;0.2884808779;7
19.3542986;1.033699393;0.4354937077;10.0019989;19.36229183;-0.1765399277;-0.1876882017;0.2823722363;7
19.35640042;1.052842021;0.3780659735;10.08335495;19.3643936;-0.1692095399;-0.188909933;0.2725984156;7
19.3585022;1.095912814;0.3158525825;10.16949654;19.36649542;-0.158213973;-0.1937968582;0.2603811026;7
19.36060402;1.143769264;0.2632105052;10.22692394;19.3685972;-0.1472184062;-0.1913533956;0.246942088;7
19.36270579;1.196411371;0.1914258152;10.28913784;19.37069897;-0.1374445707;-0.1913533956;0.2335030586;7
19.36480756;1.272981644;0.1196411327;10.32742214;19.37280079;-0.1227838174;-0.1876882017;0.2151771188;7
19.36690938;1.354337573;0.06221338734;10.39920712;19.37490256;-0.1093447953;-0.18157956;0.1931859851;7
19.36901115;1.430907965;-0.004785645287;10.40877819;19.37700438;-0.09224057943;-0.1766926348;0.1748600453;7
19.37111292;1.521835208;-0.05264209956;10.46142101;19.37910615;-0.07635809481;-0.1693622619;0.1553123742;7
19.37321475;1.593619823;-0.1004985496;10.50449181;19.38120798;-0.05558869615;-0.1595884264;0.1333212405;7
19.37531652;1.651047587;-0.1148554832;10.55713367;19.38330975;-0.03970621154;-0.1522580534;0.1125518382;7
19.37741834;1.703689694;-0.1435693651;10.59063339;19.38541152;-0.02138026804;-0.1412624866;0.09178243577;7
19.37952011;1.746760488;-0.1531406492;10.62413216;19.38751334;-0.003054323839;-0.1339320987;0.07101303339;7
19.38162194;1.756331801;-0.1627119333;10.65763187;19.38961511;0.01527161989;-0.1253799945;0.05024362728;7
19.38372371;1.746760488;-0.1866401732;10.70070267;19.39171694;0.03237583488;-0.121714808;0.0294742249;7
19.38582548;1.703689694;-0.1866401732;10.70070267;19.39381871;0.05192350596;-0.1168278903;0.01114828233;7
19.3879273;1.651047587;-0.1866401732;10.69591713;19.39592053;0.06658425927;-0.1119409725;-0.005955931731;7
19.39002907;1.607976794;-0.1962114573;10.65763187;19.3980223;0.0849102065;-0.1094975099;-0.0242818743;7
19.39213089;1.540977836;-0.2057827413;10.61456108;19.40012407;0.09957095981;-0.1058323234;-0.03894263133;7
19.39423266;1.50269258;-0.1818545163;10.57149029;19.40222589;0.1130099818;-0.1046105921;-0.05360338464;7
19.39633449;1.421336651;-0.1435693651;10.50927734;19.40432766;0.1264490038;-0.09972367436;-0.06337722391;7
19.39843626;1.35912323;-0.1004985496;10.45663452;19.40642949;0.1362228394;-0.09850194305;-0.07315105945;7
19.40053803;1.282552958;-0.04307080805;10.37049294;19.40853126;0.1435532272;-0.09361502528;-0.08048143238;7
19.40263985;1.201196909;-0.009571290575;10.25563812;19.41063303;0.1496618688;-0.08994983882;-0.08659008145;7
19.40474162;1.124626637;0.04307080805;10.13599682;19.4127348;0.1533270627;-0.08261945844;-0.09025526792;7
19.40684344;1.048056364;0.08614161611;10.01156998;19.41483662;0.154548794;-0.07528908551;-0.09147699922;7
19.40894522;0.9571290612;0.1244267747;9.887143135;19.41693839;0.154548794;-0.06551524997;-0.09392046183;7
19.41104699;0.8949156404;0.1483550072;9.767501831;19.41904022;0.1496618688;-0.05696314201;-0.09636391699;7
19.41314876;0.8231309652;0.1914258152;9.643074989;19.42114199;0.1459966749;-0.05207622424;-0.1000291109;7
19.41525058;0.756131947;0.2153540403;9.523433685;19.42324376;0.1398880333;-0.04352411628;-0.1024725661;7
19.41735235;0.732203722;0.2392822653;9.446864128;19.42534558;0.131335929;-0.0374154672;-0.1049160287;7
19.41945417;0.7226324677;0.2919243574;9.346364975;19.42744735;0.1227838174;-0.03130681813;-0.1061377525;7
19.42155594;0.7226324677;0.3541377485;9.274580956;19.42954917;0.1105665267;-0.02641990222;-0.1061377525;7
19.42365772;0.6604190469;0.4211367965;9.183652878;19.43165094;0.0983492285;-0.0190895237;-0.1061377525;7
19.42575954;0.6077769399;0.4642075896;9.111868858;19.43375277;0.0849102065;-0.009315688163;-0.1036942974;7
19.42786131;0.5072783828;0.4785645306;9.044869423;19.43585454;0.07147117704;0.0016798781;-0.1036942974;7
19.42996313;0.4163511395;0.4642075896;8.987442017;19.43795631;0.05558869615;0.009010255337;-0.1000291109;7
19.4320649;0.3349951804;0.4689932466;8.953942299;19.44005813;0.043371398;0.0175623633;-0.09636391699;7
19.43416673;0.2488535494;0.4498506486;8.920442581;19.4421599;0.02871064469;0.02000582218;-0.09392046183;7
19.4362685;0.1674975902;0.4307080805;8.930013657;19.44426167;0.01771507785;0.02122755162;-0.08903354406;7
19.43837027;0.1148554832;0.4498506486;8.934800148;19.4463635;0.004276053514;0.02000582218;-0.08414662629;7
19.44047209;0.06221338734;0.4737788737;8.953942299;19.44846527;-0.00916297175;0.01878409274;-0.08048143238;7
19.44257386;0.0143569354;0.4785645306;8.987442017;19.45056709;-0.02015853859;0.01634063199;-0.07803797722;7
19.44467563;-0.0143569354;0.5024927258;9.020941734;19.45266886;-0.03237583488;0.01023198478;-0.07315105945;7
19.44677746;-0.04307080805;0.5072783828;9.044869423;19.45477063;-0.04214967042;0.006566796452;-0.07315105945;7
19.44887923;-0.07178468257;0.5359922647;9.064012527;19.45687246;-0.05070177838;0.0016798781;-0.06948586553;7
19.45098105;-0.08614161611;0.5264210105;9.097511292;19.45897423;-0.05925388262;0.0016798781;-0.06826414168;7
19.45308282;-0.1148554832;0.5120640397;9.131011009;19.46107605;-0.06780599058;-0.001985310577;-0.06704241037;7
19.45518459;-0.1292124242;0.5120640397;9.145368576;19.46317782;-0.07513637096;-0.004428769462;-0.06582067907;7
19.45728641;-0.1244267747;0.5120640397;9.164510727;19.46527964;-0.08368847519;-0.004428769462;-0.06582067907;7
19.45938818;-0.1483550072;0.5024927258;9.198010445;19.46738141;-0.09101885557;-0.001985310577;-0.06337722391;7
19.46149001;-0.1627119333;0.5120640397;9.193224907;19.46948318;-0.09590577334;0.002901607659;-0.0609337613;7
19.46359178;-0.1579262912;0.4977070987;9.198010445;19.47158501;-0.102014415;0.01023198478;-0.05726857483;7
19.4656936;-0.2009970993;0.4977070987;9.212367058;19.47368678;-0.108123064;0.01878409274;-0.05482511222;7
19.46779537;-0.2201396823;0.4785645306;9.226723671;19.47578855;-0.108123064;0.02733619884;-0.04871646687;7
19.46989714;-0.2584248483;0.4689932466;9.30807972;19.47789037;-0.1093447953;0.03833176568;-0.0426078178;7
19.47199897;-0.2919243574;0.4881358147;9.332008362;19.47999214;-0.1093447953;0.04688387364;-0.03894263133;7
19.47410074;-0.2919243574;0.4785645306;9.418149948;19.48209391;-0.1069013327;0.05665770918;-0.03283398226;7
19.47620251;-0.3206382394;0.4881358147;9.480362892;19.48419574;-0.09957095981;0.06765327603;-0.02916879393;7
19.47830433;-0.3014956415;0.4594219327;9.580862045;19.48629751;-0.08979712427;0.07498364896;-0.02550360374;7
19.4804061;-0.2919243574;0.4642075896;9.676574707;19.48839933;-0.08368847519;0.08109229803;-0.02306014486;7
19.48250787;-0.2727817893;0.4546363056;9.786644936;19.4905011;-0.07269290835;0.0859792158;-0.02183841541;7
19.4846097;-0.2584248483;0.4546363056;9.891928673;19.49260287;-0.06047561392;0.0859792158;-0.02306014486;7
19.48671147;-0.2153540403;0.4259224236;9.992427826;19.4947047;-0.04825831577;0.08353576064;-0.0242818743;7
19.48881329;-0.1914258152;0.4115654826;10.04985523;19.49680647;-0.03359756246;0.07987056673;-0.02672533318;7
19.49091506;-0.1722832322;0.3876372576;10.13599682;19.49890829;-0.02260199748;0.07009673119;-0.02916879393;7
19.49301683;-0.1339980662;0.3445664644;10.19820976;19.50101006;-0.007941242307;0.06154462695;-0.03527744114;7
19.49511865;-0.08614161611;0.3254238665;10.24128056;19.50311188;0.005497782957;0.04932733253;-0.04016435891;7
19.49722042;-0.03349951655;0.2919243574;10.2652092;19.50521365;0.01282816008;0.03955349326;-0.04749473557;7
19.49932225;0.0382851623;0.2344966233;10.27956581;19.50731548;0.02260199748;0.02855792828;-0.05482511222;7
19.50142402;0.1004985496;0.2153540403;10.24606609;19.50941725;0.02871064469;0.01511890348;-0.06337722391;7
19.50352584;0.1483550072;0.1914258152;10.21256733;19.51151902;0.03359756246;0.002901607659;-0.0743727833;7
19.50562761;0.2201396823;0.1579262912;10.164711;19.51362084;0.03481929377;-0.01175914705;-0.08414662629;7
19.50772944;0.2392822653;0.1339980662;10.09292603;19.51572261;0.03726275265;-0.02397644334;-0.09392046183;7
19.50983121;0.2775674164;0.1244267747;10.01156998;19.51782438;0.03359756246;-0.0374154672;-0.1024725661;7
19.51193298;0.2823530734;0.1339980662;9.882357597;19.51992621;0.02748891525;-0.05207622424;-0.1110246703;7
19.5140348;0.2823530734;0.1579262912;9.777072906;19.52202798;0.02015853859;-0.06307178736;-0.1171333194;7
19.51613657;0.2488535494;0.1914258152;9.647860527;19.5241298;0.01160643063;-0.07773254067;-0.1220202371;7
19.51823834;0.2344966233;0.2201396823;9.552147865;19.52623157;-0.0006108647794;-0.08628465235;-0.1269071549;7
19.52034016;0.2009970993;0.2344966233;9.437292099;19.52833334;-0.01404988952;-0.09483675659;-0.1293506175;7
19.52244194;0.1627119333;0.2584248483;9.3367939;19.53043516;-0.02748891525;-0.1009454057;-0.1293506175;7
19.52454376;0.1244267747;0.3014956415;9.241081238;19.53253694;-0.04214967042;-0.102167137;-0.1281288862;7
19.52664553;0.08614161611;0.3302095234;9.169296265;19.53463876;-0.05192350596;-0.1046105921;-0.1256854236;7
19.5287473;0.05742774159;0.3589234054;9.064012527;19.53674053;-0.06658425927;-0.1046105921;-0.1244636998;7
19.53084912;0.01914258115;0.3924229145;9.040083885;19.5388423;-0.07880155742;-0.1009454057;-0.1207985133;7
19.53295089;0.004785645287;0.4259224236;8.997013092;19.54094412;-0.08979712427;-0.09361502528;-0.1146898642;7
19.53505272;-0.01914258115;0.4354937077;8.992227554;19.54304589;-0.1007926911;-0.08750637621;-0.1110246703;7
19.53715449;-0.02871387079;0.4737788737;8.987442017;19.54514772;-0.1093447953;-0.07651081681;-0.1061377525;7
19.53925626;-0.05264209956;0.4642075896;9.016156197;19.54724949;-0.1154534444;-0.06795870513;-0.1012508348;7
19.54135808;-0.04785645381;0.4689932466;9.05922699;19.54935131;-0.1203403622;-0.0557414107;-0.0975856483;7
19.54345985;-0.0382851623;0.4642075896;9.102297783;19.55145308;-0.1227838174;-0.04352411628;-0.09392046183;7
19.54556167;-0.04785645381;0.4546363056;9.174081802;19.55355485;-0.1240055487;-0.03008509055;-0.08903354406;7
19.54766344;-0.0382851623;0.4546363056;9.250652313;19.55565667;-0.1240055487;-0.01420260593;-0.08536835015;7
19.54976527;-0.0143569354;0.4067798555;9.327222824;19.55775844;-0.1215620935;-0.0007635809598;-0.08170316368;7
19.55186704;0.004785645287;0.3924229145;9.408578873;19.55986022;-0.1166751757;0.01145371422;-0.07925970852;7
19.55396881;0.0143569354;0.3732803464;9.509077072;19.56196204;-0.1105665267;0.02489273995;-0.07559451461;7
19.55607063;0.04785645381;0.3493520916;9.57129097;19.56406381;-0.102014415;0.0358883068;-0.07070759684;7
19.5581724;0.0765703246;0.3302095234;9.676574707;19.56616563;-0.09346231073;0.04688387364;-0.06826414168;7
19.56027417;0.1148554832;0.3206382394;9.724431038;19.5682674;-0.0849102065;0.05543597788;-0.06582067907;7
19.562376;0.1435693651;0.3110669553;9.762716293;19.57036917;-0.07757982612;0.06520981342;-0.0621554926;7
19.56447777;0.1818545163;0.3158525825;9.824930191;19.572471;-0.06658425927;0.07620538026;-0.05849030241;7
19.56657959;0.2057827413;0.3110669553;9.84885788;19.57457277;-0.05681042373;0.0847574845;-0.05726857483;7
19.56868136;0.2727817893;0.3158525825;9.858428955;19.57667454;-0.04948004708;0.09697478265;-0.05604684353;7
19.57078313;0.3158525825;0.3254238665;9.853643417;19.57877636;-0.043371398;0.1055268943;-0.05604684353;7
19.57288496;0.3780659735;0.3254238665;9.872786522;19.58087818;-0.03970621154;0.1153007299;-0.05604684353;7
19.57498673;0.4450650215;0.3349951804;9.858428955;19.58297996;-0.03481929377;0.1226311028;-0.05604684353;7
19.5770885;0.5407779217;0.3302095234;9.834501266;19.58508173;-0.03359756246;0.1287397593;-0.05726857483;7
19.57919032;0.626919508;0.3206382394;9.801001549;19.58718355;-0.03481929377;0.1372918636;-0.05971203372;7
19.58129214;0.6987041831;0.3062812984;9.772287369;19.58928532;-0.03481929377;0.1421787739;-0.0621554926;7
19.58339391;0.7465606928;0.3206382394;9.738788605;19.59138709;-0.04214967042;0.1458439678;-0.06582067907;7
19.58549568;0.8231309652;0.3158525825;9.734002113;19.59348891;-0.043371398;0.1482874304;-0.06826414168;7
19.58759751;0.8949156404;0.3158525825;9.7196455;19.59559068;-0.04581485689;0.1495091617;-0.0743727833;7
19.58969928;0.9523434043;0.3254238665;9.710074425;19.59769251;-0.05436696485;0.1458439678;-0.08048143238;7
19.59180105;1.033699393;0.3206382394;9.724431038;19.59979428;-0.05803215504;0.1385135949;-0.08781181276;7
19.59390287;1.091127157;0.3397808075;9.738788605;19.60189605;-0.06536252797;0.1262962967;-0.09392046183;7
19.59600464;1.153340459;0.3397808075;9.74835968;19.60399787;-0.07391463965;0.1128572673;-0.1012508348;7
19.59810647;1.172483087;0.3493520916;9.767501831;19.60609964;-0.08246674389;0.09941824526;-0.1098029464;7
19.60020824;1.229910851;0.3541377485;9.762716293;19.60820147;-0.09224057943;0.08109229803;-0.1159115955;7
19.60231001;1.220339537;0.3302095234;9.767501831;19.61030324;-0.0971274972;0.06643154472;-0.1232419685;7
19.60441183;1.244267821;0.3206382394;9.844072342;19.61240501;-0.108123064;0.04444041103;-0.1281288862;7
19.6065136;1.272981644;0.3014956415;9.84885788;19.61450683;-0.1154534444;0.02367101051;-0.1342375278;7
19.60861542;1.277767301;0.3014956415;9.872786522;19.6166086;-0.1227838174;0.0016798781;-0.1403461844;7
19.6107172;1.306481123;0.3206382394;9.95414257;19.61871042;-0.131335929;-0.02275471389;-0.142789647;7
19.61281897;1.349551916;0.3541377485;9.973284721;19.6208122;-0.138666302;-0.04352411628;-0.1476765573;7
19.61492079;1.378265858;0.3637090325;9.987641335;19.62291397;-0.1459966749;-0.0557414107;-0.1476765573;7
19.61702256;1.445264935;0.3972085714;10.04506969;19.62501579;-0.1521053314;-0.06918043643;-0.1501200199;7
19.61912438;1.488335729;0.4642075896;10.02592659;19.62711756;-0.158213973;-0.08017600328;-0.1501200199;7
19.62122615;1.497906923;0.4977070987;10.04028416;19.62921938;-0.1631008983;-0.08872810751;-0.1488982886;7
19.62332792;1.497906923;0.5312066078;10.10728264;19.63132115;-0.1679878086;-0.09239330143;-0.1501200199;7
19.62542975;1.497906923;0.5216353536;10.17906761;19.63342292;-0.1728747338;-0.102167137;-0.1501200199;7
19.62753152;1.526620865;0.5264210105;10.18385315;19.63552475;-0.1728747338;-0.1070540547;-0.1488982886;7
19.62963334;1.574477315;0.4737788737;10.23170948;19.63762652;-0.1728747338;-0.115606159;-0.1476765573;7
19.63173511;1.607976794;0.4642075896;10.29870892;19.63972829;-0.1704312712;-0.121714808;-0.1476765573;7
19.63383688;1.651047587;0.4354937077;10.37049294;19.64183011;-0.1679878086;-0.1302669197;-0.1440113783;7
19.63593871;1.665404558;0.4498506486;10.43749237;19.64393188;-0.1631008983;-0.1339320987;-0.1415679157;7
19.63804048;1.694118381;0.4450650215;10.51884842;19.64603371;-0.158213973;-0.1461493969;-0.1403461844;7
19.64014225;1.737189293;0.4594219327;10.56670475;19.64813548;-0.1533270627;-0.1485928595;-0.1354592592;7
19.64224407;1.770688772;0.4594219327;10.63370419;19.65023725;-0.1472184062;-0.1498145908;-0.1305723488;7
19.64434584;1.828116536;0.4689932466;10.68156052;19.65233907;-0.138666302;-0.1522580534;-0.1244636998;7
19.64644766;1.866401672;0.4737788737;10.72941685;19.65444084;-0.131335929;-0.1534797698;-0.1171333194;7
19.64854944;1.880758643;0.4498506486;10.79162979;19.65654266;-0.1227838174;-0.1559232324;-0.1134681329;7
19.65065121;1.928615093;0.4163511395;10.82512951;19.65864444;-0.1130099818;-0.1595884264;-0.1098029464;7
19.65275303;1.986042738;0.4019941986;10.8682003;19.66074626;-0.1032361463;-0.1644753367;-0.1073594838;7
19.6548548;2.100898266;0.3972085714;10.94477081;19.66284803;-0.09468404204;-0.1718057245;-0.1085812151;7
19.65695662;2.201396942;0.3637090325;10.97348499;19.6649498;-0.08368847519;-0.1754709035;-0.1098029464;7
19.65905839;2.282752752;0.3397808075;10.99262714;19.66705162;-0.07635809481;-0.1803578287;-0.1110246703;7
19.66116022;2.383251429;0.3254238665;10.99262714;19.66915339;-0.06902772188;-0.1840230078;-0.1122464016;7
19.66326199;2.469393015;0.3014956415;10.99262714;19.67125522;-0.05925388262;-0.1864664704;-0.1159115955;7
19.66536376;2.569891453;0.2871387303;10.98784161;19.67335699;-0.05070177838;-0.1864664704;-0.1171333194;7
19.66746558;2.670390129;0.2775674164;10.94955635;19.67545876;-0.043371398;-0.18157956;-0.1207985133;7
19.66956735;2.790031195;0.2488535494;10.93998528;19.67756058;-0.03726275265;-0.1718057245;-0.1256854236;7
19.67166917;2.890529871;0.2153540403;10.90170002;19.6796624;-0.02748891525;-0.165697068;-0.1281288862;7
19.67377094;2.981456995;0.1962114573;10.87298584;19.68176417;-0.01893680729;-0.162031889;-0.1354592592;7
19.67587272;3.05324173;0.2105683982;10.88255692;19.68386594;-0.00916297175;-0.158366695;-0.1440113783;7
19.67797454;3.163311481;0.1866401732;10.83948612;19.68596772;-0.001832594397;-0.1510363221;-0.1562286615;7
19.68007636;3.297309637;0.1674975902;10.82034397;19.68806954;0.003054323839;-0.1437059343;-0.1672242284;7
19.68217813;3.43609333;0.1483550072;10.82034397;19.69017131;0.01038470119;-0.131488651;-0.1794415265;7
19.6842799;3.56530571;0.1148554832;10.75813103;19.69227313;0.0164933484;-0.121714808;-0.192880556;7
19.68638167;3.646661758;0.06699903309;10.69591713;19.6943749;0.02138026804;-0.1143844277;-0.2063195854;7
19.6884835;3.699303865;0.0;10.65284634;19.69647673;0.02504545636;-0.102167137;-0.2222020626;7
19.69058527;3.751945972;-0.06221338734;10.62413216;19.6985785;0.03237583488;-0.08872810751;-0.2368628234;7
19.69268709;3.804588079;-0.1052841991;10.56191921;19.70068027;0.03848448023;-0.08017600328;-0.2527453005;7
19.69478886;3.847658873;-0.1339980662;10.52841949;19.70278204;0.043371398;-0.0740673542;-0.2686277926;7
19.69689068;3.890729666;-0.1435693651;10.49970531;19.70488386;0.04948004708;-0.06795870513;-0.2832885385;7
19.69899246;3.914657831;-0.1627119333;10.51406288;19.70698563;0.05558869615;-0.06185005978;-0.3003927469;7
19.70109423;3.929014683;-0.1627119333;10.53320503;19.70908746;0.06291907281;-0.05451968312;-0.3150535226;7
19.703196;3.9625144;-0.1914258152;10.53799057;19.71118923;0.07269290835;-0.04596757516;-0.3284925222;7
19.70529782;3.957728624;-0.2009970993;10.53320503;19.713291;0.08124501258;-0.03985892609;-0.3407098353;7
19.70739959;3.9625144;-0.1914258152;10.53320503;19.71539282;0.08613193035;-0.03252854943;-0.3517054021;7
19.70950141;3.938585997;-0.1770688742;10.52363396;19.71749459;0.09224057943;-0.03252854943;-0.3602575064;7
19.71160318;3.895515203;-0.1196411327;10.49970531;19.71959636;0.0983492285;-0.03252854943;-0.3712530732;7
19.71370496;3.842873096;-0.08614161611;10.49491978;19.72169818;0.1056796089;-0.03375028074;-0.3798051775;7
19.71580678;3.809373617;-0.1004985496;10.49013424;19.72379996;0.1105665267;-0.03497200832;-0.3895790279;7
19.71790855;3.795016766;-0.1339980662;10.47099209;19.72590178;0.1154534444;-0.04230238497;-0.4017963111;7
19.72001032;3.766302824;-0.1674975902;10.44227791;19.72800355;0.1178968996;-0.05085449293;-0.4140135944;7
19.72211214;3.761517286;-0.1962114573;10.44706345;19.73010532;0.1178968996;-0.06307178736;-0.4274526238;7
19.72421391;3.795016766;-0.2153540403;10.42313576;19.73220714;0.1191186309;-0.07162389904;-0.4396699369;7
19.72631574;3.823730469;-0.2297109663;10.38963604;19.73430891;0.1166751757;-0.08017600328;-0.4518872201;7
19.72841751;3.862015724;-0.2536391914;10.34656525;19.73641074;0.1166751757;-0.08506292105;-0.466547966;7
19.73051928;3.890729666;-0.2536391914;10.31785107;19.73851251;0.111788258;-0.08628465235;-0.4787652791;7
19.7326211;3.90030098;-0.2632105052;10.29392338;19.74061433;0.1105665267;-0.08628465235;-0.4897608459;7
19.73472287;3.881158352;-0.2297109663;10.25563812;19.7427161;0.1044578776;-0.08750637621;-0.5007563829;7
19.7368247;3.828516245;-0.1866401732;10.24606609;19.74481787;0.102014415;-0.09117157012;-0.5117519498;7
19.73892647;3.780659676;-0.1770688742;10.2029953;19.7469197;0.0971274972;-0.09483675659;-0.5215258002;7
19.74102829;3.728017569;-0.1866401732;10.17906761;19.74902147;0.09468404204;-0.1033888608;-0.5325213671;7
19.74313006;3.675375462;-0.2297109663;10.23649502;19.75112324;0.09224057943;-0.1119409725;-0.5447386503;7
19.74523183;3.651447296;-0.2632105052;10.25085258;19.75322506;0.09101885557;-0.1241582632;-0.5581777096;7
19.74733365;3.627519131;-0.2823530734;10.29870892;19.75532683;0.08979712427;-0.1339320987;-0.5703949928;7
19.74943542;3.617947817;-0.2871387303;10.28435135;19.75742865;0.08735366166;-0.138819024;-0.5838339925;7
19.7515372;3.608376503;-0.2919243574;10.28913784;19.75953042;0.0849102065;-0.1412624866;-0.5972730517;7
19.75363902;3.584448338;-0.2679961324;10.29392338;19.7616322;0.08002328873;-0.142484203;-0.609490335;7
19.75574079;3.574877024;-0.2297109663;10.29870892;19.76373402;0.07513637096;-0.1400407553;-0.6217076182;7
19.75784261;3.541377544;-0.1627119333;10.25563812;19.76583579;0.07024945319;-0.1351538301;-0.6327031851;7
19.75994438;3.474378586;-0.1052841991;10.16949654;19.76793761;0.06291907281;-0.1278234571;-0.6436987519;7
19.76204615;3.383451223;-0.08614161611;10.11685371;19.77003938;0.05803215504;-0.1253799945;-0.652250886;7
19.76414798;3.282952785;-0.07178468257;10.08335495;19.77214115;0.05192350596;-0.1229365394;-0.6620246768;7
19.76624975;3.201596737;-0.0765703246;10.06421185;19.77424298;0.04581485689;-0.1192713454;-0.6730202436;7
19.76835157;3.129812002;-0.06699903309;10.05942631;19.77634475;0.03970621154;-0.1180496216;-0.6852375865;7
19.77045334;3.077169895;-0.08135596663;10.09771156;19.77844657;0.03726275265;-0.1180496216;-0.6974548697;7
19.77255511;3.043670416;-0.05264209956;10.10728264;19.78054834;0.03481929377;-0.1180496216;-0.7108938694;7
19.77465694;3.00538516;-0.0143569354;10.164711;19.78265016;0.03359756246;-0.115606159;-0.7206677198;7
19.77675871;2.952743053;0.01914258115;10.18863869;19.78475194;0.02871064469;-0.1094975099;-0.7292198539;7
19.77886053;2.895315409;0.06699903309;10.23649502;19.78685371;0.02504545636;-0.1033888608;-0.7341067195;7
19.7809623;2.823530674;0.1722832322;10.29870892;19.78895553;0.02260199748;-0.09361502528;-0.7389936447;7
19.78306412;2.684746981;0.2536391914;10.25085258;19.7910573;0.02138026804;-0.08872810751;-0.7402154207;7
19.78516589;2.498106956;0.2727817893;10.2221384;19.79315907;0.02138026804;-0.08506292105;-0.7414371371;7
19.78726766;2.325823545;0.2727817893;10.24606609;19.79526089;0.02382372692;-0.08261945844;-0.7414371371;7
19.78936949;2.196611166;0.2727817893;10.2652092;19.79736266;0.02382372692;-0.08384118974;-0.7426588535;7
19.79147126;2.100898266;0.2632105052;10.31306553;19.79946449;0.02871064469;-0.08750637621;-0.7402154207;7
19.79357303;2.019542217;0.2823530734;10.33220863;19.80156626;0.03115410358;-0.09239330143;-0.7377719283;7
19.79567485;1.909472466;0.3158525825;10.36092186;19.80366803;0.03115410358;-0.09850194305;-0.7304415703;7
19.79777662;1.789831281;0.3780659735;10.39442158;19.80576985;0.02993237413;-0.09972367436;-0.7206677198;7
19.79987844;1.627119422;0.4689932466;10.3848505;19.80787162;0.03237583488;-0.09850194305;-0.7072287202;7
19.80198022;1.387837172;0.5168496966;10.36092186;19.80997344;0.03481929377;-0.1009454057;-0.6925679445;7
19.80408199;1.158126116;0.5599204898;10.35613632;19.81207522;0.03359756246;-0.1046105921;-0.6766854525;7
19.80618381;0.9379864931;0.6029912829;10.37527943;19.81417699;0.03604102135;-0.1192713454;-0.6608029604;7
19.80828558;0.7992027402;0.6077769399;10.40399265;19.81627881;0.03848448023;-0.1363755614;-0.6461422443;7
19.8103874;0.6843472719;0.6364908218;10.45184898;19.81838058;0.03848448023;-0.1534797698;-0.6314814687;7
19.81248917;0.6221339107;0.6843472719;10.46142101;19.8204824;0.04092793912;-0.1742491722;-0.6155989766;7
19.81459095;0.5264210105;0.7417750359;10.47577763;19.82258417;0.03726275265;-0.1974620372;-0.5972730517;7
19.81669277;0.4546363056;0.7274180651;10.46142101;19.82468595;0.03970621154;-0.2231183648;-0.5789470673;7
19.81879454;0.3302095234;0.732203722;10.46620655;19.82678777;0.03726275265;-0.2426660359;-0.5606211424;7
19.82089636;0.2440679073;0.7226324677;10.4279213;19.82888954;0.03481929377;-0.2573267817;-0.5422952175;7
19.82299813;0.1579262912;0.7130611539;10.38963604;19.83099131;0.03115410358;-0.2719875574;-0.5215258002;7
19.8250999;0.06221338734;0.6987041831;10.31306553;19.83309313;0.02626718581;-0.2866483033;-0.501978159;7
19.82720173;-0.0143569354;0.679561615;10.27478027;19.8351949;0.02260199748;-0.2952004075;-0.4836521745;7
19.8293035;-0.1004985496;0.6412764788;10.21735287;19.83729673;0.01527161989;-0.3110828996;-0.4677697122;7
19.83140527;-0.1579262912;0.5934200287;10.19342422;19.83939855;0.01038470119;-0.3257436454;-0.4531089365;7
19.83350709;-0.1387837082;0.5647061467;10.19820976;19.84150032;0.004276053514;-0.3465130329;-0.4408916533;7
19.83560886;-0.1196411327;0.5694918036;10.15035343;19.84360209;-0.0006108647794;-0.3636172712;-0.4274526238;7
19.83771068;-0.1004985496;0.5742774606;10.15513897;19.84570386;-0.00916297175;-0.3807214797;-0.416457057;7
19.83981251;-0.07178468257;0.5599204898;10.13599682;19.84780568;-0.01527161989;-0.3978256881;-0.4079049528;7
19.84191428;-0.06699903309;0.5072783828;10.13599682;19.84990746;-0.01771507785;-0.4137081802;-0.3993528485;7
19.84401605;-0.06221338734;0.4929214716;10.15992451;19.85200928;-0.02504545636;-0.4295906425;-0.3932442069;7
19.84611782;-0.0382851623;0.4833501875;10.23170948;19.85411105;-0.02748891525;-0.4442514181;-0.3883572817;7
19.84821964;-0.0143569354;0.4594219327;10.24128056;19.85621282;-0.02993237413;-0.458912164;-0.3846921027;7
19.85032141;0.0143569354;0.4307080805;10.29392338;19.85831464;-0.03115410358;-0.4760163724;-0.3859138191;7
19.85242324;0.06699903309;0.4067798555;10.34656525;19.86041641;-0.02871064469;-0.4918988645;-0.3895790279;7
19.85452501;0.1531406492;0.3589234054;10.40877819;19.86251824;-0.02626718581;-0.5102248192;-0.3944659233;7
19.85662678;0.2584248483;0.3014956415;10.49013424;19.86462001;-0.02382372692;-0.5273290277;-0.4005745649;7
19.8587286;0.3445664644;0.2584248483;10.55234814;19.86672178;-0.02015853859;-0.5480984449;-0.4103484154;7
19.86083037;0.4354937077;0.2297109663;10.62413216;19.86882355;-0.01527161989;-0.5676460862;-0.4213439822;7
19.8629322;0.4977070987;0.1962114573;10.70070267;19.87092537;-0.01282816008;-0.5896372199;-0.4335612655;7
19.86503397;0.5264210105;0.1627119333;10.71027374;19.8730272;-0.01038470119;-0.6091849208;-0.4457785785;7
19.86713574;0.5694918036;0.1531406492;10.71027374;19.87512897;-0.006719512399;-0.6275108457;-0.4567741454;7
19.86923751;0.5934200287;0.1004985496;10.69591713;19.87723074;-0.006719512399;-0.6519454122;-0.4726566374;7
19.87133933;0.5886343718;0.09571290761;10.6480608;19.87933256;-0.005497782957;-0.6776017547;-0.4873173833;7
19.87344115;0.6077769399;0.09092725813;10.60020447;19.88143433;-0.006719512399;-0.6995928884;-0.5056433082;7
19.87554292;0.6221339107;0.07178468257;10.56670475;19.8835361;-0.00916297175;-0.721584022;-0.5264127254;7
19.8776447;0.6987041831;0.0143569354;10.51406288;19.88563792;-0.01038470119;-0.7374665141;-0.5484038591;7
19.87974652;0.7417750359;-0.02871387079;10.50449181;19.8877397;-0.01282816008;-0.7521272302;-0.5716167092;7
19.88184829;0.8231309652;-0.09092725813;10.4279213;19.88984152;-0.01404988952;-0.7619010806;-0.5948295593;7
19.88395006;0.8614161611;-0.1387837082;10.34656525;19.89194329;-0.01893680729;-0.771674931;-0.618042469;7
19.88605188;0.8853443861;-0.1387837082;10.25563812;19.89404506;-0.02382372692;-0.7777835727;-0.6400335431;7
19.88815365;0.8614161611;-0.1244267747;10.17906761;19.89614688;-0.02748891525;-0.7814487815;-0.6583595276;7
19.89025548;0.8327022791;-0.09092725813;10.09771156;19.89824871;-0.03115410358;-0.7814487815;-0.6766854525;7
19.89235725;0.8039883971;-0.06699903309;9.987641335;19.90035048;-0.03481929377;-0.7790052891;-0.6913462281;7
19.89445902;0.7465606928;-0.02871387079;9.906285286;19.90245225;-0.03848448023;-0.7765618563;-0.7047852278;7
19.89656084;0.679561615;0.0;9.839286804;19.90455402;-0.04092793912;-0.771674931;-0.7133373618;7
19.89866266;0.6412764788;0.05264209956;9.786644936;19.90665584;-0.043371398;-0.764344573;-0.7231112123;7
19.90076444;0.5742774606;0.09571290761;9.757930756;19.90875766;-0.04581485689;-0.7570141554;-0.7304415703;7
19.90286621;0.5072783828;0.1387837082;9.69093132;19.91085944;-0.04703658819;-0.7472403646;-0.7365502119;7
19.90496798;0.4594219327;0.1866401732;9.652647018;19.91296121;-0.04948004708;-0.7374665141;-0.7438805699;7
19.9070698;0.3972085714;0.2392822653;9.609575272;19.91506303;-0.04825831577;-0.7240274549;-0.7487674952;7
19.90917162;0.3732803464;0.2775674164;9.590433121;19.9171648;-0.04948004708;-0.7093667388;-0.752432704;7
19.91127339;0.3589234054;0.3110669553;9.54257679;19.91926657;-0.05192350596;-0.6971494555;-0.7585413456;7
19.91337516;0.3206382394;0.3302095234;9.518648148;19.92136839;-0.05314523727;-0.6800451875;-0.7634282708;7
19.91547699;0.2967100143;0.3349951804;9.470791817;19.92347016;-0.05681042373;-0.6592758298;-0.76709342;7
19.91757876;0.2727817893;0.3062812984;9.408578873;19.92557194;-0.05803215504;-0.6385064125;-0.7707586288;7
19.91968053;0.2344966233;0.2919243574;9.36550808;19.92767376;-0.0616973415;-0.6152935624;-0.7732021213;7
19.92178235;0.2105683982;0.2488535494;9.298508644;19.92977553;-0.06536252797;-0.5859720111;-0.7756455541;7
19.92388412;0.1579262912;0.2249253243;9.265008926;19.93187735;-0.06780599058;-0.5542070866;-0.7780889869;7
19.92598589;0.1100698411;0.1914258152;9.231510162;19.93397912;-0.06902772188;-0.521220386;-0.7780889869;7
19.92808772;0.0765703246;0.1770688742;9.198010445;19.93608089;-0.07024945319;-0.4845684767;-0.7756455541;7
19.93018949;0.0239282269;0.1722832322;9.221938133;19.93818272;-0.06780599058;-0.4491383433;-0.7744238377;7
19.93229131;-0.06221338734;0.1579262912;9.231510162;19.94028449;-0.06902772188;-0.4137081802;-0.7719803452;7
19.93439308;-0.1387837082;0.1579262912;9.255437851;19.94238631;-0.06780599058;-0.3819431961;-0.7646499872;7
19.93649485;-0.2249253243;0.1674975902;9.279366493;19.94448808;-0.06414080411;-0.3538434207;-0.7548761368;7
19.93859667;-0.3206382394;0.2009970993;9.327222824;19.94658985;-0.05925388262;-0.3245218992;-0.7463240623;7
19.94069845;-0.4211367965;0.2153540403;9.346364975;19.94869167;-0.05681042373;-0.3000873327;-0.7341067195;7
19.94280027;-0.5264210105;0.2440679073;9.38465023;19.95079345;-0.05192350596;-0.2719875574;-0.7218894362;7
19.94490204;-0.6412764788;0.2488535494;9.475577354;19.95289527;-0.04581485689;-0.2463312149;-0.709672153;7
19.94700381;-0.7226324677;0.2584248483;9.499505997;19.95499704;-0.03970621154;-0.2194531709;-0.6986765862;7
19.94910563;-0.7800601721;0.2344966233;9.561718941;19.95709886;-0.02871064469;-0.1974620372;-0.6889027357;7
19.9512074;-0.813559711;0.2344966233;9.614361763;19.95920063;-0.02138026804;-0.1791360974;-0.6779071689;7
19.95330923;-0.8422735929;0.2440679073;9.714859962;19.9613024;-0.006719512399;-0.158366695;-0.6705768108;7
19.955411;-0.8614161611;0.2344966233;9.796216011;19.96340423;0.0006108647794;-0.1449276656;-0.6632464528;7
19.95751282;-0.8709874153;0.1962114573;9.84885788;19.965506;0.01282816008;-0.1290451884;-0.6583595276;7
19.95961459;-0.8853443861;0.1818545163;9.934999466;19.96760777;0.02748891525;-0.1204930767;-0.6559160352;7
19.96171636;-0.8518448472;0.1531406492;9.997213364;19.96970959;0.03970621154;-0.115606159;-0.652250886;7
19.96381818;-0.8518448472;0.1339980662;10.08814049;19.97181136;0.05192350596;-0.1168278903;-0.6498073936;7
19.96591996;-0.8518448472;0.1148554832;10.13599682;19.97391318;0.06536252797;-0.121714808;-0.65102911;7
19.96802173;-0.8709874153;0.07178468257;10.17906761;19.97601496;0.07635809481;-0.1302669197;-0.6498073936;7
19.97012355;-0.9236295223;0.0382851623;10.21256733;19.97811673;0.08735366166;-0.1437059343;-0.65102911;7
19.97222532;-0.9667003751;0.01914258115;10.23170948;19.98021855;0.09224057943;-0.1571449637;-0.6534726024;7
19.97432714;-1.009771109;-0.02871387079;10.24606609;19.98232032;0.102014415;-0.1779143661;-0.6571378112;7
19.97642891;-1.052842021;-0.0382851623;10.24128056;19.98442214;0.1056796089;-0.1974620372;-0.6620246768;7
19.97853069;-1.067198873;-0.0382851623;10.21735287;19.98652391;0.1105665267;-0.2243400961;-0.668133378;7
19.98063251;-1.057627559;-0.03349951655;10.19820976;19.98862569;0.1105665267;-0.2475529462;-0.6766854525;7
19.98273428;-1.062413216;-0.0382851623;10.164711;19.99072751;0.111788258;-0.278096199;-0.6840158105;7
19.9848361;-1.081555843;-0.0382851623;10.08814049;19.99282928;0.1093447953;-0.3049742281;-0.6913462281;7
19.98693787;-1.100698471;-0.02871387079;10.01635551;19.99493105;0.1056796089;-0.3306305707;-0.6986765862;7
19.98903964;-1.13419795;-0.03349951655;9.915857315;19.99703287;0.0983492285;-0.3599520624;-0.7035635114;7
19.99114147;-1.196411371;-0.03349951655;9.824930191;19.99913464;0.08735366166;-0.3880518377;-0.7084504366;7
19.99324324;-1.306481123;0.0239282269;9.681360245;20.00123647;0.07269290835;-0.4137081802;-0.7108938694;7
19.99534501;-1.411765337;0.06699903309;9.556933403;20.00333824;0.05925388262;-0.4381427765;-0.7133373618;7
19.99744683;-1.531406522;0.08614161611;9.418149948;20.00544001;0.04459312931;-0.458912164;-0.7145590782;7
19.9995486;-1.612762451;0.0765703246;9.298508644;20.00754183;0.02504545636;-0.4760163724;-0.7157807946;7
20.00165042;-1.694118381;0.05742774159;9.164510727;20.0096436;0.006719512399;-0.4918988645;-0.7157807946;7
20.0037522;-1.761117458;0.04307080805;9.044869423;20.01174542;-0.01038470119;-0.5041161776;-0.7133373618;7
20.00585397;-1.818545222;0.05742774159;8.958727837;20.0138472;-0.02871064469;-0.5102248192;-0.7121156454;7
20.00795579;-1.875972986;0.08135596663;8.886942863;20.01594902;-0.04214967042;-0.5114465356;-0.709672153;7
20.01005756;-1.914258122;0.1004985496;8.819944382;20.01805079;-0.05436696485;-0.505337894;-0.7060069442;7
20.01215938;-1.952543259;0.1483550072;8.772088051;20.02015256;-0.06536252797;-0.4967857897;-0.7035635114;7
20.01426115;-1.9812572;0.1770688742;8.748159409;20.02225438;-0.07269290835;-0.4809032977;-0.6998983026;7
20.01636298;-1.971685886;0.2009970993;8.738588333;20.02435615;-0.08002328873;-0.4601338804;-0.6937896609;7
20.01846475;-1.9812572;0.2249253243;8.714659691;20.02645792;-0.08124501258;-0.4369210303;-0.6864593029;7
20.02056652;-2.005185366;0.2392822653;8.719446182;20.02855975;-0.08124501258;-0.408821255;-0.6766854525;7
20.02266834;-2.038684845;0.2584248483;8.719446182;20.03066152;-0.08246674389;-0.3794997334;-0.668133378;7
20.02477011;-2.091326952;0.2823530734;8.748159409;20.03276329;-0.07880155742;-0.3465130329;-0.6534726024;7
20.02687188;-2.148754835;0.3062812984;8.800801277;20.03486511;-0.07269290835;-0.312304616;-0.6388118267;7
20.02897371;-2.215753794;0.3158525825;8.834300995;20.03696688;-0.06658425927;-0.2732092738;-0.6241511106;7
20.03107548;-2.292324066;0.3349951804;8.858229637;20.03906865;-0.06047561392;-0.239000842;-0.609490335;7
20.03317725;-2.335394859;0.3445664644;8.915657043;20.04117048;-0.05070177838;-0.2023489624;-0.5923861265;7
20.03527907;-2.378465652;0.3637090325;8.944371223;20.0432723;-0.03848448023;-0.1632536054;-0.5777253509;7
20.03738084;-2.407179594;0.3684946895;9.020941734;20.04537407;-0.03115410358;-0.1278234571;-0.5630646348;7
20.03948261;-2.431107759;0.3732803464;9.05922699;20.04747584;-0.02015853859;-0.09605848789;-0.5471821427;7
20.04158444;-2.421536446;0.3732803464;9.102297783;20.04957766;-0.01038470119;-0.06673697382;-0.5349648595;7
20.04368626;-2.411965132;0.3876372576;9.126225471;20.05167944;0.001832594397;-0.03619373962;-0.5215258002;7
20.04578803;-2.402393818;0.3637090325;9.154939651;20.05378126;0.01038470119;-0.01175914705;-0.509308517;7
20.0478898;-2.416750908;0.3302095234;9.174081802;20.05588303;0.01527161989;0.01023198478;-0.4983129501;7
20.04999162;-2.411965132;0.3158525825;9.17886734;20.0579848;0.02138026804;0.03222311661;-0.4885390997;7
20.05209339;-2.426322222;0.2775674164;9.164510727;20.06008662;0.02626718581;0.0542142503;-0.4775435328;7
20.05419522;-2.426322222;0.2440679073;9.193224907;20.06218839;0.02993237413;0.0725401938;-0.4702131748;7
20.05629699;-2.450250387;0.2249253243;9.202795982;20.06429022;0.03359756246;0.08842267841;-0.4604393244;7
20.05839876;-2.445464849;0.2105683982;9.221938133;20.06639199;0.03359756246;0.104305163;-0.4518872201;7
20.06050058;-2.459821701;0.1818545163;9.221938133;20.06849376;0.03237583488;0.1140789986;-0.4445568323;7
20.06260235;-2.464607239;0.1627119333;9.221938133;20.07059558;0.03115410358;0.1250745654;-0.4360047281;7
20.06470417;-2.502892494;0.1244267747;9.221938133;20.07269735;0.02748891525;0.1287397593;-0.4298960865;7
20.06680595;-2.531606436;0.1052841991;9.2362957;20.07479917;0.02504545636;0.127518028;-0.4237874448;7
20.06890772;-2.565105915;0.1052841991;9.279366493;20.07690095;0.02260199748;0.1238528341;-0.4189005196;7
20.07100954;-2.574677229;0.1435693651;9.317651749;20.07900272;0.0164933484;0.1165224537;-0.4140135944;7
20.07311131;-2.584248543;0.1770688742;9.375079155;20.08110454;0.01404988952;0.1006399691;-0.4103484154;7
20.07521313;-2.584248543;0.1818545163;9.38465023;20.08320631;0.00916297175;0.08109229803;-0.4042397738;7
20.0773149;-2.612962246;0.1818545163;9.432506561;20.08530808;0.0006108647794;0.05787943676;-0.4005745649;7
20.07941667;-2.63689065;0.1818545163;9.451649666;20.0874099;-0.005497782957;0.03344484791;-0.3993528485;7
20.0815185;-2.694318295;0.1914258152;9.499505997;20.08951173;-0.01404988952;0.005345067009;-0.3956876695;7
20.08362027;-2.746960402;0.1674975902;9.537791252;20.0916135;-0.02138026804;-0.02153298259;-0.3920224607;7
20.08572204;-2.804388046;0.1674975902;9.566504478;20.09371527;-0.02993237413;-0.05451968312;-0.3895790279;7
20.08782386;-2.842673302;0.1627119333;9.585647583;20.09581704;-0.03726275265;-0.08628465235;-0.3871355653;7
20.08992568;-2.914458036;0.1579262912;9.614361763;20.09791886;-0.04214967042;-0.1168278903;-0.3846921027;7
20.09202746;-2.962314367;0.1531406492;9.638289452;20.10002063;-0.04825831577;-0.1485928595;-0.3810268939;7
20.09412923;-3.014956474;0.1627119333;9.638289452;20.10212246;-0.05314523727;-0.1791360974;-0.3761399984;7
20.096231;-3.067598581;0.1531406492;9.671789169;20.10422423;-0.05803215504;-0.2072358727;-0.3712530732;7
20.09833282;-3.125026464;0.1579262912;9.662218094;20.10632605;-0.05925388262;-0.2292270064;-0.3651444316;7
20.10043459;-3.196810961;0.1770688742;9.729216576;20.10842782;-0.05803215504;-0.2524398565;-0.3590357602;7
20.10253641;-3.254238844;0.1914258152;9.762716293;20.11052959;-0.05681042373;-0.2732092738;-0.3504836559;7
20.10463819;-3.302095175;0.2009970993;9.796216011;20.11263141;-0.05314523727;-0.2878700197;-0.3431532979;7
20.10674001;-3.354737282;0.2297109663;9.839286804;20.11473319;-0.04581485689;-0.3049742281;-0.3333794475;7
20.10884178;-3.369094372;0.2584248483;9.882357597;20.11683501;-0.03848448023;-0.3220784664;-0.3248273432;7
20.11094355;-3.369094372;0.2919243574;9.872786522;20.11893678;-0.02993237413;-0.3440696001;-0.3138317764;7
20.11304537;-3.369094372;0.3158525825;9.901499748;20.12103855;-0.01893680729;-0.3611738086;-0.3016144931;7
20.11514714;-3.378665686;0.3206382394;9.901499748;20.12314032;-0.01038470119;-0.3770562708;-0.2930623889;7
20.11724897;-3.388236761;0.3589234054;9.87757206;20.12524214;-0.001832594397;-0.3868301213;-0.2808450758;7
20.11935074;-3.378665686;0.3828516304;9.805787086;20.12734397;0.00916297175;-0.3917170465;-0.2686277926;7
20.12145251;-3.335594654;0.4307080805;9.734002113;20.12944574;0.01893680729;-0.3904953003;-0.2600756884;7
20.12355428;-3.345165968;0.4211367965;9.652647018;20.13154751;0.02748891525;-0.3868301213;-0.2478583902;7
20.1256561;-3.316452265;0.4450650215;9.552147865;20.13364933;0.03604102135;-0.3807214797;-0.2368628234;7
20.12775792;-3.311666489;0.4737788737;9.470791817;20.1357511;0.043371398;-0.3672824502;-0.2258672565;7
20.1298597;-3.306880951;0.4977070987;9.322437286;20.13785292;0.04948004708;-0.3465130329;-0.2136499584;7
20.13196147;-3.297309637;0.5216353536;9.202795982;20.1399547;0.05436696485;-0.3220784664;-0.2014326602;7
20.13406329;-3.282952785;0.5168496966;9.092725754;20.14205647;0.05925388262;-0.2939786613;-0.1867718995;7
20.13616506;-3.278167009;0.5072783828;8.953942299;20.14415824;0.0616973415;-0.258548528;-0.1721111536;7
20.13826688;-3.254238844;0.5216353536;8.819944382;20.14626006;0.06658425927;-0.2206749022;-0.1537852138;7
20.14036865;-3.225524902;0.5694918036;8.72423172;20.14836183;0.07269290835;-0.18157956;-0.1354592592;7
20.14247042;-3.211168051;0.5790630579;8.662017822;20.15046365;0.07757982612;-0.142484203;-0.1146898642;7
20.1445722;-3.206382275;0.650847733;8.585447311;20.15256542;0.08368847519;-0.09972367436;-0.09269873053;7
20.14667402;-3.192025423;0.708275497;8.551948547;20.15466725;0.08979712427;-0.05818486959;-0.07192932814;7
20.14877579;-3.206382275;0.7704889178;8.51844883;20.15676902;0.09468404204;-0.02153298259;-0.05115992576;7
20.15087761;-3.196810961;0.813559711;8.494520187;20.15887079;0.1007926911;0.01023198478;-0.03039052337;7
20.15297938;-3.177668571;0.8470591903;8.470592499;20.16097256;0.1056796089;0.04077522457;-0.009621120058;7
20.15508121;-3.14895463;0.8709874153;8.422736168;20.16307438;0.111788258;0.06643154472;0.009926552884;7
20.15718298;-3.110669374;0.8853443861;8.408378601;20.16517615;0.1154534444;0.08720094711;0.0294742249;7
20.15928475;-3.077169895;0.8709874153;8.398807526;20.16727798;0.1166751757;0.1055268943;0.0478001684;7
20.16138652;-3.01974225;0.866201818;8.379665375;20.16937975;0.1154534444;0.1238528341;0.06490438432;7
20.16348834;-3.00538516;0.837487936;8.350951195;20.17148152;0.1130099818;0.1372918636;0.07956513762;7
20.16559011;-2.991028309;0.8279166222;8.303094864;20.17358334;0.1069013327;0.1495091617;0.09300415963;7
20.16769194;-2.947957516;0.7992027402;8.279166222;20.17568516;0.102014415;0.1580612659;0.1027780026;7
20.16979371;-2.890529871;0.7752745152;8.216953278;20.17778694;0.09346231073;0.1690568328;0.1113301069;7
20.17189548;-2.857030153;0.756131947;8.178668022;20.17988871;0.08246674389;0.1739437431;0.1186604798;7
20.1739973;-2.794816732;0.7274180651;8.149953842;20.18199053;0.07147117704;0.1788306683;0.1247691289;7
20.17609912;-2.756531715;0.6987041831;8.140382767;20.1840923;0.05681042373;0.1800523996;0.1296560466;7
20.17820089;-2.71824646;0.6843472719;8.130811691;20.18619412;0.04459312931;0.1763872057;0.1357647032;7
20.18030266;-2.71824646;0.6699903607;8.15473938;20.18829589;0.02993237413;0.1702785641;0.1406516135;7
20.18240449;-2.73260355;0.6604190469;8.159524918;20.19039766;0.01771507785;0.1580612659;0.14676027;7
20.18450626;-2.73260355;0.6604190469;8.193024635;20.19249949;0.005497782957;0.1458439678;0.1528689116;7
20.18660808;-2.73260355;0.6412764788;8.226524353;20.19460126;-0.00916297175;0.1299614757;0.1577558219;7
20.18870985;-2.73260355;0.6412764788;8.260024071;20.19670308;-0.02260199748;0.111635536;0.1626427472;7
20.19081162;-2.742174864;0.6221339107;8.322237015;20.19880485;-0.03604102135;0.09575305134;0.1675296724;7
20.19291345;-2.71824646;0.5934200287;8.384450912;20.20090667;-0.04948004708;0.08353576064;0.1675296724;7
20.19501522;-2.675175667;0.5551348329;8.441878319;20.20300839;-0.0616973415;0.06765327603;0.1711948514;7
20.19711704;-2.656033039;0.5264210105;8.504091263;20.20511022;-0.07147117704;0.05299251899;0.1711948514;7
20.19921881;-2.617748022;0.5024927258;8.571090698;20.20721199;-0.08124501258;0.04321868345;0.1699731201;7
20.20132063;-2.579462767;0.4642075896;8.618947029;20.20931381;-0.08613193035;0.03711003438;0.1675296724;7
20.20342235;-2.52682066;0.4307080805;8.752944946;20.21141558;-0.09224057943;0.03100138716;0.1650862098;7
20.20552417;-2.478964329;0.4019941986;8.796015739;20.2135174;-0.0971274972;0.02733619884;0.1626427472;7
20.20762594;-2.421536446;0.3780659735;8.87258625;20.21561917;-0.0983492285;0.02611446939;0.1589775532;7
20.20972777;-2.392822742;0.3493520916;8.963513374;20.21772094;-0.09957095981;0.02733619884;0.1565341055;7
20.21182954;-2.364108801;0.3397808075;9.025727272;20.21982277;-0.0983492285;0.03100138716;0.1540906429;7
20.21393136;-2.354537487;0.3158525825;9.107083321;20.22192454;-0.09590577334;0.03711003438;0.1540906429;7
20.21603313;-2.330609322;0.3014956415;9.193224907;20.22402631;-0.09101885557;0.04688387364;0.1540906429;7
20.2181349;-2.316252232;0.2823530734;9.288937569;20.22612813;-0.08246674389;0.05910116807;0.1565341055;7
20.22023673;-2.306680918;0.2584248483;9.389435768;20.22822996;-0.07513637096;0.0725401938;0.1565341055;7
20.2223385;-2.321038008;0.2775674164;9.475577354;20.23033173;-0.06536252797;0.08720094711;0.1565341055;7
20.22444027;-2.325823545;0.2823530734;9.580862045;20.2324335;-0.05192350596;0.1006399691;0.1614210159;7
20.22654209;-2.344966173;0.2967100143;9.705288887;20.23453532;-0.03970621154;0.1153007299;0.1638644785;7
20.22864391;-2.354537487;0.3254238665;9.781859398;20.23663709;-0.02260199748;0.1287397593;0.1687513888;7
20.23074569;-2.368894339;0.3493520916;9.896714211;20.23873886;-0.005497782957;0.1397353113;0.173638314;7
20.23284746;-2.383251429;0.3589234054;9.968499184;20.24084069;0.00916297175;0.1507308781;0.1785252392;7
20.23494928;-2.402393818;0.3732803464;10.05942631;20.24294246;0.02626718581;0.1592829973;0.1846338809;7
20.23705105;-2.402393818;0.3828516304;10.14078236;20.24504428;0.04214967042;0.161726445;0.1919642538;7
20.23915282;-2.411965132;0.3876372576;10.19342422;20.24714605;0.05803215504;0.1666133702;0.1980729103;7
20.24125464;-2.426322222;0.3828516304;10.21735287;20.24924782;0.07147117704;0.1678351015;0.2041815519;7
20.24335641;-2.469393015;0.3876372576;10.24606609;20.25134964;0.08368847519;0.1690568328;0.2115119249;7
20.24545824;-2.478964329;0.3780659735;10.2652092;20.25345141;0.09590577334;0.1690568328;0.2163988501;7
20.24756001;-2.507678032;0.3828516304;10.24128056;20.25555318;0.1044578776;0.1702785641;0.2212857604;7
20.24966178;-2.522035122;0.3637090325;10.21735287;20.25765501;0.1130099818;0.1727220118;0.2261726856;7
20.2517636;-2.52682066;0.3589234054;10.17906761;20.25975678;0.1203403622;0.1739437431;0.2322813272;7
20.25386537;-2.522035122;0.3445664644;10.11206818;20.2618586;0.1240055487;0.1727220118;0.2371682525;7
20.25596714;-2.52682066;0.3589234054;10.06899738;20.26396037;0.1276707351;0.1715002805;0.2432768941;7
20.25806897;-2.560320139;0.3732803464;10.03549862;20.2660622;0.1301141977;0.1727220118;0.2493855506;7
20.26017074;-2.589034081;0.3780659735;9.997213364;20.26816397;0.131335929;0.1702785641;0.2542724609;7
20.26227256;-2.603390932;0.3972085714;9.958928108;20.27026579;0.1362228394;0.1653916389;0.2603811026;7
20.26437433;-2.627319336;0.4402793646;9.915857315;20.27236756;0.135001123;0.1605047137;0.2677114904;7
20.26647615;-2.63689065;0.4689932466;9.863214493;20.27446933;0.1337793916;0.1580612659;0.2750418782;7
20.26857792;-2.641676188;0.4881358147;9.805787086;20.2765711;0.1337793916;0.1580612659;0.2823722363;7
20.27067975;-2.63689065;0.5168496966;9.757930756;20.27867292;0.1337793916;0.1605047137;0.2909243405;7
20.27278152;-2.627319336;0.5216353536;9.700503349;20.2807747;0.131335929;0.1629481763;0.3019199073;7
20.27488329;-2.63689065;0.5407779217;9.619147301;20.28287652;0.131335929;0.1678351015;0.3129154742;7
20.27698506;-2.665604353;0.5742774606;9.566504478;20.28497829;0.1301141977;0.1690568328;0.3263545036;7
20.27908688;-2.689532757;0.6173482537;9.547362328;20.28708011;0.1301141977;0.1788306683;0.3373500705;7
20.28118865;-2.713460922;0.6412764788;9.470791817;20.28918188;0.1276707351;0.1886045039;0.3495673835;7
20.28329048;-2.751745939;0.6843472719;9.422935486;20.29128365;0.1264490038;0.200821802;0.3617846668;7
20.28539225;-2.766103029;0.6699903607;9.36550808;20.29338548;0.1252272725;0.2142608166;0.370336771;7
20.28749407;-2.775674343;0.6460621357;9.317651749;20.29548725;0.1276707351;0.227699846;0.3764454126;7
20.28959584;-2.742174864;0.626919508;9.303294182;20.29758902;0.1288924664;0.2399171442;0.3825540543;7
20.29169761;-2.684746981;0.6077769399;9.279366493;20.29969084;0.131335929;0.2484692484;0.3886627257;7
20.29379944;-2.641676188;0.5982056856;9.260223389;20.30179261;0.1362228394;0.258243084;0.3972148299;7
20.29590121;-2.593819857;0.6412764788;9.284152031;20.30389444;0.1423314959;0.2716821134;0.4094321132;7
20.29800298;-2.598605394;0.6699903607;9.293723106;20.30599621;0.1496618688;0.2875646055;0.424092859;7
20.3001048;-2.632104874;0.7130611539;9.293723106;20.30809798;0.1557705253;0.3046688139;0.4424188137;7
20.30220657;-2.694318295;0.756131947;9.2362957;20.3101998;0.1631008983;0.320551306;0.4619664848;7
20.30430839;-2.804388046;0.7944171429;9.221938133;20.31230157;0.1716530025;0.3400989771;0.4827359021;7
20.30641016;-2.871387243;0.8518448472;9.159725189;20.31440339;0.1789833754;0.3596466482;0.504727006;7
20.30851194;-2.904886723;0.8853443861;9.159725189;20.31650516;0.185092032;0.3804160357;0.5242747068;7
20.31061376;-2.90967226;0.9044869542;9.135796547;20.31860699;0.1924224049;0.3962985277;0.5462658405;7
20.31271553;-2.895315409;0.9379864931;9.126225471;20.32070876;0.1997527778;0.4097375572;0.5682569742;7
20.31481735;-2.857030153;0.9810572863;9.145368576;20.32281053;0.208304897;0.4195113778;0.5878046155;7
20.31691912;-2.82831645;0.9954141974;9.140582085;20.32491235;0.211970076;0.4317286909;0.6036871076;7
20.31902095;-2.751745939;1.009771109;9.102297783;20.32701412;0.2168570012;0.4378373325;0.6183478832;7
20.32112272;-2.694318295;1.004985452;9.087940216;20.32911589;0.2217439115;0.4463894367;0.6293434501;7
20.32322449;-2.603390932;0.9714859724;9.064012527;20.33121772;0.2241873741;0.4512763619;0.6403390169;7
20.32532631;-2.502892494;0.94277215;9.044869423;20.33331949;0.2266308367;0.454941541;0.6488910913;7
20.32742808;-2.388036966;0.9188438654;8.997013092;20.33542126;0.2302960157;0.45860672;0.654999733;7
20.32952985;-2.268395901;0.8757730722;9.00179863;20.33752308;0.2339612097;0.4573850036;0.6586649418;7
20.33163167;-2.134397745;0.866201818;8.953942299;20.33962485;0.2327394783;0.454941541;0.6623301506;7
20.33373344;-2.048256159;0.8470591903;8.939585686;20.34172667;0.2302960157;0.4488328993;0.663551867;7
20.33583522;-1.93340075;0.8614161611;8.863015175;20.34382844;0.227852568;0.4439459741;0.6659952998;7
20.33793704;-1.866401672;0.8614161611;8.815158844;20.34593022;0.2217439115;0.4341721535;0.6696605086;7
20.34003881;-1.789831281;0.8279166222;8.733802795;20.34803204;0.2144135386;0.4231765866;0.6745474339;7
20.34214063;-1.727617979;0.8327022791;8.642875671;20.35013381;0.2058614343;0.408515811;0.6794343591;7
20.3442424;-1.670190215;0.866201818;8.547162056;20.35223563;0.1899789423;0.3877464235;0.6843212843;7
20.34634417;-1.636690736;0.9140582681;8.470592499;20.3543374;0.1765399277;0.3669770062;0.6892082095;7
20.348446;-1.636690736;0.9332008362;8.346165657;20.35643917;0.158213973;0.358424902;0.6940951347;7
20.35054777;-1.55054903;0.8997012973;8.260024071;20.358541;0.1374445707;0.3535379767;0.6989820004;7
20.35264959;-1.478764415;0.866201818;8.202595711;20.36064282;0.1178968996;0.3474293351;0.706312418;7
20.35475136;-1.430907965;0.8422735929;8.126026154;20.36274454;0.09224057943;0.3400989771;0.7173079848;7
20.35685313;-1.402194023;0.8709874153;8.059026718;20.36484636;0.06414080411;0.3315468729;0.7283035517;7
20.35895496;-1.392622828;0.9475577474;7.972885132;20.36694813;0.03848448023;0.3266599476;0.7405208349;7
20.36105678;-1.368694544;1.03848505;7.939385414;20.36904996;0.007941242307;0.320551306;0.7527381182;7
20.3631585;-1.316052437;1.110269666;7.915457249;20.37115173;-0.01893680729;0.3107774556;0.7649554014;7
20.36526032;-1.268195987;1.143769264;7.877171993;20.37325355;-0.04948004708;0.3034470677;0.7759509683;7
20.36736209;-1.201196909;1.13419795;7.872386456;20.37535532;-0.07635809481;0.2973384261;0.7869465351;7
20.36946391;-1.129412293;1.062413216;7.881958008;20.37745714;-0.1044578776;0.2851211429;0.7942769527;7
20.37156568;-1.091127157;1.028913736;7.905886173;20.37955891;-0.1301141977;0.2692386508;0.8003855944;7
20.37366751;-1.048056364;0.9475577474;7.944170952;20.38166068;-0.1508836001;0.261908263;0.8052725196;7
20.37576928;-0.9858429432;0.8470591903;8.063812256;20.38376246;-0.1716530025;0.2667951882;0.8089376688;7
20.3778711;-0.8949156404;0.7417750359;8.193024635;20.38586428;-0.1948658675;0.2729038298;0.8126028776;7
20.37997287;-0.813559711;0.6747759581;8.274380684;20.38796605;-0.2144135386;0.277790755;0.8150463104;7
20.38207464;-0.7369893789;0.5886343718;8.350951195;20.39006787;-0.231517747;0.281455934;0.8174898028;7
20.38417641;-0.7274180651;0.5168496966;8.38923645;20.39216964;-0.2461785078;0.2851211429;0.8174898028;7
20.38627824;-0.6747759581;0.4402793646;8.508877754;20.39427141;-0.254730612;0.2936732471;0.8162680864;7
20.38838001;-0.5886343718;0.3972085714;8.662017822;20.39637324;-0.2632827163;0.3010036349;0.8126028776;7
20.39048183;-0.4833501875;0.3732803464;8.834300995;20.39847501;-0.2681696415;0.311999172;0.8077159524;7
20.3925836;-0.3972085714;0.3397808075;8.987442017;20.40057683;-0.2693913579;0.3291034102;0.8040507436;7
20.39468537;-0.3206382394;0.2632105052;9.164510727;20.4026786;-0.2669478953;0.3535379767;0.8003855944;7
20.3967872;-0.2584248483;0.1770688742;9.30807972;20.40478037;-0.2583957911;0.3767508566;0.7954986691;7
20.39888897;-0.2153540403;0.08135596663;9.461220741;20.4068822;-0.2449567765;0.3938550651;0.7930551767;7
20.40099079;-0.1914258152;0.009571290575;9.623932838;20.40898397;-0.2254091054;0.4158461988;0.7893900275;7
20.40309256;-0.1387837082;-0.02871387079;9.891928673;20.41108579;-0.1997527778;0.4427242577;0.7845031023;7
20.40519433;-0.03349951655;-0.06699903309;10.164711;20.41318756;-0.1728747338;0.4720457494;0.7771727443;7
20.40729615;0.05742774159;-0.1244267747;10.40399265;20.41528938;-0.1374445707;0.5038107038;0.7722858191;7
20.40939792;0.1483550072;-0.1244267747;10.59541893;20.41739115;-0.1056796089;0.5294670463;0.7673988938;7
20.41149975;0.2153540403;-0.1148554832;10.75813103;20.41949292;-0.07024945319;0.5490147471;0.7625119686;7
20.41360152;0.2488535494;-0.09092725813;10.87777138;20.42159475;-0.03481929377;0.5710058808;0.7588467598;7
20.41570334;0.2823530734;-0.04785645381;10.97827053;20.42369652;0.006719512399;0.5954404473;0.7551816106;7
20.41780511;0.3014956415;-0.07178468257;11.06919765;20.42579829;0.04581485689;0.6149880886;0.7515164018;7
20.41990688;0.3206382394;-0.09571290761;11.10269737;20.42790011;0.08735366166;0.6284271479;0.747851193;7
20.42200871;0.3302095234;-0.1435693651;11.12662506;20.43000188;0.1240055487;0.6406444311;0.7454077601;7
20.42411048;0.3589234054;-0.1387837082;11.15533924;20.43210371;0.1594357044;0.6491965652;0.7441860437;7
20.42621225;0.3780659735;-0.09092725813;11.15533924;20.43420548;0.1948658675;0.6504182816;0.7417425513;7
20.42831407;0.3684946895;-0.03349951655;11.08355427;20.43630725;0.2241873741;0.6540834904;0.7405208349;7
20.43041584;0.3780659735;-0.009571290575;11.06441212;20.43840907;0.2486219704;0.6638572812;0.7392991185;7
20.43251766;0.4019941986;0.0239282269;10.97827053;20.44051084;0.2669478953;0.6699659228;0.7392991185;7
20.43461944;0.3876372576;0.04307080805;10.83470058;20.44261266;0.2791652083;0.6797397733;0.7405208349;7
20.43672121;0.3972085714;0.1148554832;10.61934662;20.44471444;0.28527385;0.6919570565;0.7417425513;7
20.43882303;0.3684946895;0.1339980662;10.43749237;20.44681621;0.2864955962;0.6992874742;0.7417425513;7
20.4409248;0.3732803464;0.1531406492;10.20778179;20.44891803;0.288939029;0.7041743994;0.7429642677;7
20.44302662;0.4211367965;0.1579262912;10.03549862;20.4510198;0.28527385;0.6992874742;0.7441860437;7
20.44512839;0.4929214716;0.2105683982;9.882357597;20.45312162;0.2755000293;0.6834049821;0.7441860437;7
20.44723016;0.5455635786;0.2679961324;9.743574142;20.45522339;0.2657261789;0.66752249;0.7441860437;7
20.44933199;0.5838487148;0.3014956415;9.662218094;20.45732516;0.2522871494;0.6540834904;0.747851193;7
20.45143376;0.6221339107;0.2823530734;9.600004196;20.45942699;0.2339612097;0.6430879235;0.7502946854;7
20.45353558;0.6412764788;0.2632105052;9.51386261;20.46152876;0.2107483447;0.6320923567;0.7539598346;7
20.45563735;0.6556333899;0.2919243574;9.437292099;20.46363053;0.1838703007;0.617431581;0.7588467598;7
20.45773912;0.6173482537;0.3254238665;9.327222824;20.46573235;0.158213973;0.5991056561;0.763733685;7
20.45984094;0.6125625968;0.3828516304;9.260223389;20.46783417;0.1264490038;0.5844448805;0.7673988938;7
20.46194272;0.5934200287;0.4115654826;9.17886734;20.46993594;0.0971274972;0.5685623884;0.7673988938;7
