Tempo acelerômetro (s);Acelerômetro X (m/s²);Acelerômetro Y (m/s²);Acelerômetro Z (m/s²);Tempo giroscópio (s);Giroscópio X (rad/s);Giroscópio Y (rad/s);Giroscópio Z (rad/s);gesto
7.355262829;1.282552958;0.2344966233;8.729017258;7.363256215;-0.1192713454;0.3303251266;0.7194460034;3
7.357364704;1.258624673;0.2823530734;8.729017258;7.36535809;-0.1327103674;0.324216485;0.7328850031;3
7.359466527;1.234696507;0.2967100143;8.757730484;7.367459913;-0.1498145908;0.3181078434;0.7451022863;3
7.36156835;1.239482164;0.3014956415;8.824729919;7.369561788;-0.1608101577;0.3144426346;0.7560978532;3
7.363670173;1.258624673;0.2679961324;8.953942299;7.371663611;-0.1718057245;0.3144426346;0.7658717036;3
7.365772048;1.344766378;0.2392822653;9.03051281;7.373765434;-0.1864664704;0.3132209182;0.7744238377;3
7.367873871;1.459621787;0.2536391914;9.03051281;7.375867309;-0.1974620372;0.3095557392;0.7854194045;3
7.369975746;1.560120344;0.2727817893;9.025727272;7.377969132;-0.2084576041;0.3095557392;0.7951932549;3
7.372077569;1.631905079;0.3110669553;9.05922699;7.380070954;-0.2182314396;0.311999172;0.8049670458;3
7.374179392;1.694118381;0.3062812984;9.126225471;7.382172777;-0.2292270064;0.3144426346;0.8147408962;3
7.376281267;1.703689694;0.3014956415;9.188439369;7.3842746;-0.235335663;0.3168860972;0.8245147467;3
7.37838309;1.737189293;0.2632105052;9.221938133;7.386376475;-0.2463312149;0.3229947388;0.8342885971;3
7.380484913;1.756331801;0.2201396823;9.288937569;7.388478298;-0.2499964088;0.3254382014;0.8416189551;3
7.382586736;1.794616938;0.1674975902;9.351150513;7.390580121;-0.2512181401;0.3217730224;0.8477275968;3
7.384688559;1.832902193;0.1148554832;9.432506561;7.392681996;-0.2536616027;0.3168860972;0.8538362384;3
7.386790434;1.880758643;0.06699903309;9.528220177;7.394783819;-0.2536616027;0.3156643808;0.8550579548;3
7.388892257;1.928615093;0.05742774159;9.652647018;7.396885642;-0.2536616027;0.3132209182;0.8575014472;3
7.390994079;1.990828395;0.0143569354;9.738788605;7.398987517;-0.2524398565;0.3107774556;0.8575014472;3
7.393095954;2.081755638;-0.03349951655;9.796216011;7.40108934;-0.2487746775;0.3058905303;0.8550579548;3
7.395197777;2.191825628;-0.0765703246;9.839286804;7.403191163;-0.2475529462;0.3022253513;0.8513928056;3
7.3972996;2.277967215;-0.1196411327;9.901499748;7.405293038;-0.2499964088;0.3010036349;0.8428406715;3
7.399401475;2.378465652;-0.1483550072;9.925428391;7.407394861;-0.2487746775;0.2997818887;0.8355103135;3
7.401503298;2.464607239;-0.1531406492;9.934999466;7.409496684;-0.2487746775;0.3010036349;0.8281798959;3
7.403605121;2.565105915;-0.1579262912;9.934999466;7.411598507;-0.2487746775;0.3046688139;0.818406105;3
7.405706996;2.665604353;-0.1770688742;9.949356079;7.413700329;-0.2487746775;0.3071122766;0.8049670458;3
7.407808819;2.761317253;-0.2201396823;9.978070259;7.415802204;-0.2475529462;0.3095557392;0.7927497625;3
7.409910642;2.847458839;-0.2536391914;10.05464077;7.417904027;-0.2475529462;0.3132209182;0.7793107629;3
7.412012465;2.900100946;-0.3062812984;10.07378292;7.42000585;-0.2438877672;0.311999172;0.7658717036;3
7.414114288;2.938386202;-0.3732803464;10.15992451;7.422107725;-0.2377791107;0.3144426346;0.7512109876;3
7.416216163;2.962314367;-0.4498506486;10.22692394;7.424209548;-0.231670469;0.3156643808;0.7365502119;3
7.418317986;2.991028309;-0.5216353536;10.31306553;7.426311371;-0.2255618125;0.3132209182;0.7206677198;3
7.420419809;3.000599623;-0.5742774606;10.39442158;7.428413194;-0.2145662606;0.3107774556;0.702341795;3
7.422521684;2.986242771;-0.6364908218;10.49491978;7.430515069;-0.2023489624;0.3095557392;0.6876810193;3
7.424623507;3.014956474;-0.6652047038;10.63370419;7.432616892;-0.1901316643;0.3022253513;0.6693550944;3
7.426725329;3.024527788;-0.708275497;10.73420238;7.434718715;-0.1766926348;0.3034470677;0.65102911;3
7.428827152;3.062813044;-0.732203722;10.84905815;7.43682059;-0.1632536054;0.2985601723;0.6314814687;3
7.430929027;3.110669374;-0.760917604;10.93998528;7.438922413;-0.1498145908;0.2936732471;0.6107120514;3
7.43303085;3.125026464;-0.784845829;11.03569794;7.441024236;-0.131488651;0.2961167097;0.5911644101;3
7.435132673;3.134597778;-0.8279166222;11.10269737;7.443126111;-0.1192713454;0.2936732471;0.5691732764;3
7.437234548;3.120240688;-0.8566305041;11.16491032;7.445227882;-0.102167137;0.2912297845;0.5484038591;3
7.439336371;3.096312523;-0.8949156404;11.22712421;7.447329757;-0.08628465235;0.2887863219;0.5276344419;3
7.441438194;3.077169895;-0.9236295223;11.28455162;7.449431632;-0.06918043643;0.2826776803;0.509308517;3
7.443540069;3.029313564;-0.9236295223;11.36112213;7.451533454;-0.05085449293;0.274125576;0.4897608459;3
7.44564184;2.962314367;-0.9379864931;11.43769264;7.453635277;-0.03008509055;0.2655734718;0.4726566374;3
7.447743715;2.890529871;-0.9475577474;11.48076344;7.4557371;-0.01420260593;0.2545779049;0.4555523992;3
7.44984559;2.818745136;-0.9475577474;11.5142622;7.457838975;0.0016798781;0.2386954129;0.4433351159;3
7.451947413;2.742174864;-0.9379864931;11.54297638;7.459940798;0.01634063199;0.227699846;0.4274526238;3
7.454049236;2.684746981;-0.9188438654;11.50469112;7.462042621;0.03100138716;0.2130390853;0.4152353406;3
7.456151059;2.632104874;-0.8805587292;11.47119141;7.464144444;0.04321868345;0.1971566081;0.4017963111;3
7.458252934;2.584248543;-0.8279166222;11.39462185;7.466246319;0.05177079141;0.181274116;0.3895790279;3
7.460354757;2.565105915;-0.7752745152;11.28933716;7.468348142;0.05910116807;0.1641699076;0.3773617148;3
7.462456579;2.550748825;-0.679561615;11.18883896;7.470449965;0.05910116807;0.1470656991;0.3651444316;3
7.464558402;2.545963287;-0.6173482537;11.06919765;7.47255184;0.05910116807;0.131183207;0.3565923274;3
7.466660277;2.555534601;-0.5264210105;10.91605663;7.474653611;0.05299251899;0.1140789986;0.3468184769;3
7.4687621;2.545963287;-0.4689932466;10.79162979;7.476755486;0.04199695215;0.09819651395;0.3394880891;3
7.470863923;2.522035122;-0.3972085714;10.5858469;7.478857309;0.03100138716;0.0859792158;0.3333794475;3
7.472965798;2.478964329;-0.3397808075;10.43749237;7.480959132;0.01511890348;0.07620538026;0.3260490894;3
7.475067569;2.411965132;-0.2967100143;10.27478027;7.483061007;0.0004581485991;0.06765327603;0.3211621642;3
7.477169444;2.344966173;-0.2392822653;10.13599682;7.485162829;-0.01420260593;0.05543597788;0.316275239;3
7.479271267;2.282752752;-0.2153540403;10.0019989;7.487264652;-0.03008509055;0.04688387364;0.3101665974;3
7.48137309;2.225325108;-0.1483550072;9.925428391;7.489366527;-0.04596757516;0.03833176568;0.3040579557;3
7.483474965;2.167897224;-0.1004985496;9.858428955;7.49146835;-0.05940660089;0.02855792828;0.2991710305;3
7.485576788;2.129612207;-0.06699903309;9.829715729;7.493570173;-0.07040216774;0.02000582218;0.2967275679;3
7.487678611;2.0769701;0.0;9.796216011;7.495672048;-0.08139773458;0.01023198478;0.2930623889;3
7.489780486;2.009970903;0.07178468257;9.791430473;7.497773871;-0.09117157012;0.005345067009;0.2942841053;3
7.491882309;1.938186288;0.1292124242;9.839286804;7.499875694;-0.09850194305;-0.0007635809598;0.2942841053;3
7.493984132;1.856830359;0.1674975902;9.887143135;7.501977569;-0.1033888608;-0.003207040019;0.2955058515;3
7.496086007;1.770688772;0.2057827413;9.925428391;7.504079392;-0.1046105921;-0.003207040019;0.2955058515;3
7.498187829;1.689332843;0.2440679073;9.968499184;7.506181215;-0.1046105921;0.0016798781;0.2991710305;3
7.500289652;1.622333765;0.2679961324;10.06899738;7.50828309;-0.1009454057;0.007788525894;0.3003927469;3
7.502391527;1.560120344;0.2679961324;10.12642574;7.510384861;-0.0972802192;0.0126754446;0.3040579557;3
7.50449335;1.488335729;0.2775674164;10.25563812;7.512486736;-0.08872810751;0.01634063199;0.3052796721;3
7.506595173;1.45483613;0.2775674164;10.3226366;7.514588559;-0.07528908551;0.02122755162;0.3065013885;3
7.508697048;1.402194023;0.2775674164;10.44227791;7.516690434;-0.06307178736;0.02611446939;0.3065013885;3
7.510798819;1.35912323;0.2344966233;10.51406288;7.518792257;-0.04963276163;0.03100138716;0.3065013885;3
7.512900694;1.316052437;0.2201396823;10.59063339;7.520894079;-0.03130681813;0.04077522457;0.3040579557;3
7.515002517;1.277767301;0.2009970993;10.6480608;7.522995902;-0.01542433538;0.04321868345;0.3016144931;3
7.517104392;1.239482164;0.1818545163;10.71027374;7.525097777;-0.0007635809598;0.04688387364;0.2979492843;3
7.519206215;1.191625714;0.1483550072;10.748559;7.527199548;0.01511890348;0.05177079141;0.2955058515;3
7.521308038;1.153340459;0.1435693651;10.78684425;7.529301423;0.02977965772;0.05665770918;0.2918406427;3
7.523409861;1.129412293;0.1052841991;10.77727318;7.531403246;0.04321868345;0.06032289565;0.2881754637;3
7.525511736;1.105484009;0.08614161611;10.75334454;7.533505121;0.05787943676;0.06154462695;0.2832885385;3
7.527613507;1.0863415;0.1100698411;10.72463131;7.535606944;0.07009673119;0.06276635826;0.2784016132;3
7.529715382;1.0863415;0.1004985496;10.71027374;7.537708767;0.08109229803;0.05910116807;0.2722929716;3
7.531817204;1.0863415;0.09092725813;10.66720295;7.53981059;0.08720094711;0.0542142503;0.2674060464;3
7.533919079;1.071984529;0.09571290761;10.59063339;7.541912465;0.09208786488;0.04688387364;0.262519151;3
7.536020902;1.03848505;0.1052841991;10.53799057;7.544014288;0.09453132749;0.0358883068;0.2564104795;3
7.538122725;0.9858429432;0.1244267747;10.45184898;7.546116111;0.09453132749;0.02489273995;0.2527453005;3
7.540224548;0.94277215;0.1435693651;10.34656525;7.548217986;0.09330959618;0.01023198478;0.2490801066;3
7.542326423;0.8757730722;0.1531406492;10.23649502;7.550319809;0.08720094711;-0.00565049937;0.2441931963;3
7.544428246;0.8039883971;0.1866401732;10.12642574;7.552421632;0.0847574845;-0.02397644334;0.2405280024;3
7.546530069;0.7513462901;0.2057827413;10.02114105;7.554523454;0.07742711157;-0.04352411628;0.2380845547;3
7.548631944;0.6987041831;0.2488535494;9.958928108;7.556625329;0.06887500733;-0.05940660089;0.2356410921;3
7.550733767;0.650847733;0.2823530734;9.863214493;7.558727152;0.05787943676;-0.08261945844;0.2344193608;3
7.55283559;0.6317051649;0.3302095234;9.791430473;7.560828975;0.04566214234;-0.102167137;0.2331976295;3
7.554937413;0.6317051649;0.3684946895;9.695717812;7.56293085;0.03344484791;-0.1204930767;0.2344193608;3
7.557039288;0.5886343718;0.4019941986;9.604789734;7.565032673;0.02000582218;-0.1412624866;0.2368628234;3
7.559141111;0.5647061467;0.4546363056;9.518648148;7.567134496;0.002901607659;-0.1595884264;0.2380845547;3
7.561242934;0.5455635786;0.4737788737;9.44207859;7.569236319;-0.01053741761;-0.1791360974;0.2417497337;3
7.563344809;0.5264210105;0.5120640397;9.379864693;7.571338194;-0.02641990222;-0.1950185746;0.2466366589;3
7.565446632;0.5216353536;0.5647061467;9.332008362;7.573440017;-0.04230238497;-0.2060141414;0.2490801066;3
7.567548454;0.5024927258;0.5934200287;9.298508644;7.57554184;-0.06062832847;-0.215787977;0.2539670467;3
7.569650277;0.5216353536;0.6221339107;9.250652313;7.577643715;-0.0740673542;-0.2218966335;0.2539670467;3
7.571752152;0.5455635786;0.6221339107;9.217152596;7.579745538;-0.08750637621;-0.2255618125;0.2564104795;3
7.573853975;0.5742774606;0.6460621357;9.188439369;7.581847361;-0.09850194305;-0.2267835438;0.2564104795;3
7.575955798;0.6460621357;0.6604190469;9.202795982;7.583949236;-0.1082757786;-0.2243400961;0.2551887631;3
7.578057673;0.6843472719;0.6652047038;9.217152596;7.586051007;-0.1168278903;-0.2194531709;0.2539670467;3
7.580159496;0.756131947;0.6173482537;9.245866776;7.588152882;-0.1253799945;-0.2145662606;0.2503018379;3
7.582261319;0.7944171429;0.6077769399;9.260223389;7.590254704;-0.131488651;-0.2035706937;0.2454149276;3
7.584363194;0.837487936;0.5790630579;9.279366493;7.592356579;-0.138819024;-0.1937968582;0.2417497337;3
7.586464965;0.8853443861;0.5407779217;9.30807972;7.594458402;-0.142484203;-0.1803578287;0.2356410921;3
7.58856684;0.9379864931;0.5359922647;9.346364975;7.596560225;-0.142484203;-0.1669187993;0.2319758981;3
7.590668663;0.9762716293;0.4977070987;9.38465023;7.5986621;-0.1412624866;-0.1534797698;0.2270889878;3
7.592770538;1.014556766;0.4977070987;9.456435204;7.600763923;-0.142484203;-0.1363755614;0.2234237939;3
7.594872361;1.019342422;0.4833501875;9.499505997;7.602865746;-0.138819024;-0.1168278903;0.2197586;3
7.596974184;0.9858429432;0.4785645306;9.552147865;7.604967569;-0.1339320987;-0.09483675659;0.216093421;3
7.599076059;0.94277215;0.4689932466;9.614361763;7.607069444;-0.1302669197;-0.08017600328;0.2124282271;3
7.601177882;0.9092726111;0.4737788737;9.686145782;7.609171267;-0.1241582632;-0.05940660089;0.2099847645;3
7.603279704;0.8709874153;0.4642075896;9.762716293;7.61127309;-0.1192713454;-0.04230238497;0.2075413018;3
7.605381527;0.8231309652;0.4642075896;9.815358162;7.613374913;-0.1119409725;-0.02397644334;0.2038761228;3
7.607483402;0.7752745152;0.4498506486;9.87757206;7.615476788;-0.1033888608;-0.008093958721;0.2002109289;3
7.609585225;0.7226324677;0.4354937077;9.925428391;7.617578611;-0.09605848789;0.006566796452;0.2002109289;3
7.611687048;0.650847733;0.4115654826;10.0019989;7.619680434;-0.08994983882;0.0175623633;0.1989891976;3
7.613788871;0.5790630579;0.4067798555;10.05942631;7.621782309;-0.08261945844;0.02977965772;0.1989891976;3
7.615890746;0.5072783828;0.3876372576;10.10728264;7.623884132;-0.07528908551;0.03711003438;0.1977674663;3
7.617992569;0.4307080805;0.3589234054;10.15513897;7.625985954;-0.06551524997;0.04444041103;0.1989891976;3
7.620094392;0.3397808075;0.3445664644;10.2029953;7.628087829;-0.05818486959;0.04566214234;0.2002109289;3
7.622196267;0.2488535494;0.3397808075;10.25085258;7.6301896;-0.05329795182;0.04688387364;0.2002109289;3
7.62429809;0.1914258152;0.3445664644;10.27956581;7.632291475;-0.04352411628;0.04321868345;0.2026543915;3
7.626399913;0.1483550072;0.3302095234;10.31785107;7.634393298;-0.04108065739;0.03466657549;0.2026543915;3
7.628501788;0.1004985496;0.3302095234;10.37049294;7.636495173;-0.0374154672;0.02000582218;0.2050978541;3
7.630603559;0.05264209956;0.3254238665;10.39920712;7.638596996;-0.03497200832;0.007788525894;0.2050978541;3
7.632705434;-0.009571290575;0.3254238665;10.41835022;7.640698819;-0.03130681813;-0.009315688163;0.2063195854;3
7.634807257;-0.05264209956;0.3014956415;10.40399265;7.642800694;-0.03130681813;-0.02397644334;0.2038761228;3
7.636909132;-0.05264209956;0.2775674164;10.37527943;7.644902517;-0.03130681813;-0.04474584386;0.2002109289;3
7.639010954;-0.03349951655;0.2679961324;10.37049294;7.64700434;-0.03008509055;-0.06307178736;0.1965457499;3
7.641112777;0.004785645287;0.2297109663;10.35613632;7.649106215;-0.03252854943;-0.08506292105;0.1916588247;3
7.643214652;0.05264209956;0.2153540403;10.3226366;7.651208038;-0.03375028074;-0.1082757786;0.1855501831;3
7.645316475;0.09092725813;0.1962114573;10.29392338;7.653309861;-0.03497200832;-0.1290451884;0.1782197952;3
7.647418298;0.1196411327;0.1674975902;10.30349445;7.655411684;-0.03985892609;-0.1498145908;0.1708894223;3
7.649520173;0.1579262912;0.1483550072;10.2652092;7.657513507;-0.04596757516;-0.1693622619;0.1647807807;3
7.651621996;0.1674975902;0.1100698411;10.19820976;7.659615382;-0.05085449293;-0.1876882017;0.1562286615;3
7.653723819;0.2105683982;0.08614161611;10.15513897;7.661717204;-0.0557414107;-0.2023489624;0.1452330947;3
7.655825642;0.2344966233;0.0765703246;10.09771156;7.663819027;-0.06307178736;-0.2182314396;0.1354592592;3
7.657927465;0.2871387303;0.0765703246;10.04028416;7.66592085;-0.06795870513;-0.2292270064;0.1269071549;3
7.66002934;0.3445664644;0.07178468257;9.973284721;7.668022725;-0.07162389904;-0.2341139317;0.1146898642;3
7.662131163;0.4019941986;0.04785645381;9.939785004;7.670124548;-0.07773254067;-0.2402225733;0.1061377525;3
7.664232986;0.4450650215;0.05264209956;9.915857315;7.672226371;-0.07773254067;-0.2414443046;0.0975856483;3
7.666334809;0.4546363056;0.07178468257;9.868000984;7.674328194;-0.08506292105;-0.2377791107;0.08781181276;3
7.668436684;0.4689932466;0.06221338734;9.829715729;7.676430069;-0.08750637621;-0.235335663;0.08292489499;3
7.670538507;0.4785645306;0.04785645381;9.791430473;7.678531892;-0.08750637621;-0.2280052751;0.07803797722;3
7.672640329;0.4450650215;0.04785645381;9.772287369;7.680633767;-0.08872810751;-0.2206749022;0.07315105945;3
7.674742152;0.4354937077;0.06699903309;9.734002113;7.68273559;-0.08506292105;-0.2084576041;0.06826414168;3
7.676844027;0.4307080805;0.1004985496;9.710074425;7.684837413;-0.08506292105;-0.1962403059;0.06704241037;3
7.67894585;0.4163511395;0.1052841991;9.705288887;7.686939236;-0.08261945844;-0.1828012913;0.06582067907;3
7.681047725;0.3924229145;0.1244267747;9.686145782;7.689041111;-0.07895427197;-0.1644753367;0.06582067907;3
7.683149548;0.3684946895;0.1531406492;9.686145782;7.691142934;-0.0740673542;-0.1485928595;0.06582067907;3
7.685251371;0.3732803464;0.1579262912;9.710074425;7.693244757;-0.06918043643;-0.1302669197;0.06582067907;3
7.687353194;0.3541377485;0.1770688742;9.705288887;7.695346632;-0.06307178736;-0.1119409725;0.06337722391;3
7.689455069;0.3445664644;0.1914258152;9.714859962;7.697448454;-0.05940660089;-0.09483675659;0.0621554926;3
7.691556892;0.3541377485;0.2057827413;9.729216576;7.699550277;-0.05451968312;-0.07773254067;0.0609337613;3
7.693658715;0.3684946895;0.1866401732;9.724431038;7.7016521;-0.04841103405;-0.06185005978;0.05849030241;3
7.69576059;0.3637090325;0.1627119333;9.762716293;7.703753923;-0.04352411628;-0.04230238497;0.05726857483;3
7.697862413;0.3589234054;0.1435693651;9.762716293;7.705855798;-0.03863719851;-0.02519817278;0.05360338464;3
7.699964236;0.3397808075;0.1100698411;9.767501831;7.707957621;-0.03619373962;-0.009315688163;0.04871646687;3
7.702066059;0.3349951804;0.08614161611;9.777072906;7.710059496;-0.02886336111;0.0016798781;0.04505127668;3
7.704167882;0.3158525825;0.07178468257;9.781859398;7.712161319;-0.02641990222;0.0175623633;0.04016435891;3
7.706269757;0.2871387303;0.07178468257;9.786644936;7.714263142;-0.02153298259;0.02855792828;0.03772090003;3
7.708371579;0.2679961324;0.06221338734;9.824930191;7.716364965;-0.01786779426;0.03955349326;0.03405570984;3
7.710473454;0.2392822653;0.0382851623;9.839286804;7.71846684;-0.01542433538;0.04688387364;0.03161225095;3
7.712575277;0.2057827413;0.04307080805;9.853643417;7.720568663;-0.01175914705;0.05177079141;0.03039052337;3
7.7146771;0.1531406492;0.06221338734;9.853643417;7.722670486;-0.008093958721;0.05665770918;0.02794706449;3
7.716778923;0.1196411327;0.06221338734;9.887143135;7.724772309;-0.004428769462;0.06032289565;0.02550360374;3
7.718880798;0.06699903309;0.06221338734;9.906285286;7.726874184;-0.001985310577;0.05787943676;0.02183841541;3
7.720982621;0.01914258115;0.08135596663;9.925428391;7.728976007;-0.001985310577;0.05665770918;0.01817322709;3
7.723084444;0.004785645287;0.08614161611;9.925428391;7.731077882;0.0016798781;0.05543597788;0.01206457894;3
7.725186267;0.004785645287;0.06699903309;9.925428391;7.733179652;0.002901607659;0.0542142503;0.005955931731;3
7.727288142;0.02871387079;0.04785645381;9.915857315;7.735281527;0.002901607659;0.05054906011;-0.001374445739;3
7.729389965;0.05264209956;0.009571290575;9.896714211;7.73738335;0.002901607659;0.04688387364;-0.007483093534;3
7.73149184;0.09092725813;-0.01914258115;9.901499748;7.739485173;0.004123337101;0.03955349326;-0.01481347065;3
7.733593611;0.08614161611;-0.04307080805;9.915857315;7.741587048;0.004123337101;0.02855792828;-0.0209221188;3
7.735695486;0.06221338734;-0.05742774159;9.95414257;7.743688871;0.004123337101;0.01389717404;-0.02825249545;3
7.737797309;0.0;-0.06699903309;9.997213364;7.745790694;0.004123337101;-0.0007635809598;-0.03558287397;3
7.739899132;-0.03349951655;-0.08614161611;10.04028416;7.747892569;0.005345067009;-0.01298087649;-0.04291325063;3
7.742001007;-0.06699903309;-0.1100698411;10.06899738;7.749994392;0.0016798781;-0.02886336111;-0.05268708616;3
7.744102829;-0.0765703246;-0.1148554832;10.05464077;7.752096215;0.002901607659;-0.04230238497;-0.06123919412;3
7.746204652;-0.08614161611;-0.1292124242;10.04028416;7.754198038;0.004123337101;-0.0557414107;-0.06979130208;3
7.748306527;-0.0765703246;-0.1531406492;10.03071213;7.756299913;0.004123337101;-0.06795870513;-0.07956513762;3
7.75040835;-0.08135596663;-0.1722832322;10.04028416;7.758401736;0.005345067009;-0.07773254067;-0.08811724186;3
7.752510173;-0.08614161611;-0.1674975902;10.02592659;7.760503559;0.006566796452;-0.08994983882;-0.09544762224;3
7.754611996;-0.1052841991;-0.1435693651;10.01156998;7.762605382;0.006566796452;-0.09972367436;-0.10033454;3
7.756713871;-0.1387837082;-0.1339980662;9.95414257;7.764707257;0.005345067009;-0.1082757786;-0.1064431891;3
7.758815694;-0.1627119333;-0.08614161611;9.934999466;7.766809079;0.004123337101;-0.1131627038;-0.1088866442;3
7.760917517;-0.1962114573;-0.04785645381;9.844072342;7.768910954;0.002901607659;-0.1168278903;-0.1113301069;3
7.76301934;-0.2297109663;-0.0143569354;9.777072906;7.771012777;-0.0007635809598;-0.1180496216;-0.1113301069;3
7.765121215;-0.2488535494;0.009571290575;9.724431038;7.7731146;-0.001985310577;-0.1180496216;-0.1113301069;3
7.767223038;-0.2967100143;0.07178468257;9.652647018;7.775216423;-0.004428769462;-0.1131627038;-0.1113301069;3
7.769324913;-0.3493520916;0.09571290761;9.600004196;7.777318246;-0.006872228812;-0.1082757786;-0.1064431891;3
7.771426736;-0.3732803464;0.1483550072;9.604789734;7.779420069;-0.008093958721;-0.09850194305;-0.1015562713;3
7.773528559;-0.4115654826;0.1674975902;9.54257679;7.781521944;-0.004428769462;-0.08994983882;-0.09544762224;3
7.775630382;-0.4498506486;0.2009970993;9.528220177;7.783623767;-0.00565049937;-0.07773254067;-0.09178243577;3
7.777732204;-0.4785645306;0.2297109663;9.518648148;7.785725642;-0.0007635809598;-0.06795870513;-0.08323032409;3
7.779834027;-0.5120640397;0.2536391914;9.509077072;7.787827465;0.0004581485991;-0.05818486959;-0.07467821985;3
7.781935902;-0.5072783828;0.2775674164;9.537791252;7.789929288;0.004123337101;-0.04841103405;-0.06734783947;3
7.784037725;-0.5455635786;0.3110669553;9.523433685;7.792031111;0.006566796452;-0.03985892609;-0.05879573524;3
7.7861396;-0.5455635786;0.3349951804;9.537791252;7.794132986;0.01023198478;-0.02764163166;-0.05146535859;3
7.788241423;-0.5407779217;0.3684946895;9.552147865;7.796234809;0.0126754446;-0.01664606482;-0.04535670951;3
7.790343246;-0.5312066078;0.3780659735;9.51386261;7.798336684;0.01389717404;-0.008093958721;-0.03924806044;3
7.792445069;-0.5216353536;0.3876372576;9.537791252;7.800438454;0.0175623633;0.0016798781;-0.03313941509;3
7.794546944;-0.5072783828;0.3780659735;9.523433685;7.802540329;0.0175623633;0.009010255337;-0.03069595434;3
7.796648767;-0.4929214716;0.3732803464;9.528220177;7.804642152;0.02000582218;0.02000582218;-0.02703076601;3
7.798750642;-0.4594219327;0.3589234054;9.518648148;7.806743975;0.01878409274;0.02611446939;-0.02703076601;3
7.800852413;-0.4354937077;0.3541377485;9.528220177;7.80884585;0.01878409274;0.03344484791;-0.02336557768;3
7.802954288;-0.3924229145;0.3014956415;9.480362892;7.810947673;0.01634063199;0.04077522457;-0.02580903657;3
7.805056111;-0.3637090325;0.2967100143;9.456435204;7.813049496;0.01389717404;0.04566214234;-0.02580903657;3
7.807157934;-0.3254238665;0.2871387303;9.475577354;7.815151371;0.0126754446;0.05054906011;-0.0294742249;3
7.809259809;-0.3110669553;0.2584248483;9.451649666;7.817253194;0.0126754446;0.05543597788;-0.0294742249;3
7.811361632;-0.2967100143;0.2249253243;9.480362892;7.819355017;0.0126754446;0.05543597788;-0.03191768378;3
7.813463454;-0.3014956415;0.2153540403;9.528220177;7.82145684;0.01145371422;0.0542142503;-0.03436114267;3
7.815565329;-0.2967100143;0.2057827413;9.580862045;7.823558715;0.01145371422;0.04810560122;-0.03436114267;3
7.817667152;-0.3158525825;0.2057827413;9.633503914;7.825660538;0.01023198478;0.04077522457;-0.03680460155;3
7.819768975;-0.3684946895;0.2009970993;9.676574707;7.827762361;0.007788525894;0.02733619884;-0.03924806044;3
7.821870798;-0.3924229145;0.2009970993;9.700503349;7.829864184;0.007788525894;0.01511890348;-0.04046979174;3
7.823972673;-0.4402793646;0.2009970993;9.724431038;7.831966059;0.005345067009;0.004123337101;-0.04169152305;3
7.826074496;-0.4546363056;0.1722832322;9.734002113;7.834067882;0.0016798781;-0.006872228812;-0.04046979174;3
7.828176319;-0.4833501875;0.1627119333;9.734002113;7.836169757;-0.003207040019;-0.01786779426;-0.04291325063;3
7.830278142;-0.4977070987;0.1818545163;9.705288887;7.838271579;-0.008093958721;-0.02886336111;-0.04169152305;3
7.832380017;-0.5168496966;0.2057827413;9.676574707;7.840373402;-0.01298087649;-0.03497200832;-0.04291325063;3
7.83448184;-0.5216353536;0.2153540403;9.657432556;7.842475225;-0.01786779426;-0.04352411628;-0.04291325063;3
7.836583715;-0.5264210105;0.2201396823;9.623932838;7.8445771;-0.02031125315;-0.04596757516;-0.04169152305;3
7.838685538;-0.5312066078;0.2536391914;9.609575272;7.846678923;-0.02275471389;-0.04963276163;-0.04169152305;3
7.840787361;-0.5216353536;0.2488535494;9.628718376;7.848780746;-0.02641990222;-0.05451968312;-0.03802633286;3
7.842889184;-0.5407779217;0.2536391914;9.614361763;7.850882569;-0.03008509055;-0.05818486959;-0.03924806044;3
7.844991059;-0.5168496966;0.2440679073;9.643074989;7.852984444;-0.02886336111;-0.06551524997;-0.03680460155;3
7.847092882;-0.5072783828;0.2440679073;9.623932838;7.855086267;-0.03130681813;-0.07162389904;-0.03436114267;3
7.849194704;-0.5024927258;0.2297109663;9.623932838;7.85718809;-0.0374154672;-0.07528908551;-0.03436114267;3
7.851296527;-0.4881358147;0.2344966233;9.595218658;7.859289965;-0.0374154672;-0.07895427197;-0.03436114267;3
7.853398402;-0.4546363056;0.2297109663;9.566504478;7.861391788;-0.03863719851;-0.08139773458;-0.03069595434;3
7.855500225;-0.4163511395;0.2297109663;9.561718941;7.863493611;-0.03985892609;-0.08261945844;-0.03191768378;3
7.857602048;-0.3876372576;0.2297109663;9.552147865;7.865595434;-0.04352411628;-0.07895427197;-0.03313941509;3
7.859703923;-0.3349951804;0.2392822653;9.51386261;7.867697309;-0.04596757516;-0.07773254067;-0.03191768378;3
7.861805746;-0.3014956415;0.2440679073;9.537791252;7.869799132;-0.04841103405;-0.0728456229;-0.03191768378;3
7.863907569;-0.2679961324;0.2392822653;9.509077072;7.871900954;-0.05207622424;-0.06551524997;-0.03313941509;3
7.866009392;-0.2392822653;0.2297109663;9.485149384;7.874002829;-0.05451968312;-0.05696314201;-0.03313941509;3
7.868111267;-0.2249253243;0.2297109663;9.451649666;7.876104652;-0.05451968312;-0.05085449293;-0.03191768378;3
7.87021309;-0.2009970993;0.2201396823;9.432506561;7.878206475;-0.05940660089;-0.04474584386;-0.0294742249;3
7.872314913;-0.1866401732;0.2440679073;9.408578873;7.88030835;-0.06062832847;-0.0374154672;-0.02580903657;3
7.874416788;-0.1579262912;0.2249253243;9.41336441;7.882410173;-0.06185005978;-0.03130681813;-0.02458730713;3
7.876518611;-0.1627119333;0.2440679073;9.418149948;7.884511996;-0.06429351866;-0.02519817278;-0.0209221188;3
7.878620434;-0.1579262912;0.2440679073;9.437292099;7.886613819;-0.06551524997;-0.01786779426;-0.01603520103;3
7.880722309;-0.1674975902;0.2727817893;9.456435204;7.888715642;-0.06918043643;-0.01298087649;-0.01114828233;3
7.882824132;-0.1722832322;0.2775674164;9.461220741;7.890817517;-0.06918043643;-0.00565049937;-0.007483093534;3
7.884925954;-0.1770688742;0.3110669553;9.489934921;7.89291934;-0.07162389904;0.002901607659;-0.003817904973;3
7.887027777;-0.1674975902;0.3302095234;9.518648148;7.895021163;-0.07040216774;0.006566796452;-0.0001527161949;3
7.8891296;-0.1579262912;0.3349951804;9.537791252;7.897123038;-0.0740673542;0.0126754446;0.002290742937;3
7.891231475;-0.1674975902;0.3445664644;9.566504478;7.899224861;-0.07528908551;0.01389717404;0.005955931731;3
7.893333298;-0.1579262912;0.3637090325;9.600004196;7.901326684;-0.07528908551;0.0175623633;0.009621120058;3
7.895435121;-0.1339980662;0.3493520916;9.604789734;7.903428559;-0.07773254067;0.01878409274;0.01328630932;3
7.897536996;-0.1244267747;0.3254238665;9.638289452;7.905530382;-0.08017600328;0.01511890348;0.01695149764;3
7.899638819;-0.1100698411;0.3110669553;9.662218094;7.907632204;-0.08139773458;0.01389717404;0.01939495653;3
7.901740642;-0.1052841991;0.3206382394;9.69093132;7.909734027;-0.08384118974;0.01145371422;0.02306014486;3
7.903842517;-0.08135596663;0.2871387303;9.710074425;7.911835902;-0.08628465235;0.009010255337;0.02550360374;3
7.90594434;-0.08614161611;0.2679961324;9.7196455;7.913937725;-0.08750637621;0.005345067009;0.02916879393;3
7.908046163;-0.07178468257;0.2632105052;9.757930756;7.916039548;-0.08994983882;0.004123337101;0.02916879393;3
7.910147986;-0.06699903309;0.2392822653;9.8201437;7.918141371;-0.09117157012;-0.0007635809598;0.03161225095;3
7.912249861;-0.0382851623;0.2249253243;9.872786522;7.920243246;-0.09239330143;-0.003207040019;0.03283398226;3
7.914351684;0.009571290575;0.1866401732;9.915857315;7.922345069;-0.09483675659;-0.006872228812;0.03283398226;3
7.916453507;0.04785645381;0.1722832322;9.958928108;7.924446892;-0.09361502528;-0.01298087649;0.03283398226;3
7.918555329;0.1004985496;0.1435693651;10.03071213;7.926548767;-0.09361502528;-0.02153298259;0.02916879393;3
7.920657204;0.1339980662;0.1244267747;10.05464077;7.92865059;-0.09361502528;-0.02886336111;0.02550360374;3
7.922759027;0.1866401732;0.1052841991;10.12164021;7.930752413;-0.09117157012;-0.03497200832;0.02306014486;3
7.92486085;0.2344966233;0.0765703246;10.15992451;7.932854236;-0.08872810751;-0.04352411628;0.01817322709;3
7.926962725;0.2919243574;0.06699903309;10.18863869;7.934956111;-0.08994983882;-0.05451968312;0.01328630932;3
7.929064548;0.3397808075;0.04307080805;10.25085258;7.937057934;-0.08994983882;-0.06918043643;0.008399390616;3
7.931166371;0.3876372576;0.0239282269;10.27956581;7.939159757;-0.08872810751;-0.07895427197;0.00351247238;3
7.933268194;0.4450650215;-0.009571290575;10.33699417;7.941261632;-0.08628465235;-0.08994983882;-0.001374445739;3
7.935370069;0.4929214716;-0.0382851623;10.35613632;7.943363454;-0.08750637621;-0.0972802192;-0.007483093534;3
7.937471892;0.5359922647;-0.07178468257;10.39920712;7.945465277;-0.08506292105;-0.1094975099;-0.01481347065;3
7.939573715;0.5934200287;-0.1052841991;10.45184898;7.9475671;-0.08506292105;-0.1168278903;-0.0209221188;3
7.94167559;0.6460621357;-0.1483550072;10.47577763;7.949668975;-0.08017600328;-0.1266017258;-0.02703076601;3
7.943777413;0.6843472719;-0.1531406492;10.51406288;7.951770798;-0.07895427197;-0.1339320987;-0.03313941509;3
7.945879236;0.7226324677;-0.1722832322;10.53799057;7.953872621;-0.07773254067;-0.1437059343;-0.03802633286;3
7.947981059;0.8039883971;-0.1866401732;10.60977554;7.955974496;-0.0740673542;-0.1534797698;-0.04046979174;3
7.950082934;0.8422735929;-0.1627119333;10.62891865;7.958076319;-0.0728456229;-0.1571449637;-0.04291325063;3
7.952184757;0.8422735929;-0.1722832322;10.57627583;7.960178142;-0.06918043643;-0.162031889;-0.04291325063;3
7.954286579;0.8231309652;-0.1722832322;10.58106136;7.962279965;-0.06673697382;-0.1681405306;-0.04413498193;3
7.956388454;0.8087740541;-0.1674975902;10.59541893;7.96438184;-0.06185005978;-0.1754709035;-0.04657844082;3
7.958490277;0.8327022791;-0.1579262912;10.69113159;7.966483663;-0.05818486959;-0.1828012913;-0.0490218997;3
7.9605921;0.8949156404;-0.1292124242;10.7677021;7.968585486;-0.04963276163;-0.1901316643;-0.05146535859;3
7.962693923;0.9762716293;-0.1196411327;10.80598736;7.970687361;-0.04596757516;-0.1962403059;-0.05390881747;3
7.964795798;1.03848505;-0.1292124242;10.84427261;7.972789184;-0.04230238497;-0.2035706937;-0.05635227636;3
7.966897621;1.091127157;-0.1052841991;10.86341476;7.974891007;-0.0374154672;-0.2096793354;-0.05757400393;3
7.968999444;1.13419795;-0.1244267747;10.84905815;7.976992829;-0.03375028074;-0.2170097083;-0.06001746282;3
7.971101319;1.158126116;-0.1196411327;10.84905815;7.979094652;-0.03008509055;-0.2194531709;-0.06001746282;3
7.973203142;1.201196909;-0.09571290761;10.85384369;7.981196527;-0.03008509055;-0.2243400961;-0.06246092543;3
7.975304965;1.26341033;-0.06699903309;10.82512951;7.98329835;-0.02886336111;-0.2292270064;-0.06490438432;3
7.977406788;1.330409408;-0.05264209956;10.82034397;7.985400173;-0.02886336111;-0.235335663;-0.06734783947;3
7.979508611;1.430907965;-0.0143569354;10.80598736;7.987502048;-0.02764163166;-0.2426660359;-0.06856957078;3
7.981610486;1.50269258;0.02871387079;10.78205872;7.989603871;-0.03008509055;-0.2487746775;-0.06979130208;3
7.983712309;1.588834286;0.03349951655;10.76291656;7.991705694;-0.03252854943;-0.2573267817;-0.07345648855;3
7.985814132;1.670190215;0.07178468257;10.748559;7.993807569;-0.03619373962;-0.2646571696;-0.07589995116;3
7.987916007;1.718046665;0.0765703246;10.76291656;7.995909392;-0.0374154672;-0.2671006322;-0.07956513762;3
7.990017829;1.785045743;0.06699903309;10.73898792;7.998011215;-0.04230238497;-0.2744309902;-0.08445205539;3
7.992119652;1.861616015;0.0765703246;10.71027374;8.00011309;-0.04108065739;-0.278096199;-0.08933897316;3
7.994221527;1.947757602;0.1100698411;10.68156052;8.002214913;-0.04352411628;-0.2842048407;-0.09422589093;3
7.99632335;2.048256159;0.1100698411;10.71984577;8.004316736;-0.04352411628;-0.2890917659;-0.10033454;3
7.998425173;2.153540373;0.1387837082;10.77727318;8.006418559;-0.04596757516;-0.2988655865;-0.1052214578;3
8.000527048;2.249253273;0.1770688742;10.7677021;8.008520434;-0.04963276163;-0.3037525117;-0.1052214578;3
8.002628871;2.364108801;0.1818545163;10.78205872;8.010622257;-0.05329795182;-0.3061959743;-0.1088866442;3
8.004730694;2.354537487;0.1339980662;10.72941685;8.012724079;-0.0557414107;-0.308639437;-0.1125518382;3
8.006832517;2.316252232;0.1148554832;10.71506023;8.014825954;-0.0557414107;-0.308639437;-0.1149952933;3
8.008934392;2.340180635;0.1052841991;10.7054882;8.016927777;-0.05329795182;-0.3098611534;-0.1211039424;3
8.011036215;2.416750908;0.1052841991;10.75334454;8.0190296;-0.04963276163;-0.3110828996;-0.1296560466;3
8.013138038;2.536391973;0.1148554832;10.78684425;8.021131423;-0.04718930274;-0.3147480786;-0.1369864196;3
8.015239913;2.660818815;0.1148554832;10.87298584;8.023233298;-0.04108065739;-0.3147480786;-0.1455385387;3
8.017341736;2.775674343;0.1244267747;10.93519974;8.025335121;-0.03863719851;-0.315969795;-0.1528689116;3
8.019443559;2.857030153;0.1148554832;10.97348499;8.027436944;-0.03252854943;-0.315969795;-0.1601992846;3
8.021545382;2.890529871;0.07178468257;10.99262714;8.029538767;-0.02641990222;-0.315969795;-0.1699731201;3
8.023647257;2.900100946;0.0382851623;10.99262714;8.031640642;-0.02275471389;-0.3147480786;-0.1809686869;3
8.025749079;2.962314367;0.0143569354;10.98784161;8.033742465;-0.01786779426;-0.315969795;-0.1931859851;3
8.027850902;3.029313564;0.0143569354;10.99262714;8.035844288;-0.01298087649;-0.3171915412;-0.2054032832;3
8.029952725;3.144168854;0.009571290575;10.99741268;8.037946111;-0.009315688163;-0.3147480786;-0.2176205814;3
8.0320546;3.239881754;0.0143569354;10.95434189;8.040047986;-0.00565049937;-0.3135263622;-0.2298378795;3
8.034156423;3.306880951;0.03349951655;10.89212894;8.042149809;-0.0007635809598;-0.3135263622;-0.2432768941;3
8.036258246;3.359523058;0.0143569354;10.9112711;8.044251684;0.002901607659;-0.3110828996;-0.2554942071;3
8.038360069;3.407379389;-0.01914258115;10.93519974;8.046353507;0.01145371422;-0.3098611534;-0.2689332068;3
8.040461944;3.450450182;-0.05264209956;10.95912743;8.048455329;0.01511890348;-0.308639437;-0.2835939825;3
8.042563767;3.483949661;-0.08614161611;10.91605663;8.050557152;0.0175623633;-0.3098611534;-0.2970330119;3
8.044665642;3.503092289;-0.09092725813;10.90648556;8.052658975;0.0175623633;-0.3147480786;-0.3092502952;3
8.046767465;3.56530571;-0.09092725813;10.90170002;8.05476085;0.01511890348;-0.3233001828;-0.320245862;3
8.048869288;3.560520172;-0.0382851623;10.75813103;8.056862673;0.0126754446;-0.3330740333;-0.3300196826;3
8.050971111;3.536591768;-0.0382851623;10.68634605;8.058964548;0.01511890348;-0.3404043913;-0.3410152495;3
8.053072934;3.479164124;-0.04785645381;10.69591713;8.061066371;0.01389717404;-0.3501782417;-0.3520108163;3
8.055174809;3.445664644;-0.05742774159;10.71984577;8.063168194;0.0126754446;-0.3599520624;-0.3630063832;3
8.057276632;3.407379389;-0.06699903309;10.75334454;8.065270069;0.0126754446;-0.3672824502;-0.3776671588;3
8.059378507;3.402593851;-0.08614161611;10.72941685;8.067371892;0.01023198478;-0.378278017;-0.3923279047;3
8.061480329;3.402593851;-0.08614161611;10.72941685;8.069473715;0.01145371422;-0.3904953003;-0.4033234715;3
8.063582152;3.416950703;-0.1004985496;10.73898792;8.071575538;0.01023198478;-0.4039343297;-0.416762501;3
8.065684027;3.431307554;-0.09571290761;10.74377346;8.073677413;0.009010255337;-0.4185950756;-0.4302015305;3
8.06778585;3.445664644;-0.1148554832;10.75334454;8.075779236;0.009010255337;-0.4356993139;-0.4436405599;3
8.069887673;3.445664644;-0.1339980662;10.75813103;8.077881059;0.01145371422;-0.4503600597;-0.4546361268;3
8.071989496;3.460021496;-0.1292124242;10.7677021;8.079982882;0.01389717404;-0.4662425518;-0.4680751264;3
8.074091371;3.464807272;-0.1627119333;10.72463131;8.082084757;0.01389717404;-0.4772381186;-0.4815141559;3
8.076193194;3.464807272;-0.1674975902;10.77727318;8.084186579;0.01145371422;-0.4845684767;-0.4937314689;3
8.078295017;3.483949661;-0.1962114573;10.81555843;8.086288402;0.01389717404;-0.4845684767;-0.5035052896;3
8.08039684;3.474378586;-0.2057827413;10.69591713;8.088390225;0.01511890348;-0.4833467603;-0.5157225728;3
8.082498715;3.440878868;-0.2153540403;10.5858469;8.0904921;0.02000582218;-0.4772381186;-0.5279398561;3
8.084600538;3.397808075;-0.2153540403;10.55713367;8.092593923;0.02367101051;-0.4699077308;-0.5413789153;3
8.086702361;3.407379389;-0.2153540403;10.55713367;8.094695746;0.02977965772;-0.4601338804;-0.5535961986;3
8.088804184;3.450450182;-0.1818545163;10.56670475;8.096797569;0.03833176568;-0.4491383433;-0.5682569742;3
8.090906059;3.498306751;-0.1531406492;10.61456108;8.098899444;0.04810560122;-0.4393644929;-0.5804742575;3
8.093007882;3.527020693;-0.1387837082;10.63848972;8.101001267;0.05787943676;-0.4271472096;-0.5926915407;3
8.095109704;3.536591768;-0.1387837082;10.67677498;8.10310309;0.07009673119;-0.412486434;-0.604908824;3
8.097211527;3.503092289;-0.1196411327;10.70070267;8.105204965;0.08231402934;-0.3929387629;-0.6171261668;3
8.099313402;3.479164124;-0.1339980662;10.68634605;8.107306788;0.09819651395;-0.3770562708;-0.6293434501;3
8.101415225;3.440878868;-0.1579262912;10.71027374;8.109408663;0.111635536;-0.3636172712;-0.6391173005;3
8.103517048;3.426522017;-0.1674975902;10.69113159;8.111510486;0.1250745654;-0.3477347791;-0.6488910913;3
8.105618923;3.383451223;-0.1722832322;10.68634605;8.113612309;0.1372918636;-0.3355174661;-0.6574432254;3
8.107720746;3.330809116;-0.1531406492;10.6480608;8.115714132;0.1482874304;-0.3208567202;-0.6647735834;3
8.109822621;3.292523861;-0.1483550072;10.65763187;8.117815954;0.1605047137;-0.3049742281;-0.672104001;3
8.111924444;3.235096216;-0.1435693651;10.60499001;8.119917829;0.1702785641;-0.2903134823;-0.6794343591;3
8.114026267;3.192025423;-0.1483550072;10.49970531;8.122019652;0.1800523996;-0.2768744528;-0.6855430007;3
8.11612809;3.144168854;-0.1627119333;10.4279213;8.124121475;0.1861610413;-0.2646571696;-0.6928733587;3
8.118229913;3.101098061;-0.1866401732;10.3848505;8.126223298;0.1934914142;-0.2536616027;-0.7002037764;3
8.120331788;3.067598581;-0.2009970993;10.36092186;8.128325173;0.1959348768;-0.2438877672;-0.7087558508;3
8.122433611;3.034099102;-0.1962114573;10.33699417;8.130426996;0.2032652497;-0.2365573794;-0.7148644924;3
8.124535434;2.991028309;-0.1627119333;10.29392338;8.132528819;0.2020435184;-0.231670469;-0.7197514176;3
8.126637257;2.94317174;-0.1387837082;10.21735287;8.134630694;0.2020435184;-0.2280052751;-0.7246383429;3
8.128739132;2.871387243;-0.1100698411;10.164711;8.136732517;0.200821802;-0.2304487377;-0.7283035517;3
8.130840954;2.804388046;-0.07178468257;10.08814049;8.13883434;0.1934914142;-0.2328922004;-0.7319687009;3
8.132942777;2.751745939;-0.0382851623;10.03071213;8.140936215;0.1886045039;-0.239000842;-0.7356339097;3
8.135044652;2.699103832;-0.009571290575;9.968499184;8.143038038;0.1800523996;-0.2463312149;-0.7380773425;3
8.137146475;2.641676188;0.0;9.882357597;8.145139861;0.1727220118;-0.2524398565;-0.7405208349;3
8.139248298;2.569891453;-0.0239282269;9.8201437;8.147241684;0.161726445;-0.2561050653;-0.7417425513;3
8.141350173;2.507678032;-0.04307080805;9.805787086;8.149343559;0.1556178033;-0.258548528;-0.7454077601;3
8.143451996;2.435893536;-0.09092725813;9.801001549;8.151445382;0.1519526094;-0.2597702444;-0.7502946854;3
8.145553819;2.368894339;-0.1004985496;9.772287369;8.153547204;0.1434005052;-0.262213707;-0.7515164018;3
8.147655642;2.287538528;-0.1052841991;9.777072906;8.155649079;0.1372918636;-0.2646571696;-0.7551816106;3
8.149757517;2.234896421;-0.1148554832;9.796216011;8.157750902;0.1360701323;-0.2695440948;-0.7576250434;3
8.15185934;2.172683001;-0.1148554832;9.829715729;8.159852725;0.134848401;-0.2732092738;-0.7600684762;3
8.153961163;2.115255117;-0.1387837082;9.887143135;8.161954548;0.134848401;-0.2768744528;-0.7661771774;3
8.156063038;2.072184324;-0.1579262912;9.944570541;8.164056423;0.1360701323;-0.2805396616;-0.7698423266;3
8.158164861;2.038684845;-0.2153540403;10.01635551;8.166158246;0.1397353113;-0.278096199;-0.7759509683;3
8.160266684;2.005185366;-0.2584248483;10.04506969;8.168260069;0.1385135949;-0.2768744528;-0.7808378935;3
8.162368507;2.009970903;-0.2632105052;10.07378292;8.170361892;0.1446222365;-0.2756527364;-0.7857248187;3
8.164470382;1.986042738;-0.2775674164;10.04028416;8.172463767;0.1495091617;-0.2732092738;-0.7869465351;3
8.166572204;1.938186288;-0.2871387303;10.01635551;8.17456559;0.1556178033;-0.2768744528;-0.7893900275;3
8.168674027;1.8855443;-0.2967100143;10.00678444;8.176667413;0.1641699076;-0.2793179154;-0.7918334603;3
8.17077585;1.775474429;-0.3110669553;10.05942631;8.178769288;0.1739437431;-0.281761378;-0.7954986691;3
8.172877725;1.64626193;-0.3014956415;10.13599682;8.180871111;0.181274116;-0.2829830945;-0.8003855944;3
8.174979548;1.593619823;-0.3158525825;10.14556789;8.182972934;0.18493931;-0.2903134823;-0.8052725196;3
8.177081371;1.55054903;-0.3206382394;10.14078236;8.185074757;0.1873827726;-0.2964221239;-0.8101593852;3
8.179183246;1.521835208;-0.3206382394;10.06899738;8.187176632;0.1910479665;-0.3061959743;-0.813824594;3
8.181285069;1.493121386;-0.3302095234;10.01635551;8.189278454;0.1886045039;-0.3171915412;-0.8187115192;3
8.183386892;1.478764415;-0.3110669553;9.915857315;8.191380277;0.1861610413;-0.3306305707;-0.8187115192;3
8.185488715;1.421336651;-0.2775674164;9.8201437;8.1934821;0.181274116;-0.3440696001;-0.8199332356;3
8.18759059;1.320838094;-0.2632105052;9.74835968;8.195583975;0.1727220118;-0.3575085998;-0.8223767281;3
8.189692413;1.239482164;-0.2440679073;9.667003632;8.197685798;0.1605047137;-0.3672824502;-0.8223767281;3
8.191794236;1.172483087;-0.2057827413;9.518648148;8.199787673;0.1482874304;-0.378278017;-0.821154952;3
8.193896059;1.100698471;-0.1962114573;9.355937004;8.201889496;0.1372918636;-0.3868301213;-0.8223767281;3
8.195997934;1.057627559;-0.1866401732;9.226723671;8.203991319;0.1226311028;-0.4039343297;-0.821154952;3
8.198099757;1.004985452;-0.1914258152;9.154939651;8.206093142;0.1067486182;-0.4161516428;-0.8187115192;3
8.200201632;0.9714859724;-0.1531406492;9.097511292;8.208195017;0.09330959618;-0.424703747;-0.8174898028;3
8.202303454;0.9379864931;-0.1435693651;9.054440498;8.21029684;0.08109229803;-0.4356993139;-0.8187115192;3
8.204405277;0.9332008362;-0.1100698411;8.997013092;8.212398663;0.06398808211;-0.4442514181;-0.8174898028;3
8.2065071;0.9379864931;-0.0765703246;8.925228119;8.214500538;0.04688387364;-0.4564687014;-0.8162680864;3
8.208608975;0.9188438654;-0.01914258115;8.858229637;8.216602309;0.03344484791;-0.462577343;-0.8174898028;3
8.210710798;0.8949156404;0.004785645287;8.829515457;8.218704184;0.02000582218;-0.4662425518;-0.8187115192;3
8.212812621;0.890130043;0.0143569354;8.819944382;8.220806007;0.002901607659;-0.4699077308;-0.8199332356;3
8.214914496;0.8805587292;-0.004785645287;8.800801277;8.222907882;-0.008093958721;-0.474794656;-0.8223767281;3
8.217016267;0.8853443861;-0.004785645287;8.738588333;8.225009704;-0.02275471389;-0.4772381186;-0.8235984445;3
8.219118142;0.8805587292;-0.0382851623;8.714659691;8.227111527;-0.03130681813;-0.4760163724;-0.8235984445;3
8.221219965;0.8757730722;-0.05742774159;8.709874153;8.22921335;-0.03863719851;-0.474794656;-0.8248201609;3
8.22332184;0.8327022791;-0.08135596663;8.748159409;8.231315225;-0.04596757516;-0.4674642682;-0.8235984445;3
8.225423663;0.7800601721;-0.1148554832;8.834300995;8.233417048;-0.05085449293;-0.4601338804;-0.8235984445;3
8.227525486;0.708275497;-0.1435693651;8.858229637;8.235518871;-0.05207622424;-0.4515817761;-0.8235984445;3
8.229627309;0.6604190469;-0.1579262912;8.906085968;8.237620694;-0.05451968312;-0.4430296719;-0.8223767281;3
8.231729184;0.6077769399;-0.1627119333;8.906085968;8.239722569;-0.05085449293;-0.4381427765;-0.821154952;3
8.233831007;0.5790630579;-0.1770688742;8.958727837;8.241824392;-0.04963276163;-0.4295906425;-0.821154952;3
8.235932829;0.5216353536;-0.1770688742;9.011369705;8.243926215;-0.04352411628;-0.4234820008;-0.821154952;3
8.238034652;0.4689932466;-0.1818545163;9.078369141;8.246028038;-0.03985892609;-0.4075995386;-0.8223767281;3
8.240136527;0.4307080805;-0.1866401732;9.102297783;8.248129913;-0.03375028074;-0.3941605091;-0.8223767281;3
8.24223835;0.4163511395;-0.1866401732;9.121439934;8.250231736;-0.02764163166;-0.3819431961;-0.821154952;3
8.244340173;0.3972085714;-0.1866401732;9.078369141;8.252333559;-0.02031125315;-0.3672824502;-0.8187115192;3
8.246441996;0.3541377485;-0.2057827413;9.035298347;8.254435382;-0.01298087649;-0.355065167;-0.8162680864;3
8.248543871;0.3110669553;-0.1722832322;9.020941734;8.256537257;-0.00565049937;-0.3379609287;-0.8126028776;3
8.250645694;0.2536391914;-0.1674975902;8.987442017;8.258639079;-0.0007635809598;-0.3171915412;-0.8077159524;3
8.252747517;0.1914258152;-0.1387837082;8.958727837;8.260740954;0.007788525894;-0.2939786613;-0.8016073108;3
8.25484934;0.1004985496;-0.1292124242;8.877371788;8.262842777;0.0126754446;-0.2646571696;-0.7954986691;3
8.256951215;0.03349951655;-0.1387837082;8.776873589;8.2649446;0.0175623633;-0.2365573794;-0.7881683111;3
8.259053038;-0.04785645381;-0.1004985496;8.690732002;8.267046475;0.01878409274;-0.2145662606;-0.7796161771;3
8.261154913;-0.1292124242;-0.0765703246;8.595019341;8.269148246;0.02244928107;-0.1937968582;-0.7661771774;3
8.263256736;-0.2105683982;-0.004785645287;8.508877754;8.271250121;0.01878409274;-0.1730274558;-0.7515164018;3
8.265358559;-0.3302095234;0.0765703246;8.451449394;8.273351944;0.01878409274;-0.1559232324;-0.7356339097;3
8.267460434;-0.4498506486;0.1531406492;8.38923645;8.275453767;0.01145371422;-0.138819024;-0.7185297012;3
8.269562204;-0.5886343718;0.1962114573;8.298309326;8.277555642;0.002901607659;-0.121714808;-0.7014254928;3
8.271664079;-0.7226324677;0.2249253243;8.188239098;8.279657465;-0.00565049937;-0.1033888608;-0.6830995679;3
8.273765902;-0.8183453679;0.2057827413;8.073383331;8.281759288;-0.01420260593;-0.08994983882;-0.6647735834;3
8.275867725;-0.8997012973;0.2249253243;7.982456207;8.283861163;-0.02275471389;-0.07895427197;-0.6464476585;3
8.2779696;-0.9284151793;0.2153540403;7.920242786;8.285962986;-0.03375028074;-0.07162389904;-0.6281217337;3
8.280071423;-0.9858429432;0.2153540403;7.881958008;8.288064809;-0.04474584386;-0.06795870513;-0.6110175252;3
8.282173246;-1.062413216;0.2297109663;7.915457249;8.290166684;-0.05329795182;-0.06918043643;-0.5951350331;3
8.284275121;-1.129412293;0.2727817893;7.953742504;8.292268507;-0.06918043643;-0.07773254067;-0.5804742575;3
8.286376944;-1.191625714;0.3110669553;7.972885132;8.294370329;-0.08628465235;-0.08994983882;-0.5694786906;3
8.288478767;-1.239482164;0.3158525825;7.99202776;8.296472152;-0.1033888608;-0.1070540547;-0.5597048402;3
8.290580642;-1.272981644;0.3014956415;7.944170952;8.298574027;-0.1241582632;-0.1266017258;-0.5499309897;3
8.292682465;-1.301695466;0.2871387303;7.910671711;8.30067585;-0.1473711282;-0.1485928595;-0.5413789153;3
8.294784288;-1.339980721;0.2919243574;7.867600918;8.302777673;-0.1705839932;-0.1718057245;-0.5328267813;3
8.296886111;-1.383051515;0.2727817893;7.814958572;8.304879496;-0.1962403059;-0.1974620372;-0.5254964232;3
8.298987986;-1.45483613;0.2584248483;7.776673794;8.306981371;-0.2218966335;-0.2182314396;-0.5193877816;3
8.301089809;-1.497906923;0.2679961324;7.747959614;8.309083194;-0.2487746775;-0.2402225733;-0.5120574236;3
8.303191632;-1.512263894;0.2392822653;7.728816986;8.311185017;-0.2768744528;-0.2573267817;-0.5071704984;3
8.305293454;-1.526620865;0.2201396823;7.680960655;8.313286892;-0.3037525117;-0.2732092738;-0.5022835732;3
8.307395329;-1.512263894;0.2249253243;7.661818027;8.315388715;-0.3294088244;-0.2878700197;-0.4973966479;3
8.309497152;-1.50269258;0.1962114573;7.65703249;8.317490538;-0.3538434207;-0.2939786613;-0.4937314689;3
8.311598975;-1.50269258;0.1722832322;7.661818027;8.319592361;-0.374612838;-0.3013090491;-0.4900662601;3
8.31370085;-1.517049551;0.1579262912;7.676175117;8.321694236;-0.3966039717;-0.3025307953;-0.4827359021;3
8.315802673;-1.540977836;0.1531406492;7.700103283;8.323796059;-0.412486434;-0.3013090491;-0.4778489769;3
8.317904496;-1.569691658;0.1244267747;7.747959614;8.325897934;-0.428368926;-0.2976438701;-0.4692968726;3
8.320006319;-1.617548108;0.1244267747;7.786244869;8.327999757;-0.4393644929;-0.2915352285;-0.4619664848;3
8.322108194;-1.655833244;0.1196411327;7.8341012;8.330101579;-0.4503600597;-0.2793179154;-0.4534143806;3
8.324210017;-1.718046665;0.08614161611;7.891529083;8.332203402;-0.4540252388;-0.2634354234;-0.4424188137;3
8.326311892;-1.789831281;0.06221338734;7.948956966;8.334305277;-0.455246985;-0.2414443046;-0.4314232469;3
8.328413715;-1.852044702;0.05742774159;7.982456207;8.3364071;-0.4576904476;-0.2255618125;-0.4192059636;3
8.330515538;-1.895115495;0.0382851623;8.073383331;8.338508923;-0.4564687014;-0.2047924101;-0.404545188;3
8.332617361;-1.914258122;0.05742774159;8.178668022;8.340610746;-0.4528035223;-0.1852447391;-0.3898844421;3
8.334719236;-1.909472466;0.06699903309;8.303094864;8.342712621;-0.4515817761;-0.165697068;-0.37400195;3
8.336821059;-1.938186288;0.05264209956;8.36052227;8.344814444;-0.4479165971;-0.138819024;-0.3581194878;3
8.338922882;-1.9812572;0.0143569354;8.451449394;8.346916267;-0.4442514181;-0.1131627038;-0.3397935331;3
8.341024704;-2.072184324;-0.0143569354;8.499305725;8.34901809;-0.4418079555;-0.08750637621;-0.323911041;3
8.343126579;-2.139183521;-0.1004985496;8.547162056;8.351119965;-0.4381427765;-0.06185005978;-0.3080285788;3
8.345228402;-2.201396942;-0.1435693651;8.609375954;8.353221788;-0.4344775677;-0.03863719851;-0.2897026241;3
8.347330225;-2.287538528;-0.1866401732;8.662017822;8.355323663;-0.4332558513;-0.01664606482;-0.2750418782;3
8.349432048;-2.340180635;-0.2536391914;8.729017258;8.357425486;-0.4295906425;0.0004581485991;-0.2591593862;3
8.351533923;-2.388036966;-0.3302095234;8.839086533;8.359527309;-0.424703747;0.02122755162;-0.2432768941;3
8.353635746;-2.426322222;-0.3924229145;8.97308445;8.361629132;-0.4198168218;0.03833176568;-0.2310595959;3
8.355737621;-2.445464849;-0.4307080805;9.092725754;8.363730954;-0.4161516428;0.0542142503;-0.2176205814;3
8.357839444;-2.469393015;-0.4785645306;9.188439369;8.365832829;-0.412486434;0.06887500733;-0.2054032832;3
8.359941267;-2.478964329;-0.5120640397;9.265008926;8.367934652;-0.408821255;0.07864884287;-0.1907425225;3
8.36204309;-2.478964329;-0.5694918036;9.322437286;8.370036475;-0.4039343297;0.08353576064;-0.1785252392;3
8.364144913;-2.49332118;-0.6317051649;9.389435768;8.37213835;-0.4002691507;0.0847574845;-0.1650862098;3
8.366246788;-2.531606436;-0.70348984;9.499505997;8.374240173;-0.3966039717;0.08720094711;-0.1577558219;3
8.368348611;-2.579462767;-0.760917604;9.667003632;8.376341996;-0.3904953003;0.0847574845;-0.1479819864;3
8.370450434;-2.632104874;-0.8279166222;9.824930191;8.378443871;-0.3868301213;0.08353576064;-0.1430950761;3
8.372552309;-2.632104874;-0.8949156404;9.925428391;8.380545694;-0.378278017;0.08109229803;-0.1406516135;3
8.374654132;-2.656033039;-1.000199914;10.00678444;8.382647517;-0.3697259128;0.07131846249;-0.1418733448;3
8.376755954;-2.641676188;-1.115055323;10.12164021;8.38474934;-0.3611738086;0.06032289565;-0.1455385387;3
8.378857829;-2.569891453;-1.201196909;10.26999474;8.386851215;-0.3513999581;0.04688387364;-0.1492037177;3
8.380959652;-2.502892494;-1.282552958;10.45663452;8.388953038;-0.3416261375;0.02855792828;-0.1553123742;3
8.383061475;-2.445464849;-1.344766378;10.5858469;8.391054861;-0.3318522871;0.01511890348;-0.1614210159;3
8.385163298;-2.388036966;-1.416550994;10.66241741;8.393156684;-0.3220784664;-0.004428769462;-0.1675296724;3
8.387265173;-2.373680115;-1.469193101;10.70070267;8.395258559;-0.3110828996;-0.02397644334;-0.1760817766;3
8.389366996;-2.388036966;-1.555334687;10.76291656;8.397360382;-0.3025307953;-0.04230238497;-0.1858556122;3
8.391468819;-2.388036966;-1.612762451;10.82512951;8.399462204;-0.2903134823;-0.06062832847;-0.196851179;3
8.393570642;-2.392822742;-1.665404558;10.90170002;8.401564079;-0.278096199;-0.07773254067;-0.2090684772;3
8.395672517;-2.388036966;-1.694118381;10.95912743;8.403665902;-0.2646571696;-0.09483675659;-0.2225074917;3
8.39777434;-2.368894339;-1.727617979;11.02612686;8.405767725;-0.2475529462;-0.1094975099;-0.2371682525;3
8.399876163;-2.321038008;-1.761117458;11.08355427;8.407869548;-0.235335663;-0.1241582632;-0.2542724609;3
8.401978038;-2.277967215;-1.799402595;11.12662506;8.409971423;-0.215787977;-0.1412624866;-0.2725984156;3
8.404079861;-2.230110645;-1.847259045;11.17448139;8.412073246;-0.1925751269;-0.1522580534;-0.2909243405;3
8.406181684;-2.201396942;-1.880758643;11.2510519;8.414175069;-0.1693622619;-0.1669187993;-0.3104720116;3
8.408283507;-2.187039852;-1.928615093;11.34197903;8.416276892;-0.1449276656;-0.1803578287;-0.3287979662;3
8.410385382;-2.143969059;-1.938186288;11.40897846;8.418378767;-0.121714808;-0.1901316643;-0.3471239209;3
8.412487204;-2.11046958;-1.928615093;11.43290615;8.42048059;-0.0972802192;-0.2011272311;-0.366671592;3
8.414589027;-2.105684042;-1.923829436;11.38026428;8.422582465;-0.0728456229;-0.2096793354;-0.3825540543;3
8.41669085;-2.072184324;-1.880758643;11.31805134;8.424684288;-0.04841103405;-0.215787977;-0.3996582925;3
8.418792725;-2.081755638;-1.852044702;11.28455162;8.426786111;-0.02641990222;-0.2206749022;-0.413097322;3
8.420894548;-2.072184324;-1.818545222;11.22233772;8.428887934;-0.004428769462;-0.2218966335;-0.4277580678;3
8.422996423;-2.0769701;-1.780260086;11.14576817;8.430989809;0.01634063199;-0.2194531709;-0.4375318885;3
8.425098246;-2.115255117;-1.718046665;11.04526901;8.433091579;0.0358883068;-0.2170097083;-0.4473057389;3
8.427200069;-2.143969059;-1.660618901;10.94955635;8.435193454;0.05177079141;-0.2096793354;-0.4583013058;3
8.429301892;-2.201396942;-1.607976794;10.78205872;8.437295329;0.06520981342;-0.2035706937;-0.46685341;3
8.431403767;-2.254039049;-1.521835208;10.65284634;8.439397152;0.07620538026;-0.1950185746;-0.4729620516;3
8.433505538;-2.282752752;-1.430907965;10.46620655;8.441498975;0.0847574845;-0.1828012913;-0.4778489769;3
8.435607413;-2.325823545;-1.31126678;10.24128056;8.443600798;0.09086613357;-0.1718057245;-0.4790706933;3
8.437709288;-2.364108801;-1.1820544;10.06421185;8.445702621;0.09575305134;-0.1559232324;-0.4778489769;3
8.439811111;-2.445464849;-1.067198873;9.872786522;8.447804496;0.09697478265;-0.1437059343;-0.4729620516;3
8.441912934;-2.512463808;-0.9379864931;9.710074425;8.449906319;0.09819651395;-0.1266017258;-0.4680751264;3
8.444014757;-2.584248543;-0.8279166222;9.547362328;8.452008142;0.09453132749;-0.1058323234;-0.463188231;3
8.446116579;-2.646461725;-0.7178468108;9.38465023;8.454109965;0.09330959618;-0.08261945844;-0.4534143806;3
8.448218454;-2.723032236;-0.6125625968;9.217152596;8.456211788;0.09453132749;-0.06062832847;-0.4411970973;3
8.450320277;-2.809173822;-0.5216353536;9.054440498;8.458313663;0.09208786488;-0.03985892609;-0.4289797843;3
8.4524221;-2.900100946;-0.4307080805;8.982656479;8.460415486;0.08842267841;-0.01786779426;-0.4155407548;3
8.454523923;-2.971885681;-0.3302095234;8.891729355;8.462517309;0.0859792158;0.01023198478;-0.4021017551;3
8.456625746;-3.062813044;-0.2105683982;8.743373871;8.464619184;0.08109229803;0.03833176568;-0.3849975169;3
8.458727621;-3.129812002;-0.08135596663;8.638090134;8.466721007;0.07620538026;0.06643154472;-0.3654498458;3
8.460829444;-3.196810961;0.03349951655;8.556734085;8.468822829;0.07131846249;0.09208786488;-0.3459021747;3
8.462931267;-3.249453068;0.1579262912;8.499305725;8.470924704;0.06520981342;0.1201876476;-0.3251327872;3
8.465033142;-3.306880951;0.2344966233;8.46102047;8.473026527;0.06154462695;0.1458439678;-0.3055851161;3
8.467134965;-3.345165968;0.3349951804;8.427521706;8.47512835;0.05910116807;0.1715002805;-0.2848156989;3
8.469236788;-3.378665686;0.4115654826;8.451449394;8.477230173;0.05543597788;0.1959348768;-0.2640463114;3
8.471338663;-3.421736479;0.4498506486;8.46102047;8.479332048;0.05054906011;0.2191477418;-0.2444986254;3
8.473440486;-3.46959281;0.4977070987;8.484949112;8.481433871;0.04688387364;0.2374736816;-0.223729223;3
8.475542309;-3.503092289;0.5312066078;8.547162056;8.483535694;0.04688387364;0.2521344423;-0.2066250145;3
8.477644132;-3.531806231;0.5407779217;8.628518105;8.485637569;0.04321868345;0.2643517256;-0.1882990748;3
8.479746007;-3.56530571;0.5599204898;8.662017822;8.487739392;0.03955349326;0.2716821134;-0.1724165827;3
8.481847829;-3.584448338;0.5551348329;8.757730484;8.489841267;0.03955349326;0.2765690386;-0.1601992846;3
8.483949652;-3.617947817;0.5599204898;8.853444099;8.491943038;0.04199695215;0.2729038298;-0.1479819864;3
8.486051527;-3.632304668;0.5742774606;8.944371223;8.494044913;0.04444041103;0.2680169344;-0.1357647032;3
8.48815335;-3.675375462;0.5934200287;9.044869423;8.496146736;0.04199695215;0.2594648004;-0.1284343153;3
8.490255225;-3.694518089;0.5742774606;9.135796547;8.498248611;0.04321868345;0.2496909797;-0.1223256737;3
8.492356996;-3.704089403;0.5838487148;9.245866776;8.500350434;0.04566214234;0.235030219;-0.1162170246;3
8.494458871;-3.713660717;0.5503492355;9.332008362;8.502452257;0.04566214234;0.2203694731;-0.1113301069;3
8.496560694;-3.737588882;0.5455635786;9.355937004;8.504554079;0.04688387364;0.2081521749;-0.1064431891;3
8.498662569;-3.747160196;0.5312066078;9.389435768;8.506655954;0.04688387364;0.1886045039;-0.1027780026;3
8.500764392;-3.766302824;0.5455635786;9.389435768;8.508757777;0.04321868345;0.1702785641;-0.09666935354;3
8.502866215;-3.799802303;0.5694918036;9.389435768;8.5108596;0.03833176568;0.1531743407;-0.08933897316;3
8.504968038;-3.809373617;0.5886343718;9.375079155;8.512961423;0.03344484791;0.1360701323;-0.08323032409;3
8.507069913;-3.842873096;0.6125625968;9.332008362;8.515063298;0.02977965772;0.1189659163;-0.07467821985;3
8.509171736;-3.871587038;0.6412764788;9.303294182;8.517165121;0.02367101051;0.1018617004;-0.06368265301;3
8.511273559;-3.895515203;0.70348984;9.274580956;8.519266944;0.01389717404;0.08720094711;-0.05146535859;3
8.513375382;-3.919443607;0.7704889178;9.221938133;8.521368819;0.009010255337;0.07742711157;-0.03924806044;3
8.515477257;-3.9625144;0.8327022791;9.217152596;8.523470642;0.0004581485991;0.06887500733;-0.02336557768;3
8.517579079;-4.000799656;0.9044869542;9.193224907;8.525572465;-0.00565049937;0.05910116807;-0.007483093534;3
8.519680902;-4.039084435;0.9475577474;9.183652878;8.527674288;-0.01053741761;0.05177079141;0.009621120058;3
8.521782777;-4.07736969;0.9762716293;9.17886734;8.529776163;-0.01664606482;0.04321868345;0.02916879393;3
8.5238846;-4.096512318;1.014556766;9.212367058;8.531877986;-0.01664606482;0.03833176568;0.04993819445;3
8.525986423;-4.139583111;1.03848505;9.217152596;8.533979809;-0.02031125315;0.03466657549;0.06948586553;3
8.528088246;-4.158725739;1.052842021;9.274580956;8.536081632;-0.02275471389;0.03222311661;0.09147699922;3
8.530190121;-4.153940201;1.062413216;9.298508644;8.538183507;-0.02519817278;0.03100138716;0.1134681329;3
8.532291944;-4.153940201;1.052842021;9.351150513;8.540285329;-0.02519817278;0.03222311661;0.1354592592;3
8.534393767;-4.149154663;1.043270707;9.38465023;8.542387152;-0.02519817278;0.03344484791;0.1550069451;3
8.53649559;-4.130012035;1.043270707;9.432506561;8.544489027;-0.02519817278;0.0358883068;0.1757763475;3
8.538597465;-4.082155228;1.028913736;9.451649666;8.54659085;-0.02519817278;0.04199695215;0.1965457499;3
8.540699288;-4.005585194;1.000199914;9.509077072;8.548692673;-0.02397644334;0.04444041103;0.2136499584;3
8.542801111;-3.933800459;0.9714859724;9.576076508;8.550794548;-0.0190895237;0.05299251899;0.2307541668;3
8.544902986;-3.842873096;0.94277215;9.643074989;8.552896371;-0.01664606482;0.06154462695;0.2478583902;3
8.547004809;-3.761517286;0.8709874153;9.705288887;8.554998142;-0.01298087649;0.06643154472;0.2600756884;3
8.549106632;-3.689732552;0.8279166222;9.8201437;8.557100017;-0.009315688163;0.07131846249;0.269849509;3
8.551208507;-3.613162279;0.756131947;9.906285286;8.559201892;-0.008093958721;0.07498364896;0.2796233594;3
8.553310329;-3.522234917;0.7130611539;9.968499184;8.561303715;-0.00565049937;0.08109229803;0.2869537175;3
8.5554121;-3.431307554;0.6939185858;9.982855797;8.563405538;-0.004428769462;0.0859792158;0.2942841053;3
8.557513975;-3.34038043;0.6747759581;9.987641335;8.565507361;-0.004428769462;0.08842267841;0.3003927469;3
8.55961585;-3.259024382;0.626919508;9.997213364;8.567609184;-0.003207040019;0.0859792158;0.3052796721;3
8.561717673;-3.192025423;0.5647061467;10.04506969;8.569711059;0.0004581485991;0.08842267841;0.3089448512;3
8.563819496;-3.153740168;0.5072783828;10.12642574;8.571812882;0.004123337101;0.09086613357;0.3138317764;3
8.565921319;-3.125026464;0.4642075896;10.19342422;8.573914757;0.007788525894;0.08964440972;0.3187187016;3
8.568023142;-3.101098061;0.4163511395;10.23170948;8.576016579;0.0126754446;0.09208786488;0.3211621642;3
8.570125017;-3.062813044;0.3637090325;10.26042366;8.578118402;0.01634063199;0.09575305134;0.3223838806;3
8.57222684;-3.014956474;0.3445664644;10.31785107;8.580220225;0.02367101051;0.09819651395;0.3236056268;3
8.574328715;-2.962314367;0.3158525825;10.34177971;8.582322048;0.03100138716;0.09697478265;0.3260490894;3
8.576430538;-2.900100946;0.2871387303;10.38006496;8.584423923;0.03833176568;0.09697478265;0.3284925222;3
8.578532361;-2.866601467;0.2632105052;10.41835022;8.586525746;0.04566214234;0.09575305134;0.3309359848;3
8.580634184;-2.833101988;0.2584248483;10.43270683;8.588627621;0.05299251899;0.1006399691;0.3333794475;3
8.582736007;-2.790031195;0.2584248483;10.4279213;8.590729444;0.05910116807;0.104305163;0.3382663727;3
8.584837882;-2.766103029;0.2536391914;10.42313576;8.592831267;0.06520981342;0.111635536;0.3419315517;3
8.586939704;-2.71824646;0.2632105052;10.41835022;8.594933142;0.0737619251;0.1140789986;0.3468184769;3
8.589041579;-2.699103832;0.2488535494;10.40399265;8.597034965;0.07987056673;0.1238528341;0.3541488647;3
8.591143402;-2.665604353;0.2632105052;10.40877819;8.599136788;0.08720094711;0.131183207;0.3578140438;3
8.593245225;-2.632104874;0.2344966233;10.39920712;8.601238611;0.09697478265;0.134848401;0.3639226854;3
8.5953471;-2.608176708;0.2488535494;10.39920712;8.603340486;0.1067486182;0.1397353113;0.3712530732;3
8.597448923;-2.584248543;0.2584248483;10.3848505;8.605442309;0.111635536;0.1446222365;0.3773617148;3
8.599550746;-2.54117775;0.2488535494;10.37049294;8.607544132;0.117744185;0.1458439678;0.3834703565;3
8.601652569;-2.49332118;0.2536391914;10.33699417;8.609645954;0.1238528341;0.1482874304;0.3895790279;3
8.603754444;-2.445464849;0.2297109663;10.30349445;8.611747829;0.1262962967;0.1507308781;0.3956876695;3
8.605856267;-2.421536446;0.2297109663;10.2652092;8.613849652;0.1299614757;0.1482874304;0.4017963111;3
8.60795809;-2.39760828;0.2201396823;10.18385315;8.615951475;0.1287397593;0.1482874304;0.4054614902;3
8.610059913;-2.364108801;0.2201396823;10.15513897;8.61805335;0.1287397593;0.1495091617;0.4103484154;3
8.612161788;-2.344966173;0.2249253243;10.04985523;8.620155173;0.1262962967;0.1519526094;0.4152353406;3
8.614263611;-2.297109842;0.2153540403;9.973284721;8.622256996;0.1214093715;0.1556178033;0.4237874448;3
8.616365434;-2.244467735;0.2297109663;9.915857315;8.624358819;0.117744185;0.1580612659;0.4274526238;3
8.618467309;-2.210968018;0.2488535494;9.853643417;8.626460694;0.111635536;0.161726445;0.4347830117;3
8.620569132;-2.158325911;0.2632105052;9.796216011;8.628562517;0.1055268943;0.1666133702;0.4396699369;3
8.622670954;-2.129612207;0.2632105052;9.767501831;8.63066434;0.1018617004;0.1715002805;0.4482220411;3
8.624772777;-2.105684042;0.2679961324;9.757930756;8.632766163;0.09697478265;0.1788306683;0.4555523992;3
8.626874652;-2.086541414;0.2488535494;9.753145218;8.634868038;0.09208786488;0.1824958473;0.4653262496;3
8.628976475;-2.06261301;0.2488535494;9.786644936;8.636969861;0.08964440972;0.1861610413;0.4738783538;3
8.631078298;-2.048256159;0.2249253243;9.801001549;8.639071684;0.08842267841;0.1886045039;0.4824304581;3
8.633180121;-2.053041935;0.2009970993;9.829715729;8.641173559;0.0859792158;0.1947131455;0.4922043085;3
8.635281996;-2.033899307;0.1770688742;9.891928673;8.643275382;0.08720094711;0.2020435184;0.4983129501;3
8.637383819;-1.986042738;0.1722832322;9.911071777;8.645377204;0.09086613357;0.2057087123;0.5056433082;3
8.639485642;-1.962114573;0.1387837082;9.982855797;8.647479027;0.09575305134;0.2142608166;0.509308517;3
8.641587517;-1.899901152;0.1004985496;10.03071213;8.649580902;0.1006399691;0.2203694731;0.5129737258;3
8.64368934;-1.832902193;0.05742774159;10.08814049;8.651682725;0.1091920808;0.2338084877;0.516638875;3
8.645791163;-1.765903115;0.0239282269;10.12642574;8.653784548;0.1153007299;0.2448040545;0.516638875;3
8.647892986;-1.694118381;-0.009571290575;10.17906761;8.655886423;0.1250745654;0.2557996213;0.5178605914;3
8.649994861;-1.64626193;-0.07178468257;10.22692394;8.657988246;0.1324049383;0.2704603672;0.5154171586;3
8.652096684;-1.593619823;-0.1244267747;10.25563812;8.660090069;0.1409570426;0.2900080681;0.5117519498;3
8.654198507;-1.497906923;-0.1866401732;10.26999474;8.662191944;0.1556178033;0.3058905303;0.5068650246;3
8.656300382;-1.421336651;-0.2297109663;10.29392338;8.664293767;0.1678351015;0.324216485;0.4995346665;3
8.658402204;-1.31126678;-0.2727817893;10.30827999;8.66639559;0.1824958473;0.3449858725;0.4922043085;3
8.660504027;-1.196411371;-0.3302095234;10.28913784;8.668497413;0.1959348768;0.3669770062;0.4824304581;3
8.662605902;-1.095912814;-0.3684946895;10.3226366;8.670599288;0.2093739063;0.3914116025;0.4714348912;3
8.664707725;-0.9858429432;-0.4019941986;10.28913784;8.672701111;0.2252563834;0.4195113778;0.4604393244;3
8.666809548;-0.8997012973;-0.4402793646;10.29392338;8.674802934;0.2386954129;0.4451677203;0.4482220411;3
8.668911371;-0.8087740541;-0.4689932466;10.27478027;8.676904757;0.2545779049;0.474489212;0.4347830117;3
8.671013246;-0.7417750359;-0.5024927258;10.2221384;8.679006579;0.2692386508;0.5001455545;0.4225656986;3
8.673115069;-0.679561615;-0.5024927258;10.17428207;8.681108454;0.2838993967;0.5306887627;0.4103484154;3
8.675216892;-0.6412764788;-0.5072783828;10.12642574;8.683210277;0.2997818887;0.5612320304;0.3981311321;3
8.677318715;-0.6029912829;-0.4977070987;10.07856941;8.6853121;0.3132209182;0.5868883133;0.3883572817;3
8.679420538;-0.5982056856;-0.4977070987;10.01156998;8.687413923;0.3266599476;0.6125446558;0.3798051775;3
8.681522413;-0.6077769399;-0.4642075896;9.968499184;8.689515798;0.3388772309;0.6345357895;0.3749182522;3
8.683624236;-0.6556333899;-0.4354937077;9.95414257;8.691617621;0.3486510813;0.651639998;0.370031327;3
8.685726059;-0.70348984;-0.4067798555;9.934999466;8.693719444;0.358424902;0.6711876988;0.366366148;3
8.687827882;-0.7752745152;-0.3828516304;9.906285286;8.695821267;0.3681987524;0.6846266985;0.3639226854;3
8.689929757;-0.8183453679;-0.3637090325;9.896714211;8.697923142;0.3755291104;0.6956222653;0.3614792228;3
8.692031579;-0.8518448472;-0.3541377485;9.853643417;8.700024965;0.3840812445;0.7053961158;0.3590357602;3
8.694133402;-0.8805587292;-0.3397808075;9.801001549;8.70212684;0.3901898861;0.7127264738;0.3565923274;3
8.696235225;-0.8853443861;-0.3110669553;9.743574142;8.704228663;0.3950767815;0.717613399;0.3541488647;3
8.6983371;-0.8805587292;-0.2823530734;9.69093132;8.706330486;0.3987419903;0.7225003242;0.3517054021;3
8.700438923;-0.866201818;-0.2440679073;9.628718376;8.708432309;0.3975202441;0.7273872495;0.3529271185;3
8.702540798;-0.8566305041;-0.2249253243;9.566504478;8.710534184;0.3950767815;0.7298306823;0.3529271185;3
8.704642621;-0.8566305041;-0.1770688742;9.475577354;8.712636007;0.3914116025;0.7286089659;0.3541488647;3
8.706744444;-0.8709874153;-0.1292124242;9.355937004;8.714737882;0.3853029609;0.7225003242;0.3578140438;3
8.708846267;-0.8997012973;-0.08135596663;9.255437851;8.716839704;0.3767508566;0.7127264738;0.362700969;3
8.710948142;-0.9332008362;-0.01914258115;9.188439369;8.718941527;0.3620901108;0.7005091906;0.3688096106;3
8.713049965;-0.9762716293;0.0382851623;9.116654396;8.72104335;0.3449858725;0.6944005489;0.3749182522;3
8.71515184;-1.000199914;0.1052841991;9.083154678;8.723145173;0.3291034102;0.6895136237;0.3834703565;3
8.717253663;-1.057627559;0.1244267747;9.006584167;8.725247048;0.3071122766;0.6809614897;0.3920224607;3
8.719355486;-1.095912814;0.1722832322;8.867800713;8.727348871;0.2863428593;0.6711876988;0.4066832364;3
8.721457309;-1.172483087;0.2201396823;8.800801277;8.729450694;0.2643517256;0.658970356;0.4201222658;3
8.723559132;-1.239482164;0.2632105052;8.748159409;8.731552569;0.2435823381;0.6479747891;0.4384481907;3
8.725661007;-1.316052437;0.3014956415;8.776873589;8.73365434;0.2228129357;0.6320923567;0.4555523992;3
8.727762829;-1.383051515;0.3637090325;8.810373306;8.735756215;0.2032652497;0.6149880886;0.4738783538;3
8.729864652;-1.459621787;0.3876372576;8.829515457;8.737858038;0.1837175786;0.5991056561;0.4934260249;3
8.731966527;-1.473978758;0.4163511395;8.891729355;8.739959861;0.1653916389;0.5807796717;0.5117519498;3
8.734068298;-1.497906923;0.4067798555;8.934800148;8.742061736;0.1495091617;0.5636754632;0.5300779343;3
8.736170173;-1.531406522;0.3828516304;9.006584167;8.744163559;0.1324049383;0.5465712547;0.5459604263;3
8.738271996;-1.545763373;0.3637090325;9.092725754;8.746265382;0.1214093715;0.5306887627;0.5606211424;3
8.740373819;-1.521835208;0.3302095234;9.17886734;8.748367257;0.111635536;0.517249763;0.5740602016;3
8.742475694;-1.478764415;0.2823530734;9.279366493;8.750469079;0.1055268943;0.5038107038;0.5862774849;3
8.744577517;-1.426122308;0.2440679073;9.38465023;8.752570902;0.1030834317;0.4928151667;0.5972730517;3
8.74667934;-1.363908887;0.2153540403;9.51386261;8.754672725;0.1006399691;0.4769326746;0.6082686186;3
8.748781215;-1.282552958;0.1866401732;9.633503914;8.756774548;0.1018617004;0.4598284662;0.618042469;3
8.750883038;-1.220339537;0.1387837082;9.69093132;8.758876423;0.1018617004;0.4451677203;0.6253728271;3
8.752984861;-1.16769743;0.1244267747;9.8201437;8.760978246;0.104305163;0.4317286909;0.6327031851;3
8.755086684;-1.115055323;0.09571290761;9.911071777;8.763080069;0.1067486182;0.420733124;0.6400335431;3
8.757188507;-1.062413216;0.05264209956;9.939785004;8.765181944;0.1091920808;0.408515811;0.6485856771;3
8.759290382;-1.009771109;0.03349951655;9.911071777;8.767283767;0.1079703495;0.3950767815;0.6546943188;3
8.761392204;-0.9810572863;0.03349951655;9.896714211;8.76938559;0.1128572673;0.3791943192;0.6620246768;3
8.763494027;-0.9188438654;0.0382851623;9.84885788;8.771487465;0.1128572673;0.3645335436;0.6705768108;3
8.765595902;-0.890130043;0.05264209956;9.824930191;8.773589288;0.1140789986;0.3547597229;0.6791289449;3
8.767697725;-0.8566305041;0.0382851623;9.844072342;8.775691111;0.1140789986;0.3474293351;0.6901245117;3
8.769799548;-0.7992027402;0.04307080805;9.829715729;8.777792934;0.1165224537;0.3474293351;0.7011200786;3
8.771901423;-0.760917604;0.02871387079;9.757930756;8.779894809;0.1140789986;0.3462076187;0.7133373618;3
8.774003246;-0.7465606928;0.05264209956;9.714859962;8.781996632;0.1128572673;0.3413206935;0.7255546451;3
8.776105069;-0.732203722;0.05742774159;9.657432556;8.784098454;0.1067486182;0.3352120519;0.7377719283;3
8.778206892;-0.6747759581;0.08135596663;9.590433121;8.786200277;0.1018617004;0.327881664;0.7487674952;3
8.780308767;-0.5551348329;0.1244267747;9.461220741;8.788302152;0.09819651395;0.320551306;0.7585413456;3
8.78241059;-0.4450650215;0.1435693651;9.36550808;8.790403975;0.09330959618;0.3156643808;0.768315196;3
8.784512413;-0.3445664644;0.1483550072;9.284152031;8.792505798;0.08842267841;0.3095557392;0.7756455541;3
8.786614236;-0.2392822653;0.1483550072;9.221938133;8.794607621;0.08353576064;0.3058905303;0.7829759121;3
8.788716111;-0.1387837082;0.1244267747;9.202795982;8.796709496;0.07498364896;0.3095557392;0.7915280461;3
8.790817934;-0.03349951655;0.1004985496;9.164510727;8.798811319;0.06765327603;0.3107774556;0.7988584042;3
8.792919757;0.04307080805;0.0765703246;9.116654396;8.800913142;0.05910116807;0.3144426346;0.8061888218;3
8.795021579;0.1004985496;0.05264209956;9.107083321;8.803015017;0.05177079141;0.3181078434;0.8147408962;3
8.797123454;0.1531406492;0.05742774159;9.03051281;8.80511684;0.04321868345;0.3217730224;0.8232930303;3
8.799225277;0.1914258152;0.02871387079;9.006584167;8.807218663;0.03466657549;0.3303251266;0.8318451047;3
8.8013271;0.2392822653;0.004785645287;9.00179863;8.809320538;0.03344484791;0.3352120519;0.8367320299;3
8.803428975;0.2727817893;-0.0382851623;9.044869423;8.811422361;0.03344484791;0.3364337683;0.8416189551;3
8.805530798;0.2823530734;-0.1196411327;9.145368576;8.813524184;0.03100138716;0.3339903057;0.8440623879;3
8.807632621;0.3254238665;-0.2009970993;9.245866776;8.815626059;0.03100138716;0.3315468729;0.8428406715;3
8.809734496;0.4354937077;-0.2392822653;9.274580956;8.817727882;0.03100138716;0.3291034102;0.8379537463;3
8.811836319;0.5551348329;-0.2919243574;9.312865257;8.819829704;0.03344484791;0.327881664;0.8355103135;3
8.813938142;0.6652047038;-0.3302095234;9.403793335;8.821931527;0.0358883068;0.3291034102;0.8294016719;3
8.816040017;0.7704889178;-0.3924229145;9.466006279;8.824033402;0.03955349326;0.3303251266;0.8220712543;3
8.81814184;0.8949156404;-0.4307080805;9.523433685;8.826135225;0.04321868345;0.3315468729;0.8147408962;3
8.820243663;0.9954141974;-0.4642075896;9.590433121;8.828237048;0.04566214234;0.3315468729;0.8061888218;3
8.822345486;1.081555843;-0.4833501875;9.623932838;8.830338923;0.04688387364;0.3315468729;0.7976366878;3
8.824447361;1.196411371;-0.5216353536;9.614361763;8.832440746;0.04932733253;0.3303251266;0.7878628373;3
8.826549184;1.282552958;-0.5312066078;9.604789734;8.834542569;0.05299251899;0.327881664;0.7793107629;3
8.828651007;1.344766378;-0.5694918036;9.609575272;8.836644392;0.05665770918;0.320551306;0.7707586288;3
8.830752882;1.383051515;-0.6029912829;9.647860527;8.838746267;0.05665770918;0.3107774556;0.7609847784;3
8.832854704;1.450050473;-0.6317051649;9.681360245;8.84084809;0.05543597788;0.3034470677;0.7499892116;3
8.834956527;1.517049551;-0.6317051649;9.619147301;8.842949913;0.05543597788;0.2948949635;0.7402154207;3
8.83705835;1.593619823;-0.6364908218;9.528220177;8.845051736;0.05177079141;0.2912297845;0.7292198539;3
8.839160225;1.670190215;-0.6317051649;9.489934921;8.847153611;0.04688387364;0.2887863219;0.7206677198;3
8.841262048;1.765903115;-0.6364908218;9.466006279;8.849255434;0.04077522457;0.2790125012;0.7121156454;3
8.843363871;1.856830359;-0.6125625968;9.394221306;8.851357257;0.03344484791;0.274125576;0.7035635114;3
8.845465694;1.904686809;-0.5934200287;9.346364975;8.853459079;0.02489273995;0.2667951882;0.6974548697;3
8.847567569;1.966900229;-0.5455635786;9.293723106;8.855560954;0.0126754446;0.2570213675;0.6925679445;3
8.849669392;2.06261301;-0.5168496966;9.202795982;8.857662777;0.002901607659;0.2448040545;0.6864593029;3
8.851771215;2.134397745;-0.4689932466;9.116654396;8.8597646;-0.009315688163;0.2301433086;0.6803506613;3
8.853873038;2.234896421;-0.4642075896;9.025727272;8.861866475;-0.02275471389;0.2203694731;0.6730202436;3
8.855974913;2.316252232;-0.4689932466;9.006584167;8.863968298;-0.03497200832;0.2142608166;0.6644681692;3
8.858076736;2.392822742;-0.4689932466;8.977870941;8.866070121;-0.04841103405;0.2130390853;0.659581244;3
8.860178559;2.469393015;-0.4881358147;8.906085968;8.868171996;-0.06429351866;0.2142608166;0.6534726024;3
8.862280434;2.54117775;-0.4689932466;8.863015175;8.870273819;-0.07651081681;0.2154825479;0.6485856771;3
8.864382257;2.603390932;-0.4594219327;8.805587769;8.872375642;-0.08750637621;0.2203694731;0.6449204683;3
8.866484079;2.660818815;-0.4402793646;8.815158844;8.874477465;-0.09972367436;0.2264781147;0.6375901103;3
8.868585954;2.694318295;-0.4259224236;8.829515457;8.87657934;-0.1094975099;0.2301433086;0.6314814687;3
8.870687777;2.737389088;-0.4307080805;8.858229637;8.878681163;-0.1180496216;0.2386954129;0.6265945435;3
8.8727896;2.794816732;-0.4450650215;8.858229637;8.880782986;-0.1266017258;0.2509126961;0.6204859018;3
8.874891423;2.823530674;-0.4594219327;8.906085968;8.882884809;-0.1339320987;0.2667951882;0.6155989766;3
8.876993298;2.871387243;-0.4785645306;8.977870941;8.884986684;-0.1339320987;0.281455934;0.6131555438;3
8.879095121;2.904886723;-0.4833501875;9.054440498;8.887088507;-0.1400407553;0.2985601723;0.6119337678;3
8.881196944;2.914458036;-0.4881358147;9.164510727;8.889190329;-0.138819024;0.3156643808;0.6107120514;3
8.883298767;2.914458036;-0.4737788737;9.245866776;8.891292204;-0.1412624866;0.3291034102;0.6107120514;3
8.885400642;2.890529871;-0.4402793646;9.327222824;8.893394027;-0.1437059343;0.3486510813;0.609490335;3
8.887502465;2.880958557;-0.4019941986;9.394221306;8.89549585;-0.1437059343;0.3645335436;0.6070469022;3
8.889604288;2.852244616;-0.4115654826;9.466006279;8.897597673;-0.1400407553;0.3828594983;0.6046034098;3
8.891706163;2.852244616;-0.4594219327;9.556933403;8.899699496;-0.1363755614;0.4024071693;0.600938201;3
8.893807986;2.876172781;-0.4881358147;9.676574707;8.901801371;-0.1327103674;0.4170679152;0.5948295593;3
8.895909809;2.890529871;-0.5216353536;9.805787086;8.903903194;-0.1241582632;0.4305069447;0.5899426341;3
8.898011632;2.92402935;-0.5264210105;9.911071777;8.906005069;-0.1192713454;0.4415025115;0.5862774849;3
8.900113454;2.919243574;-0.5359922647;10.05464077;8.90810684;-0.1143844277;0.4500546157;0.5813905597;3
8.902215329;2.900100946;-0.5455635786;10.15992451;8.910208715;-0.1046105921;0.4573850036;0.5765036345;3
8.904317152;2.876172781;-0.5742774606;10.28913784;8.912310538;-0.09850194305;0.4598284662;0.5703949928;3
8.906419027;2.82831645;-0.6029912829;10.39442158;8.914412361;-0.09117157012;0.45860672;0.5618428588;3
8.908520798;2.766103029;-0.6412764788;10.53320503;8.916514236;-0.08261945844;0.454941541;0.5532907844;3
8.910622673;2.737389088;-0.6556333899;10.59541893;8.918616059;-0.07651081681;0.4488328993;0.5435169339;3
8.912724496;2.699103832;-0.6843472719;10.68634605;8.920717882;-0.07040216774;0.4378373325;0.5312996507;3
8.914826319;2.703889608;-0.708275497;10.73898792;8.922819704;-0.06429351866;0.420733124;0.5203040838;3
8.916928194;2.699103832;-0.7130611539;10.8107729;8.924921579;-0.06062832847;0.4024071693;0.5080868006;3
8.919030017;2.679961443;-0.7130611539;10.83948612;8.927023402;-0.05818486959;0.3804160357;0.4946477413;3
8.92113184;2.651247501;-0.70348984;10.87298584;8.929125277;-0.05451968312;0.3608683646;0.4812087417;3
8.923233663;2.608176708;-0.7226324677;10.85384369;8.9312271;-0.05329795182;0.3400989771;0.4677697122;3
8.925335538;2.560320139;-0.7178468108;10.87298584;8.933328923;-0.05451968312;0.320551306;0.4567741454;3
8.927437361;2.522035122;-0.708275497;10.8682003;8.935430746;-0.05329795182;0.3010036349;0.4421133697;3
8.929539236;2.483749866;-0.6987041831;10.86341476;8.937532621;-0.05207622424;0.2826776803;0.4286743701;3
8.931641059;2.440679073;-0.6987041831;10.88255692;8.939634444;-0.05207622424;0.2631300092;0.4152353406;3
8.933742882;2.426322222;-0.70348984;10.9112711;8.941736267;-0.04963276163;0.2448040545;0.4030180275;3
8.935844704;2.388036966;-0.6987041831;10.92562866;8.94383809;-0.04596757516;0.2240346521;0.3871355653;3
8.937946579;2.368894339;-0.7130611539;10.9304142;8.945939913;-0.04108065739;0.2032652497;0.3736965358;3
8.940048402;2.359323025;-0.7178468108;10.93519974;8.948041788;-0.03863719851;0.1837175786;0.3602575064;3
8.942150225;2.335394859;-0.7178468108;10.92562866;8.950143611;-0.03252854943;0.1629481763;0.3443750143;3
8.944252048;2.321038008;-0.7178468108;10.92562866;8.952245486;-0.02764163166;0.1397353113;0.3297142684;3
8.946353871;2.297109842;-0.6987041831;10.90170002;8.954347309;-0.02275471389;0.1201876476;0.3150535226;3
8.948455746;2.287538528;-0.6747759581;10.87298584;8.956449132;-0.01786779426;0.09941824526;0.3028362095;3
8.950557569;2.273181438;-0.6460621357;10.82034397;8.958550954;-0.01542433538;0.07864884287;0.2918406427;3
8.952659444;2.239681959;-0.6029912829;10.7677021;8.960652829;-0.01542433538;0.06154462695;0.2808450758;3
8.954761267;2.196611166;-0.5647061467;10.65763187;8.962754652;-0.01542433538;0.04932733253;0.269849509;3
8.95686309;2.143969059;-0.5216353536;10.56191921;8.964856475;-0.01542433538;0.0358883068;0.262519151;3
8.958964913;2.091326952;-0.4785645306;10.47099209;8.96695835;-0.01786779426;0.02611446939;0.2551887631;3
8.961066788;2.029113531;-0.4211367965;10.38963604;8.969060173;-0.01786779426;0.01878409274;0.2515235841;3
8.963168611;1.976471543;-0.3493520916;10.29870892;8.971161996;-0.02031125315;0.01023198478;0.2466366589;3
8.965270434;1.938186288;-0.2775674164;10.25563812;8.973263819;-0.02275471389;0.002901607659;0.242971465;3
8.967372309;1.8855443;-0.2153540403;10.19820976;8.975365694;-0.02275471389;-0.004428769462;0.242971465;3
8.969474132;1.813759565;-0.1770688742;10.21735287;8.977467517;-0.02397644334;-0.01053741761;0.242971465;3
8.971575954;1.765903115;-0.1052841991;10.2029953;8.97956934;-0.02397644334;-0.01664606482;0.242971465;3
8.973677777;1.698904037;-0.05264209956;10.17428207;8.981671163;-0.02519817278;-0.02275471389;0.2454149276;3
8.975779652;1.636690736;-0.01914258115;10.17906761;8.983773038;-0.02641990222;-0.03008509055;0.2490801066;3
8.977881475;1.55054903;-0.004785645287;10.15992451;8.985874861;-0.02886336111;-0.0374154672;0.2515235841;3
8.979983298;1.497906923;0.04785645381;10.14556789;8.987976684;-0.02886336111;-0.04230238497;0.2576322258;3
8.982085121;1.421336651;0.09571290761;10.11206818;8.990078559;-0.03252854943;-0.04841103405;0.2612974048;3
8.984186996;1.368694544;0.1387837082;10.11685371;8.992180382;-0.03619373962;-0.05207622424;0.26618433;3
8.986288819;1.335195065;0.1962114573;10.09771156;8.994282204;-0.0374154672;-0.05696314201;0.2722929716;3
8.988390642;1.306481123;0.2488535494;10.10728264;8.996384027;-0.04108065739;-0.06185005978;0.2759581506;3
8.990492517;1.277767301;0.2967100143;10.08814049;8.998485902;-0.04474584386;-0.06429351866;0.2808450758;3
8.99259434;1.258624673;0.3302095234;10.08814049;9.000587725;-0.04841103405;-0.06918043643;0.2857320011;3
8.994696163;1.229910851;0.3541377485;10.06899738;9.002689548;-0.05207622424;-0.07162389904;0.2893971801;3
8.996797986;1.205982566;0.3828516304;10.06899738;9.004791371;-0.05696314201;-0.07895427197;0.2918406427;3
8.998899861;1.1820544;0.3924229145;10.04028416;9.006893194;-0.06185005978;-0.08384118974;0.2942841053;3
9.001001684;1.172483087;0.3972085714;10.04985523;9.008995069;-0.06551524997;-0.08994983882;0.2955058515;3
9.003103507;1.148554921;0.4115654826;10.08814049;9.011096892;-0.06795870513;-0.09361502528;0.2979492843;3
9.005205329;1.105484009;0.3924229145;10.09292603;9.013198715;-0.0740673542;-0.1009454057;0.2991710305;3
9.007307152;1.091127157;0.3828516304;10.12164021;9.01530059;-0.07651081681;-0.1107192412;0.3016144931;3
9.009409027;1.095912814;0.3684946895;10.14556789;9.017402413;-0.07651081681;-0.1180496216;0.3003927469;3
9.01151085;1.067198873;0.3541377485;10.164711;9.019504236;-0.07773254067;-0.1253799945;0.3028362095;3
9.013612673;1.048056364;0.3302095234;10.17906761;9.021606111;-0.08017600328;-0.131488651;0.2991710305;3
9.015714548;1.052842021;0.3445664644;10.19342422;9.023707934;-0.08139773458;-0.1363755614;0.2991710305;3
9.017816371;1.03848505;0.3349951804;10.2029953;9.025809757;-0.08017600328;-0.1400407553;0.2979492843;3
9.019918194;1.048056364;0.3349951804;10.17906761;9.027911579;-0.08017600328;-0.1449276656;0.2955058515;3
9.022020069;1.057627559;0.3589234054;10.18863869;9.030013454;-0.08017600328;-0.1473711282;0.2930623889;3
9.024121892;1.052842021;0.3397808075;10.164711;9.032115277;-0.08139773458;-0.1473711282;0.2906189263;3
9.026223715;1.067198873;0.3493520916;10.13599682;9.0342171;-0.08261945844;-0.1485928595;0.2869537175;3
9.028325538;1.076770186;0.3493520916;10.06421185;9.036318923;-0.08261945844;-0.1485928595;0.2845102847;3
9.030427413;1.076770186;0.3302095234;10.03549862;9.038420798;-0.08139773458;-0.1461493969;0.2832885385;3
9.032529236;1.0863415;0.3302095234;10.01635551;9.040522621;-0.08261945844;-0.1461493969;0.2820668221;3
9.034631059;1.081555843;0.3158525825;9.992427826;9.042624444;-0.08384118974;-0.1437059343;0.2808450758;3
9.036732882;1.062413216;0.3158525825;9.930213928;9.044726319;-0.08628465235;-0.1400407553;0.2820668221;3
9.038834757;1.062413216;0.3062812984;9.911071777;9.046828142;-0.08261945844;-0.138819024;0.2820668221;3
9.040936579;1.048056364;0.3206382394;9.87757206;9.048929965;-0.08384118974;-0.1339320987;0.2820668221;3
9.043038402;1.024128079;0.3110669553;9.84885788;9.05103184;-0.08506292105;-0.131488651;0.2832885385;3
9.045140277;1.024128079;0.3254238665;9.84885788;9.053133663;-0.08628465235;-0.1302669197;0.2857320011;3
9.0472421;1.000199914;0.3254238665;9.834501266;9.055235486;-0.08384118974;-0.1290451884;0.2881754637;3
9.049343923;0.9619147182;0.3397808075;9.863214493;9.057337309;-0.08506292105;-0.1302669197;0.2893971801;3
9.051445798;0.9332008362;0.3589234054;9.834501266;9.059439132;-0.08628465235;-0.1339320987;0.2906189263;3
9.053547621;0.9044869542;0.3541377485;9.868000984;9.061541007;-0.08750637621;-0.1339320987;0.2918406427;3
9.055649444;0.9044869542;0.3349951804;9.887143135;9.063642829;-0.08994983882;-0.1375972927;0.2906189263;3
9.057751267;0.8949156404;0.3110669553;9.868000984;9.065744652;-0.08994983882;-0.1473711282;0.2881754637;3
9.05985309;0.8853443861;0.3014956415;9.872786522;9.067846527;-0.09117157012;-0.1547015011;0.2869537175;3
9.061954965;0.8949156404;0.2823530734;9.872786522;9.06994835;-0.09239330143;-0.165697068;0.2832885385;3
9.064056788;0.9044869542;0.2536391914;9.901499748;9.072050173;-0.09483675659;-0.1754709035;0.2808450758;3
9.066158611;0.8949156404;0.2297109663;9.906285286;9.074151996;-0.0972802192;-0.1840230078;0.2759581506;3
9.068260486;0.9092726111;0.1962114573;9.911071777;9.076253871;-0.09850194305;-0.1986837685;0.2710712552;3
9.070362309;0.8997012973;0.1818545163;9.958928108;9.078355694;-0.1033888608;-0.212122798;0.26618433;3
9.072464132;0.9140582681;0.1627119333;9.925428391;9.080457517;-0.1058323234;-0.2243400961;0.2588539422;3
9.074565954;0.9475577474;0.1579262912;9.915857315;9.082559392;-0.1107192412;-0.239000842;0.2515235841;3
9.076667829;0.9667003751;0.1579262912;9.930213928;9.084661215;-0.1168278903;-0.2536616027;0.2417497337;3
9.078769652;0.9810572863;0.1292124242;9.901499748;9.086763038;-0.1229365394;-0.2683223486;0.2319758981;3
9.080871475;1.000199914;0.1339980662;9.925428391;9.088864861;-0.1266017258;-0.281761378;0.2234237939;3
9.08297335;1.004985452;0.1100698411;9.906285286;9.090966736;-0.131488651;-0.2927569449;0.2124282271;3
9.085075173;1.024128079;0.08135596663;9.906285286;9.093068559;-0.1339320987;-0.3037525117;0.2014326602;3
9.087176996;1.028913736;0.08135596663;9.920642853;9.095170382;-0.1363755614;-0.3135263622;0.1916588247;3
9.089278819;1.009771109;0.06221338734;9.920642853;9.097272257;-0.1412624866;-0.3208567202;0.1831067204;3
9.091380694;1.009771109;0.05264209956;9.958928108;9.099374079;-0.142484203;-0.3269653618;0.1708894223;3
9.093482517;0.9906286001;0.04307080805;9.958928108;9.101475902;-0.142484203;-0.3318522871;0.1611155868;3
9.09558434;0.9762716293;0.02871387079;9.987641335;9.103577725;-0.1400407553;-0.3379609287;0.1525634825;3
9.097686215;0.9762716293;0.0143569354;9.992427826;9.1056796;-0.1400407553;-0.3391826749;0.1415679157;3
9.099788038;0.9762716293;0.009571290575;9.978070259;9.107781423;-0.1375972927;-0.3391826749;0.1330158114;3
9.101889861;0.9619147182;0.01914258115;9.992427826;9.109883246;-0.1363755614;-0.3379609287;0.1256854236;3
9.103991684;0.9571290612;0.0239282269;9.997213364;9.111985121;-0.131488651;-0.3306305707;0.1159115955;3
9.106093559;0.9188438654;0.02871387079;9.997213364;9.114086944;-0.1290451884;-0.3269653618;0.1098029464;3
9.108195382;0.8805587292;0.03349951655;9.963713646;9.116188767;-0.1241582632;-0.315969795;0.1024725661;3
9.110297204;0.8614161611;0.04307080805;9.949356079;9.118290642;-0.1204930767;-0.3037525117;0.09636391699;3
9.112399079;0.8327022791;0.07178468257;9.930213928;9.120392465;-0.115606159;-0.2915352285;0.09025526792;3
9.114500902;0.7944171429;0.05742774159;9.896714211;9.122494288;-0.1107192412;-0.2732092738;0.08659008145;3
9.116602725;0.7704889178;0.07178468257;9.901499748;9.124596111;-0.1046105921;-0.2536616027;0.08170316368;3
9.1187046;0.7465606928;0.0765703246;9.911071777;9.126697934;-0.09605848789;-0.2292270064;0.07803797722;3
9.120806423;0.7226324677;0.07178468257;9.915857315;9.128799809;-0.08750637621;-0.2060141414;0.07315105945;3
9.122908246;0.6843472719;0.08614161611;9.891928673;9.130901632;-0.07773254067;-0.1803578287;0.06826414168;3
9.125010069;0.6699903607;0.08135596663;9.906285286;9.133003454;-0.06551524997;-0.1559232324;0.06459894776;3
9.127111892;0.6604190469;0.09571290761;9.911071777;9.135105277;-0.05451968312;-0.1290451884;0.0609337613;3
9.129213767;0.6556333899;0.09092725813;9.925428391;9.137207152;-0.04352411628;-0.1046105921;0.05604684353;3
9.13131559;0.6652047038;0.1052841991;9.930213928;9.139308975;-0.03130681813;-0.07651081681;0.05238165334;3
9.133417413;0.650847733;0.1196411327;9.949356079;9.141410798;-0.01786779426;-0.05329795182;0.04505127668;3
9.135519236;0.6556333899;0.1052841991;9.968499184;9.143512673;-0.006872228812;-0.03008509055;0.03772090003;3
9.137621111;0.626919508;0.08614161611;9.944570541;9.145614496;0.004123337101;-0.006872228812;0.03283398226;3
9.139722934;0.6077769399;0.0765703246;9.958928108;9.147716319;0.01511890348;0.01634063199;0.02550360374;3
9.141824757;0.5838487148;0.07178468257;9.930213928;9.149818142;0.02367101051;0.03833176568;0.01817322709;3
9.143926632;0.5982056856;0.04785645381;9.920642853;9.151920017;0.03344484791;0.05299251899;0.008399390616;3
9.146028454;0.6029912829;0.0765703246;9.911071777;9.15402184;0.04077522457;0.06765327603;0.001069013379;3
9.148130277;0.5886343718;0.05264209956;9.896714211;9.156123715;0.04688387364;0.07620538026;-0.007483093534;3
9.1502321;0.5599204898;0.04307080805;9.868000984;9.158225538;0.05299251899;0.08231402934;-0.01481347065;3
9.152333975;0.5120640397;0.05264209956;9.84885788;9.160327361;0.0542142503;0.0847574845;-0.02214384824;3
9.154435798;0.4450650215;0.06699903309;9.829715729;9.162429184;0.0542142503;0.08109229803;-0.0294742249;3
9.156537673;0.3732803464;0.08135596663;9.815358162;9.164531059;0.0542142503;0.0737619251;-0.03313941509;3
9.158639496;0.3158525825;0.06699903309;9.796216011;9.166632882;0.0542142503;0.06643154472;-0.03680460155;3
9.160741319;0.2201396823;0.08135596663;9.753145218;9.168734704;0.04566214234;0.05543597788;-0.04169152305;3
9.162843142;0.1483550072;0.1052841991;9.729216576;9.170836527;0.04321868345;0.04321868345;-0.04657844082;3
9.164945017;0.06699903309;0.1052841991;9.700503349;9.17293835;0.0358883068;0.02733619884;-0.05146535859;3
9.16704684;-0.009571290575;0.1339980662;9.667003632;9.175040225;0.02977965772;0.01389717404;-0.05513054505;3
9.169148663;-0.0765703246;0.1770688742;9.652647018;9.177142048;0.02000582218;0.0016798781;-0.05757400393;3
9.171250486;-0.1244267747;0.2009970993;9.623932838;9.179243871;0.01145371422;-0.01298087649;-0.06001746282;3
9.173352309;-0.1962114573;0.2392822653;9.600004196;9.181345746;0.002901607659;-0.02764163166;-0.06246092543;3
9.175454184;-0.2440679073;0.2584248483;9.57129097;9.183447569;-0.00565049937;-0.0374154672;-0.06246092543;3
9.177556007;-0.3014956415;0.2823530734;9.561718941;9.185549392;-0.01542433538;-0.04963276163;-0.06246092543;3
9.179657829;-0.3732803464;0.2919243574;9.561718941;9.187651267;-0.02275471389;-0.05940660089;-0.06246092543;3
9.181759704;-0.4067798555;0.2967100143;9.547362328;9.18975309;-0.02886336111;-0.07040216774;-0.06246092543;3
9.183861527;-0.4402793646;0.3158525825;9.518648148;9.191854913;-0.03497200832;-0.07651081681;-0.06246092543;3
9.18596335;-0.4642075896;0.3158525825;9.504291534;9.193956736;-0.03985892609;-0.08139773458;-0.06001746282;3
9.188065225;-0.4929214716;0.3302095234;9.494720459;9.196058559;-0.04596757516;-0.08628465235;-0.05879573524;3
9.190167048;-0.5168496966;0.3349951804;9.51386261;9.198160434;-0.04718930274;-0.08872810751;-0.05635227636;3
9.192268871;-0.5455635786;0.3349951804;9.523433685;9.200262257;-0.04841103405;-0.08750637621;-0.05390881747;3
9.194370694;-0.5742774606;0.3302095234;9.499505997;9.202364079;-0.05085449293;-0.08628465235;-0.05146535859;3
9.196472517;-0.6173482537;0.3349951804;9.523433685;9.204465954;-0.05329795182;-0.08506292105;-0.0490218997;3
9.198574392;-0.6221339107;0.3349951804;9.504291534;9.206567777;-0.05329795182;-0.08261945844;-0.04657844082;3
9.200676215;-0.6412764788;0.3493520916;9.494720459;9.2086696;-0.05329795182;-0.0740673542;-0.04291325063;3
9.202778038;-0.6412764788;0.3397808075;9.475577354;9.210771475;-0.05451968312;-0.06429351866;-0.03924806044;3
9.204879913;-0.6364908218;0.3589234054;9.480362892;9.212873246;-0.05451968312;-0.0557414107;-0.03558287397;3
9.206981736;-0.6173482537;0.3684946895;9.446864128;9.214975121;-0.05085449293;-0.04230238497;-0.03191768378;3
9.209083559;-0.6221339107;0.3637090325;9.437292099;9.217076944;-0.05085449293;-0.03130681813;-0.02703076601;3
9.211185434;-0.6221339107;0.3589234054;9.44207859;9.219178767;-0.04841103405;-0.02031125315;-0.02214384824;3
9.213287204;-0.6412764788;0.3493520916;9.475577354;9.22128059;-0.04841103405;-0.01298087649;-0.01970038936;3
9.215389079;-0.6556333899;0.3637090325;9.518648148;9.223382465;-0.04596757516;-0.008093958721;-0.01237001177;3
9.217490902;-0.6843472719;0.3780659735;9.537791252;9.225484288;-0.04596757516;-0.004428769462;-0.006261364091;3
9.219592725;-0.7130611539;0.3828516304;9.556933403;9.227586163;-0.04596757516;-0.004428769462;0.001069013379;3
9.221694548;-0.7417750359;0.4019941986;9.576076508;9.229687986;-0.04841103405;-0.006872228812;0.008399390616;3
9.223796423;-0.756131947;0.3828516304;9.580862045;9.231789809;-0.04718930274;-0.009315688163;0.0157297682;3
9.225898246;-0.784845829;0.4019941986;9.576076508;9.233891632;-0.05085449293;-0.01420260593;0.02306014486;3
9.228000121;-0.784845829;0.3732803464;9.566504478;9.235993507;-0.05329795182;-0.01786779426;0.03039052337;3
9.230101944;-0.7752745152;0.3780659735;9.566504478;9.238095329;-0.0557414107;-0.02153298259;0.03527744114;3
9.232203767;-0.7657032609;0.3684946895;9.54257679;9.240197152;-0.05940660089;-0.02641990222;0.03894263133;3
9.23430559;-0.7465606928;0.3589234054;9.561718941;9.242298975;-0.06429351866;-0.03130681813;0.0426078178;3
9.236407465;-0.6939185858;0.3445664644;9.537791252;9.24440085;-0.07162389904;-0.03985892609;0.04627300799;3
9.238509288;-0.626919508;0.3445664644;9.533005714;9.246502673;-0.07528908551;-0.04596757516;0.04871646687;3
9.240611111;-0.5838487148;0.3541377485;9.54257679;9.248604496;-0.08384118974;-0.05207622424;0.05115992576;3
9.242712934;-0.5503492355;0.3254238665;9.509077072;9.250706371;-0.08994983882;-0.0557414107;0.05360338464;3
9.244814809;-0.5168496966;0.3110669553;9.485149384;9.252808194;-0.09850194305;-0.05696314201;0.05115992576;3
9.246916632;-0.4594219327;0.2871387303;9.485149384;9.254910017;-0.1046105921;-0.06062832847;0.04993819445;3
9.249018454;-0.3828516304;0.2632105052;9.446864128;9.25701184;-0.1094975099;-0.06429351866;0.04627300799;3
9.251120329;-0.2775674164;0.2297109663;9.466006279;9.259113715;-0.115606159;-0.06673697382;0.0426078178;3
9.253222152;-0.1674975902;0.1962114573;9.485149384;9.261215538;-0.1192713454;-0.06795870513;0.03772090003;3
9.255323975;-0.09092725813;0.1722832322;9.518648148;9.263317361;-0.121714808;-0.07162389904;0.03283398226;3
9.257425798;-0.03349951655;0.1148554832;9.561718941;9.265419184;-0.1253799945;-0.06795870513;0.02794706449;3
9.259527673;0.0;0.09092725813;9.604789734;9.267521059;-0.1278234571;-0.06918043643;0.02183841541;3
9.261629496;0.01914258115;0.05742774159;9.676574707;9.269622882;-0.1253799945;-0.06795870513;0.01328630932;3
9.263731319;0.06699903309;0.03349951655;9.681360245;9.271724704;-0.1241582632;-0.06429351866;0.005955931731;3
9.265833142;0.1148554832;0.02871387079;9.734002113;9.273826579;-0.1192713454;-0.05818486959;-0.001374445739;3
9.267935017;0.1818545163;0.0143569354;9.781859398;9.275928402;-0.1143844277;-0.05329795182;-0.008704823442;3
9.27003684;0.2153540403;0.004785645287;9.834501266;9.278030225;-0.1107192412;-0.04718930274;-0.01603520103;3
9.272138663;0.2727817893;-0.004785645287;9.882357597;9.280132048;-0.1046105921;-0.04230238497;-0.02336557768;3
9.274240538;0.2967100143;-0.0143569354;9.934999466;9.282233923;-0.09483675659;-0.03130681813;-0.03069595434;3
9.276342361;0.3254238665;-0.0239282269;9.973284721;9.284335746;-0.08750637621;-0.02519817278;-0.03558287397;3
9.278444184;0.3302095234;-0.0382851623;10.02114105;9.286437569;-0.07895427197;-0.01420260593;-0.04169152305;3
9.280546007;0.3397808075;-0.0382851623;10.04985523;9.288539444;-0.06918043643;-0.00565049937;-0.0478001684;3
9.282647882;0.3589234054;-0.05742774159;10.04506969;9.290641267;-0.06185005978;0.002901607659;-0.05390881747;3
9.284749704;0.3684946895;-0.04785645381;10.07856941;9.29274309;-0.0557414107;0.01389717404;-0.05879573524;3
9.286851527;0.3876372576;-0.05264209956;10.08335495;9.294844913;-0.04596757516;0.02244928107;-0.06246092543;3
9.288953402;0.4019941986;-0.02871387079;10.07378292;9.296946788;-0.04108065739;0.03100138716;-0.06490438432;3
9.291055225;0.3876372576;-0.0239282269;10.05464077;9.299048611;-0.0374154672;0.03955349326;-0.06856957078;3
9.293157048;0.3780659735;-0.01914258115;9.987641335;9.301150434;-0.03375028074;0.04810560122;-0.07101303339;3
9.295258871;0.3684946895;0.0143569354;9.973284721;9.303252257;-0.03008509055;0.05910116807;-0.07345648855;3
9.297360746;0.3589234054;0.02871387079;9.944570541;9.305354132;-0.02641990222;0.06643154472;-0.07712167501;3
9.299462569;0.3637090325;0.05264209956;9.911071777;9.307455954;-0.02275471389;0.07620538026;-0.07834340632;3
9.301564392;0.3684946895;0.0765703246;9.887143135;9.309557777;-0.02153298259;0.08353576064;-0.07956513762;3
9.303666215;0.3589234054;0.1100698411;9.887143135;9.3116596;-0.0190895237;0.08964440972;-0.07956513762;3
9.30576809;0.3493520916;0.1339980662;9.844072342;9.313761475;-0.0190895237;0.09330959618;-0.07956513762;3
9.307869913;0.3206382394;0.1531406492;9.834501266;9.315863298;-0.02031125315;0.09575305134;-0.07834340632;3
9.309971736;0.3158525825;0.1722832322;9.834501266;9.317965121;-0.02153298259;0.09453132749;-0.07712167501;3
9.312073559;0.2919243574;0.2105683982;9.84885788;9.320066944;-0.02641990222;0.08964440972;-0.07467821985;3
9.314175434;0.2775674164;0.2584248483;9.8201437;9.322168819;-0.03008509055;0.08720094711;-0.07345648855;3
9.316277257;0.2775674164;0.2632105052;9.791430473;9.324270642;-0.03497200832;0.08353576064;-0.06979130208;3
9.318379079;0.2775674164;0.2584248483;9.801001549;9.326372465;-0.04108065739;0.07620538026;-0.06612611562;3
9.320480902;0.2679961324;0.2871387303;9.772287369;9.32847434;-0.04841103405;0.0737619251;-0.06246092543;3
9.322582777;0.2392822653;0.2823530734;9.74835968;9.330576163;-0.05329795182;0.06765327603;-0.05879573524;3
9.3246846;0.2392822653;0.2823530734;9.767501831;9.332677986;-0.05940660089;0.06398808211;-0.05513054505;3
9.326786423;0.2392822653;0.2823530734;9.805787086;9.334779809;-0.06307178736;0.05665770918;-0.05146535859;3
9.328888298;0.2536391914;0.2967100143;9.868000984;9.336881684;-0.06673697382;0.04810560122;-0.04657844082;3
9.330990121;0.2584248483;0.3014956415;9.934999466;9.338983507;-0.06918043643;0.03711003438;-0.04169152305;3
9.333091944;0.2632105052;0.3158525825;10.01635551;9.341085329;-0.07040216774;0.02489273995;-0.03924806044;3
9.335193767;0.2823530734;0.3349951804;10.07856941;9.343187204;-0.07162389904;0.009010255337;-0.03436114267;3
9.337295642;0.2727817893;0.3493520916;10.15992451;9.345289027;-0.0728456229;-0.00565049937;-0.03069595434;3
9.339397465;0.2967100143;0.3445664644;10.23170948;9.34739085;-0.0740673542;-0.02397644334;-0.02580903657;3
9.341499288;0.3254238665;0.3445664644;10.25563812;9.349492725;-0.07528908551;-0.04352411628;-0.02214384824;3
9.343601163;0.3637090325;0.3589234054;10.30349445;9.351594548;-0.07528908551;-0.06307178736;-0.01847865991;3
9.345702986;0.4115654826;0.3445664644;10.3226366;9.353696371;-0.07773254067;-0.08017600328;-0.01481347065;3
9.347804809;0.4450650215;0.3493520916;10.36092186;9.355798194;-0.08139773458;-0.0972802192;-0.01114828233;3
9.349906684;0.4833501875;0.3493520916;10.34656525;9.357900069;-0.08628465235;-0.1119409725;-0.006261364091;3
9.352008507;0.5694918036;0.3493520916;10.33220863;9.360001892;-0.09239330143;-0.1278234571;-0.002596175298;3
9.354110329;0.6077769399;0.3780659735;10.29870892;9.362103715;-0.09850194305;-0.1412624866;0.002290742937;3
9.356212152;0.6652047038;0.4115654826;10.27478027;9.36420559;-0.1033888608;-0.1547015011;0.008399390616;3
9.358314027;0.7130611539;0.4594219327;10.26042366;9.366307413;-0.1119409725;-0.1693622619;0.01450803876;3
9.36041585;0.7992027402;0.4833501875;10.24128056;9.368409236;-0.1180496216;-0.1840230078;0.01939495653;3
9.362517673;0.8614161611;0.5359922647;10.24128056;9.370511059;-0.1229365394;-0.2011272311;0.0242818743;3
9.364619548;0.94277215;0.5742774606;10.24606609;9.372612934;-0.1302669197;-0.2170097083;0.02916879393;3
9.366721371;1.043270707;0.5934200287;10.2652092;9.374714757;-0.1363755614;-0.2304487377;0.03283398226;3
9.368823194;1.177268744;0.6173482537;10.24606609;9.376816579;-0.142484203;-0.2414443046;0.03649916872;3
9.370925017;1.249053478;0.6460621357;10.21735287;9.378918402;-0.1461493969;-0.2512181401;0.04016435891;3
9.373026892;1.31126678;0.6077769399;10.22692394;9.381020277;-0.1510363221;-0.258548528;0.04138609022;3
9.375128715;1.387837172;0.6173482537;10.28913784;9.383122048;-0.1498145908;-0.265878886;0.04138609022;3
9.377230538;1.483550072;0.5790630579;10.31785107;9.385223923;-0.1522580534;-0.2683223486;0.03894263133;3
9.379332361;1.627119422;0.5455635786;10.3848505;9.387325746;-0.1510363221;-0.2683223486;0.03527744114;3
9.381434236;1.785045743;0.5407779217;10.43749237;9.389427621;-0.1485928595;-0.2719875574;0.02916879393;3
9.383536007;1.942971945;0.5407779217;10.46142101;9.391529444;-0.1437059343;-0.2683223486;0.0242818743;3
9.385637882;2.086541414;0.5168496966;10.4853487;9.393631267;-0.142484203;-0.2609919906;0.01817322709;3
9.387739704;2.239681959;0.5072783828;10.51406288;9.39573309;-0.1363755614;-0.2561050653;0.0108428495;3
9.389841579;2.340180635;0.4977070987;10.49970531;9.397834965;-0.1278234571;-0.2475529462;0.004734201822;3
9.391943402;2.459821701;0.4881358147;10.48056316;9.399936788;-0.1241582632;-0.2402225733;-0.001374445739;3
9.394045225;2.54117775;0.4354937077;10.54277611;9.402038611;-0.1143844277;-0.2328922004;-0.009926552884;3
9.396147048;2.627319336;0.4115654826;10.59063339;9.404140486;-0.1046105921;-0.2267835438;-0.01725693047;3
9.398248923;2.708675146;0.3445664644;10.65763187;9.406242309;-0.09605848789;-0.2133445293;-0.02825249545;3
9.400350746;2.785245657;0.3206382394;10.70070267;9.408344132;-0.08750637621;-0.2047924101;-0.03924806044;3
9.402452569;2.866601467;0.2775674164;10.71506023;9.410445954;-0.07528908551;-0.1925751269;-0.0478001684;3
9.404554444;2.947957516;0.2488535494;10.748559;9.412547829;-0.06551524997;-0.1791360974;-0.06001746282;3
9.406656267;3.029313564;0.2057827413;10.73898792;9.414649652;-0.0557414107;-0.1669187993;-0.06856957078;3
9.40875809;3.081955671;0.1818545163;10.78205872;9.416751475;-0.04841103405;-0.158366695;-0.07834340632;3
9.410859913;3.14895463;0.1818545163;10.83470058;9.41885335;-0.04108065739;-0.1522580534;-0.08811724186;3
9.412961788;3.192025423;0.1770688742;10.76291656;9.420955173;-0.03130681813;-0.1437059343;-0.09544762224;3
9.415063611;3.220739365;0.1483550072;10.78684425;9.423056996;-0.02519817278;-0.138819024;-0.1064431891;3
9.417165434;3.239881754;0.1052841991;10.78205872;9.425158819;-0.01786779426;-0.1339320987;-0.1198822111;3
9.419267309;3.273381472;0.0239282269;10.77727318;9.427260694;-0.01175914705;-0.1327103674;-0.1345429718;3
9.421369132;3.321237803;-0.0239282269;10.81555843;9.429362517;-0.00565049937;-0.1278234571;-0.1492037177;3
9.423470954;3.388236761;-0.08614161611;10.8682003;9.43146434;0.0004581485991;-0.1253799945;-0.1663079411;3
9.425572777;3.483949661;-0.1196411327;10.8682003;9.433566163;0.009010255337;-0.1278234571;-0.1846338809;3
9.427674652;3.536591768;-0.1483550072;10.88255692;9.435668038;0.0175623633;-0.1302669197;-0.2017380893;3
9.429776475;3.589233875;-0.1770688742;10.91605663;9.437769861;0.02489273995;-0.131488651;-0.2188423127;3
9.431878298;3.632304668;-0.2057827413;10.97348499;9.439871684;0.03222311661;-0.1339320987;-0.2347247899;3
9.433980121;3.675375462;-0.2488535494;11.05962658;9.441973507;0.03711003438;-0.1412624866;-0.2493855506;3
9.436081996;3.670589924;-0.2344966233;11.07398319;9.444075382;0.04444041103;-0.1485928595;-0.2640463114;3
9.438183819;3.641875982;-0.2488535494;11.06919765;9.446177204;0.05177079141;-0.1571449637;-0.2774853408;3
9.440285642;3.608376503;-0.3014956415;11.06441212;9.448279027;0.05665770918;-0.165697068;-0.2921460867;3
9.442387465;3.579662561;-0.3589234054;11.07398319;9.450380902;0.06276635826;-0.1742491722;-0.3055851161;3
9.44448934;3.546163082;-0.4067798555;11.09791183;9.452482725;0.06520981342;-0.18157956;-0.3226893246;3
9.446591163;3.550948858;-0.4450650215;11.09312534;9.454584548;0.07131846249;-0.188909933;-0.3385718167;3
9.448692986;3.570091486;-0.4881358147;11.06919765;9.456686371;0.07742711157;-0.1950185746;-0.3568977416;3
9.450794861;3.560520172;-0.5072783828;11.04048347;9.458788246;0.0847574845;-0.1999054998;-0.370336771;3
9.452896684;3.560520172;-0.5312066078;11.02612686;9.460890069;0.08964440972;-0.2072358727;-0.3862192631;3
9.454998507;3.531806231;-0.5407779217;11.00219822;9.462991892;0.09575305134;-0.2133445293;-0.4008800089;3
9.457100329;3.517449379;-0.5503492355;11.00698376;9.465093715;0.104305163;-0.2170097083;-0.4143190384;3
9.459202204;3.517449379;-0.5647061467;11.00219822;9.46719559;0.1091920808;-0.2255618125;-0.4277580678;3
9.461304027;3.507878065;-0.5694918036;11.00698376;9.469297413;0.1153007299;-0.2304487377;-0.4411970973;3
9.46340585;3.536591768;-0.5647061467;11.01655579;9.471399288;0.1238528341;-0.2365573794;-0.4546361268;3
9.465507673;3.546163082;-0.5599204898;10.96869946;9.473501059;0.1299614757;-0.2377791107;-0.4680751264;3
9.467609548;3.550948858;-0.5599204898;10.95434189;9.475602934;0.1360701323;-0.2402225733;-0.4802924395;3
9.469711371;3.536591768;-0.5503492355;10.93998528;9.477704757;0.1434005052;-0.239000842;-0.4949531853;3
9.471813246;3.536591768;-0.5599204898;10.89691448;9.479806579;0.1470656991;-0.2377791107;-0.5071704984;3
9.473915017;3.546163082;-0.5599204898;10.84427261;9.481908454;0.1531743407;-0.239000842;-0.5181660652;3
9.476016892;3.522234917;-0.5312066078;10.76291656;9.484010277;0.1580612659;-0.2402225733;-0.5316050649;3
9.478118715;3.479164124;-0.5024927258;10.7054882;9.4861121;0.1605047137;-0.239000842;-0.5426006317;3
9.480220538;3.46959281;-0.4881358147;10.64327526;9.488213975;0.1605047137;-0.2377791107;-0.556039691;3
9.482322413;3.440878868;-0.4977070987;10.60020447;9.490315798;0.161726445;-0.235335663;-0.5694786906;3
9.484424236;3.426522017;-0.5120640397;10.52841949;9.492417621;0.1629481763;-0.2328922004;-0.5853611827;3
9.486526059;3.407379389;-0.5359922647;10.4279213;9.494519444;0.161726445;-0.231670469;-0.6000219584;3
9.488627934;3.388236761;-0.5216353536;10.38006496;9.496621267;0.1580612659;-0.231670469;-0.6122392416;3
9.490729757;3.378665686;-0.5120640397;10.28435135;9.498723142;0.1568395346;-0.2304487377;-0.6256782413;3
9.492831579;3.345165968;-0.5168496966;10.22692394;9.500824965;0.1519526094;-0.2304487377;-0.6378955245;3
9.494933402;3.306880951;-0.5120640397;10.15992451;9.50292684;0.1482874304;-0.2304487377;-0.6501128674;3
9.497035225;3.263810158;-0.4833501875;10.12164021;9.505028611;0.1458439678;-0.2267835438;-0.6611084342;3
9.4991371;3.215953588;-0.4881358147;10.08335495;9.507130486;0.1434005052;-0.2267835438;-0.672104001;3
9.501238923;3.158525944;-0.4689932466;10.08335495;9.509232309;0.1397353113;-0.2292270064;-0.6830995679;3
9.503340798;3.139383316;-0.4498506486;10.02114105;9.511334184;0.134848401;-0.2304487377;-0.6940951347;3
9.505442569;3.120240688;-0.4259224236;10.01635551;9.513436007;0.131183207;-0.2341139317;-0.7038689256;3
9.507544444;3.072384357;-0.3924229145;10.02592659;9.515537829;0.1262962967;-0.2365573794;-0.713642776;3
9.509646267;3.00538516;-0.3684946895;10.01156998;9.517639652;0.1214093715;-0.2475529462;-0.720973134;3
9.511748142;2.94317174;-0.3732803464;10.0019989;9.519741527;0.1165224537;-0.258548528;-0.7295252681;3
9.513849965;2.880958557;-0.3828516304;9.992427826;9.52184335;0.111635536;-0.2695440948;-0.7368556261;3
9.515951788;2.837887764;-0.4067798555;10.02592659;9.523945173;0.1104138121;-0.281761378;-0.7441860437;3
9.518053611;2.780459881;-0.4115654826;10.05942631;9.526047048;0.1055268943;-0.2939786613;-0.7551816106;3
9.520155486;2.71824646;-0.4019941986;10.08814049;9.528148871;0.1018617004;-0.3000873327;-0.763733685;3
9.522257309;2.665604353;-0.4163511395;10.11206818;9.530250694;0.1006399691;-0.3061959743;-0.7735075355;3
9.524359132;2.632104874;-0.4211367965;10.14078236;9.532352517;0.09941824526;-0.3098611534;-0.7845031023;3
9.526461007;2.612962246;-0.4594219327;10.15992451;9.534454392;0.09697478265;-0.3171915412;-0.7942769527;3
9.528562829;2.589034081;-0.4498506486;10.14078236;9.536556215;0.09575305134;-0.3208567202;-0.8040507436;3
9.530664652;2.531606436;-0.4307080805;10.15513897;9.538658038;0.09819651395;-0.3257436454;-0.8150463104;3
9.532766475;2.464607239;-0.4498506486;10.164711;9.540759913;0.09575305134;-0.3294088244;-0.8272636533;3
9.53486835;2.411965132;-0.4833501875;10.19342422;9.542861684;0.09697478265;-0.3330740333;-0.8382592201;3
9.536970173;2.378465652;-0.5120640397;10.164711;9.544963559;0.09575305134;-0.3330740333;-0.8504765034;3
9.539071996;2.335394859;-0.5168496966;10.12164021;9.547065382;0.09819651395;-0.3330740333;-0.8602503538;3
9.541173871;2.306680918;-0.5359922647;10.04506969;9.549167204;0.09941824526;-0.3367392123;-0.8663589954;3
9.543275642;2.234896421;-0.5694918036;10.03549862;9.551269079;0.1006399691;-0.3355174661;-0.8749110699;3
9.545377517;2.158325911;-0.6029912829;10.06421185;9.553370902;0.104305163;-0.3306305707;-0.8810197115;3
9.54747934;2.06261301;-0.6029912829;10.1024971;9.555472725;0.1055268943;-0.3294088244;-0.8822414875;3
9.549581163;1.962114573;-0.5742774606;10.14078236;9.557574548;0.1079703495;-0.3269653618;-0.8859066367;3
9.551683038;1.875972986;-0.5312066078;10.07378292;9.559676423;0.111635536;-0.3257436454;-0.8895718455;3
9.553784861;1.789831281;-0.4737788737;10.05942631;9.561778246;0.1128572673;-0.3257436454;-0.8895718455;3
9.555886684;1.718046665;-0.4259224236;10.07378292;9.563880069;0.1153007299;-0.328187108;-0.8920152783;3
9.557988507;1.651047587;-0.3684946895;10.04506969;9.565981944;0.1128572673;-0.3330740333;-0.8907935619;3
9.560090382;1.584048629;-0.3589234054;10.02592659;9.568083767;0.111635536;-0.3379609287;-0.8920152783;3
9.562192204;1.531406522;-0.3541377485;9.978070259;9.57018559;0.1104138121;-0.3404043913;-0.8932369947;3
9.564294027;1.464407444;-0.3637090325;9.944570541;9.572287465;0.111635536;-0.3452913165;-0.8944587708;3
9.566395902;1.416550994;-0.3684946895;9.925428391;9.574389236;0.1067486182;-0.3501782417;-0.8932369947;3
9.568497725;1.344766378;-0.3684946895;9.882357597;9.576491111;0.1055268943;-0.3562868834;-0.8920152783;3
9.570599548;1.253839016;-0.3780659735;9.853643417;9.578592934;0.1018617004;-0.362395525;-0.8920152783;3
9.572701423;1.16769743;-0.3780659735;9.839286804;9.580694809;0.09575305134;-0.3685041666;-0.8883501291;3
9.574803194;1.076770186;-0.3732803464;9.805787086;9.582796632;0.09330959618;-0.378278017;-0.8846849203;3
9.576905069;1.000199914;-0.3972085714;9.757930756;9.584898454;0.08964440972;-0.3856084049;-0.8810197115;3
9.579006892;0.9475577474;-0.3780659735;9.7196455;9.587000277;0.08231402934;-0.3953822255;-0.8749110699;3
9.581108767;0.8470591903;-0.3924229145;9.705288887;9.5891021;0.07987056673;-0.4014908671;-0.8700241446;3
9.58321059;0.7800601721;-0.3828516304;9.643074989;9.591203975;0.0725401938;-0.405156076;-0.8675807118;3
9.585312413;0.7465606928;-0.3924229145;9.604789734;9.593305798;0.07009673119;-0.4075995386;-0.863915503;3
9.587414236;0.7226324677;-0.3684946895;9.576076508;9.595407621;0.06765327603;-0.4100429714;-0.8602503538;3
9.589516059;0.7274180651;-0.3541377485;9.57129097;9.597509496;0.06398808211;-0.4161516428;-0.856585145;3
9.591617934;0.7513462901;-0.3445664644;9.57129097;9.599611319;0.06032289565;-0.4210385382;-0.8541416526;3
9.593719757;0.760917604;-0.3014956415;9.566504478;9.601713142;0.05665770918;-0.4234820008;-0.8516982198;3
9.595821579;0.7657032609;-0.2871387303;9.54257679;9.603814965;0.0542142503;-0.4198168218;-0.848033011;3
9.597923454;0.7369893789;-0.3062812984;9.470791817;9.60591684;0.05177079141;-0.4149298966;-0.8455895782;3
9.600025277;0.7130611539;-0.3349951804;9.38465023;9.608018663;0.04566214234;-0.4112647176;-0.8431460857;3
9.6021271;0.6747759581;-0.3732803464;9.322437286;9.610120486;0.04321868345;-0.4100429714;-0.8394809365;3
9.604228923;0.6556333899;-0.3876372576;9.255437851;9.612222361;0.03955349326;-0.4112647176;-0.8394809365;3
9.606330798;0.6125625968;-0.3684946895;9.226723671;9.614324184;0.03466657549;-0.4112647176;-0.8358157277;3
9.608432621;0.5886343718;-0.3589234054;9.221938133;9.616426059;0.02977965772;-0.4063777924;-0.8333722949;3
9.610534444;0.5742774606;-0.3828516304;9.17886734;9.618527882;0.02244928107;-0.3990474045;-0.8333722949;3
9.612636319;0.5407779217;-0.3828516304;9.097511292;9.620629704;0.01878409274;-0.3941605091;-0.8321505189;3
9.614738142;0.5312066078;-0.3876372576;9.00179863;9.622731527;0.01145371422;-0.3917170465;-0.8333722949;3
9.616840017;0.5072783828;-0.3780659735;8.939585686;9.62483335;0.006566796452;-0.3880518377;-0.8321505189;3
9.61894184;0.5072783828;-0.3828516304;8.915657043;9.626935225;-0.0007635809598;-0.3819431961;-0.8321505189;3
9.621043663;0.4881358147;-0.3397808075;8.877371788;9.629037048;-0.006872228812;-0.378278017;-0.8321505189;3
9.623145486;0.4737788737;-0.2919243574;8.815158844;9.631138871;-0.01420260593;-0.3794997334;-0.8297070861;3
9.625247309;0.4402793646;-0.2967100143;8.757730484;9.633240746;-0.02275471389;-0.3856084049;-0.8284853697;3
9.627349184;0.3732803464;-0.2919243574;8.719446182;9.635342517;-0.03252854943;-0.3880518377;-0.8284853697;3
9.629451007;0.3158525825;-0.2967100143;8.714659691;9.637444392;-0.03985892609;-0.3880518377;-0.8260418773;3
9.631552829;0.2632105052;-0.3254238665;8.690732002;9.639546215;-0.04841103405;-0.3917170465;-0.8235984445;3
9.633654704;0.2057827413;-0.3254238665;8.652446747;9.64164809;-0.05696314201;-0.3929387629;-0.8199332356;3
9.635756475;0.1387837082;-0.3397808075;8.609375954;9.643749861;-0.06795870513;-0.3978256881;-0.8187115192;3
9.63785835;0.09092725813;-0.3254238665;8.585447311;9.645851736;-0.07651081681;-0.4014908671;-0.813824594;3
9.639960173;0.04307080805;-0.2967100143;8.580661774;9.647953559;-0.08506292105;-0.4039343297;-0.8101593852;3
9.642062048;0.0;-0.3014956415;8.532805443;9.650055434;-0.09361502528;-0.4039343297;-0.8052725196;3
9.644163819;-0.0382851623;-0.2679961324;8.513663292;9.652157257;-0.1033888608;-0.405156076;-0.8003855944;3
9.646265694;-0.1100698411;-0.2488535494;8.475378036;9.654259079;-0.1119409725;-0.4063777924;-0.7930551767;3
9.648367517;-0.1770688742;-0.2440679073;8.427521706;9.656360954;-0.1204930767;-0.4075995386;-0.7869465351;3
9.650469392;-0.2632105052;-0.2249253243;8.413164139;9.658462725;-0.1290451884;-0.4063777924;-0.7771727443;3
9.652571215;-0.3589234054;-0.2201396823;8.374878883;9.6605646;-0.1375972927;-0.4027126133;-0.7673988938;3
9.654673038;-0.4546363056;-0.1914258152;8.355736732;9.662666423;-0.1437059343;-0.3978256881;-0.7551816106;3
9.656774913;-0.5120640397;-0.1531406492;8.298309326;9.664768246;-0.1498145908;-0.3953822255;-0.7417425513;3
9.658876684;-0.5694918036;-0.1244267747;8.250452042;9.666870121;-0.1571449637;-0.3904953003;-0.7283035517;3
9.660978559;-0.6412764788;-0.0765703246;8.231309891;9.668971944;-0.162031889;-0.3843866587;-0.7148644924;3
9.663080382;-0.70348984;-0.06221338734;8.264809608;9.671073767;-0.1669187993;-0.374612838;-0.7014254928;3
9.665182204;-0.7369893789;-0.04785645381;8.269595146;9.67317559;-0.1742491722;-0.362395525;-0.6879864335;3
9.667284079;-0.760917604;-0.0382851623;8.245666504;9.675277465;-0.1791360974;-0.3501782417;-0.6769908667;3
9.669385902;-0.7657032609;-0.04785645381;8.216953278;9.677379288;-0.1852447391;-0.3391826749;-0.6659952998;3
9.671487725;-0.7657032609;-0.05264209956;8.149953842;9.679481163;-0.1913533956;-0.3220784664;-0.654999733;3
9.673589548;-0.784845829;-0.0765703246;8.121239662;9.681582986;-0.1950185746;-0.3061959743;-0.6452259421;3
9.675691423;-0.813559711;-0.09092725813;8.106883049;9.683684809;-0.2011272311;-0.2878700197;-0.6354520917;3
9.677793246;-0.8183453679;-0.1148554832;8.08295536;9.685786632;-0.2047924101;-0.2695440948;-0.6244565248;3
9.679895121;-0.8566305041;-0.1579262912;8.092526436;9.687888454;-0.2084576041;-0.2512181401;-0.6122392416;3
9.681996944;-0.8997012973;-0.1483550072;8.111668587;9.689990329;-0.212122798;-0.2328922004;-0.6012436748;3
9.684098767;-0.9475577474;-0.1531406492;8.140382767;9.692092152;-0.2182314396;-0.212122798;-0.5902481079;3
9.68620059;-0.9954141974;-0.1722832322;8.15473938;9.694193975;-0.2194531709;-0.1913533956;-0.5768090487;3
9.688302413;-1.033699393;-0.1962114573;8.18345356;9.69629585;-0.2206749022;-0.1718057245;-0.5645917654;3
9.690404288;-1.091127157;-0.2297109663;8.21216774;9.698397621;-0.2231183648;-0.1522580534;-0.5511527658;3
9.692506111;-1.143769264;-0.2297109663;8.226524353;9.700499496;-0.2231183648;-0.1327103674;-0.5389354229;3
9.694607934;-1.186840057;-0.2536391914;8.255238533;9.702601371;-0.2231183648;-0.115606159;-0.5267181396;3
9.696709809;-1.234696507;-0.2536391914;8.322237015;9.704703142;-0.2231183648;-0.0972802192;-0.5169443488;3
9.698811579;-1.292124271;-0.2440679073;8.398807526;9.706805017;-0.2206749022;-0.08139773458;-0.5108356476;3
9.700913454;-1.325623751;-0.2344966233;8.451449394;9.70890684;-0.2206749022;-0.06795870513;-0.5035052896;3
9.703015329;-1.354337573;-0.2632105052;8.51844883;9.711008715;-0.2194531709;-0.0557414107;-0.4961749315;3
9.7051171;-1.373480201;-0.2584248483;8.566305161;9.713110486;-0.2206749022;-0.04718930274;-0.4937314689;3
9.707218975;-1.402194023;-0.2632105052;8.642875671;9.715212361;-0.2218966335;-0.04108065739;-0.4888445437;3
9.709320798;-1.40697968;-0.2727817893;8.652446747;9.717314184;-0.2218966335;-0.03863719851;-0.4851793647;3
9.711422673;-1.440479279;-0.2871387303;8.66680336;9.719416059;-0.2231183648;-0.03497200832;-0.4815141559;3
9.713524444;-1.473978758;-0.2967100143;8.685946465;9.721517882;-0.2267835438;-0.03252854943;-0.4766272306;3
9.715626319;-1.526620865;-0.3206382394;8.709874153;9.723619704;-0.231670469;-0.03252854943;-0.4729620516;3
9.717728142;-1.574477315;-0.3493520916;8.757730484;9.725721527;-0.2328922004;-0.03497200832;-0.470518589;3
9.719830017;-1.651047587;-0.3684946895;8.781659126;9.727823402;-0.2377791107;-0.03497200832;-0.46685341;3
9.72193184;-1.718046665;-0.3637090325;8.815158844;9.729925225;-0.2426660359;-0.03619373962;-0.4656316638;3
9.724033663;-1.775474429;-0.3589234054;8.87258625;9.732027048;-0.2475529462;-0.04108065739;-0.4680751264;3
9.726135486;-1.813759565;-0.3732803464;8.930013657;9.734128923;-0.2548833191;-0.04718930274;-0.4680751264;3
9.728237361;-1.837687731;-0.4067798555;8.949156761;9.736230746;-0.2609919906;-0.05329795182;-0.470518589;3
9.730339184;-1.847259045;-0.4498506486;9.025727272;9.738332569;-0.2671006322;-0.05818486959;-0.4754055142;3
9.732441007;-1.852044702;-0.4929214716;9.049654961;9.740434392;-0.2732092738;-0.06795870513;-0.4790706933;3
9.734542882;-1.866401672;-0.5216353536;9.116654396;9.742536215;-0.2793179154;-0.08017600328;-0.4815141559;3
9.736644704;-1.875972986;-0.5359922647;9.17886734;9.744638038;-0.2829830945;-0.09361502528;-0.4876227975;3
9.738746527;-1.890329838;-0.5551348329;9.245866776;9.746739913;-0.2878700197;-0.102167137;-0.4912880063;3
9.74084835;-1.914258122;-0.5838487148;9.279366493;9.748841736;-0.2915352285;-0.1131627038;-0.4973966479;3
9.742950173;-1.93340075;-0.6221339107;9.30807972;9.750943611;-0.2964221239;-0.1180496216;-0.5022835732;3
9.745051996;-1.962114573;-0.6364908218;9.370293617;9.753045434;-0.3013090491;-0.1204930767;-0.5071704984;3
9.747153871;-1.971685886;-0.6412764788;9.389435768;9.755147257;-0.3074176908;-0.1266017258;-0.5108356476;3
9.749255694;-1.986042738;-0.6317051649;9.36550808;9.757249079;-0.315969795;-0.1302669197;-0.5120574236;3
9.751357569;-2.01475668;-0.6125625968;9.36550808;9.759350954;-0.3196350038;-0.1290451884;-0.5145008564;3
9.753459392;-2.06261301;-0.6173482537;9.38465023;9.761452777;-0.3269653618;-0.1278234571;-0.51327914;3
9.755561215;-2.134397745;-0.6221339107;9.399007797;9.763554652;-0.3294088244;-0.1229365394;-0.5120574236;3
9.757663038;-2.172683001;-0.6173482537;9.456435204;9.765656475;-0.3306305707;-0.115606159;-0.5096139312;3
9.759764913;-2.220539331;-0.6364908218;9.456435204;9.767758298;-0.3306305707;-0.1082757786;-0.5071704984;3
9.761866736;-2.244467735;-0.650847733;9.523433685;9.769860121;-0.328187108;-0.09850194305;-0.5022835732;3
9.763968611;-2.297109842;-0.650847733;9.566504478;9.771961944;-0.3269653618;-0.08139773458;-0.4973966479;3
9.766070434;-2.344966173;-0.650847733;9.619147301;9.774063767;-0.3245218992;-0.06673697382;-0.4888445437;3
9.768172257;-2.402393818;-0.6604190469;9.657432556;9.776165642;-0.315969795;-0.0557414107;-0.4802924395;3
9.770274079;-2.464607239;-0.6317051649;9.705288887;9.778267465;-0.3049742281;-0.04474584386;-0.4692968726;3
9.772375902;-2.54117775;-0.6125625968;9.781859398;9.780369288;-0.2976438701;-0.03619373962;-0.4583013058;3
9.774477725;-2.593819857;-0.5886343718;9.920642853;9.782471163;-0.2866483033;-0.02764163166;-0.4473057389;3
9.7765796;-2.62253356;-0.5742774606;10.02114105;9.784572986;-0.2719875574;-0.01542433538;-0.4375318885;3
9.778681423;-2.665604353;-0.5694918036;10.09292603;9.786674809;-0.2597702444;-0.004428769462;-0.4289797843;3
9.780783246;-2.713460922;-0.5934200287;10.16949654;9.788776684;-0.2475529462;0.007788525894;-0.4192059636;3
9.782885121;-2.71824646;-0.6364908218;10.26999474;9.790878507;-0.2341139317;0.02367101051;-0.4118755758;3
9.784986944;-2.751745939;-0.6604190469;10.34656525;9.792980329;-0.2206749022;0.03833176568;-0.404545188;3
9.787088767;-2.766103029;-0.6364908218;10.38006496;9.795082152;-0.2084576041;0.05177079141;-0.3959930837;3
9.789190642;-2.790031195;-0.650847733;10.39442158;9.797184027;-0.1937968582;0.06520981342;-0.3874409795;3
9.791292465;-2.804388046;-0.6747759581;10.44706345;9.79928585;-0.1803578287;0.07620538026;-0.3788888752;3
9.793394288;-2.842673302;-0.6987041831;10.4853487;9.801387673;-0.1632536054;0.08842267841;-0.3727802336;3
9.795496111;-2.895315409;-0.7465606928;10.58106136;9.803489496;-0.1437059343;0.09697478265;-0.3691150546;3
9.797597986;-2.938386202;-0.7800601721;10.65763187;9.805591371;-0.1290451884;0.1067486182;-0.3642281294;3
9.799699809;-2.967100143;-0.8087740541;10.7054882;9.807693194;-0.1119409725;0.1104138121;-0.3617846668;3
9.801801632;-2.971885681;-0.8470591903;10.75334454;9.809795017;-0.09239330143;0.111635536;-0.3605629504;3
9.803903454;-2.995813847;-0.8566305041;10.78205872;9.811896892;-0.07651081681;0.1055268943;-0.3605629504;3
9.806005329;-2.976671457;-0.8614161611;10.79162979;9.813998715;-0.06307178736;0.09819651395;-0.3593412042;3
9.808107152;-3.014956474;-0.866201818;10.84427261;9.816100538;-0.04841103405;0.08720094711;-0.3605629504;3
9.810208975;-3.034099102;-0.8805587292;10.85862923;9.818202361;-0.03497200832;0.07620538026;-0.3605629504;3
9.81231085;-3.081955671;-0.9044869542;10.84427261;9.820304184;-0.02397644334;0.05787943676;-0.3617846668;3
9.814412673;-3.115455151;-0.9044869542;10.83470058;9.822406059;-0.01542433538;0.04321868345;-0.3617846668;3
9.816514496;-3.163311481;-0.8997012973;10.79641533;9.824507882;-0.01053741761;0.02733619884;-0.3654498458;3
9.818616319;-3.187239647;-0.9044869542;10.73898792;9.826609757;-0.00565049937;0.009010255337;-0.3654498458;3
9.820718142;-3.230310678;-0.8997012973;10.69113159;9.828711579;-0.003207040019;-0.008093958721;-0.3678933084;3
9.822820017;-3.273381472;-0.8853443861;10.62413216;9.830813402;0.0016798781;-0.02397644334;-0.3678933084;3
9.82492184;-3.297309637;-0.8709874153;10.57627583;9.832915225;0.004123337101;-0.03619373962;-0.370336771;3
9.827023715;-3.306880951;-0.8518448472;10.5475626;9.835017048;0.006566796452;-0.04963276163;-0.3715584874;3
9.829125538;-3.321237803;-0.8518448472;10.47577763;9.837118923;0.007788525894;-0.06307178736;-0.3715584874;3
9.831227361;-3.335594654;-0.837487936;10.39920712;9.839220746;0.007788525894;-0.08017600328;-0.3715584874;3
9.833329184;-3.349951744;-0.8039883971;10.32742214;9.841322569;0.01023198478;-0.09239330143;-0.3715584874;3
9.835431007;-3.402593851;-0.7657032609;10.30349445;9.843424392;0.01145371422;-0.1058323234;-0.3691150546;3
9.837532882;-3.450450182;-0.7226324677;10.2652092;9.845526267;0.01389717404;-0.1143844277;-0.3691150546;3
9.839634704;-3.517449379;-0.6556333899;10.22692394;9.84762809;0.01634063199;-0.1266017258;-0.3642281294;3
9.841736527;-3.574877024;-0.6077769399;10.15035343;9.849729913;0.01878409274;-0.131488651;-0.3617846668;3
9.84383835;-3.641875982;-0.5599204898;10.06899738;9.851831788;0.02489273995;-0.1351538301;-0.3556760252;3
9.845940225;-3.708875179;-0.5072783828;10.02592659;9.853933611;0.02733619884;-0.1363755614;-0.3495673835;3
9.848042048;-3.751945972;-0.4498506486;9.963713646;9.856035434;0.03344484791;-0.1363755614;-0.3422369957;3
9.850143871;-3.795016766;-0.4163511395;9.949356079;9.858137257;0.04077522457;-0.1302669197;-0.3312414289;3
9.852245746;-3.833301783;-0.3445664644;9.930213928;9.860239132;0.04566214234;-0.1266017258;-0.3226893246;3
9.854347569;-3.890729666;-0.2919243574;9.915857315;9.862340954;0.05299251899;-0.1229365394;-0.3104720116;3
9.856449392;-3.957728624;-0.2536391914;9.920642853;9.864442777;0.06398808211;-0.1168278903;-0.2982547283;3
9.858551215;-4.019941807;-0.2009970993;9.858428955;9.8665446;0.0725401938;-0.1107192412;-0.2848156989;3
9.86065309;-4.082155228;-0.1866401732;9.834501266;9.868646475;0.08109229803;-0.1033888608;-0.2725984156;3
9.862754913;-4.130012035;-0.1579262912;9.810572624;9.870748298;0.08964440972;-0.09605848789;-0.25793764;3
9.864856736;-4.168296814;-0.1100698411;9.757930756;9.872850121;0.09697478265;-0.08506292105;-0.2457203567;3
9.866958559;-4.192225456;-0.05264209956;9.681360245;9.874951996;0.1055268943;-0.07528908551;-0.2298378795;3
9.869060434;-4.211368084;-0.009571290575;9.600004196;9.877053819;0.111635536;-0.06429351866;-0.2139553875;3
9.871162257;-4.230510235;0.0382851623;9.518648148;9.879155642;0.1189659163;-0.04963276163;-0.196851179;3
9.873264079;-4.244867325;0.0765703246;9.456435204;9.881257517;0.1250745654;-0.03375028074;-0.1809686869;3
9.875365954;-4.264009953;0.1100698411;9.418149948;9.88335934;0.1262962967;-0.01420260593;-0.1650862098;3
9.877467777;-4.278367043;0.1339980662;9.341579437;9.885461163;0.1287397593;0.009010255337;-0.1492037177;3
9.8795696;-4.278367043;0.1483550072;9.255437851;9.887563038;0.131183207;0.02855792828;-0.1333212405;3
9.881671475;-4.273581028;0.1722832322;9.169296265;9.889664809;0.1336266696;0.05054906011;-0.1198822111;3
9.883773298;-4.254438877;0.2057827413;9.097511292;9.891766684;0.134848401;0.07009673119;-0.1027780026;3
9.885875121;-4.240081787;0.2201396823;9.05922699;9.893868507;0.1385135949;0.09086613357;-0.08933897316;3
9.887976996;-4.225724697;0.2536391914;9.049654961;9.895970329;0.1385135949;0.1055268943;-0.07101303339;3
9.890078767;-4.249652863;0.2584248483;9.102297783;9.898072204;0.1421787739;0.117744185;-0.05513054505;3
9.892180642;-4.254438877;0.2775674164;9.140582085;9.900174027;0.1470656991;0.1287397593;-0.03802633286;3
9.894282465;-4.29750967;0.3062812984;9.202795982;9.90227585;0.1482874304;0.1385135949;-0.02214384824;3
9.896384288;-4.316651821;0.3254238665;9.202795982;9.904377725;0.154396072;0.1482874304;-0.008704823442;3
9.898486163;-4.29750967;0.3062812984;9.188439369;9.906479548;0.1592829973;0.1531743407;0.004734201822;3
9.900587986;-4.264009953;0.2967100143;9.198010445;9.908581371;0.1653916389;0.1605047137;0.01695149764;3
9.902689809;-4.201796532;0.2967100143;9.20758152;9.910683194;0.1678351015;0.1653916389;0.02794706449;3
9.904791684;-4.177868366;0.2919243574;9.212367058;9.912785017;0.1715002805;0.1641699076;0.04016435891;3
9.906893507;-4.149154663;0.3302095234;9.226723671;9.914886892;0.1727220118;0.1605047137;0.05360338464;3
9.908995329;-4.158725739;0.3732803464;9.241081238;9.916988715;0.1727220118;0.1556178033;0.06582067907;3
9.911097152;-4.182653904;0.4067798555;9.221938133;9.91909059;0.1690568328;0.1446222365;0.07681624591;3
9.913198975;-4.197010994;0.4402793646;9.17886734;9.921192413;0.1641699076;0.1299614757;0.09025526792;3
9.91530085;-4.211368084;0.4881358147;9.116654396;9.923294236;0.1568395346;0.1153007299;0.1036942974;3
9.917402673;-4.206582069;0.5312066078;9.044869423;9.925396059;0.1446222365;0.1018617004;0.1207985133;3
9.919504548;-4.211368084;0.5455635786;8.944371223;9.927497882;0.1324049383;0.08842267841;0.1366809905;3
9.921606371;-4.240081787;0.5790630579;8.848658562;9.929599757;0.1189659163;0.07498364896;0.1537852138;3
9.923708194;-4.259224415;0.6029912829;8.772088051;9.931701579;0.1030834317;0.06520981342;0.1708894223;3
9.925810017;-4.264009953;0.6460621357;8.69551754;9.933803454;0.08964440972;0.05665770918;0.1879936308;3
9.92791184;-4.273581028;0.6604190469;8.652446747;9.935905225;0.0737619251;0.05177079141;0.2075413018;3
9.930013715;-4.26879549;0.708275497;8.604590416;9.9380071;0.05910116807;0.04688387364;0.2258672565;3
9.932115538;-4.220939159;0.7274180651;8.561519623;9.940108923;0.04321868345;0.04444041103;0.2466366589;3
9.934217413;-4.187439442;0.760917604;8.561519623;9.942210746;0.02977965772;0.04199695215;0.2649625838;3
9.936319184;-4.144368649;0.784845829;8.51844883;9.944312621;0.01634063199;0.04444041103;0.2845102847;3
9.938421059;-4.101297855;0.7992027402;8.523234367;9.946414444;0.005345067009;0.04321868345;0.3040579557;3
9.940522882;-4.053441525;0.8087740541;8.51844883;9.948516267;-0.00565049937;0.04688387364;0.3236056268;3
9.942624704;-3.99601388;0.8087740541;8.532805443;9.950618142;-0.01542433538;0.05665770918;0.3419315517;3
9.944726579;-3.957728624;0.8039883971;8.595019341;9.952719965;-0.02153298259;0.06643154472;0.3602575064;3
9.946828402;-3.876372576;0.784845829;8.618947029;9.954821788;-0.02886336111;0.07987056673;0.3773617148;3
9.948930225;-3.809373617;0.756131947;8.69551754;9.956923611;-0.03130681813;0.09453132749;0.3944659233;3
9.9510321;-3.75673151;0.7178468108;8.767302513;9.959025434;-0.03130681813;0.1128572673;0.4103484154;3
9.953133923;-3.694518089;0.6843472719;8.848658562;9.961127309;-0.02764163166;0.1287397593;0.4274526238;3
9.955235746;-3.613162279;0.650847733;8.949156761;9.963229132;-0.02397644334;0.1470656991;0.4421133697;3
9.957337569;-3.555734396;0.6125625968;9.078369141;9.965330954;-0.0190895237;0.1641699076;0.4555523992;3
9.959439392;-3.507878065;0.5742774606;9.198010445;9.967432829;-0.01298087649;0.177608937;0.4702131748;3
9.961541267;-3.474378586;0.5312066078;9.30807972;9.969534652;-0.00565049937;0.1947131455;0.4824304581;3
9.96364309;-3.421736479;0.4642075896;9.403793335;9.971636475;0.004123337101;0.2118173689;0.4934260249;3
9.965744913;-3.37387991;0.4259224236;9.485149384;9.973738298;0.01634063199;0.227699846;0.5044215918;3
9.967846788;-3.297309637;0.3637090325;9.561718941;9.975840173;0.02733619884;0.2423606068;0.5117519498;3
9.969948611;-3.230310678;0.3254238665;9.609575272;9.977941996;0.0358883068;0.258243084;0.5203040838;3
9.972050434;-3.139383316;0.2440679073;9.671789169;9.980043871;0.04566214234;0.274125576;0.5264127254;3
9.974152257;-3.048455954;0.1962114573;9.729216576;9.982145642;0.05543597788;0.2900080681;0.5312996507;3
9.976254132;-2.967100143;0.1579262912;9.729216576;9.984247517;0.06520981342;0.3071122766;0.5361865759;3
9.978355954;-2.885744095;0.1052841991;9.738788605;9.98634934;0.0725401938;0.3217730224;0.5410735011;3
9.980457829;-2.790031195;0.07178468257;9.734002113;9.988451163;0.07742711157;0.3376555145;0.5471821427;3
9.9825596;-2.746960402;0.04785645381;9.734002113;9.990552986;0.08231402934;0.3547597229;0.5496255755;3
9.984661475;-2.694318295;0.0382851623;9.710074425;9.992654861;0.08353576064;0.3669770062;0.552069068;3
9.986763298;-2.651247501;0.0143569354;9.671789169;9.994756684;0.08720094711;0.3840812445;0.5545125008;3
9.988865121;-2.569891453;0.004785645287;9.633503914;9.996858559;0.08842267841;0.4011854529;0.5569559336;3
9.990966944;-2.483749866;-0.0239282269;9.556933403;9.998960382;0.08842267841;0.4134027362;0.5569559336;3
9.993068819;-2.426322222;-0.05264209956;9.499505997;10.0010622;0.08964440972;0.428063482;0.5581777096;3
9.995170642;-2.344966173;-0.06221338734;9.456435204;10.00316403;0.08720094711;0.4415025115;0.559399426;3
9.997272517;-2.316252232;-0.0765703246;9.437292099;10.0052659;0.08842267841;0.4512763619;0.5606211424;3
9.99937434;-2.268395901;-0.1196411327;9.418149948;10.00736772;0.08720094711;0.4622719288;0.5618428588;3
10.00147616;-2.239681959;-0.1579262912;9.451649666;10.00946955;0.08842267841;0.470824033;0.5630646348;3
10.00357799;-2.220539331;-0.1818545163;9.446864128;10.01157137;0.08964440972;0.4769326746;0.5642863512;3
10.00567986;-2.215753794;-0.1914258152;9.470791817;10.01367325;0.09086613357;0.4830413163;0.5655080676;3
10.00778168;-2.191825628;-0.2344966233;9.475577354;10.01577507;0.09086613357;0.4854847789;0.5655080676;3
10.00988351;-2.163111687;-0.2679961324;9.51386261;10.01787689;0.09697478265;0.4879282415;0.5642863512;3
10.01198533;-2.129612207;-0.2919243574;9.547362328;10.01997872;0.09941824526;0.4891499579;0.5618428588;3
10.0140872;-2.086541414;-0.3110669553;9.537791252;10.02208054;0.1018617004;0.4915934205;0.5618428588;3
10.01618903;-2.053041935;-0.3445664644;9.547362328;10.02418241;0.1067486182;0.4915934205;0.559399426;3
10.01829085;-2.01475668;-0.3397808075;9.566504478;10.02628424;0.1104138121;0.4891499579;0.5581777096;3
10.02039267;-1.966900229;-0.3637090325;9.580862045;10.02838611;0.1091920808;0.4879282415;0.5557342172;3
10.0224945;-1.93340075;-0.3732803464;9.595218658;10.03048793;0.1153007299;0.4854847789;0.552069068;3
10.02459637;-1.899901152;-0.3972085714;9.561718941;10.03258976;0.117744185;0.4805978537;0.5496255755;3
10.02669819;-1.852044702;-0.3972085714;9.537791252;10.03469158;0.1189659163;0.4781544209;0.5459604263;3
10.02880007;-1.818545222;-0.4067798555;9.54257679;10.0367934;0.1201876476;0.4732674956;0.5435169339;3
10.03090189;-1.761117458;-0.4067798555;9.518648148;10.03889528;0.1201876476;0.4720457494;0.5410735011;3
10.03300372;-1.689332843;-0.4211367965;9.489934921;10.0409971;0.1201876476;0.470824033;0.5374082923;3
10.03510554;-1.651047587;-0.4307080805;9.44207859;10.04309898;0.1226311028;0.4696022868;0.5349648595;3
10.03720736;-1.622333765;-0.4259224236;9.44207859;10.0452008;0.1226311028;0.4659371078;0.5349648595;3
10.03930924;-1.622333765;-0.4211367965;9.408578873;10.04730262;0.1238528341;0.4634936452;0.5361865759;3
10.04141106;-1.631905079;-0.4115654826;9.399007797;10.04940444;0.1238528341;0.4610501826;0.5398517251;3
10.04351293;-1.674975872;-0.3828516304;9.418149948;10.05150627;0.1262962967;0.4561632872;0.5447386503;3
10.04561476;-1.718046665;-0.3445664644;9.41336441;10.05360814;0.127518028;0.4537198246;0.5496255755;3
10.04771658;-1.756331801;-0.2967100143;9.44207859;10.05570996;0.1299614757;0.4463894367;0.5557342172;3
10.0498184;-1.775474429;-0.2632105052;9.475577354;10.05781179;0.1324049383;0.4427242577;0.5630646348;3
10.05192022;-1.775474429;-0.2153540403;9.489934921;10.05991366;0.1336266696;0.4366155863;0.5703949928;3
10.0540221;-1.770688772;-0.1818545163;9.494720459;10.06201549;0.1385135949;0.4317286909;0.5777253509;3
10.05612392;-1.741974831;-0.1531406492;9.485149384;10.06411731;0.1397353113;0.4268417656;0.5838339925;3
10.05822575;-1.684547186;-0.1292124242;9.494720459;10.06621913;0.1397353113;0.420733124;0.5899426341;3
10.06032762;-1.641476393;-0.1196411327;9.480362892;10.06832101;0.1434005052;0.4170679152;0.5948295593;3
10.06242944;-1.588834286;-0.1292124242;9.475577354;10.07042283;0.1421787739;0.4146244824;0.5972730517;3
10.06453127;-1.50269258;-0.1531406492;9.485149384;10.07252465;0.1421787739;0.4170679152;0.5984947681;3
10.06663309;-1.40697968;-0.1579262912;9.485149384;10.07462648;0.1409570426;0.4182896614;0.600938201;3
10.06873496;-1.344766378;-0.1531406492;9.456435204;10.0767283;0.1409570426;0.4219548404;0.602159977;3
10.07083679;-1.287338614;-0.1579262912;9.437292099;10.07883017;0.1385135949;0.424398303;0.6046034098;3
10.07293861;-1.249053478;-0.1435693651;9.427721024;10.080932;0.1372918636;0.428063482;0.609490335;3
10.07504043;-1.220339537;-0.1435693651;9.44207859;10.08303382;0.134848401;0.4292852283;0.6131555438;3
10.07714226;-1.191625714;-0.1435693651;9.456435204;10.08513564;0.1324049383;0.4305069447;0.6155989766;3
10.07924413;-1.158126116;-0.1387837082;9.437292099;10.08723752;0.131183207;0.4317286909;0.618042469;3
10.08134595;-1.148554921;-0.1435693651;9.480362892;10.08933934;0.127518028;0.4317286909;0.6192641854;3
10.08344778;-1.115055323;-0.1483550072;9.480362892;10.09144122;0.1262962967;0.4317286909;0.6204859018;3
10.0855496;-1.067198873;-0.1579262912;9.466006279;10.09354304;0.1214093715;0.4292852283;0.6217076182;3
10.08765148;-1.033699393;-0.1483550072;9.418149948;10.09564486;0.1189659163;0.4231765866;0.6253728271;3
10.0897533;-1.000199914;-0.1531406492;9.427721024;10.09774674;0.117744185;0.4219548404;0.6290380359;3
10.09185517;-0.9714859724;-0.1674975902;9.504291534;10.09984851;0.117744185;0.4182896614;0.6327031851;3
10.093957;-0.9762716293;-0.1770688742;9.547362328;10.10195038;0.1128572673;0.420733124;0.6375901103;3
10.09605882;-0.9667003751;-0.1770688742;9.576076508;10.1040522;0.111635536;0.424398303;0.6436987519;3
10.09816069;-0.9475577474;-0.1627119333;9.595218658;10.10615403;0.1104138121;0.4256200492;0.652250886;3
10.10026246;-0.9092726111;-0.1387837082;9.561718941;10.1082559;0.1104138121;0.4219548404;0.6608029604;3
10.10236434;-0.866201818;-0.08614161611;9.54257679;10.11035772;0.1079703495;0.4182896614;0.6693550944;3
10.10446616;-0.8566305041;-0.05742774159;9.604789734;10.11245955;0.1079703495;0.4109592736;0.6779071689;3
10.10656799;-0.8422735929;-0.0239282269;9.628718376;10.11456142;0.1030834317;0.4011854529;0.6876810193;3
10.10866986;-0.7800601721;0.01914258115;9.595218658;10.11666325;0.09941824526;0.3840812445;0.6950113773;3
10.11077168;-0.7513462901;0.04307080805;9.556933403;10.11876507;0.09453132749;0.3755291104;0.7011200786;3
10.11287351;-0.6939185858;0.03349951655;9.552147865;10.12086689;0.08231402934;0.3681987524;0.7084504366;3
10.11497538;-0.5934200287;0.01914258115;9.456435204;10.12296877;0.07131846249;0.3633118272;0.7194460034;3
10.1170772;-0.5024927258;0.0143569354;9.303294182;10.12507059;0.0542142503;0.3596466482;0.7292198539;3
10.11917903;-0.4163511395;0.0382851623;9.183652878;10.12717241;0.03955349326;0.3572031856;0.7426588535;3
10.12128085;-0.3876372576;0.09092725813;9.054440498;10.12927424;0.01878409274;0.3535379767;0.7560978532;3
10.12338272;-0.3397808075;0.1435693651;9.00179863;10.13137611;-0.004428769462;0.3523162603;0.7719803452;3
10.12548455;-0.2871387303;0.2057827413;8.896514893;10.13347793;-0.02641990222;0.3535379767;0.7854194045;3
10.12758637;-0.2201396823;0.2440679073;8.800801277;10.13557976;-0.04963276163;0.3523162603;0.7976366878;3
10.12968819;-0.1435693651;0.2679961324;8.714659691;10.13768163;-0.0728456229;0.3498727977;0.8110756874;3
10.13179007;-0.09092725813;0.2392822653;8.671588898;10.13978345;-0.09239330143;0.3474293351;0.8245147467;3
10.13389189;-0.04307080805;0.1962114573;8.69551754;10.14188528;-0.1131627038;0.3474293351;0.8367320299;3
10.13599372;0.01914258115;0.1435693651;8.743373871;10.1439871;-0.1290451884;0.3547597229;0.8477275968;3
10.13809559;0.08135596663;0.1004985496;8.800801277;10.14608898;-0.1437059343;0.3633118272;0.8587231636;3
10.14019741;0.1387837082;0.06699903309;8.87258625;10.1481908;-0.158366695;0.3657552898;0.8672752976;3
10.14229924;0.1770688742;0.0143569354;9.011369705;10.15029262;-0.1681405306;0.3681987524;0.8746056557;3
10.14440106;0.2727817893;0.0;9.183652878;10.15239444;-0.1754709035;0.370642215;0.8807142973;3
10.14650293;0.3732803464;-0.009571290575;9.298508644;10.15449632;-0.18157956;0.370642215;0.8831577301;3
10.14860476;0.5120640397;-0.03349951655;9.422935486;10.15659814;-0.1828012913;0.3730856776;0.8856012225;3
10.15070658;0.6077769399;-0.1004985496;9.561718941;10.15869996;-0.1852447391;0.377972573;0.8856012225;3
10.1528084;0.708275497;-0.1914258152;9.734002113;10.16080179;-0.1828012913;0.3816377819;0.8819360137;3
10.15491028;0.7896314859;-0.2919243574;9.839286804;10.16290366;-0.1766926348;0.3865246773;0.8782708645;3
10.1570121;0.890130043;-0.4163511395;9.958928108;10.16500549;-0.165697068;0.3938550651;0.8721621633;3
10.15911392;0.9906286001;-0.5168496966;10.13599682;10.16710731;-0.1559232324;0.4011854529;0.8648318052;3
10.16121575;1.124626637;-0.5934200287;10.31785107;10.16920918;-0.142484203;0.4097375572;0.8562797308;3
10.16331762;1.26341033;-0.6843472719;10.52363396;10.17131101;-0.1241582632;0.420733124;0.8428406715;3
10.16541944;1.349551916;-0.7704889178;10.69113159;10.17341283;-0.1058323234;0.4292852283;0.8294016719;3
10.16752127;1.459621787;-0.8470591903;10.82512951;10.17551465;-0.08628465235;0.4378373325;0.8147408962;3
10.16962314;1.545763373;-0.9332008362;10.91605663;10.17761653;-0.06429351866;0.4488328993;0.7988584042;3
10.17172497;1.631905079;-1.009771109;11.00698376;10.17971835;-0.03985892609;0.4573850036;0.7829759121;3
10.17382679;1.674975872;-1.067198873;11.06441212;10.18182017;-0.01664606482;0.4598284662;0.76709342;3
10.17592861;1.746760488;-1.11984098;11.10269737;10.183922;0.007788525894;0.4683805704;0.7499892116;3
10.17803049;1.799402595;-1.158126116;11.14098263;10.18602387;0.02733619884;0.4720457494;0.7341067195;3
10.18013231;1.856830359;-1.148554921;11.18405342;10.18812569;0.04688387364;0.4732674956;0.7194460034;3
10.18223413;1.947757602;-1.129412293;11.08833981;10.19022752;0.06276635826;0.474489212;0.7072287202;3
10.18433595;2.005185366;-1.091127157;10.97827053;10.19232934;0.07987056673;0.4732674956;0.6937896609;3
10.18643783;2.048256159;-1.071984529;10.92562866;10.19443122;0.09208786488;0.4757109582;0.6827940941;3
10.18853965;2.053041935;-1.057627559;10.88255692;10.19653304;0.1018617004;0.4830413163;0.6717985272;3
10.19064148;2.06261301;-1.043270707;10.83948612;10.19863486;0.1091920808;0.4879282415;0.6620246768;3
10.1927433;2.053041935;-1.019342422;10.78684425;10.20073668;0.1140789986;0.4928151667;0.652250886;3
10.19484517;2.0769701;-0.9762716293;10.63848972;10.20283856;0.1165224537;0.4915934205;0.6436987519;3
10.196947;2.096112728;-0.8853443861;10.50449181;10.20494038;0.1140789986;0.4854847789;0.6339249015;3
10.19904882;2.124826431;-0.837487936;10.42313576;10.2070422;0.1079703495;0.4793761373;0.6241511106;3
10.20115064;2.153540373;-0.784845829;10.37527943;10.20914408;0.1006399691;0.470824033;0.6131555438;3
10.20325252;2.153540373;-0.7513462901;10.2221384;10.2112459;0.09086613357;0.4622719288;0.6046034098;3
10.20535434;2.143969059;-0.708275497;10.09292603;10.21334772;0.08231402934;0.45860672;0.5960513353;3
10.20745616;2.120040894;-0.6939185858;9.982855797;10.2154496;0.0737619251;0.4512763619;0.5887209177;3
10.20955804;2.105684042;-0.6652047038;9.906285286;10.21755142;0.06398808211;0.4390590489;0.5826122761;3
10.21165986;2.072184324;-0.6364908218;9.915857315;10.21965325;0.0542142503;0.4317286909;0.5777253509;3
10.21376168;2.067398787;-0.6029912829;9.939785004;10.22175507;0.04932733253;0.4231765866;0.5716167092;3
10.21586356;2.053041935;-0.5790630579;9.978070259;10.22385694;0.04321868345;0.4121810198;0.566729784;3
10.21796538;2.029113531;-0.5790630579;10.00678444;10.22595877;0.0358883068;0.3999637067;0.5606211424;3
10.2200672;2.01475668;-0.6221339107;10.02592659;10.22806059;0.03100138716;0.3877464235;0.5532907844;3
