Tempo acelerômetro (s);Acelerômetro X (m/s²);Acelerômetro Y (m/s²);Acelerômetro Z (m/s²);Tempo giroscópio (s);Giroscópio X (rad/s);Giroscópio Y (rad/s);Giroscópio Z (rad/s);gesto
28.52227979;0.4259224236;0.7417750359;8.69551754;28.53027312;0.1287397593;0.4439459741;0.4653262496;9
28.52438161;0.3589234054;0.7944171429;8.575876236;28.53237499;0.117744185;0.4476111531;0.4836521745;9
28.52648343;0.3493520916;0.7896314859;8.513663292;28.53447682;0.1079703495;0.4524980783;0.5007563829;9
28.52858526;0.3684946895;0.7896314859;8.523234367;28.53657859;0.09819651395;0.4463894367;0.5178605914;9
28.53068708;0.3876372576;0.7704889178;8.561519623;28.53868046;0.09086613357;0.4317286909;0.5312996507;9
28.53278895;0.4019941986;0.8087740541;8.561519623;28.54078223;0.0847574845;0.4170679152;0.5471821427;9
28.53489078;0.4354937077;0.8470591903;8.571090698;28.54288411;0.07742711157;0.4097375572;0.5581777096;9
28.53699255;0.5359922647;0.8614161611;8.662017822;28.54498593;0.07131846249;0.4024071693;0.5728384256;9
28.53909442;0.6173482537;0.9092726111;8.69551754;28.54708776;0.06643154472;0.3889681399;0.5862774849;9
28.54119619;0.6460621357;0.9332008362;8.66680336;28.54918958;0.06032289565;0.3755291104;0.5997164845;9
28.54329807;0.6556333899;0.9714859724;8.638090134;28.5512914;0.05177079141;0.3572031856;0.6131555438;9
28.54539989;0.6843472719;1.014556766;8.633303642;28.55339322;0.04199695215;0.3400989771;0.6241511106;9
28.54750171;0.732203722;1.028913736;8.633303642;28.55549505;0.03222311661;0.320551306;0.6339249015;9
28.54960354;0.8087740541;1.048056364;8.623732567;28.55759687;0.02244928107;0.2997818887;0.6375901103;9
28.55170536;0.8949156404;1.019342422;8.590232849;28.55969869;0.009010255337;0.277790755;0.6412553191;9
28.55380718;0.9954141974;0.9954141974;8.528019905;28.56180052;-0.00565049937;0.2509126961;0.6412553191;9
28.555909;1.095912814;0.9284151793;8.46102047;28.56390234;-0.02153298259;0.2191477418;0.6363683939;9
28.55801083;1.172483087;0.866201818;8.408378601;28.56600416;-0.03985892609;0.1934914142;0.6290380359;9
28.56011265;1.26341033;0.813559711;8.384450912;28.56810604;-0.05940660089;0.1715002805;0.6204859018;9
28.56221447;1.40697968;0.7513462901;8.370093346;28.57020781;-0.07895427197;0.154396072;0.6131555438;9
28.5643163;1.545763373;0.732203722;8.298309326;28.57230963;-0.09972367436;0.1360701323;0.6046034098;9
28.56641812;1.631905079;0.7274180651;8.207381248;28.57441145;-0.121714808;0.1226311028;0.5972730517;9
28.56851999;1.679761529;0.7226324677;8.15473938;28.57651328;-0.142484203;0.111635536;0.5887209177;9
28.57062177;1.703689694;0.760917604;8.145168304;28.5786151;-0.1632536054;0.1104138121;0.5826122761;9
28.57272359;1.698904037;0.7657032609;8.097311974;28.58071697;-0.1840230078;0.1091920808;0.575281918;9
28.57482541;1.703689694;0.7800601721;8.059026718;28.58281874;-0.2047924101;0.1104138121;0.5679515004;9
28.57692723;1.703689694;0.7704889178;8.08295536;28.58492062;-0.2218966335;0.1079703495;0.5630646348;9
28.57902906;1.689332843;0.784845829;8.08295536;28.58702244;-0.2402225733;0.1079703495;0.5581777096;9
28.58113093;1.622333765;0.7800601721;8.121239662;28.58912427;-0.2524398565;0.1067486182;0.5557342172;9
28.5832327;1.569691658;0.756131947;8.236095428;28.59122609;-0.2646571696;0.1104138121;0.5532907844;9
28.58533458;1.512263894;0.7369893789;8.341380119;28.59332791;-0.2744309902;0.117744185;0.5484038591;9
28.5874364;1.507478237;0.70348984;8.432307243;28.59542973;-0.2768744528;0.127518028;0.5471821427;9
28.58953822;1.469193101;0.679561615;8.537590981;28.59753156;-0.278096199;0.1336266696;0.5471821427;9
28.59164005;1.430907965;0.6891329288;8.647661209;28.59963338;-0.2793179154;0.1409570426;0.5496255755;9
28.59374187;1.378265858;0.6891329288;8.772088051;28.6017352;-0.2768744528;0.1495091617;0.5532907844;9
28.59584369;1.301695466;0.6843472719;8.867800713;28.60383703;-0.2756527364;0.1592829973;0.5606211424;9
28.59794552;1.234696507;0.70348984;8.949156761;28.60593885;-0.2707658112;0.1690568328;0.5691732764;9
28.60004734;1.153340459;0.70348984;9.049654961;28.60804067;-0.265878886;0.181274116;0.5801688433;9
28.60214916;1.076770186;0.6939185858;9.121439934;28.61014255;-0.2609919906;0.1910479665;0.5936078429;9
28.60425098;0.9906286001;0.679561615;9.212367058;28.61224437;-0.2524398565;0.2020435184;0.6070469022;9
28.60635281;0.9092726111;0.6939185858;9.3367939;28.61434619;-0.2463312149;0.2142608166;0.6204859018;9
28.60845463;0.8422735929;0.6747759581;9.456435204;28.61644802;-0.235335663;0.2264781147;0.6314814687;9
28.6105565;0.7944171429;0.6460621357;9.533005714;28.61854984;-0.2243400961;0.235030219;0.6424770355;9
28.61265833;0.837487936;0.6077769399;9.600004196;28.62065161;-0.212122798;0.2411388755;0.6498073936;9
28.61476015;0.890130043;0.5838487148;9.681360245;28.62275348;-0.2011272311;0.2448040545;0.6559160352;9
28.61686197;0.9762716293;0.5216353536;9.753145218;28.62485531;-0.1901316643;0.2460257858;0.659581244;9
28.6189638;1.076770186;0.4881358147;9.801001549;28.62695713;-0.1828012913;0.2423606068;0.6608029604;9
28.62106557;1.177268744;0.4785645306;9.858428955;28.62905895;-0.1754709035;0.2435823381;0.6608029604;9
28.62316744;1.244267821;0.4259224236;9.896714211;28.63116078;-0.1705839932;0.2411388755;0.6632464528;9
28.62526926;1.325623751;0.3780659735;9.87757206;28.6332626;-0.162031889;0.2399171442;0.6656898856;9
28.62737109;1.363908887;0.3397808075;9.872786522;28.63536442;-0.1632536054;0.2325867712;0.668133378;9
28.62947291;1.354337573;0.3445664644;9.858428955;28.63746624;-0.165697068;0.2240346521;0.6754637361;9
28.63157473;1.335195065;0.3541377485;9.887143135;28.63956812;-0.1681405306;0.2130390853;0.6791289449;9
28.63367656;1.301695466;0.3732803464;9.930213928;28.64166989;-0.1705839932;0.1983783394;0.6840158105;9
28.63577838;1.292124271;0.3780659735;9.939785004;28.64377171;-0.1742491722;0.181274116;0.6876810193;9
28.6378802;1.282552958;0.3972085714;9.958928108;28.64587354;-0.1791360974;0.1580612659;0.6913462281;9
28.63998208;1.287338614;0.4067798555;9.982855797;28.64797541;-0.18157956;0.1299614757;0.6950113773;9
28.64208385;1.287338614;0.4115654826;10.03071213;28.65007723;-0.1876882017;0.09697478265;0.6962331533;9
28.64418567;1.282552958;0.4019941986;10.10728264;28.65217906;-0.1901316643;0.06398808211;0.6962331533;9
28.64628749;1.296909928;0.4259224236;10.20778179;28.65428088;-0.1925751269;0.02977965772;0.6962331533;9
28.64838937;1.320838094;0.4163511395;10.27956581;28.6563827;-0.1950185746;-0.00565049937;0.6925679445;9
28.65049119;1.354337573;0.3972085714;10.33220863;28.65848453;-0.1937968582;-0.04596757516;0.6901245117;9
28.65259302;1.411765337;0.3637090325;10.3848505;28.66058635;-0.1937968582;-0.08506292105;0.6852375865;9
28.65469484;1.435693622;0.3110669553;10.46142101;28.66268817;-0.1962403059;-0.1278234571;0.6815723777;9
28.65679666;1.478764415;0.2775674164;10.51406288;28.66478999;-0.1950185746;-0.1705839932;0.6779071689;9
28.65889848;1.50269258;0.2392822653;10.56191921;28.66689182;-0.1950185746;-0.2109010667;0.6730202436;9
28.66100031;1.517049551;0.2201396823;10.60499001;28.66899364;-0.1962403059;-0.2487746775;0.668133378;9
28.66310213;1.540977836;0.2201396823;10.60977554;28.67109546;-0.1974620372;-0.2842048407;0.6656898856;9
28.66520395;1.555334687;0.2201396823;10.59541893;28.67319729;-0.1986837685;-0.3196350038;0.6608029604;9
28.66730578;1.569691658;0.2105683982;10.60020447;28.67529911;-0.1974620372;-0.3513999581;0.6583595276;9
28.6694076;1.622333765;0.2057827413;10.59063339;28.67740098;-0.1999054998;-0.3770562708;0.652250886;9
28.67150942;1.674975872;0.2105683982;10.58106136;28.67950276;-0.2035706937;-0.3966039717;0.6473639607;9
28.67361124;1.737189293;0.2105683982;10.53320503;28.68160458;-0.2023489624;-0.4100429714;0.6436987519;9
28.67571307;1.785045743;0.1866401732;10.51406288;28.6837064;-0.2011272311;-0.4210385382;0.6375901103;9
28.67781494;1.852044702;0.2009970993;10.47099209;28.68580822;-0.2023489624;-0.4259254634;0.6339249015;9
28.67991671;1.947757602;0.2057827413;10.47577763;28.6879101;-0.1986837685;-0.4259254634;0.6278162599;9
28.68201854;2.033899307;0.2153540403;10.48056316;28.69001192;-0.1950185746;-0.4210385382;0.6204859018;9
28.68412036;2.134397745;0.2201396823;10.4853487;28.69211374;-0.188909933;-0.408821255;0.6143772602;9
28.68622218;2.225325108;0.2297109663;10.50449181;28.69421557;-0.1828012913;-0.3953822255;0.6070469022;9
28.68832406;2.325823545;0.2105683982;10.52841949;28.69631739;-0.1718057245;-0.3819431961;0.5972730517;9
28.69042588;2.378465652;0.1866401732;10.59063339;28.69841921;-0.1608101577;-0.362395525;0.5874992013;9
28.6925277;2.464607239;0.2057827413;10.63370419;28.70052104;-0.1485928595;-0.3379609287;0.5765036345;9
28.69462953;2.54117775;0.2105683982;10.66241741;28.70262286;-0.1351538301;-0.3135263622;0.5655080676;9
28.69673135;2.608176708;0.2488535494;10.65763187;28.70472468;-0.1204930767;-0.281761378;0.5557342172;9
28.69883317;2.675175667;0.2775674164;10.67677498;28.70682651;-0.1058323234;-0.2487746775;0.5484038591;9
28.70093499;2.746960402;0.3014956415;10.67198944;28.70892833;-0.09361502528;-0.212122798;0.5374082923;9
28.70303682;2.81395936;0.3158525825;10.67677498;28.71103015;-0.08261945844;-0.1754709035;0.5264127254;9
28.70513864;2.885744095;0.3254238665;10.65284634;28.71313197;-0.07040216774;-0.1400407553;0.5129737258;9
28.70724046;2.94317174;0.3397808075;10.64327526;28.7152338;-0.05818486959;-0.1070540547;0.5056433082;9
28.70934229;3.00538516;0.3397808075;10.62891865;28.71733562;-0.04718930274;-0.07895427197;0.4922043085;9
28.71144411;3.03888464;0.3397808075;10.60499001;28.71943744;-0.0374154672;-0.05207622424;0.4812087417;9
28.71354593;3.048455954;0.3493520916;10.59541893;28.72153932;-0.03008509055;-0.03619373962;0.4702131748;9
28.71564776;3.081955671;0.3589234054;10.58106136;28.72364114;-0.02275471389;-0.02153298259;0.4579958618;9
28.71774958;3.058027267;0.3493520916;10.56670475;28.72574296;-0.0190895237;-0.01542433538;0.4457785785;9
28.7198514;3.062813044;0.3637090325;10.56670475;28.72784479;-0.01786779426;-0.01053741761;0.4323395491;9
28.72195328;3.03888464;0.3732803464;10.53799057;28.72994661;-0.01664606482;-0.01053741761;0.4189005196;9
28.7240551;3.010170937;0.3828516304;10.51406288;28.73204843;-0.01664606482;-0.01175914705;0.4054614902;9
28.72615692;3.029313564;0.3924229145;10.49491978;28.73415026;-0.02031125315;-0.0190895237;0.3920224607;9
28.72825874;2.981456995;0.4067798555;10.44706345;28.73625208;-0.02641990222;-0.02886336111;0.3798051775;9
28.73036057;2.94317174;0.4307080805;10.38963604;28.7383539;-0.03497200832;-0.04108065739;0.3688096106;9
28.73246239;2.890529871;0.4594219327;10.3657074;28.74045572;-0.04108065739;-0.0557414107;0.3578140438;9
28.73456421;2.809173822;0.4785645306;10.32742214;28.74255755;-0.04718930274;-0.07162389904;0.3480401933;9
28.73666604;2.727817774;0.5024927258;10.3226366;28.74465937;-0.05696314201;-0.09117157012;0.3394880891;9
28.73876786;2.632104874;0.5168496966;10.32742214;28.74676119;-0.06673697382;-0.1143844277;0.3309359848;9
28.74086968;2.54117775;0.5312066078;10.33699417;28.74886302;-0.0740673542;-0.1375972927;0.3211621642;9
28.74297151;2.488535643;0.5599204898;10.35613632;28.75096484;-0.07773254067;-0.162031889;0.31261006;9
28.74507333;2.450250387;0.5647061467;10.40399265;28.75306671;-0.08139773458;-0.1876882017;0.3028362095;9
28.74717515;2.450250387;0.5934200287;10.41835022;28.75516848;-0.08628465235;-0.212122798;0.2942841053;9
28.74927697;2.445464849;0.6077769399;10.47099209;28.75727036;-0.08506292105;-0.235335663;0.2857320011;9
28.7513788;2.459821701;0.6221339107;10.50449181;28.75937213;-0.08384118974;-0.2561050653;0.2784016132;9
28.75348067;2.459821701;0.626919508;10.53799057;28.761474;-0.08628465235;-0.2671006322;0.269849509;9
28.75558244;2.474178553;0.6364908218;10.56670475;28.76357583;-0.08628465235;-0.2756527364;0.2600756884;9
28.75768432;2.474178553;0.6460621357;10.61456108;28.76567765;-0.08506292105;-0.2768744528;0.2503018379;9
28.75978609;2.483749866;0.6221339107;10.63848972;28.76777947;-0.07895427197;-0.2707658112;0.2393062711;9
28.76188796;2.498106956;0.5982056856;10.67677498;28.7698813;-0.0740673542;-0.2646571696;0.2270889878;9
28.76398979;2.560320139;0.5982056856;10.72463131;28.77198312;-0.06307178736;-0.2561050653;0.2136499584;9
28.76609161;2.593819857;0.5647061467;10.77727318;28.77408494;-0.05207622424;-0.2426660359;0.1965457499;9
28.76819343;2.670390129;0.5264210105;10.85862923;28.77618677;-0.0374154672;-0.2292270064;0.1782197952;9
28.77029526;2.737389088;0.5216353536;10.94477081;28.77828859;-0.02275471389;-0.215787977;0.1598938555;9
28.77239708;2.799602509;0.5120640397;11.01177025;28.78039041;-0.004428769462;-0.2023489624;0.1379027218;9
28.7744989;2.861815929;0.4785645306;11.06919765;28.78249223;0.01511890348;-0.1852447391;0.1183550507;9
28.77660072;2.914458036;0.4689932466;11.1505537;28.78459406;0.03711003438;-0.1644753367;0.09636391699;9
28.77870255;2.928814888;0.4498506486;11.18883896;28.78669593;0.05787943676;-0.1412624866;0.0743727833;9
28.78080437;2.919243574;0.4259224236;11.20798111;28.78879776;0.07498364896;-0.1168278903;0.05482511222;9
28.78290619;2.885744095;0.3972085714;11.20798111;28.79089958;0.09697478265;-0.08628465235;0.03649916872;9
28.78500802;2.857030153;0.3828516304;11.18405342;28.7930014;0.1128572673;-0.05696314201;0.0157297682;9
28.78710989;2.794816732;0.4163511395;11.15533924;28.79510317;0.134848401;-0.02886336111;-0.0001527161949;9
28.78921171;2.727817774;0.4163511395;11.12183952;28.79720505;0.1507308781;-0.00565049937;-0.01847865991;9
28.79131354;2.665604353;0.4450650215;11.08355427;28.79930687;0.1678351015;0.01878409274;-0.03558287397;9
28.79341536;2.598605394;0.4737788737;11.03569794;28.80140869;0.1837175786;0.04321868345;-0.05146535859;9
28.79551713;2.531606436;0.5168496966;10.95434189;28.80351052;0.1947131455;0.06398808211;-0.06368265301;9
28.797619;2.450250387;0.5886343718;10.89212894;28.80561234;0.204486981;0.08353576064;-0.07712167501;9
28.79972083;2.335394859;0.6317051649;10.82512951;28.80771416;0.2142608166;0.1018617004;-0.09056070447;9
28.80182265;2.225325108;0.6604190469;10.74377346;28.80981598;0.2203694731;0.1214093715;-0.1027780026;9
28.80392447;2.115255117;0.7130611539;10.61456108;28.81191781;0.2228129357;0.1409570426;-0.113773562;9
28.8060263;2.01475668;0.7369893789;10.51884842;28.81401963;0.2240346521;0.1519526094;-0.1259908676;9
28.80812812;1.890329838;0.756131947;10.43270683;28.81612145;0.2264781147;0.161726445;-0.1345429718;9
28.81022994;1.785045743;0.7944171429;10.33220863;28.81822328;0.2203694731;0.1715002805;-0.1430950761;9
28.81233177;1.703689694;0.837487936;10.25085258;28.82032515;0.2179260105;0.1763872057;-0.150425449;9
28.81443359;1.612762451;0.8949156404;10.14556789;28.82242692;0.2081521749;0.177608937;-0.1577558219;9
28.81653541;1.497906923;0.9619147182;10.04985523;28.82452874;0.1983783394;0.181274116;-0.1638644785;9
28.81863723;1.363908887;1.009771109;9.934999466;28.82663057;0.1873827726;0.1800523996;-0.1687513888;9
28.82073911;1.229910851;1.052842021;9.872786522;28.82873244;0.1715002805;0.1763872057;-0.173638314;9
28.82284088;1.062413216;1.0863415;9.762716293;28.83083421;0.1580612659;0.1678351015;-0.173638314;9
28.8249427;0.8949156404;1.105484009;9.700503349;28.83293609;0.1434005052;0.1556178033;-0.1748600453;9
28.82704453;0.7178468108;1.13419795;9.662218094;28.83503791;0.1262962967;0.1372918636;-0.173638314;9
28.8291464;0.5455635786;1.162911773;9.676574707;28.83713973;0.1091920808;0.1104138121;-0.1711948514;9
28.83124817;0.3493520916;1.201196909;9.643074989;28.83924156;0.09208786488;0.08109229803;-0.1638644785;9
28.83335005;0.1435693651;1.239482164;9.647860527;28.84134338;0.0725401938;0.04810560122;-0.1528689116;9
28.83545187;-0.09571290761;1.253839016;9.633503914;28.8434452;0.05543597788;0.007788525894;-0.1418733448;9
28.83755369;-0.3493520916;1.253839016;9.676574707;28.84554703;0.03833176568;-0.03619373962;-0.1259908676;9
28.83965552;-0.5838487148;1.277767301;9.681360245;28.84764885;0.02367101051;-0.08017600328;-0.1088866442;9
28.84175734;-0.7944171429;1.277767301;9.724431038;28.84975067;0.01023198478;-0.1229365394;-0.08811724186;9
28.84385916;-0.9954141974;1.296909928;9.743574142;28.85185249;-0.001985310577;-0.1644753367;-0.06856957078;9
28.84596098;-1.186840057;1.325623751;9.767501831;28.85395432;-0.01175914705;-0.1986837685;-0.04535670951;9
28.84806281;-1.31126678;1.35912323;9.781859398;28.85605614;-0.0190895237;-0.231670469;-0.02214384824;9
28.85016463;-1.40697968;1.373480201;9.853643417;28.85815796;-0.02519817278;-0.2609919906;0.001069013379;9
28.85226645;-1.483550072;1.430907965;9.891928673;28.86025979;-0.03008509055;-0.2878700197;0.02672533318;9
28.85436828;-1.526620865;1.464407444;9.920642853;28.86236161;-0.03252854943;-0.3061959743;0.05115992576;9
28.8564701;-1.555334687;1.493121386;9.949356079;28.86446343;-0.03252854943;-0.3245218992;0.0743727833;9
28.85857192;-1.55054903;1.517049551;9.963713646;28.86656531;-0.03252854943;-0.3355174661;0.09636391699;9
28.86067374;-1.512263894;1.521835208;9.949356079;28.86866713;-0.03130681813;-0.3440696001;0.1159115955;9
28.86277557;-1.478764415;1.507478237;9.920642853;28.87076895;-0.03008509055;-0.3489564955;0.1366809905;9
28.86487739;-1.421336651;1.469193101;9.901499748;28.87287072;-0.02764163166;-0.3489564955;0.1550069451;9
28.86697926;-1.354337573;1.435693622;9.868000984;28.8749726;-0.02886336111;-0.3452913165;0.1721111536;9
28.86908109;-1.282552958;1.392622828;9.858428955;28.87707442;-0.02764163166;-0.3355174661;0.1867718995;9
28.87118291;-1.205982566;1.349551916;9.839286804;28.87917624;-0.02641990222;-0.3257436454;0.1989891976;9
28.87328468;-1.115055323;1.320838094;9.8201437;28.88127807;-0.02153298259;-0.3147480786;0.2136499584;9
28.87538656;-0.9954141974;1.31126678;9.829715729;28.88337989;-0.02031125315;-0.2988655865;0.2234237939;9
28.87748838;-0.8709874153;1.31126678;9.844072342;28.88548171;-0.01664606482;-0.2854265571;0.2344193608;9
28.8795902;-0.7657032609;1.272981644;9.839286804;28.88758354;-0.009315688163;-0.2732092738;0.2417497337;9
28.88169203;-0.650847733;1.225125194;9.87757206;28.88968536;-0.003207040019;-0.262213707;0.2490801066;9
28.88379385;-0.5503492355;1.153340459;9.906285286;28.89178718;0.002901607659;-0.2512181401;0.2515235841;9
28.88589567;-0.4402793646;1.100698471;9.920642853;28.89388901;0.01389717404;-0.2426660359;0.2539670467;9
28.88799749;-0.3254238665;1.014556766;9.973284721;28.89599083;0.02122755162;-0.2328922004;0.2539670467;9
28.89009932;-0.2440679073;0.9523434043;9.997213364;28.89809265;0.03100138716;-0.2267835438;0.2515235841;9
28.89220114;-0.1387837082;0.890130043;10.02592659;28.90019453;0.04077522457;-0.2194531709;0.2490801066;9
28.89430296;-0.04785645381;0.8231309652;10.04506969;28.90229635;0.05054906011;-0.2109010667;0.2454149276;9
28.89640479;0.04785645381;0.7800601721;10.05464077;28.90439812;0.06154462695;-0.2035706937;0.2405280024;9
28.89850661;0.1435693651;0.756131947;10.05942631;28.90649999;0.07009673119;-0.1913533956;0.2368628234;9
28.90060848;0.2153540403;0.7178468108;10.04985523;28.90860182;0.07620538026;-0.1840230078;0.2319758981;9
28.90271031;0.2679961324;0.679561615;9.987641335;28.91070364;0.08842267841;-0.1705839932;0.2258672565;9
28.90481208;0.3158525825;0.650847733;9.939785004;28.91280546;0.09575305134;-0.1571449637;0.2222020626;9
28.90691395;0.3445664644;0.6077769399;9.906285286;28.91490729;0.1018617004;-0.1461493969;0.216093421;9
28.90901578;0.3780659735;0.5742774606;9.839286804;28.91700911;0.1055268943;-0.1363755614;0.2112064958;9
28.9111176;0.4211367965;0.5790630579;9.762716293;28.91911093;0.1091920808;-0.1302669197;0.2050978541;9
28.91321942;0.4881358147;0.5694918036;9.681360245;28.92121276;0.111635536;-0.1192713454;0.1989891976;9
28.91532124;0.5359922647;0.5503492355;9.609575272;28.92331458;0.111635536;-0.1082757786;0.192880556;9
28.91742307;0.5790630579;0.5599204898;9.509077072;28.9254164;0.111635536;-0.09972367436;0.1892153621;9
28.91952489;0.6221339107;0.5359922647;9.422935486;28.92751822;0.1079703495;-0.08872810751;0.1855501831;9
28.92162671;0.6747759581;0.5551348329;9.3367939;28.92962005;0.104305163;-0.07773254067;0.1818849891;9
28.92372854;0.6987041831;0.5647061467;9.250652313;28.93172187;0.1018617004;-0.07040216774;0.1782197952;9
28.92583036;0.7274180651;0.5742774606;9.164510727;28.93382369;0.09208786488;-0.06551524997;0.1745546162;9
28.92793218;0.7417750359;0.5886343718;9.107083321;28.93592557;0.08231402934;-0.06062832847;0.169667691;9
28.93003401;0.7513462901;0.6029912829;9.05922699;28.93802734;0.0725401938;-0.05818486959;0.1647807807;9
28.93213583;0.7704889178;0.6029912829;8.997013092;28.94012921;0.06276635826;-0.05818486959;0.1598938555;9
28.93423765;0.8039883971;0.5790630579;8.934800148;28.94223104;0.05177079141;-0.05818486959;0.1537852138;9
28.93633953;0.8279166222;0.5599204898;8.87258625;28.94433286;0.03711003438;-0.06062832847;0.1452330947;9
28.9384413;0.8709874153;0.5264210105;8.800801277;28.94643468;0.02122755162;-0.06307178736;0.1366809905;9
28.94054317;0.9236295223;0.5072783828;8.748159409;28.94853651;0.005345067009;-0.06795870513;0.1305723488;9
28.94264499;0.9619147182;0.4642075896;8.719446182;28.95063833;-0.01298087649;-0.07162389904;0.1207985133;9
28.94474682;1.019342422;0.4259224236;8.690732002;28.95274015;-0.02886336111;-0.07651081681;0.1110246703;9
28.94684864;1.028913736;0.4067798555;8.676374435;28.95484197;-0.04352411628;-0.08261945844;0.0988073796;9
28.94895046;1.048056364;0.3780659735;8.685946465;28.9569438;-0.05940660089;-0.08384118974;0.08903354406;9
28.95105229;1.081555843;0.3349951804;8.709874153;28.95904562;-0.0728456229;-0.08872810751;0.07803797722;9
28.95315411;1.105484009;0.3158525825;8.748159409;28.96114744;-0.08384118974;-0.09117157012;0.06337722391;9
28.95525593;1.129412293;0.3062812984;8.791230202;28.96324926;-0.09239330143;-0.09239330143;0.04993819445;9
28.95735776;1.16769743;0.3110669553;8.867800713;28.96535109;-0.09850194305;-0.09239330143;0.03649916872;9
28.95945958;1.186840057;0.3062812984;8.949156761;28.96745291;-0.1046105921;-0.09361502528;0.02306014486;9
28.9615614;1.229910851;0.2967100143;9.03051281;28.96955473;-0.1082757786;-0.09117157012;0.0108428495;9
28.96366322;1.220339537;0.3062812984;9.111868858;28.97165661;-0.1082757786;-0.08628465235;-0.0001527161949;9
28.96576505;1.220339537;0.2919243574;9.17886734;28.97375838;-0.1094975099;-0.07895427197;-0.01114828233;9
28.96786687;1.16769743;0.2967100143;9.260223389;28.97586026;-0.1070540547;-0.06795870513;-0.01970038936;9
28.96996869;1.124626637;0.2871387303;9.332008362;28.97796208;-0.1070540547;-0.05696314201;-0.02580903657;9
28.97207057;1.062413216;0.2632105052;9.422935486;28.9800639;-0.09972367436;-0.04230238497;-0.03191768378;9
28.97417234;1.000199914;0.2488535494;9.51386261;28.98216572;-0.09239330143;-0.03008509055;-0.03680460155;9
28.97627421;0.9332008362;0.2201396823;9.580862045;28.98426755;-0.08384118974;-0.01420260593;-0.04169152305;9
28.97837604;0.866201818;0.2249253243;9.686145782;28.98636937;-0.0728456229;-0.001985310577;-0.0478001684;9
28.98047786;0.7896314859;0.2392822653;9.810572624;28.98847119;-0.05940660089;0.007788525894;-0.05146535859;9
28.98257968;0.7417750359;0.2249253243;9.896714211;28.99057302;-0.04474584386;0.0175623633;-0.05757400393;9
28.9846815;0.70348984;0.2392822653;9.987641335;28.99267484;-0.02764163166;0.02733619884;-0.06368265301;9
28.98678333;0.679561615;0.2392822653;10.05942631;28.99477666;-0.008093958721;0.03222311661;-0.06856957078;9
28.98888515;0.679561615;0.2536391914;10.14556789;28.99687848;0.01023198478;0.0358883068;-0.07589995116;9
28.99098697;0.6652047038;0.2584248483;10.2029953;28.99898031;0.02977965772;0.04199695215;-0.08078686893;9
28.9930888;0.6460621357;0.2679961324;10.24128056;29.00108213;0.04688387364;0.05054906011;-0.086895518;9
28.99519062;0.6412764788;0.2823530734;10.25563812;29.00318395;0.06398808211;0.06154462695;-0.09056070447;9
28.99729244;0.6077769399;0.2967100143;10.2029953;29.00528578;0.07864884287;0.07620538026;-0.09544762224;9
28.99939427;0.5838487148;0.3254238665;10.15513897;29.00738765;0.09330959618;0.09575305134;-0.0991128087;9
29.00149609;0.5455635786;0.3637090325;10.07378292;29.00948947;0.104305163;0.117744185;-0.1039997265;9
29.00359791;0.5120640397;0.3876372576;9.978070259;29.0115913;0.111635536;0.1470656991;-0.1052214578;9
29.00569973;0.4689932466;0.4019941986;9.868000984;29.01369312;0.1189659163;0.1727220118;-0.1076649204;9
29.00780161;0.4594219327;0.4307080805;9.753145218;29.01579494;0.127518028;0.1971566081;-0.1088866442;9
29.00990343;0.4115654826;0.4977070987;9.686145782;29.01789677;0.1299614757;0.2167042792;-0.1101083755;9
29.01200526;0.3684946895;0.5503492355;9.628718376;29.01999859;0.131183207;0.227699846;-0.1101083755;9
29.01410708;0.3206382394;0.6125625968;9.576076508;29.02210041;0.1336266696;0.2313650399;-0.1088866442;9
29.0162089;0.2536391914;0.679561615;9.547362328;29.02420223;0.1372918636;0.2338084877;-0.1064431891;9
29.01831072;0.1579262912;0.7369893789;9.51386261;29.02630406;0.1372918636;0.2289215773;-0.1039997265;9
29.02041255;0.06699903309;0.7657032609;9.485149384;29.02840588;0.134848401;0.2203694731;-0.1015562713;9
29.02251437;-0.0239282269;0.7896314859;9.437292099;29.0305077;0.1299614757;0.204486981;-0.0991128087;9
29.02461619;-0.08614161611;0.8087740541;9.375079155;29.03260953;0.1238528341;0.1910479665;-0.09666935354;9
29.02671802;-0.1387837082;0.813559711;9.303294182;29.03471135;0.1153007299;0.1739437431;-0.09300415963;9
29.02881984;-0.1866401732;0.8422735929;9.221938133;29.03681317;0.1030834317;0.1592829973;-0.08933897316;9
29.03092166;-0.2249253243;0.837487936;9.159725189;29.03891499;0.09208786488;0.1458439678;-0.0856737867;9
29.03302348;-0.2727817893;0.8422735929;9.092725754;29.04101687;0.07987056673;0.1336266696;-0.08078686893;9
29.03512531;-0.2967100143;0.8422735929;9.011369705;29.04311864;0.06520981342;0.1189659163;-0.07834340632;9
29.03722713;-0.3206382394;0.8566305041;8.934800148;29.04522046;0.04688387364;0.104305163;-0.07345648855;9
29.03932895;-0.3589234054;0.866201818;8.877371788;29.04732229;0.02977965772;0.09208786488;-0.06612611562;9
29.04143083;-0.3972085714;0.8997012973;8.829515457;29.04942416;0.0126754446;0.07620538026;-0.06123919412;9
29.0435326;-0.4307080805;0.9523434043;8.791230202;29.05152598;-0.004428769462;0.06276635826;-0.05390881747;9
29.04563442;-0.4929214716;0.9906286001;8.752944946;29.05362781;-0.02275471389;0.04932733253;-0.04413498193;9
29.04773624;-0.5312066078;1.019342422;8.714659691;29.05572958;-0.04108065739;0.03711003438;-0.03680460155;9
29.04983812;-0.5790630579;1.076770186;8.700303078;29.05783145;-0.05696314201;0.02611446939;-0.02580903657;9
29.05193994;-0.6173482537;1.0863415;8.690732002;29.05993328;-0.0740673542;0.0175623633;-0.01359174121;9
29.05404176;-0.6987041831;1.105484009;8.690732002;29.0620351;-0.08872810751;0.01145371422;-0.0001527161949;9
29.05614354;-0.760917604;1.115055323;8.738588333;29.06413692;-0.1033888608;0.006566796452;0.01206457894;9
29.05824541;-0.7944171429;1.13419795;8.757730484;29.06623874;-0.1143844277;0.002901607659;0.02550360374;9
29.06034723;-0.8470591903;1.129412293;8.810373306;29.06834057;-0.121714808;-0.003207040019;0.04016435891;9
29.06244906;-0.8566305041;1.138983607;8.858229637;29.07044239;-0.1302669197;-0.004428769462;0.05604684353;9
29.06455088;-0.8709874153;1.138983607;8.925228119;29.07254421;-0.1339320987;-0.009315688163;0.06948586553;9
29.0666527;-0.8853443861;1.129412293;9.011369705;29.07464604;-0.1363755614;-0.01053741761;0.08292489499;9
29.06875453;-0.8757730722;1.124626637;9.102297783;29.07674786;-0.1363755614;-0.01420260593;0.0975856483;9
29.07085635;-0.8327022791;1.095912814;9.188439369;29.07884968;-0.1339320987;-0.0190895237;0.1085812151;9
29.07295817;-0.784845829;1.081555843;9.284152031;29.0809515;-0.1339320987;-0.02031125315;0.1183550507;9
29.07505999;-0.7465606928;1.052842021;9.346364975;29.08305338;-0.1302669197;-0.02031125315;0.1281288862;9
29.07716182;-0.650847733;1.004985452;9.422935486;29.0851552;-0.1278234571;-0.0190895237;0.1366809905;9
29.07926364;-0.5742774606;0.94277215;9.494720459;29.08725697;-0.1180496216;-0.01420260593;0.1415679157;9
29.08136546;-0.4785645306;0.8853443861;9.566504478;29.08935885;-0.1131627038;-0.01298087649;0.1452330947;9
29.08346734;-0.3732803464;0.8279166222;9.647860527;29.09146067;-0.1046105921;-0.006872228812;0.1501200199;9
29.08556916;-0.2823530734;0.7657032609;9.714859962;29.09356244;-0.0972802192;-0.0007635809598;0.1501200199;9
29.08767093;-0.1962114573;0.7130611539;9.753145218;29.09566432;-0.09117157012;0.002901607659;0.1525634825;9
29.08977281;-0.1052841991;0.6556333899;9.791430473;29.09776614;-0.08261945844;0.006566796452;0.1537852138;9
29.09187463;-0.03349951655;0.6077769399;9.834501266;29.09986796;-0.0740673542;0.01145371422;0.1513417512;9
29.0939764;0.05264209956;0.5742774606;9.853643417;29.10196979;-0.06551524997;0.01511890348;0.1501200199;9
29.09607828;0.1292124242;0.5312066078;9.887143135;29.10407161;-0.05696314201;0.02122755162;0.1488982886;9
29.0981801;0.2153540403;0.5072783828;9.934999466;29.10617343;-0.04718930274;0.02489273995;0.146454826;9
29.10028192;0.2775674164;0.5024927258;9.958928108;29.10827526;-0.03863719851;0.02733619884;0.1440113783;9
29.10238374;0.3589234054;0.4929214716;9.978070259;29.11037708;-0.03008509055;0.02977965772;0.1415679157;9
29.10448557;0.4115654826;0.4833501875;9.978070259;29.1124789;-0.02153298259;0.03222311661;0.1366809905;9
29.10658739;0.4929214716;0.4594219327;10.01635551;29.11458072;-0.01298087649;0.03466657549;0.1317940801;9
29.10868921;0.5694918036;0.4354937077;10.0019989;29.11668255;-0.004428769462;0.0358883068;0.1281288862;9
29.11079104;0.6460621357;0.4259224236;9.992427826;29.11878437;0.0016798781;0.03466657549;0.119576782;9
29.11289286;0.7369893789;0.4067798555;10.00678444;29.12088624;0.006566796452;0.03466657549;0.1134681329;9
29.11499468;0.813559711;0.3828516304;9.963713646;29.12298802;0.01145371422;0.0358883068;0.1049160287;9
29.11709651;0.9092726111;0.3780659735;9.968499184;29.12508984;0.01511890348;0.0358883068;0.0975856483;9
29.11919833;1.000199914;0.3732803464;9.920642853;29.12719171;0.01878409274;0.03466657549;0.08659008145;9
29.1213002;1.095912814;0.3684946895;9.891928673;29.12929354;0.02122755162;0.03100138716;0.07559451461;9
29.12340197;1.196411371;0.3684946895;9.84885788;29.13139536;0.02122755162;0.02977965772;0.0609337613;9
29.1255038;1.282552958;0.3206382394;9.805787086;29.13349718;0.01878409274;0.02855792828;0.0438295491;9
29.12760567;1.378265858;0.2871387303;9.772287369;29.13559901;0.01511890348;0.02367101051;0.02672533318;9
29.12970749;1.464407444;0.2632105052;9.710074425;29.13770083;0.007788525894;0.01878409274;0.0108428495;9
29.13180932;1.531406522;0.2153540403;9.657432556;29.13980265;0.004123337101;0.01389717404;-0.006261364091;9
29.13391114;1.579262972;0.2057827413;9.604789734;29.14190447;-0.004428769462;0.007788525894;-0.02214384824;9
29.13601296;1.617548108;0.2009970993;9.580862045;29.1440063;-0.01175914705;0.0016798781;-0.03680460155;9
29.13811479;1.622333765;0.2153540403;9.556933403;29.14610812;-0.02031125315;-0.003207040019;-0.04657844082;9
29.14021661;1.593619823;0.2392822653;9.51386261;29.14820994;-0.03008509055;-0.009315688163;-0.05635227636;9
29.14231843;1.564906001;0.2584248483;9.489934921;29.15031176;-0.03863719851;-0.01420260593;-0.06490438432;9
29.14442026;1.507478237;0.2727817893;9.451649666;29.15241359;-0.04963276163;-0.01664606482;-0.06856957078;9
29.14652208;1.45483613;0.3110669553;9.437292099;29.15451541;-0.0557414107;-0.01786779426;-0.07223475724;9
29.1486239;1.40697968;0.3493520916;9.408578873;29.15661723;-0.06673697382;-0.01542433538;-0.07223475724;9
29.15072572;1.368694544;0.4163511395;9.389435768;29.15871906;-0.0740673542;-0.01420260593;-0.07101303339;9
29.15282755;1.325623751;0.4594219327;9.422935486;29.16082088;-0.08139773458;-0.008093958721;-0.06734783947;9
29.15492937;1.292124271;0.5120640397;9.427721024;29.16292276;-0.08872810751;-0.001985310577;-0.06490438432;9
29.15703119;1.268195987;0.5551348329;9.437292099;29.16502458;-0.09361502528;0.005345067009;-0.06123919412;9
29.15913302;1.277767301;0.5886343718;9.475577354;29.16712635;-0.09239330143;0.0126754446;-0.05757400393;9
29.16123484;1.287338614;0.6173482537;9.556933403;29.16922822;-0.09605848789;0.02122755162;-0.05513054505;9
29.16333671;1.306481123;0.6364908218;9.590433121;29.17133005;-0.09605848789;0.02855792828;-0.05146535859;9
29.16543854;1.344766378;0.6652047038;9.647860527;29.17343187;-0.09361502528;0.03711003438;-0.0490218997;9
29.16754031;1.387837172;0.6699903607;9.738788605;29.17553369;-0.08994983882;0.04444041103;-0.0490218997;9
29.16964218;1.440479279;0.6747759581;9.805787086;29.17763552;-0.08872810751;0.05054906011;-0.0490218997;9
29.171744;1.50269258;0.6556333899;9.882357597;29.17973734;-0.08628465235;0.06154462695;-0.05024362728;9
29.17384583;1.579262972;0.6460621357;9.939785004;29.18183916;-0.08384118974;0.06643154472;-0.05390881747;9
29.17594765;1.670190215;0.6173482537;9.997213364;29.18394098;-0.08139773458;0.06765327603;-0.05635227636;9
29.17804947;1.741974831;0.5886343718;10.04506969;29.18604281;-0.07651081681;0.07131846249;-0.06246092543;9
29.1801513;1.813759565;0.5694918036;10.06421185;29.18814463;-0.07528908551;0.07620538026;-0.06612611562;9
29.18225312;1.895115495;0.5551348329;10.09771156;29.19024645;-0.07651081681;0.07620538026;-0.06979130208;9
29.18435494;1.93340075;0.5359922647;10.11685371;29.19234833;-0.0728456229;0.07987056673;-0.07467821985;9
29.18645677;1.9812572;0.5312066078;10.12642574;29.19445015;-0.0740673542;0.08231402934;-0.08078686893;9
29.18855859;2.033899307;0.5312066078;10.13599682;29.19655192;-0.0740673542;0.07987056673;-0.086895518;9
29.19066041;2.081755638;0.5312066078;10.15035343;29.1986538;-0.07528908551;0.07742711157;-0.09300415963;9
29.19276229;2.120040894;0.5599204898;10.14078236;29.20075562;-0.08261945844;0.0725401938;-0.1015562713;9
29.19486411;2.148754835;0.5694918036;10.14556789;29.20285744;-0.08506292105;0.06520981342;-0.1064431891;9
29.19696588;2.196611166;0.5838487148;10.17906761;29.20495921;-0.08994983882;0.05543597788;-0.1125518382;9
29.19906776;2.201396942;0.5838487148;10.19820976;29.20706104;-0.09483675659;0.03955349326;-0.1186604798;9
29.20116958;2.191825628;0.5982056856;10.18385315;29.20916291;-0.102167137;0.02489273995;-0.1247691289;9
29.2032714;2.187039852;0.6221339107;10.2221384;29.21126473;-0.1082757786;0.0016798781;-0.127212584;9
29.20537317;2.167897224;0.6460621357;10.27478027;29.21336656;-0.1131627038;-0.02031125315;-0.1296560466;9
29.20747499;2.129612207;0.6604190469;10.31306553;29.21546838;-0.1204930767;-0.04474584386;-0.1320995092;9
29.20957687;2.0769701;0.6891329288;10.33699417;29.2175702;-0.1241582632;-0.06918043643;-0.1320995092;9
29.21167869;2.048256159;0.708275497;10.38963604;29.21967203;-0.131488651;-0.09117157012;-0.1345429718;9
29.21378052;2.01475668;0.7226324677;10.39920712;29.22177385;-0.1363755614;-0.1192713454;-0.1345429718;9
29.21588234;2.019542217;0.7369893789;10.41835022;29.22387567;-0.1400407553;-0.1412624866;-0.1333212405;9
29.21798416;2.005185366;0.7465606928;10.43270683;29.22597755;-0.1412624866;-0.165697068;-0.1333212405;9
29.22008598;2.029113531;0.7800601721;10.47577763;29.22807932;-0.142484203;-0.1901316643;-0.1320995092;9
29.22218781;2.048256159;0.8087740541;10.52363396;29.23018114;-0.1461493969;-0.212122798;-0.1308777779;9
29.22428963;2.043470621;0.8231309652;10.50449181;29.23228296;-0.1473711282;-0.2280052751;-0.127212584;9
29.22639151;2.048256159;0.8422735929;10.4853487;29.23438479;-0.1510363221;-0.2414443046;-0.1211039424;9
29.22849328;2.057827473;0.8422735929;10.43749237;29.23648666;-0.1522580534;-0.2536616027;-0.113773562;9
29.2305951;2.033899307;0.8470591903;10.38963604;29.23858843;-0.1571449637;-0.2597702444;-0.1039997265;9
29.23269692;2.029113531;0.8614161611;10.37049294;29.24069031;-0.162031889;-0.258548528;-0.09056070447;9
29.23479874;2.019542217;0.866201818;10.37049294;29.24279213;-0.1632536054;-0.2524398565;-0.07712167501;9
29.23690062;1.986042738;0.9044869542;10.33220863;29.24489395;-0.1644753367;-0.2438877672;-0.06123919412;9
29.23900239;1.966900229;0.9379864931;10.35135078;29.24699578;-0.165697068;-0.231670469;-0.04413498193;9
29.24110426;1.919043779;0.9571290612;10.35613632;29.2490976;-0.1644753367;-0.2133445293;-0.02703076601;9
29.24320609;1.938186288;0.9714859724;10.33220863;29.25119942;-0.1559232324;-0.1901316643;-0.006261364091;9
29.24530791;1.971685886;0.9714859724;10.39920712;29.25330124;-0.1437059343;-0.1644753367;0.01328630932;9
29.24740973;2.029113531;1.004985452;10.48056316;29.25540307;-0.131488651;-0.142484203;0.03283398226;9
29.24951156;2.081755638;1.071984529;10.55234814;29.25750489;-0.115606159;-0.1241582632;0.04993819445;9
29.25161338;2.115255117;1.105484009;10.66241741;29.25960671;-0.09972367436;-0.1046105921;0.06582067907;9
29.2537152;2.220539331;1.081555843;10.748559;29.26170854;-0.08261945844;-0.08628465235;0.08048143238;9
29.25581703;2.311466694;1.014556766;10.81555843;29.26381041;-0.06307178736;-0.07162389904;0.09269873053;9
29.25791885;2.421536446;0.9379864931;10.87298584;29.26591218;-0.04352411628;-0.05818486959;0.1024725661;9
29.26002067;2.536391973;0.8327022791;10.9304142;29.268014;-0.02519817278;-0.04841103405;0.1134681329;9
29.26212249;2.665604353;0.756131947;10.95434189;29.27011583;-0.006872228812;-0.03497200832;0.119576782;9
29.26422437;2.780459881;0.6460621357;10.97827053;29.2722177;0.01023198478;-0.02886336111;0.1232419685;9
29.26632614;2.933600664;0.5647061467;11.00219822;29.27431947;0.02489273995;-0.01420260593;0.1220202371;9
29.26842796;3.05324173;0.5072783828;10.98784161;29.2764213;0.04199695215;-0.003207040019;0.1183550507;9
29.27052979;3.220739365;0.4307080805;10.97348499;29.27852312;0.05299251899;0.004123337101;0.1098029464;9
29.27263166;3.388236761;0.3493520916;10.93998528;29.28062499;0.06276635826;0.006566796452;0.0975856483;9
29.27473343;3.584448338;0.2679961324;10.89212894;29.28272682;0.07009673119;0.009010255337;0.07925970852;9
29.27683526;3.751945972;0.1866401732;10.85384369;29.28482864;0.07742711157;0.01023198478;0.05971203372;9
29.27893708;3.943371773;0.1100698411;10.82991505;29.28693046;0.08231402934;0.006566796452;0.03894263133;9
29.28103895;4.120440483;0.0239282269;10.77248764;29.28903229;0.08720094711;0.006566796452;0.01450803876;9
29.28314078;4.287938118;-0.03349951655;10.7054882;29.29113411;0.08964440972;0.004123337101;-0.01237001177;9
29.2852426;4.42672205;-0.08135596663;10.6480608;29.29323593;0.09086613357;-0.0007635809598;-0.04169152305;9
29.28734442;4.551148891;-0.1292124242;10.60977554;29.29533776;0.09086613357;-0.004428769462;-0.06979130208;9
29.28944624;4.646861553;-0.1674975902;10.54277611;29.29743958;0.08964440972;-0.01053741761;-0.0991128087;9
29.29154807;4.733003139;-0.2009970993;10.51884842;29.2995414;0.0859792158;-0.01664606482;-0.1308777779;9
29.29364989;4.814359188;-0.2105683982;10.45184898;29.30164322;0.0847574845;-0.02397644334;-0.1626427472;9
29.29575171;4.867001057;-0.2249253243;10.40399265;29.30374505;0.08231402934;-0.03252854943;-0.196851179;9
29.29785354;4.905286312;-0.2584248483;10.35135078;29.30584687;0.07498364896;-0.03619373962;-0.2322813272;9
29.29995536;4.967499733;-0.2775674164;10.33699417;29.30794874;0.07131846249;-0.04230238497;-0.2689332068;9
29.30205718;5.000999451;-0.2871387303;10.30349445;29.31005052;0.06398808211;-0.05207622424;-0.3104720116;9
29.30415901;5.044070244;-0.2919243574;10.24606609;29.31215239;0.05787943676;-0.05818486959;-0.3495673835;9
29.30626083;5.072783947;-0.3254238665;10.22692394;29.31425421;0.05177079141;-0.06551524997;-0.3911061883;9
29.3083627;5.091926575;-0.3445664644;10.2221384;29.31635604;0.04566214234;-0.07773254067;-0.4326449931;9
29.31046447;5.11585474;-0.3589234054;10.18385315;29.31845786;0.03955349326;-0.08994983882;-0.4741837978;9
29.31256635;5.077569485;-0.3876372576;10.20778179;29.32055968;0.03344484791;-0.1009454057;-0.5169443488;9
29.31466817;5.048855782;-0.3876372576;10.2221384;29.32266151;0.02977965772;-0.115606159;-0.5572614074;9
29.31676999;4.977071285;-0.4115654826;10.2652092;29.32476333;0.02611446939;-0.1302669197;-0.5988001823;9
29.31887182;4.914857864;-0.4354937077;10.29392338;29.32686515;0.02489273995;-0.1437059343;-0.6391173005;9
29.32097364;4.819144726;-0.4594219327;10.34177971;29.32896697;0.02489273995;-0.158366695;-0.6757691503;9
29.32307546;4.704289436;-0.4498506486;10.38963604;29.3310688;0.02489273995;-0.1718057245;-0.7111993432;9
29.32517729;4.584648132;-0.4307080805;10.47577763;29.33317062;0.03100138716;-0.1828012913;-0.7466294765;9
29.32727911;4.465006828;-0.4019941986;10.52841949;29.33527244;0.0358883068;-0.1962403059;-0.7771727443;9
29.32938093;4.340580463;-0.3780659735;10.58106136;29.33737426;0.04444041103;-0.2109010667;-0.806494236;9
29.33148276;4.216153622;-0.3397808075;10.61934662;29.33947609;0.04932733253;-0.2218966335;-0.8333722949;9
29.33358458;4.086941242;-0.2632105052;10.66241741;29.34157791;0.05787943676;-0.2341139317;-0.8541416526;9
29.3356864;3.929014683;-0.1818545163;10.6480608;29.34367973;0.06520981342;-0.2426660359;-0.8712459207;9
29.33778822;3.7710886;-0.1004985496;10.65763187;29.34578156;0.06887500733;-0.2475529462;-0.8846849203;9
29.33989005;3.579662561;0.009571290575;10.62413216;29.34788338;0.0737619251;-0.2512181401;-0.8969022036;9
29.34199187;3.364308596;0.0765703246;10.59063339;29.3499852;0.07987056673;-0.2475529462;-0.9017891288;9
29.34409369;3.139383316;0.1722832322;10.5475626;29.35208703;0.0847574845;-0.2426660359;-0.906676054;9
29.34619552;2.938386202;0.2584248483;10.47577763;29.35418885;0.08842267841;-0.2328922004;-0.906676054;9
29.34829734;2.770888567;0.3589234054;10.43749237;29.35629072;0.08964440972;-0.2218966335;-0.9017891288;9
29.35039916;2.593819857;0.4402793646;10.34177971;29.35839255;0.09208786488;-0.2109010667;-0.89812392;9
29.35250098;2.416750908;0.5168496966;10.30827999;29.36049437;0.09453132749;-0.1901316643;-0.8907935619;9
29.35460281;2.234896421;0.6077769399;10.26042366;29.36259619;0.09453132749;-0.1730274558;-0.8810197115;9
29.35670468;2.072184324;0.6891329288;10.20778179;29.36469802;0.09575305134;-0.1547015011;-0.8700241446;9
29.3588065;1.923829436;0.7465606928;10.164711;29.36679984;0.09819651395;-0.1375972927;-0.8578068614;9
29.36090833;1.785045743;0.8087740541;10.11685371;29.36890166;0.09697478265;-0.121714808;-0.8443678617;9
29.36301015;1.64626193;0.8853443861;10.10728264;29.37100348;0.09575305134;-0.1070540547;-0.8297070861;9
29.36511197;1.521835208;0.9475577474;10.06899738;29.37310531;0.09819651395;-0.09117157012;-0.813824594;9
29.3672138;1.378265858;0.9954141974;10.06899738;29.37520713;0.1006399691;-0.07773254067;-0.7967203856;9
29.36931562;1.229910851;1.048056364;10.05942631;29.37730895;0.09941824526;-0.06551524997;-0.7796161771;9
29.37141744;1.115055323;1.076770186;10.05464077;29.37941078;0.09819651395;-0.05451968312;-0.7612902522;9
29.37351927;0.9619147182;1.129412293;10.03549862;29.38151265;0.09697478265;-0.04718930274;-0.7441860437;9
29.37562109;0.8231309652;1.153340459;9.992427826;29.38361447;0.09575305134;-0.04596757516;-0.7270817757;9
29.37772291;0.679561615;1.16769743;9.963713646;29.38571624;0.09086613357;-0.04718930274;-0.7099775672;9
29.37982473;0.5407779217;1.172483087;9.958928108;29.38781812;0.08720094711;-0.05451968312;-0.6928733587;9
29.38192661;0.3972085714;1.158126116;9.968499184;29.38991994;0.07987056673;-0.06429351866;-0.6733257174;9
29.38402843;0.2632105052;1.153340459;9.958928108;29.39202177;0.07620538026;-0.0728456229;-0.6525563002;9
29.3861302;0.1244267747;1.162911773;9.949356079;29.39412359;0.07009673119;-0.08750637621;-0.6330085993;9
29.38823208;-0.0143569354;1.21555388;9.891928673;29.39622541;0.06032289565;-0.1009454057;-0.6085740328;9
29.3903339;-0.1531406492;1.244267821;9.858428955;29.39832723;0.04810560122;-0.1168278903;-0.5853611827;9
29.39243572;-0.2584248483;1.306481123;9.767501831;29.40042906;0.03466657549;-0.1375972927;-0.5597048402;9
29.39453755;-0.4019941986;1.354337573;9.700503349;29.40253088;0.02367101051;-0.1644753367;-0.5340485573;9
29.39663937;-0.5407779217;1.426122308;9.695717812;29.4046327;0.01145371422;-0.1913533956;-0.5083922148;9
29.39874119;-0.6652047038;1.45483613;9.700503349;29.40673453;0.0004581485991;-0.2206749022;-0.4851793647;9
29.40084302;-0.7657032609;1.483550072;9.667003632;29.40883635;-0.01053741761;-0.2512181401;-0.4607447684;9
29.40294484;-0.8327022791;1.445264935;9.700503349;29.41093817;-0.02275471389;-0.2854265571;-0.4363101721;9
29.40504666;-0.8422735929;1.450050473;9.710074425;29.41303999;-0.03130681813;-0.3245218992;-0.4143190384;9
29.40714848;-0.8327022791;1.421336651;9.772287369;29.41514182;-0.03863719851;-0.3611738086;-0.3935496211;9
29.40925031;-0.8039883971;1.416550994;9.834501266;29.41724364;-0.04474584386;-0.3966039717;-0.3764454126;9
29.41135213;-0.760917604;1.392622828;9.87757206;29.41934546;-0.05085449293;-0.428368926;-0.3605629504;9
29.41345395;-0.6939185858;1.383051515;9.925428391;29.42144729;-0.05451968312;-0.4576904476;-0.3471239209;9
29.41555578;-0.6077769399;1.35912323;9.997213364;29.42354916;-0.05818486959;-0.4821250141;-0.3336848915;9
29.4176576;-0.5072783828;1.344766378;10.04985523;29.42565098;-0.05818486959;-0.5065596104;-0.3226893246;9
29.41975942;-0.3828516304;1.316052437;10.09771156;29.42775276;-0.05696314201;-0.5346593857;-0.3129154742;9
29.42186124;-0.2775674164;1.320838094;10.10728264;29.42985463;-0.05451968312;-0.5664243698;-0.3080285788;9
29.42396312;-0.1674975902;1.292124271;10.17428207;29.43195645;-0.04963276163;-0.5933024287;-0.3092502952;9
29.42606494;-0.05742774159;1.229910851;10.24128056;29.43405828;-0.04596757516;-0.6152935624;-0.3116937578;9
29.42816671;0.0765703246;1.129412293;10.31785107;29.4361601;-0.03863719851;-0.6336194873;-0.3226893246;9
29.43026859;0.2297109663;0.9810572863;10.33699417;29.43826192;-0.03252854943;-0.6495019794;-0.3312414289;9
29.43237041;0.4115654826;0.8279166222;10.31785107;29.44036374;-0.02397644334;-0.664162755;-0.3434587121;9
29.43447223;0.5455635786;0.70348984;10.29870892;29.44246557;-0.01542433538;-0.6763800383;-0.3532325625;9
29.43657406;0.6604190469;0.6460621357;10.29870892;29.44456739;-0.008093958721;-0.6739365458;-0.366671592;9
29.43867588;0.7513462901;0.6029912829;10.27956581;29.44666921;-0.0007635809598;-0.6666061878;-0.3801106215;9
29.4407777;0.8422735929;0.5742774606;10.17428207;29.44877104;0.006566796452;-0.6592758298;-0.3898844421;9
29.44287953;0.866201818;0.5312066078;10.04506969;29.45087286;0.01389717404;-0.6495019794;-0.4008800089;9
29.44498135;0.890130043;0.4881358147;9.934999466;29.45297468;0.02000582218;-0.6397281289;-0.4118755758;9
29.44708317;0.9092726111;0.4737788737;9.858428955;29.4550765;0.02733619884;-0.6250674129;-0.4277580678;9
29.44918499;0.9523434043;0.4307080805;9.786644936;29.45717833;0.0358883068;-0.6116283536;-0.4411970973;9
29.45128682;1.043270707;0.4019941986;9.700503349;29.4592802;0.04199695215;-0.5945241451;-0.4558578432;9
29.45338864;1.124626637;0.3732803464;9.628718376;29.46138197;0.04321868345;-0.5786416531;-0.470518589;9
29.45549046;1.201196909;0.3780659735;9.537791252;29.4634838;0.04444041103;-0.563980937;-0.4839576185;9
29.45759229;1.249053478;0.3780659735;9.432506561;29.46558562;0.04077522457;-0.5456549525;-0.4961749315;9
29.45969416;1.277767301;0.3972085714;9.303294182;29.46768749;0.03955349326;-0.5285507441;-0.5071704984;9
29.46179593;1.277767301;0.4307080805;9.217152596;29.46978932;0.03711003438;-0.5114465356;-0.5157225728;9
29.46389776;1.244267821;0.4450650215;9.111868858;29.47189114;0.03222311661;-0.4931205809;-0.5230529904;9
29.46599958;1.229910851;0.4594219327;9.011369705;29.47399296;0.02977965772;-0.4735729098;-0.5303833485;9
29.46810145;1.196411371;0.4594219327;8.930013657;29.47609473;0.02367101051;-0.4601338804;-0.5377137065;9
29.47020328;1.16769743;0.4977070987;8.839086533;29.47819661;0.0175623633;-0.4491383433;-0.5438223481;9
29.4723051;1.158126116;0.5312066078;8.762516975;29.48029843;0.009010255337;-0.4344775677;-0.5511527658;9
29.47440692;1.158126116;0.5216353536;8.733802795;29.48240026;0.002901607659;-0.4222602844;-0.5584831238;9
29.47650869;1.153340459;0.5072783828;8.642875671;29.48450208;-0.00565049937;-0.4112647176;-0.5670352578;9
29.47861057;1.153340459;0.5168496966;8.604590416;29.4866039;-0.01298087649;-0.3990474045;-0.5743656158;9
29.48071239;1.153340459;0.5168496966;8.537590981;29.48870572;-0.02275471389;-0.3904953003;-0.5816959739;9
29.48281421;1.138983607;0.4977070987;8.456234932;29.49080755;-0.03130681813;-0.378278017;-0.5878046155;9
29.48491604;1.138983607;0.4833501875;8.413164139;29.49290937;-0.04108065739;-0.3660607338;-0.5926915407;9
29.48701786;1.124626637;0.5072783828;8.374878883;29.49501119;-0.05329795182;-0.355065167;-0.5939132571;9
29.48911968;1.071984529;0.5168496966;8.341380119;29.49711307;-0.06673697382;-0.3440696001;-0.5939132571;9
29.49122151;0.9762716293;0.4881358147;8.307880402;29.49921484;-0.07773254067;-0.3330740333;-0.5902481079;9
29.49332333;0.8231309652;0.4929214716;8.269595146;29.50131671;-0.08994983882;-0.3294088244;-0.5865828991;9
29.49542515;0.6747759581;0.4833501875;8.264809608;29.50341848;-0.1009454057;-0.3220784664;-0.5804742575;9
29.49752703;0.5359922647;0.4737788737;8.298309326;29.50552031;-0.1107192412;-0.3184132576;-0.5731438994;9
29.4996288;0.3972085714;0.4642075896;8.33180809;29.50762213;-0.1192713454;-0.3171915412;-0.5645917654;9
29.50173067;0.2871387303;0.4689932466;8.384450912;29.50972401;-0.1266017258;-0.3196350038;-0.5572614074;9
29.50383244;0.2440679073;0.4737788737;8.437092781;29.51182583;-0.1290451884;-0.3196350038;-0.5474875569;9
29.50593426;0.1914258152;0.4689932466;8.528019905;29.51392765;-0.1327103674;-0.3233001828;-0.5413789153;9
29.50803609;0.1627119333;0.4594219327;8.590232849;29.51602947;-0.1351538301;-0.3233001828;-0.5352702737;9
29.51013796;0.1292124242;0.4642075896;8.671588898;29.5181313;-0.1339320987;-0.3233001828;-0.5291616321;9
29.51223979;0.1387837082;0.4498506486;8.719446182;29.52023312;-0.1351538301;-0.3220784664;-0.5254964232;9
29.51434161;0.1531406492;0.4211367965;8.762516975;29.52233494;-0.1327103674;-0.3233001828;-0.5230529904;9
29.51644343;0.2057827413;0.3972085714;8.786444664;29.52443676;-0.1290451884;-0.3233001828;-0.5218312144;9
29.51854526;0.2488535494;0.3828516304;8.781659126;29.52653859;-0.131488651;-0.3208567202;-0.5218312144;9
29.52064708;0.2919243574;0.3637090325;8.791230202;29.52864041;-0.1327103674;-0.3184132576;-0.5230529904;9
29.5227489;0.3158525825;0.3349951804;8.781659126;29.53074223;-0.1351538301;-0.3074176908;-0.5254964232;9
29.52485072;0.3445664644;0.3014956415;8.738588333;29.53284406;-0.1363755614;-0.2964221239;-0.5267181396;9
29.52695255;0.3493520916;0.2632105052;8.671588898;29.53494588;-0.1449276656;-0.281761378;-0.5291616321;9
29.52905437;0.3493520916;0.2249253243;8.604590416;29.53704776;-0.1449276656;-0.2683223486;-0.5291616321;9
29.53115619;0.3397808075;0.1914258152;8.547162056;29.53914953;-0.1522580534;-0.2487746775;-0.5316050649;9
29.53325802;0.3493520916;0.1914258152;8.508877754;29.54125135;-0.1571449637;-0.2280052751;-0.5316050649;9
29.53535984;0.3302095234;0.1722832322;8.480163574;29.54335317;-0.1632536054;-0.2047924101;-0.5303833485;9
29.53746171;0.2967100143;0.1722832322;8.465806961;29.54545499;-0.1693622619;-0.18157956;-0.5291616321;9
29.53956348;0.2440679073;0.1818545163;8.398807526;29.54755682;-0.1779143661;-0.1559232324;-0.5279398561;9
29.54166531;0.1818545163;0.1770688742;8.38923645;29.54965869;-0.1852447391;-0.131488651;-0.5291616321;9
29.54376713;0.1148554832;0.2009970993;8.384450912;29.55176052;-0.1913533956;-0.1046105921;-0.5267181396;9
29.54586895;0.0382851623;0.2201396823;8.365307808;29.55386234;-0.1950185746;-0.07773254067;-0.5242747068;9
29.54797078;-0.03349951655;0.2584248483;8.38923645;29.55596411;-0.1974620372;-0.04963276163;-0.520609498;9
29.55007265;-0.1148554832;0.2632105052;8.408378601;29.55806598;-0.1986837685;-0.02397644334;-0.5145008564;9
29.55217447;-0.1722832322;0.2823530734;8.422736168;29.56016781;-0.1999054998;0.0016798781;-0.5071704984;9
29.5542763;-0.2632105052;0.2871387303;8.475378036;29.56226963;-0.1974620372;0.02611446939;-0.4986183643;9
29.55637807;-0.3397808075;0.2919243574;8.528019905;29.56437145;-0.1950185746;0.05054906011;-0.4864010811;9
29.55847994;-0.4546363056;0.3110669553;8.599804878;29.56647328;-0.1925751269;0.07498364896;-0.4741837978;9
29.56058177;-0.5407779217;0.3445664644;8.676374435;29.5685751;-0.1876882017;0.09453132749;-0.4619664848;9
29.56268359;-0.6412764788;0.3684946895;8.752944946;29.57067692;-0.1828012913;0.1140789986;-0.4485274553;9
29.56478541;-0.7274180651;0.3493520916;8.839086533;29.57277874;-0.1730274558;0.1336266696;-0.4338667095;9
29.56688723;-0.7944171429;0.3541377485;8.925228119;29.57488057;-0.1644753367;0.1519526094;-0.4216494262;9
29.56898906;-0.8422735929;0.3445664644;8.992227554;29.57698239;-0.1522580534;0.1715002805;-0.4094321132;9
29.57109088;-0.8327022791;0.3397808075;9.111868858;29.57908427;-0.1400407553;0.1886045039;-0.3959930837;9
29.5731927;-0.8327022791;0.3349951804;9.183652878;29.58118609;-0.1302669197;0.1996000707;-0.3825540543;9
29.57529453;-0.8279166222;0.3206382394;9.260223389;29.58328791;-0.1168278903;0.204486981;-0.37400195;9
29.57739635;-0.8183453679;0.2871387303;9.3367939;29.58538973;-0.1046105921;0.2081521749;-0.3691150546;9
29.57949822;-0.7992027402;0.2536391914;9.437292099;29.58749156;-0.09361502528;0.2057087123;-0.3642281294;9
29.58160005;-0.760917604;0.2201396823;9.489934921;29.58959338;-0.08261945844;0.1971566081;-0.3605629504;9
29.58370187;-0.732203722;0.1914258152;9.547362328;29.5916952;-0.07162389904;0.1886045039;-0.3617846668;9
29.58580369;-0.679561615;0.1531406492;9.585647583;29.59379703;-0.06429351866;0.177608937;-0.3630063832;9
29.58790552;-0.6221339107;0.1531406492;9.609575272;29.59589885;-0.05818486959;0.1641699076;-0.3642281294;9
29.59000734;-0.6221339107;0.1004985496;9.580862045;29.59800067;-0.0557414107;0.1495091617;-0.3691150546;9
29.59210916;-0.5934200287;0.0382851623;9.561718941;29.60010249;-0.05085449293;0.1287397593;-0.3727802336;9
29.59421098;-0.5886343718;-0.0143569354;9.523433685;29.60220432;-0.05451968312;0.1055268943;-0.3776671588;9
29.59631281;-0.5838487148;-0.04307080805;9.437292099;29.60430614;-0.05818486959;0.08720094711;-0.3837758005;9
29.59841463;-0.5886343718;-0.05742774159;9.346364975;29.60640796;-0.06673697382;0.06887500733;-0.3911061883;9
29.60051645;-0.6173482537;-0.09571290761;9.250652313;29.60850979;-0.08017600328;0.05177079141;-0.3996582925;9
29.60261828;-0.650847733;-0.1196411327;9.140582085;29.61061161;-0.09361502528;0.03100138716;-0.4082103968;9
29.6047201;-0.6747759581;-0.1244267747;9.044869423;29.61271343;-0.1094975099;0.01145371422;-0.416762501;9
29.60682192;-0.708275497;-0.1531406492;8.963513374;29.61481526;-0.1290451884;-0.01420260593;-0.4228711426;9
29.60892374;-0.7369893789;-0.1722832322;8.906085968;29.61691708;-0.1473711282;-0.04474584386;-0.4302015305;9
29.61102557;-0.7800601721;-0.1627119333;8.877371788;29.6190189;-0.1669187993;-0.0728456229;-0.4387536347;9
29.61312739;-0.813559711;-0.1244267747;8.858229637;29.62112072;-0.1840230078;-0.1046105921;-0.4448622763;9
29.61522921;-0.8614161611;-0.1004985496;8.848658562;29.62322255;-0.2035706937;-0.1339320987;-0.4485274553;9
29.61733104;-0.9332008362;-0.1004985496;8.824729919;29.62532437;-0.2218966335;-0.1632536054;-0.4509709179;9
29.61943286;-1.004985452;-0.0765703246;8.815158844;29.62742624;-0.2377791107;-0.1913533956;-0.4546361268;9
29.62153468;-1.052842021;-0.04785645381;8.858229637;29.62952807;-0.2524398565;-0.2170097083;-0.4558578432;9
29.6236365;-1.091127157;-0.02871387079;8.87258625;29.63162989;-0.265878886;-0.2402225733;-0.4570795596;9
29.62573833;-1.13419795;-0.004785645287;8.906085968;29.63373171;-0.2793179154;-0.2573267817;-0.4558578432;9
29.6278402;-1.162911773;0.03349951655;8.949156761;29.63583354;-0.2890917659;-0.2707658112;-0.4546361268;9
29.62994203;-1.201196909;0.0765703246;8.982656479;29.63793536;-0.3013090491;-0.2854265571;-0.4534143806;9
29.63204385;-1.249053478;0.0765703246;9.016156197;29.64003718;-0.3110828996;-0.2939786613;-0.4485274553;9
29.63414567;-1.301695466;0.08614161611;9.044869423;29.642139;-0.315969795;-0.3000873327;-0.4436405599;9
29.63624749;-1.35912323;0.07178468257;9.087940216;29.64424083;-0.3245218992;-0.3037525117;-0.4399753511;9
29.63834932;-1.426122308;0.05264209956;9.159725189;29.64634265;-0.3318522871;-0.3074176908;-0.4350884259;9
29.64045114;-1.493121386;0.02871387079;9.183652878;29.64844447;-0.3391826749;-0.308639437;-0.4277580678;9
29.64255296;-1.545763373;0.03349951655;9.20758152;29.6505463;-0.3440696001;-0.3098611534;-0.4216494262;9
29.64465479;-1.612762451;0.0239282269;9.231510162;29.65264812;-0.3501782417;-0.3037525117;-0.4155407548;9
29.64675661;-1.670190215;0.0143569354;9.245866776;29.65474999;-0.3562868834;-0.2964221239;-0.4106538594;9
29.64885843;-1.718046665;-0.01914258115;9.245866776;29.65685182;-0.3599520624;-0.2939786613;-0.404545188;9
29.65096026;-1.751546144;-0.02871387079;9.303294182;29.65895364;-0.362395525;-0.2890917659;-0.4008800089;9
29.65306208;-1.770688772;-0.0143569354;9.360722542;29.66105546;-0.3660607338;-0.2805396616;-0.3935496211;9
29.65516395;-1.789831281;0.02871387079;9.427721024;29.66315729;-0.3672824502;-0.2683223486;-0.3849975169;9
29.65726578;-1.837687731;0.09092725813;9.456435204;29.66525911;-0.3697259128;-0.2561050653;-0.3752236962;9
29.6593676;-1.914258122;0.1435693651;9.504291534;29.66736093;-0.3709476292;-0.2438877672;-0.3642281294;9
29.66146942;-2.033899307;0.1483550072;9.533005714;29.66946276;-0.3709476292;-0.2267835438;-0.3520108163;9
29.66357124;-2.129612207;0.1531406492;9.590433121;29.67156458;-0.3697259128;-0.2109010667;-0.3361283541;9
29.66567307;-2.249253273;0.1339980662;9.657432556;29.6736664;-0.3660607338;-0.1950185746;-0.323911041;9
29.66777489;-2.325823545;0.1435693651;9.695717812;29.67576822;-0.3636172712;-0.1828012913;-0.3116937578;9
29.66987671;-2.392822742;0.1579262912;9.743574142;29.6778701;-0.358730346;-0.1681405306;-0.2994764447;9
29.67197854;-2.450250387;0.1866401732;9.801001549;29.67997187;-0.355065167;-0.1534797698;-0.2872591615;9
29.67408036;-2.488535643;0.1962114573;9.834501266;29.68207369;-0.3489564955;-0.142484203;-0.2762635946;9
29.67618218;-2.522035122;0.2105683982;9.872786522;29.68417552;-0.3465130329;-0.1290451884;-0.2652680278;9
29.67828406;-2.54117775;0.2201396823;9.882357597;29.68627739;-0.3404043913;-0.1168278903;-0.25793764;9
29.68038583;-2.555534601;0.1770688742;9.920642853;29.68837916;-0.3367392123;-0.1082757786;-0.2518289983;9
29.68248765;-2.584248543;0.1866401732;9.973284721;29.69048104;-0.3294088244;-0.0972802192;-0.2444986254;9
29.68458947;-2.598605394;0.2009970993;9.992427826;29.69258281;-0.3220784664;-0.08872810751;-0.2359465212;9
29.68669135;-2.608176708;0.2392822653;10.04985523;29.69468468;-0.3171915412;-0.08261945844;-0.2273944169;9
29.68879312;-2.646461725;0.2919243574;10.08335495;29.69678651;-0.312304616;-0.07528908551;-0.2163988501;9
29.69089499;-2.689532757;0.3493520916;10.11685371;29.69888833;-0.3061959743;-0.06918043643;-0.2066250145;9
29.69299676;-2.766103029;0.3493520916;10.14078236;29.70099015;-0.3025307953;-0.06307178736;-0.1956294477;9
29.69509864;-2.866601467;0.3684946895;10.14078236;29.70309197;-0.2976438701;-0.06551524997;-0.1834121495;9
29.69720046;-2.94317174;0.3684946895;10.19820976;29.7051938;-0.2915352285;-0.06307178736;-0.1711948514;9
29.69930229;-3.014956474;0.3780659735;10.22692394;29.70729562;-0.2842048407;-0.06062832847;-0.1601992846;9
29.70140411;-3.043670416;0.3924229145;10.23649502;29.70939744;-0.281761378;-0.06429351866;-0.14676027;9
29.70350593;-3.110669374;0.3972085714;10.24128056;29.71149926;-0.2793179154;-0.06918043643;-0.1333212405;9
29.70560776;-3.14895463;0.4067798555;10.27956581;29.71360109;-0.278096199;-0.0728456229;-0.1223256737;9
29.70770958;-3.182454109;0.4163511395;10.31785107;29.71570291;-0.278096199;-0.08139773458;-0.1113301069;9
29.7098114;-3.220739365;0.3876372576;10.33699417;29.71780479;-0.2744309902;-0.09117157012;-0.1039997265;9
29.71191322;-3.249453068;0.3349951804;10.33699417;29.71990661;-0.2707658112;-0.1070540547;-0.0978910774;9
29.71401505;-3.239881754;0.2775674164;10.40399265;29.72200843;-0.2671006322;-0.1241582632;-0.09300415963;9
29.71611687;-3.239881754;0.2536391914;10.49491978;29.72411026;-0.2609919906;-0.1412624866;-0.08811724186;9
29.71821874;-3.201596737;0.2632105052;10.59541893;29.72621203;-0.2548833191;-0.1632536054;-0.08200860023;9
29.72032057;-3.139383316;0.3349951804;10.66720295;29.7283139;-0.2487746775;-0.1828012913;-0.07712167501;9
29.72242239;-3.115455151;0.3637090325;10.74377346;29.73041572;-0.2426660359;-0.2011272311;-0.07101303339;9
29.72452421;-3.139383316;0.3684946895;10.82991505;29.73251755;-0.2341139317;-0.2194531709;-0.06490438432;9
29.72662598;-3.163311481;0.3397808075;10.88734341;29.73461937;-0.2304487377;-0.235335663;-0.06123919412;9
29.72872786;-3.192025423;0.2727817893;10.96391296;29.73672119;-0.2218966335;-0.2512181401;-0.05635227636;9
29.73082968;-3.177668571;0.1770688742;11.02612686;29.73882302;-0.215787977;-0.2646571696;-0.05513054505;9
29.73293151;-3.163311481;0.1196411327;11.05962658;29.74092484;-0.2047924101;-0.2744309902;-0.05757400393;9
29.73503333;-3.115455151;0.04307080805;11.13619614;29.74302666;-0.1937968582;-0.2866483033;-0.06001746282;9
29.73713515;-3.048455954;-0.0143569354;11.22712421;29.74512848;-0.1803578287;-0.2927569449;-0.06490438432;9
29.73923697;-2.971885681;-0.07178468257;11.27976608;29.74723031;-0.165697068;-0.2988655865;-0.07223475724;9
29.7413388;-2.919243574;-0.1339980662;11.34676456;29.74933213;-0.1473711282;-0.3013090491;-0.08078686893;9
29.74344062;-2.861815929;-0.2249253243;11.413764;29.75143395;-0.1266017258;-0.3000873327;-0.08933897316;9
29.74554244;-2.833101988;-0.2679961324;11.46162033;29.75353578;-0.1033888608;-0.2964221239;-0.10033454;9
29.74764426;-2.818745136;-0.3397808075;11.49990559;29.75563765;-0.07895427197;-0.2903134823;-0.1052214578;9
29.74974609;-2.799602509;-0.3732803464;11.5334053;29.75773942;-0.05451968312;-0.281761378;-0.1125518382;9
29.75184791;-2.799602509;-0.4163511395;11.55254745;29.7598413;-0.03130681813;-0.2695440948;-0.1149952933;9
29.75394973;-2.833101988;-0.4259224236;11.55733299;29.76194312;-0.00565049937;-0.2609919906;-0.1149952933;9
29.75605161;-2.880958557;-0.4546363056;11.5764761;29.76404494;0.02000582218;-0.2475529462;-0.1113301069;9
29.75815338;-2.947957516;-0.4354937077;11.52861977;29.76614677;0.04321868345;-0.2328922004;-0.1076649204;9
29.76025526;-3.029313564;-0.4163511395;11.49990559;29.76824859;0.06398808211;-0.2145662606;-0.10033454;9
29.76235708;-3.096312523;-0.3876372576;11.44247818;29.77035041;0.08720094711;-0.1925751269;-0.09178243577;9
29.7644589;-3.168097258;-0.3589234054;11.36590767;29.77245223;0.1091920808;-0.1681405306;-0.08323032409;9
29.76656072;-3.196810961;-0.3349951804;11.28455162;29.77455406;0.1262962967;-0.142484203;-0.07345648855;9
29.76866255;-3.215953588;-0.3062812984;11.18883896;29.77665588;0.1434005052;-0.115606159;-0.06612611562;9
29.77076437;-3.220739365;-0.2727817893;11.06441212;29.7787577;0.1592829973;-0.08750637621;-0.05757400393;9
29.77286619;-3.192025423;-0.2584248483;10.96391296;29.78085953;0.1727220118;-0.05696314201;-0.0490218997;9
29.77496802;-3.177668571;-0.2249253243;10.8682003;29.78296135;0.1861610413;-0.02641990222;-0.04169152305;9
29.77706984;-3.129812002;-0.1962114573;10.75813103;29.78506317;0.1971566081;0.0004581485991;-0.03558287397;9
29.77917166;-3.096312523;-0.1962114573;10.65763187;29.78716505;0.2093739063;0.02489273995;-0.02825249545;9
29.78127348;-3.062813044;-0.1722832322;10.57627583;29.78926682;0.2179260105;0.04688387364;-0.0209221188;9
29.78337531;-3.029313564;-0.1531406492;10.46620655;29.79136869;0.2289215773;0.07009673119;-0.01481347065;9
29.78547713;-3.00538516;-0.1148554832;10.37527943;29.79347052;0.2362519503;0.08842267841;-0.009926552884;9
29.787579;-2.976671457;-0.1004985496;10.28435135;29.79557234;0.2411388755;0.1030834317;-0.003817904973;9
29.78968078;-2.947957516;-0.0765703246;10.17428207;29.79767416;0.2435823381;0.1165224537;0.001069013379;9
29.79178265;-2.92402935;-0.07178468257;10.06899738;29.79977598;0.2460257858;0.127518028;0.004734201822;9
29.79388447;-2.904886723;-0.0765703246;9.934999466;29.80187781;0.2435823381;0.1397353113;0.005955931731;9
29.7959863;-2.866601467;-0.1052841991;9.824930191;29.80397963;0.2399171442;0.1531743407;0.007177661173;9
29.79808812;-2.866601467;-0.08614161611;9.69093132;29.80608145;0.2338084877;0.161726445;0.008399390616;9
29.80018994;-2.857030153;-0.0765703246;9.547362328;29.80818328;0.2264781147;0.1702785641;0.0108428495;9
29.80229177;-2.842673302;-0.04785645381;9.44207859;29.8102851;0.2154825479;0.177608937;0.01328630932;9
29.80439359;-2.852244616;-0.009571290575;9.36550808;29.81238692;0.204486981;0.18493931;0.01817322709;9
29.80649541;-2.876172781;0.0143569354;9.293723106;29.81448874;0.1934914142;0.1861610413;0.02306014486;9
29.80859723;-2.904886723;0.05742774159;9.226723671;29.81659057;0.181274116;0.1886045039;0.02672533318;9
29.81069906;-2.95752883;0.09571290761;9.169296265;29.81869239;0.1715002805;0.1861610413;0.03039052337;9
29.81280088;-2.976671457;0.1339980662;9.126225471;29.82079427;0.1568395346;0.181274116;0.03527744114;9
29.8149027;-2.995813847;0.1914258152;9.116654396;29.82289609;0.1446222365;0.1727220118;0.04016435891;9
29.81700453;-3.010170937;0.2392822653;9.126225471;29.82499786;0.1299614757;0.1653916389;0.04749473557;9
29.81910635;-3.010170937;0.3062812984;9.116654396;29.82709973;0.1189659163;0.1531743407;0.05360338464;9
29.82120822;-3.01974225;0.3349951804;9.111868858;29.82920156;0.1067486182;0.1421787739;0.05849030241;9
29.82331005;-3.081955671;0.3732803464;9.131011009;29.83130338;0.09697478265;0.1324049383;0.06948586553;9
29.82541182;-3.115455151;0.4019941986;9.140582085;29.8334052;0.0847574845;0.1238528341;0.07925970852;9
29.82751369;-3.187239647;0.4450650215;9.164510727;29.83550703;0.07498364896;0.1153007299;0.09025526792;9
29.82961552;-3.263810158;0.4594219327;9.198010445;29.83760885;0.07131846249;0.1067486182;0.1000291109;9
29.83171734;-3.311666489;0.4929214716;9.255437851;29.83971067;0.06643154472;0.09575305134;0.1122464016;9
29.83381916;-3.34038043;0.5216353536;9.346364975;29.84181249;0.06398808211;0.08720094711;0.1232419685;9
29.83592098;-3.359523058;0.5551348329;9.41336441;29.84391437;0.06643154472;0.07864884287;0.1354592592;9
29.83802281;-3.364308596;0.5742774606;9.494720459;29.84601614;0.07009673119;0.06765327603;0.1476765573;9
29.84012463;-3.345165968;0.5982056856;9.561718941;29.84811796;0.07498364896;0.05665770918;0.1574503928;9
29.84222645;-3.330809116;0.6125625968;9.647860527;29.85021984;0.08353576064;0.04566214234;0.1684459597;9
29.84432833;-3.302095175;0.6077769399;9.743574142;29.85232161;0.09086613357;0.04199695215;0.1782197952;9
29.8464301;-3.249453068;0.6221339107;9.805787086;29.85442348;0.1006399691;0.04199695215;0.1867718995;9
29.84853192;-3.201596737;0.6077769399;9.844072342;29.85652531;0.1091920808;0.04444041103;0.1941022873;9
29.8506338;-3.144168854;0.5982056856;9.858428955;29.85862713;0.117744185;0.05299251899;0.2002109289;9
29.85273557;-3.086741209;0.5599204898;9.891928673;29.86072895;0.127518028;0.06276635826;0.2075413018;9
29.85483744;-3.024527788;0.5024927258;9.887143135;29.86283078;0.1385135949;0.07987056673;0.2124282271;9
29.85693926;-2.967100143;0.4785645306;9.915857315;29.8649326;0.1495091617;0.09941824526;0.216093421;9
29.85904109;-2.928814888;0.4354937077;9.925428391;29.86703442;0.1641699076;0.1201876476;0.2209803313;9
29.86114291;-2.880958557;0.4211367965;9.944570541;29.8691363;0.1751654744;0.1421787739;0.2270889878;9
29.86324473;-2.837887764;0.4115654826;9.978070259;29.87123807;0.1910479665;0.1605047137;0.2319758981;9
29.86534656;-2.785245657;0.3972085714;9.997213364;29.87333994;0.2057087123;0.1800523996;0.2405280024;9
29.86744838;-2.727817774;0.3876372576;10.06421185;29.87544171;0.2240346521;0.1996000707;0.2466366589;9
29.86955026;-2.679961443;0.3924229145;10.11206818;29.87754359;0.2399171442;0.2203694731;0.2527453005;9
29.87165203;-2.665604353;0.3780659735;10.15513897;29.87964536;0.2570213675;0.2423606068;0.2576322258;9
29.8737539;-2.627319336;0.3684946895;10.18385315;29.88174723;0.2765690386;0.2631300092;0.262519151;9
29.87585567;-2.569891453;0.3541377485;10.2029953;29.88384906;0.2961167097;0.2851211429;0.269849509;9
29.87795755;-2.52682066;0.3684946895;10.21735287;29.88595088;0.3144426346;0.3058905303;0.2735147178;9
29.88005932;-2.483749866;0.3684946895;10.23170948;29.8880527;0.3339903057;0.327881664;0.2784016132;9
29.88216119;-2.431107759;0.3684946895;10.23170948;29.89015453;0.3498727977;0.3486510813;0.2832885385;9
29.88426302;-2.392822742;0.3828516304;10.19820976;29.89225635;0.3645335436;0.3694204688;0.2881754637;9
29.88636484;-2.373680115;0.3828516304;10.13121128;29.89435817;0.3816377819;0.3914116025;0.2918406427;9
29.88846666;-2.354537487;0.3876372576;10.07856941;29.89645999;0.3914116025;0.4072940946;0.2979492843;9
29.89056848;-2.335394859;0.3828516304;10.01156998;29.89856182;0.3999637067;0.4268417656;0.3052796721;9
29.89267031;-2.344966173;0.4019941986;9.882357597;29.90066364;0.404850632;0.4427242577;0.3113883138;9
29.89477213;-2.378465652;0.4259224236;9.753145218;29.90276552;0.4097375572;0.4573850036;0.3211621642;9
29.89687395;-2.392822742;0.4354937077;9.614361763;29.90486734;0.4109592736;0.470824033;0.3284925222;9
29.89897578;-2.426322222;0.4402793646;9.480362892;29.90696916;0.4097375572;0.4854847789;0.3346011937;9
29.9010776;-2.445464849;0.4833501875;9.341579437;29.90907098;0.4024071693;0.4952586293;0.3443750143;9
29.90317947;-2.455035925;0.4977070987;9.217152596;29.91117281;0.3926333487;0.5025889874;0.3565923274;9
29.9052813;-2.483749866;0.5264210105;9.068798065;29.91327463;0.3816377819;0.5111411214;0.370031327;9
29.90738312;-2.507678032;0.5599204898;8.939585686;29.91537645;0.3681987524;0.5160280466;0.3871355653;9
29.90948494;-2.550748825;0.6125625968;8.781659126;29.91747828;0.3462076187;0.5184714794;0.4054614902;9
29.91158677;-2.608176708;0.6604190469;8.628518105;29.9195801;0.3254382014;0.5148062706;0.4262309074;9
29.91368859;-2.684746981;0.7178468108;8.48973465;29.92168192;0.3010036349;0.508697629;0.4470002949;9
29.91579041;-2.761317253;0.760917604;8.365307808;29.92378374;0.2753472924;0.5050324798;0.4689914286;9
29.91789223;-2.81395936;0.7657032609;8.264809608;29.92588557;0.2472475171;0.4977020919;0.4885390997;9
29.91999406;-2.852244616;0.7704889178;8.169096947;29.92798739;0.2167042792;0.4891499579;0.5080868006;9
29.92209588;-2.852244616;0.8039883971;8.073383331;29.93008921;0.1886045039;0.4720457494;0.5276344419;9
29.9241977;-2.818745136;0.784845829;8.044670105;29.93219109;0.1592829973;0.45860672;0.5459604263;9
29.92629953;-2.742174864;0.8039883971;8.044670105;29.93429291;0.1336266696;0.4451677203;0.5630646348;9
29.92840135;-2.646461725;0.813559711;8.08295536;29.93639473;0.1091920808;0.4292852283;0.5789470673;9
29.93050317;-2.560320139;0.8039883971;8.149953842;29.93849656;0.0859792158;0.408515811;0.5911644101;9
29.93260505;-2.483749866;0.760917604;8.240880966;29.94059838;0.06398808211;0.3901898861;0.600938201;9
29.93470687;-2.359323025;0.7226324677;8.327022552;29.9427002;0.04932733253;0.3669770062;0.609490335;9
29.93680869;-2.215753794;0.679561615;8.451449394;29.94480203;0.03466657549;0.3437641561;0.6143772602;9
29.93891052;-2.096112728;0.6125625968;8.571090698;29.94690385;0.02611446939;0.3181078434;0.6192641854;9
29.94101234;-1.971685886;0.5407779217;8.69551754;29.94900567;0.01878409274;0.2936732471;0.618042469;9
29.94311416;-1.799402595;0.4642075896;8.848658562;29.95110749;0.01511890348;0.2667951882;0.616820693;9
29.94521598;-1.64626193;0.3637090325;8.963513374;29.95320932;0.0126754446;0.2423606068;0.6119337678;9
29.94731781;-1.497906923;0.3014956415;9.078369141;29.95531114;0.01389717404;0.2179260105;0.6070469022;9
29.94941963;-1.335195065;0.2297109663;9.17886734;29.95741296;0.01389717404;0.1934914142;0.5984947681;9
29.95152145;-1.210768223;0.1531406492;9.284152031;29.95951479;0.01634063199;0.1739437431;0.5899426341;9
29.95362328;-1.076770186;0.06699903309;9.351150513;29.96161666;0.02367101051;0.154396072;0.5789470673;9
29.9557251;-0.9475577474;0.0239282269;9.461220741;29.96371848;0.02855792828;0.1409570426;0.5691732764;9
29.95782692;-0.837487936;0.0;9.51386261;29.96582031;0.03833176568;0.1262962967;0.5569559336;9
29.95992874;-0.7465606928;-0.009571290575;9.609575272;29.96792213;0.04932733253;0.1153007299;0.5459604263;9
29.96203062;-0.650847733;-0.02871387079;9.686145782;29.97002395;0.05665770918;0.1091920808;0.5349648595;9
29.96413244;-0.5503492355;-0.06221338734;9.757930756;29.97212578;0.07009673119;0.104305163;0.5215258002;9
29.96623426;-0.4594219327;-0.08614161611;9.801001549;29.97422765;0.0847574845;0.104305163;0.5117519498;9
29.96833609;-0.3684946895;-0.0765703246;9.8201437;29.97632942;0.1018617004;0.1079703495;0.5007563829;9
29.97043791;-0.2871387303;-0.06699903309;9.829715729;29.97843124;0.1189659163;0.1140789986;0.4897608459;9
29.97253973;-0.2297109663;-0.04307080805;9.858428955;29.98053312;0.134848401;0.1250745654;0.4799869955;9
29.97464161;-0.1674975902;-0.0239282269;9.853643417;29.98263494;0.1507308781;0.1336266696;0.4702131748;9
29.97674338;-0.1148554832;-0.009571290575;9.805787086;29.98473676;0.1641699076;0.1470656991;0.459217608;9
29.9788452;-0.0765703246;-0.004785645287;9.777072906;29.98683859;0.1751654744;0.1653916389;0.4506655037;9
29.98094708;-0.03349951655;-0.0239282269;9.710074425;29.98894041;0.1910479665;0.1886045039;0.4457785785;9
29.9830489;-0.02871387079;-0.0382851623;9.633503914;29.99104223;0.1996000707;0.2130390853;0.4421133697;9
29.98515072;-0.009571290575;-0.01914258115;9.547362328;29.99314406;0.2130390853;0.2399171442;0.4408916533;9
29.98725255;-0.0143569354;-0.0143569354;9.466006279;29.99524588;0.2252563834;0.2716821134;0.4396699369;9
29.98935437;-0.0143569354;0.01914258115;9.403793335;29.9973477;0.235030219;0.3058905303;0.4347830117;9
29.99145619;0.009571290575;0.0382851623;9.360722542;29.99944953;0.2460257858;0.3413206935;0.4323395491;9
29.99355802;0.04785645381;0.07178468257;9.284152031;30.00155135;0.2570213675;0.3865246773;0.4274526238;9
29.99565984;0.1244267747;0.06699903309;9.226723671;30.00365322;0.261908263;0.4305069447;0.4262309074;9
29.99776166;0.1818545163;0.07178468257;9.154939651;30.00575499;0.2704603672;0.4757109582;0.4286743701;9
29.99986348;0.2344966233;0.1148554832;9.102297783;30.00785682;0.2753472924;0.5160280466;0.4347830117;9
30.00196531;0.2536391914;0.1914258152;9.064012527;30.00995864;0.2790125012;0.5636754632;0.4396699369;9
30.00406718;0.2536391914;0.3062812984;8.997013092;30.01206052;0.2802342176;0.608879447;0.4457785785;9
30.00616895;0.2297109663;0.4067798555;8.930013657;30.01416328;0.2790125012;0.6565269232;0.4543306828;9
30.00827078;0.2153540403;0.4929214716;8.848658562;30.01626416;0.2790125012;0.6980656981;0.4653262496;9
30.0103726;0.2153540403;0.5455635786;8.796015739;30.01836598;0.277790755;0.7347176075;0.4751000702;9
30.01247447;0.1818545163;0.5742774606;8.743373871;30.02046781;0.2753472924;0.7689260244;0.4848739207;9
30.01457723;0.1674975902;0.6029912829;8.738588333;30.02256963;0.2704603672;0.7994692922;0.4934260249;9
30.01667812;0.1770688742;0.6077769399;8.714659691;30.02467145;0.2643517256;0.8324559927;0.501978159;9
30.01877994;0.2009970993;0.6125625968;8.69551754;30.02677328;0.2545779049;0.8581122756;0.5056433082;9
30.02088177;0.2344966233;0.5886343718;8.657232285;30.0288751;0.2484692484;0.8776599765;0.509308517;9
30.02298359;0.2679961324;0.5312066078;8.633303642;30.03097692;0.2386954129;0.8910989761;0.5105302334;9
30.02508541;0.3349951804;0.5264210105;8.642875671;30.0330788;0.2289215773;0.9057597518;0.509308517;9
30.02718723;0.4019941986;0.4881358147;8.638090134;30.03518062;0.2191477418;0.9204205275;0.5080868006;9
30.02928906;0.4929214716;0.4737788737;8.676374435;30.03728244;0.2057087123;0.9301943183;0.5044215918;9
30.03139088;0.5647061467;0.4402793646;8.604590416;30.03938427;0.1947131455;0.9387464523;0.5007563829;9
30.03349276;0.6221339107;0.4354937077;8.575876236;30.04148609;0.1800523996;0.944855094;0.4983129501;9
30.03559458;0.650847733;0.4211367965;8.547162056;30.04358791;0.1629481763;0.9485203028;0.4909825623;9
30.0376964;0.6987041831;0.3876372576;8.556734085;30.04568973;0.1470656991;0.9570723772;0.4836521745;9
30.03979822;0.7417750359;0.3589234054;8.561519623;30.04779156;0.127518028;0.9644027948;0.4738783538;9
30.04190005;0.8183453679;0.3014956415;8.547162056;30.04989338;0.1104138121;0.9656245112;0.462882787;9
30.04400187;0.8709874153;0.2727817893;8.547162056;30.0519952;0.09697478265;0.968067944;0.4482220411;9
30.04610369;0.9332008362;0.2153540403;8.590232849;30.05409703;0.08353576064;0.9656245112;0.4335612655;9
30.04820552;1.009771109;0.1722832322;8.647661209;30.0561989;0.06887500733;0.9692896605;0.4176788032;9
30.05030734;1.100698471;0.1722832322;8.714659691;30.05830072;0.05665770918;0.968067944;0.4030180275;9
30.05240916;1.1820544;0.1818545163;8.757730484;30.06040255;0.04566214234;0.9644027948;0.3883572817;9
30.05451098;1.225125194;0.1866401732;8.786444664;30.06250437;0.03466657549;0.9472985864;0.3724747896;9
30.05661286;1.268195987;0.1962114573;8.824729919;30.06460614;0.02367101051;0.9265291691;0.3590357602;9
30.05871468;1.258624673;0.1914258152;8.87258625;30.06670802;0.0126754446;0.910646677;0.3455967605;9
30.06081651;1.234696507;0.1483550072;9.087940216;30.06880984;0.002901607659;0.902094543;0.3370446563;9
30.06291833;1.177268744;0.1292124242;9.260223389;30.07091166;-0.004428769462;0.8910989761;0.3297142684;9
30.0650201;1.048056364;0.1148554832;9.298508644;30.07301348;-0.01298087649;0.8752164841;0.3297142684;9
30.06712197;0.8853443861;0.1531406492;9.346364975;30.07511531;-0.0190895237;0.85322541;0.3321577311;9
30.0692238;0.6987041831;0.2057827413;9.437292099;30.07721713;-0.02519817278;0.8287907839;0.3370446563;9
30.07132562;0.5216353536;0.2488535494;9.547362328;30.07931895;-0.02641990222;0.7994692922;0.3419315517;9
30.07342744;0.3637090325;0.3014956415;9.662218094;30.08142078;-0.02764163166;0.7713695168;0.3504836559;9
30.07552926;0.2584248483;0.3397808075;9.796216011;30.08352265;-0.02397644334;0.7481566668;0.3590357602;9
30.07763109;0.2057827413;0.3637090325;9.915857315;30.08562447;-0.02031125315;0.7163916826;0.3675878942;9
30.07973291;0.1579262912;0.3589234054;9.978070259;30.0877263;-0.01542433538;0.6711876988;0.3761399984;9
30.08183473;0.06221338734;0.3541377485;10.04506969;30.08982812;-0.009315688163;0.6308705807;0.3859138191;9
30.08393661;0.07178468257;0.3589234054;10.21735287;30.09192994;0.0004581485991;0.601549089;0.3969093859;9
30.08603843;0.0765703246;0.3493520916;10.40399265;30.09403176;0.007788525894;0.5734493136;0.409126699;9
30.08814026;0.06221338734;0.3589234054;10.4279213;30.09613359;0.0175623633;0.55145818;0.4250091612;9
30.09024208;0.03349951655;0.3972085714;10.47577763;30.09823541;0.02489273995;0.5282453299;0.4408916533;9
30.0923439;-0.03349951655;0.4307080805;10.48056316;30.10033723;0.03222311661;0.5038107038;0.4555523992;9
30.09444572;-0.1148554832;0.4498506486;10.52841949;30.10243906;0.03711003438;0.4830413163;0.4726566374;9
30.09654755;-0.1866401732;0.4737788737;10.52363396;30.10454093;0.04077522457;0.4634936452;0.4848739207;9
30.09864937;-0.1962114573;0.4881358147;10.52363396;30.10664276;0.04444041103;0.4427242577;0.4995346665;9
30.10075119;-0.1818545163;0.5120640397;10.51884842;30.10874453;0.04321868345;0.4158461988;0.5117519498;9
30.10285302;-0.1483550072;0.5168496966;10.49970531;30.1108464;0.04199695215;0.3816377819;0.5227475166;9
30.10495489;-0.1196411327;0.5072783828;10.41835022;30.11294822;0.03955349326;0.3510945439;0.5337430835;9
30.10705671;-0.1004985496;0.4450650215;10.39920712;30.11505005;0.03955349326;0.3291034102;0.5435169339;9
30.10915848;-0.009571290575;0.3876372576;10.44706345;30.11715187;0.03466657549;0.3132209182;0.552069068;9
30.11126036;0.05264209956;0.3445664644;10.44706345;30.11925369;0.03466657549;0.2985601723;0.559399426;9
30.11336218;0.09571290761;0.3158525825;10.45663452;30.12135552;0.03222311661;0.2838993967;0.5679515004;9
30.11546401;0.1531406492;0.3062812984;10.50449181;30.12345734;0.03100138716;0.2680169344;0.575281918;9
30.11756583;0.2105683982;0.3445664644;10.52363396;30.12555921;0.0358883068;0.2557996213;0.5838339925;9
30.11966765;0.2871387303;0.4115654826;10.57627583;30.12766098;0.03955349326;0.2423606068;0.5887209177;9
30.12176947;0.3589234054;0.5024927258;10.60020447;30.12976281;0.04688387364;0.2252563834;0.5972730517;9
30.1238713;0.4402793646;0.5551348329;10.62413216;30.13186463;0.0542142503;0.2093739063;0.6033816934;9
30.12597317;0.5072783828;0.5886343718;10.64327526;30.13396651;0.06154462695;0.1947131455;0.609490335;9
30.12807494;0.6125625968;0.5982056856;10.65763187;30.13606828;0.07009673119;0.181274116;0.616820693;9
30.13017676;0.6891329288;0.5886343718;10.68156052;30.13817015;0.07620538026;0.1751654744;0.6217076182;9
30.13227859;0.756131947;0.5503492355;10.64327526;30.14027197;0.08353576064;0.1666133702;0.6265945435;9
30.13438046;0.8470591903;0.5312066078;10.60499001;30.1423738;0.08842267841;0.1641699076;0.6339249015;9
30.13648223;0.890130043;0.5264210105;10.56670475;30.14447562;0.09330959618;0.161726445;0.6424770355;9
30.13858411;0.9523434043;0.5359922647;10.50927734;30.14657744;0.09330959618;0.1653916389;0.65102911;9
30.14068593;0.9906286001;0.5790630579;10.40399265;30.14867927;0.09208786488;0.1739437431;0.659581244;9
30.14278776;1.024128079;0.6460621357;10.30349445;30.15078109;0.08964440972;0.181274116;0.6705768108;9
30.14488958;1.048056364;0.70348984;10.19820976;30.15288291;0.0847574845;0.1934914142;0.6815723777;9
30.1469914;1.057627559;0.7369893789;10.08335495;30.15498479;0.07742711157;0.2081521749;0.6901245117;9
30.14909322;1.062413216;0.7704889178;9.982855797;30.15708661;0.07009673119;0.2301433086;0.7011200786;9
30.15119505;1.105484009;0.7800601721;9.911071777;30.15918843;0.06276635826;0.2545779049;0.7145590782;9
30.15329687;1.148554921;0.7944171429;9.805787086;30.1612902;0.05543597788;0.274125576;0.7279980779;9
30.15539874;1.153340459;0.784845829;9.734002113;30.16339208;0.04810560122;0.2875646055;0.7414371371;9
30.15750057;1.138983607;0.784845829;9.7196455;30.1654939;0.04199695215;0.3010036349;0.7548761368;9
30.15960239;1.162911773;0.813559711;9.700503349;30.16759572;0.03222311661;0.3095557392;0.76709342;9
30.16170416;1.196411371;0.866201818;9.681360245;30.16969755;0.02611446939;0.3144426346;0.7780889869;9
30.16380604;1.244267821;0.9092726111;9.628718376;30.17179937;0.01511890348;0.320551306;0.7903063297;9
30.16590786;1.277767301;0.9571290612;9.609575272;30.17390119;0.002901607659;0.320551306;0.8000801206;9
30.16800968;1.301695466;0.9619147182;9.609575272;30.17600302;-0.01053741761;0.320551306;0.809853971;9
30.1701115;1.320838094;0.9475577474;9.600004196;30.17810484;-0.02519817278;0.3181078434;0.818406105;9
30.17221333;1.349551916;0.9044869542;9.600004196;30.18020666;-0.03985892609;0.3144426346;0.8245147467;9
30.17431515;1.378265858;0.8757730722;9.576076508;30.18230854;-0.05451968312;0.3046688139;0.8306233883;9
30.17641697;1.392622828;0.8231309652;9.595218658;30.18441031;-0.07040216774;0.2961167097;0.8379537463;9
30.1785188;1.421336651;0.7896314859;9.614361763;30.18651218;-0.08261945844;0.2790125012;0.8403972387;9
30.18062062;1.483550072;0.756131947;9.652647018;30.188614;-0.09850194305;0.261908263;0.8403972387;9
30.18272249;1.555334687;0.6843472719;9.700503349;30.19071583;-0.1107192412;0.2386954129;0.8403972387;9
30.18482427;1.617548108;0.6221339107;9.738788605;30.19281765;-0.1229365394;0.2105956376;0.8379537463;9
30.18692614;1.679761529;0.5407779217;9.786644936;30.19491947;-0.1363755614;0.1800523996;0.8330668211;9
30.18902796;1.765903115;0.4785645306;9.872786522;30.1970213;-0.1498145908;0.1495091617;0.8269581795;9
30.19112979;1.832902193;0.4019941986;9.944570541;30.19912312;-0.162031889;0.1104138121;0.8196278214;9
30.19323161;1.914258122;0.3637090325;9.982855797;30.20122494;-0.1742491722;0.0737619251;0.8110756874;9
30.19533343;1.990828395;0.3014956415;10.02592659;30.20332677;-0.1852447391;0.03344484791;0.8000801206;9
30.19743526;2.081755638;0.2392822653;10.11685371;30.20542859;-0.1986837685;-0.01053741761;0.7915280461;9
30.19953708;2.143969059;0.1866401732;10.16949654;30.20753046;-0.2072358727;-0.0557414107;0.7793107629;9
30.2016389;2.191825628;0.1387837082;10.21735287;30.20963229;-0.2182314396;-0.102167137;0.768315196;9
30.20374072;2.258824587;0.1196411327;10.29392338;30.21173473;-0.2280052751;-0.1473711282;0.7548761368;9
30.20584255;2.321038008;0.09092725813;10.31306553;30.21383593;-0.235335663;-0.1925751269;0.7414371371;9
30.20794442;2.407179594;0.04785645381;10.3226366;30.21593776;-0.2402225733;-0.2402225733;0.7255546451;9
30.21004624;2.488535643;0.009571290575;10.37527943;30.21803958;-0.2438877672;-0.2866483033;0.7108938694;9
30.21214869;2.574677229;0.01914258115;10.40877819;30.2201414;-0.2475529462;-0.328187108;0.6974548697;9
30.21424989;2.670390129;0.0;10.46142101;30.22224322;-0.2512181401;-0.3636172712;0.6827940941;9
30.21635171;2.737389088;-0.0239282269;10.49013424;30.22434505;-0.2524398565;-0.3978256881;0.668133378;9
30.21845354;2.770888567;-0.0382851623;10.48056316;30.22644687;-0.2548833191;-0.4308123887;0.6534726024;9
30.22055536;2.804388046;-0.0382851623;10.49491978;30.22854869;-0.2548833191;-0.4564687014;0.6388118267;9
30.22265718;2.871387243;-0.0239282269;10.49013424;30.23065057;-0.2536616027;-0.4711294472;0.6217076182;9
30.22475901;2.938386202;-0.02871387079;10.51406288;30.23275239;-0.2487746775;-0.4772381186;0.6046034098;9
30.22686083;3.010170937;-0.04785645381;10.49013424;30.23485421;-0.2402225733;-0.4809032977;0.5887209177;9
30.22896265;3.05324173;-0.06221338734;10.49970531;30.23695604;-0.2341139317;-0.4735729098;0.5703949928;9
30.23106453;3.115455151;-0.0765703246;10.55713367;30.23905786;-0.2218966335;-0.4564687014;0.5496255755;9
30.23316635;3.201596737;-0.06221338734;10.61456108;30.24115968;-0.2060141414;-0.4320341051;0.5300779343;9
30.23526817;3.306880951;-0.04307080805;10.62413216;30.24326151;-0.1876882017;-0.4014908671;0.5117519498;9
30.23736999;3.402593851;-0.0239282269;10.66241741;30.24536333;-0.1669187993;-0.362395525;0.4934260249;9
30.23947182;3.455235958;-0.01914258115;10.69113159;30.24746515;-0.1437059343;-0.3196350038;0.4775435328;9
30.24157364;3.46959281;-0.0239282269;10.70070267;30.24956703;-0.1192713454;-0.2744309902;0.459217608;9
30.24367546;3.460021496;-0.004785645287;10.73420238;30.25166885;-0.09361502528;-0.2231183648;0.4457785785;9
30.24577729;3.416950703;-0.0143569354;10.78684425;30.25377062;-0.06918043643;-0.165697068;0.4335612655;9
30.24787911;3.349951744;-0.04785645381;10.74377346;30.25587249;-0.04474584386;-0.1107192412;0.4225656986;9
30.24998098;3.278167009;-0.06221338734;10.748559;30.25797432;-0.01542433538;-0.05329795182;0.4115701318;9
30.25208281;3.201596737;-0.07178468257;10.77727318;30.26007614;0.0126754446;0.002901607659;0.4017963111;9
30.25418458;3.153740168;-0.06221338734;10.77248764;30.26217791;0.04077522457;0.05665770918;0.3932442069;9
30.25628645;3.091526747;-0.05264209956;10.79162979;30.26427979;0.07131846249;0.104305163;0.3834703565;9
30.25838828;3.034099102;-0.0239282269;10.82034397;30.26638161;0.09941824526;0.1409570426;0.3724747896;9
30.2604901;3.01974225;0.0;10.82991505;30.26848343;0.1250745654;0.1666133702;0.3590357602;9
30.26259187;2.991028309;0.0382851623;10.82034397;30.27058526;0.1519526094;0.1922696829;0.3492619395;9
30.26469374;2.94317174;0.06699903309;10.8682003;30.27268708;0.177608937;0.2142608166;0.3382663727;9
30.26679557;2.962314367;0.1292124242;10.87777138;30.27478895;0.1983783394;0.2289215773;0.3284925222;9
30.26889739;2.962314367;0.1674975902;10.80598736;30.27689078;0.2118173689;0.2338084877;0.3187187016;9
30.27099921;2.94317174;0.2488535494;10.69591713;30.2789926;0.2179260105;0.2301433086;0.3065013885;9
30.27310104;2.857030153;0.3397808075;10.56670475;30.28109442;0.2203694731;0.2264781147;0.2991710305;9
30.27520291;2.780459881;0.4211367965;10.43749237;30.28319624;0.2179260105;0.2179260105;0.2906189263;9
30.27730473;2.665604353;0.4642075896;10.26999474;30.28529807;0.2105956376;0.2069304436;0.2845102847;9
30.27940656;2.550748825;0.5120640397;10.04985523;30.28739989;0.1959348768;0.1898262352;0.2796233594;9
30.28150838;2.435893536;0.5838487148;9.858428955;30.28950171;0.177608937;0.1727220118;0.2735147178;9
30.2836102;2.321038008;0.6125625968;9.676574707;30.29160354;0.1568395346;0.1470656991;0.269849509;9
30.28571203;2.210968018;0.6699903607;9.533005714;30.29370536;0.1336266696;0.117744185;0.2637408674;9
30.28781385;2.120040894;0.6843472719;9.408578873;30.29580718;0.1067486182;0.08842267841;0.2600756884;9
30.28991567;2.057827473;0.679561615;9.255437851;30.297909;0.07620538026;0.05665770918;0.2551887631;9
30.29201749;1.990828395;0.7274180651;9.111868858;30.30001088;0.04810560122;0.02244928107;0.2515235841;9
30.29411932;1.962114573;0.7465606928;9.016156197;30.3021127;0.02000582218;-0.01053741761;0.2466366589;9
30.29622114;1.919043779;0.756131947;8.934800148;30.30421447;-0.008093958721;-0.04596757516;0.2417497337;9
30.29832296;1.895115495;0.7896314859;8.863015175;30.30631635;-0.03252854943;-0.07651081681;0.2368628234;9
30.30042484;1.890329838;0.837487936;8.805587769;30.30841817;-0.06062832847;-0.1058323234;0.2307541668;9
30.30252666;1.880758643;0.866201818;8.786444664;30.31051999;-0.08750637621;-0.1327103674;0.2258672565;9
30.30462843;1.880758643;0.8853443861;8.748159409;30.31262182;-0.1131627038;-0.1534797698;0.2197586;9
30.30673031;1.880758643;0.8949156404;8.733802795;30.31472364;-0.1363755614;-0.1681405306;0.216093421;9
30.30883213;1.847259045;0.8949156404;8.748159409;30.31682546;-0.158366695;-0.188909933;0.2124282271;9
30.31093395;1.804188251;0.9044869542;8.772088051;30.31892729;-0.1766926348;-0.2011272311;0.2087630332;9
30.31303578;1.732403636;0.890130043;8.858229637;30.32102916;-0.1937968582;-0.2145662606;0.2050978541;9
30.3151376;1.655833244;0.8709874153;8.920442581;30.32313093;-0.2060141414;-0.2280052751;0.2014326602;9
30.31723942;1.607976794;0.866201818;9.011369705;30.32523281;-0.2170097083;-0.239000842;0.2002109289;9
30.31934124;1.564906001;0.8279166222;9.140582085;30.32733463;-0.2267835438;-0.2499964088;0.2014326602;9
30.32144312;1.536192179;0.8087740541;9.231510162;30.32943645;-0.2267835438;-0.258548528;0.2026543915;9
30.32354489;1.473978758;0.7944171429;9.36550808;30.33153828;-0.2292270064;-0.265878886;0.2038761228;9
30.32564677;1.411765337;0.7992027402;9.499505997;30.3336401;-0.2231183648;-0.265878886;0.2038761228;9
30.32774859;1.363908887;0.7800601721;9.614361763;30.33574192;-0.2182314396;-0.2609919906;0.2063195854;9
30.32985041;1.316052437;0.7800601721;9.734002113;30.33784374;-0.2084576041;-0.2548833191;0.2099847645;9
30.33195223;1.287338614;0.7896314859;9.84885788;30.33994557;-0.1986837685;-0.2438877672;0.2124282271;9
30.33405406;1.249053478;0.784845829;9.958928108;30.34204744;-0.1840230078;-0.2255618125;0.2136499584;9
30.33615588;1.234696507;0.7704889178;10.06421185;30.34414921;-0.1718057245;-0.2096793354;0.2148716897;9
30.3382577;1.26341033;0.784845829;10.15992451;30.34625109;-0.1534797698;-0.1901316643;0.2173151523;9
30.34035953;1.258624673;0.760917604;10.26999474;30.34835291;-0.1327103674;-0.1705839932;0.2185368687;9
30.3424614;1.292124271;0.756131947;10.35135078;30.35045473;-0.1119409725;-0.1510363221;0.2173151523;9
30.34456317;1.316052437;0.7465606928;10.46142101;30.35255656;-0.08994983882;-0.131488651;0.2173151523;9
30.34666505;1.339980721;0.760917604;10.51406288;30.35465838;-0.06918043643;-0.1131627038;0.2173151523;9
30.34876687;1.378265858;0.7130611539;10.55713367;30.3567602;-0.04718930274;-0.09483675659;0.2173151523;9
30.35086869;1.416550994;0.70348984;10.56191921;30.35886203;-0.02886336111;-0.08139773458;0.216093421;9
30.35297052;1.426122308;0.6987041831;10.56670475;30.36096385;-0.01175914705;-0.06673697382;0.2148716897;9
30.35507234;1.450050473;0.679561615;10.51884842;30.36306567;0.002901607659;-0.05940660089;0.2124282271;9
30.35717416;1.440479279;0.6699903607;10.46620655;30.36516749;0.0126754446;-0.04596757516;0.2087630332;9
30.35927598;1.440479279;0.6652047038;10.37527943;30.36726937;0.02000582218;-0.03497200832;0.2075413018;9
30.36137781;1.430907965;0.6699903607;10.27478027;30.36937119;0.02122755162;-0.02641990222;0.2063195854;9
30.36347963;1.459621787;0.6652047038;10.15035343;30.37147296;0.01878409274;-0.01420260593;0.2063195854;9
30.36558145;1.45483613;0.6317051649;10.04985523;30.37357484;0.0175623633;0.0004581485991;0.2050978541;9
30.36768333;1.469193101;0.6221339107;9.920642853;30.37567666;0.01145371422;0.01389717404;0.2050978541;9
30.36978515;1.497906923;0.6460621357;9.810572624;30.37777848;0.004123337101;0.02733619884;0.2014326602;9
30.37188692;1.526620865;0.6699903607;9.734002113;30.37988031;-0.004428769462;0.0358883068;0.1989891976;9
30.3739888;1.555334687;0.6891329288;9.628718376;30.38198213;-0.01298087649;0.04199695215;0.1941022873;9
30.37609062;1.612762451;0.6987041831;9.609575272;30.38408395;-0.02397644334;0.04444041103;0.1867718995;9
30.37819244;1.679761529;0.7178468108;9.576076508;30.38618578;-0.03252854943;0.04932733253;0.1794415265;9
30.38029427;1.737189293;0.7178468108;9.590433121;30.38828765;-0.04230238497;0.04688387364;0.1672242284;9
30.38239609;1.775474429;0.7178468108;9.590433121;30.39038942;-0.05451968312;0.03833176568;0.1550069451;9
30.38449791;1.818545222;0.6891329288;9.604789734;30.3924913;-0.06551524997;0.02733619884;0.1415679157;9
30.38659973;1.842473388;0.6699903607;9.643074989;30.39459307;-0.07651081681;0.0126754446;0.1256854236;9
30.38870161;1.837687731;0.6173482537;9.686145782;30.39669494;-0.08872810751;-0.003207040019;0.1098029464;9
30.39080338;1.799402595;0.5503492355;9.74835968;30.39879676;-0.09483675659;-0.02397644334;0.09392046183;9
30.39290526;1.737189293;0.4881358147;9.791430473;30.40089859;-0.1046105921;-0.04352411628;0.07803797722;9
30.39500703;1.674975872;0.4115654826;9.858428955;30.40300041;-0.115606159;-0.06429351866;0.06337722391;9
30.3971089;1.584048629;0.3397808075;9.934999466;30.40510223;-0.1204930767;-0.08628465235;0.05115992576;9
30.39921072;1.497906923;0.3062812984;10.05942631;30.40720406;-0.1253799945;-0.1070540547;0.03772090003;9
30.40131255;1.397408366;0.2536391914;10.14556789;30.40930588;-0.1253799945;-0.1302669197;0.02794706449;9
30.40341437;1.31126678;0.2297109663;10.25563812;30.4114077;-0.1241582632;-0.1522580534;0.01817322709;9
30.40551619;1.234696507;0.2153540403;10.36092186;30.41350958;-0.1192713454;-0.1742491722;0.0108428495;9
30.40761802;1.129412293;0.2249253243;10.48056316;30.4156114;-0.1131627038;-0.1950185746;0.00351247238;9
30.40971984;1.009771109;0.2249253243;10.60977554;30.41771322;-0.1033888608;-0.215787977;-0.0001527161949;9
30.41182166;0.9044869542;0.2440679073;10.73898792;30.41981505;-0.08994983882;-0.2341139317;-0.002596175298;9
30.41392354;0.7992027402;0.2775674164;10.82991505;30.42191687;-0.07528908551;-0.2499964088;-0.003817904973;9
30.41602536;0.7226324677;0.2871387303;10.90170002;30.42401869;-0.06062832847;-0.265878886;-0.006261364091;9
30.41812718;0.650847733;0.3206382394;10.96391296;30.42612052;-0.04230238497;-0.2768744528;-0.005039634649;9
30.42022901;0.5838487148;0.3445664644;11.00219822;30.42822234;-0.02764163166;-0.2842048407;-0.006261364091;9
30.42233083;0.5599204898;0.3732803464;11.0309124;30.43032421;-0.01053741761;-0.2890917659;-0.005039634649;9
30.42443265;0.5264210105;0.3732803464;11.00219822;30.43242598;0.004123337101;-0.2854265571;-0.005039634649;9
30.42653447;0.4785645306;0.3637090325;10.99262714;30.43452786;0.02244928107;-0.281761378;-0.003817904973;9
30.4286363;0.4833501875;0.3493520916;10.94477081;30.43662963;0.03833176568;-0.2719875574;-0.002596175298;9
30.43073817;0.4594219327;0.3158525825;10.88255692;30.43873151;0.05299251899;-0.258548528;-0.002596175298;9
30.43283994;0.4642075896;0.3014956415;10.81555843;30.44083333;0.06643154472;-0.2426660359;-0.001374445739;9
30.43494182;0.4833501875;0.2871387303;10.73420238;30.44293515;0.08109229803;-0.2243400961;-0.0001527161949;9
30.43704359;0.5168496966;0.2488535494;10.65763187;30.44503697;0.09575305134;-0.2047924101;-0.001374445739;9
30.43914546;0.5407779217;0.2440679073;10.55713367;30.4471388;0.1067486182;-0.1840230078;-0.001374445739;9
30.44124729;0.5742774606;0.2488535494;10.44227791;30.44924062;0.1214093715;-0.162031889;-0.0001527161949;9
30.44334911;0.6125625968;0.2488535494;10.33699417;30.45134244;0.1324049383;-0.138819024;-0.001374445739;9
30.44545093;0.6412764788;0.2823530734;10.21735287;30.45344426;0.1421787739;-0.1131627038;-0.001374445739;9
30.44755276;0.6939185858;0.2823530734;10.09292603;30.45554614;0.1495091617;-0.08872810751;-0.001374445739;9
30.44965458;0.732203722;0.3302095234;9.968499184;30.45764791;0.154396072;-0.06429351866;-0.003817904973;9
30.4517564;0.7752745152;0.3972085714;9.853643417;30.45974973;0.1592829973;-0.03985892609;-0.005039634649;9
30.45385822;0.8279166222;0.4354937077;9.7196455;30.46185156;0.1556178033;-0.02031125315;-0.006261364091;9
30.4559601;0.8709874153;0.4977070987;9.614361763;30.46395343;0.1531743407;-0.0007635809598;-0.007483093534;9
30.45806187;0.8805587292;0.5407779217;9.466006279;30.46605526;0.1495091617;0.0126754446;-0.01114828233;9
30.46016369;0.9092726111;0.5742774606;9.298508644;30.46815708;0.1409570426;0.02367101051;-0.01237001177;9
30.46226552;0.9236295223;0.6077769399;9.183652878;30.4702589;0.1287397593;0.03100138716;-0.01359174121;9
30.46436739;0.9140582681;0.6173482537;9.040083885;30.47236072;0.1153007299;0.0358883068;-0.01725693047;9
30.46646921;0.8614161611;0.6173482537;8.949156761;30.4744626;0.09941824526;0.03222311661;-0.01970038936;9
30.46857104;0.837487936;0.6221339107;8.84387207;30.47656437;0.08353576064;0.02733619884;-0.02458730713;9
30.47067286;0.8183453679;0.6460621357;8.733802795;30.47866624;0.06032289565;0.0175623633;-0.02580903657;9
30.47277468;0.8183453679;0.6652047038;8.66680336;30.48076807;0.03955349326;0.004123337101;-0.02825249545;9
30.47487656;0.7992027402;0.6747759581;8.614161491;30.48286984;0.01634063199;-0.006872228812;-0.03313941509;9
30.47697833;0.7513462901;0.6939185858;8.537590981;30.48497166;-0.008093958721;-0.02519817278;-0.03558287397;9
30.4790802;0.708275497;0.70348984;8.499305725;30.48707348;-0.03130681813;-0.03863719851;-0.03680460155;9
30.48118203;0.6699903607;0.6939185858;8.475378036;30.48917536;-0.05696314201;-0.05818486959;-0.03924806044;9
30.4832838;0.6173482537;0.6939185858;8.432307243;30.49127718;-0.08139773458;-0.0740673542;-0.04169152305;9
30.48538562;0.5694918036;0.6939185858;8.417949677;30.493379;-0.1058323234;-0.09239330143;-0.04291325063;9
30.48748744;0.5264210105;0.6939185858;8.408378601;30.49548083;-0.1302669197;-0.1058323234;-0.04413498193;9
30.48958932;0.4833501875;0.6747759581;8.441878319;30.49758265;-0.1510363221;-0.1180496216;-0.04535670951;9
30.49169114;0.4307080805;0.6747759581;8.480163574;30.49968447;-0.1718057245;-0.1302669197;-0.0490218997;9
30.49379296;0.4115654826;0.6699903607;8.499305725;30.5017863;-0.188909933;-0.138819024;-0.05024362728;9
30.49589479;0.3972085714;0.6699903607;8.571090698;30.50388812;-0.2035706937;-0.1461493969;-0.05146535859;9
30.49799661;0.3924229145;0.6460621357;8.647661209;30.50598994;-0.2145662606;-0.1498145908;-0.05390881747;9
30.50009843;0.3828516304;0.650847733;8.72423172;30.50809177;-0.2255618125;-0.1510363221;-0.05757400393;9
30.50220026;0.3780659735;0.6364908218;8.853444099;30.51019364;-0.2304487377;-0.1534797698;-0.06123919412;9
30.50430208;0.3876372576;0.6077769399;8.944371223;30.51229546;-0.2304487377;-0.1510363221;-0.06246092543;9
30.5064039;0.3780659735;0.5886343718;9.035298347;30.51439729;-0.2328922004;-0.1461493969;-0.06368265301;9
30.50850572;0.3732803464;0.5599204898;9.140582085;30.51649911;-0.2304487377;-0.1412624866;-0.06734783947;9
30.5106076;0.3684946895;0.5312066078;9.260223389;30.51860093;-0.2243400961;-0.1327103674;-0.06856957078;9
30.51270942;0.3493520916;0.5072783828;9.327222824;30.52070276;-0.2194531709;-0.121714808;-0.07101303339;9
30.51481124;0.3493520916;0.4833501875;9.399007797;30.52280458;-0.212122798;-0.1082757786;-0.07223475724;9
30.51691307;0.3206382394;0.4737788737;9.480362892;30.5249064;-0.2035706937;-0.09483675659;-0.07467821985;9
30.51901489;0.3014956415;0.4546363056;9.561718941;30.52700822;-0.1925751269;-0.07528908551;-0.07345648855;9
30.52111671;0.2775674164;0.4450650215;9.638289452;30.52911005;-0.1840230078;-0.05696314201;-0.07467821985;9
30.52321854;0.2440679073;0.4163511395;9.671789169;30.53121192;-0.1718057245;-0.03619373962;-0.07345648855;9
30.52532036;0.2009970993;0.3876372576;9.734002113;30.53331369;-0.158366695;-0.01786779426;-0.07223475724;9
30.52742218;0.1627119333;0.3780659735;9.781859398;30.53541557;-0.1449276656;0.0004581485991;-0.07101303339;9
30.52952401;0.1339980662;0.3493520916;9.834501266;30.53751739;-0.1278234571;0.0175623633;-0.06734783947;9
30.53162588;0.1004985496;0.3397808075;9.901499748;30.53961921;-0.1107192412;0.0358883068;-0.06490438432;9
30.53372765;0.05264209956;0.3349951804;9.958928108;30.54172104;-0.09483675659;0.05177079141;-0.06368265301;9
30.53582953;0.02871387079;0.3397808075;10.01635551;30.54382286;-0.07651081681;0.06765327603;-0.06123919412;9
30.53793135;0.01914258115;0.3493520916;10.05942631;30.54592468;-0.05818486959;0.07987056673;-0.06001746282;9
30.54003317;0.0382851623;0.3349951804;10.09292603;30.54802651;-0.03985892609;0.09330959618;-0.06246092543;9
30.54213499;0.02871387079;0.3302095234;10.09771156;30.55012833;-0.02397644334;0.104305163;-0.06246092543;9
30.54423682;0.05742774159;0.3302095234;10.11685371;30.5522302;-0.009315688163;0.1140789986;-0.06368265301;9
30.54633864;0.06699903309;0.3541377485;10.13121128;30.55433203;0.006566796452;0.1214093715;-0.06368265301;9
30.54844046;0.06221338734;0.3397808075;10.11685371;30.5564338;0.01634063199;0.1299614757;-0.06612611562;9
30.55054229;0.05264209956;0.3684946895;10.06421185;30.55853562;0.02733619884;0.1385135949;-0.06612611562;9
30.55264416;0.0382851623;0.3972085714;10.01156998;30.56063749;0.03466657549;0.1446222365;-0.06612611562;9
30.55474598;0.009571290575;0.4354937077;9.968499184;30.56273932;0.03833176568;0.1507308781;-0.06368265301;9
30.55684776;-0.01914258115;0.4737788737;9.906285286;30.56484114;0.04199695215;0.1531743407;-0.06246092543;9
30.55894958;-0.06699903309;0.4785645306;9.839286804;30.56694296;0.04199695215;0.1580612659;-0.06001746282;9
30.56105145;-0.1148554832;0.5168496966;9.772287369;30.56904479;0.04199695215;0.161726445;-0.05757400393;9
30.56315328;-0.1627119333;0.5455635786;9.710074425;30.57114661;0.04199695215;0.1605047137;-0.05390881747;9
30.5652551;-0.1866401732;0.5599204898;9.69093132;30.57324848;0.03955349326;0.1605047137;-0.05268708616;9
30.56735692;-0.2009970993;0.5742774606;9.652647018;30.57535026;0.03833176568;0.1531743407;-0.05024362728;9
30.56945874;-0.2009970993;0.6173482537;9.609575272;30.57745208;0.03344484791;0.1458439678;-0.0478001684;9
30.57156057;-0.2057827413;0.6317051649;9.600004196;30.57955395;0.02977965772;0.134848401;-0.04535670951;9
30.57366244;-0.2344966233;0.6556333899;9.590433121;30.58165578;0.02489273995;0.1189659163;-0.04535670951;9
30.57576421;-0.2536391914;0.6747759581;9.609575272;30.5837576;0.01878409274;0.104305163;-0.04291325063;9
30.57786604;-0.2775674164;0.6987041831;9.609575272;30.58585942;0.01389717404;0.08231402934;-0.04169152305;9
30.57996791;-0.3062812984;0.6843472719;9.609575272;30.58796124;0.009010255337;0.06520981342;-0.04046979174;9
30.58206973;-0.3349951804;0.6891329288;9.585647583;30.59006307;0.0004581485991;0.04566214234;-0.03802633286;9
30.58417156;-0.3493520916;0.6939185858;9.600004196;30.59216489;-0.00565049937;0.02611446939;-0.03436114267;9
30.58627338;-0.3732803464;0.6939185858;9.595218658;30.59426676;-0.01175914705;0.007788525894;-0.03191768378;9
30.5883752;-0.3828516304;0.70348984;9.590433121;30.59636854;-0.0190895237;-0.01053741761;-0.02703076601;9
30.59047703;-0.4115654826;0.7226324677;9.580862045;30.59847041;-0.02764163166;-0.03008509055;-0.02336557768;9
30.59257885;-0.4115654826;0.7226324677;9.576076508;30.60057218;-0.03497200832;-0.05329795182;-0.0209221188;9
30.59468072;-0.4354937077;0.732203722;9.590433121;30.602674;-0.04352411628;-0.0728456229;-0.01603520103;9
30.59678249;-0.4211367965;0.7513462901;9.576076508;30.60477588;-0.0557414107;-0.09239330143;-0.01114828233;9
30.59888437;-0.4163511395;0.7657032609;9.561718941;30.6068777;-0.06551524997;-0.1119409725;-0.008704823442;9
30.60098614;-0.4259224236;0.784845829;9.537791252;30.60897953;-0.07773254067;-0.1290451884;-0.003817904973;9
30.60308796;-0.4642075896;0.784845829;9.509077072;30.61108135;-0.08994983882;-0.142484203;0.002290742937;9
30.60518984;-0.4689932466;0.7752745152;9.489934921;30.61318317;-0.1033888608;-0.1522580534;0.008399390616;9
30.60729166;-0.4977070987;0.784845829;9.470791817;30.61528499;-0.1119409725;-0.1608101577;0.01450803876;9
30.60939348;-0.5120640397;0.760917604;9.461220741;30.61738682;-0.1229365394;-0.165697068;0.01939495653;9
30.61149531;-0.5312066078;0.760917604;9.475577354;30.61948869;-0.1339320987;-0.1693622619;0.02550360374;9
30.61359713;-0.5216353536;0.7465606928;9.494720459;30.62159052;-0.1375972927;-0.1766926348;0.03161225095;9
30.61569895;-0.4977070987;0.7465606928;9.523433685;30.62369229;-0.1437059343;-0.1754709035;0.03772090003;9
30.61780078;-0.4833501875;0.7226324677;9.566504478;30.62579416;-0.1461493969;-0.1742491722;0.0426078178;9
30.61990265;-0.4689932466;0.7226324677;9.604789734;30.62789593;-0.1461493969;-0.1730274558;0.04871646687;9
30.62200447;-0.4450650215;0.708275497;9.657432556;30.62999781;-0.1461493969;-0.1693622619;0.05238165334;9
30.62410624;-0.4115654826;0.7274180651;9.705288887;30.63209963;-0.1412624866;-0.162031889;0.05971203372;9
30.62620812;-0.3876372576;0.7226324677;9.805787086;30.63420145;-0.1351538301;-0.1547015011;0.06704241037;9
30.62830989;-0.3828516304;0.732203722;9.834501266;30.63630328;-0.1290451884;-0.1485928595;0.07192932814;9
30.63041176;-0.3493520916;0.7226324677;9.920642853;30.6384051;-0.1180496216;-0.1400407553;0.07925970852;9
30.63251359;-0.3349951804;0.7274180651;9.978070259;30.64050692;-0.1107192412;-0.1253799945;0.08659008145;9
30.63461541;-0.3110669553;0.7226324677;10.03549862;30.64260874;-0.09972367436;-0.1119409725;0.09147699922;9
30.63671723;-0.2823530734;0.708275497;10.08335495;30.64471062;-0.08750637621;-0.09605848789;0.0975856483;9
30.63881906;-0.2297109663;0.6652047038;10.11685371;30.64681239;-0.07528908551;-0.07773254067;0.1024725661;9
30.64092088;-0.1722832322;0.6364908218;10.14078236;30.64891427;-0.05940660089;-0.05940660089;0.1061377525;9
30.6430227;-0.09092725813;0.626919508;10.14556789;30.65101609;-0.04841103405;-0.03863719851;0.1061377525;9
30.64512458;-0.004785645287;0.5694918036;10.15035343;30.65311791;-0.0374154672;-0.01542433538;0.1061377525;9
30.64722635;0.08614161611;0.5264210105;10.15035343;30.65521973;-0.02519817278;0.01023198478;0.1049160287;9
30.64932822;0.2009970993;0.4881358147;10.13599682;30.65732156;-0.01542433538;0.03344484791;0.1024725661;9
30.65143005;0.2919243574;0.4498506486;10.11206818;30.65942338;-0.006872228812;0.05787943676;0.0975856483;9
30.65353187;0.4067798555;0.4115654826;10.09292603;30.6615252;0.004123337101;0.0847574845;0.09392046183;9
30.65563369;0.4785645306;0.3828516304;10.07378292;30.66362703;0.01145371422;0.1079703495;0.08781181276;9
30.65773552;0.5599204898;0.3349951804;10.03071213;30.66572885;0.02000582218;0.1299614757;0.08048143238;9
30.65983734;0.6173482537;0.3158525825;10.05942631;30.66783067;0.02855792828;0.1507308781;0.07070759684;9
30.66193916;0.6939185858;0.2775674164;10.04506969;30.66993249;0.03466657549;0.1702785641;0.0609337613;9
30.66404098;0.7704889178;0.2536391914;10.04506969;30.67203437;0.04444041103;0.1861610413;0.04993819445;9
30.66614281;0.866201818;0.2440679073;10.05464077;30.67413619;0.05054906011;0.1971566081;0.03649916872;9
30.66824463;0.94277215;0.2344966233;10.04506969;30.67623796;0.05787943676;0.2057087123;0.02306014486;9
30.67034645;1.009771109;0.2344966233;10.07856941;30.67833984;0.06032289565;0.2032652497;0.008399390616;9
30.67244833;1.057627559;0.2153540403;10.1024971;30.68044166;0.06398808211;0.200821802;-0.007483093534;9
30.67455015;1.0863415;0.2105683982;10.12642574;30.68254348;0.06398808211;0.1922696829;-0.0209221188;9
30.67665192;1.091127157;0.2201396823;10.14556789;30.68464531;0.06276635826;0.1751654744;-0.03558287397;9
30.6787538;1.062413216;0.1866401732;10.12642574;30.68674713;0.06276635826;0.1568395346;-0.05024362728;9
30.68085562;1.03848505;0.1531406492;10.12642574;30.68884895;0.05787943676;0.134848401;-0.06490438432;9
30.68295744;1.009771109;0.1483550072;10.12642574;30.69095083;0.05543597788;0.1128572673;-0.07834340632;9
30.68505927;0.9858429432;0.1292124242;10.14078236;30.6930526;0.05054906011;0.08964440972;-0.09422589093;9
30.68716109;0.9475577474;0.1004985496;10.13121128;30.69515447;0.04321868345;0.06276635826;-0.1076649204;9
30.68926291;0.9379864931;0.1100698411;10.12164021;30.69725624;0.03955349326;0.04077522457;-0.1198822111;9
30.69136479;0.9236295223;0.09092725813;10.12642574;30.69935812;0.03466657549;0.01634063199;-0.1345429718;9
30.69346656;0.9140582681;0.1100698411;10.14078236;30.70145994;0.02977965772;-0.01175914705;-0.14676027;9
30.69556843;0.9188438654;0.1148554832;10.164711;30.70356177;0.02367101051;-0.0374154672;-0.1577558219;9
30.6976702;0.9140582681;0.1244267747;10.17428207;30.70566359;0.02000582218;-0.06062832847;-0.1675296724;9
30.69977208;0.8997012973;0.1579262912;10.19342422;30.70776541;0.0175623633;-0.08261945844;-0.1785252392;9
30.7018739;0.8757730722;0.1818545163;10.19820976;30.70986723;0.0126754446;-0.09972367436;-0.1858556122;9
30.70397572;0.866201818;0.2105683982;10.19820976;30.71196911;0.01023198478;-0.1180496216;-0.1931859851;9
30.70607755;0.8518448472;0.2392822653;10.20778179;30.71407093;0.009010255337;-0.131488651;-0.1992946416;9
30.70817937;0.837487936;0.2344966233;10.164711;30.7161727;0.004123337101;-0.1375972927;-0.2041815519;9
30.71028119;0.8279166222;0.2536391914;10.13599682;30.71827458;0.0004581485991;-0.1400407553;-0.2054032832;9
30.71238307;0.8422735929;0.2727817893;10.12164021;30.7203764;-0.0007635809598;-0.138819024;-0.2078467458;9
30.71448489;0.8470591903;0.3014956415;10.10728264;30.72247822;-0.001985310577;-0.1290451884;-0.2078467458;9
30.71658666;0.8614161611;0.3349951804;10.09771156;30.72458005;-0.0007635809598;-0.1180496216;-0.2041815519;9
30.71868854;0.8614161611;0.3589234054;10.06899738;30.72668187;-0.003207040019;-0.0972802192;-0.2029598206;9
30.72079036;0.866201818;0.3972085714;10.03071213;30.72878369;0.0004581485991;-0.07651081681;-0.1980729103;9
30.72289218;0.8805587292;0.4259224236;10.03071213;30.73088552;0.002901607659;-0.05451968312;-0.1931859851;9
30.72499401;0.9140582681;0.4546363056;10.04985523;30.73298739;0.005345067009;-0.02886336111;-0.1882990748;9
30.72709583;0.9523434043;0.4977070987;10.07856941;30.73508921;0.01145371422;-0.00565049937;-0.1858556122;9
30.72919765;0.9619147182;0.5168496966;10.10728264;30.73719104;0.01634063199;0.01878409274;-0.1809686869;9
30.73129947;1.014556766;0.5742774606;10.13599682;30.73929286;0.02000582218;0.04199695215;-0.1797469556;9
30.73340135;1.057627559;0.5886343718;10.16949654;30.74139468;0.02489273995;0.06032289565;-0.1748600453;9
30.73550317;1.115055323;0.5982056856;10.21735287;30.74349645;0.03100138716;0.07987056673;-0.1711948514;9
30.73760499;1.13419795;0.6317051649;10.24128056;30.74559833;0.03833176568;0.09697478265;-0.1699731201;9
30.73970682;1.172483087;0.6556333899;10.27956581;30.74770015;0.04688387364;0.1091920808;-0.1675296724;9
30.74180864;1.21555388;0.6747759581;10.3226366;30.74980197;0.05299251899;0.1189659163;-0.1675296724;9
30.74391041;1.258624673;0.6939185858;10.35613632;30.7519038;0.05665770918;0.127518028;-0.1650862098;9
30.74601229;1.292124271;0.70348984;10.37527943;30.75400562;0.05910116807;0.1324049383;-0.1650862098;9
30.74811411;1.354337573;0.708275497;10.40399265;30.75610744;0.06520981342;0.1336266696;-0.1638644785;9
30.75021593;1.378265858;0.7274180651;10.41356373;30.75820926;0.06032289565;0.131183207;-0.1650862098;9
30.75231776;1.416550994;0.7130611539;10.41356373;30.76031109;0.05910116807;0.1262962967;-0.1663079411;9
30.75441958;1.45483613;0.7274180651;10.41835022;30.76241291;0.05665770918;0.1189659163;-0.1675296724;9
30.7565214;1.478764415;0.7274180651;10.41356373;30.76451479;0.05177079141;0.1091920808;-0.1699731201;9
30.75862322;1.521835208;0.7130611539;10.39442158;30.76661656;0.04810560122;0.09697478265;-0.1724165827;9
30.76072505;1.555334687;0.70348984;10.38006496;30.76871843;0.04321868345;0.07864884287;-0.1760817766;9
30.76282687;1.579262972;0.708275497;10.37527943;30.77082026;0.03466657549;0.06520981342;-0.1785252392;9
30.76492874;1.622333765;0.6987041831;10.35135078;30.77292208;0.02977965772;0.05054906011;-0.1821904182;9
30.76703052;1.684547186;0.679561615;10.35135078;30.7750239;0.02489273995;0.0358883068;-0.1846338809;9
30.76913239;1.718046665;0.70348984;10.37049294;30.77712572;0.01878409274;0.01511890348;-0.1882990748;9
30.77123421;1.746760488;0.7178468108;10.33699417;30.77922755;0.01145371422;-0.006872228812;-0.1895207912;9
30.77333604;1.751546144;0.7369893789;10.35135078;30.78132937;0.005345067009;-0.02886336111;-0.1907425225;9
30.77543786;1.780260086;0.756131947;10.34656525;30.78343124;-0.0007635809598;-0.04963276163;-0.1931859851;9
30.77753968;1.804188251;0.7513462901;10.33220863;30.78553307;-0.01175914705;-0.07651081681;-0.1944077164;9
30.7796415;1.847259045;0.756131947;10.33699417;30.78763489;-0.02153298259;-0.102167137;-0.1944077164;9
30.78174333;1.875972986;0.760917604;10.31306553;30.78973666;-0.03252854943;-0.1278234571;-0.1944077164;9
30.7838452;1.909472466;0.7657032609;10.28435135;30.79183854;-0.04108065739;-0.1522580534;-0.1931859851;9
30.78594703;1.942971945;0.760917604;10.27956581;30.79394036;-0.05207622424;-0.1766926348;-0.1919642538;9
30.78804885;1.9812572;0.7704889178;10.24606609;30.79604218;-0.06062832847;-0.1937968582;-0.1907425225;9
30.79015062;2.033899307;0.7704889178;10.21735287;30.798144;-0.06795870513;-0.2109010667;-0.1870773435;9
30.79225249;2.086541414;0.7657032609;10.2221384;30.80024583;-0.07773254067;-0.2255618125;-0.1846338809;9
30.79435432;2.139183521;0.7704889178;10.23170948;30.80234765;-0.08384118974;-0.2426660359;-0.1834121495;9
30.79645614;2.191825628;0.784845829;10.24606609;30.80444947;-0.08872810751;-0.2561050653;-0.1834121495;9
30.79855796;2.239681959;0.7752745152;10.27956581;30.8065513;-0.09239330143;-0.2646571696;-0.1834121495;9
30.80065979;2.344966173;0.7417750359;10.32742214;30.80865312;-0.09483675659;-0.2707658112;-0.1834121495;9
30.80276161;2.445464849;0.6987041831;10.35613632;30.81075499;-0.09483675659;-0.2744309902;-0.1882990748;9
30.80486343;2.550748825;0.6604190469;10.38006496;30.81285677;-0.09483675659;-0.281761378;-0.1907425225;9
30.80696526;2.646461725;0.6077769399;10.42313576;30.81495864;-0.09239330143;-0.2854265571;-0.1956294477;9
30.80906708;2.727817774;0.5599204898;10.4853487;30.81706041;-0.08872810751;-0.2890917659;-0.1992946416;9
30.81116895;2.818745136;0.5024927258;10.54277611;30.81916229;-0.08017600328;-0.2903134823;-0.2041815519;9
30.81327072;2.900100946;0.4211367965;10.62413216;30.82126411;-0.07162389904;-0.2903134823;-0.2115119249;9
30.8153726;3.000599623;0.3828516304;10.63848972;30.82336593;-0.06062832847;-0.2878700197;-0.220064044;9
30.81747437;3.101098061;0.3349951804;10.7054882;30.82546776;-0.04963276163;-0.2842048407;-0.2322813272;9
30.81957624;3.24466753;0.2919243574;10.75813103;30.82756958;-0.03863719851;-0.278096199;-0.2432768941;9
30.82167807;3.345165968;0.2392822653;10.82034397;30.8296714;-0.02519817278;-0.2744309902;-0.2567159235;9
30.82377989;3.421736479;0.1770688742;10.84905815;30.83177322;-0.01420260593;-0.2683223486;-0.2677114904;9
30.82588171;3.531806231;0.1674975902;10.87777138;30.83387505;0.0004581485991;-0.2499964088;-0.2799287736;9
30.82798354;3.608376503;0.1818545163;10.86341476;30.83597692;0.0126754446;-0.2255618125;-0.2909243405;9
30.83008536;3.651447296;0.1818545163;10.83470058;30.83807869;0.02611446939;-0.1986837685;-0.3006981909;9
30.83218718;3.670589924;0.2153540403;10.84905815;30.84018057;0.04077522457;-0.1693622619;-0.3116937578;9
30.83428901;3.665804386;0.2153540403;10.84427261;30.84228239;0.05299251899;-0.138819024;-0.323911041;9
30.83639088;3.675375462;0.2009970993;10.82512951;30.84438421;0.06887500733;-0.1107192412;-0.3397935331;9
30.83849265;3.704089403;0.1579262912;10.83470058;30.84648604;0.0859792158;-0.08261945844;-0.3581194878;9
30.84059453;3.751945972;0.1100698411;10.80120182;30.84858786;0.104305163;-0.05696314201;-0.3801106215;9
30.84269635;3.833301783;0.05264209956;10.82512951;30.85068968;0.1238528341;-0.03375028074;-0.4008800089;9
30.84479817;3.94815731;0.02871387079;10.8107729;30.85279151;0.1434005052;-0.01420260593;-0.4216494262;9
30.84689999;4.024727821;0.02871387079;10.81555843;30.85489333;0.1592829973;0.0016798781;-0.4411970973;9
30.84900182;4.067798615;0.05264209956;10.82034397;30.85699515;0.1763872057;0.0175623633;-0.4583013058;9
30.85110364;4.039084435;0.1004985496;10.77248764;30.85909697;0.1861610413;0.03711003438;-0.4741837978;9
30.85320546;3.952943087;0.1244267747;10.72941685;30.86119885;0.1971566081;0.0542142503;-0.4876227975;9
30.85530729;3.890729666;0.1292124242;10.67677498;30.86330067;0.2069304436;0.0725401938;-0.5010618567;9
30.85740911;3.814159393;0.1531406492;10.59063339;30.86540249;0.2118173689;0.08720094711;-0.5157225728;9
30.85951093;3.742374659;0.1722832322;10.50449181;30.86750432;0.2154825479;0.09941824526;-0.5303833485;9
30.86161281;3.689732552;0.1914258152;10.43270683;30.86960614;0.2191477418;0.1091920808;-0.5462658405;9
30.86371463;3.651447296;0.2009970993;10.33699417;30.87170796;0.2203694731;0.1153007299;-0.5609265566;9
30.86581645;3.641875982;0.1866401732;10.28913784;30.87380979;0.2191477418;0.1165224537;-0.5780308247;9
30.86791828;3.651447296;0.2009970993;10.23649502;30.87591161;0.2179260105;0.111635536;-0.5939132571;9
30.8700201;3.632304668;0.2249253243;10.21256733;30.87801348;0.2142608166;0.09697478265;-0.6110175252;9
30.87212192;3.589233875;0.2392822653;10.19820976;30.88011526;0.2081521749;0.07742711157;-0.6281217337;9
30.87422374;3.550948858;0.2919243574;10.16949654;30.88221708;0.204486981;0.05665770918;-0.6452259421;9
30.87632557;3.503092289;0.3206382394;10.15035343;30.88431895;0.1959348768;0.0358883068;-0.6611084342;9
30.87842744;3.455235958;0.3637090325;10.14556789;30.88642078;0.181274116;0.0126754446;-0.672104001;9
30.88052921;3.364308596;0.4163511395;10.09771156;30.8885226;0.1678351015;-0.00565049937;-0.6830995679;9
30.88263104;3.235096216;0.4498506486;9.987641335;30.89062442;0.1519526094;-0.02519817278;-0.6916516423;9
30.88473291;3.105883837;0.4689932466;9.882357597;30.89272624;0.1385135949;-0.04596757516;-0.7002037764;9
30.88683473;2.971885681;0.4642075896;9.839286804;30.89482807;0.1250745654;-0.06429351866;-0.7099775672;9
30.88893656;2.852244616;0.4498506486;9.834501266;30.89692989;0.1091920808;-0.07773254067;-0.720973134;9
30.89103838;2.785245657;0.4067798555;9.839286804;30.89903171;0.09575305134;-0.09239330143;-0.7319687009;9
30.8931402;2.756531715;0.3732803464;9.834501266;30.90113354;0.0847574845;-0.1070540547;-0.7429642677;9
30.89524203;2.737389088;0.3637090325;9.834501266;30.90323536;0.07498364896;-0.1241582632;-0.7515164018;9
30.89734385;2.699103832;0.3637090325;9.87757206;30.90533723;0.06765327603;-0.1375972927;-0.7625119686;9
30.89944567;2.641676188;0.4019941986;9.925428391;30.90743906;0.06032289565;-0.1449276656;-0.7735075355;9
30.90154749;2.617748022;0.3972085714;9.992427826;30.90954088;0.05910116807;-0.1498145908;-0.7820596099;9
30.90364932;2.574677229;0.3876372576;10.04506969;30.9116427;0.05665770918;-0.1485928595;-0.7869465351;9
30.90575119;2.488535643;0.3732803464;10.1024971;30.91374453;0.05787943676;-0.1449276656;-0.7869465351;9
30.90785302;2.383251429;0.3302095234;10.16949654;30.91584635;0.06154462695;-0.1400407553;-0.7869465351;9
30.90995484;2.30189538;0.3062812984;10.21735287;30.91794817;0.07009673119;-0.1400407553;-0.7857248187;9
30.91205666;2.096112728;0.2201396823;10.25085258;30.92004999;0.07620538026;-0.1449276656;-0.7832813859;9
30.91415848;1.938186288;0.2488535494;10.35613632;30.92215182;0.08720094711;-0.1473711282;-0.7796161771;9
30.91626031;1.890329838;0.3302095234;10.46142101;30.92425364;0.1006399691;-0.1461493969;-0.7759509683;9
30.91836213;1.823330879;0.4067798555;10.56191921;30.92635546;0.1140789986;-0.1437059343;-0.7735075355;9
30.92046395;1.780260086;0.4881358147;10.60020447;30.92845734;0.1299614757;-0.1400407553;-0.7698423266;9
30.92256578;1.761117458;0.5359922647;10.59541893;30.93055916;0.1458439678;-0.1363755614;-0.763733685;9
30.9246676;1.751546144;0.5838487148;10.6480608;30.93266098;0.1605047137;-0.131488651;-0.7576250434;9
30.92676942;1.703689694;0.6221339107;10.71506023;30.93476281;0.1751654744;-0.1290451884;-0.7527381182;9
30.9288713;1.655833244;0.6604190469;10.71027374;30.93686463;0.1910479665;-0.1278234571;-0.7466294765;9
30.93097312;1.593619823;0.6699903607;10.71506023;30.93896645;0.2057087123;-0.1241582632;-0.7417425513;9
30.93307494;1.536192179;0.708275497;10.68634605;30.94106828;0.2167042792;-0.1168278903;-0.7356339097;9
30.93517676;1.493121386;0.7178468108;10.65284634;30.9431701;0.227699846;-0.1107192412;-0.7295252681;9
30.93727859;1.45483613;0.7178468108;10.59541893;30.94527192;0.2362519503;-0.1094975099;-0.7270817757;9
30.93938041;1.430907965;0.7274180651;10.50449181;30.94737374;0.2423606068;-0.1082757786;-0.72219491;9
30.94148223;1.402194023;0.7465606928;10.41356373;30.94947557;0.2460257858;-0.1046105921;-0.7160862088;9
30.94358406;1.368694544;0.7226324677;10.31306553;30.95157739;0.2484692484;-0.09483675659;-0.7087558508;9
30.94568588;1.354337573;0.7369893789;10.17428207;30.95367921;0.2472475171;-0.09239330143;-0.6977602839;9
30.9477877;1.272981644;0.760917604;10.02114105;30.95578109;0.2423606068;-0.09361502528;-0.6892082095;9
30.94988953;1.148554921;0.7896314859;9.87757206;30.95788291;0.235030219;-0.08872810751;-0.6806560755;9
30.95199135;1.048056364;0.7896314859;9.772287369;30.95998473;0.2264781147;-0.08628465235;-0.6733257174;9
30.95409317;0.9714859724;0.760917604;9.676574707;30.96208656;0.2167042792;-0.08506292105;-0.6684387922;9
30.95619505;0.9140582681;0.7513462901;9.552147865;30.96418838;0.2093739063;-0.08750637621;-0.6623301506;9
30.95829687;0.9092726111;0.7274180651;9.475577354;30.9662902;0.200821802;-0.09361502528;-0.6574432254;9
30.96039869;0.9044869542;0.708275497;9.422935486;30.96839203;0.1922696829;-0.09972367436;-0.6488910913;9
30.96250052;0.9140582681;0.7369893789;9.399007797;30.97049385;0.1861610413;-0.102167137;-0.6415607333;9
30.96460234;0.8997012973;0.784845829;9.437292099;30.97259567;0.1739437431;-0.1058323234;-0.6317868829;9
30.96670416;0.8614161611;0.837487936;9.408578873;30.97469749;0.161726445;-0.1143844277;-0.620791316;9
30.96880598;0.8087740541;0.9236295223;9.327222824;30.97679932;0.1519526094;-0.121714808;-0.6110175252;9
30.97090781;0.7130611539;0.9858429432;9.288937569;30.97890119;0.1409570426;-0.131488651;-0.6012436748;9
30.97300963;0.6460621357;0.9714859724;9.255437851;30.98100302;0.1287397593;-0.1412624866;-0.5951350331;9
30.97511145;0.5838487148;0.8997012973;9.20758152;30.98310484;0.1189659163;-0.1510363221;-0.5902481079;9
30.97721328;0.5742774606;0.8231309652;9.241081238;30.98520666;0.1153007299;-0.1498145908;-0.5878046155;9
30.97931515;0.6317051649;0.6987041831;9.38465023;30.98730848;0.1055268943;-0.1571449637;-0.5878046155;9
30.98141697;0.6939185858;0.5982056856;9.408578873;30.98941031;0.1006399691;-0.1705839932;-0.5865828991;9
30.9835188;0.7657032609;0.5599204898;9.389435768;30.99151213;0.09819651395;-0.1876882017;-0.5878046155;9
30.98562062;0.813559711;0.5407779217;9.408578873;30.99361395;0.1006399691;-0.2060141414;-0.5902481079;9
30.98772244;0.8470591903;0.5694918036;9.480362892;30.99571583;0.09819651395;-0.2267835438;-0.5902481079;9
30.98982427;0.8566305041;0.5934200287;9.614361763;30.9978176;0.1006399691;-0.2463312149;-0.5951350331;9
30.99192609;0.8709874153;0.6077769399;9.700503349;30.99991947;0.09941824526;-0.2695440948;-0.5975784659;9
30.99402791;0.8470591903;0.5838487148;9.724431038;31.00202124;0.09819651395;-0.2890917659;-0.6036871076;9
30.99612979;0.8231309652;0.5359922647;9.738788605;31.00412312;0.09575305134;-0.3147480786;-0.6085740328;9
30.99823156;0.8087740541;0.4689932466;9.714859962;31.00622494;0.09208786488;-0.3416261375;-0.6171261668;9
31.00033343;0.7896314859;0.3732803464;9.676574707;31.00832677;0.08842267841;-0.3672824502;-0.6232348084;9
31.0024352;0.7992027402;0.3206382394;9.643074989;31.01042859;0.07987056673;-0.3953822255;-0.6293434501;9
31.00453708;0.784845829;0.2536391914;9.609575272;31.01253041;0.07009673119;-0.4185950756;-0.6366738081;9
31.0066389;0.7513462901;0.2249253243;9.566504478;31.01463223;0.06276635826;-0.4369210303;-0.6427824497;9
31.00874072;0.7178468108;0.2201396823;9.523433685;31.01673406;0.05543597788;-0.4613556266;-0.6488910913;9
31.01084255;0.6843472719;0.2057827413;9.461220741;31.01883588;0.04688387364;-0.4760163724;-0.6537780166;9
31.01294437;0.6604190469;0.1962114573;9.394221306;31.0209377;0.03466657549;-0.4931205809;-0.6598866582;9
31.01504619;0.6221339107;0.2249253243;9.360722542;31.02303953;0.02367101051;-0.5077813268;-0.6659952998;9
31.01714802;0.5694918036;0.2009970993;9.298508644;31.02514135;0.0126754446;-0.5248855352;-0.670882225;9
31.01924984;0.5216353536;0.1387837082;9.231510162;31.02724317;0.002901607659;-0.5407680273;-0.6794343591;9
31.02135166;0.4594219327;0.06699903309;9.202795982;31.02934505;-0.00565049937;-0.555428803;-0.6892082095;9
31.02345348;0.4450650215;0.01914258115;9.193224907;31.03144687;-0.01298087649;-0.5676460862;-0.7014254928;9
31.02555531;0.4642075896;-0.03349951655;9.202795982;31.03354869;-0.02031125315;-0.5786416531;-0.7111993432;9
31.02765713;0.5024927258;-0.07178468257;9.188439369;31.03565052;-0.02886336111;-0.5871937871;-0.720973134;9
31.02975901;0.5503492355;-0.08135596663;9.188439369;31.03775234;-0.03497200832;-0.5945241451;-0.7283035517;9
31.03186083;0.5503492355;-0.06699903309;9.231510162;31.03985416;-0.03863719851;-0.6006327868;-0.7356339097;9
31.03396265;0.5455635786;-0.03349951655;9.255437851;31.04195598;-0.04230238497;-0.6030762792;-0.7454077601;9
31.03606447;0.5264210105;-0.0239282269;9.274580956;31.04405781;-0.04474584386;-0.5981893539;-0.7527381182;9
31.0381663;0.4977070987;-0.009571290575;9.298508644;31.04615968;-0.04230238497;-0.5957458615;-0.7588467598;9
31.04026812;0.4307080805;0.0;9.303294182;31.04826145;-0.04352411628;-0.5859720111;-0.763733685;9
31.04236994;0.3972085714;0.04307080805;9.312865257;31.05036333;-0.0374154672;-0.5749764442;-0.7686206102;9
31.04447176;0.3732803464;0.06699903309;9.317651749;31.05246515;-0.03130681813;-0.5578722358;-0.7722858191;9
31.04657364;0.3637090325;0.09092725813;9.327222824;31.05456697;-0.02519817278;-0.5383245945;-0.7759509683;9
31.04867541;0.3397808075;0.1004985496;9.351150513;31.0566688;-0.0190895237;-0.5187768936;-0.7759509683;9
31.05077729;0.3014956415;0.1387837082;9.355937004;31.05877062;-0.01053741761;-0.4980075061;-0.7759509683;9
31.05287911;0.2632105052;0.1674975902;9.375079155;31.06087244;-0.0007635809598;-0.4760163724;-0.7771727443;9
31.05498093;0.2153540403;0.2057827413;9.379864693;31.06297426;0.01023198478;-0.455246985;-0.7771727443;9
31.05708276;0.1531406492;0.2297109663;9.38465023;31.06507609;0.01878409274;-0.4369210303;-0.7759509683;9
31.05918458;0.1052841991;0.2727817893;9.36550808;31.06717791;0.02977965772;-0.4173733592;-0.7735075355;9
31.0612864;0.02871387079;0.3158525825;9.341579437;31.06927973;0.03833176568;-0.4002691507;-0.7698423266;9
31.06338822;-0.02871387079;0.3589234054;9.303294182;31.07138161;0.04566214234;-0.3758345544;-0.7661771774;9
31.06549005;-0.08614161611;0.3684946895;9.226723671;31.07348343;0.0542142503;-0.3526217043;-0.7625119686;9
31.06759187;-0.1531406492;0.3876372576;9.135796547;31.07558526;0.06154462695;-0.3318522871;-0.7576250434;9
31.06969369;-0.2201396823;0.4259224236;9.083154678;31.07768708;0.06276635826;-0.3098611534;-0.7515164018;9
31.07179557;-0.2727817893;0.4689932466;9.020941734;31.0797889;0.06520981342;-0.2939786613;-0.7429642677;9
31.07389739;-0.3349951804;0.5072783828;8.953942299;31.08189072;0.06643154472;-0.2756527364;-0.7368556261;9
31.07599921;-0.3876372576;0.5407779217;8.877371788;31.08399255;0.06154462695;-0.2634354234;-0.7283035517;9
31.07810104;-0.4689932466;0.5694918036;8.796015739;31.08609437;0.05787943676;-0.2524398565;-0.7197514176;9
31.08020286;-0.5407779217;0.5982056856;8.69551754;31.08819619;0.05177079141;-0.2438877672;-0.7099775672;9
31.08230468;-0.6412764788;0.6125625968;8.595019341;31.09029802;0.04077522457;-0.2414443046;-0.7002037764;9
31.0844065;-0.7465606928;0.6460621357;8.504091263;31.09239984;0.03100138716;-0.2377791107;-0.6892082095;9
31.08650833;-0.866201818;0.6843472719;8.46102047;31.09450166;0.02000582218;-0.2328922004;-0.6782126427;9
31.08861015;-0.9523434043;0.7226324677;8.413164139;31.09660354;0.006566796452;-0.231670469;-0.6684387922;9
31.09071197;-0.9858429432;0.760917604;8.346165657;31.09870531;-0.008093958721;-0.2328922004;-0.6586649418;9
31.0928138;-1.028913736;0.784845829;8.327022552;31.10080718;-0.02153298259;-0.2402225733;-0.6513345838;9
31.09491562;-1.091127157;0.813559711;8.288737297;31.10290895;-0.0374154672;-0.2512181401;-0.6427824497;9
31.09701749;-1.124626637;0.8039883971;8.274380684;31.10501083;-0.05329795182;-0.2683223486;-0.6366738081;9
31.09911927;-1.1820544;0.813559711;8.255238533;31.10711265;-0.06795870513;-0.2854265571;-0.6293434501;9
31.10122114;-1.229910851;0.8183453679;8.236095428;31.10921447;-0.08872810751;-0.3037525117;-0.6195695996;9
31.10332291;-1.287338614;0.8279166222;8.216953278;31.1113163;-0.1058323234;-0.3208567202;-0.6110175252;9
31.10542479;-1.354337573;0.837487936;8.169096947;31.11341812;-0.1278234571;-0.3355174661;-0.5975784659;9
31.10752661;-1.45483613;0.8470591903;8.121239662;31.11551994;-0.1498145908;-0.3489564955;-0.5841394663;9
31.10962843;-1.560120344;0.8327022791;8.063812256;31.11762177;-0.1718057245;-0.358730346;-0.5682569742;9
31.11173026;-1.660618901;0.8422735929;8.00638485;31.11972364;-0.1925751269;-0.374612838;-0.5499309897;9
31.11383208;-1.804188251;0.8805587292;8.030312538;31.12182541;-0.2145662606;-0.3807214797;-0.5340485573;9
31.1159339;-1.880758643;0.866201818;8.05424118;31.12392729;-0.2328922004;-0.3880518377;-0.5181660652;9
31.11803572;-1.957328916;0.8470591903;8.049455643;31.12602911;-0.2487746775;-0.3917170465;-0.5010618567;9
31.1201376;-2.009970903;0.8327022791;8.073383331;31.12813093;-0.2634354234;-0.3978256881;-0.4839576185;9
31.12223937;-2.029113531;0.8279166222;8.126026154;31.13023276;-0.2732092738;-0.4039343297;-0.4692968726;9
31.12434124;-2.029113531;0.8087740541;8.236095428;31.13233458;-0.2805396616;-0.4100429714;-0.4546361268;9
31.12644307;-2.009970903;0.7752745152;8.350951195;31.1344364;-0.281761378;-0.4185950756;-0.4424188137;9
31.12854489;-1.952543259;0.7704889178;8.480163574;31.13653822;-0.2805396616;-0.428368926;-0.4302015305;9
31.13064671;-1.8855443;0.760917604;8.647661209;31.13864005;-0.278096199;-0.4356993139;-0.4216494262;9
31.13274854;-1.842473388;0.760917604;8.738588333;31.14074192;-0.2719875574;-0.4442514181;-0.4155407548;9
31.13485036;-1.770688772;0.732203722;8.834300995;31.14284369;-0.265878886;-0.4479165971;-0.4106538594;9
31.13695218;-1.694118381;0.70348984;8.863015175;31.14494557;-0.2609919906;-0.4479165971;-0.404545188;9
31.13905401;-1.612762451;0.6604190469;8.949156761;31.14704734;-0.2548833191;-0.4466948807;-0.3996582925;9
31.14115588;-1.55054903;0.6029912829;8.97308445;31.14914921;-0.2499964088;-0.4418079555;-0.3959930837;9
31.14325765;-1.50269258;0.5647061467;8.982656479;31.15125104;-0.2475529462;-0.4308123887;-0.3923279047;9
31.14535953;-1.478764415;0.5264210105;8.987442017;31.15335286;-0.2438877672;-0.4198168218;-0.3886627257;9
31.1474613;-1.45483613;0.4689932466;8.953942299;31.15545468;-0.2438877672;-0.4075995386;-0.3849975169;9
31.14956317;-1.416550994;0.4498506486;8.910871506;31.15755651;-0.2426660359;-0.3904953003;-0.3801106215;9
31.15166499;-1.383051515;0.4163511395;8.891729355;31.15965833;-0.2402225733;-0.3733910918;-0.3764454126;9
31.15376682;-1.35912323;0.3876372576;8.858229637;31.16176015;-0.2402225733;-0.3575085998;-0.3727802336;9
31.15586864;-1.344766378;0.3780659735;8.829515457;31.16386197;-0.2414443046;-0.3440696001;-0.370336771;9
31.15797046;-1.35912323;0.3732803464;8.824729919;31.16596385;-0.2414443046;-0.3318522871;-0.3678933084;9
31.16007229;-1.335195065;0.3780659735;8.848658562;31.16806567;-0.2402225733;-0.3184132576;-0.366671592;9
31.16217411;-1.301695466;0.3637090325;8.848658562;31.17016749;-0.239000842;-0.3074176908;-0.366671592;9
31.16427593;-1.268195987;0.3445664644;8.863015175;31.17226932;-0.2402225733;-0.2988655865;-0.3654498458;9
31.16637781;-1.26341033;0.3254238665;8.858229637;31.17437114;-0.2414443046;-0.2939786613;-0.366671592;9
31.16847963;-1.277767301;0.3014956415;8.910871506;31.17647296;-0.2402225733;-0.2915352285;-0.3678933084;9
31.17058145;-1.292124271;0.2919243574;8.953942299;31.17857479;-0.2414443046;-0.2878700197;-0.3691150546;9
31.17268328;-1.296909928;0.2727817893;8.963513374;31.18067661;-0.2414443046;-0.2890917659;-0.3691150546;9
31.1747851;-1.325623751;0.2488535494;8.982656479;31.18277843;-0.2451094985;-0.2890917659;-0.370336771;9
31.17688692;-1.368694544;0.2297109663;8.997013092;31.18488026;-0.2475529462;-0.2866483033;-0.3715584874;9
31.17898874;-1.421336651;0.2392822653;9.011369705;31.18698208;-0.2499964088;-0.2878700197;-0.370336771;9
31.18109057;-1.478764415;0.2297109663;9.025727272;31.1890839;-0.2512181401;-0.2854265571;-0.3678933084;9
31.18319239;-1.540977836;0.2057827413;9.03051281;31.19118578;-0.2524398565;-0.2829830945;-0.366671592;9
31.18529421;-1.588834286;0.1962114573;9.020941734;31.1932876;-0.2536616027;-0.2756527364;-0.3642281294;9
31.18739604;-1.655833244;0.1722832322;9.03051281;31.19538942;-0.2573267817;-0.2719875574;-0.3605629504;9
31.18949786;-1.698904037;0.1579262912;9.011369705;31.19749124;-0.258548528;-0.265878886;-0.3593412042;9
31.19159973;-1.751546144;0.1387837082;9.011369705;31.19959307;-0.258548528;-0.258548528;-0.3544542789;9
31.19370156;-1.789831281;0.1244267747;9.020941734;31.20169489;-0.2609919906;-0.2524398565;-0.3495673835;9
31.19580338;-1.808973908;0.1579262912;9.040083885;31.20379671;-0.2634354234;-0.2451094985;-0.3471239209;9
31.1979052;-1.842473388;0.1866401732;9.011369705;31.20589854;-0.2634354234;-0.2377791107;-0.3446804583;9
31.20000703;-1.895115495;0.1866401732;9.025727272;31.20800041;-0.2646571696;-0.2280052751;-0.3410152495;9
31.20210885;-1.93340075;0.2057827413;9.016156197;31.21010218;-0.2646571696;-0.2218966335;-0.3373500705;9
31.20421067;-1.962114573;0.1914258152;9.016156197;31.21220406;-0.2683223486;-0.215787977;-0.3324631453;9
31.20631249;-2.009970903;0.1914258152;9.035298347;31.21430583;-0.2683223486;-0.2084576041;-0.3287979662;9
31.20841437;-2.067398787;0.2009970993;9.068798065;31.21640765;-0.2695440948;-0.1999054998;-0.3226893246;9
31.21051614;-2.129612207;0.2105683982;9.107083321;31.21850953;-0.2695440948;-0.1913533956;-0.3178023994;9
31.21261802;-2.230110645;0.2105683982;9.126225471;31.22061135;-0.2683223486;-0.1864664704;-0.3068068326;9
31.21471979;-2.340180635;0.2201396823;9.174081802;31.22271317;-0.265878886;-0.1828012913;-0.2982547283;9
31.21682161;-2.440679073;0.1962114573;9.212367058;31.22481499;-0.265878886;-0.1840230078;-0.2872591615;9
31.21892348;-2.536391973;0.2009970993;9.284152031;31.22691682;-0.2671006322;-0.1852447391;-0.2799287736;9
31.22102531;-2.63689065;0.1962114573;9.312865257;31.22901864;-0.2646571696;-0.1962403059;-0.2677114904;9
31.22312713;-2.723032236;0.1770688742;9.341579437;31.23112046;-0.265878886;-0.2023489624;-0.2567159235;9
31.22522895;-2.794816732;0.1962114573;9.38465023;31.23322229;-0.2671006322;-0.2096793354;-0.246942088;9
31.22733078;-2.857030153;0.2057827413;9.389435768;31.23532411;-0.2695440948;-0.215787977;-0.2347247899;9
31.2294326;-2.952743053;0.1914258152;9.399007797;31.23742593;-0.2744309902;-0.215787977;-0.223729223;9
31.23153442;-3.034099102;0.1674975902;9.375079155;31.23952776;-0.2793179154;-0.215787977;-0.2090684772;9
31.23363624;-3.115455151;0.1722832322;9.370293617;31.24162958;-0.2890917659;-0.2096793354;-0.1956294477;9
31.23573807;-3.177668571;0.1579262912;9.346364975;31.24373145;-0.2952004075;-0.1999054998;-0.1846338809;9
31.23783989;-3.230310678;0.1244267747;9.255437851;31.24583322;-0.3025307953;-0.188909933;-0.1724165827;9
31.23994171;-3.268595695;0.0765703246;9.202795982;31.2479351;-0.3098611534;-0.1754709035;-0.1601992846;9
31.24204354;-3.24466753;0.05264209956;9.217152596;31.25003692;-0.312304616;-0.158366695;-0.1492037177;9
31.24414541;-3.220739365;0.04785645381;9.274580956;31.25213874;-0.3147480786;-0.1400407553;-0.1382081509;9
31.24624718;-3.187239647;0.09092725813;9.3367939;31.25424057;-0.3135263622;-0.1229365394;-0.1259908676;9
31.24834906;-3.139383316;0.1722832322;9.461220741;31.25634239;-0.3074176908;-0.1058323234;-0.113773562;9
31.25045088;-3.091526747;0.2727817893;9.54257679;31.25844426;-0.3049742281;-0.08628465235;-0.10033454;9
31.2525527;-3.058027267;0.3445664644;9.638289452;31.26054609;-0.3000873327;-0.06551524997;-0.08811724186;9
31.25465453;-3.05324173;0.3589234054;9.729216576;31.26264791;-0.2939786613;-0.04963276163;-0.07834340632;9
31.25675635;-3.062813044;0.3254238665;9.815358162;31.26474973;-0.2890917659;-0.03130681813;-0.06979130208;9
31.25885822;-3.058027267;0.2919243574;9.896714211;31.26685156;-0.2793179154;-0.01664606482;-0.06246092543;9
31.26096005;-3.034099102;0.2536391914;9.992427826;31.26895338;-0.2732092738;-0.003207040019;-0.05635227636;9
31.26306187;-3.00538516;0.1962114573;10.06899738;31.2710552;-0.2646571696;0.006566796452;-0.05146535859;9
31.26516369;-2.962314367;0.1914258152;10.15513897;31.27315703;-0.2561050653;0.01145371422;-0.0478001684;9
31.26726552;-2.933600664;0.1435693651;10.2652092;31.27525885;-0.2499964088;0.01634063199;-0.04535670951;9
31.26936734;-2.904886723;0.1004985496;10.3657074;31.27736067;-0.2426660359;0.01511890348;-0.04413498193;9
31.27146916;-2.914458036;0.05742774159;10.40399265;31.27946249;-0.235335663;0.009010255337;-0.04535670951;9
31.27357098;-2.928814888;-0.009571290575;10.43749237;31.28156432;-0.2267835438;-0.0007635809598;-0.0490218997;9
31.27567281;-2.919243574;-0.0765703246;10.52363396;31.28366614;-0.2182314396;-0.01542433538;-0.05513054505;9
31.27777463;-2.90967226;-0.1339980662;10.65284634;31.28576802;-0.2109010667;-0.03252854943;-0.05757400393;9
31.27987645;-2.866601467;-0.1483550072;10.72463131;31.28786979;-0.2023489624;-0.04596757516;-0.06246092543;9
31.28197828;-2.837887764;-0.1196411327;10.74377346;31.28997161;-0.1950185746;-0.06185005978;-0.06490438432;9
31.2840801;-2.837887764;-0.09092725813;10.79641533;31.29207343;-0.1901316643;-0.0740673542;-0.06612611562;9
31.28618197;-2.876172781;-0.09092725813;10.82512951;31.29417531;-0.1864664704;-0.08750637621;-0.06734783947;9
31.28828374;-2.952743053;-0.1100698411;10.82991505;31.29627713;-0.1803578287;-0.09483675659;-0.06979130208;9
31.29038557;-3.024527788;-0.1531406492;10.83948612;31.29837895;-0.1766926348;-0.1033888608;-0.07101303339;9
31.29248739;-3.081955671;-0.1531406492;10.83948612;31.30048078;-0.1681405306;-0.1131627038;-0.07223475724;9
31.29458927;-3.110669374;-0.2009970993;10.83948612;31.3025826;-0.1644753367;-0.1204930767;-0.07101303339;9
31.29669109;-3.115455151;-0.2057827413;10.84427261;31.30468442;-0.1559232324;-0.1302669197;-0.06979130208;9
31.29879291;-3.110669374;-0.1866401732;10.85862923;31.30678624;-0.1510363221;-0.1363755614;-0.06490438432;9
31.30089473;-3.153740168;-0.1531406492;10.89212894;31.30888807;-0.142484203;-0.1473711282;-0.05879573524;9
31.30299656;-3.206382275;-0.1387837082;10.90170002;31.31098989;-0.1339320987;-0.1571449637;-0.05268708616;9
31.30509838;-3.268595695;-0.1004985496;10.92084217;31.31309171;-0.1241582632;-0.1693622619;-0.04535670951;9
31.3072002;-3.321237803;-0.09092725813;10.92084217;31.31519359;-0.1168278903;-0.1803578287;-0.03802633286;9
31.30930203;-3.34038043;-0.09092725813;10.92562866;31.31729541;-0.1094975099;-0.1925751269;-0.02703076601;9
31.31140385;-3.364308596;-0.07178468257;10.90648556;31.31939723;-0.09850194305;-0.1986837685;-0.01603520103;9
31.31350567;-3.354737282;-0.01914258115;10.86341476;31.32149906;-0.09117157012;-0.2072358727;-0.003817904973;9
31.31560755;-3.37387991;0.0;10.83948612;31.32360088;-0.08506292105;-0.2109010667;0.008399390616;9
31.31770937;-3.364308596;0.0239282269;10.82034397;31.3257027;-0.08017600328;-0.2145662606;0.01939495653;9
31.31981119;-3.345165968;0.0239282269;10.74377346;31.32780453;-0.0740673542;-0.2145662606;0.03283398226;9
31.32191302;-3.311666489;0.02871387079;10.67198944;31.3299064;-0.0728456229;-0.212122798;0.0438295491;9
31.32401484;-3.273381472;0.04785645381;10.60020447;31.33200817;-0.06673697382;-0.2011272311;0.05482511222;9
31.32611666;-3.201596737;0.04307080805;10.49013424;31.33411005;-0.06185005978;-0.1913533956;0.06459894776;9
31.32821848;-3.129812002;0.03349951655;10.41356373;31.33621187;-0.06185005978;-0.1718057245;0.07192932814;9
31.33032036;-3.043670416;0.05742774159;10.33220863;31.33831369;-0.05451968312;-0.1534797698;0.07925970852;9
31.33242213;-2.962314367;0.05264209956;10.27478027;31.34041552;-0.05207622424;-0.1302669197;0.08536835015;9
31.33452401;-2.857030153;0.0239282269;10.21735287;31.34251734;-0.04352411628;-0.1058323234;0.09025526792;9
31.33662583;-2.785245657;0.0143569354;10.18385315;31.34461916;-0.04108065739;-0.08139773458;0.09269873053;9
31.33872765;-2.689532757;0.01914258115;10.18385315;31.34672098;-0.03375028074;-0.05940660089;0.09636391699;9
31.34082947;-2.612962246;0.0239282269;10.164711;31.34882281;-0.02641990222;-0.03619373962;0.0975856483;9
31.3429313;-2.545963287;0.03349951655;10.15035343;31.35092463;-0.0190895237;-0.02031125315;0.09636391699;9
31.34503312;-2.49332118;0.06221338734;10.2029953;31.35302645;-0.01175914705;-0.004428769462;0.09269873053;9
31.34713494;-2.435893536;0.08135596663;10.18863869;31.35512828;-0.004428769462;0.005345067009;0.09025526792;9
31.34923676;-2.383251429;0.04785645381;10.19342422;31.3572301;0.0016798781;0.01511890348;0.08659008145;9
31.35133859;-2.316252232;0.0382851623;10.19342422;31.35933197;0.009010255337;0.02489273995;0.08414662629;9
31.35344041;-2.282752752;0.03349951655;10.19342422;31.3614338;0.0126754446;0.03222311661;0.08536835015;9
31.35554223;-2.263610125;0.0382851623;10.16949654;31.36353562;0.02000582218;0.04077522457;0.08903354406;9
31.35764406;-2.268395901;0.09571290761;10.164711;31.36563739;0.02611446939;0.05054906011;0.09269873053;9
31.35974593;-2.292324066;0.1579262912;10.11685371;31.36773926;0.02977965772;0.06398808211;0.0975856483;9
31.36184776;-2.368894339;0.1770688742;10.10728264;31.36984109;0.03344484791;0.07864884287;0.1049160287;9
31.36394958;-2.464607239;0.2249253243;10.08814049;31.37194291;0.03466657549;0.09697478265;0.1134681329;9
31.36605135;-2.536391973;0.2392822653;10.1024971;31.37404473;0.04077522457;0.111635536;0.1207985133;9
31.36815322;-2.612962246;0.2536391914;10.08335495;31.37614656;0.04566214234;0.127518028;0.1281288862;9
31.37025505;-2.684746981;0.2632105052;10.10728264;31.37824843;0.04932733253;0.1385135949;0.1354592592;9
31.37235687;-2.73260355;0.2679961324;10.12164021;31.3803502;0.05910116807;0.1458439678;0.1391244531;9
31.37445869;-2.742174864;0.2297109663;10.13599682;31.38245208;0.06643154472;0.1495091617;0.1440113783;9
31.37656052;-2.73260355;0.1962114573;10.164711;31.38455385;0.07620538026;0.1482874304;0.1488982886;9
31.37866239;-2.689532757;0.1579262912;10.22692394;31.38665567;0.08720094711;0.1446222365;0.1550069451;9
31.38076416;-2.684746981;0.1292124242;10.26999474;31.38875755;0.1018617004;0.1409570426;0.1611155868;9
31.38286604;-2.679961443;0.1292124242;10.31306553;31.39085937;0.1165224537;0.1385135949;0.169667691;9
31.38496781;-2.708675146;0.1483550072;10.31785107;31.39296119;0.131183207;0.1409570426;0.1769980639;9
31.38706963;-2.73260355;0.1770688742;10.31785107;31.39506302;0.1409570426;0.1409570426;0.1867718995;9
31.3891715;-2.737389088;0.1962114573;10.30349445;31.39716484;0.1519526094;0.1434005052;0.1953240186;9
31.39127333;-2.727817774;0.2297109663;10.27478027;31.39926666;0.1605047137;0.1482874304;0.2026543915;9
31.39337515;-2.71824646;0.2440679073;10.23649502;31.40136848;0.1678351015;0.1568395346;0.2112064958;9
31.39547697;-2.708675146;0.2584248483;10.18385315;31.40347031;0.1739437431;0.1653916389;0.2173151523;9
31.3975788;-2.656033039;0.2632105052;10.1024971;31.40557213;0.177608937;0.1715002805;0.2222020626;9
31.39968062;-2.569891453;0.3014956415;10.02592659;31.40767395;0.181274116;0.177608937;0.2283107042;9
31.40178244;-2.507678032;0.3062812984;9.925428391;31.40977578;0.1824958473;0.1800523996;0.2307541668;9
31.40388427;-2.435893536;0.3302095234;9.863214493;31.41187765;0.1800523996;0.1873827726;0.2344193608;9
31.40598609;-2.364108801;0.3349951804;9.767501831;31.41397947;0.177608937;0.1947131455;0.2380845547;9
31.40808791;-2.306680918;0.3206382394;9.662218094;31.4160813;0.1715002805;0.200821802;0.2405280024;9
31.41018973;-2.258824587;0.3158525825;9.561718941;31.41818307;0.1641699076;0.2057087123;0.2441931963;9
31.41229161;-2.215753794;0.2919243574;9.489934921;31.42028494;0.154396072;0.2093739063;0.2441931963;9
31.41439343;-2.172683001;0.2871387303;9.399007797;31.42238677;0.1434005052;0.2167042792;0.2478583902;9
31.41649526;-2.139183521;0.2775674164;9.317651749;31.42448859;0.1336266696;0.2215912044;0.2515235841;9
31.41859703;-2.115255117;0.2632105052;9.260223389;31.42659041;0.1214093715;0.2264781147;0.2527453005;9
31.4206989;-2.115255117;0.2584248483;9.188439369;31.42869229;0.1079703495;0.2313650399;0.2564104795;9
31.42280072;-2.100898266;0.2679961324;9.126225471;31.43079406;0.09575305134;0.2362519503;0.2600756884;9
31.42490255;-2.120040894;0.2727817893;9.116654396;31.43289588;0.08231402934;0.2386954129;0.2637408674;9
31.42700437;-2.158325911;0.2871387303;9.087940216;31.43499776;0.0725401938;0.2399171442;0.2710712552;9
31.42910624;-2.187039852;0.3062812984;9.102297783;31.43709958;0.05910116807;0.2411388755;0.2759581506;9
31.43120802;-2.191825628;0.3158525825;9.121439934;31.4392014;0.04932733253;0.2399171442;0.2820668221;9
31.43330984;-2.210968018;0.3158525825;9.131011009;31.44130322;0.03833176568;0.2374736816;0.2893971801;9
31.43541171;-2.215753794;0.3158525825;9.174081802;31.44340505;0.02977965772;0.2338084877;0.2955058515;9
31.43751354;-2.225325108;0.3014956415;9.20758152;31.44550687;0.01878409274;0.2264781147;0.3016144931;9
31.43961536;-2.230110645;0.2919243574;9.274580956;31.44760869;0.01023198478;0.2179260105;0.3089448512;9
31.44171718;-2.220539331;0.3014956415;9.284152031;31.44971052;0.002901607659;0.2105956376;0.3150535226;9
31.443819;-2.215753794;0.2584248483;9.341579437;31.45181234;-0.003207040019;0.200821802;0.3187187016;9
31.44592083;-2.187039852;0.2536391914;9.389435768;31.45391416;-0.01175914705;0.1898262352;0.3211621642;9
31.44802265;-2.143969059;0.2153540403;9.408578873;31.45601598;-0.0190895237;0.1837175786;0.3248273432;9
31.45012447;-2.105684042;0.1866401732;9.38465023;31.45811786;-0.02397644334;0.1739437431;0.3284925222;9
31.4522263;-2.053041935;0.1674975902;9.36550808;31.46021963;-0.02886336111;0.1739437431;0.3309359848;9
31.45432812;-1.995614052;0.1387837082;9.432506561;31.46232145;-0.03252854943;0.1727220118;0.3346011937;9
31.45642994;-1.952543259;0.1387837082;9.461220741;31.46442333;-0.03375028074;0.1788306683;0.3382663727;9
31.45853182;-1.914258122;0.1627119333;9.489934921;31.46652515;-0.03130681813;0.18493931;0.3443750143;9
31.46063359;-1.880758643;0.1962114573;9.51386261;31.46862697;-0.02886336111;0.1910479665;0.3517054021;9
31.46273541;-1.861616015;0.2249253243;9.51386261;31.4707288;-0.02641990222;0.1996000707;0.3590357602;9
31.46483729;-1.852044702;0.2297109663;9.561718941;31.47283062;-0.02153298259;0.2118173689;0.3688096106;9
31.46693911;-1.847259045;0.2536391914;9.614361763;31.47493244;-0.01298087649;0.2215912044;0.3773617148;9
31.46904093;-1.852044702;0.2584248483;9.633503914;31.47703426;-0.008093958721;0.235030219;0.3846921027;9
31.47114276;-1.842473388;0.2536391914;9.633503914;31.47913614;-0.001985310577;0.2509126961;0.3908007443;9
31.47324458;-1.804188251;0.2440679073;9.633503914;31.48123796;0.004123337101;0.2680169344;0.3969093859;9
31.4753464;-1.737189293;0.2057827413;9.647860527;31.48333973;0.01511890348;0.2900080681;0.4017963111;9
31.47744822;-1.679761529;0.1627119333;9.676574707;31.48544161;0.02977965772;0.3058905303;0.409126699;9
31.4795501;-1.607976794;0.1387837082;9.767501831;31.48754343;0.04321868345;0.324216485;0.416457057;9
31.48165192;-1.603191137;0.1387837082;9.87757206;31.48964526;0.06032289565;0.3400989771;0.4237874448;9
31.48375369;-1.560120344;0.1531406492;9.944570541;31.49174708;0.07742711157;0.3572031856;0.4347830117;9
31.48585557;-1.560120344;0.1770688742;10.00678444;31.4938489;0.09453132749;0.370642215;0.4421133697;9
31.48795739;-1.560120344;0.1722832322;10.1024971;31.49595072;0.1165224537;0.3853029609;0.4494437575;9
31.49005921;-1.569691658;0.1674975902;10.15035343;31.49805255;0.1385135949;0.3926333487;0.4567741454;9
31.49216104;-1.55054903;0.1435693651;10.21735287;31.50015437;0.161726445;0.4036289155;0.4616610706;9
31.49426286;-1.507478237;0.1100698411;10.28435135;31.50225619;0.1824958473;0.4109592736;0.4653262496;9
31.49636468;-1.440479279;0.08614161611;10.31785107;31.50435802;0.2057087123;0.4170679152;0.4677697122;9
31.49846651;-1.354337573;0.05742774159;10.34656525;31.50645989;0.2264781147;0.424398303;0.466547966;9
31.50056833;-1.244267821;0.009571290575;10.37527943;31.50856171;0.2472475171;0.4317286909;0.4641045034;9
31.50267015;-1.138983607;-0.0239282269;10.34177971;31.51066354;0.2680169344;0.4366155863;0.4616610706;9
31.50477197;-1.009771109;-0.04785645381;10.30349445;31.51276536;0.2900080681;0.4415025115;0.459217608;9
31.50687385;-0.9188438654;-0.06699903309;10.2652092;31.51486718;0.3071122766;0.4451677203;0.4518872201;9
31.50897567;-0.813559711;-0.06221338734;10.21735287;31.51696901;0.320551306;0.4463894367;0.4482220411;9
31.51107749;-0.708275497;-0.06699903309;10.12164021;31.51907083;0.3327685893;0.4427242577;0.4408916533;9
31.51317932;-0.6125625968;-0.03349951655;10.01635551;31.52117265;0.3388772309;0.4415025115;0.4323395491;9
31.51528114;-0.5264210105;0.004785645287;9.920642853;31.52327447;0.3425424397;0.4439459741;0.4250091612;9
31.51738296;-0.4259224236;0.04307080805;9.781859398;31.5253763;0.3400989771;0.4439459741;0.412791878;9
31.51948479;-0.3302095234;0.05742774159;9.628718376;31.52747812;0.3352120519;0.4402807951;0.4030180275;9
31.52158661;-0.2727817893;0.0765703246;9.394221306;31.52957994;0.3327685893;0.4378373325;0.3932442069;9
31.52368843;-0.1674975902;0.0765703246;9.188439369;31.53168182;0.3181078434;0.4390590489;0.3846921027;9
31.52579026;-0.08614161611;0.08614161611;9.044869423;31.53378364;0.3046688139;0.4488328993;0.378583461;9
31.52789208;-0.0143569354;0.1004985496;8.896514893;31.53588546;0.2851211429;0.4610501826;0.3749182522;9
31.5299939;-0.02871387079;0.1292124242;8.772088051;31.53798729;0.2655734718;0.474489212;0.3761399984;9
31.53209578;-0.08614161611;0.1627119333;8.599804878;31.54008911;0.2399171442;0.4879282415;0.3761399984;9
31.5341976;-0.1579262912;0.2201396823;8.46102047;31.54219093;0.2191477418;0.4952586293;0.3798051775;9
31.53629942;-0.2392822653;0.2919243574;8.355736732;31.54429276;0.1947131455;0.5050324798;0.3846921027;9
31.53840124;-0.3206382394;0.3445664644;8.298309326;31.54639458;0.1715002805;0.5148062706;0.3908007443;9
31.54050307;-0.3924229145;0.4115654826;8.283951759;31.5484964;0.1507308781;0.5184714794;0.3956876695;9
31.54260489;-0.4354937077;0.4689932466;8.293522835;31.55059822;0.1287397593;0.5209149122;0.4030180275;9
31.54470671;-0.4785645306;0.4929214716;8.317451477;31.55270005;0.1128572673;0.5233584046;0.409126699;9
31.54680854;-0.5168496966;0.4881358147;8.365307808;31.55480192;0.09819651395;0.5258018374;0.4176788032;9
31.54891036;-0.5264210105;0.4881358147;8.441878319;31.55690374;0.0847574845;0.5282453299;0.4274526238;9
31.55101218;-0.5742774606;0.4929214716;8.556734085;31.55900557;0.07498364896;0.5319104791;0.4372264743;9
31.553114;-0.6125625968;0.4929214716;8.662017822;31.56110734;0.06520981342;0.5331322551;0.4470002949;9
31.55521588;-0.679561615;0.4833501875;8.786444664;31.56320921;0.05910116807;0.5282453299;0.4567741454;9
31.5573177;-0.732203722;0.4689932466;8.87258625;31.56531104;0.05665770918;0.524580121;0.4677697122;9
31.55941953;-0.7465606928;0.4402793646;9.006584167;31.56741286;0.0542142503;0.5233584046;0.4787652791;9
31.5615213;-0.760917604;0.3972085714;9.221938133;31.56951468;0.05665770918;0.5233584046;0.4922043085;9
31.56362317;-0.7896314859;0.3732803464;9.360722542;31.5716165;0.06032289565;0.5258018374;0.5056433082;9
31.56572499;-0.866201818;0.3684946895;9.470791817;31.57371833;0.06520981342;0.5282453299;0.5239692926;9
31.56782682;-0.9332008362;0.4067798555;9.595218658;31.57582015;0.0725401938;0.5270236135;0.5410735011;9
31.56992864;-1.024128079;0.4115654826;9.724431038;31.57792203;0.08109229803;0.5233584046;0.5569559336;9
31.57203046;-1.076770186;0.4211367965;9.901499748;31.5800238;0.09453132749;0.5135845542;0.5716167092;9
31.57413229;-1.091127157;0.4067798555;10.06421185;31.58212567;0.1091920808;0.5038107038;0.5826122761;9
31.57623411;-1.062413216;0.4019941986;10.19342422;31.58422749;0.127518028;0.4977020919;0.5923861265;9
31.57833598;-0.9954141974;0.3302095234;10.31306553;31.58632932;0.1458439678;0.4915934205;0.5997164845;9
31.58043776;-0.890130043;0.2871387303;10.40877819;31.58843114;0.1653916389;0.4867065251;0.6058251262;9
31.58253963;-0.7896314859;0.2344966233;10.46620655;31.59053296;0.1886045039;0.4842630625;0.609490335;9
31.58464145;-0.6939185858;0.2105683982;10.53320503;31.59263479;0.2105956376;0.4818195999;0.6143772602;9
31.58674328;-0.5790630579;0.1866401732;10.56670475;31.59473661;0.2325867712;0.4830413163;0.6143772602;9
31.5888451;-0.4594219327;0.1866401732;10.57627583;31.59683843;0.2509126961;0.4854847789;0.6155989766;9
31.59094692;-0.3445664644;0.1866401732;10.55234814;31.59894031;0.2704603672;0.4928151667;0.6131555438;9
31.59304874;-0.2344966233;0.1818545163;10.47577763;31.60104208;0.2851211429;0.5038107038;0.6119337678;9
31.59515057;-0.1292124242;0.1818545163;10.36092186;31.6031439;0.2985601723;0.5038107038;0.609490335;9
31.59725239;-0.04785645381;0.1866401732;10.24128056;31.60524572;0.3034470677;0.5013672709;0.6058251262;9
31.59935427;0.06221338734;0.2201396823;10.10728264;31.60734755;0.3095557392;0.4989238083;0.5997164845;9
31.60145604;0.2249253243;0.2249253243;9.997213364;31.60944942;0.308333993;0.5038107038;0.5948295593;9
31.60355786;0.3541377485;0.2392822653;9.906285286;31.61155124;0.3058905303;0.5111411214;0.5899426341;9
31.60565968;0.4546363056;0.2727817893;9.734002113;31.61365302;0.2985601723;0.517249763;0.5850557685;9
31.60776151;0.4689932466;0.2919243574;9.528220177;31.61575489;0.2875646055;0.517249763;0.5789470673;9
31.60986338;0.5024927258;0.3254238665;9.3367939;31.61785671;0.2753472924;0.517249763;0.5728384256;9
31.6119652;0.5647061467;0.3541377485;9.231510162;31.61995854;0.261908263;0.5196931958;0.5655080676;9
31.61406697;0.6556333899;0.3684946895;9.111868858;31.62206036;0.2448040545;0.524580121;0.5569559336;9
31.61616885;0.732203722;0.3589234054;9.025727272;31.62416218;0.2264781147;0.5294670463;0.5471821427;9
31.61827067;0.7992027402;0.3397808075;8.97308445;31.62626401;0.2081521749;0.5270236135;0.5349648595;9
31.62037249;0.8709874153;0.3254238665;8.882157326;31.62836583;0.1886045039;0.517249763;0.5227475166;9
31.62247432;0.9092726111;0.3206382394;8.796015739;31.63046765;0.1715002805;0.5062541962;0.5068650246;9
31.62457614;0.9858429432;0.2967100143;8.738588333;31.63256947;0.1519526094;0.5025889874;0.4922043085;9
31.62667796;1.091127157;0.2249253243;8.767302513;31.63467135;0.1360701323;0.4989238083;0.4763218164;9
31.62877979;1.16769743;0.2153540403;8.757730484;31.63677312;0.1189659163;0.4940368831;0.462882787;9
31.63088161;1.205982566;0.2009970993;8.719446182;31.63887499;0.1006399691;0.4854847789;0.4531089365;9
31.63298343;1.191625714;0.2344966233;8.676374435;31.64097682;0.0847574845;0.4793761373;0.4445568323;9
31.63508531;1.143769264;0.2967100143;8.690732002;31.64307864;0.06765327603;0.474489212;0.4384481907;9
31.63718708;1.091127157;0.3541377485;8.700303078;31.64518046;0.04932733253;0.4622719288;0.4384481907;9
31.63928895;0.9858429432;0.4354937077;8.709874153;31.64728229;0.02855792828;0.4500546157;0.4384481907;9
31.64139078;0.8853443861;0.5168496966;8.757730484;31.64938411;0.01145371422;0.424398303;0.4396699369;9
31.6434926;0.7704889178;0.5790630579;8.738588333;31.65148593;-0.008093958721;0.3914116025;0.4408916533;9
31.64559442;0.6556333899;0.5838487148;8.743373871;31.65358776;-0.02397644334;0.3657552898;0.4433351159;9
31.64769624;0.6364908218;0.5264210105;8.815158844;31.65568958;-0.04108065739;0.3462076187;0.4445568323;9
31.64979807;0.6364908218;0.4642075896;8.90130043;31.6577914;-0.05818486959;0.327881664;0.4506655037;9
31.65189989;0.6173482537;0.4594219327;8.915657043;31.65989322;-0.0728456229;0.311999172;0.459217608;9
31.65400171;0.5647061467;0.4881358147;8.906085968;31.6619951;-0.08994983882;0.2961167097;0.4702131748;9
31.65610354;0.5359922647;0.4929214716;8.915657043;31.66409687;-0.1046105921;0.281455934;0.4824304581;9
31.65820536;0.4881358147;0.5168496966;8.930013657;31.66619874;-0.1204930767;0.2716821134;0.4934260249;9
