Tempo acelerômetro (s);Acelerômetro X (m/s²);Acelerômetro Y (m/s²);Acelerômetro Z (m/s²);Tempo giroscópio (s);Giroscópio X (rad/s);Giroscópio Y (rad/s);Giroscópio Z (rad/s);gesto
6.191753176;1.607976794;-0.03349951655;8.111668587;6.199746093;0.2134972364;0.01328630932;-0.6666061878;3
6.193854895;1.622333765;-0.04307080805;8.068597794;6.201847812;0.2098320574;0.02061668597;-0.6824886799;3
6.195956614;1.59840548;-0.03349951655;7.987242222;6.20394953;0.2037234008;0.02306014486;-0.6971494555;3
6.198058332;1.526620865;-0.004785645287;7.958528042;6.206051301;0.2000582218;0.02916879393;-0.7105884552;3
6.200160051;1.450050473;0.0;7.944170952;6.208152968;0.1951712966;0.03283398226;-0.7191405892;3
6.20226177;1.378265858;0.0;7.972885132;6.210254739;0.1915061027;0.04016435891;-0.7264709473;3
6.204363489;1.26341033;0.01914258115;8.011170387;6.212356457;0.1866191924;0.04505127668;-0.7301361561;3
6.20646526;1.158126116;0.004785645287;8.039883614;6.214458124;0.1829539984;0.04749473557;-0.7313578725;3
6.208566926;1.009771109;0.0382851623;8.025527;6.216559895;0.1829539984;0.04505127668;-0.7325795889;3
6.210668697;0.8566305041;0.0239282269;8.039883614;6.218661614;0.1768453568;0.03649916872;-0.7313578725;3
6.212770416;0.7369893789;0.05264209956;8.030312538;6.22076328;0.1707367003;0.03039052337;-0.7289143801;3
6.214872082;0.6412764788;0.0765703246;8.025527;6.222865051;0.16584979;0.0242818743;-0.7240274549;3
6.216973853;0.5455635786;0.0765703246;8.059026718;6.224966718;0.1621845961;0.01939495653;-0.7203623056;3
6.219075572;0.4737788737;0.04307080805;8.020741463;6.227068489;0.1560759544;0.01206457894;-0.7166970968;3
6.221177239;0.3828516304;0.01914258115;8.00638485;6.229170207;0.1499672979;0.001069013379;-0.713031888;3
6.22327901;0.2919243574;0.0;7.982456207;6.231271926;0.142636925;-0.01481347065;-0.7093667388;3
6.225380676;0.2584248483;-0.009571290575;8.025527;6.233373593;0.1401934624;-0.02703076601;-0.7081450224;3
6.227482447;0.2488535494;-0.03349951655;7.996813297;6.235475312;0.1340848207;-0.04291325063;-0.7093667388;3
6.229584166;0.2871387303;-0.04307080805;7.987242222;6.23757703;0.1255327165;-0.05757400393;-0.7118101716;3
6.231685885;0.3158525825;-0.07178468257;7.944170952;6.239678749;0.1194240674;-0.07101303339;-0.714253664;3
6.233787551;0.3206382394;-0.1100698411;7.896314621;6.241780468;0.1084285006;-0.08445205539;-0.7166970968;3
6.23588927;0.3876372576;-0.1196411327;7.84845829;6.243882187;0.09987638891;-0.09544762224;-0.7191405892;3
6.237990989;0.4019941986;-0.1148554832;7.805387497;6.245983905;0.08765909821;-0.1052214578;-0.7240274549;3
6.240092707;0.4259224236;-0.1579262912;7.757531166;6.248085624;0.07910698652;-0.1113301069;-0.7264709473;3
6.242194426;0.4546363056;-0.1531406492;7.709674358;6.250187343;0.06566796452;-0.1174387559;-0.7325795889;3
6.244296145;0.4881358147;-0.1722832322;7.666603565;6.252289062;0.05589412898;-0.1174387559;-0.7374665141;3
6.246397864;0.5312066078;-0.1674975902;7.65703249;6.254390832;0.04367683083;-0.1162170246;-0.7435751557;3
6.248499582;0.5886343718;-0.1579262912;7.633104324;6.256492499;0.03390299529;-0.1113301069;-0.748462081;3
6.250601301;0.6364908218;-0.1483550072;7.580461979;6.258594218;0.02046396956;-0.1088866442;-0.7533490062;3
6.25270302;0.679561615;-0.1292124242;7.551748276;6.260695989;0.01069013402;-0.1015562713;-0.7582359314;3
6.254804791;0.6699903607;-0.1148554832;7.52782011;6.262797707;0.0009162971983;-0.0978910774;-0.7619010806;3
6.256906457;0.6604190469;-0.07178468257;7.494320393;6.264899426;-0.007635809947;-0.086895518;-0.764344573;3
6.259008176;0.6317051649;-0.06699903309;7.451249599;6.267001145;-0.01374445762;-0.07712167501;-0.7680097222;3
6.261109947;0.5790630579;-0.04307080805;7.422535896;6.269102812;-0.02107483521;-0.06612611562;-0.7704532146;3
6.263211666;0.5216353536;-0.01914258115;7.403393269;6.271204582;-0.02718348242;-0.05268708616;-0.771674931;3
6.265313385;0.4689932466;0.0143569354;7.393822193;6.273306249;-0.03817904741;-0.04169152305;-0.7728966475;3
6.267415103;0.4067798555;0.04307080805;7.393822193;6.275407968;-0.0418442376;-0.03191768378;-0.7728966475;3
6.26951677;0.3780659735;0.08135596663;7.393822193;6.277509687;-0.04428769648;-0.01725693047;-0.771674931;3
6.271618541;0.3397808075;0.1148554832;7.384250641;6.279611457;-0.05161807314;-0.003817904973;-0.7704532146;3
6.273720207;0.3302095234;0.1531406492;7.389036179;6.281713176;-0.05283980444;0.0108428495;-0.7680097222;3
6.275821926;0.2775674164;0.1387837082;7.422535896;6.283814895;-0.05528326333;0.02672533318;-0.764344573;3
6.277923645;0.2392822653;0.1387837082;7.417750359;6.285916562;-0.05161807314;0.04749473557;-0.7606793642;3
6.280025416;0.1722832322;0.1531406492;7.479963779;6.288018332;-0.05039634556;0.06704241037;-0.7582359314;3
6.282127135;0.1100698411;0.1244267747;7.546962738;6.290119999;-0.04306596518;0.08536835015;-0.755792439;3
6.284228853;0.06221338734;0.1292124242;7.609176159;6.292221718;-0.03817904741;0.1024725661;-0.7533490062;3
6.28633052;0.05742774159;0.1148554832;7.676175117;6.294323437;-0.02962694131;0.1220202371;-0.7545707226;3
6.288432291;0.02871387079;0.1052841991;7.724031448;6.296425207;-0.01985310577;0.142789647;-0.7533490062;3
6.290533957;0.02871387079;0.05742774159;7.814958572;6.298526874;-0.005192350596;0.1611155868;-0.7545707226;3
6.292635676;0.009571290575;0.03349951655;7.881958008;6.300628645;0.008246674202;0.1769980639;-0.7545707226;3
6.294737395;0.009571290575;0.01914258115;7.953742504;6.302730364;0.02290742844;0.1855501831;-0.7570141554;3
6.296839166;-0.01914258115;0.01914258115;8.015955925;6.304832082;0.03756818548;0.1916588247;-0.7606793642;3
6.298940832;-0.02871387079;0.01914258115;8.08295536;6.306933749;0.0485637486;0.1953240186;-0.763122797;3
6.301042603;-0.02871387079;0.0143569354;8.106883049;6.30903552;0.06200277433;0.1941022873;-0.7680097222;3
6.303144322;-0.004785645287;0.0143569354;8.121239662;6.311137239;0.07055488229;0.1916588247;-0.7741183639;3
6.305246041;0.009571290575;-0.0143569354;8.121239662;6.313238905;0.08155044913;0.1879936308;-0.7814487815;3
6.307347707;0.02871387079;-0.04785645381;8.063812256;6.315340624;0.08888082206;0.1855501831;-0.7863357067;3
6.309449478;0.03349951655;-0.06699903309;8.011170387;6.317442343;0.09010255337;0.1806632578;-0.7936660647;3
6.311551197;0.04307080805;-0.1052841991;7.901100159;6.319544114;0.09010255337;0.1757763475;-0.8022181988;3
6.313652864;0.04307080805;-0.1339980662;7.814958572;6.321645832;0.08765909821;0.1745546162;-0.8071050644;3
6.315754582;0.04307080805;-0.1483550072;7.709674358;6.323747499;0.08155044913;0.1721111536;-0.8119919896;3
6.317856301;0.0239282269;-0.1627119333;7.623532772;6.32584927;0.07177661359;0.169667691;-0.8181006312;3
6.319958072;-0.009571290575;-0.1435693651;7.508677483;6.327950989;0.05833758786;0.1684459597;-0.8229875565;3
6.322059791;-0.05742774159;-0.1148554832;7.417750359;6.330052707;0.04123337194;0.1660024971;-0.8254310489;3
6.324161457;-0.1052841991;-0.09092725813;7.331608772;6.332154426;0.02412915789;0.1598938555;-0.8290961981;3
6.326263228;-0.1722832322;-0.06221338734;7.226324558;6.334256093;0.005803215317;0.1574503928;-0.8278744817;3
6.328364947;-0.2536391914;-0.0239282269;7.149754047;6.336357812;-0.01496618707;0.1501200199;-0.8266527653;3
6.330466666;-0.3445664644;0.004785645287;7.11625433;6.338459582;-0.03817904741;0.1379027218;-0.8242093325;3
6.332568385;-0.4163511395;0.02871387079;7.054041386;6.340561301;-0.0601701811;0.1305723488;-0.8193224072;3
6.334670051;-0.5168496966;0.05264209956;7.01575613;6.34266302;-0.08582650125;0.1171333194;-0.8168789148;3
6.33677177;-0.5694918036;0.06699903309;7.020541668;6.344764739;-0.1114828214;0.1049160287;-0.8095485568;3
6.338873541;-0.6412764788;0.08135596663;7.010970116;6.346866457;-0.1346956789;0.09514218569;-0.8034399152;3
6.34097526;-0.7178468108;0.1148554832;7.020541668;6.348968124;-0.1579085439;0.08536835015;-0.7961094975;3
6.343076978;-0.7992027402;0.1148554832;7.034898758;6.351069843;-0.1798996776;0.07559451461;-0.7887791395;3
6.345178697;-0.8805587292;0.1292124242;7.054041386;6.353171614;-0.2018908113;0.07192932814;-0.7790052891;3
6.347280416;-0.9667003751;0.1244267747;7.13061142;6.355273332;-0.2226602137;0.06459894776;-0.7704532146;3
6.349382082;-1.033699393;0.1435693651;7.188039303;6.357374999;-0.2397644222;0.0621554926;-0.7582359314;3
6.351483801;-1.110269666;0.1435693651;7.250252724;6.359476718;-0.2580903769;0.05971203372;-0.7460185885;3
6.353585572;-1.153340459;0.1770688742;7.312466145;6.361578489;-0.2715294063;0.0621554926;-0.7338013053;3
6.355687291;-1.220339537;0.1818545163;7.451249599;6.363680207;-0.284968406;0.06826414168;-0.7191405892;3
6.357788957;-1.292124271;0.1962114573;7.523034573;6.365781874;-0.2959639728;0.07803797722;-0.70570153;3
6.359890676;-1.344766378;0.2009970993;7.613961697;6.367883593;-0.3020726442;0.08903354406;-0.6898190379;3
6.361992447;-1.392622828;0.2057827413;7.724031448;6.369985364;-0.3069595397;0.1024725661;-0.6727148294;3
6.364094166;-1.416550994;0.2105683982;7.838887215;6.372087082;-0.3106247485;0.1159115955;-0.6531671882;3
6.366195832;-1.45483613;0.2105683982;7.982456207;6.374188749;-0.3130682111;0.1293506175;-0.6360629797;3
6.368297551;-1.483550072;0.2105683982;8.126026154;6.376290468;-0.3081812859;0.1440113783;-0.6177369952;3
6.370399322;-1.50269258;0.1962114573;8.274380684;6.378392187;-0.3032943606;0.1586721241;-0.6006327868;3
6.372501041;-1.521835208;0.1818545163;8.446663857;6.380493957;-0.2959639728;0.1733328849;-0.5847502947;3
6.374602707;-1.526620865;0.1722832322;8.580661774;6.382595624;-0.2837466896;0.1879936308;-0.571311295;3
6.376704426;-1.50269258;0.1531406492;8.743373871;6.384697395;-0.2739728391;0.2002109289;-0.5590940118;3
6.378806145;-1.473978758;0.1196411327;8.848658562;6.386799062;-0.2605338395;0.2124282271;-0.5480984449;3
6.380907916;-1.402194023;0.09092725813;8.968298912;6.388900832;-0.24709481;0.2234237939;-0.5407680273;3
6.383009582;-1.344766378;0.04785645381;9.116654396;6.391002551;-0.2336557806;0.2295324355;-0.5334376693;3
6.385111353;-1.282552958;0.004785645287;9.217152596;6.39310427;-0.2165515572;0.2393062711;-0.5297724605;3
6.38721302;-1.21555388;-0.0382851623;9.293723106;6.395205937;-0.2031125426;0.2441931963;-0.5236638188;3
6.389314791;-1.186840057;-0.1004985496;9.375079155;6.397307655;-0.1896735132;0.2466366589;-0.5224421024;3
6.39141651;-1.162911773;-0.1244267747;9.437292099;6.399409426;-0.1762344837;0.2490801066;-0.521220386;3
6.393518228;-1.177268744;-0.1674975902;9.494720459;6.401511093;-0.1615737379;0.2503018379;-0.5224421024;3
6.395619895;-1.186840057;-0.1722832322;9.566504478;6.403612812;-0.1481347084;0.2441931963;-0.5236638188;3
6.397721614;-1.196411371;-0.1722832322;9.614361763;6.405714582;-0.1395826042;0.2368628234;-0.5273290277;3
6.399823385;-1.191625714;-0.1722832322;9.609575272;6.407816301;-0.1334739476;0.2258672565;-0.5297724605;3
6.401925051;-1.158126116;-0.1722832322;9.628718376;6.40991802;-0.127365306;0.2099847645;-0.5346593857;3
6.40402677;-1.148554921;-0.1483550072;9.623932838;6.412019739;-0.1224783882;0.1916588247;-0.5419898033;3
6.406128541;-1.138983607;-0.1531406492;9.57129097;6.414121457;-0.1212566569;0.1684459597;-0.5468766689;3
6.40823026;-1.153340459;-0.1627119333;9.537791252;6.416223176;-0.1249218509;0.1403461844;-0.5542070866;3
6.410331978;-1.1820544;-0.1435693651;9.509077072;6.418324895;-0.1249218509;0.1122464016;-0.562759161;3
6.412433697;-1.196411371;-0.1292124242;9.44207859;6.420426614;-0.1322522312;0.08781181276;-0.5700895786;3
6.414535416;-1.234696507;-0.1148554832;9.41336441;6.42252828;-0.1432477981;0.05971203372;-0.5786416531;3
6.416637135;-1.258624673;-0.1100698411;9.341579437;6.424630051;-0.1493564397;0.03283398226;-0.5871937871;3
6.418738853;-1.282552958;-0.09571290761;9.269794464;6.426731718;-0.1652389169;0.008399390616;-0.5957458615;3
6.420840572;-1.306481123;-0.07178468257;9.193224907;6.428833437;-0.177456215;-0.01237001177;-0.6030762792;3
6.422942239;-1.330409408;-0.04307080805;9.102297783;6.430935155;-0.1896735132;-0.02825249545;-0.6104066372;3
6.42504401;-1.373480201;-0.0143569354;9.054440498;6.433036874;-0.2055560052;-0.04046979174;-0.6152935624;3
6.427145676;-1.416550994;0.02871387079;8.977870941;6.435138645;-0.2251036763;-0.05146535859;-0.6189587116;3
6.429247395;-1.483550072;0.05742774159;8.934800148;6.437240364;-0.2409861535;-0.06001746282;-0.6201804876;3
6.431349114;-1.584048629;0.1004985496;8.87258625;6.439342082;-0.2556469142;-0.06979130208;-0.621402204;3
6.433450832;-1.665404558;0.1339980662;8.805587769;6.441443801;-0.2751945853;-0.07467821985;-0.6177369952;3
6.435552603;-1.746760488;0.1627119333;8.796015739;6.44354552;-0.2922987938;-0.07956513762;-0.614071846;3
6.437654322;-1.832902193;0.2057827413;8.781659126;6.445647187;-0.3081812859;-0.08200860023;-0.6104066372;3
6.439756041;-1.923829436;0.2344966233;8.810373306;6.447748905;-0.3203985691;-0.08078686893;-0.6018545032;3
6.44185776;-1.9812572;0.2536391914;8.858229637;6.449850676;-0.3338375986;-0.07712167501;-0.5945241451;3
6.443959478;-2.038684845;0.2440679073;8.930013657;6.451952395;-0.343611449;-0.06490438432;-0.5835285783;3
6.446061145;-2.134397745;0.2536391914;9.03051281;6.454054114;-0.3497200906;-0.05146535859;-0.5749764442;3
6.448162864;-2.230110645;0.2967100143;9.111868858;6.456155832;-0.3546070158;-0.03924806044;-0.5615374446;3
6.450264635;-2.325823545;0.3302095234;9.221938133;6.458257551;-0.3546070158;-0.02703076601;-0.5456549525;3
6.452366353;-2.440679073;0.3780659735;9.341579437;6.46035927;-0.3546070158;-0.01603520103;-0.5261073112;3
6.454468072;-2.52682066;0.4307080805;9.485149384;6.462460989;-0.350941807;-0.008704823442;-0.5090031028;3
6.456569791;-2.612962246;0.4785645306;9.604789734;6.464562707;-0.3448331654;-0.003817904973;-0.4894554019;3
6.45867151;-2.699103832;0.5168496966;9.714859962;6.466664374;-0.3362810612;0.005955931731;-0.4699077308;3
6.460773228;-2.737389088;0.5072783828;9.911071777;6.468766145;-0.3277289569;0.02061668597;-0.4491383433;3
6.462874947;-2.804388046;0.5024927258;10.04506969;6.470867864;-0.3179551065;0.03161225095;-0.424703747;3
6.464976666;-2.866601467;0.5072783828;10.11685371;6.47296953;-0.3057378232;0.04627300799;-0.4002691507;3
6.467078332;-2.952743053;0.5264210105;10.15513897;6.475071301;-0.29352054;0.0621554926;-0.3758345544;3
6.469180103;-3.03888464;0.5264210105;10.18385315;6.47717302;-0.2800815105;0.07925970852;-0.3489564955;3
6.471281822;-3.072384357;0.5264210105;10.27478027;6.479274739;-0.2690859437;0.1000291109;-0.328187108;3
6.473383489;-3.086741209;0.5599204898;10.33699417;6.481376457;-0.2556469142;0.119576782;-0.3049742281;3
6.47548526;-3.034099102;0.5790630579;10.38963604;6.483478176;-0.2422078848;0.1354592592;-0.2829830945;3
6.477586978;-3.00538516;0.6125625968;10.40877819;6.485579895;-0.2299905866;0.1525634825;-0.262213707;3
6.479688697;-2.976671457;0.6029912829;10.42313576;6.487681614;-0.2128863782;0.1757763475;-0.2414443046;3
6.481790416;-2.895315409;0.5790630579;10.52841949;6.48978328;-0.1982256174;0.1965457499;-0.2218966335;3
6.483892135;-2.861815929;0.5312066078;10.60499001;6.491884999;-0.1823431402;0.2173151523;-0.2023489624;3
6.485993853;-2.833101988;0.5072783828;10.62413216;6.49398677;-0.1689041108;0.2319758981;-0.1840230078;3
6.488095572;-2.818745136;0.4977070987;10.64327526;6.496088489;-0.150578171;0.242971465;-0.1669187993;3
6.490197239;-2.804388046;0.4881358147;10.67198944;6.498190207;-0.1359174103;0.2441931963;-0.1534797698;3
6.492298957;-2.775674343;0.4642075896;10.72941685;6.500291926;-0.1249218509;0.2380845547;-0.1375972927;3
6.494400728;-2.727817774;0.4498506486;10.78205872;6.502393645;-0.1163697392;0.2234237939;-0.1253799945;3
6.496502447;-2.689532757;0.4402793646;10.82991505;6.504495364;-0.1090393662;0.2026543915;-0.1119409725;3
6.498604166;-2.646461725;0.4259224236;10.8107729;6.50659703;-0.1041524485;0.1757763475;-0.1033888608;3
6.500705885;-2.617748022;0.3828516304;10.77727318;6.508698801;-0.1017089859;0.142789647;-0.09605848789;3
6.502807603;-2.589034081;0.3493520916;10.7677021;6.51080052;-0.1017089859;0.1085812151;-0.09117157012;3
6.504909322;-2.565105915;0.3302095234;10.7677021;6.512902239;-0.1053741723;0.07315105945;-0.08750637621;3
6.507010989;-2.517249346;0.3062812984;10.75813103;6.515003957;-0.1102610901;0.04016435891;-0.08384118974;3
6.50911276;-2.464607239;0.3158525825;10.7054882;6.517105676;-0.1188132018;0.001069013379;-0.08261945844;3
6.511214478;-2.431107759;0.3110669553;10.66241741;6.519207343;-0.1285870373;-0.03436114267;-0.08384118974;3
6.513316197;-2.411965132;0.3014956415;10.60977554;6.521309114;-0.1420260668;-0.06979130208;-0.08384118974;3
6.515417916;-2.402393818;0.2679961324;10.59541893;6.523410832;-0.1554650813;-0.1076649204;-0.08628465235;3
6.517519635;-2.364108801;0.2584248483;10.5475626;6.525512551;-0.1701258421;-0.1430950761;-0.08994983882;3
6.519621301;-2.354537487;0.2297109663;10.50449181;6.52761427;-0.1860083193;-0.1760817766;-0.09361502528;3
6.521723072;-2.292324066;0.2249253243;10.41835022;6.529715989;-0.1994473487;-0.2066250145;-0.09972367436;3
6.523824791;-2.234896421;0.2153540403;10.34656525;6.531817655;-0.2153298408;-0.2396117151;-0.1046105921;3
6.52592651;-2.191825628;0.1818545163;10.29392338;6.533919374;-0.2299905866;-0.2640463114;-0.1107192412;3
6.528028228;-2.139183521;0.1674975902;10.26042366;6.536021145;-0.2446513474;-0.2872591615;-0.1180496216;3
6.530129947;-2.091326952;0.1531406492;10.24128056;6.538122864;-0.2532034516;-0.3031416535;-0.1241582632;3
6.532231614;-2.043470621;0.1244267747;10.21735287;6.54022453;-0.2617555559;-0.316580683;-0.1302669197;3
6.534333332;-2.005185366;0.1148554832;10.22692394;6.542326301;-0.2690859437;-0.3251327872;-0.1375972927;3
6.536435103;-1.947757602;0.1339980662;10.23649502;6.54442802;-0.2727511227;-0.3287979662;-0.1412624866;3
6.538536822;-1.899901152;0.1770688742;10.26999474;6.546529739;-0.2739728391;-0.3275762498;-0.1461493969;3
6.540638489;-1.842473388;0.2392822653;10.28435135;6.548631457;-0.2751945853;-0.3214675784;-0.1485928595;3
6.54274026;-1.828116536;0.2919243574;10.29392338;6.550733124;-0.2715294063;-0.3116937578;-0.1498145908;3
6.544841978;-1.813759565;0.3397808075;10.30349445;6.552834895;-0.2666424811;-0.3006981909;-0.1473711282;3
6.546943697;-1.837687731;0.3541377485;10.31785107;6.554936614;-0.2605338395;-0.2799287736;-0.1485928595;3
6.549045416;-1.871187329;0.3684946895;10.34177971;6.55703828;-0.250759989;-0.2603811026;-0.1449276656;3
6.551147082;-1.909472466;0.3876372576;10.35613632;6.559140051;-0.2409861535;-0.2359465212;-0.142484203;3
6.553248853;-1.942971945;0.4163511395;10.36092186;6.56124177;-0.2299905866;-0.2066250145;-0.1400407553;3
6.555350572;-1.966900229;0.4354937077;10.40877819;6.563343489;-0.2165515572;-0.1809686869;-0.1375972927;3
6.557452239;-1.966900229;0.4642075896;10.44227791;6.565445207;-0.2031125426;-0.1540906429;-0.1339320987;3
6.55955401;-1.966900229;0.4833501875;10.46620655;6.567546874;-0.1860083193;-0.1223256737;-0.1302669197;3
6.561655728;-1.976471543;0.4881358147;10.49491978;6.569648645;-0.1713475734;-0.09300415963;-0.1266017258;3
6.563757447;-1.976471543;0.5072783828;10.52363396;6.571750364;-0.1554650813;-0.06246092543;-0.1229365394;3
6.565859166;-1.976471543;0.5072783828;10.52363396;6.573852082;-0.1395826042;-0.04169152305;-0.1168278903;3
6.567960832;-2.005185366;0.5072783828;10.56670475;6.575953801;-0.1261435747;-0.01725693047;-0.1082757786;3
6.570062603;-2.043470621;0.5455635786;10.60499001;6.57805552;-0.1151480079;0.004734201822;-0.09972367436;3
6.572164322;-2.100898266;0.5934200287;10.62413216;6.580157239;-0.1017089859;0.02183841541;-0.08872810751;3
6.574266041;-2.143969059;0.6556333899;10.62413216;6.582258957;-0.09071341902;0.03772090003;-0.0740673542;3
6.57636776;-2.220539331;0.708275497;10.61456108;6.584360676;-0.08338304609;0.04871646687;-0.05818486959;3
6.578469478;-2.311466694;0.7369893789;10.61934662;6.586462395;-0.07849612087;0.0609337613;-0.04474584386;3
6.580571197;-2.421536446;0.760917604;10.58106136;6.588564114;-0.07605266571;0.06582067907;-0.02886336111;3
6.582672916;-2.522035122;0.756131947;10.59541893;6.59066578;-0.07116574794;0.07192932814;-0.01420260593;3
6.584774635;-2.579462767;0.760917604;10.56670475;6.592767499;-0.0736092031;0.07681624591;-0.003207040019;3
6.586876353;-2.627319336;0.7513462901;10.56670475;6.59486927;-0.07483093441;0.07925970852;0.006566796452;3
6.588978072;-2.608176708;0.7657032609;10.54277611;6.596970989;-0.07605266571;0.08170316368;0.01389717404;3
6.591079739;-2.569891453;0.756131947;10.5475626;6.599072707;-0.07483093441;0.08414662629;0.02000582218;3
6.593181457;-2.536391973;0.760917604;10.53320503;6.601174374;-0.07727439702;0.08536835015;0.02367101051;3
6.595283228;-2.469393015;0.7465606928;10.53320503;6.603276145;-0.08093958348;0.09147699922;0.02733619884;3
6.597384947;-2.421536446;0.7513462901;10.51884842;6.605377864;-0.08338304609;0.0975856483;0.03100138716;3
6.599486666;-2.402393818;0.7226324677;10.53320503;6.607479582;-0.08826996386;0.1000291109;0.03344484791;3
6.601588332;-2.383251429;0.70348984;10.52363396;6.609581301;-0.09315688163;0.1036942974;0.03466657549;3
6.603690103;-2.388036966;0.708275497;10.56670475;6.61168302;-0.0980437994;0.1049160287;0.03955349326;3
6.605791822;-2.392822742;0.679561615;10.63848972;6.613784739;-0.1004872546;0.1085812151;0.04321868345;3
6.607893541;-2.416750908;0.679561615;10.68156052;6.615886457;-0.1017089859;0.1122464016;0.04688387364;3
6.60999526;-2.450250387;0.6747759581;10.72463131;6.617988124;-0.1053741723;0.1134681329;0.05177079141;3
6.612096978;-2.469393015;0.6747759581;10.82991505;6.620089895;-0.1078176349;0.1171333194;0.0542142503;3
6.614198697;-2.488535643;0.6652047038;10.92562866;6.622191614;-0.1029307172;0.119576782;0.05910116807;3
6.616300416;-2.52682066;0.6412764788;11.05005455;6.624293332;-0.1004872546;0.1232419685;0.06276635826;3
6.618402082;-2.54117775;0.6317051649;11.20798111;6.626395051;-0.09437860548;0.1269071549;0.06643154472;3
6.620503853;-2.569891453;0.6029912829;11.35155106;6.62849677;-0.08582650125;0.1330158114;0.07131846249;3
6.622605572;-2.598605394;0.5838487148;11.50947666;6.630598489;-0.07605266571;0.1330158114;0.0737619251;3
6.624707291;-2.63689065;0.5551348329;11.68175983;6.632700155;-0.0601701811;0.1317940801;0.07742711157;3
6.62680901;-2.684746981;0.5407779217;11.86840057;6.634801926;-0.04795288667;0.1232419685;0.08231402934;3
6.628910728;-2.756531715;0.5312066078;12.04546928;6.636903645;-0.02840521187;0.1146898642;0.0847574845;3
6.631012447;-2.81395936;0.5216353536;12.19861031;6.639005364;-0.0100792693;0.1012508348;0.08842267841;3
6.633114114;-2.876172781;0.5168496966;12.38525009;6.64110703;0.00702494476;0.08536835015;0.09208786488;3
6.635215885;-2.95752883;0.5264210105;12.54317665;6.643208749;0.02901607752;0.06704241037;0.09819651395;3
6.637317603;-3.014956474;0.5168496966;12.65324593;6.645310468;0.05100720748;0.04505127668;0.1030834317;3
6.639419322;-3.077169895;0.5024927258;12.77767277;6.647412187;0.07299833745;0.02061668597;0.1067486182;3
6.641520989;-3.105883837;0.5024927258;12.89252853;6.649513957;0.09498947114;-0.003817904973;0.111635536;3
6.643622707;-3.14895463;0.5024927258;12.99302673;6.651615676;0.1157588735;-0.0294742249;0.1153007299;3
6.645724426;-3.177668571;0.5312066078;13.02652645;6.653717395;0.1365282834;-0.05513054505;0.1189659163;3
6.647826145;-3.220739365;0.5216353536;13.05524063;6.655819114;0.158519417;-0.08200860023;0.1250745654;3
6.649927916;-3.230310678;0.5312066078;13.08395386;6.657920832;0.1768453568;-0.1064431891;0.1287397593;3
6.652029635;-3.263810158;0.5455635786;13.06481171;6.660022551;0.1951712966;-0.1320995092;0.1336266696;3
6.654131353;-3.287738323;0.5647061467;13.02174091;6.66212427;0.2134972364;-0.1553123742;0.1397353113;3
6.656233072;-3.297309637;0.5886343718;12.94038486;6.664225989;0.2269362658;-0.1785252392;0.1482874304;3
6.658334791;-3.316452265;0.6317051649;12.887743;6.666327707;0.242818743;-0.2017380893;0.1556178033;3
6.66043651;-3.345165968;0.6412764788;12.78245831;6.668429426;0.2513708472;-0.2225074917;0.1666133702;3
6.662538228;-3.345165968;0.6843472719;12.66760349;6.670531145;0.2599229515;-0.2383899838;0.177608937;3
6.664639947;-3.335594654;0.7130611539;12.50967693;6.672632864;0.2648098767;-0.2591593862;0.1886045039;3
6.666741666;-3.34038043;0.7417750359;12.37567902;6.674734582;0.2672533393;-0.2725984156;0.1983783394;3
6.668843385;-3.330809116;0.7657032609;12.23210907;6.676836301;0.2696968019;-0.2872591615;0.2105956376;3
6.670945103;-3.321237803;0.7657032609;12.0598259;6.67893802;0.2709185183;-0.2970330119;0.2191477418;3
6.673046822;-3.287738323;0.7896314859;11.9162569;6.681039739;0.2696968019;-0.3031416535;0.2289215773;3
6.675148541;-3.254238844;0.7704889178;11.76311588;6.683141405;0.2684750557;-0.3055851161;0.2374736816;3
6.67725026;-3.201596737;0.7704889178;11.63868904;6.685243176;0.2660316229;-0.3104720116;0.2460257858;3
6.679351978;-3.14895463;0.7513462901;11.50469112;6.687344895;0.2648098767;-0.3104720116;0.2557996213;3
6.681453697;-3.091526747;0.7657032609;11.38504982;6.689446614;0.2660316229;-0.3116937578;0.2643517256;3
6.683555364;-3.03888464;0.7704889178;11.28933716;6.691548332;0.2660316229;-0.3080285788;0.2729038298;3
6.685657135;-2.986242771;0.784845829;11.25583744;6.693650051;0.2672533393;-0.3019199073;0.281455934;3
6.687758853;-2.914458036;0.8039883971;11.18405342;6.69575177;0.2696968019;-0.2958112657;0.2887863219;3
6.689860572;-2.876172781;0.8279166222;11.10269737;6.697853437;0.2721402645;-0.2848156989;0.2948949635;3
6.691962291;-2.842673302;0.8183453679;11.04048347;6.699955207;0.2733619809;-0.273820132;0.3022253513;3
6.69406401;-2.804388046;0.8183453679;10.98305607;6.702056926;0.2770271897;-0.2591593862;0.3095557392;3
6.696165728;-2.737389088;0.8231309652;10.91605663;6.704158645;0.2831358314;-0.2481638193;0.3168860972;3
6.698267395;-2.679961443;0.8183453679;10.84905815;6.706260312;0.2904661894;-0.2347247899;0.324216485;3
6.700369166;-2.612962246;0.8231309652;10.82034397;6.70836203;0.2990183234;-0.223729223;0.3352120519;3
6.702470885;-2.574677229;0.8470591903;10.78205872;6.710463749;0.3075704277;-0.2163988501;0.3425424397;3
6.704572603;-2.545963287;0.8518448472;10.72941685;6.712565468;0.3161225319;-0.2127336562;0.3486510813;3
6.70667427;-2.555534601;0.866201818;10.65763187;6.714667239;0.3234528899;-0.200516358;0.3523162603;3
6.708775989;-2.498106956;0.8518448472;10.65284634;6.716768957;0.3295615613;-0.1834121495;0.358424902;3
6.710877707;-2.474178553;0.8279166222;10.62891865;6.718870676;0.3368919194;-0.1663079411;0.3645335436;3
6.712979426;-2.445464849;0.7896314859;10.52363396;6.720972395;0.3454440236;-0.150425449;0.3718639314;3
6.715081197;-2.440679073;0.7800601721;10.39442158;6.723074114;0.3503309488;-0.1394298822;0.3816377819;3
6.717182916;-2.440679073;0.784845829;10.31785107;6.725175832;0.3552178741;-0.1284343153;0.3914116025;3
6.719284635;-2.421536446;0.813559711;10.24128056;6.727277551;0.3625482321;-0.1162170246;0.3987419903;3
6.721386353;-2.388036966;0.8518448472;10.16949654;6.72937927;0.3674351573;-0.1027780026;0.4072940946;3
6.723488072;-2.325823545;0.8518448472;10.1024971;6.731480989;0.3674351573;-0.1015562713;0.4121810198;3
6.725589791;-2.277967215;0.8566305041;9.978070259;6.733582655;0.3723220825;-0.09666935354;0.4134027362;3
6.72769151;-2.254039049;0.8327022791;9.87757206;6.735684374;0.3747655451;-0.0856737867;0.4134027362;3
6.729793228;-2.120040894;0.7417750359;9.858428955;6.737786145;0.3747655451;-0.07101303339;0.4109592736;3
6.731894947;-2.000399828;0.6699903607;9.734002113;6.739887864;0.3723220825;-0.05635227636;0.4121810198;3
6.733996614;-1.93340075;0.6556333899;9.509077072;6.741989582;0.3674351573;-0.04413498193;0.4158461988;3
6.736098332;-1.875972986;0.6699903607;9.360722542;6.744091301;0.3613265157;-0.03558287397;0.420733124;3
6.738200103;-1.837687731;0.6939185858;9.198010445;6.746192968;0.3539961278;-0.03069595434;0.4219548404;3
6.740301822;-1.832902193;0.732203722;9.078369141;6.748294739;0.3442223072;-0.02214384824;0.4231765866;3
6.742403541;-1.799402595;0.7178468108;8.992227554;6.750396457;0.335670203;-0.009926552884;0.424398303;3
6.74450526;-1.741974831;0.6987041831;8.958727837;6.752498176;0.3271180987;0.005955931731;0.4292852283;3
6.746606926;-1.689332843;0.6460621357;8.848658562;6.754599895;0.3197877109;0.01695149764;0.4366155863;3
6.748708697;-1.674975872;0.6173482537;8.729017258;6.756701614;0.3124573231;0.02550360374;0.4463894367;3
6.750810416;-1.708475351;0.5838487148;8.69551754;6.758803332;0.3063486814;0.02916879393;0.4622719288;3
6.752912135;-1.765903115;0.5934200287;8.781659126;6.760905051;0.3026835024;0.02550360374;0.4781544209;3
6.755013853;-1.856830359;0.626919508;8.877371788;6.76300677;0.3002400398;0.02061668597;0.4964803457;3
6.757115572;-1.942971945;0.6747759581;8.992227554;6.765108489;0.2977965772;0.0157297682;0.5135845542;3
6.759217291;-2.038684845;0.70348984;9.116654396;6.767210155;0.3014617562;0.004734201822;0.5282453299;3
6.76131901;-2.081755638;0.708275497;9.188439369;6.769311926;0.3039052188;-0.008704823442;0.5404626131;3
6.763420728;-2.081755638;0.7130611539;9.269794464;6.771413645;0.3087921441;-0.02580903657;0.55145818;3
6.765522447;-2.024327993;0.679561615;9.327222824;6.773515364;0.3149007857;-0.04535670951;0.558788538;3
6.767624114;-1.947757602;0.650847733;9.355937004;6.775617082;0.3197877109;-0.06001746282;0.5648971796;3
6.769725885;-1.861616015;0.5982056856;9.408578873;6.777718801;0.3258963525;-0.07712167501;0.5685623884;3
6.771827603;-1.799402595;0.5312066078;9.355937004;6.77982052;0.3344484568;-0.09178243577;0.5697841048;3
6.773929322;-1.732403636;0.4354937077;9.351150513;6.781922239;0.3381136656;-0.09666935354;0.5722275972;3
6.776031041;-1.655833244;0.3684946895;9.36550808;6.784023905;0.3417788446;-0.1027780026;0.5710058808;3
6.77813276;-1.603191137;0.3110669553;9.332008362;6.786125624;0.3454440236;-0.1064431891;0.567340672;3
6.780234478;-1.555334687;0.2297109663;9.241081238;6.788227395;0.3478874862;-0.1052214578;0.5636754632;3
6.782336197;-1.507478237;0.1387837082;9.183652878;6.790329114;0.3503309488;-0.10033454;0.558788538;3
6.784437864;-1.402194023;0.06699903309;9.135796547;6.792430832;0.3527744114;-0.09056070447;0.5539016128;3
6.786539582;-1.316052437;0.0143569354;9.035298347;6.794532551;0.3539961278;-0.07589995116;0.5502364635;3
6.788641353;-1.244267821;0.004785645287;8.925228119;6.79663427;0.3527744114;-0.06123919412;0.5465712547;3
6.790743072;-1.205982566;-0.004785645287;8.853444099;6.798735989;0.351552695;-0.04413498193;0.5441278219;3
6.792844791;-1.158126116;0.0143569354;8.815158844;6.800837655;0.3539961278;-0.02580903657;0.5429060459;3
6.79494651;-1.138983607;0.004785645287;8.752944946;6.802939426;0.3552178741;-0.005039634649;0.5404626131;3
6.797048228;-1.11984098;0.0;8.690732002;6.805041145;0.3552178741;0.01450803876;0.5392408967;3
6.799149947;-1.091127157;-0.0382851623;8.652446747;6.807142864;0.3601047993;0.03039052337;0.5367974043;3
6.801251614;-1.076770186;-0.05742774159;8.633303642;6.809244582;0.3686569035;0.0438295491;0.5319104791;3
6.803353385;-1.062413216;-0.0765703246;8.628518105;6.811346301;0.3747655451;0.06337722391;0.5270236135;3
6.805455103;-1.024128079;-0.1483550072;8.69551754;6.81344802;0.385761112;0.08048143238;0.5233584046;3
6.807556822;-0.9667003751;-0.1962114573;8.714659691;6.815549739;0.3992001414;0.1000291109;0.5209149122;3
6.809658541;-0.9284151793;-0.2297109663;8.66680336;6.817651457;0.4126391709;0.1146898642;0.5184714794;3
6.81176026;-0.8757730722;-0.2057827413;8.700303078;6.819753176;0.4248564541;0.1305723488;0.5148062706;3
6.813861978;-0.8566305041;-0.1914258152;8.700303078;6.821854895;0.4382954836;0.142789647;0.5099193454;3
6.815963697;-0.8087740541;-0.1579262912;8.690732002;6.823956614;0.4529562294;0.1525634825;0.5050324798;3
6.818065416;-0.7800601721;-0.1244267747;8.638090134;6.826058332;0.4651735425;0.1647807807;0.4977020919;3
6.820167135;-0.732203722;-0.1100698411;8.566305161;6.828160051;0.4725039005;0.1818849891;0.4891499579;3
6.822268853;-0.6460621357;-0.1387837082;8.523234367;6.83026177;0.4847212136;0.2014326602;0.4805978537;3
6.824370572;-0.5407779217;-0.1674975902;8.370093346;6.832363489;0.4932733178;0.2222020626;0.4769326746;3
6.826472291;-0.4881358147;-0.1531406492;8.193024635;6.834465207;0.4969384968;0.2319758981;0.474489212;3
6.82857401;-0.4689932466;-0.1052841991;8.068597794;6.836566874;0.5006036758;0.2454149276;0.470824033;3
6.830675728;-0.4402793646;-0.03349951655;7.915457249;6.838668645;0.4969384968;0.2600756884;0.4696022868;3
6.832777447;-0.4354937077;0.04307080805;7.805387497;6.840770364;0.4932733178;0.2784016132;0.470824033;3
6.834879166;-0.3876372576;0.1100698411;7.666603565;6.842872082;0.482277751;0.2918406427;0.470824033;3
6.836980832;-0.3589234054;0.1627119333;7.432106972;6.844973749;0.4737256467;0.3028362095;0.4720457494;3
6.839082603;-0.3254238665;0.2153540403;7.221538544;6.84707552;0.4590648711;0.3113883138;0.4720457494;3
6.841184322;-0.3206382394;0.2536391914;7.101897717;6.849177187;0.4431824088;0.3223838806;0.4769326746;3
6.843286041;-0.3158525825;0.2679961324;7.006184578;6.851278957;0.4248564541;0.3321577311;0.4793761373;3
6.845387707;-0.2775674164;0.2775674164;6.848258495;6.853380676;0.401643604;0.3407098353;0.4854847789;3
6.847489478;-0.2727817893;0.2967100143;6.685546398;6.855482343;0.3796524704;0.3455967605;0.4928151667;3
6.849591145;-0.2823530734;0.3637090325;6.551548481;6.857584114;0.3539961278;0.3541488647;0.5001455545;3
6.851692916;-0.2488535494;0.4211367965;6.479763508;6.859685832;0.3271180987;0.3651444316;0.5074759126;3
6.853794635;-0.2153540403;0.4833501875;6.403193474;6.861787499;0.2990183234;0.370031327;0.517249763;3
6.855896301;-0.2057827413;0.5216353536;6.307480335;6.863889218;0.2709185183;0.3761399984;0.5258018374;3
6.857998072;-0.2153540403;0.5120640397;6.245266914;6.865990989;0.2440404743;0.378583461;0.5331322551;3
6.860099791;-0.2297109663;0.4737788737;6.278766632;6.868092707;0.2183841616;0.3736965358;0.5380191803;3
6.862201457;-0.2488535494;0.4211367965;6.293123722;6.870194374;0.192727834;0.3688096106;0.5416843295;3
6.864303176;-0.2105683982;0.3828516304;6.307480335;6.872296093;0.16584979;0.3651444316;0.5429060459;3
6.866404947;-0.1339980662;0.3732803464;6.374479294;6.874397812;0.1389717311;0.3565923274;0.5465712547;3
6.868506666;-0.05742774159;0.3637090325;6.340980053;6.876499582;0.1157588735;0.3492619395;0.5526798964;3
6.870608332;-0.04785645381;0.3684946895;6.388836384;6.878601301;0.09132428467;0.3419315517;0.558788538;3
6.872710051;-0.06221338734;0.3780659735;6.50369215;6.880702968;0.06811141968;0.3333794475;0.5661189556;3
6.87481177;-0.1435693651;0.3493520916;6.613761902;6.882804739;0.04367683083;0.3284925222;0.5722275972;3
6.876913541;-0.2249253243;0.3014956415;6.69511795;6.884906457;0.021685699;0.3236056268;0.5795579553;3
6.87901526;-0.2679961324;0.2440679073;6.790830612;6.887008176;0.002138026757;0.316275239;0.5868883133;3
6.881116926;-0.3110669553;0.1627119333;6.843472958;6.889109895;-0.01130099874;0.3065013885;0.5893318057;3
6.883218697;-0.3493520916;0.1148554832;6.958328247;6.891211614;-0.02229656465;0.2930623889;0.5954404473;3
6.885320416;-0.3254238665;0.04785645381;7.106683254;6.893313332;-0.03207040206;0.2796233594;0.5991056561;3
6.887422135;-0.3062812984;0.02871387079;7.240681171;6.895414999;-0.03817904741;0.2576322258;0.6027708054;3
6.889523853;-0.2297109663;0.04307080805;7.33639431;6.89751677;-0.0418442376;0.2380845547;0.6064360142;3
6.891625572;-0.1818545163;0.02871387079;7.427321434;6.899618489;-0.0418442376;0.2209803313;0.610101223;3
6.893727291;-0.1052841991;0.009571290575;7.537391186;6.901720155;-0.03940077871;0.2099847645;0.6137663722;3
6.895828957;-0.03349951655;0.009571290575;7.65703249;6.903821926;-0.03329212964;0.2002109289;0.6149880886;3
6.897930728;0.02871387079;-0.01914258115;7.752745152;6.905923645;-0.03207040206;0.1879936308;0.617431581;3
6.900032447;0.05742774159;-0.0382851623;7.829315662;6.908025312;-0.03084867075;0.1831067204;0.6162098646;3
6.902134114;0.1435693651;-0.0382851623;7.84845829;6.910127082;-0.03084867075;0.1794415265;0.6149880886;3
6.904235885;0.2967100143;-0.0382851623;7.814958572;6.912228801;-0.03207040206;0.1867718995;0.6125446558;3
6.906337603;0.4067798555;-0.06699903309;7.724031448;6.914330468;-0.03573558852;0.1867718995;0.6113229394;3
6.90843927;0.5312066078;-0.06699903309;7.647460938;6.916432187;-0.03817904741;0.1904370934;0.610101223;3
6.910541041;0.6364908218;-0.08135596663;7.590033531;6.918533957;-0.04306596518;0.1904370934;0.6076577306;3
6.91264276;0.70348984;-0.1004985496;7.566105366;6.920635676;-0.04673115537;0.1977674663;0.6052142978;3
6.914744426;0.7800601721;-0.1339980662;7.532605648;6.922737395;-0.05650499091;0.2112064958;0.6003273726;3
6.916846145;0.8949156404;-0.1674975902;7.489534855;6.924839114;-0.06261363626;0.2258672565;0.5966621637;3
6.918947916;0.9714859724;-0.2297109663;7.393822193;6.926940832;-0.06872228533;0.2356410921;0.5917752385;3
6.921049635;1.009771109;-0.2632105052;7.33639431;6.929042551;-0.07483093441;0.2454149276;0.5868883133;3
6.923151353;1.067198873;-0.2727817893;7.341179848;6.93114427;-0.08216131479;0.2576322258;0.5783362389;3
6.925253072;1.138983607;-0.2919243574;7.365108013;6.933245989;-0.09071341902;0.2759581506;0.5697841048;3
6.927354791;1.268195987;-0.2919243574;7.374679565;6.935347707;-0.0968220681;0.2893971801;0.5612320304;3
6.92945651;1.335195065;-0.3302095234;7.403393269;6.937449374;-0.1017089859;0.3040579557;0.5490147471;3
6.931558228;1.411765337;-0.3493520916;7.432106972;6.939551145;-0.1041524485;0.3187187016;0.5392408967;3
6.933659947;1.521835208;-0.3589234054;7.479963779;6.941652864;-0.1065959036;0.3297142684;0.5270236135;3
6.935761666;1.607976794;-0.3637090325;7.49910593;6.94375453;-0.1127045527;0.3321577311;0.517249763;3
6.937863332;1.674975872;-0.3493520916;7.470392227;6.945856301;-0.1151480079;0.3370446563;0.5062541962;3
6.939965103;1.718046665;-0.3493520916;7.556533813;6.94795802;-0.1188132018;0.3419315517;0.4952586293;3
6.942066822;1.785045743;-0.3589234054;7.67138958;6.950059739;-0.1224783882;0.3541488647;0.4854847789;3
6.944168489;1.823330879;-0.3637090325;7.695317745;6.952161457;-0.1261435747;0.3614792228;0.4757109582;3
6.94627026;1.871187329;-0.3780659735;7.676175117;6.954263124;-0.1310304999;0.3651444316;0.4647153914;3
6.948371978;1.856830359;-0.4259224236;7.685746193;6.956364895;-0.1334739476;0.3675878942;0.454941541;3
6.950473697;1.837687731;-0.4354937077;7.781459332;6.958466614;-0.1395826042;0.3724747896;0.4427242577;3
6.952575416;1.866401672;-0.4354937077;7.824530125;6.96056828;-0.1456912458;0.370031327;0.4292852283;3
6.954677082;1.909472466;-0.4259224236;7.853243828;6.962669999;-0.1493564397;0.3724747896;0.4170679152;3
6.956778853;1.966900229;-0.4546363056;7.877171993;6.96477177;-0.15424335;0.3749182522;0.4036289155;3
6.958880572;2.024327993;-0.4642075896;7.915457249;6.966873437;-0.1615737379;0.3749182522;0.3901898861;3
6.960982239;2.048256159;-0.4546363056;7.97767067;6.968975207;-0.1676823795;0.3675878942;0.3791943192;3
6.963083957;2.096112728;-0.4594219327;8.011170387;6.971076874;-0.1750127524;0.3602575064;0.3657552898;3
6.965185728;2.139183521;-0.4402793646;7.996813297;6.973178593;-0.1835648715;0.3529271185;0.3547597229;3
6.967287395;2.153540373;-0.4163511395;8.05424118;6.975280364;-0.1896735132;0.3468184769;0.3449858725;3
6.969389166;2.143969059;-0.3924229145;8.078168869;6.977382082;-0.20066908;0.3443750143;0.3339903057;3
6.971490832;2.124826431;-0.3732803464;8.145168304;6.979483801;-0.2128863782;0.3407098353;0.3254382014;3
6.973592551;2.096112728;-0.3445664644;8.126026154;6.98158552;-0.223881945;0.3382663727;0.3168860972;3
6.975694322;2.067398787;-0.3254238665;8.106883049;6.983687239;-0.2348775119;0.3333794475;0.308333993;3
6.977796041;2.043470621;-0.3062812984;8.063812256;6.985788957;-0.250759989;0.3236056268;0.3034470677;3
6.97989776;2.029113531;-0.2679961324;8.073383331;6.987890676;-0.2641990185;0.316275239;0.2985601723;3
6.981999478;2.019542217;-0.2440679073;8.08295536;6.989992395;-0.2813032269;0.3101665974;0.2973384261;3
6.984101197;2.009970903;-0.2009970993;8.078168869;6.992094114;-0.297185719;0.3077231348;0.2948949635;3
6.986202916;1.971685886;-0.1674975902;8.078168869;6.994195832;-0.3130682111;0.3089448512;0.2924515009;3
6.988304635;1.93340075;-0.1483550072;8.073383331;6.996297551;-0.3289506733;0.3065013885;0.2936732471;3
6.990406353;1.895115495;-0.1244267747;8.049455643;6.998399218;-0.343611449;0.3028362095;0.2961167097;3
6.992508072;1.875972986;-0.07178468257;8.049455643;7.000500989;-0.3582721949;0.3028362095;0.2997818887;3
6.994609791;1.875972986;-0.0143569354;8.073383331;7.002602707;-0.3729329407;0.3028362095;0.3034470677;3
6.99671151;1.875972986;0.05742774159;8.106883049;7.004704426;-0.3839285076;0.3052796721;0.308333993;3
6.998813176;1.875972986;0.1004985496;8.140382767;7.006806145;-0.3985892832;0.3089448512;0.3132209182;3
7.000914947;1.842473388;0.1531406492;8.193024635;7.008907864;-0.4156934917;0.3174969554;0.3168860972;3
7.003016666;1.842473388;0.1722832322;8.236095428;7.011009582;-0.4303542376;0.3248273432;0.3229947388;3
7.005118385;1.861616015;0.2105683982;8.245666504;7.013111301;-0.4413498044;0.3260490894;0.327881664;3
7.007220103;1.861616015;0.2105683982;8.21216774;7.01521302;-0.4535670877;0.3297142684;0.3352120519;3
7.009321822;1.852044702;0.2201396823;8.236095428;7.017314687;-0.4621191919;0.3394880891;0.3400989771;3
7.011423541;1.875972986;0.2009970993;8.374878883;7.019416457;-0.4767799675;0.3517054021;0.3449858725;3
7.01352526;1.856830359;0.1674975902;8.475378036;7.021518124;-0.4865537882;0.3639226854;0.3486510813;3
7.015626978;1.847259045;0.1387837082;8.542376518;7.023619843;-0.4963276386;0.3773617148;0.3523162603;3
7.017728645;1.828116536;0.08135596663;8.561519623;7.025721614;-0.5012145638;0.3859138191;0.3559814394;3
7.019830416;1.799402595;0.06699903309;8.676374435;7.027823332;-0.5061014891;0.3993528485;0.3572031856;3
7.021932082;1.804188251;0.0382851623;8.829515457;7.029924999;-0.5097666383;0.4066832364;0.3559814394;3
7.024033801;1.794616938;-0.004785645287;8.97308445;7.03202677;-0.5085449219;0.4103484154;0.3535379767;3
7.026135572;1.794616938;-0.05264209956;9.126225471;7.034128489;-0.5061014891;0.416457057;0.3498727977;3
7.028237291;1.813759565;-0.1052841991;9.255437851;7.036230207;-0.4999928176;0.4225656986;0.3437641561;3
7.030338957;1.818545222;-0.1627119333;9.370293617;7.038331874;-0.493884176;0.4347830117;0.3376555145;3
7.032440728;1.794616938;-0.2249253243;9.489934921;7.040433593;-0.4804451466;0.4445568323;0.3327685893;3
7.034542447;1.761117458;-0.2297109663;9.628718376;7.042535364;-0.4645626545;0.4506655037;0.324216485;3
7.036644166;1.732403636;-0.2679961324;9.767501831;7.04463703;-0.4462367296;0.4543306828;0.3156643808;3
7.038745832;1.727617979;-0.2871387303;9.978070259;7.046738801;-0.4266890585;0.4641045034;0.3058905303;3
7.040847551;1.751546144;-0.2775674164;10.15513897;7.048840468;-0.4059196413;0.4702131748;0.2961167097;3
7.042949322;1.785045743;-0.2727817893;10.26999474;7.050942239;-0.3827067912;0.4775435328;0.2875646055;3
7.045050989;1.794616938;-0.2679961324;10.37049294;7.053043957;-0.3594939113;0.4897608459;0.2790125012;3
7.04715276;1.780260086;-0.2488535494;10.40877819;7.055145624;-0.3350593448;0.4995346665;0.2716821134;3
7.049254426;1.732403636;-0.2153540403;10.44706345;7.057247395;-0.3118464649;0.5117519498;0.2655734718;3
7.051356197;1.655833244;-0.1914258152;10.46142101;7.059349062;-0.2910770774;0.5227475166;0.2594648004;3
7.053457916;1.59840548;-0.1387837082;10.46620655;7.06145078;-0.2703076601;0.5337430835;0.258243084;3
7.055559582;1.555334687;-0.0765703246;10.41835022;7.063552551;-0.2532034516;0.5459604263;0.2557996213;3
7.057661353;1.469193101;-0.0143569354;10.35613632;7.06565427;-0.2385426909;0.559399426;0.2545779049;3
7.05976302;1.392622828;0.06221338734;10.27478027;7.067755937;-0.2287688553;0.5703949928;0.2533561587;3
7.061864739;1.306481123;0.1148554832;10.16949654;7.069857655;-0.2226602137;0.5838339925;0.2557996213;3
7.06396651;1.220339537;0.1770688742;10.06899738;7.071959374;-0.2153298408;0.5936078429;0.2594648004;3
7.066068228;1.129412293;0.2201396823;9.95414257;7.074061093;-0.2128863782;0.6033816934;0.2631300092;3
7.068169895;1.043270707;0.2536391914;9.87757206;7.076162812;-0.2141081095;0.6058251262;0.2667951882;3
7.070271614;0.9475577474;0.3110669553;9.858428955;7.07826453;-0.2116646469;0.6070469022;0.2667951882;3
7.072373332;0.9332008362;0.3206382394;9.84885788;7.080366249;-0.2165515572;0.6131555438;0.2704603672;3
7.074475051;0.94277215;0.3445664644;9.829715729;7.082467968;-0.2214384824;0.6131555438;0.274125576;3
7.07657677;0.94277215;0.3876372576;9.839286804;7.084569739;-0.227547124;0.6107120514;0.2790125012;3
7.078678489;0.9332008362;0.4546363056;9.834501266;7.086671405;-0.2360992432;0.6033816934;0.2851211429;3
7.080780207;0.866201818;0.5551348329;9.815358162;7.088773176;-0.2458730787;0.5911644101;0.2900080681;3
7.082881926;0.8279166222;0.6412764788;9.815358162;7.090874895;-0.2593120933;0.5728384256;0.2936732471;3
7.084983697;0.7896314859;0.70348984;9.8201437;7.092976614;-0.2715294063;0.5545125008;0.2973384261;3
7.087085364;0.7513462901;0.7465606928;9.84885788;7.09507828;-0.2861901522;0.5312996507;0.3010036349;3
7.089187135;0.7226324677;0.7704889178;9.882357597;7.097179999;-0.3020726442;0.5105302334;0.3034470677;3
7.091288853;0.708275497;0.784845829;9.925428391;7.09928177;-0.3228420317;0.4909825623;0.308333993;3
7.093390572;0.6699903607;0.784845829;9.992427826;7.101383489;-0.3411679864;0.4677697122;0.3132209182;3
7.095492239;0.6125625968;0.813559711;10.03071213;7.103485155;-0.3619373739;0.4396699369;0.320551306;3
7.097593957;0.5407779217;0.8039883971;10.1024971;7.105586926;-0.3827067912;0.4115701318;0.3266599476;3
7.099695728;0.4211367965;0.813559711;10.2029953;7.107688593;-0.4022544622;0.3798051775;0.3303251266;3
7.101797447;0.3684946895;0.866201818;10.26999474;7.109790364;-0.4218021333;0.3480401933;0.3364337683;3
7.103899114;0.3062812984;0.9140582681;10.32742214;7.111892082;-0.4425715208;0.3150535226;0.3413206935;3
7.106000885;0.2584248483;0.9619147182;10.40877819;7.113993801;-0.4584540129;0.2845102847;0.3437641561;3
7.108102551;0.2105683982;0.9810572863;10.51884842;7.11609552;-0.4755582213;0.2503018379;0.3474293351;3
7.110204322;0.1674975902;0.9714859724;10.62413216;7.118197187;-0.4889972508;0.2148716897;0.3498727977;3
7.112306041;0.1052841991;0.9858429432;10.75813103;7.120298905;-0.497549355;0.1794415265;0.3510945439;3
7.11440776;0.02871387079;0.9379864931;10.99262714;7.122400624;-0.5036579967;0.146454826;0.3510945439;3
7.116509478;-0.004785645287;0.9332008362;11.09791183;7.124502395;-0.5085449219;0.1134681329;0.3498727977;3
7.118611145;-0.03349951655;0.9523434043;11.26062298;7.126604114;-0.5073232055;0.07803797722;0.3510945439;3
7.120712864;-0.0239282269;0.9714859724;11.43290615;7.128705832;-0.5048797131;0.0426078178;0.3523162603;3
7.122814582;-0.0239282269;1.000199914;11.57169056;7.130807551;-0.5024362803;0.004734201822;0.3547597229;3
7.124916353;-0.05264209956;1.009771109;11.69133186;7.132909218;-0.4999928176;-0.02703076601;0.3596466482;3
7.127018072;-0.1004985496;0.9954141974;11.75833035;7.135010989;-0.493884176;-0.06123919412;0.3645335436;3
7.129119791;-0.1866401732;0.9810572863;11.81575775;7.137112707;-0.4877755344;-0.086895518;0.370642215;3
7.13122151;-0.2919243574;0.9523434043;11.83968639;7.139214374;-0.4804451466;-0.1076649204;0.377972573;3
7.133323176;-0.3780659735;0.9284151793;11.87318611;7.141316093;-0.4694495797;-0.127212584;0.3853029609;3
7.135424947;-0.4689932466;0.866201818;11.9162569;7.143417812;-0.4608974755;-0.1418733448;0.3938550651;3
7.137526666;-0.4833501875;0.8470591903;11.98325539;7.145519582;-0.447458446;-0.1565341055;0.4036289155;3
7.139628332;-0.4785645306;0.8614161611;12.05025482;7.147621301;-0.4303542376;-0.1711948514;0.4134027362;3
7.141730051;-0.4689932466;0.8757730722;12.10289669;7.14972302;-0.4144717455;-0.1821904182;0.4219548404;3
7.14383177;-0.5072783828;0.8709874153;12.16511059;7.151824687;-0.3961458206;-0.1919642538;0.4292852283;3
7.145933541;-0.4977070987;0.8709874153;12.23689461;7.153926457;-0.3753764033;-0.200516358;0.4378373325;3
7.14803526;-0.4977070987;0.8422735929;12.2799654;7.156028124;-0.3533852696;-0.2054032832;0.4415025115;3
7.150136978;-0.4450650215;0.7992027402;12.32782269;7.158129895;-0.331394136;-0.2115119249;0.4463894367;3
7.152238645;-0.3541377485;0.7800601721;12.31825066;7.160231614;-0.3118464649;-0.2176205814;0.4512763619;3
7.154340416;-0.2584248483;0.7896314859;12.30389404;7.162333332;-0.2922987938;-0.2188423127;0.4537198246;3
7.156442082;-0.1770688742;0.7752745152;12.24646664;7.164434999;-0.2727511227;-0.2151771188;0.454941541;3
7.158543853;-0.09092725813;0.732203722;12.18903828;7.16653677;-0.254425168;-0.2115119249;0.454941541;3
7.160645572;-0.05264209956;0.6747759581;12.11725426;7.168638489;-0.2385426909;-0.2090684772;0.4537198246;3
7.162747291;0.009571290575;0.6364908218;12.0598259;7.170740207;-0.2299905866;-0.2054032832;0.4500546157;3
7.164848957;0.08135596663;0.5838487148;12.04546928;7.172841874;-0.2165515572;-0.2029598206;0.4427242577;3
7.166950728;0.1914258152;0.5934200287;11.96889877;7.174943645;-0.2079994529;-0.196851179;0.4329504073;3
7.169052447;0.2679961324;0.5886343718;11.8588295;7.177045364;-0.20066908;-0.1907425225;0.4231765866;3
7.171154166;0.3828516304;0.5838487148;11.72961617;7.17914703;-0.1957821548;-0.1821904182;0.4134027362;3
7.173255832;0.4642075896;0.5838487148;11.62433243;7.181248801;-0.1933387071;-0.1773035079;0.4072940946;3
7.175357603;0.5264210105;0.5551348329;11.48554897;7.183350468;-0.1933387071;-0.1748600453;0.3999637067;3
7.177459322;0.5455635786;0.5168496966;11.40897846;7.185452239;-0.1908952445;-0.1663079411;0.3938550651;3
7.179560989;0.5359922647;0.5168496966;11.41854954;7.187553957;-0.1933387071;-0.1540906429;0.3889681399;3
7.18166276;0.5312066078;0.5216353536;11.35155106;7.189655676;-0.1970038861;-0.1394298822;0.3853029609;3
7.183764426;0.5359922647;0.5599204898;11.3132658;7.191757343;-0.1994473487;-0.1259908676;0.3828594983;3
7.185866197;0.5024927258;0.5694918036;11.24148083;7.193859062;-0.20066908;-0.113773562;0.3828594983;3
7.187967916;0.4785645306;0.6029912829;11.22233772;7.19596078;-0.2055560052;-0.1101083755;0.3840812445;3
7.190069635;0.4594219327;0.6317051649;11.22233772;7.198062499;-0.2055560052;-0.1052214578;0.3828594983;3
7.192171301;0.4259224236;0.626919508;11.27019501;7.200164218;-0.2043342739;-0.1101083755;0.3816377819;3
7.19427302;0.3924229145;0.6221339107;11.35633659;7.202265937;-0.2055560052;-0.1186604798;0.3791943192;3
7.196374739;0.4211367965;0.6125625968;11.41854954;7.204367707;-0.2043342739;-0.1296560466;0.3730856776;3
7.198476457;0.4354937077;0.6029912829;11.48076344;7.206469426;-0.20066908;-0.1418733448;0.3681987524;3
7.200578176;0.4594219327;0.5455635786;11.55733299;7.208571093;-0.1945604384;-0.1540906429;0.3596466482;3
7.202679895;0.4689932466;0.5072783828;11.60040379;7.210672864;-0.1908952445;-0.1687513888;0.3510945439;3
7.204781666;0.4977070987;0.4450650215;11.6339035;7.21277453;-0.1872300506;-0.1834121495;0.3413206935;3
7.206883385;0.5120640397;0.3972085714;11.65304661;7.214876249;-0.1823431402;-0.1944077164;0.3327685893;3
7.208985051;0.5120640397;0.3828516304;11.68654537;7.21697802;-0.1762344837;-0.2054032832;0.3229947388;3
7.211086822;0.5168496966;0.3589234054;11.71047401;7.219079739;-0.1713475734;-0.2151771188;0.311999172;3
7.213188489;0.5120640397;0.3397808075;11.71525955;7.221181405;-0.1664606482;-0.2273944169;0.3022253513;3
7.215290207;0.5072783828;0.3158525825;11.71525955;7.223283176;-0.1627954692;-0.2408334464;0.2948949635;3
7.217391978;0.5072783828;0.2967100143;11.65783215;7.225384895;-0.1579085439;-0.2554942071;0.2863428593;3
7.219493697;0.4929214716;0.2775674164;11.62911797;7.227486614;-0.1530216336;-0.270154953;0.2790125012;3
7.221595364;0.4689932466;0.2727817893;11.59083271;7.229588332;-0.1493564397;-0.2787070572;0.274125576;3
7.223697135;0.4642075896;0.2344966233;11.59083271;7.231690051;-0.1456912458;-0.2921460867;0.2680169344;3
7.225798853;0.4594219327;0.2344966233;11.55254745;7.23379177;-0.1420260668;-0.3055851161;0.2680169344;3
7.227900572;0.4163511395;0.2201396823;11.49990559;7.235893437;-0.1432477981;-0.3263545036;0.2667951882;3
7.230002291;0.3732803464;0.2392822653;11.45683479;7.237995155;-0.1444695145;-0.3446804583;0.2655734718;3
7.23210401;0.3349951804;0.2727817893;11.413764;7.240096874;-0.1481347084;-0.3605629504;0.2631300092;3
7.234205728;0.3014956415;0.3158525825;11.35155106;7.242198645;-0.1493564397;-0.3764454126;0.2594648004;3
7.236307395;0.2871387303;0.3397808075;11.31805134;7.244300312;-0.1493564397;-0.3849975169;0.2570213675;3
7.238409114;0.2967100143;0.3589234054;11.29890823;7.246402082;-0.1444695145;-0.3935496211;0.2533561587;3
7.240510832;0.2967100143;0.3014956415;11.28455162;7.248503801;-0.1432477981;-0.4057669342;0.2496909797;3
7.242612603;0.2823530734;0.2871387303;11.27498055;7.250605468;-0.1395826042;-0.4155407548;0.2472475171;3
7.24471427;0.2775674164;0.2584248483;11.29890823;7.252707239;-0.1346956789;-0.42042768;0.2435823381;3
7.246816041;0.3110669553;0.2392822653;11.34197903;7.254808905;-0.1298087686;-0.4228711426;0.2399171442;3
7.24891776;0.3302095234;0.2392822653;11.38026428;7.256910676;-0.1249218509;-0.4265363216;0.2374736816;3
7.251019426;0.3349951804;0.2584248483;11.33240795;7.259012395;-0.1212566569;-0.42042768;0.2362519503;3
7.253121197;0.3493520916;0.2727817893;11.30369377;7.261114062;-0.113926284;-0.413097322;0.2374736816;3
7.255222864;0.3397808075;0.2919243574;11.25583744;7.263215832;-0.1053741723;-0.4033234715;0.2374736816;3
7.257324635;0.3780659735;0.2823530734;11.23669529;7.265317551;-0.09560033679;-0.3984365463;0.2362519503;3
7.259426353;0.3732803464;0.2201396823;11.22233772;7.26741927;-0.08338304609;-0.3972148299;0.2338084877;3
7.26152802;0.3684946895;0.1674975902;11.24148083;7.269520989;-0.07483093441;-0.3898844421;0.227699846;3
7.263629791;0.4450650215;0.1339980662;11.2510519;7.271622655;-0.06505709887;-0.3764454126;0.2191477418;3
7.26573151;0.5694918036;0.1100698411;11.26540947;7.273724374;-0.05406153202;-0.3568977416;0.2105956376;3
7.267833228;0.6891329288;0.1148554832;11.20798111;7.275826145;-0.0418442376;-0.3324631453;0.2020435184;3
7.269934947;0.8087740541;0.1052841991;11.11226845;7.277927812;-0.03084867075;-0.3153589368;0.1934914142;3
7.272036614;0.9044869542;0.1339980662;11.02134132;7.280029582;-0.02107483521;-0.3019199073;0.1861610413;3
7.274138332;0.9714859724;0.1531406492;10.99741268;7.282131301;-0.01130099874;-0.2848156989;0.177608937;3
7.276240103;1.014556766;0.1674975902;10.97827053;7.28423302;-0.0003054323897;-0.2640463114;0.1666133702;3
7.27834177;1.043270707;0.1292124242;10.97348499;7.286334739;0.008246674202;-0.2432768941;0.154396072;3
7.280443541;1.110269666;0.09092725813;10.91605663;7.288436457;0.01679878123;-0.2188423127;0.1421787739;3
7.28254526;1.162911773;0.04785645381;10.79641533;7.290538176;0.02290742844;-0.1956294477;0.1299614757;3
7.284646978;1.220339537;0.009571290575;10.69113159;7.292639895;0.02657261863;-0.1785252392;0.1153007299;3
7.286748697;1.239482164;-0.01914258115;10.59541893;7.294741614;0.0314595364;-0.1589775532;0.1018617004;3
7.288850416;1.249053478;-0.01914258115;10.56191921;7.296843332;0.0314595364;-0.1406516135;0.08720094711;3
7.290952135;1.229910851;-0.04307080805;10.51884842;7.298944999;0.03756818548;-0.1198822111;0.0737619251;3
7.293053853;1.1820544;-0.06221338734;10.51406288;7.301046718;0.04001164436;-0.1015562713;0.06154462695;3
7.295155572;1.124626637;-0.0765703246;10.49013424;7.303148489;0.04612028971;-0.08811724186;0.05054906011;3
7.297257291;1.071984529;-0.07178468257;10.47099209;7.305250207;0.0497854799;-0.07467821985;0.03711003438;3
7.299358957;1.009771109;-0.06221338734;10.49970531;7.307351926;0.05711585656;-0.06612611562;0.02733619884;3
7.301460676;0.9475577474;-0.05264209956;10.53320503;7.309453593;0.06566796452;-0.06001746282;0.01878409274;3
7.303562447;0.8709874153;-0.0239282269;10.57627583;7.311555364;0.07299833745;-0.06001746282;0.01023198478;3
7.305664166;0.7800601721;0.009571290575;10.62413216;7.31365703;0.07910698652;-0.06123919412;0.004123337101;3
7.307765885;0.6843472719;0.04785645381;10.67677498;7.315758801;0.0864373669;-0.06612611562;-0.003207040019;3
7.309867551;0.6125625968;0.06699903309;10.69591713;7.317860468;0.09498947114;-0.07345648855;-0.01053741761;3
7.311969322;0.5407779217;0.09571290761;10.70070267;7.319962187;0.09987638891;-0.07956513762;-0.01664606482;3
7.314070989;0.4785645306;0.1004985496;10.66720295;7.322063905;0.1035415828;-0.09056070447;-0.02397644334;3
7.31617276;0.4259224236;0.1052841991;10.63370419;7.324165624;0.1072067693;-0.0978910774;-0.03130681813;3
7.318274426;0.3732803464;0.1004985496;10.60020447;7.326267343;0.1072067693;-0.1039997265;-0.03497200832;3
7.320376145;0.3062812984;0.1004985496;10.53799057;7.328369062;0.1120936871;-0.1101083755;-0.03863719851;3
7.322477864;0.2392822653;0.08614161611;10.4853487;7.33047078;0.1120936871;-0.1162170246;-0.04230238497;3
7.324579582;0.1818545163;0.08135596663;10.46142101;7.332572499;0.1120936871;-0.1198822111;-0.04596757516;3
7.326681301;0.1100698411;0.09571290761;10.39920712;7.33467427;0.1133154184;-0.1223256737;-0.04841103405;3
7.32878302;0.06699903309;0.1052841991;10.36092186;7.336775937;0.1157588735;-0.127212584;-0.05207622424;3
7.330884739;0.01914258115;0.1244267747;10.30827999;7.338877707;0.1157588735;-0.1333212405;-0.05451968312;3
7.332986457;0.0;0.1435693651;10.30349445;7.340979374;0.1145371497;-0.1394298822;-0.0557414107;3
7.335088228;-0.004785645287;0.1531406492;10.27478027;7.343081093;0.1133154184;-0.1430950761;-0.05818486959;3
7.337189895;-0.0382851623;0.1579262912;10.25085258;7.345182812;0.1157588735;-0.1479819864;-0.05940660089;3
7.339291666;-0.06699903309;0.1770688742;10.18863869;7.347284582;0.1145371497;-0.1528689116;-0.05940660089;3
7.341393332;-0.1148554832;0.1579262912;10.14556789;7.349386249;0.1157588735;-0.1540906429;-0.05818486959;3
7.343495051;-0.1244267747;0.1627119333;10.09771156;7.35148802;0.1120936871;-0.1565341055;-0.0557414107;3
7.34559677;-0.1627119333;0.1818545163;10.03071213;7.353589739;0.1120936871;-0.1540906429;-0.05207622424;3
7.347698541;-0.2009970993;0.2009970993;9.944570541;7.355691405;0.1096502244;-0.150425449;-0.04841103405;3
7.349800207;-0.2344966233;0.2297109663;9.901499748;7.357793176;0.1047633067;-0.1443168074;-0.04230238497;3
7.351901978;-0.2632105052;0.2536391914;9.872786522;7.359894843;0.1047633067;-0.1357647032;-0.0374154672;3
7.354003697;-0.3014956415;0.2727817893;9.829715729;7.361996562;0.1023198515;-0.127212584;-0.02886336111;3
7.356105364;-0.3349951804;0.3062812984;9.805787086;7.36409828;0.1010981202;-0.1162170246;-0.02397644334;3
7.358207135;-0.3349951804;0.3158525825;9.791430473;7.366199999;0.1023198515;-0.1076649204;-0.0190895237;3
7.360308801;-0.3254238665;0.3158525825;9.767501831;7.368301718;0.1023198515;-0.0991128087;-0.01420260593;3
7.36241052;-0.3206382394;0.3158525825;9.777072906;7.370403437;0.1035415828;-0.09178243577;-0.009315688163;3
7.364512239;-0.2871387303;0.3110669553;9.791430473;7.372505155;0.105985038;-0.0856737867;-0.00565049937;3
7.366613957;-0.2632105052;0.2919243574;9.8201437;7.374606874;0.105985038;-0.07712167501;-0.0007635809598;3
7.368715676;-0.2679961324;0.2871387303;9.829715729;7.376708593;0.1108719558;-0.07101303339;0.0004581485991;3
7.370817395;-0.2679961324;0.2584248483;9.844072342;7.378810312;0.1145371497;-0.06979130208;0.002901607659;3
7.372919114;-0.2727817893;0.2440679073;9.858428955;7.38091203;0.1206457913;-0.06368265301;0.006566796452;3
7.375020832;-0.2871387303;0.2297109663;9.853643417;7.383013749;0.1218675226;-0.06123919412;0.007788525894;3
7.377122551;-0.2823530734;0.2153540403;9.834501266;7.385115468;0.1243109852;-0.06001746282;0.01023198478;3
7.37922427;-0.3110669553;0.2249253243;9.858428955;7.387217187;0.1267544478;-0.06123919412;0.01389717404;3
7.381325989;-0.2871387303;0.1962114573;9.829715729;7.389318957;0.1279761642;-0.06123919412;0.01511890348;3
7.383427707;-0.3110669553;0.2009970993;9.815358162;7.391420676;0.1291978955;-0.06246092543;0.01878409274;3
7.385529426;-0.2919243574;0.1818545163;9.786644936;7.393522343;0.1304196268;-0.05879573524;0.02122755162;3
7.387631145;-0.3254238665;0.1627119333;9.753145218;7.395624062;0.1304196268;-0.05757400393;0.02489273995;3
7.389732916;-0.3397808075;0.1387837082;9.705288887;7.39772578;0.1279761642;-0.05879573524;0.02855792828;3
7.391834635;-0.3397808075;0.1292124242;9.676574707;7.399827499;0.1243109852;-0.05879573524;0.02977965772;3
7.393936301;-0.3637090325;0.1148554832;9.647860527;7.401929218;0.1243109852;-0.06123919412;0.03344484791;3
7.39603802;-0.3780659735;0.1100698411;9.638289452;7.404030937;0.1218675226;-0.06612611562;0.03711003438;3
7.398139739;-0.3876372576;0.1292124242;9.600004196;7.406132655;0.1194240674;-0.06979130208;0.04077522457;3
7.400241457;-0.3876372576;0.1244267747;9.590433121;7.408234426;0.1145371497;-0.07223475724;0.04077522457;3
7.402343176;-0.4019941986;0.1339980662;9.57129097;7.410336145;0.1133154184;-0.07589995116;0.04321868345;3
7.404444895;-0.4019941986;0.1435693651;9.54257679;7.412437812;0.1072067693;-0.07467821985;0.04321868345;3
7.406546614;-0.3924229145;0.1435693651;9.51386261;7.414539582;0.1035415828;-0.07712167501;0.04444041103;3
7.408648385;-0.3397808075;0.1339980662;9.523433685;7.416641301;0.1035415828;-0.07712167501;0.04444041103;3
7.410750103;-0.3062812984;0.1148554832;9.51386261;7.418742968;0.09865466505;-0.08200860023;0.04444041103;3
7.41285177;-0.2679961324;0.1196411327;9.523433685;7.420844687;0.09498947114;-0.0856737867;0.04321868345;3
7.414953541;-0.2536391914;0.1052841991;9.528220177;7.422946405;0.09376774728;-0.09056070447;0.04199695215;3
7.41705526;-0.2536391914;0.09092725813;9.518648148;7.425048124;0.09010255337;-0.0978910774;0.03955349326;3
7.419156926;-0.2392822653;0.05264209956;9.518648148;7.427149895;0.0852156356;-0.1015562713;0.0358883068;3
7.421258645;-0.2392822653;0.0;9.489934921;7.429251614;0.08399390429;-0.1039997265;0.03466657549;3
7.423360364;-0.2201396823;-0.009571290575;9.461220741;7.431353332;0.07910698652;-0.1064431891;0.03100138716;3
7.425462082;-0.2153540403;-0.06221338734;9.432506561;7.433455051;0.07666353136;-0.1039997265;0.02977965772;3
7.427563853;-0.1866401732;-0.0765703246;9.427721024;7.435556718;0.07544180006;-0.1039997265;0.02733619884;3
7.429665572;-0.1531406492;-0.1052841991;9.41336441;7.437658489;0.07299833745;-0.1039997265;0.02367101051;3
7.431767291;-0.1244267747;-0.1196411327;9.422935486;7.439760207;0.07544180006;-0.0991128087;0.02000582218;3
7.43386901;-0.08135596663;-0.1196411327;9.422935486;7.441861874;0.07422006875;-0.09422589093;0.0175623633;3
7.435970676;-0.05264209956;-0.1339980662;9.437292099;7.443963593;0.07544180006;-0.09056070447;0.01389717404;3
7.438072447;-0.0382851623;-0.1339980662;9.44207859;7.446065312;0.07544180006;-0.0856737867;0.01023198478;3
7.440174166;-0.03349951655;-0.1435693651;9.432506561;7.448167082;0.07788526267;-0.08323032409;0.006566796452;3
7.442275832;-0.01914258115;-0.1387837082;9.418149948;7.450268801;0.07666353136;-0.07834340632;0.0016798781;3
7.444377551;-0.009571290575;-0.1435693651;9.427721024;7.452370468;0.07788526267;-0.07467821985;-0.0007635809598;3
7.44647927;-0.01914258115;-0.1531406492;9.408578873;7.454472187;0.08155044913;-0.06979130208;-0.003207040019;3
7.448581041;-0.03349951655;-0.1627119333;9.432506561;7.456573957;0.08399390429;-0.06734783947;-0.004428769462;3
7.45068276;-0.06221338734;-0.1435693651;9.432506561;7.458675624;0.08399390429;-0.06734783947;-0.00565049937;3
7.452784426;-0.1052841991;-0.1579262912;9.432506561;7.460777343;0.08765909821;-0.06490438432;-0.006872228812;3
7.454886145;-0.1435693651;-0.1627119333;9.403793335;7.462879114;0.08888082206;-0.06490438432;-0.008093958721;3
7.456987916;-0.1722832322;-0.1674975902;9.389435768;7.46498078;0.09010255337;-0.06490438432;-0.009315688163;3
7.459089582;-0.1962114573;-0.1674975902;9.360722542;7.467082499;0.09132428467;-0.06612611562;-0.008093958721;3
7.461191301;-0.2105683982;-0.1770688742;9.3367939;7.469184218;0.09254601598;-0.06856957078;-0.008093958721;3
7.463293072;-0.2153540403;-0.1579262912;9.298508644;7.471285937;0.09254601598;-0.07101303339;-0.006872228812;3
7.465394739;-0.2153540403;-0.1722832322;9.250652313;7.473387655;0.09132428467;-0.07467821985;-0.00565049937;3
7.467496457;-0.2153540403;-0.1770688742;9.193224907;7.475489374;0.08765909821;-0.07345648855;-0.004428769462;3
7.469598176;-0.2392822653;-0.1483550072;9.116654396;7.477591093;0.08399390429;-0.07834340632;-0.003207040019;3
7.471699895;-0.2249253243;-0.1531406492;9.054440498;7.479692812;0.08032871783;-0.07834340632;-0.001985310577;3
7.473801614;-0.2249253243;-0.1483550072;8.97308445;7.481794582;0.07422006875;-0.07834340632;-0.001985310577;3
7.475903332;-0.2153540403;-0.1483550072;8.906085968;7.483896249;0.06688969582;-0.07712167501;-0.001985310577;3
7.478005051;-0.2009970993;-0.1627119333;8.824729919;7.48599802;0.06078104675;-0.07589995116;-0.001985310577;3
7.48010677;-0.1818545163;-0.1674975902;8.781659126;7.488099739;0.05222893879;-0.07589995116;-0.003207040019;3
7.482208541;-0.1770688742;-0.1818545163;8.748159409;7.490201405;0.04489856213;-0.07589995116;-0.003207040019;3
7.484310207;-0.1579262912;-0.1962114573;8.729017258;7.492303176;0.03756818548;-0.07589995116;-0.00565049937;3
7.486411978;-0.1579262912;-0.2057827413;8.69551754;7.494404895;0.03268126398;-0.07589995116;-0.00565049937;3
7.488513697;-0.1627119333;-0.2201396823;8.671588898;7.496506562;0.02901607752;-0.07834340632;-0.006872228812;3
7.490615364;-0.1579262912;-0.2392822653;8.676374435;7.498608332;0.02535088919;-0.07956513762;-0.00565049937;3
7.492717135;-0.1627119333;-0.2249253243;8.676374435;7.500709999;0.02290742844;-0.08445205539;-0.006872228812;3
7.494818853;-0.1579262912;-0.2105683982;8.69551754;7.502811718;0.01924224012;-0.08811724186;-0.006872228812;3
7.49692052;-0.1435693651;-0.2057827413;8.66680336;7.504913437;0.01679878123;-0.08933897316;-0.00565049937;3
7.499022291;-0.1387837082;-0.2105683982;8.676374435;7.507015155;0.01435532235;-0.09056070447;-0.004428769462;3
7.501123957;-0.1292124242;-0.1818545163;8.642875671;7.509116874;0.01069013402;-0.09056070447;-0.003207040019;3
7.503225676;-0.1052841991;-0.1818545163;8.633303642;7.511218593;0.009468403645;-0.086895518;-0.001985310577;3
7.505327395;-0.09571290761;-0.1627119333;8.580661774;7.513320312;0.005803215317;-0.07834340632;-0.0007635809598;3
7.507429114;-0.06699903309;-0.1339980662;8.523234367;7.515422082;0.0009162971983;-0.06856957078;0.0016798781;3
7.509530832;-0.05264209956;-0.1292124242;8.46102047;7.517523749;-0.002748891478;-0.05757400393;0.004123337101;3
7.511632551;-0.04307080805;-0.1004985496;8.422736168;7.51962552;-0.008857538924;-0.04413498193;0.007788525894;3
7.51373427;-0.0239282269;-0.09571290761;8.374878883;7.521727239;-0.01740964688;-0.03069595434;0.01023198478;3
7.515836041;-0.009571290575;-0.08135596663;8.317451477;7.523828905;-0.0235182941;-0.01970038936;0.0126754446;3
7.517937707;0.009571290575;-0.0765703246;8.269595146;7.525930624;-0.03084867075;-0.006261364091;0.01389717404;3
7.520039478;0.0382851623;-0.0765703246;8.240880966;7.528032343;-0.04062250629;0.002290742937;0.01634063199;3
7.522141197;0.04785645381;-0.06221338734;8.197810173;7.530134062;-0.05039634556;0.01206457894;0.01634063199;3
7.524242864;0.08135596663;-0.04785645381;8.173882484;7.53223578;-0.0601701811;0.02183841541;0.0175623633;3
7.526344582;0.1052841991;-0.04785645381;8.135597229;7.534337499;-0.06994401664;0.02916879393;0.01634063199;3
7.528446301;0.1387837082;-0.0382851623;8.08295536;7.536439218;-0.08093958348;0.03405570984;0.01634063199;3
7.53054802;0.1531406492;-0.05742774159;8.078168869;7.538540937;-0.09437860548;0.04016435891;0.01634063199;3
7.532649739;0.1531406492;-0.06699903309;8.068597794;7.540642655;-0.1078176349;0.0438295491;0.01511890348;3
7.534751457;0.1627119333;-0.05264209956;8.049455643;7.542744374;-0.1212566569;0.04993819445;0.01511890348;3
7.536853176;0.1770688742;-0.06221338734;8.035098076;7.544846145;-0.1359174103;0.04993819445;0.01389717404;3
7.538954895;0.2009970993;-0.05742774159;8.035098076;7.546947812;-0.150578171;0.05115992576;0.01145371422;3
7.541056614;0.2201396823;-0.06221338734;8.073383331;7.54904953;-0.1664606482;0.05360338464;0.01023198478;3
7.543158332;0.2153540403;-0.04307080805;8.087740898;7.551151301;-0.1823431402;0.05482511222;0.01023198478;3
7.545260103;0.2057827413;-0.02871387079;8.111668587;7.553252968;-0.1970038861;0.05238165334;0.01145371422;3
7.54736177;0.1866401732;-0.02871387079;8.178668022;7.555354739;-0.2128863782;0.05360338464;0.01145371422;3
7.549463489;0.1674975902;-0.009571290575;8.221738815;7.557456457;-0.2263254076;0.05604684353;0.0126754446;3
7.55156526;0.1435693651;-0.004785645287;8.298309326;7.559558124;-0.2360992432;0.05604684353;0.0126754446;3
7.553666926;0.1387837082;-0.004785645287;8.38923645;7.561659843;-0.2483165264;0.05115992576;0.01511890348;3
7.555768697;0.1052841991;-0.0143569354;8.528019905;7.563761562;-0.2580903769;0.04871646687;0.0175623633;3
7.557870416;0.09571290761;0.0143569354;8.633303642;7.56586328;-0.2654207349;0.0438295491;0.01878409274;3
7.559972082;0.09092725813;0.0239282269;8.819944382;7.567964999;-0.2690859437;0.03772090003;0.01878409274;3
7.562073801;0.08614161611;0.05264209956;8.939585686;7.57006677;-0.2727511227;0.03161225095;0.01878409274;3
7.56417552;0.1100698411;0.06699903309;9.092725754;7.572168437;-0.2739728391;0.02794706449;0.02000582218;3
7.566277239;0.1196411327;0.07178468257;9.221938133;7.574270155;-0.2739728391;0.0242818743;0.01878409274;3
7.568378957;0.1435693651;0.07178468257;9.370293617;7.576371926;-0.2715294063;0.02306014486;0.0175623633;3
7.570480728;0.1627119333;0.06699903309;9.51386261;7.578473593;-0.2678641975;0.0242818743;0.0175623633;3
7.572582395;0.1818545163;0.05264209956;9.657432556;7.580575312;-0.2641990185;0.02550360374;0.0175623633;3
7.574684114;0.1818545163;0.05742774159;9.791430473;7.58267703;-0.2593120933;0.0242818743;0.01634063199;3
7.576785885;0.1914258152;0.02871387079;9.920642853;7.584778749;-0.2532034516;0.02550360374;0.01511890348;3
7.578887551;0.1962114573;0.004785645287;10.05464077;7.586880468;-0.2483165264;0.02794706449;0.01389717404;3
7.58098927;0.2297109663;-0.01914258115;10.16949654;7.588982187;-0.2409861535;0.03283398226;0.01145371422;3
7.583090989;0.2584248483;-0.03349951655;10.30349445;7.591083905;-0.2287688553;0.03405570984;0.009010255337;3
7.585192707;0.2823530734;-0.04785645381;10.44706345;7.593185624;-0.2177732885;0.03527744114;0.007788525894;3
7.587294426;0.3158525825;-0.05742774159;10.5858469;7.595287395;-0.2079994529;0.03405570984;0.006566796452;3
7.589396145;0.3349951804;-0.06699903309;10.748559;7.597389114;-0.1945604384;0.03039052337;0.004123337101;3
7.591497864;0.3780659735;-0.04307080805;10.88255692;7.59949078;-0.1811214089;0.02794706449;0.0004581485991;3
7.593599582;0.3924229145;-0.03349951655;11.0309124;7.601592499;-0.1664606482;0.02306014486;-0.001985310577;3
7.595701353;0.4307080805;-0.0239282269;11.16491032;7.603694218;-0.1517999023;0.0157297682;-0.00565049937;3
7.597803072;0.4642075896;-0.01914258115;11.27976608;7.605795937;-0.1346956789;0.01328630932;-0.01053741761;3
7.599904739;0.5072783828;-0.0143569354;11.38504982;7.607897655;-0.1237001196;0.00351247238;-0.01420260593;3
7.602006457;0.5503492355;-0.009571290575;11.45683479;7.609999374;-0.1114828214;-0.001374445739;-0.01786779426;3
7.604108176;0.5551348329;0.0;11.58126163;7.612101093;-0.0968220681;-0.006261364091;-0.02153298259;3
7.606209895;0.5742774606;0.0;11.64347458;7.614202812;-0.08949168772;-0.0209221188;-0.02275471389;3
7.608311614;0.5790630579;0.0143569354;11.69133186;7.61630453;-0.07971785218;-0.02825249545;-0.02397644334;3
7.610413332;0.5742774606;0.02871387079;11.75354481;7.618406249;-0.07116574794;-0.03680460155;-0.02641990222;3
7.612515051;0.5694918036;0.04307080805;11.82054424;7.620507968;-0.06505709887;-0.0478001684;-0.02641990222;3
7.61461677;0.5838487148;0.07178468257;11.82532978;7.622609687;-0.06139190868;-0.05757400393;-0.02519817278;3
7.616718489;0.5742774606;0.09571290761;11.8588295;7.624711405;-0.05772672221;-0.06856957078;-0.02397644334;3
7.618820207;0.5790630579;0.1339980662;11.88754272;7.626813176;-0.05406153202;-0.07956513762;-0.02153298259;3
7.620921926;0.6077769399;0.1627119333;11.9162569;7.628914843;-0.05161807314;-0.09056070447;-0.0190895237;3
7.623023645;0.6364908218;0.1914258152;11.94018459;7.631016614;-0.04795288667;-0.1052214578;-0.01664606482;3
7.625125364;0.6843472719;0.2536391914;11.98804188;7.63311828;-0.04428769648;-0.1211039424;-0.01542433538;3
7.627227135;0.7226324677;0.2871387303;12.03589821;7.635219999;-0.04428769648;-0.1357647032;-0.01420260593;3
7.629328801;0.7704889178;0.3110669553;12.03111267;7.637321718;-0.04428769648;-0.1516471803;-0.01175914705;3
7.631430572;0.8327022791;0.3397808075;12.05025482;7.639423437;-0.04062250629;-0.1650862098;-0.01175914705;3
7.633532239;0.890130043;0.3732803464;12.09811115;7.641525155;-0.03940077871;-0.1821904182;-0.01175914705;3
7.635633957;0.9762716293;0.3828516304;12.13161087;7.643626874;-0.04062250629;-0.1956294477;-0.01298087649;3
7.637735676;1.057627559;0.3972085714;12.13161087;7.645728593;-0.03817904741;-0.2078467458;-0.01420260593;3
7.639837395;1.13419795;0.4067798555;12.12203979;7.647830312;-0.03573558852;-0.2188423127;-0.01664606482;3
7.641939114;1.21555388;0.3924229145;12.16511059;7.649932082;-0.03573558852;-0.2322813272;-0.02275471389;3
7.644040832;1.287338614;0.4067798555;12.16032505;7.652033749;-0.03451386094;-0.2408334464;-0.02641990222;3
7.646142551;1.373480201;0.4115654826;12.14596748;7.65413552;-0.02962694131;-0.2506072819;-0.03375028074;3
7.64824427;1.459621787;0.4163511395;12.15553856;7.656237187;-0.02840521187;-0.2518289983;-0.03863719851;3
7.650346041;1.555334687;0.4115654826;12.16511059;7.658338905;-0.02229656465;-0.2591593862;-0.04230238497;3
7.652447707;1.641476393;0.4211367965;12.18425274;7.660440624;-0.01863137633;-0.2603811026;-0.04963276163;3
7.654549478;1.718046665;0.4259224236;12.17468166;7.662542343;-0.01252272818;-0.2628245652;-0.05696314201;3
7.656651145;1.775474429;0.4354937077;12.16511059;7.664644062;-0.006414080039;-0.2640463114;-0.06429351866;3
7.658752864;1.837687731;0.4307080805;12.16989613;7.66674578;-0.0003054323897;-0.2616028488;-0.07040216774;3
7.660854582;1.866401672;0.4354937077;12.18903828;7.668847499;0.005803215317;-0.2603811026;-0.07773254067;3
7.662956301;1.899901152;0.4546363056;12.18903828;7.670949218;0.01069013402;-0.25793764;-0.08384118974;3
7.66505802;1.952543259;0.4689932466;12.1794672;7.673050937;0.01557705179;-0.2567159235;-0.08994983882;3
7.667159739;1.971685886;0.4689932466;12.11246777;7.675152655;0.01924224012;-0.2554942071;-0.09361502528;3
7.669261457;1.976471543;0.4977070987;12.09811115;7.677254374;0.02412915789;-0.2554942071;-0.09850194305;3
7.671363176;2.009970903;0.5120640397;12.08375454;7.679356093;0.02657261863;-0.25793764;-0.102167137;3
7.673464895;2.024327993;0.5599204898;12.0598259;7.681457812;0.02901607752;-0.25793764;-0.1058323234;3
7.675566614;2.024327993;0.5694918036;12.05025482;7.68355953;0.03512472659;-0.2603811026;-0.1094975099;3
7.677668332;2.01475668;0.5694918036;12.0598259;7.685661249;0.03878991306;-0.2591593862;-0.1119409725;3
7.679770051;2.005185366;0.5742774606;12.06461143;7.687762968;0.04489856213;-0.2591593862;-0.1143844277;3
7.68187177;2.005185366;0.5647061467;12.06939697;7.689864687;0.0485637486;-0.2628245652;-0.1192713454;3
7.683973489;2.024327993;0.5742774606;12.05504036;7.691966405;0.05589412898;-0.2640463114;-0.1229365394;3
7.686075207;2.024327993;0.5599204898;12.05504036;7.694068124;0.06322450191;-0.2652680278;-0.1253799945;3
7.688176926;2.033899307;0.5647061467;12.05025482;7.696169895;0.06811141968;-0.273820132;-0.1290451884;3
7.690278645;2.057827473;0.5647061467;12.11246777;7.698271562;0.07544180006;-0.2811505198;-0.1278234571;3
7.692380364;2.072184324;0.5934200287;12.12203979;7.70037328;0.08032871783;-0.2897026241;-0.1278234571;3
7.694482082;2.06261301;0.5934200287;12.10289669;7.702474999;0.08155044913;-0.3006981909;-0.1266017258;3
7.696583853;2.019542217;0.5982056856;12.05025482;7.704576718;0.08032871783;-0.3092502952;-0.1241582632;3
7.69868552;1.962114573;0.5838487148;12.00239849;7.706678437;0.08032871783;-0.3178023994;-0.1204930767;3
7.700787239;1.938186288;0.5982056856;11.95454216;7.708780155;0.08155044913;-0.3275762498;-0.1168278903;3
7.702888957;1.904686809;0.5838487148;11.92582798;7.710881874;0.07666353136;-0.3397935331;-0.1143844277;3
7.704990676;1.952543259;0.5790630579;11.88275719;7.712983593;0.07544180006;-0.3471239209;-0.1107192412;3
7.707092395;2.024327993;0.5551348329;11.84925747;7.715085312;0.07422006875;-0.3520108163;-0.1094975099;3
7.709194114;2.081755638;0.5407779217;11.83490086;7.71718703;0.07177661359;-0.3630063832;-0.1058323234;3
7.711295832;2.115255117;0.4881358147;11.83011532;7.719288749;0.07177661359;-0.3715584874;-0.1058323234;3
7.713397551;2.182254314;0.4498506486;11.83490086;7.721390468;0.07177661359;-0.3801106215;-0.1082757786;3
7.71549927;2.20618248;0.4067798555;11.83490086;7.723492187;0.07055488229;-0.3874409795;-0.1107192412;3
7.717600989;2.311466694;0.3828516304;11.87318611;7.725593905;0.07422006875;-0.3947713673;-0.1168278903;3
7.719702707;2.411965132;0.3397808075;11.9162569;7.727695624;0.07788526267;-0.4021017551;-0.1241582632;3
7.721804426;2.52682066;0.2919243574;11.92582798;7.729797343;0.08155044913;-0.4106538594;-0.1302669197;3
7.723906145;2.651247501;0.2344966233;11.94497108;7.731899062;0.0852156356;-0.4179842174;-0.1412624866;3
7.726007864;2.737389088;0.1722832322;11.96889877;7.73400078;0.09498947114;-0.42042768;-0.1534797698;3
7.728109582;2.861815929;0.1196411327;11.96411324;7.736102499;0.1035415828;-0.424092859;-0.1669187993;3
7.730211301;2.981456995;0.05742774159;11.99761295;7.738204218;0.1120936871;-0.4253146052;-0.18157956;3
7.73231302;3.115455151;0.0;11.98804188;7.740305937;0.1182023361;-0.4228711426;-0.1962403059;3
7.734414739;3.201596737;-0.0765703246;12.00718403;7.742407655;0.1304196268;-0.4228711426;-0.2145662606;3
7.736516457;3.297309637;-0.1339980662;12.02154064;7.744509374;0.1450803876;-0.4192059636;-0.231670469;3
7.738618176;3.369094372;-0.2153540403;12.00239849;7.746611093;0.1597411335;-0.4143190384;-0.2512181401;3
7.740719895;3.416950703;-0.2775674164;12.03111267;7.748712812;0.1756236255;-0.4094321132;-0.2719875574;3
7.742821614;3.493520975;-0.3445664644;12.0598259;7.75081453;0.1915061027;-0.3996582925;-0.2939786613;3
7.744923332;3.579662561;-0.3780659735;12.07418346;7.752916249;0.2086103261;-0.3874409795;-0.315969795;3
7.747025051;3.637090445;-0.4163511395;12.078969;7.755017968;0.2269362658;-0.3752236962;-0.3404043913;3
7.74912677;3.699303865;-0.4402793646;12.07418346;7.757119687;0.2452622056;-0.3630063832;-0.3648389876;3
7.751228489;3.723232031;-0.4689932466;12.0598259;7.759221405;0.2648098767;-0.3507890999;-0.3868301213;3
7.753330207;3.732803345;-0.4881358147;12.05504036;7.761323124;0.285579294;-0.3324631453;-0.4100429714;3
7.755431926;3.728017569;-0.5024927258;12.03589821;7.763424843;0.3100138903;-0.3178023994;-0.4308123887;3
7.757533645;3.723232031;-0.4977070987;12.02154064;7.765526562;0.3295615613;-0.3006981909;-0.4515817761;3
7.759635364;3.684946775;-0.4737788737;11.99282742;7.76762828;0.3503309488;-0.2897026241;-0.4699077308;3
7.761737082;3.66101861;-0.4450650215;11.9593277;7.769729999;0.3686569035;-0.2713766694;-0.4882336855;3
7.763838801;3.594019651;-0.3924229145;11.87797165;7.771831718;0.385761112;-0.2518289983;-0.5065596104;3
7.76594052;3.531806231;-0.3828516304;11.77268696;7.773933437;0.4053087831;-0.2273944169;-0.5236638188;3
7.768042239;3.479164124;-0.3780659735;11.70090294;7.776035155;0.4236347377;-0.2041815519;-0.5407680273;3
7.770143957;3.402593851;-0.3349951804;11.62433243;7.778136874;0.4407389462;-0.1834121495;-0.555428803;3
7.772245676;3.316452265;-0.3014956415;11.54776192;7.780238593;0.4566214085;-0.1663079411;-0.5725330114;3
7.774347395;3.249453068;-0.2679961324;11.46640587;7.782340312;0.4749473631;-0.1479819864;-0.5871937871;3
7.776449114;3.211168051;-0.2201396823;11.39940739;7.78444203;0.489608109;-0.1284343153;-0.6018545032;3
7.778550832;3.158525944;-0.2057827413;11.3132658;7.786543749;0.5067123175;-0.1052214578;-0.6152935624;3
7.780652551;3.115455151;-0.2153540403;11.23190975;7.788645468;0.5250383019;-0.086895518;-0.6262891293;3
7.78275427;3.034099102;-0.2105683982;11.1505537;7.790747187;0.5433642268;-0.06856957078;-0.6348412037;3
7.784855989;2.94317174;-0.1866401732;11.06441212;7.792848905;0.5568032265;-0.05757400393;-0.6446150541;3
7.786957707;2.818745136;-0.1387837082;10.98784161;7.794950624;0.5690205693;-0.0490218997;-0.6531671882;3
7.789059426;2.703889608;-0.08135596663;10.93998528;7.797052343;0.5787943602;-0.03680460155;-0.6617192626;3
7.791161145;2.617748022;-0.02871387079;10.82512951;7.799154062;0.5885682106;-0.0209221188;-0.6690496206;3
7.793262864;2.536391973;-0.004785645287;10.69591713;7.80125578;0.5946768522;-0.01114828233;-0.6727148294;3
7.795364582;2.445464849;0.02871387079;10.5475626;7.803357499;0.598342061;-0.005039634649;-0.6776017547;3
7.797466301;2.340180635;0.06221338734;10.39920712;7.805459218;0.6020072699;0.002290742937;-0.6824886799;3
7.79956802;2.258824587;0.1100698411;10.25563812;7.807560937;0.6032289863;0.005955931731;-0.6849321127;3
7.801669739;2.191825628;0.1292124242;10.14556789;7.809662655;0.6007854939;0.008399390616;-0.6873756051;3
7.803771457;2.11046958;0.1674975902;10.02114105;7.811764374;0.5971203446;0.01450803876;-0.6885973215;3
7.805873176;2.029113531;0.2057827413;9.963713646;7.813866093;0.589789927;0.01939495653;-0.6898190379;3
7.807974895;1.9812572;0.2344966233;9.844072342;7.815967812;0.5812378526;0.02550360374;-0.6898190379;3
7.810076614;1.895115495;0.2775674164;9.643074989;7.81806953;0.5690205693;0.03039052337;-0.6898190379;3
7.812178332;1.789831281;0.3254238665;9.461220741;7.820171249;0.5543597937;0.03283398226;-0.6898190379;3
7.814280051;1.679761529;0.3732803464;9.30807972;7.822272968;0.5409207344;0.03039052337;-0.6861538887;3
7.81638177;1.579262972;0.4354937077;9.198010445;7.824374687;0.5250383019;0.02672533318;-0.6849321127;3
7.818483489;1.507478237;0.4881358147;9.131011009;7.826476405;0.5067123175;0.0242818743;-0.6812669635;3
7.820585207;1.45483613;0.5503492355;9.073583603;7.828578124;0.489608109;0.02672533318;-0.6776017547;3
7.822686926;1.387837172;0.5982056856;8.920442581;7.830679843;0.4725039005;0.02672533318;-0.6739365458;3
7.824788645;1.277767301;0.6125625968;8.791230202;7.832781562;0.4553996921;0.02306014486;-0.671493113;3
7.826890364;1.1820544;0.6221339107;8.719446182;7.83488328;0.4370737374;0.0157297682;-0.664162755;3
7.828992082;1.081555843;0.6412764788;8.662017822;7.836984999;0.4187478125;0.005955931731;-0.6580541134;3
7.831093801;1.004985452;0.6604190469;8.633303642;7.839086718;0.3992001414;0.001069013379;-0.6507236958;3
7.83319552;0.9284151793;0.6987041831;8.542376518;7.841188437;0.3808741868;-0.002596175298;-0.6433933377;3
7.835297239;0.8279166222;0.7130611539;8.504091263;7.843290155;0.3649916947;-0.01114828233;-0.6348412037;3
7.837398957;0.7274180651;0.7226324677;8.46102047;7.845391874;0.3478874862;-0.01847865991;-0.6262891293;3
7.839500676;0.6317051649;0.7369893789;8.451449394;7.847493593;0.3307832778;-0.03069595434;-0.6152935624;3
7.841602395;0.5407779217;0.7513462901;8.432307243;7.849595312;0.3136790693;-0.04291325063;-0.6042979956;3
7.843704114;0.4642075896;0.7800601721;8.432307243;7.85169703;0.2977965772;-0.06246092543;-0.5908589363;3
7.845805832;0.3493520916;0.7944171429;8.408378601;7.853798749;0.2831358314;-0.08078686893;-0.5774199367;3
7.847907551;0.2632105052;0.7992027402;8.417949677;7.855900468;0.2684750557;-0.09666935354;-0.563980937;3
7.85000927;0.1770688742;0.8087740541;8.379665375;7.858002187;0.2513708472;-0.1101083755;-0.5529853702;3
7.852110989;0.1100698411;0.8087740541;8.403593063;7.860103905;0.2367101014;-0.127212584;-0.5407680273;3
7.854212707;0.06699903309;0.8039883971;8.370093346;7.862205624;0.2208276242;-0.1418733448;-0.5273290277;3
7.856314426;0.0382851623;0.7896314859;8.317451477;7.864307343;0.2037234008;-0.1553123742;-0.5151117444;3
7.858416145;-0.009571290575;0.760917604;8.236095428;7.866409062;0.189062655;-0.1711948514;-0.5016726851;3
7.860517864;-0.03349951655;0.7417750359;8.226524353;7.86851078;0.1744018942;-0.1834121495;-0.4906771481;3
7.862619582;-0.05264209956;0.70348984;8.216953278;7.870612499;0.1609628648;-0.1931859851;-0.4784598351;3
7.864721301;-0.07178468257;0.6699903607;8.226524353;7.872714218;0.1475238502;-0.2017380893;-0.4674642682;3
7.86682302;-0.08135596663;0.650847733;8.202595711;7.874815937;0.1353065521;-0.2102901936;-0.455246985;3
7.868924739;-0.1148554832;0.6412764788;8.202595711;7.876917655;0.1243109852;-0.2139553875;-0.4430296719;3
7.871026457;-0.1339980662;0.6125625968;8.207381248;7.879019374;0.1145371497;-0.220064044;-0.4320341051;3
7.873128176;-0.1292124242;0.5790630579;8.231309891;7.881121093;0.105985038;-0.2225074917;-0.424703747;3
7.875229895;-0.1052841991;0.5407779217;8.274380684;7.883222812;0.1023198515;-0.223729223;-0.4161516428;3
7.877331614;-0.04307080805;0.4977070987;8.350951195;7.88532453;0.1035415828;-0.2188423127;-0.4100429714;3
7.879433332;0.04307080805;0.4354937077;8.441878319;7.887426249;0.1084285006;-0.2090684772;-0.4075995386;3
7.881535051;0.1483550072;0.3972085714;8.537590981;7.889527968;0.1120936871;-0.196851179;-0.4100429714;3
7.88363677;0.2679961324;0.3206382394;8.652446747;7.891629687;0.1194240674;-0.1895207912;-0.4137081802;3
7.885738489;0.3828516304;0.2823530734;8.772088051;7.893731405;0.1304196268;-0.1858556122;-0.4222602844;3
7.887840207;0.4929214716;0.2249253243;8.877371788;7.895833124;0.1463021189;-0.1834121495;-0.4320341051;3
7.889941926;0.6125625968;0.1674975902;8.953942299;7.897934843;0.1646280587;-0.1895207912;-0.4454731345;3
7.892043645;0.7513462901;0.08614161611;9.044869423;7.900036562;0.1817322671;-0.196851179;-0.4601338804;3
7.894145364;0.8757730722;0.004785645287;9.116654396;7.90213828;0.1988364905;-0.2054032832;-0.4772381186;3
7.896247082;1.000199914;-0.08135596663;9.188439369;7.904239999;0.2171624303;-0.2176205814;-0.4955640435;3
7.898348801;1.0863415;-0.1531406492;9.159725189;7.906341718;0.231823191;-0.2249509543;-0.5138899684;3
7.90045052;1.11984098;-0.2249253243;9.140582085;7.908443437;0.2477056682;-0.2322813272;-0.5346593857;3
7.902552239;1.153340459;-0.2919243574;9.111868858;7.910545155;0.2611446977;-0.2310595959;-0.555428803;3
7.904653957;1.172483087;-0.3589234054;9.073583603;7.912646874;0.2733619809;-0.2335030586;-0.5786416531;3
7.906755676;1.201196909;-0.4211367965;9.040083885;7.914748593;0.2794706225;-0.2347247899;-0.6006327868;3
7.908857395;1.244267821;-0.4785645306;8.958727837;7.916850312;0.285579294;-0.2359465212;-0.6226239204;3
7.910959114;1.282552958;-0.5024927258;8.87258625;7.91895203;0.2880227566;-0.2359465212;-0.6446150541;3
7.913060832;1.316052437;-0.4977070987;8.776873589;7.921053749;0.2843575478;-0.2371682525;-0.664162755;3
7.915162551;1.325623751;-0.5024927258;8.614161491;7.923155468;0.2806923687;-0.2371682525;-0.6837103963;3
7.91726427;1.344766378;-0.4737788737;8.480163574;7.925257187;0.2745837271;-0.2359465212;-0.6995928884;3
7.919365989;1.316052437;-0.4498506486;8.327022552;7.927358905;0.2635881603;-0.2322813272;-0.7154753804;3
7.921467707;1.296909928;-0.4354937077;8.178668022;7.929460624;0.2538143098;-0.2298378795;-0.7289143801;3
7.923569426;1.239482164;-0.4115654826;8.039883614;7.931562343;0.2367101014;-0.2286161482;-0.7399099469;3
7.925671145;1.162911773;-0.3924229145;7.901100159;7.933664062;0.2244928032;-0.2249509543;-0.748462081;3
7.927772864;1.076770186;-0.3684946895;7.819744587;7.93576578;0.2049451321;-0.220064044;-0.7594576478;3
7.929874582;0.9858429432;-0.3349951804;7.733603001;7.937867499;0.1902843714;-0.2176205814;-0.7667880058;3
7.931976301;0.9188438654;-0.3206382394;7.67138958;7.939969218;0.1731801629;-0.2151771188;-0.7753401399;3
7.93407802;0.8422735929;-0.2871387303;7.623532772;7.942070937;0.1572976857;-0.2090684772;-0.7814487815;3
7.936179739;0.7704889178;-0.2871387303;7.580461979;7.944172655;0.1377500147;-0.1992946416;-0.7838922143;3
7.938281457;0.7178468108;-0.2727817893;7.518248558;7.946274374;0.1194240674;-0.1870773435;-0.7851139307;3
7.940383176;0.6652047038;-0.2536391914;7.451249599;7.948376093;0.1035415828;-0.1760817766;-0.7838922143;3
7.942484895;0.5694918036;-0.2105683982;7.412964344;7.950477812;0.0864373669;-0.1663079411;-0.7826704979;3
7.944586614;0.4402793646;-0.1818545163;7.341179848;7.95257953;0.07544180006;-0.1565341055;-0.7777835727;3
7.946688332;0.3349951804;-0.1770688742;7.393822193;7.954681249;0.06688969582;-0.14676027;-0.7728966475;3
7.948790051;0.2153540403;-0.1962114573;7.470392227;7.956782968;0.06200277433;-0.1357647032;-0.7680097222;3
7.95089177;0.1387837082;-0.2344966233;7.575676441;7.958884687;0.05833758786;-0.1259908676;-0.7655662894;3
7.952993489;0.06221338734;-0.2392822653;7.661818027;7.960986405;0.05589412898;-0.1162170246;-0.7594576478;3
7.955095207;0.009571290575;-0.2584248483;7.752745152;7.963088124;0.05711585656;-0.1052214578;-0.7545707226;3
7.957196926;-0.02871387079;-0.2536391914;7.786244869;7.965189843;0.06078104675;-0.09178243577;-0.7496837974;3
7.959298645;-0.06221338734;-0.2392822653;7.829315662;7.967291562;0.06444623321;-0.07834340632;-0.7423534393;3
7.961400364;-0.1004985496;-0.2153540403;7.84845829;7.96939328;0.06933315098;-0.06734783947;-0.7338013053;3
7.963502082;-0.1627119333;-0.1962114573;7.915457249;7.971494999;0.07299833745;-0.05513054505;-0.7264709473;3
7.965603801;-0.2249253243;-0.1674975902;7.953742504;7.973596718;0.08155044913;-0.04657844082;-0.7191405892;3
7.96770552;-0.2344966233;-0.1292124242;7.968099594;7.975698437;0.0864373669;-0.03436114267;-0.7118101716;3
7.969807239;-0.2775674164;-0.1148554832;7.958528042;7.977800155;0.09376774728;-0.01725693047;-0.7020363212;3
7.971908957;-0.2967100143;-0.1004985496;7.934599876;7.979901874;0.09865466505;-0.0001527161949;-0.6934842467;3
7.974010676;-0.3062812984;-0.1004985496;7.877171993;7.982003593;0.1035415828;0.0157297682;-0.6849321127;3
7.976112395;-0.3014956415;-0.09092725813;7.810173035;7.984105312;0.1084285006;0.02916879393;-0.6751583219;3
7.978214114;-0.3110669553;-0.06221338734;7.791030407;7.98620703;0.1108719558;0.04871646687;-0.6653844714;3
7.980315832;-0.3302095234;-0.04307080805;7.738388538;7.988308749;0.1145371497;0.06337722391;-0.6568323374;3
7.982417551;-0.3254238665;-0.06221338734;7.714460373;7.990410468;0.1120936871;0.07925970852;-0.6482802629;3
7.98451927;-0.3445664644;-0.04307080805;7.647460938;7.992512187;0.1096502244;0.09514218569;-0.6409498453;3
7.986620989;-0.3302095234;-0.02871387079;7.604390144;7.994613905;0.1096502244;0.1098029464;-0.6360629797;3
7.988722707;-0.3062812984;-0.03349951655;7.561319351;7.996715624;0.1072067693;0.1244636998;-0.6311760545;3
7.990824426;-0.2584248483;-0.04307080805;7.5421772;7.998817343;0.105985038;0.1391244531;-0.6287325621;3
7.992926145;-0.2249253243;-0.06699903309;7.52782011;8.000919062;0.1035415828;0.1525634825;-0.6275108457;3
7.995027864;-0.1674975902;-0.06221338734;7.49910593;8.00302078;0.1023198515;0.1647807807;-0.6299542785;3
7.997129582;-0.1339980662;-0.06699903309;7.508677483;8.005122499;0.09621120244;0.1745546162;-0.6311760545;3
7.999231301;-0.09571290761;-0.06221338734;7.508677483;8.007224218;0.09010255337;0.1831067204;-0.6348412037;3
8.00133302;-0.08135596663;-0.07178468257;7.51346302;8.009325937;0.08032871783;0.1843284518;-0.6385064125;3
8.003434739;-0.06221338734;-0.08614161611;7.441678524;8.011427655;0.07422006875;0.1794415265;-0.6433933377;3
8.005536457;-0.07178468257;-0.1004985496;7.369893551;8.013529374;0.06811141968;0.1733328849;-0.6482802629;3
8.007638176;-0.08135596663;-0.1004985496;7.393822193;8.015631093;0.05833758786;0.1611155868;-0.655610621;3
8.009739895;-0.0765703246;-0.1052841991;7.393822193;8.017732812;0.0497854799;0.1488982886;-0.662940979;3
8.011841614;-0.08614161611;-0.1387837082;7.389036179;8.01983453;0.04123337194;0.1379027218;-0.6727148294;3
8.013943332;-0.1004985496;-0.1722832322;7.398607731;8.021936249;0.03268126398;0.1269071549;-0.6824886799;3
8.016045051;-0.1148554832;-0.1770688742;7.393822193;8.024037968;0.02290742844;0.1146898642;-0.6922625303;3
8.01814677;-0.1244267747;-0.1914258152;7.417750359;8.026139687;0.0131335929;0.1024725661;-0.7008146048;3
8.020248489;-0.1674975902;-0.1962114573;7.408178806;8.028241405;0.002138026757;0.09025526792;-0.7093667388;3
8.022350207;-0.2105683982;-0.1722832322;7.408178806;8.030343124;-0.008857538924;0.08048143238;-0.7166970968;3
8.024451926;-0.2488535494;-0.1579262912;7.384250641;8.032444843;-0.02107483521;0.07070759684;-0.7240274549;3
8.026553645;-0.3062812984;-0.1339980662;7.355536938;8.034546562;-0.03573558852;0.05849030241;-0.7276926637;3
8.028655364;-0.3541377485;-0.09571290761;7.302894592;8.03664828;-0.04550942779;0.04993819445;-0.7313578725;3
8.030757082;-0.3924229145;-0.05264209956;7.283751965;8.038749999;-0.05528326333;0.04138609022;-0.7338013053;3
8.032858801;-0.4354937077;-0.0239282269;7.274180889;8.040851718;-0.06872228533;0.03283398226;-0.7338013053;3
8.03496052;-0.4977070987;0.004785645287;7.250252724;8.042953437;-0.08093958348;0.02794706449;-0.7362447977;3
8.037062239;-0.5551348329;0.04785645381;7.226324558;8.045055155;-0.09071341902;0.02672533318;-0.7374665141;3
8.039163957;-0.5838487148;0.06221338734;7.235895634;8.047156874;-0.1004872546;0.02916879393;-0.7350230217;3
8.041265676;-0.6412764788;0.08135596663;7.216753006;8.049258593;-0.1090393662;0.03161225095;-0.7338013053;3
8.043367395;-0.708275497;0.06221338734;7.188039303;8.051360312;-0.1175914705;0.03649916872;-0.7276926637;3
8.045469114;-0.784845829;0.05742774159;7.197610378;8.05346203;-0.1249218509;0.04627300799;-0.721584022;3
8.047570832;-0.8614161611;0.09092725813;7.197610378;8.055563749;-0.1334739476;0.05482511222;-0.7118101716;3
8.049672551;-0.9475577474;0.08614161611;7.211967468;8.057665468;-0.1383608729;0.06337722391;-0.7020363212;3
8.05177427;-1.024128079;0.1052841991;7.259823799;8.059767187;-0.1432477981;0.07192932814;-0.6898190379;3
8.053875989;-1.105484009;0.1100698411;7.312466145;8.061868905;-0.1469129771;0.08048143238;-0.6776017547;3
8.055977707;-1.162911773;0.1292124242;7.360322475;8.063970624;-0.1517999023;0.08781181276;-0.6653844714;3
8.058079426;-1.201196909;0.1579262912;7.403393269;8.066072343;-0.1530216336;0.09392046183;-0.6531671882;3
8.060181145;-1.234696507;0.1722832322;7.446464062;8.068174062;-0.1554650813;0.1049160287;-0.6397281289;3
8.062282864;-1.253839016;0.1722832322;7.484749317;8.07027578;-0.1579085439;0.1122464016;-0.6287325621;3
8.064384582;-1.253839016;0.1674975902;7.52782011;8.072377499;-0.1591302752;0.1220202371;-0.6152935624;3
8.066486301;-1.244267821;0.1962114573;7.570890903;8.074479218;-0.1603520066;0.1317940801;-0.6042979956;3
8.06858802;-1.21555388;0.2009970993;7.566105366;8.076580937;-0.1652389169;0.142789647;-0.5933024287;3
8.070689739;-1.186840057;0.1627119333;7.585247993;8.078682655;-0.1689041108;0.1501200199;-0.5847502947;3
8.072791457;-1.172483087;0.1579262912;7.604390144;8.080784374;-0.1725693047;0.1562286615;-0.5749764442;3
8.074893176;-1.16769743;0.1435693651;7.652246952;8.082886093;-0.1786779463;0.1623373181;-0.5664243698;3
8.076994895;-1.16769743;0.1196411327;7.67138958;8.084987812;-0.1835648715;0.1647807807;-0.5590940118;3
8.079096614;-1.177268744;0.1148554832;7.685746193;8.08708953;-0.1933387071;0.1647807807;-0.5505418777;3
8.081198332;-1.186840057;0.1100698411;7.714460373;8.089191249;-0.2018908113;0.1647807807;-0.5444332361;3
8.083300051;-1.186840057;0.1148554832;7.728816986;8.091292968;-0.2116646469;0.1562286615;-0.5371028781;3
8.08540177;-1.177268744;0.09092725813;7.733603001;8.093394687;-0.2251036763;0.1501200199;-0.5322159529;3
8.087503489;-1.210768223;0.0765703246;7.757531166;8.095496405;-0.2385426909;0.1452330947;-0.5261073112;3
8.089605207;-1.220339537;0.07178468257;7.747959614;8.097598124;-0.2532034516;0.1366809905;-0.5199986696;3
8.091706926;-1.210768223;0.07178468257;7.757531166;8.099699843;-0.2666424811;0.1342375278;-0.5151117444;3
8.093808645;-1.253839016;0.06221338734;7.795815945;8.101801562;-0.2788597643;0.1317940801;-0.5102248192;3
8.095910364;-1.277767301;0.02871387079;7.791030407;8.10390328;-0.29352054;0.1317940801;-0.5077813268;3
8.098012082;-1.292124271;0.009571290575;7.858029366;8.106004999;-0.3020726442;0.1317940801;-0.5041161776;3
8.100113801;-1.277767301;0.004785645287;7.886743546;8.108106718;-0.3118464649;0.1293506175;-0.5028944016;3
8.10221552;-1.26341033;0.0;7.939385414;8.110208437;-0.3216203153;0.1281288862;-0.5028944016;3
8.104317239;-1.258624673;0.009571290575;8.011170387;8.112310155;-0.3277289569;0.1281288862;-0.5004509687;3
8.106418957;-1.220339537;0.0239282269;8.087740898;8.114411874;-0.3326158822;0.1281288862;-0.5016726851;3
8.108520676;-1.186840057;0.01914258115;8.159524918;8.116513593;-0.3375027776;0.1305723488;-0.5028944016;3
8.110622395;-1.172483087;0.02871387079;8.216953278;8.118615312;-0.3399462402;0.1354592592;-0.5016726851;3
8.112724114;-1.16769743;0.0239282269;8.264809608;8.12071703;-0.3423897028;0.1415679157;-0.5016726851;3
8.114825832;-1.153340459;0.02871387079;8.307880402;8.122818749;-0.3423897028;0.1476765573;-0.5028944016;3
8.116927551;-1.148554921;0.0239282269;8.341380119;8.124920468;-0.3399462402;0.1611155868;-0.5041161776;3
8.11902927;-1.124626637;0.0;8.394021988;8.127022187;-0.3399462402;0.1757763475;-0.5065596104;3
8.121130989;-1.11984098;-0.009571290575;8.437092781;8.129123905;-0.3375027776;0.1904370934;-0.5090031028;3
8.123232707;-1.091127157;-0.0382851623;8.48973465;8.131225624;-0.3350593448;0.2026543915;-0.5138899684;3
8.125334426;-1.067198873;-0.05742774159;8.571090698;8.133327343;-0.3301724195;0.2185368687;-0.5175551772;3
8.127436145;-1.048056364;-0.08614161611;8.614161491;8.135429062;-0.3240637779;0.2331976295;-0.521220386;3
8.129537864;-1.057627559;-0.08614161611;8.66680336;8.13753078;-0.3191768527;0.2466366589;-0.5236638188;3
8.131639582;-1.076770186;-0.1100698411;8.743373871;8.139632499;-0.3094030023;0.2612974048;-0.5273290277;3
8.133741301;-1.105484009;-0.1292124242;8.791230202;8.141734218;-0.3032943606;0.2735147178;-0.5334376693;3
8.13584302;-1.129412293;-0.1483550072;8.84387207;8.143835937;-0.2947422564;0.2845102847;-0.5371028781;3
8.137944739;-1.138983607;-0.1627119333;8.90130043;8.145937655;-0.284968406;0.2967275679;-0.5407680273;3
8.140046457;-1.172483087;-0.1579262912;8.968298912;8.148039374;-0.2739728391;0.3052796721;-0.5444332361;3
8.142148176;-1.196411371;-0.1627119333;9.020941734;8.150141093;-0.2629773021;0.3150535226;-0.5493201613;3
8.144249895;-1.239482164;-0.1579262912;9.068798065;8.152242812;-0.2532034516;0.3187187016;-0.5505418777;3
8.146351614;-1.277767301;-0.1292124242;9.111868858;8.15434453;-0.2422078848;0.3272708058;-0.5517635942;3
8.148453332;-1.354337573;-0.1100698411;9.111868858;8.156446249;-0.2360992432;0.3333794475;-0.5517635942;3
8.150555051;-1.435693622;-0.09571290761;9.121439934;8.158547968;-0.2299905866;0.3370446563;-0.5493201613;3
8.15265677;-1.521835208;-0.08135596663;9.116654396;8.160649687;-0.2263254076;0.3407098353;-0.5444332361;3
8.154758489;-1.617548108;-0.05264209956;9.073583603;8.162751405;-0.223881945;0.3407098353;-0.5407680273;3
8.156860207;-1.708475351;-0.01914258115;9.040083885;8.164853124;-0.2226602137;0.3407098353;-0.5371028781;3
8.158961926;-1.794616938;0.0;8.97308445;8.166954843;-0.2251036763;0.3407098353;-0.5309942365;3
8.161063645;-1.871187329;0.01914258115;8.925228119;8.169056562;-0.2287688553;0.3407098353;-0.5248855352;3
8.163165364;-1.957328916;0.03349951655;8.896514893;8.17115828;-0.2312123179;0.3443750143;-0.5163334608;3
8.165267082;-2.043470621;0.06699903309;8.858229637;8.173259999;-0.2397644222;0.3455967605;-0.505337894;3
8.167368801;-2.072184324;0.1339980662;8.819944382;8.175361718;-0.2495382577;0.3443750143;-0.4943423271;3
8.16947052;-2.134397745;0.1866401732;8.791230202;8.177463437;-0.2593120933;0.3431532979;-0.4809032977;3
8.171572239;-2.220539331;0.2153540403;8.748159409;8.179565155;-0.2690859437;0.3394880891;-0.4662425518;3
8.173673957;-2.316252232;0.2392822653;8.719446182;8.181666874;-0.2800815105;0.3370446563;-0.4540252388;3
8.175775676;-2.383251429;0.2727817893;8.72423172;8.183768593;-0.2922987938;0.3346011937;-0.4405862093;3
8.177877395;-2.445464849;0.2919243574;8.752944946;8.185870312;-0.3057378232;0.3321577311;-0.4295906425;3
8.179979114;-2.483749866;0.3062812984;8.748159409;8.18797203;-0.3191768527;0.3248273432;-0.4173733592;3
8.182080832;-2.502892494;0.3254238665;8.757730484;8.190073749;-0.3326158822;0.3236056268;-0.408821255;3
8.184182551;-2.522035122;0.3302095234;8.805587769;8.192175468;-0.3448331654;0.316275239;-0.3978256881;3
8.18628427;-2.502892494;0.3397808075;8.853444099;8.194277135;-0.3570504785;0.3077231348;-0.3880518377;3
8.188385989;-2.502892494;0.3445664644;8.930013657;8.196378905;-0.3668242991;0.3016144931;-0.3794997334;3
8.190487707;-2.49332118;0.3397808075;9.006584167;8.198480624;-0.3790415823;0.2967275679;-0.3721693754;3
8.192589426;-2.478964329;0.3062812984;9.107083321;8.200582343;-0.3888154328;0.2942841053;-0.3660607338;3
8.194691093;-2.488535643;0.3062812984;9.202795982;8.202684062;-0.397367537;0.2918406427;-0.358730346;3
8.196792864;-2.498106956;0.3014956415;9.284152031;8.20478578;-0.4034761786;0.2918406427;-0.3501782417;3
8.198894582;-2.498106956;0.3110669553;9.341579437;8.206887499;-0.4095848203;0.2906189263;-0.3416261375;3
8.200996301;-2.522035122;0.3110669553;9.44207859;8.208989218;-0.4144717455;0.2893971801;-0.3306305707;3
8.20309802;-2.545963287;0.2967100143;9.57129097;8.211090937;-0.4169152081;0.2845102847;-0.3208567202;3
8.205199739;-2.632104874;0.2871387303;9.710074425;8.213192655;-0.4169152081;0.2820668221;-0.3110828996;3
8.207301457;-2.727817774;0.3014956415;9.839286804;8.215294374;-0.4156934917;0.2796233594;-0.2976438701;3
8.209403176;-2.804388046;0.3302095234;9.963713646;8.217396093;-0.4120282829;0.2722929716;-0.2878700197;3
8.211504895;-2.857030153;0.3445664644;10.09292603;8.219497812;-0.4083631039;0.26618433;-0.2756527364;3
8.213606614;-2.885744095;0.3493520916;10.24128056;8.22159953;-0.3998109996;0.2527453005;-0.2634354234;3
8.215708332;-2.904886723;0.4019941986;10.41356373;8.223701249;-0.3912588954;0.2380845547;-0.2512181401;3
8.217810051;-2.933600664;0.4354937077;10.57627583;8.225802968;-0.3839285076;0.2185368687;-0.2402225733;3
8.21991177;-2.971885681;0.4642075896;10.71506023;8.227904687;-0.3729329407;0.1989891976;-0.2292270064;3
8.222013489;-2.991028309;0.4833501875;10.82034397;8.230006405;-0.3656025827;0.1806632578;-0.2194531709;3
8.224115207;-3.01974225;0.4546363056;10.90648556;8.232108124;-0.3533852696;0.1611155868;-0.212122798;3
8.226216926;-3.01974225;0.4450650215;10.99741268;8.234209843;-0.3411679864;0.1452330947;-0.2072358727;3
8.228318645;-3.000599623;0.4163511395;11.12183952;8.236311562;-0.331394136;0.1269071549;-0.2023489624;3
8.230420364;-2.976671457;0.4259224236;11.18883896;8.23841328;-0.3203985691;0.1061377525;-0.1974620372;3
8.232522082;-2.928814888;0.4498506486;11.2510519;8.240514999;-0.3094030023;0.09025526792;-0.1950185746;3
8.234623801;-2.890529871;0.4737788737;11.27976608;8.242616718;-0.2984074354;0.07315105945;-0.1925751269;3
8.23672552;-2.880958557;0.4785645306;11.32762241;8.244718437;-0.2898553312;0.05849030241;-0.188909933;3
8.238827239;-2.890529871;0.4689932466;11.34197903;8.246820155;-0.2813032269;0.0438295491;-0.1864664704;3
8.240928957;-2.895315409;0.4737788737;11.32762241;8.248921874;-0.2727511227;0.02672533318;-0.1852447391;3
8.243030676;-2.914458036;0.5072783828;11.34197903;8.251023593;-0.2629773021;0.01328630932;-0.1828012913;3
8.245132395;-2.92402935;0.5264210105;11.34676456;8.253125312;-0.2532034516;0.001069013379;-0.1803578287;3
8.247234114;-2.919243574;0.5503492355;11.31805134;8.25522703;-0.24709481;-0.009926552884;-0.1754709035;3
8.249335832;-2.914458036;0.6077769399;11.2941227;8.257328749;-0.2409861535;-0.02214384824;-0.1718057245;3
8.251437551;-2.914458036;0.6364908218;11.28933716;8.259430468;-0.2336557806;-0.03436114267;-0.1693622619;3
8.25353927;-2.914458036;0.6891329288;11.26062298;8.261532187;-0.2287688553;-0.03680460155;-0.1632536054;3
8.255640989;-2.895315409;0.708275497;11.19841003;8.263633905;-0.2226602137;-0.04169152305;-0.1547015011;3
8.257742707;-2.880958557;0.7130611539;11.20798111;8.265735624;-0.2189950198;-0.04291325063;-0.1449276656;3
8.259844426;-2.928814888;0.760917604;11.20798111;8.267837343;-0.2116646469;-0.04413498193;-0.1351538301;3
8.261946145;-3.01974225;0.784845829;11.15533924;8.269939062;-0.2092211843;-0.03924806044;-0.1253799945;3
8.264047864;-3.072384357;0.837487936;11.13619614;8.27204078;-0.2031125426;-0.03558287397;-0.1143844277;3
8.266149582;-3.120240688;0.8757730722;11.15533924;8.274142499;-0.1970038861;-0.02825249545;-0.102167137;3
8.268251301;-3.120240688;0.9284151793;11.1936245;8.276244218;-0.1921169758;-0.0209221188;-0.08994983882;3
8.27035302;-3.105883837;1.004985452;11.22712421;8.278345937;-0.1860083193;-0.01603520103;-0.07651081681;3
8.272454739;-3.067598581;1.081555843;11.22233772;8.280447655;-0.1798996776;-0.01114828233;-0.06429351866;3
8.274556457;-3.081955671;1.129412293;11.1936245;8.282549374;-0.1750127524;-0.007483093534;-0.04841103405;3
8.276658176;-3.129812002;1.162911773;11.20319557;8.284651093;-0.173791036;-0.006261364091;-0.03375028074;3
8.278759895;-3.211168051;1.177268744;11.22233772;8.286752812;-0.1689041108;-0.001374445739;-0.0190895237;3
8.280861614;-3.273381472;1.210768223;11.17448139;8.28885453;-0.1664606482;0.005955931731;-0.003207040019;3
8.282963332;-3.302095175;1.239482164;11.22233772;8.290956249;-0.1664606482;0.01328630932;0.01389717404;3
8.285065051;-3.330809116;1.26341033;11.25583744;8.293057968;-0.1640172005;0.02183841541;0.03344484791;3
8.28716677;-3.369094372;1.301695466;11.25583744;8.295159687;-0.1627954692;0.02794706449;0.05177079141;3
8.289268489;-3.416950703;1.35912323;11.27019501;8.297261405;-0.1640172005;0.02916879393;0.07131846249;3
8.291370207;-3.464807272;1.397408366;11.27976608;8.299363124;-0.1652389169;0.02672533318;0.08720094711;3
8.293471926;-3.488735437;1.426122308;11.35633659;8.301464843;-0.1676823795;0.02183841541;0.1055268943;3
8.295573645;-3.503092289;1.459621787;11.43290615;8.303566562;-0.1664606482;0.01817322709;0.1226311028;3
8.297675364;-3.498306751;1.483550072;11.46162033;8.30566828;-0.1689041108;0.009621120058;0.1385135949;3
8.299777082;-3.493520975;1.521835208;11.50947666;8.307769999;-0.1701258421;0.00351247238;0.1556178033;3
8.301878801;-3.464807272;1.55054903;11.5142622;8.309871718;-0.1701258421;-0.005039634649;0.1763872057;3
8.30398052;-3.483949661;1.545763373;11.55733299;8.311973437;-0.1713475734;-0.01603520103;0.1947131455;3
8.306082239;-3.493520975;1.540977836;11.60519028;8.314075155;-0.1725693047;-0.01970038936;0.2130390853;3
8.308183957;-3.503092289;1.55054903;11.65304661;8.316176874;-0.173791036;-0.02825249545;0.2301433086;3
8.310285676;-3.517449379;1.545763373;11.6961174;8.318278593;-0.173791036;-0.0294742249;0.2460257858;3
8.312387395;-3.541377544;1.545763373;11.72961617;8.320380312;-0.173791036;-0.03436114267;0.2606865466;3
8.314489114;-3.507878065;1.545763373;11.7966156;8.32248203;-0.1750127524;-0.03680460155;0.2753472924;3
8.316590832;-3.46959281;1.50269258;11.84925747;8.324583749;-0.1750127524;-0.04291325063;0.2887863219;3
8.318692551;-3.416950703;1.488335729;11.91147137;8.326685468;-0.173791036;-0.05146535859;0.3010036349;3
8.32079427;-3.354737282;1.464407444;11.97368431;8.328787187;-0.173791036;-0.06001746282;0.3095557392;3
8.322895989;-3.302095175;1.445264935;12.02632618;8.330888905;-0.1725693047;-0.07101303339;0.320551306;3
8.324997707;-3.24466753;1.392622828;12.08854008;8.332990624;-0.1701258421;-0.07834340632;0.3303251266;3
8.327099426;-3.215953588;1.368694544;12.17468166;8.335092343;-0.1615737379;-0.08811724186;0.3376555145;3
8.329201145;-3.187239647;1.316052437;12.26560879;8.337194062;-0.1566868126;-0.0991128087;0.3437641561;3
8.331302864;-3.139383316;1.268195987;12.37089348;8.33929578;-0.1493564397;-0.1052214578;0.3449858725;3
8.333404582;-3.115455151;1.196411371;12.46660614;8.341397499;-0.1395826042;-0.1149952933;0.3486510813;3
8.335506301;-3.072384357;1.138983607;12.54317665;8.343499218;-0.1285870373;-0.1259908676;0.3523162603;3
8.33760802;-3.000599623;1.091127157;12.64846039;8.345600937;-0.113926284;-0.1382081509;0.3547597229;3
8.339709739;-2.938386202;1.048056364;12.75374508;8.347702655;-0.0980437994;-0.1528689116;0.3547597229;3
8.341811457;-2.885744095;1.000199914;12.85902882;8.349804374;-0.07971785218;-0.1650862098;0.3559814394;3
8.343913176;-2.823530674;0.9762716293;12.97388458;8.351906093;-0.05772672221;-0.1773035079;0.3559814394;3
8.346014895;-2.780459881;0.9284151793;13.06002617;8.354007812;-0.03695731983;-0.1858556122;0.3547597229;3
8.348116614;-2.742174864;0.8853443861;13.12223911;8.35610953;-0.01496618707;-0.196851179;0.3547597229;3
8.350218332;-2.703889608;0.8327022791;13.2275238;8.358211249;0.009468403645;-0.2041815519;0.3498727977;3
8.352320051;-2.656033039;0.784845829;13.27538013;8.360312968;0.03756818548;-0.2102901936;0.3462076187;3
8.35442177;-2.612962246;0.7274180651;13.32323647;8.362414687;0.06444623321;-0.2151771188;0.3413206935;3
8.356523489;-2.579462767;0.679561615;13.38066387;8.364516405;0.09254601598;-0.2188423127;0.3376555145;3
8.358625207;-2.550748825;0.6077769399;13.36630726;8.366618124;0.1218675226;-0.220064044;0.3303251266;3
8.360726926;-2.550748825;0.5455635786;13.37587833;8.368719843;0.1536324918;-0.220064044;0.327881664;3
8.362828645;-2.569891453;0.5264210105;13.35673618;8.370821562;0.1792888194;-0.2188423127;0.324216485;3
8.364930364;-2.565105915;0.4785645306;13.31845093;8.37292328;0.2061668634;-0.2176205814;0.3217730224;3
8.367032082;-2.574677229;0.4689932466;13.28973675;8.375024999;0.2379318327;-0.2151771188;0.320551306;3
8.369133801;-2.579462767;0.4163511395;13.24188042;8.377126718;0.2660316229;-0.2115119249;0.3181078434;3
8.37123552;-2.589034081;0.4019941986;13.15573883;8.379228437;0.292909652;-0.2090684772;0.3193295598;3
8.373337239;-2.598605394;0.4019941986;13.06959724;8.381330155;0.3185659945;-0.2054032832;0.3193295598;3
8.375438957;-2.589034081;0.4019941986;12.96909904;8.383431874;0.3405571282;-0.1992946416;0.3217730224;3
8.377540676;-2.589034081;0.3876372576;12.84945774;8.385533593;0.3649916947;-0.1919642538;0.3217730224;3
8.379642395;-2.579462767;0.3876372576;12.73460197;8.387635312;0.3869828284;-0.1821904182;0.3217730224;3
8.381744114;-2.565105915;0.3732803464;12.61496067;8.38973703;0.4089739621;-0.173638314;0.3229947388;3
8.383845832;-2.536391973;0.3541377485;12.48574829;8.391838749;0.4260781705;-0.1650862098;0.324216485;3
8.385947551;-2.512463808;0.3397808075;12.33260822;8.393940468;0.4456258714;-0.150425449;0.3254382014;3
8.38804927;-2.483749866;0.3541377485;12.17468166;8.396042187;0.4639517963;-0.1418733448;0.3254382014;3
8.390150989;-2.459821701;0.3541377485;12.04546928;8.398143905;0.4786125422;-0.1296560466;0.3254382014;3
8.392252707;-2.426322222;0.3493520916;11.91147137;8.400245624;0.4920515716;-0.1186604798;0.3266599476;3
8.394354426;-2.402393818;0.3445664644;11.74875927;8.402347343;0.5018253922;-0.1088866442;0.3266599476;3
8.396456145;-2.383251429;0.3589234054;11.58604717;8.404449062;0.5128209591;-0.1027780026;0.3254382014;3
8.398557864;-2.364108801;0.3732803464;11.42333508;8.40655078;0.5189296007;-0.09422589093;0.3266599476;3
8.400659582;-2.344966173;0.3876372576;11.26540947;8.408652499;0.5238165259;-0.086895518;0.327881664;3
8.402761301;-2.325823545;0.3828516304;11.08355427;8.410754218;0.5287034512;-0.07956513762;0.3303251266;3
8.40486302;-2.321038008;0.3876372576;10.89212894;8.412855937;0.5311469436;-0.07712167501;0.3376555145;3
8.406964739;-2.30189538;0.4163511395;10.77727318;8.414957655;0.5311469436;-0.07223475724;0.3449858725;3
8.409066457;-2.321038008;0.4498506486;10.61456108;8.417059374;0.5299251676;-0.06734783947;0.3547597229;3
8.411168176;-2.330609322;0.5168496966;10.46142101;8.419161093;0.5250383019;-0.06368265301;0.3633118272;3
8.413269895;-2.368894339;0.5742774606;10.29392338;8.421262812;0.5201513767;-0.06368265301;0.374307394;3
8.415371614;-2.39760828;0.6173482537;10.14078236;8.42336453;0.5140427351;-0.06246092543;0.3840812445;3
8.417473332;-2.455035925;0.6364908218;9.978070259;8.425466249;0.5067123175;-0.06856957078;0.3950767815;3
8.419575051;-2.469393015;0.650847733;9.87757206;8.427567968;0.4969384968;-0.07223475724;0.4036289155;3
8.42167677;-2.459821701;0.6460621357;9.762716293;8.429669687;0.4883863926;-0.07589995116;0.4134027362;3
8.423778489;-2.464607239;0.6699903607;9.652647018;8.431771405;0.4749473631;-0.08078686893;0.4256200492;3
8.425880207;-2.440679073;0.6939185858;9.57129097;8.433873124;0.4615083337;-0.08445205539;0.4390590489;3
8.427981926;-2.459821701;0.6891329288;9.475577354;8.435974843;0.4505127668;-0.09300415963;0.4524980783;3
8.430083645;-2.459821701;0.70348984;9.38465023;8.438076562;0.4407389462;-0.10033454;0.4696022868;3
8.432185364;-2.474178553;0.7226324677;9.30807972;8.44017828;0.4297433794;-0.1113301069;0.4842630625;3
8.434287082;-2.469393015;0.7657032609;9.260223389;8.442279999;0.4199695289;-0.1211039424;0.5038107038;3
8.436388801;-2.469393015;0.7896314859;9.212367058;8.444381718;0.4089739621;-0.1308777779;0.5196931958;3
8.43849052;-2.455035925;0.8039883971;9.159725189;8.446483385;0.3979783952;-0.1406516135;0.5367974043;3
8.440592239;-2.459821701;0.8087740541;9.121439934;8.448585155;0.389426291;-0.1565341055;0.55145818;3
8.442693957;-2.478964329;0.7944171429;9.035298347;8.450686822;0.3796524704;-0.173638314;0.5636754632;3
8.444795676;-2.421536446;0.756131947;9.03051281;8.452788593;0.3711003661;-0.1846338809;0.5771145225;3
8.446897343;-2.340180635;0.7274180651;9.020941734;8.454890312;0.3649916947;-0.1919642538;0.5868883133;3
8.448999114;-2.263610125;0.6891329288;9.025727272;8.45699203;0.3539961278;-0.1956294477;0.5991056561;3
8.45110078;-2.182254314;0.650847733;9.016156197;8.459093697;0.3442223072;-0.196851179;0.608879447;3
8.453202551;-2.129612207;0.6460621357;8.949156761;8.461195468;0.3381136656;-0.1980729103;0.6198750138;3
8.45530427;-2.081755638;0.6173482537;8.882157326;8.463297135;0.3307832778;-0.1956294477;0.6308705807;3
8.457405989;-1.976471543;0.5982056856;8.824729919;8.465398905;0.3246746361;-0.1944077164;0.6382009983;3
8.459507655;-1.871187329;0.5790630579;8.762516975;8.467500624;0.3149007857;-0.1882990748;0.6467530727;3
8.461609426;-1.761117458;0.5312066078;8.733802795;8.469602343;0.3112356067;-0.1882990748;0.651639998;3
8.463711093;-1.684547186;0.5216353536;8.652446747;8.471704062;0.3075704277;-0.1895207912;0.6540834904;3
8.465812864;-1.617548108;0.4833501875;8.638090134;8.47380578;0.3039052188;-0.1760817766;0.6553052068;3
8.467914582;-1.469193101;0.4259224236;8.676374435;8.475907499;0.2990183234;-0.1577558219;0.6553052068;3
8.470016301;-1.373480201;0.3589234054;8.676374435;8.478009218;0.2941313982;-0.1382081509;0.6565269232;3
8.47211802;-1.277767301;0.3110669553;8.604590416;8.480110937;0.292909652;-0.1162170246;0.660192132;3
8.474219739;-1.177268744;0.2871387303;8.561519623;8.482212603;0.2916879356;-0.09544762224;0.6650790572;3
8.476321457;-1.115055323;0.2871387303;8.542376518;8.484314374;0.289244473;-0.07467821985;0.6699659228;3
8.478423176;-1.081555843;0.3110669553;8.575876236;8.486416093;0.2904661894;-0.06001746282;0.6736311316;3
8.480524895;-1.048056364;0.3110669553;8.599804878;8.48851776;0.292909652;-0.04291325063;0.6748528481;3
8.482626562;-1.000199914;0.2871387303;8.638090134;8.490619478;0.2990183234;-0.01970038936;0.6724094152;3
8.484728332;-0.8949156404;0.2153540403;8.767302513;8.492721249;0.3039052188;0.001069013379;0.6699659228;3
8.486830051;-0.784845829;0.1483550072;8.829515457;8.494822968;0.3112356067;0.0242818743;0.6663007736;3
8.488931718;-0.6747759581;0.1004985496;8.848658562;8.496924687;0.3210094273;0.04138609022;0.660192132;3
8.491033437;-0.5599204898;0.05742774159;8.90130043;8.499026353;0.3307832778;0.05971203372;0.6553052068;3
8.493135207;-0.4881358147;0.04307080805;9.016156197;8.501128124;0.3405571282;0.07315105945;0.6504182816;3
8.495236926;-0.4067798555;0.0;9.083154678;8.503229791;0.3527744114;0.08414662629;0.6430879235;3
8.497338645;-0.3541377485;-0.02871387079;9.159725189;8.505331562;0.3649916947;0.09392046183;0.6345357895;3
8.499440312;-0.2919243574;-0.08135596663;9.217152596;8.50743328;0.3759872615;0.1000291109;0.6223185062;3
8.501542082;-0.2201396823;-0.1339980662;9.255437851;8.509534999;0.3882045746;0.1061377525;0.608879447;3
8.503643749;-0.1531406492;-0.1866401732;9.269794464;8.511636718;0.3979783952;0.1098029464;0.5954404473;3
8.50574552;-0.08135596663;-0.2105683982;9.255437851;8.513738437;0.4101957083;0.1073594838;0.5832231641;3
8.507847239;-0.02871387079;-0.2488535494;9.20758152;8.515840155;0.4175260663;0.1024725661;0.567340672;3
8.509948957;0.02871387079;-0.2727817893;9.159725189;8.517941822;0.4260781705;0.09514218569;0.5526798964;3
8.512050676;0.04307080805;-0.2775674164;9.135796547;8.520043593;0.4334085584;0.09147699922;0.5380191803;3
8.514152395;0.07178468257;-0.3158525825;9.116654396;8.52214526;0.4382954836;0.09025526792;0.524580121;3
8.516254114;0.09092725813;-0.3158525825;9.054440498;8.524246978;0.4431824088;0.09636391699;0.5135845542;3
8.51835578;0.07178468257;-0.3206382394;8.958727837;8.526348749;0.4431824088;0.1049160287;0.5050324798;3
8.520457551;0.07178468257;-0.3014956415;8.84387207;8.528450416;0.4419606626;0.1134681329;0.4977020919;3
8.522559218;0.05742774159;-0.2679961324;8.733802795;8.530552135;0.4370737374;0.1183550507;0.4928151667;3
8.524660937;0.03349951655;-0.2153540403;8.628518105;8.532653905;0.4346303046;0.1256854236;0.4879282415;3
8.526762707;0.01914258115;-0.1483550072;8.523234367;8.534755624;0.4236347377;0.1330158114;0.4842630625;3
8.528864374;-0.0143569354;-0.1100698411;8.413164139;8.536857343;0.4138608873;0.1403461844;0.4781544209;3
8.530966093;0.0;-0.07178468257;8.293522835;8.538959062;0.401643604;0.1452330947;0.4757109582;3
8.533067864;0.004785645287;-0.06221338734;8.159524918;8.541060728;0.3918697536;0.1476765573;0.4720457494;3
8.535169582;-0.0143569354;-0.04785645381;8.073383331;8.543162447;0.3759872615;0.1513417512;0.4696022868;3
8.537271301;0.0;-0.03349951655;8.020741463;8.545264218;0.3662134409;0.1562286615;0.4683805704;3
8.53937302;0.02871387079;0.004785645287;7.958528042;8.547365885;0.3539961278;0.1635590494;0.467158854;3
8.541474687;0.0382851623;0.01914258115;7.915457249;8.549467603;0.3466657698;0.1721111536;0.4683805704;3
8.543576405;0.004785645287;0.03349951655;7.86281538;8.551569374;0.335670203;0.1782197952;0.467158854;3
8.545678176;-0.02871387079;0.02871387079;7.853243828;8.553671041;0.3271180987;0.1831067204;0.4659371078;3
8.547779843;-0.0765703246;0.009571290575;7.915457249;8.55577276;0.3185659945;0.1806632578;0.4622719288;3
8.549881562;-0.07178468257;0.0;7.96331358;8.557874478;0.3087921441;0.1855501831;0.45860672;3
8.551983332;-0.004785645287;-0.004785645287;7.939385414;8.559976249;0.3002400398;0.192880556;0.454941541;3
8.554084999;0.1148554832;0.01914258115;7.891529083;8.562077968;0.2904661894;0.1953240186;0.4537198246;3
8.556186718;0.1866401732;0.0382851623;7.838887215;8.564179687;0.2806923687;0.2014326602;0.4524980783;3
8.558288437;0.2392822653;0.08135596663;7.843672752;8.566281405;0.2733619809;0.2075413018;0.4524980783;3
8.560390207;0.2632105052;0.1244267747;7.843672752;8.568383072;0.2648098767;0.2136499584;0.4512763619;3
8.562491926;0.2775674164;0.1579262912;7.84845829;8.570484843;0.255036056;0.2222020626;0.4500546157;3
8.564593645;0.2679961324;0.1818545163;7.838887215;8.57258651;0.2477056682;0.2319758981;0.4476111531;3
8.566695364;0.2584248483;0.1722832322;7.858029366;8.574688228;0.2403752953;0.2393062711;0.4463894367;3
8.56879703;0.2584248483;0.1674975902;7.819744587;8.576789947;0.2330449075;0.2454149276;0.4476111531;3
8.570898801;0.3110669553;0.1818545163;7.795815945;8.578891718;0.2244928032;0.2527453005;0.4463894367;3
8.573000468;0.3254238665;0.2009970993;7.795815945;8.580993437;0.215940699;0.2527453005;0.4500546157;3
8.575102187;0.3158525825;0.2105683982;7.771887779;8.583095155;0.2049451321;0.2478583902;0.4537198246;3
8.577203905;0.3062812984;0.2584248483;7.733603001;8.585196822;0.192727834;0.2380845547;0.4561632872;3
8.579305676;0.2967100143;0.2919243574;7.733603001;8.587298593;0.1792888194;0.2331976295;0.4573850036;3
8.581407395;0.2871387303;0.3206382394;7.719245911;8.589400312;0.1682932526;0.2319758981;0.4573850036;3
8.583509114;0.2823530734;0.2919243574;7.762316704;8.59150203;0.1548542231;0.2331976295;0.4561632872;3
8.58561078;0.2679961324;0.2392822653;7.747959614;8.593603697;0.142636925;0.2331976295;0.4524980783;3
8.587712551;0.3014956415;0.2153540403;7.704888821;8.595705468;0.1291978955;0.2331976295;0.4500546157;3
8.58981427;0.3302095234;0.1866401732;7.666603565;8.597807187;0.1145371497;0.2319758981;0.4476111531;3
8.591915989;0.3780659735;0.1818545163;7.661818027;8.599908853;0.1023198515;0.2197586;0.4451677203;3
8.594017655;0.4259224236;0.1674975902;7.65703249;8.602010624;0.09132428467;0.2063195854;0.4378373325;3
8.596119426;0.4785645306;0.1579262912;7.65703249;8.604112343;0.0852156356;0.1977674663;0.4317286909;3
8.598221145;0.5934200287;0.1244267747;7.795815945;8.60621401;0.07910698652;0.1916588247;0.4219548404;3
8.600322812;0.679561615;0.1052841991;7.86281538;8.608315728;0.07177661359;0.1867718995;0.4121810198;3
8.602424582;0.7369893789;0.0765703246;7.881958008;8.610417447;0.06566796452;0.1843284518;0.4024071693;3
8.604526301;0.7896314859;0.0765703246;7.920242786;8.612519218;0.06200277433;0.1867718995;0.3914116025;3
8.606627968;0.8327022791;0.06221338734;7.96331358;8.614620937;0.06078104675;0.192880556;0.3816377819;3
8.608729687;0.8853443861;0.06699903309;7.96331358;8.616722603;0.05833758786;0.1977674663;0.3718639314;3
8.610831405;0.890130043;0.08135596663;7.972885132;8.618824374;0.05711585656;0.2026543915;0.3645335436;3
8.612933176;0.890130043;0.0765703246;7.987242222;8.620926093;0.05467239767;0.2075413018;0.358424902;3
8.615034895;0.8997012973;0.1004985496;7.99202776;8.623027812;0.05589412898;0.2112064958;0.3523162603;3
8.617136562;0.8709874153;0.1052841991;7.987242222;8.62512953;0.05467239767;0.2173151523;0.3474293351;3
8.619238332;0.890130043;0.1292124242;8.035098076;8.627231249;0.05589412898;0.2197586;0.3425424397;3
8.621340051;0.8853443861;0.1196411327;8.001599312;8.629332968;0.05711585656;0.2270889878;0.3376555145;3
8.62344177;0.8518448472;0.1196411327;8.035098076;8.631434687;0.05833758786;0.2319758981;0.3315468729;3
8.625543489;0.837487936;0.1196411327;8.025527;8.633536353;0.06078104675;0.2380845547;0.3254382014;3
8.627645207;0.813559711;0.1100698411;8.011170387;8.635638072;0.06078104675;0.2441931963;0.3217730224;3
8.629746926;0.8422735929;0.1148554832;8.015955925;8.637739843;0.06200277433;0.2490801066;0.3168860972;3
8.631848645;0.8470591903;0.1100698411;8.011170387;8.63984151;0.06078104675;0.2612974048;0.3132209182;3
8.633950312;0.8518448472;0.1292124242;7.987242222;8.641943228;0.05955931544;0.2674060464;0.3107774556;3
8.63605203;0.8518448472;0.1531406492;7.944170952;8.644044947;0.05711585656;0.2747364342;0.308333993;3
8.638153801;0.8470591903;0.1914258152;7.953742504;8.646146666;0.05345066637;0.2845102847;0.3071122766;3
8.640255468;0.866201818;0.2249253243;7.953742504;8.648248437;0.05222893879;0.2930623889;0.3046688139;3
8.642357187;0.837487936;0.2536391914;7.920242786;8.650350103;0.0485637486;0.3016144931;0.3046688139;3
8.644458905;0.8231309652;0.2392822653;7.858029366;8.652451822;0.04001164436;0.3150535226;0.3022253513;3
8.646560624;0.7896314859;0.2488535494;7.800601959;8.654553541;0.03390299529;0.3272708058;0.2973384261;3
8.648662395;0.8039883971;0.2344966233;7.776673794;8.65665526;0.02657261863;0.3309359848;0.2961167097;3
8.650764062;0.8087740541;0.2392822653;7.704888821;8.658756978;0.021685699;0.3382663727;0.2936732471;3
8.65286578;0.7944171429;0.2488535494;7.733603001;8.660858749;0.0131335929;0.3443750143;0.2961167097;3
8.654967499;0.7992027402;0.2536391914;7.800601959;8.662960468;0.002138026757;0.3529271185;0.2973384261;3
8.657069218;0.7896314859;0.2775674164;7.805387497;8.665062135;-0.01252272818;0.3578140438;0.3022253513;3
8.659170937;0.732203722;0.2967100143;7.795815945;8.667163853;-0.02596175298;0.3565923274;0.3058905303;3
8.661272707;0.6556333899;0.3206382394;7.757531166;8.669265624;-0.03573558852;0.3541488647;0.3107774556;3
8.663374426;0.5647061467;0.3541377485;7.752745152;8.671367291;-0.05161807314;0.3504836559;0.3193295598;3
8.665476093;0.4642075896;0.3780659735;7.767102242;8.673469062;-0.06383536756;0.3468184769;0.327881664;3
8.667577812;0.3732803464;0.3637090325;7.791030407;8.675570728;-0.07849612087;0.3419315517;0.3376555145;3
8.669679582;0.2632105052;0.3972085714;7.86281538;8.677672447;-0.09071341902;0.3309359848;0.3486510813;3
8.671781249;0.1531406492;0.4402793646;7.905886173;8.679774218;-0.1041524485;0.3150535226;0.358424902;3
8.67388302;0.06221338734;0.4881358147;7.96331358;8.681875885;-0.1175914705;0.2991710305;0.3681987524;3
8.675984687;0.004785645287;0.5168496966;8.030312538;8.683977603;-0.127365306;0.2820668221;0.3767508566;3
8.678086405;-0.0239282269;0.5264210105;8.126026154;8.686079322;-0.1322522312;0.2637408674;0.3853029609;3
8.680188176;-0.03349951655;0.5407779217;8.207381248;8.688181093;-0.1395826042;0.2417497337;0.3962985277;3
8.682289843;-0.04785645381;0.5551348329;8.250452042;8.69028276;-0.1493564397;0.2185368687;0.4060723484;3
8.684391562;-0.1004985496;0.5934200287;8.327022552;8.692384478;-0.1579085439;0.1941022873;0.4182896614;3
8.68649328;-0.1339980662;0.6029912829;8.346165657;8.694486249;-0.1664606482;0.1721111536;0.428063482;3
8.688595051;-0.1435693651;0.6173482537;8.384450912;8.696587916;-0.1762344837;0.1562286615;0.4378373325;3
8.690696718;-0.1339980662;0.5934200287;8.38923645;8.698689635;-0.1847866029;0.1452330947;0.4488328993;3
8.692798437;-0.1435693651;0.5742774606;8.384450912;8.700791353;-0.1945604384;0.1305723488;0.4610501826;3
8.694900207;-0.1292124242;0.5694918036;8.365307808;8.702893072;-0.2043342739;0.1183550507;0.4720457494;3
8.697001874;-0.1004985496;0.5264210105;8.346165657;8.704994843;-0.2104429156;0.1098029464;0.4818195999;3
8.699103593;-0.07178468257;0.5359922647;8.350951195;8.707096562;-0.2189950198;0.1098029464;0.4928151667;3
8.701205312;-0.009571290575;0.5312066078;8.365307808;8.709198228;-0.2251036763;0.1110246703;0.5038107038;3
8.70330703;0.06699903309;0.5599204898;8.350951195;8.711299947;-0.2299905866;0.1146898642;0.5148062706;3
8.705408801;0.1148554832;0.5455635786;8.36052227;8.713401666;-0.2336557806;0.119576782;0.524580121;3
8.70751052;0.1483550072;0.5359922647;8.398807526;8.715503385;-0.2373209596;0.1281288862;0.5331322551;3
8.709612187;0.2105683982;0.5264210105;8.465806961;8.717605103;-0.2409861535;0.1354592592;0.5404626131;3
8.711713905;0.3158525825;0.5312066078;8.48973465;8.719706874;-0.2422078848;0.1501200199;0.5477929711;3
8.713815624;0.4211367965;0.5407779217;8.48973465;8.721808541;-0.2397644222;0.1647807807;0.5526798964;3
8.715917343;0.5024927258;0.5312066078;8.508877754;8.72391026;-0.2360992432;0.1794415265;0.5575668216;3
8.718019062;0.5838487148;0.4642075896;8.580661774;8.726011978;-0.2336557806;0.1904370934;0.558788538;3
8.720120832;0.6891329288;0.4354937077;8.652446747;8.728113697;-0.2299905866;0.2038761228;0.560010314;3
8.722222499;0.8183453679;0.4115654826;8.69551754;8.730215416;-0.2251036763;0.216093421;0.558788538;3
8.724324218;0.9379864931;0.4019941986;8.752944946;8.732317135;-0.2189950198;0.2270889878;0.5539016128;3
8.726425937;1.043270707;0.3732803464;8.772088051;8.734418853;-0.2165515572;0.2466366589;0.5477929711;3
8.728527655;1.13419795;0.3493520916;8.810373306;8.736520572;-0.2128863782;0.2588539422;0.5380191803;3
8.730629374;1.258624673;0.2871387303;8.84387207;8.738622291;-0.2092211843;0.2735147178;0.5282453299;3
8.732731093;1.387837172;0.2584248483;8.824729919;8.74072401;-0.2055560052;0.2820668221;0.517249763;3
8.734832812;1.507478237;0.2297109663;8.819944382;8.742825728;-0.2079994529;0.2930623889;0.5062541962;3
8.73693453;1.555334687;0.1962114573;8.800801277;8.744927447;-0.2104429156;0.2991710305;0.4940368831;3
8.739036249;1.555334687;0.1674975902;8.776873589;8.747029166;-0.2128863782;0.3016144931;0.4805978537;3
8.741137968;1.536192179;0.1292124242;8.772088051;8.749130885;-0.2177732885;0.3040579557;0.4720457494;3
8.743239687;1.493121386;0.1339980662;8.786444664;8.751232603;-0.2251036763;0.2979492843;0.4622719288;3
8.745341405;1.488335729;0.1387837082;8.757730484;8.753334322;-0.2324340492;0.2857320011;0.4524980783;3
8.747443124;1.483550072;0.1722832322;8.72423172;8.755436041;-0.2458730787;0.269849509;0.4463894367;3
8.749544843;1.478764415;0.2057827413;8.690732002;8.75753776;-0.2556469142;0.2527453005;0.4390590489;3
8.751646562;1.435693622;0.2249253243;8.69551754;8.759639478;-0.2678641975;0.2380845547;0.4317286909;3
8.75374828;1.349551916;0.2153540403;8.690732002;8.761741197;-0.2837466896;0.2222020626;0.4268417656;3
8.755849999;1.253839016;0.2297109663;8.69551754;8.763842916;-0.297185719;0.2075413018;0.420733124;3
8.757951718;1.177268744;0.2392822653;8.700303078;8.765944635;-0.3081812859;0.1904370934;0.4182896614;3
8.760053437;1.105484009;0.3062812984;8.66680336;8.768046353;-0.3203985691;0.169667691;0.4182896614;3
8.762155155;1.033699393;0.3493520916;8.671588898;8.770148072;-0.3387245238;0.1415679157;0.4195113778;3
8.764256874;0.9858429432;0.4307080805;8.709874153;8.772249791;-0.3546070158;0.1073594838;0.4231765866;3
8.766358593;0.9379864931;0.4929214716;8.714659691;8.77435151;-0.3692677617;0.07925970852;0.4256200492;3
8.768460312;0.8853443861;0.5168496966;8.767302513;8.776453228;-0.381485045;0.05115992576;0.4305069447;3
8.77056203;0.813559711;0.5072783828;8.815158844;8.778554947;-0.397367537;0.02550360374;0.4341721535;3
8.772663749;0.7465606928;0.4737788737;8.819944382;8.780656666;-0.4120282829;0.00351247238;0.4366155863;3
8.774765468;0.732203722;0.4594219327;8.810373306;8.782758385;-0.4266890585;-0.01725693047;0.4402807951;3
8.776867187;0.7274180651;0.4642075896;8.815158844;8.784860155;-0.4376846254;-0.04046979174;0.4427242577;3
8.778968905;0.7274180651;0.4498506486;8.772088051;8.786961822;-0.4499019086;-0.05390881747;0.4439459741;3
8.781070624;0.7513462901;0.4594219327;8.786444664;8.789063541;-0.4596757591;-0.06368265301;0.4463894367;3
8.783172343;0.7704889178;0.4163511395;8.87258625;8.79116526;-0.4670061171;-0.06979130208;0.4476111531;3
8.785274114;0.8039883971;0.3732803464;8.882157326;8.793266978;-0.4743365049;-0.07834340632;0.4500546157;3
8.78737578;0.813559711;0.3349951804;8.910871506;8.795368697;-0.478001684;-0.08323032409;0.4500546157;3
8.789477499;0.8518448472;0.3206382394;8.997013092;8.797470416;-0.4816668928;-0.08445205539;0.4524980783;3
8.791579218;0.8709874153;0.3541377485;9.05922699;8.799572135;-0.4816668928;-0.08200860023;0.454941541;3
8.793680937;0.9092726111;0.3732803464;9.111868858;8.801673853;-0.4804451466;-0.07712167501;0.4573850036;3
8.795782655;0.9379864931;0.3780659735;9.111868858;8.803775572;-0.4804451466;-0.06734783947;0.45860672;3
8.797884374;0.9475577474;0.3684946895;9.145368576;8.805877291;-0.4743365049;-0.05757400393;0.4573850036;3
8.799986093;1.004985452;0.3445664644;9.140582085;8.80797901;-0.4706713259;-0.04291325063;0.45860672;3
8.802087812;1.067198873;0.3445664644;9.164510727;8.810080728;-0.4608974755;-0.02214384824;0.4610501826;3
8.80418953;1.105484009;0.3397808075;9.183652878;8.812182447;-0.4547888339;0.004734201822;0.4598284662;3
8.806291249;1.129412293;0.3302095234;9.226723671;8.814284166;-0.4425715208;0.03527744114;0.4610501826;3
8.808392968;1.162911773;0.3206382394;9.293723106;8.816385885;-0.4327977002;0.06704241037;0.4622719288;3
8.810494687;1.191625714;0.3302095234;9.355937004;8.818487603;-0.4254673123;0.0988073796;0.4659371078;3
8.812596405;1.249053478;0.3780659735;9.355937004;8.820589322;-0.4169152081;0.1317940801;0.4696022868;3
8.814698124;1.292124271;0.4498506486;9.332008362;8.822691041;-0.4108065665;0.1598938555;0.4720457494;3
8.816799843;1.316052437;0.4929214716;9.288937569;8.82479276;-0.4083631039;0.1953240186;0.474489212;3
8.818901562;1.320838094;0.5072783828;9.274580956;8.826894478;-0.4059196413;0.2246455252;0.4781544209;3
8.82100328;1.31126678;0.5024927258;9.221938133;8.828996197;-0.4046979249;0.2503018379;0.4818195999;3
8.823104999;1.306481123;0.4402793646;9.217152596;8.831097916;-0.4034761786;0.2735147178;0.4854847789;3
8.825206718;1.316052437;0.4259224236;9.231510162;8.833199635;-0.4046979249;0.2967275679;0.4867065251;3
8.827308437;1.330409408;0.4067798555;9.265008926;8.835301353;-0.4108065665;0.3138317764;0.4903717041;3
8.829410155;1.325623751;0.3876372576;9.303294182;8.837403072;-0.4156934917;0.3309359848;0.4928151667;3
8.831511874;1.320838094;0.3972085714;9.332008362;8.839504791;-0.4230238497;0.3394880891;0.4940368831;3
8.833613593;1.296909928;0.3972085714;9.346364975;8.84160651;-0.4303542376;0.3468184769;0.4952586293;3
8.835715312;1.272981644;0.3780659735;9.394221306;8.843708228;-0.4364628792;0.3492619395;0.4964803457;3
8.83781703;1.258624673;0.3541377485;9.456435204;8.845809947;-0.4462367296;0.3492619395;0.4952586293;3
8.839918749;1.225125194;0.3349951804;9.561718941;8.847911666;-0.4535670877;0.3468184769;0.4940368831;3
8.842020468;1.220339537;0.3158525825;9.643074989;8.850013385;-0.4596757591;0.3394880891;0.4915934205;3
8.844122187;1.201196909;0.2871387303;9.767501831;8.852115103;-0.4633409381;0.3260490894;0.4891499579;3
8.846223905;1.1820544;0.2536391914;9.872786522;8.854216822;-0.4670061171;0.3138317764;0.4854847789;3
8.848325624;1.158126116;0.2249253243;10.02114105;8.856318541;-0.4718930423;0.2979492843;0.4830413163;3
8.850427343;1.13419795;0.1962114573;10.15992451;8.85842026;-0.4755582213;0.2808450758;0.4818195999;3
8.852529062;1.13419795;0.2105683982;10.24128056;8.860521978;-0.4792234302;0.2600756884;0.4830413163;3
8.85463078;1.110269666;0.2057827413;10.34177971;8.862623697;-0.4853320718;0.2405280024;0.4867065251;3
8.856732499;1.03848505;0.1914258152;10.39920712;8.864725416;-0.490218997;0.2234237939;0.4879282415;3
8.858834218;1.000199914;0.1674975902;10.46620655;8.866827135;-0.4987711012;0.2050978541;0.4928151667;3
8.860935937;0.9714859724;0.1387837082;10.52363396;8.868928853;-0.5048797131;0.1916588247;0.4964803457;3
8.863037655;0.94277215;0.1148554832;10.57149029;8.871030572;-0.5097666383;0.1733328849;0.4989238083;3
8.865139374;0.9092726111;0.1148554832;10.69113159;8.873132291;-0.5170970559;0.1550069451;0.5001455545;3
8.867241093;0.9092726111;0.09571290761;10.79641533;8.87523401;-0.5219839811;0.1330158114;0.4989238083;3
8.869342812;0.9667003751;0.1052841991;10.87298584;8.877335728;-0.5280926228;0.1146898642;0.5001455545;3
8.87144453;1.028913736;0.1100698411;10.93998528;8.879437447;-0.5342012644;0.09392046183;0.5001455545;3
8.873546249;1.062413216;0.1004985496;11.05484104;8.881539166;-0.5354229808;0.06704241037;0.4989238083;3
8.875647968;1.091127157;0.1004985496;11.16491032;8.883640885;-0.5366446972;0.0426078178;0.4964803457;3
8.877749687;1.100698471;0.05742774159;11.29890823;8.885742603;-0.532979548;0.01939495653;0.4940368831;3
8.879851405;1.100698471;0.004785645287;11.40419292;8.887844322;-0.531757772;-0.002596175298;0.4879282415;3
8.881953124;1.110269666;-0.04785645381;11.54776192;8.889946041;-0.5280926228;-0.02214384824;0.4830413163;3
8.884054843;1.143769264;-0.1052841991;11.64347458;8.89204776;-0.5207622051;-0.03924806044;0.4757109582;3
8.886156562;1.205982566;-0.1579262912;11.74875927;8.894149478;-0.5085449219;-0.05635227636;0.4659371078;3
8.88825828;1.258624673;-0.2009970993;11.8588295;8.896251197;-0.4963276386;-0.07101303339;0.4573850036;3
8.890359999;1.301695466;-0.2392822653;12.00239849;8.898352916;-0.4828886092;-0.08323032409;0.4488328993;3
8.892461718;1.373480201;-0.2632105052;12.13639641;8.900454635;-0.4682278633;-0.09544762224;0.4390590489;3
8.894563437;1.426122308;-0.2488535494;12.21775246;8.902556353;-0.451123625;-0.1076649204;0.4292852283;3
8.896665155;1.464407444;-0.2632105052;12.29910851;8.904658124;-0.4340194166;-0.113773562;0.4182896614;3
8.898766874;1.473978758;-0.2584248483;12.38046455;8.906759791;-0.4144717455;-0.1186604798;0.4072940946;3
8.900868593;1.493121386;-0.3014956415;12.45703506;8.90886151;-0.3924806118;-0.1186604798;0.3962985277;3
8.902970312;1.531406522;-0.3110669553;12.53839111;8.910963228;-0.3668242991;-0.1149952933;0.3816377819;3
8.905072082;1.545763373;-0.3254238665;12.57667542;8.913064947;-0.343611449;-0.1125518382;0.3669770062;3
8.907173749;1.569691658;-0.3493520916;12.64367485;8.915166666;-0.3142899275;-0.1088866442;0.3510945439;3
8.909275468;1.603191137;-0.3732803464;12.77288723;8.917268385;-0.284968406;-0.0978910774;0.3315468729;3
8.911377187;1.651047587;-0.3684946895;12.77767277;8.919370103;-0.2556469142;-0.08811724186;0.3107774556;3
8.913478905;1.722832322;-0.3589234054;12.78245831;8.921471822;-0.2263254076;-0.08078686893;0.2900080681;3
8.915580624;1.808973908;-0.3254238665;12.83510113;8.923573541;-0.1982256174;-0.06856957078;0.2729038298;3
8.917682343;1.837687731;-0.3014956415;12.83031464;8.92567526;-0.1713475734;-0.05757400393;0.2545779049;3
8.919784062;1.847259045;-0.2871387303;12.78724384;8.927776978;-0.1420260668;-0.04169152305;0.2386954129;3
8.92188578;1.789831281;-0.3014956415;12.74417305;8.929878697;-0.1175914705;-0.02825249545;0.2240346521;3
8.923987499;1.674975872;-0.3062812984;12.71067429;8.931980416;-0.09437860548;-0.01481347065;0.2105956376;3
8.926089218;1.560120344;-0.3062812984;12.66760349;8.934082135;-0.0736092031;-0.005039634649;0.1983783394;3
8.928190937;1.493121386;-0.2823530734;12.58624744;8.936183853;-0.05283980444;0.007177661173;0.1886045039;3
8.930292655;1.416550994;-0.2249253243;12.45703506;8.938285572;-0.03451386094;0.01206457894;0.1800523996;3
8.932394374;1.330409408;-0.1818545163;12.39482117;8.940387291;-0.01985310577;0.01206457894;0.1751654744;3
8.934496093;1.234696507;-0.1244267747;12.32782269;8.94248901;-0.006414080039;0.0157297682;0.1690568328;3
8.936597812;1.16769743;-0.06221338734;12.22732353;8.944590728;0.0033597562;0.01695149764;0.1641699076;3
8.93869953;1.091127157;-0.004785645287;12.14118195;8.946692447;0.01435532235;0.01939495653;0.1605047137;3
8.940801249;1.028913736;0.05742774159;12.02632618;8.948794166;0.02046396956;0.02061668597;0.1556178033;3
8.942902968;0.9571290612;0.1052841991;11.93061352;8.950895885;0.021685699;0.01939495653;0.154396072;3
8.945004687;0.8805587292;0.1387837082;11.83011532;8.952997603;0.02535088919;0.01939495653;0.1531743407;3
8.947106405;0.813559711;0.1914258152;11.71047401;8.955099322;0.02412915789;0.01328630932;0.1531743407;3
8.949208124;0.7274180651;0.2392822653;11.60997581;8.957201041;0.01924224012;-0.0001527161949;0.1531743407;3
8.951309843;0.6221339107;0.2775674164;11.52383423;8.95930276;0.01191186346;-0.01481347065;0.1556178033;3
8.953411562;0.5694918036;0.3493520916;11.43290615;8.961404478;0.002138026757;-0.03436114267;0.1568395346;3
8.95551328;0.4785645306;0.4259224236;11.31805134;8.963506197;-0.008857538924;-0.05635227636;0.1592829973;3
8.957614999;0.4259224236;0.4833501875;11.18405342;8.965607916;-0.02474002354;-0.07712167501;0.1629481763;3
8.959716718;0.3349951804;0.5264210105;11.07876873;8.967709635;-0.04306596518;-0.10033454;0.1690568328;3
8.961818437;0.2584248483;0.5838487148;10.98784161;8.969811353;-0.06261363626;-0.1223256737;0.1727220118;3
8.963920155;0.1770688742;0.6077769399;10.92084217;8.971913072;-0.08216131479;-0.1455385387;0.177608937;3
8.966021874;0.08614161611;0.6317051649;10.83948612;8.974014791;-0.1004872546;-0.1638644785;0.1837175786;3
8.968123593;0.0143569354;0.6460621357;10.82034397;8.97611651;-0.1200349256;-0.1846338809;0.1886045039;3
8.970225312;-0.04307080805;0.6699903607;10.79641533;8.978218228;-0.1371391416;-0.2066250145;0.1934914142;3
8.97232703;-0.1004985496;0.6652047038;10.80120182;8.980319947;-0.1517999023;-0.2273944169;0.1996000707;3
8.974428749;-0.1387837082;0.679561615;10.82512951;8.982421666;-0.1652389169;-0.2481638193;0.2057087123;3
8.976530468;-0.1674975902;0.6891329288;10.87777138;8.984523385;-0.1786779463;-0.2689332068;0.2142608166;3
8.978632187;-0.1962114573;0.6987041831;10.91605663;8.986625103;-0.1860083193;-0.2897026241;0.2215912044;3
8.980733905;-0.2344966233;0.7130611539;10.97348499;8.988726822;-0.1908952445;-0.3068068326;0.2289215773;3
8.982835624;-0.2584248483;0.7130611539;11.04526901;8.990828541;-0.1957821548;-0.3226893246;0.2362519503;3
8.984937343;-0.2919243574;0.70348984;11.1505537;8.99293026;-0.1921169758;-0.3397935331;0.2423606068;3
8.987039062;-0.3158525825;0.7178468108;11.24148083;8.995031978;-0.1860083193;-0.3520108163;0.2496909797;3
8.98914078;-0.3110669553;0.70348984;11.33719349;8.997133697;-0.1798996776;-0.3617846668;0.2570213675;3
8.991242499;-0.2919243574;0.6891329288;11.43769264;8.999235416;-0.1689041108;-0.3678933084;0.261908263;3
8.993344218;-0.3014956415;0.6699903607;11.5142622;9.001337135;-0.1554650813;-0.3764454126;0.2667951882;3
8.995445937;-0.2967100143;0.6891329288;11.59083271;9.003438853;-0.1408043355;-0.3788888752;0.2716821134;3
8.997547655;-0.2823530734;0.6412764788;11.65304661;9.005540572;-0.1224783882;-0.3813323379;0.2765690386;3
8.999649374;-0.2632105052;0.6460621357;11.72004509;9.007642291;-0.1053741723;-0.3862192631;0.2790125012;3
9.001751093;-0.2488535494;0.6317051649;11.75354481;9.00974401;-0.08704823256;-0.3874409795;0.2826776803;3
9.003852812;-0.2153540403;0.6125625968;11.80618668;9.011845728;-0.06627883017;-0.3911061883;0.2851211429;3
9.00595453;-0.1962114573;0.6125625968;11.82532978;9.013947447;-0.05039634556;-0.3959930837;0.2863428593;3
9.008056249;-0.1914258152;0.5742774606;11.85404301;9.016049166;-0.03329212964;-0.4008800089;0.2863428593;3
9.010157968;-0.1579262912;0.5264210105;11.84447193;9.018150885;-0.01740964688;-0.4082103968;0.2838993967;3
9.012259687;-0.1100698411;0.5120640397;11.81575775;9.020252603;-0.0003054323897;-0.4118755758;0.2790125012;3
9.014361405;-0.06221338734;0.4977070987;11.75833035;9.022354322;0.01435532235;-0.4192059636;0.2729038298;3
9.016463124;0.02871387079;0.4689932466;11.68654537;9.024456041;0.02779434808;-0.4302015305;0.2643517256;3
9.018564843;0.1196411327;0.4402793646;11.64826107;9.02655776;0.03756818548;-0.4363101721;0.2557996213;3
9.020666562;0.2201396823;0.4259224236;11.57169056;9.028659478;0.04734202102;-0.4460839927;0.2423606068;3
9.02276828;0.3062812984;0.3924229145;11.46640587;9.030761197;0.05467239767;-0.4534143806;0.2301433086;3
9.024869999;0.3876372576;0.3445664644;11.38504982;9.032862916;0.06200277433;-0.4583013058;0.2142608166;3
9.026971718;0.4737788737;0.3302095234;11.28933716;9.034964635;0.06933315098;-0.4656316638;0.1971566081;3
9.029073437;0.5503492355;0.3014956415;11.15533924;9.037066353;0.07177661359;-0.4692968726;0.181274116;3
9.031175155;0.6077769399;0.2727817893;11.06919765;9.039168072;0.07666353136;-0.4729620516;0.1653916389;3
9.033276874;0.6604190469;0.2440679073;10.95434189;9.041269791;0.07666353136;-0.4754055142;0.1482874304;3
9.035378593;0.708275497;0.2392822653;10.83470058;9.04337151;0.07544180006;-0.4754055142;0.1336266696;3
9.037480312;0.7417750359;0.2584248483;10.71506023;9.045473228;0.07422006875;-0.4790706933;0.1226311028;3
9.03958203;0.7513462901;0.2679961324;10.5858469;9.047574947;0.07299833745;-0.4802924395;0.1104138121;3
9.041683749;0.7274180651;0.3014956415;10.50927734;9.049676666;0.06933315098;-0.4827359021;0.1006399691;3
9.043785468;0.708275497;0.3206382394;10.38963604;9.051778385;0.06811141968;-0.4839576185;0.09086613357;3
9.045887187;0.6747759581;0.3349951804;10.30349445;9.053880103;0.06200277433;-0.4839576185;0.08231402934;3
9.047988905;0.6412764788;0.3349951804;10.2221384;9.055981822;0.05833758786;-0.4815141559;0.07498364896;3
9.050090624;0.6029912829;0.3732803464;10.16949654;9.058083541;0.05711585656;-0.4766272306;0.07009673119;3
9.052192343;0.5647061467;0.3780659735;10.09771156;9.060185207;0.05222893879;-0.4692968726;0.06520981342;3
9.054294062;0.5120640397;0.4067798555;10.04028416;9.062286978;0.04734202102;-0.4595230222;0.06154462695;3
9.05639578;0.4594219327;0.4307080805;9.992427826;9.064388697;0.0485637486;-0.4485274553;0.05910116807;3
9.058497499;0.4402793646;0.4546363056;9.949356079;9.066490416;0.04367683083;-0.4326449931;0.05787943676;3
9.060599166;0.4163511395;0.4833501875;9.915857315;9.068592135;0.04489856213;-0.416762501;0.05665770918;3
9.062700937;0.4163511395;0.4737788737;9.911071777;9.070693853;0.0485637486;-0.4008800089;0.05543597788;3
9.064802655;0.4067798555;0.4737788737;9.891928673;9.072795572;0.05345066637;-0.3862192631;0.0542142503;3
9.066904374;0.3780659735;0.4642075896;9.896714211;9.074897291;0.05955931544;-0.37400195;0.0542142503;3
9.069006093;0.3732803464;0.4689932466;9.896714211;9.07699901;0.06444623321;-0.3630063832;0.05177079141;3
9.071107812;0.3541377485;0.4546363056;9.896714211;9.079100728;0.06811141968;-0.3483456373;0.05177079141;3
9.07320953;0.3780659735;0.4498506486;9.872786522;9.081202395;0.07422006875;-0.3324631453;0.05054906011;3
9.075311249;0.3924229145;0.4498506486;9.815358162;9.083304114;0.07910698652;-0.316580683;0.04932733253;3
9.077412968;0.4307080805;0.4115654826;9.762716293;9.085405885;0.08277218044;-0.3006981909;0.04688387364;3
9.079514687;0.4546363056;0.4019941986;9.705288887;9.087507603;0.0852156356;-0.2774853408;0.04444041103;3
9.081616353;0.4785645306;0.3924229145;9.638289452;9.089609322;0.08765909821;-0.2567159235;0.03955349326;3
9.083718072;0.4977070987;0.3876372576;9.566504478;9.091711041;0.08765909821;-0.2347247899;0.0358883068;3
9.085819843;0.5072783828;0.3684946895;9.509077072;9.09381276;0.08888082206;-0.2102901936;0.02855792828;3
9.087921562;0.5120640397;0.3445664644;9.437292099;9.095914426;0.09010255337;-0.1895207912;0.02367101051;3
9.09002328;0.5120640397;0.3158525825;9.379864693;9.098016197;0.09010255337;-0.1699731201;0.0175623633;3
9.092124999;0.5216353536;0.2871387303;9.327222824;9.100117916;0.09010255337;-0.1540906429;0.01145371422;3
9.094226718;0.5120640397;0.2679961324;9.293723106;9.102219582;0.09132428467;-0.1382081509;0.006566796452;3
9.096328385;0.5168496966;0.2440679073;9.255437851;9.104321353;0.09132428467;-0.1247691289;0.0016798781;3
9.098430155;0.4929214716;0.2392822653;9.212367058;9.106423072;0.09010255337;-0.1101083755;-0.0007635809598;3
9.100531874;0.4737788737;0.2392822653;9.20758152;9.108524791;0.08765909821;-0.09544762224;-0.001985310577;3
9.102633541;0.4307080805;0.2297109663;9.164510727;9.11062651;0.0852156356;-0.08445205539;-0.001985310577;3
9.104735312;0.3732803464;0.2201396823;9.116654396;9.112728176;0.08765909821;-0.07345648855;-0.003207040019;3
9.10683703;0.3110669553;0.2249253243;9.073583603;9.114829947;0.0864373669;-0.06123919412;-0.001985310577;3
9.108938749;0.2488535494;0.2057827413;9.040083885;9.116931666;0.08155044913;-0.05268708616;-0.0007635809598;3
9.111040468;0.1914258152;0.2105683982;9.020941734;9.119033332;0.07788526267;-0.04413498193;0.0004581485991;3
9.113142135;0.1579262912;0.2009970993;8.997013092;9.121135103;0.07299833745;-0.03802633286;-0.0007635809598;3
9.115243905;0.1196411327;0.2105683982;8.977870941;9.123236822;0.06811141968;-0.03069595434;0.0004581485991;3
9.117345624;0.1196411327;0.1962114573;8.925228119;9.125338541;0.06322450191;-0.02580903657;-0.0007635809598;3
9.119447291;0.1100698411;0.1914258152;8.934800148;9.12744026;0.05955931544;-0.0209221188;-0.001985310577;3
9.121549062;0.1100698411;0.1866401732;8.896514893;9.129541978;0.05467239767;-0.01725693047;-0.004428769462;3
9.12365078;0.1292124242;0.1579262912;8.858229637;9.131643697;0.04734202102;-0.008704823442;-0.00565049937;3
9.125752499;0.1531406492;0.1339980662;8.819944382;9.133745364;0.04245510325;-0.001374445739;-0.00565049937;3
9.127854218;0.1722832322;0.1244267747;8.805587769;9.135847082;0.03634645417;0.007177661173;-0.00565049937;3
9.129955937;0.1770688742;0.09571290761;8.805587769;9.137948853;0.03023780696;0.0157297682;-0.003207040019;3
9.132057655;0.1770688742;0.0765703246;8.819944382;9.140050572;0.02779434808;0.02306014486;-0.001985310577;3
9.134159322;0.1722832322;0.05264209956;8.824729919;9.142152239;0.02290742844;0.02916879393;-0.001985310577;3
9.136261041;0.1387837082;0.0239282269;8.834300995;9.14425401;0.01924224012;0.03649916872;-0.001985310577;3
9.138362812;0.1148554832;-0.0143569354;8.906085968;9.146355728;0.01924224012;0.03527744114;-0.0007635809598;3
9.14046453;0.1148554832;-0.0382851623;8.963513374;9.148457395;0.01802051067;0.03772090003;-0.001985310577;3
9.142566197;0.1244267747;-0.08614161611;9.020941734;9.150559166;0.01924224012;0.03772090003;-0.004428769462;3
9.144667968;0.1292124242;-0.1148554832;9.087940216;9.152660832;0.01802051067;0.03527744114;-0.006872228812;3
9.146769687;0.1531406492;-0.1387837082;9.150154114;9.154762551;0.021685699;0.03283398226;-0.009315688163;3
9.148871353;0.1531406492;-0.1722832322;9.217152596;9.156864322;0.02412915789;0.03039052337;-0.01298087649;3
9.150973124;0.1579262912;-0.1962114573;9.269794464;9.158966041;0.02657261863;0.03161225095;-0.01542433538;3
9.153074791;0.1435693651;-0.2057827413;9.293723106;9.161067707;0.0314595364;0.02794706449;-0.01664606482;3
9.15517651;0.1435693651;-0.2344966233;9.341579437;9.163169426;0.03512472659;0.02794706449;-0.0190895237;3
9.15727828;0.1004985496;-0.2201396823;9.351150513;9.165271197;0.03634645417;0.02550360374;-0.0190895237;3
9.159379999;0.08135596663;-0.2440679073;9.360722542;9.167372916;0.03756818548;0.02183841541;-0.02031125315;3
9.161481666;0.0765703246;-0.2440679073;9.375079155;9.169474582;0.03756818548;0.02061668597;-0.02153298259;3
9.163583385;0.08614161611;-0.2440679073;9.355937004;9.171576353;0.03512472659;0.01695149764;-0.02275471389;3
9.165685155;0.09092725813;-0.2584248483;9.341579437;9.173678072;0.03390299529;0.0157297682;-0.02397644334;3
9.167786874;0.09092725813;-0.2392822653;9.288937569;9.175779739;0.03023780696;0.0157297682;-0.02519817278;3
9.169888541;0.1052841991;-0.2679961324;9.250652313;9.17788151;0.02412915789;0.01328630932;-0.02397644334;3
9.171990312;0.1244267747;-0.2344966233;9.231510162;9.179983176;0.021685699;0.008399390616;-0.02397644334;3
9.17409203;0.1387837082;-0.2201396823;9.221938133;9.182084895;0.01679878123;0.008399390616;-0.02641990222;3
9.176193697;0.1722832322;-0.2201396823;9.212367058;9.184186614;0.01069013402;0.00351247238;-0.02764163166;3
9.178295468;0.1770688742;-0.2057827413;9.188439369;9.186288332;0.005803215317;0.00351247238;-0.02764163166;3
9.180397135;0.1866401732;-0.2201396823;9.198010445;9.188390051;0.0009162971983;0.001069013379;-0.02886336111;3
9.182498853;0.2105683982;-0.2153540403;9.17886734;9.19049177;-0.003970621154;-0.003817904973;-0.03252854943;3
9.184600572;0.2009970993;-0.2344966233;9.198010445;9.192593541;-0.0100792693;-0.002596175298;-0.03375028074;3
9.186702291;0.1818545163;-0.2632105052;9.183652878;9.194695207;-0.01130099874;-0.002596175298;-0.0374154672;3
9.18880401;0.1914258152;-0.2679961324;9.20758152;9.196796978;-0.01374445762;-0.0001527161949;-0.03985892609;3
9.190905728;0.1866401732;-0.2775674164;9.217152596;9.198898697;-0.01618791744;0.001069013379;-0.04352411628;3
9.193007499;0.1962114573;-0.2967100143;9.245866776;9.201000364;-0.01863137633;0.004734201822;-0.04718930274;3
9.195109166;0.2249253243;-0.2919243574;9.279366493;9.203102082;-0.01740964688;0.009621120058;-0.05085449293;3
9.197210937;0.2536391914;-0.2871387303;9.298508644;9.205203853;-0.01496618707;0.0157297682;-0.05207622424;3
9.199312655;0.2775674164;-0.3014956415;9.327222824;9.20730552;-0.01374445762;0.01939495653;-0.05451968312;3
9.201414322;0.2727817893;-0.3014956415;9.341579437;9.209407291;-0.01130099874;0.02306014486;-0.05696314201;3
9.203516041;0.2679961324;-0.2823530734;9.360722542;9.211508957;-0.008857538924;0.02916879393;-0.05818486959;3
9.205617812;0.2679961324;-0.2632105052;9.379864693;9.213610676;-0.005192350596;0.03649916872;-0.06185005978;3
9.207719478;0.2775674164;-0.2775674164;9.38465023;9.215712395;-0.0003054323897;0.0426078178;-0.06307178736;3
9.209821249;0.2919243574;-0.2727817893;9.355937004;9.217814114;0.005803215317;0.05115992576;-0.06551524997;3
9.211922916;0.3062812984;-0.2679961324;9.355937004;9.219915832;0.005803215317;0.05971203372;-0.06795870513;3
9.214024635;0.3158525825;-0.2440679073;9.322437286;9.222017603;0.009468403645;0.06826414168;-0.07040216774;3
9.216126353;0.3493520916;-0.2344966233;9.293723106;9.22411927;0.009468403645;0.07803797722;-0.07162389904;3
9.218228072;0.3589234054;-0.2249253243;9.2362957;9.226221041;0.0131335929;0.08903354406;-0.0728456229;3
9.220329791;0.3684946895;-0.2153540403;9.202795982;9.228322707;0.0131335929;0.0988073796;-0.07528908551;3
9.222431562;0.3828516304;-0.2153540403;9.17886734;9.230424426;0.0131335929;0.1110246703;-0.07895427197;3
9.224533228;0.4019941986;-0.2153540403;9.107083321;9.232526145;0.01191186346;0.1171333194;-0.07895427197;3
9.226634999;0.3924229145;-0.2057827413;9.073583603;9.234627916;0.01191186346;0.1256854236;-0.08017600328;3
9.228736666;0.3541377485;-0.2153540403;9.040083885;9.236729582;0.008246674202;0.1317940801;-0.07895427197;3
9.230838385;0.3206382394;-0.2009970993;8.997013092;9.238831301;0.00702494476;0.1342375278;-0.07773254067;3
9.232940103;0.2823530734;-0.2057827413;8.97308445;9.24093302;0.004581485875;0.1354592592;-0.07651081681;3
9.235041874;0.2392822653;-0.1866401732;8.987442017;9.243034739;0.0009162971983;0.1317940801;-0.07651081681;3
9.237143541;0.1962114573;-0.1674975902;8.977870941;9.245136457;-0.002748891478;0.1293506175;-0.0728456229;3
9.23924526;0.1722832322;-0.1483550072;8.953942299;9.247238176;-0.008857538924;0.1244636998;-0.07040216774;3
9.241346978;0.1483550072;-0.1387837082;8.963513374;9.249339895;-0.01252272818;0.1183550507;-0.06795870513;3
9.243448697;0.1292124242;-0.1244267747;8.968298912;9.251441614;-0.01740964688;0.1061377525;-0.06429351866;3
9.245550416;0.1004985496;-0.1004985496;8.987442017;9.253543332;-0.02229656465;0.1012508348;-0.06062832847;3
9.247652135;0.0765703246;-0.07178468257;8.977870941;9.255645051;-0.02596175298;0.09392046183;-0.05696314201;3
9.249753853;0.05742774159;-0.05264209956;9.03051281;9.25774677;-0.03329212964;0.08659008145;-0.05329795182;3
9.251855572;0.0143569354;-0.02871387079;9.016156197;9.259848489;-0.03817904741;0.07803797722;-0.04841103405;3
9.253957291;-0.0143569354;-0.04307080805;9.011369705;9.261950207;-0.04550942779;0.07192932814;-0.04352411628;3
9.25605901;-0.03349951655;-0.04307080805;9.011369705;9.264051926;-0.05039634556;0.06704241037;-0.03985892609;3
9.258160728;-0.04307080805;-0.04307080805;9.035298347;9.266153645;-0.05161807314;0.05971203372;-0.0374154672;3
9.260262447;-0.0239282269;-0.04307080805;9.025727272;9.268255364;-0.05528326333;0.05604684353;-0.03497200832;3
9.262364166;-0.009571290575;-0.05264209956;9.035298347;9.270357082;-0.05894844979;0.05360338464;-0.03497200832;3
9.264465885;0.03349951655;-0.05264209956;9.068798065;9.272458801;-0.0601701811;0.04871646687;-0.03619373962;3
9.266567603;0.08614161611;-0.04307080805;9.083154678;9.27456052;-0.06261363626;0.04627300799;-0.0374154672;3
9.268669322;0.1292124242;-0.04307080805;9.116654396;9.276662239;-0.06261363626;0.04749473557;-0.03985892609;3
9.270771041;0.1722832322;-0.04307080805;9.116654396;9.278763957;-0.06383536756;0.04505127668;-0.04230238497;3
9.27287276;0.2201396823;-0.06699903309;9.145368576;9.280865676;-0.06750056148;0.04627300799;-0.04474584386;3
9.274974478;0.2249253243;-0.08135596663;9.150154114;9.282967395;-0.06872228533;0.04627300799;-0.04963276163;3
9.277076197;0.2536391914;-0.08614161611;9.145368576;9.285069114;-0.06994401664;0.04749473557;-0.05085449293;3
9.279177916;0.2584248483;-0.08135596663;9.150154114;9.287170885;-0.07238747925;0.05115992576;-0.05207622424;3
9.281279635;0.2632105052;-0.08614161611;9.131011009;9.289272551;-0.0736092031;0.05849030241;-0.05451968312;3
9.283381353;0.2488535494;-0.0765703246;9.140582085;9.29137427;-0.07727439702;0.06459894776;-0.05451968312;3
9.285483072;0.2536391914;-0.06699903309;9.145368576;9.293475989;-0.07849612087;0.07315105945;-0.05451968312;3
9.287584843;0.2297109663;-0.07178468257;9.159725189;9.29557776;-0.07971785218;0.08170316368;-0.05329795182;3
9.28968651;0.2153540403;-0.04307080805;9.188439369;9.297679426;-0.08093958348;0.09025526792;-0.05329795182;3
9.291788228;0.2057827413;-0.03349951655;9.2362957;9.299781145;-0.08216131479;0.09514218569;-0.05329795182;3
9.293889947;0.1962114573;0.0;9.250652313;9.301882864;-0.08216131479;0.1012508348;-0.05085449293;3
9.295991718;0.1866401732;0.03349951655;9.293723106;9.303984635;-0.08216131479;0.1049160287;-0.04841103405;3
9.298093385;0.1627119333;0.06699903309;9.322437286;9.306086301;-0.08338304609;0.1085812151;-0.04474584386;3
9.300195103;0.1483550072;0.07178468257;9.36550808;9.30818802;-0.08338304609;0.1110246703;-0.04230238497;3
9.302296822;0.1483550072;0.09571290761;9.394221306;9.310289739;-0.08582650125;0.1146898642;-0.03863719851;3
9.304398593;0.1244267747;0.1292124242;9.418149948;9.312391457;-0.08826996386;0.1171333194;-0.03252854943;3
9.30650026;0.1339980662;0.1483550072;9.470791817;9.314493176;-0.09071341902;0.1207985133;-0.02764163166;3
9.308601978;0.1339980662;0.1770688742;9.499505997;9.316594895;-0.09437860548;0.119576782;-0.02275471389;3
9.310703697;0.1387837082;0.2105683982;9.523433685;9.318696614;-0.0968220681;0.1122464016;-0.01542433538;3
9.312805416;0.1387837082;0.2201396823;9.566504478;9.320798332;-0.09926552325;0.1073594838;-0.01053741761;3
9.314907135;0.1244267747;0.2201396823;9.628718376;9.322900103;-0.1029307172;0.1049160287;-0.006872228812;3
9.317008853;0.1339980662;0.2105683982;9.681360245;9.32500177;-0.1078176349;0.1024725661;-0.003207040019;3
9.319110572;0.1387837082;0.2009970993;9.738788605;9.327103489;-0.1114828214;0.09636391699;0.0016798781;3
9.321212291;0.1387837082;0.1674975902;9.772287369;9.329205207;-0.1163697392;0.09147699922;0.005345067009;3
9.323314062;0.1866401732;0.1914258152;9.844072342;9.331306926;-0.1224783882;0.09147699922;0.007788525894;3
9.325415728;0.2249253243;0.2153540403;9.882357597;9.333408697;-0.1298087686;0.09025526792;0.009010255337;3
9.327517447;0.3062812984;0.2201396823;9.958928108;9.335510364;-0.1359174103;0.08414662629;0.01023198478;3
9.329619166;0.3445664644;0.2297109663;9.958928108;9.337612082;-0.1456912458;0.07315105945;0.007788525894;3
9.331720885;0.3924229145;0.2440679073;9.997213364;9.339713801;-0.150578171;0.06337722391;0.005345067009;3
9.333822655;0.4689932466;0.2584248483;10.09292603;9.34181552;-0.1591302752;0.05726857483;0.0016798781;3
9.335924322;0.5407779217;0.2392822653;10.16949654;9.343917239;-0.1652389169;0.04871646687;-0.003207040019;3
9.338026041;0.6125625968;0.2153540403;10.27478027;9.346018957;-0.1676823795;0.03894263133;-0.006872228812;3
9.34012776;0.6460621357;0.1627119333;10.36092186;9.348120676;-0.1701258421;0.03039052337;-0.01298087649;3
9.342229478;0.6939185858;0.1292124242;10.46620655;9.350222447;-0.173791036;0.0242818743;-0.01664606482;3
9.344331197;0.7274180651;0.1052841991;10.56670475;9.352324114;-0.177456215;0.0157297682;-0.02031125315;3
9.346432916;0.7752745152;0.1004985496;10.68156052;9.354425832;-0.177456215;0.008399390616;-0.02519817278;3
9.348534635;0.8039883971;0.09571290761;10.77727318;9.356527551;-0.173791036;0.002290742937;-0.03008509055;3
9.350636405;0.866201818;0.1196411327;10.88255692;9.35862927;-0.1713475734;-0.005039634649;-0.03252854943;3
9.352738072;0.9236295223;0.1244267747;11.03569794;9.360730989;-0.1701258421;-0.01237001177;-0.03497200832;3
9.354839791;0.9810572863;0.1483550072;11.14098263;9.362832707;-0.1652389169;-0.02214384824;-0.03863719851;3
9.35694151;1.028913736;0.1866401732;11.25583744;9.364934426;-0.1566868126;-0.03313941509;-0.04108065739;3
9.359043228;1.043270707;0.2201396823;11.37069321;9.367036145;-0.1517999023;-0.04291325063;-0.04474584386;3
9.361144947;1.076770186;0.2249253243;11.47597694;9.369137916;-0.1420260668;-0.05513054505;-0.05085449293;3
9.363246666;1.13419795;0.2344966233;11.62433243;9.371239582;-0.1334739476;-0.06368265301;-0.0557414107;3
9.365348385;1.205982566;0.2392822653;11.71047401;9.373341353;-0.1249218509;-0.06979130208;-0.06185005978;3
9.367450103;1.26341033;0.2536391914;11.81097221;9.37544302;-0.113926284;-0.07712167501;-0.06918043643;3
9.369551874;1.344766378;0.2440679073;11.90190029;9.377544739;-0.1017089859;-0.08323032409;-0.07528908551;3
9.371653541;1.416550994;0.2249253243;11.96411324;9.37964651;-0.09437860548;-0.09056070447;-0.08261945844;3
9.373755312;1.469193101;0.2584248483;12.05025482;9.381748176;-0.08338304609;-0.09422589093;-0.08872810751;3
9.375856978;1.536192179;0.2679961324;12.08854008;9.383849895;-0.0736092031;-0.1015562713;-0.09483675659;3
9.377958697;1.560120344;0.2536391914;12.12682533;9.385951614;-0.06139190868;-0.1064431891;-0.1009454057;3
9.380060468;1.588834286;0.2344966233;12.20339584;9.388053332;-0.05406153202;-0.1125518382;-0.1058323234;3
9.382162135;1.617548108;0.2344966233;12.26082325;9.390155051;-0.04673115537;-0.1211039424;-0.1119409725;3
9.384263853;1.651047587;0.2344966233;12.32782269;9.39225677;-0.03695731983;-0.1308777779;-0.1180496216;3
9.386365572;1.694118381;0.2297109663;12.35175037;9.394358489;-0.02718348242;-0.1394298822;-0.1229365394;3
9.388467291;1.713261008;0.2201396823;12.42353535;9.396460207;-0.01740964688;-0.1479819864;-0.1302669197;3
9.39056901;1.722832322;0.2344966233;12.48574829;9.398561926;-0.01130099874;-0.1589775532;-0.1351538301;3
9.392670728;1.737189293;0.2297109663;12.51924801;9.400663645;-0.00152716192;-0.1724165827;-0.1400407553;3
9.394772447;1.727617979;0.2344966233;12.53839111;9.402765364;0.00702494476;-0.1882990748;-0.1461493969;3
9.396874166;1.737189293;0.2392822653;12.58146191;9.404867135;0.01435532235;-0.2054032832;-0.1522580534;3
9.398975885;1.727617979;0.2584248483;12.61017513;9.406968801;0.02290742844;-0.2212857604;-0.1595884264;3
9.401077603;1.765903115;0.2488535494;12.6245327;9.409070572;0.02779434808;-0.2322813272;-0.1681405306;3
9.403179322;1.818545222;0.2392822653;12.63888931;9.411172239;0.03756818548;-0.2420551628;-0.1754709035;3
9.405281093;1.866401672;0.2440679073;12.61017513;9.413273957;0.04612028971;-0.2506072819;-0.18157956;3
9.40738276;1.861616015;0.2344966233;12.6245327;9.415375676;0.05589412898;-0.2567159235;-0.1864664704;3
9.40948453;1.866401672;0.2105683982;12.61496067;9.417477395;0.06566796452;-0.2628245652;-0.1925751269;3
9.411586197;1.856830359;0.1962114573;12.6245327;9.419579114;0.07422006875;-0.2689332068;-0.1962403059;3
9.413687916;1.852044702;0.1914258152;12.63888931;9.421680832;0.08399390429;-0.2725984156;-0.2011272311;3
9.415789635;1.847259045;0.2009970993;12.66760349;9.423782551;0.09498947114;-0.2774853408;-0.2047924101;3
9.417891353;1.837687731;0.2249253243;12.68674564;9.42588427;0.1072067693;-0.2725984156;-0.2060141414;3
9.419993072;1.861616015;0.2536391914;12.69153118;9.427985989;0.1230892539;-0.2713766694;-0.2084576041;3
9.422094791;1.890329838;0.2823530734;12.69631672;9.430087707;0.1365282834;-0.2750418782;-0.2096793354;3
9.42419651;1.8855443;0.3062812984;12.67238903;9.432189426;0.1499672979;-0.2762635946;-0.2133445293;3
9.426298228;1.8855443;0.3254238665;12.65803146;9.434291145;0.1646280587;-0.2787070572;-0.2182314396;3
9.428399947;1.914258122;0.3206382394;12.62931824;9.436392864;0.1792888194;-0.2774853408;-0.2255618125;3
9.430501666;1.942971945;0.3302095234;12.59581852;9.438494582;0.1963930279;-0.2750418782;-0.2328922004;3
9.432603385;2.009970903;0.3110669553;12.53360462;9.440596301;0.2122755051;-0.2713766694;-0.2377791107;3
9.434705103;2.067398787;0.2679961324;12.50010586;9.44269802;0.2281579971;-0.266489774;-0.2451094985;3
9.436806822;2.120040894;0.2632105052;12.4618206;9.444799739;0.2415970266;-0.2616028488;-0.2512181401;3
9.438908541;2.143969059;0.2775674164;12.38525009;9.446901457;0.2562577724;-0.2530507445;-0.2573267817;3
9.44101026;2.167897224;0.2632105052;12.3421793;9.449003176;0.2684750557;-0.2481638193;-0.262213707;3
9.443111978;2.215753794;0.2488535494;12.28953743;9.451104895;0.2745837271;-0.2359465212;-0.2646571696;3
9.445213697;2.191825628;0.2536391914;12.23689461;9.453206614;0.285579294;-0.2163988501;-0.2683223486;3
9.447315416;2.201396942;0.2679961324;12.09332561;9.455308332;0.292909652;-0.2054032832;-0.2695440948;3
9.449417135;2.172683001;0.2823530734;11.92104244;9.457410051;0.3014617562;-0.1919642538;-0.2732092738;3
9.451518853;2.172683001;0.2775674164;11.77747345;9.45951177;0.3075704277;-0.1821904182;-0.2744309902;3
9.453620572;2.182254314;0.2679961324;11.71047401;9.461613489;0.3149007857;-0.1748600453;-0.278096199;3
9.455722291;2.215753794;0.2632105052;11.67218876;9.463715207;0.3197877109;-0.1711948514;-0.2805396616;3
9.45782401;2.254039049;0.2584248483;11.57169056;9.465816926;0.3271180987;-0.1626427472;-0.2854265571;3
9.459925728;2.349751949;0.2823530734;11.50947666;9.467918645;0.3307832778;-0.1528689116;-0.2890917659;3
9.462027447;2.407179594;0.2967100143;11.40419292;9.470020364;0.3381136656;-0.1479819864;-0.2915352285;3
9.464129166;2.445464849;0.2632105052;11.32283688;9.472122082;0.3442223072;-0.1479819864;-0.2952004075;3
9.466230885;2.450250387;0.2105683982;11.30848026;9.474223801;0.3491092324;-0.1479819864;-0.2976438701;3
9.468332603;2.431107759;0.1627119333;11.28933716;9.47632552;0.3527744114;-0.150425449;-0.3013090491;3
9.470434322;2.421536446;0.1387837082;11.30369377;9.478427239;0.3552178741;-0.1601992846;-0.3061959743;3
9.472536041;2.450250387;0.1339980662;11.27498055;9.480528957;0.3588830531;-0.1687513888;-0.312304616;3
9.47463776;2.464607239;0.1292124242;11.21755219;9.482630676;0.3576613367;-0.1797469556;-0.3196350038;3
9.476739478;2.502892494;0.1339980662;11.16012478;9.484732395;0.3601047993;-0.1944077164;-0.328187108;3
9.478841197;2.555534601;0.1052841991;11.07398319;9.486834114;0.3552178741;-0.2078467458;-0.3379609287;3
9.480942916;2.608176708;0.09571290761;10.98784161;9.488935832;0.351552695;-0.220064044;-0.3489564955;3
9.483044635;2.660818815;0.08614161611;10.91605663;9.491037551;0.3503309488;-0.2322813272;-0.3611738086;3
9.485146353;2.694318295;0.0765703246;10.8107729;9.49313927;0.3454440236;-0.2347247899;-0.3709476292;3
9.487248072;2.727817774;0.0382851623;10.7054882;9.495240989;0.3417788446;-0.2420551628;-0.3843866587;3
9.489349791;2.746960402;-0.009571290575;10.63848972;9.497342707;0.3381136656;-0.2530507445;-0.3978256881;3
9.49145151;2.775674343;-0.07178468257;10.58106136;9.499444426;0.3332267404;-0.2689332068;-0.4112647176;3
9.493553228;2.804388046;-0.1052841991;10.55713367;9.501546145;0.3295615613;-0.2774853408;-0.4271472096;3
9.495654947;2.823530674;-0.1100698411;10.51406288;9.503647864;0.3246746361;-0.2823722363;-0.4430296719;3
9.497756666;2.866601467;-0.1292124242;10.45184898;9.505749582;0.3210094273;-0.2897026241;-0.4613556266;3
9.499858385;2.890529871;-0.1244267747;10.35135078;9.507851301;0.3185659945;-0.2945895493;-0.4821250141;3
9.501960103;2.919243574;-0.1387837082;10.32742214;9.50995302;0.3173442483;-0.3019199073;-0.5028944016;3
9.504061822;2.952743053;-0.1674975902;10.32742214;9.512054739;0.3222311735;-0.3031416535;-0.521220386;3
9.506163541;2.991028309;-0.1818545163;10.28913784;9.514156457;0.3246746361;-0.3068068326;-0.5419898033;3
9.50826526;3.00538516;-0.1722832322;10.27956581;9.516258176;0.3258963525;-0.3068068326;-0.563980937;3
9.510366978;2.967100143;-0.1435693651;10.2652092;9.518359895;0.3332267404;-0.3055851161;-0.5847502947;3
9.512468697;2.952743053;-0.1722832322;10.24128056;9.520461614;0.3381136656;-0.2970330119;-0.6079631448;3
9.514570416;2.947957516;-0.1722832322;10.2221384;9.522563332;0.3442223072;-0.2823722363;-0.6299542785;3
9.516672135;2.962314367;-0.1674975902;10.19820976;9.524665051;0.3466657698;-0.270154953;-0.6470585465;3
9.518773853;2.933600664;-0.1292124242;10.13121128;9.52676677;0.3503309488;-0.25793764;-0.6617192626;3
9.520875572;2.857030153;-0.08135596663;10.01635551;9.528868489;0.3564395905;-0.2444986254;-0.6727148294;3
9.522977291;2.73260355;-0.0382851623;9.915857315;9.530970207;0.3613265157;-0.2310595959;-0.6812669635;3
9.52507901;2.603390932;-0.0239282269;9.906285286;9.533071926;0.3674351573;-0.2163988501;-0.6898190379;3
9.527180728;2.488535643;-0.0239282269;9.896714211;9.535173645;0.3772090077;-0.2017380893;-0.6971494555;3
9.529282447;2.402393818;0.004785645287;9.896714211;9.537275364;0.3845393658;-0.1870773435;-0.7020363212;3
9.531384166;2.316252232;0.0239282269;9.87757206;9.539377082;0.3930914998;-0.1699731201;-0.7081450224;3
9.533485885;2.239681959;0.0765703246;9.863214493;9.541478801;0.3992001414;-0.14676027;-0.7093667388;3
9.535587603;2.177468538;0.1196411327;9.844072342;9.54358052;0.4028653204;-0.1284343153;-0.7105884552;3
9.537689322;2.100898266;0.1770688742;9.743574142;9.545682239;0.4077522457;-0.1101083755;-0.713031888;3
9.539791041;1.9812572;0.1962114573;9.609575272;9.547783957;0.4114174247;-0.0991128087;-0.713031888;3
9.54189276;1.890329838;0.2153540403;9.537791252;9.549885676;0.4175260663;-0.0856737867;-0.7118101716;3
9.543994478;1.804188251;0.2297109663;9.523433685;9.551987395;0.4211912751;-0.07712167501;-0.713031888;3
9.546096197;1.751546144;0.2249253243;9.518648148;9.554089114;0.4224129915;-0.06734783947;-0.714253664;3
9.548197916;1.732403636;0.2440679073;9.461220741;9.556190832;0.4272999167;-0.05879573524;-0.7166970968;3
9.550299635;1.727617979;0.2775674164;9.41336441;9.558292551;0.4248564541;-0.0478001684;-0.7203623056;3
9.552401353;1.703689694;0.3062812984;9.341579437;9.56039427;0.4224129915;-0.03313941509;-0.7203623056;3
9.554503072;1.674975872;0.3206382394;9.255437851;9.562495989;0.4175260663;-0.01970038936;-0.721584022;3
9.556604791;1.627119422;0.3254238665;9.097511292;9.564597707;0.4101957083;-0.008704823442;-0.7203623056;3
9.55870651;1.560120344;0.3158525825;8.953942299;9.566699426;0.401643604;-0.007483093534;-0.721584022;3
9.560808228;1.459621787;0.3445664644;8.84387207;9.568801145;0.3918697536;-0.005039634649;-0.7166970968;3
9.562909947;1.378265858;0.4307080805;8.767302513;9.570902864;0.3784307241;-0.0001527161949;-0.714253664;3
9.565011666;1.272981644;0.4977070987;8.681160927;9.573004582;0.3674351573;0.009621120058;-0.7081450224;3
9.567113385;1.196411371;0.5264210105;8.628518105;9.575106301;0.3503309488;0.01450803876;-0.7020363212;3
9.569215103;1.110269666;0.5647061467;8.566305161;9.57720802;0.3381136656;0.01450803876;-0.6971494555;3
9.571316822;1.000199914;0.5982056856;8.51844883;9.579309739;0.3234528899;0.01206457894;-0.6873756051;3
9.573418541;0.9044869542;0.6460621357;8.451449394;9.581411457;0.3087921441;0.008399390616;-0.6800451875;3
9.57552026;0.8231309652;0.6891329288;8.427521706;9.583513176;0.2941313982;0.002290742937;-0.6690496206;3
9.577621978;0.708275497;0.708275497;8.437092781;9.585614895;0.2806923687;-0.007483093534;-0.6592758298;3
9.579723697;0.626919508;0.7130611539;8.437092781;9.587716614;0.2635881603;-0.01603520103;-0.6482802629;3
9.581825416;0.5694918036;0.6891329288;8.413164139;9.589818332;0.2489273995;-0.0294742249;-0.6372846961;3
9.583927135;0.5024927258;0.70348984;8.413164139;9.591920051;0.2354883701;-0.04291325063;-0.6250674129;3
9.586028853;0.4450650215;0.70348984;8.427521706;9.59402177;0.2232710719;-0.05513054505;-0.6165152788;3
9.588130572;0.4211367965;0.6987041831;8.465806961;9.596123489;0.2098320574;-0.06368265301;-0.605519712;3
9.590232291;0.3972085714;0.6843472719;8.480163574;9.598225207;0.1976147592;-0.07467821985;-0.5981893539;3
9.59233401;0.3684946895;0.650847733;8.484949112;9.600326926;0.1878409237;-0.08445205539;-0.5896372199;3
9.594435728;0.3493520916;0.5886343718;8.513663292;9.602428645;0.1805105358;-0.09666935354;-0.5823068619;3
9.596537447;0.3349951804;0.5647061467;8.551948547;9.604530364;0.1719584316;-0.1076649204;-0.5774199367;3
9.598639166;0.3397808075;0.5359922647;8.599804878;9.606632082;0.1646280587;-0.1247691289;-0.5725330114;3
9.600740885;0.3589234054;0.4881358147;8.628518105;9.608733801;0.1597411335;-0.1382081509;-0.5688678026;3
9.602842603;0.4115654826;0.4881358147;8.662017822;9.61083552;0.1560759544;-0.1516471803;-0.5664243698;3
9.604944322;0.4307080805;0.4642075896;8.676374435;9.612937239;0.1524107605;-0.1638644785;-0.5615374446;3
9.607046041;0.4211367965;0.4115654826;8.700303078;9.615038957;0.1511890292;-0.1748600453;-0.5603157282;3
9.60914776;0.4067798555;0.3780659735;8.705088615;9.617140676;0.1511890292;-0.1858556122;-0.5578722358;3
9.611249478;0.4259224236;0.3349951804;8.72423172;9.619242395;0.1511890292;-0.1980729103;-0.5566505194;3
9.613351197;0.4450650215;0.3062812984;8.752944946;9.621344114;0.1548542231;-0.2066250145;-0.5578722358;3
9.615452916;0.4689932466;0.2775674164;8.786444664;9.623445832;0.1572976857;-0.2127336562;-0.5578722358;3
9.617554635;0.5072783828;0.2440679073;8.839086533;9.625547551;0.1634063274;-0.2139553875;-0.5603157282;3
9.619656353;0.5503492355;0.2009970993;8.863015175;9.62764927;0.1707367003;-0.2176205814;-0.562759161;3
9.621758072;0.5886343718;0.1579262912;8.891729355;9.629750989;0.1780670881;-0.2188423127;-0.5688678026;3
9.623859791;0.6460621357;0.09571290761;8.896514893;9.631852707;0.1878409237;-0.2188423127;-0.5774199367;3
9.62596151;0.7417750359;0.04785645381;8.915657043;9.633954426;0.1963930279;-0.2188423127;-0.5908589363;3
9.628063228;0.8614161611;0.009571290575;8.915657043;9.636056145;0.2049451321;-0.2139553875;-0.6042979956;3
9.630164947;1.000199914;-0.0143569354;8.877371788;9.638157864;0.2122755051;-0.2066250145;-0.6177369952;3
9.632266666;1.129412293;-0.03349951655;8.858229637;9.640259582;0.2196058929;-0.1956294477;-0.6299542785;3
9.634368385;1.253839016;-0.06699903309;8.800801277;9.642361249;0.2244928032;-0.1821904182;-0.6446150541;3
9.636470103;1.35912323;-0.0765703246;8.733802795;9.64446302;0.2293797284;-0.1638644785;-0.6592758298;3
9.638571822;1.435693622;-0.08135596663;8.647661209;9.646564739;0.231823191;-0.1455385387;-0.6739365458;3
9.640673541;1.50269258;-0.09571290761;8.585447311;9.648666457;0.231823191;-0.123547405;-0.6873756051;3
9.642775207;1.574477315;-0.09092725813;8.51844883;9.650768176;0.2293797284;-0.10033454;-0.7020363212;3
9.644876978;1.603191137;-0.1004985496;8.446663857;9.652869895;0.2269362658;-0.07834340632;-0.714253664;3
9.646978697;1.631905079;-0.1052841991;8.408378601;9.654971614;0.2257145345;-0.05390881747;-0.7276926637;3
9.649080416;1.617548108;-0.1148554832;8.355736732;9.657073332;0.2208276242;-0.03191768378;-0.7399099469;3
9.651182135;1.617548108;-0.1244267747;8.298309326;9.659175051;0.2196058929;-0.01603520103;-0.7521272302;3
9.653283853;1.617548108;-0.1196411327;8.264809608;9.66127677;0.2147189677;0.002290742937;-0.7655662894;3
9.655385572;1.588834286;-0.1387837082;8.240880966;9.663378489;0.2122755051;0.02061668597;-0.7777835727;3
9.657487291;1.555334687;-0.1292124242;8.250452042;9.665480207;0.2098320574;0.03405570984;-0.7875574231;3
9.65958901;1.531406522;-0.1387837082;8.250452042;9.667581926;0.2098320574;0.0426078178;-0.79855299;3
9.661690728;1.478764415;-0.1339980662;8.231309891;9.669683645;0.2049451321;0.05482511222;-0.8071050644;3
