Tempo acelerômetro (s);Acelerômetro X (m/s²);Acelerômetro Y (m/s²);Acelerômetro Z (m/s²);Tempo giroscópio (s);Giroscópio X (rad/s);Giroscópio Y (rad/s);Giroscópio Z (rad/s);gesto
10.22216903;2.024327993;-0.626919508;10.08335495;10.23016247;0.02489273995;0.3767508566;0.5471821427;4
10.2242709;2.033899307;-0.650847733;10.06899738;10.23226429;0.0175623633;0.3645335436;0.5410735011;4
10.22637273;2.033899307;-0.6221339107;10.04506969;10.23436611;0.01023198478;0.3498727977;0.5349648595;4
10.22847455;2.01475668;-0.6077769399;9.997213364;10.23646793;0.004123337101;0.3364337683;0.5288561583;4
10.23057642;1.986042738;-0.5503492355;9.973284721;10.23856976;-0.00565049937;0.3303251266;0.5239692926;4
10.23267825;1.976471543;-0.5312066078;9.987641335;10.24067163;-0.009315688163;0.3254382014;0.5178605914;4
10.23478007;1.966900229;-0.5264210105;10.0019989;10.24277345;-0.0190895237;0.327881664;0.516638875;4
10.23688189;1.962114573;-0.5072783828;10.00678444;10.24487533;-0.02031125315;0.3315468729;0.5141954422;4
10.23898372;1.942971945;-0.4689932466;10.01635551;10.2469771;-0.02519817278;0.3303251266;0.5154171586;4
10.24108559;1.871187329;-0.4450650215;10.0019989;10.24907898;-0.02886336111;0.3303251266;0.5154171586;4
10.24318741;1.808973908;-0.4402793646;10.08335495;10.2511808;-0.03130681813;0.3303251266;0.516638875;4
10.24528929;1.775474429;-0.4115654826;10.12642574;10.25328267;-0.03252854943;0.3364337683;0.5154171586;4
10.24739106;1.722832322;-0.3828516304;10.02592659;10.2553845;-0.03252854943;0.3339903057;0.5154171586;4
10.24949293;1.679761529;-0.3302095234;10.04028416;10.25748632;-0.03130681813;0.3303251266;0.5154171586;4
10.25159476;1.698904037;-0.2632105052;10.13121128;10.25958814;-0.03008509055;0.3303251266;0.516638875;4
10.25369663;1.741974831;-0.2297109663;10.16949654;10.26168996;-0.03008509055;0.3303251266;0.5178605914;4
10.25579845;1.770688772;-0.2249253243;10.15992451;10.26379184;-0.02886336111;0.3303251266;0.5215258002;4
10.25790028;1.722832322;-0.2153540403;10.11685371;10.26589366;-0.02641990222;0.327881664;0.5276344419;4
10.2600021;1.636690736;-0.2057827413;10.1024971;10.26799549;-0.02886336111;0.3291034102;0.5337430835;4
10.26210392;1.55054903;-0.1722832322;10.10728264;10.27009736;-0.02886336111;0.3303251266;0.5398517251;4
10.2642058;1.521835208;-0.1196411327;10.12642574;10.27219918;-0.03130681813;0.3291034102;0.5459604263;4
10.26630762;1.493121386;-0.03349951655;10.09292603;10.27430101;-0.03375028074;0.3291034102;0.5545125008;4
10.26840944;1.473978758;0.0239282269;10.04985523;10.27640283;-0.04108065739;0.327881664;0.5618428588;4
10.27051132;1.469193101;0.09571290761;9.982855797;10.27850465;-0.04718930274;0.3266599476;0.5703949928;4
10.27261314;1.469193101;0.1148554832;9.925428391;10.28060653;-0.05451968312;0.3229947388;0.5765036345;4
10.27471497;1.469193101;0.1339980662;9.901499748;10.28270835;-0.06307178736;0.324216485;0.5826122761;4
10.27681679;1.464407444;0.1244267747;9.915857315;10.28481023;-0.07162389904;0.3229947388;0.5874992013;4
10.27891861;1.45483613;0.1196411327;9.882357597;10.28691205;-0.07651081681;0.3181078434;0.5923861265;4
10.28102049;1.450050473;0.1052841991;9.882357597;10.28901387;-0.08628465235;0.311999172;0.5960513353;4
10.28312231;1.473978758;0.0765703246;9.906285286;10.29111569;-0.09483675659;0.3034470677;0.5984947681;4
10.28522418;1.459621787;0.07178468257;9.934999466;10.29321757;-0.09972367436;0.2912297845;0.600938201;4
10.28732601;1.459621787;0.04785645381;10.01635551;10.29531934;-0.102167137;0.277790755;0.600938201;4
10.28942783;1.45483613;0.01914258115;10.09292603;10.29742122;-0.1082757786;0.2631300092;0.5997164845;4
10.29152965;1.45483613;-0.0143569354;10.19342422;10.29952304;-0.1070540547;0.2448040545;0.5972730517;4
10.29363153;1.435693622;-0.03349951655;10.33220863;10.30162486;-0.1082757786;0.2252563834;0.5948295593;4
10.2957333;1.45483613;-0.08135596663;10.42313576;10.30372674;-0.1046105921;0.2069304436;0.5887209177;4
10.29783517;1.469193101;-0.1292124242;10.53320503;10.30582856;-0.1046105921;0.1898262352;0.5813905597;4
10.299937;1.50269258;-0.1722832322;10.63370419;10.30793038;-0.0972802192;0.1678351015;0.5728384256;4
10.30203882;1.521835208;-0.2201396823;10.73898792;10.3100322;-0.09361502528;0.1519526094;0.5642863512;4
10.30414069;1.560120344;-0.2679961324;10.82512951;10.31213408;-0.08506292105;0.1324049383;0.5545125008;4
10.30624252;1.579262972;-0.3158525825;10.89212894;10.3142359;-0.07773254067;0.111635536;0.5447386503;4
10.30834434;1.593619823;-0.3589234054;10.96391296;10.31633772;-0.07162389904;0.09208786488;0.5325213671;4
10.31044616;1.607976794;-0.3637090325;10.99741268;10.3184396;-0.06673697382;0.07620538026;0.5215258002;4
10.31254804;1.59840548;-0.3924229145;10.99262714;10.32054142;-0.05940660089;0.05787943676;0.5129737258;4
10.31464986;1.59840548;-0.4067798555;10.96391296;10.32264325;-0.05207622424;0.04077522457;0.5007563829;4
10.31675168;1.588834286;-0.4067798555;10.97348499;10.32474507;-0.04596757516;0.02367101051;0.4909825623;4
10.31885356;1.584048629;-0.4019941986;10.9304142;10.32684694;-0.04230238497;0.01145371422;0.4812087417;4
10.32095538;1.579262972;-0.3828516304;10.90648556;10.32894877;-0.03619373962;-0.001985310577;0.4702131748;4
10.3230572;1.588834286;-0.3828516304;10.89691448;10.33105059;-0.03008509055;-0.01298087649;0.459217608;4
10.32515903;1.588834286;-0.3780659735;10.85862923;10.33315247;-0.02397644334;-0.02397644334;0.4506655037;4
10.3272609;1.59840548;-0.3828516304;10.82991505;10.33525429;-0.02031125315;-0.03008509055;0.4408916533;4
10.32936273;1.636690736;-0.3828516304;10.79641533;10.33735611;-0.01664606482;-0.03863719851;0.4311178327;4
10.33146455;1.674975872;-0.3684946895;10.74377346;10.33945799;-0.01053741761;-0.04718930274;0.4189005196;4
10.33356642;1.722832322;-0.3732803464;10.67677498;10.34155981;-0.008093958721;-0.05207622424;0.409126699;4
10.33566825;1.780260086;-0.3637090325;10.61456108;10.34366163;-0.006872228812;-0.05818486959;0.4005745649;4
10.33777007;1.823330879;-0.3349951804;10.55713367;10.34576345;-0.006872228812;-0.06062832847;0.3883572817;4
10.33987194;1.856830359;-0.3014956415;10.49491978;10.34786528;-0.009315688163;-0.06551524997;0.378583461;4
10.34197377;1.875972986;-0.3014956415;10.4279213;10.34996715;-0.01053741761;-0.06307178736;0.370031327;4
10.34407559;1.875972986;-0.2871387303;10.33220863;10.35206898;-0.01542433538;-0.05818486959;0.3590357602;4
10.34617741;1.890329838;-0.2871387303;10.25563812;10.3541708;-0.01664606482;-0.05451968312;0.3504836559;4
10.34827924;1.895115495;-0.2871387303;10.20778179;10.35627267;-0.02031125315;-0.04841103405;0.3394880891;4
10.35038111;1.895115495;-0.2823530734;10.17906761;10.3583745;-0.02275471389;-0.04474584386;0.3284925222;4
10.35248293;1.919043779;-0.2823530734;10.18385315;10.36047632;-0.02397644334;-0.04230238497;0.3187187016;4
10.35458476;1.947757602;-0.2775674164;10.16949654;10.36257814;-0.02275471389;-0.03863719851;0.3077231348;4
10.35668663;1.947757602;-0.2919243574;10.16949654;10.36468002;-0.02275471389;-0.03619373962;0.2967275679;4
10.35878845;1.971685886;-0.2823530734;10.2221384;10.36678184;-0.02031125315;-0.03130681813;0.2869537175;4
10.36089028;1.986042738;-0.2679961324;10.25085258;10.36888366;-0.01786779426;-0.02764163166;0.2784016132;4
10.3629921;1.962114573;-0.2679961324;10.31306553;10.37098554;-0.01420260593;-0.02641990222;0.2674060464;4
10.36509398;1.947757602;-0.2775674164;10.3848505;10.37308736;-0.009315688163;-0.02397644334;0.2588539422;4
10.3671958;1.895115495;-0.3014956415;10.46620655;10.37518918;-0.003207040019;-0.02031125315;0.2503018379;4
10.36929762;1.847259045;-0.2823530734;10.52363396;10.37729101;0.002901607659;-0.0190895237;0.2417497337;4
10.3713995;1.780260086;-0.2871387303;10.58106136;10.37939288;0.009010255337;-0.02031125315;0.2331976295;4
10.37350132;1.713261008;-0.2967100143;10.63848972;10.3814947;0.01634063199;-0.02153298259;0.2246455252;4
10.37560314;1.631905079;-0.3062812984;10.7054882;10.38359653;0.02489273995;-0.02519817278;0.2197586;4
10.37770497;1.560120344;-0.3014956415;10.748559;10.3856984;0.03466657549;-0.02641990222;0.2124282271;4
10.37980684;1.478764415;-0.3062812984;10.78684425;10.38780023;0.04566214234;-0.03130681813;0.2063195854;4
10.38190866;1.402194023;-0.3110669553;10.83948612;10.38990205;0.05787943676;-0.03985892609;0.2002109289;4
10.38401049;1.339980721;-0.2967100143;10.89212894;10.39200387;0.07009673119;-0.04841103405;0.1953240186;4
10.38611236;1.277767301;-0.2823530734;10.89691448;10.39410575;0.07987056673;-0.05818486959;0.1892153621;4
10.38821418;1.249053478;-0.2919243574;10.9112711;10.39620757;0.0859792158;-0.0728456229;0.1831067204;4
10.39031601;1.244267821;-0.2632105052;10.87298584;10.39830939;0.09086613357;-0.08506292105;0.1757763475;4
10.39241783;1.239482164;-0.2488535494;10.82512951;10.40041122;0.09697478265;-0.09605848789;0.1684459597;4
10.3945197;1.253839016;-0.2057827413;10.76291656;10.40251309;0.09697478265;-0.1070540547;0.1611155868;4
10.39662153;1.244267821;-0.1962114573;10.62891865;10.40461491;0.09819651395;-0.1192713454;0.1537852138;4
10.39872335;1.244267821;-0.1818545163;10.53799057;10.40671674;0.09208786488;-0.1229365394;0.146454826;4
10.40082517;1.244267821;-0.1914258152;10.39442158;10.40881856;0.08842267841;-0.1278234571;0.1391244531;4
10.40292705;1.244267821;-0.1674975902;10.2652092;10.41092043;0.08231402934;-0.1339320987;0.1293506175;4
10.40502887;1.239482164;-0.1579262912;10.15513897;10.41302226;0.07620538026;-0.1363755614;0.119576782;4
10.40713069;1.239482164;-0.1339980662;10.02592659;10.41512408;0.06887500733;-0.1400407553;0.1110246703;4
10.40923252;1.239482164;-0.1244267747;9.963713646;10.4172259;0.06398808211;-0.1400407553;0.1024725661;4
10.41133439;1.234696507;-0.07178468257;9.891928673;10.41932778;0.05665770918;-0.1400407553;0.09392046183;4
10.41343622;1.249053478;-0.04785645381;9.834501266;10.4214296;0.05054906011;-0.138819024;0.08414662629;4
10.41553804;1.268195987;-0.01914258115;9.762716293;10.42353142;0.04566214234;-0.1351538301;0.07559451461;4
10.41763986;1.253839016;0.0;9.710074425;10.42563325;0.03955349326;-0.1290451884;0.06704241037;4
10.41974174;1.210768223;-0.009571290575;9.676574707;10.42773512;0.03344484791;-0.1290451884;0.05971203372;4
10.42184356;1.162911773;0.0143569354;9.623932838;10.42983694;0.02977965772;-0.1241582632;0.05238165334;4
10.42394538;1.11984098;0.05264209956;9.623932838;10.43193877;0.02733619884;-0.1168278903;0.04749473557;4
10.4260472;1.071984529;0.07178468257;9.619147301;10.43404059;0.02367101051;-0.1107192412;0.0438295491;4
10.42814908;1.024128079;0.0765703246;9.585647583;10.43614247;0.02244928107;-0.1009454057;0.04016435891;4
10.4302509;0.9714859724;0.09571290761;9.576076508;10.43824429;0.02367101051;-0.09239330143;0.03772090003;4
10.43235273;0.9236295223;0.1244267747;9.604789734;10.44034611;0.02367101051;-0.08139773458;0.04016435891;4
10.43445455;0.8518448472;0.1674975902;9.662218094;10.44244799;0.02977965772;-0.0728456229;0.04138609022;4
10.43655642;0.7465606928;0.1866401732;9.729216576;10.44454981;0.0358883068;-0.06673697382;0.0426078178;4
10.43865825;0.6556333899;0.2249253243;9.810572624;10.44665163;0.04199695215;-0.05696314201;0.0438295491;4
10.44076007;0.5886343718;0.2584248483;9.887143135;10.44875351;0.04688387364;-0.05451968312;0.0438295491;4
10.44286194;0.5216353536;0.2440679073;9.939785004;10.45085533;0.05299251899;-0.05085449293;0.0438295491;4
10.44496377;0.5072783828;0.2632105052;9.973284721;10.45295715;0.06276635826;-0.05451968312;0.0426078178;4
10.44706559;0.4785645306;0.2440679073;10.00678444;10.45505898;0.07009673119;-0.05451968312;0.0426078178;4
10.44916746;0.4594219327;0.2440679073;10.02114105;10.45716085;0.0737619251;-0.05696314201;0.04016435891;4
10.45126929;0.4642075896;0.2392822653;10.00678444;10.45926267;0.07498364896;-0.06062832847;0.03772090003;4
10.45337111;0.4354937077;0.2344966233;10.00678444;10.4613645;0.07620538026;-0.06551524997;0.03527744114;4
10.45547293;0.4307080805;0.2057827413;9.95414257;10.46346632;0.0737619251;-0.07162389904;0.03405570984;4
10.45757481;0.4067798555;0.1914258152;9.906285286;10.46556819;0.0737619251;-0.07651081681;0.03161225095;4
10.45967663;0.3637090325;0.1866401732;9.834501266;10.46767002;0.06765327603;-0.08384118974;0.02916879393;4
10.46177845;0.3349951804;0.1818545163;9.767501831;10.46977184;0.06032289565;-0.09117157012;0.02916879393;4
10.46388028;0.2775674164;0.1818545163;9.729216576;10.47187366;0.0542142503;-0.09972367436;0.02916879393;4
10.46598215;0.2297109663;0.2009970993;9.681360245;10.47397554;0.04688387364;-0.1094975099;0.02916879393;4
10.46808398;0.1579262912;0.2009970993;9.662218094;10.47607736;0.04077522457;-0.1204930767;0.03039052337;4
10.4701858;0.1148554832;0.2344966233;9.614361763;10.47817918;0.02977965772;-0.131488651;0.03161225095;4
10.47228762;0.08135596663;0.2632105052;9.604789734;10.48028106;0.02489273995;-0.1412624866;0.03405570984;4
10.4743895;0.03349951655;0.2919243574;9.585647583;10.48238288;0.01511890348;-0.1534797698;0.03649916872;4
10.47649132;-0.01914258115;0.3206382394;9.590433121;10.4844847;0.009010255337;-0.165697068;0.03649916872;4
10.47859314;-0.05742774159;0.3493520916;9.576076508;10.48658653;0.0016798781;-0.1730274558;0.03894263133;4
10.48069502;-0.08135596663;0.3589234054;9.576076508;10.4886884;-0.009315688163;-0.1828012913;0.0426078178;4
10.48279684;-0.1196411327;0.3589234054;9.547362328;10.49079023;-0.01542433538;-0.1901316643;0.04627300799;4
10.48489866;-0.1483550072;0.3828516304;9.51386261;10.49289205;-0.02275471389;-0.1962403059;0.04993819445;4
10.48700049;-0.1770688742;0.3924229145;9.537791252;10.49499387;-0.02886336111;-0.2035706937;0.05482511222;4
10.48910236;-0.2201396823;0.3972085714;9.51386261;10.49709569;-0.03252854943;-0.2096793354;0.05849030241;4
10.49120418;-0.2440679073;0.3924229145;9.504291534;10.49919757;-0.03863719851;-0.2133445293;0.06337722391;4
10.49330601;-0.2919243574;0.3924229145;9.54257679;10.50129939;-0.04352411628;-0.2218966335;0.06704241037;4
10.49540783;-0.3062812984;0.3924229145;9.552147865;10.50340122;-0.04596757516;-0.2280052751;0.07070759684;4
10.49750965;-0.3014956415;0.3876372576;9.552147865;10.50550309;-0.04963276163;-0.235335663;0.0743727833;4
10.49961153;-0.2679961324;0.3541377485;9.600004196;10.50760491;-0.05329795182;-0.2438877672;0.07803797722;4
10.50171335;-0.2488535494;0.3397808075;9.585647583;10.50970674;-0.0557414107;-0.2536616027;0.07681624591;4
10.50381517;-0.1962114573;0.3110669553;9.623932838;10.51180856;-0.0557414107;-0.2597702444;0.0743727833;4
10.50591705;-0.1674975902;0.2967100143;9.623932838;10.51391043;-0.05818486959;-0.2634354234;0.06948586553;4
10.50801887;-0.08614161611;0.2536391914;9.667003632;10.51601226;-0.05940660089;-0.2609919906;0.06582067907;4
10.51012069;-0.0143569354;0.2392822653;9.686145782;10.51811408;-0.06307178736;-0.2597702444;0.05971203372;4
10.51222252;0.05742774159;0.2105683982;9.619147301;10.5202159;-0.06551524997;-0.258548528;0.05360338464;4
10.51432439;0.1100698411;0.2009970993;9.566504478;10.52231778;-0.06918043643;-0.2536616027;0.04749473557;4
10.51642622;0.1435693651;0.1866401732;9.604789734;10.5244196;-0.07040216774;-0.2463312149;0.04138609022;4
10.51852804;0.1674975902;0.1435693651;9.595218658;10.52652142;-0.06918043643;-0.2414443046;0.03527744114;4
10.52062986;0.1962114573;0.1052841991;9.566504478;10.5286233;-0.07040216774;-0.2377791107;0.03283398226;4
10.52273174;0.2057827413;0.1052841991;9.552147865;10.53072512;-0.06795870513;-0.231670469;0.03039052337;4
10.52483356;0.1866401732;0.1004985496;9.590433121;10.53282694;-0.06551524997;-0.2292270064;0.02916879393;4
10.52693538;0.1483550072;0.1148554832;9.614361763;10.53492877;-0.06429351866;-0.2243400961;0.02672533318;4
10.52903726;0.09571290761;0.1483550072;9.638289452;10.53703064;-0.06185005978;-0.2194531709;0.02794706449;4
10.53113908;0.04307080805;0.1531406492;9.647860527;10.53913246;-0.05818486959;-0.215787977;0.02672533318;4
10.5332409;0.0143569354;0.1531406492;9.643074989;10.54123429;-0.05451968312;-0.2133445293;0.02672533318;4
10.53534273;-0.004785645287;0.1196411327;9.652647018;10.54333616;-0.05329795182;-0.2096793354;0.0242818743;4
10.5374446;0.009571290575;0.1244267747;9.647860527;10.54543799;-0.04596757516;-0.2047924101;0.02061668597;4
10.53954642;0.04785645381;0.1100698411;9.676574707;10.54753981;-0.04230238497;-0.2011272311;0.01939495653;4
10.54164825;0.08135596663;0.0765703246;9.695717812;10.54964163;-0.03619373962;-0.1937968582;0.01450803876;4
10.54375012;0.1148554832;0.03349951655;9.700503349;10.55174351;-0.03008509055;-0.1852447391;0.008399390616;4
10.54585194;0.1244267747;0.009571290575;9.695717812;10.55384533;-0.02886336111;-0.1803578287;0.00351247238;4
10.54795377;0.1292124242;-0.0382851623;9.69093132;10.55594715;-0.02519817278;-0.1766926348;-0.001374445739;4
10.55005559;0.1387837082;-0.05264209956;9.657432556;10.55804903;-0.02275471389;-0.1742491722;-0.008704823442;4
10.55215746;0.1244267747;-0.07178468257;9.614361763;10.5601508;-0.02031125315;-0.1742491722;-0.01237001177;4
10.55425929;0.1292124242;-0.07178468257;9.595218658;10.56225267;-0.0190895237;-0.1718057245;-0.01725693047;4
10.55636111;0.1148554832;-0.08614161611;9.561718941;10.5643545;-0.02153298259;-0.1730274558;-0.0209221188;4
10.55846299;0.09571290761;-0.08135596663;9.533005714;10.56645632;-0.02153298259;-0.1742491722;-0.02458730713;4
10.56056476;0.0765703246;-0.0765703246;9.475577354;10.56855819;-0.02275471389;-0.1779143661;-0.02825249545;4
10.56266663;0.05742774159;-0.06699903309;9.44207859;10.57066002;-0.02764163166;-0.1766926348;-0.03191768378;4
10.56476845;0.04785645381;-0.07178468257;9.389435768;10.57276184;-0.02886336111;-0.1791360974;-0.03436114267;4
10.56687028;0.06221338734;-0.05742774159;9.346364975;10.57486372;-0.03619373962;-0.18157956;-0.03802633286;4
10.56897215;0.07178468257;-0.02871387079;9.260223389;10.57696554;-0.04230238497;-0.1803578287;-0.04046979174;4
10.57107398;0.06221338734;-0.03349951655;9.17886734;10.57906736;-0.05085449293;-0.18157956;-0.04413498193;4
10.5731758;0.0765703246;-0.03349951655;9.154939651;10.58116918;-0.06062832847;-0.1803578287;-0.0478001684;4
10.57527767;0.06699903309;-0.04307080805;9.083154678;10.58327101;-0.06673697382;-0.18157956;-0.05024362728;4
10.5773795;0.05742774159;-0.05264209956;8.997013092;10.58537288;-0.07651081681;-0.1791360974;-0.05268708616;4
10.57948132;0.04785645381;-0.0382851623;8.982656479;10.5874747;-0.08506292105;-0.1705839932;-0.05513054505;4
10.58158314;0.0382851623;-0.01914258115;9.006584167;10.58957653;-0.09483675659;-0.158366695;-0.05513054505;4
10.58368496;0.004785645287;0.009571290575;8.982656479;10.5916784;-0.1033888608;-0.1473711282;-0.05146535859;4
10.58578684;-0.03349951655;0.06221338734;8.963513374;10.59378023;-0.1107192412;-0.138819024;-0.0478001684;4
10.58788866;-0.08135596663;0.1052841991;9.00179863;10.59588205;-0.1168278903;-0.131488651;-0.04169152305;4
10.58999049;-0.1339980662;0.1483550072;9.025727272;10.59798392;-0.1229365394;-0.1241582632;-0.03802633286;4
10.59209236;-0.2057827413;0.1579262912;9.05922699;10.60008575;-0.1241582632;-0.115606159;-0.03191768378;4
10.59419418;-0.2679961324;0.1483550072;9.107083321;10.60218757;-0.1278234571;-0.1131627038;-0.02458730713;4
10.59629601;-0.3349951804;0.1579262912;9.150154114;10.60428939;-0.1253799945;-0.1107192412;-0.01725693047;4
10.59839788;-0.3780659735;0.1483550072;9.231510162;10.60639122;-0.1266017258;-0.1082757786;-0.008704823442;4
10.6004997;-0.4450650215;0.1435693651;9.312865257;10.60849304;-0.1253799945;-0.1070540547;0.002290742937;4
10.60260153;-0.5072783828;0.1435693651;9.41336441;10.61059491;-0.121714808;-0.102167137;0.0108428495;4
10.60470335;-0.5503492355;0.1244267747;9.504291534;10.61269674;-0.1192713454;-0.09972367436;0.01939495653;4
10.60680517;-0.5886343718;0.1339980662;9.566504478;10.61479856;-0.1143844277;-0.09117157012;0.02672533318;4
10.608907;-0.6125625968;0.1339980662;9.652647018;10.61690043;-0.1070540547;-0.08506292105;0.03161225095;4
10.61100887;-0.6077769399;0.1339980662;9.7196455;10.61900226;-0.1046105921;-0.08139773458;0.03649916872;4
10.61311069;-0.5886343718;0.1435693651;9.786644936;10.62110413;-0.0972802192;-0.07528908551;0.03894263133;4
10.61521252;-0.5503492355;0.1292124242;9.834501266;10.62320595;-0.09117157012;-0.07162389904;0.04138609022;4
10.61731439;-0.5264210105;0.1004985496;9.882357597;10.62530778;-0.08384118974;-0.07040216774;0.04016435891;4
10.61941622;-0.5024927258;0.05264209956;9.920642853;10.6274096;-0.07773254067;-0.06673697382;0.04016435891;4
10.62151809;-0.4833501875;0.01914258115;9.992427826;10.62951142;-0.07162389904;-0.06795870513;0.04016435891;4
10.62361991;-0.4594219327;-0.009571290575;10.0019989;10.6316133;-0.06551524997;-0.06918043643;0.04016435891;4
10.62572174;-0.4546363056;-0.05264209956;10.06899738;10.63371512;-0.05940660089;-0.07162389904;0.03772090003;4
10.62782356;-0.4307080805;-0.0765703246;10.08335495;10.63581694;-0.0557414107;-0.07651081681;0.03527744114;4
10.62992538;-0.4354937077;-0.08135596663;10.1024971;10.63791882;-0.04841103405;-0.07773254067;0.03161225095;4
10.63202726;-0.4307080805;-0.1148554832;10.1024971;10.64002064;-0.04230238497;-0.08384118974;0.02672533318;4
10.63412908;-0.3780659735;-0.1435693651;10.13121128;10.64212246;-0.0374154672;-0.08506292105;0.02306014486;4
10.6362309;-0.3589234054;-0.1579262912;10.15992451;10.64422429;-0.03375028074;-0.08261945844;0.01939495653;4
10.63833278;-0.3493520916;-0.1722832322;10.14078236;10.64632611;-0.02886336111;-0.08506292105;0.0157297682;4
10.6404346;-0.3637090325;-0.1770688742;10.14078236;10.64842799;-0.02519817278;-0.08750637621;0.0108428495;4
10.64253642;-0.3589234054;-0.1627119333;10.09771156;10.65052981;-0.02153298259;-0.09239330143;0.008399390616;4
10.64463825;-0.3780659735;-0.1866401732;10.1024971;10.65263163;-0.01786779426;-0.09972367436;0.007177661173;4
10.64674007;-0.3876372576;-0.1579262912;10.08814049;10.65473351;-0.01298087649;-0.102167137;0.005955931731;4
10.64884194;-0.4115654826;-0.1483550072;10.10728264;10.65683533;-0.01053741761;-0.1070540547;0.004734201822;4
10.65094377;-0.4402793646;-0.1483550072;10.08335495;10.65893715;-0.008093958721;-0.1119409725;0.00351247238;4
10.65304559;-0.4785645306;-0.1148554832;10.04985523;10.66103898;-0.004428769462;-0.121714808;0.002290742937;4
10.65514746;-0.4689932466;-0.09571290761;10.01635551;10.66314085;-0.0007635809598;-0.1266017258;-0.001374445739;4
10.65724929;-0.4259224236;-0.08614161611;10.01635551;10.66524267;-0.0007635809598;-0.1339320987;-0.003817904973;4
10.65935111;-0.3780659735;-0.1052841991;9.958928108;10.6673445;-0.0007635809598;-0.1363755614;-0.006261364091;4
10.66145293;-0.3541377485;-0.1004985496;9.872786522;10.66944632;-0.004428769462;-0.138819024;-0.009926552884;4
10.66355481;-0.3397808075;-0.1052841991;9.777072906;10.67154819;-0.004428769462;-0.138819024;-0.01114828233;4
10.66565663;-0.3349951804;-0.08614161611;9.700503349;10.67365002;-0.008093958721;-0.1375972927;-0.01359174121;4
10.66775845;-0.3302095234;-0.05742774159;9.657432556;10.67575184;-0.01175914705;-0.1351538301;-0.01603520103;4
10.66986028;-0.3302095234;-0.0239282269;9.609575272;10.67785372;-0.01664606482;-0.1327103674;-0.01847865991;4
10.67196215;-0.3062812984;-0.0143569354;9.580862045;10.67995554;-0.02153298259;-0.1327103674;-0.0209221188;4
10.67406398;-0.2967100143;-0.009571290575;9.475577354;10.68205741;-0.02764163166;-0.1290451884;-0.02214384824;4
10.6761658;-0.3014956415;-0.0143569354;9.44207859;10.68415918;-0.03252854943;-0.1290451884;-0.02336557768;4
10.67826767;-0.3062812984;-0.0382851623;9.370293617;10.68626106;-0.0374154672;-0.1302669197;-0.02214384824;4
10.6803695;-0.3397808075;-0.03349951655;9.3367939;10.68836288;-0.04230238497;-0.1327103674;-0.02214384824;4
10.68247137;-0.3732803464;-0.03349951655;9.312865257;10.6904647;-0.04474584386;-0.1375972927;-0.01970038936;4
10.68457314;-0.3924229145;-0.009571290575;9.279366493;10.69256658;-0.04718930274;-0.138819024;-0.01970038936;4
10.68667502;-0.3972085714;-0.01914258115;9.303294182;10.6946684;-0.05207622424;-0.1375972927;-0.02214384824;4
10.68877684;-0.3972085714;-0.004785645287;9.3367939;10.69677022;-0.05818486959;-0.1302669197;-0.0209221188;4
10.69087866;-0.4019941986;0.0239282269;9.351150513;10.69887205;-0.06185005978;-0.1241582632;-0.01970038936;4
10.69298054;-0.3972085714;0.0382851623;9.312865257;10.70097392;-0.06918043643;-0.121714808;-0.01847865991;4
10.69508236;-0.3876372576;0.08135596663;9.221938133;10.70307575;-0.0728456229;-0.1180496216;-0.01603520103;4
10.69718418;-0.3732803464;0.1052841991;9.193224907;10.70517757;-0.0740673542;-0.1131627038;-0.01114828233;4
10.69928601;-0.3924229145;0.1387837082;9.159725189;10.70727939;-0.08017600328;-0.1070540547;-0.007483093534;4
10.70138788;-0.3972085714;0.1483550072;9.145368576;10.70938127;-0.08261945844;-0.09972367436;-0.002596175298;4
10.7034897;-0.4067798555;0.1483550072;9.17886734;10.71148309;-0.08506292105;-0.09117157012;-0.0001527161949;4
10.70559153;-0.4259224236;0.1435693651;9.140582085;10.71358491;-0.08750637621;-0.08261945844;0.005955931731;4
10.70769335;-0.4307080805;0.1148554832;9.169296265;10.71568679;-0.08628465235;-0.07651081681;0.0108428495;4
10.70979522;-0.4450650215;0.1100698411;9.193224907;10.71778861;-0.08628465235;-0.07528908551;0.01695149764;4
10.71189705;-0.4642075896;0.1100698411;9.231510162;10.71989043;-0.08750637621;-0.07040216774;0.02061668597;4
10.71399887;-0.4833501875;0.1244267747;9.255437851;10.72199226;-0.09239330143;-0.06429351866;0.02550360374;4
10.71610075;-0.4881358147;0.1196411327;9.288937569;10.72409408;-0.09239330143;-0.06185005978;0.03039052337;4
10.71820257;-0.4642075896;0.09092725813;9.265008926;10.72619595;-0.09483675659;-0.05940660089;0.03405570984;4
10.72030439;-0.4307080805;0.07178468257;9.231510162;10.72829778;-0.0972802192;-0.05696314201;0.03772090003;4
10.72240622;-0.3972085714;0.06699903309;9.241081238;10.7303996;-0.09850194305;-0.05329795182;0.04016435891;4
10.72450804;-0.3780659735;0.05264209956;9.293723106;10.73250148;-0.09972367436;-0.05085449293;0.0426078178;4
10.72660991;-0.3684946895;0.04307080805;9.341579437;10.7346033;-0.1033888608;-0.04596757516;0.04627300799;4
10.72871174;-0.3732803464;0.05742774159;9.341579437;10.73670512;-0.1033888608;-0.04230238497;0.04993819445;4
10.73081356;-0.3541377485;0.05264209956;9.341579437;10.73880694;-0.1094975099;-0.04108065739;0.05360338464;4
10.73291543;-0.3349951804;0.06699903309;9.30807972;10.74090877;-0.1131627038;-0.0374154672;0.05604684353;4
10.73501726;-0.3014956415;0.05742774159;9.312865257;10.74301064;-0.1168278903;-0.03863719851;0.05849030241;4
10.73711908;-0.2727817893;0.04307080805;9.312865257;10.74511246;-0.1204930767;-0.0374154672;0.05971203372;4
10.7392209;-0.2584248483;0.0382851623;9.341579437;10.74721429;-0.1229365394;-0.03130681813;0.0609337613;4
10.74132272;-0.2153540403;0.009571290575;9.394221306;10.74931616;-0.1266017258;-0.02519817278;0.06337722391;4
10.7434246;-0.1674975902;-0.004785645287;9.461220741;10.75141799;-0.1302669197;-0.0190895237;0.06459894776;4
10.74552642;-0.1148554832;0.0;9.475577354;10.75351981;-0.131488651;-0.01542433538;0.06704241037;4
10.74762825;-0.06699903309;0.0;9.51386261;10.75562163;-0.1339320987;-0.01786779426;0.06826414168;4
10.74973012;-0.01914258115;0.01914258115;9.533005714;10.75772351;-0.1375972927;-0.0190895237;0.06948586553;4
10.75183194;0.0143569354;0.01914258115;9.604789734;10.75982533;-0.1400407553;-0.02641990222;0.07070759684;4
10.75393377;0.05742774159;0.004785645287;9.628718376;10.76192715;-0.142484203;-0.03008509055;0.06948586553;4
10.75603559;0.08135596663;-0.0382851623;9.662218094;10.76402903;-0.1437059343;-0.03130681813;0.06704241037;4
10.75813746;0.1052841991;-0.08614161611;9.729216576;10.76613085;-0.1461493969;-0.03375028074;0.0621554926;4
10.76023929;0.1339980662;-0.1292124242;9.791430473;10.76823267;-0.1461493969;-0.04596757516;0.05971203372;4
10.76234111;0.1962114573;-0.1531406492;9.844072342;10.77033455;-0.1437059343;-0.05207622424;0.05604684353;4
10.76444299;0.2488535494;-0.1770688742;9.934999466;10.77243637;-0.1461493969;-0.05818486959;0.05238165334;4
10.76654481;0.2919243574;-0.2105683982;10.05464077;10.77453819;-0.142484203;-0.06429351866;0.04749473557;4
10.76864663;0.3254238665;-0.2440679073;10.12642574;10.77664002;-0.1412624866;-0.06918043643;0.0426078178;4
10.77074851;0.3589234054;-0.2823530734;10.16949654;10.77874184;-0.1363755614;-0.07528908551;0.03649916872;4
10.77285033;0.3828516304;-0.3062812984;10.23170948;10.78084372;-0.1351538301;-0.08017600328;0.03161225095;4
10.77495215;0.4307080805;-0.3062812984;10.2652092;10.78294554;-0.131488651;-0.08506292105;0.02916879393;4
10.77705398;0.4546363056;-0.3254238665;10.3226366;10.78504736;-0.1266017258;-0.08872810751;0.02550360374;4
10.7791558;0.4929214716;-0.3254238665;10.3848505;10.78714924;-0.121714808;-0.09117157012;0.02306014486;4
10.78125767;0.5312066078;-0.3302095234;10.44227791;10.78925106;-0.1192713454;-0.09239330143;0.02061668597;4
10.7833595;0.4929214716;-0.3445664644;10.46620655;10.79135288;-0.1119409725;-0.0972802192;0.02061668597;4
10.78546132;0.5072783828;-0.3206382394;10.4853487;10.7934547;-0.1082757786;-0.102167137;0.02183841541;4
10.78756319;0.5120640397;-0.3014956415;10.49491978;10.79555658;-0.102167137;-0.1058323234;0.02183841541;4
10.78966502;0.5407779217;-0.2775674164;10.52363396;10.7976584;-0.0972802192;-0.1094975099;0.02306014486;4
10.79176684;0.5742774606;-0.2584248483;10.51884842;10.79976022;-0.09361502528;-0.1143844277;0.02306014486;4
10.79386866;0.6460621357;-0.2249253243;10.5475626;10.80186205;-0.08750637621;-0.1204930767;0.02306014486;4
10.79597054;0.7130611539;-0.2105683982;10.55234814;10.80396392;-0.08506292105;-0.121714808;0.02306014486;4
10.79807236;0.7657032609;-0.2057827413;10.58106136;10.80606575;-0.08139773458;-0.1253799945;0.02306014486;4
10.80017418;0.8327022791;-0.1962114573;10.59063339;10.80816757;-0.07895427197;-0.1327103674;0.02061668597;4
10.80227601;0.8949156404;-0.1914258152;10.56670475;10.81026939;-0.07651081681;-0.1363755614;0.01939495653;4
10.80437788;0.9571290612;-0.2009970993;10.53799057;10.81237127;-0.07651081681;-0.142484203;0.0157297682;4
10.8064797;1.024128079;-0.2249253243;10.50927734;10.81447309;-0.07651081681;-0.1461493969;0.0157297682;4
10.80858153;1.105484009;-0.2105683982;10.4853487;10.81657491;-0.08017600328;-0.1510363221;0.01206457894;4
10.81068335;1.13419795;-0.2153540403;10.44706345;10.81867674;-0.07895427197;-0.1559232324;0.0108428495;4
10.81278522;1.201196909;-0.2057827413;10.41356373;10.82077861;-0.08139773458;-0.158366695;0.0108428495;4
10.81488705;1.258624673;-0.2105683982;10.40399265;10.82288043;-0.08139773458;-0.162031889;0.008399390616;4
10.81698887;1.320838094;-0.2153540403;10.39920712;10.82498226;-0.08628465235;-0.1693622619;0.005955931731;4
10.81909069;1.402194023;-0.2105683982;10.38963604;10.82708408;-0.08872810751;-0.1754709035;0.004734201822;4
10.82119257;1.469193101;-0.1866401732;10.3848505;10.82918595;-0.08872810751;-0.1864664704;0.00351247238;4
10.82329439;1.55054903;-0.1770688742;10.3848505;10.83128778;-0.09117157012;-0.1937968582;0.001069013379;4
10.82539622;1.627119422;-0.1818545163;10.40399265;10.8333896;-0.09117157012;-0.2011272311;-0.002596175298;4
10.82749804;1.713261008;-0.1579262912;10.40399265;10.83549148;-0.09361502528;-0.2084576041;-0.006261364091;4
10.82959991;1.765903115;-0.1627119333;10.41356373;10.8375933;-0.09117157012;-0.2170097083;-0.01114828233;4
10.83170174;1.852044702;-0.1483550072;10.40399265;10.83969512;-0.08994983882;-0.2218966335;-0.01603520103;4
10.83380356;1.957328916;-0.1435693651;10.39442158;10.841797;-0.09239330143;-0.2267835438;-0.02214384824;4
10.83590543;2.06261301;-0.1483550072;10.35613632;10.84389882;-0.09117157012;-0.2328922004;-0.02825249545;4
10.83800726;2.115255117;-0.1435693651;10.36092186;10.84600064;-0.09239330143;-0.235335663;-0.03313941509;4
10.84010908;2.177468538;-0.1435693651;10.37527943;10.84810246;-0.09117157012;-0.2341139317;-0.04046979174;4
10.84221095;2.225325108;-0.1148554832;10.34656525;10.85020429;-0.08994983882;-0.2304487377;-0.0478001684;4
10.84431278;2.277967215;-0.09571290761;10.31785107;10.85230616;-0.08872810751;-0.2267835438;-0.05268708616;4
10.8464146;2.335394859;-0.07178468257;10.29870892;10.85440799;-0.08506292105;-0.2231183648;-0.05635227636;4
10.84851642;2.392822742;-0.03349951655;10.29870892;10.85650981;-0.08750637621;-0.2206749022;-0.05879573524;4
10.85061825;2.421536446;-0.004785645287;10.33220863;10.85861163;-0.08261945844;-0.2182314396;-0.06246092543;4
10.85272012;2.464607239;0.01914258115;10.38006496;10.86071345;-0.07773254067;-0.2182314396;-0.06368265301;4
10.85482194;2.478964329;0.0239282269;10.41356373;10.86281533;-0.07528908551;-0.2194531709;-0.06612611562;4
10.85692377;2.488535643;0.0143569354;10.44706345;10.86491715;-0.07040216774;-0.2231183648;-0.06734783947;4
10.85902559;2.507678032;0.009571290575;10.4853487;10.86701898;-0.06918043643;-0.2255618125;-0.07345648855;4
10.86112741;2.536391973;-0.0143569354;10.49013424;10.86912085;-0.06429351866;-0.231670469;-0.07712167501;4
10.86322929;2.569891453;-0.04785645381;10.47099209;10.87122267;-0.05818486959;-0.235335663;-0.08200860023;4
10.86533111;2.62253356;-0.08614161611;10.4853487;10.87332455;-0.05451968312;-0.239000842;-0.08933897316;4
10.86743293;2.723032236;-0.1292124242;10.47099209;10.87542637;-0.05085449293;-0.2438877672;-0.09544762224;4
10.86953481;2.780459881;-0.1674975902;10.49491978;10.87752819;-0.04841103405;-0.2463312149;-0.1027780026;4
10.87163663;2.847458839;-0.1914258152;10.50449181;10.87963002;-0.04596757516;-0.2499964088;-0.1113301069;4
10.87373851;2.890529871;-0.2105683982;10.44706345;10.88173184;-0.04596757516;-0.2487746775;-0.1186604798;4
10.87584033;2.962314367;-0.2297109663;10.41356373;10.88383372;-0.04352411628;-0.2487746775;-0.127212584;4
10.87794215;3.010170937;-0.2679961324;10.3657074;10.88593554;-0.04230238497;-0.2487746775;-0.1394298822;4
10.88004398;3.062813044;-0.2775674164;10.36092186;10.88803736;-0.03985892609;-0.2524398565;-0.150425449;4
10.8821458;3.163311481;-0.2871387303;10.33220863;10.89013918;-0.03985892609;-0.2548833191;-0.1638644785;4
10.88424767;3.235096216;-0.2967100143;10.32742214;10.89224106;-0.04108065739;-0.2548833191;-0.1760817766;4
10.8863495;3.306880951;-0.3302095234;10.3226366;10.89434288;-0.03985892609;-0.2524398565;-0.1895207912;4
10.88845132;3.364308596;-0.3493520916;10.31306553;10.8964447;-0.03863719851;-0.2524398565;-0.2017380893;4
10.89055314;3.407379389;-0.3589234054;10.26042366;10.89854653;-0.03863719851;-0.2512181401;-0.2139553875;4
10.89265502;3.445664644;-0.3876372576;10.28435135;10.9006484;-0.03863719851;-0.2524398565;-0.2249509543;4
10.89475684;3.479164124;-0.4067798555;10.28435135;10.90275022;-0.0374154672;-0.2524398565;-0.2359465212;4
10.89685866;3.474378586;-0.4259224236;10.3226366;10.9048521;-0.03375028074;-0.2561050653;-0.246942088;4
10.89896049;3.46959281;-0.4354937077;10.33699417;10.90695387;-0.03252854943;-0.258548528;-0.25793764;4
10.90106236;3.455235958;-0.4546363056;10.37527943;10.90905575;-0.03008509055;-0.2634354234;-0.266489774;4
10.90316418;3.460021496;-0.4354937077;10.39920712;10.91115757;-0.02764163166;-0.2634354234;-0.2774853408;4
10.90526606;3.450450182;-0.4594219327;10.44227791;10.91325939;-0.02641990222;-0.2671006322;-0.2872591615;4
10.90736783;3.483949661;-0.4402793646;10.44706345;10.91536122;-0.0190895237;-0.2683223486;-0.2994764447;4
10.9094697;3.541377544;-0.4498506486;10.44227791;10.91746309;-0.02031125315;-0.2707658112;-0.3092502952;4
10.91157153;3.555734396;-0.4546363056;10.46620655;10.91956491;-0.01420260593;-0.2707658112;-0.3226893246;4
10.91367335;3.594019651;-0.4881358147;10.46142101;10.92166679;-0.01175914705;-0.2695440948;-0.3349066079;4
10.91577517;3.651447296;-0.5264210105;10.47099209;10.92376856;-0.009315688163;-0.2683223486;-0.3483456373;4
10.91787705;3.704089403;-0.5216353536;10.47577763;10.92587043;-0.00565049937;-0.2683223486;-0.3605629504;4
10.91997887;3.751945972;-0.5455635786;10.45184898;10.92797226;-0.004428769462;-0.2671006322;-0.3727802336;4
10.92208075;3.795016766;-0.5838487148;10.46142101;10.93007413;-0.003207040019;-0.265878886;-0.3862192631;4
10.92418252;3.814159393;-0.6077769399;10.44706345;10.93217595;0.0004581485991;-0.265878886;-0.4021017551;4
10.92628439;3.857230186;-0.6221339107;10.45184898;10.93427778;0.0016798781;-0.262213707;-0.4155407548;4
10.92838622;3.895515203;-0.650847733;10.4279213;10.93637965;0.0016798781;-0.2609919906;-0.4314232469;4
10.93048809;3.938585997;-0.6699903607;10.41835022;10.93848148;0.002901607659;-0.258548528;-0.4448622763;4
10.93258991;3.98165679;-0.6604190469;10.38963604;10.9405833;0.004123337101;-0.2573267817;-0.4607447684;4
10.93469174;3.991228104;-0.6843472719;10.39442158;10.94268512;0.004123337101;-0.2597702444;-0.4766272306;4
10.93679361;4.010370731;-0.6891329288;10.42313576;10.94478694;0.002901607659;-0.2597702444;-0.4912880063;4
10.93889543;4.010370731;-0.70348984;10.41835022;10.94688882;0.004123337101;-0.2646571696;-0.5071704984;4
10.94099726;4.029513359;-0.7130611539;10.46142101;10.94899064;0.006566796452;-0.2671006322;-0.5230529904;4
10.94309908;4.000799656;-0.7226324677;10.47099209;10.95109246;0.005345067009;-0.2695440948;-0.5401571989;4
10.9452009;3.967299938;-0.732203722;10.50449181;10.95319429;0.004123337101;-0.2768744528;-0.5584831238;4
10.94730278;3.94815731;-0.7417750359;10.52363396;10.95529616;0.006566796452;-0.2854265571;-0.5780308247;4
10.9494046;3.943371773;-0.7417750359;10.51406288;10.95739799;0.002901607659;-0.2903134823;-0.5951350331;4
10.95150642;3.94815731;-0.7178468108;10.51884842;10.95949981;0.0016798781;-0.2927569449;-0.6159043908;4
10.95360825;3.967299938;-0.6987041831;10.45663452;10.96160163;0.0016798781;-0.2988655865;-0.6317868829;4
10.95571012;3.943371773;-0.6987041831;10.43270683;10.96370351;0.0016798781;-0.3074176908;-0.6476693749;4
10.95781194;3.88594389;-0.7178468108;10.44227791;10.96580533;0.005345067009;-0.3135263622;-0.6647735834;4
10.95991377;3.790230989;-0.732203722;10.50449181;10.96790715;0.006566796452;-0.3184132576;-0.6794343591;4
10.96201559;3.689732552;-0.7417750359;10.57149029;10.97000903;0.01023198478;-0.3233001828;-0.6965385675;4
10.96411747;3.589233875;-0.7369893789;10.58106136;10.97211085;0.01634063199;-0.328187108;-0.7099775672;4
10.96621929;3.522234917;-0.7130611539;10.60977554;10.97421267;0.02000582218;-0.3355174661;-0.7246383429;4
10.96832111;3.46959281;-0.6843472719;10.63848972;10.9763145;0.02733619884;-0.3416261375;-0.7368556261;4
10.97042299;3.388236761;-0.6556333899;10.67677498;10.97841637;0.03466657549;-0.3440696001;-0.7454077601;4
10.97252481;3.273381472;-0.6317051649;10.71027374;10.98051819;0.04566214234;-0.3489564955;-0.7515164018;4
10.97462663;3.139383316;-0.5982056856;10.74377346;10.98262002;0.0542142503;-0.3538434207;-0.7576250434;4
10.97672845;3.01974225;-0.5694918036;10.77248764;10.98472184;0.06398808211;-0.3562868834;-0.763733685;4
10.97883033;2.904886723;-0.5407779217;10.80120182;10.98682366;0.07498364896;-0.358730346;-0.7686206102;4
10.98093215;2.794816732;-0.5264210105;10.78205872;10.98892554;0.08231402934;-0.3562868834;-0.7722858191;4
10.98303398;2.727817774;-0.4977070987;10.77248764;10.99102736;0.09330959618;-0.355065167;-0.7759509683;4
10.9851358;2.646461725;-0.4450650215;10.76291656;10.99312924;0.1030834317;-0.3526217043;-0.7832813859;4
10.98723762;2.593819857;-0.4402793646;10.73420238;10.99523106;0.1104138121;-0.3465130329;-0.7869465351;4
10.9893395;2.579462767;-0.4163511395;10.68156052;10.99733288;0.1153007299;-0.3416261375;-0.7906117439;4
10.99144132;2.565105915;-0.3732803464;10.59541893;10.9994347;0.1201876476;-0.3342957497;-0.7930551767;4
10.99354319;2.54117775;-0.3349951804;10.49013424;11.00153658;0.1250745654;-0.3233001828;-0.7942769527;4
10.99564502;2.455035925;-0.3110669553;10.38006496;11.0036384;0.127518028;-0.3110828996;-0.7954986691;4
10.99774684;2.349751949;-0.2967100143;10.34177971;11.00574022;0.131183207;-0.3000873327;-0.7967203856;4
10.99984866;2.263610125;-0.2775674164;10.27956581;11.00784205;0.134848401;-0.2890917659;-0.7967203856;4
11.00195054;2.220539331;-0.2392822653;10.21735287;11.00994387;0.134848401;-0.2842048407;-0.7942769527;4
11.00405236;2.172683001;-0.2105683982;10.15035343;11.01204575;0.131183207;-0.2756527364;-0.7930551767;4
11.00615418;2.124826431;-0.1770688742;10.07856941;11.01414757;0.127518028;-0.2683223486;-0.7893900275;4
11.00825601;2.067398787;-0.1387837082;10.0019989;11.01624939;0.1250745654;-0.2561050653;-0.7832813859;4
11.01035783;1.962114573;-0.1004985496;9.844072342;11.01835127;0.1214093715;-0.2475529462;-0.7759509683;4
11.0124597;1.823330879;-0.05742774159;9.738788605;11.02045309;0.1189659163;-0.2402225733;-0.7686206102;4
11.01456153;1.737189293;-0.0143569354;9.695717812;11.02255491;0.1165224537;-0.2341139317;-0.7612902522;4
11.01666335;1.641476393;0.004785645287;9.724431038;11.02465679;0.1153007299;-0.2292270064;-0.7515164018;4
11.01876523;1.579262972;0.03349951655;9.762716293;11.02675861;0.1140789986;-0.2255618125;-0.7429642677;4
11.02086705;1.521835208;0.06221338734;9.824930191;11.02886043;0.1104138121;-0.2280052751;-0.7331904769;4
11.02296887;1.483550072;0.06699903309;9.853643417;11.03096226;0.1055268943;-0.2328922004;-0.7234166265;4
11.02507075;1.397408366;0.09092725813;9.829715729;11.03306408;0.1030834317;-0.2426660359;-0.7111993432;4
11.02717257;1.373480201;0.1292124242;9.801001549;11.03516595;0.09697478265;-0.2512181401;-0.7014254928;4
11.02927439;1.31126678;0.1674975902;9.743574142;11.03726778;0.08964440972;-0.2646571696;-0.6892082095;4
11.03137622;1.229910851;0.1674975902;9.729216576;11.03936965;0.07987056673;-0.2805396616;-0.6769908667;4
11.03347804;1.13419795;0.1866401732;9.714859962;11.04147148;0.07009673119;-0.3013090491;-0.6659952998;4
11.03557991;1.048056364;0.1866401732;9.676574707;11.0435733;0.05910116807;-0.3257436454;-0.6598866582;4
11.03768174;1.000199914;0.1818545163;9.662218094;11.04567512;0.04566214234;-0.3465130329;-0.6537780166;4
11.03978361;0.9906286001;0.1818545163;9.633503914;11.047777;0.03222311661;-0.374612838;-0.6476693749;4
11.04188543;1.043270707;0.1962114573;9.595218658;11.04987882;0.01511890348;-0.4014908671;-0.6440041661;4
11.04398726;1.095912814;0.1914258152;9.552147865;11.05198064;-0.003207040019;-0.4295906425;-0.6391173005;4
11.04608908;1.143769264;0.1722832322;9.566504478;11.05408246;-0.02397644334;-0.4564687014;-0.6366738081;4
11.04819095;1.177268744;0.1387837082;9.470791817;11.05618429;-0.04352411628;-0.4809032977;-0.6317868829;4
11.05029278;1.158126116;0.09571290761;9.3367939;11.05828611;-0.06795870513;-0.505337894;-0.6305651665;4
11.0523946;1.13419795;0.06699903309;9.221938133;11.06038799;-0.08750637621;-0.5261073112;-0.6293434501;4
11.05449642;1.11984098;0.01914258115;9.20758152;11.06248981;-0.1082757786;-0.5432115197;-0.6317868829;4
11.05659825;1.129412293;-0.004785645287;9.188439369;11.06459163;-0.1253799945;-0.5578722358;-0.6366738081;4
11.05870007;1.196411371;-0.03349951655;9.188439369;11.06669351;-0.142484203;-0.5725330114;-0.6415607333;4
11.06080194;1.229910851;-0.06221338734;9.260223389;11.06879533;-0.1571449637;-0.5810851455;-0.6488910913;4
11.06290377;1.339980721;-0.06699903309;9.288937569;11.07089715;-0.1730274558;-0.5908589363;-0.654999733;4
11.06500559;1.430907965;-0.08135596663;9.317651749;11.07299898;-0.18157956;-0.5994110703;-0.6623301506;4
11.06710747;1.517049551;-0.09092725813;9.312865257;11.07510085;-0.1937968582;-0.6067414284;-0.6684387922;4
11.06920929;1.564906001;-0.09092725813;9.370293617;11.07720267;-0.2035706937;-0.6091849208;-0.6757691503;4
11.07131111;1.607976794;-0.1148554832;9.408578873;11.0793045;-0.212122798;-0.6030762792;-0.6830995679;4
11.07341293;1.64626193;-0.1435693651;9.461220741;11.08140637;-0.2182314396;-0.5908589363;-0.6892082095;4
11.07551481;1.670190215;-0.1722832322;9.466006279;11.08350819;-0.2182314396;-0.5798633695;-0.6965385675;4
11.07761663;1.694118381;-0.2009970993;9.456435204;11.08561002;-0.2170097083;-0.5652026534;-0.7026472092;4
11.07971845;1.698904037;-0.2584248483;9.466006279;11.08771184;-0.2145662606;-0.5480984449;-0.7111993432;4
11.08182033;1.713261008;-0.3349951804;9.57129097;11.08981372;-0.2096793354;-0.5285507441;-0.72219491;4
11.08392215;1.751546144;-0.4067798555;9.667003632;11.09191554;-0.2011272311;-0.5077813268;-0.7331904769;4
11.08602398;1.823330879;-0.4785645306;9.781859398;11.09401736;-0.1937968582;-0.4809032977;-0.7454077601;4
11.0881258;1.880758643;-0.5312066078;9.801001549;11.09611924;-0.1852447391;-0.4515817761;-0.7551816106;4
11.09022767;1.895115495;-0.5742774606;9.74835968;11.09822106;-0.1754709035;-0.4222602844;-0.7649554014;4
11.0923295;1.895115495;-0.6029912829;9.710074425;11.10032288;-0.1669187993;-0.3941605091;-0.7722858191;4
11.09443132;1.895115495;-0.6077769399;9.657432556;11.1024247;-0.1547015011;-0.3648389876;-0.7783944607;4
11.09653319;1.856830359;-0.5886343718;9.638289452;11.10452653;-0.1412624866;-0.3379609287;-0.7857248187;4
11.09863502;1.828116536;-0.6125625968;9.705288887;11.10662835;-0.1278234571;-0.3025307953;-0.7942769527;4
11.10073684;1.823330879;-0.626919508;9.724431038;11.10873022;-0.115606159;-0.2683223486;-0.8016073108;4
11.10283866;1.808973908;-0.6604190469;9.757930756;11.11083205;-0.102167137;-0.2328922004;-0.806494236;4
11.10494049;1.804188251;-0.6939185858;9.734002113;11.11293387;-0.08872810751;-0.2011272311;-0.8113811612;4
11.10704231;1.775474429;-0.70348984;9.705288887;11.11503575;-0.07528908551;-0.1754709035;-0.8150463104;4
11.10914418;1.727617979;-0.7417750359;9.671789169;11.11713757;-0.06307178736;-0.1595884264;-0.8174898028;4
11.11124601;1.655833244;-0.7800601721;9.681360245;11.11923939;-0.04963276163;-0.1339320987;-0.8187115192;4
11.11334783;1.569691658;-0.8087740541;9.69093132;11.12134127;-0.03619373962;-0.1204930767;-0.8174898028;4
11.1154497;1.483550072;-0.837487936;9.686145782;11.12344309;-0.02641990222;-0.1107192412;-0.8162680864;4
11.11755153;1.435693622;-0.837487936;9.643074989;11.12554491;-0.01542433538;-0.1009454057;-0.8162680864;4
11.11965335;1.368694544;-0.813559711;9.643074989;11.12764679;-0.009315688163;-0.09239330143;-0.8150463104;4
11.12175523;1.306481123;-0.7944171429;9.628718376;11.12974861;-0.004428769462;-0.08384118974;-0.8150463104;4
11.12385705;1.244267821;-0.7657032609;9.604789734;11.13185043;-0.0007635809598;-0.07651081681;-0.8162680864;4
11.12595887;1.1820544;-0.7800601721;9.537791252;11.13395226;0.002901607659;-0.07528908551;-0.813824594;4
11.12806075;1.076770186;-0.813559711;9.528220177;11.13605408;0.006566796452;-0.07895427197;-0.8174898028;4
11.13016257;1.004985452;-0.837487936;9.537791252;11.13815595;0.005345067009;-0.08261945844;-0.8174898028;4
11.13226439;0.94277215;-0.8231309652;9.580862045;11.14025778;0.006566796452;-0.08750637621;-0.821154952;4
11.13436622;0.9092726111;-0.837487936;9.57129097;11.1423596;0.006566796452;-0.09117157012;-0.8260418773;4
11.13646804;0.9092726111;-0.8614161611;9.552147865;11.14446148;0.002901607659;-0.1009454057;-0.8333722949;4
11.13856991;0.8949156404;-0.9140582681;9.494720459;11.1465633;0.0004581485991;-0.1107192412;-0.8394809365;4
11.14067174;0.8805587292;-0.9284151793;9.427721024;11.14866512;-0.003207040019;-0.121714808;-0.8468112946;4
11.14277356;0.837487936;-0.9714859724;9.389435768;11.15076694;-0.009315688163;-0.131488651;-0.8529199362;4
11.14487543;0.8087740541;-1.019342422;9.399007797;11.15286882;-0.01542433538;-0.1400407553;-0.8578068614;4
11.14697726;0.7513462901;-1.019342422;9.36550808;11.15497064;-0.02397644334;-0.1473711282;-0.863915503;4
11.14907908;0.6747759581;-1.033699393;9.332008362;11.15707246;-0.03252854943;-0.1534797698;-0.8724676371;4
11.1511809;0.6077769399;-1.03848505;9.293723106;11.15917434;-0.03497200832;-0.1559232324;-0.8797979951;4
11.15328278;0.5359922647;-1.028913736;9.260223389;11.16127616;-0.04230238497;-0.1595884264;-0.8859066367;4
11.1553846;0.4929214716;-1.014556766;9.241081238;11.16337799;-0.05085449293;-0.1595884264;-0.8932369947;4
11.15748642;0.4498506486;-1.000199914;9.269794464;11.16547986;-0.05329795182;-0.162031889;-0.9017891288;4
11.1595883;0.3972085714;-0.9954141974;9.288937569;11.16758168;-0.0557414107;-0.1608101577;-0.9078977704;4
11.16169012;0.3541377485;-0.9906286001;9.298508644;11.16968351;-0.0557414107;-0.158366695;-0.9152281284;4
11.16379194;0.2823530734;-1.000199914;9.341579437;11.17178533;-0.05451968312;-0.1510363221;-0.9213368297;4
11.16589382;0.1962114573;-1.009771109;9.360722542;11.1738872;-0.04963276163;-0.1449276656;-0.9250019789;4
11.16799564;0.07178468257;-1.009771109;9.370293617;11.17598903;-0.04474584386;-0.1339320987;-0.9286671877;4
11.17009747;-0.03349951655;-1.014556766;9.36550808;11.17809085;-0.0374154672;-0.1253799945;-0.9311106205;4
11.17219929;-0.1627119333;-1.024128079;9.38465023;11.18019267;-0.03008509055;-0.1082757786;-0.9347758293;4
11.17430116;-0.2584248483;-1.019342422;9.389435768;11.18229455;-0.01786779426;-0.08994983882;-0.9359975457;4
11.17640299;-0.3349951804;-1.004985452;9.346364975;11.18439632;-0.009315688163;-0.07040216774;-0.9384410381;4
11.17850481;-0.4211367965;-1.000199914;9.332008362;11.18649819;0.004123337101;-0.04474584386;-0.9384410381;4
11.18060663;-0.4785645306;-0.9667003751;9.274580956;11.18860002;0.01389717404;-0.02153298259;-0.9384410381;4
11.18270851;-0.5647061467;-0.9667003751;9.2362957;11.19070189;0.02489273995;0.01023198478;-0.9347758293;4
11.18481028;-0.6412764788;-0.9284151793;9.198010445;11.19280372;0.0358883068;0.04199695215;-0.9286671877;4
11.18691215;-0.756131947;-0.8853443861;9.116654396;11.19490554;0.04688387364;0.0725401938;-0.9201150537;4
11.18901398;-0.890130043;-0.8039883971;9.054440498;11.19700741;0.05299251899;0.1006399691;-0.9115629792;4
11.19111585;-1.024128079;-0.7130611539;8.97308445;11.19910924;0.05665770918;0.1262962967;-0.9005674124;4
11.19321767;-1.105484009;-0.6173482537;8.877371788;11.20121106;0.05910116807;0.1495091617;-0.8871283531;4
11.1953195;-1.172483087;-0.5216353536;8.757730484;11.20331288;0.06154462695;0.1739437431;-0.8724676371;4
11.19742137;-1.26341033;-0.4498506486;8.66680336;11.2054147;0.06032289565;0.1971566081;-0.8578068614;4
11.19952319;-1.378265858;-0.3780659735;8.590232849;11.20751658;0.05787943676;0.2203694731;-0.8407026529;4
11.20162502;-1.469193101;-0.3349951804;8.504091263;11.2096184;0.05299251899;0.2423606068;-0.821154952;4
11.20372684;-1.574477315;-0.3014956415;8.456234932;11.21172022;0.05054906011;0.2606865466;-0.8003855944;4
11.20582866;-1.684547186;-0.2823530734;8.38923645;11.2138221;0.04566214234;0.2765690386;-0.7796161771;4
11.20793054;-1.823330879;-0.2536391914;8.370093346;11.21592387;0.03833176568;0.2851211429;-0.7576250434;4
11.21003236;-1.942971945;-0.2297109663;8.36052227;11.21802575;0.02977965772;0.2924515009;-0.7344121933;4
11.21213418;-2.091326952;-0.1914258152;8.355736732;11.22012757;0.01878409274;0.2924515009;-0.7099775672;4
11.21423606;-2.210968018;-0.1579262912;8.374878883;11.22222939;0.006566796452;0.2948949635;-0.6855430007;4
11.21633783;-2.321038008;-0.1148554832;8.384450912;11.22433127;-0.006872228812;0.2887863219;-0.6623301506;4
11.2184397;-2.407179594;-0.1148554832;8.394021988;11.22643309;-0.02275471389;0.274125576;-0.6366738081;4
11.22054153;-2.474178553;-0.1196411327;8.36052227;11.22853491;-0.03985892609;0.2557996213;-0.613460958;4
11.22264335;-2.574677229;-0.1244267747;8.38923645;11.23063674;-0.05451968312;0.2338084877;-0.5902481079;4
11.22474523;-2.670390129;-0.1339980662;8.451449394;11.23273861;-0.0740673542;0.2105956376;-0.570700407;4
11.22684705;-2.737389088;-0.1483550072;8.46102047;11.23484043;-0.09361502528;0.18493931;-0.5511527658;4
11.22894887;-2.785245657;-0.1722832322;8.494520187;11.23694226;-0.1119409725;0.1568395346;-0.5352702737;4
11.23105069;-2.82831645;-0.2105683982;8.523234367;11.23904408;-0.1327103674;0.1299614757;-0.5193877816;4
11.23315257;-2.876172781;-0.2392822653;8.556734085;11.24114595;-0.1510363221;0.1018617004;-0.5035052896;4
11.23525439;-2.885744095;-0.2679961324;8.604590416;11.24324778;-0.1705839932;0.07131846249;-0.4900662601;4
11.23735622;-2.900100946;-0.3206382394;8.671588898;11.2453496;-0.1852447391;0.0358883068;-0.4790706933;4
11.23945804;-2.895315409;-0.3589234054;8.700303078;11.24745148;-0.1974620372;-0.0007635809598;-0.4717403352;4
11.24155991;-2.876172781;-0.3972085714;8.834300995;11.2495533;-0.212122798;-0.03252854943;-0.4644099474;4
11.24366174;-2.857030153;-0.4211367965;8.949156761;11.25165512;-0.2231183648;-0.06062832847;-0.4595230222;4
11.24576356;-2.818745136;-0.4929214716;9.011369705;11.25375694;-0.2328922004;-0.09361502528;-0.4607447684;4
11.24786543;-2.775674343;-0.5455635786;9.068798065;11.25585882;-0.2426660359;-0.1229365394;-0.4607447684;4
11.24996726;-2.723032236;-0.5886343718;9.140582085;11.25796064;-0.2524398565;-0.1534797698;-0.463188231;4
11.25206908;-2.641676188;-0.6604190469;9.17886734;11.26006246;-0.258548528;-0.1791360974;-0.4680751264;4
11.2541709;-2.579462767;-0.70348984;9.250652313;11.26216434;-0.2671006322;-0.2060141414;-0.4778489769;4
11.25627278;-2.507678032;-0.756131947;9.298508644;11.26426616;-0.2744309902;-0.2304487377;-0.4864010811;4
11.2583746;-2.440679073;-0.7944171429;9.355937004;11.26636799;-0.2805396616;-0.2524398565;-0.4949531853;4
11.26047642;-2.392822742;-0.8279166222;9.389435768;11.26846981;-0.2842048407;-0.2744309902;-0.505948782;4
11.2625783;-2.373680115;-0.8614161611;9.41336441;11.27057163;-0.2866483033;-0.2927569449;-0.51327914;4
11.26468012;-2.359323025;-0.8709874153;9.432506561;11.27267351;-0.2903134823;-0.3110828996;-0.5230529904;4
11.26678194;-2.402393818;-0.866201818;9.456435204;11.27477533;-0.2890917659;-0.328187108;-0.5316050649;4
11.26888377;-2.435893536;-0.8518448472;9.504291534;11.27687715;-0.2915352285;-0.3416261375;-0.5389354229;4
11.27098559;-2.483749866;-0.837487936;9.552147865;11.27897898;-0.2915352285;-0.3477347791;-0.5450441241;4
11.27308747;-2.536391973;-0.8327022791;9.585647583;11.28108085;-0.2915352285;-0.3489564955;-0.5499309897;4
11.27518929;-2.593819857;-0.813559711;9.561718941;11.28318267;-0.2878700197;-0.3452913165;-0.5535961986;4
11.27729111;-2.670390129;-0.8039883971;9.537791252;11.2852845;-0.2829830945;-0.3379609287;-0.5535961986;4
11.27939293;-2.761317253;-0.7896314859;9.51386261;11.28738632;-0.2744309902;-0.3306305707;-0.5511527658;4
11.28149481;-2.833101988;-0.7513462901;9.509077072;11.28948819;-0.2683223486;-0.3171915412;-0.5474875569;4
11.28359663;-2.904886723;-0.7130611539;9.51386261;11.29159002;-0.2561050653;-0.2976438701;-0.5401571989;4
11.28569845;-2.981456995;-0.6747759581;9.533005714;11.29369189;-0.2438877672;-0.2756527364;-0.5303833485;4
11.28780028;-3.086741209;-0.6317051649;9.580862045;11.29579372;-0.231670469;-0.2487746775;-0.5181660652;4
11.28990215;-3.192025423;-0.5694918036;9.576076508;11.29789554;-0.2182314396;-0.2182314396;-0.5035052896;4
11.29200398;-3.297309637;-0.5168496966;9.561718941;11.29999736;-0.2035706937;-0.1840230078;-0.4851793647;4
11.29410585;-3.431307554;-0.4642075896;9.566504478;11.30209918;-0.1864664704;-0.1510363221;-0.46685341;4
11.29620767;-3.546163082;-0.4211367965;9.57129097;11.30420106;-0.1681405306;-0.115606159;-0.4473057389;4
11.2983095;-3.66101861;-0.3732803464;9.590433121;11.30630288;-0.1485928595;-0.0740673542;-0.4253146052;4
11.30041132;-3.775874138;-0.3397808075;9.590433121;11.3084047;-0.1302669197;-0.0374154672;-0.4033234715;4
11.30251314;-3.88594389;-0.3110669553;9.643074989;11.31050653;-0.1082757786;-0.003207040019;-0.3788888752;4
11.30461502;-3.972085476;-0.2440679073;9.69093132;11.3126084;-0.08872810751;0.03100138716;-0.3544542789;4
11.30671684;-4.053441525;-0.1962114573;9.710074425;11.31471022;-0.06918043643;0.06154462695;-0.3287979662;4
11.30881866;-4.120440483;-0.1722832322;9.724431038;11.31681205;-0.04963276163;0.08842267841;-0.3019199073;4
11.31092049;-4.211368084;-0.1627119333;9.734002113;11.31891392;-0.03130681813;0.1140789986;-0.2774853408;4
11.31302236;-4.292723656;-0.1627119333;9.777072906;11.32101575;-0.01298087649;0.1446222365;-0.2518289983;4
11.31512418;-4.350151539;-0.1914258152;9.815358162;11.32311757;-0.003207040019;0.1715002805;-0.2261726856;4
11.31722601;-4.445864677;-0.2153540403;9.786644936;11.32521939;0.009010255337;0.1922696829;-0.2054032832;4
11.31932788;-4.522434711;-0.2105683982;9.705288887;11.32732127;0.02000582218;0.2069304436;-0.1821904182;4
11.3214297;-4.551148891;-0.1818545163;9.671789169;11.32942309;0.02733619884;0.2167042792;-0.1614210159;4
11.32353153;-4.551148891;-0.1483550072;9.638289452;11.33152496;0.03222311661;0.2215912044;-0.1418733448;4
11.32563335;-4.546362877;-0.1579262912;9.628718376;11.33362674;0.03466657549;0.2215912044;-0.123547405;4
11.32773523;-4.527220249;-0.1483550072;9.662218094;11.33572861;0.03466657549;0.2179260105;-0.1027780026;4
11.32983705;-4.536791801;-0.1627119333;9.662218094;11.33783043;0.03466657549;0.2105956376;-0.0856737867;4
11.33193892;-4.565505505;-0.1866401732;9.652647018;11.33993226;0.02977965772;0.1971566081;-0.06734783947;4
11.33404069;-4.622933388;-0.2201396823;9.657432556;11.34203413;0.02489273995;0.1800523996;-0.05268708616;4
11.33614257;-4.680361271;-0.2297109663;9.652647018;11.34413595;0.02000582218;0.1629481763;-0.03802633286;4
11.33824439;-4.713860512;-0.2727817893;9.676574707;11.34623778;0.01389717404;0.1421787739;-0.02580903657;4
11.34034622;-4.718646049;-0.3062812984;9.714859962;11.3483396;0.01023198478;0.117744185;-0.01725693047;4
11.34244809;-4.689932346;-0.3493520916;9.743574142;11.35044148;0.004123337101;0.09453132749;-0.01114828233;4
11.34454991;-4.651647091;-0.3589234054;9.796216011;11.3525433;0.002901607659;0.07009673119;-0.007483093534;4
11.34665174;-4.594219685;-0.4019941986;9.829715729;11.35464517;0.0016798781;0.04566214234;-0.005039634649;4
11.34875356;-4.517649174;-0.4211367965;9.87757206;11.356747;0.0016798781;0.02122755162;-0.005039634649;4
11.35085543;-4.460221291;-0.4402793646;9.934999466;11.35884882;-0.001985310577;0.0016798781;-0.006261364091;4
11.35295726;-4.388436794;-0.4307080805;9.95414257;11.36095064;0.0016798781;-0.01542433538;-0.007483093534;4
11.35505913;-4.316651821;-0.4115654826;9.944570541;11.36305252;0.002901607659;-0.02764163166;-0.006261364091;4
11.35716095;-4.278367043;-0.4163511395;9.958928108;11.36515434;0.01023198478;-0.04230238497;-0.005039634649;4
11.35926278;-4.220939159;-0.4163511395;9.934999466;11.36725616;0.01511890348;-0.05329795182;-0.005039634649;4
11.3613646;-4.216153622;-0.3828516304;9.949356079;11.36935799;0.02244928107;-0.06185005978;-0.003817904973;4
11.36346648;-4.244867325;-0.3589234054;10.00678444;11.37145981;0.03100138716;-0.06307178736;-0.001374445739;4
11.3655683;-4.287938118;-0.3302095234;10.06421185;11.37356168;0.03833176568;-0.06551524997;0.001069013379;4
11.36767012;-4.340580463;-0.2967100143;10.04506969;11.37566351;0.04688387364;-0.06185005978;0.005955931731;4
11.36977194;-4.364508629;-0.2775674164;9.987641335;11.37776533;0.05787943676;-0.05940660089;0.0108428495;4
11.37187377;-4.407579422;-0.2536391914;9.95414257;11.3798672;0.06643154472;-0.05696314201;0.01817322709;4
11.37397564;-4.42672205;-0.1962114573;9.906285286;11.38196898;0.07987056673;-0.04963276163;0.02672533318;4
11.37607746;-4.465006828;-0.1196411327;9.911071777;11.38407085;0.09086613357;-0.04230238497;0.03772090003;4
11.37817929;-4.488935471;-0.04307080805;9.87757206;11.38617267;0.1018617004;-0.03252854943;0.04993819445;4
11.38028116;-4.493721008;0.0239282269;9.84885788;11.3882745;0.1128572673;-0.02275471389;0.06337722391;4
11.38238293;-4.527220249;0.09571290761;9.829715729;11.39037637;0.1262962967;-0.01298087649;0.07681624591;4
11.38448481;-4.541577339;0.1387837082;9.805787086;11.39247819;0.1385135949;-0.001985310577;0.09147699922;4
11.38658663;-4.565505505;0.2009970993;9.791430473;11.39458002;0.1482874304;0.009010255337;0.1073594838;4
11.38868845;-4.551148891;0.2775674164;9.786644936;11.39668184;0.1556178033;0.01878409274;0.1244636998;4
11.39079033;-4.522434711;0.3541377485;9.729216576;11.39878372;0.1629481763;0.02611446939;0.1415679157;4
11.39289215;-4.493721008;0.4402793646;9.652647018;11.40088554;0.1690568328;0.03466657549;0.1598938555;4
11.39499398;-4.479363918;0.5024927258;9.580862045;11.40298736;0.1715002805;0.03833176568;0.1794415265;4
11.3970958;-4.479363918;0.5359922647;9.523433685;11.40508924;0.1715002805;0.04321868345;0.1989891976;4
11.39919767;-4.503292084;0.5742774606;9.427721024;11.40719106;0.1715002805;0.04810560122;0.2173151523;4
11.4012995;-4.503292084;0.5886343718;9.346364975;11.40929288;0.1702785641;0.05299251899;0.2331976295;4
11.40340132;-4.484149456;0.6077769399;9.279366493;11.4113947;0.1690568328;0.05910116807;0.2515235841;4
11.40550319;-4.460221291;0.6221339107;9.202795982;11.41349658;0.161726445;0.06765327603;0.26618433;4
11.40760502;-4.407579422;0.6460621357;9.121439934;11.4155984;0.1556178033;0.07131846249;0.2808450758;4
11.40970684;-4.335794449;0.6699903607;9.049654961;11.41770022;0.1482874304;0.07742711157;0.2967275679;4
11.41180866;-4.26879549;0.679561615;8.992227554;11.41980205;0.1372918636;0.08231402934;0.3113883138;4
11.41391054;-4.211368084;0.7226324677;8.920442581;11.42190387;0.127518028;0.0847574845;0.3248273432;4
11.41601236;-4.158725739;0.7274180651;8.84387207;11.42400575;0.117744185;0.0847574845;0.3394880891;4
11.41811418;-4.101297855;0.7513462901;8.791230202;11.42610757;0.1055268943;0.08842267841;0.3578140438;4
11.42021601;-4.07736969;0.7944171429;8.776873589;11.42820939;0.08842267841;0.08720094711;0.3736965358;4
11.42231783;-4.082155228;0.8231309652;8.719446182;11.43031127;0.07742711157;0.09208786488;0.3920224607;4
11.4244197;-4.07736969;0.8566305041;8.657232285;11.43241309;0.06276635826;0.09453132749;0.409126699;4
11.42652153;-4.082155228;0.8805587292;8.647661209;11.43451491;0.05177079141;0.09819651395;0.4274526238;4
11.42862335;-4.086941242;0.8997012973;8.638090134;11.43661674;0.03955349326;0.1055268943;0.4457785785;4
11.43072523;-4.082155228;0.9475577474;8.618947029;11.43871861;0.02977965772;0.1128572673;0.4653262496;4
11.43282705;-4.058227062;0.94277215;8.642875671;11.44082043;0.02000582218;0.1262962967;0.4836521745;4
11.43492887;-4.034298897;0.9379864931;8.671588898;11.44292226;0.01389717404;0.1397353113;0.5031998754;4
11.43703069;-4.005585194;0.9284151793;8.72423172;11.44502408;0.01023198478;0.154396072;0.5215258002;4
11.43913257;-3.976871252;0.94277215;8.834300995;11.44712595;0.005345067009;0.1690568328;0.5410735011;4
11.44123439;-3.94815731;0.94277215;8.882157326;11.44922778;0.002901607659;0.18493931;0.559399426;4
11.44333622;-3.895515203;0.9475577474;8.930013657;11.4513296;0.002901607659;0.2020435184;0.5789470673;4
11.44543804;-3.85244441;0.9236295223;8.997013092;11.45343142;0.005345067009;0.2142608166;0.5997164845;4
11.44753991;-3.795016766;0.890130043;9.083154678;11.4555333;0.006566796452;0.2325867712;0.616820693;4
11.44964174;-3.761517286;0.866201818;9.150154114;11.45763512;0.01023198478;0.2484692484;0.6363683939;4
11.45174356;-3.732803345;0.8279166222;9.188439369;11.45973694;0.01511890348;0.2680169344;0.6534726024;4
11.45384538;-3.680161238;0.7752745152;9.284152031;11.46183882;0.01634063199;0.2851211429;0.6656898856;4
11.45594726;-3.66101861;0.7274180651;9.375079155;11.46394064;0.02367101051;0.2961167097;0.6779071689;4
11.45804908;-3.598805189;0.679561615;9.466006279;11.46604247;0.02855792828;0.3095557392;0.6913462281;4
11.4601509;-3.522234917;0.6221339107;9.556933403;11.46814434;0.03344484791;0.320551306;0.7011200786;4
11.46225278;-3.426522017;0.5886343718;9.628718376;11.47024616;0.04199695215;0.3327685893;0.7084504366;4
11.4643546;-3.34038043;0.5216353536;9.714859962;11.47234799;0.04810560122;0.3425424397;0.7157807946;4
11.46645642;-3.24466753;0.4307080805;9.801001549;11.47444981;0.05665770918;0.3498727977;0.7218894362;4
11.4685583;-3.172882795;0.3493520916;9.901499748;11.47655163;0.06520981342;0.3547597229;0.7267763615;4
11.47066012;-3.101098061;0.2727817893;10.01156998;11.47865351;0.0737619251;0.3559814394;0.7316632867;4
11.47276194;-3.062813044;0.1866401732;10.11685371;11.48075533;0.08720094711;0.3559814394;0.7341067195;4
11.47486377;-3.01974225;0.1148554832;10.24128056;11.48285715;0.09819651395;0.3523162603;0.7365502119;4
11.47696559;-2.962314367;0.04785645381;10.36092186;11.48495898;0.1104138121;0.3510945439;0.7377719283;4
11.47906746;-2.919243574;-0.009571290575;10.46142101;11.4870608;0.1250745654;0.3425424397;0.7389936447;4
11.48116929;-2.866601467;-0.08135596663;10.5475626;11.48916267;0.1409570426;0.3364337683;0.7365502119;4
11.48327111;-2.775674343;-0.1483550072;10.61456108;11.4912645;0.1556178033;0.327881664;0.7341067195;4
11.48537293;-2.699103832;-0.2057827413;10.69113159;11.49336632;0.1702785641;0.3168860972;0.7304415703;4
11.48747476;-2.656033039;-0.2392822653;10.70070267;11.49546819;0.1861610413;0.3058905303;0.7292198539;4
11.48957663;-2.589034081;-0.2584248483;10.73420238;11.49757002;0.1983783394;0.2948949635;0.7279980779;4
11.49167845;-2.522035122;-0.2584248483;10.71506023;11.49967184;0.2069304436;0.281455934;0.7279980779;4
11.49378028;-2.478964329;-0.2488535494;10.65763187;11.50177372;0.2130390853;0.2704603672;0.7304415703;4
11.49588215;-2.450250387;-0.2344966233;10.5475626;11.50387554;0.2179260105;0.2606865466;0.7328850031;4
11.49798398;-2.407179594;-0.2105683982;10.44227791;11.50597736;0.2167042792;0.2557996213;0.7353284955;4
11.5000858;-2.378465652;-0.1914258152;10.27956581;11.50807918;0.2142608166;0.2472475171;0.7414371371;4
11.50218767;-2.325823545;-0.1627119333;10.13599682;11.51018106;0.2130390853;0.2448040545;0.7487674952;4
11.5042895;-2.292324066;-0.1244267747;9.997213364;11.51228288;0.2093739063;0.2460257858;0.7585413456;4
11.50639132;-2.254039049;-0.09092725813;9.901499748;11.5143847;0.204486981;0.2472475171;0.7695369124;4
11.50849314;-2.220539331;-0.07178468257;9.772287369;11.51648658;0.1996000707;0.2533561587;0.7817541957;4
11.51059502;-2.201396942;-0.04307080805;9.686145782;11.51858835;0.1947131455;0.258243084;0.7939714789;4
11.51269684;-2.20618248;-0.03349951655;9.600004196;11.52069023;0.1922696829;0.2655734718;0.8037453294;4
11.51479866;-2.172683001;-0.04307080805;9.552147865;11.52279205;0.1873827726;0.2704603672;0.8122974634;4
11.51690054;-2.124826431;-0.06221338734;9.552147865;11.52489387;0.1837175786;0.2790125012;0.8208495378;4
11.51900231;-2.033899307;-0.04307080805;9.504291534;11.52699575;0.1800523996;0.2887863219;0.8281798959;4
11.52110418;-1.866401672;-0.0382851623;9.475577354;11.52909757;0.1763872057;0.2973384261;0.8379537463;4
11.52320601;-1.751546144;-0.0382851623;9.432506561;11.53119939;0.1739437431;0.308333993;0.8489493132;4
11.52530783;-1.655833244;-0.03349951655;9.389435768;11.53330127;0.1715002805;0.3217730224;0.8575014472;4
11.5274097;-1.603191137;-0.04307080805;9.379864693;11.53540309;0.1702785641;0.3364337683;0.868497014;4
11.52951153;-1.55054903;-0.04785645381;9.394221306;11.53750491;0.1690568328;0.3523162603;0.8782708645;4
11.53161335;-1.526620865;-0.05742774159;9.36550808;11.53960674;0.1690568328;0.3730856776;0.8880446553;4
11.53371522;-1.464407444;-0.09571290761;9.36550808;11.54170861;0.1702785641;0.3889681399;0.8978185058;4
11.53581705;-1.426122308;-0.1292124242;9.399007797;11.54381043;0.1751654744;0.4036289155;0.9039271474;4
11.53791887;-1.387837172;-0.1818545163;9.509077072;11.54591226;0.1739437431;0.4195113778;0.9112575054;4
11.54002069;-1.306481123;-0.2201396823;9.57129097;11.54801408;0.177608937;0.4378373325;0.9173662066;4
11.54212257;-1.229910851;-0.2488535494;9.595218658;11.55011595;0.1788306683;0.4573850036;0.9198096395;4
11.54422439;-1.148554921;-0.2775674164;9.595218658;11.55221778;0.18493931;0.4805978537;0.9210313559;4
11.54632622;-1.057627559;-0.3302095234;9.600004196;11.5543196;0.1886045039;0.5074759126;0.9198096395;4
11.54842804;-0.9379864931;-0.3780659735;9.628718376;11.55642142;0.1983783394;0.5343539715;0.9210313559;4
11.55052991;-0.8279166222;-0.4307080805;9.7196455;11.5585233;0.2093739063;0.558788538;0.918587923;4
11.55263174;-0.6747759581;-0.4977070987;9.791430473;11.56062512;0.2191477418;0.5807796717;0.9124792814;4
11.55473356;-0.5551348329;-0.5599204898;9.911071777;11.56272694;0.2338084877;0.6027708054;0.9039271474;4
11.55683538;-0.4546363056;-0.6125625968;10.01156998;11.56482877;0.2484692484;0.6186532974;0.8965967894;4
11.55893726;-0.3684946895;-0.6747759581;10.11206818;11.56693059;0.261908263;0.6320923567;0.8880446553;4
11.56103908;-0.2823530734;-0.7226324677;10.15513897;11.56903247;0.277790755;0.6418661475;0.8794925809;4
11.5631409;-0.2201396823;-0.7752745152;10.164711;11.57113429;0.2900080681;0.6430879235;0.8697187304;4
11.56524273;-0.1962114573;-0.7992027402;10.2221384;11.57323611;0.2997818887;0.6406444311;0.8611665964;4
11.56734455;-0.1579262912;-0.7944171429;10.23170948;11.57533799;0.3095557392;0.6406444311;0.8550579548;4
11.56944642;-0.1004985496;-0.7513462901;10.15513897;11.57743981;0.311999172;0.6357575059;0.8489493132;4
11.57154825;-0.08135596663;-0.7178468108;10.04028416;11.57954163;0.3144426346;0.6308705807;0.845284164;4
11.57365007;-0.09571290761;-0.6652047038;9.925428391;11.58164351;0.308333993;0.6272054315;0.8403972387;4
11.57575194;-0.1148554832;-0.6221339107;9.834501266;11.58374533;0.2985601723;0.6198750138;0.8379537463;4
11.57785377;-0.1531406492;-0.6125625968;9.724431038;11.58584715;0.2875646055;0.6125446558;0.8391754627;4
11.57995559;-0.1962114573;-0.6077769399;9.609575272;11.58794898;0.2765690386;0.6064360142;0.8416189551;4
11.58205746;-0.2440679073;-0.5551348329;9.528220177;11.59005085;0.261908263;0.5978838801;0.8440623879;4
11.58415929;-0.2679961324;-0.5264210105;9.399007797;11.59215267;0.2435823381;0.5881100893;0.8513928056;4
11.58626111;-0.3062812984;-0.4881358147;9.322437286;11.5942545;0.2301433086;0.5710058808;0.8587231636;4
11.58836293;-0.3302095234;-0.4450650215;9.293723106;11.59635632;0.2154825479;0.55145818;0.8648318052;4
11.59046481;-0.3589234054;-0.3972085714;9.274580956;11.59845814;0.2032652497;0.5294670463;0.8709404469;4
11.59256663;-0.3828516304;-0.4067798555;9.355937004;11.60056002;0.1886045039;0.5074759126;0.8746056557;4
11.59466845;-0.3254238665;-0.3972085714;9.422935486;11.60266184;0.1739437431;0.4842630625;0.8794925809;4
11.59677028;-0.2440679073;-0.3445664644;9.44207859;11.60476366;0.1580612659;0.4610501826;0.8807142973;4
11.5988721;-0.1770688742;-0.3062812984;9.389435768;11.60686554;0.1421787739;0.4402807951;0.8819360137;4
11.60097398;-0.1148554832;-0.3014956415;9.399007797;11.60896736;0.127518028;0.4182896614;0.8856012225;4
11.6030758;-0.06221338734;-0.3206382394;9.389435768;11.61106918;0.1104138121;0.3962985277;0.8856012225;4
11.60517762;-0.004785645287;-0.3349951804;9.375079155;11.61317106;0.09819651395;0.3767508566;0.8856012225;4
11.6072795;0.06221338734;-0.3732803464;9.38465023;11.61527288;0.0859792158;0.3572031856;0.8831577301;4
11.60938132;0.1387837082;-0.4211367965;9.408578873;11.6173747;0.07131846249;0.3388772309;0.8807142973;4
11.61148314;0.2201396823;-0.4642075896;9.41336441;11.61947658;0.06032289565;0.3254382014;0.8770490885;4
11.61358502;0.2967100143;-0.4977070987;9.437292099;11.62157835;0.04810560122;0.3132209182;0.8733839393;4
11.61568684;0.3493520916;-0.5455635786;9.509077072;11.62368023;0.03833176568;0.3046688139;0.868497014;4
11.61778866;0.4307080805;-0.6029912829;9.518648148;11.62578205;0.03466657549;0.2936732471;0.8623883724;4
11.61989054;0.4785645306;-0.650847733;9.518648148;11.62788387;0.03222311661;0.281455934;0.8562797308;4
11.62199231;0.5647061467;-0.6987041831;9.595218658;11.62998575;0.02977965772;0.2753472924;0.8465058804;4
11.62409418;0.6699903607;-0.7226324677;9.705288887;11.63208757;0.02855792828;0.2729038298;0.8403972387;4
11.62619601;0.7896314859;-0.7369893789;9.772287369;11.63418939;0.03100138716;0.2729038298;0.8330668211;4
11.62829783;0.8949156404;-0.7513462901;9.824930191;11.63629122;0.03466657549;0.2729038298;0.8269581795;4
11.6303997;0.94277215;-0.756131947;9.858428955;11.63839309;0.03955349326;0.274125576;0.8232930303;4
11.63250153;0.9667003751;-0.7657032609;9.896714211;11.64049491;0.04688387364;0.277790755;0.8196278214;4
11.63460335;1.019342422;-0.760917604;9.891928673;11.64259674;0.0542142503;0.2851211429;0.817184329;4
11.63670517;1.071984529;-0.7704889178;9.925428391;11.64469861;0.06520981342;0.2948949635;0.8122974634;4
11.63880705;1.115055323;-0.7896314859;9.978070259;11.64680043;0.0725401938;0.3022253513;0.8061888218;4
11.64090887;1.196411371;-0.8183453679;9.997213364;11.64890226;0.08231402934;0.3095557392;0.8000801206;4
11.64301069;1.268195987;-0.8566305041;9.944570541;11.65100408;0.09330959618;0.3217730224;0.7964149714;4
11.64511257;1.35912323;-0.8805587292;9.925428391;11.65310595;0.104305163;0.3388772309;0.7915280461;4
11.64721439;1.445264935;-0.8997012973;9.896714211;11.65520778;0.111635536;0.3608683646;0.7878628373;4
11.64931622;1.536192179;-0.8805587292;9.824930191;11.6573096;0.1201876476;0.3791943192;0.7841976881;4
11.65141804;1.588834286;-0.866201818;9.791430473;11.65941142;0.1238528341;0.3975202441;0.7829759121;4
11.65351991;1.665404558;-0.8183453679;9.729216576;11.6615133;0.127518028;0.4158461988;0.7805324793;4
11.65562174;1.718046665;-0.7944171429;9.647860527;11.66361512;0.1262962967;0.4341721535;0.7805324793;4
11.65772356;1.737189293;-0.7896314859;9.595218658;11.66571694;0.1250745654;0.4524980783;0.7805324793;4
11.65982538;1.765903115;-0.7752745152;9.518648148;11.66781877;0.1201876476;0.4659371078;0.7829759121;4
11.66192726;1.775474429;-0.760917604;9.394221306;11.66992059;0.1165224537;0.4781544209;0.7854194045;4
11.66402908;1.765903115;-0.7274180651;9.3367939;11.67202247;0.1091920808;0.4842630625;0.7878628373;4
11.6661309;1.770688772;-0.7369893789;9.30807972;11.67412429;0.1030834317;0.4842630625;0.7915280461;4
11.66823273;1.770688772;-0.732203722;9.341579437;11.67622611;0.09208786488;0.4805978537;0.7964149714;4
11.67033455;1.761117458;-0.7513462901;9.327222824;11.67832799;0.0847574845;0.4781544209;0.7988584042;4
11.67243642;1.785045743;-0.7800601721;9.3367939;11.68042981;0.07498364896;0.474489212;0.8013018966;4
11.67453825;1.789831281;-0.837487936;9.379864693;11.68253163;0.06398808211;0.4683805704;0.8037453294;4
11.67664007;1.813759565;-0.8709874153;9.403793335;11.68463345;0.05787943676;0.4634936452;0.8037453294;4
11.67874194;1.837687731;-0.9379864931;9.451649666;11.68673533;0.04810560122;0.454941541;0.8061888218;4
11.68084377;1.880758643;-0.9571290612;9.523433685;11.68883715;0.04199695215;0.4415025115;0.8037453294;4
11.68294559;1.938186288;-0.9858429432;9.609575272;11.69093898;0.03466657549;0.4292852283;0.802523613;4
11.68504741;2.024327993;-1.019342422;9.633503914;11.6930408;0.02977965772;0.4146244824;0.7976366878;4
11.68714929;2.115255117;-1.03848505;9.667003632;11.69514267;0.02367101051;0.3987419903;0.7939714789;4
11.68925111;2.201396942;-1.076770186;9.743574142;11.6972445;0.01634063199;0.3791943192;0.7841976881;4
11.69135293;2.287538528;-1.100698471;9.815358162;11.69934632;0.01145371422;0.3620901108;0.7732021213;4
11.69345476;2.416750908;-1.177268744;9.834501266;11.70144814;0.006566796452;0.3425424397;0.7585413456;4
11.69555663;2.560320139;-1.225125194;9.815358162;11.70355002;0.004123337101;0.324216485;0.7402154207;4
11.69765845;2.727817774;-1.316052437;9.839286804;11.70565184;0.0016798781;0.3095557392;0.7194460034;4
11.69976028;2.900100946;-1.392622828;9.915857315;11.70775366;0.0004581485991;0.2997818887;0.6937896609;4
11.7018621;3.067598581;-1.483550072;9.997213364;11.70985554;0.002901607659;0.2936732471;0.666911602;4
11.70396398;3.192025423;-1.560120344;10.07856941;11.71195736;0.006566796452;0.2924515009;0.6351466775;4
11.7060658;3.321237803;-1.631905079;10.14556789;11.71405918;0.01145371422;0.2851211429;0.6046034098;4
11.70816762;3.464807272;-1.694118381;10.2029953;11.71616101;0.02000582218;0.2753472924;0.5703949928;4
11.7102695;3.608376503;-1.737189293;10.24128056;11.71826283;0.03100138716;0.2729038298;0.5349648595;4
11.71237132;3.75673151;-1.751546144;10.32742214;11.7203647;0.03711003438;0.2753472924;0.5007563829;4
11.71447314;3.876372576;-1.761117458;10.34656525;11.72246653;0.05299251899;0.281455934;0.4641045034;4
11.71657497;3.972085476;-1.775474429;10.37049294;11.72456835;0.06765327603;0.2948949635;0.4286743701;4
11.71867679;4.029513359;-1.765903115;10.37049294;11.72667017;0.08964440972;0.3071122766;0.3944659233;4
11.72077866;4.082155228;-1.722832322;10.40399265;11.72877205;0.1104138121;0.3193295598;0.3602575064;4
11.72288049;4.10608387;-1.689332843;10.53799057;11.73087387;0.134848401;0.3327685893;0.3260490894;4
11.72498231;4.101297855;-1.674975872;10.68156052;11.73297569;0.1605047137;0.3462076187;0.2930623889;4
11.72708413;4.125226021;-1.627119422;10.75813103;11.73507752;0.1861610413;0.3596466482;0.262519151;4
11.72918601;4.120440483;-1.579262972;10.81555843;11.73717939;0.2105956376;0.3791943192;0.2344193608;4
11.73128783;4.082155228;-1.526620865;10.86341476;11.73928122;0.2362519503;0.3999637067;0.2087630332;4
11.73338965;4.024727821;-1.450050473;10.85862923;11.74138304;0.2655734718;0.4195113778;0.1879936308;4
11.73549148;3.924229145;-1.354337573;10.83470058;11.74348491;0.2936732471;0.4341721535;0.1672242284;4
11.73759335;3.775874138;-1.258624673;10.88734341;11.74558674;0.320551306;0.4500546157;0.1501200199;4
11.73969517;3.637090445;-1.191625714;10.92084217;11.74768856;0.3462076187;0.45860672;0.1330158114;4
11.741797;3.512663603;-1.138983607;10.92084217;11.74979038;0.3694204688;0.470824033;0.1207985133;4
11.74389887;3.364308596;-1.043270707;10.87298584;11.7518922;0.3889681399;0.4793761373;0.1098029464;4
11.74600069;3.230310678;-0.9810572863;10.78684425;11.75399408;0.4060723484;0.4952586293;0.1024725661;4
11.74810252;3.086741209;-0.9284151793;10.66720295;11.7560959;0.4195113778;0.5074759126;0.09514218569;4
11.75020434;2.962314367;-0.8231309652;10.51884842;11.75819772;0.4292852283;0.5148062706;0.09514218569;4
11.75230616;2.837887764;-0.708275497;10.35135078;11.76029955;0.4329504073;0.5233584046;0.09636391699;4
11.75440804;2.737389088;-0.5694918036;10.24128056;11.76240142;0.4329504073;0.5306887627;0.1000291109;4
11.75650986;2.608176708;-0.4259224236;10.04985523;11.76450325;0.4231765866;0.5367974043;0.1073594838;4
11.75861168;2.455035925;-0.2823530734;9.853643417;11.76660512;0.4121810198;0.5404626131;0.1159115955;4
11.76071351;2.354537487;-0.1435693651;9.600004196;11.76870694;0.3938550651;0.5404626131;0.1256854236;4
11.76281538;2.230110645;-0.03349951655;9.403793335;11.77080877;0.3730856776;0.5429060459;0.1379027218;4
11.7649172;2.129612207;0.0765703246;9.231510162;11.77291059;0.3486510813;0.5429060459;0.1501200199;4
11.76701908;2.01475668;0.1722832322;9.068798065;11.77501241;0.3229947388;0.5465712547;0.1635590494;4
11.7691209;1.962114573;0.2823530734;8.90130043;11.77711429;0.2912297845;0.55145818;0.1769980639;4
11.77122273;1.895115495;0.3924229145;8.714659691;11.77921611;0.261908263;0.5563451052;0.1904370934;4
11.77332455;1.842473388;0.4977070987;8.566305161;11.78131793;0.2313650399;0.5563451052;0.2063195854;4
11.77542637;1.780260086;0.6125625968;8.542376518;11.78341976;0.204486981;0.5551233888;0.2222020626;4
11.77752825;1.756331801;0.6987041831;8.580661774;11.78552163;0.1751654744;0.5490147471;0.2356410921;4
11.77963007;1.718046665;0.7657032609;8.628518105;11.78762345;0.1446222365;0.5441278219;0.2503018379;4
11.78173189;1.670190215;0.8087740541;8.671588898;11.78972528;0.1189659163;0.5380191803;0.26618433;4
11.78383372;1.59840548;0.7944171429;8.709874153;11.7918271;0.09453132749;0.5294670463;0.2796233594;4
11.78593559;1.531406522;0.784845829;8.752944946;11.79392898;0.07498364896;0.517249763;0.2942841053;4
11.78803741;1.430907965;0.7417750359;8.819944382;11.7960308;0.05543597788;0.5038107038;0.3101665974;4
11.79013924;1.354337573;0.7274180651;8.925228119;11.79813262;0.04077522457;0.4867065251;0.3260490894;4
11.79224106;1.26341033;0.6939185858;9.044869423;11.80023444;0.02489273995;0.4683805704;0.3394880891;4
11.79434293;1.196411371;0.6604190469;9.241081238;11.80233632;0.0126754446;0.4537198246;0.3541488647;4
11.79644476;1.105484009;0.6364908218;9.389435768;11.80443814;-0.0007635809598;0.4341721535;0.3688096106;4
11.79854658;1.057627559;0.5982056856;9.523433685;11.80653996;-0.008093958721;0.4121810198;0.3834703565;4
11.8006484;1.019342422;0.5886343718;9.623932838;11.80864179;-0.01664606482;0.3914116025;0.3969093859;4
11.80275028;1.019342422;0.5551348329;9.743574142;11.81074366;-0.02764163166;0.3657552898;0.412791878;4
11.8048521;1.004985452;0.5264210105;9.805787086;11.81284549;-0.03375028074;0.3339903057;0.4311178327;4
11.80695392;0.9523434043;0.5216353536;9.911071777;11.81494731;-0.04474584386;0.3010036349;0.4482220411;4
11.80905575;0.9140582681;0.5120640397;9.982855797;11.81704918;-0.0557414107;0.261908263;0.4653262496;4
11.81115762;0.8757730722;0.4737788737;10.04506969;11.81915101;-0.06795870513;0.2203694731;0.4824304581;4
11.81325944;0.8470591903;0.4546363056;10.08335495;11.82125283;-0.08017600328;0.1788306683;0.4934260249;4
11.81536127;0.8518448472;0.4211367965;10.17906761;11.82335465;-0.09117157012;0.1385135949;0.5056433082;4
11.81746314;0.8997012973;0.3589234054;10.22692394;11.82545653;-0.1070540547;0.1006399691;0.5141954422;4
11.81956497;0.9714859724;0.3014956415;10.19820976;11.82755835;-0.1192713454;0.06032289565;0.5215258002;4
11.82166679;1.071984529;0.2727817893;10.21735287;11.82966017;-0.1327103674;0.02244928107;0.5239692926;4
11.82376861;1.186840057;0.2584248483;10.2221384;11.831762;-0.1449276656;-0.01786779426;0.5227475166;4
11.82587049;1.306481123;0.2344966233;10.26042366;11.83386387;-0.158366695;-0.05207622424;0.5154171586;4
11.82797231;1.440479279;0.1914258152;10.28435135;11.83596569;-0.1718057245;-0.08872810751;0.5068650246;4
11.83007413;1.574477315;0.1435693651;10.30827999;11.83806752;-0.18157956;-0.121714808;0.4934260249;4
11.83217595;1.732403636;0.06221338734;10.26999474;11.84016939;-0.1913533956;-0.1522580534;0.4775435328;4
11.83427783;1.875972986;0.009571290575;10.30349445;11.84227122;-0.2011272311;-0.18157956;0.4616610706;4
11.83637965;2.019542217;-0.06221338734;10.3226366;11.84437304;-0.2072358727;-0.2060141414;0.4408916533;4
11.83848148;2.134397745;-0.1148554832;10.30827999;11.84647486;-0.2145662606;-0.2304487377;0.4225656986;4
11.84058335;2.230110645;-0.1627119333;10.33699417;11.84857668;-0.2182314396;-0.2512181401;0.4030180275;4
11.84268517;2.306680918;-0.2153540403;10.41835022;11.85067851;-0.2194531709;-0.2634354234;0.3846921027;4
11.844787;2.344966173;-0.2775674164;10.44706345;11.85278038;-0.2182314396;-0.2756527364;0.366366148;4
11.84688882;2.378465652;-0.3541377485;10.50927734;11.8548822;-0.2133445293;-0.2829830945;0.3492619395;4
11.84899064;2.39760828;-0.3780659735;10.58106136;11.85698403;-0.2060141414;-0.2890917659;0.3321577311;4
11.85109246;2.402393818;-0.4067798555;10.6480608;11.85908585;-0.1974620372;-0.2927569449;0.3174969554;4
11.85319434;2.402393818;-0.4498506486;10.69113159;11.86118772;-0.1828012913;-0.2927569449;0.3016144931;4
11.85529616;2.407179594;-0.4785645306;10.75334454;11.86328955;-0.1705839932;-0.2903134823;0.2881754637;4
11.85739799;2.411965132;-0.4737788737;10.80120182;11.86539142;-0.1559232324;-0.2878700197;0.2759581506;4
11.85949981;2.39760828;-0.4785645306;10.83948612;11.86749325;-0.1375972927;-0.2842048407;0.262519151;4
11.86160168;2.373680115;-0.4642075896;10.89212894;11.86959507;-0.1241582632;-0.278096199;0.2503018379;4
11.86370351;2.364108801;-0.4450650215;10.88734341;11.87169689;-0.1070540547;-0.2683223486;0.2380845547;4
11.86580538;2.330609322;-0.4163511395;10.83470058;11.87379872;-0.09483675659;-0.2597702444;0.2283107042;4
11.8679072;2.321038008;-0.3828516304;10.78684425;11.87590059;-0.08261945844;-0.2524398565;0.2185368687;4
11.87000903;2.306680918;-0.3493520916;10.74377346;11.87800241;-0.06918043643;-0.2426660359;0.2075413018;4
11.87211085;2.287538528;-0.3254238665;10.66720295;11.88010424;-0.05940660089;-0.2328922004;0.1989891976;4
11.87421267;2.263610125;-0.3014956415;10.60977554;11.88220606;-0.05085449293;-0.2243400961;0.1892153621;4
11.87631455;2.234896421;-0.2775674164;10.53799057;11.88430793;-0.04352411628;-0.215787977;0.1806632578;4
11.87841637;2.20618248;-0.2679961324;10.43749237;11.88640976;-0.03985892609;-0.2109010667;0.1721111536;4
11.88051819;2.163111687;-0.2584248483;10.3848505;11.88851158;-0.03619373962;-0.2047924101;0.1623373181;4
11.88262002;2.120040894;-0.2440679073;10.33699417;11.8906134;-0.03252854943;-0.1974620372;0.1525634825;4
11.88472189;2.067398787;-0.2488535494;10.26042366;11.89271528;-0.03008509055;-0.1925751269;0.1415679157;4
11.88682372;2.024327993;-0.2440679073;10.21735287;11.8948171;-0.02764163166;-0.1925751269;0.1317940801;4
11.88892554;1.986042738;-0.2344966233;10.15992451;11.89691892;-0.02886336111;-0.1925751269;0.1207985133;4
11.89102736;1.938186288;-0.2392822653;10.08814049;11.89902075;-0.02886336111;-0.1937968582;0.1098029464;4
11.89312924;1.904686809;-0.2201396823;10.06899738;11.90112262;-0.03252854943;-0.1950185746;0.1000291109;4
11.89523106;1.852044702;-0.2105683982;10.01156998;11.90322444;-0.03252854943;-0.1937968582;0.09025526792;4
11.89733288;1.799402595;-0.2057827413;9.949356079;11.90532627;-0.03497200832;-0.1974620372;0.08292489499;4
11.8994347;1.732403636;-0.1866401732;9.882357597;11.90742809;-0.03619373962;-0.1962403059;0.07559451461;4
11.90153658;1.651047587;-0.1722832322;9.839286804;11.90952996;-0.03985892609;-0.1962403059;0.06948586553;4
11.9036384;1.603191137;-0.1531406492;9.786644936;11.91163179;-0.04108065739;-0.1962403059;0.0621554926;4
11.90574022;1.55054903;-0.1052841991;9.762716293;11.91373361;-0.04596757516;-0.1974620372;0.05482511222;4
11.90784205;1.50269258;-0.05742774159;9.743574142;11.91583549;-0.04718930274;-0.1986837685;0.04749473557;4
11.90994392;1.469193101;-0.0143569354;9.729216576;11.91793731;-0.04841103405;-0.1974620372;0.04138609022;4
11.91204575;1.440479279;0.03349951655;9.69093132;11.92003913;-0.05329795182;-0.1986837685;0.03649916872;4
11.91414757;1.402194023;0.06699903309;9.638289452;11.92214095;-0.05451968312;-0.1962403059;0.03283398226;4
11.91624944;1.35912323;0.08614161611;9.623932838;11.92424278;-0.05818486959;-0.1962403059;0.02794706449;4
11.91835127;1.296909928;0.1100698411;9.57129097;11.92634465;-0.06185005978;-0.1974620372;0.02550360374;4
11.92045309;1.210768223;0.1531406492;9.533005714;11.92844648;-0.06673697382;-0.1962403059;0.02306014486;4
11.92255491;1.148554921;0.1579262912;9.518648148;11.9305483;-0.07040216774;-0.1962403059;0.01939495653;4
11.92465674;1.067198873;0.1818545163;9.489934921;11.93265017;-0.0740673542;-0.1974620372;0.01817322709;4
11.92675861;1.024128079;0.2057827413;9.489934921;11.934752;-0.07773254067;-0.1962403059;0.0157297682;4
11.92886043;0.9619147182;0.2249253243;9.475577354;11.93685382;-0.08139773458;-0.1962403059;0.01328630932;4
11.93096226;0.9140582681;0.2440679073;9.437292099;11.93895564;-0.08384118974;-0.1962403059;0.009621120058;4
11.93306413;0.890130043;0.2584248483;9.437292099;11.94105746;-0.09117157012;-0.2023489624;0.005955931731;4
11.93516595;0.866201818;0.2871387303;9.418149948;11.94315934;-0.09605848789;-0.1999054998;0.001069013379;4
11.93726778;0.837487936;0.3014956415;9.379864693;11.94526116;-0.1009454057;-0.1974620372;-0.002596175298;4
11.9393696;0.8327022791;0.3014956415;9.346364975;11.94736299;-0.1046105921;-0.1925751269;-0.006261364091;4
11.94147142;0.8422735929;0.3206382394;9.322437286;11.94946486;-0.1094975099;-0.1840230078;-0.01237001177;4
11.9435733;0.837487936;0.3302095234;9.293723106;11.95156668;-0.1168278903;-0.1791360974;-0.01603520103;4
11.94567512;0.8231309652;0.3541377485;9.317651749;11.95366851;-0.1168278903;-0.1718057245;-0.01970038936;4
11.94777694;0.813559711;0.3828516304;9.341579437;11.95577038;-0.1180496216;-0.1644753367;-0.02703076601;4
11.94987882;0.784845829;0.4163511395;9.379864693;11.9578722;-0.1204930767;-0.158366695;-0.0294742249;4
11.95198064;0.7465606928;0.4307080805;9.38465023;11.95997403;-0.1241582632;-0.1559232324;-0.03558287397;4
11.95408246;0.732203722;0.4354937077;9.399007797;11.9620759;-0.1253799945;-0.1559232324;-0.03924806044;4
11.95618434;0.679561615;0.4259224236;9.427721024;11.96417767;-0.1302669197;-0.1522580534;-0.04169152305;4
11.95828616;0.6173482537;0.4259224236;9.461220741;11.96627955;-0.1290451884;-0.1485928595;-0.04413498193;4
11.96038799;0.5312066078;0.4019941986;9.485149384;11.96838137;-0.1290451884;-0.1461493969;-0.04535670951;4
11.96248986;0.4211367965;0.3876372576;9.494720459;11.97048319;-0.1278234571;-0.1400407553;-0.04291325063;4
11.96459163;0.3206382394;0.3780659735;9.561718941;11.97258507;-0.1278234571;-0.1327103674;-0.04169152305;4
11.96669351;0.2201396823;0.3924229145;9.600004196;11.97468689;-0.1266017258;-0.1278234571;-0.03924806044;4
11.96879533;0.1339980662;0.3972085714;9.667003632;11.97678872;-0.1229365394;-0.1253799945;-0.03680460155;4
11.97089715;0.0765703246;0.4354937077;9.714859962;11.97889054;-0.1180496216;-0.1180496216;-0.03313941509;4
11.97299903;0.0382851623;0.4402793646;9.738788605;11.98099236;-0.1131627038;-0.1119409725;-0.02825249545;4
11.97510085;-0.004785645287;0.4259224236;9.801001549;11.98309424;-0.1058323234;-0.1058323234;-0.02214384824;4
11.97720267;-0.08614161611;0.4402793646;9.858428955;11.98519606;-0.102167137;-0.102167137;-0.01359174121;4
11.9793045;-0.1483550072;0.4929214716;9.891928673;11.98729788;-0.09605848789;-0.09972367436;-0.005039634649;4
11.98140632;-0.2153540403;0.5120640397;9.901499748;11.98939976;-0.09117157012;-0.09972367436;0.004734201822;4
11.98350819;-0.2727817893;0.5168496966;9.944570541;11.99150158;-0.08384118974;-0.1009454057;0.01328630932;4
11.98561002;-0.3254238665;0.5168496966;9.958928108;11.9936034;-0.07773254067;-0.1033888608;0.02183841541;4
11.98771184;-0.3828516304;0.5024927258;10.01635551;11.99570522;-0.07162389904;-0.1046105921;0.02916879393;4
11.98981372;-0.4067798555;0.4737788737;10.05464077;11.99780705;-0.06795870513;-0.1094975099;0.03405570984;4
11.99191554;-0.4211367965;0.4354937077;10.04985523;11.99990892;-0.06673697382;-0.1094975099;0.03894263133;4
11.99401736;-0.4211367965;0.4115654826;10.04985523;12.00201075;-0.06307178736;-0.1143844277;0.04016435891;4
11.99611918;-0.3972085714;0.3924229145;10.03549862;12.00411262;-0.06429351866;-0.1192713454;0.04138609022;4
11.99822101;-0.3637090325;0.3445664644;10.0019989;12.00621444;-0.06551524997;-0.1266017258;0.0426078178;4
12.00032288;-0.3158525825;0.3062812984;9.949356079;12.00831627;-0.06918043643;-0.1351538301;0.0426078178;4
12.0024247;-0.2919243574;0.2679961324;9.925428391;12.01041814;-0.07528908551;-0.142484203;0.03894263133;4
12.00452658;-0.2584248483;0.2488535494;9.901499748;12.01251997;-0.07895427197;-0.1522580534;0.03649916872;4
12.0066284;-0.2249253243;0.2201396823;9.887143135;12.01462179;-0.08750637621;-0.1595884264;0.03405570984;4
12.00873022;-0.1914258152;0.2009970993;9.8201437;12.01672361;-0.09483675659;-0.1693622619;0.03039052337;4
12.0108321;-0.1770688742;0.1722832322;9.796216011;12.01882543;-0.102167137;-0.1754709035;0.0242818743;4
12.01293392;-0.1292124242;0.1579262912;9.781859398;12.02092731;-0.1070540547;-0.1828012913;0.01939495653;4
12.01503575;-0.1100698411;0.1483550072;9.74835968;12.02302913;-0.115606159;-0.1876882017;0.01206457894;4
12.01713757;-0.09092725813;0.1435693651;9.753145218;12.02513095;-0.1192713454;-0.1937968582;0.005955931731;4
12.01923939;-0.06221338734;0.1292124242;9.734002113;12.02723278;-0.1241582632;-0.1950185746;-0.0001527161949;4
12.02134127;-0.05742774159;0.1531406492;9.757930756;12.02933465;-0.1278234571;-0.1999054998;-0.003817904973;4
12.02344309;-0.08135596663;0.1483550072;9.762716293;12.03143648;-0.1278234571;-0.2023489624;-0.009926552884;4
12.02554491;-0.1148554832;0.1627119333;9.815358162;12.0335383;-0.1278234571;-0.2047924101;-0.01359174121;4
12.02764674;-0.1387837082;0.1770688742;9.853643417;12.03564012;-0.1278234571;-0.2084576041;-0.01603520103;4
12.02974861;-0.1627119333;0.1674975902;9.882357597;12.03774194;-0.1266017258;-0.212122798;-0.01725693047;4
12.03185043;-0.2057827413;0.2057827413;9.930213928;12.03984382;-0.1241582632;-0.2170097083;-0.01847865991;4
12.03395226;-0.2344966233;0.2105683982;9.944570541;12.04194564;-0.1241582632;-0.2170097083;-0.01847865991;4
12.03605408;-0.2632105052;0.2105683982;9.968499184;12.04404746;-0.1204930767;-0.2170097083;-0.01847865991;4
12.0381559;-0.2823530734;0.2009970993;9.992427826;12.04614934;-0.1180496216;-0.215787977;-0.01725693047;4
12.04025778;-0.2871387303;0.1962114573;9.973284721;12.04825116;-0.1143844277;-0.2109010667;-0.0209221188;4
12.0423596;-0.2919243574;0.1962114573;9.982855797;12.05035299;-0.1094975099;-0.2060141414;-0.0209221188;4
12.04446142;-0.2871387303;0.1818545163;10.0019989;12.05245481;-0.1070540547;-0.1974620372;-0.02214384824;4
12.0465633;-0.2727817893;0.1770688742;9.992427826;12.05455663;-0.102167137;-0.1852447391;-0.02458730713;4
12.04866512;-0.2536391914;0.1818545163;9.963713646;12.05665851;-0.09850194305;-0.1766926348;-0.02580903657;4
12.05076694;-0.2344966233;0.1818545163;9.958928108;12.05876033;-0.09483675659;-0.165697068;-0.02825249545;4
12.05286877;-0.2105683982;0.1914258152;9.958928108;12.06086215;-0.08750637621;-0.1522580534;-0.03069595434;4
12.05497059;-0.1818545163;0.1579262912;9.963713646;12.06296398;-0.08261945844;-0.138819024;-0.03191768378;4
12.05707247;-0.1866401732;0.1866401732;9.992427826;12.06506585;-0.07773254067;-0.1278234571;-0.03436114267;4
12.05917429;-0.1627119333;0.1770688742;9.973284721;12.06716767;-0.07040216774;-0.115606159;-0.03680460155;4
12.06127611;-0.1579262912;0.1579262912;9.982855797;12.0692695;-0.06307178736;-0.1033888608;-0.04046979174;4
12.06337793;-0.1435693651;0.1483550072;10.02592659;12.07137132;-0.0557414107;-0.09117157012;-0.04169152305;4
12.06547981;-0.1292124242;0.1435693651;10.04028416;12.07347319;-0.05085449293;-0.08261945844;-0.04413498193;4
12.06758163;-0.1148554832;0.1100698411;10.03549862;12.07557502;-0.04352411628;-0.07040216774;-0.0478001684;4
12.06968345;-0.1100698411;0.09571290761;10.05942631;12.07767684;-0.03619373962;-0.06185005978;-0.05146535859;4
12.07178528;-0.08614161611;0.07178468257;10.07378292;12.07977872;-0.03130681813;-0.05329795182;-0.05635227636;4
12.07388715;-0.09571290761;0.05742774159;10.09292603;12.08188054;-0.02397644334;-0.04474584386;-0.06123919412;4
12.07598898;-0.08135596663;0.04307080805;10.06899738;12.08398236;-0.01786779426;-0.03375028074;-0.06734783947;4
12.0780908;-0.09092725813;0.04307080805;10.04028416;12.08608418;-0.01420260593;-0.02275471389;-0.07101303339;4
12.08019267;-0.1004985496;0.02871387079;10.05942631;12.08818606;-0.008093958721;-0.01175914705;-0.07712167501;4
12.0822945;-0.1004985496;0.0143569354;10.03071213;12.09028788;-0.003207040019;0.0016798781;-0.08200860023;4
12.08439632;-0.1004985496;0.0;10.03071213;12.0923897;-0.0007635809598;0.0126754446;-0.086895518;4
12.08649814;-0.1004985496;0.0143569354;10.00678444;12.09449158;0.006566796452;0.02611446939;-0.08933897316;4
12.08860002;-0.1052841991;0.0143569354;9.987641335;12.0965934;0.01023198478;0.03222311661;-0.09178243577;4
12.09070184;-0.1148554832;0.0239282269;10.01156998;12.09869522;0.01389717404;0.04199695215;-0.09544762224;4
12.09280366;-0.1387837082;0.04785645381;10.01156998;12.10079705;0.01878409274;0.04932733253;-0.0991128087;4
12.09490554;-0.1674975902;0.0382851623;9.982855797;12.10289892;0.02367101051;0.05665770918;-0.1027780026;4
12.09700736;-0.1962114573;0.05264209956;9.982855797;12.10500075;0.02855792828;0.06398808211;-0.1052214578;4
12.09910918;-0.2201396823;0.05264209956;9.958928108;12.10710257;0.02855792828;0.06765327603;-0.1101083755;4
12.10121101;-0.2057827413;0.04785645381;9.930213928;12.10920439;0.03344484791;0.07864884287;-0.1149952933;4
12.10331288;-0.1962114573;0.04307080805;9.901499748;12.11130627;0.03833176568;0.08353576064;-0.1186604798;4
12.1054147;-0.2009970993;0.02871387079;9.882357597;12.11340809;0.04199695215;0.09086613357;-0.1223256737;4
12.10751653;-0.2344966233;0.03349951655;9.906285286;12.11550991;0.04688387364;0.09208786488;-0.123547405;4
12.10961835;-0.2775674164;0.05264209956;9.95414257;12.11761174;0.04810560122;0.09453132749;-0.1247691289;4
12.11172023;-0.3589234054;0.06221338734;9.963713646;12.11971361;0.04932733253;0.09453132749;-0.127212584;4
12.11382205;-0.4211367965;0.0765703246;9.944570541;12.12181543;0.05299251899;0.09453132749;-0.1284343153;4
12.11592387;-0.4737788737;0.07178468257;9.930213928;12.12391726;0.05054906011;0.08720094711;-0.1284343153;4
12.11802569;-0.5312066078;0.0765703246;9.901499748;12.12601908;0.05054906011;0.07987056673;-0.1259908676;4
12.12012757;-0.5934200287;0.09571290761;9.872786522;12.12812095;0.04810560122;0.0737619251;-0.1259908676;4
12.12222939;-0.6412764788;0.09571290761;9.801001549;12.13022278;0.04444041103;0.06887500733;-0.123547405;4
12.12433122;-0.6652047038;0.1100698411;9.762716293;12.1323246;0.03711003438;0.05910116807;-0.1223256737;4
12.12643304;-0.708275497;0.1196411327;9.714859962;12.13442642;0.02977965772;0.05054906011;-0.1186604798;4
12.12853491;-0.7369893789;0.1339980662;9.647860527;12.1365283;0.02489273995;0.04199695215;-0.1149952933;4
12.13063674;-0.7657032609;0.1483550072;9.585647583;12.13863012;0.01634063199;0.0358883068;-0.1125518382;4
12.13273856;-0.7752745152;0.1531406492;9.556933403;12.14073194;0.007788525894;0.02977965772;-0.1101083755;4
12.13484038;-0.7992027402;0.1531406492;9.518648148;12.14283377;0.0004581485991;0.02244928107;-0.1076649204;4
12.13694226;-0.813559711;0.1339980662;9.466006279;12.14493564;-0.008093958721;0.01511890348;-0.1052214578;4
12.13904408;-0.8087740541;0.1483550072;9.437292099;12.14703746;-0.01542433538;0.006566796452;-0.1039997265;4
12.1411459;-0.7704889178;0.1339980662;9.399007797;12.14913929;-0.02397644334;-0.0007635809598;-0.1015562713;4
12.14324772;-0.7274180651;0.1196411327;9.370293617;12.15124111;-0.02886336111;-0.006872228812;-0.10033454;4
12.1453496;-0.6747759581;0.1100698411;9.355937004;12.15334293;-0.03497200832;-0.01298087649;-0.10033454;4
12.14745142;-0.6364908218;0.1004985496;9.351150513;12.15544481;-0.04230238497;-0.01542433538;-0.0978910774;4
12.14955325;-0.5982056856;0.1100698411;9.317651749;12.15754663;-0.04718930274;-0.0190895237;-0.0978910774;4
12.15165507;-0.5503492355;0.08135596663;9.293723106;12.15964845;-0.05085449293;-0.0190895237;-0.09544762224;4
12.15375689;-0.5168496966;0.0765703246;9.293723106;12.16175033;-0.05451968312;-0.01542433538;-0.09544762224;4
12.15585877;-0.4833501875;0.09571290761;9.288937569;12.16385215;-0.05940660089;-0.01420260593;-0.09300415963;4
12.15796059;-0.4737788737;0.09092725813;9.312865257;12.16595398;-0.06185005978;-0.008093958721;-0.08933897316;4
12.16006241;-0.4498506486;0.09092725813;9.288937569;12.16805585;-0.06429351866;-0.00565049937;-0.0856737867;4
12.16216429;-0.4354937077;0.1052841991;9.298508644;12.17015767;-0.06795870513;-0.001985310577;-0.08078686893;4
12.16426611;-0.4402793646;0.1052841991;9.303294182;12.1722595;-0.06673697382;0.004123337101;-0.07467821985;4
12.16636793;-0.4498506486;0.1292124242;9.346364975;12.17436132;-0.06673697382;0.01023198478;-0.06979130208;4
12.16846981;-0.4546363056;0.1339980662;9.38465023;12.17646319;-0.06795870513;0.0126754446;-0.06612611562;4
12.17057163;-0.4307080805;0.1292124242;9.408578873;12.17856502;-0.06551524997;0.0175623633;-0.06123919412;4
12.17267345;-0.4067798555;0.1100698411;9.422935486;12.18066684;-0.06673697382;0.02000582218;-0.05879573524;4
12.17477528;-0.3684946895;0.1148554832;9.437292099;12.18276866;-0.06551524997;0.02489273995;-0.05879573524;4
12.17687715;-0.2871387303;0.09571290761;9.461220741;12.18487054;-0.06551524997;0.02733619884;-0.05757400393;4
12.17897898;-0.1962114573;0.09092725813;9.427721024;12.18697236;-0.06795870513;0.03100138716;-0.05635227636;4
12.1810808;-0.1435693651;0.08614161611;9.446864128;12.18907418;-0.06673697382;0.03344484791;-0.05513054505;4
12.18318262;-0.08614161611;0.06221338734;9.461220741;12.19117601;-0.06795870513;0.0358883068;-0.05513054505;4
12.1852845;-0.04785645381;0.04785645381;9.466006279;12.19327788;-0.06795870513;0.0358883068;-0.05513054505;4
12.18738632;-0.0143569354;0.02871387079;9.499505997;12.1953797;-0.07162389904;0.03955349326;-0.05513054505;4
12.18948814;0.01914258115;0.0239282269;9.533005714;12.19748153;-0.0740673542;0.03466657549;-0.05513054505;4
12.19158996;0.06221338734;0.01914258115;9.552147865;12.1995834;-0.07895427197;0.03222311661;-0.05635227636;4
12.19369184;0.1004985496;0.01914258115;9.556933403;12.20168522;-0.08506292105;0.02855792828;-0.05635227636;4
12.19579366;0.1339980662;0.0143569354;9.580862045;12.20378705;-0.08628465235;0.02367101051;-0.05879573524;4
12.19789549;0.1866401732;0.0143569354;9.619147301;12.20588887;-0.09117157012;0.02000582218;-0.05879573524;4
12.19999736;0.2392822653;0.0239282269;9.638289452;12.20799069;-0.09972367436;0.009010255337;-0.05879573524;4
12.20209918;0.2679961324;0.02871387079;9.662218094;12.21009257;-0.1058323234;-0.004428769462;-0.05757400393;4
12.20420101;0.3110669553;0.04785645381;9.686145782;12.21219439;-0.1131627038;-0.01298087649;-0.05513054505;4
12.20630283;0.3302095234;0.0382851623;9.710074425;12.21429622;-0.1192713454;-0.02641990222;-0.05513054505;4
12.20840465;0.3014956415;0.03349951655;9.753145218;12.21639804;-0.121714808;-0.03863719851;-0.05268708616;4
12.21050653;0.2919243574;0.0239282269;9.834501266;12.21849991;-0.131488651;-0.04963276163;-0.05146535859;4
12.21260835;0.2919243574;0.03349951655;9.872786522;12.22060174;-0.1363755614;-0.06551524997;-0.05146535859;4
12.21471017;0.3062812984;0.05742774159;9.901499748;12.22270356;-0.1412624866;-0.08017600328;-0.05268708616;4
12.216812;0.3684946895;0.06699903309;9.95414257;12.22480538;-0.1498145908;-0.09361502528;-0.05268708616;4
12.21891387;0.4307080805;0.0765703246;10.01156998;12.22690726;-0.1571449637;-0.1046105921;-0.05268708616;4
12.22101569;0.4977070987;0.08614161611;9.997213364;12.22900908;-0.162031889;-0.115606159;-0.05146535859;4
12.22311752;0.5694918036;0.1148554832;9.978070259;12.2311109;-0.165697068;-0.1229365394;-0.05268708616;4
12.22521934;0.6077769399;0.08614161611;10.03549862;12.23321278;-0.1705839932;-0.1339320987;-0.0490218997;4
12.22732122;0.6221339107;0.05742774159;10.07378292;12.2353146;-0.1693622619;-0.1412624866;-0.04657844082;4
12.22942304;0.650847733;0.0239282269;10.15992451;12.23741642;-0.1705839932;-0.1473711282;-0.04535670951;4
12.23152486;0.70348984;0.009571290575;10.24128056;12.23951825;-0.1693622619;-0.1534797698;-0.04413498193;4
12.23362674;0.756131947;0.0239282269;10.31785107;12.24162012;-0.1669187993;-0.1571449637;-0.04169152305;4
12.23572856;0.813559711;0.009571290575;10.40399265;12.24372194;-0.162031889;-0.162031889;-0.03924806044;4
12.23783038;0.8757730722;0.01914258115;10.45663452;12.24582377;-0.158366695;-0.1681405306;-0.03680460155;4
12.2399322;0.9714859724;0.04785645381;10.4853487;12.24792559;-0.1522580534;-0.1742491722;-0.03436114267;4
12.24203408;1.033699393;0.04785645381;10.52363396;12.25002746;-0.1485928595;-0.1791360974;-0.03069595434;4
12.2441359;1.100698471;0.02871387079;10.56191921;12.25212924;-0.1449276656;-0.1852447391;-0.02703076601;4
12.24623772;1.16769743;0.01914258115;10.61934662;12.25423111;-0.1363755614;-0.1925751269;-0.02580903657;4
12.24833955;1.26341033;-0.01914258115;10.63370419;12.25633293;-0.1290451884;-0.2011272311;-0.02580903657;4
12.25044142;1.339980721;-0.03349951655;10.7054882;12.25843481;-0.1204930767;-0.2047924101;-0.02825249545;4
12.25254319;1.450050473;-0.04307080805;10.7054882;12.26053663;-0.1143844277;-0.2109010667;-0.0294742249;4
12.25464507;1.560120344;-0.06221338734;10.71027374;12.26263845;-0.1082757786;-0.2145662606;-0.03313941509;4
12.25674689;1.679761529;-0.04785645381;10.68156052;12.26474028;-0.1058323234;-0.2170097083;-0.03680460155;4
12.25884877;1.770688772;-0.06699903309;10.6480608;12.2668421;-0.1009454057;-0.2218966335;-0.04291325063;4
12.26095059;1.909472466;-0.07178468257;10.61456108;12.26894398;-0.0972802192;-0.2255618125;-0.0490218997;4
12.26305241;2.019542217;-0.08614161611;10.58106136;12.2710458;-0.09850194305;-0.2292270064;-0.05268708616;4
12.26515424;2.120040894;-0.1004985496;10.53799057;12.27314762;-0.1009454057;-0.2292270064;-0.05879573524;4
12.26725606;2.220539331;-0.1100698411;10.48056316;12.2752495;-0.102167137;-0.2341139317;-0.06490438432;4
12.26935793;2.316252232;-0.1004985496;10.41356373;12.27735132;-0.1070540547;-0.2377791107;-0.07101303339;4
12.27145976;2.392822742;-0.1052841991;10.3226366;12.27945314;-0.1119409725;-0.2426660359;-0.07467821985;4
12.27356158;2.478964329;-0.05742774159;10.27956581;12.28155497;-0.1204930767;-0.2463312149;-0.07956513762;4
12.27566345;2.531606436;-0.0382851623;10.25085258;12.28365684;-0.1266017258;-0.2499964088;-0.08445205539;4
12.27776528;2.574677229;0.004785645287;10.21735287;12.28575866;-0.1327103674;-0.2536616027;-0.08933897316;4
12.2798671;2.632104874;0.02871387079;10.23649502;12.28786049;-0.1400407553;-0.2573267817;-0.09544762224;4
12.28196892;2.684746981;0.06699903309;10.2221384;12.28996231;-0.1485928595;-0.262213707;-0.1015562713;4
12.2840708;2.770888567;0.08614161611;10.19820976;12.29206418;-0.1534797698;-0.2683223486;-0.1064431891;4
12.28617262;2.847458839;0.1196411327;10.20778179;12.29416601;-0.1595884264;-0.2732092738;-0.1113301069;4
12.28827444;2.90967226;0.1292124242;10.22692394;12.29626783;-0.1644753367;-0.2805396616;-0.1149952933;4
12.29037627;2.928814888;0.1100698411;10.24606609;12.2983697;-0.1681405306;-0.2866483033;-0.1211039424;4
12.29247814;2.971885681;0.1052841991;10.31306553;12.30047153;-0.1730274558;-0.2915352285;-0.1284343153;4
12.29457996;2.995813847;0.1148554832;10.34656525;12.30257335;-0.1742491722;-0.2903134823;-0.1369864196;4
12.29668179;3.058027267;0.1004985496;10.3848505;12.30467517;-0.1766926348;-0.2927569449;-0.14676027;4
12.29878366;3.115455151;0.09571290761;10.39442158;12.306777;-0.1766926348;-0.2976438701;-0.1565341055;4
12.30088549;3.196810961;0.1004985496;10.39442158;12.30887887;-0.1754709035;-0.3013090491;-0.1675296724;4
12.30298731;3.259024382;0.09571290761;10.44706345;12.31098069;-0.1742491722;-0.3037525117;-0.1748600453;4
12.30508913;3.330809116;0.09571290761;10.51406288;12.31308252;-0.1730274558;-0.3074176908;-0.1846338809;4
12.30719095;3.364308596;0.08135596663;10.56670475;12.31518439;-0.1742491722;-0.3061959743;-0.1931859851;4
12.30929283;3.407379389;0.09571290761;10.60020447;12.31728622;-0.1718057245;-0.308639437;-0.1992946416;4
12.31139465;3.426522017;0.08135596663;10.56191921;12.31938804;-0.1693622619;-0.3074176908;-0.2078467458;4
12.31349648;3.445664644;0.06221338734;10.53799057;12.32148986;-0.1693622619;-0.308639437;-0.2163988501;4
12.31559835;3.479164124;0.0382851623;10.55234814;12.32359168;-0.165697068;-0.3074176908;-0.2261726856;4
12.31770017;3.555734396;0.009571290575;10.55234814;12.32569356;-0.162031889;-0.3049742281;-0.2371682525;4
12.319802;3.641875982;-0.004785645287;10.60977554;12.32779538;-0.1571449637;-0.3049742281;-0.2493855506;4
12.32190382;3.728017569;-0.03349951655;10.66241741;12.3298972;-0.1522580534;-0.3025307953;-0.2616028488;4
12.32400564;3.780659676;-0.05264209956;10.72941685;12.33199908;-0.1461493969;-0.2976438701;-0.2750418782;4
12.32610752;3.842873096;-0.08614161611;10.73898792;12.3341009;-0.1412624866;-0.2939786613;-0.2897026241;4
12.32820934;3.909872293;-0.1196411327;10.71027374;12.33620273;-0.1351538301;-0.2878700197;-0.3043633699;4
12.33031116;3.933800459;-0.1483550072;10.73420238;12.33830455;-0.1266017258;-0.281761378;-0.3226893246;4
12.33241304;4.015156269;-0.1770688742;10.77727318;12.34040642;-0.1180496216;-0.2756527364;-0.3434587121;4
12.33451486;4.063013077;-0.2392822653;10.82034397;12.34250825;-0.1094975099;-0.2683223486;-0.3630063832;4
12.33661668;4.163511276;-0.2919243574;10.87777138;12.34461007;-0.102167137;-0.2609919906;-0.3849975169;4
12.33871851;4.259224415;-0.3110669553;10.93519974;12.34671194;-0.09117157012;-0.2536616027;-0.4069886506;4
12.34082038;4.311866283;-0.3541377485;10.93519974;12.34881372;-0.07895427197;-0.2463312149;-0.4289797843;4
12.3429222;4.374079704;-0.4067798555;10.95434189;12.35091559;-0.06429351866;-0.2304487377;-0.4509709179;4
12.34502403;4.402793884;-0.4402793646;11.00698376;12.35301741;-0.04841103405;-0.215787977;-0.4741837978;4
12.3471259;4.417150497;-0.4546363056;11.06441212;12.35511924;-0.0374154672;-0.2035706937;-0.4949531853;4
12.34922767;4.407579422;-0.4881358147;11.12183952;12.35722111;-0.02031125315;-0.188909933;-0.5145008564;4
12.35132955;4.378865242;-0.5120640397;11.21755219;12.35932293;-0.001985310577;-0.1779143661;-0.5340485573;4
12.35343137;4.345366001;-0.5503492355;11.28933716;12.36142476;0.02000582218;-0.1693622619;-0.5535961986;4
12.35553319;4.28315258;-0.5742774606;11.33240795;12.36352658;0.03955349326;-0.158366695;-0.5719221234;4
12.35763507;4.230510235;-0.6173482537;11.39462185;12.36562845;0.05910116807;-0.1498145908;-0.5914698243;4
12.35973689;4.168296814;-0.6604190469;11.47119141;12.36773028;0.08109229803;-0.1449276656;-0.6122392416;4
12.36183872;4.125226021;-0.650847733;11.49512005;12.3698321;0.1006399691;-0.142484203;-0.6293434501;4
12.36394054;4.067798615;-0.6747759581;11.52861977;12.37193392;0.1214093715;-0.1351538301;-0.6488910913;4
12.36604241;4.053441525;-0.6652047038;11.55254745;12.3740358;0.1372918636;-0.1302669197;-0.6659952998;4
12.36814424;3.991228104;-0.6604190469;11.54776192;12.37613762;0.1556178033;-0.121714808;-0.6830995679;4
12.37024606;3.94815731;-0.650847733;11.49990559;12.37823944;0.1727220118;-0.115606159;-0.7002037764;4
12.37234788;3.914657831;-0.6460621357;11.48076344;12.38034127;0.1861610413;-0.1094975099;-0.713642776;4
12.37444976;3.847658873;-0.6364908218;11.45683479;12.38244314;0.1971566081;-0.1058323234;-0.7258600593;4
12.37655158;3.804588079;-0.6317051649;11.43769264;12.38454496;0.2093739063;-0.1058323234;-0.7380773425;4
12.3786534;3.761517286;-0.6173482537;11.35633659;12.38664679;0.2191477418;-0.1094975099;-0.7490729094;4
12.38075523;3.689732552;-0.626919508;11.28455162;12.38874866;0.2289215773;-0.115606159;-0.7600684762;4
12.3828571;3.603590965;-0.6317051649;11.23669529;12.39085049;0.235030219;-0.1192713454;-0.7735075355;4
12.38495892;3.512663603;-0.6699903607;11.20319557;12.39295231;0.2411388755;-0.1278234571;-0.7857248187;4
12.38706075;3.460021496;-0.6987041831;11.16491032;12.39505413;0.2472475171;-0.1351538301;-0.8003855944;4
12.38916262;3.407379389;-0.7274180651;11.12183952;12.39715601;0.2509126961;-0.1412624866;-0.8162680864;4
12.39126444;3.388236761;-0.7274180651;11.07876873;12.39925778;0.2509126961;-0.142484203;-0.8309288025;4
12.39336627;3.359523058;-0.7178468108;11.01177025;12.40135965;0.2521344423;-0.142484203;-0.8419243693;4
12.39546809;3.34038043;-0.6987041831;10.9304142;12.40346148;0.2533561587;-0.1449276656;-0.8541416526;4
12.39756996;3.278167009;-0.679561615;10.85384369;12.40556335;0.2521344423;-0.1485928595;-0.863915503;4
12.39967174;3.225524902;-0.6460621357;10.77248764;12.40766517;0.2509126961;-0.1510363221;-0.8761327863;4
12.40177361;3.110669374;-0.5934200287;10.70070267;12.409767;0.2533561587;-0.1547015011;-0.8822414875;4
12.40387543;3.01974225;-0.5838487148;10.68156052;12.41186882;0.2533561587;-0.1559232324;-0.8907935619;4
12.40597731;2.92402935;-0.5599204898;10.66241741;12.41397064;0.2496909797;-0.1571449637;-0.8969022036;4
12.40807913;2.837887764;-0.5503492355;10.61934662;12.41607252;0.2509126961;-0.1595884264;-0.9005674124;4
12.41018095;2.756531715;-0.5264210105;10.5858469;12.41817434;0.2509126961;-0.165697068;-0.9042325616;4
12.41228278;2.679961443;-0.4929214716;10.53320503;12.42027616;0.2509126961;-0.1693622619;-0.906676054;4
12.4143846;2.617748022;-0.4642075896;10.47099209;12.42237804;0.2484692484;-0.1742491722;-0.9078977704;4
12.41648648;2.54117775;-0.4211367965;10.46142101;12.42447986;0.2472475171;-0.1766926348;-0.9091194868;4
12.4185883;2.459821701;-0.3876372576;10.44227791;12.42658168;0.2423606068;-0.1791360974;-0.9091194868;4
12.42069012;2.359323025;-0.3780659735;10.37049294;12.42868351;0.2362519503;-0.1828012913;-0.906676054;4
12.422792;2.282752752;-0.3158525825;10.33220863;12.43078538;0.2338084877;-0.1852447391;-0.9078977704;4
12.42489382;2.20618248;-0.3158525825;10.25563812;12.4328872;0.2325867712;-0.1925751269;-0.9078977704;4
12.42699564;2.129612207;-0.2823530734;10.20778179;12.43498903;0.2289215773;-0.1962403059;-0.9042325616;4
12.42909746;2.033899307;-0.2536391914;10.21735287;12.43709085;0.2252563834;-0.2047924101;-0.9030108452;4
12.43119934;1.966900229;-0.2392822653;10.2029953;12.43919273;0.2203694731;-0.2096793354;-0.9017891288;4
12.43330116;1.914258122;-0.2057827413;10.2029953;12.44129455;0.2154825479;-0.215787977;-0.899345696;4
12.43540299;1.852044702;-0.2057827413;10.15513897;12.44339637;0.2118173689;-0.2243400961;-0.8956804872;4
12.43750481;1.804188251;-0.1818545163;10.07378292;12.44549825;0.2057087123;-0.2328922004;-0.8932369947;4
12.43960668;1.756331801;-0.1722832322;10.00678444;12.44760007;0.2020435184;-0.2463312149;-0.8895718455;4
12.44170851;1.713261008;-0.2009970993;9.973284721;12.44970189;0.1947131455;-0.258548528;-0.8859066367;4
12.44381033;1.665404558;-0.2153540403;9.949356079;12.45180372;0.1922696829;-0.2719875574;-0.8846849203;4
12.4459122;1.636690736;-0.2297109663;9.95414257;12.45390554;0.18493931;-0.2854265571;-0.8810197115;4
12.44801403;1.631905079;-0.2057827413;9.934999466;12.45600741;0.1751654744;-0.3000873327;-0.8810197115;4
12.45011585;1.631905079;-0.2009970993;9.872786522;12.45810924;0.1666133702;-0.3147480786;-0.8785762787;4
12.45221767;1.622333765;-0.1866401732;9.824930191;12.46021106;0.1531743407;-0.3294088244;-0.8773545623;4
12.4543195;1.603191137;-0.1866401732;9.791430473;12.46231293;0.1397353113;-0.3428478539;-0.8736893535;4
12.45642137;1.603191137;-0.1770688742;9.753145218;12.4644147;0.1226311028;-0.3575085998;-0.8688024282;4
12.45852319;1.59840548;-0.1387837082;9.638289452;12.46651658;0.1079703495;-0.3758345544;-0.863915503;4
12.46062502;1.555334687;-0.1196411327;9.499505997;12.4686184;0.09330959618;-0.3953822255;-0.8602503538;4
12.46272689;1.493121386;-0.1483550072;9.437292099;12.47072028;0.07742711157;-0.4137081802;-0.8602503538;4
12.46482866;1.435693622;-0.1962114573;9.44207859;12.4728221;0.06643154472;-0.4332558513;-0.8614720702;4
12.46693054;1.387837172;-0.2249253243;9.446864128;12.47492392;0.05543597788;-0.4503600597;-0.8651372194;4
12.46903236;1.387837172;-0.2919243574;9.44207859;12.47702575;0.04199695215;-0.4662425518;-0.8712459207;4
12.47113424;1.416550994;-0.3158525825;9.427721024;12.47912762;0.03222311661;-0.4784598351;-0.8785762787;4
12.47323606;1.464407444;-0.3302095234;9.394221306;12.48122944;0.02122755162;-0.4918988645;-0.8871283531;4
12.47533788;1.507478237;-0.3254238665;9.355937004;12.48333127;0.01145371422;-0.505337894;-0.8944587708;4
12.4774397;1.55054903;-0.3110669553;9.355937004;12.48543309;0.0004581485991;-0.5138899684;-0.9017891288;4
12.47954158;1.574477315;-0.3014956415;9.332008362;12.48753496;-0.01175914705;-0.5175551772;-0.9091194868;4
12.4816434;1.560120344;-0.3062812984;9.3367939;12.48963679;-0.02153298259;-0.5248855352;-0.9152281284;4
12.48374523;1.526620865;-0.3062812984;9.274580956;12.49173861;-0.03130681813;-0.5322159529;-0.9201150537;4
12.48584705;1.473978758;-0.2871387303;9.20758152;12.49384043;-0.04108065739;-0.5358811021;-0.9237802625;4
12.48794892;1.411765337;-0.2871387303;9.188439369;12.49594231;-0.04963276163;-0.5419898033;-0.9262236953;4
12.49005075;1.344766378;-0.2871387303;9.183652878;12.49804413;-0.05696314201;-0.5444332361;-0.9286671877;4
12.49215257;1.272981644;-0.2919243574;9.154939651;12.50014595;-0.06551524997;-0.5444332361;-0.9286671877;4
12.49425439;1.210768223;-0.3014956415;9.145368576;12.50224778;-0.07040216774;-0.5383245945;-0.9298889041;4
12.49635627;1.148554921;-0.2727817893;9.121439934;12.50434965;-0.0740673542;-0.5309942365;-0.9274454713;4
12.49845809;1.091127157;-0.2679961324;9.111868858;12.50645148;-0.0740673542;-0.521220386;-0.9262236953;4
12.50055991;1.019342422;-0.2775674164;9.164510727;12.5085533;-0.0728456229;-0.5102248192;-0.9225585461;4
12.50266174;0.94277215;-0.2632105052;9.217152596;12.51065517;-0.06918043643;-0.5004509687;-0.9188933372;4
12.50476361;0.8997012973;-0.2584248483;9.293723106;12.512757;-0.06429351866;-0.4894554019;-0.914006412;4
12.50686543;0.8327022791;-0.2297109663;9.30807972;12.51485882;-0.05818486959;-0.4772381186;-0.9091194868;4
12.50896726;0.760917604;-0.2153540403;9.332008362;12.51696064;-0.05451968312;-0.4662425518;-0.9030108452;4
12.51106913;0.6652047038;-0.2105683982;9.327222824;12.51906252;-0.04596757516;-0.4503600597;-0.8956804872;4
12.51317095;0.5742774606;-0.2057827413;9.317651749;12.52116434;-0.0374154672;-0.4356993139;-0.8895718455;4
12.51527278;0.4977070987;-0.2057827413;9.298508644;12.52326616;-0.02886336111;-0.424703747;-0.8822414875;4
12.5173746;0.4402793646;-0.2105683982;9.245866776;12.52536799;-0.01786779426;-0.408821255;-0.8785762787;4
12.51947648;0.3876372576;-0.2249253243;9.250652313;12.52746986;-0.004428769462;-0.3929387629;-0.8736893535;4
12.5215783;0.3349951804;-0.2249253243;9.317651749;12.52957168;0.007788525894;-0.3721693754;-0.8700241446;4
12.52368012;0.2919243574;-0.2632105052;9.36550808;12.53167351;0.02244928107;-0.355065167;-0.8688024282;4
12.52578194;0.2727817893;-0.2871387303;9.394221306;12.53377533;0.03344484791;-0.3379609287;-0.8675807118;4
12.52788382;0.2823530734;-0.3110669553;9.389435768;12.5358772;0.04688387364;-0.3269653618;-0.8688024282;4
12.52998564;0.2919243574;-0.3445664644;9.403793335;12.53797903;0.05910116807;-0.315969795;-0.8712459207;4
12.53208746;0.2823530734;-0.3637090325;9.375079155;12.54008085;0.06765327603;-0.3074176908;-0.8736893535;4
12.53418929;0.2823530734;-0.4067798555;9.346364975;12.54218267;0.07742711157;-0.3013090491;-0.8761327863;4
12.53629116;0.2584248483;-0.4402793646;9.30807972;12.5442845;0.0847574845;-0.2927569449;-0.8810197115;4
12.53839299;0.2488535494;-0.4642075896;9.2362957;12.54638637;0.09208786488;-0.281761378;-0.8859066367;4
12.54049481;0.2249253243;-0.5264210105;9.145368576;12.54848819;0.09330959618;-0.2732092738;-0.8920152783;4
12.54259663;0.2105683982;-0.5359922647;9.040083885;12.55059002;0.09453132749;-0.2597702444;-0.89812392;4
12.54469845;0.1914258152;-0.5694918036;8.934800148;12.55269189;0.09330959618;-0.2463312149;-0.9042325616;4
12.54680033;0.1579262912;-0.5838487148;8.829515457;12.55479372;0.09086613357;-0.2341139317;-0.9091194868;4
12.54890215;0.1052841991;-0.5790630579;8.719446182;12.55689554;0.0859792158;-0.2218966335;-0.9103412628;4
12.55100398;0.04307080805;-0.5599204898;8.614161491;12.55899736;0.07742711157;-0.2084576041;-0.9091194868;4
12.55310585;-0.06221338734;-0.5264210105;8.480163574;12.56109924;0.06887500733;-0.2023489624;-0.9054543376;4
12.55520767;-0.2057827413;-0.4977070987;8.365307808;12.56320106;0.06032289565;-0.1974620372;-0.89812392;4
12.5573095;-0.3445664644;-0.4498506486;8.303094864;12.56530288;0.04688387364;-0.1913533956;-0.8920152783;4
12.55941132;-0.5216353536;-0.3828516304;8.260024071;12.5674047;0.03344484791;-0.1901316643;-0.8834632039;4
12.56151319;-0.6843472719;-0.3637090325;8.164310455;12.56950658;0.02122755162;-0.1925751269;-0.8724676371;4
12.56361502;-0.837487936;-0.3062812984;8.08295536;12.57160835;0.007788525894;-0.1974620372;-0.8614720702;4
12.56571684;-0.9714859724;-0.2727817893;8.001599312;12.57371023;-0.009315688163;-0.2047924101;-0.8516982198;4
12.56781866;-1.062413216;-0.2536391914;7.96331358;12.5758121;-0.02519817278;-0.215787977;-0.8370374441;4
12.56992054;-1.158126116;-0.1962114573;7.925028801;12.57791392;-0.04230238497;-0.2267835438;-0.8248201609;4
12.57202231;-1.249053478;-0.1579262912;7.905886173;12.58001575;-0.05818486959;-0.239000842;-0.8101593852;4
12.57412418;-1.330409408;-0.1435693651;7.896314621;12.58211762;-0.07773254067;-0.2499964088;-0.7954986691;4
12.57622606;-1.430907965;-0.1292124242;7.86281538;12.58421939;-0.0972802192;-0.2634354234;-0.7796161771;4
12.57832788;-1.512263894;-0.1244267747;7.86281538;12.58632127;-0.115606159;-0.2744309902;-0.7625119686;4
12.5804297;-1.603191137;-0.1148554832;7.843672752;12.58842309;-0.138819024;-0.281761378;-0.7454077601;4
12.58253158;-1.698904037;-0.1148554832;7.829315662;12.59052491;-0.1608101577;-0.2927569449;-0.7295252681;4
12.58463335;-1.780260086;-0.1148554832;7.791030407;12.59262674;-0.1840230078;-0.3000873327;-0.713642776;4
12.58673522;-1.828116536;-0.1148554832;7.771887779;12.59472856;-0.2047924101;-0.3074176908;-0.6965385675;4
12.58883705;-1.895115495;-0.1196411327;7.752745152;12.59683043;-0.2292270064;-0.3147480786;-0.6818777919;4
12.59093887;-1.938186288;-0.1196411327;7.709674358;12.59893226;-0.2512181401;-0.3208567202;-0.6684387922;4
12.59304069;-1.966900229;-0.1483550072;7.690532207;12.60103408;-0.2732092738;-0.3233001828;-0.6525563002;4
12.59514252;-1.995614052;-0.1722832322;7.690532207;12.60313595;-0.2927569449;-0.3233001828;-0.6391173005;4
12.59724439;-2.029113531;-0.1770688742;7.704888821;12.60523778;-0.312304616;-0.3257436454;-0.6244565248;4
12.59934622;-2.067398787;-0.1818545163;7.719245911;12.6073396;-0.3318522871;-0.3245218992;-0.6110175252;4
12.60144804;-2.100898266;-0.1770688742;7.747959614;12.60944142;-0.3465130329;-0.3220784664;-0.5988001823;4
12.60354991;-2.143969059;-0.1962114573;7.786244869;12.6115433;-0.3599520624;-0.3196350038;-0.5841394663;4
12.60565174;-2.187039852;-0.2009970993;7.838887215;12.61364512;-0.3733910918;-0.3135263622;-0.570700407;4
12.60775356;-2.210968018;-0.2153540403;7.872386456;12.61574694;-0.3819431961;-0.2988655865;-0.5584831238;4
12.60985538;-2.254039049;-0.2536391914;7.934599876;12.61784882;-0.3904953003;-0.2878700197;-0.5462658405;4
12.61195726;-2.292324066;-0.3062812984;8.035098076;12.61995064;-0.3941605091;-0.2744309902;-0.5340485573;4
12.61405908;-2.311466694;-0.3445664644;8.106883049;12.62205247;-0.3966039717;-0.262213707;-0.5218312144;4
12.6161609;-2.316252232;-0.3637090325;8.207381248;12.62415429;-0.3941605091;-0.2512181401;-0.5108356476;4
12.61826278;-2.349751949;-0.3780659735;8.307880402;12.62625611;-0.3941605091;-0.2365573794;-0.4961749315;4
12.6203646;-2.402393818;-0.3493520916;8.38923645;12.62835799;-0.3856084049;-0.2218966335;-0.4815141559;4
12.62246642;-2.459821701;-0.3445664644;8.484949112;12.63045981;-0.3843866587;-0.2035706937;-0.4680751264;4
12.62456825;-2.536391973;-0.3349951804;8.585447311;12.63256168;-0.3770562708;-0.1779143661;-0.4521926641;4
12.62667007;-2.603390932;-0.3254238665;8.671588898;12.63466351;-0.3672824502;-0.1522580534;-0.4350884259;4
12.62877194;-2.675175667;-0.3254238665;8.709874153;12.63676533;-0.3562868834;-0.1241582632;-0.4179842174;4
12.63087377;-2.742174864;-0.3637090325;8.757730484;12.63886715;-0.3428478539;-0.09239330143;-0.4008800089;4
12.63297564;-2.794816732;-0.3828516304;8.815158844;12.64096898;-0.328187108;-0.06185005978;-0.3813323379;4
12.63507746;-2.82831645;-0.3876372576;8.910871506;12.64307085;-0.3135263622;-0.03252854943;-0.3654498458;4
12.63717929;-2.861815929;-0.4019941986;9.025727272;12.64517267;-0.2952004075;-0.0007635809598;-0.3483456373;4
12.63928111;-2.866601467;-0.4211367965;9.083154678;12.6472745;-0.2768744528;0.02611446939;-0.3336848915;4
12.64138293;-2.871387243;-0.4594219327;9.150154114;12.64937632;-0.2597702444;0.05543597788;-0.320245862;4
12.64348481;-2.861815929;-0.5072783828;9.255437851;12.65147819;-0.2426660359;0.08353576064;-0.3055851161;4
12.64558663;-2.861815929;-0.5120640397;9.322437286;12.65358002;-0.2255618125;0.1091920808;-0.2933678031;4
12.64768845;-2.866601467;-0.5024927258;9.379864693;12.65568184;-0.2096793354;0.1299614757;-0.2811505198;4
12.64979028;-2.818745136;-0.4785645306;9.437292099;12.65778366;-0.1950185746;0.1434005052;-0.2677114904;4
12.65189215;-2.823530674;-0.4594219327;9.461220741;12.65988554;-0.1803578287;0.154396072;-0.2542724609;4
12.65399398;-2.842673302;-0.4642075896;9.509077072;12.66198736;-0.1681405306;0.1605047137;-0.2396117151;4
12.6560958;-2.852244616;-0.4977070987;9.576076508;12.66408918;-0.158366695;0.1629481763;-0.2273944169;4
12.65819762;-2.890529871;-0.5072783828;9.614361763;12.66619101;-0.1498145908;0.1653916389;-0.2176205814;4
12.6602995;-2.94317174;-0.5407779217;9.671789169;12.66829283;-0.1449276656;0.161726445;-0.2102901936;4
12.66240132;-3.000599623;-0.5886343718;9.676574707;12.6703947;-0.138819024;0.161726445;-0.2066250145;4
12.66450314;-2.986242771;-0.6364908218;9.647860527;12.67249653;-0.1363755614;0.1568395346;-0.2078467458;4
12.66660497;-2.928814888;-0.679561615;9.647860527;12.67459835;-0.1351538301;0.1446222365;-0.2102901936;4
12.66870679;-2.818745136;-0.6891329288;9.623932838;12.67670023;-0.1375972927;0.1250745654;-0.2151771188;4
12.67080866;-2.694318295;-0.6843472719;9.647860527;12.67880205;-0.1412624866;0.1018617004;-0.2212857604;4
12.67291049;-2.598605394;-0.6556333899;9.652647018;12.68090387;-0.1485928595;0.0737619251;-0.2261726856;4
12.67501231;-2.54117775;-0.6460621357;9.667003632;12.68300569;-0.1595884264;0.05054906011;-0.2335030586;4
12.67711418;-2.550748825;-0.6843472719;9.681360245;12.68510757;-0.1705839932;0.02855792828;-0.2383899838;4
12.67921601;-2.603390932;-0.7274180651;9.686145782;12.68720939;-0.18157956;0.006566796452;-0.2457203567;4
12.68131783;-2.675175667;-0.7992027402;9.628718376;12.68931122;-0.1913533956;-0.02031125315;-0.2530507445;4
12.68341965;-2.785245657;-0.8470591903;9.643074989;12.69141304;-0.2011272311;-0.04352411628;-0.2616028488;4
12.68552153;-2.82831645;-0.8709874153;9.714859962;12.69351491;-0.2084576041;-0.06429351866;-0.2725984156;4
12.68762335;-2.833101988;-0.8757730722;9.810572624;12.69561674;-0.215787977;-0.08384118974;-0.2835939825;4
12.68972517;-2.809173822;-0.8853443861;9.834501266;12.69771856;-0.2194531709;-0.102167137;-0.2933678031;4
12.691827;-2.799602509;-0.866201818;9.901499748;12.69982043;-0.2206749022;-0.1180496216;-0.3019199073;4
12.69392887;-2.799602509;-0.8566305041;9.987641335;12.70192226;-0.2182314396;-0.1302669197;-0.3116937578;4
12.69603069;-2.823530674;-0.8422735929;10.07378292;12.70402408;-0.212122798;-0.1437059343;-0.3178023994;4
12.69813252;-2.866601467;-0.8231309652;10.13599682;12.7061259;-0.2047924101;-0.1485928595;-0.3226893246;4
12.70023439;-2.92402935;-0.7992027402;10.2221384;12.70822772;-0.1962403059;-0.1498145908;-0.3251327872;4
12.70233622;-3.014956474;-0.756131947;10.30349445;12.7103296;-0.1828012913;-0.1449276656;-0.3263545036;4
12.70443804;-3.110669374;-0.7274180651;10.36092186;12.71243142;-0.1669187993;-0.142484203;-0.3263545036;4
12.70653986;-3.220739365;-0.6987041831;10.46620655;12.7145333;-0.1510363221;-0.1363755614;-0.3251327872;4
12.70864168;-3.273381472;-0.6652047038;10.55234814;12.71663507;-0.1327103674;-0.1253799945;-0.3226893246;4
12.71074356;-3.321237803;-0.5934200287;10.60020447;12.71873694;-0.1143844277;-0.1119409725;-0.3178023994;4
12.71284538;-3.378665686;-0.5359922647;10.59541893;12.72083877;-0.09483675659;-0.09483675659;-0.3080285788;4
12.71494726;-3.455235958;-0.4977070987;10.61456108;12.72294059;-0.07528908551;-0.07773254067;-0.2982547283;4
12.71704903;-3.56530571;-0.4498506486;10.6480608;12.72504241;-0.0557414107;-0.06185005978;-0.2872591615;4
12.7191509;-3.680161238;-0.3972085714;10.65763187;12.72714429;-0.0374154672;-0.04230238497;-0.2750418782;4
12.72125273;-3.785445452;-0.3637090325;10.67677498;12.72924611;-0.01542433538;-0.02153298259;-0.2616028488;4
12.72335455;-3.905086517;-0.3349951804;10.66241741;12.73134793;0.004123337101;0.0004581485991;-0.2493855506;4
12.72545637;-3.967299938;-0.2775674164;10.62891865;12.73344976;0.02367101051;0.02122755162;-0.2347247899;4
12.72755825;-4.043870449;-0.2009970993;10.60499001;12.73555163;0.04077522457;0.03711003438;-0.2212857604;4
12.72966007;-4.115654945;-0.1674975902;10.5858469;12.73765345;0.05543597788;0.05299251899;-0.2078467458;4
12.73176189;-4.182653904;-0.1100698411;10.63848972;12.73975528;0.06887500733;0.07009673119;-0.1956294477;4
12.73386372;-4.201796532;-0.02871387079;10.5858469;12.74185715;0.07864884287;0.07987056673;-0.1797469556;4
12.73596559;-4.235296249;0.05742774159;10.49013424;12.74395898;0.08842267841;0.08964440972;-0.1650862098;4
12.73806741;-4.29750967;0.1052841991;10.3848505;12.7460608;0.09330959618;0.09819651395;-0.1479819864;4
12.74016924;-4.364508629;0.1579262912;10.27478027;12.74816267;0.09453132749;0.1018617004;-0.1308777779;4
12.74227111;-4.436293125;0.2057827413;10.15513897;12.7502645;0.09941824526;0.1104138121;-0.1149952933;4
12.74437293;-4.508078098;0.2249253243;10.08335495;12.75236632;0.09941824526;0.117744185;-0.0978910774;4
12.74647476;-4.560719967;0.2584248483;10.01635551;12.75446814;0.1030834317;0.1238528341;-0.08200860023;4
12.74857663;-4.599005222;0.2775674164;9.958928108;12.75656996;0.1018617004;0.127518028;-0.06612611562;4
12.75067845;-4.613361835;0.3110669553;9.887143135;12.75867184;0.1030834317;0.131183207;-0.05268708616;4
12.75278028;-4.608576298;0.3637090325;9.834501266;12.76077366;0.1030834317;0.1360701323;-0.03802633286;4
12.7548821;-4.613361835;0.3828516304;9.810572624;12.76287549;0.1030834317;0.1336266696;-0.02336557768;4
12.75698392;-4.61814785;0.3924229145;9.743574142;12.76497731;0.1030834317;0.134848401;-0.01114828233;4
12.7590858;-4.61814785;0.4211367965;9.724431038;12.76707918;0.1030834317;0.1360701323;-0.001374445739;4
12.76118762;-4.61814785;0.4115654826;9.652647018;12.76918101;0.1030834317;0.1385135949;0.0108428495;4
12.76328944;-4.642076015;0.4019941986;9.609575272;12.77128283;0.1018617004;0.1385135949;0.02061668597;4
12.76539127;-4.651647091;0.4019941986;9.57129097;12.77338465;0.1018617004;0.1409570426;0.03039052337;4
12.76749314;-4.637290478;0.3876372576;9.499505997;12.77548653;0.09941824526;0.1446222365;0.04138609022;4
12.76959497;-4.632504463;0.4115654826;9.427721024;12.77758835;0.09697478265;0.1495091617;0.05238165334;4
12.77169679;-4.61814785;0.4402793646;9.36550808;12.77969017;0.09453132749;0.1531743407;0.06582067907;4
12.77379861;-4.651647091;0.4785645306;9.303294182;12.78179205;0.09086613357;0.1580612659;0.08170316368;4
12.77590049;-4.689932346;0.4929214716;9.284152031;12.78389387;0.0859792158;0.1592829973;0.1000291109;4
12.77800231;-4.733003139;0.5455635786;9.265008926;12.78599569;0.08231402934;0.1641699076;0.1171333194;4
12.78010413;-4.771288395;0.5790630579;9.250652313;12.78809752;0.07864884287;0.1641699076;0.1366809905;4
12.78220601;-4.80957365;0.5982056856;9.241081238;12.79019934;0.07620538026;0.1702785641;0.1562286615;4
12.78430783;-4.833501816;0.6125625968;9.260223389;12.79230122;0.0725401938;0.1715002805;0.1769980639;4
12.78640965;-4.852644444;0.6125625968;9.279366493;12.79440304;0.07009673119;0.1678351015;0.1953240186;4
12.78851148;-4.867001057;0.6077769399;9.312865257;12.79650486;0.06887500733;0.1702785641;0.2148716897;4
12.7906133;-4.876572609;0.6077769399;9.322437286;12.79860668;0.06887500733;0.1678351015;0.2319758981;4
12.79271517;-4.895715237;0.5982056856;9.389435768;12.80070856;0.07009673119;0.161726445;0.2478583902;4
12.794817;-4.886143684;0.6029912829;9.408578873;12.80281038;0.07009673119;0.1556178033;0.2637408674;4
12.79691882;-4.833501816;0.5982056856;9.466006279;12.80491226;0.0725401938;0.1507308781;0.2771798968;4
12.79902064;-4.785645485;0.5838487148;9.466006279;12.80701403;0.07131846249;0.1458439678;0.2930623889;4
12.80112252;-4.747360229;0.5647061467;9.499505997;12.8091159;0.07131846249;0.1397353113;0.3052796721;4
12.80322434;-4.713860512;0.5359922647;9.523433685;12.81121772;0.0725401938;0.1360701323;0.3187187016;4
12.80532622;-4.704289436;0.5072783828;9.528220177;12.81331955;0.07620538026;0.1324049383;0.3309359848;4
12.80742799;-4.675575256;0.4737788737;9.54257679;12.81542137;0.07620538026;0.1324049383;0.3455967605;4
12.80952986;-4.656432629;0.4642075896;9.556933403;12.81752325;0.07498364896;0.131183207;0.3590357602;4
12.81163168;-4.61814785;0.4642075896;9.556933403;12.81962507;0.07498364896;0.1336266696;0.3712530732;4
12.81373351;-4.575077057;0.4594219327;9.537791252;12.82172689;0.0737619251;0.134848401;0.3834703565;4
12.81583533;-4.551148891;0.4498506486;9.552147865;12.82382877;0.0737619251;0.1385135949;0.3981311321;4
12.8179372;-4.484149456;0.4402793646;9.566504478;12.82593059;0.0737619251;0.1409570426;0.4103484154;4
12.82003903;-4.431507587;0.4450650215;9.604789734;12.82803241;0.0737619251;0.1470656991;0.4237874448;4
12.82214085;-4.383651257;0.4450650215;9.604789734;12.83013424;0.07864884287;0.1519526094;0.4372264743;4
12.82424273;-4.307080746;0.4354937077;9.619147301;12.83223611;0.08231402934;0.1580612659;0.4494437575;4
12.82634455;-4.259224415;0.3876372576;9.686145782;12.83433793;0.08964440972;0.1641699076;0.4604393244;4
12.82844637;-4.192225456;0.3445664644;9.757930756;12.83643976;0.09330959618;0.1678351015;0.4714348912;4
12.83054819;-4.110869408;0.3110669553;9.8201437;12.83854158;0.09819651395;0.1727220118;0.4799869955;4
12.83265007;-4.024727821;0.2919243574;9.853643417;12.84064345;0.104305163;0.1788306683;0.4897608459;4
12.83475189;-3.919443607;0.2679961324;9.872786522;12.84274528;0.1104138121;0.1886045039;0.4995346665;4
12.83685372;-3.838087559;0.2679961324;9.868000984;12.8448471;0.1189659163;0.1947131455;0.5080868006;4
12.83895554;-3.775874138;0.2536391914;9.868000984;12.84694892;0.1250745654;0.204486981;0.5190823674;4
12.84105741;-3.742374659;0.2344966233;9.87757206;12.8490508;0.131183207;0.2154825479;0.5300779343;4
12.84315924;-3.708875179;0.2201396823;9.868000984;12.85115262;0.134848401;0.2264781147;0.5410735011;4
12.84526106;-3.670589924;0.1962114573;9.858428955;12.85325444;0.1409570426;0.2423606068;0.5496255755;4
12.84736288;-3.632304668;0.1914258152;9.829715729;12.85535627;0.1421787739;0.2533561587;0.5606211424;4
12.84946476;-3.574877024;0.1818545163;9.781859398;12.85745814;0.1470656991;0.2655734718;0.5703949928;4
12.85156658;-3.507878065;0.1914258152;9.762716293;12.85955996;0.1495091617;0.2790125012;0.5801688433;4
12.8536684;-3.412165165;0.1866401732;9.738788605;12.86166179;0.1507308781;0.2924515009;0.5911644101;4
12.85577022;-3.316452265;0.1531406492;9.724431038;12.86376366;0.1507308781;0.308333993;0.602159977;4
12.8578721;-3.24466753;0.1770688742;9.695717812;12.86586549;0.1519526094;0.3229947388;0.6107120514;4
12.85997392;-3.177668571;0.1579262912;9.69093132;12.86796731;0.1507308781;0.3352120519;0.6204859018;4
12.86207575;-3.120240688;0.1483550072;9.681360245;12.87006913;0.154396072;0.3449858725;0.6314814687;4
12.86417762;-3.072384357;0.1483550072;9.700503349;12.87217095;0.154396072;0.358424902;0.6375901103;4
12.86627944;-3.00538516;0.1387837082;9.74835968;12.87427283;0.1568395346;0.370642215;0.6449204683;4
12.86838127;-2.928814888;0.1196411327;9.796216011;12.87637465;0.1629481763;0.3816377819;0.652250886;4
12.87048309;-2.847458839;0.1100698411;9.839286804;12.87847653;0.1653916389;0.3914116025;0.6571378112;4
12.87258491;-2.761317253;0.04785645381;9.896714211;12.8805783;0.1702785641;0.3987419903;0.6620246768;4
12.87468679;-2.679961443;0.02871387079;9.949356079;12.88268017;0.1751654744;0.4072940946;0.6644681692;4
12.87678861;-2.608176708;-0.0239282269;10.02114105;12.884782;0.181274116;0.4182896614;0.6632464528;4
12.87889049;-2.536391973;-0.0765703246;10.06899738;12.88688382;0.1886045039;0.4256200492;0.6656898856;4
12.88099226;-2.464607239;-0.1148554832;10.09771156;12.88898569;0.1971566081;0.4317286909;0.6644681692;4
12.88309413;-2.402393818;-0.1770688742;10.15035343;12.89108752;0.204486981;0.4402807951;0.6620246768;4
12.88519595;-2.344966173;-0.2201396823;10.19820976;12.89318934;0.2105956376;0.4500546157;0.6608029604;4
12.88729778;-2.30189538;-0.2440679073;10.22692394;12.89529116;0.2167042792;0.454941541;0.6571378112;4
12.88939965;-2.244467735;-0.2775674164;10.21256733;12.89739299;0.2252563834;0.4622719288;0.6571378112;4
12.89150148;-2.225325108;-0.3158525825;10.2652092;12.89949486;0.2301433086;0.4659371078;0.6546943188;4
12.8936033;-2.210968018;-0.3589234054;10.26999474;12.90159668;0.2374736816;0.4720457494;0.65102911;4
12.89570512;-2.172683001;-0.3732803464;10.27956581;12.90369851;0.2423606068;0.4732674956;0.6485856771;4
12.89780694;-2.134397745;-0.4115654826;10.25085258;12.90580038;0.2484692484;0.4805978537;0.6473639607;4
12.89990882;-2.086541414;-0.4259224236;10.21735287;12.9079022;0.2533561587;0.4867065251;0.6449204683;4
12.90201064;-2.057827473;-0.4450650215;10.19820976;12.91000403;0.2570213675;0.4879282415;0.6424770355;4
12.90411246;-2.043470621;-0.4594219327;10.14556789;12.91210585;0.2631300092;0.4952586293;0.6412553191;4
12.90621434;-1.990828395;-0.4594219327;10.08335495;12.91420772;0.2655734718;0.5001455545;0.6400335431;4
12.90831616;-1.952543259;-0.4498506486;9.978070259;12.91630955;0.2667951882;0.5074759126;0.6400335431;4
12.91041799;-1.890329838;-0.4115654826;9.891928673;12.91841137;0.2704603672;0.5123628378;0.6412553191;4
12.91251981;-1.837687731;-0.3924229145;9.791430473;12.92051319;0.2680169344;0.5135845542;0.6424770355;4
12.91462168;-1.813759565;-0.3589234054;9.705288887;12.92261507;0.2667951882;0.5184714794;0.6473639607;4
12.91672351;-1.770688772;-0.3541377485;9.657432556;12.92471689;0.2643517256;0.5270236135;0.652250886;4
12.91882533;-1.770688772;-0.3062812984;9.585647583;12.92681872;0.2606865466;0.5343539715;0.6583595276;4
12.92092715;-1.746760488;-0.3062812984;9.494720459;12.92892054;0.2521344423;0.5355756879;0.666911602;4
12.92302903;-1.746760488;-0.2584248483;9.422935486;12.93102241;0.2484692484;0.5367974043;0.6791289449;4
12.92513085;-1.741974831;-0.2153540403;9.322437286;12.93312424;0.2386954129;0.5343539715;0.6913462281;4
12.92723267;-1.741974831;-0.1674975902;9.269794464;12.93522606;0.2289215773;0.5306887627;0.7072287202;4
12.9293345;-1.746760488;-0.1339980662;9.188439369;12.93732788;0.2191477418;0.5270236135;0.7218894362;4
12.93143637;-1.761117458;-0.1052841991;9.140582085;12.93942976;0.2093739063;0.5196931958;0.7389936447;4
12.93353819;-1.756331801;-0.08135596663;9.087940216;12.94153158;0.1983783394;0.5148062706;0.7548761368;4
12.93564002;-1.737189293;-0.07178468257;9.092725754;12.9436334;0.1922696829;0.5062541962;0.7707586288;4
12.93774184;-1.713261008;-0.1100698411;9.078369141;12.94573522;0.181274116;0.5025889874;0.7866411209;4
12.93984372;-1.670190215;-0.09092725813;9.044869423;12.9478371;0.1751654744;0.4940368831;0.8000801206;4
12.94194554;-1.584048629;-0.1004985496;9.054440498;12.94993892;0.1653916389;0.4842630625;0.8110756874;4
12.94404736;-1.497906923;-0.1052841991;9.025727272;12.95204075;0.1629481763;0.4793761373;0.8208495378;4
12.94614918;-1.383051515;-0.1387837082;9.025727272;12.95414257;0.1556178033;0.4818195999;0.8281798959;4
12.94825106;-1.249053478;-0.1770688742;9.064012527;12.95624444;0.1495091617;0.4842630625;0.8355103135;4
12.95035288;-1.0863415;-0.2153540403;9.064012527;12.95834627;0.1446222365;0.4915934205;0.8403972387;4
12.9524547;-0.9475577474;-0.2584248483;9.025727272;12.96044809;0.1372918636;0.4989238083;0.8440623879;4
12.95455653;-0.813559711;-0.2919243574;9.016156197;12.96254991;0.1324049383;0.5062541962;0.8489493132;4
12.9566584;-0.708275497;-0.3254238665;9.025727272;12.96465179;0.1262962967;0.5111411214;0.852614522;4
12.95876022;-0.6125625968;-0.3541377485;9.03051281;12.96675361;0.1226311028;0.517249763;0.852614522;4
12.96086205;-0.5072783828;-0.4115654826;9.025727272;12.96885543;0.1189659163;0.5270236135;0.8513928056;4
12.96296387;-0.3924229145;-0.4642075896;9.044869423;12.97095731;0.1201876476;0.5380191803;0.8489493132;4
12.96506575;-0.3014956415;-0.5359922647;9.087940216;12.97305913;0.117744185;0.5502364635;0.8440623879;4
12.96716757;-0.1914258152;-0.6029912829;9.107083321;12.97516095;0.117744185;0.5575668216;0.8416189551;4
12.96926939;-0.08614161611;-0.6460621357;9.135796547;12.97726278;0.1214093715;0.5661189556;0.8355103135;4
12.97137127;0.01914258115;-0.6747759581;9.183652878;12.9793646;0.1238528341;0.57467103;0.8306233883;4
12.97347309;0.1148554832;-0.6652047038;9.20758152;12.98146648;0.1287397593;0.5868883133;0.8257364631;4
12.97557491;0.2153540403;-0.6747759581;9.231510162;12.9835683;0.131183207;0.5942187309;0.818406105;4
12.97767674;0.2919243574;-0.679561615;9.245866776;12.98567012;0.1360701323;0.5978838801;0.8135191798;4
12.97977856;0.3924229145;-0.6604190469;9.255437851;12.98777194;0.1385135949;0.6039925218;0.809853971;4
12.98188043;0.4498506486;-0.650847733;9.250652313;12.98987382;0.1421787739;0.6039925218;0.8061888218;4
12.98398226;0.5264210105;-0.6364908218;9.245866776;12.99197564;0.1434005052;0.610101223;0.8013018966;4
12.98608408;0.5647061467;-0.6125625968;9.226723671;12.99407752;0.1434005052;0.6137663722;0.7976366878;4
12.9881859;0.5838487148;-0.6077769399;9.212367058;12.99617934;0.1397353113;0.617431581;0.7951932549;4
12.99028778;0.5886343718;-0.5934200287;9.17886734;12.99828116;0.134848401;0.6186532974;0.7927497625;4
12.9923896;0.6077769399;-0.5934200287;9.116654396;13.00038299;0.1287397593;0.6186532974;0.7878628373;4
12.99449148;0.6412764788;-0.5599204898;9.025727272;13.00248481;0.117744185;0.6137663722;0.7841976881;4
12.9965933;0.6987041831;-0.5503492355;8.920442581;13.00458668;0.104305163;0.6137663722;0.7817541957;4
12.99869512;0.7226324677;-0.5551348329;8.877371788;13.00668851;0.09086613357;0.6149880886;0.7768672705;4
13.00079694;0.760917604;-0.5407779217;8.834300995;13.00879033;0.07620538026;0.6137663722;0.7719803452;4
13.00289877;0.8087740541;-0.5359922647;8.748159409;13.0108922;0.06032289565;0.6113229394;0.7695369124;4
13.00500064;0.8566305041;-0.5072783828;8.671588898;13.01299403;0.04444041103;0.601549089;0.76709342;4
13.00710247;0.9284151793;-0.5168496966;8.623732567;13.01509585;0.02977965772;0.5942187309;0.7634282708;4
13.00920429;0.9858429432;-0.5120640397;8.590232849;13.01719767;0.01634063199;0.5832231641;0.7634282708;4
13.01130616;1.024128079;-0.4929214716;8.590232849;13.01929955;-0.0007635809598;0.5758927464;0.7609847784;4
13.01340799;1.048056364;-0.5120640397;8.614161491;13.02140137;-0.01420260593;0.5722275972;0.7585413456;4
13.01550981;1.105484009;-0.5312066078;8.647661209;13.02350319;-0.02886336111;0.5722275972;0.7573196292;4
13.01761163;1.148554921;-0.5359922647;8.671588898;13.02560502;-0.04352411628;0.5722275972;0.7560978532;4
13.01971351;1.1820544;-0.4929214716;8.690732002;13.02770689;-0.05940660089;0.5734493136;0.7536544204;4
13.02181533;1.220339537;-0.4642075896;8.709874153;13.02980872;-0.0740673542;0.5734493136;0.7499892116;4
13.02391715;1.306481123;-0.4115654826;8.66680336;13.03191054;-0.08750637621;0.57467103;0.7475457788;4
13.02601898;1.339980721;-0.3684946895;8.685946465;13.03401236;-0.0972802192;0.5795579553;0.7463240623;4
13.02812085;1.383051515;-0.3876372576;8.781659126;13.03611418;-0.1070540547;0.5881100893;0.7438805699;4
13.03022267;1.445264935;-0.3924229145;8.853444099;13.03821606;-0.1094975099;0.5942187309;0.7426588535;4
13.0323245;1.469193101;-0.4259224236;8.953942299;13.04031788;-0.1107192412;0.6027708054;0.7402154207;4
13.03442632;1.493121386;-0.4450650215;9.068798065;13.0424197;-0.1082757786;0.608879447;0.7377719283;4
13.03652814;1.517049551;-0.4929214716;9.250652313;13.04452153;-0.09972367436;0.6137663722;0.7353284955;4
13.03863002;1.531406522;-0.5120640397;9.44207859;13.0466234;-0.08994983882;0.6198750138;0.7304415703;4
13.04073184;1.531406522;-0.5886343718;9.595218658;13.04872522;-0.08017600328;0.6210967898;0.7279980779;4
13.04283366;1.526620865;-0.6317051649;9.74835968;13.05082705;-0.06795870513;0.624761939;0.7243329287;4
13.04493549;1.521835208;-0.6891329288;9.906285286;13.05292887;-0.05085449293;0.6284271479;0.7194460034;4
13.04703736;1.526620865;-0.7274180651;10.01635551;13.05503075;-0.03863719851;0.6272054315;0.7145590782;4
13.04913918;1.531406522;-0.7704889178;10.11685371;13.05713257;-0.02275471389;0.6272054315;0.7108938694;4
13.05124101;1.536192179;-0.7800601721;10.20778179;13.05923439;-0.008093958721;0.6223185062;0.7072287202;4
13.05334283;1.555334687;-0.7944171429;10.29392338;13.06133627;0.007788525894;0.6186532974;0.7035635114;4
13.0554447;1.531406522;-0.8039883971;10.37527943;13.06343804;0.02000582218;0.617431581;0.702341795;4
13.05754653;1.517049551;-0.784845829;10.41356373;13.06553991;0.02977965772;0.608879447;0.7011200786;4
13.05964835;1.488335729;-0.7800601721;10.43749237;13.06764174;0.03955349326;0.6003273726;0.7011200786;4
13.06175022;1.512263894;-0.7657032609;10.43749237;13.06974361;0.04566214234;0.5893318057;0.7011200786;4
