Tempo acelerômetro (s);Acelerômetro X (m/s²);Acelerômetro Y (m/s²);Acelerômetro Z (m/s²);Tempo giroscópio (s);Giroscópio X (rad/s);Giroscópio Y (rad/s);Giroscópio Z (rad/s);gesto
11.69677641;-1.459621787;0.6029912829;10.23170948;11.70476959;-0.0616973415;0.01389717404;0.02061668597;4
11.69887818;-1.526620865;0.6029912829;10.2652092;11.70687136;-0.0616973415;0.005345067009;0.02183841541;4
11.70097995;-1.574477315;0.5982056856;10.32742214;11.70897318;-0.06047561392;-0.0007635809598;0.02183841541;4
11.70308178;-1.627119422;0.6125625968;10.37527943;11.71107495;-0.05925388262;-0.01053741761;0.02306014486;4
11.70518354;-1.670190215;0.6125625968;10.40877819;11.71317672;-0.05803215504;-0.02031125315;0.02183841541;4
11.70728532;-1.727617979;0.6221339107;10.47577763;11.71527854;-0.05681042373;-0.02886336111;0.02061668597;4
11.70938714;-1.761117458;0.6317051649;10.53320503;11.71738032;-0.05192350596;-0.0374154672;0.02061668597;4
11.71148891;-1.818545222;0.6364908218;10.5858469;11.71948209;-0.04825831577;-0.04474584386;0.01817322709;4
11.71359068;-1.880758643;0.650847733;10.66241741;11.72158391;-0.04581485689;-0.04963276163;0.01695149764;4
11.7156925;-1.957328916;0.6460621357;10.73420238;11.72368568;-0.03970621154;-0.0557414107;0.0157297682;4
11.71779428;-2.019542217;0.6699903607;10.78205872;11.72578745;-0.03359756246;-0.05818486959;0.01328630932;4
11.71989604;-2.091326952;0.6556333899;10.84427261;11.72788928;-0.02626718581;-0.06185005978;0.01328630932;4
11.72199787;-2.167897224;0.650847733;10.89212894;11.72999104;-0.02015853859;-0.06307178736;0.0108428495;4
11.72409964;-2.239681959;0.6412764788;10.92084217;11.73209282;-0.01527161989;-0.06185005978;0.009621120058;4
11.72620141;-2.306680918;0.650847733;10.94955635;11.73419464;-0.006719512399;-0.06307178736;0.008399390616;4
11.72830323;-2.388036966;0.6317051649;10.96869946;11.73629641;0.001832594397;-0.06429351866;0.005955931731;4
11.730405;-2.450250387;0.6317051649;11.02134132;11.73839823;0.00916297175;-0.06429351866;0.00351247238;4
11.73250678;-2.517249346;0.6221339107;11.01655579;11.7405;0.01893680729;-0.06185005978;0.002290742937;4
11.7346086;-2.555534601;0.6029912829;11.05962658;11.74260178;0.02993237413;-0.06307178736;0.001069013379;4
11.73671037;-2.612962246;0.5934200287;11.10269737;11.74470354;0.04214967042;-0.06551524997;-0.001374445739;4
11.73881219;-2.675175667;0.5838487148;11.11705399;11.74680537;0.05436696485;-0.06429351866;-0.002596175298;4
11.74091396;-2.71824646;0.5982056856;11.15533924;11.74890714;0.06902772188;-0.06551524997;-0.003817904973;4
11.74301573;-2.770888567;0.6029912829;11.18405342;11.75100896;0.08246674389;-0.06185005978;-0.006261364091;4
11.7451175;-2.809173822;0.626919508;11.18883896;11.75311073;0.09957095981;-0.05818486959;-0.007483093534;4
11.74721933;-2.852244616;0.6317051649;11.16969585;11.7552125;0.1154534444;-0.06062832847;-0.01114828233;4
11.7493211;-2.880958557;0.6221339107;11.15533924;11.75731428;0.1276707351;-0.06185005978;-0.01603520103;4
11.75142292;-2.900100946;0.626919508;11.11226845;11.7594161;0.1398880333;-0.06795870513;-0.02214384824;4
11.75352469;-2.885744095;0.626919508;11.05005455;11.76151787;0.1521053314;-0.0740673542;-0.02703076601;4
11.75562646;-2.866601467;0.6173482537;10.9304142;11.76361964;0.1631008983;-0.08139773458;-0.03191768378;4
11.75772823;-2.81395936;0.6173482537;10.83948612;11.76572146;0.1704312712;-0.08506292105;-0.03680460155;4
11.75983006;-2.837887764;0.6125625968;10.80598736;11.76782323;0.1765399277;-0.08994983882;-0.03802633286;4
11.76193183;-2.871387243;0.6652047038;10.71984577;11.76992506;0.181426838;-0.09361502528;-0.03558287397;4
11.7640336;-2.971885681;0.756131947;10.60977554;11.77202683;0.1826485693;-0.1033888608;-0.03069595434;4
11.76613542;-3.086741209;0.837487936;10.4853487;11.7741286;0.1802051067;-0.1180496216;-0.02458730713;4
11.76823719;-3.196810961;0.9188438654;10.36092186;11.77623042;0.1753181964;-0.1339320987;-0.01847865991;4
11.77033901;-3.273381472;0.9858429432;10.29392338;11.77833219;0.1667660922;-0.1461493969;-0.008704823442;4
11.77244078;-3.345165968;1.048056364;10.18385315;11.78043396;0.1594357044;-0.158366695;-0.001374445739;4
11.77454256;-3.397808075;1.057627559;10.04506969;11.78253578;0.1521053314;-0.1693622619;0.008399390616;4
11.77664438;-3.440878868;1.057627559;9.973284721;11.78463756;0.1447749585;-0.1828012913;0.01695149764;4
11.77874615;-3.474378586;1.095912814;9.906285286;11.78673938;0.135001123;-0.1901316643;0.02550360374;4
11.78084792;-3.460021496;1.153340459;9.824930191;11.78884115;0.1276707351;-0.1986837685;0.03527744114;4
11.78294974;-3.460021496;1.21555388;9.757930756;11.79094292;0.1191186309;-0.2072358727;0.04749473557;4
11.78505151;-3.43609333;1.31126678;9.710074425;11.79304469;0.1105665267;-0.2170097083;0.0609337613;4
11.78715334;-3.412165165;1.392622828;9.676574707;11.79514651;0.102014415;-0.2218966335;0.07315105945;4
11.78925511;-3.426522017;1.464407444;9.647860527;11.79724828;0.08979712427;-0.2304487377;0.09025526792;4
11.79135688;-3.445664644;1.493121386;9.619147301;11.79935006;0.07880155742;-0.235335663;0.1036942974;4
11.79345865;-3.479164124;1.512263894;9.537791252;11.80145188;0.06658425927;-0.2365573794;0.1183550507;4
11.79556047;-3.488735437;1.526620865;9.437292099;11.80355365;0.05436696485;-0.2365573794;0.1342375278;4
11.79766224;-3.498306751;1.469193101;9.403793335;11.80565547;0.04214967042;-0.2280052751;0.1488982886;4
11.79976401;-3.527020693;1.435693622;9.41336441;11.80775724;0.03359756246;-0.2145662606;0.1635590494;4
11.80186584;-3.517449379;1.421336651;9.41336441;11.80985901;0.02871064469;-0.1962403059;0.1782197952;4
11.80396761;-3.488735437;1.416550994;9.427721024;11.81196078;0.02382372692;-0.1742491722;0.1941022873;4
11.80606943;-3.464807272;1.440479279;9.504291534;11.81406261;0.02138026804;-0.1485928595;0.2112064958;4
11.8081712;-3.43609333;1.459621787;9.566504478;11.81616438;0.01893680729;-0.1266017258;0.2270889878;4
11.81027297;-3.46959281;1.430907965;9.633503914;11.8182662;0.01893680729;-0.1070540547;0.2441931963;4
11.81237474;-3.479164124;1.416550994;9.69093132;11.82036797;0.02260199748;-0.08750637621;0.262519151;4
11.81447657;-3.46959281;1.373480201;9.791430473;11.82246974;0.02626718581;-0.06795870513;0.2784016132;4
11.81657834;-3.455235958;1.31126678;9.930213928;11.82457157;0.03359756246;-0.04841103405;0.2930623889;4
11.81868016;-3.455235958;1.234696507;9.944570541;11.82667334;0.03970621154;-0.03008509055;0.3065013885;4
11.82078193;-3.421736479;1.143769264;10.0019989;11.82877511;0.04703658819;-0.01420260593;0.3211621642;4
11.8228837;-3.43609333;1.062413216;10.11685371;11.83087693;0.05681042373;-0.004428769462;0.3333794475;4
11.82498552;-3.440878868;1.019342422;10.19342422;11.8329787;0.06902772188;0.007788525894;0.3443750143;4
11.8270873;-3.43609333;1.024128079;10.23649502;11.83508052;0.08368847519;0.01878409274;0.3565923274;4
11.82918907;-3.383451223;0.9810572863;10.37527943;11.8371823;0.09590577334;0.03222311661;0.3688096106;4
11.83129089;-3.364308596;0.9906286001;10.52363396;11.83928407;0.111788258;0.04199695215;0.3798051775;4
11.83339266;-3.378665686;0.9714859724;10.60499001;11.84138584;0.1264490038;0.05177079141;0.3932442069;4
11.83549448;-3.388236761;0.9714859724;10.6480608;11.84348766;0.1411097646;0.05787943676;0.4017963111;4
11.83759625;-3.393022537;0.94277215;10.71506023;11.84558943;0.1521053314;0.05665770918;0.4140135944;4
11.83969802;-3.383451223;0.8997012973;10.71027374;11.8476912;0.1643226296;0.05054906011;0.4213439822;4
11.8417998;-3.345165968;0.8470591903;10.63848972;11.84979302;0.1740964651;0.04199695215;0.4262309074;4
11.84390162;-3.235096216;0.7944171429;10.54277611;11.8518948;0.1875354946;0.03955349326;0.4311178327;4
11.84600339;-3.058027267;0.70348984;10.57627583;11.85399657;0.1973093301;0.04199695215;0.4323395491;4
11.84810516;-2.92402935;0.626919508;10.5858469;11.85609839;0.2021962404;0.04932733253;0.4335612655;4
11.85020698;-2.799602509;0.6364908218;10.49013424;11.85820016;0.2095266134;0.0542142503;0.4347830117;4
11.85230875;-2.723032236;0.6364908218;10.38006496;11.86030193;0.208304897;0.06154462695;0.4347830117;4
11.85441052;-2.656033039;0.6652047038;10.24128056;11.86240375;0.211970076;0.07131846249;0.4384481907;4
11.85651235;-2.598605394;0.679561615;10.164711;11.86450552;0.211970076;0.0847574845;0.4396699369;4
11.85861412;-2.522035122;0.6891329288;10.17428207;11.8666073;0.211970076;0.09941824526;0.4396699369;4
11.86071589;-2.488535643;0.7178468108;10.14078236;11.86870912;0.2144135386;0.1104138121;0.4396699369;4
11.86281771;-2.421536446;0.732203722;10.05464077;11.87081089;0.2131918073;0.1226311028;0.4384481907;4
11.86491948;-2.373680115;0.7465606928;10.01156998;11.87291266;0.2156352699;0.134848401;0.4384481907;4
11.86702125;-2.30189538;0.7226324677;10.04028416;11.87501448;0.2144135386;0.1470656991;0.4347830117;4
11.86912308;-2.239681959;0.7369893789;10.03071213;11.87711625;0.2156352699;0.1568395346;0.4335612655;4
11.87122485;-2.158325911;0.732203722;10.01635551;11.87921802;0.2168570012;0.1702785641;0.4335612655;4
11.87332662;-2.105684042;0.7513462901;10.01156998;11.88131985;0.2217439115;0.181274116;0.4311178327;4
11.87542844;-2.057827473;0.760917604;10.04985523;11.88342162;0.2266308367;0.1898262352;0.4298960865;4
11.87753021;-2.0769701;0.7704889178;10.07856941;11.88552339;0.2327394783;0.1983783394;0.4286743701;4
11.87963198;-2.081755638;0.7513462901;10.08335495;11.88762521;0.2388481349;0.2081521749;0.4250091612;4
11.88173381;-2.043470621;0.7274180651;10.19342422;11.88972698;0.2474002391;0.2240346521;0.4237874448;4
11.88383558;-2.009970903;0.7130611539;10.24128056;11.89182881;0.254730612;0.2460257858;0.4213439822;4
11.88593735;-1.986042738;0.6939185858;10.21256733;11.89393058;0.2632827163;0.2655734718;0.4237874448;4
11.88803917;-2.01475668;0.6843472719;10.20778179;11.89603235;0.2693913579;0.2802342176;0.4262309074;4
11.89014094;-2.043470621;0.6843472719;10.2029953;11.89813412;0.2791652083;0.2924515009;0.4298960865;4
11.89224276;-2.086541414;0.6604190469;10.24128056;11.90023594;0.2901607752;0.3071122766;0.4323395491;4
11.89434454;-2.120040894;0.6173482537;10.26042366;11.90233771;0.2987128794;0.324216485;0.4335612655;4
11.89644631;-2.115255117;0.5886343718;10.29392338;11.90443948;0.3084867001;0.3364337683;0.4360047281;4
11.89854808;-2.081755638;0.5407779217;10.31785107;11.90654125;0.3145953715;0.3413206935;0.4372264743;4
11.9006499;-2.053041935;0.5264210105;10.25563812;11.90864308;0.3219257295;0.3425424397;0.4384481907;4
11.90275167;-2.019542217;0.5599204898;10.18385315;11.9107449;0.3268126547;0.3462076187;0.4384481907;4
11.90485344;-1.928615093;0.6173482537;10.15992451;11.91284667;0.3304778337;0.3462076187;0.4408916533;4
11.90695521;-1.856830359;0.679561615;10.1024971;11.91494844;0.3329212964;0.3437641561;0.4445568323;4
11.90905704;-1.808973908;0.7178468108;9.978070259;11.91705026;0.33169958;0.3449858725;0.4482220411;4
11.91115886;-1.785045743;0.7274180651;9.839286804;11.91915204;0.3268126547;0.3437641561;0.4518872201;4
11.91326063;-1.794616938;0.6987041831;9.738788605;11.92125381;0.3207040131;0.3413206935;0.4579958618;4
11.9153624;-1.799402595;0.708275497;9.686145782;11.92335563;0.3133736253;0.3376555145;0.4641045034;4
11.91746422;-1.808973908;0.732203722;9.561718941;11.9254574;0.3060432673;0.3352120519;0.4726566374;4
11.91956599;-1.823330879;0.784845829;9.451649666;11.92755922;0.2938259542;0.3291034102;0.4848739207;4
11.92166776;-1.875972986;0.8614161611;9.341579437;11.92966099;0.2816086709;0.320551306;0.501978159;4
11.92376959;-1.923829436;0.9619147182;9.250652313;11.93176276;0.2669478953;0.3071122766;0.516638875;4
11.92587136;-1.966900229;1.048056364;9.193224907;11.93386454;0.251065433;0.2973384261;0.5325213671;4
11.92797318;-2.024327993;1.105484009;9.116654396;11.93596636;0.2376264036;0.2838993967;0.5484038591;4
11.93007495;-2.048256159;1.162911773;9.05922699;11.93806813;0.2217439115;0.2704603672;0.566729784;4
11.93217672;-2.072184324;1.201196909;9.00179863;11.9401699;0.2021962404;0.258243084;0.5826122761;4
11.93427849;-2.06261301;1.253839016;8.968298912;11.94227172;0.1838703007;0.2448040545;0.5984947681;4
11.93638032;-2.033899307;1.301695466;8.886942863;11.94437349;0.1631008983;0.2289215773;0.6143772602;4
11.93848209;-2.009970903;1.296909928;8.772088051;11.94647526;0.1423314959;0.2179260105;0.6290380359;4
11.94058386;-1.952543259;1.272981644;8.709874153;11.94857709;0.1227838174;0.2032652497;0.6424770355;4
11.94268568;-1.899901152;1.244267821;8.685946465;11.95067886;0.1044578776;0.1873827726;0.6546943188;4
11.94478745;-1.818545222;1.21555388;8.638090134;11.95278068;0.08613193035;0.181274116;0.6656898856;4
11.94688922;-1.732403636;1.196411371;8.690732002;11.95488245;0.07269290835;0.181274116;0.6766854525;4
11.94899105;-1.641476393;1.172483087;8.743373871;11.95698422;0.05681042373;0.1800523996;0.6864593029;4
11.95109282;-1.545763373;1.158126116;8.800801277;11.95908605;0.04214967042;0.177608937;0.6962331533;4
11.95319464;-1.459621787;1.162911773;8.867800713;11.96118782;0.03237583488;0.177608937;0.7047852278;4
11.95529641;-1.373480201;1.148554921;8.953942299;11.96328959;0.02504545636;0.1800523996;0.7133373618;4
11.95739818;-1.282552958;1.115055323;9.049654961;11.96539141;0.01893680729;0.181274116;0.718224287;4
11.9595;-1.16769743;1.067198873;9.140582085;11.96749318;0.0164933484;0.1824958473;0.7231112123;4
11.96160178;-1.057627559;1.019342422;9.265008926;11.96959495;0.0164933484;0.1861610413;0.7243329287;4
11.96370355;-0.9284151793;0.94277215;9.355937004;11.97169672;0.01771507785;0.1861610413;0.7255546451;4
11.96580537;-0.8327022791;0.8709874153;9.466006279;11.97379855;0.02504545636;0.1898262352;0.7255546451;4
11.96790714;-0.7896314859;0.7513462901;9.595218658;11.97590032;0.02993237413;0.1922696829;0.7243329287;4
11.97000891;-0.732203722;0.6652047038;9.757930756;11.97800214;0.03970621154;0.1934914142;0.7218894362;4
11.97211068;-0.6891329288;0.5647061467;9.863214493;11.98010391;0.04825831577;0.1959348768;0.718224287;4
11.9742125;-0.6317051649;0.4929214716;9.992427826;11.98220568;0.06414080411;0.1983783394;0.7145590782;4
11.97631428;-0.5694918036;0.4307080805;10.11685371;11.9843075;0.07880155742;0.2069304436;0.7084504366;4
11.9784161;-0.4929214716;0.3876372576;10.21256733;11.98640928;0.0971274972;0.2142608166;0.6998983026;4
11.98051787;-0.4019941986;0.3254238665;10.30349445;11.9885111;0.1166751757;0.2228129357;0.6913462281;4
11.98261964;-0.2775674164;0.2679961324;10.35613632;11.99061282;0.135001123;0.235030219;0.6815723777;4
11.98472146;-0.1627119333;0.2344966233;10.43270683;11.99271464;0.1521053314;0.2423606068;0.6693550944;4
11.98682323;-0.02871387079;0.1722832322;10.48056316;11.99481641;0.1692095399;0.2557996213;0.6546943188;4
11.98892506;0.1052841991;0.1148554832;10.5475626;11.99691823;0.1838703007;0.2631300092;0.6400335431;4
11.99102678;0.2344966233;0.06221338734;10.55234814;11.99902;0.1985310465;0.2716821134;0.6217076182;4
11.9931286;0.3589234054;0.004785645287;10.55234814;12.00112183;0.211970076;0.281455934;0.602159977;4
11.99523037;0.4450650215;-0.05742774159;10.52841949;12.0032236;0.227852568;0.2912297845;0.5826122761;4
11.99733219;0.5359922647;-0.1244267747;10.54277611;12.00532537;0.2425133139;0.2985601723;0.5630646348;4
11.99943396;0.5934200287;-0.1770688742;10.51406288;12.00742714;0.254730612;0.3058905303;0.5447386503;4
12.00153579;0.6604190469;-0.2153540403;10.45184898;12.00952896;0.2645044625;0.3156643808;0.5276344419;4
12.00363756;0.6891329288;-0.2057827413;10.42313576;12.01163073;0.2742782831;0.3266599476;0.5117519498;4
12.00573933;0.6939185858;-0.1770688742;10.40399265;12.0137325;0.2840521336;0.3364337683;0.4983129501;4
12.0078411;0.679561615;-0.1770688742;10.33699417;12.01583433;0.2938259542;0.3437641561;0.4824304581;4
12.00994292;0.650847733;-0.1435693651;10.25085258;12.0179361;0.3023780584;0.3425424397;0.466547966;4
12.01204469;0.6652047038;-0.1531406492;10.14556789;12.02003787;0.3072649837;0.3437641561;0.4494437575;4
12.01414646;0.708275497;-0.1339980662;10.05464077;12.02213969;0.3121519089;0.3474293351;0.4347830117;4
12.01624829;0.7752745152;-0.1244267747;10.04028416;12.02424146;0.3133736253;0.3486510813;0.4189005196;4
12.01835006;0.8518448472;-0.08614161611;9.930213928;12.02634329;0.3121519089;0.3474293351;0.4103484154;4
12.02045183;0.8949156404;0.0;9.74835968;12.02844506;0.3060432673;0.3449858725;0.4030180275;4
12.02255365;0.8997012973;0.1004985496;9.576076508;12.03054683;0.2974911332;0.3339903057;0.3981311321;4
12.02465542;0.8805587292;0.2105683982;9.394221306;12.0326486;0.2877173126;0.3291034102;0.3944659233;4
12.02675724;0.8470591903;0.3062812984;9.265008926;12.03475042;0.2767217457;0.3254382014;0.3908007443;4
12.02885901;0.8327022791;0.3828516304;9.193224907;12.03685219;0.2632827163;0.3254382014;0.3846921027;4
12.03096079;0.8279166222;0.4211367965;9.064012527;12.03895401;0.2498437017;0.327881664;0.378583461;4
12.03306256;0.8757730722;0.4259224236;8.930013657;12.04105579;0.2364046723;0.3303251266;0.370031327;4
12.03516438;0.9284151793;0.4019941986;8.829515457;12.04315756;0.2254091054;0.3291034102;0.3590357602;4
12.03726615;0.9762716293;0.4019941986;8.786444664;12.04525938;0.2144135386;0.3266599476;0.3480401933;4
12.03936797;1.062413216;0.3924229145;8.719446182;12.04736115;0.2009745091;0.3254382014;0.3370446563;4
12.04146974;1.124626637;0.4019941986;8.676374435;12.04946292;0.1875354946;0.3254382014;0.3248273432;4
12.04357151;1.186840057;0.4019941986;8.647661209;12.05156474;0.1753181964;0.3266599476;0.3174969554;4
12.04567334;1.196411371;0.4163511395;8.609375954;12.05366651;0.1679878086;0.3303251266;0.3101665974;4
12.04777511;1.191625714;0.4354937077;8.571090698;12.05576829;0.1594357044;0.3425424397;0.3065013885;4
12.04987688;1.158126116;0.4833501875;8.551948547;12.05787011;0.154548794;0.3572031856;0.3089448512;4
12.0519787;1.095912814;0.5312066078;8.542376518;12.05997188;0.1521053314;0.3755291104;0.31261006;4
12.05408047;1.014556766;0.5647061467;8.590232849;12.06207365;0.1521053314;0.3962985277;0.3187187016;4
12.05618224;0.9475577474;0.6125625968;8.642875671;12.06417547;0.1508836001;0.4170679152;0.3297142684;4
12.05828407;0.8614161611;0.6699903607;8.69551754;12.06627724;0.1533270627;0.4415025115;0.3407098353;4
12.06038584;0.7992027402;0.7274180651;8.72423172;12.06837901;0.158213973;0.4622719288;0.3541488647;4
12.06248761;0.7369893789;0.784845829;8.738588333;12.07048084;0.1631008983;0.4732674956;0.366366148;4
12.06458943;0.7226324677;0.8279166222;8.762516975;12.07258261;0.1667660922;0.4830413163;0.3773617148;4
12.0666912;0.708275497;0.8279166222;8.776873589;12.07468438;0.1692095399;0.4989238083;0.3834703565;4
12.06879297;0.760917604;0.837487936;8.834300995;12.07678615;0.1728747338;0.5148062706;0.3920224607;4
12.0708948;0.8183453679;0.8805587292;8.819944382;12.07888797;0.1704312712;0.5343539715;0.3993528485;4
12.07299657;0.9188438654;0.9475577474;8.743373871;12.08098974;0.1679878086;0.5502364635;0.409126699;4
12.07509834;0.9762716293;1.014556766;8.604590416;12.08309157;0.161879167;0.5661189556;0.4189005196;4
12.07720011;0.9858429432;1.03848505;8.499305725;12.08519334;0.1521053314;0.5820014477;0.4274526238;4
12.07930193;0.9762716293;1.052842021;8.437092781;12.08729511;0.1447749585;0.5966621637;0.4347830117;4
12.0814037;1.004985452;1.100698471;8.470592499;12.08939693;0.135001123;0.6113229394;0.4372264743;4
12.08350553;1.043270707;1.057627559;8.441878319;12.0914987;0.1264490038;0.6284271479;0.4408916533;4
12.0856073;1.057627559;1.000199914;8.408378601;12.09360047;0.1178968996;0.6357575059;0.4408916533;4
12.08770907;1.124626637;0.9188438654;8.403593063;12.0957023;0.1093447953;0.6443096399;0.4445568323;4
12.08981089;1.148554921;0.8805587292;8.413164139;12.09780407;0.1007926911;0.6455313563;0.4445568323;4
12.09191266;1.172483087;0.8566305041;8.422736168;12.09990584;0.08979712427;0.6430879235;0.4445568323;4
12.09401443;1.201196909;0.8709874153;8.441878319;12.10200766;0.08002328873;0.6369792223;0.4457785785;4
12.09611625;1.21555388;0.8757730722;8.446663857;12.10410943;0.06902772188;0.6284271479;0.4457785785;4
12.09821803;1.225125194;0.9188438654;8.475378036;12.1062112;0.05803215504;0.6235402226;0.4457785785;4
12.1003198;1.210768223;0.8949156404;8.484949112;12.10831303;0.04459312931;0.6186532974;0.4470002949;4
12.10242162;1.16769743;0.8997012973;8.499305725;12.1104148;0.03604102135;0.6149880886;0.4470002949;4
12.10452339;1.110269666;0.890130043;8.51844883;12.11251657;0.02260199748;0.6125446558;0.4494437575;4
12.10662516;1.057627559;0.8757730722;8.575876236;12.11461839;0.0164933484;0.6113229394;0.4518872201;4
12.10872698;1.014556766;0.8805587292;8.657232285;12.11672016;0.00916297175;0.6052142978;0.4543306828;4
12.11082875;0.9714859724;0.8997012973;8.72423172;12.11882193;0.003054323839;0.5991056561;0.459217608;4
12.11293053;0.94277215;0.8805587292;8.796015739;12.12092375;-0.0006108647794;0.5881100893;0.4616610706;4
12.11503235;0.9523434043;0.8997012973;8.867800713;12.12302553;-0.001832594397;0.5783362389;0.4677697122;4
12.11713412;0.9379864931;0.94277215;8.949156761;12.1251273;-0.0006108647794;0.5697841048;0.4763218164;4
12.11923589;0.9236295223;0.9714859724;9.020941734;12.12722912;-0.0006108647794;0.560010314;0.4848739207;4
12.12133771;0.8997012973;1.004985452;9.064012527;12.12933094;-0.001832594397;0.5502364635;0.4922043085;4
12.12343948;0.8614161611;1.019342422;9.140582085;12.13143271;-0.0006108647794;0.5404626131;0.5044215918;4
12.12554125;0.837487936;1.028913736;9.221938133;12.13353448;0.003054323839;0.5306887627;0.5154171586;4
12.12764308;0.813559711;1.019342422;9.221938133;12.13563631;0.005497782957;0.5258018374;0.5264127254;4
12.1297449;0.8087740541;1.004985452;9.260223389;12.13773808;0.005497782957;0.5196931958;0.5374082923;4
12.13184667;0.7896314859;0.9571290612;9.231510162;12.13983985;0.003054323839;0.5148062706;0.5471821427;4
12.13394844;0.8087740541;0.9140582681;9.193224907;12.14194162;0.0006108647794;0.508697629;0.5569559336;4
12.13605026;0.8422735929;0.9092726111;9.183652878;12.14404344;-0.004276053514;0.5062541962;0.5655080676;4
12.13815204;0.8949156404;0.8997012973;9.126225471;12.14614521;-0.00916297175;0.5025889874;0.575281918;4
12.14025381;0.9619147182;0.9044869542;9.068798065;12.14824704;-0.01771507785;0.5001455545;0.5838339925;4
12.14235558;1.024128079;0.9236295223;9.049654961;12.15034881;-0.02626718581;0.5001455545;0.5887209177;4
12.1444574;1.105484009;0.94277215;8.987442017;12.15245058;-0.03848448023;0.5013672709;0.5948295593;4
12.14655917;1.186840057;0.9762716293;8.896514893;12.1545524;-0.04948004708;0.5050324798;0.600938201;4
12.14866099;1.268195987;1.000199914;8.800801277;12.15665417;-0.06780599058;0.508697629;0.6058251262;4
12.15076276;1.363908887;0.9810572863;8.719446182;12.15875594;-0.08124501258;0.5111411214;0.6119337678;4
12.15286454;1.478764415;0.9810572863;8.614161491;12.16085771;-0.1007926911;0.5209149122;0.6155989766;4
12.15496636;1.574477315;0.9858429432;8.585447311;12.16295954;-0.1166751757;0.5282453299;0.6217076182;4
12.15706813;1.665404558;0.9667003751;8.561519623;12.16506136;-0.1337793916;0.5392408967;0.6265945435;4
12.1591699;1.718046665;0.9523434043;8.609375954;12.16716313;-0.1508836001;0.5477929711;0.6302597523;4
12.16127167;1.770688772;0.9236295223;8.638090134;12.1692649;-0.1655443609;0.5575668216;0.6327031851;4
12.16337349;1.813759565;0.890130043;8.709874153;12.17136667;-0.1765399277;0.5636754632;0.6339249015;4
12.16547532;1.842473388;0.8518448472;8.796015739;12.17346849;-0.1875354946;0.5710058808;0.6327031851;4
12.16757709;1.8855443;0.813559711;8.920442581;12.17557026;-0.1936441362;0.5722275972;0.6302597523;4
12.16967886;1.947757602;0.784845829;9.054440498;12.17767204;-0.1960875988;0.5685623884;0.6265945435;4
12.17178063;2.009970903;0.7465606928;9.20758152;12.17977386;-0.1973093301;0.558788538;0.6217076182;4
12.17388245;2.096112728;0.7369893789;9.370293617;12.18187563;-0.1985310465;0.5441278219;0.6143772602;4
12.17598422;2.139183521;0.7274180651;9.533005714;12.1839774;-0.1936441362;0.5294670463;0.6082686186;4
12.17808599;2.172683001;0.6987041831;9.714859962;12.18607922;-0.1912006736;0.5123628378;0.6033816934;4
12.18018782;2.177468538;0.6604190469;9.896714211;12.18818099;-0.1863137633;0.4952586293;0.5960513353;4
12.18228959;2.182254314;0.6221339107;10.04028416;12.19028282;-0.1789833754;0.4757109582;0.5899426341;4
12.18439136;2.177468538;0.5982056856;10.15035343;12.19238459;-0.1753181964;0.4537198246;0.5826122761;4
12.18649318;2.167897224;0.5647061467;10.27956581;12.19448636;-0.1679878086;0.4390590489;0.5765036345;4
12.18859495;2.172683001;0.5455635786;10.37049294;12.19658813;-0.1606574357;0.4170679152;0.5679515004;4
12.19069678;2.172683001;0.5312066078;10.42313576;12.19868995;-0.154548794;0.3950767815;0.5618428588;4
12.19279854;2.201396942;0.4977070987;10.49013424;12.20079172;-0.1472184062;0.374307394;0.5545125008;4
12.19490032;2.20618248;0.4977070987;10.52841949;12.20289354;-0.1423314959;0.3486510813;0.5459604263;4
12.19700209;2.210968018;0.4881358147;10.59063339;12.20499532;-0.1325576603;0.320551306;0.5410735011;4
12.19910391;2.239681959;0.4929214716;10.63370419;12.20709709;-0.1227838174;0.2875646055;0.5325213671;4
12.20120568;2.249253273;0.4737788737;10.66720295;12.20919891;-0.1178968996;0.2545779049;0.5264127254;4
12.2033075;2.268395901;0.4689932466;10.68156052;12.21130068;-0.111788258;0.2179260105;0.5178605914;4
12.20540928;2.316252232;0.4354937077;10.68634605;12.2134025;-0.1056796089;0.18493931;0.5117519498;4
12.20751104;2.364108801;0.4115654826;10.69113159;12.21550428;-0.0971274972;0.1470656991;0.501978159;4
12.20961287;2.416750908;0.4019941986;10.66720295;12.21760604;-0.09224057943;0.1128572673;0.4922043085;4
12.21171464;2.498106956;0.3780659735;10.6480608;12.21970782;-0.08979712427;0.08353576064;0.4787652791;4
12.21381646;2.545963287;0.3541377485;10.59541893;12.22180964;-0.08735366166;0.0542142503;0.4653262496;4
12.21591823;2.646461725;0.3589234054;10.53320503;12.22391141;-0.08613193035;0.02855792828;0.4494437575;4
12.21802;2.761317253;0.3349951804;10.46620655;12.22601323;-0.08613193035;0.007788525894;0.4335612655;4
12.22012178;2.852244616;0.3302095234;10.39442158;12.22811495;-0.0849102065;-0.008093958721;0.416457057;4
12.2222236;2.947957516;0.3206382394;10.31785107;12.23021678;-0.08613193035;-0.02275471389;0.3981311321;4
12.22432537;3.034099102;0.3206382394;10.24128056;12.2323186;-0.08857539296;-0.03130681813;0.3834703565;4
12.22642719;3.115455151;0.3302095234;10.164711;12.23442032;-0.09101885557;-0.03985892609;0.3651444316;4
12.22852891;3.215953588;0.3254238665;10.1024971;12.23652214;-0.09101885557;-0.04352411628;0.3517054021;4
12.23063073;3.273381472;0.3445664644;10.01156998;12.23862391;-0.09224057943;-0.04230238497;0.3370446563;4
12.23273256;3.326023579;0.3541377485;9.978070259;12.24072573;-0.09468404204;-0.0374154672;0.3248273432;4
12.23483428;3.354737282;0.3684946895;9.939785004;12.2428275;-0.0983492285;-0.03130681813;0.316275239;4
12.2369361;3.37387991;0.4067798555;9.911071777;12.24492928;-0.09590577334;-0.02275471389;0.3089448512;4
12.23903787;3.378665686;0.4211367965;9.891928673;12.2470311;-0.09468404204;-0.01053741761;0.3003927469;4
12.24113969;3.369094372;0.4689932466;9.901499748;12.24913287;-0.09346231073;0.007788525894;0.2942841053;4
12.24324146;3.354737282;0.4929214716;9.920642853;12.25123464;-0.08979712427;0.02367101051;0.2869537175;4
12.24534323;3.369094372;0.5264210105;9.915857315;12.25333646;-0.08613193035;0.04199695215;0.2808450758;4
12.24744506;3.383451223;0.5694918036;9.930213928;12.25543823;-0.08002328873;0.06398808211;0.2747364342;4
12.24954683;3.426522017;0.6221339107;9.925428391;12.25754;-0.07513637096;0.08720094711;0.2686277926;4
12.2516486;3.46959281;0.6652047038;9.930213928;12.25964183;-0.07147117704;0.1140789986;0.2637408674;4
12.25375042;3.493520975;0.6987041831;9.930213928;12.2617436;-0.06902772188;0.1372918636;0.2600756884;4
12.25585219;3.517449379;0.7226324677;9.915857315;12.26384537;-0.06414080411;0.1592829973;0.2551887631;4
12.25795396;3.555734396;0.7417750359;9.896714211;12.26594719;-0.06536252797;0.1837175786;0.2515235841;4
12.26005578;3.560520172;0.756131947;9.891928673;12.26804896;-0.06414080411;0.200821802;0.2490801066;4
12.26215756;3.56530571;0.7752745152;9.911071777;12.27015073;-0.06414080411;0.2179260105;0.2454149276;4
12.26425933;3.579662561;0.7657032609;9.911071777;12.27225256;-0.06902772188;0.227699846;0.2417497337;4
12.26636115;3.574877024;0.7513462901;9.934999466;12.27435433;-0.06780599058;0.2325867712;0.2368628234;4
12.26846292;3.589233875;0.7465606928;9.963713646;12.2764561;-0.07024945319;0.2338084877;0.2307541668;4
12.27056469;3.598805189;0.7178468108;10.00678444;12.27855792;-0.07024945319;0.2264781147;0.2258672565;4
12.27266651;3.608376503;0.6843472719;10.07378292;12.28065969;-0.07147117704;0.2191477418;0.2185368687;4
12.27476828;3.617947817;0.6556333899;10.15035343;12.28276151;-0.07391463965;0.2020435184;0.2087630332;4
12.27687006;3.627519131;0.6460621357;10.24606609;12.28486328;-0.07269290835;0.18493931;0.1977674663;4
12.27897188;3.680161238;0.6460621357;10.30827999;12.28696506;-0.07269290835;0.1666133702;0.1806632578;4
12.28107365;3.723232031;0.6173482537;10.36092186;12.28906688;-0.07513637096;0.1434005052;0.1647807807;4
12.28317547;3.790230989;0.6029912829;10.47099209;12.29116865;-0.07391463965;0.1214093715;0.1452330947;4
12.28527724;3.876372576;0.5694918036;10.54277611;12.29327042;-0.07269290835;0.09697478265;0.1256854236;4
12.28737901;3.938585997;0.5312066078;10.60020447;12.29537219;-0.07147117704;0.0725401938;0.1036942974;4
12.28948084;3.99601388;0.4881358147;10.7054882;12.29747401;-0.06902772188;0.04810560122;0.08292489499;4
12.29158261;4.043870449;0.4211367965;10.78684425;12.29957578;-0.06780599058;0.02733619884;0.0609337613;4
12.29368438;4.120440483;0.3876372576;10.82991505;12.30167756;-0.06414080411;0.004123337101;0.03649916872;4
12.29578615;4.163511276;0.3732803464;10.90648556;12.30377938;-0.06047561392;-0.01420260593;0.01450803876;4
12.29788797;4.187439442;0.3397808075;10.97348499;12.30588115;-0.05436696485;-0.03130681813;-0.01114828233;4
12.29998974;4.206582069;0.3062812984;11.01655579;12.30798292;-0.04948004708;-0.04474584386;-0.03558287397;4
12.30209151;4.244867325;0.2871387303;11.08355427;12.31008474;-0.04214967042;-0.05818486959;-0.05879573524;4
12.30419334;4.259224415;0.2775674164;11.11705399;12.31218651;-0.03481929377;-0.06795870513;-0.08200860023;4
12.30629511;4.273581028;0.2440679073;11.18883896;12.31428834;-0.02504545636;-0.07651081681;-0.1052214578;4
12.30839688;4.244867325;0.2249253243;11.28455162;12.31639011;-0.01038470119;-0.08506292105;-0.1284343153;4
12.3104987;4.211368084;0.2344966233;11.37547874;12.31849188;0.001832594397;-0.08994983882;-0.150425449;4
12.31260047;4.168296814;0.2392822653;11.44247818;12.3205937;0.02015853859;-0.09483675659;-0.1724165827;4
12.3147023;4.10608387;0.2297109663;11.51904774;12.32269547;0.03848448023;-0.1009454057;-0.1931859851;4
12.31680407;4.063013077;0.2344966233;11.58604717;12.32479724;0.06291907281;-0.1070540547;-0.2139553875;4
12.31890584;3.991228104;0.2488535494;11.65783215;12.32689907;0.0849102065;-0.1143844277;-0.2322813272;4
12.32100766;3.957728624;0.2679961324;11.72004509;12.32900084;0.108123064;-0.1266017258;-0.2493855506;4
12.32310943;3.905086517;0.2919243574;11.78704453;12.33110261;0.1325576603;-0.1363755614;-0.266489774;4
12.3252112;3.862015724;0.3254238665;11.80618668;12.33320443;0.154548794;-0.1498145908;-0.2848156989;4
12.32731302;3.833301783;0.3445664644;11.78704453;12.3353062;0.1777616441;-0.158366695;-0.3006981909;4
12.3294148;3.809373617;0.3828516304;11.74875927;12.33740797;0.1936441362;-0.1718057245;-0.3178023994;4
12.33151657;3.775874138;0.4067798555;11.65783215;12.3395098;0.211970076;-0.1803578287;-0.3336848915;4
12.33361839;3.737588882;0.4307080805;11.55733299;12.34161157;0.2217439115;-0.1876882017;-0.3495673835;4
12.33572016;3.680161238;0.4594219327;11.44247818;12.34371334;0.2327394783;-0.1925751269;-0.3617846668;4
12.33782193;3.603590965;0.5120640397;11.27976608;12.34581516;0.2364046723;-0.1999054998;-0.37400195;4
12.33992375;3.517449379;0.5503492355;11.12183952;12.34791698;0.2364046723;-0.2023489624;-0.3849975169;4
12.34202552;3.393022537;0.6221339107;10.95912743;12.3500187;0.2364046723;-0.2060141414;-0.3947713673;4
12.3441273;3.273381472;0.6843472719;10.80120182;12.35212052;0.231517747;-0.2084576041;-0.4021017551;4
12.34622912;3.158525944;0.760917604;10.65284634;12.3542223;0.2254091054;-0.2133445293;-0.4069886506;4
12.34833094;3.043670416;0.8231309652;10.52363396;12.35632412;0.2205221802;-0.2170097083;-0.4118755758;4
12.35043266;2.928814888;0.9044869542;10.39442158;12.35842589;0.2144135386;-0.2231183648;-0.4143190384;4
12.35253448;2.81395936;0.9954141974;10.26999474;12.36052771;0.2058614343;-0.2280052751;-0.4143190384;4
12.35463625;2.713460922;1.076770186;10.164711;12.36262948;0.1985310465;-0.2341139317;-0.4155407548;4
12.35673808;2.62253356;1.153340459;10.09771156;12.36473125;0.188757211;-0.2414443046;-0.4143190384;4
12.35883985;2.52682066;1.234696507;10.02592659;12.36683302;0.1802051067;-0.2487746775;-0.413097322;4
12.36094167;2.435893536;1.306481123;9.949356079;12.36893485;0.1704312712;-0.2561050653;-0.4106538594;4
12.36304344;2.330609322;1.344766378;9.887143135;12.37103662;0.1594357044;-0.265878886;-0.4094321132;4
12.36514521;2.254039049;1.349551916;9.84885788;12.37313839;0.1508836001;-0.2719875574;-0.4069886506;4
12.36724698;2.177468538;1.383051515;9.815358162;12.37524021;0.1398880333;-0.281761378;-0.4021017551;4
12.36934881;2.086541414;1.397408366;9.810572624;12.37734198;0.1301141977;-0.2866483033;-0.3984365463;4
12.37145058;2.019542217;1.392622828;9.796216011;12.37944375;0.1215620935;-0.2939786613;-0.3923279047;4
12.37355235;1.938186288;1.392622828;9.796216011;12.38154558;0.1142317131;-0.3000873327;-0.3862192631;4
12.37565417;1.856830359;1.402194023;9.815358162;12.38364735;0.1056796089;-0.3074176908;-0.3776671588;4
12.37775594;1.756331801;1.450050473;9.839286804;12.38574912;0.0983492285;-0.3147480786;-0.370336771;4
12.37985771;1.651047587;1.497906923;9.839286804;12.38785094;0.09468404204;-0.3233001828;-0.3581194878;4
12.38195954;1.574477315;1.50269258;9.868000984;12.38995271;0.09101885557;-0.3330740333;-0.3459021747;4
12.38406131;1.488335729;1.512263894;9.901499748;12.39205448;0.08613193035;-0.3379609287;-0.3336848915;4
12.38616308;1.416550994;1.493121386;9.949356079;12.39415631;0.0849102065;-0.3404043913;-0.3226893246;4
12.3882649;1.363908887;1.464407444;9.95414257;12.39625808;0.08613193035;-0.3416261375;-0.3129154742;4
12.39036667;1.339980721;1.464407444;10.01156998;12.39835985;0.0849102065;-0.3404043913;-0.3055851161;4
12.39246844;1.330409408;1.473978758;10.06421185;12.40046167;0.08857539296;-0.3404043913;-0.2933678031;4
12.39457026;1.325623751;1.483550072;10.09771156;12.40256344;0.08979712427;-0.3355174661;-0.2823722363;4
12.39667204;1.301695466;1.517049551;10.07856941;12.40466526;0.08979712427;-0.3379609287;-0.2689332068;4
12.39877381;1.282552958;1.512263894;10.08814049;12.40676704;0.09346231073;-0.3428478539;-0.2554942071;4
12.40087563;1.225125194;1.507478237;10.11685371;12.40886881;0.09468404204;-0.3465130329;-0.2420551628;4
12.4029774;1.158126116;1.464407444;10.14078236;12.41097063;0.09957095981;-0.3575085998;-0.2286161482;4
12.40507922;1.11984098;1.430907965;10.18385315;12.4130724;0.1044578776;-0.3697259128;-0.2163988501;4
12.40718099;1.095912814;1.392622828;10.20778179;12.41517417;0.1105665267;-0.3807214797;-0.2078467458;4
12.40928276;1.115055323;1.378265858;10.25085258;12.41727599;0.1166751757;-0.3892735839;-0.2029598206;4
12.41138459;1.153340459;1.330409408;10.3226366;12.41937776;0.1264490038;-0.3990474045;-0.200516358;4
12.41348636;1.220339537;1.26341033;10.34656525;12.42147954;0.1325576603;-0.4100429714;-0.200516358;4
12.41558813;1.292124271;1.177268744;10.3848505;12.42358136;0.1398880333;-0.4210385382;-0.2029598206;4
12.41768995;1.411765337;1.110269666;10.3848505;12.42568313;0.1484401375;-0.4381427765;-0.2102901936;4
12.41979172;1.497906923;1.057627559;10.39920712;12.4277849;0.1594357044;-0.4564687014;-0.220064044;4
12.42189349;1.579262972;1.000199914;10.43749237;12.42988672;0.1655443609;-0.4735729098;-0.2335030586;4
12.42399532;1.670190215;0.9475577474;10.43270683;12.43198849;0.1692095399;-0.4906771481;-0.246942088;4
12.42609709;1.737189293;0.8997012973;10.43270683;12.43409032;0.1728747338;-0.5090031028;-0.2628245652;4
12.42819886;1.785045743;0.8231309652;10.38006496;12.43619209;0.1765399277;-0.5261073112;-0.2774853408;4
12.43030068;1.799402595;0.7992027402;10.30827999;12.43829386;0.1789833754;-0.5407680273;-0.2933678031;4
12.43240245;1.808973908;0.7465606928;10.23170948;12.44039563;0.1802051067;-0.5517635942;-0.3092502952;4
12.43450428;1.746760488;0.6987041831;10.15992451;12.44249745;0.1802051067;-0.5590940118;-0.3263545036;4
12.43660605;1.713261008;0.6460621357;10.12164021;12.44459922;0.1789833754;-0.562759161;-0.3459021747;4
12.43870782;1.689332843;0.5886343718;10.06421185;12.44670099;0.1826485693;-0.563980937;-0.3642281294;4
12.44080959;1.698904037;0.5647061467;10.01635551;12.44880282;0.1789833754;-0.5664243698;-0.3849975169;4
12.44291141;1.732403636;0.5503492355;9.973284721;12.45090459;0.1802051067;-0.563980937;-0.4057669342;4
12.44501318;1.761117458;0.5359922647;9.963713646;12.45300641;0.1826485693;-0.5603157282;-0.4253146052;4
12.44711495;1.785045743;0.5503492355;9.925428391;12.45510818;0.1838703007;-0.5566505194;-0.4473057389;4
12.44921678;1.756331801;0.5359922647;9.891928673;12.45720995;0.188757211;-0.5493201613;-0.4692968726;4
12.45131855;1.746760488;0.5359922647;9.911071777;12.45931172;0.1936441362;-0.5407680273;-0.4925097227;4
12.45342037;1.727617979;0.5312066078;9.896714211;12.46141355;0.1973093301;-0.5358811021;-0.51327914;4
12.45552214;1.741974831;0.5647061467;9.891928673;12.46351532;0.2021962404;-0.5261073112;-0.5328267813;4
12.45762391;1.751546144;0.5694918036;9.87757206;12.46561714;0.2095266134;-0.5114465356;-0.5535961986;4
12.45972568;1.770688772;0.6029912829;9.920642853;12.46771891;0.2156352699;-0.5004509687;-0.5731438994;4
12.4618275;1.713261008;0.6029912829;9.901499748;12.46982068;0.2229656428;-0.4870119393;-0.5890263915;4
12.46392928;1.612762451;0.5934200287;9.858428955;12.4719225;0.227852568;-0.4784598351;-0.6073523164;4
12.4660311;1.483550072;0.5694918036;9.853643417;12.47402428;0.2364046723;-0.4699077308;-0.6232348084;4
12.46813287;1.387837172;0.5312066078;9.839286804;12.47612604;0.2388481349;-0.462577343;-0.6391173005;4
12.47023464;1.316052437;0.5216353536;9.834501266;12.47822787;0.2474002391;-0.4515817761;-0.6537780166;4
12.47233646;1.244267821;0.5120640397;9.834501266;12.48032964;0.2571740746;-0.4442514181;-0.6672170758;4
12.47443823;1.1820544;0.5407779217;9.781859398;12.48243141;0.2645044625;-0.4393644929;-0.6782126427;4
12.47654;1.110269666;0.5934200287;9.762716293;12.48453323;0.2706131041;-0.4332558513;-0.6879864335;4
12.47864183;1.024128079;0.6652047038;9.734002113;12.486635;0.2755000293;-0.4271472096;-0.6953168511;4
12.4807436;0.9092726111;0.756131947;9.643074989;12.48873678;0.2803869247;-0.4234820008;-0.6989820004;4
12.48284537;0.760917604;0.8279166222;9.528220177;12.4908386;0.2840521336;-0.4185950756;-0.6989820004;4
12.48494719;0.5934200287;0.8805587292;9.451649666;12.49294037;0.2816086709;-0.408821255;-0.6965385675;4
12.48704896;0.4402793646;0.9188438654;9.375079155;12.49504214;0.2803869247;-0.4027126133;-0.6892082095;4
12.48915073;0.2297109663;0.9954141974;9.274580956;12.49714396;0.2755000293;-0.3941605091;-0.6794343591;4
12.49125256;0.01914258115;1.076770186;9.135796547;12.49924573;0.2693913579;-0.3929387629;-0.6672170758;4
12.49335433;-0.1914258152;1.16769743;9.00179863;12.5013475;0.2620609999;-0.3929387629;-0.654999733;4
12.4954561;-0.3684946895;1.26341033;8.915657043;12.50344933;0.2535088956;-0.3929387629;-0.6415607333;4
12.49755792;-0.5120640397;1.31126678;8.810373306;12.5055511;0.2425133139;-0.3966039717;-0.6256782413;4
12.49965969;-0.6317051649;1.373480201;8.738588333;12.50765287;0.2327394783;-0.3990474045;-0.6110175252;4
12.50176146;-0.708275497;1.411765337;8.638090134;12.50975469;0.2229656428;-0.4027126133;-0.5963567495;4
12.50386329;-0.7752745152;1.450050473;8.580661774;12.51185646;0.211970076;-0.408821255;-0.5804742575;4
12.50596506;-0.837487936;1.507478237;8.508877754;12.51395823;0.1973093301;-0.4063777924;-0.563370049;4
12.50806683;-0.8853443861;1.540977836;8.446663857;12.51606006;0.181426838;-0.4075995386;-0.5462658405;4
12.51016865;-0.9379864931;1.588834286;8.413164139;12.51816183;0.1692095399;-0.4112647176;-0.5267181396;4
12.51227042;-1.000199914;1.651047587;8.341380119;12.5202636;0.1508836001;-0.4137081802;-0.5096139312;4
12.51437219;-1.100698471;1.703689694;8.240880966;12.52236542;0.1362228394;-0.4234820008;-0.4925097227;4
12.51647401;-1.16769743;1.737189293;8.178668022;12.52446719;0.1191186309;-0.4320341051;-0.4754055142;4
12.51857579;-1.225125194;1.722832322;8.164310455;12.52656901;0.1032361463;-0.4369210303;-0.4583013058;4
12.52067756;-1.229910851;1.665404558;8.149953842;12.52867079;0.09101885557;-0.4442514181;-0.4436405599;4
12.52277938;-1.253839016;1.641476393;8.126026154;12.53077256;0.07391463965;-0.4515817761;-0.4314232469;4
12.52488115;-1.253839016;1.603191137;8.145168304;12.53287438;0.06047561392;-0.4564687014;-0.42042768;4
12.52698297;-1.225125194;1.588834286;8.135597229;12.53497615;0.04825831577;-0.4564687014;-0.4118755758;4
12.52908474;-1.177268744;1.574477315;8.159524918;12.53707792;0.03481929377;-0.4540252388;-0.404545188;4
12.53118651;-1.129412293;1.593619823;8.193024635;12.53917974;0.02260199748;-0.455246985;-0.3947713673;4
12.53328834;-1.076770186;1.64626193;8.15473938;12.54128151;0.006719512399;-0.4601338804;-0.3874409795;4
12.53539011;-1.019342422;1.684547186;8.116454124;12.54338328;-0.007941242307;-0.4613556266;-0.3801106215;4
12.53749188;-1.052842021;1.670190215;8.078168869;12.54548511;-0.02382372692;-0.4674642682;-0.3764454126;4
12.5395937;-1.076770186;1.59840548;8.044670105;12.54758683;-0.04214967042;-0.4699077308;-0.3727802336;4
12.54169547;-1.076770186;1.512263894;7.968099594;12.54968865;-0.06047561392;-0.4723511934;-0.3727802336;4
12.54379724;-1.071984529;1.402194023;7.948956966;12.55179042;-0.07880155742;-0.4711294472;-0.3715584874;4
12.54589907;-1.033699393;1.296909928;7.858029366;12.55389224;-0.0971274972;-0.4674642682;-0.37400195;4
12.54800079;-0.9523434043;1.21555388;7.829315662;12.55599401;-0.1142317131;-0.458912164;-0.3776671588;4
12.55010261;-0.8757730722;1.148554921;7.795815945;12.55809578;-0.1276707351;-0.4515817761;-0.3837758005;4
12.55220438;-0.7896314859;1.110269666;7.819744587;12.56019761;-0.1435532272;-0.4418079555;-0.3898844421;4
12.5543062;-0.708275497;1.091127157;7.819744587;12.56229938;-0.1557705253;-0.4332558513;-0.3972148299;4
12.55640797;-0.650847733;1.110269666;7.829315662;12.5644012;-0.1655443609;-0.4222602844;-0.404545188;4
12.55850974;-0.626919508;1.100698471;7.877171993;12.56650297;-0.1753181964;-0.4100429714;-0.4118755758;4
12.56061157;-0.6460621357;1.071984529;7.86281538;12.5686048;-0.1863137633;-0.3966039717;-0.42042768;4
12.56271334;-0.6699903607;1.071984529;7.920242786;12.57070657;-0.1948658675;-0.3868301213;-0.4277580678;4
12.56481516;-0.7178468108;1.052842021;7.968099594;12.57280834;-0.2009745091;-0.3733910918;-0.4350884259;4
12.56691693;-0.732203722;1.024128079;8.035098076;12.57491016;-0.2070831656;-0.3660607338;-0.4424188137;4
12.56901875;-0.7417750359;1.004985452;8.087740898;12.57701193;-0.2131918073;-0.3562868834;-0.4497492015;4
12.57112053;-0.7657032609;0.9762716293;8.126026154;12.5791137;-0.2168570012;-0.3513999581;-0.4570795596;4
12.5732223;-0.7657032609;0.9619147182;8.140382767;12.58121547;-0.2241873741;-0.3465130329;-0.4619664848;4
12.57532412;-0.7800601721;0.9619147182;8.149953842;12.5833173;-0.2302960157;-0.3416261375;-0.46685341;4
12.57742589;-0.784845829;0.9619147182;8.121239662;12.58541907;-0.2364046723;-0.3342957497;-0.4729620516;4
12.57952766;-0.7944171429;0.9523434043;8.164310455;12.58752084;-0.2412915826;-0.3220784664;-0.4778489769;4
12.58162943;-0.837487936;0.9044869542;8.188239098;12.58962266;-0.2461785078;-0.3049742281;-0.4827359021;4
12.58373125;-0.8614161611;0.866201818;8.240880966;12.59172443;-0.2522871494;-0.2890917659;-0.4864010811;4
12.58583303;-0.9236295223;0.8518448472;8.298309326;12.5938262;-0.254730612;-0.2756527364;-0.4900662601;4
12.5879348;-0.9619147182;0.8279166222;8.346165657;12.59592803;-0.2596175373;-0.2646571696;-0.4925097227;4
12.59003662;-1.03848505;0.8518448472;8.398807526;12.5980298;-0.2608392537;-0.2561050653;-0.4961749315;4
12.59213839;-1.057627559;0.8566305041;8.427521706;12.60013162;-0.2620609999;-0.2499964088;-0.5010618567;4
12.59424016;-1.067198873;0.8422735929;8.504091263;12.60223339;-0.2620609999;-0.2438877672;-0.504727006;4
12.59634198;-1.100698471;0.7944171429;8.652446747;12.60433516;-0.2608392537;-0.239000842;-0.5120574236;4
12.59844375;-1.158126116;0.732203722;8.762516975;12.60643693;-0.2583957911;-0.2402225733;-0.5193877816;4
12.60054558;-1.1820544;0.6939185858;8.819944382;12.60853875;-0.2559523284;-0.2438877672;-0.5291616321;4
12.60264735;-1.191625714;0.6604190469;8.939585686;12.61064052;-0.2522871494;-0.2536616027;-0.5389354229;4
12.60474912;-1.191625714;0.6604190469;9.040083885;12.6127423;-0.2498437017;-0.2634354234;-0.5511527658;4
12.60685089;-1.186840057;0.6556333899;9.121439934;12.61484412;-0.2449567765;-0.278096199;-0.563370049;4
12.60895271;-1.1820544;0.6460621357;9.188439369;12.61694589;-0.2388481349;-0.2939786613;-0.5731438994;4
12.61105448;-1.201196909;0.6699903607;9.2362957;12.61904771;-0.2339612097;-0.3098611534;-0.5841394663;4
12.61315625;-1.21555388;0.6747759581;9.265008926;12.62114948;-0.2302960157;-0.3220784664;-0.5951350331;4
12.61525808;-1.244267821;0.6747759581;9.293723106;12.62325131;-0.2241873741;-0.3318522871;-0.604908824;4
12.61735985;-1.282552958;0.6699903607;9.332008362;12.62535308;-0.2193004489;-0.3379609287;-0.6146826744;4
12.61946167;-1.354337573;0.6699903607;9.346364975;12.62745485;-0.2168570012;-0.3391826749;-0.6244565248;4
12.62156344;-1.387837172;0.6843472719;9.355937004;12.62955662;-0.211970076;-0.3379609287;-0.6330085993;4
12.62366526;-1.421336651;0.6939185858;9.322437286;12.63165844;-0.2070831656;-0.3342957497;-0.6415607333;4
12.62576704;-1.430907965;0.7417750359;9.269794464;12.63376021;-0.204639703;-0.328187108;-0.6501128674;4
12.62786881;-1.45483613;0.7417750359;9.260223389;12.63586198;-0.204639703;-0.315969795;-0.6586649418;4
12.62997058;-1.464407444;0.760917604;9.198010445;12.63796381;-0.1997527778;-0.3000873327;-0.6672170758;4
12.6320724;-1.483550072;0.7992027402;9.169296265;12.64006558;-0.1973093301;-0.2878700197;-0.6745474339;4
12.63417417;-1.507478237;0.8279166222;9.087940216;12.64216735;-0.1973093301;-0.2695440948;-0.6830995679;4
12.63627594;-1.50269258;0.8853443861;9.011369705;12.64426917;-0.1985310465;-0.2499964088;-0.6892082095;4
12.63837776;-1.526620865;0.9044869542;8.963513374;12.64637094;-0.1997527778;-0.2218966335;-0.6965385675;4
12.64047954;-1.555334687;0.9523434043;8.863015175;12.64847271;-0.2034179717;-0.1913533956;-0.7038689256;4
12.64258131;-1.603191137;0.9906286001;8.781659126;12.65057454;-0.208304897;-0.1595884264;-0.7075341344;4
12.64468313;-1.636690736;1.019342422;8.700303078;12.65267631;-0.2144135386;-0.1241582632;-0.7111993432;4
12.6467849;-1.703689694;1.057627559;8.623732567;12.65477808;-0.2229656428;-0.08628465235;-0.7111993432;4
12.64888667;-1.789831281;1.11984098;8.547162056;12.6568799;-0.2327394783;-0.04841103405;-0.7099775672;4
12.65098849;-1.880758643;1.153340459;8.48973465;12.65898167;-0.2449567765;-0.01175914705;-0.706312418;4
12.65309026;-1.995614052;1.210768223;8.446663857;12.66108349;-0.2559523284;0.02367101051;-0.7014254928;4
12.65519204;-2.11046958;1.244267821;8.441878319;12.66318526;-0.2693913579;0.05543597788;-0.6916516423;4
12.65729386;-2.254039049;1.301695466;8.408378601;12.66528704;-0.2840521336;0.0847574845;-0.6818777919;4
12.65939563;-2.383251429;1.335195065;8.38923645;12.66738886;-0.2987128794;0.111635536;-0.670882225;4
12.66149745;-2.52682066;1.373480201;8.413164139;12.66949063;-0.3133736253;0.1324049383;-0.656221509;4
12.66359922;-2.646461725;1.402194023;8.432307243;12.6715924;-0.3280344009;0.1507308781;-0.6427824497;4
12.66570099;-2.766103029;1.40697968;8.48973465;12.67369422;-0.3378082216;0.1641699076;-0.6256782413;4
12.66780282;-2.876172781;1.430907965;8.542376518;12.67579599;-0.3500255048;0.1739437431;-0.6073523164;4
12.66990459;-2.991028309;1.450050473;8.633303642;12.67789776;-0.3622428179;0.177608937;-0.5878046155;4
12.67200636;-3.077169895;1.450050473;8.752944946;12.67999959;-0.3707949221;0.1788306683;-0.5694786906;4
12.67410818;-3.192025423;1.440479279;8.87258625;12.68210136;-0.3830122054;0.1800523996;-0.5511527658;4
12.67620995;-3.273381472;1.440479279;9.035298347;12.68420318;-0.3903425932;0.177608937;-0.5340485573;4
12.67831172;-3.326023579;1.445264935;9.150154114;12.6863049;-0.3964512348;0.1715002805;-0.5169443488;4
12.68041354;-3.421736479;1.426122308;9.250652313;12.68840672;-0.4025598764;0.161726445;-0.4998401105;4
12.68251532;-3.474378586;1.416550994;9.332008362;12.69050849;-0.4062250853;0.1482874304;-0.4839576185;4
12.68461714;-3.498306751;1.35912323;9.456435204;12.69261032;-0.4098902643;0.1372918636;-0.46685341;4
12.68671886;-3.503092289;1.339980721;9.604789734;12.69471209;-0.4135554433;0.1287397593;-0.4509709179;4
12.68882068;-3.507878065;1.292124271;9.805787086;12.69681386;-0.4147771895;0.1153007299;-0.4338667095;4
12.69092245;-3.517449379;1.244267821;9.906285286;12.69891568;-0.4123337269;0.09575305134;-0.4179842174;4
12.69302428;-3.56530571;1.210768223;9.997213364;12.70101745;-0.4111120105;0.06520981342;-0.4033234715;4
12.69512604;-3.617947817;1.153340459;10.11206818;12.70311928;-0.4037816226;0.03711003438;-0.3911061883;4
12.69722782;-3.665804386;1.076770186;10.30349445;12.70522104;-0.397672981;0.006566796452;-0.3788888752;4
12.69932964;-3.656233072;0.9858429432;10.47577763;12.70732282;-0.3915643096;-0.02275471389;-0.3727802336;4
12.70143141;-3.646661758;0.9140582681;10.59063339;12.70942459;-0.3830122054;-0.05207622424;-0.366671592;4
12.70353323;-3.603590965;0.837487936;10.73898792;12.71152641;-0.3695732057;-0.08017600328;-0.3630063832;4
12.705635;-3.541377544;0.7704889178;10.82991505;12.71362818;-0.3573558927;-0.1070540547;-0.3605629504;4
12.70773678;-3.440878868;0.7178468108;10.93998528;12.71573;-0.3414734006;-0.1302669197;-0.3617846668;4
12.70983854;-3.330809116;0.6891329288;11.01655579;12.71783178;-0.3292561173;-0.1485928595;-0.3630063832;4
12.71194037;-3.215953588;0.6747759581;11.12662506;12.71993354;-0.3158170879;-0.1669187993;-0.3654498458;4
12.71404214;-3.139383316;0.6556333899;11.17448139;12.72203537;-0.3023780584;-0.1791360974;-0.3715584874;4
12.71614396;-3.062813044;0.6412764788;11.16969585;12.72413714;-0.2901607752;-0.1913533956;-0.3788888752;4
12.71824573;-2.986242771;0.6125625968;11.16012478;12.72623891;-0.2779434621;-0.1999054998;-0.3874409795;4
12.7203475;-2.885744095;0.5838487148;11.13619614;12.72834068;-0.2608392537;-0.2072358727;-0.3959930837;4
12.72244933;-2.818745136;0.5599204898;11.11226845;12.7304425;-0.2498437017;-0.2084576041;-0.4069886506;4
12.7245511;-2.73260355;0.5216353536;11.07876873;12.73254428;-0.235182941;-0.2072358727;-0.4155407548;4
12.72665287;-2.670390129;0.5072783828;11.02612686;12.7346461;-0.2229656428;-0.2023489624;-0.424092859;4
12.72875464;-2.632104874;0.4881358147;10.98784161;12.73674787;-0.2095266134;-0.1937968582;-0.4314232469;4
12.73085646;-2.584248543;0.4737788737;10.96869946;12.73884964;-0.1985310465;-0.1864664704;-0.4375318885;4
12.73295823;-2.584248543;0.5120640397;10.89212894;12.74095146;-0.185092032;-0.1766926348;-0.4424188137;4
12.73506006;-2.569891453;0.5312066078;10.83948612;12.74305323;-0.1728747338;-0.162031889;-0.4436405599;4
12.73716183;-2.550748825;0.5599204898;10.79641533;12.745155;-0.1631008983;-0.1461493969;-0.4473057389;4
12.7392636;-2.522035122;0.5982056856;10.73898792;12.74725683;-0.1521053314;-0.1302669197;-0.4497492015;4
12.74136542;-2.517249346;0.6412764788;10.67198944;12.7493586;-0.1411097646;-0.1107192412;-0.4509709179;4
12.74346719;-2.512463808;0.6556333899;10.5858469;12.75146037;-0.1337793916;-0.08384118974;-0.4521926641;4
12.74556896;-2.517249346;0.6843472719;10.50449181;12.75356219;-0.1264490038;-0.05818486959;-0.4509709179;4
12.74767078;-2.536391973;0.7178468108;10.41835022;12.75566396;-0.1215620935;-0.03252854943;-0.4497492015;4
12.74977256;-2.531606436;0.756131947;10.31785107;12.75776573;-0.1130099818;-0.00565049937;-0.4485274553;4
12.75187433;-2.555534601;0.784845829;10.20778179;12.75986756;-0.1105665267;0.02367101051;-0.4424188137;4
12.75397615;-2.569891453;0.8470591903;10.12164021;12.76196933;-0.108123064;0.05543597788;-0.4375318885;4
12.75607792;-2.593819857;0.8853443861;10.03071213;12.76407115;-0.1056796089;0.08231402934;-0.4302015305;4
12.75817969;-2.612962246;0.9379864931;9.939785004;12.76617292;-0.108123064;0.111635536;-0.4192059636;4
12.76028151;-2.665604353;0.9906286001;9.84885788;12.76827469;-0.1105665267;0.1397353113;-0.4082103968;4
12.76238328;-2.723032236;1.03848505;9.767501831;12.77037651;-0.1142317131;0.1641699076;-0.3972148299;4
12.76448511;-2.780459881;1.091127157;9.681360245;12.77247828;-0.1166751757;0.1886045039;-0.3837758005;4
12.76658688;-2.847458839;1.11984098;9.628718376;12.77458006;-0.1215620935;0.2093739063;-0.3678933084;4
12.76868865;-2.900100946;1.16769743;9.561718941;12.77668188;-0.131335929;0.227699846;-0.3495673835;4
12.77079047;-2.986242771;1.205982566;9.509077072;12.77878365;-0.1398880333;0.2423606068;-0.3324631453;4
12.77289224;-3.062813044;1.244267821;9.475577354;12.78088542;-0.1459966749;0.2557996213;-0.3141372204;4
12.77499401;-3.125026464;1.272981644;9.44207859;12.78298724;-0.1533270627;0.2704603672;-0.2921460867;4
12.77709584;-3.192025423;1.292124271;9.418149948;12.78508901;-0.1594357044;0.281455934;-0.2713766694;4
12.77919761;-3.254238844;1.31126678;9.451649666;12.78719078;-0.1667660922;0.2863428593;-0.2493855506;4
12.78129938;-3.311666489;1.320838094;9.480362892;12.78929261;-0.1740964651;0.2948949635;-0.2273944169;4
12.7834012;-3.383451223;1.325623751;9.528220177;12.79139438;-0.1802051067;0.2961167097;-0.2054032832;4
12.78550297;-3.445664644;1.335195065;9.580862045;12.79349615;-0.1863137633;0.2924515009;-0.1834121495;4
12.78760474;-3.488735437;1.368694544;9.671789169;12.79559797;-0.1899789423;0.2887863219;-0.1614210159;4
12.78970657;-3.527020693;1.378265858;9.734002113;12.79769974;-0.1948658675;0.2765690386;-0.1430950761;4
12.79180834;-3.541377544;1.383051515;9.8201437;12.79980157;-0.1973093301;0.2594648004;-0.1223256737;4
12.79391011;-3.517449379;1.402194023;9.896714211;12.80190334;-0.2009745091;0.2423606068;-0.1027780026;4
12.79601193;-3.507878065;1.392622828;9.978070259;12.80400511;-0.2009745091;0.2191477418;-0.0856737867;4
12.7981137;-3.464807272;1.363908887;10.07856941;12.80610693;-0.204639703;0.1959348768;-0.06612611562;4
12.80021552;-3.440878868;1.325623751;10.16949654;12.8082087;-0.204639703;0.1715002805;-0.05146535859;4
12.8023173;-3.412165165;1.272981644;10.23170948;12.81031047;-0.2034179717;0.1458439678;-0.03558287397;4
12.80441907;-3.388236761;1.21555388;10.29392338;12.8124123;-0.2070831656;0.1214093715;-0.02214384824;4
12.80652089;-3.354737282;1.162911773;10.38006496;12.81451407;-0.2021962404;0.1006399691;-0.01359174121;4
12.80862266;-3.311666489;1.081555843;10.43270683;12.81661584;-0.1997527778;0.07742711157;-0.002596175298;4
12.81072443;-3.235096216;1.014556766;10.53799057;12.81871761;-0.1997527778;0.0542142503;0.002290742937;4
12.81282625;-3.14895463;0.9619147182;10.61456108;12.82081943;-0.1948658675;0.02855792828;0.005955931731;4
12.81492802;-3.077169895;0.8949156404;10.67677498;12.8229212;-0.1899789423;0.005345067009;0.007177661173;4
12.8170298;-2.95752883;0.8566305041;10.75813103;12.82502297;-0.1875354946;-0.0190895237;0.007177661173;4
12.81913157;-2.842673302;0.8327022791;10.80120182;12.8271248;-0.181426838;-0.04108065739;0.004734201822;4
12.82123339;-2.742174864;0.8231309652;10.83948612;12.82922657;-0.1753181964;-0.06307178736;0.001069013379;4
12.82333516;-2.641676188;0.8039883971;10.87298584;12.83132839;-0.1667660922;-0.08139773458;-0.001374445739;4
12.82543693;-2.522035122;0.7944171429;10.88734341;12.83343016;-0.1606574357;-0.09483675659;-0.006261364091;4
12.82753875;-2.421536446;0.7657032609;10.88734341;12.83553193;-0.154548794;-0.1058323234;-0.01237001177;4
12.82964052;-2.359323025;0.760917604;10.87298584;12.83763375;-0.1447749585;-0.1143844277;-0.01603520103;4
12.83174235;-2.30189538;0.760917604;10.8682003;12.83973552;-0.1362228394;-0.1168278903;-0.02336557768;4
12.83384412;-2.234896421;0.7465606928;10.8682003;12.8418373;-0.1264490038;-0.115606159;-0.02825249545;4
12.83594589;-2.148754835;0.7178468108;10.84905815;12.84393912;-0.1154534444;-0.1131627038;-0.03558287397;4
12.83804771;-2.096112728;0.7130611539;10.79641533;12.84604089;-0.1056796089;-0.1094975099;-0.03924806044;4
12.84014948;-2.029113531;0.708275497;10.76291656;12.84814266;-0.0983492285;-0.1058323234;-0.04413498193;4
12.84225125;-1.957328916;0.7130611539;10.71027374;12.85024448;-0.08857539296;-0.09605848789;-0.0478001684;4
12.84435308;-1.923829436;0.7226324677;10.68156052;12.85234625;-0.07880155742;-0.08628465235;-0.05024362728;4
12.84645485;-1.871187329;0.732203722;10.61934662;12.85444802;-0.07147117704;-0.0740673542;-0.05146535859;4
12.84855662;-1.828116536;0.732203722;10.55713367;12.85654985;-0.06414080411;-0.06185005978;-0.05024362728;4
12.85065844;-1.789831281;0.7657032609;10.46620655;12.85865162;-0.05925388262;-0.04596757516;-0.05024362728;4
12.85276021;-1.770688772;0.7944171429;10.39920712;12.86075339;-0.05436696485;-0.02764163166;-0.0490218997;4
12.85486198;-1.737189293;0.8231309652;10.32742214;12.86285521;-0.04825831577;-0.01175914705;-0.04413498193;4
12.85696381;-1.708475351;0.8518448472;10.28435135;12.86495698;-0.04092793912;0.006566796452;-0.03680460155;4
12.85906558;-1.708475351;0.890130043;10.24128056;12.86705875;-0.03726275265;0.02611446939;-0.03069595434;4
12.86116735;-1.684547186;0.8997012973;10.2221384;12.86916058;-0.03359756246;0.04444041103;-0.02336557768;4
12.86326917;-1.679761529;0.9284151793;10.18385315;12.87126235;-0.02993237413;0.06643154472;-0.01481347065;4
12.86537094;-1.651047587;0.9332008362;10.12642574;12.87336412;-0.02504545636;0.08231402934;-0.007483093534;4
12.86747271;-1.641476393;0.9523434043;10.12164021;12.87546594;-0.02382372692;0.09697478265;-0.0001527161949;4
12.86957454;-1.617548108;0.9667003751;10.11685371;12.87756771;-0.01893680729;0.1079703495;0.007177661173;4
12.87167631;-1.603191137;0.9667003751;10.08814049;12.87966954;-0.01893680729;0.1153007299;0.01450803876;4
12.87377808;-1.55054903;0.9667003751;10.02592659;12.88177131;-0.01893680729;0.1201876476;0.02306014486;4
12.8758799;-1.526620865;0.9762716293;10.03549862;12.88387308;-0.02260199748;0.1189659163;0.03039052337;4
12.87798167;-1.493121386;0.9667003751;10.01156998;12.8859749;-0.02260199748;0.1165224537;0.03527744114;4
12.88008349;-1.445264935;0.9906286001;9.997213364;12.88807667;-0.02382372692;0.1104138121;0.04138609022;4
12.88218526;-1.416550994;0.9667003751;9.978070259;12.89017844;-0.02871064469;0.09941824526;0.04505127668;4
12.88428704;-1.368694544;0.9571290612;9.949356079;12.89228026;-0.03481929377;0.08964440972;0.04871646687;4
12.88638886;-1.320838094;0.9379864931;9.949356079;12.89438204;-0.04092793912;0.08231402934;0.04993819445;4
12.88849063;-1.26341033;0.9188438654;9.906285286;12.89648381;-0.05070177838;0.07131846249;0.05238165334;4
12.8905924;-1.229910851;0.8949156404;9.863214493;12.89858563;-0.05558869615;0.06398808211;0.05238165334;4
12.89269422;-1.172483087;0.8470591903;9.84885788;12.9006874;-0.05925388262;0.06032289565;0.05360338464;4
12.89479599;-1.13419795;0.8087740541;9.868000984;12.90278917;-0.06658425927;0.05177079141;0.05360338464;4
12.89689776;-1.100698471;0.7657032609;9.87757206;12.90489099;-0.07147117704;0.04566214234;0.05360338464;4
12.89899959;-1.062413216;0.7369893789;9.939785004;12.90699276;-0.07391463965;0.03833176568;0.05238165334;4
12.90110136;-1.052842021;0.7130611539;9.973284721;12.90909454;-0.07513637096;0.03100138716;0.04993819445;4
12.90320313;-1.019342422;0.6939185858;10.01156998;12.91119636;-0.07513637096;0.02244928107;0.04871646687;4
12.90530495;-0.9858429432;0.6939185858;10.07378292;12.91329813;-0.07635809481;0.01389717404;0.04749473557;4
12.90740672;-0.9667003751;0.6699903607;10.12164021;12.9153999;-0.07147117704;0.004123337101;0.0438295491;4
12.90950849;-0.94277215;0.6221339107;10.22692394;12.91750172;-0.06414080411;0.0004581485991;0.04138609022;4
12.91161032;-0.9523434043;0.6221339107;10.26999474;12.91960349;-0.05436696485;-0.006872228812;0.03772090003;4
12.91371209;-0.9523434043;0.5934200287;10.35613632;12.92170526;-0.04214967042;-0.01175914705;0.03527744114;4
12.91581386;-0.94277215;0.5742774606;10.4279213;12.92380709;-0.03115410358;-0.01298087649;0.03405570984;4
12.91791568;-0.9332008362;0.5599204898;10.49970531;12.92590886;-0.01404988952;-0.01298087649;0.03039052337;4
12.92001745;-0.9332008362;0.5503492355;10.62891865;12.92801063;0.003054323839;-0.01175914705;0.02916879393;4
12.92211922;-0.9236295223;0.5503492355;10.68634605;12.93011245;0.02138026804;-0.006872228812;0.02916879393;4
12.92422105;-0.9044869542;0.5503492355;10.748559;12.93221422;0.04092793912;-0.0007635809598;0.02672533318;4
12.92632282;-0.8853443861;0.5407779217;10.78205872;12.93431599;0.06047561392;0.005345067009;0.02550360374;4
12.92842459;-0.8709874153;0.5647061467;10.82991505;12.93641782;0.08246674389;0.01145371422;0.02306014486;4
12.93052641;-0.8422735929;0.5599204898;10.83948612;12.93851959;0.1056796089;0.01878409274;0.02183841541;4
12.93262818;-0.7992027402;0.5838487148;10.82512951;12.94062141;0.1252272725;0.02611446939;0.01939495653;4
12.93472995;-0.7513462901;0.5982056856;10.8107729;12.94272318;0.1459966749;0.02855792828;0.0157297682;4
12.93683178;-0.708275497;0.5934200287;10.77248764;12.94482495;0.1655443609;0.0358883068;0.01328630932;4
12.93893355;-0.650847733;0.6125625968;10.71506023;12.94692678;0.1826485693;0.04444041103;0.007177661173;4
12.94103537;-0.6077769399;0.6221339107;10.66720295;12.94902855;0.1997527778;0.04810560122;0.001069013379;4
12.94313714;-0.5503492355;0.6317051649;10.58106136;12.95113037;0.211970076;0.05665770918;-0.005039634649;4
12.94523891;-0.5072783828;0.6221339107;10.48056316;12.95323214;0.2205221802;0.06154462695;-0.009926552884;4
12.94734073;-0.4737788737;0.626919508;10.34656525;12.95533391;0.227852568;0.06887500733;-0.01481347065;4
12.9494425;-0.4354937077;0.6460621357;10.21256733;12.95743573;0.2327394783;0.0737619251;-0.0209221188;4
12.95154433;-0.4115654826;0.6604190469;10.06421185;12.9595375;0.2302960157;0.07864884287;-0.02703076601;4
12.9536461;-0.3684946895;0.6747759581;9.915857315;12.96163928;0.2290742993;0.0847574845;-0.03191768378;4
12.95574787;-0.3397808075;0.7226324677;9.753145218;12.9637411;0.2241873741;0.08964440972;-0.03436114267;4
12.95784969;-0.3349951804;0.7752745152;9.595218658;12.96584287;0.2168570012;0.09086613357;-0.03680460155;4
12.95995146;-0.3302095234;0.8279166222;9.44207859;12.96794464;0.204639703;0.09697478265;-0.03802633286;4
12.96205323;-0.3445664644;0.8949156404;9.288937569;12.97004641;0.1924224049;0.09819651395;-0.03680460155;4
12.96415506;-0.3828516304;0.9667003751;9.164510727;12.97214823;0.1777616441;0.1006399691;-0.03436114267;4
12.96625683;-0.4115654826;1.033699393;9.044869423;12.97425;0.1606574357;0.1006399691;-0.03191768378;4
12.9683586;-0.4402793646;1.110269666;8.934800148;12.97635183;0.1423314959;0.09819651395;-0.02703076601;4
12.97046037;-0.4594219327;1.162911773;8.853444099;12.9784536;0.1227838174;0.09208786488;-0.0209221188;4
12.97256219;-0.4833501875;1.210768223;8.781659126;12.98055537;0.102014415;0.0847574845;-0.01481347065;4
12.97466396;-0.5072783828;1.268195987;8.733802795;12.98265714;0.08124501258;0.0737619251;-0.007483093534;4
12.97676579;-0.5312066078;1.306481123;8.671588898;12.98475896;0.05558869615;0.06154462695;-0.0001527161949;4
12.97886756;-0.5503492355;1.339980721;8.618947029;12.98686073;0.03359756246;0.04932733253;0.007177661173;4
12.98096933;-0.5790630579;1.363908887;8.542376518;12.98896256;0.00916297175;0.03711003438;0.01695149764;4
12.9830711;-0.5886343718;1.392622828;8.499305725;12.99106433;-0.01771507785;0.02367101051;0.02672533318;4
12.98517292;-0.5838487148;1.416550994;8.46102047;12.9931661;-0.04092793912;0.01511890348;0.03649916872;4
12.98727469;-0.6125625968;1.450050473;8.451449394;12.99526792;-0.06536252797;0.009010255337;0.0438295491;4
12.98937651;-0.6077769399;1.450050473;8.451449394;12.99736969;-0.08613193035;0.006566796452;0.05482511222;4
12.99147829;-0.6077769399;1.440479279;8.456234932;12.99947146;-0.1093447953;0.0016798781;0.0621554926;4
12.99358006;-0.5886343718;1.435693622;8.499305725;13.00157329;-0.1288924664;0.0004581485991;0.07070759684;4
12.99568188;-0.5742774606;1.392622828;8.556734085;13.00367506;-0.1447749585;0.004123337101;0.07681624591;4
12.99778365;-0.5551348329;1.373480201;8.628518105;13.00577683;-0.1594357044;0.0004581485991;0.08170316368;4
12.99988542;-0.5264210105;1.325623751;8.714659691;13.00787865;-0.1716530025;0.002901607659;0.08536835015;4
13.00198724;-0.4881358147;1.268195987;8.819944382;13.00998042;-0.1802051067;0.0016798781;0.08781181276;4
13.00408901;-0.4307080805;1.186840057;8.939585686;13.01208219;-0.1875354946;0.0016798781;0.08903354406;4
13.00619079;-0.3828516304;1.115055323;9.049654961;13.01418401;-0.1924224049;-0.0007635809598;0.09147699922;4
13.00829261;-0.3206382394;1.071984529;9.145368576;13.01628578;-0.1948658675;-0.004428769462;0.09269873053;4
13.01039438;-0.3062812984;1.019342422;9.274580956;13.01838761;-0.1948658675;-0.00565049937;0.09514218569;4
13.01249615;-0.2775674164;0.9762716293;9.38465023;13.02048938;-0.1936441362;-0.006872228812;0.0975856483;4
13.01459797;-0.2632105052;0.9284151793;9.470791817;13.02259115;-0.1899789423;-0.004428769462;0.1000291109;4
13.01669974;-0.2727817893;0.8949156404;9.580862045;13.02469297;-0.1863137633;0.002901607659;0.1012508348;4
13.01880157;-0.2679961324;0.8709874153;9.69093132;13.02679474;-0.1789833754;0.009010255337;0.1036942974;4
13.02090334;-0.2823530734;0.8279166222;9.810572624;13.02889651;-0.1728747338;0.02122755162;0.1061377525;4
13.02300511;-0.3110669553;0.7896314859;9.930213928;13.03099828;-0.1631008983;0.03344484791;0.1073594838;4
13.02510693;-0.3397808075;0.7465606928;10.08335495;13.03310011;-0.1508836001;0.04566214234;0.1098029464;4
13.0272087;-0.3445664644;0.6939185858;10.23649502;13.03520188;-0.1398880333;0.05665770918;0.1098029464;4
13.02931047;-0.3541377485;0.6556333899;10.40399265;13.0373037;-0.1215620935;0.06887500733;0.1085812151;4
13.03141224;-0.3637090325;0.5982056856;10.51406288;13.03940547;-0.1044578776;0.0737619251;0.1073594838;4
13.03351407;-0.3493520916;0.5503492355;10.6480608;13.04150724;-0.0849102065;0.07742711157;0.1036942974;4
13.03561584;-0.3349951804;0.4785645306;10.7677021;13.04360907;-0.06536252797;0.07742711157;0.0988073796;4
13.03771766;-0.3254238665;0.4067798555;10.85384369;13.04571084;-0.04214967042;0.07009673119;0.09392046183;4
13.03981943;-0.3158525825;0.3445664644;10.97348499;13.04781261;-0.02015853859;0.06520981342;0.08781181276;4
13.0419212;-0.3110669553;0.3110669553;11.05962658;13.04991443;0.0006108647794;0.05177079141;0.08048143238;4
13.04402303;-0.3110669553;0.2584248483;11.1314106;13.0520162;0.02260199748;0.04199695215;0.06948586553;4
13.0461248;-0.2967100143;0.2153540403;11.12662506;13.05411797;0.03970621154;0.03344484791;0.05849030241;4
13.04822657;-0.3014956415;0.1962114573;11.13619614;13.0562198;0.05681042373;0.02122755162;0.04749473557;4
13.05032839;-0.3110669553;0.1722832322;11.1314106;13.05832157;0.07024945319;0.01511890348;0.03649916872;4
13.05243016;-0.3014956415;0.1339980662;11.09312534;13.06042334;0.08246674389;0.007788525894;0.0242818743;4
13.05453193;-0.3110669553;0.1244267747;11.05005455;13.06252516;0.09346231073;0.002901607659;0.01328630932;4
13.05663375;-0.3349951804;0.1100698411;10.98305607;13.06462693;0.09957095981;-0.0007635809598;0.001069013379;4
13.05873553;-0.3684946895;0.09571290761;10.93998528;13.0667287;0.1093447953;-0.003207040019;-0.008704823442;4
13.0608373;-0.4163511395;0.09571290761;10.87777138;13.06883053;0.1142317131;-0.004428769462;-0.0209221188;4
13.06293912;-0.4785645306;0.1244267747;10.82991505;13.0709323;0.1203403622;-0.009315688163;-0.03069595434;4
13.06504089;-0.5264210105;0.1339980662;10.78684425;13.07303412;0.1264490038;-0.01175914705;-0.03924806044;4
13.06714266;-0.5934200287;0.1627119333;10.748559;13.07513589;0.1362228394;-0.01664606482;-0.05024362728;4
13.06924448;-0.6364908218;0.1866401732;10.69591713;13.07723766;0.1411097646;-0.02397644334;-0.05879573524;4
13.07134625;-0.70348984;0.2153540403;10.67198944;13.07933948;0.1459966749;-0.03008509055;-0.06856957078;4
13.07344808;-0.756131947;0.2488535494;10.61456108;13.08144125;0.154548794;-0.03985892609;-0.07834340632;4
13.07554985;-0.8183453679;0.2775674164;10.57149029;13.08354302;0.1606574357;-0.05085449293;-0.0856737867;4
13.07765162;-0.8757730722;0.3014956415;10.52363396;13.0856448;0.1655443609;-0.05818486959;-0.09300415963;4
13.07975344;-0.9714859724;0.3349951804;10.43270683;13.08774662;0.1679878086;-0.06673697382;-0.0991128087;4
13.08185521;-1.067198873;0.3924229145;10.37049294;13.08984839;0.1704312712;-0.0740673542;-0.1027780026;4
13.08395698;-1.172483087;0.4402793646;10.28913784;13.09195021;0.1728747338;-0.08017600328;-0.1052214578;4
13.08605875;-1.292124271;0.4881358147;10.20778179;13.09405198;0.1692095399;-0.08628465235;-0.1064431891;4
13.08816058;-1.416550994;0.5312066078;10.11685371;13.09615375;0.1655443609;-0.08994983882;-0.1052214578;4
13.09026235;-1.521835208;0.6125625968;9.992427826;13.09825558;0.158213973;-0.09117157012;-0.1039997265;4
13.09236417;-1.612762451;0.6556333899;9.882357597;13.10035735;0.1508836001;-0.09605848789;-0.1027780026;4
13.09446594;-1.703689694;0.732203722;9.762716293;13.10245917;0.1398880333;-0.09850194305;-0.0978910774;4
13.09656771;-1.794616938;0.813559711;9.657432556;13.10456094;0.1301141977;-0.09850194305;-0.09422589093;4
13.09866954;-1.871187329;0.8997012973;9.566504478;13.10666271;0.1166751757;-0.09972367436;-0.08933897316;4
13.10077131;-1.947757602;0.9714859724;9.480362892;13.10876454;0.1007926911;-0.1009454057;-0.0856737867;4
13.10287313;-2.005185366;1.033699393;9.379864693;13.11086631;0.08246674389;-0.1009454057;-0.07956513762;4
13.1049749;-2.081755638;1.091127157;9.265008926;13.11296808;0.0616973415;-0.102167137;-0.07345648855;4
13.10707667;-2.143969059;1.124626637;9.174081802;13.11506985;0.043371398;-0.1046105921;-0.06734783947;4
13.10917849;-2.215753794;1.177268744;9.131011009;13.11717167;0.02504545636;-0.1082757786;-0.06246092543;4
13.11128026;-2.297109842;1.210768223;9.111868858;13.11927344;0.007941242307;-0.1070540547;-0.05513054505;4
13.11338204;-2.359323025;1.258624673;9.087940216;13.12137526;-0.01038470119;-0.1058323234;-0.04657844082;4
13.11548381;-2.416750908;1.282552958;9.102297783;13.12347698;-0.02504545636;-0.1094975099;-0.03802633286;4
13.11758563;-2.498106956;1.306481123;9.116654396;13.12557881;-0.04214967042;-0.1119409725;-0.0294742249;4
13.1196874;-2.550748825;1.335195065;9.164510727;13.12768063;-0.05558869615;-0.1107192412;-0.01970038936;4
13.12178922;-2.617748022;1.397408366;9.164510727;13.1297824;-0.07024945319;-0.1033888608;-0.007483093534;4
13.12389094;-2.679961443;1.450050473;9.198010445;13.13188417;-0.08002328873;-0.09483675659;0.004734201822;4
13.12599276;-2.742174864;1.473978758;9.226723671;13.13398599;-0.09101885557;-0.08139773458;0.01817322709;4
13.12809459;-2.790031195;1.497906923;9.312865257;13.13608771;-0.102014415;-0.06795870513;0.03039052337;4
13.13019636;-2.847458839;1.526620865;9.36550808;13.13818954;-0.108123064;-0.05207622424;0.0426078178;4
13.13229813;-2.890529871;1.555334687;9.427721024;13.14029136;-0.1142317131;-0.0374154672;0.05360338464;4
13.13439995;-2.938386202;1.584048629;9.509077072;13.14239313;-0.1191186309;-0.02641990222;0.06704241037;4
13.13650167;-2.991028309;1.574477315;9.600004196;13.1444949;-0.1215620935;-0.02397644334;0.07681624591;4
13.13860349;-3.024527788;1.531406522;9.705288887;13.14659667;-0.1227838174;-0.02641990222;0.08659008145;4
13.14070532;-3.077169895;1.469193101;9.772287369;13.14869849;-0.1240055487;-0.03008509055;0.09392046183;4
13.14280709;-3.101098061;1.378265858;9.925428391;13.15080026;-0.1215620935;-0.03008509055;0.1024725661;4
13.14490886;-3.139383316;1.258624673;10.08814049;13.15290204;-0.1166751757;-0.02764163166;0.1098029464;4
13.14701063;-3.235096216;1.124626637;10.24128056;13.15500386;-0.1142317131;-0.02764163166;0.1183550507;4
13.14911245;-3.37387991;1.071984529;10.33699417;13.15710563;-0.1069013327;-0.02886336111;0.1269071549;4
13.15121422;-3.479164124;1.048056364;10.43749237;13.15920745;-0.09957095981;-0.03008509055;0.1366809905;4
13.15331599;-3.570091486;1.048056364;10.57149029;13.16130922;-0.08613193035;-0.03130681813;0.1452330947;4
13.15541782;-3.632304668;1.048056364;10.7054882;13.16341099;-0.07269290835;-0.03252854943;0.1550069451;4
13.15751959;-3.675375462;1.057627559;10.87298584;13.16551282;-0.05558869615;-0.03863719851;0.1623373181;4
13.15962141;-3.708875179;1.004985452;11.01177025;13.16761459;-0.03848448023;-0.04841103405;0.1684459597;4
13.16172318;-3.713660717;0.9667003751;11.09791183;13.16971636;-0.02015853859;-0.0557414107;0.1745546162;4
13.16382495;-3.699303865;0.9092726111;11.2510519;13.17181818;0.001832594397;-0.05940660089;0.1794415265;4
13.16592678;-3.699303865;0.8614161611;11.30369377;13.17391995;0.02260199748;-0.06185005978;0.1843284518;4
13.16802854;-3.708875179;0.8231309652;11.33240795;13.17602172;0.043371398;-0.06307178736;0.1892153621;4
13.17013032;-3.704089403;0.7704889178;11.38504982;13.17812354;0.06414080411;-0.06673697382;0.1941022873;4
13.17223214;-3.713660717;0.7657032609;11.47119141;13.18022532;0.0849102065;-0.07162389904;0.1977674663;4
13.17433391;-3.728017569;0.8087740541;11.52383423;13.18232714;0.1044578776;-0.07773254067;0.2014326602;4
13.17643568;-3.718446493;0.8614161611;11.54297638;13.18442891;0.1252272725;-0.08628465235;0.2038761228;4
13.1785375;-3.713660717;0.8614161611;11.52861977;13.18653068;0.1447749585;-0.09483675659;0.2063195854;4
13.18063928;-3.694518089;0.8518448472;11.5142622;13.18863245;0.1606574357;-0.1082757786;0.2087630332;4
13.1827411;-3.704089403;0.837487936;11.46162033;13.19073428;0.1753181964;-0.1168278903;0.2087630332;4
13.18484287;-3.680161238;0.7944171429;11.36112213;13.19283604;0.1875354946;-0.1241582632;0.2063195854;4
13.18694464;-3.651447296;0.7513462901;11.24148083;13.19493782;0.1960875988;-0.1327103674;0.1989891976;4
13.18904641;-3.594019651;0.6891329288;11.11705399;13.19703964;0.2009745091;-0.1400407553;0.1879936308;4
13.19114823;-3.460021496;0.6364908218;10.98305607;13.19914141;0.2095266134;-0.1375972927;0.1745546162;4
13.19325;-3.292523861;0.5647061467;10.84905815;13.20124323;0.211970076;-0.1327103674;0.1611155868;4
13.19535178;-3.120240688;0.5168496966;10.71506023;13.203345;0.2156352699;-0.1266017258;0.1452330947;4
13.1974536;-2.967100143;0.4642075896;10.62891865;13.20544683;0.2168570012;-0.1168278903;0.1330158114;4
13.19955537;-2.885744095;0.4402793646;10.52841949;13.2075486;0.2180787325;-0.102167137;0.119576782;4
13.20165719;-2.833101988;0.4881358147;10.43270683;13.20965037;0.2180787325;-0.08994983882;0.1085812151;4
13.20375896;-2.81395936;0.5455635786;10.34656525;13.21175219;0.2193004489;-0.08872810751;0.0988073796;4
13.20586078;-2.81395936;0.5934200287;10.23170948;13.21385396;0.2217439115;-0.08506292105;0.09025526792;4
13.20796256;-2.818745136;0.6460621357;10.18385315;13.21595573;0.2241873741;-0.08628465235;0.08170316368;4
13.21006433;-2.833101988;0.6699903607;10.24606609;13.2180575;0.227852568;-0.08139773458;0.07925970852;4
13.21216615;-2.861815929;0.679561615;10.28435135;13.22015933;0.227852568;-0.08017600328;0.07559451461;4
13.21426792;-2.938386202;0.6987041831;10.18385315;13.2222611;0.2290742993;-0.08139773458;0.0743727833;4
13.21636969;-3.014956474;0.6747759581;10.07856941;13.22436287;0.231517747;-0.08261945844;0.07070759684;4
13.21847146;-3.110669374;0.6556333899;10.00678444;13.22646469;0.235182941;-0.08017600328;0.07315105945;4
13.22057328;-3.168097258;0.6987041831;10.01156998;13.22856646;0.2376264036;-0.06185005978;0.07315105945;4
13.22267506;-3.201596737;0.760917604;9.982855797;13.23066823;0.2400698513;-0.04718930274;0.07681624591;4
13.22477683;-3.182454109;0.8422735929;9.920642853;13.23277006;0.2449567765;-0.03130681813;0.08170316368;4
13.22687865;-3.172882795;0.9667003751;9.868000984;13.23487183;0.2461785078;-0.02031125315;0.09025526792;4
13.22898042;-3.192025423;1.062413216;9.801001549;13.23697365;0.2461785078;-0.00565049937;0.1000291109;4
13.23108219;-3.230310678;1.115055323;9.781859398;13.23907542;0.2449567765;0.0126754446;0.1122464016;4
13.23318401;-3.311666489;1.158126116;9.772287369;13.24117719;0.2437350452;0.0358883068;0.1269071549;4
13.23528578;-3.393022537;1.186840057;9.643074989;13.24327901;0.2461785078;0.06276635826;0.142789647;4
13.23738761;-3.46959281;1.177268744;9.54257679;13.24538078;0.2437350452;0.09453132749;0.1586721241;4
13.23948938;-3.527020693;1.186840057;9.494720459;13.24748256;0.2461785078;0.1287397593;0.1769980639;4
13.24159115;-3.560520172;1.225125194;9.480362892;13.24958438;0.2474002391;0.1592829973;0.1977674663;4
13.24369297;-3.589233875;1.268195987;9.451649666;13.25168615;0.2486219704;0.1910479665;0.2197586;4
13.24579474;-3.608376503;1.31126678;9.456435204;13.25378792;0.2535088956;0.2228129357;0.2441931963;4
13.24789651;-3.598805189;1.387837172;9.446864128;13.25588974;0.2535088956;0.2533561587;0.2674060464;4
13.24999834;-3.617947817;1.445264935;9.456435204;13.25799151;0.2596175373;0.2826776803;0.2930623889;4
13.25210011;-3.622733593;1.469193101;9.466006279;13.26009334;0.2608392537;0.311999172;0.3187187016;4
13.25420188;-3.641875982;1.493121386;9.44207859;13.26219511;0.2632827163;0.3437641561;0.3455967605;4
13.2563037;-3.632304668;1.512263894;9.418149948;13.26429688;0.2669478953;0.3730856776;0.3688096106;4
13.25840547;-3.603590965;1.521835208;9.360722542;13.2663987;0.2669478953;0.4011854529;0.3920224607;4
13.2605073;-3.589233875;1.507478237;9.375079155;13.26850047;0.2681696415;0.4268417656;0.416457057;4
13.26260907;-3.570091486;1.493121386;9.399007797;13.27060224;0.2669478953;0.4524980783;0.4396699369;4
13.26471084;-3.584448338;1.517049551;9.370293617;13.27270401;0.2669478953;0.4793761373;0.462882787;4
13.26681266;-3.584448338;1.555334687;9.341579437;13.27480584;0.2645044625;0.5050324798;0.4860956371;4
13.26891443;-3.598805189;1.574477315;9.351150513;13.27690761;0.2657261789;0.5282453299;0.509308517;4
13.2710162;-3.617947817;1.612762451;9.3367939;13.27900938;0.2645044625;0.5453495383;0.5312996507;4
13.27311797;-3.627519131;1.627119422;9.351150513;13.2811112;0.2632827163;0.5551233888;0.5532907844;4
13.2752198;-3.651447296;1.617548108;9.322437286;13.28321297;0.2632827163;0.5685623884;0.5740602016;4
13.27732157;-3.66101861;1.574477315;9.408578873;13.28531474;0.2620609999;0.5832231641;0.5948295593;4
13.27942334;-3.651447296;1.55054903;9.461220741;13.28741657;0.2596175373;0.5966621637;0.6131555438;4
13.28152516;-3.646661758;1.507478237;9.44207859;13.28951834;0.2583957911;0.6076577306;0.6327031851;4
13.28362693;-3.665804386;1.483550072;9.375079155;13.29162016;0.2535088956;0.6125446558;0.6485856771;4
13.2857287;-3.622733593;1.440479279;9.389435768;13.29372193;0.2474002391;0.6137663722;0.6656898856;4
13.28783052;-3.594019651;1.450050473;9.389435768;13.2958237;0.2412915826;0.6076577306;0.6803506613;4
13.2899323;-3.555734396;1.483550072;9.36550808;13.29792547;0.231517747;0.5991056561;0.6937896609;4
13.29203412;-3.512663603;1.521835208;9.346364975;13.3000273;0.2193004489;0.5820014477;0.7072287202;4
13.29413589;-3.460021496;1.517049551;9.327222824;13.30212907;0.208304897;0.5612320304;0.7194460034;4
13.29623766;-3.455235958;1.488335729;9.312865257;13.30423089;0.1924224049;0.5380191803;0.7292198539;4
13.29833943;-3.440878868;1.450050473;9.274580956;13.30633266;0.1777616441;0.5111411214;0.7414371371;4
13.30044125;-3.43609333;1.411765337;9.245866776;13.30843448;0.1594357044;0.4793761373;0.7499892116;4
13.30254302;-3.388236761;1.35912323;9.183652878;13.31053625;0.1411097646;0.4537198246;0.7585413456;4
13.30464485;-3.335594654;1.335195065;9.169296265;13.31263802;0.1227838174;0.4268417656;0.7646499872;4
13.30674662;-3.268595695;1.268195987;9.169296265;13.31473985;0.1056796089;0.4036289155;0.7719803452;4
13.30884844;-3.187239647;1.244267821;9.174081802;13.31684162;0.09346231073;0.3730856776;0.7780889869;4
13.31095021;-3.110669374;1.1820544;9.226723671;13.31894339;0.08002328873;0.3462076187;0.7817541957;4
13.31305198;-3.03888464;1.110269666;9.293723106;13.32104516;0.06780599058;0.3156643808;0.7829759121;4
13.31515381;-2.947957516;1.03848505;9.36550808;13.32314698;0.06047561392;0.2924515009;0.7805324793;4
13.31725558;-2.833101988;0.9954141974;9.475577354;13.32524875;0.05436696485;0.2704603672;0.7780889869;4
13.31935735;-2.723032236;0.9140582681;9.54257679;13.32735058;0.05192350596;0.2484692484;0.7719803452;4
13.32145912;-2.569891453;0.8757730722;9.57129097;13.32945235;0.04948004708;0.2228129357;0.7658717036;4
13.32356094;-2.416750908;0.8566305041;9.566504478;13.33155412;0.04825831577;0.1959348768;0.7573196292;4
13.32566271;-2.263610125;0.837487936;9.595218658;13.33365589;0.05070177838;0.1751654744;0.7487674952;4
13.32776454;-2.100898266;0.8039883971;9.700503349;13.33575771;0.05314523727;0.1666133702;0.7402154207;4
13.32986631;-1.990828395;0.7657032609;9.767501831;13.33785948;0.05314523727;0.1629481763;0.7341067195;4
13.33196808;-1.919043779;0.7130611539;9.743574142;13.33996131;0.05192350596;0.1666133702;0.7292198539;4
13.33406985;-1.899901152;0.6747759581;9.7196455;13.34206308;0.05314523727;0.1653916389;0.7255546451;4
13.33617167;-1.895115495;0.679561615;9.681360245;13.3441649;0.05558869615;0.1666133702;0.7218894362;4
13.33827344;-1.899901152;0.70348984;9.595218658;13.34626662;0.05803215504;0.1715002805;0.7206677198;4
13.34037526;-1.852044702;0.7513462901;9.614361763;13.34836844;0.06291907281;0.18493931;0.7206677198;4
13.34247704;-1.818545222;0.760917604;9.662218094;13.35047021;0.06780599058;0.1983783394;0.7231112123;4
13.34457886;-1.789831281;0.7417750359;9.662218094;13.35257204;0.07269290835;0.2142608166;0.7267763615;4
13.34668058;-1.804188251;0.7178468108;9.657432556;13.35467381;0.07880155742;0.2264781147;0.7328850031;4
13.3487824;-1.837687731;0.70348984;9.710074425;13.35677558;0.08368847519;0.2423606068;0.7402154207;4
13.35088417;-1.895115495;0.7274180651;9.738788605;13.35887735;0.09101885557;0.2545779049;0.7499892116;4
13.35298599;-1.947757602;0.7752745152;9.738788605;13.36097917;0.0971274972;0.2680169344;0.7622065544;4
13.35508776;-1.971685886;0.8327022791;9.762716293;13.36308094;0.1044578776;0.2802342176;0.7756455541;4
13.35718954;-2.01475668;0.8757730722;9.762716293;13.36518271;0.1105665267;0.2875646055;0.7903063297;4
13.35929131;-2.053041935;0.8949156404;9.786644936;13.36728454;0.1178968996;0.2912297845;0.8061888218;4
13.36139313;-2.096112728;0.890130043;9.791430473;13.36938636;0.1215620935;0.2887863219;0.8232930303;4
13.3634949;-2.124826431;0.8757730722;9.810572624;13.37148813;0.1264490038;0.2875646055;0.8391754627;4
13.36559667;-2.11046958;0.890130043;9.853643417;13.3735899;0.1301141977;0.2887863219;0.8575014472;4
13.36769849;-2.100898266;0.9140582681;9.8201437;13.37569172;0.1301141977;0.2838993967;0.8746056557;4
13.36980032;-2.086541414;0.9332008362;9.714859962;13.37779349;0.1301141977;0.2753472924;0.8917098641;4
13.37190209;-2.043470621;0.9858429432;9.643074989;13.37989532;0.1288924664;0.2704603672;0.9063706398;4
13.37400386;-1.990828395;0.9858429432;9.528220177;13.38199704;0.1227838174;0.2692386508;0.9173662066;4
13.37610568;-1.904686809;0.9714859724;9.456435204;13.38409886;0.1154534444;0.2692386508;0.9308052063;4
13.37820745;-1.761117458;0.9762716293;9.427721024;13.38620063;0.108123064;0.2765690386;0.9430224895;4
13.38030928;-1.588834286;0.9523434043;9.284152031;13.38830245;0.09590577334;0.281455934;0.95279634;4
13.38241099;-1.440479279;0.8949156404;9.17886734;13.39040422;0.08368847519;0.2765690386;0.9637919068;4
13.38451282;-1.387837172;0.813559711;9.087940216;13.39250599;0.07024945319;0.2753472924;0.9711222649;4
13.38661459;-1.335195065;0.7800601721;9.00179863;13.39460782;0.05558869615;0.2753472924;0.9772309065;4
13.38871641;-1.21555388;0.7896314859;9.006584167;13.39670959;0.043371398;0.2826776803;0.9845613241;4
13.39081818;-1.095912814;0.7944171429;8.982656479;13.39881136;0.02748891525;0.2863428593;0.9894482493;4
13.39291995;-0.9667003751;0.8327022791;8.882157326;13.40091318;0.01160643063;0.2863428593;0.995556891;4
13.39502178;-0.8183453679;0.8614161611;8.84387207;13.40301495;-0.006719512399;0.281455934;1.000443816;4
13.39712355;-0.708275497;0.8949156404;8.819944382;13.40511672;-0.02015853859;0.277790755;1.006552458;4
13.39922532;-0.6173482537;0.9092726111;8.781659126;13.40721855;-0.03115410358;0.2753472924;1.008995891;4
13.40132714;-0.5551348329;0.8327022791;8.705088615;13.40932032;-0.04459312931;0.2765690386;1.010217667;4
13.40342891;-0.4450650215;0.732203722;8.800801277;13.41142209;-0.05192350596;0.2863428593;1.010217667;4
13.40553068;-0.3302095234;0.679561615;8.858229637;13.41352391;-0.05925388262;0.3034470677;1.010217667;4
13.4076325;-0.1914258152;0.6412764788;8.853444099;13.41562568;-0.06536252797;0.3193295598;1.012661099;4
13.40973428;-0.06221338734;0.6699903607;8.839086533;13.4177275;-0.07391463965;0.3339903057;1.013882875;4
13.41183605;0.03349951655;0.6843472719;8.920442581;13.41982928;-0.07635809481;0.3523162603;1.015104532;4
13.41393787;0.1292124242;0.6843472719;8.977870941;13.42193105;-0.07635809481;0.3718639314;1.016326308;4
13.41603964;0.1818545163;0.6317051649;9.03051281;13.42403282;-0.07757982612;0.3938550651;1.015104532;4
13.41814146;0.2536391914;0.5503492355;9.111868858;13.42613464;-0.07391463965;0.4121810198;1.011439323;4
13.42024323;0.3254238665;0.4450650215;9.193224907;13.42823641;-0.06780599058;0.428063482;1.006552458;4
13.422345;0.4163511395;0.3972085714;9.279366493;13.43033823;-0.05925388262;0.4390590489;1.002887249;4
13.42444678;0.5216353536;0.3541377485;9.346364975;13.43244;-0.04825831577;0.4488328993;0.995556891;4
13.4265486;0.6652047038;0.3302095234;9.480362892;13.43454178;-0.04092793912;0.4537198246;0.9857830405;4
13.42865037;0.8279166222;0.3062812984;9.576076508;13.4366436;-0.02871064469;0.4573850036;0.9735657573;4
13.43075219;0.9858429432;0.2584248483;9.671789169;13.43874537;-0.01893680729;0.4598284662;0.9589049816;4
13.43285396;1.129412293;0.1962114573;9.734002113;13.44084714;-0.007941242307;0.4659371078;0.944244206;4
13.43495573;1.253839016;0.1292124242;9.705288887;13.44294891;0.001832594397;0.4659371078;0.9234748483;4
13.43705756;1.402194023;0.04785645381;9.667003632;13.44505073;0.00916297175;0.4634936452;0.9051488638;4
13.43915933;1.517049551;-0.0239282269;9.614361763;13.4471525;0.0164933484;0.4573850036;0.8831577301;4
13.4412611;1.627119422;-0.06221338734;9.595218658;13.44925433;0.02015853859;0.4512763619;0.8611665964;4
13.44336287;1.718046665;-0.08135596663;9.57129097;13.4513561;0.02138026804;0.4415025115;0.8367320299;4
13.44546469;1.813759565;-0.1004985496;9.547362328;13.45345787;0.02138026804;0.428063482;0.809853971;4
13.44756646;1.914258122;-0.1339980662;9.475577354;13.45555969;0.02015853859;0.4158461988;0.7829759121;4
13.44966829;2.019542217;-0.1196411327;9.427721024;13.45766146;0.0164933484;0.4036289155;0.7573196292;4
13.45177006;2.100898266;-0.1339980662;9.389435768;13.45976329;0.01038470119;0.3853029609;0.7328850031;4
13.45387183;2.153540373;-0.1483550072;9.269794464;13.461865;0.003054323839;0.3657552898;0.7108938694;4
13.45597365;2.167897224;-0.1579262912;9.164510727;13.46396683;-0.001832594397;0.3462076187;0.6925679445;4
13.45807542;2.129612207;-0.1627119333;9.116654396;13.4660686;-0.006719512399;0.3254382014;0.6730202436;4
13.46017724;2.06261301;-0.1339980662;9.064012527;13.46817042;-0.01404988952;0.3058905303;0.6571378112;4
13.46227896;2.01475668;-0.09571290761;8.992227554;13.47027219;-0.02382372692;0.2924515009;0.6436987519;4
13.46438079;1.971685886;-0.05264209956;8.939585686;13.47237401;-0.03359756246;0.2790125012;0.6314814687;4
13.46648256;1.914258122;-0.009571290575;8.858229637;13.47447579;-0.04459312931;0.2667951882;0.6204859018;4
13.46858438;1.914258122;0.05264209956;8.800801277;13.47657756;-0.05314523727;0.2570213675;0.6131555438;4
13.47068615;1.895115495;0.1435693651;8.748159409;13.47867938;-0.06414080411;0.2521344423;0.6058251262;4
13.47278797;1.875972986;0.2057827413;8.705088615;13.48078115;-0.07269290835;0.2448040545;0.5997164845;4
13.47488974;1.837687731;0.2344966233;8.676374435;13.48288292;-0.07880155742;0.2399171442;0.5972730517;4
13.47699151;1.756331801;0.2297109663;8.638090134;13.48498474;-0.08857539296;0.2411388755;0.5960513353;4
13.47909334;1.689332843;0.2105683982;8.671588898;13.48708651;-0.09468404204;0.2460257858;0.5960513353;4
13.48119511;1.64626193;0.2057827413;8.69551754;13.48918829;-0.09957095981;0.2484692484;0.600938201;4
13.48329688;1.574477315;0.2105683982;8.69551754;13.49129011;-0.1007926911;0.2606865466;0.6082686186;4
13.4853987;1.488335729;0.2344966233;8.69551754;13.49339188;-0.1032361463;0.2729038298;0.616820693;4
13.48750047;1.426122308;0.2584248483;8.719446182;13.49549365;-0.1007926911;0.2912297845;0.6265945435;4
13.48960224;1.373480201;0.2775674164;8.690732002;13.49759547;-0.0983492285;0.308333993;0.6363683939;4
13.49170407;1.35912323;0.3062812984;8.671588898;13.49969724;-0.09590577334;0.3327685893;0.6473639607;4
13.49380584;1.383051515;0.3493520916;8.676374435;13.50179901;-0.09224057943;0.3633118272;0.6571378112;4
13.49590761;1.426122308;0.3924229145;8.685946465;13.50390084;-0.08857539296;0.3987419903;0.6644681692;4
13.49800943;1.459621787;0.4163511395;8.69551754;13.50600261;-0.0849102065;0.4378373325;0.6742420197;4
13.5001112;1.507478237;0.4546363056;8.66680336;13.50810438;-0.08002328873;0.4757109582;0.6827940941;4
13.50221297;1.531406522;0.4594219327;8.652446747;13.5102062;-0.07513637096;0.5135845542;0.6889027357;4
13.5043148;1.55054903;0.4498506486;8.642875671;13.51230797;-0.07147117704;0.5490147471;0.6974548697;4
13.50641657;1.584048629;0.4354937077;8.714659691;13.51440974;-0.06902772188;0.5856665969;0.7047852278;4
13.50851834;1.636690736;0.4307080805;8.776873589;13.51651157;-0.06658425927;0.6198750138;0.7121156454;4
13.51062016;1.651047587;0.4594219327;8.810373306;13.51861334;-0.06047561392;0.6430879235;0.7206677198;4
13.51272193;1.694118381;0.4881358147;8.781659126;13.52071516;-0.05925388262;0.6626355648;0.7279980779;4
13.5148237;1.722832322;0.5120640397;8.839086533;13.52281693;-0.05314523727;0.6797397733;0.7341067195;4
13.51692553;1.751546144;0.5024927258;8.90130043;13.5249187;-0.05192350596;0.6968439817;0.7402154207;4
13.5190273;1.813759565;0.4833501875;8.997013092;13.52702047;-0.05192350596;0.7078395486;0.7426588535;4
13.52112912;1.880758643;0.4402793646;9.044869423;13.5291223;-0.04825831577;0.717613399;0.7438805699;4
13.52323089;1.957328916;0.3924229145;9.092725754;13.53122407;-0.04703658819;0.7200568318;0.7414371371;4
13.52533266;2.009970903;0.3158525825;9.145368576;13.53332589;-0.05070177838;0.7151699662;0.7389936447;4
13.52743443;2.0769701;0.2344966233;9.202795982;13.53542766;-0.05070177838;0.7066178322;0.7328850031;4
13.52953625;2.220539331;0.2153540403;9.303294182;13.53752943;-0.05192350596;0.6968439817;0.7231112123;4
13.53163803;2.344966173;0.2105683982;9.341579437;13.53963125;-0.05558869615;0.6846266985;0.7121156454;4
13.53373985;2.488535643;0.2201396823;9.351150513;13.54173303;-0.05925388262;0.6711876988;0.6998983026;4
13.53584162;2.612962246;0.2536391914;9.351150513;13.5438348;-0.06414080411;0.6528617144;0.6876810193;4
13.53794339;2.73260355;0.2536391914;9.394221306;13.54593662;-0.07147117704;0.6296488643;0.6717985272;4
13.54004521;2.804388046;0.2440679073;9.394221306;13.54803839;-0.08124501258;0.6076577306;0.6571378112;4
13.54214698;2.852244616;0.2153540403;9.437292099;13.55014021;-0.09468404204;0.5856665969;0.6375901103;4
13.54424875;2.933600664;0.1674975902;9.44207859;13.55224198;-0.1069013327;0.5563451052;0.616820693;4
13.54635058;3.010170937;0.1196411327;9.456435204;13.55434375;-0.1166751757;0.5282453299;0.5948295593;4
13.54845235;3.077169895;0.06699903309;9.466006279;13.55644558;-0.1276707351;0.4977020919;0.5691732764;4
13.55055417;3.163311481;0.009571290575;9.470791817;13.55854735;-0.138666302;0.4622719288;0.5471821427;4
13.55265594;3.239881754;-0.05742774159;9.504291534;13.56064912;-0.1496618688;0.4195113778;0.5239692926;4
13.55475771;3.321237803;-0.1148554832;9.523433685;13.56275094;-0.161879167;0.3694204688;0.4970912039;4
13.55685954;3.416950703;-0.1148554832;9.614361763;13.56485271;-0.1716530025;0.320551306;0.4726566374;4
13.55896131;3.512663603;-0.1052841991;9.667003632;13.56695448;-0.1826485693;0.277790755;0.4482220411;4
13.56106308;3.560520172;-0.05742774159;9.667003632;13.56905631;-0.1924224049;0.2411388755;0.4250091612;4
13.5631649;3.603590965;-0.05264209956;9.657432556;13.57115808;-0.1997527778;0.2057087123;0.4030180275;4
13.56526667;3.608376503;-0.03349951655;9.662218094;13.57325985;-0.2107483447;0.1727220118;0.3810268939;4
13.56736844;3.632304668;0.004785645287;9.700503349;13.57536167;-0.2193004489;0.1495091617;0.3614792228;4
13.56947026;3.656233072;0.03349951655;9.777072906;13.57746344;-0.2254091054;0.1250745654;0.3407098353;4
13.57157204;3.66101861;0.06221338734;9.810572624;13.57956526;-0.2339612097;0.1067486182;0.3211621642;4
13.57367381;3.675375462;0.08614161611;9.872786522;13.58166704;-0.2376264036;0.09330959618;0.3016144931;4
13.57577563;3.689732552;0.1004985496;9.915857315;13.58376881;-0.2388481349;0.08109229803;0.2820668221;4
13.5778774;3.665804386;0.08614161611;9.997213364;13.58587058;-0.2388481349;0.07131846249;0.2612974048;4
13.57997922;3.646661758;0.06221338734;10.05464077;13.5879724;-0.2364046723;0.06154462695;0.2417497337;4
13.58208099;3.632304668;0.06221338734;10.14078236;13.59007417;-0.231517747;0.05299251899;0.2246455252;4
13.58418276;3.613162279;0.0765703246;10.24128056;13.59217599;-0.2254091054;0.04932733253;0.2075413018;4
13.58628454;3.598805189;0.09571290761;10.32742214;13.59427776;-0.2156352699;0.04932733253;0.1916588247;4
13.58838636;3.555734396;0.1052841991;10.42313576;13.59637954;-0.204639703;0.05177079141;0.1769980639;4
13.59048813;3.507878065;0.1100698411;10.51406288;13.59848136;-0.1912006736;0.05787943676;0.1660024971;4
13.59258995;3.455235958;0.1148554832;10.59063339;13.60058313;-0.1740964651;0.06520981342;0.1550069451;4
13.59469172;3.412165165;0.1100698411;10.64327526;13.6026849;-0.1594357044;0.07498364896;0.146454826;4
13.59679349;3.369094372;0.1244267747;10.69591713;13.60478672;-0.1472184062;0.08842267841;0.1403461844;4
13.59889532;3.292523861;0.1579262912;10.73898792;13.60688849;-0.1337793916;0.1018617004;0.1354592592;4
13.60099709;3.201596737;0.1818545163;10.78205872;13.60899026;-0.1166751757;0.1165224537;0.1330158114;4
13.60309886;3.091526747;0.2440679073;10.78205872;13.61109204;-0.102014415;0.131183207;0.1305723488;4
13.60520068;2.981456995;0.2871387303;10.79641533;13.61319386;-0.08979712427;0.1421787739;0.1293506175;4
13.60730245;2.900100946;0.3397808075;10.82991505;13.61529563;-0.07757982612;0.1519526094;0.1293506175;4
13.60940422;2.804388046;0.3732803464;10.81555843;13.6173974;-0.06536252797;0.1605047137;0.1305723488;4
13.61150599;2.71824646;0.4211367965;10.8107729;13.61949922;-0.05436696485;0.1653916389;0.1317940801;4
13.61360782;2.63689065;0.4642075896;10.79641533;13.62160099;-0.04459312931;0.1666133702;0.1330158114;4
13.61570959;2.603390932;0.5216353536;10.77727318;13.62370282;-0.03237583488;0.1666133702;0.1330158114;4
13.61781136;2.584248543;0.5407779217;10.73898792;13.62580459;-0.02626718581;0.1629481763;0.1354592592;4
13.61991318;2.579462767;0.5790630579;10.71027374;13.62790636;-0.01893680729;0.1568395346;0.1366809905;4
13.62201495;2.584248543;0.6125625968;10.66241741;13.63000818;-0.01527161989;0.1507308781;0.1379027218;4
13.62411678;2.584248543;0.6460621357;10.60020447;13.63210995;-0.0164933484;0.1434005052;0.1379027218;4
13.62621854;2.584248543;0.6460621357;10.54277611;13.63421178;-0.0164933484;0.1360701323;0.1391244531;4
13.62832032;2.574677229;0.6843472719;10.45184898;13.63631354;-0.02138026804;0.131183207;0.1379027218;4
13.63042214;2.593819857;0.6939185858;10.38963604;13.63841532;-0.02504545636;0.1238528341;0.1342375278;4
13.63252391;2.612962246;0.7178468108;10.27956581;13.64051714;-0.03115410358;0.1214093715;0.1293506175;4
13.63462573;2.646461725;0.7130611539;10.20778179;13.64261891;-0.03848448023;0.117744185;0.1232419685;4
13.6367275;2.71824646;0.708275497;10.12642574;13.64472068;-0.04581485689;0.1201876476;0.1171333194;4
13.63882928;2.775674343;0.6843472719;10.07856941;13.6468225;-0.04948004708;0.1226311028;0.1073594838;4
13.6409311;2.861815929;0.650847733;10.04985523;13.64892428;-0.05192350596;0.1262962967;0.0975856483;4
13.64303287;2.938386202;0.6173482537;10.07856941;13.6510261;-0.05558869615;0.1250745654;0.08659008145;4
13.64513464;2.991028309;0.6173482537;10.08335495;13.65312787;-0.05436696485;0.1262962967;0.07681624591;4
13.64723646;3.043670416;0.6077769399;10.15992451;13.65522964;-0.05192350596;0.1189659163;0.06459894776;4
13.64933823;3.081955671;0.6029912829;10.23170948;13.65733146;-0.04703658819;0.111635536;0.05115992576;4
13.65144006;3.110669374;0.5886343718;10.32742214;13.65943323;-0.043371398;0.09330959618;0.03894263133;4
13.65354183;3.144168854;0.5838487148;10.43270683;13.661535;-0.03604102135;0.07498364896;0.02550360374;4
13.6556436;3.14895463;0.5790630579;10.51406288;13.66363683;-0.02871064469;0.0542142503;0.0108428495;4
13.65774542;3.139383316;0.5694918036;10.60499001;13.6657386;-0.02138026804;0.02489273995;-0.001374445739;4
13.65984719;3.110669374;0.5455635786;10.67677498;13.66784037;-0.01771507785;-0.004428769462;-0.01603520103;4
13.66194896;3.077169895;0.5264210105;10.75813103;13.66994214;-0.01527161989;-0.03497200832;-0.02825249545;4
13.66405078;3.043670416;0.5264210105;10.80120182;13.67204391;-0.01282816008;-0.06795870513;-0.04046979174;4
13.66615256;3.03888464;0.5024927258;10.82512951;13.67414573;-0.01160643063;-0.1009454057;-0.05635227636;4
13.66825433;3.00538516;0.4977070987;10.82034397;13.6762475;-0.01160643063;-0.1363755614;-0.06856957078;4
13.6703561;3.010170937;0.4929214716;10.80598736;13.67834933;-0.01282816008;-0.1718057245;-0.08445205539;4
13.67245787;3.010170937;0.4929214716;10.80598736;13.6804511;-0.0164933484;-0.2035706937;-0.0978910774;4
13.67455969;3.048455954;0.5024927258;10.77727318;13.68255287;-0.02138026804;-0.2377791107;-0.113773562;4
13.67666146;3.081955671;0.5024927258;10.71506023;13.68465469;-0.02871064469;-0.2683223486;-0.1296560466;4
13.67876328;3.091526747;0.5264210105;10.69113159;13.68675646;-0.03604102135;-0.3000873327;-0.14676027;4
13.68086506;3.14895463;0.5455635786;10.66720295;13.68885828;-0.04214967042;-0.3233001828;-0.1626427472;4
13.68296683;3.163311481;0.5790630579;10.6480608;13.69096006;-0.04948004708;-0.3489564955;-0.1809686869;4
13.68506865;3.192025423;0.5982056856;10.66720295;13.69306183;-0.05436696485;-0.3672824502;-0.196851179;4
13.68717042;3.225524902;0.5982056856;10.68156052;13.6951636;-0.05925388262;-0.3831649423;-0.2163988501;4
13.68927224;3.225524902;0.5982056856;10.70070267;13.69726542;-0.05925388262;-0.3929387629;-0.2322813272;4
13.69137401;3.249453068;0.5934200287;10.7677021;13.69936719;-0.05803215504;-0.4027126133;-0.246942088;4
13.69347578;3.235096216;0.5742774606;10.82991505;13.70146896;-0.05436696485;-0.4100429714;-0.2616028488;4
13.69557756;3.206382275;0.5934200287;10.89691448;13.70357078;-0.04703658819;-0.412486434;-0.2750418782;4
13.69767938;3.158525944;0.5934200287;10.98784161;13.70567261;-0.03726275265;-0.4100429714;-0.2884808779;4
13.69978115;3.129812002;0.5886343718;11.04526901;13.70777438;-0.02748891525;-0.405156076;-0.3019199073;4
13.70188292;3.081955671;0.6029912829;11.12183952;13.70987615;-0.01038470119;-0.3953822255;-0.3129154742;4
13.70398474;3.067598581;0.5934200287;11.16012478;13.71197797;0.005497782957;-0.3856084049;-0.3263545036;4
13.70608657;3.081955671;0.6221339107;11.22233772;13.71407974;0.02138026804;-0.3733910918;-0.3373500705;4
13.70818834;3.096312523;0.6317051649;11.27976608;13.71618151;0.03726275265;-0.3599520624;-0.3495673835;4
13.71029011;3.096312523;0.650847733;11.30848026;13.71828334;0.05436696485;-0.3465130329;-0.3581194878;4
13.71239193;3.129812002;0.6460621357;11.28455162;13.72038511;0.07391463965;-0.328187108;-0.3691150546;4
13.7144937;3.134597778;0.650847733;11.2941227;13.72248688;0.08857539296;-0.3061959743;-0.3801106215;4
13.71659547;3.115455151;0.6412764788;11.26062298;13.7245887;0.1032361463;-0.2854265571;-0.3886627257;4
13.7186973;3.081955671;0.6364908218;11.22712421;13.72669047;0.1178968996;-0.2646571696;-0.3984365463;4
13.72079907;3.01974225;0.6317051649;11.1936245;13.72879224;0.131335929;-0.2451094985;-0.4069886506;4
13.72290084;2.962314367;0.6317051649;11.1505537;13.73089407;0.138666302;-0.2255618125;-0.413097322;4
13.72500266;2.880958557;0.6652047038;11.11226845;13.73299584;0.1508836001;-0.2084576041;-0.42042768;4
13.72710443;2.833101988;0.6939185858;11.05484104;13.73509761;0.1606574357;-0.188909933;-0.4253146052;4
13.7292062;2.770888567;0.732203722;11.02134132;13.73719943;0.1692095399;-0.1754709035;-0.4277580678;4
13.73130802;2.708675146;0.784845829;10.99262714;13.7393012;0.1789833754;-0.162031889;-0.4302015305;4
13.7334098;2.646461725;0.8087740541;10.97348499;13.74140302;0.1863137633;-0.1534797698;-0.4302015305;4
13.73551157;2.569891453;0.8757730722;10.9112711;13.7435048;0.1936441362;-0.1449276656;-0.4265363216;4
13.73761339;2.478964329;0.9236295223;10.86341476;13.74560657;0.1985310465;-0.138819024;-0.4253146052;4
13.73971516;2.392822742;0.9619147182;10.81555843;13.74770839;0.2034179717;-0.1327103674;-0.4228711426;4
13.74181698;2.30189538;0.9906286001;10.79641533;13.74981016;0.2070831656;-0.1290451884;-0.4179842174;4
13.74391875;2.225325108;0.9906286001;10.78205872;13.75191193;0.2095266134;-0.1253799945;-0.4143190384;4
13.74602052;2.148754835;1.004985452;10.75334454;13.7540137;0.211970076;-0.1253799945;-0.4069886506;4
13.74812235;2.086541414;1.024128079;10.71506023;13.75611552;0.2168570012;-0.1241582632;-0.4033234715;4
13.75022412;2.029113531;1.052842021;10.71506023;13.7582173;0.2205221802;-0.1290451884;-0.3972148299;4
13.75232589;1.990828395;1.0863415;10.74377346;13.76031912;0.2266308367;-0.1351538301;-0.3923279047;4
13.75442766;1.971685886;1.110269666;10.78205872;13.76242089;0.2290742993;-0.1461493969;-0.3874409795;4
13.75652948;1.923829436;1.148554921;10.78205872;13.76452266;0.2339612097;-0.1608101577;-0.3801106215;4
13.75863125;1.93340075;1.148554921;10.80120182;13.76662448;0.2400698513;-0.1779143661;-0.3776671588;4
13.76073308;1.919043779;1.124626637;10.80598736;13.76872625;0.2412915826;-0.1986837685;-0.3764454126;4
13.76283485;1.928615093;1.062413216;10.83948612;13.77082802;0.2461785078;-0.2170097083;-0.3788888752;4
13.76493662;1.909472466;1.004985452;10.82991505;13.7729298;0.251065433;-0.2365573794;-0.3801106215;4
13.76703844;1.942971945;0.9379864931;10.80598736;13.77503162;0.2559523284;-0.2597702444;-0.3849975169;4
13.76914021;1.971685886;0.8853443861;10.81555843;13.77713339;0.2620609999;-0.281761378;-0.3923279047;4
13.77124198;1.995614052;0.8518448472;10.8107729;13.77923521;0.2632827163;-0.3037525117;-0.4008800089;4
13.77334375;2.019542217;0.837487936;10.82512951;13.78133698;0.2657261789;-0.3294088244;-0.4082103968;4
13.77544558;1.990828395;0.8566305041;10.79641533;13.78343875;0.2681696415;-0.3562868834;-0.4155407548;4
13.77754735;2.009970903;0.8470591903;10.78684425;13.78554058;0.2693913579;-0.3831649423;-0.4228711426;4
13.77964917;1.9812572;0.8087740541;10.75813103;13.78764235;0.2693913579;-0.4075995386;-0.4314232469;4
13.78175094;1.942971945;0.784845829;10.73420238;13.78974412;0.2693913579;-0.4295906425;-0.4424188137;4
13.78385271;1.899901152;0.7369893789;10.66720295;13.79184594;0.2669478953;-0.4528035223;-0.4521926641;4
13.78595454;1.875972986;0.6987041831;10.59063339;13.79394771;0.2681696415;-0.4723511934;-0.4644099474;4
13.78805631;1.866401672;0.708275497;10.52363396;13.79604948;0.2645044625;-0.4943423271;-0.4754055142;4
13.79015808;1.890329838;0.7178468108;10.4853487;13.79815131;0.2620609999;-0.5138899684;-0.4864010811;4
13.7922599;1.904686809;0.8039883971;10.43270683;13.80025308;0.2559523284;-0.5309942365;-0.4949531853;4
13.79436167;1.871187329;0.8949156404;10.32742214;13.8023549;0.251065433;-0.5419898033;-0.5035052896;4
13.79646344;1.789831281;0.9379864931;10.23170948;13.80445667;0.2437350452;-0.5432115197;-0.5071704984;4
13.79856526;1.708475351;0.9906286001;10.14556789;13.80655844;0.235182941;-0.5432115197;-0.51327914;4
13.80066704;1.607976794;1.033699393;10.05464077;13.80866026;0.2266308367;-0.5419898033;-0.5169443488;4
13.80276886;1.50269258;1.067198873;9.925428391;13.81076204;0.2205221802;-0.5395463109;-0.520609498;4
13.80487063;1.435693622;1.11984098;9.858428955;13.81286381;0.2156352699;-0.5322159529;-0.5242747068;4
13.8069724;1.363908887;1.158126116;9.824930191;13.81496563;0.2107483447;-0.5175551772;-0.5291616321;4
13.80907422;1.325623751;1.16769743;9.805787086;13.8170674;0.211970076;-0.5016726851;-0.5316050649;4
13.81117599;1.272981644;1.148554921;9.781859398;13.81916922;0.2144135386;-0.4870119393;-0.5352702737;4
13.81327776;1.234696507;1.148554921;9.8201437;13.82127099;0.2168570012;-0.4674642682;-0.5377137065;4
13.81537959;1.205982566;1.162911773;9.863214493;13.82337276;0.2156352699;-0.4454731345;-0.5389354229;4
13.81748136;1.16769743;1.210768223;9.887143135;13.82547454;0.2168570012;-0.428368926;-0.5401571989;4
13.81958318;1.091127157;1.277767301;9.868000984;13.82757636;0.2168570012;-0.4185950756;-0.5377137065;4
13.82168495;1.033699393;1.344766378;9.781859398;13.82967813;0.2131918073;-0.4100429714;-0.5389354229;4
13.82378672;0.9762716293;1.368694544;9.714859962;13.8317799;0.2107483447;-0.4027126133;-0.5401571989;4
13.82588849;0.9092726111;1.363908887;9.686145782;13.83388172;0.2070831656;-0.3953822255;-0.5413789153;4
13.82799032;0.866201818;1.292124271;9.657432556;13.83598349;0.204639703;-0.3904953003;-0.5450441241;4
13.83009209;0.8422735929;1.244267821;9.647860527;13.83808532;0.1997527778;-0.3843866587;-0.5474875569;4
13.83219386;0.8231309652;1.21555388;9.628718376;13.84018709;0.1948658675;-0.3843866587;-0.5511527658;4
13.83429568;0.8039883971;1.201196909;9.566504478;13.84228886;0.1899789423;-0.3794997334;-0.5523744822;4
13.83639745;0.756131947;1.210768223;9.528220177;13.84439068;0.1826485693;-0.3685041666;-0.5523744822;4
13.83849928;0.7274180651;1.229910851;9.528220177;13.84649245;0.1679878086;-0.358730346;-0.5535961986;4
13.84060105;0.6747759581;1.277767301;9.432506561;13.84859422;0.1594357044;-0.355065167;-0.5523744822;4
13.84270282;0.6077769399;1.330409408;9.293723106;13.85069599;0.1459966749;-0.3513999581;-0.554817915;4
13.84480464;0.5407779217;1.339980721;9.183652878;13.85279782;0.1337793916;-0.355065167;-0.556039691;4
13.84690641;0.5359922647;1.339980721;9.131011009;13.85489964;0.1203403622;-0.3611738086;-0.5572614074;4
13.84900818;0.5264210105;1.316052437;9.083154678;13.85700141;0.108123064;-0.3685041666;-0.5609265566;4
13.85110995;0.5120640397;1.287338614;9.054440498;13.85910318;0.09590577334;-0.3794997334;-0.5621483326;4
13.85321178;0.4929214716;1.225125194;9.044869423;13.86120495;0.08002328873;-0.3892735839;-0.563370049;4
13.8553136;0.4689932466;1.1820544;9.03051281;13.86330678;0.06536252797;-0.3966039717;-0.5621483326;4
13.85741537;0.4163511395;1.148554921;9.035298347;13.86540855;0.04703658819;-0.408821255;-0.5597048402;4
13.85951714;0.3110669553;1.153340459;8.997013092;13.86751032;0.03237583488;-0.4234820008;-0.5535961986;4
13.86161891;0.1770688742;1.153340459;8.925228119;13.86961214;0.01771507785;-0.4454731345;-0.5450441241;4
13.86372073;0.04307080805;1.16769743;8.992227554;13.87171391;0.003054323839;-0.4613556266;-0.5340485573;4
13.8658225;-0.07178468257;1.1820544;9.035298347;13.87381573;-0.00916297175;-0.4857902229;-0.5230529904;4
13.86792428;-0.1770688742;1.1820544;9.044869423;13.8759175;-0.01893680729;-0.505337894;-0.5120574236;4
13.8700261;-0.2440679073;1.129412293;9.135796547;13.87801928;-0.02748891525;-0.5285507441;-0.4998401105;4
13.87212787;-0.2823530734;1.062413216;9.226723671;13.88012105;-0.03359756246;-0.5542070866;-0.4888445437;4
13.87422969;-0.3302095234;0.9858429432;9.332008362;13.88222287;-0.03848448023;-0.5761982203;-0.4790706933;4
13.87633146;-0.3445664644;0.8997012973;9.451649666;13.88432464;-0.03604102135;-0.5945241451;-0.4729620516;4
13.87843323;-0.3493520916;0.8279166222;9.556933403;13.88642646;-0.03237583488;-0.6116283536;-0.46685341;4
13.880535;-0.3206382394;0.756131947;9.614361763;13.88852823;-0.02748891525;-0.6238456368;-0.4656316638;4
13.88263683;-0.2392822653;0.7226324677;9.714859962;13.89063;-0.02260199748;-0.6311760545;-0.46685341;4
13.8847386;-0.1722832322;0.708275497;9.777072906;13.89273183;-0.01527161989;-0.6336194873;-0.4680751264;4
13.88684042;-0.08135596663;0.6987041831;9.796216011;13.8948336;-0.005497782957;-0.6323977709;-0.4717403352;4
13.88894219;0.004785645287;0.7226324677;9.786644936;13.89693537;0.003054323839;-0.6250674129;-0.4766272306;4
13.89104396;0.1004985496;0.7178468108;9.777072906;13.89903714;0.01404988952;-0.621402204;-0.4864010811;4
13.89314579;0.1674975902;0.7178468108;9.805787086;13.90113896;0.02626718581;-0.6079631448;-0.4937314689;4
13.89524756;0.2584248483;0.6939185858;9.834501266;13.90324079;0.03481929377;-0.5933024287;-0.5010618567;4
13.89734933;0.3014956415;0.6652047038;9.824930191;13.90534256;0.043371398;-0.5774199367;-0.5083922148;4
13.8994511;0.2919243574;0.6221339107;9.805787086;13.90744433;0.05558869615;-0.5566505194;-0.5181660652;4
13.90155292;0.2919243574;0.5742774606;9.791430473;13.9095461;0.0616973415;-0.5371028781;-0.5267181396;4
13.90365474;0.2727817893;0.5838487148;9.767501831;13.91164792;0.06780599058;-0.521220386;-0.5364919901;4
13.90575651;0.2201396823;0.5982056856;9.676574707;13.91374969;0.07513637096;-0.5065596104;-0.5474875569;4
13.90785829;0.2153540403;0.6029912829;9.638289452;13.91585151;0.07880155742;-0.4906771481;-0.5572614074;4
13.90996006;0.2392822653;0.6029912829;9.619147301;13.91795329;0.0849102065;-0.4760163724;-0.5694786906;4
13.91206188;0.2440679073;0.5742774606;9.566504478;13.92005506;0.08735366166;-0.4515817761;-0.5829176903;4
13.91416365;0.2344966233;0.5264210105;9.489934921;13.92215688;0.09224057943;-0.4320341051;-0.5988001823;4
13.91626547;0.2201396823;0.4642075896;9.418149948;13.92425865;0.09346231073;-0.4137081802;-0.6159043908;4
13.91836724;0.2057827413;0.4019941986;9.375079155;13.92636047;0.0971274972;-0.4014908671;-0.6330085993;4
13.92046901;0.2153540403;0.3541377485;9.394221306;13.92846224;0.1007926911;-0.3892735839;-0.6525563002;4
13.92257084;0.2488535494;0.2919243574;9.399007797;13.93056401;0.1032361463;-0.3794997334;-0.6733257174;4
13.92467261;0.2392822653;0.2488535494;9.36550808;13.93266579;0.108123064;-0.3660607338;-0.6953168511;4
13.92677443;0.2440679073;0.2488535494;9.418149948;13.93476761;0.1130099818;-0.358730346;-0.7148644924;4
13.9288762;0.2297109663;0.2584248483;9.41336441;13.93686938;0.1142317131;-0.3477347791;-0.7356339097;4
13.93097797;0.1770688742;0.2823530734;9.422935486;13.93897115;0.1178968996;-0.3452913165;-0.7551816106;4
13.93307974;0.09571290761;0.3397808075;9.408578873;13.94107297;0.1191186309;-0.3452913165;-0.771064043;4
13.93518157;0.0143569354;0.3780659735;9.36550808;13.94317474;0.1203403622;-0.3477347791;-0.7869465351;4
13.93728334;-0.0765703246;0.3924229145;9.360722542;13.94527657;0.1215620935;-0.355065167;-0.7991638184;4
13.93938511;-0.1722832322;0.3828516304;9.346364975;13.94737834;0.1191186309;-0.358730346;-0.8113811612;4
13.94148693;-0.2727817893;0.3541377485;9.312865257;13.94948011;0.1166751757;-0.3648389876;-0.821154952;4
13.9435887;-0.3780659735;0.3637090325;9.269794464;13.95158188;0.1178968996;-0.3685041666;-0.8309288025;4
13.94569053;-0.4833501875;0.3732803464;9.193224907;13.9536837;0.1130099818;-0.3758345544;-0.8358157277;4
13.9477923;-0.5694918036;0.4211367965;9.102297783;13.95578547;0.1093447953;-0.3819431961;-0.8382592201;4
13.94989407;-0.6460621357;0.4737788737;9.040083885;13.9578873;0.1056796089;-0.3880518377;-0.8370374441;4
13.95199584;-0.732203722;0.5264210105;8.949156761;13.95998907;0.0983492285;-0.3929387629;-0.8358157277;4
13.95409766;-0.8327022791;0.5742774606;8.858229637;13.96209084;0.09224057943;-0.3978256881;-0.8309288025;4
13.95619943;-0.9523434043;0.6364908218;8.743373871;13.96419261;0.08246674389;-0.3978256881;-0.8235984445;4
13.95830125;-1.067198873;0.679561615;8.633303642;13.96629443;0.07147117704;-0.3978256881;-0.8150463104;4
13.96040303;-1.158126116;0.7465606928;8.465806961;13.96839625;0.06047561392;-0.3966039717;-0.8028290272;4
13.9625048;-1.234696507;0.8518448472;8.33180809;13.97049803;0.043371398;-0.3941605091;-0.7906117439;4
13.96460657;-1.282552958;0.9475577474;8.226524353;13.9725998;0.02504545636;-0.3880518377;-0.7759509683;4
13.96670839;-1.335195065;1.03848505;8.164310455;13.97470157;0.006719512399;-0.3819431961;-0.7612902522;4
13.96881021;-1.397408366;1.124626637;8.111668587;13.97680339;-0.01038470119;-0.3733910918;-0.7466294765;4
13.97091198;-1.430907965;1.177268744;8.087740898;13.97890516;-0.02871064469;-0.3648389876;-0.7319687009;4
13.97301375;-1.483550072;1.201196909;8.063812256;13.98100698;-0.04703658819;-0.3575085998;-0.7173079848;4
13.97511553;-1.517049551;1.201196909;8.030312538;13.98310875;-0.0616973415;-0.3477347791;-0.705090642;4
13.97721735;-1.521835208;1.1820544;8.059026718;13.98521053;-0.07880155742;-0.3404043913;-0.6904299259;4
13.97931912;-1.536192179;1.124626637;8.106883049;13.98731235;-0.09224057943;-0.3391826749;-0.6806560755;4
13.98142094;-1.531406522;1.057627559;8.145168304;13.98941412;-0.1056796089;-0.3428478539;-0.672104001;4
13.98352271;-1.488335729;1.009771109;8.197810173;13.99151594;-0.1154534444;-0.3477347791;-0.6659952998;4
13.98562448;-1.435693622;0.9379864931;8.269595146;13.99361771;-0.1264490038;-0.3538434207;-0.6611084342;4
13.98772631;-1.363908887;0.866201818;8.336593628;13.99571948;-0.135001123;-0.3575085998;-0.6586649418;4
13.98982808;-1.268195987;0.7992027402;8.398807526;13.99782125;-0.1423314959;-0.3611738086;-0.6586649418;4
13.9919299;-1.191625714;0.7274180651;8.465806961;13.99992308;-0.1496618688;-0.3648389876;-0.6611084342;4
13.99403167;-1.129412293;0.6843472719;8.48973465;14.00202485;-0.1533270627;-0.3685041666;-0.6659952998;4
13.99613344;-1.095912814;0.6221339107;8.547162056;14.00412662;-0.158213973;-0.3685041666;-0.670882225;4
13.99823521;-1.076770186;0.6029912829;8.575876236;14.00622844;-0.161879167;-0.3611738086;-0.6757691503;4
14.00033704;-0.9954141974;0.5934200287;8.638090134;14.00833021;-0.1655443609;-0.3465130329;-0.6830995679;4
14.00243881;-0.9284151793;0.5599204898;8.633303642;14.01043204;-0.1692095399;-0.3330740333;-0.6928733587;4
14.00454058;-0.9140582681;0.5503492355;8.633303642;14.01253381;-0.1728747338;-0.3196350038;-0.6989820004;4
14.0066424;-0.890130043;0.5359922647;8.580661774;14.01463558;-0.1789833754;-0.3074176908;-0.705090642;4
14.00874417;-0.866201818;0.5216353536;8.551948547;14.0167374;-0.1826485693;-0.2927569449;-0.7173079848;4
14.01084599;-0.813559711;0.4833501875;8.556734085;14.01883917;-0.185092032;-0.2732092738;-0.7283035517;4
14.01294776;-0.7800601721;0.4259224236;8.628518105;14.02094094;-0.188757211;-0.2499964088;-0.7405208349;4
14.01504954;-0.7752745152;0.3780659735;8.642875671;14.02304271;-0.1899789423;-0.2243400961;-0.7527381182;4
14.01715136;-0.813559711;0.3302095234;8.657232285;14.02514454;-0.1899789423;-0.1999054998;-0.763733685;4
14.01925313;-0.8805587292;0.3206382394;8.657232285;14.02724631;-0.1924224049;-0.1779143661;-0.7747292519;4
14.0213549;-0.9762716293;0.3397808075;8.66680336;14.02934813;-0.1924224049;-0.1595884264;-0.7857248187;4
14.02345667;-1.057627559;0.3924229145;8.69551754;14.0314499;-0.1899789423;-0.142484203;-0.7954986691;4
14.02555849;-1.153340459;0.4402793646;8.767302513;14.03355167;-0.185092032;-0.1229365394;-0.806494236;4
14.02766026;-1.225125194;0.4594219327;8.800801277;14.03565349;-0.1802051067;-0.1070540547;-0.8174898028;4
14.02976209;-1.268195987;0.4929214716;8.829515457;14.03775526;-0.1740964651;-0.09483675659;-0.8272636533;4
14.03186386;-1.292124271;0.5168496966;8.867800713;14.03985704;-0.1667660922;-0.08139773458;-0.8358157277;4
14.03396563;-1.301695466;0.5694918036;8.829515457;14.04195886;-0.1606574357;-0.07651081681;-0.8419243693;4
14.03606745;-1.349551916;0.6077769399;8.800801277;14.04406063;-0.1569922417;-0.0740673542;-0.8468112946;4
14.03816922;-1.445264935;0.6364908218;8.786444664;14.0461624;-0.158213973;-0.07040216774;-0.8504765034;4
14.04027099;-1.555334687;0.6652047038;8.762516975;14.04826417;-0.1594357044;-0.06795870513;-0.8529199362;4
14.04237282;-1.698904037;0.6556333899;8.738588333;14.05036599;-0.1606574357;-0.06551524997;-0.8541416526;4
14.04447459;-1.818545222;0.6699903607;8.690732002;14.05246782;-0.1667660922;-0.06429351866;-0.8553634286;4
14.04657636;-1.938186288;0.6699903607;8.652446747;14.05456959;-0.1716530025;-0.06185005978;-0.8541416526;4
14.04867813;-2.057827473;0.6747759581;8.604590416;14.05667136;-0.181426838;-0.06062832847;-0.8504765034;4
14.05077995;-2.187039852;0.6843472719;8.575876236;14.05877313;-0.188757211;-0.05940660089;-0.8468112946;4
14.05288178;-2.325823545;0.6891329288;8.542376518;14.06087495;-0.1960875988;-0.05818486959;-0.8419243693;4
14.05498354;-2.426322222;0.708275497;8.532805443;14.06297672;-0.2058614343;-0.06062832847;-0.8370374441;4
14.05708532;-2.531606436;0.7465606928;8.532805443;14.06507849;-0.2095266134;-0.06429351866;-0.8297070861;4
14.05918709;-2.617748022;0.7752745152;8.566305161;14.06718032;-0.2217439115;-0.06795870513;-0.821154952;4
14.06128891;-2.679961443;0.813559711;8.585447311;14.06928209;-0.2241873741;-0.07040216774;-0.813824594;4
14.06339068;-2.756531715;0.8327022791;8.609375954;14.07138391;-0.2327394783;-0.07528908551;-0.8040507436;4
14.06549245;-2.861815929;0.8566305041;8.66680336;14.07348568;-0.2388481349;-0.07895427197;-0.7930551767;4
14.06759428;-2.962314367;0.866201818;8.700303078;14.0755875;-0.2425133139;-0.08506292105;-0.7820596099;4
14.06969604;-3.072384357;0.8709874153;8.776873589;14.07768928;-0.2437350452;-0.09361502528;-0.771064043;4
14.07179787;-3.172882795;0.8566305041;8.853444099;14.07979104;-0.2461785078;-0.09972367436;-0.7600684762;4
14.07389964;-3.254238844;0.8805587292;8.910871506;14.08189287;-0.2486219704;-0.1119409725;-0.7466294765;4
14.07600146;-3.330809116;0.9044869542;8.963513374;14.08399464;-0.2498437017;-0.121714808;-0.7331904769;4
14.07810323;-3.407379389;0.9284151793;9.03051281;14.08609641;-0.2486219704;-0.1339320987;-0.7197514176;4
14.080205;-3.483949661;0.9188438654;9.073583603;14.08819823;-0.2474002391;-0.1449276656;-0.7038689256;4
14.08230683;-3.541377544;0.9332008362;9.073583603;14.0903;-0.2498437017;-0.1595884264;-0.6879864335;4
14.0844086;-3.589233875;0.9475577474;9.111868858;14.09240178;-0.2498437017;-0.1730274558;-0.670882225;4
14.08651037;-3.632304668;0.9810572863;9.111868858;14.09450354;-0.2535088956;-0.18157956;-0.6537780166;4
14.08861219;-3.665804386;1.014556766;9.111868858;14.09660537;-0.2571740746;-0.188909933;-0.6366738081;4
14.09071396;-3.694518089;1.067198873;9.078369141;14.09870719;-0.2632827163;-0.1937968582;-0.6171261668;4
14.09281573;-3.713660717;1.110269666;9.054440498;14.10080896;-0.2693913579;-0.1950185746;-0.6000219584;4
14.0949175;-3.737588882;1.143769264;9.040083885;14.10291073;-0.2767217457;-0.1937968582;-0.5816959739;4
14.09701933;-3.723232031;1.143769264;9.020941734;14.1050125;-0.2864955962;-0.1901316643;-0.563370049;4
14.09912115;-3.713660717;1.177268744;9.03051281;14.10711433;-0.2962694168;-0.1876882017;-0.5462658405;4
14.10122292;-3.694518089;1.196411371;9.016156197;14.1092161;-0.3072649837;-0.1840230078;-0.5291616321;4
14.10332469;-3.66101861;1.191625714;9.00179863;14.11131787;-0.3158170879;-0.1779143661;-0.5157225728;4
14.10542646;-3.627519131;1.186840057;9.025727272;14.11341969;-0.3243691921;-0.1730274558;-0.4986183643;4
14.10752828;-3.589233875;1.177268744;9.035298347;14.11552146;-0.3329212964;-0.1644753367;-0.4876227975;4
14.10963006;-3.507878065;1.153340459;9.087940216;14.11762328;-0.3402516842;-0.1608101577;-0.4802924395;4
14.11173183;-3.43609333;1.124626637;9.111868858;14.11972506;-0.3451386094;-0.1547015011;-0.4717403352;4
14.11383365;-3.349951744;1.095912814;9.159725189;14.12182683;-0.351247251;-0.1473711282;-0.46685341;4
14.11593542;-3.24466753;1.057627559;9.193224907;14.1239286;-0.3524689674;-0.1351538301;-0.4644099474;4
14.11803724;-3.101098061;1.014556766;9.250652313;14.12603042;-0.3536907136;-0.1278234571;-0.463188231;4
14.12013901;-2.991028309;0.9714859724;9.317651749;14.12813219;-0.3561341763;-0.1168278903;-0.4644099474;4
14.12224078;-2.904886723;0.9332008362;9.379864693;14.13023401;-0.35491243;-0.1058323234;-0.4680751264;4
14.12434256;-2.81395936;0.8853443861;9.432506561;14.13233578;-0.35491243;-0.08872810751;-0.4680751264;4
14.12644438;-2.751745939;0.8470591903;9.494720459;14.13443756;-0.3524689674;-0.07162389904;-0.4692968726;4
14.12854615;-2.689532757;0.8422735929;9.537791252;14.13653933;-0.351247251;-0.05207622424;-0.4717403352;4
14.13064797;-2.656033039;0.837487936;9.628718376;14.13864115;-0.347582072;-0.03619373962;-0.470518589;4
14.13274974;-2.641676188;0.8614161611;9.705288887;14.14074292;-0.3439168632;-0.01786779426;-0.4680751264;4
14.13485151;-2.656033039;0.8709874153;9.781859398;14.14284474;-0.339029938;0.0004581485991;-0.4656316638;4
14.13695328;-2.675175667;0.890130043;9.887143135;14.14494651;-0.335364759;0.01389717404;-0.4619664848;4
14.13905511;-2.727817774;0.9092726111;10.0019989;14.14704828;-0.3292561173;0.02367101051;-0.4595230222;4
14.14115688;-2.785245657;0.9188438654;10.08814049;14.14915011;-0.3207040131;0.03344484791;-0.4558578432;4
14.1432587;-2.837887764;0.9140582681;10.164711;14.15125188;-0.3097084463;0.03222311661;-0.4521926641;4
14.14536047;-2.880958557;0.9140582681;10.29392338;14.15335365;-0.3035998046;0.02977965772;-0.4485274553;4
14.14746224;-2.933600664;0.8949156404;10.37049294;14.15545547;-0.2974911332;0.02489273995;-0.4473057389;4
14.14956407;-2.952743053;0.8757730722;10.40877819;14.15755724;-0.2901607752;0.0175623633;-0.4473057389;4
14.15166584;-2.981456995;0.8470591903;10.45184898;14.15965901;-0.2803869247;0.007788525894;-0.4460839927;4
14.15376761;-3.010170937;0.837487936;10.50449181;14.16176084;-0.2718348205;-0.00565049937;-0.4460839927;4
14.15586943;-3.029313564;0.8279166222;10.52841949;14.16386261;-0.2657261789;-0.01664606482;-0.4448622763;4
14.1579712;-3.03888464;0.8183453679;10.55234814;14.16596438;-0.2620609999;-0.03130681813;-0.4436405599;4
14.16007297;-3.072384357;0.8279166222;10.59063339;14.1680662;-0.2571740746;-0.03985892609;-0.4411970973;4
14.1621748;-3.096312523;0.837487936;10.58106136;14.17016797;-0.254730612;-0.04841103405;-0.4375318885;4
14.16427657;-3.120240688;0.8566305041;10.59063339;14.1722698;-0.251065433;-0.05451968312;-0.4326449931;4
14.16637834;-3.168097258;0.8614161611;10.61456108;14.17437151;-0.2474002391;-0.05696314201;-0.4265363216;4
14.16848016;-3.211168051;0.8614161611;10.64327526;14.17647334;-0.2437350452;-0.06062832847;-0.42042768;4
14.17058193;-3.263810158;0.8949156404;10.65763187;14.17857511;-0.2412915826;-0.06551524997;-0.413097322;4
14.17268375;-3.34038043;0.8805587292;10.66720295;14.18067693;-0.2339612097;-0.06918043643;-0.4021017551;4
14.17478547;-3.402593851;0.9044869542;10.72463131;14.1827787;-0.2241873741;-0.07773254067;-0.3923279047;4
14.1768873;-3.450450182;0.890130043;10.81555843;14.18488052;-0.2131918073;-0.08139773458;-0.3837758005;4
14.17898907;-3.479164124;0.8997012973;10.87777138;14.1869823;-0.2009745091;-0.08506292105;-0.3752236962;4
14.18109089;-3.479164124;0.8949156404;10.95434189;14.18908407;-0.185092032;-0.08750637621;-0.366671592;4
14.18319266;-3.479164124;0.8949156404;11.01177025;14.19118589;-0.1704312712;-0.08750637621;-0.3556760252;4
14.18529448;-3.460021496;0.8949156404;11.04526901;14.19328766;-0.1521053314;-0.08384118974;-0.3446804583;4
14.18739625;-3.460021496;0.890130043;11.06441212;14.19538943;-0.1337793916;-0.07773254067;-0.3336848915;4
14.18949802;-3.445664644;0.9092726111;11.08355427;14.19749125;-0.1154534444;-0.07040216774;-0.3226893246;4
14.19159985;-3.43609333;0.9284151793;11.09791183;14.19959302;-0.0971274972;-0.06795870513;-0.3116937578;4
14.19370162;-3.450450182;0.9475577474;11.07876873;14.2016948;-0.08613193035;-0.05818486959;-0.2982547283;4
14.19580339;-3.440878868;0.9714859724;11.03569794;14.20379662;-0.07269290835;-0.04963276163;-0.2835939825;4
14.19790521;-3.440878868;1.004985452;10.96391296;14.20589839;-0.06536252797;-0.03863719851;-0.2677114904;4
14.20000698;-3.426522017;1.048056364;10.90648556;14.20800016;-0.06047561392;-0.03130681813;-0.2493855506;4
14.20210875;-3.440878868;1.0863415;10.7677021;14.21010198;-0.05681042373;-0.01786779426;-0.2347247899;4
14.20421058;-3.431307554;1.11984098;10.66720295;14.21220375;-0.05436696485;-0.006872228812;-0.2176205814;4
14.20631235;-3.412165165;1.138983607;10.5475626;14.21430558;-0.05681042373;0.004123337101;-0.2017380893;4
14.20841412;-3.383451223;1.172483087;10.43270683;14.21640735;-0.05925388262;0.01511890348;-0.1834121495;4
14.21051594;-3.34038043;1.186840057;10.35135078;14.21850912;-0.0616973415;0.02489273995;-0.1699731201;4
14.21261771;-3.278167009;1.205982566;10.2652092;14.22061094;-0.06291907281;0.03222311661;-0.1553123742;4
14.21471954;-3.172882795;1.234696507;10.2221384;14.22271271;-0.06658425927;0.03833176568;-0.1443168074;4
14.21682131;-3.072384357;1.244267821;10.19820976;14.22481454;-0.06902772188;0.04321868345;-0.1345429718;4
14.21892308;-2.971885681;1.249053478;10.19342422;14.22691631;-0.07269290835;0.04321868345;-0.1284343153;4
14.2210249;-2.866601467;1.229910851;10.15035343;14.22901808;-0.08002328873;0.04077522457;-0.1211039424;4
14.22312667;-2.751745939;1.196411371;10.12642574;14.2311199;-0.08368847519;0.03344484791;-0.1186604798;4
14.22522849;-2.656033039;1.148554921;10.08335495;14.23322167;-0.08979712427;0.02977965772;-0.1174387559;4
14.22733026;-2.560320139;1.13419795;10.08814049;14.23532344;-0.0971274972;0.01878409274;-0.1174387559;4
14.22943204;-2.507678032;1.0863415;10.05942631;14.23742521;-0.1044578776;0.009010255337;-0.1174387559;4
14.23153386;-2.416750908;1.067198873;10.02114105;14.23952704;-0.1105665267;-0.001985310577;-0.1174387559;4
14.23363563;-2.364108801;1.052842021;10.00678444;14.24162881;-0.1215620935;-0.01420260593;-0.1186604798;4
14.2357374;-2.321038008;1.048056364;9.997213364;14.24373058;-0.1301141977;-0.02641990222;-0.1211039424;4
14.23783917;-2.316252232;1.043270707;9.978070259;14.2458324;-0.1398880333;-0.0374154672;-0.1211039424;4
14.23994099;-2.30189538;1.03848505;9.978070259;14.24793417;-0.1508836001;-0.04963276163;-0.1198822111;4
14.24204276;-2.311466694;1.028913736;9.958928108;14.25003599;-0.154548794;-0.05940660089;-0.1174387559;4
14.24414454;-2.311466694;1.043270707;10.00678444;14.25213776;-0.1606574357;-0.06918043643;-0.1162170246;4
14.24624636;-2.306680918;1.043270707;10.02592659;14.25423954;-0.1631008983;-0.07773254067;-0.1101083755;4
14.24834813;-2.311466694;1.062413216;10.05942631;14.25634136;-0.1631008983;-0.08506292105;-0.1064431891;4
14.25044995;-2.292324066;1.071984529;10.08335495;14.25844313;-0.1643226296;-0.09117157012;-0.1027780026;4
14.25255172;-2.282752752;1.091127157;10.10728264;14.2605449;-0.161879167;-0.09117157012;-0.09544762224;4
14.25465349;-2.258824587;1.124626637;10.14078236;14.26264672;-0.1594357044;-0.08872810751;-0.08811724186;4
14.25675532;-2.244467735;1.143769264;10.16949654;14.26474849;-0.1569922417;-0.08384118974;-0.08200860023;4
14.25885709;-2.258824587;1.162911773;10.17428207;14.26685032;-0.1508836001;-0.07528908551;-0.07223475724;4
14.26095886;-2.258824587;1.177268744;10.19820976;14.26895209;-0.1459966749;-0.06429351866;-0.06490438432;4
14.26306068;-2.258824587;1.177268744;10.18863869;14.27105386;-0.1374445707;-0.05207622424;-0.05513054505;4
14.26516245;-2.249253273;1.186840057;10.22692394;14.27315568;-0.1276707351;-0.0374154672;-0.04535670951;4
14.26726428;-2.220539331;1.177268744;10.24606609;14.27525745;-0.1203403622;-0.02153298259;-0.03558287397;4
14.26936605;-2.172683001;1.191625714;10.25085258;14.27735922;-0.1105665267;-0.003207040019;-0.02580903657;4
14.27146782;-2.139183521;1.1820544;10.26999474;14.27946105;-0.1007926911;0.01389717404;-0.01725693047;4
14.27356964;-2.091326952;1.158126116;10.27956581;14.28156282;-0.08857539296;0.03222311661;-0.007483093534;4
14.27567141;-2.06261301;1.129412293;10.28913784;14.28366464;-0.07757982612;0.05054906011;-0.0001527161949;4
14.27777318;-1.995614052;1.100698471;10.33220863;14.28576636;-0.06658425927;0.07009673119;0.005955931731;4
14.279875;-1.957328916;1.062413216;10.36092186;14.28786818;-0.05314523727;0.09208786488;0.01328630932;4
14.28197678;-1.914258122;1.024128079;10.39442158;14.28997;-0.04092793912;0.1140789986;0.01695149764;4
14.2840786;-1.861616015;1.000199914;10.44706345;14.29207178;-0.02993237413;0.1299614757;0.02061668597;4
14.28618032;-1.794616938;0.9619147182;10.4853487;14.29417355;-0.01527161989;0.1482874304;0.0242818743;4
14.28828214;-1.761117458;0.9379864931;10.55234814;14.29627532;0.0006108647794;0.1605047137;0.02672533318;4
14.29038396;-1.698904037;0.890130043;10.61456108;14.29837714;0.01771507785;0.1678351015;0.02794706449;4
14.29248573;-1.674975872;0.8709874153;10.67198944;14.30047891;0.03359756246;0.1715002805;0.02672533318;4
14.2945875;-1.622333765;0.8279166222;10.72941685;14.30258073;0.04703658819;0.1702785641;0.02550360374;4
14.29668928;-1.588834286;0.8039883971;10.79162979;14.3046825;0.0616973415;0.1690568328;0.02306014486;4
14.2987911;-1.545763373;0.7513462901;10.83470058;14.30678428;0.07635809481;0.1592829973;0.01939495653;4
14.30089287;-1.507478237;0.7130611539;10.88734341;14.30888605;0.09346231073;0.1482874304;0.01450803876;4
14.30299469;-1.445264935;0.679561615;10.91605663;14.31098787;0.1044578776;0.1336266696;0.008399390616;4
14.30509646;-1.40697968;0.650847733;10.93519974;14.31308969;0.1166751757;0.1165224537;0.00351247238;4
14.30719823;-1.383051515;0.6364908218;10.93519974;14.31519146;0.1252272725;0.09819651395;-0.002596175298;4
14.3093;-1.383051515;0.6173482537;10.9304142;14.31729323;0.1325576603;0.07987056673;-0.007483093534;4
14.31140183;-1.368694544;0.6221339107;10.90648556;14.319395;0.1398880333;0.05543597788;-0.01359174121;4
14.31350365;-1.373480201;0.6221339107;10.83948612;14.32149683;0.1423314959;0.0358883068;-0.01725693047;4
14.31560542;-1.378265858;0.6317051649;10.73420238;14.3235986;0.1435532272;0.01511890348;-0.0209221188;4
14.31770719;-1.383051515;0.650847733;10.63370419;14.32570042;0.1423314959;-0.006872228812;-0.02336557768;4
14.31980896;-1.378265858;0.6699903607;10.49970531;14.32780219;0.138666302;-0.02764163166;-0.02458730713;4
14.32191078;-1.363908887;0.708275497;10.36092186;14.32990396;0.131335929;-0.04474584386;-0.02580903657;4
14.32401256;-1.349551916;0.7369893789;10.23170948;14.33200573;0.1252272725;-0.06307178736;-0.02458730713;4
14.32611438;-1.330409408;0.7752745152;10.14078236;14.33410756;0.1178968996;-0.07528908551;-0.02458730713;4
14.32821615;-1.31126678;0.8279166222;10.01156998;14.33620938;0.1069013327;-0.08506292105;-0.02336557768;4
14.33031792;-1.301695466;0.8805587292;9.906285286;14.33831115;0.09957095981;-0.08994983882;-0.0209221188;4
14.33241969;-1.292124271;0.9092726111;9.796216011;14.34041292;0.09101885557;-0.09483675659;-0.01970038936;4
14.33452151;-1.272981644;0.9667003751;9.729216576;14.34251469;0.0849102065;-0.0972802192;-0.01725693047;4
14.33662334;-1.26341033;0.9810572863;9.657432556;14.34461646;0.08002328873;-0.09605848789;-0.01237001177;4
14.33872511;-1.234696507;1.024128079;9.628718376;14.34671829;0.07513637096;-0.09239330143;-0.009926552884;4
14.34082688;-1.220339537;1.043270707;9.614361763;14.34882006;0.07024945319;-0.08872810751;-0.006261364091;4
14.34292865;-1.186840057;1.052842021;9.604789734;14.35092188;0.07024945319;-0.08506292105;-0.002596175298;4
14.34503042;-1.172483087;1.067198873;9.609575272;14.35302365;0.07024945319;-0.08017600328;0.002290742937;4
14.34713224;-1.148554921;1.067198873;9.600004196;14.35512547;0.07024945319;-0.06918043643;0.008399390616;4
14.34923401;-1.158126116;1.081555843;9.585647583;14.35722724;0.07269290835;-0.06185005978;0.0108428495;4
14.35133584;-1.153340459;1.062413216;9.556933403;14.35932901;0.07269290835;-0.04963276163;0.0157297682;4
14.35343761;-1.158126116;1.071984529;9.533005714;14.36143079;0.07147117704;-0.0374154672;0.02061668597;4
14.35553943;-1.158126116;1.071984529;9.537791252;14.36353261;0.07391463965;-0.02397644334;0.02794706449;4
14.3576412;-1.138983607;1.076770186;9.51386261;14.36563438;0.07513637096;-0.009315688163;0.03405570984;4
14.35974297;-1.129412293;1.091127157;9.494720459;14.36773615;0.07391463965;0.007788525894;0.04016435891;4
14.36184474;-1.148554921;1.129412293;9.480362892;14.36983797;0.07147117704;0.02244928107;0.04749473557;4
14.36394657;-1.148554921;1.11984098;9.451649666;14.37193974;0.07147117704;0.03955349326;0.05360338464;4
14.36604834;-1.153340459;1.11984098;9.432506561;14.37404151;0.07024945319;0.05177079141;0.0621554926;4
14.36815011;-1.191625714;1.124626637;9.41336441;14.37614334;0.06780599058;0.06276635826;0.07192932814;4
14.37025193;-1.210768223;1.095912814;9.408578873;14.37824511;0.06658425927;0.07009673119;0.08170316368;4
14.3723537;-1.253839016;1.110269666;9.418149948;14.38034693;0.06536252797;0.07864884287;0.09147699922;4
14.37445547;-1.296909928;1.115055323;9.432506561;14.3824487;0.0616973415;0.07987056673;0.1024725661;4
14.3765573;-1.330409408;1.11984098;9.461220741;14.38455047;0.0616973415;0.08353576064;0.1134681329;4
14.37865907;-1.35912323;1.129412293;9.456435204;14.3866523;0.05925388262;0.07987056673;0.1220202371;4
14.38076089;-1.368694544;1.148554921;9.437292099;14.38875407;0.05558869615;0.07742711157;0.1317940801;4
14.38286266;-1.383051515;1.138983607;9.427721024;14.39085584;0.05070177838;0.0725401938;0.1403461844;4
14.38496443;-1.397408366;1.162911773;9.408578873;14.39295766;0.04581485689;0.06643154472;0.1452330947;4
14.38706625;-1.373480201;1.162911773;9.375079155;14.39505943;0.03726275265;0.05910116807;0.1513417512;4
14.38916802;-1.325623751;1.177268744;9.3367939;14.3971612;0.02993237413;0.05543597788;0.1550069451;4
14.3912698;-1.301695466;1.186840057;9.274580956;14.39926303;0.02138026804;0.05177079141;0.1611155868;4
14.39337162;-1.258624673;1.1820544;9.2362957;14.4013648;0.00916297175;0.04566214234;0.1672242284;4
14.39547339;-1.244267821;1.16769743;9.183652878;14.40346657;-0.004276053514;0.03466657549;0.1745546162;4
14.39757516;-1.244267821;1.143769264;9.169296265;14.40556839;-0.01771507785;0.02367101051;0.1818849891;4
14.39967698;-1.26341033;1.148554921;9.145368576;14.40767016;-0.03237583488;0.01023198478;0.1892153621;4
14.40177875;-1.277767301;1.138983607;9.116654396;14.40977198;-0.04703658819;-0.001985310577;0.1953240186;4
14.40388053;-1.306481123;1.158126116;9.111868858;14.41187375;-0.0616973415;-0.02031125315;0.2026543915;4
14.40598235;-1.325623751;1.138983607;9.092725754;14.41397553;-0.07635809481;-0.03619373962;0.2087630332;4
14.40808412;-1.344766378;1.110269666;9.111868858;14.41607735;-0.08979712427;-0.05207622424;0.2136499584;4
14.41018594;-1.35912323;1.091127157;9.102297783;14.41817912;-0.1044578776;-0.06673697382;0.2185368687;4
14.41228771;-1.354337573;1.067198873;9.121439934;14.42028089;-0.1142317131;-0.07773254067;0.2222020626;4
14.41438948;-1.354337573;1.03848505;9.17886734;14.42238266;-0.1240055487;-0.09239330143;0.2258672565;4
14.41649131;-1.354337573;1.028913736;9.269794464;14.42448448;-0.1301141977;-0.1058323234;0.2295324355;4
14.41859308;-1.330409408;1.028913736;9.346364975;14.42658625;-0.1362228394;-0.115606159;0.2307541668;4
14.42069485;-1.335195065;1.028913736;9.44207859;14.42868803;-0.1398880333;-0.1290451884;0.2319758981;4
14.42279662;-1.335195065;1.009771109;9.518648148;14.43078985;-0.1423314959;-0.1375972927;0.2319758981;4
14.42489844;-1.335195065;0.9810572863;9.619147301;14.43289162;-0.1459966749;-0.1473711282;0.2295324355;4
14.42700021;-1.339980721;1.000199914;9.676574707;14.43499344;-0.1484401375;-0.1534797698;0.2270889878;4
14.42910198;-1.344766378;0.9714859724;9.729216576;14.43709521;-0.1484401375;-0.1608101577;0.2234237939;4
14.43120381;-1.349551916;0.9523434043;9.777072906;14.43919704;-0.1484401375;-0.165697068;0.2197586;4
14.43330558;-1.363908887;0.9332008362;9.844072342;14.44129881;-0.1484401375;-0.1681405306;0.216093421;4
14.4354074;-1.373480201;0.9188438654;9.901499748;14.44340058;-0.1496618688;-0.1693622619;0.2112064958;4
14.43750917;-1.411765337;0.8757730722;9.944570541;14.44550235;-0.1484401375;-0.1669187993;0.2063195854;4
14.43961099;-1.426122308;0.8327022791;10.00678444;14.44760417;-0.1459966749;-0.1669187993;0.2014326602;4
14.44171276;-1.459621787;0.8087740541;10.06421185;14.44970594;-0.1459966749;-0.1669187993;0.192880556;4
14.44381454;-1.483550072;0.7657032609;10.09292603;14.45180771;-0.1423314959;-0.1632536054;0.1867718995;4
14.44591631;-1.50269258;0.7369893789;10.11206818;14.45390954;-0.138666302;-0.1595884264;0.1769980639;4
14.44801813;-1.512263894;0.7130611539;10.15035343;14.45601136;-0.138666302;-0.1522580534;0.1672242284;4
14.4501199;-1.526620865;0.6891329288;10.164711;14.45811313;-0.1362228394;-0.1461493969;0.1562286615;4
14.45222167;-1.521835208;0.6939185858;10.2029953;14.4602149;-0.1337793916;-0.1375972927;0.1476765573;4
14.45432349;-1.512263894;0.7130611539;10.19342422;14.46231667;-0.135001123;-0.1302669197;0.1342375278;4
14.45642532;-1.521835208;0.7226324677;10.21256733;14.46441849;-0.1362228394;-0.1168278903;0.1220202371;4
14.45852709;-1.517049551;0.7417750359;10.23649502;14.46652026;-0.135001123;-0.1033888608;0.1073594838;4
14.46062886;-1.526620865;0.70348984;10.23170948;14.46862204;-0.1362228394;-0.08628465235;0.09269873053;4
14.46273063;-1.512263894;0.679561615;10.21735287;14.47072386;-0.135001123;-0.06795870513;0.08048143238;4
14.46483245;-1.521835208;0.6364908218;10.25563812;14.47282563;-0.131335929;-0.04352411628;0.07070759684;4
14.46693422;-1.560120344;0.5886343718;10.30827999;14.4749274;-0.1264490038;-0.01664606482;0.0609337613;4
14.46903599;-1.651047587;0.6029912829;10.41356373;14.47702922;-0.1203403622;0.006566796452;0.05726857483;4
14.47113782;-1.775474429;0.6460621357;10.53320503;14.47913099;-0.1093447953;0.03466657549;0.05604684353;4
14.47323959;-1.938186288;0.6747759581;10.63848972;14.48123276;-0.0983492285;0.05665770918;0.05726857483;4
14.47534136;-2.134397745;0.6939185858;10.75334454;14.48333459;-0.08246674389;0.07987056673;0.0609337613;4
14.47744318;-2.325823545;0.7369893789;10.92084217;14.48543636;-0.06658425927;0.08964440972;0.06337722391;4
14.47954495;-2.507678032;0.756131947;11.04526901;14.48753818;-0.04948004708;0.09453132749;0.06582067907;4
14.48164672;-2.660818815;0.7226324677;11.16969585;14.48963995;-0.02260199748;0.09819651395;0.06948586553;4
14.48374855;-2.746960402;0.6843472719;11.30369377;14.49174172;0.004276053514;0.09697478265;0.07192932814;4
14.48585032;-2.837887764;0.6317051649;11.47119141;14.49384349;0.03115410358;0.1030834317;0.07559451461;4
14.48795214;-2.976671457;0.5886343718;11.63868904;14.49594532;0.05925388262;0.104305163;0.08170316368;4
14.49005391;-3.105883837;0.5982056856;11.72961617;14.49804709;0.08857539296;0.1079703495;0.08781181276;4
14.49215568;-3.24466753;0.650847733;11.83968639;14.50014891;0.1166751757;0.1030834317;0.09636391699;4
14.49425745;-3.354737282;0.7178468108;11.8588295;14.50225068;0.1423314959;0.1006399691;0.1049160287;4
14.49635928;-3.464807272;0.756131947;11.89232826;14.5043525;0.1704312712;0.08720094711;0.1122464016;4
14.49846104;-3.570091486;0.7800601721;11.87318611;14.50645428;0.1948658675;0.06765327603;0.1183550507;4
14.50056287;-3.641875982;0.7513462901;11.86361504;14.50855604;0.2131918073;0.0542142503;0.1244636998;4
14.50266464;-3.684946775;0.7130611539;11.7966156;14.51065782;0.2327394783;0.04444041103;0.1305723488;4
14.50476646;-3.742374659;0.6556333899;11.72483063;14.51275964;0.2474002391;0.03466657549;0.1366809905;4
14.50686823;-3.799802303;0.5934200287;11.55733299;14.51486141;0.2620609999;0.02367101051;0.1415679157;4
14.50897;-3.871587038;0.5455635786;11.43290615;14.51696323;0.2693913579;0.01634063199;0.1488982886;4
14.51107178;-3.933800459;0.5551348329;11.34197903;14.519065;0.2779434621;0.009010255337;0.1586721241;4
14.5131736;-3.976871252;0.6077769399;11.26062298;14.52116678;0.2877173126;0.0004581485991;0.1647807807;4
14.51527537;-3.972085476;0.6987041831;11.14098263;14.52326854;0.2913824916;-0.01420260593;0.1708894223;4
14.51737719;-3.972085476;0.760917604;11.00219822;14.52537037;0.2974911332;-0.02641990222;0.1769980639;4
14.51947896;-3.933800459;0.7944171429;10.89691448;14.52747214;0.3035998046;-0.03985892609;0.1831067204;4
14.52158073;-3.90030098;0.8087740541;10.85384369;14.52957391;0.304821521;-0.05085449293;0.1879936308;4
14.5236825;-3.914657831;0.7992027402;10.73420238;14.53167573;0.3035998046;-0.06062832847;0.1941022873;4
14.52578433;-3.938585997;0.8087740541;10.59541893;14.5337775;0.2987128794;-0.07040216774;0.1977674663;4
14.5278861;-3.957728624;0.8039883971;10.35135078;14.53587928;0.2913824916;-0.07651081681;0.2014326602;4
14.52998787;-3.938585997;0.7944171429;10.15992451;14.5379811;0.2840521336;-0.07773254067;0.2038761228;4
14.53208969;-3.890729666;0.7896314859;10.03071213;14.54008287;0.2767217457;-0.08384118974;0.2050978541;4
14.53419146;-3.814159393;0.7896314859;9.901499748;14.54218469;0.2681696415;-0.08872810751;0.2050978541;4
14.53629323;-3.751945972;0.8422735929;9.738788605;14.54428646;0.2596175373;-0.09117157012;0.2063195854;4
14.53839506;-3.646661758;0.8566305041;9.628718376;14.54638823;0.2486219704;-0.09117157012;0.2087630332;4
14.54049683;-3.603590965;0.8949156404;9.609575272;14.54849006;0.2339612097;-0.08872810751;0.2112064958;4
14.54259865;-3.613162279;0.9332008362;9.518648148;14.55059183;0.2156352699;-0.08384118974;0.2185368687;4
14.54470042;-3.646661758;0.9762716293;9.370293617;14.5526936;0.2009745091;-0.08139773458;0.2246455252;4
14.54680219;-3.704089403;1.028913736;9.226723671;14.55479537;0.181426838;-0.07528908551;0.2307541668;4
14.54890401;-3.742374659;1.052842021;9.068798065;14.55689719;0.1631008983;-0.06918043643;0.2344193608;4
14.55100579;-3.751945972;1.03848505;8.963513374;14.55899896;0.1496618688;-0.05818486959;0.2344193608;4
14.55310756;-3.713660717;0.9858429432;8.886942863;14.56110078;0.1362228394;-0.03863719851;0.2344193608;4
14.55520933;-3.603590965;0.9523434043;8.906085968;14.56320256;0.1252272725;-0.01664606482;0.2356410921;4
14.55731115;-3.46959281;0.9619147182;8.944371223;14.56530438;0.1178968996;0.005345067009;0.2380845547;4
14.55941292;-3.364308596;0.9954141974;8.90130043;14.56740615;0.1093447953;0.02977965772;0.2417497337;4
14.56151474;-3.316452265;1.043270707;8.915657043;14.56950792;0.1032361463;0.05665770918;0.2503018379;4
14.56361651;-3.335594654;1.095912814;8.949156761;14.57160969;0.09101885557;0.08842267841;0.2612974048;4
14.56571834;-3.378665686;1.110269666;8.949156761;14.57371151;0.0849102065;0.1238528341;0.2710712552;4
14.56782011;-3.426522017;1.138983607;8.906085968;14.57581328;0.07880155742;0.1629481763;0.2832885385;4
14.56992188;-3.460021496;1.153340459;8.819944382;14.57791511;0.07635809481;0.2081521749;0.3016144931;4
14.57202365;-3.493520975;1.148554921;8.867800713;14.58001688;0.07513637096;0.2484692484;0.3174969554;4
14.57412547;-3.541377544;1.124626637;8.958727837;14.58211865;0.07391463965;0.2838993967;0.3370446563;4
14.57622724;-3.598805189;1.105484009;9.049654961;14.58422047;0.07880155742;0.320551306;0.3565923274;4
14.57832907;-3.617947817;1.071984529;9.241081238;14.58632224;0.08735366166;0.3596466482;0.3773617148;4
14.58043084;-3.641875982;1.033699393;9.451649666;14.58842407;0.0971274972;0.3938550651;0.3993528485;4
14.58253261;-3.708875179;1.028913736;9.566504478;14.59052578;0.111788258;0.420733124;0.4237874448;4
14.58463443;-3.780659676;1.043270707;9.667003632;14.59262761;0.1240055487;0.4415025115;0.4482220411;4
14.5867362;-3.862015724;1.048056364;9.786644936;14.59472943;0.135001123;0.4512763619;0.4702131748;4
14.58883803;-3.909872293;1.062413216;9.915857315;14.5968312;0.1484401375;0.454941541;0.4909825623;4
14.59093974;-3.929014683;1.052842021;9.982855797;14.59893297;0.1631008983;0.45860672;0.5056433082;4
14.59304157;-3.842873096;0.9906286001;10.04506969;14.6010348;0.1765399277;0.4622719288;0.5215258002;4
14.59514339;-3.747160196;0.9044869542;10.20778179;14.60313657;0.1899789423;0.4683805704;0.5361865759;4
14.59724516;-3.670589924;0.8518448472;10.28913784;14.60523834;0.1985310465;0.4683805704;0.5508472919;4
14.59934693;-3.584448338;0.8231309652;10.28435135;14.60734011;0.2058614343;0.4598284662;0.5642863512;4
14.60144875;-3.560520172;0.8279166222;10.31306553;14.60944193;0.2107483447;0.4476111531;0.5789470673;4
14.60355053;-3.560520172;0.866201818;10.30349445;14.61154375;0.2095266134;0.4292852283;0.5936078429;4
14.6056523;-3.56530571;0.8518448472;10.25563812;14.61364552;0.2107483447;0.408515811;0.6046034098;4
14.60775407;-3.550948858;0.8279166222;10.21735287;14.6157473;0.2058614343;0.3914116025;0.6131555438;4
14.60985589;-3.512663603;0.7896314859;10.16949654;14.61784912;0.2021962404;0.3730856776;0.6204859018;4
14.61195771;-3.46959281;0.7513462901;10.11206818;14.61995089;0.1973093301;0.3510945439;0.6278162599;4
14.61405948;-3.412165165;0.7369893789;10.04506969;14.62205266;0.1875354946;0.3266599476;0.6327031851;4
14.61616125;-3.34038043;0.7704889178;9.982855797;14.62415448;0.1777616441;0.2948949635;0.6388118267;4
14.61826308;-3.263810158;0.7944171429;9.915857315;14.62625625;0.1679878086;0.261908263;0.6436987519;4
14.62036485;-3.196810961;0.8566305041;9.858428955;14.62835802;0.1557705253;0.2252563834;0.6473639607;4
14.62246662;-3.115455151;0.8566305041;9.824930191;14.63045985;0.1423314959;0.1837175786;0.6498073936;4
14.62456844;-3.03888464;0.8470591903;9.7196455;14.63256162;0.1276707351;0.1446222365;0.6498073936;4
14.62667021;-2.938386202;0.7992027402;9.623932838;14.63466339;0.1105665267;0.1091920808;0.6498073936;4
14.62877198;-2.82831645;0.7417750359;9.561718941;14.63676521;0.09468404204;0.08231402934;0.6473639607;4
14.63087381;-2.746960402;0.708275497;9.470791817;14.63886698;0.08002328873;0.06398808211;0.6449204683;4
14.63297558;-2.679961443;0.679561615;9.375079155;14.64096875;0.0616973415;0.04932733253;0.6412553191;4
14.63507735;-2.627319336;0.6939185858;9.293723106;14.64307058;0.04459312931;0.03833176568;0.6400335431;4
14.63717917;-2.560320139;0.7513462901;9.193224907;14.64517235;0.02748891525;0.03100138716;0.6436987519;4
14.63928094;-2.488535643;0.8279166222;9.135796547;14.64727412;0.01404988952;0.02733619884;0.6449204683;4
14.64138271;-2.426322222;0.9092726111;9.111868858;14.64937594;-0.003054323839;0.02733619884;0.65102911;4
14.64348454;-2.388036966;0.9284151793;9.116654396;14.65147771;-0.01404988952;0.03222311661;0.6546943188;4
14.64558631;-2.39760828;0.9379864931;9.145368576;14.65357948;-0.02871064469;0.02977965772;0.659581244;4
14.64768808;-2.411965132;0.9284151793;9.126225471;14.65568131;-0.03726275265;0.03100138716;0.6632464528;4
14.6497899;-2.421536446;0.8757730722;9.092725754;14.65778308;-0.043371398;0.03466657549;0.666911602;4
14.65189167;-2.368894339;0.7704889178;9.159725189;14.6598849;-0.04825831577;0.04810560122;0.668133378;4
14.65399344;-2.263610125;0.6843472719;9.231510162;14.66198667;-0.04948004708;0.06643154472;0.668133378;4
14.65609526;-2.187039852;0.6173482537;9.293723106;14.66408849;-0.04948004708;0.09086613357;0.6717985272;4
14.65819704;-2.120040894;0.5886343718;9.351150513;14.66619026;-0.04703658819;0.1165224537;0.6730202436;4
14.66029886;-2.072184324;0.5934200287;9.403793335;14.66829204;-0.04214967042;0.1446222365;0.6754637361;4
14.66240063;-2.033899307;0.6364908218;9.485149384;14.67039381;-0.03604102135;0.1715002805;0.6827940941;4
14.66450245;-1.990828395;0.6604190469;9.600004196;14.67249563;-0.02871064469;0.1947131455;0.6889027357;4
14.66660422;-1.942971945;0.6699903607;9.667003632;14.6745974;-0.0164933484;0.2142608166;0.6974548697;4
14.66870599;-1.928615093;0.6317051649;9.667003632;14.67669917;-0.006719512399;0.2386954129;0.7035635114;4
14.67080776;-1.890329838;0.5694918036;9.743574142;14.67880099;0.005497782957;0.2667951882;0.7108938694;4
14.67290959;-1.823330879;0.5216353536;9.791430473;14.68090276;0.0164933484;0.3034470677;0.718224287;4
14.67501136;-1.741974831;0.4450650215;9.710074425;14.68300459;0.02504545636;0.3352120519;0.7267763615;4
14.67711313;-1.655833244;0.4115654826;9.695717812;14.68510636;0.03604102135;0.3681987524;0.7353284955;4
14.67921495;-1.631905079;0.4115654826;9.705288887;14.68720813;0.04703658819;0.3999637067;0.7451022863;4
14.68131672;-1.584048629;0.4594219327;9.695717812;14.6893099;0.05558869615;0.4317286909;0.7536544204;4
14.68341854;-1.512263894;0.5072783828;9.681360245;14.69141172;0.0616973415;0.4598284662;0.7622065544;4
14.68552032;-1.445264935;0.5359922647;9.69093132;14.69351349;0.06902772188;0.4769326746;0.7707586288;4
14.68762209;-1.383051515;0.5216353536;9.633503914;14.69561532;0.07513637096;0.4903717041;0.7768672705;4
14.68972386;-1.325623751;0.5072783828;9.547362328;14.69771709;0.08124501258;0.5001455545;0.7805324793;4
14.69182568;-1.239482164;0.4402793646;9.561718941;14.69981886;0.0849102065;0.517249763;0.7841976881;4
14.69392745;-1.129412293;0.4019941986;9.528220177;14.70192068;0.08246674389;0.5306887627;0.7854194045;4
14.69602928;-1.004985452;0.3445664644;9.470791817;14.70402245;0.08124501258;0.5477929711;0.7878628373;4
14.69813104;-0.8805587292;0.3445664644;9.370293617;14.70612422;0.07513637096;0.560010314;0.7890845537;4
14.70023282;-0.7752745152;0.3254238665;9.2362957;14.70822605;0.06291907281;0.5648971796;0.7854194045;4
14.70233464;-0.6891329288;0.3302095234;9.154939651;14.71032782;0.05192350596;0.5661189556;0.7841976881;4
14.70443641;-0.6125625968;0.3206382394;9.078369141;14.71242959;0.03726275265;0.5636754632;0.7817541957;4
14.70653818;-0.5599204898;0.3158525825;9.006584167;14.71453141;0.0164933484;0.5526798964;0.7768672705;4
14.70864;-0.5120640397;0.3206382394;8.949156761;14.71663318;-0.003054323839;0.5404626131;0.7732021213;4
14.71074178;-0.4737788737;0.2967100143;8.896514893;14.718735;-0.02382372692;0.5209149122;0.768315196;4
14.71284354;-0.4737788737;0.3014956415;8.877371788;14.72083678;-0.04825831577;0.5025889874;0.7622065544;4
14.71494537;-0.4689932466;0.2823530734;8.867800713;14.72293855;-0.06780599058;0.4805978537;0.7573196292;4
14.71704714;-0.4929214716;0.2488535494;8.886942863;14.72504032;-0.08857539296;0.4610501826;0.7536544204;4
14.71914896;-0.5120640397;0.2440679073;8.934800148;14.72714214;-0.1056796089;0.4366155863;0.7512109876;4
14.72125073;-0.5312066078;0.2679961324;9.00179863;14.72924391;-0.1191186309;0.4109592736;0.7487674952;4
14.7233525;-0.5264210105;0.2823530734;9.083154678;14.73134573;-0.135001123;0.3840812445;0.7499892116;4
14.72545428;-0.5503492355;0.2967100143;9.202795982;14.7334475;-0.1423314959;0.3510945439;0.7499892116;4
14.7275561;-0.5694918036;0.2967100143;9.355937004;14.73554933;-0.1484401375;0.3229947388;0.7548761368;4
14.72965787;-0.626919508;0.2871387303;9.489934921;14.7376511;-0.1533270627;0.2900080681;0.7573196292;4
14.73175969;-0.6747759581;0.2632105052;9.619147301;14.73975287;-0.1521053314;0.258243084;0.7609847784;4
14.73386146;-0.70348984;0.2201396823;9.767501831;14.74185469;-0.1521053314;0.2289215773;0.7646499872;4
14.73596328;-0.7369893789;0.2009970993;9.882357597;14.74395646;-0.1484401375;0.1996000707;0.7695369124;4
14.73806506;-0.7274180651;0.1770688742;10.01156998;14.74605823;-0.1398880333;0.1727220118;0.7744238377;4
14.74016683;-0.708275497;0.1579262912;10.13599682;14.74816;-0.131335929;0.1470656991;0.7817541957;4
14.74226865;-0.679561615;0.1387837082;10.23649502;14.75026183;-0.1191186309;0.1201876476;0.7829759121;4
14.74437042;-0.6317051649;0.1339980662;10.35613632;14.7523636;-0.1105665267;0.09208786488;0.7866411209;4
14.74647219;-0.5694918036;0.1196411327;10.4279213;14.75446542;-0.09590577334;0.07131846249;0.7890845537;4
14.74857396;-0.5264210105;0.09092725813;10.47577763;14.75656719;-0.08124501258;0.0542142503;0.7903063297;4
14.75067578;-0.4546363056;0.02871387079;10.52363396;14.75866901;-0.06414080411;0.03711003438;0.7927497625;4
14.75277756;-0.3972085714;0.004785645287;10.50449181;14.76077078;-0.05192350596;0.01878409274;0.7951932549;4
14.75487938;-0.3349951804;-0.0239282269;10.46620655;14.76287256;-0.03726275265;0.004123337101;0.8000801206;4
14.75698115;-0.2679961324;-0.02871387079;10.4853487;14.76497433;-0.02626718581;-0.008093958721;0.8037453294;4
14.75908297;-0.1914258152;-0.0239282269;10.40399265;14.76707615;-0.01160643063;-0.01298087649;0.809853971;4
14.76118474;-0.1100698411;0.0239282269;10.35613632;14.76917792;-0.0006108647794;-0.01664606482;0.8159626126;4
14.76328651;-0.01914258115;0.06221338734;10.27478027;14.77127969;0.01160643063;-0.01298087649;0.8220712543;4
14.76538828;0.05264209956;0.08614161611;10.16949654;14.77338151;0.01404988952;-0.009315688163;0.8257364631;4
14.76749011;0.1579262912;0.1244267747;10.05942631;14.77548329;0.02015853859;-0.003207040019;0.8281798959;4
14.76959188;0.2871387303;0.1339980662;9.891928673;14.77758511;0.02504545636;0.01023198478;0.8294016719;4
14.77169365;0.3972085714;0.1292124242;9.738788605;14.77968688;0.02748891525;0.02733619884;0.8330668211;4
14.77379547;0.5264210105;0.1196411327;9.652647018;14.7817887;0.02748891525;0.04566214234;0.8355103135;4
14.77589724;0.679561615;0.1579262912;9.51386261;14.78389047;0.02382372692;0.0737619251;0.8379537463;4
14.77799907;0.8327022791;0.2057827413;9.322437286;14.78599224;0.02138026804;0.1018617004;0.8403972387;4
14.78010084;0.9379864931;0.2536391914;9.188439369;14.78809401;0.02138026804;0.1324049383;0.8403972387;4
14.78220266;1.048056364;0.3014956415;9.083154678;14.79019584;0.01893680729;0.1666133702;0.8403972387;4
14.78430443;1.11984098;0.3062812984;9.006584167;14.79229761;0.01893680729;0.200821802;0.8403972387;4
14.7864062;1.172483087;0.2967100143;8.968298912;14.79439938;0.02382372692;0.2399171442;0.8379537463;4
14.78850797;1.268195987;0.2536391914;9.011369705;14.7965012;0.03115410358;0.2790125012;0.8355103135;4
14.7906098;1.373480201;0.2297109663;9.073583603;14.79860297;0.03604102135;0.320551306;0.8342885971;4
14.79271157;1.459621787;0.2057827413;9.126225471;14.80070474;0.04703658819;0.3620901108;0.8318451047;4
14.79481334;1.526620865;0.2249253243;9.193224907;14.80280651;0.06047561392;0.4024071693;0.8294016719;4
14.79691516;1.603191137;0.2297109663;9.241081238;14.80490834;0.07635809481;0.4415025115;0.8269581795;4
14.79901693;1.651047587;0.2440679073;9.312865257;14.80701011;0.09346231073;0.4793761373;0.8245147467;4
14.8011187;1.713261008;0.2249253243;9.41336441;14.80911193;0.1130099818;0.5123628378;0.8208495378;4
14.80322047;1.746760488;0.1722832322;9.528220177;14.8112137;0.1325576603;0.5355756879;0.8159626126;4
14.8053223;1.832902193;0.1483550072;9.633503914;14.81331547;0.1496618688;0.5612320304;0.8086322546;4
14.80742407;1.942971945;0.09571290761;9.671789169;14.8154173;0.1692095399;0.5807796717;0.802523613;4
14.80952589;2.024327993;0.1004985496;9.686145782;14.81751907;0.185092032;0.6003273726;0.7964149714;4
14.81162766;2.086541414;0.05742774159;9.705288887;14.81962089;0.1997527778;0.6186532974;0.7915280461;4
14.81372943;2.143969059;0.04307080805;9.695717812;14.82172266;0.2131918073;0.6284271479;0.7866411209;4
14.81583125;2.182254314;0.0239282269;9.710074425;14.82382443;0.2241873741;0.6345357895;0.7805324793;4
14.81793302;2.191825628;-0.004785645287;9.724431038;14.82592625;0.2327394783;0.6394227147;0.7732021213;4
14.82003485;2.239681959;0.009571290575;9.710074425;14.82802802;0.2388481349;0.6430879235;0.76709342;4
14.82213662;2.287538528;0.009571290575;9.652647018;14.83012985;0.2425133139;0.6443096399;0.7622065544;4
14.82423839;2.321038008;0.01914258115;9.595218658;14.83223162;0.2461785078;0.6418661475;0.7573196292;4
14.82634021;2.344966173;0.0382851623;9.576076508;14.83433339;0.2474002391;0.6357575059;0.7487674952;4
14.82844198;2.388036966;0.06221338734;9.57129097;14.83643521;0.2498437017;0.6235402226;0.7426588535;4
14.83054381;2.435893536;0.09571290761;9.552147865;14.83853698;0.2474002391;0.608879447;0.7353284955;4
14.83264558;2.469393015;0.09571290761;9.509077072;14.84063875;0.2461785078;0.5844448805;0.7279980779;4
14.83474735;2.502892494;0.06221338734;9.528220177;14.84274053;0.2388481349;0.5539016128;0.718224287;4
14.83684917;2.565105915;0.07178468257;9.504291534;14.84484235;0.2327394783;0.5196931958;0.7084504366;4
14.83895094;2.63689065;0.1100698411;9.432506561;14.84694412;0.2254091054;0.4842630625;0.6974548697;4
14.84105271;2.727817774;0.1292124242;9.36550808;14.84904594;0.2144135386;0.4488328993;0.6840158105;4
14.84315448;2.818745136;0.1339980662;9.322437286;14.85114771;0.2034179717;0.4121810198;0.6730202436;4
14.84525631;2.92402935;0.1435693651;9.288937569;14.85324948;0.1899789423;0.3730856776;0.659581244;4
14.84735808;2.971885681;0.1052841991;9.288937569;14.85535131;0.1777616441;0.3291034102;0.6424770355;4
14.8494599;3.01974225;0.05264209956;9.284152031;14.85745308;0.161879167;0.2838993967;0.6265945435;4
14.85156167;3.101098061;0.0143569354;9.255437851;14.85955485;0.1472184062;0.2399171442;0.609490335;4
14.85366344;3.158525944;-0.009571290575;9.241081238;14.86165667;0.1288924664;0.1959348768;0.5923861265;4
14.85576526;3.201596737;-0.03349951655;9.250652313;14.86375844;0.1105665267;0.1446222365;0.5740602016;4
14.85786704;3.211168051;-0.0382851623;9.245866776;14.86586026;0.09468404204;0.09819651395;0.5545125008;4
14.85996881;3.225524902;-0.02871387079;9.217152596;14.86796204;0.07635809481;0.05054906011;0.5374082923;4
14.86207063;3.292523861;0.009571290575;9.17886734;14.87006381;0.05558869615;0.006566796452;0.5190823674;4
14.8641724;3.369094372;0.06221338734;9.140582085;14.87216558;0.03848448023;-0.03497200832;0.501978159;4
14.86627422;3.450450182;0.1196411327;9.135796547;14.8742674;0.02138026804;-0.0728456229;0.4873173833;4
14.86837599;3.488735437;0.1674975902;9.150154114;14.87636917;0.004276053514;-0.1058323234;0.4763218164;4
14.87047776;3.503092289;0.2009970993;9.164510727;14.87847099;-0.00916297175;-0.1302669197;0.4653262496;4
14.87257954;3.464807272;0.2344966233;9.188439369;14.88057276;-0.02260199748;-0.1498145908;0.4579958618;4
14.87468136;3.431307554;0.2727817893;9.202795982;14.88267454;-0.03481929377;-0.1632536054;0.4494437575;4
14.87678313;3.407379389;0.3014956415;9.221938133;14.88477636;-0.04092793912;-0.1718057245;0.4433351159;4
14.87888495;3.407379389;0.3349951804;9.202795982;14.88687813;-0.04581485689;-0.1779143661;0.4408916533;4
14.88098672;3.440878868;0.3541377485;9.231510162;14.88897995;-0.04825831577;-0.1779143661;0.4384481907;4
14.88308849;3.46959281;0.3780659735;9.265008926;14.89108172;-0.04948004708;-0.1766926348;0.4372264743;4
14.88519032;3.512663603;0.4163511395;9.317651749;14.89318349;-0.04581485689;-0.1693622619;0.4396699369;4
14.88729209;3.503092289;0.4546363056;9.36550808;14.89528532;-0.03970621154;-0.1559232324;0.4408916533;4
14.88939391;3.498306751;0.4929214716;9.403793335;14.89738709;-0.03726275265;-0.1351538301;0.4445568323;4
14.89149568;3.507878065;0.5264210105;9.427721024;14.89948886;-0.02993237413;-0.1094975099;0.4482220411;4
14.89359745;3.531806231;0.5503492355;9.422935486;14.90159068;-0.02260199748;-0.07528908551;0.4506655037;4
14.89569928;3.56530571;0.5694918036;9.408578873;14.90369245;-0.01282816008;-0.0374154672;0.4567741454;4
14.89780105;3.613162279;0.5982056856;9.427721024;14.90579422;-0.003054323839;0.01023198478;0.4604393244;4
14.89990282;3.694518089;0.626919508;9.41336441;14.90789605;0.007941242307;0.06276635826;0.4653262496;4
14.90200464;3.75673151;0.6364908218;9.418149948;14.90999782;0.02015853859;0.1201876476;0.4677697122;4
14.90410641;3.842873096;0.6412764788;9.399007797;14.91209959;0.02993237413;0.1788306683;0.4714348912;4
14.90620818;3.943371773;0.6556333899;9.375079155;14.91420141;0.04214967042;0.2411388755;0.4689914286;4
14.90831;4.039084435;0.6604190469;9.375079155;14.91630318;0.05436696485;0.3010036349;0.4677697122;4
14.91041178;4.158725739;0.6699903607;9.370293617;14.91840495;0.06658425927;0.358424902;0.466547966;4
14.91251355;4.259224415;0.650847733;9.375079155;14.92050678;0.07635809481;0.4134027362;0.4653262496;4
14.91461537;4.345366001;0.6412764788;9.437292099;14.92260855;0.08368847519;0.4610501826;0.4616610706;4
14.91671714;4.364508629;0.6364908218;9.494720459;14.92471037;0.09101885557;0.5025889874;0.459217608;4
14.91881891;4.378865242;0.6604190469;9.499505997;14.92681214;0.09590577334;0.5355756879;0.4555523992;4
14.92092073;4.407579422;0.6652047038;9.480362892;14.92891391;0.0983492285;0.5612320304;0.4518872201;4
14.9230225;4.436293125;0.6699903607;9.528220177;14.93101573;0.09957095981;0.5807796717;0.4457785785;4
14.92512433;4.445864677;0.6652047038;9.576076508;14.9331175;0.0983492285;0.5929969549;0.4384481907;4
14.9272261;4.450650215;0.6652047038;9.595218658;14.93521928;0.09590577334;0.6052142978;0.4311178327;4
14.92932787;4.455435753;0.6699903607;9.595218658;14.9373211;0.09224057943;0.610101223;0.4225656986;4
14.93142969;4.469792843;0.6747759581;9.609575272;14.93942287;0.08613193035;0.608879447;0.4176788032;4
14.93353146;4.474578381;0.6891329288;9.628718376;14.94152469;0.07513637096;0.6039925218;0.4079049528;4
14.93563323;4.455435753;0.7226324677;9.667003632;14.94362646;0.06414080411;0.5917752385;0.3993528485;4
14.93773506;4.455435753;0.7417750359;9.700503349;14.94572823;0.05192350596;0.5734493136;0.3908007443;4
14.93983683;4.436293125;0.760917604;9.729216576;14.94783006;0.03970621154;0.5526798964;0.3822486401;4
14.94193865;4.436293125;0.784845829;9.753145218;14.94993183;0.02626718581;0.524580121;0.3736965358;4
14.94404042;4.42672205;0.7800601721;9.777072906;14.9520336;0.01160643063;0.4867065251;0.3639226854;4
14.94614219;4.402793884;0.7657032609;9.829715729;14.95413542;-0.004276053514;0.4439459741;0.3553705812;4
14.94824401;4.383651257;0.7752745152;9.925428391;14.95623719;-0.01893680729;0.3950767815;0.3492619395;4
14.95034579;4.335794449;0.760917604;10.02114105;14.95833896;-0.03237583488;0.3413206935;0.3419315517;4
14.95244756;4.278367043;0.7752745152;10.13599682;14.96044073;-0.04581485689;0.2851211429;0.3370446563;4
14.95454938;4.197010994;0.760917604;10.23170948;14.96254256;-0.05681042373;0.2252563834;0.3297142684;4
14.95665115;4.115654945;0.756131947;10.39442158;14.96464438;-0.07024945319;0.1629481763;0.3211621642;4
14.95875292;4.048655987;0.7417750359;10.52841949;14.96674615;-0.07880155742;0.1030834317;0.31261006;4
14.96085469;4.019941807;0.7130611539;10.66241741;14.96884792;-0.0849102065;0.04199695215;0.3016144931;4
14.96295651;4.024727821;0.708275497;10.71506023;14.97094974;-0.09101885557;-0.02153298259;0.2881754637;4
14.96505834;4.096512318;0.6987041831;10.79162979;14.97305151;-0.09590577334;-0.08506292105;0.2747364342;4
14.96716011;4.201796532;0.6556333899;10.88734341;14.97515329;-0.0983492285;-0.142484203;0.2576322258;4
14.96926188;4.331008911;0.6173482537;10.97827053;14.97725511;-0.1007926911;-0.1937968582;0.2393062711;4
14.9713637;4.441078663;0.5934200287;11.05484104;14.97935688;-0.09957095981;-0.2377791107;0.2197586;4
14.97346547;4.551148891;0.5599204898;11.10269737;14.98145865;-0.0983492285;-0.2756527364;0.1989891976;4
14.97556724;4.637290478;0.5216353536;11.16969585;14.98356047;-0.0983492285;-0.3049742281;0.1782197952;4
14.97766907;4.675575256;0.5120640397;11.20798111;14.98566224;-0.0971274972;-0.3330740333;0.1550069451;4
14.97977084;4.723432064;0.4833501875;11.18405342;14.98776401;-0.09224057943;-0.3538434207;0.1305723488;4
14.98187261;4.814359188;0.4354937077;11.14098263;14.98986584;-0.08979712427;-0.3733910918;0.1049160287;4
14.98397443;4.876572609;0.3876372576;11.14098263;14.99196761;-0.08613193035;-0.3868301213;0.08048143238;4
14.9860762;4.957928658;0.3302095234;11.20319557;14.99406943;-0.07757982612;-0.3892735839;0.05726857483;4
14.98817797;5.024927616;0.3062812984;11.22233772;14.9961712;-0.06902772188;-0.3904953003;0.03527744114;4
14.9902798;5.044070244;0.3062812984;11.26540947;14.99827297;-0.05436696485;-0.3892735839;0.01450803876;4
14.99238157;4.996213913;0.2967100143;11.30369377;15.0003748;-0.03970621154;-0.3868301213;-0.003817904973;4
14.99448339;4.957928658;0.3206382394;11.36112213;15.00247657;-0.02504545636;-0.3843866587;-0.0209221188;4
14.99658516;4.91007185;0.3541377485;11.41854954;15.00457839;-0.004276053514;-0.3819431961;-0.03558287397;4
14.99868693;4.862215519;0.3876372576;11.46162033;15.00668016;0.0164933484;-0.3770562708;-0.05024362728;4
15.00078875;4.819144726;0.4067798555;11.50947666;15.00878193;0.03726275265;-0.3721693754;-0.06368265301;4
15.00289053;4.766502857;0.4354937077;11.5334053;15.01088594;0.05314523727;-0.3672824502;-0.07467821985;4
15.00499235;4.747360229;0.4737788737;11.52383423;15.01298553;0.07513637096;-0.3599520624;-0.086895518;4
15.00709412;4.713860512;0.5024927258;11.48076344;15.0150873;0.09346231073;-0.3489564955;-0.0991128087;4
15.00919589;4.670789719;0.5599204898;11.41854954;15.01718912;0.1069013327;-0.3342957497;-0.1088866442;4
15.0112999;4.656432629;0.5551348329;11.35633659;15.01929089;0.1227838174;-0.3208567202;-0.1186604798;4
15.01339948;4.632504463;0.6029912829;11.24148083;15.02139266;0.1325576603;-0.3025307953;-0.1284343153;4
15.01550125;4.61814785;0.6364908218;11.11226845;15.02349448;0.1423314959;-0.281761378;-0.1406516135;4
15.01760308;4.608576298;0.6556333899;10.97348499;15.02559625;0.1459966749;-0.2573267817;-0.1553123742;4
15.01970485;4.575077057;0.6939185858;10.85862923;15.02769803;0.1496618688;-0.2341139317;-0.1663079411;4
15.02180662;4.579862595;0.732203722;10.72941685;15.02979985;0.1508836001;-0.2109010667;-0.1797469556;4
15.02390844;4.541577339;0.732203722;10.60977554;15.03190162;0.1484401375;-0.1852447391;-0.1956294477;4
15.02601021;4.527220249;0.732203722;10.49013424;15.03400344;0.1472184062;-0.1669187993;-0.2115119249;4
15.02811198;4.522434711;0.732203722;10.38963604;15.03610521;0.1423314959;-0.1510363221;-0.2286161482;4
15.03021381;4.522434711;0.7465606928;10.34656525;15.03820698;0.1398880333;-0.1375972927;-0.2432768941;4
15.03231558;4.503292084;0.756131947;10.28435135;15.04030881;0.138666302;-0.1290451884;-0.2591593862;4
15.0344174;4.484149456;0.7800601721;10.27956581;15.04241058;0.1374445707;-0.121714808;-0.2750418782;4
15.03651917;4.469792843;0.7800601721;10.27478027;15.04451235;0.135001123;-0.1192713454;-0.2884808779;4
15.03862094;4.407579422;0.7944171429;10.27956581;15.04661417;0.135001123;-0.1131627038;-0.3043633699;4
15.04072276;4.359723091;0.7992027402;10.28913784;15.04871594;0.1374445707;-0.1119409725;-0.3190241456;4
15.04282454;4.29750967;0.8039883971;10.31785107;15.05081771;0.138666302;-0.1094975099;-0.3349066079;4
15.04492631;4.225724697;0.813559711;10.34656525;15.05291954;0.1411097646;-0.1107192412;-0.3471239209;4
15.04702813;4.177868366;0.8087740541;10.39442158;15.05502131;0.1435532272;-0.1168278903;-0.3617846668;4
15.0491299;4.153940201;0.8327022791;10.4279213;15.05712313;0.1484401375;-0.1266017258;-0.3776671588;4
15.05123167;4.110869408;0.8518448472;10.50449181;15.0592249;0.1521053314;-0.1375972927;-0.3935496211;4
15.05333349;4.063013077;0.8422735929;10.5475626;15.06132667;0.1569922417;-0.1485928595;-0.4094321132;4
15.05543526;4.000799656;0.8279166222;10.60977554;15.06342849;0.1606574357;-0.1608101577;-0.424092859;4
15.05753709;3.914657831;0.8422735929;10.62891865;15.06553026;0.161879167;-0.1791360974;-0.4387536347;4
15.05963886;3.833301783;0.8470591903;10.63848972;15.06763204;0.1643226296;-0.188909933;-0.4497492015;4
15.06174063;3.718446493;0.8614161611;10.63848972;15.06973386;0.1667660922;-0.2047924101;-0.4558578432;4
15.06384245;3.589233875;0.890130043;10.69591713;15.07183563;0.1655443609;-0.2243400961;-0.4583013058;4
15.06594422;3.407379389;0.9523434043;10.62413216;15.07393745;0.1679878086;-0.2499964088;-0.4595230222;4
15.06804599;3.230310678;0.9571290612;10.60020447;15.07603922;0.1704312712;-0.2707658112;-0.4583013058;4
15.07014782;3.043670416;0.9762716293;10.64327526;15.07814104;0.1716530025;-0.2927569449;-0.4546361268;4
15.07224959;2.880958557;0.9619147182;10.68634605;15.08024282;0.1753181964;-0.312304616;-0.4534143806;4
15.07435141;2.746960402;0.9379864931;10.66720295;15.08234459;0.181426838;-0.3318522871;-0.4521926641;4
15.07645318;2.63689065;0.9284151793;10.66241741;15.08444636;0.1863137633;-0.3575085998;-0.4521926641;4
15.078555;2.593819857;0.9236295223;10.66241741;15.08654818;0.1948658675;-0.3770562708;-0.4546361268;4
15.08065678;2.565105915;0.9379864931;10.71506023;15.08864995;0.204639703;-0.3941605091;-0.4595230222;4
15.08275854;2.565105915;0.9523434043;10.7677021;15.09075178;0.2156352699;-0.4100429714;-0.4644099474;4
15.08486032;2.62253356;0.9571290612;10.85862923;15.09285354;0.2302960157;-0.4173733592;-0.470518589;4
15.08696214;2.646461725;0.9619147182;10.90170002;15.09495537;0.2412915826;-0.428368926;-0.4754055142;4
15.08906391;2.603390932;0.9954141974;10.84905815;15.09705714;0.2522871494;-0.4405862093;-0.4815141559;4
15.09116573;2.584248543;0.9906286001;10.80598736;15.09915891;0.2645044625;-0.4528035223;-0.4888445437;4
15.0932675;2.522035122;0.9762716293;10.8107729;15.10126073;0.2755000293;-0.4650208056;-0.4998401105;4
15.09536933;2.512463808;0.9332008362;10.79162979;15.1033625;0.2864955962;-0.474794656;-0.5096139312;4
15.0974711;2.502892494;0.8709874153;10.75813103;15.10546428;0.2938259542;-0.4882336855;-0.5242747068;4
15.09957287;2.54117775;0.8039883971;10.69591713;15.1075661;0.3023780584;-0.4967857897;-0.5377137065;4
15.10167469;2.565105915;0.7752745152;10.62413216;15.10966787;0.3084867001;-0.4955640435;-0.5511527658;4
15.10377646;2.593819857;0.7752745152;10.57149029;15.11176969;0.3133736253;-0.4906771481;-0.5609265566;4
15.10587823;2.536391973;0.8039883971;10.50449181;15.11387146;0.3133736253;-0.4870119393;-0.5719221234;4
15.10798006;2.421536446;0.8518448472;10.3226366;15.11597328;0.3109301627;-0.4870119393;-0.5853611827;4
15.11008183;2.311466694;0.8853443861;10.15992451;15.11807506;0.3060432673;-0.4918988645;-0.5963567495;4
15.11218365;2.225325108;0.8949156404;10.05464077;15.12017683;0.3035998046;-0.4955640435;-0.6110175252;4
15.11428542;2.163111687;0.866201818;9.992427826;15.1222786;0.2987128794;-0.4918988645;-0.6244565248;4
15.11638724;2.129612207;0.813559711;9.920642853;15.12438042;0.2913824916;-0.4857902229;-0.6403390169;4
15.11848901;2.105684042;0.7944171429;9.829715729;15.12648219;0.2864955962;-0.474794656;-0.654999733;4
15.12059079;2.072184324;0.784845829;9.714859962;15.12858401;0.2828303874;-0.4650208056;-0.6696605086;4
15.12269256;1.976471543;0.8087740541;9.623932838;15.13068578;0.2779434621;-0.4528035223;-0.6806560755;4
15.12479438;1.8855443;0.8709874153;9.547362328;15.13278756;0.2742782831;-0.4308123887;-0.6892082095;4
15.12689615;1.780260086;0.94277215;9.489934921;15.13488938;0.2681696415;-0.4075995386;-0.6965385675;4
15.12899797;1.684547186;1.052842021;9.470791817;15.13699115;0.2632827163;-0.3868301213;-0.7002037764;4
15.13109974;1.555334687;1.153340459;9.394221306;15.13909292;0.2608392537;-0.3697259128;-0.7026472092;4
15.13320151;1.402194023;1.244267821;9.303294182;15.14119474;0.2571740746;-0.3501782417;-0.7014254928;4
15.13530334;1.229910851;1.339980721;9.279366493;15.14329651;0.2559523284;-0.3294088244;-0.6989820004;4
15.13740511;1.067198873;1.378265858;9.255437851;15.14539828;0.2571740746;-0.3074176908;-0.6940951347;4
15.13950688;0.9140582681;1.411765337;9.217152596;15.14750011;0.2571740746;-0.2854265571;-0.6879864335;4
15.1416087;0.784845829;1.445264935;9.198010445;15.14960188;0.2559523284;-0.262213707;-0.6794343591;4
15.14371047;0.6699903607;1.512263894;9.183652878;15.1517037;0.2559523284;-0.2414443046;-0.6696605086;4
15.14581224;0.5647061467;1.569691658;9.164510727;15.15380547;0.2498437017;-0.2145662606;-0.6598866582;4
15.14791407;0.4546363056;1.603191137;9.111868858;15.1559073;0.2449567765;-0.1901316643;-0.6476693749;4
15.15001584;0.3589234054;1.660618901;9.040083885;15.15800907;0.2388481349;-0.1669187993;-0.6342303753;4
15.15211766;0.2584248483;1.718046665;8.953942299;15.16011084;0.2339612097;-0.1437059343;-0.6195695996;4
15.15421943;0.1579262912;1.780260086;8.863015175;15.16221261;0.2241873741;-0.1278234571;-0.6036871076;4
15.15632125;0.05264209956;1.828116536;8.810373306;15.16431443;0.211970076;-0.1143844277;-0.5878046155;4
15.15842303;-0.05742774159;1.852044702;8.733802795;15.16641625;0.2021962404;-0.1082757786;-0.5731438994;4
15.1605248;-0.1770688742;1.852044702;8.676374435;15.16851803;0.1912006736;-0.1033888608;-0.5572614074;4
15.16262657;-0.2823530734;1.842473388;8.681160927;15.1706198;0.1777616441;-0.102167137;-0.5438223481;4
15.16472839;-0.3876372576;1.832902193;8.681160927;15.17272157;0.1631008983;-0.102167137;-0.5291616321;4
15.16683021;-0.4689932466;1.785045743;8.685946465;15.17482339;0.154548794;-0.1046105921;-0.5169443488;4
15.16893198;-0.5359922647;1.785045743;8.685946465;15.17692521;0.1423314959;-0.1094975099;-0.505948782;4
15.17103375;-0.6077769399;1.775474429;8.69551754;15.17902698;0.1301141977;-0.1204930767;-0.4937314689;4
15.17313553;-0.6747759581;1.756331801;8.738588333;15.18112875;0.1215620935;-0.1363755614;-0.4827359021;4
15.17523735;-0.70348984;1.765903115;8.805587769;15.18323058;0.108123064;-0.1608101577;-0.470518589;4
15.17733917;-0.7417750359;1.789831281;8.810373306;15.18533235;0.0971274972;-0.188909933;-0.4595230222;4
15.17944094;-0.7704889178;1.813759565;8.839086533;15.18743412;0.08735366166;-0.2231183648;-0.4497492015;4
15.18154271;-0.7896314859;1.761117458;8.882157326;15.18953594;0.07513637096;-0.2634354234;-0.4411970973;4
15.18364454;-0.7944171429;1.703689694;8.925228119;15.19163771;0.06414080411;-0.3049742281;-0.4302015305;4
15.18574631;-0.7944171429;1.631905079;8.953942299;15.19373948;0.05436696485;-0.3452913165;-0.42042768;4
15.18784808;-0.8183453679;1.564906001;8.987442017;15.19584131;0.04581485689;-0.3868301213;-0.4094321132;4
15.1899499;-0.8279166222;1.50269258;8.997013092;15.19794308;0.03481929377;-0.424703747;-0.3996582925;4
15.19205167;-0.837487936;1.473978758;9.035298347;15.20004485;0.02382372692;-0.4686860144;-0.3911061883;4
15.19415344;-0.8422735929;1.450050473;9.083154678;15.20214667;0.01282816008;-0.5114465356;-0.3813323379;4
15.19625526;-0.8422735929;1.478764415;9.05922699;15.20424844;0.001832594397;-0.5529853702;-0.37400195;4
15.19835704;-0.8327022791;1.483550072;9.073583603;15.20635026;-0.01038470119;-0.5969675779;-0.3654498458;4
15.20045881;-0.8087740541;1.45483613;9.078369141;15.20845204;-0.02260199748;-0.6385064125;-0.3581194878;4
15.20256063;-0.756131947;1.416550994;9.083154678;15.21055381;-0.03726275265;-0.6776017547;-0.3532325625;4
15.2046624;-0.7178468108;1.349551916;9.092725754;15.21265563;-0.04825831577;-0.7154753804;-0.3520108163;4
15.20676422;-0.6556333899;1.301695466;9.035298347;15.2147574;-0.05925388262;-0.7509055138;-0.3532325625;4
15.20886599;-0.5790630579;1.225125194;9.006584167;15.21685922;-0.07269290835;-0.7802270651;-0.3568977416;4
15.21096776;-0.4546363056;1.143769264;8.997013092;15.21896099;-0.08246674389;-0.8046616316;-0.3617846668;4
15.21306959;-0.3110669553;1.100698471;9.040083885;15.22106276;-0.09468404204;-0.8278744817;-0.3715584874;4
15.21517136;-0.1818545163;1.081555843;9.011369705;15.22316459;-0.1069013327;-0.8474221826;-0.3813323379;4
15.21727318;-0.0765703246;1.071984529;8.953942299;15.22526636;-0.1203403622;-0.8694133162;-0.3947713673;4
15.21937495;0.009571290575;1.019342422;8.915657043;15.22736818;-0.135001123;-0.8840740323;-0.4094321132;4
15.22147672;0.1100698411;0.94277215;8.906085968;15.22946995;-0.1472184062;-0.8975130916;-0.4265363216;4
15.22357854;0.1674975902;0.837487936;8.834300995;15.23157172;-0.158213973;-0.9011782408;-0.4436405599;4
15.22568032;0.2249253243;0.7657032609;8.757730484;15.23367354;-0.1704312712;-0.8950695992;-0.4619664848;4
15.22778214;0.3062812984;0.7130611539;8.72423172;15.23577532;-0.1826485693;-0.8828523159;-0.4778489769;4
15.22988391;0.3684946895;0.7274180651;8.69551754;15.23787714;-0.1912006736;-0.8657481074;-0.4949531853;4
15.23198568;0.3924229145;0.7800601721;8.633303642;15.23997891;-0.1997527778;-0.8535308242;-0.5108356476;4
15.2340875;0.4115654826;0.8087740541;8.652446747;15.24208068;-0.2107483447;-0.8364266157;-0.5242747068;4
15.23618928;0.3924229145;0.8949156404;8.652446747;15.2441825;-0.2180787325;-0.8119919896;-0.5352702737;4
15.2382911;0.3732803464;0.9667003751;8.614161491;15.24628428;-0.2241873741;-0.7851139307;-0.5438223481;4
15.24039287;0.2967100143;0.9523434043;8.585447311;15.24838604;-0.2290742993;-0.7545707226;-0.5511527658;4
15.24249464;0.1722832322;0.9284151793;8.604590416;15.25048787;-0.231517747;-0.7264709473;-0.554817915;4
15.24459646;0.04307080805;0.866201818;8.642875671;15.25258964;-0.235182941;-0.6971494555;-0.5584831238;4
15.24669823;-0.08135596663;0.8709874153;8.700303078;15.25469141;-0.235182941;-0.662940979;-0.5584831238;4
15.2488;-0.1818545163;0.8997012973;8.748159409;15.25679323;-0.231517747;-0.6275108457;-0.5572614074;4
15.25090183;-0.2632105052;0.9667003751;8.791230202;15.258895;-0.227852568;-0.5896372199;-0.556039691;4
15.2530036;-0.3302095234;1.009771109;8.815158844;15.26099683;-0.2205221802;-0.5493201613;-0.5535961986;4
15.25510537;-0.3828516304;1.062413216;8.834300995;15.2630986;-0.2131918073;-0.5016726851;-0.5535961986;4
15.25720719;-0.4259224236;1.081555843;8.882157326;15.26520042;-0.2058614343;-0.4479165971;-0.5523744822;4
15.25930896;-0.4546363056;1.110269666;8.920442581;15.26730219;-0.1948658675;-0.3978256881;-0.5535961986;4
15.26141078;-0.4737788737;1.129412293;8.915657043;15.26940401;-0.1863137633;-0.3452913165;-0.5523744822;4
15.26351256;-0.4833501875;1.158126116;8.939585686;15.27150573;-0.1740964651;-0.2927569449;-0.5523744822;4
15.26561438;-0.4785645306;1.201196909;8.953942299;15.27360756;-0.1643226296;-0.235335663;-0.5511527658;4
15.26771615;-0.4929214716;1.186840057;8.944371223;15.27570938;-0.1521053314;-0.1803578287;-0.5487092733;4
15.26981797;-0.5264210105;1.148554921;8.963513374;15.27781115;-0.1423314959;-0.131488651;-0.5474875569;4
15.27191969;-0.5790630579;1.100698471;9.00179863;15.27991292;-0.1337793916;-0.08994983882;-0.5438223481;4
15.27402151;-0.6317051649;1.019342422;9.011369705;15.28201469;-0.1240055487;-0.05696314201;-0.5438223481;4
15.27612334;-0.6939185858;0.9619147182;9.040083885;15.28411651;-0.1130099818;-0.02886336111;-0.5426006317;4
15.27822511;-0.7465606928;0.9140582681;9.087940216;15.28621828;-0.1032361463;-0.00565049937;-0.5401571989;4
15.28032688;-0.7992027402;0.8709874153;9.116654396;15.28832011;-0.09468404204;0.0126754446;-0.5389354229;4
15.28242865;-0.8422735929;0.8614161611;9.111868858;15.29042188;-0.0849102065;0.03222311661;-0.5389354229;4
15.28453047;-0.8853443861;0.8757730722;9.150154114;15.29252365;-0.07391463965;0.04810560122;-0.5364919901;4
15.28663224;-0.9044869542;0.8709874153;9.174081802;15.29462547;-0.06414080411;0.06643154472;-0.5364919901;4
15.28873407;-0.9284151793;0.8853443861;9.231510162;15.2967273;-0.05803215504;0.08231402934;-0.5364919901;4
15.29083584;-0.9619147182;0.9092726111;9.279366493;15.29882901;-0.05192350596;0.09453132749;-0.5377137065;4
15.29293761;-1.004985452;0.9379864931;9.284152031;15.30093084;-0.04459312931;0.104305163;-0.5389354229;4
15.29503943;-1.052842021;0.9619147182;9.250652313;15.30303266;-0.03970621154;0.1079703495;-0.5426006317;4
15.29714125;-1.115055323;0.9523434043;9.202795982;15.30513443;-0.03481929377;0.1018617004;-0.5462658405;4
15.29924297;-1.153340459;0.9044869542;9.193224907;15.3072362;-0.03115410358;0.09086613357;-0.5511527658;4
15.3013448;-1.186840057;0.8566305041;9.198010445;15.30933802;-0.02993237413;0.07864884287;-0.556039691;4
15.30344662;-1.229910851;0.7944171429;9.231510162;15.3114398;-0.03115410358;0.05910116807;-0.5597048402;4
15.30554839;-1.292124271;0.7513462901;9.202795982;15.31354157;-0.03481929377;0.03100138716;-0.5645917654;4
15.30765016;-1.363908887;0.6891329288;9.131011009;15.31564339;-0.03848448023;-0.001985310577;-0.5719221234;4
15.30975198;-1.378265858;0.6364908218;9.111868858;15.31774516;-0.04825831577;-0.03863719851;-0.5792525411;4
15.31185375;-1.40697968;0.6221339107;9.020941734;15.31984693;-0.05558869615;-0.07162389904;-0.5853611827;4
15.31395552;-1.397408366;0.6173482537;8.930013657;15.32194875;-0.07147117704;-0.1058323234;-0.5926915407;4
15.31605735;-1.430907965;0.5886343718;8.772088051;15.32405058;-0.08857539296;-0.1437059343;-0.6000219584;4
15.31815912;-1.435693622;0.5838487148;8.599804878;15.3261523;-0.108123064;-0.1803578287;-0.6085740328;4
15.32026089;-1.497906923;0.5599204898;8.470592499;15.32825412;-0.1325576603;-0.212122798;-0.6183478832;4
15.32236271;-1.493121386;0.5312066078;8.346165657;15.33035594;-0.158213973;-0.2341139317;-0.6330085993;4
15.32446454;-1.459621787;0.5694918036;8.21216774;15.33245771;-0.188757211;-0.2512181401;-0.6476693749;4
15.32656625;-1.383051515;0.5934200287;8.087740898;15.33455948;-0.2144135386;-0.2597702444;-0.663551867;4
15.32866808;-1.282552958;0.6317051649;7.96331358;15.33666131;-0.2437350452;-0.2634354234;-0.6782126427;4
15.3307699;-1.21555388;0.6987041831;7.877171993;15.33876308;-0.2706131041;-0.2609919906;-0.6916516423;4
15.33287167;-1.158126116;0.7369893789;7.810173035;15.34086485;-0.2938259542;-0.258548528;-0.6989820004;4
15.33497344;-1.158126116;0.784845829;7.743174076;15.34296667;-0.3194822669;-0.2475529462;-0.7075341344;4
15.33707526;-1.196411371;0.8087740541;7.752745152;15.34506844;-0.3378082216;-0.235335663;-0.713642776;4
15.33917704;-1.268195987;0.8470591903;7.747959614;15.34717026;-0.3597993553;-0.2218966335;-0.7173079848;4
15.34127881;-1.344766378;0.8709874153;7.762316704;15.34927204;-0.3769035637;-0.2072358727;-0.7185297012;4
15.34338063;-1.40697968;0.8805587292;7.8341012;15.35137381;-0.3915643096;-0.188909933;-0.7160862088;4
15.3454824;-1.488335729;0.9092726111;7.920242786;15.35347563;-0.4025598764;-0.1742491722;-0.7111993432;4
15.34758422;-1.540977836;0.8805587292;8.011170387;15.3555774;-0.4111120105;-0.1534797698;-0.706312418;4
15.34968599;-1.627119422;0.8805587292;8.078168869;15.35767917;-0.4172206521;-0.1327103674;-0.7026472092;4
15.35178776;-1.722832322;0.8709874153;8.188239098;15.35978099;-0.4233292937;-0.1107192412;-0.6965385675;4
15.35388959;-1.813759565;0.837487936;8.293522835;15.36188276;-0.4257727563;-0.08750637621;-0.6904299259;4
15.35599136;-1.899901152;0.8231309652;8.379665375;15.36398459;-0.4257727563;-0.06673697382;-0.6855430007;4
15.35809313;-1.976471543;0.8183453679;8.484949112;15.36608636;-0.4257727563;-0.04230238497;-0.6794343591;4
15.36019495;-2.033899307;0.8279166222;8.595019341;15.36818813;-0.4196641147;-0.01786779426;-0.670882225;4
15.36229672;-2.086541414;0.8566305041;8.681160927;15.37028995;-0.4159989059;0.009010255337;-0.6647735834;4
15.36439854;-2.172683001;0.8518448472;8.805587769;15.37239172;-0.4098902643;0.03466657549;-0.6574432254;4
15.36650032;-2.249253273;0.8470591903;8.920442581;15.37449349;-0.4037816226;0.05910116807;-0.6501128674;4
15.36860209;-2.316252232;0.8518448472;9.006584167;15.37659532;-0.3940077722;0.08109229803;-0.6391173005;4
15.37070391;-2.388036966;0.8757730722;9.078369141;15.37869709;-0.3866774142;0.1006399691;-0.6281217337;4
15.37280568;-2.455035925;0.8614161611;9.198010445;15.38079891;-0.3781253099;0.1165224537;-0.6146826744;4
15.37490745;-2.545963287;0.8709874153;9.265008926;15.38290068;-0.3683514595;0.127518028;-0.6036871076;4
15.37700928;-2.608176708;0.8805587292;9.322437286;15.3850025;-0.3610210717;0.1360701323;-0.5914698243;4
15.37911104;-2.684746981;0.8805587292;9.351150513;15.38710428;-0.3536907136;0.1421787739;-0.5768090487;4
15.38121287;-2.766103029;0.866201818;9.389435768;15.38920605;-0.3500255048;0.1495091617;-0.563370049;4
15.38331464;-2.837887764;0.890130043;9.399007797;15.39130787;-0.3451386094;0.1531743407;-0.5499309897;4
15.38541646;-2.900100946;0.8853443861;9.403793335;15.39340964;-0.3402516842;0.161726445;-0.5364919901;4
15.38751823;-2.971885681;0.8949156404;9.408578873;15.39551141;-0.335364759;0.1715002805;-0.5242747068;4
15.38962;-3.029313564;0.8997012973;9.399007797;15.39761323;-0.3341430426;0.181274116;-0.5120574236;4
15.39172183;-3.067598581;0.9044869542;9.408578873;15.399715;-0.3341430426;0.1898262352;-0.4986183643;4
15.3938236;-3.096312523;0.9140582681;9.418149948;15.40181683;-0.3304778337;0.1996000707;-0.4851793647;4
15.39592537;-3.120240688;0.9236295223;9.44207859;15.4039186;-0.3292561173;0.2069304436;-0.4717403352;4
15.39802719;-3.144168854;0.9379864931;9.499505997;15.40602042;-0.3255909383;0.2142608166;-0.4607447684;4
15.40012896;-3.177668571;0.9523434043;9.556933403;15.40812219;-0.3219257295;0.2191477418;-0.4485274553;4
15.40223078;-3.220739365;0.9810572863;9.643074989;15.41022396;-0.3170388341;0.2215912044;-0.4363101721;4
15.40433256;-3.215953588;0.9714859724;9.700503349;15.41232578;-0.3121519089;0.2228129357;-0.4277580678;4
15.40643438;-3.215953588;0.9667003751;9.753145218;15.41442756;-0.304821521;0.2179260105;-0.4192059636;4
15.40853615;-3.235096216;0.9379864931;9.84885788;15.41652938;-0.2962694168;0.2118173689;-0.4143190384;4
15.41063792;-3.220739365;0.9284151793;9.891928673;15.41863115;-0.2913824916;0.1996000707;-0.4082103968;4
15.41273974;-3.196810961;0.9236295223;9.95414257;15.42073292;-0.2877173126;0.1824958473;-0.404545188;4
15.41484151;-3.153740168;0.9332008362;9.987641335;15.42283474;-0.2828303874;0.1666133702;-0.4008800089;4
15.41694334;-3.14895463;0.9284151793;10.0019989;15.42493651;-0.2791652083;0.1458439678;-0.3972148299;4
15.41904511;-3.163311481;0.94277215;10.04028416;15.42703834;-0.2779434621;0.127518028;-0.3935496211;4
15.42114688;-3.187239647;0.9475577474;10.06421185;15.42914011;-0.2755000293;0.1079703495;-0.3886627257;4
15.4232487;-3.215953588;0.9762716293;10.04028416;15.43124188;-0.2779434621;0.08842267841;-0.3849975169;4
15.42535047;-3.24466753;1.000199914;10.04028416;15.4333437;-0.2828303874;0.06887500733;-0.3813323379;4
15.4274523;-3.287738323;1.009771109;10.02592659;15.43544547;-0.2864955962;0.04688387364;-0.3788888752;4
15.42955407;-3.282952785;1.03848505;9.997213364;15.4375473;-0.2913824916;0.02489273995;-0.3776671588;4
15.43165584;-3.278167009;1.03848505;9.982855797;15.43964907;-0.2999345958;0.0016798781;-0.3764454126;4
15.43375766;-3.259024382;1.043270707;9.973284721;15.44175084;-0.3072649837;-0.02641990222;-0.3752236962;4
15.43585943;-3.249453068;1.03848505;9.920642853;15.44385266;-0.3158170879;-0.0557414107;-0.3727802336;4
15.43796125;-3.239881754;1.019342422;9.901499748;15.44595443;-0.3255909383;-0.08750637621;-0.370336771;4
15.44006302;-3.230310678;1.004985452;9.863214493;15.4480562;-0.3365865052;-0.1143844277;-0.366671592;4
15.4421648;-3.235096216;0.9954141974;9.805787086;15.45015802;-0.351247251;-0.1400407553;-0.3630063832;4
15.44426662;-3.220739365;1.009771109;9.767501831;15.4522598;-0.3622428179;-0.1595884264;-0.3605629504;4
15.44636839;-3.225524902;1.004985452;9.734002113;15.45436162;-0.3707949221;-0.1730274558;-0.3568977416;4
15.44847016;-3.211168051;1.009771109;9.7196455;15.45646339;-0.3830122054;-0.1754709035;-0.3532325625;4
15.45057198;-3.182454109;1.024128079;9.681360245;15.45856521;-0.3927860558;-0.1766926348;-0.3495673835;4
15.45267375;-3.168097258;1.024128079;9.700503349;15.46066698;-0.397672981;-0.1705839932;-0.3459021747;4
15.45477558;-3.125026464;1.024128079;9.734002113;15.46276875;-0.40133816;-0.162031889;-0.3397935331;4
15.45687735;-3.086741209;1.03848505;9.786644936;15.46487058;-0.4025598764;-0.1522580534;-0.3349066079;4
15.45897917;-3.067598581;1.024128079;9.863214493;15.46697235;-0.40133816;-0.1412624866;-0.3263545036;4
15.46108094;-3.072384357;1.009771109;9.963713646;15.46907412;-0.397672981;-0.131488651;-0.316580683;4
15.46318271;-3.067598581;0.9954141974;10.04506969;15.47117594;-0.3927860558;-0.1180496216;-0.3068068326;4
15.46528454;-3.096312523;0.9858429432;10.15992451;15.47327771;-0.385455668;-0.1046105921;-0.2945895493;4
15.46738631;-3.139383316;0.9475577474;10.27478027;15.47537954;-0.3744601011;-0.08872810751;-0.2811505198;4
15.46948808;-3.172882795;0.9332008362;10.39442158;15.47748131;-0.3597993553;-0.0728456229;-0.266489774;4
15.4715899;-3.206382275;0.8997012973;10.53799057;15.47958308;-0.3414734006;-0.0557414107;-0.2518289983;4
15.47369167;-3.235096216;0.8614161611;10.66720295;15.4816849;-0.3219257295;-0.0374154672;-0.2359465212;4
15.47579349;-3.273381472;0.8327022791;10.80598736;15.48378667;-0.301156342;-0.0190895237;-0.2188423127;4
15.47789526;-3.302095175;0.8183453679;10.96391296;15.48588844;-0.2767217457;-0.001985310577;-0.2041815519;4
15.47999704;-3.292523861;0.8039883971;11.09312534;15.48799026;-0.2486219704;0.0126754446;-0.1895207912;4
15.48209886;-3.278167009;0.7704889178;11.23669529;15.49009209;-0.2229656428;0.01878409274;-0.1760817766;4
15.48420063;-3.235096216;0.7369893789;11.36112213;15.49219386;-0.1960875988;0.02244928107;-0.1663079411;4
15.4863024;-3.168097258;0.7226324677;11.48076344;15.49429563;-0.1667660922;0.02244928107;-0.1565341055;4
15.48840422;-3.091526747;0.7178468108;11.57169056;15.49639745;-0.1374445707;0.02000582218;-0.150425449;4
15.49050605;-2.995813847;0.6843472719;11.61476135;15.49849922;-0.1105665267;0.01389717404;-0.1455385387;4
15.49260782;-2.914458036;0.6556333899;11.61476135;15.50060099;-0.08735366166;0.007788525894;-0.1430950761;4
15.49470959;-2.809173822;0.6364908218;11.62433243;15.50270282;-0.06536252797;0.0004581485991;-0.1418733448;4
15.49681141;-2.723032236;0.6173482537;11.58126163;15.50480459;-0.04948004708;-0.009315688163;-0.1406516135;4
15.49891318;-2.641676188;0.5934200287;11.52383423;15.50690641;-0.03481929377;-0.02153298259;-0.1443168074;4
15.50101495;-2.569891453;0.5934200287;11.43290615;15.50900818;-0.02382372692;-0.02764163166;-0.1455385387;4
15.50311678;-2.517249346;0.5982056856;11.33240795;15.51110995;-0.0164933484;-0.03863719851;-0.1479819864;4
15.50521855;-2.435893536;0.5982056856;11.20798111;15.51321178;-0.01282816008;-0.04963276163;-0.1516471803;4
15.50732037;-2.388036966;0.5934200287;11.06919765;15.51531355;-0.00916297175;-0.06062832847;-0.1528689116;4
15.50942214;-2.340180635;0.5982056856;10.90170002;15.51741537;-0.01160643063;-0.06918043643;-0.1565341055;4
15.51152391;-2.292324066;0.6412764788;10.75813103;15.51951714;-0.0164933484;-0.07651081681;-0.1577558219;4
15.51362573;-2.244467735;0.6460621357;10.62413216;15.52161891;-0.02015853859;-0.08384118974;-0.1614210159;4
15.5157275;-2.196611166;0.6747759581;10.50449181;15.52372073;-0.02748891525;-0.08872810751;-0.1614210159;4
15.51782933;-2.158325911;0.708275497;10.39442158;15.5258225;-0.03115410358;-0.09605848789;-0.1638644785;4
15.5199311;-2.120040894;0.7417750359;10.28913784;15.52792428;-0.03848448023;-0.1009454057;-0.1650862098;4
15.52203287;-2.100898266;0.7657032609;10.17428207;15.5300261;-0.04581485689;-0.1033888608;-0.1650862098;4
15.52413469;-2.096112728;0.8087740541;10.08814049;15.53212787;-0.05558869615;-0.1058323234;-0.1626427472;4
15.52623646;-2.086541414;0.8422735929;10.00678444;15.53422969;-0.0616973415;-0.1046105921;-0.1614210159;4
15.52833823;-2.091326952;0.8805587292;9.920642853;15.53633146;-0.06902772188;-0.1009454057;-0.1565341055;4
15.53044006;-2.096112728;0.9044869542;9.896714211;15.53843323;-0.07513637096;-0.09361502528;-0.1492037177;4
15.53254183;-2.091326952;0.94277215;9.87757206;15.54053506;-0.08002328873;-0.08872810751;-0.1430950761;4
15.53464365;-2.081755638;0.9810572863;9.84885788;15.54263683;-0.0849102065;-0.08017600328;-0.1357647032;4
15.53674542;-2.072184324;1.000199914;9.844072342;15.5447386;-0.08613193035;-0.06918043643;-0.127212584;4
15.53884719;-2.057827473;1.024128079;9.858428955;15.54684042;-0.09101885557;-0.05818486959;-0.1174387559;4
15.54094901;-2.048256159;1.019342422;9.882357597;15.54894219;-0.09101885557;-0.04474584386;-0.1076649204;4
15.54305078;-2.024327993;1.009771109;9.863214493;15.55104401;-0.08857539296;-0.03130681813;-0.0978910774;4
15.54515256;-2.000399828;0.9858429432;9.872786522;15.55314579;-0.08979712427;-0.01786779426;-0.086895518;4
15.54725438;-1.976471543;0.9810572863;9.858428955;15.55524761;-0.08979712427;-0.0007635809598;-0.07589995116;4
15.54935615;-1.986042738;0.9571290612;9.906285286;15.55734938;-0.08857539296;0.01634063199;-0.06490438432;4
15.55145797;-1.966900229;0.9810572863;9.925428391;15.55945115;-0.08735366166;0.03344484791;-0.05390881747;4
15.55355974;-1.957328916;0.9619147182;9.968499184;15.56155297;-0.08613193035;0.05177079141;-0.04169152305;4
15.55566157;-1.923829436;0.9906286001;9.973284721;15.56365474;-0.08368847519;0.06520981342;-0.03191768378;4
15.55776334;-1.895115495;1.004985452;9.992427826;15.56575657;-0.08124501258;0.0737619251;-0.0209221188;4
15.55986511;-1.852044702;1.004985452;10.05942631;15.56785834;-0.07880155742;0.07987056673;-0.01359174121;4
15.56196693;-1.808973908;1.004985452;10.09771156;15.56996011;-0.07757982612;0.07987056673;-0.006261364091;4
15.5640687;-1.737189293;1.004985452;10.12642574;15.57206193;-0.07513637096;0.0737619251;0.001069013379;4
15.56617052;-1.674975872;0.9906286001;10.15513897;15.5741637;-0.07391463965;0.06887500733;0.005955931731;4
15.5682723;-1.603191137;0.9619147182;10.15992451;15.57626552;-0.07147117704;0.06154462695;0.008399390616;4
15.57037407;-1.540977836;0.9379864931;10.17906761;15.5783673;-0.07391463965;0.05054906011;0.01206457894;4
15.57247589;-1.478764415;0.9140582681;10.17428207;15.58046907;-0.07269290835;0.03833176568;0.01328630932;4
15.57457766;-1.430907965;0.890130043;10.19820976;15.58257089;-0.07635809481;0.02855792828;0.0108428495;4
15.57667948;-1.373480201;0.8422735929;10.17906761;15.58467266;-0.07757982612;0.01878409274;0.009621120058;4
15.57878125;-1.320838094;0.8183453679;10.164711;15.58677443;-0.08246674389;0.007788525894;0.007177661173;4
15.58088302;-1.244267821;0.784845829;10.12164021;15.58887625;-0.08613193035;-0.003207040019;0.004734201822;4
15.58298485;-1.191625714;0.7657032609;10.11685371;15.59097803;-0.09101885557;-0.01542433538;0.001069013379;4
15.58508662;-1.148554921;0.7513462901;10.09771156;15.59307985;-0.09346231073;-0.02519817278;-0.002596175298;4
15.58718839;-1.110269666;0.7274180651;10.08814049;15.59518162;-0.1007926911;-0.03619373962;-0.005039634649;4
15.58929021;-1.067198873;0.7178468108;10.06899738;15.59728339;-0.102014415;-0.04352411628;-0.01237001177;4
15.59139198;-1.019342422;0.6987041831;10.05942631;15.59938521;-0.1056796089;-0.05329795182;-0.01725693047;4
15.59349381;-0.9762716293;0.6939185858;10.03549862;15.60148698;-0.108123064;-0.06185005978;-0.02214384824;4
15.59559558;-0.9284151793;0.6843472719;10.05464077;15.60358881;-0.108123064;-0.06551524997;-0.02703076601;4
15.59769735;-0.8757730722;0.6891329288;10.04985523;15.60569058;-0.1069013327;-0.0728456229;-0.03069595434;4
15.59979917;-0.866201818;0.6604190469;10.08814049;15.6077924;-0.1044578776;-0.07528908551;-0.03436114267;4
15.60190094;-0.8614161611;0.6556333899;10.15992451;15.60989417;-0.102014415;-0.07895427197;-0.03558287397;4
15.60400276;-0.8757730722;0.6699903607;10.19820976;15.61199599;-0.09590577334;-0.08506292105;-0.03802633286;4
15.60610454;-0.8614161611;0.6652047038;10.24128056;15.61409776;-0.09101885557;-0.08628465235;-0.03802633286;4
15.60820636;-0.866201818;0.6556333899;10.27956581;15.61619954;-0.08124501258;-0.08750637621;-0.03924806044;4
15.61030813;-0.8614161611;0.6460621357;10.28435135;15.61830131;-0.07147117704;-0.08994983882;-0.03924806044;4
15.61240995;-0.8470591903;0.6364908218;10.31306553;15.62040313;-0.0616973415;-0.08750637621;-0.04169152305;4
15.61451172;-0.837487936;0.6221339107;10.32742214;15.6225049;-0.05070177838;-0.08384118974;-0.04291325063;4
15.61661349;-0.7992027402;0.6125625968;10.33220863;15.62460672;-0.04092793912;-0.08261945844;-0.04535670951;4
15.61871526;-0.7752745152;0.5790630579;10.31306553;15.62670849;-0.03604102135;-0.07651081681;-0.04657844082;4
15.62081709;-0.7417750359;0.5934200287;10.28435135;15.62881026;-0.02748891525;-0.06918043643;-0.04657844082;4
15.62291886;-0.708275497;0.5934200287;10.26999474;15.63091209;-0.02138026804;-0.06307178736;-0.05024362728;4
15.62502068;-0.6699903607;0.5742774606;10.21256733;15.63301391;-0.0164933484;-0.05451968312;-0.05390881747;4
15.62712245;-0.650847733;0.5886343718;10.164711;15.63511563;-0.01160643063;-0.04352411628;-0.05513054505;4
15.62922422;-0.6317051649;0.5886343718;10.1024971;15.63721745;-0.007941242307;-0.03252854943;-0.05757400393;4
15.63132605;-0.6125625968;0.6029912829;10.05942631;15.63931922;-0.001832594397;-0.0190895237;-0.06001746282;4
15.63342787;-0.6077769399;0.5934200287;10.00678444;15.64142105;0.0006108647794;-0.006872228812;-0.06123919412;4
15.63552959;-0.5982056856;0.6077769399;9.934999466;15.64352282;0.004276053514;0.002901607659;-0.06001746282;4
15.63763141;-0.6125625968;0.5982056856;9.930213928;15.64562464;0.01038470119;0.01389717404;-0.06123919412;4
15.63973318;-0.6221339107;0.6029912829;9.934999466;15.64772641;0.01282816008;0.02244928107;-0.05879573524;4
15.641835;-0.6412764788;0.6125625968;9.925428391;15.64982823;0.01893680729;0.02367101051;-0.05513054505;4
15.64393678;-0.6699903607;0.626919508;9.934999466;15.65193;0.02504545636;0.02367101051;-0.05390881747;4
15.6460386;-0.679561615;0.6412764788;9.925428391;15.65403178;0.02993237413;0.02367101051;-0.05146535859;4
15.64814037;-0.6987041831;0.6699903607;9.911071777;15.6561336;0.03481929377;0.02489273995;-0.0490218997;4
15.65024219;-0.70348984;0.6891329288;9.896714211;15.65823537;0.04092793912;0.02611446939;-0.0478001684;4
15.65234396;-0.7369893789;0.6939185858;9.882357597;15.66033714;0.04581485689;0.02611446939;-0.04657844082;4
15.65444573;-0.7465606928;0.7130611539;9.863214493;15.66243896;0.04948004708;0.02733619884;-0.04657844082;4
15.65654756;-0.7704889178;0.732203722;9.829715729;15.66454073;0.05070177838;0.02977965772;-0.04657844082;4
15.65864933;-0.7896314859;0.7417750359;9.791430473;15.66664256;0.05436696485;0.03100138716;-0.04413498193;4
15.6607511;-0.8087740541;0.756131947;9.743574142;15.66874433;0.05558869615;0.03466657549;-0.04169152305;4
15.66285292;-0.8470591903;0.760917604;9.714859962;15.6708461;0.05681042373;0.03466657549;-0.03924806044;4
15.66495469;-0.890130043;0.7704889178;9.700503349;15.67294792;0.05803215504;0.03711003438;-0.03802633286;4
15.66705651;-0.9188438654;0.7704889178;9.662218094;15.67504969;0.05558869615;0.03711003438;-0.03436114267;4
15.66915829;-0.9236295223;0.7800601721;9.633503914;15.67715151;0.05314523727;0.03711003438;-0.03191768378;4
15.67126006;-0.9188438654;0.7704889178;9.595218658;15.67925329;0.05192350596;0.03466657549;-0.02825249545;4
15.67336188;-0.9092726111;0.7944171429;9.54257679;15.68135506;0.04948004708;0.03344484791;-0.02580903657;4
15.67546365;-0.890130043;0.7944171429;9.499505997;15.68345683;0.04459312931;0.03466657549;-0.02336557768;4
15.67756547;-0.8997012973;0.8327022791;9.437292099;15.68555865;0.04459312931;0.03466657549;-0.0209221188;4
15.67966724;-0.890130043;0.8566305041;9.394221306;15.68766047;0.03848448023;0.0358883068;-0.0209221188;4
15.68176901;-0.8853443861;0.8757730722;9.322437286;15.68976224;0.03115410358;0.04321868345;-0.0209221188;4
15.68387079;-0.8757730722;0.9140582681;9.274580956;15.69186401;0.02260199748;0.05177079141;-0.02214384824;4
15.68597261;-0.8997012973;0.9044869542;9.221938133;15.69396584;0.0164933484;0.06032289565;-0.02214384824;4
15.68807443;-0.8949156404;0.9092726111;9.174081802;15.69606761;0.007941242307;0.07009673119;-0.02214384824;4
15.6901762;-0.9188438654;0.9092726111;9.131011009;15.69816943;0.0006108647794;0.0859792158;-0.02214384824;4
15.69227797;-0.9332008362;0.94277215;9.116654396;15.7002712;-0.00916297175;0.09330959618;-0.02214384824;4
15.6943798;-0.9475577474;0.9475577474;9.097511292;15.70237297;-0.0164933484;0.09697478265;-0.02336557768;4
15.69648157;-0.9571290612;0.9667003751;9.102297783;15.7044748;-0.02138026804;0.1055268943;-0.02580903657;4
15.69858339;-0.9714859724;0.9523434043;9.145368576;15.70657657;-0.02993237413;0.1165224537;-0.02825249545;4
15.70068516;-0.9571290612;0.9284151793;9.202795982;15.70867839;-0.03604102135;0.1262962967;-0.0294742249;4
15.70278693;-0.9523434043;0.8997012973;9.212367058;15.71078016;-0.043371398;0.134848401;-0.02580903657;4
15.70488875;-1.009771109;0.9332008362;9.221938133;15.71288198;-0.04825831577;0.1397353113;-0.02458730713;4
15.70699052;-1.052842021;0.9810572863;9.241081238;15.71498375;-0.05558869615;0.1458439678;-0.02336557768;4
15.70909235;-1.138983607;1.024128079;9.288937569;15.71708553;-0.0616973415;0.1495091617;-0.01970038936;4
15.71119412;-1.201196909;1.03848505;9.346364975;15.71918735;-0.06780599058;0.1556178033;-0.01725693047;4
15.71329594;-1.244267821;1.043270707;9.394221306;15.72128912;-0.07269290835;0.1568395346;-0.01603520103;4
15.71539771;-1.320838094;1.028913736;9.470791817;15.72339089;-0.08002328873;0.1556178033;-0.01237001177;4
15.71749948;-1.397408366;0.9954141974;9.51386261;15.72549266;-0.08613193035;0.154396072;-0.009926552884;4
15.71960131;-1.473978758;0.9714859724;9.580862045;15.72759448;-0.09224057943;0.154396072;-0.007483093534;4
15.72170308;-1.545763373;0.9092726111;9.662218094;15.72969625;-0.09468404204;0.154396072;-0.006261364091;4
15.72380485;-1.627119422;0.8757730722;9.710074425;15.73179808;-0.0971274972;0.1507308781;-0.003817904973;4
15.72590662;-1.689332843;0.813559711;9.786644936;15.73389985;-0.0983492285;0.1434005052;-0.003817904973;4
15.72800844;-1.780260086;0.784845829;9.887143135;15.73600167;-0.0971274972;0.1287397593;-0.002596175298;4
15.73011021;-1.866401672;0.760917604;9.963713646;15.73810344;-0.0971274972;0.1153007299;-0.002596175298;4
15.73221204;-1.914258122;0.7369893789;10.11206818;15.74020521;-0.09346231073;0.09819651395;-0.002596175298;4
15.73431381;-1.995614052;0.70348984;10.26042366;15.74230704;-0.08979712427;0.08231402934;-0.001374445739;4
15.73641563;-2.081755638;0.6891329288;10.36092186;15.74440881;-0.08979712427;0.06154462695;0.002290742937;4
15.7385174;-2.172683001;0.679561615;10.40877819;15.74651063;-0.08979712427;0.03833176568;0.004734201822;4
15.74061917;-2.273181438;0.708275497;10.46620655;15.7486124;-0.08613193035;0.0126754446;0.007177661173;4
15.74272099;-2.364108801;0.7513462901;10.49970531;15.75071417;-0.08368847519;-0.01298087649;0.0108428495;4
15.74482276;-2.426322222;0.7657032609;10.53799057;15.75281599;-0.08246674389;-0.0374154672;0.01328630932;4
15.74692459;-2.445464849;0.7513462901;10.53799057;15.75491776;-0.08246674389;-0.06307178736;0.01450803876;4
15.74902636;-2.478964329;0.7369893789;10.54277611;15.75701959;-0.08124501258;-0.09117157012;0.01450803876;4
15.75112813;-2.478964329;0.6939185858;10.56670475;15.75912136;-0.07880155742;-0.1082757786;0.0157297682;4
15.75322995;-2.488535643;0.6699903607;10.62891865;15.76122318;-0.07757982612;-0.1204930767;0.02061668597;4
15.75533172;-2.512463808;0.6747759581;10.68156052;15.76332495;-0.07269290835;-0.1278234571;0.02550360374;4
15.75743355;-2.584248543;0.6987041831;10.68156052;15.76542672;-0.06780599058;-0.1351538301;0.03405570984;4
15.75953532;-2.660818815;0.784845829;10.66720295;15.76752855;-0.06536252797;-0.138819024;0.04505127668;4
15.76163714;-2.742174864;0.8279166222;10.65763187;15.76963032;-0.06047561392;-0.142484203;0.05360338464;4
15.76373891;-2.81395936;0.866201818;10.66241741;15.77173214;-0.05192350596;-0.1437059343;0.06337722391;4
15.76584068;-2.852244616;0.8805587292;10.67198944;15.77383391;-0.04459312931;-0.1437059343;0.07070759684;4
15.7679425;-2.861815929;0.890130043;10.66720295;15.77593568;-0.03604102135;-0.1485928595;0.07559451461;4
15.77004428;-2.866601467;0.8709874153;10.61934662;15.7780375;-0.02626718581;-0.1485928595;0.08170316368;4
15.7721461;-2.809173822;0.8183453679;10.60020447;15.78013928;-0.01282816008;-0.1412624866;0.08414662629;4
15.77424787;-2.727817774;0.784845829;10.65284634;15.78224105;-0.001832594397;-0.1290451884;0.08903354406;4
15.77634964;-2.699103832;0.7657032609;10.68634605;15.78434287;0.01282816008;-0.1107192412;0.09392046183;4
15.77845146;-2.713460922;0.7944171429;10.67198944;15.78644464;0.02382372692;-0.08872810751;0.1000291109;4
15.78055323;-2.713460922;0.8997012973;10.62413216;15.78854646;0.03604102135;-0.06795870513;0.1049160287;4
15.782655;-2.71824646;1.000199914;10.56670475;15.79064823;0.04703658819;-0.04474584386;0.1110246703;4
15.78475683;-2.703889608;1.076770186;10.53320503;15.79275;0.05925388262;-0.01542433538;0.1146898642;4
15.7868586;-2.670390129;1.115055323;10.49970531;15.79485183;0.07024945319;0.01145371422;0.1159115955;4
15.78896042;-2.646461725;1.11984098;10.46620655;15.7969536;0.08124501258;0.0358883068;0.1146898642;4
15.79106219;-2.632104874;1.076770186;10.35135078;15.79905542;0.08857539296;0.06276635826;0.1110246703;4
15.79316396;-2.584248543;1.009771109;10.25085258;15.80115719;0.09346231073;0.09208786488;0.1049160287;4
15.79526579;-2.502892494;0.9571290612;10.26999474;15.80325901;0.0983492285;0.1262962967;0.0988073796;4
15.79736756;-2.421536446;0.9188438654;10.17906761;15.80536079;0.0983492285;0.161726445;0.09147699922;4
15.79946938;-2.364108801;0.8853443861;9.997213364;15.80746256;0.1007926911;0.1922696829;0.08536835015;4
15.80157115;-2.321038008;0.8518448472;9.939785004;15.80956438;0.0971274972;0.2252563834;0.07925970852;4
15.80367297;-2.330609322;0.8518448472;9.944570541;15.81166615;0.09468404204;0.2545779049;0.0743727833;4
15.80577474;-2.340180635;0.9092726111;9.887143135;15.81376797;0.09590577334;0.281455934;0.06948586553;4
15.80787651;-2.359323025;0.9714859724;9.882357597;15.81586974;0.09590577334;0.2997818887;0.06704241037;4
15.80997834;-2.416750908;0.9954141974;9.834501266;15.81797151;0.09468404204;0.3168860972;0.06337722391;4
15.81208011;-2.455035925;0.9619147182;9.911071777;15.82007334;0.09468404204;0.3315468729;0.0621554926;4
15.81418193;-2.517249346;0.9762716293;10.0019989;15.82217511;0.09224057943;0.3425424397;0.06337722391;4
15.8162837;-2.63689065;0.9667003751;10.01156998;15.82427688;0.09224057943;0.3462076187;0.06582067907;4
15.81838547;-2.799602509;0.9858429432;10.00678444;15.8263787;0.08857539296;0.3437641561;0.06948586553;4
15.8204873;-2.947957516;1.019342422;10.01156998;15.82848047;0.08857539296;0.3352120519;0.07315105945;4
15.82258907;-3.091526747;1.000199914;10.04985523;15.83058224;0.08857539296;0.3229947388;0.07681624591;4
15.82469084;-3.158525944;0.9954141974;10.12642574;15.83268407;0.08735366166;0.3132209182;0.08048143238;4
15.82679266;-3.182454109;1.009771109;10.22692394;15.83478589;0.08979712427;0.3058905303;0.08536835015;4
15.82889443;-3.230310678;1.043270707;10.27478027;15.83688766;0.09346231073;0.2973384261;0.09392046183;4
15.8309962;-3.316452265;1.115055323;10.30827999;15.83898943;0.09468404204;0.2826776803;0.1024725661;4
15.83309803;-3.416950703;1.153340459;10.3226366;15.84109125;0.09346231073;0.2631300092;0.1122464016;4
15.83519985;-3.555734396;1.162911773;10.30349445;15.84319303;0.09590577334;0.2460257858;0.1220202371;4
15.83730162;-3.637090445;1.172483087;10.32742214;15.8452948;0.0983492285;0.2313650399;0.1342375278;4
15.83940339;-3.675375462;1.162911773;10.39920712;15.84739662;0.1007926911;0.2167042792;0.1415679157;4
15.84150521;-3.713660717;1.158126116;10.3657074;15.84949839;0.1007926911;0.2081521749;0.1513417512;4
15.84360698;-3.742374659;1.129412293;10.34177971;15.85160021;0.1007926911;0.1971566081;0.1611155868;4
15.84570875;-3.751945972;1.076770186;10.35135078;15.85370198;0.102014415;0.1922696829;0.1708894223;4
15.84781058;-3.737588882;1.095912814;10.34656525;15.85580375;0.1032361463;0.1886045039;0.1818849891;4
15.84991235;-3.723232031;1.153340459;10.28435135;15.85790558;0.1056796089;0.18493931;0.1965457499;4
15.85201417;-3.747160196;1.201196909;10.25563812;15.86000735;0.108123064;0.1763872057;0.2099847645;4
15.85411594;-3.828516245;1.26341033;10.26042366;15.86210917;0.1069013327;0.1690568328;0.2258672565;4
15.85621771;-3.88594389;1.272981644;10.24606609;15.86421094;0.1056796089;0.1592829973;0.2417497337;4
15.85831954;-3.933800459;1.296909928;10.25085258;15.86631271;0.1032361463;0.1531743407;0.2564104795;4
15.86042131;-3.986442566;1.292124271;10.17906761;15.86841454;0.102014415;0.1507308781;0.2747364342;4
15.86252313;-4.029513359;1.296909928;10.07378292;15.87051631;0.1007926911;0.1458439678;0.2893971801;4
15.8646249;-4.053441525;1.268195987;10.03071213;15.87261813;0.0983492285;0.1336266696;0.3028362095;4
15.86672667;-4.096512318;1.26341033;9.992427826;15.8747199;0.0983492285;0.1262962967;0.316275239;4
15.86882849;-4.043870449;1.258624673;9.978070259;15.87682172;0.0983492285;0.1250745654;0.3333794475;4
15.87093026;-3.98165679;1.325623751;9.987641335;15.87892349;0.09468404204;0.1250745654;0.3517054021;4
15.87303209;-3.943371773;1.35912323;9.963713646;15.88102526;0.08857539296;0.127518028;0.3712530732;4
15.87513386;-3.9625144;1.416550994;9.906285286;15.88312709;0.08246674389;0.1238528341;0.3920224607;4
15.87723568;-4.005585194;1.459621787;9.84885788;15.88522886;0.07880155742;0.1189659163;0.4115701318;4
15.87933745;-4.072584152;1.469193101;9.74835968;15.88733063;0.07147117704;0.1238528341;0.4323395491;4
15.88143922;-4.058227062;1.416550994;9.753145218;15.88943245;0.06658425927;0.1336266696;0.4531089365;4
15.88354105;-4.010370731;1.368694544;9.743574142;15.89153422;0.06047561392;0.1482874304;0.4714348912;4
15.88564282;-3.914657831;1.306481123;9.710074425;15.89363605;0.05925388262;0.161726445;0.4885390997;4
15.88774459;-3.847658873;1.244267821;9.786644936;15.89573782;0.0616973415;0.1715002805;0.5044215918;4
15.88984641;-3.780659676;1.239482164;9.906285286;15.89783959;0.06291907281;0.1824958473;0.5190823674;4
15.89194818;-3.713660717;1.239482164;9.973284721;15.89994141;0.06780599058;0.1934914142;0.5300779343;4
15.89405;-3.589233875;1.21555388;10.12164021;15.90204318;0.07269290835;0.204486981;0.5410735011;4
15.89615178;-3.498306751;1.191625714;10.18863869;15.904145;0.08124501258;0.2118173689;0.5508472919;4
15.89825355;-3.416950703;1.13419795;10.23649502;15.90624678;0.08857539296;0.2191477418;0.5581777096;4
15.90035537;-3.369094372;1.057627559;10.27478027;15.9083486;0.0971274972;0.2264781147;0.5691732764;4
15.90245714;-3.321237803;0.9954141974;10.29392338;15.91045037;0.1032361463;0.2301433086;0.5765036345;4
15.90455896;-3.263810158;0.9140582681;10.34656525;15.91255214;0.1093447953;0.2289215773;0.5850557685;4
15.90666073;-3.201596737;0.8757730722;10.37527943;15.91465396;0.1154534444;0.2203694731;0.5936078429;4
15.90876256;-3.139383316;0.8279166222;10.34177971;15.91675573;0.1227838174;0.2118173689;0.600938201;4
15.91086433;-3.072384357;0.7704889178;10.38006496;15.91885756;0.1288924664;0.2093739063;0.6070469022;4
15.9129661;-2.981456995;0.6939185858;10.43270683;15.92095933;0.1301141977;0.2130390853;0.6155989766;4
15.91506792;-2.871387243;0.6317051649;10.39920712;15.9230611;0.1325576603;0.2130390853;0.6204859018;4
15.91716969;-2.794816732;0.6029912829;10.39920712;15.92516292;0.131335929;0.2069304436;0.6278162599;4
15.91927151;-2.766103029;0.6460621357;10.31306553;15.92726469;0.1288924664;0.204486981;0.6339249015;4
15.92137329;-2.708675146;0.70348984;10.24606609;15.92936651;0.1252272725;0.1996000707;0.6375901103;4
15.92347506;-2.656033039;0.7657032609;10.21256733;15.93146829;0.1215620935;0.18493931;0.6412553191;4
15.92557688;-2.584248543;0.7657032609;10.18385315;15.93357011;0.1178968996;0.1666133702;0.6412553191;4
15.92767865;-2.54117775;0.7178468108;10.13121128;15.93567188;0.1130099818;0.1470656991;0.6412553191;4
15.92978047;-2.474178553;0.6556333899;10.17906761;15.93777365;0.1093447953;0.1336266696;0.6412553191;4
15.93188224;-2.402393818;0.5599204898;10.24606609;15.93987542;0.1032361463;0.1214093715;0.6412553191;4
15.93398407;-2.335394859;0.5072783828;10.164711;15.94197724;0.0983492285;0.1079703495;0.6424770355;4
15.93608584;-2.30189538;0.4689932466;10.10728264;15.94407901;0.09101885557;0.09208786488;0.6449204683;4
15.93818761;-2.282752752;0.4307080805;10.07856941;15.94618084;0.08979712427;0.07742711157;0.6436987519;4
15.94028938;-2.244467735;0.4067798555;10.06421185;15.94828261;0.08613193035;0.06276635826;0.6424770355;4
15.9423912;-2.191825628;0.3924229145;10.08335495;15.95038443;0.08368847519;0.04444041103;0.6375901103;4
15.94449297;-2.086541414;0.3876372576;10.06421185;15.9524862;0.08246674389;0.02611446939;0.6351466775;4
15.9465948;-2.005185366;0.3541377485;10.01156998;15.95458797;0.0849102065;0.0126754446;0.6290380359;4
15.94869657;-1.914258122;0.3397808075;10.05464077;15.9566898;0.08246674389;0.006566796452;0.6241511106;4
15.95079839;-1.832902193;0.3541377485;10.06899738;15.95879157;0.08246674389;0.009010255337;0.6217076182;4
15.95290016;-1.756331801;0.4067798555;10.03549862;15.96089334;0.08002328873;0.0175623633;0.6217076182;4
15.95500193;-1.694118381;0.4594219327;9.982855797;15.96299516;0.07635809481;0.02611446939;0.6253728271;4
15.95710375;-1.689332843;0.5072783828;9.95414257;15.96509693;0.07513637096;0.03222311661;0.6290380359;4
15.95920553;-1.789831281;0.5312066078;9.872786522;15.96719875;0.07513637096;0.04077522457;0.6302597523;4
15.9613073;-1.837687731;0.4785645306;9.891928673;15.96930053;0.07880155742;0.05910116807;0.6351466775;4
15.96340912;-1.823330879;0.4354937077;9.978070259;15.9714023;0.0849102065;0.08109229803;0.6375901103;4
15.96551089;-1.756331801;0.4354937077;10.04028416;15.97350412;0.09590577334;0.104305163;0.6436987519;4
15.96761271;-1.670190215;0.4689932466;10.1024971;15.97560589;0.1093447953;0.1214093715;0.6485856771;4
15.96971448;-1.593619823;0.5503492355;10.15035343;15.97770771;0.1203403622;0.1385135949;0.6583595276;4
15.97181625;-1.55054903;0.626919508;10.21735287;15.97980948;0.1374445707;0.154396072;0.668133378;4
15.97391808;-1.540977836;0.6843472719;10.28435135;15.98191131;0.1533270627;0.1666133702;0.6791289449;4
15.97601985;-1.555334687;0.7130611539;10.35613632;15.98401308;0.1692095399;0.177608937;0.6876810193;4
15.97812167;-1.564906001;0.6699903607;10.35613632;15.98611485;0.185092032;0.1861610413;0.6937896609;4
15.98022344;-1.526620865;0.6125625968;10.34656525;15.98821667;0.2009745091;0.1971566081;0.6974548697;4
15.98232526;-1.430907965;0.5072783828;10.28913784;15.99031844;0.2180787325;0.2057087123;0.6998983026;4
15.98442704;-1.31126678;0.4259224236;10.26999474;15.99242021;0.2266308367;0.2118173689;0.6998983026;4
15.98652881;-1.153340459;0.3684946895;10.25085258;15.99452204;0.235182941;0.2142608166;0.6974548697;4
