Tempo acelerômetro (s);Acelerômetro X (m/s²);Acelerômetro Y (m/s²);Acelerômetro Z (m/s²);Tempo giroscópio (s);Giroscópio X (rad/s);Giroscópio Y (rad/s);Giroscópio Z (rad/s);gesto
4.325663346;-0.7226324677;0.6125625968;9.710074425;4.333656315;-0.2338084877;-0.1672242284;-0.3762927055;2
4.327765065;-0.626919508;0.5790630579;9.714859962;4.335758033;-0.2264781147;-0.1342375278;-0.3799578846;2
4.329866783;-0.5455635786;0.5216353536;9.762716293;4.337859752;-0.2167042792;-0.1061377525;-0.3860665262;2
4.331968554;-0.4594219327;0.4833501875;9.84885788;4.339961471;-0.2093739063;-0.08292489499;-0.3946186602;2
4.334070273;-0.3924229145;0.4354937077;9.87757206;4.342063242;-0.2020435184;-0.06459894776;-0.4068359435;2
4.336171992;-0.3445664644;0.3876372576;9.868000984;4.34416496;-0.1947131455;-0.04749473557;-0.4190532267;2
4.33827371;-0.2584248483;0.2967100143;9.858428955;4.346266679;-0.1934914142;-0.03649916872;-0.4349357188;2
4.340375429;-0.1914258152;0.2488535494;9.868000984;4.348368398;-0.1898262352;-0.02550360374;-0.4520399272;2
4.3424772;-0.1292124242;0.1770688742;9.911071777;4.350470117;-0.1861610413;-0.01695149764;-0.4703658819;2
4.344578919;-0.06699903309;0.1387837082;9.925428391;4.352571835;-0.1837175786;-0.01206457894;-0.4886918366;2
4.346680637;-0.04307080805;0.1052841991;9.939785004;4.354673606;-0.1837175786;-0.01206457894;-0.5070177913;2
4.348782356;-0.02871387079;0.08614161611;9.968499184;4.356775325;-0.1788306683;-0.01450803876;-0.5241219997;2
4.350884075;-0.04785645381;0.0765703246;10.01156998;4.358877044;-0.1788306683;-0.02306014486;-0.5412262082;2
4.352985794;-0.09092725813;0.0765703246;10.06899738;4.360978815;-0.177608937;-0.03405570984;-0.5571087003;2
4.355087565;-0.1435693651;0.0765703246;10.09771156;4.363080533;-0.177608937;-0.04871646687;-0.5729911923;2
4.357189283;-0.2201396823;0.1052841991;10.10728264;4.365182252;-0.177608937;-0.06704241037;-0.5852084756;2
4.359291002;-0.3302095234;0.1292124242;10.11206818;4.367283971;-0.1837175786;-0.08170316368;-0.5949822664;2
4.361392773;-0.4067798555;0.1579262912;10.04506969;4.369385742;-0.1873827726;-0.1024725661;-0.6059778333;2
4.363494492;-0.4689932466;0.1818545163;10.01635551;4.371487408;-0.1910479665;-0.1220202371;-0.6133082509;2
4.36559621;-0.5168496966;0.2201396823;10.00678444;4.373589179;-0.1971566081;-0.1379027218;-0.6206386089;2
4.367697929;-0.5838487148;0.2536391914;9.958928108;4.375690898;-0.200821802;-0.1537852138;-0.6267472506;2
4.3697997;-0.6364908218;0.2632105052;9.963713646;4.377792669;-0.2020435184;-0.1672242284;-0.6316341758;2
4.371901367;-0.7130611539;0.2823530734;9.973284721;4.379894387;-0.2069304436;-0.1733328849;-0.6352993846;2
4.374003137;-0.7657032609;0.2775674164;9.982855797;4.381996054;-0.2081521749;-0.1843284518;-0.6352993846;2
4.376104856;-0.8518448472;0.2871387303;10.03071213;4.384097825;-0.2069304436;-0.1892153621;-0.636521101;2
4.378206627;-0.9284151793;0.2871387303;10.05464077;4.386199544;-0.204486981;-0.1953240186;-0.6377428174;2
4.380308346;-0.9858429432;0.2967100143;10.07378292;4.388301262;-0.200821802;-0.1953240186;-0.636521101;2
4.382410012;-1.033699393;0.2967100143;10.06899738;4.390403033;-0.1959348768;-0.1965457499;-0.636521101;2
4.384511783;-1.062413216;0.3206382394;10.08814049;4.392504752;-0.1873827726;-0.1977674663;-0.6352993846;2
4.386613502;-1.0863415;0.3206382394;10.09771156;4.394606471;-0.181274116;-0.192880556;-0.6328558922;2
4.388715221;-1.091127157;0.3445664644;10.1024971;4.39670819;-0.1715002805;-0.1855501831;-0.6316341758;2
4.390816992;-1.0863415;0.3589234054;10.11685371;4.398809908;-0.1592829973;-0.1794415265;-0.6304124594;2
4.39291871;-1.076770186;0.3589234054;10.11206818;4.400911679;-0.1482874304;-0.169667691;-0.629190743;2
4.395020429;-1.0863415;0.3493520916;10.09771156;4.403013398;-0.1409570426;-0.1586721241;-0.627968967;2
4.397122148;-1.110269666;0.3684946895;10.10728264;4.405115117;-0.1299614757;-0.1476765573;-0.6267472506;2
4.399223867;-1.143769264;0.3780659735;10.09292603;4.407216887;-0.1165224537;-0.1305723488;-0.6243038177;2
4.401325637;-1.148554921;0.3780659735;10.04506969;4.409318606;-0.1091920808;-0.1146898642;-0.6230821013;2
4.403427356;-1.158126116;0.3924229145;9.997213364;4.411420325;-0.09941824526;-0.0975856483;-0.6194168925;2
4.405529075;-1.1820544;0.4163511395;9.934999466;4.413522044;-0.08964440972;-0.08292489499;-0.6157516837;2
4.407630846;-1.186840057;0.4307080805;9.891928673;4.415623762;-0.08109229803;-0.0609337613;-0.6133082509;2
4.409732565;-1.210768223;0.4498506486;9.844072342;4.417725533;-0.0737619251;-0.0426078178;-0.6096430421;2
4.411834283;-1.21555388;0.4785645306;9.805787086;4.419827252;-0.06887500733;-0.0242818743;-0.6059778333;2
4.413936002;-1.244267821;0.4929214716;9.743574142;4.421928971;-0.06520981342;-0.004734201822;-0.6023126841;2
4.416037721;-1.239482164;0.5264210105;9.643074989;4.42403069;-0.06398808211;0.01603520103;-0.5974257588;2
4.418139492;-1.253839016;0.5647061467;9.552147865;4.426132408;-0.06398808211;0.03313941509;-0.5925388336;2
4.42024121;-1.277767301;0.6221339107;9.451649666;4.428234127;-0.06643154472;0.05146535859;-0.5876519084;2
4.422342929;-1.301695466;0.6556333899;9.3367939;4.430335898;-0.06887500733;0.06856957078;-0.5815432668;2
4.424444648;-1.330409408;0.7130611539;9.221938133;4.432437617;-0.07620538026;0.0856737867;-0.577878058;2
4.426546367;-1.349551916;0.7657032609;9.131011009;4.434539335;-0.0859792158;0.1015562713;-0.5729911923;2
4.428648085;-1.368694544;0.7944171429;9.011369705;4.436641106;-0.09086613357;0.1174387559;-0.5705476999;2
4.430749856;-1.363908887;0.8279166222;8.915657043;4.438742825;-0.104305163;0.1320995092;-0.5668824911;2
4.432851575;-1.35912323;0.8518448472;8.819944382;4.440844544;-0.1153007299;0.1455385387;-0.5632173419;2
4.434953294;-1.373480201;0.8709874153;8.743373871;4.442946262;-0.1299614757;0.1577558219;-0.5607738495;2
4.437055065;-1.392622828;0.8805587292;8.662017822;4.445047981;-0.1421787739;0.1699731201;-0.5595521331;2
4.439156783;-1.426122308;0.8997012973;8.599804878;4.447149752;-0.1556178033;0.1785252392;-0.5546652079;2
4.441258502;-1.450050473;0.9284151793;8.532805443;4.449251471;-0.1702785641;0.1846338809;-0.5510000587;2
4.443360221;-1.488335729;0.94277215;8.48973465;4.45135319;-0.1837175786;0.1907425225;-0.5473348498;2
4.44546194;-1.521835208;0.9619147182;8.48973465;4.453454908;-0.1983783394;0.196851179;-0.5424479246;2
4.44756371;-1.560120344;0.9762716293;8.504091263;4.455556679;-0.2118173689;0.200516358;-0.5375609994;2
4.449665429;-1.612762451;0.9906286001;8.513663292;4.457658346;-0.2240346521;0.2054032832;-0.5314523578;2
4.451767148;-1.679761529;1.009771109;8.51844883;4.459760117;-0.2362519503;0.2127336562;-0.5241219997;2
4.453868867;-1.756331801;1.004985452;8.556734085;4.461861835;-0.2472475171;0.2151771188;-0.5167915821;2
4.455970637;-1.832902193;1.014556766;8.609375954;4.463963554;-0.258243084;0.2176205814;-0.5082395077;2
4.458072304;-1.899901152;1.019342422;8.685946465;4.466065273;-0.2680169344;0.2176205814;-0.4996874034;2
4.460174075;-1.952543259;1.000199914;8.781659126;4.468167044;-0.2765690386;0.2139553875;-0.4911352694;2
4.462275794;-2.009970903;1.009771109;8.87258625;4.470268762;-0.2851211429;0.2090684772;-0.4825831652;2
4.464377512;-2.086541414;0.9906286001;8.997013092;4.472370481;-0.2936732471;0.2041815519;-0.4728093445;2
4.466479231;-2.11046958;0.9858429432;9.097511292;4.4744722;-0.2985601723;0.1956294477;-0.4667007029;2
4.468581002;-2.143969059;0.9619147182;9.198010445;4.476573971;-0.2985601723;0.1907425225;-0.4581485987;2
4.470682721;-2.167897224;0.9667003751;9.327222824;4.47867569;-0.2997818887;0.1797469556;-0.4495964646;2
4.47278444;-2.201396942;0.9379864931;9.432506561;4.480777408;-0.2985601723;0.1724165827;-0.439822644;2
4.474886158;-2.215753794;0.9284151793;9.556933403;4.482879127;-0.2961167097;0.1626427472;-0.4312705398;2
4.476987929;-2.249253273;0.8757730722;9.69093132;4.484980898;-0.2924515009;0.1565341055;-0.4227184355;2
4.479089648;-2.277967215;0.8422735929;9.805787086;4.487082617;-0.2851211429;0.14676027;-0.4153880477;2
4.481191367;-2.316252232;0.8183453679;9.949356079;4.489184335;-0.2790125012;0.1345429718;-0.4092794061;2
4.483293085;-2.321038008;0.784845829;10.07856941;4.491286054;-0.2704603672;0.1259908676;-0.4031707644;2
4.485394856;-2.349751949;0.7513462901;10.17906761;4.493387773;-0.2643517256;0.1125518382;-0.3958403766;2
4.487496575;-2.378465652;0.7417750359;10.30827999;4.495489544;-0.2557996213;0.10033454;-0.3909534514;2
4.489598294;-2.378465652;0.7465606928;10.40399265;4.497591262;-0.2460257858;0.0856737867;-0.3872882724;2
4.491700012;-2.392822742;0.732203722;10.44706345;4.499692981;-0.2386954129;0.07467821985;-0.3836230934;2
4.493801731;-2.402393818;0.7226324677;10.50927734;4.5017947;-0.2325867712;0.06490438432;-0.3799578846;2
4.495903502;-2.388036966;0.708275497;10.5475626;4.503896419;-0.2240346521;0.05757400393;-0.3750709891;2
4.498005221;-2.39760828;0.7130611539;10.59541893;4.50599819;-0.2154825479;0.05146535859;-0.3701840639;2
4.50010694;-2.388036966;0.6987041831;10.59541893;4.508099908;-0.204486981;0.04657844082;-0.3640754223;2
4.502208658;-2.411965132;0.7130611539;10.60977554;4.510201627;-0.1934914142;0.0478001684;-0.3567450345;2
4.504310377;-2.440679073;0.708275497;10.61456108;4.512303346;-0.1873827726;0.04657844082;-0.3494146466;2
4.506412148;-2.49332118;0.7274180651;10.60499001;4.514405117;-0.177608937;0.0478001684;-0.3408625424;2
4.508513867;-2.531606436;0.7274180651;10.59063339;4.516506835;-0.1653916389;0.0490218997;-0.3310887218;2
4.510615585;-2.560320139;0.7369893789;10.5858469;4.518608554;-0.1568395346;0.05268708616;-0.3200931549;2
4.512717304;-2.598605394;0.756131947;10.57149029;4.520710325;-0.1482874304;0.05635227636;-0.3090975881;2
4.514819075;-2.632104874;0.7800601721;10.56191921;4.522812044;-0.1421787739;0.06123919412;-0.2993237376;2
4.516920794;-2.656033039;0.7992027402;10.54277611;4.524913762;-0.1324049383;0.06368265301;-0.289549917;2
4.519022512;-2.670390129;0.8039883971;10.50927734;4.527015481;-0.1262962967;0.06979130208;-0.2785543501;2
4.521124283;-2.675175667;0.8279166222;10.45184898;4.5291172;-0.1201876476;0.07223475724;-0.2687804997;2
4.523226002;-2.684746981;0.8470591903;10.39442158;4.531218971;-0.1128572673;0.08078686893;-0.2577849329;2
4.525327721;-2.699103832;0.8614161611;10.40399265;4.53332069;-0.1055268943;0.09056070447;-0.2455676347;2
4.52742944;-2.708675146;0.8757730722;10.3657074;4.535422408;-0.1030834317;0.1027780026;-0.2321286201;2
4.529531158;-2.751745939;0.8997012973;10.36092186;4.537524127;-0.09819651395;0.113773562;-0.2211330533;2
4.531632929;-2.785245657;0.890130043;10.3226366;4.539625846;-0.09575305134;0.1308777779;-0.2089157552;2
4.533734648;-2.794816732;0.8949156404;10.29392338;4.541727617;-0.08964440972;0.1492037177;-0.196698457;2
4.535836367;-2.809173822;0.8949156404;10.27956581;4.543829335;-0.08720094711;0.1663079411;-0.1844811589;2
4.537938085;-2.82831645;0.9140582681;10.28435135;4.545931054;-0.0847574845;0.1834121495;-0.1747073233;2
4.540039804;-2.842673302;0.9092726111;10.25563812;4.548032773;-0.08353576064;0.2029598206;-0.1661552191;2
4.542141575;-2.804388046;0.9092726111;10.20778179;4.550134492;-0.07742711157;0.2188423127;-0.1563813835;2
4.544243294;-2.756531715;0.9044869542;10.19342422;4.552236262;-0.07742711157;0.2359465212;-0.1490510106;2
4.546345012;-2.746960402;0.8997012973;10.164711;4.554337981;-0.07498364896;0.246942088;-0.1392771751;2
4.548446731;-2.703889608;0.9044869542;10.16949654;4.5564397;-0.07498364896;0.25793764;-0.1331685185;2
4.55054845;-2.694318295;0.8757730722;10.18385315;4.558541419;-0.07498364896;0.2652680278;-0.1270598769;2
4.552650221;-2.670390129;0.8805587292;10.18385315;4.560643137;-0.07620538026;0.2689332068;-0.1209512278;2
4.55475194;-2.660818815;0.8566305041;10.164711;4.562744908;-0.07864884287;0.2689332068;-0.1148425788;2
4.556853658;-2.670390129;0.8279166222;10.18863869;4.564846627;-0.08353576064;0.2677114904;-0.109955661;2
4.558955377;-2.703889608;0.8087740541;10.20778179;4.566948346;-0.0859792158;0.2616028488;-0.1050687432;2
4.561057096;-2.727817774;0.7944171429;10.2221384;4.569050065;-0.09086613357;0.2530507445;-0.1014035568;2
4.563158867;-2.746960402;0.7704889178;10.24128056;4.571151835;-0.09575305134;0.246942088;-0.09773836285;2
4.565260585;-2.775674343;0.7513462901;10.31785107;4.573253554;-0.09941824526;0.2322813272;-0.08918625861;2
4.567362304;-2.790031195;0.7369893789;10.35613632;4.575355273;-0.104305163;0.2151771188;-0.08307760954;2
4.569464023;-2.81395936;0.7130611539;10.4279213;4.577456992;-0.1079703495;0.196851179;-0.07696896046;2
4.571565794;-2.857030153;0.732203722;10.50927734;4.579558762;-0.111635536;0.1748600453;-0.06719512492;2
4.573667512;-2.904886723;0.732203722;10.53320503;4.581660481;-0.1165224537;0.150425449;-0.05864302069;2
4.575769231;-2.94317174;0.7369893789;10.60020447;4.5837622;-0.1214093715;0.123547405;-0.05131264031;2
4.57787095;-2.976671457;0.7130611539;10.63848972;4.585863919;-0.1262962967;0.09422589093;-0.04398226365;2
4.579972721;-3.034099102;0.70348984;10.71984577;4.58796569;-0.1250745654;0.06368265301;-0.036651887;2
4.58207444;-3.062813044;0.6843472719;10.78684425;4.590067408;-0.1287397593;0.0294742249;-0.03298669681;2
4.584176158;-3.072384357;0.679561615;10.83948612;4.592169127;-0.1299614757;-0.005955931731;-0.02932151034;2
4.586277877;-3.048455954;0.6604190469;10.90648556;4.594270846;-0.131183207;-0.0426078178;-0.02809977904;2
4.588379648;-2.986242771;0.650847733;10.94477081;4.596372617;-0.1299614757;-0.07803797722;-0.0268780496;2
4.590481367;-2.919243574;0.6221339107;10.98305607;4.598474335;-0.1287397593;-0.1098029464;-0.02565632015;2
4.592583085;-2.866601467;0.5934200287;11.01655579;4.600576054;-0.127518028;-0.1379027218;-0.02321286127;2
4.594684804;-2.81395936;0.5838487148;10.99262714;4.602677773;-0.1299614757;-0.1635590494;-0.02076940238;2
4.596786575;-2.780459881;0.5982056856;10.99741268;4.604779492;-0.1262962967;-0.1818849891;-0.01466075517;2
4.598888294;-2.780459881;0.6077769399;10.99262714;4.606881262;-0.1238528341;-0.1977674663;-0.01099556591;2
4.600990012;-2.775674343;0.6173482537;10.95434189;4.608982981;-0.1201876476;-0.2087630332;-0.003665188793;2
4.603091731;-2.780459881;0.626919508;10.93998528;4.6110847;-0.1165224537;-0.2124282271;0.003665188793;2
4.60519345;-2.790031195;0.6604190469;10.9304142;4.613186419;-0.1128572673;-0.2124282271;0.01221729536;2
4.607295221;-2.780459881;0.6843472719;10.9112711;4.615288137;-0.1067486182;-0.2063195854;0.01954767294;2
4.60939694;-2.761317253;0.7226324677;10.90648556;4.617389908;-0.09697478265;-0.1965457499;0.0268780496;2
4.611498658;-2.73260355;0.7465606928;10.89212894;4.619491627;-0.08842267841;-0.1855501831;0.036651887;2
4.613600377;-2.694318295;0.7752745152;10.90170002;4.621593346;-0.07987056673;-0.169667691;0.04642572254;2
4.615702096;-2.660818815;0.7944171429;10.90170002;4.623695065;-0.07009673119;-0.1574503928;0.05619955808;2
4.617803867;-2.641676188;0.8087740541;10.89691448;4.625796835;-0.05910116807;-0.1415679157;0.06719512492;2
4.619905585;-2.632104874;0.8327022791;10.8682003;4.627898554;-0.04810560122;-0.1269071549;0.07819069177;2
4.622007304;-2.603390932;0.8327022791;10.82512951;4.630000273;-0.03955349326;-0.1110246703;0.08796452731;2
4.624109023;-2.593819857;0.8470591903;10.79162979;4.632101992;-0.03344484791;-0.09392046183;0.09896009415;2
4.626210794;-2.589034081;0.8614161611;10.77248764;4.63420371;-0.02367101051;-0.0743727833;0.1087339297;2
4.628312512;-2.603390932;0.8757730722;10.73898792;4.636305429;-0.0175623633;-0.05726857483;0.1172860414;2
4.630414231;-2.589034081;0.866201818;10.69591713;4.6384072;-0.01145371422;-0.03894263133;0.1258381456;2
4.63251595;-2.584248543;0.8757730722;10.68156052;4.640508919;-0.006566796452;-0.01939495653;0.1356119812;2
4.634617669;-2.569891453;0.8805587292;10.65763187;4.64261069;-0.0004581485991;-0.001069013379;0.1429423541;2
4.636719387;-2.545963287;0.8709874153;10.64327526;4.644712408;0.004428769462;0.01114828233;0.1490510106;2
4.638821158;-2.536391973;0.8470591903;10.6480608;4.646814075;0.008093958721;0.02336557768;0.1563813835;2
4.640922877;-2.507678032;0.8614161611;10.6480608;4.648915846;0.009315688163;0.03436114267;0.1612683088;2
4.643024648;-2.478964329;0.8470591903;10.61934662;4.651017565;0.01175914705;0.04413498193;0.1673769504;2
4.645126367;-2.49332118;0.8279166222;10.63370419;4.653119283;0.01420260593;0.05024362728;0.173485592;2
4.647228033;-2.498106956;0.7992027402;10.62413216;4.655221054;0.01420260593;0.05635227636;0.1795942485;2
4.649329804;-2.517249346;0.7944171429;10.66241741;4.657322773;0.01542433538;0.05879573524;0.1844811589;2
4.651431523;-2.536391973;0.7704889178;10.65763187;4.659424492;0.01298087649;0.05879573524;0.1930332631;2
4.653533242;-2.545963287;0.7704889178;10.67677498;4.661526262;0.01420260593;0.05879573524;0.2003636509;2
4.655635012;-2.550748825;0.7752745152;10.7054882;4.663627981;0.01420260593;0.05879573524;0.2064722925;2
4.657736731;-2.536391973;0.7657032609;10.70070267;4.6657297;0.01664606482;0.06001746282;0.2125809491;2
4.65983845;-2.522035122;0.7704889178;10.69113159;4.667831419;0.01542433538;0.06123919412;0.2162461281;2
4.661940221;-2.502892494;0.756131947;10.70070267;4.669933137;0.01298087649;0.06368265301;0.219911322;2
4.66404194;-2.469393015;0.7800601721;10.7054882;4.672034908;0.01420260593;0.06612611562;0.2247982323;2
4.666143658;-2.426322222;0.784845829;10.69591713;4.674136627;0.01298087649;0.06734783947;0.2247982323;2
4.668245377;-2.378465652;0.7800601721;10.7054882;4.676238346;0.01053741761;0.07345648855;0.2272416949;2
4.670347096;-2.335394859;0.784845829;10.67198944;4.678340065;0.009315688163;0.07834340632;0.2272416949;2
4.672448867;-2.297109842;0.7704889178;10.6480608;4.680441783;0.004428769462;0.08078686893;0.2272416949;2
4.674550585;-2.263610125;0.7657032609;10.63848972;4.682543554;0.003207040019;0.08323032409;0.2235765159;2
4.676652304;-2.196611166;0.7369893789;10.62891865;4.684645273;-0.0016798781;0.09056070447;0.219911322;2
4.678754023;-2.153540373;0.708275497;10.60499001;4.686746992;-0.004123337101;0.09666935354;0.2150243968;2
4.680855742;-2.124826431;0.6699903607;10.60977554;4.68884871;-0.004123337101;0.1039997265;0.2113592178;2
4.682957512;-2.081755638;0.626919508;10.6480608;4.690950481;-0.005345067009;0.1088866442;0.2089157552;2
4.685059231;-2.086541414;0.6173482537;10.70070267;4.6930522;-0.006566796452;0.1125518382;0.2101374865;2
4.68716095;-2.086541414;0.6125625968;10.7677021;4.695153919;-0.004123337101;0.1149952933;0.2101374865;2
4.689262669;-2.11046958;0.6125625968;10.81555843;4.697255637;-0.0004581485991;0.1162170246;0.2125809491;2
4.69136444;-2.163111687;0.6412764788;10.87777138;4.699357356;0.001985310577;0.1198822111;0.2162461281;2
4.693466158;-2.234896421;0.6843472719;10.94955635;4.701459127;0.00565049937;0.1162170246;0.2211330533;2
4.695567877;-2.316252232;0.6987041831;11.02134132;4.703560846;0.01420260593;0.1186604798;0.2272416949;2
4.697669596;-2.402393818;0.7274180651;11.1314106;4.705662565;0.0190895237;0.113773562;0.2309068888;2
4.699771315;-2.464607239;0.760917604;11.21276665;4.707764283;0.02886336111;0.1088866442;0.2370155305;2
4.701873085;-2.52682066;0.7896314859;11.26062298;4.709866054;0.0374154672;0.10033454;0.2406807244;2
4.703974804;-2.560320139;0.7944171429;11.30369377;4.711967773;0.04963276163;0.09056070447;0.246789366;2
4.706076523;-2.565105915;0.7896314859;11.39940739;4.714069492;0.05696314201;0.08078686893;0.2528980076;2
4.708178242;-2.579462767;0.7800601721;11.43290615;4.71617121;0.06551524997;0.06856957078;0.2602283955;2
4.710280012;-2.579462767;0.7800601721;11.46162033;4.718272929;0.07651081681;0.05513054505;0.2700022459;2
4.712381731;-2.574677229;0.7800601721;11.49512005;4.7203747;0.08506292105;0.04291325063;0.2773326039;2
4.71448345;-2.589034081;0.7800601721;11.49990559;4.722476419;0.09239330143;0.0294742249;0.2858847082;2
4.716585169;-2.608176708;0.7896314859;11.48554897;4.724578137;0.09972367436;0.01603520103;0.2919933498;2
4.718686887;-2.608176708;0.7896314859;11.46640587;4.726679908;0.1046105921;0.003817904973;0.2981020212;2
4.720788658;-2.589034081;0.7944171429;11.41854954;4.728781627;0.1094975099;-0.00351247238;0.3017672002;2
4.722890377;-2.555534601;0.7992027402;11.36112213;4.730883346;0.1119409725;-0.0157297682;0.3054323792;2
4.724992096;-2.49332118;0.7944171429;11.30848026;4.732985065;0.1131627038;-0.02183841541;0.3078758419;2
4.727093867;-2.416750908;0.7704889178;11.26062298;4.735086783;0.115606159;-0.02794706449;0.3066541255;2
4.729195585;-2.344966173;0.7513462901;11.1936245;4.737188554;0.1168278903;-0.03283398226;0.3054323792;2
4.731297304;-2.258824587;0.7417750359;11.11705399;4.739290273;0.1168278903;-0.03405570984;0.3029889166;2
4.733399023;-2.148754835;0.70348984;11.05962658;4.741391992;0.1168278903;-0.03894263133;0.2993237376;2
4.735500742;-2.048256159;0.6987041831;10.96869946;4.74349371;0.1180496216;-0.03772090003;0.2956585586;2
4.737602512;-1.947757602;0.6891329288;10.90648556;4.745595429;0.1192713454;-0.03649916872;0.289549917;2
4.739704231;-1.880758643;0.6652047038;10.85384369;4.747697148;0.1168278903;-0.03405570984;0.2822195292;2
4.74180595;-1.813759565;0.626919508;10.8107729;4.749798919;0.115606159;-0.03161225095;0.2748891413;2
4.743907669;-1.765903115;0.6221339107;10.73898792;4.751900637;0.1168278903;-0.02794706449;0.2675587833;2
4.746009387;-1.713261008;0.6077769399;10.66241741;4.754002356;0.1180496216;-0.01939495653;0.2590066791;2
4.748111106;-1.679761529;0.6077769399;10.64327526;4.756104075;0.1204930767;-0.009621120058;0.250454545;2
4.750212877;-1.64626193;0.6077769399;10.65284634;4.758205846;0.1241582632;-0.001069013379;0.243124187;2
4.752314596;-1.627119422;0.6221339107;10.68156052;4.760307512;0.1290451884;0.005039634649;0.2382372618;2
4.754416315;-1.627119422;0.626919508;10.70070267;4.762409283;0.1302669197;0.01481347065;0.2321286201;2
4.756518033;-1.631905079;0.650847733;10.68156052;4.764511002;0.1339320987;0.02336557768;0.2247982323;2
4.758619804;-1.627119422;0.6364908218;10.66241741;4.766612773;0.138819024;0.0294742249;0.2174678594;2
4.760721471;-1.588834286;0.6843472719;10.59541893;4.768714492;0.1461493969;0.04291325063;0.2150243968;2
4.762823242;-1.569691658;0.6747759581;10.55713367;4.77081621;0.1534797698;0.05390881747;0.2089157552;2
4.76492496;-1.584048629;0.6747759581;10.57627583;4.772917929;0.1595884264;0.06490438432;0.2028071135;2
4.767026731;-1.603191137;0.6604190469;10.57627583;4.775019648;0.1681405306;0.07834340632;0.1979201883;2
4.76912845;-1.617548108;0.6604190469;10.51884842;4.777121419;0.1693622619;0.08933897316;0.1905898154;2
4.771230169;-1.588834286;0.6317051649;10.49970531;4.779223137;0.1766926348;0.0978910774;0.1832594275;2
4.773331887;-1.569691658;0.6221339107;10.46142101;4.781324908;0.1840230078;0.1064431891;0.1771507859;2
4.775433606;-1.55054903;0.6029912829;10.39920712;4.783426627;0.1937968582;0.1186604798;0.169820413;2
4.777535377;-1.555334687;0.5790630579;10.40399265;4.785528346;0.2023489624;0.1259908676;0.1637117565;2
4.779637096;-1.579262972;0.5647061467;10.45184898;4.787630065;0.2145662606;0.1357647032;0.1588248461;2
4.781738867;-1.651047587;0.5647061467;10.48056316;4.789731783;0.2255618125;0.1418733448;0.1563813835;2
4.783840585;-1.713261008;0.5790630579;10.50927734;4.791833502;0.2365573794;0.1406516135;0.1539379209;2
4.785942304;-1.765903115;0.5934200287;10.49970531;4.793935221;0.2499964088;0.14676027;0.1539379209;2
4.788044023;-1.823330879;0.5886343718;10.47099209;4.796036992;0.2609919906;0.150425449;0.1539379209;2
4.790145742;-1.880758643;0.626919508;10.44227791;4.79813871;0.2768744528;0.1553123742;0.1551596522;2
4.79224746;-1.93340075;0.6460621357;10.41835022;4.800240481;0.2878700197;0.1577558219;0.1588248461;2
4.794349179;-2.000399828;0.6939185858;10.42313576;4.802342148;0.3013090491;0.1565341055;0.1649334878;2
4.79645095;-2.072184324;0.7369893789;10.39920712;4.804443919;0.312304616;0.1565341055;0.173485592;2
4.798552669;-2.134397745;0.7992027402;10.33699417;4.806545637;0.3208567202;0.1553123742;0.1820377111;2
4.80065444;-2.196611166;0.866201818;10.24606609;4.808647356;0.3306305707;0.1540906429;0.1954767257;2
4.802756106;-2.282752752;0.9332008362;10.17428207;4.810749127;0.3379609287;0.150425449;0.2101374865;2
4.804857877;-2.364108801;0.9858429432;10.12642574;4.812850794;0.3416261375;0.1516471803;0.2235765159;2
4.806959596;-2.450250387;1.028913736;10.08814049;4.814952565;0.3465130329;0.1516471803;0.2382372618;2
4.809061315;-2.502892494;1.067198873;9.982855797;4.817054283;0.3477347791;0.150425449;0.2516762912;2
4.811163085;-2.517249346;1.095912814;9.834501266;4.819156002;0.3501782417;0.150425449;0.2663370371;2
4.813264752;-2.459821701;1.105484009;9.705288887;4.821257721;0.3501782417;0.1516471803;0.2785543501;2
4.815366523;-2.426322222;1.129412293;9.638289452;4.82335944;0.3489564955;0.1565341055;0.2907716334;2
4.817468242;-2.39760828;1.143769264;9.580862045;4.82546121;0.3465130329;0.1638644785;0.3029889166;2
4.81956996;-2.349751949;1.138983607;9.466006279;4.827562929;0.3465130329;0.1760817766;0.3139844835;2
4.821671679;-2.330609322;1.115055323;9.360722542;4.829664648;0.3452913165;0.1870773435;0.3237583339;2
4.823773398;-2.273181438;1.13419795;9.212367058;4.831766419;0.3428478539;0.2041815519;0.3347539008;2
4.825875169;-2.239681959;1.138983607;9.121439934;4.833868085;0.3391826749;0.2225074917;0.346971184;2
4.827976887;-2.182254314;1.143769264;9.049654961;4.835969856;0.3379609287;0.2408334464;0.3567450345;2
4.830078606;-2.153540373;1.158126116;9.006584167;4.838071575;0.3379609287;0.2603811026;0.3677406013;2
4.832180377;-2.124826431;1.158126116;8.997013092;4.840173294;0.3404043913;0.2823722363;0.3799578846;2
4.834282044;-2.115255117;1.162911773;8.977870941;4.842275065;0.3404043913;0.3031416535;0.3909534514;2
4.836383815;-2.0769701;1.162911773;8.977870941;4.844376783;0.3440696001;0.3226893246;0.4007273018;2
4.838485533;-2.033899307;1.148554921;8.992227554;4.846478502;0.3489564955;0.3446804583;0.4080576599;2
4.840587252;-1.966900229;1.129412293;8.968298912;4.848580273;0.3526217043;0.3654498458;0.4141663313;2
4.842689023;-1.899901152;1.091127157;8.934800148;4.85068194;0.355065167;0.3837758005;0.4166097939;2
4.844790742;-1.775474429;1.057627559;8.90130043;4.85278371;0.358730346;0.3972148299;0.4190532267;2
4.84689246;-1.655833244;1.024128079;8.858229637;4.854885429;0.358730346;0.4143190384;0.4178315103;2
4.848994231;-1.526620865;0.9906286001;8.839086533;4.856987148;0.3599520624;0.4265363216;0.4166097939;2
4.851095898;-1.440479279;0.9571290612;8.791230202;4.859088867;0.358730346;0.4375318885;0.4141663313;2
4.853197669;-1.339980721;0.9523434043;8.738588333;4.861190585;0.355065167;0.4485274553;0.4105011225;2
4.855299387;-1.258624673;0.9284151793;8.676374435;4.863292356;0.3538434207;0.463188231;0.4080576599;2
4.857401106;-1.1820544;0.8949156404;8.638090134;4.865394075;0.3501782417;0.4815141559;0.4056142271;2
4.859502825;-1.143769264;0.8997012973;8.551948547;4.867495794;0.3452913165;0.4937314689;0.4056142271;2
4.861604544;-1.124626637;0.9140582681;8.465806961;4.869597512;0.3367392123;0.5096139312;0.4043924809;2
4.863706315;-1.091127157;0.9236295223;8.350951195;4.871699283;0.328187108;0.520609498;0.4056142271;2
4.865808033;-1.115055323;0.9188438654;8.274380684;4.873801002;0.3171915412;0.5279398561;0.4080576599;2
4.867909752;-1.11984098;0.9379864931;8.226524353;4.875902721;0.3074176908;0.5340485573;0.4105011225;2
4.870011471;-1.11984098;0.9332008362;8.159524918;4.878004492;0.2939786613;0.5340485573;0.4141663313;2
4.872113242;-1.138983607;0.9379864931;8.116454124;4.88010621;0.2829830945;0.5352702737;0.4202749729;2
4.87421496;-1.191625714;0.94277215;8.102097511;4.882207929;0.2695440948;0.5340485573;0.4288270772;2
4.876316679;-1.268195987;0.9619147182;8.078168869;4.884309648;0.2548833191;0.5242747068;0.4386008978;2
4.87841845;-1.35912323;0.9714859724;8.092526436;4.886411419;0.2438877672;0.5145008564;0.4508182108;2
4.880520169;-1.469193101;0.9571290612;8.106883049;4.888513085;0.231670469;0.4998401105;0.4630354941;2
4.882621887;-1.569691658;0.9619147182;8.173882484;4.890614856;0.2218966335;0.4839576185;0.4764745235;2
4.884723606;-1.64626193;0.9523434043;8.231309891;4.892716575;0.2109010667;0.4656316638;0.4923570156;2
4.886825377;-1.722832322;0.9667003751;8.274380684;4.894818294;0.2011272311;0.4473057389;0.5057960153;2
4.888927044;-1.794616938;0.9619147182;8.322237015;4.896920065;0.1937968582;0.4265363216;0.5192350745;2
4.891028815;-1.828116536;0.9571290612;8.394021988;4.899021783;0.1840230078;0.404545188;0.5314523578;2
4.893130533;-1.837687731;0.9332008362;8.413164139;4.901123502;0.1742491722;0.3849975169;0.543669641;2
4.895232252;-1.823330879;0.9188438654;8.441878319;4.903225221;0.1632536054;0.3630063832;0.5558869243;2
4.897334023;-1.808973908;0.9044869542;8.432307243;4.905326992;0.1571449637;0.3446804583;0.5668824911;2
4.899435742;-1.780260086;0.8566305041;8.441878319;4.90742871;0.1461493969;0.3275762498;0.5754346251;2
4.90153746;-1.751546144;0.837487936;8.422736168;4.909530429;0.1363755614;0.3116937578;0.5852084756;2
4.903639179;-1.708475351;0.7896314859;8.394021988;4.911632148;0.1278234571;0.2994764447;0.5913171172;2
4.90574095;-1.651047587;0.7417750359;8.403593063;4.913733867;0.121714808;0.2909243405;0.5974257588;2
4.907842669;-1.588834286;0.708275497;8.417949677;4.915835585;0.115606159;0.2872591615;0.6023126841;2
4.909944387;-1.521835208;0.6843472719;8.437092781;4.917937356;0.1119409725;0.2860374451;0.6071996093;2
4.912046106;-1.459621787;0.650847733;8.475378036;4.920039075;0.1082757786;0.2823722363;0.6133082509;2
4.914147825;-1.430907965;0.626919508;8.513663292;4.922140794;0.1070540547;0.2811505198;0.6169734001;2
4.916249544;-1.368694544;0.6077769399;8.528019905;4.924242512;0.1070540547;0.273820132;0.6206386089;2
4.918351315;-1.320838094;0.5886343718;8.547162056;4.926344283;0.102167137;0.2652680278;0.6243038177;2
4.920453033;-1.277767301;0.5407779217;8.504091263;4.928446002;0.102167137;0.2603811026;0.6267472506;2
4.922554752;-1.21555388;0.4785645306;8.556734085;4.930547721;0.1033888608;0.2554942071;0.627968967;2
4.924656471;-1.100698471;0.4307080805;8.614161491;4.93264944;0.102167137;0.2518289983;0.629190743;2
4.926758242;-1.014556766;0.4163511395;8.618947029;4.93475121;0.102167137;0.2493855506;0.6304124594;2
4.92885996;-0.9284151793;0.4067798555;8.595019341;4.936852929;0.1033888608;0.2530507445;0.6304124594;2
4.930961679;-0.8470591903;0.4019941986;8.599804878;4.938954648;0.102167137;0.2542724609;0.627968967;2
4.933063398;-0.760917604;0.3924229145;8.585447311;4.941056367;0.09972367436;0.2542724609;0.6243038177;2
4.935165169;-0.6891329288;0.3637090325;8.542376518;4.943158137;0.09972367436;0.2628245652;0.6157516837;2
4.937266887;-0.6029912829;0.3206382394;8.561519623;4.945259856;0.09972367436;0.2774853408;0.6059778333;2
4.939368606;-0.5024927258;0.2488535494;8.614161491;4.947361575;0.1009454057;0.2909243405;0.5962040424;2
4.941470325;-0.3876372576;0.1962114573;8.618947029;4.949463294;0.1082757786;0.3055851161;0.5876519084;2
4.943572096;-0.3014956415;0.1770688742;8.628518105;4.951565012;0.1143844277;0.3104720116;0.5766563416;2
4.945673815;-0.2249253243;0.1722832322;8.714659691;4.953666783;0.1241582632;0.320245862;0.5644390583;2
4.947775533;-0.1818545163;0.1531406492;8.776873589;4.955768502;0.1339320987;0.3397935331;0.5534434915;2
4.949877252;-0.1339980662;0.1339980662;8.944371223;4.957870221;0.1485928595;0.3593412042;0.5412262082;2
4.951978971;-0.05742774159;0.1148554832;9.00179863;4.95997194;0.1632536054;0.3801106215;0.5302306414;2
4.954080742;0.0382851623;0.1148554832;8.949156761;4.96207371;0.1754709035;0.3959930837;0.5192350745;2
4.95618246;0.1196411327;0.1435693651;8.896514893;4.964175429;0.1913533956;0.4106538594;0.5094612241;2
4.958284179;0.1818545163;0.1722832322;8.863015175;4.966277148;0.2035706937;0.4350884259;0.5021308661;2
4.960385898;0.2105683982;0.1962114573;8.930013657;4.968378867;0.2145662606;0.4607447684;0.493578732;2
4.962487669;0.2536391914;0.2105683982;8.910871506;4.970480585;0.2218966335;0.4876227975;0.489913553;2
4.964589387;0.2536391914;0.2201396823;8.805587769;4.972582304;0.2267835438;0.5096139312;0.489913553;2
4.966691106;0.2201396823;0.2536391914;8.685946465;4.974684075;0.2328922004;0.5279398561;0.4874700904;2
4.968792825;0.1483550072;0.2871387303;8.662017822;4.976785794;0.2377791107;0.5438223481;0.4874700904;2
4.970894544;0.08614161611;0.3110669553;8.662017822;4.978887512;0.2365573794;0.5682569742;0.4874700904;2
4.972996262;0.01914258115;0.3110669553;8.681160927;4.980989231;0.2341139317;0.5878046155;0.4886918366;2
4.975098033;0.0239282269;0.3397808075;8.575876236;4.983091002;0.2304487377;0.6061306;0.4911352694;2
4.977199752;0.01914258115;0.3637090325;8.413164139;4.985192721;0.2280052751;0.6159043908;0.4948004782;2
4.979301471;0.004785645287;0.3828516304;8.312665939;4.98729444;0.2243400961;0.6195695996;0.50090909;2
4.98140319;-0.04307080805;0.4115654826;8.322237015;4.989396158;0.215787977;0.6183478832;0.5045742989;2
4.98350496;-0.08614161611;0.3924229145;8.365307808;4.991497877;0.2084576041;0.6220130324;0.5094612241;2
4.985606679;-0.1244267747;0.4259224236;8.451449394;4.993599648;0.1986837685;0.6244565248;0.5167915821;2
4.987708398;-0.1244267747;0.4594219327;8.374878883;4.995701367;0.1852447391;0.6220130324;0.5265654325;2
4.989810117;-0.1627119333;0.5359922647;8.255238533;4.997803085;0.1705839932;0.6171261668;0.5375609994;2
4.991911835;-0.2153540403;0.6125625968;8.169096947;4.999904804;0.1571449637;0.6012436748;0.5485565662;2
4.994013606;-0.2632105052;0.679561615;8.15473938;5.002006575;0.1412624866;0.5829176903;0.5583304167;2
4.996115325;-0.3445664644;0.6747759581;8.126026154;5.004108294;0.1241582632;0.5682569742;0.5668824911;2
4.998217044;-0.3924229145;0.6652047038;8.221738815;5.006210012;0.1082757786;0.554817915;0.5742129087;2
5.000318762;-0.3589234054;0.6604190469;8.298309326;5.008311731;0.08872810751;0.5426006317;0.579099834;2
5.002420533;-0.3349951804;0.6604190469;8.236095428;5.010413502;0.06795870513;0.520609498;0.5852084756;2
5.004522252;-0.2823530734;0.650847733;8.202595711;5.012515221;0.05207622424;0.5010618567;0.5900954008;2
5.006623971;-0.2536391914;0.6652047038;8.169096947;5.01461694;0.03130681813;0.4729620516;0.5925388336;2
5.00872569;-0.1914258152;0.6652047038;8.193024635;5.016718658;0.01298087649;0.4436405599;0.5913171172;2
5.01082746;-0.07178468257;0.626919508;8.221738815;5.018820429;-0.004123337101;0.413097322;0.5888736248;2
5.012929179;0.0143569354;0.5599204898;8.202595711;5.020922148;-0.02367101051;0.3923279047;0.5803215504;2
5.015030898;0.1052841991;0.4785645306;8.250452042;5.023023867;-0.04321868345;0.3764454126;0.5729911923;2
5.017132617;0.2392822653;0.4115654826;8.288737297;5.025125585;-0.05665770918;0.3593412042;0.5632173419;2
5.019234387;0.3732803464;0.3397808075;8.264809608;5.027227304;-0.07131846249;0.3434587121;0.5546652079;2
5.021336106;0.4881358147;0.2967100143;8.269595146;5.029329075;-0.08353576064;0.3312414289;0.5461131334;2
5.023437825;0.5742774606;0.2727817893;8.307880402;5.031430794;-0.09941824526;0.3178023994;0.5375609994;2
5.025539544;0.6412764788;0.2488535494;8.36052227;5.033532512;-0.1055268943;0.3068068326;0.5265654325;2
5.027641262;0.6891329288;0.1914258152;8.408378601;5.035634231;-0.1104138121;0.3043633699;0.5143481493;2
5.029743033;0.7130611539;0.1435693651;8.513663292;5.037736002;-0.1128572673;0.3092502952;0.5021308661;2
5.031844752;0.760917604;0.0765703246;8.662017822;5.039837669;-0.1128572673;0.3190241456;0.489913553;2
5.033946471;0.8614161611;0.0382851623;8.752944946;5.04193944;-0.1091920808;0.3263545036;0.4801397026;2
5.03604819;0.9092726111;0.05742774159;8.781659126;5.044041158;-0.1055268943;0.3275762498;0.4728093445;2
5.03814996;0.94277215;0.09571290761;8.786444664;5.046142877;-0.09575305134;0.3312414289;0.4667007029;2
5.040251627;0.9284151793;0.09571290761;8.920442581;5.048244596;-0.0847574845;0.3459021747;0.4605920315;2
5.042353398;0.9954141974;0.07178468257;9.111868858;5.050346367;-0.0737619251;0.3617846668;0.4544833899;2
5.044455117;1.014556766;0.0239282269;9.250652313;5.052448085;-0.06154462695;0.3764454126;0.4508182108;2
5.046556835;1.033699393;0.02871387079;9.250652313;5.054549804;-0.04566214234;0.3886627257;0.4483747482;2
5.048658554;1.043270707;0.04307080805;9.260223389;5.056651575;-0.03344484791;0.404545188;0.4459312856;2
5.050760325;1.0863415;0.06699903309;9.327222824;5.058753294;-0.02000582218;0.424092859;0.4447095692;2
5.052862044;1.13419795;0.1004985496;9.370293617;5.060855012;-0.01145371422;0.4375318885;0.4447095692;2
5.054963762;1.1820544;0.1435693651;9.298508644;5.062956783;-0.0016798781;0.4497492015;0.4422661066;2
5.057065533;1.191625714;0.1627119333;9.241081238;5.06505845;0.00565049937;0.4607447684;0.4410443604;2
5.059167252;1.229910851;0.1914258152;9.255437851;5.067160169;0.006872228812;0.4754055142;0.4386008978;2
5.061268971;1.282552958;0.2105683982;9.255437851;5.06926194;0.004428769462;0.4802924395;0.4337140024;2
5.063370742;1.378265858;0.2440679073;9.121439934;5.071363658;-0.0016798781;0.4851793647;0.4288270772;2
5.065472408;1.440479279;0.2919243574;8.934800148;5.073465377;-0.01023198478;0.4851793647;0.4239401519;2
5.067574127;1.517049551;0.3062812984;8.839086533;5.075567148;-0.02122755162;0.4888445437;0.4153880477;2
5.069675898;1.588834286;0.3206382394;8.743373871;5.077668867;-0.04199695215;0.4900662601;0.4117228687;2
5.071777617;1.627119422;0.3637090325;8.633303642;5.079770585;-0.06032289565;0.4851793647;0.4068359435;2
5.073879335;1.674975872;0.3876372576;8.48973465;5.081872304;-0.08231402934;0.4778489769;0.3995055556;2
5.075981106;1.636690736;0.4019941986;8.365307808;5.083974075;-0.1067486182;0.46685341;0.393396914;2
5.078082825;1.603191137;0.4307080805;8.317451477;5.086075794;-0.131183207;0.4656316638;0.3885099888;2
5.080184544;1.593619823;0.4450650215;8.379665375;5.088177512;-0.1556178033;0.463188231;0.3824013472;2
5.082286262;1.612762451;0.4833501875;8.350951195;5.090279231;-0.1788306683;0.4570795596;0.3762927055;2
5.084388033;1.641476393;0.5168496966;8.293522835;5.09238095;-0.200821802;0.4448622763;0.3714057803;2
5.086489752;1.660618901;0.5838487148;8.288737297;5.094482721;-0.2203694731;0.4326449931;0.3665188551;2
5.088591471;1.665404558;0.6652047038;8.298309326;5.09658444;-0.2386954129;0.4253146052;0.3604102135;2
5.09069319;1.670190215;0.6699903607;8.46102047;5.098686158;-0.2557996213;0.4155407548;0.3591884971;2
5.092794908;1.684547186;0.679561615;8.571090698;5.100787877;-0.2716821134;0.4021017551;0.3604102135;2
5.094896679;1.679761529;0.6987041831;8.604590416;5.102889596;-0.2838993967;0.3886627257;0.3628536761;2
5.096998398;1.627119422;0.7417750359;8.662017822;5.104991367;-0.2936732471;0.3764454126;0.3665188551;2
5.099100117;1.574477315;0.7657032609;8.805587769;5.107093085;-0.3034470677;0.3691150546;0.3701840639;2
5.101201835;1.55054903;0.8231309652;8.953942299;5.109194804;-0.3095557392;0.3630063832;0.3738492429;2
5.103303554;1.536192179;0.8518448472;9.016156197;5.111296575;-0.3144426346;0.3630063832;0.3799578846;2
5.105405325;1.536192179;0.8997012973;9.087940216;5.113398242;-0.3181078434;0.366671592;0.3872882724;2
5.107507044;1.517049551;0.9379864931;9.2362957;5.115500012;-0.3193295598;0.3788888752;0.3958403766;2
5.109608762;1.531406522;0.9714859724;9.332008362;5.117601731;-0.320551306;0.3898844421;0.4043924809;2
5.111710533;1.531406522;0.9858429432;9.408578873;5.11970345;-0.3217730224;0.4069886506;0.4141663313;2
5.1138122;1.588834286;1.052842021;9.427721024;5.121805169;-0.324216485;0.4216494262;0.4227184355;2
5.115913971;1.617548108;1.076770186;9.518648148;5.12390694;-0.3254382014;0.4448622763;0.4312705398;2
5.11801569;1.708475351;1.076770186;9.580862045;5.126008658;-0.3254382014;0.4656316638;0.439822644;2
5.120117408;1.770688772;1.076770186;9.609575272;5.128110377;-0.327881664;0.4876227975;0.4495964646;2
5.122219127;1.861616015;1.03848505;9.643074989;5.130212148;-0.3291034102;0.5083922148;0.4569268525;2
5.124320898;1.890329838;1.009771109;9.695717812;5.132313867;-0.3303251266;0.5279398561;0.4618137777;2
5.126422617;1.952543259;1.004985452;9.767501831;5.134415585;-0.3315468729;0.5474875569;0.4654789567;2
5.128524335;2.057827473;1.004985452;9.872786522;5.136517304;-0.3303251266;0.5670352578;0.4691441655;2
5.130626106;2.134397745;1.024128079;9.973284721;5.138619023;-0.3291034102;0.5792525411;0.4715875983;2
5.132727825;2.187039852;1.024128079;10.04506969;5.140720794;-0.327881664;0.5914698243;0.4740310609;2
5.134829544;2.244467735;1.019342422;10.12164021;5.142822512;-0.3254382014;0.6000219584;0.4740310609;2
5.136931262;2.258824587;0.9810572863;10.32742214;5.144924231;-0.320551306;0.6085740328;0.4728093445;2
5.139032981;2.277967215;0.9140582681;10.47577763;5.14702595;-0.3144426346;0.6085740328;0.4679224193;2
5.141134752;2.349751949;0.8614161611;10.60020447;5.149127669;-0.3071122766;0.604908824;0.4618137777;2
5.143236471;2.421536446;0.8087740541;10.72463131;5.151229387;-0.3022253513;0.6012436748;0.4532616735;2
5.14533819;2.522035122;0.7226324677;10.94477081;5.153331158;-0.2997818887;0.5902481079;0.4447095692;2
5.147439908;2.574677229;0.6652047038;11.05962658;5.155432877;-0.2924515009;0.5792525411;0.4349357188;2
5.149541627;2.612962246;0.626919508;11.11705399;5.157534596;-0.2875646055;0.563370049;0.4251618981;2
5.151643346;2.598605394;0.5455635786;11.13619614;5.159636315;-0.2826776803;0.5450441241;0.4141663313;2
5.153745117;2.593819857;0.4977070987;11.23190975;5.161738085;-0.2765690386;0.5242747068;0.4007273018;2
5.155846835;2.617748022;0.4642075896;11.32283688;5.163839804;-0.274125576;0.504727006;0.3885099888;2
5.157948554;2.684746981;0.4594219327;11.43290615;5.165941575;-0.2729038298;0.4851793647;0.3762927055;2
5.160050273;2.775674343;0.4450650215;11.57169056;5.168043294;-0.2716821134;0.4656316638;0.3652971387;2
5.162152044;2.770888567;0.4211367965;11.59561825;5.17014496;-0.2716821134;0.4473057389;0.3567450345;2
5.164253762;2.708675146;0.4115654826;11.50469112;5.172246731;-0.2692386508;0.4289797843;0.3494146466;2
5.166355533;2.651247501;0.4019941986;11.50469112;5.17434845;-0.2655734718;0.4069886506;0.3408625424;2
5.168457252;2.627319336;0.3732803464;11.5764761;5.176450169;-0.2631300092;0.3874409795;0.3298669755;2
5.170558919;2.612962246;0.3924229145;11.65304661;5.17855194;-0.258243084;0.3642281294;0.3200931549;2
5.17266069;2.641676188;0.4019941986;11.76311588;5.180653658;-0.2521344423;0.3434587121;0.3103193045;2
5.174762408;2.665604353;0.4067798555;11.84925747;5.182755377;-0.2472475171;0.3226893246;0.3005454838;2
5.176864127;2.708675146;0.4163511395;11.8971138;5.184857096;-0.2386954129;0.3031416535;0.2883281708;2
5.178965898;2.742174864;0.4019941986;11.94975662;5.186958815;-0.2325867712;0.2835939825;0.2773326039;2
5.181067617;2.761317253;0.3876372576;11.99761295;5.189060585;-0.2203694731;0.2652680278;0.2651153207;2
5.183169335;2.756531715;0.3589234054;12.03589821;5.191162304;-0.2118173689;0.2432768941;0.2553414702;2
5.185271054;2.766103029;0.3397808075;12.13639641;5.193264023;-0.204486981;0.2176205814;0.246789366;2
5.187372773;2.804388046;0.3349951804;12.19382381;5.195365742;-0.1971566081;0.1992946416;0.2370155305;2
5.189474544;2.73260355;0.3062812984;12.12682533;5.197467512;-0.1910479665;0.1821904182;0.2284634262;2
5.191576262;2.665604353;0.2967100143;12.14596748;5.199569231;-0.1824958473;0.1711948514;0.2223547846;2
5.193677981;2.617748022;0.3110669553;12.11246777;5.20167095;-0.1751654744;0.1516471803;0.2174678594;2
5.1957797;2.593819857;0.3110669553;12.078969;5.203772669;-0.1653916389;0.1308777779;0.2113592178;2
5.197881471;2.565105915;0.3349951804;12.08854008;5.205874387;-0.1580612659;0.1113301069;0.2052505612;2
5.19998319;2.569891453;0.3397808075;12.03589821;5.207976158;-0.1495091617;0.09178243577;0.1991419196;2
5.202084908;2.603390932;0.3828516304;12.02632618;5.210077877;-0.1434005052;0.06979130208;0.1942549944;2
5.204186627;2.651247501;0.4211367965;12.11725426;5.212179596;-0.1385135949;0.0478001684;0.1918115467;2
5.206288346;2.699103832;0.4546363056;12.09332561;5.214281315;-0.1397353113;0.02580903657;0.1881463528;2
5.208390117;2.608176708;0.4546363056;11.9593277;5.216383085;-0.1372918636;0.003817904973;0.1844811589;2
5.210491835;2.536391973;0.4498506486;11.83968639;5.218484804;-0.1360701323;-0.01817322709;0.1795942485;2
5.212593554;2.498106956;0.4450650215;11.80618668;5.220586523;-0.134848401;-0.03772090003;0.1722638607;2
5.214695273;2.517249346;0.4689932466;11.80140114;5.222688242;-0.131183207;-0.05482511222;0.1661552191;2
5.216797044;2.584248543;0.4642075896;11.82054424;5.224790012;-0.1287397593;-0.07315105945;0.1576031148;2
5.218898762;2.656033039;0.4737788737;11.83968639;5.226891731;-0.1262962967;-0.08781181276;0.1490510106;2
5.221000481;2.699103832;0.4929214716;11.84925747;5.22899345;-0.1214093715;-0.1012508348;0.1392771751;2
5.2231022;2.746960402;0.4881358147;11.86840057;5.231095169;-0.1153007299;-0.1146898642;0.1295033395;2
5.225203971;2.770888567;0.4929214716;11.8588295;5.233196887;-0.1104138121;-0.1281288862;0.1197294965;2
5.22730569;2.766103029;0.4977070987;11.8971138;5.235298658;-0.09941824526;-0.1379027218;0.1087339297;2
5.229407408;2.766103029;0.5024927258;11.94975662;5.237400377;-0.08842267841;-0.1476765573;0.1001818255;2
5.231509127;2.770888567;0.5024927258;11.97846985;5.239502096;-0.07742711157;-0.1611155868;0.09040798992;2
5.233610846;2.73260355;0.5216353536;11.98325539;5.241603815;-0.06276635826;-0.1757763475;0.07941242307;2
5.235712617;2.746960402;0.5216353536;12.02154064;5.243705585;-0.04932733253;-0.1892153621;0.06719512492;2
5.237814335;2.809173822;0.5168496966;12.09332561;5.245807304;-0.03711003438;-0.2014326602;0.05864302069;2
5.239916054;2.857030153;0.5024927258;12.10289669;5.247909023;-0.02611446939;-0.2112064958;0.04520399496;2
5.242017773;2.833101988;0.4689932466;12.02632618;5.250010742;-0.01389717404;-0.2197586;0.03176496923;2
5.244119544;2.833101988;0.4546363056;11.9593277;5.25211246;-0.004123337101;-0.2246455252;0.0183259435;2
5.246221262;2.809173822;0.4354937077;11.87797165;5.254214231;0.003207040019;-0.2307541668;0.004886918236;2
5.248322981;2.81395936;0.4546363056;11.82054424;5.25631595;0.01053741761;-0.2368628234;-0.008552107029;2
5.2504247;2.852244616;0.4402793646;11.75833035;5.258417669;0.02031125315;-0.2405280024;-0.02199113183;2
5.252526419;2.852244616;0.4402793646;11.73440266;5.260519387;0.02519817278;-0.2454149276;-0.03298669681;2
5.25462819;2.842673302;0.4498506486;11.72004509;5.262621158;0.03252854943;-0.2490801066;-0.04642572254;2
5.256729908;2.809173822;0.4450650215;11.66740322;5.264722877;0.03619373962;-0.2515235841;-0.0549778305;2
5.258831627;2.73260355;0.4498506486;11.62911797;5.266824596;0.04230238497;-0.2576322258;-0.06719512492;2
5.260933346;2.684746981;0.4450650215;11.60519028;5.268926315;0.04596757516;-0.269849509;-0.08063415438;2
5.263035117;2.670390129;0.4402793646;11.57169056;5.271028033;0.05207622424;-0.2808450758;-0.09529490769;2
5.265136835;2.675175667;0.4354937077;11.52383423;5.273129752;0.0557414107;-0.2991710305;-0.1123991162;2
5.267238554;2.727817774;0.3972085714;11.51904774;5.275231523;0.06062832847;-0.31261006;-0.1295033395;2
5.269340273;2.799602509;0.3684946895;11.53819084;5.277333242;0.06551524997;-0.3272708058;-0.146607548;2
5.271441992;2.837887764;0.3732803464;11.48554897;5.27943496;0.06673697382;-0.3407098353;-0.1612683088;2
5.27354371;2.857030153;0.3684946895;11.43769264;5.281536731;0.07040216774;-0.3553705812;-0.1783725172;2
5.275645481;2.837887764;0.3828516304;11.41854954;5.28363845;0.0728456229;-0.366366148;-0.1930332631;2
5.2777472;2.790031195;0.4067798555;11.36112213;5.285740169;0.0740673542;-0.3736965358;-0.2076940238;2
5.279848919;2.727817774;0.4402793646;11.27498055;5.287841887;0.07773254067;-0.3834703565;-0.2211330533;2
5.28195069;2.694318295;0.4259224236;11.2510519;5.289943658;0.08384118974;-0.3846921027;-0.2345720828;2
5.284052408;2.679961443;0.4211367965;11.24626637;5.292045325;0.08628465235;-0.3908007443;-0.246789366;2
5.286154127;2.651247501;0.4115654826;11.26540947;5.294147096;0.09239330143;-0.3932442069;-0.2577849329;2
5.288255846;2.603390932;0.4211367965;11.26062298;5.296248815;0.0972802192;-0.3969093859;-0.2663370371;2
5.290357617;2.517249346;0.4594219327;11.24626637;5.298350585;0.1058323234;-0.4017963111;-0.2736674249;2
5.292459283;2.431107759;0.4929214716;11.24148083;5.300452252;0.1119409725;-0.4079049528;-0.2797760665;2
5.294561054;2.368894339;0.5264210105;11.24626637;5.302554023;0.1204930767;-0.4140135944;-0.2846629918;2
5.296662773;2.287538528;0.5694918036;11.24626637;5.304655742;0.1290451884;-0.4250091612;-0.2871064544;2
5.298764544;2.220539331;0.6077769399;11.23669529;5.30675746;0.1363755614;-0.4360047281;-0.2919933498;2
5.30086621;2.172683001;0.6556333899;11.23190975;5.308859179;0.1437059343;-0.4470002949;-0.293215096;2
5.302967981;2.105684042;0.6843472719;11.16969585;5.31096095;0.1510363221;-0.4543306828;-0.2944368124;2
5.3050697;2.053041935;0.6987041831;11.13619614;5.313062669;0.1595884264;-0.462882787;-0.2993237376;2
5.307171419;2.024327993;0.70348984;11.10269737;5.315164387;0.1632536054;-0.4641045034;-0.3054323792;2
5.309273137;2.005185366;0.6747759581;11.05962658;5.317266106;0.1705839932;-0.4677697122;-0.3127627671;2
5.311374908;1.995614052;0.679561615;11.00219822;5.319367877;0.1730274558;-0.4714348912;-0.3188714087;2
5.313476627;1.986042738;0.6556333899;10.90170002;5.321469596;0.1754709035;-0.4714348912;-0.3237583339;2
5.315578346;1.966900229;0.6747759581;10.82034397;5.323571315;0.1779143661;-0.4726566374;-0.3286452591;2
5.317680065;1.952543259;0.7130611539;10.75813103;5.325673033;0.1779143661;-0.466547966;-0.3335321844;2
5.319781835;1.919043779;0.7417750359;10.71506023;5.327774752;0.1754709035;-0.4579958618;-0.3384190798;2
5.321883554;1.871187329;0.7704889178;10.57149029;5.329876523;0.1754709035;-0.4543306828;-0.3420842886;2
5.323985273;1.832902193;0.8183453679;10.4279213;5.331978242;0.1730274558;-0.4531089365;-0.3457494676;2
5.326086992;1.751546144;0.837487936;10.38006496;5.33407996;0.1705839932;-0.4506655037;-0.3506363928;2
5.32818871;1.718046665;0.8470591903;10.37049294;5.336181679;0.1681405306;-0.4445568323;-0.3555232882;2
5.330290481;1.670190215;0.837487936;10.3657074;5.33828345;0.1693622619;-0.4384481907;-0.3579667509;2
5.3323922;1.636690736;0.8327022791;10.31785107;5.340385169;0.1644753367;-0.4286743701;-0.3604102135;2
5.334493919;1.579262972;0.8614161611;10.26999474;5.342486887;0.162031889;-0.4201222658;-0.3604102135;2
5.336595637;1.50269258;0.9044869542;10.23170948;5.344588658;0.1571449637;-0.412791878;-0.3591884971;2
5.338697408;1.402194023;0.9810572863;10.15035343;5.346690325;0.1559232324;-0.4054614902;-0.3543015718;2
5.340799127;1.306481123;1.043270707;10.07378292;5.348792044;0.1547015011;-0.3956876695;-0.3506363928;2
5.342900846;1.205982566;1.062413216;10.04028416;5.350893815;0.1571449637;-0.3834703565;-0.3445277214;2
5.345002617;1.100698471;1.071984529;10.08814049;5.352995533;0.1559232324;-0.3651444316;-0.339640826;2
5.347104283;1.03848505;1.062413216;10.12642574;5.355097304;0.158366695;-0.3468184769;-0.3347539008;2
5.349206002;1.004985452;1.062413216;10.14556789;5.357199023;0.158366695;-0.3260490894;-0.3286452591;2
5.351307773;0.9858429432;1.124626637;10.07378292;5.359300742;0.1644753367;-0.3089448512;-0.3200931549;2
5.353409492;0.9523434043;1.1820544;9.992427826;5.36140246;0.165697068;-0.2881754637;-0.3115410507;2
5.355511262;0.8997012973;1.191625714;9.982855797;5.363504179;0.1693622619;-0.2710712552;-0.3017672002;2
5.357612981;0.8518448472;1.205982566;10.05464077;5.365605898;0.1742491722;-0.2515235841;-0.293215096;2
5.3597147;0.7992027402;1.220339537;10.06421185;5.367707669;0.1791360974;-0.2380845547;-0.2871064544;2
5.361816419;0.7513462901;1.253839016;10.00678444;5.369809387;0.18157956;-0.2234237939;-0.2797760665;2
5.363918137;0.7417750359;1.249053478;9.997213364;5.371911106;0.1803578287;-0.2099847645;-0.2724456787;2
5.366019856;0.7178468108;1.244267821;10.0019989;5.374012877;0.1852447391;-0.2026543915;-0.2638935745;2
5.368121627;0.6604190469;1.253839016;9.968499184;5.376114596;0.1864664704;-0.1965457499;-0.2577849329;2
5.370223346;0.5647061467;1.244267821;9.944570541;5.378216315;0.1876882017;-0.1916588247;-0.2516762912;2
5.372325065;0.4833501875;1.205982566;9.973284721;5.380318033;0.1864664704;-0.192880556;-0.2492328286;2
5.374426835;0.4689932466;1.172483087;10.0019989;5.382419752;0.1840230078;-0.1989891976;-0.246789366;2
5.376528554;0.4450650215;1.16769743;10.00678444;5.384521471;0.18157956;-0.2050978541;-0.2455676347;2
5.378630273;0.4163511395;1.138983607;9.95414257;5.386623242;0.1803578287;-0.2112064958;-0.246789366;2
5.380731992;0.3780659735;1.110269666;9.934999466;5.38872496;0.1803578287;-0.2222020626;-0.246789366;2
5.38283371;0.3589234054;1.0863415;9.920642853;5.390826679;0.1779143661;-0.2356410921;-0.246789366;2
5.384935429;0.3206382394;1.052842021;9.939785004;5.39292845;0.1718057245;-0.2527453005;-0.250454545;2
5.3870372;0.3062812984;0.9954141974;9.944570541;5.395030169;0.1681405306;-0.2710712552;-0.2528980076;2
5.389138919;0.3062812984;0.9954141974;9.939785004;5.397131887;0.162031889;-0.2893971801;-0.2577849329;2
5.391240637;0.3110669553;0.9810572863;9.963713646;5.399233606;0.1571449637;-0.3065013885;-0.2614501119;2
5.393342408;0.3062812984;0.9858429432;9.944570541;5.401335325;0.1498145908;-0.3248273432;-0.2651153207;2
5.395444127;0.2488535494;0.9571290612;9.882357597;5.403437044;0.142484203;-0.3468184769;-0.2712239623;2
5.397545846;0.2057827413;0.9332008362;9.772287369;5.405538815;0.1351538301;-0.3736965358;-0.2797760665;2
5.399647565;0.1818545163;0.8949156404;9.762716293;5.407640533;0.1241582632;-0.4054614902;-0.2871064544;2
5.401749283;0.1722832322;0.8566305041;9.767501831;5.409742252;0.1131627038;-0.4347830117;-0.2993237376;2
5.403851002;0.1914258152;0.8279166222;9.801001549;5.411843971;0.1033888608;-0.466547966;-0.3115410507;2
5.405952773;0.2009970993;0.7992027402;9.743574142;5.413945742;0.09239330143;-0.4946477413;-0.3237583339;2
5.408054492;0.2297109663;0.760917604;9.671789169;5.41604746;0.08506292105;-0.5239692926;-0.339640826;2
5.41015621;0.2871387303;0.7369893789;9.633503914;5.418149179;0.07528908551;-0.5508472919;-0.3567450345;2
5.412257929;0.3302095234;0.708275497;9.590433121;5.420250898;0.06673697382;-0.5740602016;-0.3714057803;2
5.4143597;0.3397808075;0.708275497;9.604789734;5.422352669;0.05451968312;-0.5911644101;-0.3872882724;2
5.416461419;0.3014956415;0.679561615;9.590433121;5.424454387;0.04474584386;-0.6046034098;-0.4007273018;2
5.418563137;0.2440679073;0.679561615;9.533005714;5.426556106;0.03497200832;-0.6143772602;-0.4105011225;2
5.420664856;0.1579262912;0.70348984;9.41336441;5.428657825;0.02764163166;-0.6217076182;-0.4214966893;2
5.422766627;0.1148554832;0.732203722;9.379864693;5.430759596;0.02153298259;-0.6278162599;-0.4312705398;2
5.424868346;0.09571290761;0.708275497;9.389435768;5.432861315;0.01664606482;-0.6363683939;-0.4410443604;2
5.426970065;0.05742774159;0.7178468108;9.461220741;5.434963033;0.01175914705;-0.6375901103;-0.4520399272;2
5.429071783;0.03349951655;0.7417750359;9.485149384;5.437064752;0.009315688163;-0.6388118267;-0.4581485987;2
5.431173554;-0.0239282269;0.7657032609;9.518648148;5.439166471;0.009315688163;-0.6363683939;-0.4630354941;2
5.433275273;-0.1244267747;0.7465606928;9.552147865;5.441268242;0.01420260593;-0.6314814687;-0.4667007029;2
5.435376992;-0.2249253243;0.756131947;9.566504478;5.44336996;0.01664606482;-0.6229293346;-0.4691441655;2
5.43747871;-0.3349951804;0.7704889178;9.552147865;5.445471679;0.02397644334;-0.6155989766;-0.4691441655;2
5.439580429;-0.4402793646;0.7896314859;9.566504478;5.447573398;0.03130681813;-0.602159977;-0.4679224193;2
5.4416822;-0.4833501875;0.7896314859;9.652647018;5.449675117;0.04108065739;-0.5887209177;-0.4667007029;2
5.443783919;-0.5216353536;0.8231309652;9.738788605;5.451776887;0.05451968312;-0.5691732764;-0.4630354941;2
5.445885637;-0.5694918036;0.837487936;9.781859398;5.453878606;0.06673697382;-0.5459604263;-0.4557051361;2
5.447987356;-0.679561615;0.8757730722;9.8201437;5.455980325;0.08017600328;-0.5227475166;-0.4508182108;2
5.450089075;-0.813559711;0.94277215;9.844072342;5.458082044;0.09361502528;-0.4995346665;-0.4410443604;2
5.452190846;-0.9236295223;1.000199914;9.84885788;5.460183815;0.1070540547;-0.4751000702;-0.4312705398;2
5.454292565;-0.9954141974;1.067198873;9.887143135;5.462285533;0.121714808;-0.4543306828;-0.4202749729;2
5.456394283;-1.11984098;1.095912814;9.863214493;5.464387252;0.1363755614;-0.4372264743;-0.4068359435;2
5.458496002;-1.249053478;1.124626637;9.786644936;5.466488971;0.1547015011;-0.4152353406;-0.3921751976;2
5.460597773;-1.339980721;1.138983607;9.796216011;5.468590742;0.1705839932;-0.3969093859;-0.3775144219;2
5.462699492;-1.368694544;1.153340459;9.87757206;5.47069246;0.1852447391;-0.3810268939;-0.3640754223;2
5.46480121;-1.426122308;1.13419795;9.901499748;5.472794179;0.2023489624;-0.3675878942;-0.3481929302;2
5.466902929;-1.488335729;1.11984098;9.896714211;5.474895898;0.2170097083;-0.3590357602;-0.3359756172;2
5.4690047;-1.555334687;1.124626637;9.891928673;5.476997617;0.2304487377;-0.3492619395;-0.3237583339;2
5.471106419;-1.560120344;1.129412293;9.87757206;5.479099387;0.2414443046;-0.3419315517;-0.3152062297;2
5.473208137;-1.545763373;1.11984098;9.8201437;5.481201106;0.2512181401;-0.3431532979;-0.3054323792;2
5.475309856;-1.526620865;1.129412293;9.695717812;5.483302825;0.2573267817;-0.3468184769;-0.3005454838;2
5.477411575;-1.459621787;1.138983607;9.585647583;5.485404544;0.2609919906;-0.3578140438;-0.2956585586;2
5.479513346;-1.397408366;1.177268744;9.470791817;5.487506315;0.2597702444;-0.370031327;-0.293215096;2
5.481615065;-1.287338614;1.196411371;9.341579437;5.489608033;0.2548833191;-0.3822486401;-0.2919933498;2
5.483716783;-1.196411371;1.220339537;9.198010445;5.491709752;0.2451094985;-0.3981311321;-0.2919933498;2
5.485818502;-1.115055323;1.220339537;9.016156197;5.493811471;0.2304487377;-0.416457057;-0.293215096;2
5.487920273;-1.009771109;1.21555388;8.839086533;5.49591319;0.212122798;-0.4323395491;-0.296880275;2
5.490021992;-0.8949156404;1.210768223;8.642875671;5.498014908;0.1901316643;-0.4518872201;-0.3029889166;2
5.49212371;-0.7752745152;1.1820544;8.422736168;5.500116679;0.1644753367;-0.4726566374;-0.3103193045;2
5.494225429;-0.6556333899;1.16769743;8.202595711;5.502218398;0.1363755614;-0.4958694875;-0.3188714087;2
5.496327148;-0.5312066078;1.148554921;7.982456207;5.504320117;0.102167137;-0.5178605914;-0.3310887218;2
5.498428867;-0.3828516304;1.110269666;7.795815945;5.506421835;0.06673697382;-0.5435169339;-0.3445277214;2
5.500530637;-0.2440679073;1.081555843;7.647460938;5.508523606;0.03252854943;-0.5691732764;-0.3591884971;2
5.502632356;-0.1435693651;1.052842021;7.479963779;5.510625325;-0.002901607659;-0.5899426341;-0.3738492429;2
5.504734075;-0.0382851623;1.014556766;7.326822758;5.512727044;-0.04199695215;-0.6131555438;-0.389731735;2
5.506835794;0.0382851623;0.9762716293;7.231110096;5.514828762;-0.07498364896;-0.6290380359;-0.4056142271;2
5.508937565;0.1292124242;0.94277215;7.159325123;5.516930533;-0.1091920808;-0.6449204683;-0.4227184355;2
5.511039283;0.2057827413;0.9379864931;7.073183537;5.519032252;-0.1446222365;-0.659581244;-0.4386008978;2
5.513141002;0.2632105052;0.9092726111;7.054041386;5.521133971;-0.1751654744;-0.6705768108;-0.4532616735;2
5.515242721;0.2919243574;0.9140582681;7.025327206;5.523235742;-0.2057087123;-0.6803506613;-0.4667007029;2
5.517344492;0.3014956415;0.8949156404;7.034898758;5.52533746;-0.2325867712;-0.6852375865;-0.4764745235;2
5.51944621;0.3014956415;0.9092726111;7.054041386;5.527439179;-0.2570213675;-0.6864593029;-0.486248374;2
5.521547929;0.2823530734;0.8853443861;7.073183537;5.529540898;-0.2790125012;-0.6852375865;-0.4923570156;2
5.5236497;0.2440679073;0.8949156404;7.183253765;5.531642617;-0.2973384261;-0.6779071689;-0.4972439408;2
5.525751419;0.1866401732;0.8997012973;7.302894592;5.533744335;-0.3132209182;-0.6656898856;-0.4996874034;2
5.527853137;0.1196411327;0.9188438654;7.422535896;5.535846106;-0.3229947388;-0.65102911;-0.5021308661;2
5.529954856;0.0765703246;0.9140582681;7.551748276;5.537947825;-0.3315468729;-0.6302597523;-0.5021308661;2
5.532056575;0.0143569354;0.9044869542;7.652246952;5.540049544;-0.3364337683;-0.6082686186;-0.5021308661;2
5.534158294;-0.0143569354;0.9044869542;7.786244869;5.542151262;-0.3388772309;-0.5850557685;-0.5033525825;2
5.536260065;-0.04785645381;0.8853443861;7.915457249;5.544252981;-0.3376555145;-0.5618428588;-0.5021308661;2
5.538361783;-0.1148554832;0.8614161611;8.030312538;5.546354752;-0.3339903057;-0.5410735011;-0.4984656572;2
5.540463502;-0.1292124242;0.8327022791;8.18345356;5.548456471;-0.3303251266;-0.5154171586;-0.4972439408;2
5.542565221;-0.1962114573;0.7992027402;8.283951759;5.55055819;-0.324216485;-0.4934260249;-0.4948004782;2
5.54466694;-0.2536391914;0.7226324677;8.394021988;5.552659908;-0.3181078434;-0.4689914286;-0.489913553;2
5.54676871;-0.2823530734;0.650847733;8.470592499;5.554761679;-0.311999172;-0.4457785785;-0.4850266278;2
5.548870429;-0.3302095234;0.5934200287;8.561519623;5.556863398;-0.3022253513;-0.4225656986;-0.4813614488;2
5.550972148;-0.3541377485;0.5407779217;8.633303642;5.558965117;-0.2948949635;-0.3969093859;-0.4776962698;2
5.553073867;-0.3684946895;0.5168496966;8.662017822;5.561066835;-0.2875646055;-0.370031327;-0.4752528071;2
5.555175637;-0.3589234054;0.4881358147;8.705088615;5.563168606;-0.2802342176;-0.3443750143;-0.4715875983;2
5.557277356;-0.3445664644;0.4546363056;8.729017258;5.565270325;-0.274125576;-0.3138317764;-0.4703658819;2
5.559379075;-0.3158525825;0.4546363056;8.743373871;5.567372044;-0.2667951882;-0.2857320011;-0.4703658819;2
5.561480794;-0.2679961324;0.4642075896;8.743373871;5.569473762;-0.2570213675;-0.2551887631;-0.4691441655;2
5.563582565;-0.2153540403;0.4402793646;8.733802795;5.571575533;-0.2521344423;-0.2234237939;-0.4728093445;2
5.565684283;-0.1435693651;0.4211367965;8.748159409;5.5736772;-0.2472475171;-0.1941022873;-0.4764745235;2
5.567786002;-0.09571290761;0.4211367965;8.743373871;5.575778971;-0.2374736816;-0.1623373181;-0.4838049114;2
5.569887721;-0.04307080805;0.3924229145;8.752944946;5.57788069;-0.2313650399;-0.1354592592;-0.4911352694;2
5.571989492;0.009571290575;0.3589234054;8.757730484;5.57998246;-0.2228129357;-0.1073594838;-0.4996874034;2
5.574091158;0.0143569354;0.3349951804;8.743373871;5.582084179;-0.2179260105;-0.08414662629;-0.5094612241;2
5.576192929;0.01914258115;0.2967100143;8.729017258;5.584185898;-0.2118173689;-0.06459894776;-0.5180133581;2
5.578294648;0.0382851623;0.2727817893;8.705088615;5.586287617;-0.2093739063;-0.04627300799;-0.5265654325;2
5.580396419;0.0382851623;0.2488535494;8.685946465;5.588389335;-0.2057087123;-0.02550360374;-0.5375609994;2
5.582498137;0.03349951655;0.2392822653;8.676374435;5.590491106;-0.2032652497;-0.005955931731;-0.5473348498;2
5.584599856;0.02871387079;0.2440679073;8.662017822;5.592592825;-0.1971566081;0.01114828233;-0.5558869243;2
5.586701575;0.004785645287;0.2344966233;8.638090134;5.594694544;-0.1959348768;0.0294742249;-0.5656607747;2
5.588803294;-0.004785645287;0.2344966233;8.633303642;5.596796262;-0.1934914142;0.0490218997;-0.5754346251;2
5.590905065;-0.03349951655;0.2057827413;8.599804878;5.598897981;-0.1922696829;0.06612611562;-0.5827649832;2
5.593006783;-0.04785645381;0.1866401732;8.604590416;5.600999752;-0.1873827726;0.08200860023;-0.5925388336;2
5.595108502;-0.1004985496;0.1722832322;8.638090134;5.603101471;-0.1861610413;0.08933897316;-0.6010909677;2
5.597210221;-0.1627119333;0.1770688742;8.685946465;5.60520319;-0.1837175786;0.09544762224;-0.6096430421;2
5.59931194;-0.2488535494;0.1674975902;8.748159409;5.607304908;-0.1800523996;0.09422589093;-0.6181951761;2
5.60141371;-0.3254238665;0.1627119333;8.858229637;5.609406679;-0.1800523996;0.08811724186;-0.6267472506;2
5.603515429;-0.3828516304;0.1722832322;8.896514893;5.611508398;-0.1763872057;0.07834340632;-0.636521101;2
5.605617148;-0.4211367965;0.1627119333;8.934800148;5.613610117;-0.1739437431;0.06368265301;-0.645073235;2
5.607718867;-0.4546363056;0.1483550072;8.977870941;5.615711835;-0.1727220118;0.0478001684;-0.6536253095;2
5.609820637;-0.5168496966;0.1148554832;9.03051281;5.617813606;-0.1739437431;0.03069595434;-0.6609556675;2
5.611922356;-0.5503492355;0.1100698411;9.040083885;5.619915325;-0.1751654744;0.006261364091;-0.6682860851;2
5.614024075;-0.6077769399;0.1292124242;9.03051281;5.622017044;-0.1788306683;-0.01817322709;-0.6743947268;2
5.616125794;-0.6891329288;0.1339980662;9.011369705;5.624118762;-0.1824958473;-0.04505127668;-0.6768381596;2
5.618227565;-0.7704889178;0.1627119333;8.992227554;5.626220481;-0.1922696829;-0.06948586553;-0.6817250848;2
5.620329283;-0.8518448472;0.1866401732;8.953942299;5.628322252;-0.1996000707;-0.09514218569;-0.6829468012;2
5.622431002;-0.9523434043;0.2153540403;8.944371223;5.630423971;-0.2105956376;-0.1183550507;-0.6817250848;2
5.624532721;-1.03848505;0.2344966233;8.90130043;5.63252569;-0.2203694731;-0.1415679157;-0.6829468012;2
5.62663444;-1.100698471;0.2536391914;8.910871506;5.634627408;-0.2313650399;-0.1623373181;-0.6805033684;2
5.62873621;-1.162911773;0.2584248483;8.877371788;5.636729179;-0.2448040545;-0.1818849891;-0.679281652;2
5.630837929;-1.201196909;0.2871387303;8.853444099;5.638830898;-0.2570213675;-0.2038761228;-0.6768381596;2
5.632939648;-1.234696507;0.3158525825;8.791230202;5.640932617;-0.2692386508;-0.2185368687;-0.6731730103;2
5.635041367;-1.253839016;0.3493520916;8.767302513;5.643034335;-0.2790125012;-0.2270889878;-0.6658425927;2
5.637143137;-1.301695466;0.3828516304;8.733802795;5.645136054;-0.2887863219;-0.2307541668;-0.6609556675;2
5.639244856;-1.339980721;0.4211367965;8.714659691;5.647237825;-0.3022253513;-0.2295324355;-0.6536253095;2
5.641346575;-1.383051515;0.4498506486;8.714659691;5.649339544;-0.3107774556;-0.2258672565;-0.6462949514;2
5.643448294;-1.421336651;0.4785645306;8.719446182;5.651441262;-0.3181078434;-0.2148716897;-0.6377428174;2
5.645550012;-1.450050473;0.5072783828;8.705088615;5.653542981;-0.3266599476;-0.2002109289;-0.6304124594;2
5.647651783;-1.478764415;0.5024927258;8.714659691;5.655644752;-0.327881664;-0.1818849891;-0.6181951761;2
5.649753502;-1.493121386;0.5264210105;8.748159409;5.657746471;-0.3291034102;-0.1611155868;-0.6071996093;2
5.651855221;-1.497906923;0.5312066078;8.772088051;5.65984819;-0.3291034102;-0.1342375278;-0.5974257588;2
5.65395694;-1.512263894;0.5359922647;8.824729919;5.661949908;-0.324216485;-0.1061377525;-0.5852084756;2
5.65605871;-1.531406522;0.5455635786;8.90130043;5.664051627;-0.3181078434;-0.07681624591;-0.5729911923;2
5.658160429;-1.560120344;0.5312066078;8.977870941;5.666153398;-0.311999172;-0.04016435891;-0.5619956255;2
5.660262148;-1.579262972;0.5168496966;9.016156197;5.668255117;-0.3046688139;-0.004734201822;-0.5522217751;2
5.662363867;-1.564906001;0.5024927258;9.083154678;5.670356835;-0.2961167097;0.03191768378;-0.5412262082;2
5.664465585;-1.555334687;0.5024927258;9.154939651;5.672458554;-0.2851211429;0.06368265301;-0.5326740742;2
5.666567356;-1.55054903;0.4977070987;9.20758152;5.674560325;-0.274125576;0.0991128087;-0.5229002237;2
5.668669075;-1.531406522;0.4881358147;9.279366493;5.676662044;-0.2594648004;0.123547405;-0.5131264329;2
5.670770794;-1.526620865;0.4642075896;9.38465023;5.678763762;-0.2472475171;0.1430950761;-0.5045742989;2
5.672872512;-1.521835208;0.4546363056;9.485149384;5.680865481;-0.2325867712;0.1577558219;-0.493578732;2
5.674974283;-1.526620865;0.4259224236;9.561718941;5.6829672;-0.2203694731;0.1687513888;-0.4850266278;2
5.677076002;-1.574477315;0.4019941986;9.686145782;5.685068971;-0.2057087123;0.1760817766;-0.4776962698;2
5.679177721;-1.636690736;0.3637090325;9.777072906;5.68717069;-0.1934914142;0.1785252392;-0.4715875983;2
5.68127944;-1.703689694;0.3493520916;9.829715729;5.689272408;-0.1800523996;0.1797469556;-0.4679224193;2
5.683381158;-1.741974831;0.3302095234;9.87757206;5.691374127;-0.1702785641;0.1760817766;-0.4654789567;2
5.685482929;-1.761117458;0.3158525825;9.906285286;5.693475898;-0.161726445;0.1650862098;-0.4630354941;2
5.687584648;-1.761117458;0.2919243574;9.944570541;5.695577617;-0.1519526094;0.1528689116;-0.4630354941;2
5.689686367;-1.765903115;0.3254238665;9.963713646;5.697679335;-0.1470656991;0.1382081509;-0.4630354941;2
5.691788085;-1.746760488;0.3254238665;9.949356079;5.699781054;-0.1421787739;0.1211039424;-0.4630354941;2
5.693889856;-1.746760488;0.3158525825;9.963713646;5.701882825;-0.1385135949;0.1052214578;-0.4630354941;2
5.695991575;-1.751546144;0.3158525825;9.939785004;5.703984544;-0.1372918636;0.08811724186;-0.4654789567;2
5.698093294;-1.737189293;0.3397808075;9.87757206;5.706086262;-0.1385135949;0.06856957078;-0.4654789567;2
5.700195012;-1.718046665;0.3254238665;9.815358162;5.708187981;-0.1409570426;0.05024362728;-0.4667007029;2
5.702296783;-1.741974831;0.3493520916;9.724431038;5.7102897;-0.1458439678;0.03191768378;-0.4679224193;2
5.704398502;-1.789831281;0.3541377485;9.647860527;5.712391471;-0.154396072;0.009926552884;-0.4654789567;2
5.706500221;-1.808973908;0.3972085714;9.566504478;5.71449319;-0.1641699076;-0.0157297682;-0.4618137777;2
5.70860194;-1.856830359;0.4354937077;9.489934921;5.716594908;-0.1788306683;-0.0438295491;-0.4581485987;2
5.710703658;-1.890329838;0.4498506486;9.408578873;5.718696679;-0.1934914142;-0.06948586553;-0.4569268525;2
5.712805429;-1.93340075;0.4929214716;9.3367939;5.720798346;-0.2105956376;-0.1012508348;-0.4532616735;2
5.714907148;-1.966900229;0.5120640397;9.260223389;5.722900117;-0.2301433086;-0.1305723488;-0.4532616735;2
5.717008867;-1.9812572;0.5359922647;9.159725189;5.725001835;-0.2472475171;-0.1598938555;-0.4508182108;2
5.719110637;-1.976471543;0.5407779217;9.126225471;5.727103554;-0.2655734718;-0.1892153621;-0.4495964646;2
5.721212304;-1.966900229;0.5503492355;9.05922699;5.729205325;-0.2838993967;-0.2222020626;-0.4471530318;2
5.723314075;-1.938186288;0.5407779217;9.049654961;5.731307044;-0.3022253513;-0.2539670467;-0.4447095692;2
5.725415794;-1.919043779;0.5359922647;9.083154678;5.733408762;-0.320551306;-0.2857320011;-0.4447095692;2
5.727517512;-1.942971945;0.5120640397;9.097511292;5.735510481;-0.3352120519;-0.3065013885;-0.443487823;2
5.729619283;-1.952543259;0.4881358147;9.135796547;5.7376122;-0.3498727977;-0.3236056268;-0.4459312856;2
5.731721002;-1.938186288;0.4642075896;9.150154114;5.739713971;-0.3596466482;-0.3358229101;-0.4459312856;2
5.733822721;-1.928615093;0.4211367965;9.202795982;5.74181569;-0.3657552898;-0.3419315517;-0.4483747482;2
5.73592444;-1.895115495;0.3876372576;9.269794464;5.743917408;-0.3694204688;-0.3431532979;-0.4495964646;2
5.738026158;-1.861616015;0.3876372576;9.360722542;5.746019127;-0.370642215;-0.3382663727;-0.4544833899;2
5.740127929;-1.794616938;0.3924229145;9.475577354;5.748120846;-0.3694204688;-0.3346011937;-0.4593703151;2
5.742229648;-1.756331801;0.3924229145;9.576076508;5.750222617;-0.3657552898;-0.3260490894;-0.4630354941;2
5.744331367;-1.722832322;0.4115654826;9.681360245;5.752324335;-0.3608683646;-0.3113883138;-0.4654789567;2
5.746433085;-1.689332843;0.3876372576;9.772287369;5.754426054;-0.3535379767;-0.2967275679;-0.4654789567;2
5.748534804;-1.694118381;0.3876372576;9.853643417;5.756527825;-0.3413206935;-0.2784016132;-0.4630354941;2
5.750636575;-1.732403636;0.3732803464;9.95414257;5.758629492;-0.327881664;-0.2515235841;-0.4569268525;2
5.752738294;-1.794616938;0.3780659735;10.03071213;5.760731262;-0.311999172;-0.2258672565;-0.4495964646;2
5.754840012;-1.852044702;0.3924229145;10.1024971;5.762832981;-0.2961167097;-0.1916588247;-0.4422661066;2
5.756941783;-1.923829436;0.4019941986;10.18863869;5.7649347;-0.2765690386;-0.1550069451;-0.4324922562;2
5.75904345;-1.990828395;0.4163511395;10.23649502;5.767036419;-0.2570213675;-0.1159115955;-0.4239401519;2
5.761145221;-2.033899307;0.4211367965;10.33699417;5.76913819;-0.2374736816;-0.07315105945;-0.4141663313;2
5.76324694;-2.053041935;0.4785645306;10.41356373;5.771239908;-0.2142608166;-0.03039052337;-0.4068359435;2
5.765348658;-2.048256159;0.5120640397;10.46142101;5.773341627;-0.1947131455;0.009926552884;-0.3995055556;2
5.767450377;-2.057827473;0.5312066078;10.50927734;5.775443398;-0.1739437431;0.05024362728;-0.389731735;2
5.769552148;-2.053041935;0.5503492355;10.52363396;5.777545117;-0.154396072;0.08323032409;-0.3799578846;2
5.771653867;-2.096112728;0.5742774606;10.49013424;5.779646835;-0.1360701323;0.1149952933;-0.3665188551;2
5.773755585;-2.134397745;0.6077769399;10.47577763;5.781748554;-0.1214093715;0.1455385387;-0.3555232882;2
5.775857356;-2.196611166;0.6221339107;10.46142101;5.783850273;-0.1067486182;0.1699731201;-0.343306005;2
5.777959075;-2.282752752;0.626919508;10.43270683;5.785952044;-0.09575305134;0.1895207912;-0.3310887218;2
5.780060794;-2.354537487;0.6173482537;10.41835022;5.788053762;-0.0847574845;0.2066250145;-0.3213148713;2
5.782162512;-2.411965132;0.6077769399;10.39442158;5.790155481;-0.07620538026;0.2176205814;-0.3103193045;2
5.784264231;-2.469393015;0.5934200287;10.38006496;5.7922572;-0.07131846249;0.2249509543;-0.3017672002;2
5.786366002;-2.483749866;0.6077769399;10.37527943;5.794358971;-0.06520981342;0.2286161482;-0.2944368124;2
5.788467721;-2.488535643;0.5886343718;10.34177971;5.79646069;-0.06520981342;0.2335030586;-0.2907716334;2
5.79056944;-2.49332118;0.5790630579;10.35135078;5.798562408;-0.06276635826;0.2347247899;-0.2883281708;2
5.792671158;-2.474178553;0.5838487148;10.33699417;5.800664127;-0.06398808211;0.2335030586;-0.2871064544;2
5.794772929;-2.450250387;0.5742774606;10.28913784;5.802765898;-0.06520981342;0.2261726856;-0.2883281708;2
5.796874648;-2.411965132;0.5694918036;10.25563812;5.804867617;-0.07009673119;0.2139553875;-0.2871064544;2
5.798976367;-2.39760828;0.5742774606;10.21256733;5.806969335;-0.07987056673;0.1980729103;-0.2846629918;2
5.801078085;-2.407179594;0.5742774606;10.164711;5.809071054;-0.09086613357;0.1797469556;-0.2834412456;2
5.803179856;-2.411965132;0.5886343718;10.13599682;5.811172773;-0.1030834317;0.1638644785;-0.2822195292;2
5.805281575;-2.459821701;0.6029912829;10.07856941;5.813274492;-0.1165224537;0.1443168074;-0.2797760665;2
5.807383294;-2.507678032;0.5982056856;10.06899738;5.815376262;-0.1299614757;0.1211039424;-0.2797760665;2
5.809485012;-2.550748825;0.6460621357;10.03549862;5.817477981;-0.1470656991;0.09666935354;-0.2785543501;2
5.811586731;-2.603390932;0.650847733;10.0019989;5.8195797;-0.1592829973;0.07101303339;-0.2797760665;2
5.81368845;-2.632104874;0.6460621357;10.04506969;5.821681419;-0.1727220118;0.04046979174;-0.2797760665;2
5.815790221;-2.670390129;0.6317051649;10.06899738;5.823783137;-0.18493931;0.009926552884;-0.2822195292;2
5.81789194;-2.689532757;0.6317051649;10.15513897;5.825884908;-0.1971566081;-0.01817322709;-0.2846629918;2
5.819993658;-2.708675146;0.6077769399;10.19820976;5.827986627;-0.2057087123;-0.04749473557;-0.2858847082;2
5.822095377;-2.751745939;0.6317051649;10.24128056;5.830088346;-0.2142608166;-0.0743727833;-0.289549917;2
5.824197096;-2.780459881;0.626919508;10.31306553;5.832190065;-0.2228129357;-0.1036942974;-0.2871064544;2
5.826298867;-2.804388046;0.6221339107;10.35613632;5.834291835;-0.2264781147;-0.1293506175;-0.2871064544;2
5.828400585;-2.866601467;0.6317051649;10.42313576;5.836393554;-0.2325867712;-0.1537852138;-0.2809978127;2
5.830502304;-2.92402935;0.6317051649;10.44706345;5.838495273;-0.2325867712;-0.169667691;-0.2736674249;2
5.832604023;-2.995813847;0.6460621357;10.49970531;5.840596992;-0.2313650399;-0.1879936308;-0.2626718581;2
5.834705794;-3.086741209;0.6652047038;10.55713367;5.842698762;-0.2301433086;-0.1941022873;-0.2528980076;2
5.836807512;-3.182454109;0.6939185858;10.63370419;5.844800481;-0.2252563834;-0.1977674663;-0.2406807244;2
5.838909231;-3.254238844;0.6987041831;10.66720295;5.8469022;-0.2179260105;-0.1965457499;-0.2284634262;2
5.84101095;-3.302095175;0.708275497;10.72941685;5.849003919;-0.2081521749;-0.1879936308;-0.2162461281;2
5.843112721;-3.316452265;0.7274180651;10.79641533;5.85110569;-0.1971566081;-0.1757763475;-0.2040288299;2
5.84521444;-3.321237803;0.7369893789;10.84427261;5.853207408;-0.1837175786;-0.1635590494;-0.1930332631;2
5.847316158;-3.326023579;0.7417750359;10.89691448;5.855309127;-0.1690568328;-0.1452330947;-0.1832594275;2
5.849417877;-3.306880951;0.7465606928;10.94955635;5.857410846;-0.154396072;-0.1256854236;-0.173485592;2
5.851519648;-3.263810158;0.7465606928;10.95912743;5.859512617;-0.1397353113;-0.1098029464;-0.1649334878;2
5.853621367;-3.230310678;0.7369893789;10.98305607;5.861614335;-0.1238528341;-0.09025526792;-0.1576031148;2
5.855723085;-3.182454109;0.7417750359;10.96869946;5.863716054;-0.1079703495;-0.07803797722;-0.1490510106;2
5.857824804;-3.153740168;0.7178468108;10.95434189;5.865817773;-0.09697478265;-0.05971203372;-0.1404989064;2
5.859926575;-3.115455151;0.6891329288;10.91605663;5.867919492;-0.08353576064;-0.04749473557;-0.1331685185;2
5.862028294;-3.086741209;0.6891329288;10.90170002;5.87002121;-0.0725401938;-0.03405570984;-0.123394683;2
5.864130012;-3.086741209;0.6843472719;10.85862923;5.872122981;-0.06154462695;-0.01939495653;-0.1136208475;2
5.866231731;-3.091526747;0.679561615;10.82991505;5.8742247;-0.05177079141;-0.007177661173;-0.1050687432;2
5.86833345;-3.120240688;0.6747759581;10.80598736;5.876326419;-0.04444041103;0.002596175298;-0.09529490769;2
5.870435169;-3.110669374;0.6652047038;10.78205872;5.87842819;-0.03955349326;0.01237001177;-0.086742796;2
5.87253694;-3.144168854;0.6652047038;10.7677021;5.880529908;-0.03466657549;0.01725693047;-0.07696896046;2
5.874638658;-3.14895463;0.6412764788;10.73420238;5.882631627;-0.02977965772;0.02580903657;-0.06963858753;2
5.876740377;-3.153740168;0.6460621357;10.68156052;5.884733346;-0.02611446939;0.02580903657;-0.06352993846;2
5.878842148;-3.125026464;0.6747759581;10.6480608;5.886835065;-0.02122755162;0.02458730713;-0.05619955808;2
5.880943867;-3.134597778;0.6747759581;10.6480608;5.888936835;-0.02000582218;0.02214384824;-0.05009091273;2
5.883045585;-3.129812002;0.6987041831;10.62413216;5.891038554;-0.01878409274;0.01725693047;-0.04276053607;2
5.885147304;-3.101098061;0.708275497;10.57149029;5.893140273;-0.02000582218;0.009926552884;-0.03543015569;2
5.887249023;-3.091526747;0.7274180651;10.52841949;5.895242044;-0.02122755162;0.002596175298;-0.02565632015;2
5.889350794;-3.091526747;0.7274180651;10.47577763;5.897343762;-0.02367101051;-0.005955931731;-0.01710421406;2
5.891452512;-3.115455151;0.7465606928;10.40877819;5.899445481;-0.02367101051;-0.01450803876;-0.008552107029;2
5.893554231;-3.129812002;0.732203722;10.36092186;5.9015472;-0.02977965772;-0.02061668597;0.002443459118;2
5.895656002;-3.120240688;0.732203722;10.30827999;5.903648971;-0.03466657549;-0.02794706449;0.01221729536;2
5.897757721;-3.120240688;0.7369893789;10.28913784;5.90575069;-0.03955349326;-0.03772090003;0.02199113183;2
5.89985944;-3.125026464;0.7369893789;10.28435135;5.907852408;-0.04566214234;-0.04627300799;0.03054323979;2
5.901961158;-3.120240688;0.7274180651;10.2652092;5.909954127;-0.05177079141;-0.05849030241;0.036651887;2
5.904062929;-3.086741209;0.7417750359;10.25085258;5.912055846;-0.05910116807;-0.07070759684;0.04276053607;2
5.906164648;-3.034099102;0.7178468108;10.23649502;5.914157617;-0.06887500733;-0.07803797722;0.04398226365;2
5.908266367;-2.967100143;0.6747759581;10.20778179;5.916259283;-0.0737619251;-0.08903354406;0.04520399496;2
5.910368085;-2.880958557;0.6460621357;10.18385315;5.918361054;-0.07987056673;-0.1000291109;0.04276053607;2
5.912469804;-2.809173822;0.6125625968;10.15992451;5.920462773;-0.0859792158;-0.1098029464;0.03787361458;2
5.914571575;-2.703889608;0.5503492355;10.164711;5.922564492;-0.09208786488;-0.1146898642;0.03176496923;2
5.916673242;-2.63689065;0.5216353536;10.12642574;5.924666262;-0.09453132749;-0.1171333194;0.02443459071;2
5.918775012;-2.574677229;0.4785645306;10.13121128;5.926767981;-0.09819651395;-0.119576782;0.01954767294;2
5.920876731;-2.522035122;0.4546363056;10.164711;5.9288697;-0.1030834317;-0.119576782;0.01710421406;2
5.92297845;-2.488535643;0.4163511395;10.19820976;5.930971471;-0.1030834317;-0.1207985133;0.0134390248;2
5.925080221;-2.455035925;0.4211367965;10.24606609;5.933073137;-0.104305163;-0.1232419685;0.01466075517;2
5.92718194;-2.483749866;0.4019941986;10.29870892;5.935174908;-0.1030834317;-0.1220202371;0.01588248461;2
5.929283658;-2.507678032;0.4307080805;10.35135078;5.937276627;-0.09941824526;-0.1183550507;0.01710421406;2
5.931385429;-2.550748825;0.4259224236;10.40399265;5.939378346;-0.09453132749;-0.1122464016;0.01954767294;2
5.933487096;-2.584248543;0.4211367965;10.45663452;5.941480117;-0.0859792158;-0.1012508348;0.02321286127;2
5.935588867;-2.617748022;0.4163511395;10.52363396;5.943581835;-0.07620538026;-0.08903354406;0.0268780496;2
5.937690585;-2.641676188;0.4163511395;10.59063339;5.945683554;-0.06520981342;-0.0743727833;0.03420842811;2
5.939792304;-2.660818815;0.4211367965;10.64327526;5.947785273;-0.05299251899;-0.05971203372;0.03543015569;2
5.941894075;-2.646461725;0.4354937077;10.71027374;5.949887044;-0.03833176568;-0.03894263133;0.03909534588;2
5.943995794;-2.660818815;0.4546363056;10.78684425;5.951988762;-0.02244928107;-0.01695149764;0.04520399496;2
5.946097512;-2.646461725;0.4402793646;10.83948612;5.954090481;-0.006566796452;0.005039634649;0.04886918142;2
5.948199231;-2.651247501;0.4307080805;10.87777138;5.9561922;0.009315688163;0.03313941509;0.05375609919;2
5.950301002;-2.62253356;0.3972085714;10.9112711;5.958293919;0.02519817278;0.05879573524;0.05986474827;2
5.952402721;-2.603390932;0.3924229145;10.92084217;5.960395637;0.03985892609;0.08200860023;0.06475166976;2
5.95450444;-2.593819857;0.3732803464;10.92084217;5.962497408;0.05085449293;0.1027780026;0.07208204269;2
5.956606158;-2.579462767;0.3541377485;10.85862923;5.964599127;0.06551524997;0.1247691289;0.07941242307;2
5.958707877;-2.574677229;0.3493520916;10.84427261;5.966700846;0.07651081681;0.1455385387;0.08552107215;2
5.960809596;-2.569891453;0.3349951804;10.82991505;5.968802617;0.08750637621;0.1663079411;0.09285144508;2
5.962911367;-2.555534601;0.3206382394;10.79641533;5.970904283;0.09850194305;0.1846338809;0.09773836285;2
5.965013085;-2.550748825;0.3302095234;10.79162979;5.973006054;0.1046105921;0.200516358;0.1026252806;2
5.967114804;-2.52682066;0.3397808075;10.76291656;5.975107773;0.1143844277;0.2115119249;0.1050687432;2
5.969216575;-2.498106956;0.3445664644;10.76291656;5.977209492;0.1192713454;0.223729223;0.1075121984;2
5.971318242;-2.488535643;0.3589234054;10.77248764;5.97931121;0.1266017258;0.2359465212;0.1087339297;2
5.973420012;-2.474178553;0.3589234054;10.74377346;5.981412981;0.1339320987;0.2408334464;0.1087339297;2
5.975521731;-2.459821701;0.3493520916;10.72463131;5.9835147;0.1375972927;0.2457203567;0.109955661;2
5.97762345;-2.459821701;0.3493520916;10.70070267;5.985616419;0.138819024;0.2444986254;0.1136208475;2
5.979725169;-2.474178553;0.3541377485;10.67198944;5.98771819;0.138819024;0.2408334464;0.1185077652;2
5.98182694;-2.502892494;0.3876372576;10.62413216;5.989819908;0.138819024;0.2359465212;0.123394683;2
5.983928658;-2.54117775;0.4163511395;10.57627583;5.991921627;0.1351538301;0.2261726856;0.1282816082;2
5.986030377;-2.603390932;0.4354937077;10.55234814;5.994023346;0.131488651;0.2163988501;0.1319467872;2
5.988132148;-2.627319336;0.4546363056;10.51406288;5.996125065;0.1290451884;0.2054032832;0.1356119812;2
5.990233867;-2.660818815;0.4737788737;10.47577763;5.998226783;0.1241582632;0.1907425225;0.1404989064;2
5.992335585;-2.689532757;0.4737788737;10.44706345;6.000328554;0.1204930767;0.1748600453;0.146607548;2
5.994437304;-2.684746981;0.4785645306;10.48056316;6.002430273;0.115606159;0.1565341055;0.1514944583;2
5.996539023;-2.694318295;0.4881358147;10.47577763;6.004531992;0.1107192412;0.1382081509;0.1563813835;2
5.998640742;-2.694318295;0.5024927258;10.50927734;6.00663371;0.1070540547;0.1186604798;0.1588248461;2
6.000742512;-2.684746981;0.5216353536;10.4853487;6.008735429;0.1033888608;0.1027780026;0.1612683088;2
6.002844231;-2.651247501;0.5168496966;10.47577763;6.0108372;0.09972367436;0.08445205539;0.1649334878;2
6.00494595;-2.603390932;0.5216353536;10.46142101;6.012938919;0.09972367436;0.06734783947;0.1685986817;2
6.007047669;-2.565105915;0.5312066078;10.46142101;6.015040637;0.09605848789;0.05513054505;0.1722638607;2
6.009149387;-2.550748825;0.5264210105;10.45184898;6.017142408;0.09361502528;0.04535670951;0.1759290546;2
6.011251158;-2.574677229;0.5359922647;10.4279213;6.019244127;0.08994983882;0.03924806044;0.1783725172;2
6.013352877;-2.569891453;0.5407779217;10.39442158;6.021345846;0.08628465235;0.03558287397;0.1820377111;2
6.015454596;-2.617748022;0.5359922647;10.36092186;6.023447565;0.08506292105;0.03313941509;0.1844811589;2
6.017556367;-2.617748022;0.5359922647;10.35613632;6.025549335;0.08261945844;0.03558287397;0.1869246215;2
6.019658085;-2.608176708;0.5168496966;10.3226366;6.027651054;0.08139773458;0.04169152305;0.1893680841;2
6.021759804;-2.579462767;0.4929214716;10.3226366;6.029752773;0.08139773458;0.04657844082;0.1930332631;2
6.023861523;-2.565105915;0.5168496966;10.28435135;6.031854492;0.08139773458;0.05268708616;0.1991419196;2
6.025963294;-2.545963287;0.5072783828;10.30349445;6.03395621;0.08506292105;0.06246092543;0.2052505612;2
6.028065012;-2.54117775;0.5120640397;10.3226366;6.036057981;0.08872810751;0.07345648855;0.2138026655;2
6.030166731;-2.550748825;0.5312066078;10.37049294;6.0381597;0.09239330143;0.08200860023;0.2235765159;2
6.03226845;-2.565105915;0.5407779217;10.40877819;6.040261419;0.0972802192;0.09056070447;0.2333503515;2
6.034370169;-2.574677229;0.5647061467;10.45184898;6.042363137;0.1033888608;0.0978910774;0.2419024557;2
6.03647194;-2.574677229;0.5647061467;10.47577763;6.044464856;0.1119409725;0.1076649204;0.2492328286;2
6.038573658;-2.579462767;0.5790630579;10.51884842;6.046566575;0.1168278903;0.1162170246;0.2541197538;2
6.040675377;-2.569891453;0.5647061467;10.50927734;6.048668346;0.1229365394;0.1247691289;0.2577849329;2
6.042777096;-2.522035122;0.5359922647;10.48056316;6.050770065;0.131488651;0.1345429718;0.2626718581;2
6.044878815;-2.483749866;0.5216353536;10.52363396;6.052871835;0.138819024;0.1430950761;0.2663370371;2
6.046980533;-2.445464849;0.4785645306;10.55713367;6.054973554;0.1449276656;0.1479819864;0.2712239623;2
6.049082304;-2.411965132;0.4642075896;10.56670475;6.057075273;0.1522580534;0.1553123742;0.2736674249;2
6.051184023;-2.368894339;0.4498506486;10.54277611;6.059176992;0.158366695;0.1589775532;0.2748891413;2
6.053285794;-2.330609322;0.4689932466;10.50449181;6.06127871;0.162031889;0.1614210159;0.2761108875;2
6.055387512;-2.258824587;0.4354937077;10.47099209;6.063380481;0.165697068;0.1650862098;0.2761108875;2
6.057489231;-2.187039852;0.3972085714;10.44706345;6.0654822;0.1669187993;0.1675296724;0.2761108875;2
6.05959095;-2.143969059;0.3780659735;10.43270683;6.067583919;0.1693622619;0.173638314;0.2748891413;2
6.061692669;-2.11046958;0.3876372576;10.38006496;6.069685637;0.1693622619;0.1785252392;0.2724456787;2
6.06379444;-2.072184324;0.3924229145;10.33699417;6.071787356;0.1705839932;0.1809686869;0.2700022459;2
6.065896158;-2.043470621;0.3924229145;10.32742214;6.073889075;0.1718057245;0.1785252392;0.2687804997;2
6.067997877;-2.048256159;0.4019941986;10.3657074;6.075990846;0.1730274558;0.1699731201;0.2700022459;2
6.070099596;-2.038684845;0.4211367965;10.35613632;6.078092565;0.1718057245;0.1614210159;0.2700022459;2
6.072201315;-2.009970903;0.4211367965;10.38006496;6.080194283;0.1705839932;0.1492037177;0.2724456787;2
6.074303033;-2.005185366;0.4307080805;10.3657074;6.082296054;0.1669187993;0.1345429718;0.2748891413;2
6.076404804;-2.024327993;0.4594219327;10.32742214;6.084397773;0.165697068;0.1247691289;0.2785543501;2
6.078506523;-2.038684845;0.4785645306;10.26042366;6.086499492;0.165697068;0.1162170246;0.2809978127;2
6.080608242;-2.033899307;0.4785645306;10.2029953;6.08860121;0.162031889;0.1101083755;0.2834412456;2
6.082710012;-2.038684845;0.4785645306;10.22692394;6.090702929;0.1669187993;0.1076649204;0.2871064544;2
6.084811731;-2.033899307;0.4977070987;10.27478027;6.0928047;0.1632536054;0.10033454;0.289549917;2
6.08691345;-2.009970903;0.5072783828;10.28435135;6.094906419;0.165697068;0.0978910774;0.293215096;2
6.089015169;-1.995614052;0.5168496966;10.29870892;6.097008137;0.1681405306;0.09422589093;0.2981020212;2
6.091116887;-2.005185366;0.5264210105;10.30349445;6.099109856;0.1730274558;0.09178243577;0.3017672002;2
6.093218658;-2.01475668;0.4833501875;10.29870892;6.101211627;0.1754709035;0.09544762224;0.3029889166;2
6.095320377;-1.986042738;0.4594219327;10.30349445;6.103313346;0.18157956;0.09666935354;0.3042106628;2
6.097422096;-1.966900229;0.4450650215;10.27478027;6.105415065;0.1913533956;0.1015562713;0.3078758419;2
6.099523815;-1.947757602;0.4259224236;10.28435135;6.107516783;0.1974620372;0.1101083755;0.3127627671;2
6.101625585;-1.919043779;0.4307080805;10.28913784;6.109618502;0.2023489624;0.1174387559;0.3152062297;2
6.103727304;-1.899901152;0.4450650215;10.26042366;6.111720273;0.2084576041;0.123547405;0.3200931549;2
6.105829023;-1.895115495;0.4594219327;10.20778179;6.113821992;0.2133445293;0.1320995092;0.3262017965;2
6.107930742;-1.890329838;0.4594219327;10.15035343;6.11592371;0.2194531709;0.1418733448;0.3298669755;2
6.11003246;-1.861616015;0.4642075896;10.1024971;6.118025481;0.2218966335;0.1565341055;0.3323104382;2
6.112134231;-1.832902193;0.4546363056;10.04028416;6.120127148;0.2243400961;0.1687513888;0.3347539008;2
6.11423595;-1.775474429;0.4450650215;9.949356079;6.122228867;0.2328922004;0.1834121495;0.3335321844;2
6.116337669;-1.674975872;0.4259224236;9.901499748;6.124330637;0.2365573794;0.1956294477;0.3335321844;2
6.11843944;-1.612762451;0.4259224236;9.901499748;6.126432356;0.239000842;0.2115119249;0.3323104382;2
6.120541106;-1.526620865;0.4115654826;9.920642853;6.128534127;0.2414443046;0.2249509543;0.3323104382;2
6.122642825;-1.488335729;0.4450650215;9.84885788;6.130635846;0.2438877672;0.2371682525;0.3335321844;2
6.124744596;-1.430907965;0.4833501875;9.767501831;6.132737565;0.2402225733;0.2457203567;0.3347539008;2
6.126846315;-1.435693622;0.5120640397;9.695717812;6.134839283;0.2377791107;0.2518289983;0.3335321844;2
6.128948085;-1.435693622;0.4977070987;9.638289452;6.136941002;0.2304487377;0.2518289983;0.3310887218;2
6.131049804;-1.426122308;0.4881358147;9.561718941;6.139042773;0.2231183648;0.2493855506;0.3274235129;2
6.133151523;-1.383051515;0.4881358147;9.485149384;6.141144492;0.2170097083;0.2481638193;0.3213148713;2
6.135253242;-1.335195065;0.4833501875;9.389435768;6.14324621;0.2096793354;0.246942088;0.3164279461;2
6.13735496;-1.320838094;0.4546363056;9.341579437;6.145347929;0.2023489624;0.2432768941;0.3127627671;2
6.139456731;-1.335195065;0.4450650215;9.36550808;6.1474497;0.1913533956;0.2383899838;0.3127627671;2
6.14155845;-1.339980721;0.4498506486;9.317651749;6.149551419;0.18157956;0.2261726856;0.3139844835;2
6.143660169;-1.363908887;0.4881358147;9.265008926;6.151653137;0.1693622619;0.2151771188;0.3164279461;2
6.145761887;-1.383051515;0.5312066078;9.17886734;6.153754856;0.158366695;0.2066250145;0.3188714087;2
6.147863658;-1.397408366;0.5790630579;9.092725754;6.155856627;0.1498145908;0.2017380893;0.3213148713;2
6.149965377;-1.392622828;0.6317051649;9.044869423;6.157958346;0.1375972927;0.196851179;0.3262017965;2
6.152067096;-1.416550994;0.6699903607;9.064012527;6.160060065;0.1266017258;0.1907425225;0.3310887218;2
6.154168815;-1.450050473;0.7274180651;9.073583603;6.162161783;0.1131627038;0.1785252392;0.3371973634;2
6.156270585;-1.478764415;0.756131947;9.006584167;6.164263554;0.09605848789;0.1626427472;0.3457494676;2
6.158372304;-1.488335729;0.7800601721;8.90130043;6.166365273;0.08017600328;0.1479819864;0.3555232882;2
6.160474023;-1.545763373;0.7992027402;8.858229637;6.168466992;0.06673697382;0.1333212405;0.3652971387;2
6.162575742;-1.612762451;0.7896314859;8.815158844;6.17056871;0.05451968312;0.123547405;0.3762927055;2
6.164677512;-1.674975872;0.7944171429;8.829515457;6.172670481;0.04230238497;0.1125518382;0.3860665262;2
6.166779231;-1.665404558;0.7896314859;8.84387207;6.174772148;0.03252854943;0.113773562;0.3958403766;2
6.16888095;-1.660618901;0.784845829;8.858229637;6.176873919;0.02641990222;0.113773562;0.4068359435;2
6.170982669;-1.670190215;0.7944171429;8.910871506;6.178975637;0.02031125315;0.113773562;0.4202749729;2
6.17308444;-1.684547186;0.7992027402;8.934800148;6.181077356;0.01786779426;0.1174387559;0.4337140024;2
6.175186106;-1.741974831;0.8183453679;8.977870941;6.183179127;0.01664606482;0.1223256737;0.443487823;2
6.177287877;-1.713261008;0.8183453679;9.078369141;6.185280846;0.01664606482;0.1223256737;0.4532616735;2
6.179389596;-1.636690736;0.7896314859;9.131011009;6.187382565;0.02031125315;0.1247691289;0.4642572403;2
6.181491315;-1.564906001;0.7513462901;9.150154114;6.189484283;0.02764163166;0.1333212405;0.4764745235;2
6.183593085;-1.536192179;0.6891329288;9.284152031;6.191586002;0.03863719851;0.1430950761;0.4874700904;2
6.185694804;-1.526620865;0.6317051649;9.408578873;6.193687721;0.04718930274;0.1589775532;0.4972439408;2
6.187796523;-1.55054903;0.6029912829;9.509077072;6.195789492;0.06551524997;0.1785252392;0.5082395077;2
6.189898242;-1.569691658;0.5694918036;9.595218658;6.19789121;0.08139773458;0.2041815519;0.5192350745;2
6.19199996;-1.540977836;0.5264210105;9.643074989;6.199992929;0.0972802192;0.2273944169;0.527787149;2
6.194101679;-1.497906923;0.5120640397;9.700503349;6.2020947;0.1168278903;0.2554942071;0.5351175666;2
6.19620345;-1.426122308;0.5024927258;9.714859962;6.204196419;0.1327103674;0.2823722363;0.5412262082;2
6.198305169;-1.339980721;0.4881358147;9.724431038;6.206298137;0.1522580534;0.3104720116;0.5461131334;2
6.200406887;-1.234696507;0.4594219327;9.74835968;6.208399856;0.1693622619;0.3373500705;0.5485565662;2
6.202508658;-1.13419795;0.4307080805;9.738788605;6.210501627;0.1840230078;0.3642281294;0.5522217751;2
6.204610377;-1.03848505;0.4019941986;9.753145218;6.212603346;0.1974620372;0.3923279047;0.5546652079;2
6.206712096;-0.9619147182;0.3780659735;9.724431038;6.214705065;0.2072358727;0.413097322;0.5558869243;2
6.208813815;-0.8997012973;0.3780659735;9.681360245;6.216806835;0.2182314396;0.4363101721;0.5583304167;2
6.210915585;-0.8422735929;0.3397808075;9.609575272;6.218908502;0.2218966335;0.4558578432;0.5558869243;2
6.213017304;-0.7704889178;0.3206382394;9.504291534;6.221010273;0.2231183648;0.470518589;0.5534434915;2
6.215119023;-0.7274180651;0.3014956415;9.432506561;6.223111992;0.2231183648;0.4827359021;0.5473348498;2
6.217220794;-0.6604190469;0.2679961324;9.327222824;6.22521371;0.2243400961;0.4864010811;0.5412262082;2
6.21932246;-0.6125625968;0.2009970993;9.265008926;6.227315481;0.2206749022;0.4912880063;0.5326740742;2
6.221424231;-0.5455635786;0.1627119333;9.260223389;6.2294172;0.2145662606;0.4937314689;0.5253437161;2
6.22352595;-0.4498506486;0.1387837082;9.198010445;6.231518919;0.2084576041;0.4912880063;0.5192350745;2
6.225627669;-0.4067798555;0.1435693651;9.126225471;6.233620637;0.1999054998;0.4827359021;0.5131264329;2
6.22772944;-0.3828516304;0.1435693651;9.073583603;6.235722356;0.1913533956;0.4717403352;0.5082395077;2
6.229831158;-0.3924229145;0.1531406492;9.049654961;6.237824075;0.1828012913;0.4583013058;0.5033525825;2
6.231932877;-0.4307080805;0.1627119333;9.083154678;6.239925846;0.1705839932;0.4424188137;0.4972439408;2
6.234034596;-0.4881358147;0.1435693651;9.116654396;6.242027565;0.1632536054;0.424092859;0.489913553;2
6.236136315;-0.5120640397;0.1387837082;9.150154114;6.244129283;0.1559232324;0.404545188;0.4813614488;2
6.238238033;-0.5359922647;0.1004985496;9.198010445;6.246231002;0.1522580534;0.3862192631;0.4728093445;2
6.240339804;-0.5359922647;0.09092725813;9.245866776;6.248332773;0.1498145908;0.366671592;0.4618137777;2
6.242441523;-0.5024927258;0.07178468257;9.312865257;6.250434492;0.1498145908;0.3349066079;0.4508182108;2
6.244543242;-0.5072783828;0.05742774159;9.327222824;6.25253621;0.1522580534;0.3104720116;0.4410443604;2
6.24664496;-0.4881358147;0.0382851623;9.360722542;6.254637929;0.1547015011;0.2909243405;0.4312705398;2
6.248746731;-0.4450650215;0.03349951655;9.51386261;6.256739648;0.158366695;0.2750418782;0.4227184355;2
6.25084845;-0.4115654826;0.04785645381;9.590433121;6.258841419;0.1632536054;0.2616028488;0.4153880477;2
6.252950169;-0.4402793646;0.0765703246;9.537791252;6.260943137;0.162031889;0.246942088;0.4117228687;2
6.255051887;-0.5072783828;0.1244267747;9.518648148;6.263044856;0.1644753367;0.2359465212;0.4092794061;2
6.257153606;-0.5694918036;0.1770688742;9.475577354;6.265146627;0.1669187993;0.2261726856;0.4092794061;2
6.259255377;-0.6364908218;0.2440679073;9.432506561;6.267248346;0.1705839932;0.223729223;0.4080576599;2
6.261357096;-0.679561615;0.2679961324;9.341579437;6.269350065;0.1730274558;0.2273944169;0.4068359435;2
6.263458815;-0.6939185858;0.3014956415;9.274580956;6.271451783;0.1766926348;0.2322813272;0.4056142271;2
6.265560585;-0.6652047038;0.3014956415;9.221938133;6.273553554;0.1803578287;0.2383899838;0.4043924809;2
6.267662304;-0.6652047038;0.3014956415;9.174081802;6.275655273;0.1840230078;0.2457203567;0.4019490182;2
6.269764023;-0.6699903607;0.3302095234;9.116654396;6.277756992;0.1901316643;0.2567159235;0.4043924809;2
6.271865742;-0.6891329288;0.3349951804;9.107083321;6.27985871;0.1974620372;0.2750418782;0.4043924809;2
6.273967512;-0.6556333899;0.3302095234;9.064012527;6.281960429;0.2011272311;0.2897026241;0.4056142271;2
6.276069231;-0.6556333899;0.3062812984;8.992227554;6.284062148;0.2072358727;0.3055851161;0.4056142271;2
6.27817095;-0.6604190469;0.3302095234;8.944371223;6.286163919;0.2109010667;0.323911041;0.4080576599;2
6.280272669;-0.6556333899;0.3493520916;8.910871506;6.288265637;0.2109010667;0.3422369957;0.4068359435;2
6.282374387;-0.6412764788;0.3589234054;8.824729919;6.290367356;0.2133445293;0.3617846668;0.4056142271;2
6.284476106;-0.6077769399;0.3493520916;8.776873589;6.292469075;0.2133445293;0.3825540543;0.4068359435;2
6.286577877;-0.5503492355;0.3780659735;8.685946465;6.294570846;0.2072358727;0.4033234715;0.4080576599;2
6.288679596;-0.5024927258;0.4115654826;8.590232849;6.296672512;0.2011272311;0.4155407548;0.4068359435;2
6.290781315;-0.4785645306;0.4450650215;8.38923645;6.298774283;0.1925751269;0.4289797843;0.4117228687;2
6.292883033;-0.5024927258;0.4642075896;8.269595146;6.300876002;0.18157956;0.4411970973;0.4153880477;2
6.294984804;-0.5264210105;0.4689932466;8.236095428;6.302977721;0.1718057245;0.4521926641;0.4202749729;2
6.297086471;-0.5838487148;0.4785645306;8.159524918;6.305079492;0.1608101577;0.4656316638;0.4263836145;2
6.299188242;-0.6412764788;0.4689932466;8.092526436;6.30718121;0.1473711282;0.4778489769;0.4349357188;2
6.30128996;-0.7178468108;0.5024927258;8.087740898;6.309282929;0.1363755614;0.4912880063;0.4410443604;2
6.303391679;-0.7944171429;0.5599204898;8.073383331;6.3113847;0.1229365394;0.4986183643;0.4508182108;2
6.30549345;-0.8566305041;0.6029912829;8.05424118;6.313486367;0.1107192412;0.5071704984;0.4630354941;2
6.307595169;-0.9092726111;0.6412764788;8.00638485;6.315588137;0.09972367436;0.5108356476;0.4728093445;2
6.309696887;-0.94277215;0.6891329288;8.020741463;6.317689856;0.08872810751;0.5145008564;0.486248374;2
6.311798658;-0.9714859724;0.708275497;8.039883614;6.319791575;0.08017600328;0.5181660652;0.4996874034;2
6.313900325;-1.004985452;0.7274180651;8.073383331;6.321893294;0.06795870513;0.5218312144;0.5143481493;2
6.316002096;-1.071984529;0.7274180651;8.068597794;6.323995065;0.06062832847;0.5242747068;0.527787149;2
6.318103815;-1.105484009;0.7226324677;8.106883049;6.326096783;0.05329795182;0.5267181396;0.5424479246;2
6.320205533;-1.148554921;0.732203722;8.140382767;6.328198502;0.04841103405;0.5352702737;0.5607738495;2
6.322307252;-1.16769743;0.7369893789;8.21216774;6.330300221;0.0374154672;0.5401571989;0.577878058;2
6.324409023;-1.177268744;0.760917604;8.21216774;6.332401992;0.03252854943;0.5438223481;0.5986474752;2
6.326510742;-1.21555388;0.7896314859;8.188239098;6.33450371;0.02275471389;0.5438223481;0.6206386089;2
6.32861246;-1.26341033;0.866201818;8.178668022;6.336605429;0.01298087649;0.5438223481;0.645073235;2
6.330714179;-1.306481123;0.8949156404;8.231309891;6.338707148;0.004428769462;0.5377137065;0.6658425927;2
6.33281595;-1.339980721;0.890130043;8.255238533;6.340808919;-0.005345067009;0.5316050649;0.68661201;2
6.334917669;-1.354337573;0.9092726111;8.269595146;6.342910637;-0.01389717404;0.5230529904;0.7037162185;2
6.337019387;-1.316052437;0.8853443861;8.274380684;6.345012356;-0.02122755162;0.5157225728;0.7183769941;2
6.339121106;-1.272981644;0.8566305041;8.255238533;6.347114127;-0.03100138716;0.5071704984;0.7305942774;2
6.341222877;-1.16769743;0.7896314859;8.283951759;6.349215846;-0.03955349326;0.4949531853;0.7403681278;2
6.343324596;-1.048056364;0.7178468108;8.341380119;6.351317512;-0.04932733253;0.4827359021;0.7476984859;2
6.345426315;-0.9523434043;0.6652047038;8.370093346;6.353419283;-0.06154462695;0.4656316638;0.7538071275;2
6.347528085;-0.8709874153;0.6125625968;8.317451477;6.355521002;-0.0737619251;0.4485274553;0.7574723363;2
6.349629804;-0.8087740541;0.5503492355;8.312665939;6.357622773;-0.08842267841;0.4314232469;0.7599157691;2
6.351731471;-0.708275497;0.5264210105;8.355736732;6.359724492;-0.1006399691;0.413097322;0.7623592615;2
6.353833242;-0.6317051649;0.4689932466;8.327022552;6.36182621;-0.1140789986;0.3935496211;0.7696896195;2
6.35593496;-0.5647061467;0.4450650215;8.288737297;6.363927929;-0.1262962967;0.370336771;0.7757982612;2
6.358036731;-0.5168496966;0.4307080805;8.341380119;6.366029648;-0.1336266696;0.3459021747;0.7819069028;2
6.36013845;-0.5216353536;0.4115654826;8.379665375;6.368131419;-0.1458439678;0.3226893246;0.7880155444;2
6.362240169;-0.5312066078;0.4211367965;8.465806961;6.370233137;-0.154396072;0.2945895493;0.794124186;2
6.364341887;-0.5120640397;0.4115654826;8.571090698;6.372334856;-0.161726445;0.2725984156;0.7977893949;2
6.366443606;-0.4929214716;0.3924229145;8.662017822;6.374436575;-0.1690568328;0.2518289983;0.8038980365;2
6.368545377;-0.4594219327;0.3637090325;8.700303078;6.376538294;-0.1715002805;0.2310595959;0.8087849617;2
6.370647096;-0.3828516304;0.3589234054;8.685946465;6.378640065;-0.1751654744;0.2115119249;0.8112284541;2
6.372748815;-0.2632105052;0.3589234054;8.757730484;6.380741783;-0.1788306683;0.1919642538;0.8100066781;2
6.374850533;-0.1196411327;0.3349951804;8.839086533;6.382843502;-0.181274116;0.1785252392;0.8075632453;2
6.376952252;0.04785645381;0.3014956415;8.930013657;6.384945221;-0.181274116;0.1711948514;0.8026763201;2
6.379054023;0.2105683982;0.2632105052;8.987442017;6.387046992;-0.1800523996;0.1699731201;0.795345962;2
6.381155742;0.4259224236;0.2249253243;9.016156197;6.38914871;-0.1824958473;0.1711948514;0.7855721116;2
6.38325746;0.5982056856;0.1914258152;8.925228119;6.391250429;-0.1824958473;0.1699731201;0.7782417536;2
6.385359179;0.756131947;0.1339980662;8.891729355;6.3933522;-0.1837175786;0.1687513888;0.7684679031;2
6.38746095;0.9188438654;0.08614161611;8.939585686;6.395453867;-0.1873827726;0.1748600453;0.7599157691;2
6.389562669;1.009771109;0.04785645381;8.982656479;6.397555637;-0.1873827726;0.1834121495;0.7501419783;2
6.391664387;1.0863415;0.04307080805;8.953942299;6.399657356;-0.1873827726;0.1931859851;0.7403681278;2
6.393766158;1.148554921;0.004785645287;8.920442581;6.401759075;-0.1886045039;0.2017380893;0.7269290686;2
6.395867825;1.205982566;-0.02871387079;8.977870941;6.403860846;-0.1922696829;0.2090684772;0.7147117853;2
6.397969596;1.282552958;-0.05742774159;9.035298347;6.405962565;-0.1947131455;0.2188423127;0.7000510097;2
6.400071315;1.378265858;-0.06699903309;9.049654961;6.408064283;-0.1959348768;0.223729223;0.68661201;2
6.402173033;1.45483613;-0.09092725813;9.03051281;6.410166002;-0.200821802;0.220064044;0.6743947268;2
6.404274804;1.564906001;-0.1100698411;9.044869423;6.412267721;-0.2081521749;0.220064044;0.6621774435;2
6.406376523;1.64626193;-0.1004985496;9.097511292;6.414369492;-0.2142608166;0.220064044;0.6536253095;2
6.408478242;1.679761529;-0.0765703246;9.083154678;6.41647121;-0.2215912044;0.223729223;0.645073235;2
6.41057996;1.684547186;-0.06221338734;9.068798065;6.418572929;-0.2325867712;0.2286161482;0.6352993846;2
6.412681679;1.770688772;-0.06699903309;9.035298347;6.420674648;-0.2435823381;0.2310595959;0.6304124594;2
6.41478345;1.785045743;-0.0143569354;8.934800148;6.422776419;-0.2557996213;0.2359465212;0.627968967;2
6.416885169;1.751546144;0.02871387079;8.867800713;6.424878137;-0.2680169344;0.2493855506;0.6267472506;2
6.418986887;1.674975872;0.05742774159;8.910871506;6.426979856;-0.2802342176;0.2603811026;0.6267472506;2
6.421088606;1.660618901;0.09092725813;8.982656479;6.429081575;-0.2936732471;0.2725984156;0.6304124594;2
6.423190377;1.59840548;0.1339980662;8.997013092;6.431183346;-0.3046688139;0.2860374451;0.6328558922;2
6.425292096;1.564906001;0.2009970993;9.035298347;6.433285065;-0.311999172;0.2945895493;0.6377428174;2
6.427393815;1.531406522;0.2632105052;9.169296265;6.435386783;-0.3193295598;0.3031416535;0.6401863098;2
6.429495533;1.560120344;0.3110669553;9.279366493;6.437488502;-0.3217730224;0.3116937578;0.645073235;2
6.431597304;1.59840548;0.3302095234;9.422935486;6.439590221;-0.324216485;0.3141372204;0.6475166678;2
6.433699023;1.617548108;0.3445664644;9.585647583;6.44169194;-0.3291034102;0.3141372204;0.6536253095;2
6.435800742;1.617548108;0.3637090325;9.724431038;6.44379371;-0.327881664;0.3141372204;0.6572905183;2
6.43790246;1.584048629;0.3445664644;9.839286804;6.445895429;-0.3254382014;0.316580683;0.6609556675;2
6.440004179;1.569691658;0.3397808075;9.987641335;6.447997148;-0.3229947388;0.3178023994;0.6670643687;2
6.442105898;1.579262972;0.3206382394;10.06899738;6.450098867;-0.3229947388;0.3178023994;0.6695078015;2
6.444207669;1.636690736;0.3014956415;10.16949654;6.452200637;-0.3229947388;0.3178023994;0.6719512343;2
6.446309387;1.713261008;0.2679961324;10.3657074;6.454302356;-0.320551306;0.3190241456;0.6756164432;2
6.448411106;1.761117458;0.2679961324;10.45184898;6.456404075;-0.3144426346;0.3178023994;0.678059876;2
6.450512825;1.785045743;0.2584248483;10.54277611;6.458505794;-0.3107774556;0.3129154742;0.6829468012;2
6.452614596;1.775474429;0.2584248483;10.62413216;6.460607565;-0.3046688139;0.3080285788;0.6902772188;2
6.454716315;1.789831281;0.2344966233;10.73420238;6.462709283;-0.2985601723;0.3031416535;0.6927206516;2
6.456818033;1.789831281;0.1770688742;10.85384369;6.464811054;-0.2912297845;0.2982547283;0.695164144;2
6.458919752;1.847259045;0.1483550072;10.98784161;6.466912773;-0.2851211429;0.2897026241;0.695164144;2
6.461021523;1.938186288;0.1100698411;11.12183952;6.469014492;-0.2765690386;0.2799287736;0.6914989352;2
6.463123242;2.029113531;0.1004985496;11.23190975;6.47111621;-0.2692386508;0.270154953;0.6890554428;2
6.465225012;2.100898266;0.1196411327;11.3132658;6.473217929;-0.2594648004;0.2518289983;0.6878337264;2
6.467326731;2.158325911;0.1148554832;11.42333508;6.475319648;-0.2509126961;0.2335030586;0.6841685772;2
6.46942845;2.215753794;0.08135596663;11.46640587;6.477421419;-0.2435823381;0.2115119249;0.678059876;2
6.471530169;2.249253273;0.05742774159;11.60040379;6.479523137;-0.2325867712;0.1882990748;0.6719512343;2
6.473631887;2.292324066;-0.004785645287;11.69133186;6.481624804;-0.2252563834;0.1638644785;0.6597339511;2
6.475733606;2.378465652;-0.07178468257;11.83968639;6.483726575;-0.2167042792;0.1369864196;0.6475166678;2
6.477835377;2.52682066;-0.08614161611;11.93539906;6.485828294;-0.2057087123;0.1101083755;0.6352993846;2
6.479937096;2.665604353;-0.08135596663;11.99282742;6.487930065;-0.1959348768;0.08078686893;0.6206386089;2
6.482038762;2.775674343;-0.09092725813;12.00239849;6.490031783;-0.1861610413;0.05513054505;0.6035344005;2
6.484140533;2.880958557;-0.1292124242;12.05504036;6.492133502;-0.1739437431;0.02458730713;0.5852084756;2
6.486242252;2.981456995;-0.1627119333;12.15075302;6.494235221;-0.1641699076;-0.007177661173;0.5668824911;2
6.488344023;3.062813044;-0.2153540403;12.22253799;6.496336992;-0.1556178033;-0.03527744114;0.5497782826;2
6.490445742;3.129812002;-0.2727817893;12.27517986;6.498438658;-0.1470656991;-0.06582067907;0.529008925;2
6.49254746;3.196810961;-0.2775674164;12.29432297;6.500540429;-0.1385135949;-0.0988073796;0.5106829405;2
6.494649179;3.225524902;-0.2967100143;12.27039433;6.502642148;-0.131183207;-0.1293506175;0.4911352694;2
6.49675095;3.273381472;-0.2919243574;12.27517986;6.504743867;-0.1250745654;-0.1647807807;0.4728093445;2
6.498852617;3.287738323;-0.3110669553;12.27039433;6.506845637;-0.1165224537;-0.2026543915;0.4557051361;2
6.500954387;3.306880951;-0.3158525825;12.2799654;6.508947356;-0.1091920808;-0.2368628234;0.4386008978;2
6.503056106;3.311666489;-0.2967100143;12.29910851;6.511049075;-0.104305163;-0.2686277926;0.4214966893;2
6.505157825;3.321237803;-0.2871387303;12.30389404;6.513150846;-0.09819651395;-0.3016144931;0.4031707644;2
6.507259596;3.364308596;-0.2775674164;12.28475189;6.515252512;-0.09086613357;-0.3297142684;0.3836230934;2
6.509361315;3.431307554;-0.2392822653;12.23210907;6.517354283;-0.08353576064;-0.3565923274;0.3640754223;2
6.511463033;3.512663603;-0.2057827413;12.16989613;6.519456002;-0.07620538026;-0.3761399984;0.3445277214;2
6.513564804;3.603590965;-0.2009970993;12.11246777;6.521557721;-0.06765327603;-0.3871355653;0.3249800503;2
6.515666471;3.699303865;-0.1866401732;12.03111267;6.523659492;-0.05910116807;-0.3944659233;0.3042106628;2
6.517768242;3.795016766;-0.1674975902;11.93539906;6.52576121;-0.05299251899;-0.3969093859;0.2822195292;2
6.51986996;3.88594389;-0.1531406492;11.84447193;6.527862929;-0.04566214234;-0.3944659233;0.2614501119;2
6.521971679;3.972085476;-0.1387837082;11.77268696;6.529964648;-0.03833176568;-0.3834703565;0.2406807244;2
6.52407345;4.015156269;-0.1148554832;11.71525955;6.532066367;-0.02977965772;-0.3712530732;0.219911322;2
6.526175169;4.015156269;-0.09571290761;11.66740322;6.534168137;-0.02244928107;-0.3578140438;0.2003636509;2
6.528276887;3.991228104;-0.08135596663;11.58604717;6.536269856;-0.0126754446;-0.3394880891;0.1808159798;2
6.530378606;3.991228104;-0.08135596663;11.5142622;6.538371575;-0.004123337101;-0.3223838806;0.1612683088;2
6.532480325;3.98165679;-0.08135596663;11.45683479;6.540473294;0.00565049937;-0.2991710305;0.1441640854;2
6.534582096;3.972085476;-0.05742774159;11.40897846;6.542575012;0.0190895237;-0.2747364342;0.1295033395;2
6.536683815;3.957728624;-0.0239282269;11.36112213;6.544676731;0.03130681813;-0.2478583902;0.1136208475;2
6.538785533;3.914657831;0.009571290575;11.37069321;6.546778502;0.04718930274;-0.2173151523;0.09896009415;2
6.540887252;3.847658873;0.04307080805;11.36590767;6.548880221;0.06062832847;-0.1879936308;0.086742796;2
6.542988971;3.809373617;0.08614161611;11.37069321;6.550981992;0.07651081681;-0.1574503928;0.073303774;2
6.54509069;3.766302824;0.1292124242;11.38026428;6.55308371;0.09117157012;-0.1281288862;0.06230820715;2
6.54719246;3.689732552;0.1674975902;11.42812061;6.555185429;0.1058323234;-0.1000291109;0.05009091273;2
6.549294179;3.646661758;0.2201396823;11.44726372;6.557287148;0.1192713454;-0.0743727833;0.03787361458;2
6.55139595;3.594019651;0.2344966233;11.44726372;6.559388919;0.1363755614;-0.05115992576;0.02565632015;2
6.553497669;3.531806231;0.2584248483;11.46640587;6.561490637;0.1461493969;-0.03405570984;0.01221729536;2
6.555599387;3.455235958;0.2775674164;11.49990559;6.563592356;0.1595884264;-0.01817322709;0.002443459118;2
6.557701106;3.345165968;0.2823530734;11.49990559;6.565694075;0.1742491722;-0.007177661173;-0.009773836471;2
6.559802877;3.239881754;0.2967100143;11.51904774;6.567795794;0.1864664704;-0.00351247238;-0.02076940238;2
6.561904596;3.139383316;0.2967100143;11.56211948;6.569897512;0.2011272311;0.0001527161949;-0.03176496923;2
6.564006315;3.034099102;0.3062812984;11.59561825;6.571999283;0.212122798;-0.002290742937;-0.04398226365;2
6.566108033;2.94317174;0.3254238665;11.6769743;6.574101002;0.2267835438;-0.009621120058;-0.05742128938;2
6.568209752;2.861815929;0.3302095234;11.70568848;6.576202721;0.239000842;-0.01939495653;-0.07086031139;2
6.570311471;2.775674343;0.3445664644;11.71047401;6.57830444;0.2524398565;-0.03527744114;-0.08552107215;2
6.572413242;2.703889608;0.3589234054;11.72961617;6.58040621;0.262213707;-0.05115992576;-0.09773836285;2
6.57451496;2.617748022;0.3828516304;11.70090294;6.582507929;0.2683223486;-0.0743727833;-0.1123991162;2
6.576616679;2.531606436;0.4211367965;11.6769743;6.584609648;0.2756527364;-0.0988073796;-0.123394683;2
6.578718398;2.445464849;0.4498506486;11.6339035;6.586711367;0.278096199;-0.1232419685;-0.1368337125;2
6.580820169;2.344966173;0.4881358147;11.5764761;6.588813137;0.278096199;-0.1501200199;-0.1478292793;2
6.582921887;2.215753794;0.5312066078;11.48554897;6.590914856;0.2756527364;-0.1769980639;-0.1576031148;2
6.585023606;2.11046958;0.5694918036;11.38026428;6.593016575;0.2719875574;-0.2038761228;-0.1685986817;2
6.587125325;2.000399828;0.6029912829;11.21755219;6.595118294;0.265878886;-0.2283107042;-0.1759290546;2
6.589227096;1.914258122;0.6604190469;11.07876873;6.597220012;0.2597702444;-0.2539670467;-0.1820377111;2
6.591328815;1.799402595;0.70348984;10.95434189;6.599321783;0.2524398565;-0.2735147178;-0.1893680841;2
6.593430533;1.722832322;0.7417750359;10.86341476;6.601423502;0.2475529462;-0.2955058515;-0.196698457;2
6.595532252;1.631905079;0.7992027402;10.7677021;6.603525221;0.2414443046;-0.3187187016;-0.2028071135;2
6.597633971;1.560120344;0.8279166222;10.69113159;6.60562694;0.235335663;-0.3346011937;-0.2076940238;2
6.599735742;1.488335729;0.8853443861;10.61456108;6.60772871;0.231670469;-0.3541488647;-0.2101374865;2
6.60183746;1.416550994;0.9284151793;10.56670475;6.609830429;0.2267835438;-0.3724747896;-0.2125809491;2
6.603939179;1.35912323;0.9667003751;10.53320503;6.611932148;0.2243400961;-0.3895790279;-0.2174678594;2
6.606040898;1.330409408;0.9714859724;10.49013424;6.614033867;0.2267835438;-0.4017963111;-0.219911322;2
6.608142669;1.31126678;0.9810572863;10.49491978;6.616135637;0.2243400961;-0.4140135944;-0.2247982323;2
6.610244387;1.287338614;0.9954141974;10.45663452;6.618237356;0.2267835438;-0.4213439822;-0.2284634262;2
6.612346106;1.292124271;0.9667003751;10.44227791;6.620339075;0.2280052751;-0.4213439822;-0.2321286201;2
6.614447825;1.320838094;0.9523434043;10.41356373;6.622440794;0.2292270064;-0.4213439822;-0.2357937992;2
6.616549596;1.344766378;0.9236295223;10.38963604;6.624542565;0.231670469;-0.4115701318;-0.2419024557;2
6.618651315;1.373480201;0.9236295223;10.32742214;6.626644283;0.2341139317;-0.3969093859;-0.2492328286;2
6.620753033;1.392622828;0.8949156404;10.29392338;6.628746002;0.2377791107;-0.3822486401;-0.2565632164;2
6.622854752;1.445264935;0.8757730722;10.24606609;6.630847721;0.2414443046;-0.3688096106;-0.2651153207;2
6.624956523;1.493121386;0.866201818;10.20778179;6.632949492;0.2475529462;-0.3529271185;-0.2748891413;2
6.627058242;1.540977836;0.8757730722;10.2221384;6.63505121;0.2524398565;-0.3407098353;-0.2858847082;2
6.62915996;1.607976794;0.8757730722;10.23649502;6.637152929;0.258548528;-0.3248273432;-0.2956585586;2
6.631261679;1.636690736;0.8614161611;10.23649502;6.639254648;0.2646571696;-0.3089448512;-0.3054323792;2
6.63336345;1.670190215;0.8470591903;10.24128056;6.641356367;0.2671006322;-0.2930623889;-0.3164279461;2
6.635465169;1.674975872;0.8327022791;10.2029953;6.643458085;0.2732092738;-0.2784016132;-0.3262017965;2
6.637566887;1.651047587;0.8279166222;10.13599682;6.645559804;0.2756527364;-0.26618433;-0.3371973634;2
6.639668606;1.627119422;0.7944171429;10.08335495;6.647661575;0.2793179154;-0.2515235841;-0.346971184;2
6.641770325;1.612762451;0.7704889178;10.07378292;6.649763294;0.281761378;-0.2405280024;-0.3567450345;2
6.643872044;1.59840548;0.756131947;10.05464077;6.651865012;0.2842048407;-0.2319758981;-0.3652971387;2
6.645973762;1.593619823;0.7369893789;10.03071213;6.653966731;0.2854265571;-0.2197586;-0.3714057803;2
6.648075533;1.584048629;0.7513462901;10.05464077;6.656068502;0.2854265571;-0.2136499584;-0.3762927055;2
6.650177252;1.531406522;0.7465606928;10.06421185;6.658170221;0.2854265571;-0.2075413018;-0.3811796308;2
6.652278971;1.493121386;0.784845829;10.04985523;6.66027194;0.281761378;-0.2038761228;-0.3836230934;2
6.65438069;1.450050473;0.7992027402;10.02114105;6.662373658;0.2793179154;-0.2026543915;-0.3872882724;2
6.65648246;1.430907965;0.837487936;9.958928108;6.664475429;0.2768744528;-0.2038761228;-0.389731735;2
6.658584179;1.392622828;0.866201818;9.949356079;6.666577148;0.2732092738;-0.2124282271;-0.3909534514;2
6.660685898;1.373480201;0.8853443861;9.944570541;6.668678867;0.2695440948;-0.2197586;-0.393396914;2
6.662787617;1.373480201;0.890130043;9.958928108;6.670780637;0.2634354234;-0.2270889878;-0.3946186602;2
6.664889387;1.349551916;0.8805587292;9.973284721;6.672882356;0.2573267817;-0.2380845547;-0.397062093;2
6.666991106;1.335195065;0.8566305041;9.992427826;6.674984075;0.2487746775;-0.2515235841;-0.4007273018;2
6.669092825;1.335195065;0.8614161611;9.978070259;6.677085794;0.2438877672;-0.26618433;-0.4031707644;2
6.671194596;1.316052437;0.837487936;9.95414257;6.679187565;0.235335663;-0.2869537175;-0.4068359435;2
6.673296315;1.282552958;0.7896314859;9.930213928;6.681289283;0.2292270064;-0.3040579557;-0.4117228687;2
6.675398033;1.253839016;0.7513462901;9.934999466;6.683391002;0.2182314396;-0.3236056268;-0.4166097939;2
6.677499752;1.287338614;0.7274180651;9.915857315;6.685492721;0.2096793354;-0.3394880891;-0.4214966893;2
6.679601523;1.335195065;0.6747759581;9.925428391;6.68759444;0.2035706937;-0.3565923274;-0.4239401519;2
6.681703242;1.368694544;0.6843472719;9.84885788;6.689696158;0.1925751269;-0.3712530732;-0.4288270772;2
6.68380496;1.383051515;0.6891329288;9.8201437;6.691797929;0.1828012913;-0.3846921027;-0.4324922562;2
6.685906679;1.426122308;0.6891329288;9.781859398;6.693899648;0.1742491722;-0.3981311321;-0.4373791814;2
6.688008398;1.445264935;0.6652047038;9.767501831;6.696001367;0.1632536054;-0.4103484154;-0.4422661066;2
6.690110117;1.473978758;0.6460621357;9.7196455;6.698103137;0.1559232324;-0.4176788032;-0.4471530318;2
6.692211887;1.469193101;0.626919508;9.695717812;6.700204856;0.1449276656;-0.4262309074;-0.4520399272;2
6.694313606;1.469193101;0.6364908218;9.676574707;6.702306575;0.1363755614;-0.4311178327;-0.4557051361;2
6.696415325;1.469193101;0.6460621357;9.657432556;6.704408294;0.1266017258;-0.4335612655;-0.4593703151;2
6.698517096;1.45483613;0.6556333899;9.628718376;6.706510012;0.1192713454;-0.4347830117;-0.4618137777;2
6.700618815;1.464407444;0.6699903607;9.633503914;6.708611731;0.1107192412;-0.4335612655;-0.4605920315;2
6.702720533;1.421336651;0.6747759581;9.590433121;6.710713502;0.1058323234;-0.4311178327;-0.4569268525;2
6.704822252;1.368694544;0.6987041831;9.556933403;6.712815221;0.1009454057;-0.4298960865;-0.4557051361;2
6.706923971;1.292124271;0.7178468108;9.552147865;6.71491694;0.0972802192;-0.4250091612;-0.4532616735;2
6.70902569;1.229910851;0.732203722;9.600004196;6.717018658;0.09361502528;-0.412791878;-0.4544833899;2
6.71112746;1.172483087;0.760917604;9.623932838;6.719120429;0.09483675659;-0.3981311321;-0.4544833899;2
6.713229179;1.158126116;0.7704889178;9.623932838;6.721222148;0.09605848789;-0.3834703565;-0.4557051361;2
6.715330898;1.143769264;0.7752745152;9.604789734;6.723323867;0.09361502528;-0.3712530732;-0.4532616735;2
6.717432617;1.138983607;0.8183453679;9.623932838;6.725425637;0.09361502528;-0.3602575064;-0.4508182108;2
6.719534387;1.095912814;0.8614161611;9.633503914;6.727527356;0.09605848789;-0.3468184769;-0.4459312856;2
6.721636106;1.004985452;0.9188438654;9.647860527;6.729629075;0.09605848789;-0.3346011937;-0.4410443604;2
6.723737825;0.9188438654;0.9284151793;9.623932838;6.731730794;0.09850194305;-0.3248273432;-0.436157465;2
6.725839596;0.8231309652;0.94277215;9.662218094;6.733832512;0.1046105921;-0.3113883138;-0.4312705398;2
6.727941315;0.756131947;0.9284151793;9.757930756;6.735934231;0.1094975099;-0.2942841053;-0.4288270772;2
6.730043033;0.6987041831;0.9523434043;9.810572624;6.738036002;0.1168278903;-0.2771798968;-0.4263836145;2
6.732144752;0.6699903607;0.9571290612;9.8201437;6.740137721;0.1278234571;-0.26618433;-0.4227184355;2
6.734246471;0.6460621357;0.9475577474;9.853643417;6.74223944;0.1375972927;-0.2539670467;-0.4178315103;2
6.73634819;0.6221339107;0.94277215;9.915857315;6.74434121;0.1485928595;-0.2393062711;-0.4153880477;2
6.73844996;0.5790630579;0.9379864931;10.02114105;6.746442929;0.1608101577;-0.2283107042;-0.4129445851;2
6.740551679;0.5264210105;0.9475577474;10.04985523;6.748544648;0.1718057245;-0.2124282271;-0.4117228687;2
6.742653398;0.4737788737;0.9332008362;10.07378292;6.750646367;0.1828012913;-0.2014326602;-0.4141663313;2
6.744755169;0.4354937077;0.9188438654;10.06899738;6.752748137;0.1913533956;-0.1892153621;-0.4141663313;2
6.746856887;0.4163511395;0.9188438654;10.08335495;6.754849856;0.1999054998;-0.1794415265;-0.4178315103;2
6.748958606;0.3780659735;0.8997012973;10.02592659;6.756951575;0.2072358727;-0.1745546162;-0.4202749729;2
6.751060325;0.3397808075;0.8853443861;9.973284721;6.759053294;0.2170097083;-0.1672242284;-0.4251618981;2
6.753162096;0.3349951804;0.8470591903;9.915857315;6.761155012;0.2243400961;-0.1660024971;-0.4324922562;2
6.755263815;0.3206382394;0.7992027402;9.891928673;6.763256783;0.2255618125;-0.1647807807;-0.439822644;2
6.757365533;0.3206382394;0.760917604;9.87757206;6.765358502;0.2280052751;-0.1660024971;-0.4471530318;2
6.759467252;0.3110669553;0.732203722;9.824930191;6.767460221;0.2292270064;-0.169667691;-0.4532616735;2
6.761568971;0.2871387303;0.756131947;9.724431038;6.76956194;0.2280052751;-0.1733328849;-0.4605920315;2
6.763670742;0.2727817893;0.7752745152;9.652647018;6.77166371;0.2267835438;-0.1757763475;-0.4654789567;2
6.76577246;0.2871387303;0.8183453679;9.609575272;6.773765429;0.2243400961;-0.1831067204;-0.4703658819;2
6.767874179;0.2297109663;0.8327022791;9.509077072;6.775867148;0.2170097083;-0.1941022873;-0.4728093445;2
6.769975898;0.1292124242;0.866201818;9.437292099;6.777968867;0.212122798;-0.2075413018;-0.4740310609;2
6.772077669;0.05264209956;0.8997012973;9.446864128;6.780070637;0.2035706937;-0.2209803313;-0.4740310609;2
6.774179387;-0.05742774159;0.9523434043;9.389435768;6.782172356;0.1974620372;-0.2307541668;-0.4703658819;2
6.776281106;-0.1387837082;0.9906286001;9.303294182;6.784274075;0.1901316643;-0.2490801066;-0.4679224193;2
6.778382825;-0.2009970993;0.9954141974;9.231510162;6.786375794;0.1828012913;-0.2686277926;-0.4630354941;2
6.780484596;-0.2679961324;1.028913736;9.193224907;6.788477565;0.1766926348;-0.2881754637;-0.4593703151;2
6.782586315;-0.3589234054;1.03848505;9.250652313;6.790579283;0.1742491722;-0.3040579557;-0.4532616735;2
6.784688033;-0.4211367965;1.014556766;9.274580956;6.792681002;0.1681405306;-0.3187187016;-0.4495964646;2
6.786789752;-0.4594219327;1.014556766;9.245866776;6.794782721;0.165697068;-0.3309359848;-0.4483747482;2
6.788891523;-0.5024927258;1.004985452;9.221938133;6.79688444;0.1632536054;-0.3370446563;-0.4459312856;2
6.790993242;-0.5407779217;1.014556766;9.226723671;6.798986158;0.1608101577;-0.3480401933;-0.443487823;2
6.79309496;-0.5312066078;1.014556766;9.231510162;6.801087929;0.1595884264;-0.3590357602;-0.4410443604;2
6.795196679;-0.5168496966;1.03848505;9.174081802;6.803189648;0.1571449637;-0.3688096106;-0.4373791814;2
6.797298398;-0.5407779217;1.048056364;9.150154114;6.805291367;0.1547015011;-0.3749182522;-0.4337140024;2
6.799400117;-0.5742774606;1.067198873;9.131011009;6.807393137;0.1498145908;-0.378583461;-0.4288270772;2
6.801501887;-0.6125625968;1.076770186;9.068798065;6.809494856;0.1485928595;-0.378583461;-0.4214966893;2
6.803603606;-0.6317051649;1.091127157;9.00179863;6.811596575;0.1437059343;-0.3773617148;-0.4141663313;2
6.805705325;-0.6652047038;1.071984529;8.939585686;6.813698294;0.1412624866;-0.3773617148;-0.4068359435;2
6.807807096;-0.6747759581;1.071984529;8.891729355;6.815800065;0.138819024;-0.378583461;-0.3958403766;2
6.809908815;-0.708275497;1.105484009;8.853444099;6.817901783;0.1339320987;-0.3810268939;-0.3872882724;2
6.812010533;-0.6939185858;1.095912814;8.863015175;6.820003502;0.131488651;-0.3810268939;-0.3762927055;2
6.814112252;-0.7226324677;1.0863415;8.863015175;6.822105221;0.1327103674;-0.3834703565;-0.3677406013;2
6.816214023;-0.7417750359;1.057627559;8.886942863;6.824206992;0.131488651;-0.3846921027;-0.3591884971;2
6.818315742;-0.7704889178;1.048056364;8.858229637;6.82630871;0.1327103674;-0.3822486401;-0.3543015718;2
6.82041746;-0.7657032609;1.019342422;8.863015175;6.828410429;0.1339320987;-0.3871355653;-0.3494146466;2
6.822519179;-0.6939185858;1.03848505;8.839086533;6.830512148;0.1375972927;-0.3895790279;-0.3445277214;2
6.82462095;-0.5982056856;1.052842021;8.819944382;6.832613867;0.138819024;-0.3969093859;-0.3420842886;2
6.826722669;-0.4929214716;1.091127157;8.796015739;6.834715637;0.1375972927;-0.3993528485;-0.339640826;2
6.828824387;-0.4019941986;1.0863415;8.772088051;6.836817356;0.138819024;-0.3969093859;-0.3420842886;2
6.830926106;-0.3302095234;1.0863415;8.69551754;6.838919075;0.1363755614;-0.3932442069;-0.3457494676;2
6.833027825;-0.2679961324;1.062413216;8.628518105;6.841020846;0.1351538301;-0.3883572817;-0.3494146466;2
6.835129596;-0.1866401732;0.9906286001;8.571090698;6.843122565;0.1327103674;-0.3846921027;-0.3543015718;2
6.837231315;-0.1100698411;0.9762716293;8.475378036;6.845224283;0.1229365394;-0.3822486401;-0.3640754223;2
6.839333033;-0.0239282269;0.9284151793;8.374878883;6.847326002;0.115606159;-0.3810268939;-0.3738492429;2
6.841434804;0.05742774159;0.8949156404;8.303094864;6.849427721;0.102167137;-0.3810268939;-0.3836230934;2
6.843536523;0.1579262912;0.890130043;8.207381248;6.851529492;0.08750637621;-0.3810268939;-0.3946186602;2
6.845638242;0.2344966233;0.8470591903;8.140382767;6.853631158;0.0740673542;-0.3834703565;-0.4080576599;2
6.84773996;0.3014956415;0.8039883971;8.073383331;6.855732929;0.05818486959;-0.3810268939;-0.4227184355;2
6.849841679;0.3541377485;0.760917604;7.99202776;6.857834648;0.03985892609;-0.3834703565;-0.4373791814;2
6.85194345;0.4211367965;0.7226324677;7.948956966;6.859936367;0.02397644334;-0.3871355653;-0.4520399272;2
6.854045117;0.4737788737;0.6939185858;7.886743546;6.862038085;0.006872228812;-0.3895790279;-0.4667007029;2
6.856146887;0.5312066078;0.6556333899;7.853243828;6.864139856;-0.0126754446;-0.3908007443;-0.4825831652;2
6.858248606;0.5359922647;0.6460621357;7.84845829;6.866241575;-0.03100138716;-0.3908007443;-0.4984656572;2
6.860350325;0.5168496966;0.626919508;7.877171993;6.868343294;-0.04321868345;-0.3908007443;-0.5143481493;2
6.862452044;0.5168496966;0.6029912829;7.877171993;6.870445065;-0.05543597788;-0.3932442069;-0.529008925;2
6.864553815;0.5168496966;0.5790630579;7.944170952;6.872546783;-0.06765327603;-0.3932442069;-0.5412262082;2
6.866655533;0.4929214716;0.5694918036;8.001599312;6.874648502;-0.07742711157;-0.3944659233;-0.5534434915;2
6.868757252;0.4498506486;0.5599204898;8.092526436;6.876750221;-0.08231402934;-0.3920224607;-0.5644390583;2
6.870859023;0.3924229145;0.5742774606;8.188239098;6.878851992;-0.08842267841;-0.3895790279;-0.5729911923;2
6.872960742;0.3110669553;0.5694918036;8.307880402;6.88095371;-0.09086613357;-0.3883572817;-0.579099834;2
6.87506246;0.2344966233;0.5790630579;8.408378601;6.883055429;-0.09453132749;-0.3810268939;-0.5839866996;2
6.877164179;0.1579262912;0.6173482537;8.48973465;6.885157148;-0.09330959618;-0.3712530732;-0.5913171172;2
6.87926595;0.07178468257;0.6317051649;8.590232849;6.887258867;-0.08964440972;-0.3639226854;-0.59376055;2
6.881367669;0.009571290575;0.6604190469;8.652446747;6.889360637;-0.08964440972;-0.3553705812;-0.5986474752;2
6.883469387;-0.04307080805;0.6556333899;8.69551754;6.891462356;-0.0859792158;-0.3492619395;-0.6010909677;2
6.885571106;-0.1004985496;0.6699903607;8.748159409;6.893564075;-0.08353576064;-0.3407098353;-0.6010909677;2
6.887672825;-0.1339980662;0.6652047038;8.796015739;6.895665794;-0.08109229803;-0.3321577311;-0.6023126841;2
6.889774596;-0.1722832322;0.679561615;8.848658562;6.897767512;-0.07742711157;-0.3248273432;-0.6010909677;2
6.891876315;-0.2632105052;0.6987041831;8.90130043;6.899869283;-0.07620538026;-0.3174969554;-0.6010909677;2
6.893978033;-0.3302095234;0.708275497;8.915657043;6.901971002;-0.0737619251;-0.3089448512;-0.5998691916;2
6.896079752;-0.3828516304;0.7369893789;8.896514893;6.904072721;-0.0725401938;-0.2979492843;-0.5998691916;2
6.898181471;-0.4307080805;0.7513462901;8.891729355;6.906174492;-0.0737619251;-0.2869537175;-0.5998691916;2
6.900283242;-0.4737788737;0.7417750359;8.858229637;6.90827621;-0.0725401938;-0.2747364342;-0.5998691916;2
6.90238496;-0.4977070987;0.7274180651;8.867800713;6.910377929;-0.07498364896;-0.2612974048;-0.5986474752;2
6.904486679;-0.4977070987;0.7417750359;8.796015739;6.912479648;-0.07742711157;-0.2515235841;-0.5962040424;2
6.90658845;-0.5264210105;0.7465606928;8.796015739;6.914581367;-0.07864884287;-0.2380845547;-0.5962040424;2
6.908690169;-0.5407779217;0.7513462901;8.791230202;6.916683085;-0.08109229803;-0.2258672565;-0.5925388336;2
6.910791887;-0.5694918036;0.7657032609;8.791230202;6.918784856;-0.08231402934;-0.2136499584;-0.5913171172;2
6.912893606;-0.5790630579;0.7465606928;8.791230202;6.920886575;-0.08353576064;-0.2026543915;-0.5888736248;2
6.914995325;-0.5838487148;0.7417750359;8.805587769;6.922988294;-0.0859792158;-0.192880556;-0.5852084756;2
6.917097044;-0.6125625968;0.7465606928;8.839086533;6.925090012;-0.08964440972;-0.1843284518;-0.5827649832;2
6.919198815;-0.6317051649;0.7704889178;8.853444099;6.927191783;-0.09086613357;-0.1769980639;-0.5815432668;2
6.921300533;-0.6652047038;0.756131947;8.853444099;6.929293502;-0.09330959618;-0.1721111536;-0.579099834;2
6.923402252;-0.6843472719;0.7513462901;8.867800713;6.931395221;-0.09453132749;-0.1672242284;-0.577878058;2
6.925503971;-0.70348984;0.7274180651;8.930013657;6.93349694;-0.09819651395;-0.1635590494;-0.5766563416;2
6.927605742;-0.708275497;0.7274180651;8.925228119;6.93559871;-0.09819651395;-0.1598938555;-0.5754346251;2
6.92970746;-0.708275497;0.6987041831;8.953942299;6.937700429;-0.1006399691;-0.1586721241;-0.5717694163;2
6.931809179;-0.732203722;0.6939185858;8.997013092;6.939802148;-0.1006399691;-0.1537852138;-0.5705476999;2
6.933910898;-0.7513462901;0.6843472719;9.020941734;6.941903867;-0.1006399691;-0.1513417512;-0.5681042671;2
6.936012669;-0.756131947;0.6747759581;9.054440498;6.944005637;-0.1006399691;-0.1476765573;-0.5656607747;2
6.938114387;-0.7752745152;0.6460621357;9.087940216;6.946107356;-0.1018617004;-0.1415679157;-0.5607738495;2
6.940216106;-0.784845829;0.6317051649;9.102297783;6.948209075;-0.1030834317;-0.1366809905;-0.5595521331;2
6.942317825;-0.784845829;0.6221339107;9.126225471;6.950310794;-0.1067486182;-0.1317940801;-0.5534434915;2
6.944419596;-0.8231309652;0.6029912829;9.169296265;6.952412565;-0.1079703495;-0.1269071549;-0.5497782826;2
6.946521315;-0.8614161611;0.5838487148;9.198010445;6.954514231;-0.1091920808;-0.1232419685;-0.5424479246;2
6.948623033;-0.9092726111;0.5647061467;9.20758152;6.956616002;-0.1104138121;-0.1159115955;-0.536339283;2
6.950724752;-0.9858429432;0.5599204898;9.212367058;6.958717721;-0.1128572673;-0.1122464016;-0.5302306414;2
6.952826523;-1.052842021;0.5790630579;9.212367058;6.96081944;-0.1140789986;-0.1098029464;-0.5229002237;2
6.95492819;-1.129412293;0.5934200287;9.2362957;6.96292121;-0.1165224537;-0.1073594838;-0.5143481493;2
6.95702996;-1.1820544;0.6221339107;9.245866776;6.965022929;-0.1165224537;-0.1073594838;-0.5045742989;2
6.959131679;-1.225125194;0.6460621357;9.269794464;6.967124648;-0.1189659163;-0.1110246703;-0.493578732;2
6.961233398;-1.287338614;0.6556333899;9.269794464;6.969226419;-0.1214093715;-0.1122464016;-0.4825831652;2
6.963335169;-1.330409408;0.6652047038;9.30807972;6.971328137;-0.1226311028;-0.119576782;-0.4715875983;2
6.965436887;-1.402194023;0.679561615;9.298508644;6.973429856;-0.1299614757;-0.1269071549;-0.4605920315;2
6.967538606;-1.464407444;0.6891329288;9.298508644;6.975531575;-0.1336266696;-0.1317940801;-0.4495964646;2
6.969640377;-1.531406522;0.6843472719;9.284152031;6.977633294;-0.1385135949;-0.1379027218;-0.4373791814;2
6.971742096;-1.588834286;0.6987041831;9.293723106;6.979735065;-0.1446222365;-0.1488982886;-0.4263836145;2
6.973843815;-1.655833244;0.708275497;9.279366493;6.981836783;-0.154396072;-0.1660024971;-0.4117228687;2
6.975945533;-1.708475351;0.7178468108;9.260223389;6.983938502;-0.1629481763;-0.1843284518;-0.397062093;2
6.978047252;-1.727617979;0.7657032609;9.245866776;6.986040221;-0.1727220118;-0.2014326602;-0.3824013472;2
6.980149023;-1.794616938;0.7896314859;9.245866776;6.98814194;-0.18493931;-0.2209803313;-0.3652971387;2
6.982250742;-1.871187329;0.784845829;9.174081802;6.99024371;-0.1934914142;-0.2405280024;-0.3494146466;2
6.98435246;-1.952543259;0.7800601721;9.140582085;6.992345429;-0.2032652497;-0.2612974048;-0.3347539008;2
6.986454179;-2.005185366;0.7992027402;9.126225471;6.994447148;-0.2130390853;-0.2808450758;-0.3176496923;2
6.988555898;-2.029113531;0.8087740541;9.169296265;6.996548867;-0.2203694731;-0.3003927469;-0.3029889166;2
6.990657669;-2.029113531;0.8279166222;9.145368576;6.998650637;-0.2313650399;-0.3187187016;-0.289549917;2
6.992759387;-1.995614052;0.8327022791;9.193224907;7.000752356;-0.235030219;-0.3321577311;-0.2761108875;2
6.994861106;-1.962114573;0.8566305041;9.198010445;7.002854075;-0.2448040545;-0.3480401933;-0.2638935745;2
6.996962825;-1.890329838;0.8470591903;9.17886734;7.004955794;-0.2509126961;-0.3639226854;-0.250454545;2
6.999064596;-1.828116536;0.8327022791;9.164510727;7.007057565;-0.2570213675;-0.3736965358;-0.2394589931;2
7.001166315;-1.789831281;0.8327022791;9.174081802;7.009159283;-0.2631300092;-0.3773617148;-0.2309068888;2
7.003268033;-1.761117458;0.8183453679;9.198010445;7.011261002;-0.2655734718;-0.3749182522;-0.2223547846;2
7.005369752;-1.679761529;0.7704889178;9.188439369;7.013362721;-0.2655734718;-0.3639226854;-0.2186895907;2
7.007471523;-1.588834286;0.7130611539;9.169296265;7.015464492;-0.261908263;-0.3455967605;-0.2174678594;2
7.009573242;-1.50269258;0.6604190469;9.188439369;7.01756621;-0.2594648004;-0.3223838806;-0.2186895907;2
7.01167496;-1.325623751;0.6125625968;9.193224907;7.019667929;-0.2472475171;-0.2955058515;-0.2223547846;2
7.013776679;-1.124626637;0.5982056856;9.265008926;7.021769648;-0.2362519503;-0.2649625838;-0.2272416949;2
7.01587845;-0.94277215;0.5551348329;9.30807972;7.023871367;-0.2240346521;-0.2344193608;-0.2321286201;2
7.017980169;-0.8039883971;0.5312066078;9.38465023;7.025973085;-0.2105956376;-0.2026543915;-0.2394589931;2
7.020081887;-0.70348984;0.5072783828;9.418149948;7.028074856;-0.1971566081;-0.1757763475;-0.246789366;2
7.022183606;-0.5982056856;0.4785645306;9.403793335;7.030176575;-0.1837175786;-0.1440113783;-0.2577849329;2
7.024285325;-0.5599204898;0.4354937077;9.427721024;7.032278294;-0.1678351015;-0.1061377525;-0.2724456787;2
7.026387044;-0.5072783828;0.4019941986;9.494720459;7.034380012;-0.1556178033;-0.07070759684;-0.2871064544;2
7.028488815;-0.4881358147;0.3493520916;9.537791252;7.036481783;-0.1397353113;-0.03283398226;-0.3029889166;2
7.030590533;-0.4833501875;0.3014956415;9.518648148;7.038583502;-0.127518028;-0.004734201822;-0.3176496923;2
7.032692252;-0.4307080805;0.2679961324;9.509077072;7.040685273;-0.1153007299;0.0209221188;-0.3335321844;2
7.034793971;-0.3684946895;0.2632105052;9.504291534;7.04278694;-0.1030834317;0.04291325063;-0.346971184;2
7.036895742;-0.3397808075;0.2536391914;9.504291534;7.04488871;-0.09208786488;0.05757400393;-0.3579667509;2
7.03899746;-0.3445664644;0.2679961324;9.523433685;7.046990429;-0.0847574845;0.07101303339;-0.3677406013;2
7.041099231;-0.4019941986;0.2632105052;9.528220177;7.049092148;-0.08109229803;0.07712167501;-0.3750709891;2
7.043200898;-0.4833501875;0.2967100143;9.494720459;7.051193867;-0.07987056673;0.07589995116;-0.3811796308;2
7.045302669;-0.6029912829;0.3445664644;9.437292099;7.053295637;-0.07742711157;0.07101303339;-0.3872882724;2
7.047404387;-0.7178468108;0.3684946895;9.36550808;7.055397356;-0.08231402934;0.06368265301;-0.3909534514;2
7.049506106;-0.813559711;0.4115654826;9.327222824;7.057499075;-0.0859792158;0.05268708616;-0.393396914;2
7.051607825;-0.9188438654;0.4546363056;9.265008926;7.059600846;-0.09697478265;0.03558287397;-0.3982838392;2
7.053709596;-0.9906286001;0.5168496966;9.188439369;7.061702565;-0.1067486182;0.01847865991;-0.4007273018;2
7.055811315;-1.043270707;0.5599204898;9.145368576;7.063804283;-0.1201876476;-0.00351247238;-0.4019490182;2
7.057913033;-1.124626637;0.6221339107;9.111868858;7.065906002;-0.1360701323;-0.02306014486;-0.4043924809;2
7.060014804;-1.1820544;0.679561615;9.03051281;7.068007721;-0.1531743407;-0.04505127668;-0.4068359435;2
7.062116523;-1.234696507;0.7226324677;8.997013092;7.07010944;-0.1702785641;-0.06459894776;-0.4068359435;2
7.064218242;-1.277767301;0.756131947;8.906085968;7.07221121;-0.1898262352;-0.08414662629;-0.4092794061;2
7.06631996;-1.306481123;0.7800601721;8.848658562;7.074312929;-0.2093739063;-0.1085812151;-0.4092794061;2
7.068421679;-1.335195065;0.7944171429;8.805587769;7.076414648;-0.2301433086;-0.1317940801;-0.4117228687;2
7.070523398;-1.373480201;0.813559711;8.752944946;7.078516419;-0.2509126961;-0.1525634825;-0.4105011225;2
7.072625169;-1.397408366;0.8327022791;8.729017258;7.080618137;-0.2704603672;-0.1745546162;-0.4080576599;2
7.074726887;-1.430907965;0.8470591903;8.719446182;7.082719856;-0.2887863219;-0.1892153621;-0.4056142271;2
7.076828606;-1.483550072;0.8518448472;8.690732002;7.084821575;-0.3058905303;-0.1989891976;-0.4007273018;2
7.078930377;-1.545763373;0.8470591903;8.700303078;7.086923346;-0.3217730224;-0.2063195854;-0.3946186602;2
7.081032096;-1.617548108;0.8470591903;8.719446182;7.089025065;-0.3352120519;-0.2136499584;-0.3885099888;2
7.083133815;-1.679761529;0.8757730722;8.762516975;7.091126783;-0.3474293351;-0.216093421;-0.3836230934;2
7.085235533;-1.727617979;0.8853443861;8.805587769;7.093228554;-0.3572031856;-0.2136499584;-0.3762927055;2
7.087337304;-1.765903115;0.8949156404;8.87258625;7.095330221;-0.3596466482;-0.2087630332;-0.3665188551;2
7.089439023;-1.780260086;0.9236295223;8.949156761;7.097431992;-0.3633118272;-0.1977674663;-0.3579667509;2
7.091540742;-1.818545222;0.94277215;9.054440498;7.09953371;-0.3645335436;-0.1831067204;-0.346971184;2
7.093642512;-1.871187329;0.9619147182;9.154939651;7.101635429;-0.358424902;-0.1611155868;-0.3335321844;2
7.095744179;-1.928615093;0.9714859724;9.255437851;7.1037372;-0.3523162603;-0.1403461844;-0.3200931549;2
7.09784595;-1.995614052;0.9762716293;9.355937004;7.105838919;-0.3425424397;-0.1122464016;-0.3066541255;2
7.099947669;-2.043470621;0.9762716293;9.470791817;7.107940637;-0.327881664;-0.08292489499;-0.2919933498;2
7.102049387;-2.096112728;0.9619147182;9.590433121;7.110042356;-0.311999172;-0.05238165334;-0.2761108875;2
7.104151158;-2.163111687;0.9571290612;9.7196455;7.112144075;-0.2924515009;-0.02306014486;-0.2614501119;2
7.106252877;-2.196611166;0.9475577474;9.8201437;7.114245846;-0.2729038298;0.008704823442;-0.250454545;2
7.108354596;-2.220539331;0.9619147182;9.944570541;7.116347565;-0.2509126961;0.04291325063;-0.2370155305;2
7.110456315;-2.225325108;0.9714859724;10.05942631;7.118449283;-0.2289215773;0.07467821985;-0.2272416949;2
7.112558033;-2.20618248;0.9762716293;10.15513897;7.120551002;-0.2069304436;0.1064431891;-0.219911322;2
7.114659804;-2.187039852;0.9762716293;10.22692394;7.122652773;-0.1837175786;0.1369864196;-0.2162461281;2
7.116761523;-2.153540373;0.9858429432;10.28435135;7.124754492;-0.1605047137;0.1601992846;-0.2113592178;2
7.118863242;-2.091326952;0.9667003751;10.34177971;7.12685621;-0.1409570426;0.1846338809;-0.2113592178;2
7.12096496;-2.038684845;0.94277215;10.35135078;7.128957929;-0.1226311028;0.200516358;-0.2125809491;2
7.123066731;-1.952543259;0.9140582681;10.34656525;7.1310597;-0.1055268943;0.2176205814;-0.2174678594;2
7.12516845;-1.899901152;0.890130043;10.30349445;7.133161419;-0.09453132749;0.2261726856;-0.2223547846;2
7.127270169;-1.832902193;0.8566305041;10.23649502;7.135263137;-0.0859792158;0.2298378795;-0.2284634262;2
7.129371887;-1.789831281;0.8279166222;10.16949654;7.137364856;-0.08231402934;0.2347247899;-0.2357937992;2
7.131473658;-1.746760488;0.7944171429;10.07378292;7.139466575;-0.07987056673;0.2359465212;-0.2455676347;2
7.133575377;-1.708475351;0.7704889178;9.987641335;7.141568346;-0.08231402934;0.2322813272;-0.2528980076;2
7.135677096;-1.694118381;0.7657032609;9.911071777;7.143670065;-0.08231402934;0.2225074917;-0.2590066791;2
7.137778815;-1.708475351;0.7752745152;9.810572624;7.145771783;-0.08964440972;0.2151771188;-0.2663370371;2
7.139880533;-1.727617979;0.756131947;9.767501831;7.147873554;-0.09819651395;0.2017380893;-0.2724456787;2
7.141982304;-1.770688772;0.7800601721;9.700503349;7.149975273;-0.1067486182;0.1846338809;-0.2773326039;2
7.144084023;-1.832902193;0.7896314859;9.671789169;7.152076992;-0.1214093715;0.1638644785;-0.2822195292;2
7.146185742;-1.880758643;0.813559711;9.614361763;7.15417871;-0.134848401;0.1418733448;-0.2858847082;2
7.148287512;-1.890329838;0.837487936;9.552147865;7.156280429;-0.1507308781;0.1186604798;-0.2907716334;2
7.150389231;-1.923829436;0.837487936;9.475577354;7.1583822;-0.1653916389;0.09422589093;-0.2907716334;2
7.15249095;-1.923829436;0.8470591903;9.461220741;7.160483919;-0.1800523996;0.06856957078;-0.2919933498;2
7.154592669;-1.986042738;0.8327022791;9.466006279;7.162585637;-0.1934914142;0.04046979174;-0.2919933498;2
7.156694387;-2.043470621;0.8279166222;9.533005714;7.164687356;-0.204486981;0.01359174121;-0.289549917;2
7.158796158;-2.06261301;0.8518448472;9.561718941;7.166789075;-0.2191477418;-0.01450803876;-0.2883281708;2
7.160897877;-2.072184324;0.8614161611;9.590433121;7.168890794;-0.2301433086;-0.03772090003;-0.2846629918;2
7.162999596;-2.086541414;0.8709874153;9.657432556;7.170992565;-0.2399171442;-0.05604684353;-0.2834412456;2
7.165101315;-2.120040894;0.8805587292;9.734002113;7.173094283;-0.2472475171;-0.06948586553;-0.2809978127;2
7.167203033;-2.115255117;0.8853443861;9.805787086;7.175196002;-0.2545779049;-0.08536835015;-0.2773326039;2
7.169304752;-2.153540373;0.8709874153;9.786644936;7.177297721;-0.258243084;-0.09636391699;-0.2700022459;2
7.171406523;-2.172683001;0.8614161611;9.810572624;7.179399492;-0.261908263;-0.1012508348;-0.2651153207;2
7.173508242;-2.167897224;0.8614161611;9.868000984;7.18150121;-0.2631300092;-0.1036942974;-0.2553414702;2
7.17560996;-2.191825628;0.8853443861;9.939785004;7.183602929;-0.2631300092;-0.0975856483;-0.2443459183;2
7.177711679;-2.201396942;0.9236295223;9.978070259;7.185704648;-0.261908263;-0.09269873053;-0.2321286201;2
7.17981345;-2.230110645;0.9571290612;10.02592659;7.187806419;-0.2606865466;-0.08170316368;-0.2150243968;2
7.181915169;-2.239681959;0.9714859724;10.04506969;7.189908137;-0.2570213675;-0.07315105945;-0.1991419196;2
7.184016887;-2.249253273;0.9810572863;10.07856941;7.192009856;-0.2545779049;-0.06337722391;-0.1832594275;2
7.186118606;-2.287538528;0.9714859724;10.12642574;7.194111627;-0.2521344423;-0.04993819445;-0.1661552191;2
7.188220377;-2.316252232;0.9523434043;10.14556789;7.196213346;-0.2472475171;-0.03772090003;-0.1527161896;2
7.190322096;-2.311466694;0.9236295223;10.17906761;7.198315065;-0.2435823381;-0.02183841541;-0.1392771751;2
7.192423815;-2.282752752;0.890130043;10.20778179;7.200416783;-0.2374736816;-0.01328630932;-0.1295033395;2
7.194525585;-2.249253273;0.8518448472;10.19342422;7.202518502;-0.2313650399;-0.00351247238;-0.1209512278;2
7.196627304;-2.196611166;0.8039883971;10.2221384;7.204620221;-0.2252563834;0.005039634649;-0.1111773923;2
7.198729023;-2.100898266;0.7657032609;10.27478027;7.206721992;-0.2179260105;0.01359174121;-0.1038470119;2
7.200830742;-2.024327993;0.732203722;10.33699417;7.20882371;-0.2105956376;0.0209221188;-0.09529490769;2
7.20293246;-1.947757602;0.7274180651;10.37527943;7.210925429;-0.2032652497;0.0294742249;-0.08796452731;2
7.205034179;-1.880758643;0.6987041831;10.39920712;7.213027148;-0.1983783394;0.03680460155;-0.08429934084;2
7.20713595;-1.866401672;0.6699903607;10.42313576;7.215128919;-0.1898262352;0.04657844082;-0.07819069177;2
7.209237669;-1.808973908;0.6412764788;10.40877819;7.217230637;-0.1800523996;0.05635227636;-0.0745255053;2
7.211339387;-1.775474429;0.6173482537;10.41356373;7.219332356;-0.1739437431;0.06123919412;-0.07208204269;2
7.213441106;-1.732403636;0.5982056856;10.42313576;7.221434127;-0.1678351015;0.06856957078;-0.07086031139;2
7.215542877;-1.665404558;0.5838487148;10.45663452;7.223535794;-0.1666133702;0.07589995116;-0.07086031139;2
7.217644596;-1.607976794;0.5503492355;10.43270683;7.225637565;-0.1592829973;0.07956513762;-0.073303774;2
7.219746315;-1.50269258;0.5359922647;10.42313576;7.227739283;-0.1531743407;0.08445205539;-0.07696896046;2
7.221848085;-1.411765337;0.5120640397;10.40877819;7.229841002;-0.1482874304;0.09056070447;-0.08063415438;2
7.223949752;-1.306481123;0.4929214716;10.37049294;7.231942773;-0.1458439678;0.09422589093;-0.08429934084;2
7.226051523;-1.220339537;0.4689932466;10.33699417;7.234044492;-0.1421787739;0.0991128087;-0.08796452731;2
7.228153242;-1.172483087;0.4689932466;10.30827999;7.23614621;-0.1409570426;0.1027780026;-0.09040798992;2
7.23025496;-1.143769264;0.4642075896;10.28435135;7.238247929;-0.1397353113;0.1039997265;-0.09162971377;2
7.232356731;-1.143769264;0.4737788737;10.25563812;7.240349648;-0.1385135949;0.1064431891;-0.09407317638;2
7.23445845;-1.162911773;0.4833501875;10.25563812;7.242451419;-0.1397353113;0.1039997265;-0.09407317638;2
7.236560169;-1.205982566;0.5024927258;10.23649502;7.244553137;-0.1409570426;0.10033454;-0.09651663154;2
7.238661887;-1.249053478;0.5024927258;10.21735287;7.246654856;-0.1409570426;0.09422589093;-0.09773836285;2
7.240763606;-1.296909928;0.5024927258;10.22692394;7.248756627;-0.1434005052;0.08811724186;-0.09773836285;2
7.242865377;-1.316052437;0.5359922647;10.24606609;7.250858294;-0.1446222365;0.07956513762;-0.09773836285;2
7.244967096;-1.344766378;0.5216353536;10.27478027;7.252960065;-0.1482874304;0.06856957078;-0.09529490769;2
7.247068815;-1.397408366;0.5312066078;10.29870892;7.255061783;-0.1458439678;0.06001746282;-0.09529490769;2
7.249170585;-1.440479279;0.5120640397;10.3226366;7.257163554;-0.1470656991;0.05024362728;-0.08918625861;2
7.251272252;-1.488335729;0.5120640397;10.33220863;7.259265273;-0.1446222365;0.03924806044;-0.08429934084;2
7.253374023;-1.531406522;0.5120640397;10.33699417;7.261366992;-0.1446222365;0.03069595434;-0.08185587823;2
7.255475742;-1.55054903;0.5120640397;10.3657074;7.26346871;-0.1434005052;0.01970038936;-0.07574722916;2
7.257577512;-1.574477315;0.5168496966;10.41356373;7.265570429;-0.1385135949;0.01114828233;-0.06841685623;2
7.259679231;-1.579262972;0.5455635786;10.40877819;7.267672148;-0.1336266696;0.005039634649;-0.06108647957;2
7.26178095;-1.607976794;0.5455635786;10.4279213;7.269773919;-0.1287397593;0.002596175298;-0.05619955808;2
7.263882669;-1.627119422;0.5312066078;10.43270683;7.271875637;-0.1238528341;-0.00351247238;-0.04886918142;2
7.265984387;-1.631905079;0.5264210105;10.44227791;7.273977356;-0.1189659163;-0.00351247238;-0.04276053607;2
7.268086106;-1.622333765;0.5264210105;10.44227791;7.276079075;-0.1128572673;-0.00351247238;-0.03787361458;2
7.270187877;-1.584048629;0.5216353536;10.43270683;7.278180846;-0.1079703495;-0.001069013379;-0.03054323979;2
7.272289596;-1.55054903;0.5312066078;10.42313576;7.280282565;-0.1018617004;0.002596175298;-0.02565632015;2
7.274391315;-1.50269258;0.5264210105;10.39442158;7.282384283;-0.09697478265;0.003817904973;-0.01954767294;2
7.276493033;-1.464407444;0.5120640397;10.38963604;7.284486002;-0.09086613357;0.009926552884;-0.01588248461;2
7.278594804;-1.440479279;0.4881358147;10.37527943;7.286587773;-0.0859792158;0.01481347065;-0.01099556591;2
7.280696523;-1.402194023;0.4929214716;10.3657074;7.288689492;-0.08109229803;0.01847865991;-0.008552107029;2
7.282798242;-1.387837172;0.4881358147;10.35135078;7.29079121;-0.07498364896;0.0209221188;-0.006108647678;2
7.28489996;-1.344766378;0.4737788737;10.33699417;7.292892929;-0.06887500733;0.02336557768;-0.002443459118;2
7.287001731;-1.277767301;0.4689932466;10.33220863;7.294994648;-0.06398808211;0.02336557768;0.001221729559;2
7.28910345;-1.220339537;0.4546363056;10.28913784;7.297096419;-0.05665770918;0.0294742249;0.002443459118;2
7.291205169;-1.177268744;0.4498506486;10.28435135;7.299198137;-0.04932733253;0.03558287397;0.003665188793;2
7.293306887;-1.13419795;0.4594219327;10.28913784;7.301299908;-0.04444041103;0.04291325063;0.004886918236;2
7.295408606;-1.105484009;0.4498506486;10.27956581;7.303401575;-0.04077522457;0.05146535859;0.007330377586;2
7.297510377;-1.081555843;0.4498506486;10.26042366;7.305503346;-0.0358883068;0.05635227636;0.01099556591;2
7.299612096;-1.048056364;0.4402793646;10.26042366;7.307605065;-0.03344484791;0.06368265301;0.0134390248;2
7.301713867;-1.024128079;0.4402793646;10.21735287;7.309706783;-0.02977965772;0.06734783947;0.0183259435;2
7.303815533;-1.009771109;0.4307080805;10.21735287;7.311808502;-0.02977965772;0.06490438432;0.02321286127;2
7.305917304;-1.009771109;0.4642075896;10.16949654;7.313910273;-0.02977965772;0.06001746282;0.02809977904;2
7.308019023;-1.019342422;0.4642075896;10.16949654;7.316011992;-0.02977965772;0.05513054505;0.03420842811;2
7.310120742;-1.03848505;0.4881358147;10.13121128;7.31811371;-0.03100138716;0.0478001684;0.03787361458;2
7.31222246;-1.033699393;0.4929214716;10.11206818;7.320215429;-0.03222311661;0.04046979174;0.04398226365;2
7.314324231;-1.028913736;0.5216353536;10.04506969;7.3223172;-0.03833176568;0.03069595434;0.04886918142;2
7.31642595;-1.019342422;0.5120640397;9.982855797;7.324418919;-0.04199695215;0.02214384824;0.05009091273;2
7.318527669;-1.000199914;0.5024927258;9.95414257;7.326520637;-0.04810560122;0.01237001177;0.05253437161;2
7.320629387;-0.9810572863;0.5216353536;9.911071777;7.328622356;-0.0542142503;0.008704823442;0.05375609919;2
7.322731158;-0.9379864931;0.5168496966;9.872786522;7.330724127;-0.06276635826;0.001374445739;0.0549778305;2
7.324832877;-0.8949156404;0.5120640397;9.824930191;7.332825846;-0.06643154472;-0.008399390616;0.05619955808;2
7.326934596;-0.8470591903;0.5024927258;9.810572624;7.334927565;-0.07498364896;-0.01695149764;0.06108647957;2
7.329036315;-0.8183453679;0.4977070987;9.791430473;7.337029335;-0.08109229803;-0.02794706449;0.06719512492;2
7.331138085;-0.7944171429;0.5168496966;9.772287369;7.339131002;-0.09086613357;-0.03649916872;0.07208204269;2
7.333239804;-0.813559711;0.5455635786;9.762716293;7.341232773;-0.09819651395;-0.0426078178;0.07819069177;2
7.335341523;-0.8087740541;0.5599204898;9.738788605;7.343334492;-0.1030834317;-0.04871646687;0.08552107215;2
7.337443294;-0.837487936;0.5599204898;9.757930756;7.34543621;-0.1091920808;-0.05726857483;0.08918625861;2
7.33954496;-0.8279166222;0.5455635786;9.757930756;7.347537929;-0.1153007299;-0.0609337613;0.09285144508;2
7.341646731;-0.8087740541;0.5455635786;9.772287369;7.3496397;-0.1189659163;-0.06826414168;0.09529490769;2
7.34374845;-0.7944171429;0.5216353536;9.8201437;7.351741419;-0.1226311028;-0.0743727833;0.09407317638;2
7.345850169;-0.7226324677;0.5072783828;9.872786522;7.353843137;-0.1226311028;-0.07803797722;0.09407317638;2
7.347951887;-0.6604190469;0.4881358147;9.906285286;7.355944856;-0.1189659163;-0.08170316368;0.09285144508;2
7.350053658;-0.5838487148;0.4546363056;9.963713646;7.358046627;-0.1189659163;-0.08292489499;0.09040798992;2
7.352155377;-0.5264210105;0.4450650215;10.01635551;7.360148346;-0.111635536;-0.08170316368;0.08796452731;2
7.354257096;-0.4833501875;0.3972085714;10.06899738;7.362250065;-0.1079703495;-0.08048143238;0.08307760954;2
7.356358815;-0.4450650215;0.3828516304;10.12164021;7.364351783;-0.1030834317;-0.07681624591;0.08185587823;2
7.358460585;-0.4211367965;0.3828516304;10.14078236;7.366453554;-0.09453132749;-0.0743727833;0.07696896046;2
7.360562304;-0.4163511395;0.3732803464;10.164711;7.368555273;-0.08720094711;-0.06826414168;0.073303774;2
7.362664023;-0.4115654826;0.3589234054;10.19820976;7.370656992;-0.08353576064;-0.06459894776;0.06841685623;2
7.364765742;-0.4211367965;0.3541377485;10.24128056;7.37275871;-0.07620538026;-0.05971203372;0.06597339362;2
7.366867512;-0.4259224236;0.3493520916;10.26999474;7.374860429;-0.07131846249;-0.05360338464;0.06108647957;2
7.368969231;-0.4594219327;0.3445664644;10.27478027;7.3769622;-0.06643154472;-0.04627300799;0.05742128938;2
7.37107095;-0.4689932466;0.3397808075;10.26999474;7.379063919;-0.05910116807;-0.04138609022;0.05375609919;2
7.373172669;-0.4977070987;0.3541377485;10.24606609;7.381165637;-0.05543597788;-0.04016435891;0.05009091273;2
7.375274387;-0.5407779217;0.3445664644;10.22692394;7.383267408;-0.05054906011;-0.03405570984;0.04764745384;2
7.377376158;-0.5838487148;0.3637090325;10.21256733;7.385369127;-0.04932733253;-0.03039052337;0.04398226365;2
7.379477877;-0.6221339107;0.3684946895;10.19342422;7.387470846;-0.04566214234;-0.02794706449;0.04153880477;2
7.381579596;-0.6747759581;0.3828516304;10.16949654;7.389572565;-0.04321868345;-0.0242818743;0.04031707719;2
7.383681367;-0.7465606928;0.3828516304;10.15035343;7.391674283;-0.04321868345;-0.02183841541;0.04031707719;2
7.385783085;-0.813559711;0.3876372576;10.16949654;7.393776054;-0.04321868345;-0.02061668597;0.04031707719;2
7.387884804;-0.8853443861;0.4163511395;10.17428207;7.395877773;-0.04077522457;-0.02183841541;0.03909534588;2
7.389986523;-0.9571290612;0.4163511395;10.15992451;7.397979492;-0.04077522457;-0.02306014486;0.03787361458;2
7.392088242;-1.024128079;0.4307080805;10.17906761;7.40008121;-0.03955349326;-0.02672533318;0.03909534588;2
7.394190012;-1.071984529;0.4498506486;10.164711;7.402182981;-0.03711003438;-0.03039052337;0.04031707719;2
7.396291731;-1.124626637;0.4498506486;10.15992451;7.4042847;-0.03711003438;-0.03772090003;0.04031707719;2
7.39839345;-1.143769264;0.4642075896;10.19342422;7.406386419;-0.03711003438;-0.04138609022;0.04031707719;2
7.400495169;-1.177268744;0.4785645306;10.18385315;7.408488137;-0.03833176568;-0.0438295491;0.03909534588;2
7.40259694;-1.225125194;0.4929214716;10.18385315;7.410589908;-0.04077522457;-0.04505127668;0.036651887;2
7.404698658;-1.253839016;0.4977070987;10.17428207;7.412691627;-0.04199695215;-0.0438295491;0.036651887;2
7.406800377;-1.268195987;0.4881358147;10.15992451;7.414793346;-0.04321868345;-0.04627300799;0.03543015569;2
7.408902096;-1.287338614;0.4929214716;10.14556789;7.416895065;-0.04810560122;-0.0438295491;0.03543015569;2
7.411003867;-1.296909928;0.5264210105;10.15035343;7.418996783;-0.05543597788;-0.0426078178;0.03787361458;2
7.413105585;-1.344766378;0.5551348329;10.14556789;7.421098554;-0.05910116807;-0.04138609022;0.03909534588;2
7.415207304;-1.387837172;0.5886343718;10.16949654;7.423200273;-0.06154462695;-0.03649916872;0.03909534588;2
7.417309023;-1.430907965;0.6412764788;10.18385315;7.425301992;-0.06520981342;-0.03283398226;0.04276053607;2
7.419410742;-1.464407444;0.6652047038;10.22692394;7.42740371;-0.06765327603;-0.03161225095;0.04520399496;2
7.421512512;-1.526620865;0.6747759581;10.25563812;7.429505429;-0.06520981342;-0.02794706449;0.04642572254;2
7.423614231;-1.607976794;0.6891329288;10.33699417;7.4316072;-0.06643154472;-0.02061668597;0.04886918142;2
7.42571595;-1.651047587;0.6939185858;10.41835022;7.433708919;-0.06398808211;-0.02061668597;0.05131264031;2
7.427817669;-1.713261008;0.7226324677;10.49970531;7.435810637;-0.05787943676;-0.01817322709;0.05375609919;2
7.429919387;-1.756331801;0.7130611539;10.5858469;7.437912408;-0.05054906011;-0.01206457894;0.05742128938;2
7.432021158;-1.818545222;0.7178468108;10.7054882;7.440014075;-0.04444041103;-0.0108428495;0.05986474827;2
7.434122877;-1.871187329;0.7274180651;10.8107729;7.442115846;-0.03711003438;-0.01206457894;0.06352993846;2
7.436224596;-1.947757602;0.7274180651;10.93519974;7.444217565;-0.02977965772;-0.01817322709;0.06719512492;2
7.438326367;-2.019542217;0.70348984;11.04048347;7.446319335;-0.02000582218;-0.02550360374;0.06963858753;2
7.440428033;-2.086541414;0.70348984;11.11705399;7.448421002;-0.01389717404;-0.03527744114;0.0745255053;2
7.442529804;-2.158325911;0.7130611539;11.18405342;7.450522721;-0.002901607659;-0.04993819445;0.07819069177;2
7.444631523;-2.201396942;0.7130611539;11.23190975;7.452624492;0.003207040019;-0.06459894776;0.08063415438;2
7.446733294;-2.239681959;0.7274180651;11.27019501;7.45472621;0.009315688163;-0.08292489499;0.08429934084;2
7.44883496;-2.258824587;0.732203722;11.32762241;7.456827981;0.01542433538;-0.0975856483;0.08796452731;2
7.450936679;-2.282752752;0.7226324677;11.32283688;7.4589297;0.02153298259;-0.1146898642;0.09285144508;2
7.45303845;-2.306680918;0.7178468108;11.29890823;7.461031419;0.02397644334;-0.1305723488;0.09529490769;2
7.455140169;-2.340180635;0.708275497;11.26540947;7.463133137;0.02519817278;-0.1391244531;0.09773836285;2
7.45724194;-2.364108801;0.6699903607;11.22233772;7.465234856;0.02519817278;-0.1488982886;0.09896009415;2
7.459343658;-2.392822742;0.6412764788;11.1505537;7.467336627;0.02275471389;-0.1550069451;0.1026252806;2
7.461445377;-2.388036966;0.6173482537;11.03569794;7.469438346;0.02275471389;-0.1586721241;0.1062904745;2
7.463547096;-2.364108801;0.6173482537;10.95912743;7.471540065;0.01786779426;-0.1562286615;0.109955661;2
7.465648815;-2.335394859;0.6460621357;10.87777138;7.473641835;0.01542433538;-0.1488982886;0.1148425788;2
7.467750585;-2.30189538;0.6604190469;10.80120182;7.475743502;0.01298087649;-0.1403461844;0.1197294965;2
7.469852304;-2.321038008;0.7178468108;10.77727318;7.477845273;0.01420260593;-0.1281288862;0.1282816082;2
7.471954023;-2.325823545;0.732203722;10.76291656;7.479946992;0.01542433538;-0.1146898642;0.1343902498;2
7.474055794;-2.354537487;0.7465606928;10.76291656;7.48204871;0.01786779426;-0.1000291109;0.1429423541;2
7.47615746;-2.402393818;0.756131947;10.82034397;7.484150429;0.02397644334;-0.08536835015;0.1539379209;2
7.478259231;-2.440679073;0.756131947;10.86341476;7.4862522;0.03130681813;-0.07192932814;0.1649334878;2
7.48036095;-2.450250387;0.7800601721;10.92084217;7.488353919;0.03985892609;-0.05360338464;0.1759290546;2
7.482462669;-2.469393015;0.7944171429;10.99741268;7.490455637;0.04841103405;-0.02916879393;0.1857028902;2
7.484564387;-2.464607239;0.8231309652;11.02612686;7.492557356;0.05818486959;-0.007177661173;0.1954767257;2
7.486666158;-2.445464849;0.837487936;11.10748291;7.494659127;0.0728456229;0.02214384824;0.2028071135;2
7.488767877;-2.39760828;0.8327022791;11.11705399;7.496760846;0.08628465235;0.05024362728;0.2113592178;2
7.490869596;-2.364108801;0.837487936;11.13619614;7.498862565;0.09605848789;0.08078686893;0.2186895907;2
7.492971315;-2.344966173;0.8087740541;11.14098263;7.500964283;0.1082757786;0.1076649204;0.2260199636;2
7.495073085;-2.349751949;0.7465606928;11.16969585;7.503066054;0.1229365394;0.1369864196;0.2309068888;2
7.497174804;-2.349751949;0.6987041831;11.19841003;7.505167773;0.1327103674;0.1663079411;0.2333503515;2
7.499276523;-2.349751949;0.650847733;11.23190975;7.507269492;0.1461493969;0.1907425225;0.2345720828;2
7.501378242;-2.330609322;0.5886343718;11.29890823;7.50937121;0.1534797698;0.2115119249;0.2357937992;2
7.503480012;-2.306680918;0.5264210105;11.30848026;7.511472981;0.1669187993;0.2261726856;0.2382372618;2
7.505581731;-2.30189538;0.4737788737;11.38026428;7.5135747;0.1803578287;0.2335030586;0.2370155305;2
7.50768345;-2.30189538;0.4259224236;11.42812061;7.515676419;0.1913533956;0.2420551628;0.2345720828;2
7.509785169;-2.282752752;0.4115654826;11.47597694;7.517778137;0.2072358727;0.2432768941;0.2309068888;2
7.51188694;-2.244467735;0.3637090325;11.56211948;7.519879856;0.2206749022;0.2444986254;0.2260199636;2
7.513988658;-2.230110645;0.3302095234;11.66261768;7.521981627;0.2365573794;0.2383899838;0.2223547846;2
7.516090377;-2.234896421;0.3493520916;11.71047401;7.524083346;0.2499964088;0.2273944169;0.2162461281;2
7.518192096;-2.230110645;0.3493520916;11.74397373;7.526185065;0.2634354234;0.2163988501;0.2101374865;2
7.520293815;-2.230110645;0.3349951804;11.75833035;7.528286783;0.2756527364;0.200516358;0.2015853822;2
7.522395585;-2.263610125;0.3445664644;11.79183006;7.530388554;0.2866483033;0.1870773435;0.1954767257;2
7.524497304;-2.311466694;0.3254238665;11.77747345;7.532490273;0.2988655865;0.1760817766;0.1869246215;2
7.526599023;-2.344966173;0.3062812984;11.73440266;7.534591992;0.308639437;0.1638644785;0.1771507859;2
7.528700742;-2.335394859;0.2967100143;11.70090294;7.53669371;0.3184132576;0.1553123742;0.1685986817;2
7.530802512;-2.344966173;0.3062812984;11.64826107;7.538795481;0.3257436454;0.14676027;0.1576031148;2
7.532904231;-2.344966173;0.3062812984;11.54297638;7.5408972;0.3330740333;0.1406516135;0.1514944583;2
7.53500595;-2.364108801;0.3110669553;11.46640587;7.542998919;0.3355174661;0.1320995092;0.1429423541;2
7.537107669;-2.373680115;0.3110669553;11.34197903;7.545100637;0.3391826749;0.1259908676;0.1356119812;2
7.53920944;-2.378465652;0.2967100143;11.22712421;7.547202356;0.3428478539;0.1186604798;0.1295033395;2
7.541311158;-2.402393818;0.2919243574;11.11226845;7.549304127;0.3465130329;0.1101083755;0.1258381456;2
7.543412877;-2.426322222;0.2679961324;11.01177025;7.551405846;0.3489564955;0.1052214578;0.123394683;2
7.545514596;-2.469393015;0.2919243574;10.90170002;7.553507565;0.3501782417;0.0978910774;0.1197294965;2
7.547616315;-2.522035122;0.3206382394;10.80598736;7.555609283;0.3538434207;0.09666935354;0.1172860414;2
7.549718085;-2.512463808;0.3445664644;10.72941685;7.557711054;0.358730346;0.09544762224;0.1148425788;2
7.551819804;-2.502892494;0.4067798555;10.67198944;7.559812773;0.3660607338;0.09666935354;0.1136208475;2
7.553921523;-2.49332118;0.4785645306;10.62413216;7.561914492;0.3721693754;0.09666935354;0.1123991162;2
7.556023242;-2.49332118;0.5216353536;10.59063339;7.56401621;0.378278017;0.09666935354;0.1123991162;2
7.558125012;-2.498106956;0.5742774606;10.5475626;7.566117981;0.3856084049;0.09544762224;0.1148425788;2
7.560226731;-2.54117775;0.6029912829;10.50449181;7.5682197;0.3941605091;0.09300415963;0.1148425788;2
7.56232845;-2.574677229;0.6173482537;10.50927734;7.570321419;0.405156076;0.09544762224;0.1160643101;2
7.564430169;-2.632104874;0.6125625968;10.46620655;7.57242319;0.4112647176;0.08933897316;0.1148425788;2
7.56653194;-2.679961443;0.5886343718;10.38963604;7.574524908;0.4210385382;0.07956513762;0.1136208475;2
7.568633658;-2.679961443;0.5551348329;10.30349445;7.576626575;0.4308123887;0.07223475724;0.1123991162;2
7.570735377;-2.608176708;0.5168496966;10.29870892;7.578728346;0.4393644929;0.07345648855;0.1123991162;2
7.572837148;-2.531606436;0.5264210105;10.29870892;7.580830065;0.4479165971;0.07834340632;0.1123991162;2
7.574938867;-2.522035122;0.5551348329;10.21256733;7.582931783;0.4540252388;0.0856737867;0.1160643101;2
7.577040533;-2.52682066;0.5886343718;10.08814049;7.585033554;0.458912164;0.09422589093;0.1197294965;2
7.579142304;-2.560320139;0.6125625968;9.896714211;7.587135273;0.4601338804;0.1052214578;0.123394683;2
7.581244023;-2.617748022;0.6652047038;9.753145218;7.589236992;0.4637990892;0.1125518382;0.1282816082;2
7.583345742;-2.63689065;0.7226324677;9.633503914;7.59133871;0.4662425518;0.1186604798;0.1307250559;2
7.585447512;-2.646461725;0.760917604;9.54257679;7.593440481;0.4662425518;0.1198822111;0.1368337125;2
7.587549231;-2.63689065;0.7896314859;9.451649666;7.5955422;0.4662425518;0.1259908676;0.1429423541;2
7.58965095;-2.617748022;0.8183453679;9.408578873;7.597643919;0.462577343;0.1333212405;0.1490510106;2
7.591752669;-2.589034081;0.8566305041;9.265008926;7.599745637;0.4564687014;0.1430950761;0.1588248461;2
7.59385444;-2.598605394;0.9284151793;9.073583603;7.601847356;0.4491383433;0.1589775532;0.1722638607;2
7.595956158;-2.603390932;1.000199914;8.886942863;7.603949127;0.4369210303;0.1687513888;0.1869246215;2
7.598057877;-2.651247501;1.071984529;8.700303078;7.606050846;0.4259254634;0.1785252392;0.2028071135;2
7.600159596;-2.699103832;1.115055323;8.532805443;7.608152565;0.408821255;0.1821904182;0.219911322;2
7.602261315;-2.73260355;1.162911773;8.350951195;7.610254335;0.3953822255;0.1919642538;0.2370155305;2
7.604363085;-2.703889608;1.158126116;8.245666504;7.612356054;0.378278017;0.2102901936;0.2553414702;2
7.606464804;-2.63689065;1.153340459;8.106883049;7.614457773;0.3599520624;0.2310595959;0.2748891413;2
7.608566523;-2.627319336;1.16769743;8.015955925;7.616559544;0.3440696001;0.2554942071;0.2956585586;2
7.610668294;-2.617748022;1.21555388;7.953742504;7.61866121;0.328187108;0.2762635946;0.3152062297;2
7.612770012;-2.603390932;1.249053478;7.891529083;7.620762929;0.308639437;0.3006981909;0.3347539008;2
7.614871731;-2.598605394;1.292124271;7.877171993;7.6228647;0.2952004075;0.3226893246;0.3481929302;2
7.616973502;-2.560320139;1.296909928;7.886743546;7.624966419;0.2829830945;0.3422369957;0.3652971387;2
7.619075169;-2.517249346;1.258624673;7.958528042;7.62706819;0.2707658112;0.3630063832;0.3799578846;2
7.621176887;-2.464607239;1.225125194;8.020741463;7.629169908;0.262213707;0.3825540543;0.3946186602;2
7.623278658;-2.411965132;1.1820544;8.126026154;7.631271627;0.258548528;0.3959930837;0.4092794061;2
7.625380377;-2.407179594;1.158126116;8.231309891;7.633373346;0.2561050653;0.4094321132;0.4227184355;2
7.627482148;-2.392822742;1.110269666;8.327022552;7.635475065;0.2573267817;0.4192059636;0.4386008978;2
7.629583867;-2.388036966;1.048056364;8.494520187;7.637576835;0.258548528;0.4253146052;0.4508182108;2
7.631685585;-2.411965132;0.9810572863;8.614161491;7.639678554;0.2597702444;0.4277580678;0.4618137777;2
7.633787304;-2.39760828;0.9236295223;8.748159409;7.641780273;0.2609919906;0.4216494262;0.4740310609;2
7.635889023;-2.373680115;0.8518448472;8.863015175;7.643882044;0.2634354234;0.4118755758;0.4850266278;2
7.637990794;-2.316252232;0.7992027402;8.930013657;7.645983762;0.2695440948;0.4021017551;0.4948004782;2
7.640092512;-2.287538528;0.760917604;8.997013092;7.648085481;0.2719875574;0.3959930837;0.5021308661;2
7.642194231;-2.268395901;0.7130611539;9.111868858;7.6501872;0.2756527364;0.3923279047;0.5094612241;2
7.644296002;-2.234896421;0.6891329288;9.164510727;7.652288971;0.2793179154;0.3898844421;0.5155698657;2
7.646397721;-2.215753794;0.6747759581;9.183652878;7.654390637;0.2854265571;0.3886627257;0.5204567909;2
7.64849944;-2.143969059;0.6364908218;9.183652878;7.656492408;0.2878700197;0.3874409795;0.5241219997;2
7.650601158;-2.06261301;0.5934200287;9.174081802;7.658594127;0.2939786613;0.3825540543;0.5253437161;2
7.652702929;-1.966900229;0.5503492355;9.188439369;7.660695898;0.2964221239;0.3801106215;0.5265654325;2
7.654804596;-1.861616015;0.4977070987;9.183652878;7.662797617;0.2988655865;0.3752236962;0.5265654325;2
7.656906367;-1.808973908;0.4881358147;9.150154114;7.664899283;0.3000873327;0.3715584874;0.5253437161;2
7.659008085;-1.732403636;0.4546363056;9.126225471;7.667001054;0.3025307953;0.3654498458;0.5229002237;2
7.661109856;-1.674975872;0.4211367965;9.068798065;7.669102773;0.3037525117;0.3544542789;0.5204567909;2
7.663211575;-1.627119422;0.3972085714;9.044869423;7.671204492;0.3049742281;0.3495673835;0.5192350745;2
7.665313242;-1.588834286;0.3493520916;8.963513374;7.673306262;0.3025307953;0.3410152495;0.5155698657;2
7.667415012;-1.545763373;0.3397808075;8.915657043;7.675407981;0.3000873327;0.3373500705;0.5131264329;2
7.669516731;-1.483550072;0.3445664644;8.863015175;7.6775097;0.3000873327;0.3349066079;0.5082395077;2
7.67161845;-1.426122308;0.3302095234;8.819944382;7.679611419;0.3013090491;0.3324631453;0.5045742989;2
7.673720221;-1.383051515;0.3302095234;8.815158844;7.68171319;0.3013090491;0.3361283541;0.50090909;2
7.67582194;-1.339980721;0.3302095234;8.805587769;7.683814908;0.3049742281;0.3385718167;0.4972439408;2
7.677923658;-1.301695466;0.3110669553;8.796015739;7.685916627;0.3061959743;0.3434587121;0.493578732;2
7.680025377;-1.277767301;0.3254238665;8.805587769;7.688018346;0.3110828996;0.3483456373;0.4886918366;2
7.682127148;-1.244267821;0.3062812984;8.805587769;7.690120065;0.3147480786;0.3507890999;0.4850266278;2
7.684228867;-1.220339537;0.3062812984;8.781659126;7.692221835;0.315969795;0.3556760252;0.4813614488;2
7.686330585;-1.158126116;0.2967100143;8.781659126;7.694323554;0.3208567202;0.3544542789;0.4715875983;2
7.688432304;-1.091127157;0.2967100143;8.72423172;7.696425273;0.3269653618;0.3483456373;0.4630354941;2
7.690534023;-1.000199914;0.2679961324;8.714659691;7.698526992;0.3342957497;0.3471239209;0.4544833899;2
7.692635794;-0.9332008362;0.1962114573;8.757730484;7.70062871;0.3391826749;0.3581194878;0.4422661066;2
7.694737512;-0.8279166222;0.1196411327;8.867800713;7.702730481;0.3465130329;0.3678933084;0.4349357188;2
7.696839231;-0.708275497;0.1052841991;8.858229637;7.7048322;0.3501782417;0.3776671588;0.4276053309;2
7.69894095;-0.6221339107;0.1339980662;8.733802795;7.706933919;0.355065167;0.3849975169;0.4227184355;2
7.701042669;-0.6029912829;0.1962114573;8.671588898;7.70903569;0.3562868834;0.3874409795;0.4153880477;2
7.70314444;-0.6029912829;0.2584248483;8.614161491;7.711137408;0.3562868834;0.3911061883;0.4080576599;2
7.705246158;-0.6221339107;0.2632105052;8.547162056;7.713239127;0.355065167;0.4008800089;0.4007273018;2
7.707347877;-0.6029912829;0.2344966233;8.561519623;7.715340846;0.3501782417;0.416762501;0.3946186602;2
7.709449648;-0.5407779217;0.1914258152;8.528019905;7.717442617;0.3465130329;0.4338667095;0.3909534514;2
7.711551367;-0.4881358147;0.2488535494;8.322237015;7.719544335;0.3379609287;0.4363101721;0.3921751976;2
7.713653085;-0.4546363056;0.3254238665;8.159524918;7.721646054;0.328187108;0.4326449931;0.393396914;2
7.715754804;-0.4785645306;0.4354937077;8.00638485;7.723747773;0.315969795;0.4338667095;0.3982838392;2
7.717856575;-0.5551348329;0.5120640397;7.972885132;7.725849544;0.3000873327;0.4387536347;0.4056142271;2
7.719958294;-0.6317051649;0.5503492355;7.953742504;7.727951262;0.281761378;0.4436405599;0.4092794061;2
7.722060012;-0.7226324677;0.5790630579;7.86281538;7.730052981;0.2609919906;0.4448622763;0.4153880477;2
7.724161731;-0.7992027402;0.6029912829;7.690532207;7.7321547;0.2402225733;0.4387536347;0.4251618981;2
7.726263502;-0.8327022791;0.6077769399;7.65703249;7.734256419;0.2218966335;0.4265363216;0.4337140024;2
7.728365221;-0.8709874153;0.6460621357;7.613961697;7.73635819;0.2011272311;0.4155407548;0.4471530318;2
7.73046694;-0.9284151793;0.7178468108;7.628318787;7.738459908;0.1828012913;0.4069886506;0.4593703151;2
7.732568658;-0.9188438654;0.7800601721;7.6426754;7.740561627;0.1632536054;0.3947713673;0.4728093445;2
7.734670377;-0.9140582681;0.8422735929;7.633104324;7.742663398;0.1461493969;0.3813323379;0.4874700904;2
7.736772148;-0.9236295223;0.8709874153;7.633104324;7.744765117;0.1278234571;0.366671592;0.50090909;2
7.738873867;-0.94277215;0.890130043;7.666603565;7.746866835;0.1094975099;0.3483456373;0.5131264329;2
7.740975585;-0.9379864931;0.890130043;7.733603001;7.748968554;0.09239330143;0.3324631453;0.5241219997;2
7.743077356;-0.9284151793;0.8805587292;7.752745152;7.751070273;0.07528908551;0.3214675784;0.5338957906;2
7.745179075;-0.866201818;0.8853443861;7.752745152;7.753171992;0.06185005978;0.3080285788;0.5424479246;2
7.747280794;-0.8231309652;0.8614161611;7.743174076;7.755273762;0.04474584386;0.2982547283;0.5497782826;2
7.749382512;-0.7657032609;0.8422735929;7.752745152;7.757375481;0.03008509055;0.2933678031;0.5595521331;2
7.751484231;-0.679561615;0.8231309652;7.795815945;7.7594772;0.01420260593;0.2945895493;0.5681042671;2
7.75358595;-0.5694918036;0.8183453679;7.771887779;7.761578919;0.0007635809598;0.2970330119;0.5754346251;2
7.755687721;-0.4977070987;0.8327022791;7.762316704;7.763680637;-0.01511890348;0.3006981909;0.5815432668;2
7.75778944;-0.4115654826;0.8279166222;7.767102242;7.765782408;-0.02733619884;0.3055851161;0.5876519084;2
7.759891158;-0.3158525825;0.7800601721;7.810173035;7.767884127;-0.03955349326;0.3092502952;0.5913171172;2
7.761992877;-0.2105683982;0.7704889178;7.858029366;7.769985898;-0.0542142503;0.3129154742;0.59376055;2
7.764094596;-0.09571290761;0.7274180651;7.886743546;7.772087617;-0.06398808211;0.3190241456;0.59376055;2
7.766196367;0.009571290575;0.7130611539;7.934599876;7.774189335;-0.07742711157;0.323911041;0.5962040424;2
7.768298085;0.1483550072;0.6652047038;7.968099594;7.776291054;-0.08353576064;0.3275762498;0.5962040424;2
7.770399856;0.2297109663;0.6364908218;8.030312538;7.778392773;-0.08964440972;0.3263545036;0.5925388336;2
7.772501575;0.3062812984;0.6125625968;8.102097511;7.780494492;-0.09575305134;0.3263545036;0.5900954008;2
7.774603294;0.3780659735;0.5694918036;8.18345356;7.782596262;-0.09941824526;0.3275762498;0.5852084756;2
7.776705012;0.4689932466;0.5216353536;8.283951759;7.784697981;-0.1006399691;0.3275762498;0.5803215504;2
7.778806731;0.5599204898;0.4833501875;8.341380119;7.7867997;-0.1055268943;0.3263545036;0.5717694163;2
7.78090845;0.6604190469;0.4785645306;8.374878883;7.788901419;-0.1091920808;0.3300196826;0.5644390583;2
7.783010221;0.7417750359;0.4354937077;8.437092781;7.791003137;-0.1128572673;0.3336848915;0.5546652079;2
7.78511194;0.8279166222;0.3972085714;8.470592499;7.793104908;-0.1140789986;0.3324631453;0.5497782826;2
7.787213658;0.9188438654;0.3637090325;8.46102047;7.795206627;-0.1153007299;0.3336848915;0.543669641;2
7.789315377;0.9714859724;0.3349951804;8.532805443;7.797308346;-0.1201876476;0.3373500705;0.5412262082;2
7.791417096;1.009771109;0.3206382394;8.638090134;7.799410117;-0.1214093715;0.3446804583;0.5400044918;2
7.793518867;1.057627559;0.3445664644;8.705088615;7.801511835;-0.1201876476;0.3556760252;0.5375609994;2
7.795620585;1.071984529;0.3493520916;8.652446747;7.803613606;-0.1226311028;0.3715584874;0.5387827158;2
7.797722304;1.071984529;0.3589234054;8.733802795;7.805715273;-0.127518028;0.3849975169;0.5412262082;2
7.799824075;1.067198873;0.3732803464;8.743373871;7.807817044;-0.1287397593;0.4021017551;0.5448913574;2
