Tempo acelerômetro (s);Acelerômetro X (m/s²);Acelerômetro Y (m/s²);Acelerômetro Z (m/s²);Tempo giroscópio (s);Giroscópio X (rad/s);Giroscópio Y (rad/s);Giroscópio Z (rad/s);gesto
22.68727348;-0.679561615;0.7417750359;9.638289452;22.69526692;-0.04352411628;0.115606159;0.0157297682;7
22.68937531;-0.650847733;0.7130611539;9.686145782;22.69736879;-0.04230238497;0.1241582632;0.01817322709;7
22.69147718;-0.6364908218;0.6939185858;9.74835968;22.69947062;-0.03863719851;0.1266017258;0.02183841541;7
22.69357906;-0.6125625968;0.679561615;9.834501266;22.70157249;-0.03497200832;0.1266017258;0.02550360374;7
22.69568088;-0.5790630579;0.6460621357;9.925428391;22.70367432;-0.03497200832;0.1278234571;0.02550360374;7
22.69778275;-0.5503492355;0.6077769399;10.01156998;22.70577619;-0.02519817278;0.1253799945;0.02672533318;7
22.69988458;-0.5168496966;0.5934200287;10.08335495;22.70787807;-0.0190895237;0.1229365394;0.02672533318;7
22.70198645;-0.5072783828;0.5455635786;10.15513897;22.70997989;-0.01298087649;0.1204930767;0.02550360374;7
22.70408827;-0.5024927258;0.5168496966;10.20778179;22.71208171;-0.004428769462;0.115606159;0.0242818743;7
22.70619015;-0.5024927258;0.4833501875;10.24606609;22.71418364;0.004123337101;0.1143844277;0.02672533318;7
22.70829202;-0.5072783828;0.4450650215;10.28435135;22.71628546;0.0126754446;0.1094975099;0.0242818743;7
22.71039385;-0.5503492355;0.4163511395;10.35613632;22.71838734;0.01878409274;0.1058323234;0.0242818743;7
22.71249567;-0.5742774606;0.3972085714;10.37527943;22.72048916;0.02611446939;0.09850194305;0.02794706449;7
22.7145976;-0.5742774606;0.3541377485;10.38963604;22.72259103;0.0358883068;0.09239330143;0.02916879393;7
22.71669942;-0.5934200287;0.3780659735;10.43749237;22.72469286;0.04444041103;0.08506292105;0.02916879393;7
22.71880129;-0.6221339107;0.3637090325;10.43270683;22.72679473;0.05177079141;0.07528908551;0.02916879393;7
22.72090312;-0.6364908218;0.3493520916;10.45663452;22.72889661;0.06032289565;0.06185005978;0.02916879393;7
22.72300499;-0.6173482537;0.3684946895;10.49491978;22.73099843;0.06398808211;0.05329795182;0.02794706449;7
22.72510682;-0.6221339107;0.3541377485;10.48056316;22.73310025;0.0737619251;0.04352411628;0.02672533318;7
22.72720869;-0.6029912829;0.3589234054;10.48056316;22.73520213;0.07864884287;0.02764163166;0.02550360374;7
22.72931057;-0.5934200287;0.3541377485;10.46142101;22.737304;0.0859792158;0.01053741761;0.0242818743;7
22.73141239;-0.5838487148;0.3493520916;10.47577763;22.73940583;0.08842267841;-0.005345067009;0.0242818743;7
22.73351421;-0.5599204898;0.3158525825;10.44706345;22.7415077;0.09208786488;-0.02611446939;0.0242818743;7
22.73561609;-0.5599204898;0.3206382394;10.39920712;22.74360952;0.09453132749;-0.04321868345;0.02306014486;7
22.73771796;-0.5503492355;0.3206382394;10.3657074;22.7457114;0.09453132749;-0.06032289565;0.02306014486;7
22.73981978;-0.5312066078;0.3349951804;10.3226366;22.74781327;0.09086613357;-0.07498364896;0.02183841541;7
22.74192166;-0.5216353536;0.3110669553;10.25563812;22.7499151;0.09086613357;-0.08842267841;0.01939495653;7
22.74402348;-0.4881358147;0.2871387303;10.15035343;22.75201697;0.08720094711;-0.09697478265;0.01450803876;7
22.74612536;-0.4498506486;0.2919243574;10.05464077;22.75411879;0.08109229803;-0.1018617004;0.0108428495;7
22.74822723;-0.4163511395;0.2775674164;9.978070259;22.75622067;0.07864884287;-0.1030834317;0.005955931731;7
22.75032906;-0.3732803464;0.2919243574;9.896714211;22.75832254;0.07498364896;-0.1006399691;0.002290742937;7
22.75243093;-0.3493520916;0.2871387303;9.810572624;22.76042437;0.0725401938;-0.09697478265;-0.002596175298;7
22.75453275;-0.3014956415;0.3014956415;9.757930756;22.76252624;0.06765327603;-0.08964440972;-0.007483093534;7
22.75663463;-0.2679961324;0.3014956415;9.705288887;22.76462812;0.06643154472;-0.08231402934;-0.009926552884;7
22.7587365;-0.2440679073;0.3014956415;9.657432556;22.76672994;0.06398808211;-0.07498364896;-0.01237001177;7
22.76083833;-0.2201396823;0.3206382394;9.638289452;22.76883176;0.06398808211;-0.06154462695;-0.01481347065;7
22.7629402;-0.2009970993;0.3302095234;9.604789734;22.77093364;0.06398808211;-0.04932733253;-0.01481347065;7
22.76504208;-0.2105683982;0.3397808075;9.576076508;22.77303551;0.06520981342;-0.0358883068;-0.01237001177;7
22.7671439;-0.2105683982;0.3589234054;9.57129097;22.77513734;0.06520981342;-0.02000582218;-0.01237001177;7
22.76924572;-0.2201396823;0.3924229145;9.57129097;22.77723921;0.06520981342;-0.007788525894;-0.009926552884;7
22.7713476;-0.2392822653;0.3972085714;9.556933403;22.77934109;0.06887500733;0.006872228812;-0.005039634649;7
22.77344947;-0.2488535494;0.4115654826;9.556933403;22.78144291;0.06887500733;0.02397644334;-0.001374445739;7
22.77555129;-0.2775674164;0.4259224236;9.537791252;22.78354473;0.0737619251;0.03863719851;-0.0001527161949;7
22.77765317;-0.3062812984;0.4354937077;9.566504478;22.78564661;0.07498364896;0.05451968312;0.00351247238;7
22.77975504;-0.3062812984;0.4354937077;9.585647583;22.78774848;0.07742711157;0.06795870513;0.005955931731;7
22.78185687;-0.3014956415;0.4259224236;9.604789734;22.7898503;0.08231402934;0.08506292105;0.007177661173;7
22.78395869;-0.3158525825;0.4163511395;9.614361763;22.79195218;0.08720094711;0.09605848789;0.004734201822;7
22.78606056;-0.3014956415;0.4163511395;9.643074989;22.79405406;0.08964440972;0.1058323234;0.002290742937;7
22.78816244;-0.2727817893;0.3876372576;9.652647018;22.79615588;0.09330959618;0.1131627038;-0.0001527161949;7
22.79026426;-0.2440679073;0.3493520916;9.671789169;22.79825775;0.09575305134;0.115606159;-0.002596175298;7
22.79236614;-0.2249253243;0.3302095234;9.667003632;22.80035958;0.09697478265;0.1180496216;-0.001374445739;7
22.79446801;-0.2105683982;0.3110669553;9.69093132;22.80246145;0.09697478265;0.1131627038;-0.001374445739;7
22.79656984;-0.2153540403;0.3110669553;9.710074425;22.80456333;0.09697478265;0.1070540547;-0.001374445739;7
22.79867171;-0.2344966233;0.3062812984;9.714859962;22.80666515;0.09453132749;0.102167137;-0.0001527161949;7
22.80077353;-0.2584248483;0.3158525825;9.695717812;22.80876702;0.09208786488;0.09361502528;-0.0001527161949;7
22.80287541;-0.2823530734;0.3254238665;9.700503349;22.81086885;0.08842267841;0.08628465235;-0.0001527161949;7
22.80497728;-0.3110669553;0.3254238665;9.729216576;22.81297072;0.08353576064;0.07773254067;-0.002596175298;7
22.80707911;-0.3110669553;0.3110669553;9.710074425;22.81507254;0.07864884287;0.06795870513;-0.005039634649;7
22.80918098;-0.3062812984;0.3254238665;9.700503349;22.81717442;0.0737619251;0.0557414107;-0.008704823442;7
22.8112828;-0.2632105052;0.3254238665;9.724431038;22.81927629;0.06765327603;0.04230238497;-0.01359174121;7
22.81338468;-0.2249253243;0.3206382394;9.738788605;22.82137812;0.06154462695;0.02764163166;-0.01725693047;7
22.8154865;-0.1627119333;0.3349951804;9.705288887;22.82347999;0.06032289565;0.01420260593;-0.01847865991;7
22.81758838;-0.1339980662;0.3349951804;9.7196455;22.82558182;0.05543597788;-0.002901607659;-0.02214384824;7
22.81969025;-0.1244267747;0.3206382394;9.724431038;22.82768369;0.05177079141;-0.0175623633;-0.02458730713;7
22.82179208;-0.1531406492;0.3110669553;9.729216576;22.82978556;0.04566214234;-0.03100138716;-0.02458730713;7
22.82389395;-0.1962114573;0.2823530734;9.74835968;22.83188739;0.04444041103;-0.04321868345;-0.02703076601;7
22.82599577;-0.2440679073;0.2727817893;9.7196455;22.83398926;0.04077522457;-0.05177079141;-0.02825249545;7
22.82809765;-0.2919243574;0.2297109663;9.700503349;22.83609109;0.03466657549;-0.06032289565;-0.03069595434;7
22.83019952;-0.3158525825;0.2440679073;9.69093132;22.83819296;0.03222311661;-0.07009673119;-0.03313941509;7
22.83230135;-0.3254238665;0.2584248483;9.686145782;22.84029478;0.03222311661;-0.07620538026;-0.03558287397;7
22.83440322;-0.3254238665;0.2536391914;9.681360245;22.84239666;0.03222311661;-0.08231402934;-0.03558287397;7
22.83650504;-0.3206382394;0.2727817893;9.681360245;22.84449848;0.02977965772;-0.08353576064;-0.03680460155;7
22.83860692;-0.3014956415;0.2919243574;9.638289452;22.84660036;0.03100138716;-0.0847574845;-0.03558287397;7
22.84070874;-0.2967100143;0.3110669553;9.633503914;22.84870223;0.03344484791;-0.08353576064;-0.03680460155;7
22.84281062;-0.2871387303;0.3206382394;9.609575272;22.85080406;0.03100138716;-0.08109229803;-0.03558287397;7
22.84491244;-0.2871387303;0.3493520916;9.590433121;22.85290593;0.03466657549;-0.07620538026;-0.03436114267;7
22.84701432;-0.2871387303;0.3732803464;9.547362328;22.85500775;0.03711003438;-0.06765327603;-0.0294742249;7
22.84911619;-0.3158525825;0.3924229145;9.552147865;22.85710963;0.0358883068;-0.06032289565;-0.02703076601;7
22.85121801;-0.3254238665;0.4067798555;9.528220177;22.8592115;0.03833176568;-0.04932733253;-0.02214384824;7
22.85331989;-0.3302095234;0.4259224236;9.51386261;22.86131333;0.0358883068;-0.03955349326;-0.01725693047;7
22.85542171;-0.3493520916;0.4546363056;9.504291534;22.8634152;0.03711003438;-0.03100138716;-0.01359174121;7
22.85752359;-0.3732803464;0.4498506486;9.470791817;22.86551702;0.03955349326;-0.02489273995;-0.008704823442;7
22.85962546;-0.3732803464;0.4498506486;9.461220741;22.8676189;0.03955349326;-0.0175623633;-0.006261364091;7
22.86172728;-0.3924229145;0.4450650215;9.466006279;22.86972077;0.04077522457;-0.01145371422;-0.003817904973;7
22.86382916;-0.3972085714;0.4450650215;9.461220741;22.8718226;0.04199695215;-0.005345067009;-0.002596175298;7
22.86593098;-0.3876372576;0.4163511395;9.466006279;22.87392447;0.04321868345;-0.0016798781;-0.002596175298;7
22.86803286;-0.3493520916;0.4067798555;9.451649666;22.87602629;0.04199695215;-0.0004581485991;-0.001374445739;7
22.87013473;-0.3110669553;0.3732803464;9.461220741;22.87812817;0.04321868345;0.001985310577;-0.002596175298;7
22.87223656;-0.2967100143;0.3732803464;9.456435204;22.88022999;0.04321868345;0.003207040019;-0.0001527161949;7
22.87433843;-0.2727817893;0.3684946895;9.461220741;22.88233187;0.04321868345;0.003207040019;0.001069013379;7
22.87644025;-0.2584248483;0.3637090325;9.456435204;22.88443369;0.04199695215;0.004428769462;0.002290742937;7
22.87854213;-0.2823530734;0.3589234054;9.470791817;22.88653557;0.0358883068;0.001985310577;0.004734201822;7
22.88064395;-0.2919243574;0.3732803464;9.446864128;22.88863744;0.03711003438;0.004428769462;0.007177661173;7
22.88274583;-0.3014956415;0.3541377485;9.451649666;22.89073932;0.03222311661;0.001985310577;0.007177661173;7
22.88484765;-0.2967100143;0.3589234054;9.451649666;22.89284114;0.02733619884;0.0007635809598;0.007177661173;7
22.88694952;-0.3110669553;0.3541377485;9.437292099;22.89494301;0.02367101051;-0.0004581485991;0.007177661173;7
22.8890514;-0.3014956415;0.3302095234;9.446864128;22.89704484;0.02000582218;0.0007635809598;0.008399390616;7
22.89115327;-0.2967100143;0.3254238665;9.446864128;22.89914671;0.0175623633;-0.0004581485991;0.005955931731;7
22.8932551;-0.2871387303;0.3206382394;9.456435204;22.90124853;0.01634063199;0.0007635809598;0.00351247238;7
22.89535697;-0.2584248483;0.3254238665;9.451649666;22.90335041;0.0126754446;-0.0004581485991;0.00351247238;7
22.89745879;-0.2536391914;0.2967100143;9.461220741;22.90545223;0.01023198478;-0.0004581485991;0.00351247238;7
22.89956067;-0.2584248483;0.2919243574;9.470791817;22.90755411;0.01023198478;-0.0016798781;0.001069013379;7
22.90166249;-0.2632105052;0.2679961324;9.466006279;22.90965598;0.005345067009;-0.004123337101;0.001069013379;7
22.90376437;-0.2536391914;0.2584248483;9.475577354;22.9117578;0.006566796452;-0.005345067009;0.002290742937;7
22.90586619;-0.2871387303;0.2632105052;9.480362892;22.91385968;0.004123337101;-0.01145371422;0.004734201822;7
22.90796807;-0.2871387303;0.2823530734;9.489934921;22.9159615;0.0004581485991;-0.01145371422;0.00351247238;7
22.91006994;-0.3110669553;0.2679961324;9.466006279;22.91806338;-0.003207040019;-0.01511890348;0.004734201822;7
22.91217176;-0.3302095234;0.2823530734;9.470791817;22.9201652;-0.004428769462;-0.01634063199;0.007177661173;7
22.91427364;-0.3397808075;0.2967100143;9.44207859;22.92226708;-0.009315688163;-0.01634063199;0.009621120058;7
22.91637546;-0.3541377485;0.2871387303;9.44207859;22.92436895;-0.01175914705;-0.01511890348;0.0108428495;7
22.91847734;-0.3589234054;0.2679961324;9.432506561;22.92647083;-0.01542433538;-0.01511890348;0.01206457894;7
22.92057916;-0.3397808075;0.2536391914;9.446864128;22.92857265;-0.01786779426;-0.0126754446;0.01206457894;7
22.92268103;-0.3254238665;0.2392822653;9.437292099;22.93067447;-0.0190895237;-0.01023198478;0.01328630932;7
22.92478291;-0.3062812984;0.2297109663;9.446864128;22.93277635;-0.0190895237;-0.01023198478;0.01328630932;7
22.92688478;-0.2919243574;0.2249253243;9.461220741;22.93487817;-0.02275471389;-0.01023198478;0.01206457894;7
22.92898661;-0.2727817893;0.2009970993;9.475577354;22.93698004;-0.02397644334;-0.01145371422;0.01206457894;7
22.93108843;-0.2632105052;0.1914258152;9.51386261;22.93908192;-0.02397644334;-0.01389717404;0.01206457894;7
22.9331903;-0.2584248483;0.1914258152;9.528220177;22.94118379;-0.02275471389;-0.0175623633;0.0108428495;7
22.93529213;-0.2536391914;0.1722832322;9.576076508;22.94328562;-0.02275471389;-0.02244928107;0.008399390616;7
22.937394;-0.2536391914;0.1627119333;9.619147301;22.94538744;-0.0190895237;-0.02855792828;0.007177661173;7
22.93949588;-0.2297109663;0.1387837082;9.647860527;22.94748932;-0.01664606482;-0.03344484791;0.004734201822;7
22.94159775;-0.1962114573;0.1292124242;9.686145782;22.94959119;-0.01542433538;-0.03711003438;-0.002596175298;7
22.94369958;-0.1770688742;0.1292124242;9.743574142;22.95169301;-0.008093958721;-0.04321868345;-0.006261364091;7
22.9458014;-0.1627119333;0.1052841991;9.772287369;22.95379489;-0.00565049937;-0.04932733253;-0.01114828233;7
22.94790327;-0.1435693651;0.09571290761;9.791430473;22.95589676;-0.0007635809598;-0.05177079141;-0.01603520103;7
22.95000515;-0.1244267747;0.09092725813;9.815358162;22.95799859;0.004123337101;-0.0542142503;-0.01725693047;7
22.95210697;-0.1100698411;0.07178468257;9.810572624;22.96010046;0.007788525894;-0.05787943676;-0.02214384824;7
22.95420885;-0.1196411327;0.0765703246;9.810572624;22.96220228;0.01023198478;-0.06032289565;-0.02580903657;7
22.95631072;-0.1196411327;0.1052841991;9.796216011;22.96430416;0.01389717404;-0.06276635826;-0.0294742249;7
22.95841254;-0.1292124242;0.1052841991;9.777072906;22.96640598;0.01634063199;-0.06765327603;-0.03313941509;7
22.96051442;-0.1339980662;0.1387837082;9.743574142;22.96850786;0.0175623633;-0.06765327603;-0.03680460155;7
22.96261624;-0.1196411327;0.1627119333;9.724431038;22.97060968;0.0175623633;-0.07009673119;-0.03924806044;7
22.96471812;-0.1100698411;0.1770688742;9.681360245;22.97271156;0.0175623633;-0.06887500733;-0.04169152305;7
22.96681994;-0.1052841991;0.1579262912;9.647860527;22.97481343;0.01878409274;-0.07009673119;-0.04413498193;7
22.96892182;-0.1196411327;0.1770688742;9.576076508;22.97691525;0.0175623633;-0.06765327603;-0.04535670951;7
22.97102364;-0.1004985496;0.1914258152;9.537791252;22.97901713;0.01511890348;-0.06398808211;-0.0478001684;7
22.97312551;-0.1100698411;0.2249253243;9.523433685;22.98111895;0.01511890348;-0.06154462695;-0.0478001684;7
22.97522739;-0.09092725813;0.2440679073;9.509077072;22.98322083;0.0126754446;-0.05910116807;-0.05024362728;7
22.97732921;-0.1148554832;0.2536391914;9.480362892;22.9853227;0.01145371422;-0.05665770918;-0.05146535859;7
22.97943109;-0.1004985496;0.2919243574;9.461220741;22.98742452;0.005345067009;-0.05299251899;-0.05390881747;7
22.98153291;-0.1100698411;0.2967100143;9.422935486;22.9895264;0.0016798781;-0.05299251899;-0.05757400393;7
22.98363478;-0.1196411327;0.2967100143;9.379864693;22.99162822;-0.001985310577;-0.04688387364;-0.06123919412;7
22.98573666;-0.1004985496;0.2967100143;9.370293617;22.9937301;-0.008093958721;-0.04566214234;-0.06612611562;7
22.98783848;-0.06221338734;0.2775674164;9.355937004;22.99583197;-0.01053741761;-0.03955349326;-0.07101303339;7
22.98994036;-0.05264209956;0.2919243574;9.351150513;22.99793379;-0.01542433538;-0.03466657549;-0.07589995116;7
22.99204218;-0.0239282269;0.2775674164;9.341579437;23.00003567;-0.0190895237;-0.02977965772;-0.08078686893;7
22.99414406;0.004785645287;0.2823530734;9.355937004;23.00213749;-0.02153298259;-0.02489273995;-0.08445205539;7
22.99624593;-0.004785645287;0.2871387303;9.38465023;23.00423937;-0.02397644334;-0.01878409274;-0.08811724186;7
22.99834775;-0.0143569354;0.2823530734;9.41336441;23.00634119;-0.02764163166;-0.01389717404;-0.09056070447;7
23.00044963;-0.05742774159;0.2919243574;9.451649666;23.00844306;-0.02886336111;-0.009010255337;-0.09178243577;7
23.00255145;-0.1052841991;0.3014956415;9.489934921;23.01054494;-0.02886336111;-0.0004581485991;-0.09300415963;7
23.00465333;-0.1292124242;0.2967100143;9.552147865;23.01264676;-0.02886336111;0.004428769462;-0.09422589093;7
23.00675515;-0.1866401732;0.2967100143;9.614361763;23.01474859;-0.02886336111;0.01175914705;-0.09422589093;7
23.00885702;-0.2057827413;0.3062812984;9.695717812;23.01685046;-0.02764163166;0.01786779426;-0.09300415963;7
23.0109589;-0.2344966233;0.3254238665;9.757930756;23.01895234;-0.02275471389;0.02641990222;-0.09300415963;7
23.01306072;-0.2823530734;0.3732803464;9.781859398;23.02105416;-0.02153298259;0.03008509055;-0.09422589093;7
23.01516254;-0.2967100143;0.4019941986;9.824930191;23.02315603;-0.02031125315;0.03863719851;-0.0978910774;7
23.01726442;-0.2871387303;0.3972085714;9.87757206;23.02525791;-0.02153298259;0.04474584386;-0.10033454;7
23.01936629;-0.3014956415;0.4067798555;9.896714211;23.02735973;-0.0190895237;0.05207622424;-0.1027780026;7
23.02146812;-0.3397808075;0.4163511395;9.934999466;23.02946161;-0.02275471389;0.05940660089;-0.1064431891;7
23.02356999;-0.3684946895;0.4163511395;9.982855797;23.03156343;-0.02397644334;0.06551524997;-0.1101083755;7
23.02567187;-0.4594219327;0.4259224236;9.978070259;23.03366531;-0.02641990222;0.06795870513;-0.1125518382;7
23.02777369;-0.5216353536;0.4163511395;10.05464077;23.03576713;-0.03008509055;0.07162389904;-0.1174387559;7
23.02987556;-0.6173482537;0.4211367965;10.13121128;23.037869;-0.03619373962;0.07040216774;-0.1223256737;7
23.03197739;-0.708275497;0.4067798555;10.19820976;23.03997088;-0.04108065739;0.06429351866;-0.1284343153;7
23.03407926;-0.7896314859;0.3828516304;10.27956581;23.0420727;-0.04718930274;0.05818486959;-0.1345429718;7
23.03618109;-0.8757730722;0.3828516304;10.3848505;23.04417458;-0.04963276163;0.04718930274;-0.1406516135;7
23.03828296;-0.94277215;0.3924229145;10.50449181;23.0462764;-0.0557414107;0.03863719851;-0.1455385387;7
23.04038484;-1.03848505;0.4115654826;10.57149029;23.04837827;-0.05696314201;0.03252854943;-0.1516471803;7
23.04248666;-1.129412293;0.4259224236;10.67198944;23.05048015;-0.06185005978;0.0190895237;-0.1553123742;7
23.04458853;-1.249053478;0.4259224236;10.77727318;23.05258197;-0.06307178736;0.009315688163;-0.1601992846;7
23.04669036;-1.349551916;0.4450650215;10.9304142;23.05468385;-0.05940660089;0.00565049937;-0.1663079411;7
23.04879223;-1.459621787;0.4402793646;11.07876873;23.05678567;-0.05940660089;0.0007635809598;-0.1711948514;7
23.05089411;-1.521835208;0.4881358147;11.20798111;23.05888754;-0.05451968312;-0.006566796452;-0.1760817766;7
23.05299593;-1.603191137;0.5455635786;11.32283688;23.06098937;-0.05085449293;-0.01389717404;-0.1834121495;7
23.05509781;-1.679761529;0.5790630579;11.47119141;23.06309124;-0.04474584386;-0.02122755162;-0.1882990748;7
23.05719963;-1.799402595;0.6221339107;11.64826107;23.06519312;-0.03375028074;-0.02489273995;-0.1919642538;7
23.0593015;-1.942971945;0.6125625968;11.82054424;23.06729494;-0.02397644334;-0.03100138716;-0.1907425225;7
23.06140333;-2.053041935;0.626919508;11.98325539;23.06939682;-0.01420260593;-0.0358883068;-0.1882990748;7
23.0635052;-2.215753794;0.6556333899;12.13639641;23.07149869;0.0016798781;-0.04199695215;-0.1834121495;7
23.06560708;-2.364108801;0.70348984;12.28953743;23.07360051;0.01389717404;-0.04810560122;-0.1773035079;7
23.0677089;-2.545963287;0.756131947;12.43310642;23.07570239;0.02855792828;-0.0542142503;-0.1687513888;7
23.06981077;-2.723032236;0.7992027402;12.55753326;23.07780421;0.04566214234;-0.06032289565;-0.1614210159;7
23.07191265;-2.861815929;0.813559711;12.65803146;23.07990609;0.06154462695;-0.06643154472;-0.1540906429;7
23.07401447;-3.03888464;0.8327022791;12.80638695;23.08200791;0.08109229803;-0.0725401938;-0.1455385387;7
23.07611635;-3.192025423;0.8614161611;12.93081379;23.08410978;0.1030834317;-0.08231402934;-0.1357647032;7
23.07821817;-3.297309637;0.9140582681;13.0456686;23.08621166;0.1250745654;-0.09575305134;-0.1284343153;7
23.08032004;-3.412165165;0.9523434043;13.12702465;23.08831348;0.1507308781;-0.1140789986;-0.1211039424;7
23.08242187;-3.507878065;0.9810572863;13.23709488;23.09041536;0.1763872057;-0.1324049383;-0.113773562;7
23.08452374;-3.584448338;0.9954141974;13.35195065;23.09251718;0.200821802;-0.1507308781;-0.1039997265;7
23.08662562;-3.675375462;0.9762716293;13.44287777;23.09461906;0.2264781147;-0.1678351015;-0.09422589093;7
23.08872744;-3.809373617;0.9714859724;13.45244884;23.09672093;0.2509126961;-0.1824958473;-0.08200860023;7
23.09082932;-3.924229145;0.9858429432;13.45244884;23.09882275;0.274125576;-0.204486981;-0.06856957078;7
23.09293114;-4.039084435;1.000199914;13.43809223;23.10092463;0.2985601723;-0.2228129357;-0.05390881747;7
23.09503301;-4.139583111;1.033699393;13.40937805;23.10302645;0.3168860972;-0.2399171442;-0.04169152305;7
23.09713489;-4.216153622;1.03848505;13.35673618;23.10512833;0.3339903057;-0.2606865466;-0.02703076601;7
23.09923671;-4.287938118;1.03848505;13.2705946;23.1072302;0.3498727977;-0.2790125012;-0.01481347065;7
23.10133859;-4.321437836;1.014556766;13.17009544;23.10933202;0.3657552898;-0.2961167097;-0.002596175298;7
23.10344041;-4.326223373;0.9858429432;13.05524063;23.11143385;0.377972573;-0.320551306;0.01328630932;7
23.10554228;-4.326223373;0.9954141974;12.94038486;23.11353572;0.3889681399;-0.3388772309;0.02672533318;7
23.10764416;-4.326223373;1.019342422;12.78245831;23.1156376;0.3999637067;-0.3572031856;0.04016435891;7
23.10974598;-4.302295208;1.048056364;12.63888931;23.11773942;0.408515811;-0.3767508566;0.04871646687;7
23.1118478;-4.259224415;1.071984529;12.48096275;23.11984129;0.4121810198;-0.3938550651;0.05604684353;7
23.11394968;-4.211368084;1.067198873;12.30867958;23.12194317;0.420733124;-0.404850632;0.05849030241;7
23.11605156;-4.101297855;1.043270707;12.16989613;23.12404499;0.4219548404;-0.4195113778;0.05726857483;7
23.11815338;-3.991228104;1.009771109;12.0598259;23.12614687;0.428063482;-0.428063482;0.05849030241;7
23.12025525;-3.881158352;0.9619147182;11.9162569;23.12824869;0.4329504073;-0.4378373325;0.05971203372;7
23.12235713;-3.795016766;0.9810572863;11.80140114;23.13035056;0.4353938699;-0.4463894367;0.06459894776;7
23.12445895;-3.742374659;0.9810572863;11.64826107;23.13245244;0.4378373325;-0.4561632872;0.06582067907;7
23.12656083;-3.694518089;1.03848505;11.53819084;23.13455426;0.4402807951;-0.4610501826;0.06704241037;7
23.12866265;-3.675375462;1.076770186;11.45204926;23.13665614;0.4415025115;-0.4647153914;0.06948586553;7
23.13076452;-3.641875982;1.091127157;11.31805134;23.13875796;0.4415025115;-0.4659371078;0.07070759684;7
23.1328664;-3.613162279;1.0863415;11.18883896;23.14085984;0.4451677203;-0.4634936452;0.07070759684;7
23.13496822;-3.570091486;1.071984529;11.07876873;23.14296166;0.4451677203;-0.4622719288;0.06948586553;7
23.1370701;-3.555734396;1.057627559;10.92084217;23.14506353;0.4451677203;-0.4610501826;0.06948586553;7
23.13917192;-3.555734396;1.062413216;10.83948612;23.14716541;0.4512763619;-0.4610501826;0.06704241037;7
23.14127379;-3.555734396;1.03848505;10.73898792;23.14926723;0.4512763619;-0.45860672;0.06459894776;7
23.14337562;-3.522234917;1.028913736;10.69113159;23.15136911;0.454941541;-0.4500546157;0.0609337613;7
23.14547749;-3.493520975;1.024128079;10.67198944;23.15347093;0.45860672;-0.4390590489;0.05971203372;7
23.14757937;-3.464807272;1.028913736;10.59063339;23.15557281;0.4647153914;-0.428063482;0.05971203372;7
23.14968119;-3.503092289;1.052842021;10.51884842;23.15767468;0.4659371078;-0.4146244824;0.0621554926;7
23.15178306;-3.550948858;1.100698471;10.46142101;23.1597765;0.470824033;-0.4011854529;0.06582067907;7
23.15388489;-3.574877024;1.162911773;10.38006496;23.16187833;0.4781544209;-0.3865246773;0.06826414168;7
23.15598676;-3.603590965;1.229910851;10.30827999;23.1639802;0.4830413163;-0.3669770062;0.06826414168;7
23.15808864;-3.608376503;1.268195987;10.2221384;23.16608208;0.4867065251;-0.3474293351;0.07070759684;7
23.16019046;-3.560520172;1.292124271;10.164711;23.1681839;0.4928151667;-0.3266599476;0.07315105945;7
23.16229228;-3.507878065;1.31126678;10.07856941;23.17028577;0.4940368831;-0.3046688139;0.07925970852;7
23.16439416;-3.46959281;1.316052437;9.968499184;23.17238765;0.4977020919;-0.2826776803;0.08414662629;7
23.16649603;-3.445664644;1.339980721;9.858428955;23.17448947;0.5001455545;-0.261908263;0.08781181276;7
23.16859786;-3.455235958;1.35912323;9.729216576;23.17659135;0.4989238083;-0.2374736816;0.09269873053;7
23.17069973;-3.440878868;1.339980721;9.633503914;23.17869317;0.4989238083;-0.2069304436;0.0975856483;7
23.17280161;-3.412165165;1.344766378;9.580862045;23.18079504;0.4977020919;-0.1751654744;0.1000291109;7
23.17490343;-3.383451223;1.344766378;9.456435204;23.18289687;0.4928151667;-0.1409570426;0.1024725661;7
23.1770053;-3.364308596;1.35912323;9.332008362;23.18499874;0.4879282415;-0.1091920808;0.1073594838;7
23.17910713;-3.345165968;1.392622828;9.212367058;23.18710062;0.4818195999;-0.07742711157;0.1110246703;7
23.181209;-3.287738323;1.426122308;9.169296265;23.18920244;0.4781544209;-0.04688387364;0.1183550507;7
23.18331083;-3.249453068;1.421336651;9.078369141;23.19130432;0.4683805704;-0.02000582218;0.1232419685;7
23.1854127;-3.220739365;1.450050473;9.00179863;23.19340619;0.4634936452;0.001985310577;0.1305723488;7
23.18751458;-3.211168051;1.445264935;8.97308445;23.19550801;0.454941541;0.02031125315;0.1379027218;7
23.1896164;-3.196810961;1.45483613;8.953942299;23.19760989;0.4463894367;0.0374154672;0.146454826;7
23.19171827;-3.182454109;1.445264935;8.939585686;23.19971171;0.4427242577;0.05085449293;0.1525634825;7
23.19382015;-3.168097258;1.430907965;8.920442581;23.20181359;0.4366155863;0.06062832847;0.1586721241;7
23.19592197;-3.201596737;1.40697968;9.016156197;23.20391541;0.4353938699;0.06918043643;0.1635590494;7
23.19802385;-3.220739365;1.383051515;9.116654396;23.20601728;0.4341721535;0.07040216774;0.1684459597;7
23.20012567;-3.215953588;1.373480201;9.241081238;23.20811916;0.4378373325;0.06673697382;0.169667691;7
23.20222754;-3.225524902;1.373480201;9.370293617;23.21022098;0.4451677203;0.06185005978;0.1708894223;7
23.20432937;-3.206382275;1.330409408;9.533005714;23.21232286;0.4537198246;0.05818486959;0.1733328849;7
23.20643124;-3.196810961;1.296909928;9.710074425;23.21442468;0.467158854;0.05818486959;0.1745546162;7
23.20853312;-3.182454109;1.244267821;9.829715729;23.21652656;0.4842630625;0.05329795182;0.1757763475;7
23.21063494;-3.201596737;1.186840057;9.949356079;23.21862838;0.4989238083;0.04718930274;0.1745546162;7
23.21273682;-3.172882795;1.186840057;10.03071213;23.22073025;0.5123628378;0.04474584386;0.1757763475;7
23.21483864;-3.14895463;1.201196909;10.08335495;23.22283213;0.5294670463;0.04352411628;0.1769980639;7
23.21694051;-3.14895463;1.205982566;10.07378292;23.224934;0.5429060459;0.04352411628;0.1818849891;7
23.21904234;-3.158525944;1.196411371;10.07378292;23.22703583;0.5563451052;0.04352411628;0.1867718995;7
23.22114421;-3.211168051;1.186840057;10.02592659;23.2291377;0.5697841048;0.03863719851;0.1953240186;7
23.22324609;-3.297309637;1.191625714;9.930213928;23.23123952;0.5771145225;0.03252854943;0.2075413018;7
23.22534796;-3.378665686;1.186840057;9.853643417;23.2333414;0.5856665969;0.03008509055;0.2209803313;7
23.22744978;-3.483949661;1.21555388;9.786644936;23.23544322;0.5905535221;0.02764163166;0.2344193608;7
23.22955166;-3.570091486;1.21555388;9.686145782;23.2375451;0.5942187309;0.02397644334;0.2466366589;7
23.23165348;-3.646661758;1.229910851;9.533005714;23.23964692;0.5942187309;0.0190895237;0.2588539422;7
23.23375536;-3.699303865;1.234696507;9.355937004;23.24174879;0.5978838801;0.01664606482;0.2686277926;7
23.23585718;-3.651447296;1.234696507;9.241081238;23.24385062;0.5966621637;0.01664606482;0.2820668221;7
23.23795906;-3.570091486;1.26341033;9.116654396;23.24595249;0.5942187309;0.02031125315;0.2979492843;7
23.24006088;-3.527020693;1.301695466;8.944371223;23.24805437;0.5905535221;0.03375028074;0.3138317764;7
23.24216275;-3.507878065;1.373480201;8.767302513;23.25015619;0.5881100893;0.05085449293;0.3309359848;7
23.24426458;-3.507878065;1.445264935;8.609375954;23.25225807;0.5868883133;0.0728456229;0.3492619395;7
23.24636645;-3.479164124;1.517049551;8.480163574;23.25435989;0.5832231641;0.09483675659;0.3688096106;7
23.24846833;-3.412165165;1.536192179;8.355736732;23.25646176;0.5795579553;0.121714808;0.3895790279;7
23.25057015;-3.349951744;1.564906001;8.255238533;23.25856359;0.5758927464;0.1485928595;0.4103484154;7
23.25267202;-3.282952785;1.584048629;8.130811691;23.26066546;0.5734493136;0.1742491722;0.4323395491;7
23.25477385;-3.24466753;1.555334687;8.035098076;23.26276728;0.5697841048;0.2035706937;0.4518872201;7
23.25687572;-3.211168051;1.531406522;7.925028801;23.26486916;0.5636754632;0.231670469;0.4726566374;7
23.25897754;-3.168097258;1.536192179;7.819744587;23.26697098;0.5575668216;0.258548528;0.4909825623;7
23.26107942;-3.115455151;1.536192179;7.762316704;23.26907286;0.55145818;0.2854265571;0.5068650246;7
23.26318124;-3.062813044;1.569691658;7.661818027;23.27117473;0.5453495383;0.3098611534;0.5227475166;7
23.26528312;-2.962314367;1.55054903;7.556533813;23.27327661;0.5331322551;0.3342957497;0.5374082923;7
23.26738494;-2.895315409;1.55054903;7.456035137;23.27537843;0.524580121;0.3599520624;0.5496255755;7
23.26948682;-2.804388046;1.540977836;7.33639431;23.27748025;0.5123628378;0.3807214797;0.5606211424;7
23.27158869;-2.713460922;1.512263894;7.221538544;23.27958213;0.5001455545;0.4039343297;0.5703949928;7
23.27369057;-2.62253356;1.478764415;7.140182972;23.281684;0.4842630625;0.4234820008;0.5789470673;7
23.27579239;-2.52682066;1.450050473;7.058826923;23.28378583;0.467158854;0.4466948807;0.5862774849;7
23.27789421;-2.421536446;1.411765337;6.967899323;23.2858877;0.4500546157;0.4674642682;0.5911644101;7
23.27999609;-2.330609322;1.363908887;6.896114826;23.28798952;0.4353938699;0.4870119393;0.5960513353;7
23.28209796;-2.268395901;1.320838094;6.843472958;23.2900914;0.4158461988;0.5065596104;0.602159977;7
23.28419978;-2.196611166;1.282552958;6.814758778;23.29219327;0.3962985277;0.521220386;0.6046034098;7
23.28630166;-2.139183521;1.234696507;6.833901405;23.2942951;0.3816377819;0.5334376693;0.6058251262;7
23.28840348;-2.067398787;1.186840057;6.853044033;23.29639697;0.3645335436;0.5383245945;0.6070469022;7
23.29050536;-2.01475668;1.162911773;6.876972198;23.29849885;0.3523162603;0.5395463109;0.6070469022;7
23.29260723;-1.966900229;1.162911773;6.943971157;23.30060067;0.3400989771;0.5358811021;0.6046034098;7
23.29470906;-1.914258122;1.11984098;7.044469833;23.30270254;0.3327685893;0.5309942365;0.602159977;7
23.29681093;-1.875972986;1.076770186;7.111468792;23.30480442;0.3217730224;0.5273290277;0.600938201;7
23.2989128;-1.818545222;1.028913736;7.183253765;23.30690624;0.3156643808;0.5236638188;0.5984947681;7
23.30101463;-1.770688772;0.9762716293;7.255038261;23.30900812;0.3058905303;0.5224421024;0.5960513353;7
23.3031165;-1.737189293;0.94277215;7.317251682;23.31110994;0.2985601723;0.5187768936;0.5948295593;7
23.30521838;-1.713261008;0.9332008362;7.341179848;23.31321176;0.2912297845;0.5187768936;0.5936078429;7
23.3073202;-1.698904037;0.94277215;7.393822193;23.31531364;0.2838993967;0.5187768936;0.5936078429;7
23.30942208;-1.684547186;0.9284151793;7.408178806;23.31741551;0.2802342176;0.5163334608;0.5948295593;7
23.3115239;-1.670190215;0.8853443861;7.479963779;23.31951739;0.2790125012;0.5077813268;0.5984947681;7
23.31362572;-1.64626193;0.8087740541;7.5421772;23.32161921;0.2765690386;0.4980075061;0.602159977;7
23.3157276;-1.627119422;0.7657032609;7.647460938;23.32372109;0.2765690386;0.4845684767;0.6046034098;7
23.31782947;-1.579262972;0.732203722;7.700103283;23.32582291;0.277790755;0.4699077308;0.6058251262;7
23.31993135;-1.488335729;0.708275497;7.814958572;23.32792478;0.2802342176;0.458912164;0.6058251262;7
23.32203317;-1.387837172;0.6987041831;7.877171993;23.33002661;0.2790125012;0.4442514181;0.6058251262;7
23.32413504;-1.272981644;0.6747759581;7.881958008;23.33212848;0.2802342176;0.4344775677;0.6058251262;7
23.32623687;-1.210768223;0.6699903607;7.872386456;23.33423031;0.2765690386;0.4173733592;0.6046034098;7
23.32833874;-1.1820544;0.6364908218;7.84845829;23.33633218;0.274125576;0.4063777924;0.6046034098;7
23.33044056;-1.162911773;0.6077769399;7.791030407;23.33843406;0.2667951882;0.3892735839;0.600938201;7
23.33254244;-1.138983607;0.5886343718;7.747959614;23.34053588;0.2557996213;0.3770562708;0.5984947681;7
23.33464426;-1.043270707;0.6125625968;7.65703249;23.34263775;0.2435823381;0.3672824502;0.5972730517;7
23.33674614;-0.9619147182;0.6173482537;7.537391186;23.34473958;0.2313650399;0.3562868834;0.5948295593;7
23.33884801;-0.9140582681;0.6125625968;7.403393269;23.34684145;0.2154825479;0.3465130329;0.5948295593;7
23.34094984;-0.9044869542;0.5694918036;7.274180889;23.34894327;0.1959348768;0.3428478539;0.5948295593;7
23.34305171;-0.9092726111;0.5120640397;7.173682213;23.35104515;0.1751654744;0.3391826749;0.5948295593;7
23.34515353;-0.890130043;0.5072783828;7.068397999;23.35314702;0.1519526094;0.3342957497;0.5984947681;7
23.34725541;-0.8709874153;0.5312066078;6.953542709;23.35524885;0.1299614757;0.3367392123;0.5997164845;7
23.34935723;-0.8470591903;0.5886343718;6.819544315;23.35735072;0.104305163;0.3367392123;0.6046034098;7
23.35145911;-0.813559711;0.626919508;6.685546398;23.3594526;0.07864884287;0.3342957497;0.6119337678;7
23.35356098;-0.8087740541;0.6652047038;6.60419035;23.36155442;0.05054906011;0.3330740333;0.6241511106;7
23.3556628;-0.8183453679;0.6987041831;6.565905571;23.36365624;0.02122755162;0.328187108;0.6375901103;7
23.35776468;-0.8566305041;0.7417750359;6.556334019;23.36575812;-0.003207040019;0.3257436454;0.6498073936;7
23.35986656;-0.8805587292;0.7657032609;6.546762943;23.36785999;-0.02886336111;0.3233001828;0.6632464528;7
23.36196838;-0.8709874153;0.8279166222;6.50369215;23.36996187;-0.05329795182;0.3269653618;0.6766854525;7
23.3640702;-0.8470591903;0.8566305041;6.465406895;23.37206369;-0.07773254067;0.3257436454;0.6889027357;7
23.36617208;-0.784845829;0.8614161611;6.431907177;23.37416557;-0.1033888608;0.3220784664;0.6986765862;7
23.36827395;-0.7130611539;0.8853443861;6.441478729;23.37626739;-0.1290451884;0.3245218992;0.7072287202;7
23.37037583;-0.5790630579;0.8757730722;6.50369215;23.37836921;-0.1510363221;0.3294088244;0.7121156454;7
23.37247765;-0.4354937077;0.866201818;6.513263226;23.38047109;-0.1718057245;0.3379609287;0.7145590782;7
23.37457952;-0.2679961324;0.837487936;6.522834301;23.38257296;-0.1937968582;0.3526217043;0.7157807946;7
23.37668135;-0.1004985496;0.7657032609;6.561119556;23.38467478;-0.2096793354;0.3672824502;0.7157807946;7
23.37878317;0.04785645381;0.6460621357;6.637690067;23.38677666;-0.2194531709;0.3856084049;0.717002511;7
23.38088504;0.2009970993;0.5312066078;6.728617191;23.38887848;-0.2292270064;0.4063777924;0.7157807946;7
23.38298692;0.3397808075;0.4211367965;6.857829571;23.39098036;-0.2365573794;0.428368926;0.7133373618;7
23.38508874;0.5072783828;0.3158525825;7.010970116;23.39308218;-0.239000842;0.4540252388;0.7072287202;7
23.38719062;0.6699903607;0.2344966233;7.140182972;23.39518411;-0.2402225733;0.4784598351;0.6998983026;7
23.38929244;0.8757730722;0.1483550072;7.274180889;23.39728593;-0.2365573794;0.505337894;0.6889027357;7
23.39139432;1.052842021;0.1004985496;7.422535896;23.39938775;-0.231670469;0.5334376693;0.6766854525;7
23.39349614;1.239482164;0.02871387079;7.599604607;23.40148963;-0.2243400961;0.5615374446;0.659581244;7
23.39559806;1.411765337;-0.02871387079;7.752745152;23.4035915;-0.2170097083;0.5920807123;0.6424770355;7
23.39769989;1.584048629;-0.08135596663;7.86281538;23.40569333;-0.2084576041;0.6250674129;0.6241511106;7
23.39980171;1.741974831;-0.1387837082;7.996813297;23.4077952;-0.1986837685;0.6592758298;0.6046034098;7
23.40190359;1.861616015;-0.1962114573;8.102097511;23.40989702;-0.1876882017;0.6934842467;0.5826122761;7
23.40400546;1.9812572;-0.2775674164;8.193024635;23.4119989;-0.1754709035;0.7240274549;0.559399426;7
23.40610728;2.11046958;-0.3302095234;8.307880402;23.41410072;-0.165697068;0.7533490062;0.5349648595;7
23.40820916;2.20618248;-0.3541377485;8.408378601;23.4162026;-0.1571449637;0.7826704979;0.5129737258;7
23.41031098;2.30189538;-0.3924229145;8.441878319;23.41830447;-0.1449276656;0.814435482;0.4885390997;7
23.41241286;2.364108801;-0.4594219327;8.451449394;23.42040629;-0.1363755614;0.8413135409;0.4653262496;7
23.41451468;2.426322222;-0.4977070987;8.504091263;23.42250817;-0.1290451884;0.8657481074;0.4396699369;7
23.41661656;2.488535643;-0.5551348329;8.532805443;23.42460999;-0.1241582632;0.8840740323;0.412791878;7
23.41871843;2.574677229;-0.5886343718;8.585447311;23.42671187;-0.121714808;0.8999565244;0.3871355653;7
23.42082025;2.670390129;-0.5934200287;8.633303642;23.42881369;-0.115606159;0.9182825089;0.366366148;7
23.42292213;2.723032236;-0.6317051649;8.685946465;23.43091562;-0.1168278903;0.9243911505;0.3455967605;7
23.42502395;2.713460922;-0.6412764788;8.714659691;23.43301744;-0.1192713454;0.9243911505;0.3260490894;7
23.42712583;2.694318295;-0.6173482537;8.762516975;23.43511926;-0.121714808;0.9195042253;0.3065013885;7
23.42922765;2.665604353;-0.5838487148;8.834300995;23.43722114;-0.1278234571;0.907286942;0.2881754637;7
23.43132958;2.641676188;-0.5264210105;8.906085968;23.43932296;-0.1351538301;0.8914044499;0.269849509;7
23.4334314;2.617748022;-0.4833501875;8.925228119;23.44142484;-0.1449276656;0.8706350327;0.2503018379;7
23.43553322;2.593819857;-0.4450650215;8.939585686;23.44352671;-0.1571449637;0.8437569737;0.2295324355;7
23.4376351;2.565105915;-0.3924229145;8.968298912;23.44562853;-0.1693622619;0.8168789148;0.2112064958;7
23.43973692;2.565105915;-0.3589234054;9.044869423;23.44773041;-0.1840230078;0.7875574231;0.1941022873;7
23.44183879;2.579462767;-0.3493520916;9.111868858;23.44983223;-0.2011272311;0.7570141554;0.1794415265;7
23.44394067;2.54117775;-0.3637090325;9.150154114;23.45193411;-0.2182314396;0.721584022;0.1635590494;7
23.44604249;2.498106956;-0.3397808075;9.20758152;23.45403593;-0.2365573794;0.6861538887;0.1525634825;7
23.44814437;2.459821701;-0.2871387303;9.260223389;23.4561378;-0.2573267817;0.6592758298;0.142789647;7
23.45024619;2.421536446;-0.2201396823;9.260223389;23.45823968;-0.2805396616;0.6360629797;0.1403461844;7
23.45234807;2.344966173;-0.1627119333;9.260223389;23.4603415;-0.2976438701;0.6177369952;0.1391244531;7
23.45444989;2.215753794;-0.1148554832;9.269794464;23.46244338;-0.315969795;0.6030762792;0.1415679157;7
23.45655176;2.053041935;-0.04785645381;9.351150513;23.4645452;-0.3294088244;0.5920807123;0.1488982886;7
23.45865364;1.904686809;0.01914258115;9.470791817;23.46664708;-0.3416261375;0.5823068619;0.1562286615;7
23.46075546;1.761117458;0.06699903309;9.633503914;23.46874895;-0.3477347791;0.5761982203;0.1672242284;7
23.46285734;1.641476393;0.1292124242;9.786644936;23.47085077;-0.3477347791;0.5749764442;0.1794415265;7
23.46495916;1.540977836;0.1962114573;10.02114105;23.47295265;-0.3440696001;0.5774199367;0.1965457499;7
23.46706103;1.473978758;0.2297109663;10.22692394;23.47505447;-0.3342957497;0.5761982203;0.2112064958;7
23.46916291;1.373480201;0.3014956415;10.44706345;23.47715635;-0.3208567202;0.5761982203;0.2270889878;7
23.47126473;1.325623751;0.3924229145;10.70070267;23.47925822;-0.3037525117;0.5810851455;0.2441931963;7
23.47336661;1.292124271;0.4689932466;10.9304142;23.48136004;-0.2854265571;0.5871937871;0.2637408674;7
23.47546843;1.292124271;0.5455635786;11.1314106;23.48346187;-0.265878886;0.5933024287;0.2845102847;7
23.4775703;1.277767301;0.5886343718;11.29890823;23.48556379;-0.2438877672;0.6006327868;0.3065013885;7
23.47967218;1.229910851;0.6317051649;11.42333508;23.48766562;-0.2231183648;0.6116283536;0.3309359848;7
23.481774;1.1820544;0.679561615;11.52383423;23.48976744;-0.2072358727;0.621402204;0.3578140438;7
23.48387583;1.129412293;0.70348984;11.60519028;23.49186932;-0.188909933;0.6323977709;0.3822486401;7
23.48597775;1.0863415;0.7417750359;11.65783215;23.49397114;-0.1754709035;0.6421716213;0.4054614902;7
23.48807958;1.067198873;0.756131947;11.66261768;23.49607301;-0.162031889;0.6482802629;0.4298960865;7
23.4901814;1.048056364;0.7944171429;11.66740322;23.49817489;-0.1547015011;0.6482802629;0.4555523992;7
23.49228327;1.076770186;0.8279166222;11.66740322;23.50027676;-0.1498145908;0.6482802629;0.4824304581;7
23.4943851;1.095912814;0.8614161611;11.64826107;23.50237859;-0.1498145908;0.6409498453;0.5068650246;7
23.49648697;1.143769264;0.9092726111;11.58604717;23.50448046;-0.1473711282;0.6262891293;0.5325213671;7
23.49858885;1.153340459;0.9379864931;11.55254745;23.50658228;-0.1559232324;0.6030762792;0.5569559336;7
23.50069072;1.177268744;0.9810572863;11.58604717;23.50868416;-0.162031889;0.5761982203;0.5813905597;7
23.50279254;1.225125194;1.009771109;11.58126163;23.51078598;-0.1681405306;0.5395463109;0.602159977;7
23.50489442;1.292124271;1.062413216;11.59083271;23.51288786;-0.18157956;0.4992292523;0.6217076182;7
23.50699624;1.378265858;1.067198873;11.62911797;23.51498973;-0.1901316643;0.4491383433;0.6388118267;7
23.50909812;1.478764415;1.067198873;11.6769743;23.51709156;-0.2011272311;0.3953822255;0.6546943188;7
23.51119994;1.579262972;1.057627559;11.76790142;23.51919343;-0.2084576041;0.3391826749;0.6656898856;7
23.51330182;1.698904037;1.03848505;11.8588295;23.52129525;-0.2194531709;0.2732092738;0.6742420197;7
23.51540369;1.852044702;0.9954141974;11.96411324;23.52339713;-0.2267835438;0.2109010667;0.6815723777;7
23.51750551;1.990828395;0.9475577474;12.05504036;23.525499;-0.2365573794;0.142484203;0.6852375865;7
23.51960739;2.148754835;0.890130043;12.12682533;23.52760083;-0.2451094985;0.0728456229;0.6876810193;7
23.52170921;2.282752752;0.8183453679;12.21296692;23.5297027;-0.2512181401;0.004428769462;0.6876810193;7
23.52381109;2.407179594;0.7465606928;12.28475189;23.53180452;-0.2597702444;-0.06765327603;0.6889027357;7
23.52591296;2.569891453;0.6843472719;12.30867958;23.5339064;-0.2671006322;-0.1360701323;0.6852375865;7
23.52801478;2.694318295;0.6077769399;12.33260822;23.53600827;-0.2695440948;-0.1996000707;0.6815723777;7
23.53011666;2.857030153;0.5312066078;12.37567902;23.5381101;-0.2744309902;-0.261908263;0.6754637361;7
23.53221848;3.03888464;0.4833501875;12.39482117;23.54021197;-0.278096199;-0.3156643808;0.6693550944;7
23.53432036;3.206382275;0.4785645306;12.40439224;23.54231379;-0.2793179154;-0.3645335436;0.6620246768;7
23.53642223;3.412165165;0.4977070987;12.41396427;23.54441567;-0.2805396616;-0.4072940946;0.6546943188;7
23.53852406;3.603590965;0.5024927258;12.42353535;23.54651749;-0.278096199;-0.4463894367;0.6473639607;7
23.54062593;3.761517286;0.4737788737;12.46660614;23.54861937;-0.2732092738;-0.4757109582;0.6375901103;7
23.54272775;3.914657831;0.4642075896;12.48096275;23.55072119;-0.2646571696;-0.5050324798;0.6253728271;7
23.54482963;4.043870449;0.4546363056;12.49053383;23.55282307;-0.2573267817;-0.5294670463;0.6143772602;7
23.54693145;4.173082829;0.4163511395;12.51446247;23.55492494;-0.2438877672;-0.5539016128;0.5984947681;7
23.54903333;4.321437836;0.3732803464;12.54796219;23.55702676;-0.2341139317;-0.5758927464;0.5850557685;7
23.55113515;4.484149456;0.3349951804;12.57667542;23.55912864;-0.2194531709;-0.5954404473;0.5679515004;7
23.55323702;4.651647091;0.3014956415;12.55753326;23.56123046;-0.2047924101;-0.6125446558;0.552069068;7
23.5553389;4.800002098;0.2871387303;12.5623188;23.56333234;-0.1913533956;-0.6272054315;0.5349648595;7
23.55744072;4.91007185;0.2823530734;12.53839111;23.56543421;-0.1791360974;-0.6406444311;0.5141954422;7
23.5595426;5.058426857;0.2919243574;12.47617722;23.56753603;-0.162031889;-0.6418661475;0.4922043085;7
23.56164442;5.178068161;0.2823530734;12.41874981;23.56963791;-0.1485928595;-0.6406444311;0.466547966;7
23.56374629;5.316852093;0.2632105052;12.35653591;23.57173973;-0.1339320987;-0.6357575059;0.4408916533;7
23.56584817;5.446064472;0.2344966233;12.27517986;23.57384161;-0.1204930767;-0.6272054315;0.4115701318;7
23.56794999;5.584847927;0.2009970993;12.22732353;23.57594343;-0.1046105921;-0.617431581;0.3822486401;7
23.57005187;5.685346603;0.1627119333;12.16511059;23.5780453;-0.09361502528;-0.6039925218;0.3480401933;7
23.57215369;5.78584528;0.1100698411;12.15553856;23.58014718;-0.07773254067;-0.5929969549;0.3174969554;7
23.57425556;5.838487148;0.09571290761;12.10768223;23.582249;-0.06307178736;-0.5795579553;0.2808450758;7
23.57635739;5.905486107;0.05264209956;12.04546928;23.58435088;-0.04841103405;-0.5636754632;0.2478583902;7
23.57845926;5.934200287;0.06221338734;11.99761295;23.5864527;-0.03375028074;-0.5465712547;0.2148716897;7
23.58056114;5.934200287;0.06699903309;11.92582798;23.58855458;-0.01664606482;-0.5258018374;0.1831067204;7
23.58266296;5.895915031;0.0765703246;11.86361504;23.5906564;-0.004428769462;-0.5001455545;0.1550069451;7
23.58476484;5.809773445;0.09571290761;11.81097221;23.59275827;0.009010255337;-0.4757109582;0.1293506175;7
23.58686666;5.747560024;0.1531406492;11.72483063;23.59486015;0.02367101051;-0.4476111531;0.1036942974;7
23.58896853;5.613562107;0.2297109663;11.67218876;23.59696197;0.03711003438;-0.4158461988;0.08414662629;7
23.59107036;5.498706341;0.3062812984;11.60519028;23.59906385;0.05299251899;-0.3840812445;0.06582067907;7
23.59317223;5.388636589;0.4115654826;11.5334053;23.60116572;0.06887500733;-0.3523162603;0.04749473557;7
23.59527411;5.268995285;0.4929214716;11.48076344;23.60326754;0.08109229803;-0.3217730224;0.03161225095;7
23.59737593;5.182853699;0.6029912829;11.41854954;23.60536942;0.09453132749;-0.2936732471;0.0157297682;7
23.59947781;5.111069202;0.6939185858;11.38026428;23.60747124;0.1055268943;-0.2655734718;-0.0001527161949;7
23.60157968;5.053641319;0.7513462901;11.33719349;23.60957312;0.1201876476;-0.2399171442;-0.01481347065;7
23.6036815;4.977071285;0.8231309652;11.33719349;23.61167494;0.127518028;-0.2142608166;-0.0294742249;7
23.60578338;4.886143684;0.8614161611;11.31805134;23.61377682;0.1409570426;-0.1910479665;-0.04413498193;7
23.6078852;4.785645485;0.890130043;11.29890823;23.61587869;0.1495091617;-0.1702785641;-0.06001746282;7
23.60998708;4.704289436;0.8949156404;11.26540947;23.61798051;0.1580612659;-0.1519526094;-0.07467821985;7
23.6120889;4.613361835;0.9188438654;11.27019501;23.62008239;0.1666133702;-0.1397353113;-0.08933897316;7
23.61419077;4.522434711;0.9188438654;11.23669529;23.62218421;0.1763872057;-0.131183207;-0.1064431891;7
23.61629265;4.455435753;0.9379864931;11.23669529;23.62428609;0.181274116;-0.1262962967;-0.1223256737;7
23.61839447;4.388436794;0.9475577474;11.2510519;23.62638791;0.1886045039;-0.1226311028;-0.1382081509;7
23.62049635;4.29750967;0.9619147182;11.23669529;23.62848978;0.1947131455;-0.1238528341;-0.1540906429;7
23.62259817;4.216153622;0.9810572863;11.23669529;23.63059161;0.2032652497;-0.1262962967;-0.1699731201;7
23.62470004;4.144368649;0.9954141974;11.24148083;23.63269348;0.2081521749;-0.1324049383;-0.1858556122;7
23.62680187;4.053441525;1.028913736;11.23190975;23.6347953;0.2130390853;-0.1434005052;-0.200516358;7
23.62890374;3.957728624;1.048056364;11.27019501;23.63689718;0.2191477418;-0.154396072;-0.2151771188;7
23.63100557;3.876372576;1.081555843;11.27976608;23.63899906;0.2240346521;-0.1641699076;-0.2286161482;7
23.63310744;3.790230989;1.105484009;11.27976608;23.64110088;0.2264781147;-0.181274116;-0.2396117151;7
23.63520926;3.684946775;1.143769264;11.27498055;23.64320275;0.2289215773;-0.1959348768;-0.2506072819;7
23.63731114;3.56530571;1.177268744;11.29890823;23.64530463;0.2338084877;-0.2167042792;-0.2616028488;7
23.63941301;3.445664644;1.191625714;11.27498055;23.64740645;0.2362519503;-0.2386954129;-0.2689332068;7
23.64151484;3.321237803;1.220339537;11.27019501;23.64950833;0.2386954129;-0.2680169344;-0.2787070572;7
23.64361671;3.182454109;1.220339537;11.24626637;23.65161015;0.2386954129;-0.2961167097;-0.2872591615;7
23.64571859;3.05324173;1.210768223;11.21276665;23.65371202;0.2386954129;-0.324216485;-0.2945895493;7
23.64782041;2.952743053;1.234696507;11.15533924;23.65581385;0.2374736816;-0.3559814394;-0.3006981909;7
23.64992228;2.852244616;1.249053478;11.09312534;23.65791572;0.2362519503;-0.3877464235;-0.3080285788;7
23.65202411;2.780459881;1.282552958;11.06441212;23.6600176;0.2325867712;-0.4158461988;-0.3141372204;7
23.65412598;2.694318295;1.301695466;11.00698376;23.66211942;0.227699846;-0.4451677203;-0.3190241456;7
23.6562278;2.62253356;1.325623751;10.94955635;23.66422129;0.2228129357;-0.4732674956;-0.323911041;7
23.65832968;2.555534601;1.344766378;10.87298584;23.66632312;0.2167042792;-0.4977020919;-0.3287979662;7
23.66043156;2.502892494;1.373480201;10.8107729;23.66842499;0.2130390853;-0.5184714794;-0.3349066079;7
23.66253338;2.445464849;1.40697968;10.75334454;23.67052687;0.2093739063;-0.5367974043;-0.3397935331;7
23.66463525;2.392822742;1.40697968;10.68634605;23.67262869;0.204486981;-0.5551233888;-0.3434587121;7
23.66673708;2.335394859;1.411765337;10.6480608;23.67473056;0.1996000707;-0.5685623884;-0.3471239209;7
23.66883895;2.287538528;1.430907965;10.61456108;23.67683244;0.1983783394;-0.5832231641;-0.3507890999;7
23.67094083;2.230110645;1.440479279;10.55234814;23.67893426;0.1983783394;-0.5966621637;-0.3556760252;7
23.67304265;2.201396942;1.445264935;10.50927734;23.68103614;0.1983783394;-0.610101223;-0.3605629504;7
23.67514452;2.148754835;1.450050473;10.46620655;23.68313796;0.200821802;-0.6162098646;-0.3617846668;7
23.6772464;2.120040894;1.464407444;10.44227791;23.68523978;0.204486981;-0.6186532974;-0.3605629504;7
23.67934822;2.081755638;1.507478237;10.40877819;23.68734166;0.2057087123;-0.6210967898;-0.3605629504;7
23.6814501;1.995614052;1.507478237;10.3657074;23.68944353;0.2118173689;-0.617431581;-0.3581194878;7
23.68355192;1.875972986;1.478764415;10.3226366;23.69154541;0.2179260105;-0.6137663722;-0.3544542789;7
23.68565374;1.751546144;1.440479279;10.28435135;23.69364723;0.2228129357;-0.6076577306;-0.3532325625;7
23.68775562;1.655833244;1.397408366;10.26042366;23.69574906;0.2313650399;-0.601549089;-0.3495673835;7
23.68985749;1.579262972;1.378265858;10.22692394;23.69785093;0.2399171442;-0.5954404473;-0.3483456373;7
23.69195937;1.564906001;1.397408366;10.19342422;23.69995281;0.2460257858;-0.5832231641;-0.3446804583;7
23.69406119;1.555334687;1.440479279;10.18863869;23.70205463;0.2545779049;-0.5734493136;-0.3422369957;7
23.69616301;1.564906001;1.483550072;10.13599682;23.7041565;0.2594648004;-0.5648971796;-0.3385718167;7
23.69826489;1.545763373;1.531406522;10.05942631;23.70625838;0.2643517256;-0.560010314;-0.3349066079;7
23.70036676;1.512263894;1.555334687;9.978070259;23.7083602;0.2667951882;-0.5502364635;-0.3300196826;7
23.70246859;1.478764415;1.574477315;9.920642853;23.71046208;0.2680169344;-0.5392408967;-0.3226893246;7
23.70457046;1.45483613;1.617548108;9.796216011;23.7125639;0.2667951882;-0.5319104791;-0.3153589368;7
23.70667234;1.387837172;1.617548108;9.676574707;23.71466577;0.2606865466;-0.5209149122;-0.3068068326;7
23.70877416;1.316052437;1.617548108;9.552147865;23.7167676;0.2570213675;-0.5148062706;-0.2982547283;7
23.71087603;1.26341033;1.584048629;9.41336441;23.71886947;0.2472475171;-0.508697629;-0.2909243405;7
23.71297786;1.196411371;1.545763373;9.255437851;23.72097129;0.2386954129;-0.5050324798;-0.2860374451;7
23.71507973;1.13419795;1.540977836;9.097511292;23.72307317;0.2252563834;-0.5025889874;-0.2823722363;7
23.71718156;1.138983607;1.574477315;8.97308445;23.72517499;0.2105956376;-0.4977020919;-0.2799287736;7
23.71928343;1.16769743;1.59840548;8.829515457;23.72727687;0.1947131455;-0.4928151667;-0.2787070572;7
23.72138525;1.229910851;1.655833244;8.685946465;23.72937874;0.1751654744;-0.4854847789;-0.2762635946;7
23.72348713;1.26341033;1.651047587;8.547162056;23.73148057;0.1592829973;-0.4781544209;-0.2750418782;7
23.72558895;1.249053478;1.660618901;8.422736168;23.73358244;0.1409570426;-0.4757109582;-0.273820132;7
23.72769083;1.21555388;1.636690736;8.312665939;23.73568432;0.1165224537;-0.4720457494;-0.273820132;7
23.7297927;1.1820544;1.59840548;8.245666504;23.73778614;0.09697478265;-0.467158854;-0.2750418782;7
23.73189452;1.177268744;1.574477315;8.169096947;23.73988796;0.0737619251;-0.4634936452;-0.2774853408;7
23.7339964;1.177268744;1.536192179;8.068597794;23.74198984;0.05177079141;-0.4647153914;-0.2774853408;7
23.73609827;1.162911773;1.526620865;7.968099594;23.74409171;0.02733619884;-0.4634936452;-0.2811505198;7
23.7382001;1.172483087;1.507478237;7.886743546;23.74619353;0.0016798781;-0.4634936452;-0.2835939825;7
23.74030192;1.1820544;1.512263894;7.805387497;23.74829541;-0.02397644334;-0.4647153914;-0.2835939825;7
23.74240379;1.177268744;1.512263894;7.747959614;23.75039728;-0.05085449293;-0.4683805704;-0.2835939825;7
23.74450567;1.143769264;1.526620865;7.728816986;23.75249911;-0.07773254067;-0.470824033;-0.2835939825;7
23.74660749;1.095912814;1.512263894;7.733603001;23.75460098;-0.1033888608;-0.4720457494;-0.2799287736;7
23.74870937;1.028913736;1.50269258;7.719245911;23.75670286;-0.1266017258;-0.4696022868;-0.2787070572;7
23.75081124;0.9523434043;1.50269258;7.767102242;23.75880468;-0.1498145908;-0.4720457494;-0.2750418782;7
23.75291306;0.9140582681;1.493121386;7.8341012;23.76090656;-0.1693622619;-0.4696022868;-0.270154953;7
23.75501494;0.8709874153;1.50269258;7.896314621;23.76300838;-0.1876882017;-0.4634936452;-0.2652680278;7
23.75711682;0.784845829;1.493121386;7.953742504;23.76511025;-0.2035706937;-0.45860672;-0.25793764;7
23.75921864;0.6891329288;1.450050473;8.030312538;23.76721208;-0.2170097083;-0.4512763619;-0.2506072819;7
23.76132051;0.6077769399;1.426122308;8.145168304;23.76931395;-0.2255618125;-0.4451677203;-0.2420551628;7
23.76342234;0.5264210105;1.402194023;8.293522835;23.77141577;-0.2292270064;-0.4317286909;-0.2347247899;7
23.76552421;0.4833501875;1.40697968;8.413164139;23.77351765;-0.2280052751;-0.4158461988;-0.223729223;7
23.76762603;0.4354937077;1.378265858;8.595019341;23.77561947;-0.2255618125;-0.3975202441;-0.2151771188;7
23.76972791;0.3924229145;1.378265858;8.772088051;23.7777214;-0.2170097083;-0.3767508566;-0.2066250145;7
23.77182973;0.3493520916;1.344766378;8.953942299;23.77982322;-0.2035706937;-0.3535379767;-0.1992946416;7
23.77393161;0.3445664644;1.306481123;9.126225471;23.78192504;-0.1876882017;-0.327881664;-0.1907425225;7
23.77603343;0.3397808075;1.268195987;9.332008362;23.78402692;-0.165697068;-0.3058905303;-0.1846338809;7
23.77813536;0.3684946895;1.249053478;9.51386261;23.78612874;-0.142484203;-0.2802342176;-0.1785252392;7
23.78023718;0.3780659735;1.196411371;9.714859962;23.78823062;-0.1131627038;-0.2643517256;-0.1724165827;7
23.782339;0.4115654826;1.162911773;9.911071777;23.79033244;-0.08628465235;-0.2484692484;-0.1675296724;7
23.78444088;0.4498506486;1.11984098;10.08335495;23.79243432;-0.05451968312;-0.2338084877;-0.1650862098;7
23.7865427;0.4785645306;1.062413216;10.23649502;23.79453619;-0.02397644334;-0.2228129357;-0.1638644785;7
23.78864458;0.4833501875;0.9906286001;10.31785107;23.79663806;0.006566796452;-0.2154825479;-0.1638644785;7
23.7907464;0.4929214716;0.9140582681;10.39920712;23.79873989;0.03711003438;-0.2118173689;-0.1650862098;7
23.79284827;0.5216353536;0.8518448472;10.47577763;23.80084171;0.06276635826;-0.2118173689;-0.1711948514;7
23.79495015;0.5742774606;0.7944171429;10.48056316;23.80294359;0.08720094711;-0.2142608166;-0.1773035079;7
23.79705202;0.6747759581;0.7465606928;10.4853487;23.80504546;0.1104138121;-0.2154825479;-0.1870773435;7
23.79915385;0.7752745152;0.708275497;10.44706345;23.80714728;0.127518028;-0.2154825479;-0.200516358;7
23.80125567;0.8518448472;0.679561615;10.37049294;23.80924916;0.1446222365;-0.2154825479;-0.2139553875;7
23.80335754;0.9236295223;0.679561615;10.26999474;23.81135098;0.154396072;-0.2191477418;-0.2322813272;7
23.80545942;1.009771109;0.6604190469;10.15035343;23.81345286;0.1629481763;-0.2191477418;-0.2506072819;7
23.80756124;1.081555843;0.6747759581;10.01635551;23.81555473;0.1641699076;-0.2228129357;-0.2713766694;7
23.80966312;1.138983607;0.6987041831;9.911071777;23.81765656;0.1653916389;-0.2289215773;-0.2909243405;7
23.81176494;1.172483087;0.756131947;9.738788605;23.81975843;0.1580612659;-0.2386954129;-0.3092502952;7
23.81386682;1.16769743;0.8087740541;9.609575272;23.8218603;0.1482874304;-0.2509126961;-0.323911041;7
23.81596869;1.100698471;0.8327022791;9.461220741;23.82396213;0.1372918636;-0.2704603672;-0.3385718167;7
23.81807051;0.9810572863;0.8231309652;9.327222824;23.82606395;0.1226311028;-0.2948949635;-0.3520108163;7
23.82017239;0.837487936;0.8279166222;9.202795982;23.82816583;0.104305163;-0.3217730224;-0.3630063832;7
23.82227426;0.7130611539;0.8231309652;9.054440498;23.8302677;0.0859792158;-0.3498727977;-0.370336771;7
23.82437609;0.5838487148;0.8614161611;8.930013657;23.83236952;0.06398808211;-0.3804160357;-0.3776671588;7
23.82647791;0.4642075896;0.8997012973;8.776873589;23.8344714;0.03955349326;-0.4134027362;-0.3837758005;7
23.82857978;0.3589234054;0.9714859724;8.657232285;23.83657327;0.01634063199;-0.4439459741;-0.3862192631;7
23.83068166;0.2727817893;1.03848505;8.513663292;23.8386751;-0.01053741761;-0.4732674956;-0.3874409795;7
23.83278348;0.1866401732;1.124626637;8.441878319;23.84077697;-0.03497200832;-0.4928151667;-0.3849975169;7
23.83488536;0.1004985496;1.186840057;8.327022552;23.84287879;-0.05940660089;-0.517249763;-0.3825540543;7
23.83698723;-0.004785645287;1.239482164;8.236095428;23.84498067;-0.08139773458;-0.5404626131;-0.3776671588;7
23.83908906;-0.08135596663;1.31126678;8.18345356;23.84708254;-0.1058323234;-0.5539016128;-0.3691150546;7
23.84119093;-0.1387837082;1.397408366;8.149953842;23.84918437;-0.1266017258;-0.5710058808;-0.3581194878;7
23.84329275;-0.1914258152;1.464407444;8.087740898;23.85128624;-0.1522580534;-0.5844448805;-0.3434587121;7
23.84539463;-0.2344966233;1.531406522;8.05424118;23.85338806;-0.1705839932;-0.5917752385;-0.3300196826;7
23.8474965;-0.3014956415;1.521835208;8.00638485;23.85548989;-0.188909933;-0.5978838801;-0.316580683;7
23.84959833;-0.3828516304;1.521835208;7.982456207;23.85759176;-0.2072358727;-0.6003273726;-0.3019199073;7
23.8517002;-0.4307080805;1.473978758;7.944170952;23.85969364;-0.2206749022;-0.5991056561;-0.2848156989;7
23.85380202;-0.4354937077;1.45483613;7.920242786;23.86179546;-0.2328922004;-0.5893318057;-0.2725984156;7
23.85590385;-0.4163511395;1.421336651;7.929814339;23.86389734;-0.2426660359;-0.5783362389;-0.2603811026;7
23.85800572;-0.3732803464;1.40697968;7.944170952;23.86599921;-0.2499964088;-0.5661189556;-0.2506072819;7
23.8601076;-0.3254238665;1.378265858;7.987242222;23.86810103;-0.2561050653;-0.5502364635;-0.2408334464;7
23.86220942;-0.2297109663;1.383051515;8.025527;23.87020291;-0.258548528;-0.5282453299;-0.2347247899;7
23.86431129;-0.1435693651;1.368694544;8.106883049;23.87230478;-0.2573267817;-0.5001455545;-0.2310595959;7
23.86641317;-0.09571290761;1.335195065;8.149953842;23.87440661;-0.2475529462;-0.467158854;-0.2273944169;7
23.86851499;-0.04307080805;1.272981644;8.21216774;23.87650848;-0.2341139317;-0.4256200492;-0.2286161482;7
23.87061687;0.05264209956;1.239482164;8.312665939;23.87861031;-0.2182314396;-0.3828594983;-0.2310595959;7
23.87271874;0.1962114573;1.1820544;8.46102047;23.88071218;-0.1999054998;-0.3388772309;-0.2359465212;7
23.87482056;0.3206382394;1.158126116;8.575876236;23.882814;-0.1791360974;-0.2912297845;-0.2432768941;7
23.87692244;0.4115654826;1.115055323;8.671588898;23.88491588;-0.1571449637;-0.2399171442;-0.2506072819;7
23.87902426;0.5264210105;1.100698471;8.762516975;23.88701775;-0.131488651;-0.1873827726;-0.2616028488;7
23.88112614;0.5934200287;1.095912814;8.805587769;23.88911958;-0.1082757786;-0.1372918636;-0.2713766694;7
23.88322796;0.6412764788;1.076770186;8.810373306;23.89122145;-0.08261945844;-0.08720094711;-0.2811505198;7
23.88532984;0.6699903607;1.076770186;8.810373306;23.89332327;-0.05818486959;-0.04199695215;-0.2921460867;7
23.88743171;0.70348984;1.052842021;8.776873589;23.89542515;-0.03863719851;0.01053741761;-0.3019199073;7
23.88953353;0.6460621357;1.000199914;8.729017258;23.89752697;-0.0190895237;0.05818486959;-0.3141372204;7
23.89163541;0.6029912829;0.8949156404;8.652446747;23.89962885;-0.003207040019;0.1058323234;-0.3251327872;7
23.89373723;0.5694918036;0.7992027402;8.547162056;23.90173067;0.009010255337;0.1473711282;-0.3361283541;7
23.89583911;0.5359922647;0.7513462901;8.456234932;23.90383254;0.02122755162;0.188909933;-0.3483456373;7
23.89794093;0.5455635786;0.7417750359;8.341380119;23.90593442;0.02855792828;0.2231183648;-0.3568977416;7
23.90004281;0.5407779217;0.7417750359;8.274380684;23.90803624;0.03466657549;0.2548833191;-0.366671592;7
23.90214463;0.5120640397;0.7657032609;8.18345356;23.91013812;0.03466657549;0.2842048407;-0.3752236962;7
23.9042465;0.4737788737;0.7800601721;8.116454124;23.91223994;0.03222311661;0.3147480786;-0.3837758005;7
23.90634838;0.4259224236;0.8327022791;8.068597794;23.91434182;0.03344484791;0.3404043913;-0.3923279047;7
23.9084502;0.3637090325;0.8566305041;7.987242222;23.91644369;0.02489273995;0.3599520624;-0.4008800089;7
23.91055208;0.3302095234;0.9092726111;7.953742504;23.91854551;0.01878409274;0.3733910918;-0.4118755758;7
23.9126539;0.3397808075;0.9619147182;7.929814339;23.92064739;0.009010255337;0.378278017;-0.4216494262;7
23.91475577;0.2967100143;0.9810572863;7.910671711;23.92274921;0.0004581485991;0.3794997334;-0.4338667095;7
23.91685765;0.2584248483;0.9714859724;7.872386456;23.92485109;-0.01175914705;0.3721693754;-0.4448622763;7
23.91895947;0.2392822653;0.9571290612;7.853243828;23.92695291;-0.02641990222;0.3599520624;-0.4583013058;7
23.92106135;0.2249253243;0.9762716293;7.8341012;23.92905478;-0.04596757516;0.3416261375;-0.4692968726;7
23.92316317;0.2009970993;0.9954141974;7.810173035;23.93115661;-0.06551524997;0.3171915412;-0.4815141559;7
23.92526504;0.1579262912;1.000199914;7.762316704;23.93325848;-0.08872810751;0.2939786613;-0.4937314689;7
23.92736687;0.09092725813;1.004985452;7.700103283;23.93536036;-0.115606159;0.2719875574;-0.505948782;7
23.92946874;0.0143569354;0.9332008362;7.661818027;23.93746218;-0.1437059343;0.2487746775;-0.5218312144;7
23.93157056;-0.1004985496;0.8709874153;7.609176159;23.93956406;-0.1705839932;0.2280052751;-0.5377137065;7
23.93367244;-0.1962114573;0.7752745152;7.590033531;23.94166588;-0.2023489624;0.2023489624;-0.554817915;7
23.93577432;-0.2440679073;0.7178468108;7.585247993;23.94376775;-0.2280052751;0.1754709035;-0.570700407;7
23.93787614;-0.2919243574;0.7178468108;7.633104324;23.94586963;-0.2573267817;0.1412624866;-0.5878046155;7
23.93997801;-0.3302095234;0.708275497;7.724031448;23.94797145;-0.2829830945;0.1046105921;-0.6012436748;7
23.94207984;-0.3684946895;0.7465606928;7.853243828;23.95007327;-0.3037525117;0.06795870513;-0.6146826744;7
23.94418171;-0.4498506486;0.7704889178;7.958528042;23.95217515;-0.3245218992;0.03008509055;-0.6256782413;7
23.94628359;-0.5599204898;0.760917604;8.035098076;23.95427702;-0.3391826749;-0.005345067009;-0.6354520917;7
23.94838541;-0.6987041831;0.7465606928;8.121239662;23.9563789;-0.3526217043;-0.04444041103;-0.6427824497;7
23.95048723;-0.813559711;0.756131947;8.255238533;23.95848072;-0.362395525;-0.08231402934;-0.6501128674;7
23.95258911;-0.8949156404;0.784845829;8.384450912;23.96058254;-0.3697259128;-0.1153007299;-0.654999733;7
23.95469098;-0.9475577474;0.813559711;8.542376518;23.96268442;-0.3758345544;-0.1446222365;-0.656221509;7
23.95679286;-1.009771109;0.8566305041;8.652446747;23.96478629;-0.378278017;-0.1690568328;-0.656221509;7
23.95889468;-1.071984529;0.8757730722;8.776873589;23.96688817;-0.3758345544;-0.1922696829;-0.6537780166;7
23.9609965;-1.129412293;0.9140582681;8.858229637;23.96898999;-0.374612838;-0.2081521749;-0.6513345838;7
23.96309838;-1.201196909;0.9332008362;8.934800148;23.97109187;-0.3685041666;-0.2215912044;-0.6452259421;7
23.96520025;-1.268195987;0.9619147182;9.020941734;23.97319369;-0.3636172712;-0.2313650399;-0.6378955245;7
23.96730213;-1.335195065;0.9906286001;9.068798065;23.97529557;-0.3562868834;-0.2374736816;-0.6305651665;7
23.96940395;-1.378265858;1.000199914;9.068798065;23.97739739;-0.3501782417;-0.2411388755;-0.6220130324;7
23.97150583;-1.450050473;0.9906286001;9.083154678;23.97949926;-0.3404043913;-0.2460257858;-0.613460958;7
23.97360765;-1.50269258;0.9762716293;9.068798065;23.98160109;-0.3330740333;-0.2484692484;-0.604908824;7
23.97570952;-1.560120344;0.94277215;9.068798065;23.98370296;-0.328187108;-0.2484692484;-0.5975784659;7
23.97781135;-1.584048629;0.9236295223;9.044869423;23.98580484;-0.3196350038;-0.2472475171;-0.5890263915;7
23.97991322;-1.569691658;0.9284151793;9.011369705;23.98790666;-0.3184132576;-0.2435823381;-0.5804742575;7
23.98201504;-1.540977836;0.9379864931;8.939585686;23.99000853;-0.315969795;-0.2399171442;-0.5731438994;7
23.98411692;-1.507478237;0.94277215;8.829515457;23.99211036;-0.3171915412;-0.2338084877;-0.563370049;7
23.98621879;-1.50269258;0.9571290612;8.743373871;23.99421223;-0.3208567202;-0.227699846;-0.5535961986;7
23.98832062;-1.507478237;0.9619147182;8.604590416;23.99631406;-0.3245218992;-0.2179260105;-0.5426006317;7
23.99042249;-1.531406522;0.9571290612;8.523234367;23.99841593;-0.3318522871;-0.204486981;-0.5340485573;7
23.99252432;-1.55054903;0.9619147182;8.422736168;24.00051775;-0.3416261375;-0.1873827726;-0.5254964232;7
23.99462619;-1.584048629;0.9571290612;8.322237015;24.00261963;-0.3526217043;-0.1702785641;-0.5145008564;7
23.99672801;-1.574477315;0.9810572863;8.21216774;24.0047215;-0.3611738086;-0.1507308781;-0.505948782;7
23.99882989;-1.55054903;0.9906286001;8.126026154;24.00682333;-0.3733910918;-0.1287397593;-0.4973966479;7
24.00093171;-1.517049551;1.009771109;8.08295536;24.0089252;-0.3843866587;-0.1030834317;-0.4888445437;7
24.00303359;-1.473978758;1.028913736;8.044670105;24.01102708;-0.3966039717;-0.07620538026;-0.4815141559;7
24.00513546;-1.435693622;1.024128079;7.982456207;24.0131289;-0.405156076;-0.05299251899;-0.4754055142;7
24.00723728;-1.416550994;1.028913736;7.968099594;24.01523077;-0.4173733592;-0.03100138716;-0.4692968726;7
24.00933916;-1.397408366;1.057627559;7.934599876;24.0173326;-0.428368926;-0.01145371422;-0.4644099474;7
24.01144103;-1.368694544;1.067198873;7.901100159;24.01943447;-0.4405862093;0.006872228812;-0.4607447684;7
24.01354286;-1.320838094;1.062413216;7.905886173;24.02153635;-0.4528035223;0.02764163166;-0.4546361268;7
24.01564473;-1.316052437;1.033699393;7.905886173;24.02363817;-0.4637990892;0.04352411628;-0.4509709179;7
24.01774656;-1.349551916;0.9954141974;7.905886173;24.02574004;-0.474794656;0.06185005978;-0.4485274553;7
24.01984843;-1.363908887;0.9619147182;7.944170952;24.02784187;-0.4845684767;0.07773254067;-0.4460839927;7
24.0219503;-1.387837172;0.9284151793;8.00638485;24.02994374;-0.4955640435;0.09239330143;-0.4448622763;7
24.02405213;-1.397408366;0.8757730722;8.092526436;24.03204556;-0.5041161776;0.1070540547;-0.4424188137;7
24.026154;-1.430907965;0.8614161611;8.169096947;24.03414744;-0.5138899684;0.1204930767;-0.4411970973;7
24.02825583;-1.45483613;0.8087740541;8.240880966;24.03624932;-0.5187768936;0.1327103674;-0.4387536347;7
24.0303577;-1.488335729;0.7752745152;8.346165657;24.03835114;-0.5199986696;0.1437059343;-0.4399753511;7
24.03245952;-1.540977836;0.7274180651;8.446663857;24.04045301;-0.5199986696;0.1534797698;-0.4387536347;7
24.0345614;-1.555334687;0.6891329288;8.537590981;24.04255489;-0.5163334608;0.1669187993;-0.4350884259;7
24.03666327;-1.569691658;0.6747759581;8.652446747;24.04465671;-0.5114465356;0.1754709035;-0.4338667095;7
24.0387651;-1.593619823;0.6412764788;8.819944382;24.04675853;-0.5041161776;0.1852447391;-0.4302015305;7
24.04086697;-1.622333765;0.6125625968;8.987442017;24.04886041;-0.4906771481;0.1950185746;-0.4314232469;7
24.04296885;-1.651047587;0.5742774606;9.164510727;24.05096228;-0.4784598351;0.1986837685;-0.4302015305;7
24.04507067;-1.670190215;0.5407779217;9.346364975;24.05306411;-0.462577343;0.2011272311;-0.4289797843;7
24.04717249;-1.670190215;0.5359922647;9.523433685;24.05516598;-0.4454731345;0.2035706937;-0.4277580678;7
24.04927437;-1.722832322;0.5168496966;9.638289452;24.05726786;-0.4271472096;0.2023489624;-0.4277580678;7
24.05137624;-1.808973908;0.4785645306;9.772287369;24.05936968;-0.4075995386;0.1974620372;-0.4277580678;7
24.05347806;-1.861616015;0.4498506486;9.891928673;24.0614715;-0.3892735839;0.1876882017;-0.4277580678;7
24.05557994;-1.871187329;0.4450650215;10.02114105;24.06357338;-0.3709476292;0.1730274558;-0.4302015305;7
24.05768182;-1.895115495;0.4402793646;10.11206818;24.06567525;-0.3526217043;0.162031889;-0.4314232469;7
24.05978364;-1.914258122;0.4259224236;10.2029953;24.06777708;-0.3367392123;0.1449276656;-0.4326449931;7
24.06188546;-1.957328916;0.4163511395;10.23649502;24.06987895;-0.3245218992;0.1278234571;-0.4326449931;7
24.06398734;-2.029113531;0.4019941986;10.23649502;24.07198083;-0.3135263622;0.1094975099;-0.4338667095;7
24.06608921;-2.096112728;0.4019941986;10.21735287;24.07408265;-0.3049742281;0.09239330143;-0.4326449931;7
24.06819103;-2.143969059;0.4019941986;10.18863869;24.07618452;-0.2976438701;0.0728456229;-0.4326449931;7
24.07029291;-2.196611166;0.4163511395;10.12164021;24.07828635;-0.2903134823;0.05940660089;-0.4302015305;7
24.07239478;-2.215753794;0.4211367965;10.10728264;24.08038817;-0.2854265571;0.04230238497;-0.4253146052;7
24.07449661;-2.268395901;0.4307080805;10.07378292;24.08249004;-0.2805396616;0.02764163166;-0.4216494262;7
24.07659848;-2.321038008;0.4402793646;10.06899738;24.08459192;-0.2793179154;0.01664606482;-0.4179842174;7
24.0787003;-2.383251429;0.4689932466;10.01156998;24.08669379;-0.2756527364;0.003207040019;-0.413097322;7
24.08080213;-2.39760828;0.4785645306;9.95414257;24.08879562;-0.2744309902;-0.005345067009;-0.4082103968;7
24.082904;-2.39760828;0.5120640397;9.925428391;24.09089749;-0.2719875574;-0.01389717404;-0.404545188;7
24.08500588;-2.378465652;0.5359922647;9.863214493;24.09299932;-0.2744309902;-0.02122755162;-0.3984365463;7
24.08710775;-2.359323025;0.5694918036;9.815358162;24.09510119;-0.2756527364;-0.02367101051;-0.3947713673;7
24.08920958;-2.330609322;0.6077769399;9.743574142;24.09720301;-0.2756527364;-0.02367101051;-0.3911061883;7
24.09131145;-2.292324066;0.6221339107;9.676574707;24.09930489;-0.2805396616;-0.02122755162;-0.3849975169;7
24.09341327;-2.268395901;0.650847733;9.619147301;24.10140676;-0.2829830945;-0.007788525894;-0.3801106215;7
24.09551515;-2.244467735;0.650847733;9.552147865;24.10350859;-0.2878700197;0.00565049937;-0.37400195;7
24.09761697;-2.230110645;0.6412764788;9.499505997;24.10561041;-0.2890917659;0.02275471389;-0.3715584874;7
24.09971885;-2.201396942;0.6173482537;9.432506561;24.10771228;-0.2952004075;0.04230238497;-0.366671592;7
24.10182072;-2.177468538;0.5934200287;9.375079155;24.10981416;-0.2976438701;0.06307178736;-0.3630063832;7
24.10392254;-2.143969059;0.5838487148;9.3367939;24.11191598;-0.2976438701;0.08750637621;-0.3593412042;7
24.10602437;-2.115255117;0.5742774606;9.260223389;24.11401786;-0.3025307953;0.1107192412;-0.3568977416;7
24.10812624;-2.096112728;0.5790630579;9.221938133;24.11611968;-0.3049742281;0.1363755614;-0.3544542789;7
24.11022812;-2.053041935;0.5838487148;9.198010445;24.11822156;-0.308639437;0.1644753367;-0.3532325625;7
24.11232994;-2.043470621;0.6077769399;9.164510727;24.12032343;-0.3110828996;0.1876882017;-0.3520108163;7
24.11443182;-2.019542217;0.6173482537;9.145368576;24.12242525;-0.3147480786;0.2096793354;-0.3495673835;7
24.11653364;-2.019542217;0.6364908218;9.131011009;24.12452713;-0.3184132576;0.2304487377;-0.3471239209;7
24.11863551;-2.038684845;0.6460621357;9.102297783;24.126629;-0.3269653618;0.2475529462;-0.3434587121;7
24.12073739;-2.038684845;0.6556333899;9.135796547;24.12873083;-0.3306305707;0.2597702444;-0.3397935331;7
24.12283921;-2.086541414;0.6891329288;9.116654396;24.1308327;-0.3404043913;0.2683223486;-0.3349066079;7
24.12494109;-2.120040894;0.6987041831;9.131011009;24.13293452;-0.3513999581;0.2719875574;-0.3287979662;7
24.12704296;-2.191825628;0.6939185858;9.140582085;24.1350364;-0.3599520624;0.2744309902;-0.3214675784;7
24.12914478;-2.287538528;0.70348984;9.164510727;24.13713827;-0.3721693754;0.2732092738;-0.3116937578;7
24.13124666;-2.368894339;0.6987041831;9.217152596;24.1392401;-0.3880518377;0.2646571696;-0.3043633699;7
24.13334848;-2.455035925;0.6891329288;9.269794464;24.14134197;-0.4002691507;0.2536616027;-0.2958112657;7
24.13545036;-2.512463808;0.6939185858;9.3367939;24.14344379;-0.412486434;0.2414443046;-0.2860374451;7
24.13755223;-2.569891453;0.6939185858;9.422935486;24.14554562;-0.424703747;0.2267835438;-0.2762635946;7
24.13965406;-2.62253356;0.6987041831;9.518648148;24.14764749;-0.4356993139;0.2084576041;-0.266489774;7
24.14175593;-2.660818815;0.7130611539;9.623932838;24.14974937;-0.4454731345;0.1950185746;-0.2554942071;7
24.14385775;-2.71824646;0.6939185858;9.753145218;24.15185119;-0.455246985;0.1754709035;-0.2457203567;7
24.14595958;-2.756531715;0.6891329288;9.87757206;24.15395307;-0.4650208056;0.1547015011;-0.2335030586;7
24.14806145;-2.809173822;0.6939185858;10.03549862;24.15605494;-0.4674642682;0.1327103674;-0.220064044;7
24.15016333;-2.837887764;0.6939185858;10.14556789;24.15815676;-0.4699077308;0.1107192412;-0.2066250145;7
24.15226515;-2.871387243;0.6747759581;10.31306553;24.16025864;-0.4699077308;0.09117157012;-0.1944077164;7
24.15436702;-2.890529871;0.6699903607;10.46142101;24.16236051;-0.4686860144;0.0740673542;-0.1821904182;7
24.1564689;-2.92402935;0.650847733;10.62413216;24.16446234;-0.462577343;0.05451968312;-0.1687513888;7
24.15857072;-2.938386202;0.6317051649;10.76291656;24.16656421;-0.4576904476;0.03863719851;-0.1565341055;7
24.1606726;-2.914458036;0.6077769399;10.92084217;24.16866603;-0.4466948807;0.02764163166;-0.1443168074;7
24.16277447;-2.876172781;0.5934200287;11.05962658;24.17076791;-0.4332558513;0.02153298259;-0.1357647032;7
24.16487629;-2.799602509;0.5694918036;11.20319557;24.17286973;-0.4185950756;0.01542433538;-0.1259908676;7
24.16697817;-2.746960402;0.5407779217;11.33719349;24.17497161;-0.3990474045;0.01664606482;-0.1211039424;7
24.16907999;-2.651247501;0.4977070987;11.45204926;24.17707348;-0.3794997334;0.01786779426;-0.1149952933;7
24.17118187;-2.574677229;0.4402793646;11.52861977;24.1791753;-0.355065167;0.02519817278;-0.1125518382;7
24.17328369;-2.469393015;0.3637090325;11.61954689;24.18127718;-0.3318522871;0.03008509055;-0.113773562;7
24.17538557;-2.340180635;0.3062812984;11.71047401;24.183379;-0.3110828996;0.03497200832;-0.113773562;7
24.17748744;-2.234896421;0.2679961324;11.77268696;24.18548088;-0.2854265571;0.0374154672;-0.1162170246;7
24.17958926;-2.148754835;0.2105683982;11.82532978;24.1875827;-0.262213707;0.04230238497;-0.1162170246;7
24.18169114;-2.081755638;0.1818545163;11.87318611;24.18968458;-0.235335663;0.05085449293;-0.1198822111;7
24.18379296;-2.01475668;0.1387837082;11.93061352;24.19178645;-0.2145662606;0.05696314201;-0.1198822111;7
24.18589484;-1.990828395;0.09571290761;11.97368431;24.19388827;-0.1913533956;0.06062832847;-0.1211039424;7
24.18799666;-1.971685886;0.06221338734;12.00239849;24.19599015;-0.1693622619;0.06307178736;-0.123547405;7
24.19009853;-1.990828395;0.0239282269;12.03589821;24.19809197;-0.1498145908;0.06185005978;-0.127212584;7
24.19220041;-1.9812572;-0.0143569354;12.02154064;24.20019385;-0.1290451884;0.05818486959;-0.1333212405;7
24.19430223;-1.909472466;-0.01914258115;11.96889877;24.20229572;-0.1131627038;0.05451968312;-0.1406516135;7
24.19640411;-1.847259045;-0.0143569354;11.91147137;24.20439754;-0.09972367436;0.04963276163;-0.1479819864;7
24.19850593;-1.765903115;-0.009571290575;11.83968639;24.20649942;-0.08872810751;0.04474584386;-0.1553123742;7
24.2006078;-1.689332843;0.0143569354;11.74397373;24.20860124;-0.07895427197;0.04230238497;-0.1638644785;7
24.20270968;-1.59840548;0.06699903309;11.62911797;24.21070312;-0.07162389904;0.03863719851;-0.1748600453;7
24.2048115;-1.507478237;0.09092725813;11.49512005;24.21280499;-0.06918043643;0.03619373962;-0.1846338809;7
24.20691338;-1.435693622;0.1004985496;11.39462185;24.21490682;-0.06918043643;0.03497200832;-0.1956294477;7
24.2090152;-1.402194023;0.1292124242;11.26540947;24.21700869;-0.07040216774;0.03252854943;-0.2066250145;7
24.21111708;-1.373480201;0.1435693651;11.14576817;24.21911051;-0.07651081681;0.02519817278;-0.2188423127;7
24.21321895;-1.363908887;0.1818545163;11.01655579;24.22121239;-0.08506292105;0.01664606482;-0.2286161482;7
24.21532077;-1.363908887;0.1914258152;10.8682003;24.22331421;-0.09605848789;0.01053741761;-0.2383899838;7
24.21742265;-1.368694544;0.2249253243;10.73898792;24.22541609;-0.1082757786;0.0007635809598;-0.246942088;7
24.21952447;-1.373480201;0.2536391914;10.59541893;24.22751796;-0.1241582632;-0.009010255337;-0.2530507445;7
24.22162635;-1.383051515;0.2775674164;10.46142101;24.22961978;-0.1400407553;-0.01634063199;-0.2567159235;7
24.22372817;-1.435693622;0.3158525825;10.31306553;24.23172166;-0.158366695;-0.02244928107;-0.2591593862;7
24.22583004;-1.478764415;0.3397808075;10.24128056;24.23382348;-0.1779143661;-0.03100138716;-0.25793764;7
24.22793192;-1.545763373;0.3972085714;10.12164021;24.23592536;-0.1950185746;-0.03466657549;-0.2554942071;7
24.23003374;-1.607976794;0.4450650215;10.06899738;24.23802723;-0.2096793354;-0.03711003438;-0.2518289983;7
24.23213562;-1.665404558;0.4881358147;10.03071213;24.24012906;-0.2267835438;-0.0358883068;-0.2444986254;7
24.23423744;-1.722832322;0.5264210105;10.02592659;24.24223093;-0.2402225733;-0.03344484791;-0.2371682525;7
24.23633932;-1.775474429;0.5838487148;10.04985523;24.24433275;-0.2512181401;-0.03344484791;-0.2286161482;7
24.23844119;-1.832902193;0.6317051649;10.08335495;24.24643463;-0.2597702444;-0.03466657549;-0.2188423127;7
24.24054301;-1.8855443;0.6891329288;10.15992451;24.2485365;-0.2634354234;-0.0358883068;-0.2078467458;7
24.24264489;-1.942971945;0.70348984;10.23170948;24.25063833;-0.2695440948;-0.04077522457;-0.1992946416;7
24.24474671;-2.000399828;0.732203722;10.33220863;24.25274015;-0.2695440948;-0.04566214234;-0.1870773435;7
24.24684859;-2.029113531;0.7465606928;10.39920712;24.25484202;-0.2719875574;-0.05299251899;-0.1748600453;7
24.24895046;-2.072184324;0.7417750359;10.50449181;24.2569439;-0.2671006322;-0.05910116807;-0.1626427472;7
24.25105228;-2.11046958;0.732203722;10.59541893;24.25904572;-0.2634354234;-0.06154462695;-0.1479819864;7
24.25315411;-2.120040894;0.6987041831;10.70070267;24.2611476;-0.2536616027;-0.06032289565;-0.1345429718;7
24.25525598;-2.129612207;0.6939185858;10.75813103;24.26324942;-0.2451094985;-0.05787943676;-0.1223256737;7
24.25735786;-2.124826431;0.6747759581;10.85862923;24.26535129;-0.235335663;-0.05177079141;-0.1088866442;7
24.25945968;-2.096112728;0.6747759581;10.94477081;24.26745312;-0.2231183648;-0.04688387364;-0.09666935354;7
24.26156156;-2.053041935;0.6843472719;10.96869946;24.26955499;-0.2084576041;-0.0358883068;-0.0856737867;7
24.26366338;-2.009970903;0.6891329288;11.02612686;24.27165687;-0.1925751269;-0.02733619884;-0.07467821985;7
24.26576525;-1.957328916;0.6939185858;11.06441212;24.27375869;-0.1803578287;-0.01878409274;-0.06490438432;7
24.26786708;-1.8855443;0.6939185858;11.08355427;24.27586057;-0.1681405306;-0.009010255337;-0.05879573524;7
24.26996895;-1.818545222;0.6652047038;11.08833981;24.27796239;-0.1534797698;0.0007635809598;-0.05390881747;7
24.27207083;-1.713261008;0.6747759581;11.08355427;24.28006426;-0.1375972927;0.01298087649;-0.0490218997;7
24.27417265;-1.622333765;0.6652047038;11.05962658;24.28216609;-0.1278234571;0.02764163166;-0.04657844082;7
24.27627452;-1.55054903;0.6556333899;11.02612686;24.28426796;-0.1143844277;0.03863719851;-0.04413498193;7
24.27837635;-1.483550072;0.6364908218;11.01177025;24.28636984;-0.1046105921;0.05207622424;-0.04291325063;7
24.28047822;-1.435693622;0.6077769399;10.97827053;24.28847166;-0.09239330143;0.06673697382;-0.04046979174;7
24.28258004;-1.378265858;0.6125625968;10.97348499;24.29057353;-0.08384118974;0.07528908551;-0.03924806044;7
24.28468192;-1.368694544;0.6029912829;10.92084217;24.29267536;-0.0740673542;0.08628465235;-0.03802633286;7
24.28678379;-1.354337573;0.5694918036;10.92084217;24.29477723;-0.06673697382;0.09483675659;-0.03558287397;7
24.28888562;-1.349551916;0.5742774606;10.90170002;24.29687906;-0.05696314201;0.102167137;-0.03191768378;7
24.29098749;-1.363908887;0.5790630579;10.89212894;24.29898093;-0.04841103405;0.1046105921;-0.0294742249;7
24.29308932;-1.363908887;0.5503492355;10.87298584;24.3010828;-0.03985892609;0.1094975099;-0.02825249545;7
24.29519119;-1.35912323;0.5742774606;10.88255692;24.30318463;-0.03008509055;0.1058323234;-0.02458730713;7
24.29729301;-1.387837172;0.5742774606;10.88734341;24.3052865;-0.02397644334;0.102167137;-0.02214384824;7
24.29939489;-1.383051515;0.5886343718;10.91605663;24.30738838;-0.01542433538;0.09850194305;-0.01847865991;7
24.30149676;-1.35912323;0.6029912829;10.9112711;24.3094902;-0.008093958721;0.09239330143;-0.01725693047;7
24.30359859;-1.335195065;0.6221339107;10.88255692;24.31159208;-0.001985310577;0.08872810751;-0.01481347065;7
24.30570046;-1.31126678;0.626919508;10.8682003;24.3136939;0.002901607659;0.08384118974;-0.01359174121;7
24.30780234;-1.282552958;0.650847733;10.8682003;24.31579577;0.01023198478;0.08261945844;-0.01237001177;7
24.30990416;-1.258624673;0.6364908218;10.83948612;24.3178976;0.01145371422;0.08139773458;-0.01114828233;7
24.31200603;-1.234696507;0.626919508;10.79162979;24.31999947;0.01634063199;0.08506292105;-0.01114828233;7
24.31410786;-1.210768223;0.6364908218;10.73898792;24.32210135;0.02122755162;0.08017600328;-0.01114828233;7
24.31620973;-1.162911773;0.6125625968;10.68634605;24.32420317;0.01878409274;0.07773254067;-0.01237001177;7
24.31831156;-1.129412293;0.6125625968;10.62891865;24.32630504;0.01878409274;0.07651081681;-0.01359174121;7
24.32041343;-1.110269666;0.5982056856;10.60977554;24.32840687;0.02000582218;0.07651081681;-0.01481347065;7
24.32251531;-1.0863415;0.5838487148;10.54277611;24.33050874;0.01878409274;0.07040216774;-0.01237001177;7
24.32461713;-1.062413216;0.5742774606;10.50449181;24.33261057;0.01878409274;0.06551524997;-0.008704823442;7
24.326719;-1.052842021;0.5742774606;10.48056316;24.33471244;0.01634063199;0.05818486959;-0.008704823442;7
24.32882083;-1.033699393;0.5742774606;10.45184898;24.33681432;0.01511890348;0.05451968312;-0.002596175298;7
24.3309227;-1.028913736;0.6029912829;10.42313576;24.33891614;0.01145371422;0.05085449293;0.00351247238;7
24.33302452;-1.052842021;0.6125625968;10.37527943;24.34101796;0.01023198478;0.05207622424;0.009621120058;7
24.3351264;-1.081555843;0.6604190469;10.36092186;24.34311984;0.007788525894;0.05085449293;0.0157297682;7
24.33722827;-1.095912814;0.6699903607;10.32742214;24.34522171;0.006566796452;0.05085449293;0.02061668597;7
24.3393301;-1.115055323;0.6747759581;10.32742214;24.34732353;0.009010255337;0.04841103405;0.02916879393;7
24.34143192;-1.129412293;0.6556333899;10.32742214;24.34942541;0.006566796452;0.03985892609;0.03405570984;7
24.34353379;-1.110269666;0.679561615;10.35613632;24.35152723;0.007788525894;0.03375028074;0.03894263133;7
24.34563567;-1.067198873;0.6843472719;10.36092186;24.35362911;0.006566796452;0.02764163166;0.04138609022;7
24.34773749;-0.9954141974;0.7226324677;10.35135078;24.35573098;0.006566796452;0.02153298259;0.04505127668;7
24.34983937;-0.9475577474;0.7417750359;10.3226366;24.35783286;0.005345067009;0.0190895237;0.04871646687;7
24.35194119;-0.8997012973;0.7417750359;10.24128056;24.35993468;0.005345067009;0.02031125315;0.05238165334;7
24.35404307;-0.8757730722;0.7178468108;10.2221384;24.36203656;0.002901607659;0.02397644334;0.05726857483;7
24.35614494;-0.8614161611;0.6747759581;10.2221384;24.36413838;0.004123337101;0.03130681813;0.0609337613;7
24.35824682;-0.8614161611;0.6556333899;10.20778179;24.36624025;0.004123337101;0.03863719851;0.06582067907;7
24.36034864;-0.8757730722;0.6173482537;10.23170948;24.36834208;0.004123337101;0.04352411628;0.06948586553;7
24.36245051;-0.8709874153;0.5838487148;10.2652092;24.3704439;0.005345067009;0.04230238497;0.0743727833;7
24.36455234;-0.866201818;0.5503492355;10.29392338;24.37254577;0.007788525894;0.04230238497;0.07803797722;7
24.36665421;-0.8422735929;0.5120640397;10.31785107;24.37464765;0.01511890348;0.03863719851;0.07925970852;7
24.36875603;-0.837487936;0.5216353536;10.34656525;24.37674947;0.0175623633;0.03375028074;0.08048143238;7
24.37085786;-0.7944171429;0.5024927258;10.38963604;24.37885135;0.02489273995;0.02764163166;0.08048143238;7
24.37295973;-0.7465606928;0.5168496966;10.41356373;24.38095317;0.03222311661;0.01786779426;0.07925970852;7
24.37506161;-0.70348984;0.5264210105;10.45184898;24.38305504;0.03711003438;0.01298087649;0.07925970852;7
24.37716343;-0.6317051649;0.5120640397;10.45184898;24.38515692;0.04444041103;0.008093958721;0.07803797722;7
24.3792653;-0.5982056856;0.5072783828;10.48056316;24.38725879;0.04932733253;0.00565049937;0.07681624591;7
24.38136713;-0.5455635786;0.4977070987;10.45663452;24.38936062;0.05299251899;0.001985310577;0.0743727833;7
24.383469;-0.4977070987;0.4785645306;10.42313576;24.39146249;0.05787943676;-0.0016798781;0.07315105945;7
24.38557088;-0.4642075896;0.4642075896;10.38006496;24.39356432;0.06032289565;-0.0004581485991;0.07070759684;7
24.38767275;-0.4402793646;0.4498506486;10.3226366;24.39566619;0.06276635826;0.003207040019;0.06826414168;7
24.38977458;-0.4211367965;0.4211367965;10.28435135;24.39776801;0.06398808211;0.004428769462;0.06704241037;7
24.39187645;-0.4307080805;0.4163511395;10.18863869;24.39986989;0.06765327603;0.009315688163;0.0621554926;7
24.39397827;-0.3876372576;0.4115654826;10.10728264;24.40197176;0.06765327603;0.01175914705;0.05971203372;7
24.39608015;-0.3589234054;0.4115654826;10.03549862;24.40407359;0.07009673119;0.01298087649;0.05726857483;7
24.39818197;-0.3206382394;0.4211367965;9.987641335;24.40617541;0.06643154472;0.01542433538;0.05360338464;7
24.40028385;-0.2823530734;0.4402793646;9.944570541;24.40827728;0.06520981342;0.0190895237;0.04993819445;7
24.40238572;-0.2392822653;0.4402793646;9.887143135;24.41037916;0.06643154472;0.02153298259;0.04749473557;7
24.40448754;-0.2153540403;0.4594219327;9.829715729;24.41248103;0.06276635826;0.02275471389;0.04505127668;7
24.40658937;-0.1914258152;0.4546363056;9.786644936;24.41458286;0.06398808211;0.02397644334;0.0438295491;7
24.40869124;-0.1914258152;0.4594219327;9.753145218;24.41668473;0.06276635826;0.02641990222;0.04138609022;7
24.41079312;-0.1866401732;0.4642075896;9.7196455;24.41878656;0.06154462695;0.02886336111;0.04138609022;7
24.41289499;-0.1866401732;0.4594219327;9.705288887;24.42088843;0.06032289565;0.03130681813;0.03894263133;7
24.41499682;-0.1962114573;0.4737788737;9.686145782;24.42299025;0.05787943676;0.03130681813;0.03772090003;7
24.41709869;-0.2105683982;0.4546363056;9.681360245;24.42509213;0.05665770918;0.03130681813;0.03527744114;7
24.41920051;-0.2201396823;0.4354937077;9.662218094;24.42719395;0.05787943676;0.03130681813;0.03283398226;7
24.42130239;-0.2009970993;0.4115654826;9.671789169;24.42929583;0.05665770918;0.02886336111;0.02794706449;7
24.42340421;-0.1914258152;0.4019941986;9.671789169;24.4313977;0.05543597788;0.02641990222;0.02794706449;7
24.42550609;-0.1674975902;0.3780659735;9.686145782;24.43349952;0.05787943676;0.02153298259;0.02794706449;7
24.42760791;-0.1627119333;0.3780659735;9.662218094;24.4356014;0.05787943676;0.0190895237;0.02794706449;7
24.42970978;-0.1435693651;0.3732803464;9.695717812;24.43770322;0.05787943676;0.01420260593;0.02916879393;7
24.43181166;-0.1674975902;0.3780659735;9.686145782;24.4398051;0.05665770918;0.009315688163;0.02916879393;7
24.43391348;-0.1914258152;0.3876372576;9.695717812;24.44190692;0.05787943676;0.00565049937;0.03161225095;7
24.43601536;-0.2201396823;0.3924229145;9.686145782;24.44400879;0.05787943676;0.001985310577;0.03405570984;7
24.43811718;-0.2153540403;0.3876372576;9.671789169;24.44611067;0.05543597788;-0.0004581485991;0.03283398226;7
24.44021906;-0.2153540403;0.3780659735;9.676574707;24.44821249;0.05665770918;-0.0004581485991;0.03405570984;7
24.44232088;-0.2249253243;0.3445664644;9.643074989;24.45031437;0.05665770918;-0.0016798781;0.03405570984;7
24.44442275;-0.2153540403;0.3493520916;9.643074989;24.45241619;0.05543597788;-0.0016798781;0.03527744114;7
24.44652463;-0.2105683982;0.3302095234;9.643074989;24.45451807;0.05665770918;-0.002901607659;0.03649916872;7
24.44862645;-0.2057827413;0.3158525825;9.647860527;24.45661989;0.06032289565;0.001985310577;0.03772090003;7
24.45072833;-0.1914258152;0.2871387303;9.657432556;24.45872176;0.06154462695;0.0007635809598;0.04016435891;7
24.45283015;-0.2057827413;0.2727817893;9.633503914;24.46082364;0.06398808211;0.003207040019;0.04138609022;7
24.45493202;-0.2153540403;0.2584248483;9.657432556;24.46292546;0.06765327603;0.006872228812;0.0426078178;7
24.45703385;-0.2201396823;0.2440679073;9.657432556;24.46502734;0.07131846249;0.008093958721;0.04627300799;7
24.45913572;-0.2392822653;0.2249253243;9.676574707;24.46712921;0.0725401938;0.009315688163;0.04749473557;7
24.4612376;-0.2392822653;0.2201396823;9.676574707;24.46923103;0.07620538026;0.01175914705;0.04871646687;7
24.46333942;-0.2440679073;0.2201396823;9.686145782;24.47133291;0.08231402934;0.01420260593;0.04993819445;7
24.46544129;-0.2297109663;0.2105683982;9.695717812;24.47343473;0.0847574845;0.0190895237;0.04993819445;7
24.46754317;-0.2057827413;0.2201396823;9.686145782;24.47553656;0.08964440972;0.02397644334;0.04871646687;7
24.46964499;-0.1770688742;0.2057827413;9.710074425;24.47763843;0.09330959618;0.02519817278;0.04749473557;7
24.47174687;-0.1483550072;0.2153540403;9.710074425;24.4797403;0.09697478265;0.02764163166;0.04749473557;7
24.47384869;-0.1100698411;0.2057827413;9.734002113;24.48184218;0.1018617004;0.03252854943;0.04505127668;7
24.47595051;-0.09092725813;0.1914258152;9.734002113;24.483944;0.1030834317;0.03008509055;0.0426078178;7
24.47805239;-0.0765703246;0.1722832322;9.7196455;24.48604583;0.1067486182;0.03130681813;0.04138609022;7
24.48015426;-0.05742774159;0.1579262912;9.714859962;24.4881477;0.1104138121;0.02397644334;0.03894263133;7
24.48225614;-0.04785645381;0.1387837082;9.700503349;24.49024958;0.1128572673;0.01542433538;0.03649916872;7
24.48435796;-0.0382851623;0.1244267747;9.757930756;24.49235145;0.1140789986;0.01053741761;0.03283398226;7
24.48645978;0.009571290575;0.1387837082;9.796216011;24.49445327;0.1128572673;0.004428769462;0.02916879393;7
24.48856166;0.03349951655;0.1435693651;9.74835968;24.49655515;0.111635536;-0.0016798781;0.0242818743;7
24.49066353;0.009571290575;0.1196411327;9.681360245;24.49865697;0.1055268943;-0.004123337101;0.01939495653;7
24.49276541;0.009571290575;0.08614161611;9.619147301;24.50075885;0.1006399691;-0.006566796452;0.01328630932;7
24.49486723;0.0;0.05264209956;9.585647583;24.50286067;0.09575305134;-0.0126754446;0.008399390616;7
24.49696911;0.004785645287;0.0143569354;9.528220177;24.50496254;0.09208786488;-0.01389717404;0.002290742937;7
24.49907093;0.03349951655;0.03349951655;9.523433685;24.50706437;0.0859792158;-0.01634063199;-0.003817904973;7
24.50117281;0.04785645381;0.06699903309;9.485149384;24.50916624;0.08231402934;-0.02244928107;-0.008704823442;7
24.50327463;0.07178468257;0.08135596663;9.466006279;24.51126812;0.0737619251;-0.02611446939;-0.01359174121;7
24.5053765;0.08614161611;0.1052841991;9.451649666;24.51336994;0.06887500733;-0.03344484791;-0.01725693047;7
24.50747833;0.0765703246;0.1148554832;9.418149948;24.51547182;0.06154462695;-0.03833176568;-0.02214384824;7
24.5095802;0.08135596663;0.1435693651;9.36550808;24.51757364;0.0542142503;-0.04688387364;-0.02580903657;7
24.51168208;0.07178468257;0.1435693651;9.30807972;24.51967551;0.04321868345;-0.05543597788;-0.02825249545;7
24.5137839;0.0765703246;0.1674975902;9.250652313;24.52177734;0.0358883068;-0.06276635826;-0.03069595434;7
24.51588577;0.05742774159;0.1914258152;9.2362957;24.52387921;0.02855792828;-0.06765327603;-0.03191768378;7
24.5179876;0.05742774159;0.2153540403;9.174081802;24.52598109;0.01878409274;-0.07009673119;-0.03069595434;7
24.52008947;0.06221338734;0.2488535494;9.159725189;24.52808291;0.006566796452;-0.0737619251;-0.03191768378;7
24.52219129;0.05742774159;0.2775674164;9.135796547;24.53018478;-0.004428769462;-0.0725401938;-0.0294742249;7
24.52429317;0.02871387079;0.2775674164;9.092725754;24.53228661;-0.01542433538;-0.07131846249;-0.03069595434;7
24.52639504;0.03349951655;0.2919243574;9.064012527;24.53438848;-0.02275471389;-0.07009673119;-0.03069595434;7
24.52849687;0.009571290575;0.2823530734;9.035298347;24.53649036;-0.03130681813;-0.07009673119;-0.03191768378;7
24.53059874;-0.004785645287;0.2727817893;9.040083885;24.53859218;-0.04108065739;-0.07131846249;-0.03191768378;7
24.53270057;0.0;0.2871387303;9.054440498;24.54069406;-0.04718930274;-0.0725401938;-0.03313941509;7
24.53480244;-0.0143569354;0.2967100143;9.05922699;24.54279588;-0.05451968312;-0.07131846249;-0.03191768378;7
24.53690432;-0.004785645287;0.2919243574;9.087940216;24.54489775;-0.05818486959;-0.07498364896;-0.03313941509;7
24.53900614;-0.009571290575;0.3014956415;9.092725754;24.54699963;-0.06307178736;-0.07864884287;-0.03191768378;7
24.54110801;-0.0143569354;0.2823530734;9.154939651;24.54910145;-0.06429351866;-0.07987056673;-0.03069595434;7
24.54320984;-0.01914258115;0.2727817893;9.221938133;24.55120333;-0.06795870513;-0.08109229803;-0.0294742249;7
24.54531171;-0.04307080805;0.2727817893;9.265008926;24.55330515;-0.06673697382;-0.07987056673;-0.02703076601;7
24.54741359;-0.06221338734;0.2967100143;9.30807972;24.55540697;-0.06795870513;-0.07987056673;-0.02458730713;7
24.54951541;-0.0765703246;0.2919243574;9.351150513;24.55750885;-0.06795870513;-0.07742711157;-0.01970038936;7
24.55161728;-0.1052841991;0.2919243574;9.399007797;24.55961072;-0.06551524997;-0.07864884287;-0.01359174121;7
24.55371911;-0.1292124242;0.2919243574;9.422935486;24.56171254;-0.06429351866;-0.07987056673;-0.009926552884;7
24.55582093;-0.1483550072;0.2679961324;9.475577354;24.56381442;-0.06185005978;-0.07620538026;-0.005039634649;7
24.5579228;-0.1674975902;0.2632105052;9.509077072;24.56591629;-0.05940660089;-0.07620538026;0.001069013379;7
24.56002468;-0.1770688742;0.2440679073;9.57129097;24.56801812;-0.0557414107;-0.07131846249;0.005955931731;7
24.5621265;-0.1866401732;0.2392822653;9.619147301;24.57011999;-0.04841103405;-0.07009673119;0.0108428495;7
24.56422838;-0.1866401732;0.2201396823;9.671789169;24.57222182;-0.04352411628;-0.06765327603;0.01450803876;7
24.56633025;-0.1627119333;0.2153540403;9.714859962;24.57432369;-0.03619373962;-0.06520981342;0.01695149764;7
24.56843208;-0.1387837082;0.2105683982;9.734002113;24.57642556;-0.02886336111;-0.06154462695;0.01817322709;7
24.57053395;-0.1004985496;0.2057827413;9.777072906;24.57852739;-0.02031125315;-0.05299251899;0.01695149764;7
24.57263577;-0.06699903309;0.2249253243;9.791430473;24.58062921;-0.01542433538;-0.04932733253;0.0157297682;7
24.57473765;-0.0382851623;0.1914258152;9.801001549;24.58273109;-0.008093958721;-0.04566214234;0.01206457894;7
24.57683952;0.004785645287;0.1818545163;9.791430473;24.58483296;-0.001985310577;-0.04077522457;0.009621120058;7
24.57894135;0.04307080805;0.1674975902;9.781859398;24.58693478;0.0004581485991;-0.03955349326;0.007177661173;7
24.58104317;0.09092725813;0.1292124242;9.777072906;24.58903666;0.002901607659;-0.04199695215;0.009621120058;7
24.58314504;0.1004985496;0.1148554832;9.753145218;24.59113853;0.006566796452;-0.04444041103;0.0108428495;7
24.58524692;0.08135596663;0.1100698411;9.695717812;24.59324036;0.005345067009;-0.04566214234;0.01328630932;7
24.58734874;0.05742774159;0.1339980662;9.671789169;24.59534223;0.005345067009;-0.04688387364;0.01695149764;7
24.58945062;0.03349951655;0.1387837082;9.652647018;24.59744406;0.004123337101;-0.04688387364;0.01939495653;7
24.59155249;0.0;0.1387837082;9.609575272;24.59954593;0.002901607659;-0.04566214234;0.01939495653;7
24.59365432;-0.009571290575;0.1531406492;9.566504478;24.60164781;0.0004581485991;-0.04810560122;0.02061668597;7
24.59575619;0.0143569354;0.1435693651;9.537791252;24.60374963;-0.003207040019;-0.04932733253;0.01817322709;7
24.59785801;0.04307080805;0.1579262912;9.504291534;24.6058515;-0.008093958721;-0.0542142503;0.02061668597;7
24.59995989;0.05742774159;0.1770688742;9.485149384;24.60795333;-0.01420260593;-0.05787943676;0.01695149764;7
24.60206176;0.0765703246;0.1962114573;9.475577354;24.61005515;-0.0190895237;-0.06154462695;0.01450803876;7
24.60416359;0.09571290761;0.2009970993;9.446864128;24.61215702;-0.02519817278;-0.06398808211;0.01206457894;7
24.60626546;0.09092725813;0.1962114573;9.418149948;24.6142589;-0.03130681813;-0.06887500733;0.007177661173;7
24.60836728;0.1100698411;0.1962114573;9.408578873;24.61636072;-0.03619373962;-0.0725401938;0.004734201822;7
24.61046911;0.09571290761;0.1914258152;9.403793335;24.6184626;-0.04352411628;-0.07498364896;-0.002596175298;7
24.61257098;0.09092725813;0.1770688742;9.360722542;24.62056442;-0.04963276163;-0.07864884287;-0.005039634649;7
24.61467286;0.1052841991;0.1483550072;9.327222824;24.62266629;-0.0557414107;-0.07742711157;-0.01114828233;7
24.61677468;0.1292124242;0.1387837082;9.332008362;24.62476812;-0.05940660089;-0.07498364896;-0.01481347065;7
24.61887656;0.1244267747;0.1387837082;9.3367939;24.62686999;-0.06429351866;-0.07131846249;-0.01847865991;7
24.62097838;0.1148554832;0.1483550072;9.394221306;24.62897187;-0.06795870513;-0.06765327603;-0.0209221188;7
24.62308025;0.09571290761;0.1387837082;9.432506561;24.63107374;-0.06918043643;-0.06032289565;-0.02458730713;7
24.62518208;0.06221338734;0.1244267747;9.461220741;24.63317562;-0.07040216774;-0.05543597788;-0.02825249545;7
24.62728395;0.0239282269;0.1339980662;9.489934921;24.63527744;-0.07040216774;-0.04688387364;-0.0294742249;7
24.62938583;-0.004785645287;0.1339980662;9.556933403;24.63737932;-0.06795870513;-0.03955349326;-0.03313941509;7
24.6314877;-0.05742774159;0.1435693651;9.628718376;24.63948114;-0.06551524997;-0.03222311661;-0.03558287397;7
24.63358958;-0.08614161611;0.1292124242;9.700503349;24.64158296;-0.06185005978;-0.02489273995;-0.03802633286;7
24.6356914;-0.1292124242;0.1531406492;9.777072906;24.64368484;-0.0557414107;-0.02000582218;-0.04046979174;7
24.63779327;-0.1579262912;0.1579262912;9.858428955;24.64578671;-0.04718930274;-0.01145371422;-0.04291325063;7
24.6398951;-0.2249253243;0.1722832322;9.930213928;24.64788853;-0.03985892609;-0.005345067009;-0.04535670951;7
24.64199692;-0.2727817893;0.1627119333;10.01635551;24.64999041;-0.03252854943;0.003207040019;-0.0478001684;7
24.64409879;-0.3158525825;0.1770688742;10.07378292;24.65209223;-0.02519817278;0.01053741761;-0.0490218997;7
24.64620067;-0.3589234054;0.1866401732;10.15513897;24.65419411;-0.01420260593;0.01786779426;-0.05146535859;7
24.64830249;-0.4163511395;0.1866401732;10.2221384;24.65629598;-0.008093958721;0.02397644334;-0.05390881747;7
24.65040437;-0.4642075896;0.1962114573;10.27956581;24.6583978;-0.001985310577;0.02764163166;-0.05513054505;7
24.65250619;-0.4929214716;0.2249253243;10.37527943;24.66049968;0.002901607659;0.02886336111;-0.05879573524;7
24.65460806;-0.5599204898;0.2488535494;10.38006496;24.6626015;0.006566796452;0.03008509055;-0.06123919412;7
24.65670994;-0.6029912829;0.2679961324;10.41835022;24.66470338;0.01145371422;0.03130681813;-0.06368265301;7
24.65881176;-0.679561615;0.2919243574;10.45184898;24.66680525;0.0126754446;0.02886336111;-0.06734783947;7
24.66091364;-0.760917604;0.2919243574;10.45663452;24.66890708;0.01145371422;0.02397644334;-0.07101303339;7
24.66301546;-0.8422735929;0.2967100143;10.50449181;24.67100895;0.0126754446;0.02153298259;-0.07467821985;7
24.66511734;-0.9284151793;0.3254238665;10.54277611;24.67311077;0.01389717404;0.01786779426;-0.07712167501;7
24.66721921;-0.9858429432;0.3397808075;10.60020447;24.67521265;0.0126754446;0.01298087649;-0.08078686893;7
24.66932103;-1.03848505;0.3493520916;10.63848972;24.67731447;0.01511890348;0.01175914705;-0.0856737867;7
24.67142291;-1.091127157;0.3541377485;10.69591713;24.67941635;0.0126754446;0.008093958721;-0.08933897316;7
24.67352473;-1.129412293;0.3732803464;10.76291656;24.68151822;0.01634063199;0.003207040019;-0.09422589093;7
24.67562661;-1.191625714;0.3876372576;10.84905815;24.68362004;0.01511890348;-0.0004581485991;-0.0991128087;7
24.67772843;-1.258624673;0.3876372576;10.91605663;24.68572192;0.0175623633;-0.004123337101;-0.1039997265;7
24.67983031;-1.306481123;0.4067798555;10.98784161;24.68782379;0.01878409274;-0.01145371422;-0.1076649204;7
24.68193218;-1.373480201;0.4163511395;11.04048347;24.68992562;0.02244928107;-0.0126754446;-0.1125518382;7
24.684034;-1.45483613;0.4354937077;11.10269737;24.69202744;0.02489273995;-0.0175623633;-0.1149952933;7
24.68613588;-1.555334687;0.4785645306;11.16012478;24.69412932;0.02611446939;-0.01878409274;-0.1149952933;7
24.68823775;-1.655833244;0.5024927258;11.22712421;24.69623114;0.02733619884;-0.02000582218;-0.113773562;7
24.69033958;-1.794616938;0.5312066078;11.28455162;24.69833301;0.03222311661;-0.02000582218;-0.1101083755;7
24.6924414;-1.952543259;0.5838487148;11.32762241;24.70043489;0.03466657549;-0.02244928107;-0.1027780026;7
24.69454327;-2.139183521;0.6412764788;11.39462185;24.70253671;0.03711003438;-0.02244928107;-0.09300415963;7
24.6966451;-2.311466694;0.6699903607;11.49033451;24.70463859;0.03955349326;-0.02244928107;-0.08323032409;7
24.69874697;-2.49332118;0.7130611539;11.58604717;24.70674046;0.04321868345;-0.02611446939;-0.07223475724;7
24.70084885;-2.62253356;0.760917604;11.70090294;24.70884228;0.04932733253;-0.02733619884;-0.06123919412;7
24.70295067;-2.756531715;0.784845829;11.81097221;24.71094416;0.05299251899;-0.03222311661;-0.04657844082;7
24.70505254;-2.861815929;0.8183453679;11.93539906;24.71304598;0.06032289565;-0.04199695215;-0.03069595434;7
24.70715442;-2.986242771;0.8709874153;12.08375454;24.71514786;0.07009673119;-0.05665770918;-0.01725693047;7
24.70925624;-3.072384357;0.9140582681;12.20818138;24.71724973;0.07987056673;-0.07009673119;-0.003817904973;7
24.71135812;-3.144168854;0.94277215;12.3421793;24.71935156;0.08842267841;-0.0859792158;0.0108428495;7
24.71345994;-3.235096216;0.9667003751;12.46660614;24.72145343;0.09819651395;-0.1079703495;0.0242818743;7
24.71556182;-3.292523861;0.9523434043;12.5623188;24.72355525;0.1067486182;-0.1299614757;0.04016435891;7
24.71766369;-3.349951744;0.94277215;12.65324593;24.72565713;0.1140789986;-0.1531743407;0.05360338464;7
24.71976551;-3.402593851;0.9236295223;12.74895859;24.72775895;0.1262962967;-0.177608937;0.06704241037;7
24.72186739;-3.460021496;0.9092726111;12.8255291;24.72986083;0.1372918636;-0.2032652497;0.07925970852;7
24.72396921;-3.493520975;0.8949156404;12.93559933;24.73196265;0.1470656991;-0.2301433086;0.09025526792;7
24.72607109;-3.512663603;0.866201818;12.99302673;24.73406452;0.1605047137;-0.2570213675;0.1000291109;7
24.72817291;-3.541377544;0.8231309652;13.07916832;24.7361664;0.1702785641;-0.281455934;0.1073594838;7
24.73027478;-3.560520172;0.7704889178;13.13181114;24.73826822;0.1837175786;-0.3095557392;0.1159115955;7
24.73237661;-3.56530571;0.732203722;13.2083807;24.7403701;0.1983783394;-0.3413206935;0.119576782;7
24.73447848;-3.560520172;0.6939185858;13.25623703;24.74247192;0.2130390853;-0.3681987524;0.1232419685;7
24.73658036;-3.531806231;0.679561615;13.30887985;24.74457379;0.2301433086;-0.3926333487;0.1244636998;7
24.73868218;-3.493520975;0.6699903607;13.37587833;24.74667562;0.2472475171;-0.4158461988;0.1220202371;7
24.74078406;-3.440878868;0.650847733;13.39980698;24.74877749;0.2631300092;-0.4366155863;0.1207985133;7
24.74288588;-3.402593851;0.6364908218;13.36630726;24.75087932;0.281455934;-0.4512763619;0.1183550507;7
24.74498775;-3.354737282;0.6364908218;13.33759308;24.75298119;0.3010036349;-0.4659371078;0.1171333194;7
24.74708958;-3.330809116;0.6364908218;13.29452229;24.75508306;0.3156643808;-0.4732674956;0.1134681329;7
24.74919145;-3.302095175;0.6317051649;13.25145149;24.75718489;0.3352120519;-0.4757109582;0.1098029464;7
24.75129327;-3.254238844;0.6125625968;13.15573883;24.75928676;0.3523162603;-0.4720457494;0.1073594838;7
24.75339515;-3.211168051;0.6221339107;13.0887394;24.76138859;0.3694204688;-0.4610501826;0.1049160287;7
24.75549702;-3.177668571;0.6317051649;12.96431351;24.76349046;0.3853029609;-0.4439459741;0.1024725661;7
24.75759885;-3.134597778;0.626919508;12.86859989;24.76559234;0.4036289155;-0.4329504073;0.1000291109;7
24.75970072;-3.101098061;0.6029912829;12.69153118;24.76769416;0.4182896614;-0.4231765866;0.09514218569;7
24.76180254;-3.081955671;0.6173482537;12.53839111;24.76979603;0.4341721535;-0.4109592736;0.09147699922;7
24.76390442;-3.014956474;0.5934200287;12.48574829;24.77189786;0.4512763619;-0.3914116025;0.08414662629;7
24.76600629;-2.90967226;0.5694918036;12.47139168;24.77399973;0.4696022868;-0.3645335436;0.07559451461;7
24.76810812;-2.837887764;0.5742774606;12.40917778;24.77610156;0.4830413163;-0.3376555145;0.06704241037;7
24.77020999;-2.790031195;0.5694918036;12.28475189;24.77820343;0.4977020919;-0.3095557392;0.05726857483;7
24.77231182;-2.775674343;0.5790630579;12.17468166;24.78030531;0.5135845542;-0.2790125012;0.04627300799;7
24.77441369;-2.742174864;0.5694918036;12.04546928;24.78240718;0.5294670463;-0.2496909797;0.03894263133;7
24.77651551;-2.713460922;0.5503492355;11.9593277;24.784509;0.5429060459;-0.2191477418;0.03161225095;7
24.77861739;-2.665604353;0.5647061467;11.83968639;24.78661083;0.560010314;-0.1898262352;0.0242818743;7
24.78071926;-2.632104874;0.5455635786;11.72483063;24.7887127;0.5783362389;-0.1531743407;0.01695149764;7
24.78282114;-2.617748022;0.5312066078;11.64347458;24.79081458;0.5978838801;-0.1128572673;0.0108428495;7
24.78492296;-2.612962246;0.5312066078;11.54776192;24.79291645;0.6162098646;-0.0737619251;0.005955931731;7
24.78702478;-2.63689065;0.5599204898;11.47119141;24.79501827;0.6333140731;-0.03466657549;0.001069013379;7
24.78912666;-2.651247501;0.6029912829;11.38026428;24.7971201;0.6491965652;0.001985310577;-0.001374445739;7
24.79122853;-2.708675146;0.6556333899;11.30369377;24.79922197;0.6638572812;0.03497200832;-0.005039634649;7
24.79333041;-2.780459881;0.6987041831;11.20319557;24.80132379;0.6797397733;0.06429351866;-0.003817904973;7
24.79543223;-2.871387243;0.7369893789;11.10269737;24.80342567;0.6931788325;0.09361502528;-0.005039634649;7
24.79753406;-2.914458036;0.760917604;11.02612686;24.80552749;0.7066178322;0.121714808;-0.007483093534;7
24.79963593;-2.938386202;0.7752745152;10.94477081;24.80762937;0.7127264738;0.1485928595;-0.01114828233;7
24.80173775;-2.991028309;0.7896314859;10.81555843;24.80973124;0.7249437571;0.1705839932;-0.01114828233;7
24.80383963;-3.03888464;0.8183453679;10.68634605;24.81183307;0.7322741747;0.1864664704;-0.006261364091;7
24.80594145;-3.081955671;0.8566305041;10.57149029;24.81393494;0.7347176075;0.1986837685;0.001069013379;7
24.80804333;-3.158525944;0.8997012973;10.48056316;24.81603676;0.7371610999;0.2035706937;0.0108428495;7
24.8101452;-3.273381472;0.9667003751;10.37527943;24.81813864;0.7334958911;0.2060141414;0.0242818743;7
24.81224702;-3.416950703;1.052842021;10.28913784;24.82024046;0.7298306823;0.2060141414;0.04016435891;7
24.8143489;-3.579662561;1.11984098;10.17428207;24.82234234;0.7261655331;0.2072358727;0.05726857483;7
24.81645072;-3.704089403;1.177268744;10.03071213;24.82444421;0.717613399;0.2072358727;0.07681624591;7
24.8185526;-3.85244441;1.234696507;9.872786522;24.82654603;0.7127264738;0.2023489624;0.0975856483;7
24.82065442;-3.991228104;1.277767301;9.729216576;24.82864791;0.7029526234;0.1986837685;0.1207985133;7
24.82275629;-4.110869408;1.31126678;9.667003632;24.83074978;0.6944005489;0.1864664704;0.142789647;7
24.82485817;-4.230510235;1.363908887;9.638289452;24.83285161;0.6882919073;0.1754709035;0.1708894223;7
24.82695999;-4.321437836;1.426122308;9.619147301;24.83495348;0.6797397733;0.162031889;0.1953240186;7
24.82906187;-4.383651257;1.483550072;9.600004196;24.83705536;0.6736311316;0.1437059343;0.2209803313;7
24.83116374;-4.436293125;1.521835208;9.585647583;24.83915718;0.6663007736;0.1266017258;0.2466366589;7
24.83326556;-4.488935471;1.526620865;9.552147865;24.841259;0.660192132;0.1070540547;0.2710712552;7
24.83536744;-4.536791801;1.531406522;9.499505997;24.84336088;0.6565269232;0.08506292105;0.2942841053;7
24.83746932;-4.536791801;1.55054903;9.456435204;24.8454627;0.651639998;0.06062832847;0.3150535226;7
24.83957114;-4.532006264;1.531406522;9.432506561;24.84756458;0.6443096399;0.04230238497;0.3370446563;7
24.84167296;-4.493721008;1.517049551;9.422935486;24.84966645;0.6406444311;0.02519817278;0.3541488647;7
24.84377484;-4.417150497;1.507478237;9.370293617;24.85176833;0.6333140731;0.01420260593;0.370031327;7
24.84587666;-4.335794449;1.50269258;9.284152031;24.85387015;0.6272054315;0.003207040019;0.3846921027;7
24.84797853;-4.26879549;1.488335729;9.17886734;24.85597202;0.617431581;-0.005345067009;0.3981311321;7
24.85008041;-4.182653904;1.450050473;9.116654396;24.85807385;0.6113229394;-0.01145371422;0.412791878;7
24.85218228;-4.115654945;1.426122308;9.049654961;24.86017572;0.6052142978;-0.02244928107;0.4262309074;7
24.85428411;-4.029513359;1.373480201;9.025727272;24.86227754;0.5991056561;-0.03466657549;0.4408916533;7
24.85638598;-3.9625144;1.35912323;9.011369705;24.86437942;0.5905535221;-0.04444041103;0.4531089365;7
24.85848781;-3.929014683;1.339980721;8.987442017;24.86648124;0.5832231641;-0.05299251899;0.466547966;7
24.86058968;-3.876372576;1.296909928;8.953942299;24.86858312;0.5771145225;-0.06276635826;0.4775435328;7
24.8626915;-3.857230186;1.277767301;8.891729355;24.87068499;0.5710058808;-0.07498364896;0.4885390997;7
24.86479338;-3.838087559;1.229910851;8.848658562;24.87278682;0.5636754632;-0.08964440972;0.4970912039;7
24.8668952;-3.795016766;1.201196909;8.819944382;24.87488869;0.5563451052;-0.1091920808;0.5068650246;7
24.86899708;-3.742374659;1.177268744;8.800801277;24.87699051;0.5477929711;-0.1262962967;0.5129737258;7
24.87109895;-3.66101861;1.158126116;8.748159409;24.87909239;0.5404626131;-0.1446222365;0.5141954422;7
24.87320077;-3.555734396;1.153340459;8.681160927;24.88119426;0.5331322551;-0.161726445;0.5141954422;7
24.87530265;-3.464807272;1.13419795;8.618947029;24.88329609;0.5258018374;-0.1739437431;0.5154171586;7
24.87740447;-3.369094372;1.067198873;8.609375954;24.88539796;0.5221366882;-0.1800523996;0.5141954422;7
24.87950635;-3.306880951;1.009771109;8.609375954;24.88749978;0.5196931958;-0.1873827726;0.5154171586;7
24.88160822;-3.259024382;1.004985452;8.614161491;24.88960166;0.5196931958;-0.1922696829;0.5178605914;7
24.88371004;-3.230310678;1.019342422;8.623732567;24.89170348;0.5184714794;-0.1983783394;0.5215258002;7
24.88581192;-3.211168051;1.067198873;8.604590416;24.89380536;0.5209149122;-0.2057087123;0.5276344419;7
24.88791374;-3.177668571;1.110269666;8.609375954;24.89590718;0.5196931958;-0.2093739063;0.5349648595;7
24.89001562;-3.120240688;1.13419795;8.537590981;24.89800906;0.5209149122;-0.2069304436;0.5410735011;7
24.89211744;-3.058027267;1.153340459;8.446663857;24.90011093;0.5196931958;-0.2081521749;0.5471821427;7
24.89421932;-2.986242771;1.11984098;8.341380119;24.90221275;0.5233584046;-0.1996000707;0.552069068;7
24.89632114;-2.895315409;1.11984098;8.21216774;24.90431458;0.5221366882;-0.1922696829;0.5569559336;7
24.89842301;-2.770888567;1.11984098;8.140382767;24.90641645;0.5233584046;-0.1702785641;0.559399426;7
24.90052489;-2.641676188;1.115055323;8.068597794;24.90851833;0.5233584046;-0.1434005052;0.5642863512;7
24.90262671;-2.512463808;1.124626637;7.939385414;24.9106202;0.5196931958;-0.111635536;0.5691732764;7
24.90472853;-2.416750908;1.158126116;7.805387497;24.91272202;0.5184714794;-0.0725401938;0.575281918;7
24.90683041;-2.335394859;1.16769743;7.700103283;24.9148239;0.517249763;-0.02977965772;0.5801688433;7
24.90893228;-2.225325108;1.210768223;7.585247993;24.91692572;0.517249763;0.01664606482;0.5850557685;7
24.91103416;-2.124826431;1.201196909;7.489534855;24.9190276;0.5196931958;0.06918043643;0.5887209177;7
24.91313598;-2.005185366;1.191625714;7.417750359;24.92112942;0.5196931958;0.1253799945;0.5911644101;7
24.91523786;-1.904686809;1.162911773;7.374679565;24.92323129;0.5233584046;0.1840230078;0.5948295593;7
24.91733968;-1.775474429;1.105484009;7.345965385;24.92533317;0.5270236135;0.2414443046;0.5948295593;7
24.91944156;-1.655833244;1.062413216;7.293323517;24.92743499;0.5355756879;0.2964221239;0.5936078429;7
24.92154338;-1.517049551;1.009771109;7.283751965;24.92953687;0.5429060459;0.3538434207;0.5923861265;7
24.92364525;-1.383051515;0.9906286001;7.264609337;24.93163869;0.55145818;0.412486434;0.5899426341;7
24.92574713;-1.258624673;0.9475577474;7.288537979;24.93374056;0.560010314;0.4699077308;0.5874992013;7
24.92784895;-1.162911773;0.9284151793;7.269395351;24.93584239;0.5722275972;0.5297724605;0.5826122761;7
24.92995083;-1.091127157;0.9044869542;7.245467186;24.93794426;0.5820014477;0.5884155035;0.5789470673;7
24.93205265;-1.019342422;0.8757730722;7.259823799;24.94004614;0.5942187309;0.6495019794;0.5740602016;7
24.93415452;-0.94277215;0.8183453679;7.255038261;24.94214796;0.6039925218;0.7044798136;0.5691732764;7
24.93625635;-0.8709874153;0.7704889178;7.259823799;24.94424984;0.6149880886;0.7619010806;0.5606211424;7
24.93835822;-0.7896314859;0.7369893789;7.240681171;24.94635166;0.624761939;0.814435482;0.5532907844;7
24.9404601;-0.7178468108;0.7178468108;7.202396393;24.94845353;0.6320923567;0.864526391;0.5459604263;7
24.94256192;-0.6556333899;0.6891329288;7.140182972;24.95055541;0.6382009983;0.9085086584;0.5398517251;7
24.94466379;-0.6221339107;0.6699903607;7.082755089;24.95265723;0.6394227147;0.9500474334;0.5349648595;7
24.94676562;-0.6173482537;0.6652047038;7.010970116;24.95475911;0.6369792223;0.9818124175;0.5300779343;7
24.94886749;-0.6364908218;0.6556333899;6.991827965;24.95686098;0.6333140731;1.013577342;0.5276344419;7
24.95096937;-0.708275497;0.679561615;6.905686378;24.95896281;0.6259836555;1.031903386;0.5264127254;7
24.95307119;-0.7992027402;0.6891329288;6.833901405;24.96106463;0.6137663722;1.042898893;0.5264127254;7
24.95517306;-0.9092726111;0.6987041831;6.733402729;24.9631665;0.5966621637;1.045342326;0.5239692926;7
24.95727494;-1.024128079;0.7178468108;6.652047157;24.96526838;0.5807796717;1.039233685;0.5215258002;7
24.95937676;-1.138983607;0.7369893789;6.599404812;24.9673702;0.560010314;1.024572968;0.5227475166;7
24.96147859;-1.158126116;0.7944171429;6.594619274;24.96947208;0.5392408967;1.003803492;0.5215258002;7
24.96358046;-1.138983607;0.8422735929;6.575476646;24.9715739;0.5148062706;0.9781472087;0.5276344419;7
24.96568234;-1.124626637;0.9475577474;6.498906136;24.97367577;0.4842630625;0.9439387918;0.5349648595;7
24.96778416;-1.172483087;1.033699393;6.412764549;24.9757776;0.454941541;0.906065166;0.5471821427;7
24.96988603;-1.272981644;1.100698471;6.369693756;24.97787947;0.420733124;0.8669698238;0.5630646348;7
24.97198786;-1.416550994;1.148554921;6.293123722;24.97998129;0.3840812445;0.8254310489;0.5813905597;7
24.97408973;-1.579262972;1.1820544;6.230910301;24.98208317;0.3474293351;0.7753401399;0.5972730517;7
24.97619156;-1.703689694;1.225125194;6.206982136;24.98418504;0.3095557392;0.7252492309;0.6143772602;7
24.97829343;-1.765903115;1.244267821;6.202196121;24.98628687;0.2692386508;0.671493113;0.6302597523;7
24.98039525;-1.794616938;1.244267821;6.197410583;24.98838874;0.227699846;0.6067414284;0.6424770355;7
24.98249713;-1.756331801;1.229910851;6.187839508;24.99049056;0.1898262352;0.5407680273;0.652250886;7
24.984599;-1.703689694;1.177268744;6.16869688;24.99259244;0.1519526094;0.4711294472;0.659581244;7
24.98670083;-1.631905079;1.095912814;6.202196121;24.99469426;0.1128572673;0.3990474045;0.6620246768;7
24.9888027;-1.521835208;1.014556766;6.240481377;24.99679614;0.0737619251;0.3269653618;0.6608029604;7
24.99090452;-1.339980721;1.004985452;6.28355217;24.99889801;0.03222311661;0.2561050653;0.659581244;7
24.9930064;-1.13419795;0.9954141974;6.317051888;25.00099984;-0.004428769462;0.1876882017;0.6559160352;7
24.99510822;-0.9475577474;0.9954141974;6.317051888;25.00310171;-0.04718930274;0.1290451884;0.652250886;7
24.9972101;-0.813559711;0.9858429432;6.278766632;25.00520359;-0.08750637621;0.07651081681;0.652250886;7
24.99931197;-0.7130611539;0.9571290612;6.216553211;25.00730541;-0.1278234571;0.03619373962;0.65102911;7
25.00141379;-0.650847733;0.9379864931;6.144768715;25.00940728;-0.1681405306;0.001985310577;0.6485856771;7
25.00351567;-0.5838487148;0.9140582681;6.077769279;25.01150911;-0.2072358727;-0.02244928107;0.6498073936;7
25.00561754;-0.4833501875;0.8949156404;6.053841114;25.01361098;-0.2414443046;-0.0358883068;0.65102911;7
25.00771937;-0.3589234054;0.8614161611;6.015556335;25.01571281;-0.2744309902;-0.03955349326;0.65102911;7
25.00982124;-0.2057827413;0.813559711;6.001199245;25.01781468;-0.3049742281;-0.03344484791;0.6498073936;7
25.01192306;-0.1004985496;0.7513462901;5.982056618;25.01991656;-0.3330740333;-0.02244928107;0.6485856771;7
25.01402494;0.0143569354;0.6604190469;5.982056618;25.02201838;-0.3562868834;-0.004123337101;0.6461422443;7
25.01612676;0.1100698411;0.6029912829;6.034698486;25.02412025;-0.3733910918;0.02153298259;0.6449204683;7
25.01822864;0.2536391914;0.5551348329;6.096911907;25.02622208;-0.3880518377;0.0557414107;0.6449204683;7
25.02033051;0.4019941986;0.5024927258;6.173482418;25.02832395;-0.3990474045;0.09850194305;0.6461422443;7
25.02243234;0.5312066078;0.4929214716;6.254838467;25.03042583;-0.4014908671;0.1485928595;0.6473639607;7
25.02453421;0.6412764788;0.4929214716;6.331408501;25.03252765;-0.4014908671;0.2096793354;0.6473639607;7
25.02663603;0.7465606928;0.4546363056;6.417550564;25.03462952;-0.3966039717;0.2805396616;0.6498073936;7
25.02873791;0.8327022791;0.4259224236;6.551548481;25.03673135;-0.3892735839;0.3538434207;0.65102911;7
25.03083978;0.9044869542;0.3780659735;6.652047157;25.03883322;-0.378278017;0.4295906425;0.65102911;7
25.03294161;0.9523434043;0.3206382394;6.766902447;25.04093504;-0.3660607338;0.5114465356;0.65102911;7
25.03504348;1.052842021;0.2871387303;6.886543751;25.04303692;-0.3501782417;0.5981893539;0.6498073936;7
25.03714531;1.158126116;0.2823530734;6.939185619;25.04513879;-0.3330740333;0.6910407543;0.65102911;7
25.03924718;1.287338614;0.2632105052;6.977470875;25.04724062;-0.3196350038;0.7851139307;0.65102911;7
25.041349;1.378265858;0.2440679073;7.00139904;25.04934249;-0.3037525117;0.8816305995;0.6534726024;7
25.04345088;1.421336651;0.2297109663;7.054041386;25.05144432;-0.2890917659;0.9781472087;0.6571378112;7
25.04555275;1.440479279;0.2201396823;7.121040344;25.05354619;-0.2744309902;1.070998669;0.6608029604;7
25.04765458;1.40697968;0.1818545163;7.173682213;25.05564801;-0.258548528;1.161406636;0.666911602;7
25.04975645;1.325623751;0.1579262912;7.202396393;25.05774989;-0.2451094985;1.240819097;0.6705768108;7
25.05185827;1.258624673;0.1339980662;7.269395351;25.05985176;-0.231670469;1.314122915;0.6754637361;7
25.05396015;1.21555388;0.1148554832;7.408178806;25.06195359;-0.2170097083;1.380096197;0.6827940941;7
25.05606197;1.21555388;0.1292124242;7.546962738;25.06405541;-0.2072358727;1.432630658;0.6937896609;7
25.05816385;1.186840057;0.1722832322;7.728816986;25.06615728;-0.1937968582;1.476612926;0.7047852278;7
25.06026572;1.129412293;0.2297109663;7.934599876;25.06825916;-0.1828012913;1.501047492;0.7157807946;7
25.06236754;1.03848505;0.2536391914;8.116454124;25.07036103;-0.1766926348;1.513264775;0.7267763615;7
25.06446937;0.94277215;0.2249253243;8.312665939;25.07246286;-0.1718057245;1.509599566;0.7353284955;7
25.06657124;0.8949156404;0.2153540403;8.465806961;25.07456473;-0.1705839932;1.49493885;0.7438805699;7
25.06867312;0.866201818;0.2057827413;8.580661774;25.07666656;-0.1742491722;1.468060732;0.7512109876;7
25.07077499;0.8470591903;0.2057827413;8.628518105;25.07876843;-0.1803578287;1.430187106;0.7573196292;7
25.07287682;0.8231309652;0.2057827413;8.662017822;25.08087025;-0.1937968582;1.377652764;0.7622065544;7
25.07497869;0.8470591903;0.2057827413;8.752944946;25.08297213;-0.212122798;1.317788005;0.7622065544;7
25.07708051;0.9044869542;0.2440679073;8.805587769;25.085074;-0.2328922004;1.257923245;0.7622065544;7
25.07918239;0.9619147182;0.2727817893;8.848658562;25.08717583;-0.258548528;1.19317162;0.759763062;7
25.08128421;1.000199914;0.3014956415;8.87258625;25.0892777;-0.2842048407;1.129641652;0.7560978532;7
25.08338609;1.043270707;0.2823530734;8.853444099;25.09137952;-0.3135263622;1.058781385;0.7499892116;7
25.08548796;1.110269666;0.2775674164;8.839086533;25.0934814;-0.3416261375;0.9879210591;0.7402154207;7
25.08758978;1.186840057;0.2297109663;8.867800713;25.09558327;-0.3709476292;0.9207259417;0.7279980779;7
25.08969166;1.306481123;0.1818545163;8.90130043;25.0976851;-0.4002691507;0.8523091078;0.718224287;7
25.09179348;1.421336651;0.1004985496;8.939585686;25.09978697;-0.4259254634;0.7851139307;0.7060069442;7
25.09389536;1.488335729;0.009571290575;8.963513374;25.10188885;-0.4540252388;0.7154753804;0.6925679445;7
25.09599723;1.603191137;-0.03349951655;9.00179863;25.10399067;-0.4760163724;0.6470585465;0.6803506613;7
25.09809906;1.674975872;-0.06221338734;9.087940216;25.10609249;-0.5016726851;0.5896372199;0.666911602;7
25.10020093;1.756331801;-0.0765703246;9.140582085;25.10819437;-0.5224421024;0.5407680273;0.6571378112;7
25.1023028;1.828116536;-0.1004985496;9.193224907;25.11029624;-0.5407680273;0.4955640435;0.6473639607;7
25.10440463;1.847259045;-0.1196411327;9.284152031;25.11239806;-0.5578722358;0.455246985;0.6424770355;7
25.10650645;1.866401672;-0.1244267747;9.355937004;25.11449994;-0.5725330114;0.4222602844;0.6363683939;7
25.10860833;1.880758643;-0.1339980662;9.466006279;25.11660182;-0.5810851455;0.4002691507;0.6302597523;7
25.1107102;1.909472466;-0.1387837082;9.643074989;25.11870364;-0.5859720111;0.3880518377;0.6278162599;7
25.11281202;1.942971945;-0.1674975902;9.74835968;25.12080551;-0.5871937871;0.3794997334;0.6253728271;7
25.1149139;2.024327993;-0.2057827413;9.887143135;25.12290734;-0.5847502947;0.374612838;0.6253728271;7
25.11701577;2.143969059;-0.2057827413;10.05464077;25.12500921;-0.5737547278;0.3770562708;0.6241511106;7
25.1191176;2.263610125;-0.1818545163;10.21735287;25.12711103;-0.563980937;0.3843866587;0.6253728271;7
25.12121947;2.392822742;-0.1818545163;10.37527943;25.12921291;-0.5480984449;0.4002691507;0.6229293346;7
25.12332129;2.52682066;-0.2009970993;10.55234814;25.13131473;-0.5334376693;0.4149298966;0.6229293346;7
25.12542317;2.608176708;-0.2153540403;10.68156052;25.13341661;-0.5163334608;0.428368926;0.6204859018;7
25.12752499;2.689532757;-0.2440679073;10.79162979;25.13551848;-0.4992292523;0.4479165971;0.6204859018;7
25.12962687;2.746960402;-0.2392822653;10.84905815;25.13762031;-0.4845684767;0.4637990892;0.6217076182;7
25.13172869;2.790031195;-0.2297109663;10.9304142;25.13972213;-0.4662425518;0.4857902229;0.6217076182;7
25.13383056;2.842673302;-0.2201396823;10.95912743;25.141824;-0.4515817761;0.5090031028;0.6217076182;7
25.13593244;2.90967226;-0.2009970993;10.95912743;25.14392588;-0.4405862093;0.5334376693;0.6204859018;7
25.13803426;2.995813847;-0.1674975902;10.93998528;25.1460277;-0.428368926;0.562759161;0.6204859018;7
25.14013609;3.072384357;-0.1435693651;10.9112711;25.14812958;-0.4198168218;0.5896372199;0.6192641854;7
25.14223796;3.163311481;-0.1339980662;10.87777138;25.15023145;-0.4137081802;0.6201804876;0.6217076182;7
25.14433984;3.225524902;-0.1579262912;10.85862923;25.15233327;-0.4112647176;0.6482802629;0.6229293346;7
25.14644166;3.254238844;-0.1627119333;10.86341476;25.15443515;-0.4100429714;0.671493113;0.6217076182;7
25.14854353;3.282952785;-0.1483550072;10.88255692;25.15653702;-0.4075995386;0.6861538887;0.6229293346;7
25.15064541;3.306880951;-0.1244267747;10.90648556;25.15863885;-0.408821255;0.698371172;0.6217076182;7
25.15274723;3.330809116;-0.06699903309;10.88255692;25.16074072;-0.412486434;0.7008146048;0.6217076182;7
25.15484911;3.335594654;-0.0382851623;10.91605663;25.16284254;-0.4185950756;0.6971494555;0.6204859018;7
25.15695098;3.34038043;-0.009571290575;10.96869946;25.16494442;-0.4210385382;0.6885973215;0.6192641854;7
25.1590528;3.34038043;0.0143569354;11.01177025;25.16704624;-0.428368926;0.671493113;0.616820693;7
25.16115468;3.349951744;0.04307080805;11.07876873;25.16914812;-0.4381427765;0.6519454122;0.6155989766;7
25.1632565;3.345165968;0.03349951655;11.1505537;25.17124994;-0.4442514181;0.6250674129;0.6131555438;7
25.16535838;3.345165968;0.04307080805;11.24148083;25.17335182;-0.4540252388;0.5981893539;0.609490335;7
25.1674602;3.364308596;0.0143569354;11.2941227;25.17545369;-0.4613556266;0.5652026534;0.6058251262;7
25.16956208;3.378665686;0.004785645287;11.40419292;25.17755551;-0.4674642682;0.5297724605;0.600938201;7
25.1716639;3.402593851;-0.009571290575;11.51904774;25.17965739;-0.4760163724;0.4943423271;0.5923861265;7
25.17376577;3.46959281;-0.03349951655;11.62911797;25.18175921;-0.4833467603;0.4564687014;0.5862774849;7
25.17586765;3.527020693;-0.05264209956;11.73918819;25.18386109;-0.4882336855;0.4149298966;0.5765036345;7
25.17796947;3.589233875;-0.05742774159;11.87797165;25.18596291;-0.4943423271;0.3721693754;0.5679515004;7
25.18007135;3.665804386;-0.08135596663;12.00718403;25.18806478;-0.4967857897;0.3306305707;0.559399426;7
25.18217317;3.704089403;-0.1100698411;12.14596748;25.19016666;-0.4955640435;0.2890917659;0.5496255755;7
25.18427504;3.751945972;-0.1196411327;12.28953743;25.19226848;-0.4992292523;0.2451094985;0.5410735011;7
25.18637687;3.7710886;-0.1387837082;12.4618206;25.19437036;-0.4943423271;0.2011272311;0.5312996507;7
25.18847874;3.775874138;-0.1531406492;12.6245327;25.19647218;-0.4894554019;0.1559232324;0.5227475166;7
25.19058062;3.785445452;-0.1483550072;12.80160141;25.19857406;-0.4809032977;0.1107192412;0.5141954422;7
25.19268244;3.799802303;-0.1483550072;12.95474148;25.20067588;-0.4686860144;0.06795870513;0.5031998754;7
25.19478432;3.838087559;-0.1292124242;13.12702465;25.20277775;-0.4564687014;0.02641990222;0.4922043085;7
25.19688614;3.90030098;-0.1196411327;13.2705946;25.20487963;-0.4418079555;-0.01145371422;0.4824304581;7
25.19898801;3.986442566;-0.1196411327;13.41416359;25.20698145;-0.4222602844;-0.04444041103;0.4714348912;7
25.20108984;4.063013077;-0.1052841991;13.53380489;25.20908333;-0.4039343297;-0.0737619251;0.4604393244;7
25.20319171;4.144368649;-0.09571290761;13.64387512;25.21118515;-0.3856084049;-0.1006399691;0.4482220411;7
25.20529359;4.220939159;-0.1004985496;13.70608807;25.21328702;-0.3636172712;-0.1214093715;0.4335612655;7
25.20739541;4.29750967;-0.1339980662;13.76351547;25.2153889;-0.3404043913;-0.1385135949;0.416457057;7
25.20949728;4.39800787;-0.1339980662;13.80658627;25.21749072;-0.3196350038;-0.1568395346;0.4005745649;7
25.21159911;4.503292084;-0.1579262912;13.85444355;25.2195926;-0.2964221239;-0.1715002805;0.3822486401;7
25.21370098;4.60379076;-0.1579262912;13.86880016;25.22169442;-0.2719875574;-0.18493931;0.362700969;7
25.21580286;4.718646049;-0.1627119333;13.89272785;25.22379629;-0.2499964088;-0.1971566081;0.3419315517;7
25.21790468;4.823930264;-0.1770688742;13.91665649;25.22589817;-0.2231183648;-0.2081521749;0.319940418;7
25.22000656;4.914857864;-0.1818545163;13.94058514;25.22799999;-0.2011272311;-0.2167042792;0.2942841053;7
25.22210838;4.991427898;-0.2105683982;13.92144203;25.23010187;-0.1766926348;-0.2264781147;0.2686277926;7
25.22421025;5.087141037;-0.2344966233;13.93101311;25.23220369;-0.1485928595;-0.235030219;0.2405280024;7
25.22631213;5.173282623;-0.2727817893;13.89751434;25.23430557;-0.1266017258;-0.2435823381;0.2112064958;7
25.22841395;5.278566837;-0.2823530734;13.8735857;25.23640739;-0.1009454057;-0.2509126961;0.1794415265;7
25.23051583;5.383851051;-0.2919243574;13.84965706;25.23850926;-0.08017600328;-0.258243084;0.1501200199;7
25.23261765;5.455635548;-0.3110669553;13.79701519;25.24061114;-0.06062832847;-0.2631300092;0.1183550507;7
25.23471952;5.517848969;-0.3158525825;13.71565914;25.24271301;-0.04352411628;-0.2667951882;0.08781181276;7
25.23682135;5.551348686;-0.2967100143;13.64387512;25.24481478;-0.02641990222;-0.2680169344;0.05726857483;7
25.23892322;5.546562672;-0.2823530734;13.57209015;25.24691666;-0.01175914705;-0.2667951882;0.02916879393;7
25.2410251;5.536991596;-0.2584248483;13.4907341;25.24901853;0.004123337101;-0.2655734718;-0.0001527161949;7
25.24312697;5.527420521;-0.2153540403;13.42373466;25.25112036;0.0175623633;-0.258243084;-0.02580903657;7
25.24522874;5.503491879;-0.1770688742;13.36152172;25.25322223;0.03344484791;-0.2509126961;-0.05146535859;7
25.24733062;5.484349728;-0.1100698411;13.30409431;25.25532411;0.04932733253;-0.2460257858;-0.07712167501;7
25.24943249;5.460421085;-0.06699903309;13.26102352;25.25742593;0.06520981342;-0.2423606068;-0.1015562713;7
25.25153432;5.43649292;0.0;13.25623703;25.2595278;0.08353576064;-0.2399171442;-0.1259908676;7
25.25363619;5.393422127;0.04307080805;13.23230934;25.26162963;0.1018617004;-0.2399171442;-0.1479819864;7
25.25573807;5.32163763;0.1004985496;13.25145149;25.2637315;0.1214093715;-0.2411388755;-0.1687513888;7
25.25783989;5.25942421;0.1579262912;13.24666595;25.26583338;0.1409570426;-0.2423606068;-0.1907425225;7
25.25994176;5.197210789;0.2201396823;13.26102352;25.26793525;0.161726445;-0.2435823381;-0.2127336562;7
25.26204359;5.125426292;0.2823530734;13.24188042;25.27003708;0.181274116;-0.2484692484;-0.2310595959;7
25.26414546;5.063212872;0.3302095234;13.25145149;25.2721389;0.200821802;-0.2484692484;-0.2530507445;7
25.26624734;4.986642361;0.3732803464;13.21316624;25.27424077;0.2191477418;-0.2509126961;-0.273820132;7
25.26834921;4.91007185;0.4211367965;13.2275238;25.2763426;0.2399171442;-0.2557996213;-0.2933678031;7
25.27045103;4.843072891;0.4594219327;13.19880962;25.27844447;0.258243084;-0.2594648004;-0.3141372204;7
25.27255286;4.756931305;0.4881358147;13.14138222;25.28054635;0.274125576;-0.261908263;-0.3324631453;7
25.27465473;4.680361271;0.5551348329;13.0887394;25.28264817;0.2924515009;-0.2729038298;-0.3520108163;7
25.27675656;4.594219685;0.6125625968;13.0456686;25.28475004;0.3107774556;-0.2790125012;-0.370336771;7
25.27885843;4.503292084;0.6460621357;12.97867012;25.28685192;0.3229947388;-0.2863428593;-0.3849975169;7
25.2809603;4.407579422;0.70348984;12.87817192;25.28895374;0.3352120519;-0.2973384261;-0.4008800089;7
25.28306213;4.29750967;0.756131947;12.74895859;25.29105562;0.3474293351;-0.3046688139;-0.416762501;7
25.285164;4.187439442;0.8183453679;12.64367485;25.29315744;0.3572031856;-0.3156643808;-0.4314232469;7
25.28726588;4.07736969;0.866201818;12.48574829;25.29525932;0.3669770062;-0.3217730224;-0.4460839927;7
25.2893677;3.986442566;0.9188438654;12.3996067;25.29736114;0.3730856776;-0.3303251266;-0.4570795596;7
25.29146958;3.905086517;0.9714859724;12.27039433;25.29946301;0.3804160357;-0.3339903057;-0.470518589;7
25.2935714;3.814159393;1.024128079;12.13639641;25.30156484;0.3877464235;-0.3364337683;-0.4839576185;7
25.29567327;3.704089403;1.071984529;12.01196957;25.30366671;0.3938550651;-0.3388772309;-0.4949531853;7
25.2977751;3.632304668;1.124626637;11.94497108;25.30576853;0.3987419903;-0.3413206935;-0.5083922148;7
25.29987697;3.531806231;1.16769743;11.85404301;25.30787041;0.4036289155;-0.3474293351;-0.5193877816;7
25.30197879;3.445664644;1.196411371;11.78225899;25.30997223;0.408515811;-0.3510945439;-0.5279398561;7
25.30408067;3.330809116;1.249053478;11.72961617;25.31207411;0.4158461988;-0.358424902;-0.5377137065;7
25.30618249;3.206382275;1.287338614;11.66261768;25.31417598;0.4195113778;-0.3633118272;-0.5450441241;7
25.30828437;3.072384357;1.325623751;11.6339035;25.31627786;0.4256200492;-0.3718639314;-0.5535961986;7
25.31038619;2.947957516;1.349551916;11.56690502;25.31837968;0.4329504073;-0.3804160357;-0.5584831238;7
25.31248806;2.81395936;1.373480201;11.51904774;25.32048156;0.4378373325;-0.3889681399;-0.5645917654;7
25.31458994;2.689532757;1.383051515;11.49990559;25.32258338;0.4451677203;-0.3962985277;-0.5670352578;7
25.31669182;2.579462767;1.392622828;11.43769264;25.32468525;0.4537198246;-0.4097375572;-0.5719221234;7
25.31879364;2.488535643;1.421336651;11.413764;25.32678708;0.4622719288;-0.4170679152;-0.5731438994;7
25.32089551;2.373680115;1.440479279;11.38504982;25.32888895;0.4683805704;-0.4292852283;-0.5755873322;7
25.32299734;2.263610125;1.464407444;11.33240795;25.33099077;0.470824033;-0.4402807951;-0.5768090487;7
25.32509921;2.215753794;1.488335729;11.29890823;25.33309265;0.4757109582;-0.4500546157;-0.5768090487;7
25.32720103;2.177468538;1.545763373;11.21276665;25.33519452;0.4757109582;-0.4573850036;-0.5743656158;7
25.32930291;2.081755638;1.584048629;11.12662506;25.33729635;0.4769326746;-0.470824033;-0.5719221234;7
25.33140473;1.966900229;1.564906001;11.03569794;25.33939822;0.4793761373;-0.4818195999;-0.5682569742;7
25.33350661;1.823330879;1.531406522;10.97348499;25.34150004;0.4757109582;-0.4915934205;-0.563370049;7
25.33560848;1.708475351;1.507478237;10.89691448;25.34360192;0.4720457494;-0.5013672709;-0.5621483326;7
25.3377103;1.603191137;1.469193101;10.82512951;25.34570374;0.470824033;-0.5148062706;-0.5584831238;7
25.33981218;1.526620865;1.483550072;10.73898792;25.34780562;0.470824033;-0.5282453299;-0.5584831238;7
25.341914;1.493121386;1.507478237;10.70070267;25.34990749;0.4696022868;-0.5465712547;-0.5584831238;7
25.34401588;1.45483613;1.497906923;10.66720295;25.35200932;0.4659371078;-0.560010314;-0.5597048402;7
25.3461177;1.421336651;1.526620865;10.65284634;25.35411119;0.4622719288;-0.57467103;-0.5609265566;7
25.34821958;1.416550994;1.531406522;10.58106136;25.35621307;0.4610501826;-0.5868883133;-0.5597048402;7
25.35032145;1.397408366;1.588834286;10.50449181;25.35831489;0.4573850036;-0.5942187309;-0.5584831238;7
25.35242327;1.339980721;1.584048629;10.45663452;25.36041676;0.4537198246;-0.6027708054;-0.556039691;7
25.35452515;1.253839016;1.569691658;10.39920712;25.36251859;0.4500546157;-0.610101223;-0.556039691;7
25.35662702;1.162911773;1.545763373;10.29870892;25.36462046;0.4463894367;-0.6162098646;-0.554817915;7
25.35872885;1.076770186;1.497906923;10.24606609;25.36672228;0.4390590489;-0.6223185062;-0.5572614074;7
25.36083072;1.057627559;1.478764415;10.20778179;25.36882411;0.4341721535;-0.6235402226;-0.5597048402;7
25.36293254;1.043270707;1.459621787;10.11206818;25.37092598;0.4268417656;-0.6296488643;-0.5621483326;7
25.36503442;1.03848505;1.445264935;10.01635551;25.37302786;0.4219548404;-0.6345357895;-0.5621483326;7
25.36713624;1.03848505;1.440479279;9.934999466;25.37512973;0.4121810198;-0.6357575059;-0.563370049;7
25.36923806;1.028913736;1.426122308;9.8201437;25.37723156;0.4036289155;-0.6357575059;-0.563370049;7
25.37133994;1.004985452;1.430907965;9.729216576;25.37933343;0.3962985277;-0.6308705807;-0.5621483326;7
25.37344182;0.9523434043;1.435693622;9.638289452;25.3814353;0.3853029609;-0.6210967898;-0.5609265566;7
25.37554369;0.9044869542;1.435693622;9.528220177;25.38353713;0.3755291104;-0.6113229394;-0.5609265566;7
25.37764551;0.8757730722;1.445264935;9.446864128;25.385639;0.3681987524;-0.6003273726;-0.5597048402;7
25.37974739;0.8709874153;1.45483613;9.370293617;25.38774083;0.358424902;-0.5881100893;-0.5584831238;7
25.38184926;0.8757730722;1.459621787;9.269794464;25.3898427;0.3486510813;-0.57467103;-0.5584831238;7
25.38395109;0.8566305041;1.483550072;9.217152596;25.39194452;0.3400989771;-0.5624537468;-0.554817915;7
25.38605296;0.8614161611;1.50269258;9.140582085;25.3940464;0.3327685893;-0.5429060459;-0.5499309897;7
25.38815478;0.8614161611;1.55054903;9.073583603;25.39614827;0.327881664;-0.5221366882;-0.5438223481;7
25.39025666;0.784845829;1.584048629;9.020941734;25.3982501;0.3217730224;-0.4977020919;-0.5364919901;7
25.39235848;0.7130611539;1.55054903;8.987442017;25.40035197;0.320551306;-0.4720457494;-0.5316050649;7
25.39446036;0.6125625968;1.507478237;8.97308445;25.40245379;0.3168860972;-0.4488328993;-0.5242747068;7
25.39656223;0.5359922647;1.473978758;8.944371223;25.40455567;0.3132209182;-0.428063482;-0.5218312144;7
25.39866406;0.4977070987;1.478764415;8.915657043;25.40665749;0.3095557392;-0.4109592736;-0.5181660652;7
25.40076593;0.4977070987;1.478764415;8.925228119;25.40875937;0.308333993;-0.3975202441;-0.5145008564;7
25.40286775;0.5120640397;1.517049551;8.90130043;25.41086119;0.3058905303;-0.3804160357;-0.5108356476;7
25.40496963;0.5168496966;1.493121386;8.853444099;25.41296307;0.3034470677;-0.370642215;-0.5071704984;7
25.40707145;0.4977070987;1.469193101;8.815158844;25.41506494;0.3010036349;-0.358424902;-0.4998401105;7
25.40917333;0.4929214716;1.426122308;8.786444664;25.41716676;0.2948949635;-0.3510945439;-0.4937314689;7
25.41127515;0.4642075896;1.416550994;8.743373871;25.41926864;0.2887863219;-0.3449858725;-0.4888445437;7
25.41337702;0.4354937077;1.411765337;8.738588333;25.42137046;0.2838993967;-0.3388772309;-0.4864010811;7
25.4154789;0.4067798555;1.387837172;8.714659691;25.42347234;0.277790755;-0.3339903057;-0.4851793647;7
25.41758072;0.4115654826;1.325623751;8.690732002;25.42557421;0.2692386508;-0.3303251266;-0.4876227975;7
25.4196826;0.4115654826;1.268195987;8.69551754;25.42767603;0.261908263;-0.3339903057;-0.4900662601;7
25.42178442;0.4211367965;1.229910851;8.66680336;25.42977791;0.2557996213;-0.3462076187;-0.4937314689;7
25.42388629;0.4307080805;1.1820544;8.671588898;25.43187973;0.2460257858;-0.358424902;-0.5010618567;7
25.42598817;0.4354937077;1.153340459;8.676374435;25.43398161;0.235030219;-0.377972573;-0.5083922148;7
25.42808999;0.4307080805;1.13419795;8.709874153;25.43608343;0.2228129357;-0.4011854529;-0.5181660652;7
25.43019187;0.4211367965;1.105484009;8.685946465;25.4381853;0.2093739063;-0.4268417656;-0.5267181396;7
25.43229369;0.3924229145;1.11984098;8.66680336;25.44028718;0.1947131455;-0.454941541;-0.5328267813;7
25.43439557;0.3493520916;1.138983607;8.609375954;25.442389;0.1788306683;-0.4818195999;-0.5364919901;7
25.43649739;0.2584248483;1.148554921;8.528019905;25.44449088;0.1605047137;-0.5099193454;-0.5413789153;7
25.43859926;0.1148554832;1.13419795;8.480163574;25.4465927;0.1421787739;-0.5380191803;-0.5426006317;7
25.44070114;0.0;1.138983607;8.437092781;25.44869458;0.1250745654;-0.567340672;-0.5450441241;7
25.44280296;-0.1052841991;1.158126116;8.408378601;25.45079645;0.1030834317;-0.5966621637;-0.5462658405;7
25.44490484;-0.2009970993;1.186840057;8.365307808;25.45289827;0.08231402934;-0.6235402226;-0.5462658405;7
25.44700666;-0.2871387303;1.229910851;8.341380119;25.45500015;0.06154462695;-0.6504182816;-0.5462658405;7
25.44910853;-0.3637090325;1.258624673;8.283951759;25.45710197;0.04077522457;-0.6748528481;-0.5450441241;7
25.45121041;-0.4450650215;1.268195987;8.216953278;25.45920385;0.02000582218;-0.7005091906;-0.5450441241;7
25.45331223;-0.5072783828;1.301695466;8.197810173;25.46130572;0.0004581485991;-0.7188351154;-0.5401571989;7
25.45541411;-0.5742774606;1.325623751;8.164310455;25.46340754;-0.02031125315;-0.7396045327;-0.5377137065;7
25.45751593;-0.6412764788;1.368694544;8.149953842;25.46550942;-0.0374154672;-0.7554870248;-0.5340485573;7
25.4596178;-0.6987041831;1.426122308;8.149953842;25.46761124;-0.05451968312;-0.7615956664;-0.5291616321;7
25.46171968;-0.732203722;1.473978758;8.173882484;25.46971312;-0.06673697382;-0.7615956664;-0.5218312144;7
25.4638215;-0.7944171429;1.469193101;8.111668587;25.47181494;-0.07773254067;-0.7542653084;-0.5157225728;7
25.46592338;-0.8853443861;1.464407444;8.078168869;25.47391682;-0.08750637621;-0.7469348907;-0.5083922148;7
25.4680252;-0.9571290612;1.440479279;8.087740898;25.47601869;-0.09361502528;-0.7383828163;-0.5010618567;7
25.47012708;-1.028913736;1.397408366;8.121239662;25.47812051;-0.0972802192;-0.7200568318;-0.4925097227;7
25.4722289;-1.067198873;1.373480201;8.178668022;25.48022234;-0.09850194305;-0.7005091906;-0.4815141559;7
25.47433077;-1.105484009;1.368694544;8.226524353;25.48232421;-0.09850194305;-0.6724094152;-0.4692968726;7
25.47643265;-1.186840057;1.330409408;8.240880966;25.48442609;-0.09483675659;-0.6455313563;-0.4558578432;7
25.47853447;-1.277767301;1.320838094;8.260024071;25.48652791;-0.08872810751;-0.6137663722;-0.4424188137;7
25.48063629;-1.373480201;1.339980721;8.298309326;25.48862978;-0.08139773458;-0.5795579553;-0.4228711426;7
25.48273817;-1.430907965;1.387837172;8.350951195;25.49073166;-0.07040216774;-0.5416843295;-0.4033234715;7
25.48484004;-1.493121386;1.416550994;8.374878883;25.49283348;-0.05451968312;-0.4989238083;-0.3776671588;7
25.48694187;-1.593619823;1.459621787;8.370093346;25.49493531;-0.03985892609;-0.454941541;-0.3544542789;7
25.48904374;-1.670190215;1.488335729;8.427521706;25.49703718;-0.02397644334;-0.4121810198;-0.3275762498;7
25.49114562;-1.722832322;1.526620865;8.48973465;25.49913906;-0.003207040019;-0.3718639314;-0.2994764447;7
25.49324744;-1.770688772;1.555334687;8.585447311;25.50124088;0.01878409274;-0.3327685893;-0.2725984156;7
25.49534926;-1.804188251;1.593619823;8.652446747;25.50334275;0.04199695215;-0.2948949635;-0.2481638193;7
25.49745114;-1.789831281;1.622333765;8.714659691;25.50544463;0.06276635826;-0.2606865466;-0.223729223;7
25.49955301;-1.737189293;1.670190215;8.733802795;25.5075465;0.08353576064;-0.2301433086;-0.1992946416;7
25.50165484;-1.698904037;1.722832322;8.719446182;25.50964833;0.1006399691;-0.2020435184;-0.1760817766;7
25.50375671;-1.655833244;1.746760488;8.69551754;25.51175015;0.1189659163;-0.1788306683;-0.1540906429;7
25.50585859;-1.655833244;1.708475351;8.623732567;25.51385202;0.1324049383;-0.1568395346;-0.1333212405;7
25.50796046;-1.641476393;1.674975872;8.556734085;25.51595385;0.1421787739;-0.134848401;-0.1174387559;7
25.51006228;-1.631905079;1.655833244;8.456234932;25.51805572;0.1470656991;-0.1189659163;-0.1027780026;7
25.51216411;-1.584048629;1.631905079;8.336593628;25.5201576;0.1482874304;-0.1067486182;-0.08933897316;7
25.51426598;-1.540977836;1.617548108;8.135597229;25.52225942;0.1458439678;-0.09697478265;-0.07834340632;7
25.5163678;-1.50269258;1.588834286;7.958528042;25.52436129;0.1397353113;-0.08964440972;-0.06856957078;7
25.51846968;-1.445264935;1.517049551;7.805387497;25.52646317;0.127518028;-0.09086613357;-0.06490438432;7
25.52057156;-1.397408366;1.435693622;7.685746193;25.52856499;0.117744185;-0.09086613357;-0.06246092543;7
25.52267338;-1.344766378;1.339980721;7.566105366;25.53066687;0.1055268943;-0.09575305134;-0.06368265301;7
25.52477525;-1.253839016;1.249053478;7.470392227;25.53276869;0.08720094711;-0.1055268943;-0.06856957078;7
25.52687713;-1.1820544;1.186840057;7.403393269;25.53487057;0.06887500733;-0.1153007299;-0.07834340632;7
25.52897895;-1.052842021;1.138983607;7.350750923;25.53697239;0.05177079141;-0.131183207;-0.08933897316;7
25.53108083;-0.9379864931;1.0863415;7.278966427;25.53907426;0.03344484791;-0.1495091617;-0.1052214578;7
25.53318265;-0.8327022791;1.024128079;7.245467186;25.54117614;0.01511890348;-0.1763872057;-0.1223256737;7
25.53528452;-0.6891329288;1.000199914;7.245467186;25.54327796;-0.006872228812;-0.2057087123;-0.1430950761;7
25.53738635;-0.5455635786;0.9523434043;7.245467186;25.54537984;-0.02764163166;-0.2338084877;-0.1650862098;7
25.53948822;-0.4833501875;0.890130043;7.197610378;25.54748166;-0.05085449293;-0.2667951882;-0.1870773435;7
25.5415901;-0.4354937077;0.7944171429;7.14496851;25.54958353;-0.0728456229;-0.2973384261;-0.2127336562;7
25.54369192;-0.4163511395;0.6939185858;7.101897717;25.55168541;-0.09972367436;-0.3303251266;-0.2383899838;7
25.54579379;-0.4163511395;0.6029912829;7.049255371;25.55378723;-0.1253799945;-0.3620901108;-0.2652680278;7
25.54789562;-0.4019941986;0.5407779217;6.977470875;25.55588906;-0.1559232324;-0.3950767815;-0.2897026241;7
25.54999749;-0.3972085714;0.5024927258;6.929614544;25.55799093;-0.1852447391;-0.4231765866;-0.3190241456;7
25.55209937;-0.3493520916;0.4929214716;6.891329288;25.5600928;-0.215787977;-0.4537198246;-0.3483456373;7
25.55420119;-0.3062812984;0.4689932466;6.829115868;25.56219468;-0.2451094985;-0.4805978537;-0.3752236962;7
25.55630301;-0.2775674164;0.4881358147;6.776473522;25.5642965;-0.2793179154;-0.4989238083;-0.4021017551;7
25.55840489;-0.2009970993;0.4881358147;6.704689026;25.56639838;-0.308639437;-0.5123628378;-0.4277580678;7
25.56050676;-0.2105683982;0.5120640397;6.63290453;25.5685002;-0.3416261375;-0.5221366882;-0.4521926641;7
25.56260864;-0.1866401732;0.4977070987;6.580262184;25.57060208;-0.3709476292;-0.5258018374;-0.4754055142;7
25.56471046;-0.1962114573;0.4929214716;6.551548481;25.5727039;-0.3978256881;-0.5270236135;-0.4949531853;7
25.56681234;-0.1962114573;0.4929214716;6.570691109;25.57480577;-0.4222602844;-0.524580121;-0.5120574236;7
25.56891416;-0.2009970993;0.5312066078;6.594619274;25.5769076;-0.4454731345;-0.5148062706;-0.5291616321;7
25.57101603;-0.2201396823;0.5838487148;6.623332977;25.57900947;-0.4662425518;-0.5025889874;-0.5401571989;7
25.57311786;-0.2775674164;0.5790630579;6.685546398;25.58111135;-0.4821250141;-0.4842630625;-0.5499309897;7
25.57521973;-0.3780659735;0.6029912829;6.747759819;25.58321317;-0.4943423271;-0.467158854;-0.5572614074;7
25.57732156;-0.4929214716;0.626919508;6.838686943;25.58531504;-0.5065596104;-0.4451677203;-0.5621483326;7
25.57942343;-0.6460621357;0.6317051649;6.896114826;25.58741687;-0.5114465356;-0.4219548404;-0.5621483326;7
25.58152531;-0.7896314859;0.6652047038;7.006184578;25.58951874;-0.5151117444;-0.3962985277;-0.5621483326;7
25.58362713;-0.9332008362;0.679561615;7.11625433;25.59162057;-0.5114465356;-0.3645335436;-0.5572614074;7
25.585729;-1.071984529;0.7130611539;7.226324558;25.59372244;-0.5065596104;-0.3315468729;-0.5487092733;7
25.58783083;-1.210768223;0.756131947;7.369893551;25.59582426;-0.5004509687;-0.2961167097;-0.5377137065;7
25.5899327;-1.339980721;0.7992027402;7.470392227;25.59792614;-0.4943423271;-0.2631300092;-0.5242747068;7
25.59203452;-1.478764415;0.866201818;7.585247993;25.60002801;-0.4821250141;-0.2252563834;-0.505948782;7
25.5941364;-1.588834286;0.9332008362;7.704888821;25.60212989;-0.4711294472;-0.18493931;-0.4864010811;7
25.59623822;-1.722832322;0.9667003751;7.781459332;25.60423166;-0.4576904476;-0.1409570426;-0.4607447684;7
25.5983401;-1.875972986;0.9714859724;7.867600918;25.60633359;-0.4418079555;-0.104305163;-0.4350884259;7
25.60044197;-2.053041935;0.9810572863;7.953742504;25.60843541;-0.4259254634;-0.06887500733;-0.4082103968;7
25.60254385;-2.187039852;0.9714859724;8.073383331;25.61053728;-0.412486434;-0.03711003438;-0.3788888752;7
25.60464562;-2.292324066;0.9762716293;8.169096947;25.61263911;-0.3966039717;-0.007788525894;-0.3532325625;7
25.60674754;-2.378465652;0.9858429432;8.245666504;25.61474098;-0.3831649423;0.02031125315;-0.3275762498;7
25.60884937;-2.39760828;0.9954141974;8.312665939;25.6168428;-0.3709476292;0.04963276163;-0.3080285788;7
25.61095124;-2.373680115;0.9714859724;8.303094864;25.61894468;-0.3562868834;0.07162389904;-0.2897026241;7
25.61305307;-2.330609322;0.9667003751;8.312665939;25.62104656;-0.3477347791;0.09605848789;-0.273820132;7
25.61515494;-2.215753794;0.9379864931;8.274380684;25.62314838;-0.3428478539;0.1204930767;-0.2616028488;7
25.61725676;-2.105684042;0.94277215;8.283951759;25.62525025;-0.3330740333;0.1400407553;-0.2530507445;7
25.61935864;-2.000399828;0.8949156404;8.269595146;25.62735208;-0.3330740333;0.1595884264;-0.2481638193;7
25.62146051;-1.861616015;0.8614161611;8.207381248;25.62945395;-0.3355174661;0.1766926348;-0.2457203567;7
25.62356234;-1.770688772;0.7944171429;8.169096947;25.63155583;-0.3404043913;0.1901316643;-0.246942088;7
25.62566421;-1.679761529;0.732203722;8.121239662;25.63365765;-0.3477347791;0.2023489624;-0.2518289983;7
25.62776603;-1.631905079;0.6652047038;8.059026718;25.63575952;-0.3562868834;0.2109010667;-0.2554942071;7
25.62986791;-1.588834286;0.5790630579;8.030312538;25.63786135;-0.3685041666;0.2096793354;-0.2640463114;7
25.63196978;-1.564906001;0.4977070987;7.97767067;25.63996322;-0.3819431961;0.2023489624;-0.2725984156;7
25.63407161;-1.540977836;0.4354937077;7.96331358;25.64206504;-0.3966039717;0.1937968582;-0.2823722363;7
25.63617348;-1.493121386;0.4211367965;7.948956966;25.64416692;-0.4112647176;0.1779143661;-0.2945895493;7
25.6382753;-1.450050473;0.4115654826;7.968099594;25.64626879;-0.4259254634;0.162031889;-0.3043633699;7
25.64037718;-1.402194023;0.3684946895;8.001599312;25.64837062;-0.4430296719;0.1473711282;-0.3178023994;7
25.642479;-1.392622828;0.3637090325;8.011170387;25.65047249;-0.458912164;0.1339320987;-0.3312414289;7
25.64458088;-1.368694544;0.3445664644;8.035098076;25.65257437;-0.474794656;0.1192713454;-0.3459021747;7
25.64668275;-1.378265858;0.3254238665;8.059026718;25.65467619;-0.4894554019;0.1107192412;-0.3605629504;7
25.64878458;-1.35912323;0.3349951804;8.097311974;25.65677806;-0.5028944016;0.09239330143;-0.3764454126;7
25.65088645;-1.344766378;0.3445664644;8.111668587;25.65887989;-0.5138899684;0.07651081681;-0.3911061883;7
25.65298833;-1.330409408;0.3445664644;8.169096947;25.66098176;-0.5236638188;0.06185005978;-0.4069886506;7
25.65509015;-1.339980721;0.3637090325;8.274380684;25.66308359;-0.5334376693;0.04474584386;-0.4228711426;7
25.65719202;-1.354337573;0.3637090325;8.370093346;25.66518546;-0.5407680273;0.03252854943;-0.4387536347;7
25.65929385;-1.378265858;0.3684946895;8.494520187;25.66728728;-0.5468766689;0.01298087649;-0.4534143806;7
25.66139572;-1.421336651;0.3780659735;8.575876236;25.66938916;-0.5505418777;-0.004123337101;-0.46685341;7
25.66349754;-1.478764415;0.3924229145;8.642875671;25.67149103;-0.5542070866;-0.02122755162;-0.4815141559;7
25.66559942;-1.531406522;0.3876372576;8.748159409;25.67359286;-0.555428803;-0.03833176568;-0.4900662601;7
25.66770124;-1.607976794;0.3828516304;8.815158844;25.67569473;-0.5566505194;-0.05543597788;-0.5010618567;7
25.66980312;-1.679761529;0.3828516304;8.858229637;25.67779661;-0.5542070866;-0.07009673119;-0.5108356476;7
25.67190499;-1.727617979;0.3828516304;8.925228119;25.67989843;-0.5517635942;-0.08353576064;-0.5193877816;7
25.67400682;-1.756331801;0.3828516304;8.977870941;25.68200031;-0.5529853702;-0.09819651395;-0.5254964232;7
25.67610869;-1.804188251;0.4067798555;9.035298347;25.68410213;-0.5529853702;-0.1055268943;-0.5303833485;7
25.67821056;-1.861616015;0.4067798555;9.044869423;25.686204;-0.5529853702;-0.1104138121;-0.5352702737;7
25.68031239;-1.914258122;0.4211367965;9.03051281;25.68830583;-0.5542070866;-0.111635536;-0.5389354229;7
25.68241426;-1.976471543;0.4450650215;9.011369705;25.6904077;-0.5566505194;-0.1079703495;-0.5401571989;7
25.68451609;-2.038684845;0.4642075896;8.982656479;25.69250952;-0.5578722358;-0.1018617004;-0.5426006317;7
25.68661796;-2.086541414;0.4785645306;8.968298912;25.6946114;-0.5590940118;-0.09208786488;-0.5426006317;7
25.68871978;-2.163111687;0.5072783828;8.939585686;25.69671322;-0.563980937;-0.07864884287;-0.5377137065;7
25.69082166;-2.225325108;0.5359922647;8.958727837;25.6988151;-0.563980937;-0.06398808211;-0.5316050649;7
25.69292348;-2.287538528;0.5742774606;8.949156761;25.70091697;-0.5652026534;-0.04444041103;-0.5230529904;7
25.69502536;-2.383251429;0.5982056856;8.958727837;25.70301879;-0.5652026534;-0.02855792828;-0.5120574236;7
25.69712718;-2.464607239;0.6364908218;8.953942299;25.70512067;-0.5652026534;-0.007788525894;-0.4998401105;7
25.69922906;-2.584248543;0.6747759581;8.992227554;25.70722249;-0.563980937;0.01175914705;-0.4827359021;7
25.70133093;-2.73260355;0.7178468108;9.011369705;25.70932437;-0.562759161;0.03130681813;-0.46685341;7
25.70343275;-2.857030153;0.756131947;9.097511292;25.71142624;-0.5615374446;0.04841103405;-0.4473057389;7
25.70553463;-3.00538516;0.7992027402;9.145368576;25.71352807;-0.5615374446;0.06551524997;-0.4265363216;7
25.70763645;-3.105883837;0.8518448472;9.221938133;25.71562994;-0.5578722358;0.08261945844;-0.4057669342;7
25.70973833;-3.211168051;0.8949156404;9.293723106;25.71773176;-0.555428803;0.09850194305;-0.3849975169;7
25.7118402;-3.292523861;0.9475577474;9.36550808;25.71983359;-0.5505418777;0.1168278903;-0.3617846668;7
25.71394202;-3.393022537;0.9858429432;9.456435204;25.72193546;-0.5444332361;0.1339320987;-0.3373500705;7
25.7160439;-3.455235958;1.014556766;9.552147865;25.72403734;-0.5395463109;0.1510363221;-0.3141372204;7
25.71814572;-3.531806231;1.048056364;9.609575272;25.72613921;-0.5346593857;0.1681405306;-0.2884808779;7
25.72024754;-3.603590965;1.048056364;9.7196455;25.72824103;-0.5273290277;0.188909933;-0.2628245652;7
25.72234942;-3.670589924;1.091127157;9.791430473;25.73034291;-0.5199986696;0.2072358727;-0.2347247899;7
25.72445129;-3.713660717;1.095912814;9.863214493;25.73244473;-0.5102248192;0.2267835438;-0.2115119249;7
25.72655317;-3.728017569;1.105484009;9.963713646;25.73454661;-0.5004509687;0.2463312149;-0.1858556122;7
25.72865499;-3.718446493;1.11984098;10.04985523;25.73664848;-0.4906771481;0.2634354234;-0.1614210159;7
25.73075687;-3.708875179;1.115055323;10.11685371;25.7387503;-0.4821250141;0.281761378;-0.1382081509;7
25.73285869;-3.680161238;1.138983607;10.19342422;25.74085218;-0.4723511934;0.2939786613;-0.1174387559;7
25.73496056;-3.646661758;1.148554921;10.26999474;25.742954;-0.4650208056;0.3049742281;-0.0978910774;7
25.73706244;-3.594019651;1.158126116;10.33220863;25.74505588;-0.4613556266;0.315969795;-0.07834340632;7
25.73916426;-3.536591768;1.16769743;10.35613632;25.7471577;-0.4576904476;0.3220784664;-0.06246092543;7
25.74126614;-3.503092289;1.16769743;10.38963604;25.74925958;-0.4564687014;0.3196350038;-0.04413498193;7
25.74336796;-3.46959281;1.162911773;10.40399265;25.7513614;-0.455246985;0.3196350038;-0.0294742249;7
25.74546984;-3.440878868;1.153340459;10.44706345;25.75346327;-0.4564687014;0.3135263622;-0.01481347065;7
25.74757166;-3.431307554;1.13419795;10.50449181;25.7555651;-0.458912164;0.3110828996;-0.002596175298;7
25.74967353;-3.445664644;1.110269666;10.52363396;25.75766697;-0.462577343;0.3049742281;0.008399390616;7
25.75177536;-3.431307554;1.062413216;10.60020447;25.75976885;-0.4637990892;0.2952004075;0.01817322709;7
25.75387723;-3.407379389;1.009771109;10.68156052;25.76187067;-0.4650208056;0.281761378;0.02550360374;7
25.75597906;-3.354737282;0.9667003751;10.78684425;25.76397254;-0.4662425518;0.2646571696;0.02916879393;7
25.75808093;-3.273381472;0.9188438654;10.88734341;25.76607442;-0.4650208056;0.2451094985;0.03039052337;7
25.76018281;-3.192025423;0.8566305041;10.99741268;25.76817624;-0.4650208056;0.2218966335;0.02916879393;7
25.76228463;-3.120240688;0.8231309652;11.09791183;25.77027812;-0.462577343;0.1974620372;0.02306014486;7
25.7643865;-3.048455954;0.760917604;11.22233772;25.77237999;-0.4613556266;0.1681405306;0.01695149764;7
25.76648838;-2.967100143;0.70348984;11.27498055;25.77448182;-0.4576904476;0.142484203;0.008399390616;7
25.7685902;-2.861815929;0.6699903607;11.36590767;25.77658369;-0.4564687014;0.1143844277;-0.002596175298;7
25.77069208;-2.751745939;0.626919508;11.40897846;25.77868551;-0.4540252388;0.08872810751;-0.01603520103;7
25.77279395;-2.656033039;0.5838487148;11.45204926;25.78078739;-0.4528035223;0.06307178736;-0.0294742249;7
25.77489577;-2.545963287;0.5312066078;11.48076344;25.78288921;-0.4503600597;0.0374154672;-0.04291325063;7
25.77699765;-2.474178553;0.4929214716;11.49990559;25.78499109;-0.4491383433;0.01542433538;-0.05635227636;7
25.77909947;-2.402393818;0.4498506486;11.49512005;25.78709291;-0.4491383433;-0.006566796452;-0.06856957078;7
25.78120135;-2.364108801;0.4163511395;11.54297638;25.78919478;-0.4479165971;-0.02122755162;-0.08200860023;7
25.78330317;-2.321038008;0.3924229145;11.51904774;25.79129661;-0.4466948807;-0.03344484791;-0.09056070447;7
25.78540504;-2.287538528;0.3732803464;11.5142622;25.79339848;-0.4466948807;-0.04199695215;-0.1027780026;7
25.78750687;-2.244467735;0.3493520916;11.53819084;25.79550036;-0.4418079555;-0.04932733253;-0.1125518382;7
25.78960874;-2.230110645;0.3349951804;11.55254745;25.79760218;-0.4369210303;-0.05543597788;-0.1223256737;7
25.79171057;-2.196611166;0.3110669553;11.5764761;25.79970406;-0.4271472096;-0.05299251899;-0.1320995092;7
25.79381244;-2.177468538;0.3062812984;11.5764761;25.80180593;-0.4161516428;-0.0542142503;-0.1443168074;7
25.79591432;-2.124826431;0.3206382394;11.61476135;25.80390775;-0.4014908671;-0.04688387364;-0.1528689116;7
25.79801614;-2.053041935;0.3062812984;11.66740322;25.80600963;-0.3868301213;-0.03955349326;-0.1626427472;7
25.80011801;-2.009970903;0.3062812984;11.74397373;25.80811145;-0.3660607338;-0.02733619884;-0.1724165827;7
25.80221989;-1.957328916;0.2967100143;11.7966156;25.81021333;-0.3416261375;-0.01511890348;-0.1809686869;7
25.80432171;-1.914258122;0.3014956415;11.86361504;25.81231515;-0.3208567202;0.001985310577;-0.1882990748;7
25.80642359;-1.895115495;0.3014956415;11.93539906;25.81441702;-0.2927569449;0.02031125315;-0.1956294477;7
25.80852541;-1.8855443;0.3158525825;12.01196957;25.8165189;-0.262213707;0.04108065739;-0.200516358;7
25.81062728;-1.899901152;0.3302095234;12.06939697;25.81862072;-0.235335663;0.0557414107;-0.2054032832;7
25.81272911;-1.909472466;0.3349951804;12.11725426;25.8207226;-0.2047924101;0.07528908551;-0.2054032832;7
25.81483098;-1.947757602;0.3637090325;12.16511059;25.82282442;-0.1754709035;0.09361502528;-0.2078467458;7
25.81693286;-1.976471543;0.3541377485;12.20339584;25.82492629;-0.1461493969;0.1070540547;-0.2090684772;7
25.81903468;-1.995614052;0.3732803464;12.18903828;25.82702817;-0.1180496216;0.1229365394;-0.2090684772;7
25.82113656;-2.038684845;0.4067798555;12.18903828;25.82912999;-0.09117157012;0.1363755614;-0.2090684772;7
25.82323838;-2.067398787;0.4067798555;12.16032505;25.83123182;-0.06918043643;0.1473711282;-0.2066250145;7
25.82534025;-2.067398787;0.4354937077;12.09811115;25.83333369;-0.04596757516;0.1608101577;-0.2054032832;7
25.82744213;-2.072184324;0.4689932466;11.99761295;25.83543556;-0.02764163166;0.1779143661;-0.2041815519;7
25.82954395;-2.091326952;0.5072783828;11.89232826;25.83753739;-0.01053741761;0.1901316643;-0.200516358;7
25.83164577;-2.11046958;0.5264210105;11.7966156;25.83963926;0.002901607659;0.2084576041;-0.1980729103;7
25.83374765;-2.143969059;0.5359922647;11.66740322;25.84174114;0.0126754446;0.2170097083;-0.1907425225;7
25.83584952;-2.210968018;0.5838487148;11.58126163;25.84384296;0.0175623633;0.2243400961;-0.1821904182;7
25.83795135;-2.282752752;0.6173482537;11.48076344;25.84594478;0.0175623633;0.2280052751;-0.1711948514;7
25.84005322;-2.359323025;0.679561615;11.38026428;25.84804671;0.01878409274;0.2255618125;-0.1577558219;7
25.8421551;-2.450250387;0.7465606928;11.26062298;25.85014853;0.01389717404;0.2231183648;-0.1443168074;7
25.84425692;-2.522035122;0.7992027402;11.14576817;25.85225041;0.006566796452;0.212122798;-0.1259908676;7
25.84635874;-2.62253356;0.8709874153;11.04048347;25.85435223;0.0016798781;0.1986837685;-0.1101083755;7
25.84846067;-2.699103832;0.8997012973;10.98784161;25.85645411;-0.008093958721;0.1864664704;-0.09300415963;7
25.85056249;-2.766103029;0.94277215;10.91605663;25.85855593;-0.01542433538;0.1742491722;-0.07589995116;7
25.85266437;-2.766103029;0.9810572863;10.88734341;25.86065781;-0.02397644334;0.1595884264;-0.06123919412;7
25.85476619;-2.766103029;1.009771109;10.84427261;25.86275963;-0.03008509055;0.1449276656;-0.04535670951;7
25.85686806;-2.727817774;1.019342422;10.83948612;25.8648615;-0.03985892609;0.1290451884;-0.03191768378;7
25.85896989;-2.694318295;1.057627559;10.82991505;25.86696338;-0.04841103405;0.1131627038;-0.01970038936;7
25.86107176;-2.627319336;1.033699393;10.82034397;25.8690652;-0.05696314201;0.09850194305;-0.009926552884;7
25.86317359;-2.550748825;1.03848505;10.79641533;25.87116708;-0.06429351866;0.08506292105;0.001069013379;7
25.86527546;-2.469393015;1.028913736;10.78684425;25.8732689;-0.07040216774;0.07528908551;0.008399390616;7
25.86737734;-2.407179594;1.028913736;10.77248764;25.87537077;-0.07773254067;0.06918043643;0.0157297682;7
25.86947916;-2.306680918;0.9954141974;10.76291656;25.8774726;-0.08017600328;0.07040216774;0.02306014486;7
25.87158103;-2.234896421;0.9667003751;10.74377346;25.87957447;-0.08384118974;0.06795870513;0.02672533318;7
25.87368286;-2.163111687;0.9140582681;10.75813103;25.88167635;-0.08384118974;0.07040216774;0.03039052337;7
25.87578473;-2.115255117;0.8805587292;10.8107729;25.88377817;-0.08506292105;0.06918043643;0.03527744114;7
25.87788656;-1.990828395;0.8614161611;10.79162979;25.88588004;-0.08506292105;0.07040216774;0.03772090003;7
25.87998843;-1.871187329;0.8566305041;10.77727318;25.88798192;-0.08384118974;0.0740673542;0.03649916872;7
25.88209031;-1.751546144;0.8422735929;10.77248764;25.89008374;-0.08139773458;0.08017600328;0.03894263133;7
25.88419213;-1.655833244;0.8231309652;10.79162979;25.89218562;-0.07773254067;0.08872810751;0.04138609022;7
25.886294;-1.584048629;0.7896314859;10.82512951;25.89428744;-0.0728456229;0.09361502528;0.0426078178;7
25.88839588;-1.526620865;0.7800601721;10.85384369;25.89638932;-0.06673697382;0.1009454057;0.04138609022;7
25.8904977;-1.464407444;0.7657032609;10.90648556;25.89849114;-0.05940660089;0.1070540547;0.0426078178;7
25.89259958;-1.430907965;0.7417750359;10.97348499;25.90059301;-0.04963276163;0.1094975099;0.04138609022;7
25.8947014;-1.402194023;0.7178468108;11.03569794;25.90269484;-0.0374154672;0.1131627038;0.03894263133;7
25.89680327;-1.354337573;0.6939185858;11.10748291;25.90479671;-0.02641990222;0.1131627038;0.03894263133;7
25.8989051;-1.320838094;0.6556333899;11.14098263;25.90689859;-0.01786779426;0.1082757786;0.03405570984;7
25.90100697;-1.268195987;0.6556333899;11.1936245;25.90900041;-0.004428769462;0.1009454057;0.03161225095;7
25.90310879;-1.225125194;0.6317051649;11.2510519;25.91110228;0.007788525894;0.08994983882;0.02672533318;7
25.90521067;-1.1820544;0.5934200287;11.27976608;25.91320411;0.02122755162;0.07651081681;0.02061668597;7
25.90731254;-1.148554921;0.5934200287;11.3132658;25.91530598;0.02977965772;0.06429351866;0.01450803876;7
25.90941437;-1.100698471;0.5886343718;11.28933716;25.9174078;0.03711003438;0.04596757516;0.007177661173;7
25.91151624;-1.062413216;0.5694918036;11.26540947;25.91950968;0.04199695215;0.02886336111;0.002290742937;7
25.91361806;-1.043270707;0.5694918036;11.21276665;25.92161156;0.04810560122;0.01420260593;-0.003817904973;7
25.91571994;-1.019342422;0.5599204898;11.12183952;25.92371338;0.04932733253;0.0007635809598;-0.01237001177;7
25.91782176;-1.019342422;0.5694918036;11.08355427;25.92581525;0.04810560122;-0.01511890348;-0.01603520103;7
25.91992364;-1.024128079;0.5503492355;10.99262714;25.92791708;0.04566214234;-0.02855792828;-0.0209221188;7
25.92202551;-1.009771109;0.5503492355;10.9304142;25.93001895;0.04688387364;-0.04321868345;-0.02458730713;7
25.92412734;-1.009771109;0.5503492355;10.8682003;25.93212077;0.04321868345;-0.05787943676;-0.02703076601;7
25.92622921;-1.004985452;0.5838487148;10.79162979;25.93422265;0.04444041103;-0.06887500733;-0.02825249545;7
25.92833103;-1.009771109;0.5838487148;10.73898792;25.93632452;0.04566214234;-0.0859792158;-0.02825249545;7
25.93043291;-1.033699393;0.6077769399;10.72463131;25.93842635;0.04321868345;-0.09941824526;-0.03069595434;7
25.93253473;-1.024128079;0.6173482537;10.71027374;25.94052822;0.04566214234;-0.1128572673;-0.03069595434;7
25.93463661;-1.014556766;0.6652047038;10.71027374;25.94263004;0.04932733253;-0.1238528341;-0.0294742249;7
25.93673848;-1.024128079;0.6747759581;10.7054882;25.94473192;0.05054906011;-0.131183207;-0.02825249545;7
25.93884031;-1.028913736;0.6843472719;10.7054882;25.94683379;0.0542142503;-0.1360701323;-0.02825249545;7
25.94094218;-1.052842021;0.6891329288;10.69113159;25.94893562;0.06276635826;-0.1397353113;-0.02703076601;7
25.943044;-1.024128079;0.6939185858;10.69591713;25.95103749;0.06887500733;-0.1397353113;-0.02580903657;7
25.94514588;-1.004985452;0.70348984;10.69591713;25.95313932;0.07620538026;-0.1336266696;-0.02336557768;7
25.94724775;-0.9667003751;0.7178468108;10.70070267;25.95524119;0.0847574845;-0.1262962967;-0.02336557768;7
25.94934958;-0.94277215;0.708275497;10.69591713;25.95734306;0.09697478265;-0.1104138121;-0.01970038936;7
25.95145145;-0.9332008362;0.6891329288;10.64327526;25.95944489;0.1055268943;-0.09330959618;-0.01847865991;7
25.95355327;-0.9092726111;0.6556333899;10.57627583;25.96154671;0.1128572673;-0.0725401938;-0.01603520103;7
25.95565515;-0.9044869542;0.6317051649;10.49970531;25.96364859;0.1238528341;-0.04810560122;-0.01114828233;7
25.95775702;-0.890130043;0.6460621357;10.4279213;25.96575046;0.131183207;-0.02367101051;-0.006261364091;7
25.95985885;-0.8422735929;0.6364908218;10.33220863;25.96785228;0.1385135949;0.006872228812;-0.001374445739;7
25.96196067;-0.7896314859;0.6604190469;10.28435135;25.96995416;0.1495091617;0.0374154672;0.004734201822;7
25.96406254;-0.756131947;0.6747759581;10.2029953;25.97205598;0.1568395346;0.06795870513;0.009621120058;7
25.96616442;-0.7274180651;0.708275497;10.164711;25.97415786;0.1641699076;0.1033888608;0.0157297682;7
25.96826624;-0.6987041831;0.70348984;10.11206818;25.97625973;0.1727220118;0.1351538301;0.02183841541;7
25.97036812;-0.6652047038;0.7226324677;10.07378292;25.97836156;0.1788306683;0.1632536054;0.02916879393;7
25.97246994;-0.650847733;0.6987041831;10.06899738;25.98046343;0.1873827726;0.1864664704;0.03405570984;7
25.97457182;-0.6412764788;0.70348984;10.01156998;25.98256525;0.1922696829;0.2023489624;0.04138609022;7
25.97667369;-0.6077769399;0.708275497;10.01156998;25.98466713;0.1971566081;0.2170097083;0.04627300799;7
25.97877551;-0.6029912829;0.708275497;9.987641335;25.986769;0.2020435184;0.2267835438;0.05115992576;7
25.98087739;-0.5886343718;0.6987041831;9.968499184;25.98887083;0.2057087123;0.2328922004;0.05726857483;7
25.98297921;-0.5838487148;0.6939185858;9.968499184;25.99097265;0.2057087123;0.2365573794;0.05971203372;7
25.98508109;-0.5838487148;0.6747759581;9.925428391;25.99307452;0.2081521749;0.235335663;0.06337722391;7
25.98718296;-0.5886343718;0.6604190469;9.901499748;25.9951764;0.204486981;0.2328922004;0.06337722391;7
25.98928478;-0.5742774606;0.6412764788;9.868000984;25.99727827;0.2032652497;0.2255618125;0.06459894776;7
25.99138661;-0.5599204898;0.626919508;9.815358162;25.9993801;0.1959348768;0.2170097083;0.06459894776;7
25.99348848;-0.5503492355;0.6077769399;9.796216011;26.00148197;0.1886045039;0.2047924101;0.06459894776;7
25.99559036;-0.5312066078;0.6077769399;9.753145218;26.00358379;0.1800523996;0.1876882017;0.06459894776;7
25.99769223;-0.5216353536;0.5838487148;9.738788605;26.00568567;0.1702785641;0.1705839932;0.06459894776;7
25.99979406;-0.5264210105;0.5407779217;9.69093132;26.00778749;0.1592829973;0.1473711282;0.06459894776;7
26.00189593;-0.5551348329;0.5359922647;9.628718376;26.00988937;0.1482874304;0.1266017258;0.06582067907;7
26.00399775;-0.5742774606;0.5264210105;9.623932838;26.01199119;0.1385135949;0.1033888608;0.06459894776;7
26.00609963;-0.5982056856;0.5216353536;9.623932838;26.01409306;0.127518028;0.07651081681;0.06459894776;7
26.00820145;-0.6125625968;0.4977070987;9.628718376;26.01619494;0.1153007299;0.04718930274;0.06337722391;7
26.01030333;-0.6077769399;0.4929214716;9.633503914;26.01829676;0.1091920808;0.02275471389;0.0621554926;7
26.01240515;-0.5982056856;0.4833501875;9.657432556;26.02039859;0.1018617004;-0.006566796452;0.05849030241;7
26.01450702;-0.5647061467;0.4833501875;9.671789169;26.02250046;0.09453132749;-0.03222311661;0.05360338464;7
26.0166089;-0.5216353536;0.4737788737;9.695717812;26.02460234;0.08842267841;-0.05910116807;0.05115992576;7
26.01871072;-0.5024927258;0.4737788737;9.705288887;26.02670421;0.0847574845;-0.0847574845;0.04871646687;7
26.02081254;-0.4737788737;0.4546363056;9.7196455;26.02880603;0.08109229803;-0.104305163;0.0438295491;7
26.02291442;-0.4594219327;0.4642075896;9.724431038;26.03090791;0.07742711157;-0.1238528341;0.03894263133;7
26.02501629;-0.4259224236;0.4498506486;9.74835968;26.03300973;0.0737619251;-0.1434005052;0.03649916872;7
26.02711817;-0.3828516304;0.4546363056;9.743574142;26.03511161;0.0725401938;-0.1580612659;0.03405570984;7
26.02921999;-0.3541377485;0.4546363056;9.724431038;26.03721348;0.07131846249;-0.1727220118;0.03649916872;7
26.03132187;-0.3254238665;0.4642075896;9.700503349;26.03931531;0.06765327603;-0.1788306683;0.03649916872;7
26.03342369;-0.3302095234;0.4785645306;9.652647018;26.04141713;0.06765327603;-0.1824958473;0.03527744114;7
26.03552556;-0.3254238665;0.4689932466;9.609575272;26.043519;0.06520981342;-0.1824958473;0.03649916872;7
26.03762744;-0.3206382394;0.4881358147;9.57129097;26.04562088;0.06276635826;-0.181274116;0.03527744114;7
26.03972926;-0.2967100143;0.4737788737;9.509077072;26.04772275;0.06154462695;-0.1751654744;0.03527744114;7
26.04183109;-0.3062812984;0.4689932466;9.499505997;26.04982458;0.05787943676;-0.1702785641;0.03649916872;7
26.04393296;-0.2823530734;0.4929214716;9.446864128;26.05192645;0.06032289565;-0.1653916389;0.03649916872;7
26.04603484;-0.2536391914;0.4929214716;9.451649666;26.05402827;0.06032289565;-0.1568395346;0.03649916872;7
26.04813671;-0.2153540403;0.4929214716;9.399007797;26.05613015;0.06032289565;-0.1519526094;0.03649916872;7
26.05023853;-0.2153540403;0.5072783828;9.403793335;26.05823197;0.06276635826;-0.1421787739;0.03772090003;7
26.05234041;-0.2009970993;0.5168496966;9.375079155;26.06033385;0.06276635826;-0.134848401;0.03772090003;7
26.05444223;-0.2009970993;0.4977070987;9.360722542;26.06243567;0.06520981342;-0.1238528341;0.04016435891;7
26.05654411;-0.2201396823;0.4929214716;9.3367939;26.06453754;0.06276635826;-0.1165224537;0.0426078178;7
26.05864593;-0.2057827413;0.4833501875;9.293723106;26.06663937;0.06765327603;-0.1079703495;0.0426078178;7
26.06074781;-0.2009970993;0.4785645306;9.260223389;26.06874124;0.07009673119;-0.09453132749;0.0438295491;7
26.06284963;-0.1866401732;0.4833501875;9.293723106;26.07084312;0.0725401938;-0.07987056673;0.04627300799;7
26.0649515;-0.1435693651;0.5120640397;9.312865257;26.07294494;0.07620538026;-0.06643154472;0.04749473557;7
26.06705333;-0.1387837082;0.5120640397;9.284152031;26.07504682;0.07498364896;-0.05054906011;0.04749473557;7
26.0691552;-0.1387837082;0.4977070987;9.245866776;26.07714869;0.07498364896;-0.02977965772;0.04749473557;7
26.07125708;-0.1292124242;0.4785645306;9.198010445;26.07925051;0.07498364896;-0.01145371422;0.04505127668;7
26.0733589;-0.1196411327;0.4402793646;9.159725189;26.08135239;0.0737619251;0.003207040019;0.0438295491;7
26.07546077;-0.09092725813;0.4211367965;9.140582085;26.08345421;0.07131846249;0.01664606482;0.0438295491;7
26.07756265;-0.06699903309;0.3924229145;9.131011009;26.08555609;0.07009673119;0.03252854943;0.04749473557;7
26.07966447;-0.0765703246;0.3780659735;9.121439934;26.08765791;0.07131846249;0.04841103405;0.05238165334;7
26.08176635;-0.1004985496;0.4163511395;9.097511292;26.08975978;0.0725401938;0.06062832847;0.05604684353;7
26.08386817;-0.1387837082;0.4307080805;9.107083321;26.09186161;0.07131846249;0.07040216774;0.06459894776;7
26.08597004;-0.1866401732;0.4402793646;9.116654396;26.09396348;0.07131846249;0.08139773458;0.06948586553;7
26.08807187;-0.2392822653;0.4546363056;9.131011009;26.09606536;0.06887500733;0.08750637621;0.07803797722;7
26.09017374;-0.2775674164;0.4785645306;9.131011009;26.09816718;0.06643154472;0.08994983882;0.08659008145;7
26.09227556;-0.3206382394;0.4833501875;9.140582085;26.10026906;0.06276635826;0.08872810751;0.09147699922;7
26.09437744;-0.3445664644;0.5120640397;9.145368576;26.10237088;0.06032289565;0.08628465235;0.1012508348;7
26.09647932;-0.3637090325;0.5072783828;9.159725189;26.10447275;0.05543597788;0.08261945844;0.1085812151;7
26.09858114;-0.3780659735;0.5264210105;9.150154114;26.10657463;0.05054906011;0.07528908551;0.1134681329;7
26.10068301;-0.3828516304;0.5359922647;9.169296265;26.10867645;0.04321868345;0.06795870513;0.119576782;7
26.10278484;-0.3732803464;0.5264210105;9.150154114;26.11077833;0.0358883068;0.0557414107;0.1232419685;7
26.10488671;-0.3684946895;0.5024927258;9.145368576;26.11288015;0.02611446939;0.03985892609;0.1256854236;7
26.10698859;-0.3589234054;0.4689932466;9.131011009;26.11498202;0.01634063199;0.02886336111;0.1293506175;7
26.10909041;-0.3445664644;0.4402793646;9.116654396;26.11708385;0.007788525894;0.01420260593;0.1305723488;7
26.11119228;-0.3206382394;0.4163511395;9.111868858;26.11918572;-0.004428769462;0.004428769462;0.1305723488;7
26.11329411;-0.3110669553;0.3732803464;9.092725754;26.1212876;-0.01175914705;-0.01023198478;0.1293506175;7
26.11539598;-0.2727817893;0.3445664644;9.126225471;26.12338942;-0.02153298259;-0.02367101051;0.1256854236;7
26.11749781;-0.2440679073;0.3110669553;9.159725189;26.12549129;-0.03252854943;-0.03711003438;0.119576782;7
26.11959968;-0.2105683982;0.2440679073;9.193224907;26.12759312;-0.04108065739;-0.05177079141;0.1134681329;7
26.12170156;-0.1531406492;0.1866401732;9.231510162;26.12969499;-0.04474584386;-0.06398808211;0.1098029464;7
26.12380338;-0.07178468257;0.1435693651;9.303294182;26.13179687;-0.05085449293;-0.07620538026;0.1061377525;7
26.12590525;-0.04307080805;0.1292124242;9.322437286;26.13389869;-0.05329795182;-0.08720094711;0.1000291109;7
26.12800708;-0.0239282269;0.1148554832;9.389435768;26.13600057;-0.05207622424;-0.09575305134;0.0975856483;7
26.13010895;-0.0143569354;0.1148554832;9.446864128;26.13810239;-0.05207622424;-0.104305163;0.09392046183;7
26.13221083;0.0;0.1100698411;9.51386261;26.14020426;-0.05085449293;-0.1079703495;0.09147699922;7
26.13431265;0.0143569354;0.08614161611;9.552147865;26.14230609;-0.04718930274;-0.1067486182;0.08536835015;7
26.13641452;0.02871387079;0.08614161611;9.600004196;26.14440796;-0.04596757516;-0.1055268943;0.08170316368;7
26.13851635;0.04785645381;0.08135596663;9.619147301;26.14650978;-0.03985892609;-0.1006399691;0.07559451461;7
26.14061822;0.04785645381;0.08135596663;9.643074989;26.14861166;-0.03375028074;-0.09330959618;0.07070759684;7
26.14272004;0.06699903309;0.0765703246;9.69093132;26.15071353;-0.02886336111;-0.08720094711;0.06704241037;7
26.14482192;0.09571290761;0.06699903309;9.729216576;26.15281536;-0.0190895237;-0.07742711157;0.0609337613;7
26.14692374;0.1004985496;0.07178468257;9.74835968;26.15491723;-0.009315688163;-0.06765327603;0.05726857483;7
26.14902562;0.1292124242;0.06221338734;9.786644936;26.15701906;0.0016798781;-0.05910116807;0.05115992576;7
26.15112749;0.1387837082;0.05742774159;9.834501266;26.15912093;0.01389717404;-0.04932733253;0.04749473557;7
26.15322932;0.1387837082;0.04307080805;9.858428955;26.16122275;0.02367101051;-0.03955349326;0.0438295491;7
26.15533119;0.1387837082;0.05264209956;9.901499748;26.16332463;0.03344484791;-0.02855792828;0.03894263133;7
26.15743301;0.1292124242;0.04785645381;9.915857315;26.1654265;0.04444041103;-0.02000582218;0.03405570984;7
26.15953489;0.1244267747;0.04785645381;9.882357597;26.16752838;0.05543597788;-0.007788525894;0.02916879393;7
26.16163671;0.1292124242;0.05742774159;9.844072342;26.1696302;0.06276635826;0.0007635809598;0.02306014486;7
26.16373859;0.1435693651;0.05742774159;9.805787086;26.17173208;0.07131846249;0.01175914705;0.02061668597;7
26.16584046;0.1387837082;0.0765703246;9.777072906;26.1738339;0.07498364896;0.02275471389;0.0157297682;7
26.16794234;0.1387837082;0.09092725813;9.738788605;26.17593577;0.07864884287;0.03497200832;0.01206457894;7
26.17004416;0.1292124242;0.09092725813;9.652647018;26.1780376;0.08353576064;0.04474584386;0.0108428495;7
26.17214603;0.09571290761;0.1100698411;9.585647583;26.18013947;0.08231402934;0.05451968312;0.009621120058;7
26.17424786;0.08135596663;0.1292124242;9.509077072;26.18224129;0.07987056673;0.06185005978;0.008399390616;7
26.17634973;0.05742774159;0.1435693651;9.437292099;26.18434317;0.07620538026;0.06918043643;0.008399390616;7
26.17845156;0.004785645287;0.1722832322;9.36550808;26.18644499;0.07131846249;0.06918043643;0.009621120058;7
26.18055343;-0.0143569354;0.2153540403;9.298508644;26.18854687;0.06398808211;0.0728456229;0.0108428495;7
26.18265525;-0.04307080805;0.2632105052;9.245866776;26.19064874;0.05299251899;0.06918043643;0.01206457894;7
26.18475713;-0.06221338734;0.2871387303;9.217152596;26.19275056;0.04566214234;0.06429351866;0.01450803876;7
26.18685895;-0.1052841991;0.3158525825;9.150154114;26.19485244;0.03466657549;0.05696314201;0.0157297682;7
26.18896083;-0.1339980662;0.3445664644;9.140582085;26.19695426;0.02122755162;0.04841103405;0.0157297682;7
26.1910627;-0.1579262912;0.3589234054;9.102297783;26.19905614;0.009010255337;0.03619373962;0.01817322709;7
26.19316452;-0.1770688742;0.3732803464;9.068798065;26.20115801;-0.00565049937;0.02275471389;0.01817322709;7
26.1952664;-0.1818545163;0.3780659735;9.064012527;26.20325984;-0.02031125315;0.01053741761;0.01939495653;7
26.19736822;-0.2153540403;0.3828516304;9.035298347;26.20536171;-0.03252854943;-0.002901607659;0.01939495653;7
26.1994701;-0.2297109663;0.3732803464;9.016156197;26.20746353;-0.04841103405;-0.01511890348;0.01939495653;7
26.20157197;-0.2584248483;0.3637090325;9.035298347;26.20956541;-0.06062832847;-0.02611446939;0.01939495653;7
26.20367379;-0.2488535494;0.3541377485;9.064012527;26.21166728;-0.07040216774;-0.03344484791;0.01939495653;7
26.20577567;-0.2584248483;0.3445664644;9.121439934;26.21376911;-0.08017600328;-0.03955349326;0.01817322709;7
26.20787749;-0.2440679073;0.3254238665;9.169296265;26.21587098;-0.08628465235;-0.04444041103;0.01817322709;7
26.20997937;-0.2392822653;0.3254238665;9.221938133;26.21797286;-0.09117157012;-0.04810560122;0.01450803876;7
26.21208124;-0.2153540403;0.3302095234;9.30807972;26.22007468;-0.09483675659;-0.05177079141;0.01206457894;7
26.21418306;-0.1962114573;0.3014956415;9.408578873;26.22217656;-0.09361502528;-0.0542142503;0.008399390616;7
26.21628494;-0.1722832322;0.2823530734;9.528220177;26.22427838;-0.08994983882;-0.05299251899;0.00351247238;7
26.21838682;-0.1531406492;0.2584248483;9.604789734;26.22638025;-0.08506292105;-0.0542142503;-0.001374445739;7
26.22048864;-0.1387837082;0.2392822653;9.729216576;26.22848208;-0.08139773458;-0.05787943676;-0.006261364091;7
26.22259051;-0.1339980662;0.2297109663;9.839286804;26.23058395;-0.0728456229;-0.05665770918;-0.01114828233;7
26.22469234;-0.1339980662;0.2057827413;9.925428391;26.23268577;-0.06307178736;-0.05665770918;-0.01603520103;7
26.22679421;-0.1292124242;0.1722832322;9.997213364;26.2347876;-0.05696314201;-0.05299251899;-0.02336557768;7
26.22889603;-0.1483550072;0.1483550072;10.07378292;26.23688952;-0.04718930274;-0.04932733253;-0.03069595434;7
26.23099791;-0.1483550072;0.1196411327;10.13599682;26.23899135;-0.03619373962;-0.04688387364;-0.03924806044;7
26.23309973;-0.1435693651;0.1148554832;10.15035343;26.24109317;-0.02886336111;-0.04199695215;-0.04657844082;7
26.23520156;-0.1627119333;0.1052841991;10.18863869;26.24319504;-0.02153298259;-0.03833176568;-0.05635227636;7
26.23730348;-0.1531406492;0.09092725813;10.19342422;26.24529692;-0.01786779426;-0.03833176568;-0.06490438432;7
26.23940531;-0.1674975902;0.08614161611;10.18863869;26.24739874;-0.01175914705;-0.03466657549;-0.07223475724;7
26.24150713;-0.1914258152;0.1244267747;10.18863869;26.24950062;-0.01175914705;-0.03222311661;-0.07834340632;7
26.243609;-0.2440679073;0.1435693651;10.164711;26.25160249;-0.009315688163;-0.03100138716;-0.08323032409;7
26.24571088;-0.2919243574;0.1722832322;10.13121128;26.25370432;-0.01175914705;-0.02855792828;-0.08933897316;7
26.2478127;-0.3493520916;0.2153540403;10.1024971;26.25580619;-0.01420260593;-0.02611446939;-0.09422589093;7
26.24991458;-0.4067798555;0.2727817893;10.04985523;26.25790801;-0.02275471389;-0.02489273995;-0.0991128087;7
26.25201645;-0.4737788737;0.3014956415;10.02114105;26.26000989;-0.02764163166;-0.02000582218;-0.1039997265;7
26.25411827;-0.5551348329;0.3397808075;9.997213364;26.26211171;-0.03497200832;-0.01511890348;-0.1113301069;7
26.25622015;-0.6173482537;0.3876372576;10.00678444;26.26421359;-0.04352411628;-0.009010255337;-0.1149952933;7
26.25832197;-0.6939185858;0.4259224236;10.00678444;26.26631541;-0.05207622424;-0.0016798781;-0.1211039424;7
26.26042385;-0.756131947;0.4594219327;10.09292603;26.26841728;-0.0557414107;0.004428769462;-0.127212584;7
26.26252567;-0.8039883971;0.4785645306;10.18863869;26.27051911;-0.06062832847;0.00565049937;-0.1333212405;7
26.26462754;-0.8853443861;0.5120640397;10.33220863;26.27262098;-0.06185005978;0.004428769462;-0.1394298822;7
26.26672937;-0.9906286001;0.5216353536;10.47577763;26.27472286;-0.06185005978;-0.0004581485991;-0.1455385387;7
26.26883124;-1.100698471;0.5359922647;10.63848972;26.27682473;-0.05696314201;-0.007788525894;-0.150425449;7
26.27093306;-1.21555388;0.5455635786;10.81555843;26.27892656;-0.05085449293;-0.01511890348;-0.1577558219;7
26.27303494;-1.349551916;0.5551348329;11.01177025;26.28102843;-0.04230238497;-0.02611446939;-0.1638644785;7
26.27513682;-1.483550072;0.5742774606;11.1936245;26.28313025;-0.03375028074;-0.03833176568;-0.1724165827;7
26.27723869;-1.627119422;0.5934200287;11.37547874;26.28523213;-0.02031125315;-0.05054906011;-0.1809686869;7
26.27934051;-1.732403636;0.5982056856;11.55733299;26.28733395;-0.006872228812;-0.05910116807;-0.1882990748;7
26.28144239;-1.837687731;0.6221339107;11.6961174;26.28943583;0.01145371422;-0.06765327603;-0.1944077164;7
26.28354421;-1.914258122;0.650847733;11.83968639;26.2915377;0.02611446939;-0.0737619251;-0.1980729103;7
26.28564609;-2.019542217;0.6843472719;11.98325539;26.29363952;0.04321868345;-0.0847574845;-0.2017380893;7
26.28774791;-2.134397745;0.7465606928;12.09811115;26.29574135;0.05665770918;-0.08964440972;-0.1980729103;7
26.28984978;-2.239681959;0.8087740541;12.16989613;26.29784322;0.0737619251;-0.09208786488;-0.1980729103;7
26.29195166;-2.388036966;0.866201818;12.20339584;26.2999451;0.0859792158;-0.09453132749;-0.1931859851;7
26.29405348;-2.560320139;0.9092726111;12.23689461;26.30204692;0.09819651395;-0.09086613357;-0.1870773435;7
26.29615531;-2.703889608;0.9571290612;12.25603771;26.30414879;0.1104138121;-0.09330959618;-0.1809686869;7
26.29825718;-2.842673302;1.004985452;12.25125217;26.30625062;0.1201876476;-0.09086613357;-0.1724165827;7
26.30035906;-2.967100143;1.028913736;12.26082325;26.30835249;0.131183207;-0.09208786488;-0.1650862098;7
26.30246088;-3.072384357;1.03848505;12.26082325;26.31045437;0.1409570426;-0.08720094711;-0.1589775532;7
26.30456275;-3.163311481;1.057627559;12.25125217;26.31255619;0.1482874304;-0.08720094711;-0.150425449;7
26.30666458;-3.259024382;1.100698471;12.26082325;26.31465807;0.1592829973;-0.08964440972;-0.1443168074;7
26.30876645;-3.34038043;1.177268744;12.27517986;26.31675989;0.1666133702;-0.09453132749;-0.1382081509;7
26.31086833;-3.393022537;1.220339537;12.31825066;26.31886176;0.1788306683;-0.09697478265;-0.1296560466;7
26.31297015;-3.455235958;1.268195987;12.34696484;26.32096359;0.1861610413;-0.1055268943;-0.1186604798;7
26.31507202;-3.498306751;1.296909928;12.37567902;26.32306546;0.1959348768;-0.117744185;-0.1064431891;7
26.31717385;-3.555734396;1.320838094;12.37567902;26.32516734;0.2032652497;-0.131183207;-0.09422589093;7
26.31927572;-3.641875982;1.344766378;12.41874981;26.32726916;0.2118173689;-0.1446222365;-0.07834340632;7
26.32137754;-3.708875179;1.35912323;12.40917778;26.32937103;0.2191477418;-0.1605047137;-0.06368265301;7
26.32347942;-3.775874138;1.378265858;12.43789196;26.33147291;0.2252563834;-0.1763872057;-0.04657844082;7
26.32558129;-3.847658873;1.378265858;12.45224857;26.33357473;0.2289215773;-0.1934914142;-0.03069595434;7
26.32768312;-3.90030098;1.378265858;12.48096275;26.33567661;0.235030219;-0.2118173689;-0.01237001177;7
26.32978499;-3.952943087;1.387837172;12.44746304;26.33777843;0.235030219;-0.2313650399;0.002290742937;7
26.33188687;-3.9625144;1.373480201;12.39003563;26.3398803;0.2338084877;-0.2484692484;0.0157297682;7
26.33398869;-3.98165679;1.35912323;12.34696484;26.34198218;0.235030219;-0.2667951882;0.02794706449;7
26.33609057;-3.98165679;1.282552958;12.25125217;26.344084;0.235030219;-0.2863428593;0.03527744114;7
26.33819239;-3.938585997;1.239482164;12.21775246;26.34618588;0.235030219;-0.3022253513;0.0426078178;7
26.34029426;-3.871587038;1.21555388;12.16989613;26.3482877;0.235030219;-0.3193295598;0.04505127668;7
26.34239614;-3.775874138;1.249053478;12.18903828;26.35038958;0.2362519503;-0.3352120519;0.04871646687;7
26.34449796;-3.641875982;1.287338614;12.16032505;26.3524914;0.2386954129;-0.3523162603;0.05238165334;7
26.34659984;-3.56530571;1.339980721;12.16032505;26.35459327;0.2411388755;-0.370642215;0.05604684353;7
26.34870166;-3.541377544;1.339980721;12.15553856;26.35669515;0.2435823381;-0.3889681399;0.05849030241;7
26.35080353;-3.527020693;1.316052437;12.13161087;26.35879697;0.2509126961;-0.4097375572;0.0621554926;7
26.35290536;-3.527020693;1.258624673;12.09811115;26.36089885;0.2509126961;-0.4292852283;0.06337722391;7
26.35500723;-3.493520975;1.210768223;12.10289669;26.36300067;0.2545779049;-0.4439459741;0.06582067907;7
26.35710911;-3.450450182;1.201196909;12.06939697;26.36510254;0.2594648004;-0.45860672;0.06826414168;7
26.35921093;-3.426522017;1.16769743;12.04546928;26.36720442;0.2643517256;-0.4732674956;0.07192932814;7
26.3613128;-3.43609333;1.124626637;12.01196957;26.36930624;0.2680169344;-0.4842630625;0.0743727833;7
26.36341463;-3.445664644;1.105484009;12.0167551;26.37140812;0.2765690386;-0.4952586293;0.07681624591;7
26.3655165;-3.460021496;1.076770186;11.97368431;26.37350994;0.2875646055;-0.5038107038;0.07559451461;7
26.36761838;-3.460021496;1.028913736;11.99761295;26.37561182;0.2997818887;-0.5123628378;0.0743727833;7
26.3697202;-3.464807272;0.9858429432;12.0167551;26.37771364;0.3181078434;-0.5209149122;0.07192932814;7
26.37182208;-3.412165165;1.009771109;12.04068375;26.37981551;0.3376555145;-0.5306887627;0.07070759684;7
26.3739239;-3.345165968;1.052842021;12.10289669;26.38191739;0.3572031856;-0.5380191803;0.06948586553;7
26.37602577;-3.306880951;1.100698471;12.11725426;26.38401921;0.3804160357;-0.5416843295;0.07070759684;7
26.3781276;-3.268595695;1.13419795;12.15075302;26.38612109;0.4024071693;-0.5490147471;0.07192932814;7
26.38022947;-3.306880951;1.143769264;12.16989613;26.38822291;0.424398303;-0.5526798964;0.07559451461;7
26.38233135;-3.345165968;1.153340459;12.16511059;26.39032478;0.4463894367;-0.5526798964;0.08048143238;7
26.38443317;-3.393022537;1.186840057;12.09811115;26.39242661;0.4683805704;-0.5526798964;0.08781181276;7
26.38653504;-3.421736479;1.205982566;12.00239849;26.39452848;0.4842630625;-0.5465712547;0.09514218569;7
26.38863687;-3.445664644;1.210768223;11.88754272;26.39663031;0.5025889874;-0.5392408967;0.1036942974;7
26.39073874;-3.464807272;1.205982566;11.73440266;26.39873218;0.5160280466;-0.524580121;0.1134681329;7
26.39284056;-3.479164124;1.210768223;11.5334053;26.40083406;0.5306887627;-0.508697629;0.1232419685;7
26.39494244;-3.522234917;1.191625714;11.36590767;26.40293588;0.5404626131;-0.4903717041;0.1342375278;7
26.39704426;-3.527020693;1.196411371;11.23669529;26.40503775;0.5502364635;-0.4696022868;0.142789647;7
26.39914614;-3.488735437;1.234696507;11.06441212;26.40713958;0.5575668216;-0.4488328993;0.1537852138;7
26.40124801;-3.450450182;1.287338614;10.90170002;26.40924145;0.5697841048;-0.428063482;0.1635590494;7
26.40334984;-3.402593851;1.368694544;10.74377346;26.41134333;0.5758927464;-0.404850632;0.1745546162;7
26.40545171;-3.369094372;1.411765337;10.60020447;26.41344515;0.5832231641;-0.3755291104;0.1843284518;7
26.40755353;-3.369094372;1.445264935;10.44706345;26.41554702;0.5905535221;-0.3486510813;0.1953240186;7
26.40965541;-3.364308596;1.450050473;10.3226366;26.41764885;0.5978838801;-0.3156643808;0.2050978541;7
26.41175728;-3.345165968;1.450050473;10.16949654;26.41975072;0.6052142978;-0.2765690386;0.2136499584;7
26.41385911;-3.302095175;1.445264935;10.03071213;26.42185254;0.608879447;-0.235030219;0.2222020626;7
26.41596098;-3.239881754;1.421336651;9.882357597;26.42395442;0.6113229394;-0.1947131455;0.2295324355;7
26.4180628;-3.163311481;1.397408366;9.734002113;26.42605624;0.6149880886;-0.154396072;0.2356410921;7
26.42016468;-3.077169895;1.373480201;9.547362328;26.42815817;0.6149880886;-0.1165224537;0.2393062711;7
26.4222665;-2.971885681;1.349551916;9.403793335;26.43025999;0.6113229394;-0.07742711157;0.2393062711;7
26.42436838;-2.885744095;1.349551916;9.260223389;26.43236187;0.6125446558;-0.03833176568;0.2393062711;7
26.4264702;-2.785245657;1.339980721;9.131011009;26.43446369;0.608879447;0.006872228812;0.2405280024;7
26.42857213;-2.675175667;1.378265858;8.982656479;26.43656557;0.6064360142;0.05085449293;0.242971465;7
26.43067395;-2.579462767;1.416550994;8.867800713;26.43866739;0.601549089;0.0972802192;0.2454149276;7
26.43277583;-2.550748825;1.440479279;8.781659126;26.44076926;0.5966621637;0.138819024;0.2490801066;7
26.43487765;-2.550748825;1.45483613;8.657232285;26.44287109;0.5905535221;0.1840230078;0.2515235841;7
26.43697952;-2.565105915;1.440479279;8.542376518;26.44497296;0.5856665969;0.2304487377;0.2551887631;7
26.43908135;-2.565105915;1.440479279;8.456234932;26.44707478;0.5795579553;0.2719875574;0.2564104795;7
26.44118322;-2.502892494;1.421336651;8.379665375;26.44917666;0.5758927464;0.3135263622;0.2600756884;7
26.44328504;-2.445464849;1.421336651;8.307880402;26.45127853;0.5648971796;0.355065167;0.2588539422;7
26.44538692;-2.402393818;1.411765337;8.236095428;26.45338036;0.5551233888;0.3966039717;0.2612974048;7
26.44748874;-2.359323025;1.373480201;8.126026154;26.45548223;0.5465712547;0.4320341051;0.2637408674;7
26.44959062;-2.359323025;1.330409408;8.025527;26.45758406;0.5343539715;0.4650208056;0.2674060464;7
26.45169249;-2.349751949;1.306481123;7.982456207;26.45968593;0.5258018374;0.4943423271;0.2710712552;7
26.45379432;-2.354537487;1.296909928;8.011170387;26.46178775;0.5160280466;0.5187768936;0.2759581506;7
26.45589619;-2.359323025;1.330409408;8.025527;26.46388963;0.5062541962;0.5383245945;0.2845102847;7
26.45799801;-2.388036966;1.344766378;8.073383331;26.4659915;0.4977020919;0.5517635942;0.2942841053;7
26.46009989;-2.455035925;1.35912323;8.116454124;26.46809333;0.4879282415;0.5615374446;0.3052796721;7
26.46220171;-2.593819857;1.354337573;8.197810173;26.4701952;0.4805978537;0.5664243698;0.319940418;7
26.46430359;-2.71824646;1.325623751;8.293522835;26.47229708;0.4732674956;0.5590940118;0.3346011937;7
26.46640546;-2.82831645;1.292124271;8.403593063;26.4743989;0.470824033;0.5456549525;0.3504836559;7
26.46850728;-2.952743053;1.296909928;8.48973465;26.47650072;0.467158854;0.5285507441;0.366366148;7
26.47060916;-3.048455954;1.330409408;8.623732567;26.4786026;0.4622719288;0.505337894;0.3822486401;7
26.47271103;-3.125026464;1.335195065;8.685946465;26.48070447;0.4622719288;0.4760163724;0.4017963111;7
26.47481286;-3.177668571;1.335195065;8.776873589;26.48280629;0.4598284662;0.4381427765;0.4176788032;7
26.47691468;-3.206382275;1.330409408;8.839086533;26.48490817;0.4573850036;0.4002691507;0.4372264743;7
26.47901656;-3.273381472;1.325623751;8.920442581;26.48700999;0.4561632872;0.3599520624;0.4531089365;7
26.48111843;-3.330809116;1.282552958;8.997013092;26.48911187;0.4561632872;0.3245218992;0.4702131748;7
26.48322025;-3.349951744;1.249053478;9.073583603;26.49121374;0.4573850036;0.2890917659;0.4873173833;7
26.48532213;-3.354737282;1.225125194;9.111868858;26.49331557;0.4610501826;0.2536616027;0.501978159;7
26.48742395;-3.349951744;1.172483087;9.159725189;26.49541744;0.4634936452;0.2170097083;0.5154171586;7
26.48952583;-3.316452265;1.162911773;9.17886734;26.49751926;0.4659371078;0.1840230078;0.5276344419;7
26.4916277;-3.24466753;1.148554921;9.202795982;26.49962114;0.4720457494;0.1510363221;0.5386300087;7
26.49372952;-3.14895463;1.105484009;9.188439369;26.50172296;0.4781544209;0.121714808;0.5447386503;7
26.4958314;-3.096312523;1.033699393;9.159725189;26.50382484;0.4818195999;0.09361502528;0.5508472919;7
26.49793322;-3.000599623;0.9714859724;9.102297783;26.50592671;0.4867065251;0.06551524997;0.5557342172;7
26.5000351;-2.880958557;0.9188438654;9.049654961;26.50802853;0.4903717041;0.04596757516;0.5569559336;7
26.50213692;-2.73260355;0.8757730722;8.939585686;26.51013041;0.4928151667;0.03497200832;0.5581777096;7
26.50423879;-2.560320139;0.8757730722;8.796015739;26.51223223;0.4952586293;0.02886336111;0.5569559336;7
26.50634067;-2.402393818;0.8614161611;8.623732567;26.51433411;0.4964803457;0.02886336111;0.5532907844;7
26.50844249;-2.239681959;0.8279166222;8.46102047;26.51643598;0.4952586293;0.03375028074;0.5496255755;7
26.51054437;-2.067398787;0.7704889178;8.317451477;26.5185378;0.4928151667;0.04841103405;0.5435169339;7
26.51264619;-1.919043779;0.7369893789;8.135597229;26.52063968;0.4903717041;0.07040216774;0.5361865759;7
26.51474807;-1.765903115;0.6987041831;7.982456207;26.52274156;0.4879282415;0.09117157012;0.5300779343;7
26.51684994;-1.627119422;0.6652047038;7.805387497;26.52484338;0.4867065251;0.1131627038;0.5215258002;7
26.51895176;-1.488335729;0.6604190469;7.652246952;26.52694525;0.4842630625;0.1412624866;0.5105302334;7
26.52105364;-1.378265858;0.6173482537;7.489534855;26.52904708;0.4818195999;0.1705839932;0.4970912039;7
26.52315551;-1.239482164;0.5886343718;7.365108013;26.53114895;0.4781544209;0.2035706937;0.4836521745;7
26.52525734;-1.0863415;0.5599204898;7.264609337;26.53325077;0.4757109582;0.2414443046;0.4689914286;7
26.52735921;-0.9523434043;0.5503492355;7.13061142;26.53535265;0.4696022868;0.2805396616;0.4506655037;7
26.52946103;-0.7944171429;0.5551348329;6.98704195;26.53745447;0.4647153914;0.3245218992;0.4323395491;7
26.53156291;-0.6173482537;0.5838487148;6.843472958;26.53955635;0.4561632872;0.3648389876;0.4152353406;7
26.53366473;-0.4977070987;0.5886343718;6.719046116;26.54165822;0.4488328993;0.4112647176;0.3969093859;7
26.53576661;-0.4115654826;0.5742774606;6.589833736;26.54376004;0.4427242577;0.4601338804;0.3798051775;7
26.53786843;-0.3397808075;0.5455635786;6.47497797;26.54586192;0.4317286909;0.5077813268;0.362700969;7
26.5399703;-0.2632105052;0.5264210105;6.340980053;26.54796374;0.420733124;0.5566505194;0.3443750143;7
26.54207218;-0.2009970993;0.5120640397;6.235695839;26.55006562;0.4097375572;0.6030762792;0.3284925222;7
26.544174;-0.1292124242;0.4929214716;6.197410583;26.55216744;0.3962985277;0.6421716213;0.31261006;7
26.54627588;-0.05264209956;0.5072783828;6.149554253;26.55426932;0.3816377819;0.6727148294;0.2955058515;7
26.5483777;-0.009571290575;0.4833501875;6.120840549;26.55637119;0.3657552898;0.6959276795;0.2796233594;7
26.55047958;0.0239282269;0.5024927258;6.135197163;26.55847301;0.3498727977;0.713031888;0.2637408674;7
26.5525814;0.0382851623;0.4977070987;6.216553211;26.56057489;0.3339903057;0.721584022;0.2478583902;7
26.55468327;-0.009571290575;0.4977070987;6.288337708;26.56267676;0.3229947388;0.7264709473;0.2295324355;7
26.55678515;-0.06221338734;0.4594219327;6.417550564;26.56477859;0.3095557392;0.7228057384;0.2124282271;7
26.55888697;-0.1100698411;0.4115654826;6.48933506;26.56688046;0.2973384261;0.713031888;0.192880556;7
26.56098885;-0.08614161611;0.3349951804;6.580262184;26.56898228;0.2924515009;0.6947059631;0.1721111536;7
26.56309072;-0.04307080805;0.2536391914;6.656832695;26.57108416;0.2851211429;0.662940979;0.1501200199;7
26.56519254;0.0239282269;0.1866401732;6.766902447;26.57318598;0.2790125012;0.6262891293;0.1305723488;7
26.56729442;0.06221338734;0.1531406492;6.843472958;26.57528786;0.2667951882;0.5835285783;0.1122464016;7
26.56939624;0.09571290761;0.1292124242;6.896114826;26.57738968;0.2533561587;0.5407680273;0.09514218569;7
26.57149812;0.08135596663;0.1483550072;6.862615108;26.57949156;0.2362519503;0.4992292523;0.08048143238;7
26.57359994;0.0239282269;0.1483550072;6.833901405;26.58159343;0.2130390853;0.4564687014;0.07192932814;7
26.57570182;-0.09092725813;0.1627119333;6.79561615;26.58369525;0.1886045039;0.4161516428;0.06337722391;7
26.57780364;-0.2297109663;0.1914258152;6.709474564;26.58579713;0.161726445;0.374612838;0.0609337613;7
26.57990551;-0.3493520916;0.2536391914;6.675975323;26.58789895;0.1324049383;0.3355174661;0.0609337613;7
26.58200739;-0.4498506486;0.3349951804;6.661618233;26.59000083;0.1055268943;0.3025307953;0.06582067907;7
26.58410921;-0.5647061467;0.4067798555;6.642475605;26.59210265;0.07742711157;0.2695440948;0.07559451461;7
26.58621109;-0.6891329288;0.4689932466;6.63290453;26.59420452;0.05665770918;0.2402225733;0.09025526792;7
26.58831291;-0.8279166222;0.5264210105;6.63290453;26.5963064;0.0358883068;0.2109010667;0.1085812151;7
26.59041478;-0.9475577474;0.5694918036;6.68076086;26.59840822;0.01634063199;0.1803578287;0.1281288862;7
26.59251661;-1.048056364;0.6317051649;6.752545357;26.60051004;0.004123337101;0.1547015011;0.1525634825;7
26.59461848;-1.143769264;0.679561615;6.80997324;26.60261192;-0.006872228812;0.131488651;0.1818849891;7
26.59672036;-1.205982566;0.732203722;6.905686378;26.60471379;-0.01664606482;0.1119409725;0.2099847645;7
26.59882218;-1.301695466;0.7944171429;6.963113785;26.60681567;-0.02397644334;0.09605848789;0.2417497337;7
26.600924;-1.363908887;0.8279166222;6.996613503;26.60891749;-0.03008509055;0.08750637621;0.2710712552;7
26.60302588;-1.378265858;0.8949156404;7.020541668;26.61101937;-0.03619373962;0.08261945844;0.3016144931;7
26.60512775;-1.349551916;0.94277215;7.006184578;26.61312119;-0.04230238497;0.08750637621;0.3297142684;7
26.60722963;-1.301695466;0.9810572863;6.939185619;26.61522307;-0.05085449293;0.09605848789;0.3590357602;7
26.60933145;-1.1820544;1.03848505;6.867401123;26.61732489;-0.05818486959;0.115606159;0.3871355653;7
26.61143333;-1.052842021;1.048056364;6.747759819;26.61942676;-0.0728456229;0.1375972927;0.412791878;7
26.61353515;-0.890130043;1.057627559;6.585047722;26.62152859;-0.08750637621;0.1644753367;0.4384481907;7
26.61563702;-0.756131947;1.043270707;6.412764549;26.62363046;-0.1046105921;0.1999054998;0.4616610706;7
26.61773885;-0.5934200287;1.004985452;6.302694798;26.62573234;-0.1253799945;0.2512181401;0.4860956371;7
26.61984072;-0.4354937077;1.000199914;6.159125328;26.62783416;-0.1461493969;0.3025307953;0.5117519498;7
26.62194254;-0.2967100143;0.9810572863;5.9485569;26.62993603;-0.1681405306;0.3611738086;0.5361865759;7
26.62404442;-0.1722832322;0.9954141974;5.781059742;26.63203786;-0.1950185746;0.4173733592;0.559399426;7
26.62614629;-0.0765703246;1.009771109;5.6566329;26.63413973;-0.2231183648;0.4772381186;0.5826122761;7
26.62824812;0.01914258115;1.014556766;5.532206059;26.63624161;-0.2475529462;0.5395463109;0.6046034098;7
26.63034999;0.1004985496;1.009771109;5.455635548;26.63834343;-0.2744309902;0.5994110703;0.6241511106;7
26.63245182;0.2057827413;0.9858429432;5.398207664;26.6404453;-0.3013090491;0.6580541134;0.6424770355;7
26.63455369;0.2919243574;0.9523434043;5.379065514;26.64254713;-0.3245218992;0.714253664;0.6571378112;7
26.63665556;0.3924229145;0.8949156404;5.402993679;26.644649;-0.3465130329;0.7741183639;0.6717985272;7
26.63875739;0.4785645306;0.8566305041;5.484349728;26.64675088;-0.3672824502;0.8229875565;0.6864593029;7
26.64085926;0.5168496966;0.813559711;5.575276852;26.6488527;-0.3868301213;0.8718567491;0.6974548697;7
26.64296109;0.5599204898;0.7800601721;5.704489231;26.65095452;-0.4027126133;0.9231693745;0.7084504366;7
26.64506296;0.6029912829;0.756131947;5.838487148;26.6530564;-0.4161516428;0.9708168507;0.7194460034;7
26.64716484;0.650847733;0.7417750359;6.010770321;26.65515827;-0.4295906425;1.017242551;0.7267763615;7
26.64926666;0.7274180651;0.732203722;6.163911343;26.65726015;-0.4405862093;1.055116177;0.7328850031;7
26.65136848;0.7800601721;0.6843472719;6.364908218;26.65936197;-0.4515817761;1.089324594;0.7377719283;7
26.65347036;0.8709874153;0.6747759581;6.580262184;26.66146379;-0.462577343;1.117424369;0.7414371371;7
26.65557223;0.9858429432;0.6652047038;6.699903488;26.66356567;-0.4760163724;1.139415503;0.7463240623;7
26.65767411;1.105484009;0.6699903607;6.82433033;26.66566754;-0.4918988645;1.155297995;0.7487674952;7
26.65977593;1.201196909;0.679561615;6.958328247;26.66776937;-0.5077813268;1.168737054;0.7512109876;7
26.66187775;1.253839016;0.6747759581;7.14496851;26.66987124;-0.5273290277;1.180954337;0.7548761368;7
26.66397963;1.272981644;0.6029912829;7.298109055;26.67197307;-0.5456549525;1.180954337;0.7573196292;7
26.6660815;1.272981644;0.5407779217;7.451249599;26.67407494;-0.5652026534;1.179732561;0.7573196292;7
26.66818333;1.287338614;0.4977070987;7.67138958;26.67617676;-0.5835285783;1.167515278;0.7548761368;7
26.6702852;1.268195987;0.4211367965;7.877171993;26.67827864;-0.5969675779;1.149189353;0.7536544204;7
26.67238702;1.26341033;0.3637090325;8.102097511;26.68038046;-0.6104066372;1.127198219;0.7499892116;7
26.6744889;1.253839016;0.2919243574;8.341380119;26.68248234;-0.6189587116;1.092989802;0.7451022863;7
26.67659072;1.239482164;0.2440679073;8.595019341;26.68458421;-0.6250674129;1.057559609;0.7414371371;7
26.6786926;1.26341033;0.1914258152;8.886942863;26.68668603;-0.6275108457;1.008690476;0.7341067195;7
26.68079442;1.282552958;0.1435693651;9.164510727;26.68878791;-0.6275108457;0.9634864926;0.7292198539;7
26.68289629;1.301695466;0.09571290761;9.446864128;26.69088978;-0.6250674129;0.9158390164;0.7231112123;7
26.68499817;1.320838094;0.07178468257;9.686145782;26.69299161;-0.6189587116;0.8669698238;0.717002511;7
26.68709999;1.349551916;0.05264209956;9.87757206;26.69509348;-0.6152935624;0.8181006312;0.7133373618;7
26.68920187;1.354337573;0.04307080805;10.04985523;26.6971953;-0.6079631448;0.7728966475;0.7108938694;7
26.69130374;1.368694544;0.04785645381;10.2029953;26.69929718;-0.6042979956;0.7289143801;0.7084504366;7
26.69340557;1.402194023;0.06221338734;10.31785107;26.70139906;-0.5994110703;0.6873756051;0.7084504366;7
26.69550744;1.387837172;0.07178468257;10.45663452;26.70350088;-0.5945241451;0.6482802629;0.7121156454;7
