Tempo acelerômetro (s);Acelerômetro X (m/s²);Acelerômetro Y (m/s²);Acelerômetro Z (m/s²);Tempo giroscópio (s);Giroscópio X (rad/s);Giroscópio Y (rad/s);Giroscópio Z (rad/s);gesto
28.60203501;1.028913736;0.7417750359;9.41336441;28.61002808;-0.2193004489;0.6223185062;0.9005674124;8
28.60413673;0.9475577474;0.6843472719;9.370293617;28.61212986;-0.2461785078;0.5612320304;0.9262236953;8
28.6062385;0.8949156404;0.6604190469;9.38465023;28.61423163;-0.2730565667;0.4928151667;0.9518800378;8
28.60834027;0.9044869542;0.6604190469;9.451649666;28.6163334;-0.2962694168;0.4134027362;0.9750928879;8
28.61044204;0.9284151793;0.6699903607;9.51386261;28.61843517;-0.3219257295;0.3339903057;0.9946405888;8
28.61254381;0.9762716293;0.7178468108;9.614361763;28.62053689;-0.3439168632;0.2570213675;1.01418829;8
28.61464558;1.115055323;0.7800601721;9.74835968;28.62263866;-0.3659079969;0.1861610413;1.031292439;8
28.61674736;1.282552958;0.8614161611;9.824930191;28.62474043;-0.3866774142;0.117744185;1.044731498;8
28.61884913;1.430907965;0.8949156404;9.906285286;28.6268422;-0.4074468017;0.0542142503;1.058170557;8
28.62095085;1.574477315;0.9092726111;9.982855797;28.62894397;-0.4233292937;0.002901607659;1.066722631;8
28.62305262;1.761117458;0.8949156404;10.05942631;28.63104574;-0.435546577;-0.03619373962;1.072831273;8
28.62515439;1.966900229;0.8470591903;10.14556789;28.63314751;-0.4440986812;-0.07162389904;1.074053049;8
28.62725616;2.163111687;0.756131947;10.22692394;28.63524923;-0.4453204274;-0.1070540547;1.074053049;8
28.62935793;2.359323025;0.6221339107;10.38006496;28.637351;-0.4416552484;-0.1339320987;1.069166064;8
28.6314597;2.632104874;0.4929214716;10.54277611;28.63945277;-0.4331031144;-0.1522580534;1.061835647;8
28.63356147;2.94317174;0.3637090325;10.73898792;28.64155454;-0.4233292937;-0.1632536054;1.048396707;8
28.63566319;3.268595695;0.2392822653;10.87298584;28.64365631;-0.4074468017;-0.162031889;1.033735871;8
28.63776496;3.560520172;0.1244267747;10.98784161;28.64575808;-0.3891208768;-0.1534797698;1.016631722;8
28.63986673;3.876372576;0.01914258115;11.07398319;28.6478598;-0.3659079969;-0.1363755614;0.9934188724;8
28.6419685;4.110869408;-0.07178468257;11.16491032;28.64996157;-0.3426951468;-0.1192713454;0.9726494551;8
28.64407027;4.316651821;-0.1770688742;11.24626637;28.65206335;-0.3194822669;-0.09117157012;0.9445496798;8
28.64617204;4.512863636;-0.2584248483;11.33719349;28.65416512;-0.2926042378;-0.06307178736;0.9152281284;8
28.64827376;4.718646049;-0.3158525825;11.39462185;28.65626689;-0.2645044625;-0.03008509055;0.8834632039;8
28.65037553;4.934000492;-0.3732803464;11.45204926;28.65836866;-0.2327394783;0.01023198478;0.8529199362;8
28.6524773;5.096712112;-0.4067798555;11.54776192;28.66047043;-0.2009745091;0.04321868345;0.821154952;8
28.65457907;5.230710506;-0.4450650215;11.58126163;28.66257215;-0.1704312712;0.07131846249;0.7893900275;8
28.65668084;5.340780258;-0.5072783828;11.68175983;28.66467392;-0.138666302;0.09575305134;0.7576250434;8
28.65878262;5.426921844;-0.5455635786;11.6961174;28.66677569;-0.1105665267;0.1165224537;0.7246383429;8
28.66088439;5.522634506;-0.5359922647;11.6961174;28.66887746;-0.08124501258;0.1372918636;0.6940951347;8
28.6629861;5.613562107;-0.5359922647;11.6961174;28.67097923;-0.05681042373;0.1580612659;0.6647735834;8
28.66508788;5.64227581;-0.4881358147;11.71047401;28.673081;-0.03481929377;0.1751654744;0.6342303753;8
28.66718965;5.661418438;-0.4785645306;11.65304661;28.67518272;-0.0164933484;0.1910479665;0.604908824;8
28.66929142;5.666203976;-0.4546363056;11.60040379;28.67728449;-0.0006108647794;0.1971566081;0.5780308247;8
28.67139319;5.661418438;-0.4354937077;11.52383423;28.67938626;0.00916297175;0.1996000707;0.5487092733;8
28.67349496;5.618347645;-0.4115654826;11.413764;28.68148803;0.01771507785;0.1959348768;0.5218312144;8
28.67559668;5.575276852;-0.3828516304;11.32762241;28.6835898;0.01893680729;0.1873827726;0.4961749315;8
28.67769845;5.575276852;-0.3014956415;11.22712421;28.68569157;0.01893680729;0.1739437431;0.4692968726;8
28.67980022;5.546562672;-0.2297109663;11.15533924;28.68779335;0.01527161989;0.1568395346;0.4460839927;8
28.68190199;5.527420521;-0.1387837082;11.05005455;28.68989512;0.007941242307;0.1360701323;0.4253146052;8
28.68400376;5.498706341;-0.05264209956;10.94477081;28.69199689;-0.003054323839;0.1140789986;0.4033234715;8
28.68610553;5.446064472;0.03349951655;10.86341476;28.6940986;-0.01404988952;0.09086613357;0.3862192631;8
28.6882073;5.407779217;0.1244267747;10.78684425;28.69620038;-0.02871064469;0.06398808211;0.3678933084;8
28.69030907;5.340780258;0.2057827413;10.7677021;28.69830215;-0.03848448023;0.03466657549;0.3520108163;8
28.69241084;5.278566837;0.2632105052;10.7054882;28.70040392;-0.04948004708;0.005345067009;0.3385718167;8
28.69451256;5.221138954;0.3062812984;10.70070267;28.70250569;-0.05803215504;-0.02275471389;0.3263545036;8
28.69661433;5.139782906;0.3206382394;10.72463131;28.70460741;-0.06658425927;-0.04718930274;0.3116937578;8
28.69871611;5.053641319;0.3493520916;10.7677021;28.70670923;-0.07024945319;-0.07651081681;0.3006981909;8
28.70081788;5.029713154;0.3732803464;10.82034397;28.70881095;-0.07147117704;-0.1082757786;0.2872591615;8
28.70291965;5.034498692;0.4211367965;10.8682003;28.71091272;-0.07269290835;-0.1375972927;0.2762635946;8
28.70502137;5.039284706;0.4642075896;10.9304142;28.71301449;-0.07024945319;-0.162031889;0.2689332068;8
28.70712319;5.015356064;0.4977070987;11.01655579;28.71511626;-0.06536252797;-0.1876882017;0.2591593862;8
28.70922491;4.962714195;0.5359922647;11.07876873;28.71721798;-0.05925388262;-0.2084576041;0.2506072819;8
28.71132668;4.943571568;0.5407779217;11.12662506;28.71931975;-0.05192350596;-0.2255618125;0.2420551628;8
28.71342845;4.92442894;0.5407779217;11.1314106;28.72142152;-0.04581485689;-0.2414443046;0.2335030586;8
28.71553022;4.943571568;0.5599204898;11.10748291;28.72352329;-0.03848448023;-0.2524398565;0.2249509543;8
28.71763194;4.981856823;0.5599204898;11.11705399;28.72562506;-0.02993237413;-0.262213707;0.2115119249;8
28.71973371;5.024927616;0.5647061467;11.11705399;28.72772683;-0.02138026804;-0.2646571696;0.1992946416;8
28.72183548;5.096712112;0.5455635786;11.08833981;28.7298286;-0.01160643063;-0.2634354234;0.1858556122;8
28.72393725;5.187639713;0.5312066078;11.03569794;28.73193038;-0.004276053514;-0.2597702444;0.1699731201;8
28.72603902;5.240281582;0.5168496966;10.98305607;28.7340321;0.003054323839;-0.258548528;0.1540906429;8
28.72814079;5.30728054;0.4881358147;10.89212894;28.73613392;0.00916297175;-0.2536616027;0.1369864196;8
28.73024256;5.359922886;0.4402793646;10.8107729;28.73823564;0.01282816008;-0.2463312149;0.1186604798;8
28.73234433;5.388636589;0.4546363056;10.73420238;28.74033741;0.0164933484;-0.2402225733;0.10033454;8
28.73444605;5.412564754;0.4067798555;10.65284634;28.74243918;0.01771507785;-0.2328922004;0.08078686893;8
28.73654788;5.431707382;0.3924229145;10.58106136;28.74454095;0.02138026804;-0.2267835438;0.06001746282;8
28.7386496;5.45085001;0.4019941986;10.51884842;28.74664272;0.02382372692;-0.2170097083;0.03924806044;8
28.74075137;5.45085001;0.3924229145;10.44227791;28.74874449;0.02748891525;-0.2109010667;0.01725693047;8
28.74285314;5.446064472;0.4211367965;10.43270683;28.75084621;0.02993237413;-0.2011272311;-0.007177661173;8
28.74495491;5.4652071;0.4307080805;10.39920712;28.75294798;0.03359756246;-0.1913533956;-0.03283398226;8
28.74705668;5.484349728;0.4259224236;10.3848505;28.75504975;0.03848448023;-0.1791360974;-0.05971203372;8
28.74915845;5.493920803;0.4307080805;10.38963604;28.75715152;0.04459312931;-0.1693622619;-0.08659008145;8
28.75126017;5.498706341;0.4115654826;10.3848505;28.75925324;0.04948004708;-0.165697068;-0.1134681329;8
28.75336194;5.522634506;0.4067798555;10.44706345;28.76135501;0.05803215504;-0.1632536054;-0.1415679157;8
28.75546371;5.508277893;0.3924229145;10.49013424;28.76345678;0.05925388262;-0.1595884264;-0.1684459597;8
28.75756548;5.474778175;0.3589234054;10.51406288;28.76555855;0.06658425927;-0.1595884264;-0.1977674663;8
28.7596672;5.431707382;0.3397808075;10.49491978;28.76766032;0.07147117704;-0.1571449637;-0.2283107042;8
28.76176897;5.355136871;0.3302095234;10.49013424;28.7697621;0.07635809481;-0.158366695;-0.2564104795;8
28.76387074;5.264209747;0.3206382394;10.50449181;28.77186387;0.08246674389;-0.1608101577;-0.2869537175;8
28.76597251;5.192425251;0.3014956415;10.50449181;28.77396558;0.08613193035;-0.1644753367;-0.3174969554;8
28.76807428;5.11585474;0.3158525825;10.52363396;28.77606736;0.09101885557;-0.1681405306;-0.3468184769;8
28.77017605;5.024927616;0.3302095234;10.53799057;28.77816918;0.0971274972;-0.1742491722;-0.378583461;8
28.77227782;4.93878603;0.3493520916;10.55234814;28.7802709;0.1007926911;-0.1828012913;-0.409126699;8
28.77437954;4.852644444;0.3828516304;10.5475626;28.78237267;0.1056796089;-0.1913533956;-0.4372264743;8
28.77648131;4.771288395;0.4115654826;10.55234814;28.78447444;0.1105665267;-0.2011272311;-0.466547966;8
28.77858314;4.656432629;0.4498506486;10.52841949;28.78657621;0.1142317131;-0.2096793354;-0.4946477413;8
28.78068486;4.541577339;0.4450650215;10.51406288;28.78867798;0.1166751757;-0.2206749022;-0.5215258002;8
28.78278663;4.42672205;0.4881358147;10.51406288;28.79077975;0.1178968996;-0.2280052751;-0.5459604263;8
28.7848884;4.29750967;0.4977070987;10.49013424;28.79288147;0.1191186309;-0.2341139317;-0.5703949928;8
28.78699017;4.163511276;0.5168496966;10.45184898;28.79498324;0.1178968996;-0.235335663;-0.5911644101;8
28.78909194;4.024727821;0.5599204898;10.4279213;28.79708501;0.1203403622;-0.2377791107;-0.6119337678;8
28.79119371;3.85244441;0.626919508;10.38963604;28.79918678;0.1227838174;-0.239000842;-0.6290380359;8
28.79329543;3.713660717;0.6652047038;10.35135078;28.80128855;0.1240055487;-0.2377791107;-0.6424770355;8
28.7953972;3.522234917;0.7226324677;10.34656525;28.80339032;0.1276707351;-0.235335663;-0.6546943188;8
28.79749897;3.335594654;0.7752745152;10.35135078;28.80549204;0.1337793916;-0.2328922004;-0.6620246768;8
28.79960074;3.139383316;0.8422735929;10.3657074;28.80759381;0.1374445707;-0.2328922004;-0.668133378;8
28.80170251;2.919243574;0.9092726111;10.37527943;28.80969558;0.1423314959;-0.231670469;-0.6730202436;8
28.80380428;2.756531715;0.9906286001;10.41835022;28.81179736;0.1496618688;-0.2328922004;-0.6742420197;8
28.805906;2.522035122;1.081555843;10.4279213;28.81389913;0.158213973;-0.235335663;-0.6730202436;8
28.80800777;2.344966173;1.124626637;10.43270683;28.8160009;0.1643226296;-0.2365573794;-0.6705768108;8
28.81010954;2.158325911;1.191625714;10.42313576;28.81810267;0.1740964651;-0.239000842;-0.666911602;8
28.81221131;1.990828395;1.220339537;10.43749237;28.82020444;0.181426838;-0.2414443046;-0.6608029604;8
28.81431308;1.832902193;1.268195987;10.39920712;28.82230616;0.188757211;-0.2426660359;-0.652250886;8
28.81641486;1.698904037;1.306481123;10.43270683;28.82440793;0.1960875988;-0.2451094985;-0.6449204683;8
28.81851663;1.564906001;1.339980721;10.43749237;28.8265097;0.1985310465;-0.2463312149;-0.6363683939;8
28.8206184;1.450050473;1.387837172;10.38963604;28.82861147;0.2034179717;-0.2463312149;-0.6253728271;8
28.82272012;1.344766378;1.421336651;10.33699417;28.83071324;0.2034179717;-0.2487746775;-0.616820693;8
28.82482189;1.258624673;1.469193101;10.28913784;28.83281501;0.2058614343;-0.2548833191;-0.6046034098;8
28.82692366;1.186840057;1.512263894;10.2221384;28.83491673;0.2034179717;-0.2609919906;-0.5936078429;8
28.82902543;1.124626637;1.555334687;10.14078236;28.8370185;0.1997527778;-0.2707658112;-0.5801688433;8
28.8311272;1.033699393;1.579262972;10.12164021;28.83912027;0.1985310465;-0.2915352285;-0.5679515004;8
28.83322897;0.9619147182;1.607976794;10.05464077;28.84122204;0.1912006736;-0.3110828996;-0.5569559336;8
28.83533069;0.8757730722;1.622333765;10.02114105;28.84332381;0.185092032;-0.3318522871;-0.5459604263;8
28.83743246;0.8183453679;1.607976794;10.02592659;28.84542558;0.1777616441;-0.3538434207;-0.5337430835;8
28.83953423;0.7992027402;1.59840548;9.968499184;28.8475273;0.1655443609;-0.3721693754;-0.5203040838;8
28.841636;0.7704889178;1.612762451;9.901499748;28.84962913;0.154548794;-0.3892735839;-0.5056433082;8
28.84373777;0.70348984;1.59840548;9.863214493;28.85173085;0.1423314959;-0.4112647176;-0.4885390997;8
28.84583954;0.6125625968;1.588834286;9.834501266;28.85383262;0.131335929;-0.4381427765;-0.4702131748;8
28.84794126;0.5264210105;1.574477315;9.801001549;28.85593439;0.1178968996;-0.4637990892;-0.4531089365;8
28.85004308;0.4881358147;1.55054903;9.805787086;28.85803616;0.1069013327;-0.4882336855;-0.4360047281;8
28.8521448;0.4833501875;1.536192179;9.810572624;28.86013793;0.0971274972;-0.5175551772;-0.4176788032;8
28.85424657;0.4929214716;1.517049551;9.824930191;28.86223965;0.08857539296;-0.5468766689;-0.4042397738;8
28.85634834;0.5312066078;1.536192179;9.844072342;28.86434142;0.08002328873;-0.5725330114;-0.3908007443;8
28.85845012;0.5742774606;1.512263894;9.868000984;28.86644319;0.07391463965;-0.6006327868;-0.378583461;8
28.86055189;0.6221339107;1.464407444;9.887143135;28.86854496;0.06536252797;-0.6262891293;-0.3688096106;8
28.86265361;0.6699903607;1.411765337;9.868000984;28.87064673;0.05803215504;-0.6507236958;-0.3578140438;8
28.86475538;0.7369893789;1.378265858;9.84885788;28.8727485;0.05192350596;-0.6678279042;-0.3455967605;8
28.86685715;0.8183453679;1.349551916;9.853643417;28.87485027;0.04459312931;-0.6812669635;-0.3333794475;8
28.86895892;0.8805587292;1.35912323;9.863214493;28.87695204;0.03604102135;-0.6861538887;-0.3187187016;8
28.87106069;0.9523434043;1.373480201;9.844072342;28.87905376;0.02993237413;-0.6922625303;-0.3065013885;8
28.87316246;0.9906286001;1.402194023;9.791430473;28.88115553;0.02382372692;-0.698371172;-0.2967275679;8
28.87526423;1.014556766;1.368694544;9.781859398;28.8832573;0.01893680729;-0.7032580972;-0.2893971801;8
28.877366;1.043270707;1.277767301;9.805787086;28.88535907;0.01527161989;-0.7069232464;-0.2893971801;8
28.87946772;1.143769264;1.16769743;9.810572624;28.88746079;0.0164933484;-0.7118101716;-0.2967275679;8
28.88156949;1.282552958;1.014556766;9.824930191;28.88956262;0.01527161989;-0.7118101716;-0.3089448512;8
28.88367126;1.488335729;0.866201818;9.829715729;28.89166433;0.01771507785;-0.713031888;-0.3272708058;8
28.88577303;1.722832322;0.756131947;9.891928673;28.8937661;0.02382372692;-0.7105884552;-0.3468184769;8
28.88787475;1.962114573;0.6891329288;9.896714211;28.89586788;0.02748891525;-0.7020363212;-0.3675878942;8
28.88997657;2.139183521;0.6412764788;9.896714211;28.89796965;0.03115410358;-0.6861538887;-0.3871355653;8
28.89207829;2.282752752;0.6125625968;9.944570541;28.90007142;0.03237583488;-0.6666061878;-0.4066832364;8
28.89418006;2.340180635;0.5982056856;9.978070259;28.90217314;0.03359756246;-0.6409498453;-0.4213439822;8
28.89628183;2.316252232;0.6412764788;9.958928108;28.90427496;0.03604102135;-0.6165152788;-0.4372264743;8
28.89838361;2.225325108;0.6460621357;9.896714211;28.90637673;0.03726275265;-0.5945241451;-0.4518872201;8
28.90048538;2.129612207;0.5982056856;9.853643417;28.90847845;0.04092793912;-0.5749764442;-0.4677697122;8
28.9025871;2.057827473;0.4929214716;9.84885788;28.91058022;0.04581485689;-0.555428803;-0.4860956371;8
28.90468892;1.990828395;0.3972085714;9.868000984;28.91268199;0.05070177838;-0.5358811021;-0.5080868006;8
28.90679069;2.000399828;0.3110669553;9.901499748;28.91478376;0.05681042373;-0.5163334608;-0.5337430835;8
28.90889241;2.057827473;0.2488535494;9.939785004;28.91688548;0.06536252797;-0.4992292523;-0.5606211424;8
28.91099418;2.105684042;0.2057827413;9.978070259;28.9189873;0.07269290835;-0.4809032977;-0.5874992013;8
28.91309595;2.139183521;0.2105683982;9.992427826;28.92108907;0.07880155742;-0.462577343;-0.6155989766;8
28.91519772;2.134397745;0.2105683982;10.02114105;28.92319079;0.08613193035;-0.4418079555;-0.6436987519;8
28.91729944;2.105684042;0.2344966233;10.06899738;28.92529256;0.08979712427;-0.4198168218;-0.6705768108;8
28.91940126;2.057827473;0.2871387303;10.07378292;28.92739433;0.0971274972;-0.3990474045;-0.6937896609;8
28.92150303;1.966900229;0.3302095234;10.02592659;28.92949605;0.1007926911;-0.3794997334;-0.717002511;8
28.92360475;1.837687731;0.4115654826;10.01156998;28.93159788;0.1056796089;-0.362395525;-0.7377719283;8
28.92570652;1.703689694;0.4307080805;10.01156998;28.9336996;0.1069013327;-0.3440696001;-0.7560978532;8
28.92780829;1.536192179;0.4594219327;10.01156998;28.93580137;0.1093447953;-0.3318522871;-0.7719803452;8
28.92991001;1.349551916;0.5072783828;9.968499184;28.93790314;0.111788258;-0.3245218992;-0.7866411209;8
28.93201183;1.172483087;0.5503492355;9.968499184;28.94000491;0.1166751757;-0.312304616;-0.7964149714;8
28.93411355;0.9619147182;0.5647061467;9.963713646;28.94210668;0.1203403622;-0.3098611534;-0.8061888218;8
28.93621532;0.7226324677;0.5359922647;9.930213928;28.94420845;0.1240055487;-0.3049742281;-0.8147408962;8
28.9383171;0.4737788737;0.5455635786;9.982855797;28.94631022;0.1264490038;-0.3049742281;-0.8232930303;8
28.94041887;0.3254238665;0.5551348329;9.987641335;28.94841199;0.1288924664;-0.308639437;-0.8294016719;8
28.94252064;0.1962114573;0.6125625968;10.0019989;28.95051371;0.1325576603;-0.3184132576;-0.8367320299;8
28.94462241;0.09571290761;0.6747759581;9.987641335;28.95261548;0.1337793916;-0.3342957497;-0.8391754627;8
28.94672418;-0.004785645287;0.7369893789;9.95414257;28.95471725;0.131335929;-0.355065167;-0.8440623879;8
28.94882595;-0.08614161611;0.7800601721;9.901499748;28.95681902;0.1288924664;-0.378278017;-0.8465058804;8
28.95092767;-0.2009970993;0.7992027402;9.868000984;28.95892079;0.1215620935;-0.3953822255;-0.8489493132;8
28.95302944;-0.2871387303;0.837487936;9.757930756;28.96102256;0.1166751757;-0.412486434;-0.8489493132;8
28.95513121;-0.4211367965;0.8470591903;9.700503349;28.96312433;0.1069013327;-0.4234820008;-0.8513928056;8
28.95723298;-0.5216353536;0.8757730722;9.609575272;28.96522605;0.09590577334;-0.4356993139;-0.8513928056;8
28.95933475;-0.6221339107;0.8470591903;9.499505997;28.96732782;0.0849102065;-0.4442514181;-0.8477275968;8
28.96143652;-0.6843472719;0.8566305041;9.41336441;28.9694296;0.07147117704;-0.4528035223;-0.8465058804;8
28.96353829;-0.732203722;0.8805587292;9.298508644;28.97153137;0.05925388262;-0.4576904476;-0.8428406715;8
28.96564001;-0.760917604;0.9140582681;9.212367058;28.97363314;0.043371398;-0.4613556266;-0.8379537463;8
28.96774178;-0.7896314859;0.9523434043;9.159725189;28.97573486;0.03115410358;-0.4662425518;-0.8318451047;8
28.96984355;-0.8039883971;1.004985452;9.092725754;28.97783663;0.01893680729;-0.4735729098;-0.8220712543;8
28.97194532;-0.8422735929;1.048056364;9.05922699;28.9799384;0.006719512399;-0.4760163724;-0.8135191798;8
28.9740471;-0.9092726111;1.062413216;9.016156197;28.98204017;-0.005497782957;-0.4784598351;-0.8037453294;8
28.97614881;-0.9714859724;1.095912814;8.982656479;28.98414194;-0.01527161989;-0.4772381186;-0.7976366878;8
28.97825058;-1.048056364;1.095912814;8.982656479;28.98624371;-0.02626718581;-0.4760163724;-0.7903063297;8
28.98035236;-1.095912814;1.100698471;8.958727837;28.98834548;-0.03604102135;-0.4772381186;-0.7841976881;8
28.98245413;-1.124626637;1.071984529;8.939585686;28.9904472;-0.04703658819;-0.4772381186;-0.7793107629;8
28.9845559;-1.138983607;1.076770186;8.920442581;28.99254902;-0.05803215504;-0.4772381186;-0.7719803452;8
28.98665767;-1.158126116;1.095912814;8.910871506;28.99465074;-0.06902772188;-0.4760163724;-0.7658717036;8
28.98875944;-1.196411371;1.0863415;8.886942863;28.99675251;-0.07757982612;-0.4723511934;-0.7560978532;8
28.99086116;-1.220339537;1.129412293;8.853444099;28.99885428;-0.08979712427;-0.4699077308;-0.7438805699;8
28.99296298;-1.268195987;1.172483087;8.805587769;29.00095605;-0.1007926911;-0.4699077308;-0.7304415703;8
28.9950647;-1.35912323;1.225125194;8.752944946;29.00305782;-0.1093447953;-0.4699077308;-0.7157807946;8
28.99716647;-1.45483613;1.220339537;8.729017258;29.0051596;-0.1178968996;-0.4686860144;-0.7011200786;8
28.99926824;-1.536192179;1.225125194;8.719446182;29.00726131;-0.1276707351;-0.4613556266;-0.6876810193;8
29.00137001;-1.603191137;1.186840057;8.69551754;29.00936308;-0.1337793916;-0.455246985;-0.6754637361;8
29.00347178;-1.674975872;1.129412293;8.671588898;29.01146486;-0.138666302;-0.4442514181;-0.6644681692;8
29.00557355;-1.593619823;1.143769264;8.709874153;29.01356663;-0.1411097646;-0.4320341051;-0.65102911;8
29.00767527;-1.531406522;1.105484009;8.748159409;29.0156684;-0.1447749585;-0.4210385382;-0.6388118267;8
29.00977704;-1.497906923;1.076770186;8.791230202;29.01777012;-0.1459966749;-0.405156076;-0.6253728271;8
29.01187881;-1.512263894;1.024128079;8.829515457;29.01987189;-0.1435532272;-0.3917170465;-0.6082686186;8
29.01398058;-1.555334687;0.9954141974;8.877371788;29.02197371;-0.1398880333;-0.3770562708;-0.5948295593;8
29.01608236;-1.612762451;0.9714859724;8.958727837;29.02407543;-0.1362228394;-0.3599520624;-0.5838339925;8
29.01818407;-1.641476393;0.9571290612;9.035298347;29.0261772;-0.1301141977;-0.3440696001;-0.5728384256;8
29.02028584;-1.64626193;0.9284151793;9.078369141;29.02827897;-0.1252272725;-0.3269653618;-0.5642863512;8
29.02238767;-1.593619823;0.9044869542;9.116654396;29.03038074;-0.1203403622;-0.3147480786;-0.5606211424;8
29.02448939;-1.555334687;0.9140582681;9.135796547;29.03248251;-0.1130099818;-0.2976438701;-0.5581777096;8
29.02659116;-1.459621787;0.9284151793;9.150154114;29.03458428;-0.1032361463;-0.2793179154;-0.5569559336;8
29.02869293;-1.387837172;0.9044869542;9.183652878;29.036686;-0.09468404204;-0.2597702444;-0.5557342172;8
29.0307947;-1.320838094;0.8614161611;9.212367058;29.03878777;-0.08857539296;-0.2414443046;-0.5569559336;8
29.03289647;-1.292124271;0.8183453679;9.260223389;29.04088954;-0.08368847519;-0.2243400961;-0.5606211424;8
29.03499824;-1.239482164;0.7752745152;9.30807972;29.04299131;-0.07147117704;-0.2109010667;-0.5642863512;8
29.03709996;-1.201196909;0.7178468108;9.30807972;29.04509308;-0.06780599058;-0.1986837685;-0.5728384256;8
29.03920173;-1.13419795;0.6939185858;9.351150513;29.04719486;-0.06414080411;-0.1876882017;-0.5801688433;8
29.0413035;-1.052842021;0.6652047038;9.322437286;29.04929663;-0.06047561392;-0.1705839932;-0.5862774849;8
29.04340527;-1.014556766;0.6221339107;9.30807972;29.05139835;-0.06047561392;-0.1547015011;-0.5923861265;8
29.04550704;-0.9906286001;0.5838487148;9.250652313;29.05350012;-0.05925388262;-0.1473711282;-0.5984947681;8
29.04760881;-0.9954141974;0.5838487148;9.183652878;29.05560189;-0.05803215504;-0.1461493969;-0.6058251262;8
29.04971058;-1.028913736;0.6029912829;9.169296265;29.05770366;-0.05925388262;-0.142484203;-0.6155989766;8
29.0518123;-1.062413216;0.626919508;9.17886734;29.05980543;-0.06047561392;-0.1412624866;-0.6278162599;8
29.05391407;-1.048056364;0.5982056856;9.2362957;29.0619072;-0.0616973415;-0.142484203;-0.6424770355;8
29.05601584;-1.033699393;0.5599204898;9.245866776;29.06400892;-0.06047561392;-0.1485928595;-0.6583595276;8
29.05811762;-1.033699393;0.5216353536;9.245866776;29.06611069;-0.0616973415;-0.158366695;-0.6766854525;8
29.06021939;-1.019342422;0.4785645306;9.284152031;29.06821246;-0.06536252797;-0.1742491722;-0.6962331533;8
29.06232116;-1.028913736;0.4546363056;9.30807972;29.07031423;-0.06658425927;-0.1950185746;-0.717002511;8
29.06442288;-1.019342422;0.4498506486;9.293723106;29.072416;-0.07391463965;-0.2145662606;-0.7341067195;8
29.06652465;-1.043270707;0.4211367965;9.279366493;29.07451777;-0.08368847519;-0.239000842;-0.7512109876;8
29.06862642;-1.095912814;0.4402793646;9.20758152;29.07661954;-0.09346231073;-0.2634354234;-0.7622065544;8
29.07072819;-1.162911773;0.4689932466;9.169296265;29.07872126;-0.1044578776;-0.2878700197;-0.7695369124;8
29.07282996;-1.31126678;0.5264210105;9.121439934;29.08082303;-0.1142317131;-0.315969795;-0.7744238377;8
29.07493173;-1.512263894;0.5312066078;9.068798065;29.0829248;-0.1240055487;-0.3477347791;-0.7768672705;8
29.0770335;-1.732403636;0.4977070987;9.073583603;29.08502657;-0.1337793916;-0.378278017;-0.7768672705;8
29.07913522;-1.938186288;0.4833501875;9.092725754;29.08712835;-0.138666302;-0.4075995386;-0.7756455541;8
29.08123699;-2.0769701;0.4881358147;9.078369141;29.08923012;-0.1484401375;-0.4405862093;-0.7732021213;8
29.08333876;-2.163111687;0.5264210105;9.020941734;29.09133189;-0.1594357044;-0.4686860144;-0.76709342;8
29.08544053;-2.225325108;0.6221339107;9.006584167;29.0934336;-0.1679878086;-0.4943423271;-0.7585413456;8
29.0875423;-2.297109842;0.708275497;8.977870941;29.09553538;-0.1789833754;-0.5151117444;-0.7475457788;8
29.08964407;-2.359323025;0.8231309652;8.90130043;29.09763715;-0.1924224049;-0.5273290277;-0.7316632867;8
29.09174585;-2.455035925;0.9092726111;8.834300995;29.09973892;-0.204639703;-0.5334376693;-0.7145590782;8
29.09384756;-2.565105915;0.9906286001;8.733802795;29.10184069;-0.2180787325;-0.5334376693;-0.6950113773;8
29.09594933;-2.632104874;1.062413216;8.647661209;29.10394246;-0.2302960157;-0.5273290277;-0.6717985272;8
29.09805111;-2.708675146;1.115055323;8.556734085;29.10604423;-0.2425133139;-0.5151117444;-0.6485856771;8
29.10015288;-2.780459881;1.16769743;8.46102047;29.10814595;-0.2583957911;-0.5041161776;-0.6217076182;8
29.10225465;-2.833101988;1.191625714;8.394021988;29.11024772;-0.2706131041;-0.4857902229;-0.5923861265;8
29.10435642;-2.876172781;1.191625714;8.317451477;29.11234949;-0.28527385;-0.4637990892;-0.5642863512;8
29.10645819;-2.900100946;1.201196909;8.245666504;29.11445126;-0.2974911332;-0.4418079555;-0.5349648595;8
29.10855991;-2.92402935;1.21555388;8.188239098;29.11655303;-0.3072649837;-0.4112647176;-0.5068650246;8
29.11066168;-2.938386202;1.191625714;8.173882484;29.1186548;-0.3170388341;-0.374612838;-0.4775435328;8
29.11276345;-2.928814888;1.201196909;8.169096947;29.12075652;-0.3243691921;-0.3391826749;-0.4482220411;8
29.11486522;-2.919243574;1.16769743;8.202595711;29.12285829;-0.3292561173;-0.2964221239;-0.4225656986;8
29.11696699;-2.876172781;1.129412293;8.21216774;29.12496006;-0.3329212964;-0.2536616027;-0.3969093859;8
29.11906876;-2.818745136;1.0863415;8.216953278;29.12706183;-0.335364759;-0.212122798;-0.3749182522;8
29.12117048;-2.727817774;1.057627559;8.274380684;29.12916361;-0.339029938;-0.1693622619;-0.3529271185;8
29.12327225;-2.603390932;1.043270707;8.33180809;29.13126538;-0.3402516842;-0.1253799945;-0.3333794475;8
29.12537402;-2.517249346;1.03848505;8.432307243;29.1333671;-0.339029938;-0.08628465235;-0.3138317764;8
29.12747579;-2.421536446;1.000199914;8.537590981;29.13546887;-0.3365865052;-0.04474584386;-0.2979492843;8
29.12957756;-2.349751949;0.9523434043;8.633303642;29.13757064;-0.3304778337;-0.00565049937;-0.2869537175;8
29.13167933;-2.244467735;0.8949156404;8.72423172;29.13967241;-0.3268126547;0.03100138716;-0.2759581506;8
29.13378105;-2.143969059;0.8279166222;8.810373306;29.14177418;-0.3219257295;0.06765327603;-0.2710712552;8
29.13588282;-2.029113531;0.732203722;8.906085968;29.14387595;-0.3145953715;0.09575305134;-0.2686277926;8
29.1379846;-1.904686809;0.6604190469;9.040083885;29.14597772;-0.3097084463;0.1153007299;-0.269849509;8
29.14008637;-1.804188251;0.5551348329;9.183652878;29.14807949;-0.301156342;0.1324049383;-0.2735147178;8
29.14218814;-1.698904037;0.4642075896;9.341579437;29.15018121;-0.2938259542;0.1385135949;-0.2796233594;8
29.14428991;-1.622333765;0.3637090325;9.446864128;29.15228298;-0.2864955962;0.1421787739;-0.2906189263;8
29.14639168;-1.536192179;0.2967100143;9.614361763;29.15438475;-0.2816086709;0.134848401;-0.3052796721;8
29.14849345;-1.473978758;0.2201396823;9.714859962;29.15648652;-0.2755000293;0.1226311028;-0.319940418;8
29.15059517;-1.421336651;0.1579262912;9.834501266;29.15858829;-0.2669478953;0.1030834317;-0.3394880891;8
29.15269694;-1.373480201;0.07178468257;9.925428391;29.16069001;-0.2632827163;0.07987056673;-0.3590357602;8
29.15479871;-1.320838094;0.0;10.02592659;29.16279178;-0.2559523284;0.05177079141;-0.378583461;8
29.15690048;-1.292124271;-0.06699903309;10.12642574;29.16489361;-0.2498437017;0.02000582218;-0.4017963111;8
29.15900225;-1.268195987;-0.09571290761;10.17906761;29.16699532;-0.2437350452;-0.01298087649;-0.4250091612;8
29.16110397;-1.220339537;-0.1052841991;10.24128056;29.1690971;-0.2400698513;-0.04474584386;-0.4543306828;8
29.16320574;-1.1820544;-0.1531406492;10.28913784;29.17119887;-0.2376264036;-0.07895427197;-0.4812087417;8
29.16530756;-1.138983607;-0.1770688742;10.27478027;29.17330058;-0.2364046723;-0.1119409725;-0.5117519498;8
29.16740928;-1.124626637;-0.2249253243;10.31306553;29.17540241;-0.2364046723;-0.1485928595;-0.5398517251;8
29.16951105;-1.115055323;-0.2488535494;10.30349445;29.17750413;-0.2376264036;-0.1828012913;-0.5679515004;8
29.17161282;-1.138983607;-0.2679961324;10.30349445;29.1796059;-0.2376264036;-0.2194531709;-0.5923861265;8
29.17371454;-1.205982566;-0.2727817893;10.26999474;29.18170767;-0.2388481349;-0.2561050653;-0.6155989766;8
29.17581637;-1.306481123;-0.2679961324;10.26999474;29.18380944;-0.2376264036;-0.2903134823;-0.6351466775;8
29.17791808;-1.397408366;-0.2297109663;10.23649502;29.18591121;-0.2412915826;-0.3208567202;-0.6498073936;8
29.18001986;-1.526620865;-0.1866401732;10.25563812;29.18801298;-0.2388481349;-0.3477347791;-0.6632464528;8
29.18212163;-1.665404558;-0.1292124242;10.22692394;29.19011475;-0.2364046723;-0.3758345544;-0.6730202436;8
29.1842234;-1.794616938;-0.08614161611;10.23649502;29.19221647;-0.2339612097;-0.3978256881;-0.6766854525;8
29.18632517;-1.93340075;-0.01914258115;10.2029953;29.19431824;-0.231517747;-0.4173733592;-0.6779071689;8
29.18842694;-2.081755638;0.05742774159;10.20778179;29.19642001;-0.2266308367;-0.4308123887;-0.6791289449;8
29.19052871;-2.187039852;0.1531406492;10.18863869;29.19852178;-0.2254091054;-0.4381427765;-0.6742420197;8
29.19263043;-2.330609322;0.2392822653;10.13599682;29.20062355;-0.2217439115;-0.4418079555;-0.6693550944;8
29.1947322;-2.426322222;0.3589234054;10.08335495;29.20272527;-0.2205221802;-0.4405862093;-0.6571378112;8
29.19683397;-2.531606436;0.4163511395;10.04028416;29.20482704;-0.2168570012;-0.4332558513;-0.6473639607;8
29.19893574;-2.665604353;0.4833501875;9.944570541;29.20692881;-0.2168570012;-0.4173733592;-0.6339249015;8
29.20103751;-2.770888567;0.5455635786;9.87757206;29.20903058;-0.2131918073;-0.3978256881;-0.616820693;8
29.20313923;-2.866601467;0.5886343718;9.810572624;29.21113236;-0.2107483447;-0.3685041666;-0.600938201;8
29.205241;-2.962314367;0.650847733;9.729216576;29.21323413;-0.2070831656;-0.3379609287;-0.5801688433;8
29.20734277;-3.05324173;0.70348984;9.69093132;29.2153359;-0.2021962404;-0.3000873327;-0.559399426;8
29.20944454;-3.110669374;0.7274180651;9.652647018;29.21743767;-0.1973093301;-0.2597702444;-0.5361865759;8
29.21154631;-3.196810961;0.7800601721;9.633503914;29.21953944;-0.1912006736;-0.2170097083;-0.5129737258;8
29.21364808;-3.263810158;0.8231309652;9.604789734;29.22164121;-0.1875354946;-0.1766926348;-0.4860956371;8
29.21574986;-3.345165968;0.8709874153;9.619147301;29.22374293;-0.1802051067;-0.131488651;-0.459217608;8
29.21785163;-3.402593851;0.9044869542;9.619147301;29.2258447;-0.1728747338;-0.08872810751;-0.4311178327;8
29.2199534;-3.46959281;0.9284151793;9.643074989;29.22794647;-0.1667660922;-0.04596757516;-0.4030180275;8
29.22205517;-3.503092289;0.9523434043;9.676574707;29.23004824;-0.1594357044;-0.00565049937;-0.3761399984;8
29.22415689;-3.546163082;0.9571290612;9.734002113;29.23215001;-0.1484401375;0.03100138716;-0.3504836559;8
29.22625866;-3.56530571;0.9523434043;9.810572624;29.23425173;-0.1398880333;0.06154462695;-0.3260490894;8
29.22836043;-3.56530571;0.9571290612;9.84885788;29.2363535;-0.1337793916;0.09086613357;-0.3077231348;8
29.2304622;-3.541377544;0.9571290612;9.925428391;29.23845527;-0.1240055487;0.111635536;-0.2869537175;8
29.23256397;-3.498306751;0.9523434043;9.992427826;29.24055704;-0.1178968996;0.1336266696;-0.2722929716;8
29.23466569;-3.440878868;0.9236295223;10.05942631;29.24265881;-0.108123064;0.1519526094;-0.2600756884;8
29.23676746;-3.369094372;0.8853443861;10.14556789;29.24476058;-0.1032361463;0.1702785641;-0.2515235841;8
29.23886923;-3.302095175;0.8279166222;10.14078236;29.2468623;-0.09590577334;0.1886045039;-0.2454149276;8
29.240971;-3.211168051;0.7800601721;10.15035343;29.24896413;-0.08979712427;0.1983783394;-0.2417497337;8
29.24307277;-3.077169895;0.7130611539;10.19820976;29.25106585;-0.08368847519;0.2057087123;-0.2393062711;8
29.24517454;-2.95752883;0.6891329288;10.2221384;29.25316762;-0.08124501258;0.2130390853;-0.2393062711;8
29.24727626;-2.871387243;0.6460621357;10.28435135;29.25526939;-0.07757982612;0.2142608166;-0.2405280024;8
29.24937808;-2.823530674;0.5934200287;10.35135078;29.25737116;-0.07513637096;0.2069304436;-0.2417497337;8
29.2514798;-2.81395936;0.5742774606;10.38006496;29.25947288;-0.07269290835;0.1947131455;-0.242971465;8
29.25358157;-2.818745136;0.5503492355;10.41356373;29.2615747;-0.07391463965;0.1751654744;-0.2441931963;8
29.25568334;-2.82831645;0.5551348329;10.43749237;29.26367647;-0.07513637096;0.1470656991;-0.2441931963;8
29.25778512;-2.847458839;0.5551348329;10.47577763;29.26577819;-0.07757982612;0.117744185;-0.2441931963;8
29.25988683;-2.885744095;0.5838487148;10.51406288;29.26787996;-0.08002328873;0.07620538026;-0.2441931963;8
29.26198866;-2.933600664;0.6029912829;10.55713367;29.26998173;-0.08735366166;0.03100138716;-0.242971465;8
29.26409043;-3.000599623;0.6364908218;10.57149029;29.2720835;-0.09468404204;-0.01664606482;-0.2393062711;8
29.26619215;-3.058027267;0.6699903607;10.60499001;29.27418527;-0.1032361463;-0.07040216774;-0.2368628234;8
29.26829392;-3.120240688;0.6987041831;10.58106136;29.27628704;-0.1130099818;-0.1204930767;-0.2319758981;8
29.27039569;-3.14895463;0.7178468108;10.60020447;29.27838876;-0.1240055487;-0.1742491722;-0.2283107042;8
29.27249746;-3.172882795;0.7226324677;10.58106136;29.28049053;-0.135001123;-0.2243400961;-0.2258672565;8
29.27459923;-3.196810961;0.7178468108;10.51406288;29.2825923;-0.1484401375;-0.2707658112;-0.2209803313;8
29.276701;-3.177668571;0.732203722;10.47577763;29.28469407;-0.1631008983;-0.308639437;-0.2173151523;8
29.27880272;-3.144168854;0.7274180651;10.40877819;29.28679579;-0.1765399277;-0.3440696001;-0.2124282271;8
29.28090449;-3.101098061;0.7130611539;10.34177971;29.28889756;-0.1875354946;-0.3709476292;-0.2075413018;8
29.28300626;-3.067598581;0.7178468108;10.27478027;29.29099939;-0.1985310465;-0.3917170465;-0.2026543915;8
29.28510803;-3.024527788;0.7130611539;10.2221384;29.29310116;-0.2095266134;-0.4027126133;-0.1965457499;8
29.28720975;-2.976671457;0.7226324677;10.164711;29.29520288;-0.2168570012;-0.408821255;-0.1904370934;8
29.28931152;-2.90967226;0.7274180651;10.12642574;29.29730465;-0.2193004489;-0.4075995386;-0.1831067204;8
29.29141335;-2.861815929;0.7417750359;10.1024971;29.29940642;-0.2229656428;-0.4002691507;-0.1745546162;8
29.29351512;-2.790031195;0.7657032609;10.14078236;29.30150819;-0.2229656428;-0.3904953003;-0.1672242284;8
29.29561683;-2.713460922;0.784845829;10.14556789;29.30360996;-0.2193004489;-0.374612838;-0.1598938555;8
29.29771861;-2.665604353;0.7896314859;10.17428207;29.30571168;-0.2131918073;-0.3562868834;-0.1513417512;8
29.29982038;-2.603390932;0.7896314859;10.21735287;29.30781345;-0.2034179717;-0.3355174661;-0.1403461844;8
29.30192215;-2.545963287;0.784845829;10.28435135;29.30991522;-0.1948658675;-0.312304616;-0.1293506175;8
29.30402392;-2.512463808;0.7992027402;10.30827999;29.31201699;-0.181426838;-0.2866483033;-0.1220202371;8
29.30612564;-2.459821701;0.784845829;10.3657074;29.31411871;-0.1716530025;-0.262213707;-0.1146898642;8
29.30822741;-2.39760828;0.756131947;10.37049294;29.31622053;-0.1557705253;-0.2304487377;-0.1049160287;8
29.31032918;-2.330609322;0.7369893789;10.37049294;29.31832225;-0.1423314959;-0.1974620372;-0.1000291109;8
29.31243095;-2.239681959;0.6843472719;10.38963604;29.32042407;-0.1252272725;-0.1644753367;-0.09392046183;8
29.31453267;-2.148754835;0.6556333899;10.42313576;29.32252579;-0.108123064;-0.1278234571;-0.08903354406;8
29.31663449;-2.048256159;0.6604190469;10.43270683;29.32462756;-0.08979712427;-0.08994983882;-0.08414662629;8
29.31873621;-1.952543259;0.6652047038;10.48056316;29.32672933;-0.07269290835;-0.0557414107;-0.07803797722;8
29.32083803;-1.890329838;0.6652047038;10.49491978;29.32883111;-0.05803215504;-0.02275471389;-0.07070759684;8
29.32293975;-1.842473388;0.6412764788;10.50927734;29.33093288;-0.04214967042;0.004123337101;-0.06337722391;8
29.32504152;-1.818545222;0.6412764788;10.50927734;29.33303465;-0.02871064469;0.02855792828;-0.05238165334;8
29.32714329;-1.818545222;0.6077769399;10.49013424;29.33513637;-0.01527161989;0.05054906011;-0.0438295491;8
29.32924506;-1.842473388;0.6173482537;10.47099209;29.33723814;-0.004276053514;0.06765327603;-0.03527744114;8
29.33134683;-1.823330879;0.626919508;10.44706345;29.33933991;0.004276053514;0.08231402934;-0.02672533318;8
29.3334486;-1.794616938;0.6412764788;10.44227791;29.34144168;0.01160643063;0.08964440972;-0.01817322709;8
29.33555032;-1.761117458;0.6747759581;10.39920712;29.34354345;0.01893680729;0.09697478265;-0.01206457894;8
29.3376521;-1.732403636;0.7130611539;10.38006496;29.34564522;0.02260199748;0.09819651395;-0.008399390616;8
29.33975387;-1.708475351;0.6987041831;10.38006496;29.34774699;0.02626718581;0.09819651395;-0.002290742937;8
29.34185564;-1.665404558;0.708275497;10.3226366;29.34984876;0.02382372692;0.09330959618;-0.001069013379;8
29.34395741;-1.617548108;0.7130611539;10.2652092;29.35195048;0.02260199748;0.0859792158;0.001374445739;8
29.34605918;-1.564906001;0.6843472719;10.2029953;29.35405225;0.02138026804;0.07742711157;0.002596175298;8
29.34816095;-1.517049551;0.6699903607;10.12642574;29.35615402;0.01771507785;0.06520981342;0.0001527161949;8
29.35026272;-1.45483613;0.650847733;10.06421185;29.35825579;0.01160643063;0.05665770918;-0.00351247238;8
29.35236444;-1.373480201;0.6317051649;10.02114105;29.36035756;0.006719512399;0.04199695215;-0.005955931731;8
29.35446621;-1.316052437;0.626919508;9.949356079;29.36245928;-0.003054323839;0.03222311661;-0.008399390616;8
29.35656798;-1.253839016;0.6173482537;9.896714211;29.36456111;-0.005497782957;0.02000582218;-0.01328630932;8
29.35866975;-1.21555388;0.6029912829;9.858428955;29.36666282;-0.01282816008;0.01023198478;-0.01695149764;8
29.36077152;-1.191625714;0.6029912829;9.84885788;29.3687646;-0.01893680729;0.0016798781;-0.02183841541;8
29.36287324;-1.186840057;0.5886343718;9.815358162;29.37086637;-0.02260199748;-0.01053741761;-0.0242818743;8
29.36497506;-1.162911773;0.6125625968;9.834501266;29.37296814;-0.02748891525;-0.02031125315;-0.02794706449;8
29.36707678;-1.172483087;0.6029912829;9.839286804;29.37506991;-0.02871064469;-0.02886336111;-0.03039052337;8
29.36917855;-1.162911773;0.6077769399;9.84885788;29.37717168;-0.02748891525;-0.03619373962;-0.03283398226;8
29.37128032;-1.172483087;0.6221339107;9.901499748;29.3792734;-0.02626718581;-0.04108065739;-0.03283398226;8
29.3733821;-1.158126116;0.6364908218;9.925428391;29.38137517;-0.02382372692;-0.04841103405;-0.03527744114;8
29.37548387;-1.158126116;0.6412764788;9.963713646;29.38347694;-0.01893680729;-0.05085449293;-0.03527744114;8
29.37758564;-1.172483087;0.650847733;10.01156998;29.38557871;-0.00916297175;-0.05329795182;-0.03283398226;8
29.37968736;-1.1820544;0.6604190469;10.03549862;29.38768048;-0.0006108647794;-0.05451968312;-0.03161225095;8
29.38178913;-1.196411371;0.6556333899;10.05942631;29.38978225;0.007941242307;-0.05451968312;-0.03039052337;8
29.3838909;-1.1820544;0.6652047038;10.12164021;29.39188402;0.01893680729;-0.05207622424;-0.02916879393;8
29.38599267;-1.191625714;0.679561615;10.11206818;29.39398574;0.03237583488;-0.04596757516;-0.02794706449;8
29.38809444;-1.16769743;0.6699903607;10.12164021;29.39608756;0.04214967042;-0.03863719851;-0.02672533318;8
29.39019621;-1.138983607;0.6939185858;10.10728264;29.39818928;0.05070177838;-0.03252854943;-0.0242818743;8
29.39229798;-1.105484009;0.7417750359;10.08335495;29.40029105;0.06414080411;-0.02519817278;-0.02183841541;8
29.3943997;-1.071984529;0.7513462901;10.04028416;29.40239282;0.07391463965;-0.01786779426;-0.01817322709;8
29.39650152;-1.043270707;0.7752745152;10.00678444;29.4044946;0.08002328873;-0.003207040019;-0.01328630932;8
29.39860324;-1.014556766;0.8087740541;9.911071777;29.40659637;0.08613193035;0.006566796452;-0.008399390616;8
29.40070501;-0.9714859724;0.8183453679;9.8201437;29.40869808;0.08735366166;0.0175623633;-0.002290742937;8
29.40280678;-0.9332008362;0.866201818;9.729216576;29.41079986;0.08735366166;0.02977965772;0.002596175298;8
29.40490855;-0.9284151793;0.8709874153;9.604789734;29.41290163;0.08246674389;0.04199695215;0.008704823442;8
29.40701032;-0.9092726111;0.890130043;9.504291534;29.4150034;0.08002328873;0.05054906011;0.01725693047;8
29.40911204;-0.8949156404;0.9092726111;9.389435768;29.41710517;0.07269290835;0.05665770918;0.02336557768;8
29.41121381;-0.8709874153;0.9284151793;9.274580956;29.41920689;0.06658425927;0.06398808211;0.03191768378;8
29.41331558;-0.8518448472;0.9571290612;9.188439369;29.42130871;0.05558869615;0.06765327603;0.03802633286;8
29.41541736;-0.813559711;0.9667003751;9.111868858;29.42341048;0.04581485689;0.07009673119;0.04657844082;8
29.41751913;-0.813559711;0.9858429432;9.05922699;29.4255122;0.03359756246;0.07009673119;0.05757400393;8
29.41962084;-0.8087740541;0.9858429432;8.997013092;29.42761397;0.01771507785;0.07009673119;0.06734783947;8
29.42172267;-0.813559711;1.009771109;8.982656479;29.42971574;0.004276053514;0.06887500733;0.07589995116;8
29.42382444;-0.813559711;1.019342422;8.944371223;29.43181751;-0.00916297175;0.06887500733;0.08445205539;8
29.42592616;-0.7992027402;1.028913736;8.934800148;29.43391923;-0.02260199748;0.06887500733;0.09422589093;8
29.42802793;-0.760917604;1.043270707;8.934800148;29.436021;-0.03481929377;0.06765327603;0.1027780026;8
29.4301297;-0.708275497;1.067198873;8.939585686;29.43812277;-0.04703658819;0.07009673119;0.1113301069;8
29.43223147;-0.6460621357;1.062413216;8.977870941;29.44022454;-0.05681042373;0.0725401938;0.1198822111;8
29.43433319;-0.5934200287;1.057627559;9.011369705;29.44232631;-0.06780599058;0.0725401938;0.127212584;8
29.43643496;-0.5359922647;1.048056364;9.05922699;29.44442808;-0.07635809481;0.0725401938;0.1333212405;8
29.43853673;-0.4594219327;1.024128079;9.140582085;29.44652986;-0.08246674389;0.07131846249;0.1394298822;8
29.4406385;-0.4163511395;0.9762716293;9.221938133;29.44863157;-0.08735366166;0.06398808211;0.1443168074;8
29.44274027;-0.3541377485;0.9523434043;9.30807972;29.45073335;-0.09101885557;0.05910116807;0.1479819864;8
29.44484204;-0.3062812984;0.8757730722;9.370293617;29.45283512;-0.09346231073;0.04810560122;0.1516471803;8
29.44694381;-0.2584248483;0.8327022791;9.466006279;29.45493689;-0.09468404204;0.04077522457;0.1540906429;8
29.44904553;-0.2249253243;0.7992027402;9.54257679;29.45703866;-0.0971274972;0.03100138716;0.1540906429;8
29.4511473;-0.1914258152;0.7369893789;9.623932838;29.45914043;-0.09590577334;0.02367101051;0.1528689116;8
29.45324907;-0.1196411327;0.70348984;9.686145782;29.46124215;-0.0971274972;0.01389717404;0.150425449;8
29.45535084;-0.05264209956;0.6652047038;9.767501831;29.46334392;-0.09468404204;0.009010255337;0.1479819864;8
29.45745262;0.01914258115;0.6077769399;9.805787086;29.46544569;-0.08979712427;0.004123337101;0.14676027;8
29.45955439;0.1004985496;0.5790630579;9.896714211;29.46754746;-0.0849102065;-0.0007635809598;0.1406516135;8
29.46165611;0.1674975902;0.5407779217;9.949356079;29.46964923;-0.08124501258;-0.003207040019;0.1357647032;8
29.46375788;0.2392822653;0.5120640397;10.03071213;29.471751;-0.07513637096;-0.003207040019;0.1308777779;8
29.46585965;0.2775674164;0.4785645306;10.05464077;29.47385277;-0.06780599058;-0.00565049937;0.1211039424;8
29.46796142;0.3397808075;0.4259224236;10.06899738;29.47595449;-0.05803215504;-0.006872228812;0.1162170246;8
29.47006319;0.3732803464;0.3924229145;10.12642574;29.47805631;-0.04948004708;-0.006872228812;0.1101083755;8
29.47216496;0.3972085714;0.3637090325;10.14078236;29.48015803;-0.043371398;-0.01053741761;0.1027780026;8
29.47426673;0.4211367965;0.3445664644;10.17906761;29.4822598;-0.03359756246;-0.01298087649;0.0978910774;8
29.47636845;0.4115654826;0.3206382394;10.19342422;29.48436157;-0.02382372692;-0.01420260593;0.09178243577;8
29.47847027;0.3876372576;0.3062812984;10.25085258;29.48646334;-0.01404988952;-0.01420260593;0.0856737867;8
29.48057199;0.4115654826;0.2919243574;10.23649502;29.48856512;-0.004276053514;-0.01175914705;0.07834340632;8
29.48267376;0.4163511395;0.3014956415;10.21256733;29.49066683;0.007941242307;-0.006872228812;0.07345648855;8
29.48477553;0.4402793646;0.2823530734;10.18385315;29.49276861;0.01771507785;-0.0007635809598;0.06856957078;8
29.4868773;0.4594219327;0.2919243574;10.15513897;29.49487038;0.02504545636;0.01023198478;0.06368265301;8
29.48897907;0.4642075896;0.3062812984;10.11685371;29.49697215;0.03481929377;0.02000582218;0.05757400393;8
29.49108079;0.4833501875;0.3493520916;10.10728264;29.49907392;0.04092793912;0.02977965772;0.05513054505;8
29.49318256;0.4737788737;0.3637090325;10.04506969;29.50117569;0.04825831577;0.03955349326;0.05024362728;8
29.49528433;0.4546363056;0.3972085714;10.01156998;29.50327741;0.05314523727;0.05177079141;0.04657844082;8
29.4973861;0.4594219327;0.4067798555;9.963713646;29.50537918;0.0616973415;0.06154462695;0.04291325063;8
29.49948788;0.4642075896;0.4211367965;9.934999466;29.50748095;0.06658425927;0.07009673119;0.04046979174;8
29.50158965;0.4450650215;0.4546363056;9.882357597;29.50958272;0.07024945319;0.0737619251;0.03924806044;8
29.50369137;0.4354937077;0.4881358147;9.834501266;29.51168449;0.07269290835;0.07987056673;0.03802633286;8
29.50579314;0.4163511395;0.4929214716;9.801001549;29.51378626;0.07635809481;0.08353576064;0.03680460155;8
29.50789491;0.3924229145;0.5264210105;9.762716293;29.51588803;0.07757982612;0.08353576064;0.03680460155;8
29.50999668;0.3589234054;0.5455635786;9.729216576;29.5179898;0.07880155742;0.0847574845;0.03558287397;8
29.51209845;0.3493520916;0.5455635786;9.662218094;29.52009157;0.07513637096;0.0847574845;0.03313941509;8
29.51420022;0.3493520916;0.5647061467;9.604789734;29.52219329;0.07391463965;0.0847574845;0.0294742249;8
29.51630199;0.3397808075;0.5742774606;9.537791252;29.52429506;0.06902772188;0.0859792158;0.02458730713;8
29.51840376;0.3445664644;0.5790630579;9.485149384;29.52639683;0.0616973415;0.0859792158;0.01970038936;8
29.52050553;0.3493520916;0.5982056856;9.437292099;29.52849861;0.05558869615;0.08109229803;0.01725693047;8
29.52260725;0.3637090325;0.5838487148;9.36550808;29.53060038;0.04825831577;0.07620538026;0.01481347065;8
29.52470902;0.3637090325;0.5694918036;9.3367939;29.53270215;0.04092793912;0.07009673119;0.01481347065;8
29.52681079;0.3493520916;0.5934200287;9.327222824;29.53480387;0.03115410358;0.06032289565;0.01481347065;8
29.52891256;0.2967100143;0.6029912829;9.274580956;29.53690564;0.02015853859;0.05054906011;0.01725693047;8
29.53101433;0.2727817893;0.6364908218;9.279366493;29.53900741;0.01038470119;0.04077522457;0.01847865991;8
29.5331161;0.2057827413;0.6556333899;9.265008926;29.54110918;0.0006108647794;0.02977965772;0.01847865991;8
29.53521782;0.1818545163;0.6747759581;9.255437851;29.54321095;-0.01038470119;0.02489273995;0.01970038936;8
29.5373196;0.1722832322;0.6987041831;9.260223389;29.54531272;-0.01893680729;0.01634063199;0.01847865991;8
29.53942137;0.1579262912;0.7130611539;9.2362957;29.54741444;-0.03115410358;0.009010255337;0.01847865991;8
29.54152314;0.1818545163;0.7274180651;9.231510162;29.54951621;-0.03848448023;0.0016798781;0.01725693047;8
29.54362491;0.1531406492;0.732203722;9.2362957;29.55161798;-0.04459312931;-0.003207040019;0.01603520103;8
29.54572668;0.1531406492;0.7274180651;9.274580956;29.55371975;-0.05192350596;-0.008093958721;0.01603520103;8
29.5478284;0.1435693651;0.7274180651;9.30807972;29.55582152;-0.05803215504;-0.01053741761;0.01603520103;8
29.54993017;0.1196411327;0.708275497;9.3367939;29.55792329;-0.06291907281;-0.01298087649;0.01725693047;8
29.55203194;0.08135596663;0.7178468108;9.36550808;29.56002506;-0.06536252797;-0.01420260593;0.01847865991;8
29.55413371;0.04307080805;0.6939185858;9.427721024;29.56212683;-0.06658425927;-0.01664606482;0.0209221188;8
29.55623548;0.0;0.70348984;9.475577354;29.5642286;-0.06658425927;-0.01664606482;0.02214384824;8
29.55833725;-0.04307080805;0.6891329288;9.523433685;29.56633032;-0.06658425927;-0.01175914705;0.02214384824;8
29.56043902;-0.0765703246;0.6987041831;9.57129097;29.5684321;-0.06414080411;-0.008093958721;0.02336557768;8
29.56254079;-0.1004985496;0.6891329288;9.628718376;29.57053387;-0.06291907281;-0.00565049937;0.02336557768;8
29.56464256;-0.1100698411;0.6891329288;9.662218094;29.57263564;-0.06047561392;0.0016798781;0.02458730713;8
29.56674428;-0.1387837082;0.6987041831;9.7196455;29.57473741;-0.06047561392;0.009010255337;0.02580903657;8
29.56884605;-0.1627119333;0.708275497;9.772287369;29.57683918;-0.05803215504;0.01511890348;0.02825249545;8
29.57094782;-0.2057827413;0.708275497;9.805787086;29.5789409;-0.05681042373;0.0175623633;0.02825249545;8
29.5730496;-0.2727817893;0.7178468108;9.84885788;29.58104267;-0.05436696485;0.02122755162;0.03069595434;8
29.57515137;-0.3493520916;0.732203722;9.925428391;29.58314444;-0.05070177838;0.02855792828;0.03069595434;8
29.57725314;-0.4067798555;0.732203722;9.949356079;29.58524621;-0.05070177838;0.02977965772;0.03069595434;8
29.57935486;-0.4689932466;0.732203722;9.987641335;29.58734798;-0.04581485689;0.03222311661;0.03191768378;8
29.58145663;-0.5407779217;0.7226324677;10.01635551;29.58944975;-0.04581485689;0.0358883068;0.03313941509;8
29.5835584;-0.5934200287;0.7130611539;10.08335495;29.59155152;-0.04214967042;0.03833176568;0.03313941509;8
29.58566017;-0.6604190469;0.6987041831;10.12642574;29.59365329;-0.04092793912;0.04077522457;0.03558287397;8
29.58776194;-0.732203722;0.708275497;10.17906761;29.59575501;-0.03848448023;0.04199695215;0.03680460155;8
29.58986371;-0.8327022791;0.6987041831;10.25085258;29.59785678;-0.03481929377;0.04444041103;0.03802633286;8
29.59196548;-0.9379864931;0.6987041831;10.30349445;29.59995855;-0.03481929377;0.04199695215;0.04169152305;8
29.59406725;-1.048056364;0.6891329288;10.35135078;29.60206032;-0.03237583488;0.03955349326;0.04413498193;8
29.59616897;-1.153340459;0.6891329288;10.4279213;29.6041621;-0.02993237413;0.0358883068;0.04657844082;8
29.59827074;-1.249053478;0.70348984;10.50927734;29.60626387;-0.02382372692;0.03222311661;0.0478001684;8
29.60037251;-1.325623751;0.7178468108;10.60020447;29.60836558;-0.02015853859;0.02733619884;0.0478001684;8
29.60247428;-1.402194023;0.7178468108;10.7054882;29.61046736;-0.01160643063;0.02000582218;0.0478001684;8
29.60457605;-1.459621787;0.708275497;10.8107729;29.61256913;-0.003054323839;0.01389717404;0.04657844082;8
29.60667782;-1.512263894;0.708275497;10.91605663;29.6146709;0.006719512399;0.004123337101;0.04657844082;8
29.60877954;-1.584048629;0.6987041831;11.0309124;29.61677267;0.01404988952;-0.003207040019;0.04046979174;8
29.61088131;-1.59840548;0.6891329288;11.11226845;29.61887439;0.02382372692;-0.01175914705;0.03802633286;8
29.61298308;-1.64626193;0.679561615;11.18883896;29.62097616;0.03115410358;-0.02275471389;0.03191768378;8
29.61508486;-1.708475351;0.6652047038;11.24148083;29.62307793;0.04092793912;-0.03130681813;0.02580903657;8
29.61718663;-1.756331801;0.6460621357;11.25583744;29.62517975;0.05070177838;-0.03863719851;0.0209221188;8
29.61928834;-1.818545222;0.6317051649;11.3132658;29.62728147;0.05925388262;-0.04352411628;0.01481347065;8
29.62139012;-1.875972986;0.6029912829;11.36590767;29.62938324;0.06780599058;-0.04963276163;0.007483093534;8
29.62349189;-1.938186288;0.5934200287;11.37547874;29.63148496;0.07635809481;-0.05329795182;0.0001527161949;8
29.62559371;-2.019542217;0.5694918036;11.39462185;29.63358673;0.08613193035;-0.05329795182;-0.004734201822;8
29.62769543;-2.091326952;0.5599204898;11.42812061;29.6356885;0.09590577334;-0.05818486959;-0.009621120058;8
29.6297972;-2.191825628;0.5790630579;11.42333508;29.63779032;0.1044578776;-0.06185005978;-0.01328630932;8
29.63189892;-2.287538528;0.5886343718;11.45204926;29.63989204;0.1154534444;-0.06918043643;-0.01695149764;8
29.63400069;-2.39760828;0.5934200287;11.46162033;29.64199381;0.1215620935;-0.07651081681;-0.01817322709;8
29.63610246;-2.507678032;0.6125625968;11.47597694;29.64409558;0.1288924664;-0.08384118974;-0.01695149764;8
29.63820428;-2.62253356;0.6556333899;11.46162033;29.64619736;0.138666302;-0.09117157012;-0.0157297682;8
29.640306;-2.727817774;0.679561615;11.44247818;29.64829913;0.1472184062;-0.09972367436;-0.01328630932;8
29.64240777;-2.833101988;0.70348984;11.42812061;29.65040085;0.1557705253;-0.1046105921;-0.0108428495;8
29.64450954;-2.952743053;0.7417750359;11.40897846;29.65250262;0.161879167;-0.1107192412;-0.005955931731;8
29.64661131;-3.05324173;0.7704889178;11.37069321;29.65460439;0.1704312712;-0.115606159;0.0001527161949;8
29.64871308;-3.158525944;0.7896314859;11.32283688;29.65670616;0.1765399277;-0.115606159;0.005039634649;8
29.6508148;-3.239881754;0.8183453679;11.27498055;29.65880793;0.1838703007;-0.1107192412;0.01237001177;8
29.65291657;-3.335594654;0.8422735929;11.2510519;29.6609097;0.1912006736;-0.1070540547;0.01725693047;8
29.65501835;-3.407379389;0.8422735929;11.18883896;29.66301142;0.1985310465;-0.102167137;0.02336557768;8
29.65712012;-3.483949661;0.8566305041;11.15533924;29.66511324;0.2058614343;-0.09239330143;0.03313941509;8
29.65922189;-3.517449379;0.8518448472;11.07398319;29.66721501;0.2131918073;-0.07895427197;0.03924806044;8
29.66132366;-3.570091486;0.8805587292;11.05005455;29.66931673;0.2254091054;-0.06429351866;0.04657844082;8
29.66342538;-3.589233875;0.8997012973;10.99741268;29.6714185;0.2327394783;-0.04963276163;0.05390881747;8
29.6655272;-3.608376503;0.9044869542;10.93998528;29.67352027;0.2461785078;-0.03130681813;0.06246092543;8
29.66762897;-3.646661758;0.9044869542;10.89691448;29.67562204;0.254730612;-0.01542433538;0.07223475724;8
29.66973069;-3.665804386;0.9140582681;10.87777138;29.67772381;0.2657261789;-0.001985310577;0.08200860023;8
29.67183246;-3.713660717;0.9284151793;10.82991505;29.67982553;0.2767217457;0.01511890348;0.09056070447;8
29.67393423;-3.766302824;0.94277215;10.79641533;29.6819273;0.2901607752;0.02977965772;0.0978910774;8
29.676036;-3.804588079;0.9284151793;10.77727318;29.68402907;0.3023780584;0.04810560122;0.1064431891;8
29.67813777;-3.838087559;0.9284151793;10.71984577;29.68613084;0.3158170879;0.06520981342;0.113773562;8
29.68023949;-3.847658873;0.9236295223;10.64327526;29.68823262;0.3292561173;0.08231402934;0.1198822111;8
29.68234126;-3.842873096;0.9140582681;10.59541893;29.69033439;0.339029938;0.09819651395;0.127212584;8
29.68444303;-3.857230186;0.9188438654;10.55713367;29.69243616;0.351247251;0.1140789986;0.1345429718;8
29.6865448;-3.8668015;0.9475577474;10.50927734;29.69453788;0.3610210717;0.1262962967;0.1418733448;8
29.68864657;-3.876372576;0.9523434043;10.43270683;29.69663965;0.3707949221;0.1360701323;0.1492037177;8
29.69074835;-3.914657831;0.9810572863;10.33699417;29.69874142;0.3781253099;0.1385135949;0.1589775532;8
29.69285012;-3.943371773;0.9906286001;10.23170948;29.70084319;0.381790489;0.1446222365;0.1650862098;8
29.69495183;-3.976871252;1.014556766;10.14078236;29.70294496;0.385455668;0.1446222365;0.1724165827;8
29.6970536;-3.991228104;1.033699393;10.02592659;29.70504673;0.385455668;0.1482874304;0.1797469556;8
29.69915538;-3.991228104;1.043270707;9.896714211;29.70714845;0.3878991306;0.1495091617;0.1846338809;8
29.70125715;-3.986442566;1.062413216;9.772287369;29.70925027;0.3842339516;0.1519526094;0.1895207912;8
29.70335892;-3.943371773;1.071984529;9.638289452;29.71135199;0.3781253099;0.154396072;0.1944077164;8
29.70546069;-3.914657831;1.100698471;9.461220741;29.71345376;0.3732383847;0.1580612659;0.1992946416;8
29.70756241;-3.895515203;1.115055323;9.375079155;29.71555553;0.3646862805;0.161726445;0.2054032832;8
29.70966423;-3.914657831;1.124626637;9.274580956;29.7176573;0.35491243;0.161726445;0.2127336562;8
29.71176595;-3.938585997;1.148554921;9.150154114;29.71975907;0.347582072;0.1605047137;0.2176205814;8
29.71386772;-3.952943087;1.138983607;9.078369141;29.72186085;0.3365865052;0.1531743407;0.2249509543;8
29.71596949;-3.972085476;1.162911773;9.03051281;29.72396262;0.3268126547;0.1446222365;0.2335030586;8
29.71807126;-3.991228104;1.16769743;8.953942299;29.72606433;0.3182605505;0.1372918636;0.2396117151;8
29.72017303;-3.991228104;1.177268744;8.886942863;29.72816611;0.3084867001;0.1299614757;0.2493855506;8
29.7222748;-3.967299938;1.186840057;8.848658562;29.73026788;0.2987128794;0.1250745654;0.25793764;8
29.72437657;-3.94815731;1.205982566;8.800801277;29.73236965;0.2913824916;0.1238528341;0.266489774;8
29.72647829;-3.914657831;1.196411371;8.767302513;29.73447142;0.2828303874;0.1262962967;0.2762635946;8
29.72858006;-3.876372576;1.234696507;8.72423172;29.73657314;0.2755000293;0.134848401;0.2848156989;8
29.73068183;-3.857230186;1.234696507;8.705088615;29.73867496;0.2657261789;0.1470656991;0.2921460867;8
29.7327836;-3.818944931;1.249053478;8.66680336;29.74077668;0.2583957911;0.161726445;0.3006981909;8
29.73488538;-3.7710886;1.258624673;8.628518105;29.74287845;0.2522871494;0.177608937;0.3104720116;8
29.7369871;-3.713660717;1.229910851;8.609375954;29.74498022;0.2486219704;0.1922696829;0.3190241456;8
29.73908892;-3.656233072;1.205982566;8.614161491;29.74708199;0.2437350452;0.2105956376;0.3251327872;8
29.74119064;-3.608376503;1.16769743;8.614161491;29.74918376;0.2412915826;0.227699846;0.3324631453;8
29.74329241;-3.570091486;1.124626637;8.647661209;29.75128548;0.2376264036;0.2448040545;0.3385718167;8
29.74539418;-3.517449379;1.100698471;8.685946465;29.75338725;0.2388481349;0.258243084;0.3422369957;8
29.74749595;-3.46959281;1.043270707;8.72423172;29.75548902;0.2388481349;0.2704603672;0.3459021747;8
29.74959772;-3.416950703;1.019342422;8.757730484;29.75759079;0.2364046723;0.2802342176;0.3471239209;8
29.75169944;-3.349951744;0.9714859724;8.772088051;29.75969256;0.2388481349;0.2851211429;0.3446804583;8
29.75380121;-3.292523861;0.8805587292;8.757730484;29.76179433;0.2388481349;0.2961167097;0.3446804583;8
29.75590298;-3.201596737;0.8279166222;8.757730484;29.7638961;0.2388481349;0.3107774556;0.3410152495;8
29.75800475;-3.067598581;0.7752745152;8.767302513;29.76599782;0.2364046723;0.3303251266;0.3410152495;8
29.76010652;-2.986242771;0.7752745152;8.738588333;29.76809965;0.231517747;0.3523162603;0.3422369957;8
29.76220829;-2.914458036;0.8087740541;8.652446747;29.77020137;0.2254091054;0.3767508566;0.3459021747;8
29.76431006;-2.90967226;0.8327022791;8.609375954;29.77230314;0.2180787325;0.4024071693;0.3495673835;8
29.76641178;-2.928814888;0.8566305041;8.556734085;29.77440491;0.2131918073;0.424398303;0.3556760252;8
29.76851361;-2.981456995;0.8757730722;8.537590981;29.77650668;0.204639703;0.4427242577;0.3593412042;8
29.77061532;-3.010170937;0.8709874153;8.532805443;29.77860845;0.1960875988;0.4598284662;0.3642281294;8
29.7727171;-3.029313564;0.8470591903;8.542376518;29.78071022;0.188757211;0.470824033;0.3678933084;8
29.77481887;-3.029313564;0.837487936;8.542376518;29.78281194;0.181426838;0.4781544209;0.3715584874;8
29.77692064;-3.01974225;0.8183453679;8.575876236;29.78491371;0.1777616441;0.4781544209;0.37400195;8
29.77902241;-2.991028309;0.813559711;8.618947029;29.78701548;0.1679878086;0.4769326746;0.3788888752;8
29.78112418;-2.971885681;0.8039883971;8.662017822;29.78911725;0.161879167;0.467158854;0.3837758005;8
29.7832259;-2.981456995;0.7800601721;8.662017822;29.79121902;0.158213973;0.4598284662;0.3886627257;8
29.78532767;-2.986242771;0.784845829;8.685946465;29.79332074;0.1533270627;0.4622719288;0.3911061883;8
29.78742944;-2.952743053;0.7513462901;8.772088051;29.79542256;0.1484401375;0.4610501826;0.3947713673;8
29.78953121;-2.876172781;0.7657032609;8.815158844;29.79752428;0.1423314959;0.467158854;0.3972148299;8
29.79163298;-2.818745136;0.7944171429;8.815158844;29.79962605;0.1337793916;0.4696022868;0.4008800089;8
29.7937347;-2.756531715;0.7944171429;8.791230202;29.80172782;0.1264490038;0.474489212;0.404545188;8
29.79583652;-2.689532757;0.8087740541;8.748159409;29.8038296;0.1166751757;0.4830413163;0.4069886506;8
29.79793824;-2.651247501;0.8279166222;8.681160927;29.80593137;0.1093447953;0.4903717041;0.4118755758;8
29.80004001;-2.603390932;0.8087740541;8.662017822;29.80803314;0.0971274972;0.4989238083;0.4155407548;8
29.80214178;-2.545963287;0.8087740541;8.604590416;29.81013491;0.08857539296;0.508697629;0.416762501;8
29.80424355;-2.507678032;0.7944171429;8.614161491;29.81223663;0.07880155742;0.5196931958;0.42042768;8
29.80634532;-2.459821701;0.760917604;8.638090134;29.8143384;0.07147117704;0.5294670463;0.4216494262;8
29.8084471;-2.450250387;0.7369893789;8.676374435;29.81644017;0.06414080411;0.5392408967;0.4253146052;8
29.81054887;-2.440679073;0.6604190469;8.743373871;29.81854194;0.06047561392;0.5441278219;0.4289797843;8
29.81265058;-2.450250387;0.6556333899;8.800801277;29.82064371;0.05803215504;0.5490147471;0.4350884259;8
29.81475236;-2.440679073;0.626919508;8.886942863;29.82274548;0.05681042373;0.5477929711;0.4375318885;8
29.81685413;-2.435893536;0.6364908218;8.934800148;29.8248472;0.05925388262;0.5477929711;0.4411970973;8
29.8189559;-2.416750908;0.6173482537;9.03051281;29.82694897;0.06291907281;0.5477929711;0.4424188137;8
29.82105767;-2.325823545;0.5934200287;9.183652878;29.82905074;0.06658425927;0.5563451052;0.4448622763;8
29.82315944;-2.234896421;0.5551348329;9.284152031;29.83115251;0.07024945319;0.560010314;0.4473057389;8
29.82526116;-2.172683001;0.5647061467;9.355937004;29.83325428;0.07147117704;0.567340672;0.4521926641;8
29.82736293;-2.129612207;0.5838487148;9.389435768;29.83535605;0.07391463965;0.5807796717;0.4583013058;8
29.8294647;-2.124826431;0.6173482537;9.422935486;29.83745782;0.07513637096;0.5929969549;0.4656316638;8
29.83156647;-2.148754835;0.626919508;9.427721024;29.8395596;0.08002328873;0.601549089;0.470518589;8
29.83366824;-2.177468538;0.6221339107;9.456435204;29.84166131;0.08246674389;0.6076577306;0.4778489769;8
29.83577001;-2.191825628;0.6173482537;9.523433685;29.84376308;0.08735366166;0.6162098646;0.4851793647;8
29.83787178;-2.187039852;0.5982056856;9.552147865;29.84586486;0.08979712427;0.617431581;0.4900662601;8
29.83997355;-2.139183521;0.5647061467;9.604789734;29.84796663;0.09346231073;0.6198750138;0.4961749315;8
29.84207527;-2.120040894;0.5551348329;9.643074989;29.8500684;0.0971274972;0.6198750138;0.5035052896;8
29.84417704;-2.086541414;0.5312066078;9.647860527;29.85217017;0.09957095981;0.6149880886;0.5083922148;8
29.84627881;-2.086541414;0.5264210105;9.628718376;29.85427194;0.102014415;0.6137663722;0.5145008564;8
29.84838058;-2.086541414;0.5024927258;9.609575272;29.85637366;0.1032361463;0.608879447;0.5169443488;8
29.85048236;-2.048256159;0.4689932466;9.638289452;29.85847543;0.1044578776;0.6113229394;0.5218312144;8
29.85258413;-1.986042738;0.4737788737;9.652647018;29.8605772;0.1044578776;0.6149880886;0.5291616321;8
29.8546859;-1.904686809;0.5168496966;9.647860527;29.86267897;0.1044578776;0.6223185062;0.5389354229;8
29.85678762;-1.847259045;0.5599204898;9.580862045;29.86478074;0.1007926911;0.6284271479;0.5511527658;8
29.85888939;-1.871187329;0.6317051649;9.485149384;29.86688246;0.09346231073;0.6382009983;0.5658134818;8
29.86099116;-1.8855443;0.6891329288;9.389435768;29.86898428;0.08613193035;0.6467530727;0.5804742575;8
29.86309293;-1.93340075;0.7226324677;9.288937569;29.87108605;0.07757982612;0.660192132;0.5951350331;8
29.8651947;-1.952543259;0.756131947;9.193224907;29.87318777;0.06902772188;0.6711876988;0.6085740328;8
29.86729642;-1.942971945;0.7752745152;9.092725754;29.87528954;0.05925388262;0.6797397733;0.6195695996;8
29.86939824;-1.895115495;0.756131947;9.016156197;29.87739131;0.04948004708;0.6870701313;0.6268999577;8
29.87150001;-1.808973908;0.7226324677;9.00179863;29.87949308;0.03970621154;0.6980656981;0.6317868829;8
29.87360173;-1.665404558;0.6891329288;9.00179863;29.88159486;0.02871064469;0.7078395486;0.6354520917;8
29.8757035;-1.497906923;0.6556333899;8.997013092;29.88369657;0.02015853859;0.7212786078;0.6391173005;8
29.87780527;-1.387837172;0.6125625968;8.992227554;29.8857984;0.007941242307;0.7310523987;0.6415607333;8
29.87990704;-1.306481123;0.5886343718;9.006584167;29.88790012;-0.0006108647794;0.7408262491;0.6464476585;8
29.88200881;-1.229910851;0.5647061467;8.992227554;29.89000189;-0.00916297175;0.7469348907;0.6513345838;8
29.88411053;-1.177268744;0.5407779217;9.025727272;29.89210366;-0.0164933484;0.7506000996;0.6525563002;8
29.88621236;-1.11984098;0.5120640397;9.092725754;29.89420543;-0.02382372692;0.7530435324;0.6537780166;8
29.88831407;-1.071984529;0.4737788737;9.154939651;29.8963072;-0.02993237413;0.7481566668;0.6537780166;8
29.89041585;-1.014556766;0.4402793646;9.250652313;29.89840897;-0.02993237413;0.7420479655;0.6537780166;8
29.89251762;-0.9714859724;0.3684946895;9.360722542;29.90051074;-0.03237583488;0.7273872495;0.6513345838;8
29.89461939;-0.9140582681;0.3014956415;9.470791817;29.90261246;-0.03237583488;0.7115047574;0.6488910913;8
29.89672116;-0.8757730722;0.2201396823;9.609575272;29.90471423;-0.03115410358;0.6919570565;0.6440041661;8
29.89882293;-0.8470591903;0.1387837082;9.700503349;29.906816;-0.02871064469;0.66752249;0.6391173005;8
29.9009247;-0.760917604;0.0765703246;9.844072342;29.90891777;-0.02993237413;0.6394227147;0.6342303753;8
29.90302642;-0.650847733;0.09092725813;9.906285286;29.91101949;-0.02626718581;0.6149880886;0.6317868829;8
29.90512819;-0.5455635786;0.1292124242;9.963713646;29.91312126;-0.02626718581;0.5954404473;0.6305651665;8
29.90722996;-0.5312066078;0.1818545163;9.944570541;29.91522308;-0.02748891525;0.5771145225;0.6330085993;8
29.90933173;-0.5503492355;0.2297109663;9.944570541;29.9173248;-0.02871064469;0.558788538;0.6342303753;8
29.91143345;-0.5742774606;0.2584248483;9.930213928;29.91942657;-0.03237583488;0.5355756879;0.6354520917;8
29.91353522;-0.5886343718;0.2632105052;9.944570541;29.92152835;-0.03237583488;0.5184714794;0.6366738081;8
29.91563704;-0.5742774606;0.2057827413;9.978070259;29.92363012;-0.03237583488;0.4977020919;0.6378955245;8
29.91773876;-0.5120640397;0.1531406492;10.01635551;29.92573183;-0.03115410358;0.4793761373;0.6391173005;8
29.91984053;-0.4211367965;0.1052841991;10.06421185;29.92783361;-0.02748891525;0.4622719288;0.6415607333;8
29.9219423;-0.3589234054;0.06221338734;10.06899738;29.92993538;-0.02260199748;0.4427242577;0.6427824497;8
29.92404407;-0.3254238665;0.009571290575;10.10728264;29.93203715;-0.0164933484;0.420733124;0.6427824497;8
29.92614579;-0.2679961324;-0.009571290575;10.15992451;29.93413892;-0.01160643063;0.4011854529;0.6427824497;8
29.92824756;-0.1531406492;0.04785645381;10.17428207;29.93624069;-0.01160643063;0.3816377819;0.6427824497;8
29.93034933;-0.03349951655;0.1148554832;10.17428207;29.93834246;-0.006719512399;0.3681987524;0.6415607333;8
29.93245111;0.04785645381;0.1866401732;10.12642574;29.94044423;-0.01038470119;0.358424902;0.6464476585;8
29.93455288;0.1100698411;0.2201396823;10.00678444;29.942546;-0.01282816008;0.3510945439;0.6501128674;8
29.93665465;0.1339980662;0.2536391914;9.896714211;29.94464777;-0.01771507785;0.3498727977;0.654999733;8
29.93875642;0.1196411327;0.2871387303;9.781859398;29.94674949;-0.02993237413;0.3523162603;0.663551867;8
29.94085819;0.09571290761;0.2919243574;9.647860527;29.94885126;-0.03726275265;0.3559814394;0.672104001;8
29.94295996;0.0765703246;0.2871387303;9.533005714;29.95095303;-0.04948004708;0.3608683646;0.6818777919;8
29.94506173;0.06699903309;0.2871387303;9.437292099;29.9530548;-0.05681042373;0.3657552898;0.6916516423;8
29.94716345;0.05264209956;0.3014956415;9.332008362;29.95515652;-0.06536252797;0.370642215;0.7014254928;8
29.94926522;0.04307080805;0.2584248483;9.293723106;29.95725829;-0.07024945319;0.3755291104;0.7075341344;8
29.95136699;0.0143569354;0.1962114573;9.3367939;29.95936006;-0.07269290835;0.377972573;0.7124210596;8
29.95346876;0.08135596663;0.1531406492;9.375079155;29.96146183;-0.07757982612;0.3840812445;0.7160862088;8
29.95557048;0.1818545163;0.2009970993;9.346364975;29.9635636;-0.08124501258;0.3914116025;0.72219491;8
29.95767225;0.3062812984;0.2584248483;9.317651749;29.96566538;-0.08246674389;0.3926333487;0.7307469845;8
29.95977402;0.3972085714;0.3589234054;9.288937569;29.96776715;-0.0849102065;0.3999637067;0.7405208349;8
29.96187579;0.4498506486;0.4402793646;9.274580956;29.96986892;-0.08613193035;0.4170679152;0.7502946854;8
29.96397756;0.4594219327;0.4881358147;9.274580956;29.97197069;-0.08857539296;0.4329504073;0.7612902522;8
29.96607933;0.4307080805;0.4450650215;9.2362957;29.97407241;-0.09224057943;0.4488328993;0.7698423266;8
29.96818111;0.4402793646;0.4307080805;9.221938133;29.97617418;-0.09224057943;0.4647153914;0.7771727443;8
29.97028288;0.4977070987;0.4019941986;9.20758152;29.97827595;-0.09346231073;0.4854847789;0.7857248187;8
29.97238465;0.5455635786;0.3684946895;9.231510162;29.98037772;-0.0983492285;0.5062541962;0.7942769527;8
29.97448637;0.6843472719;0.3780659735;9.221938133;29.98247944;-0.1007926911;0.5294670463;0.8028290272;8
29.97658814;0.8183453679;0.4354937077;9.198010445;29.98458121;-0.108123064;0.5526798964;0.8113811612;8
29.97868991;0.9523434043;0.5264210105;9.135796547;29.98668298;-0.1142317131;0.5783362389;0.821154952;8
29.98079168;1.033699393;0.6029912829;9.064012527;29.98878475;-0.1215620935;0.6027708054;0.8333722949;8
29.9828934;1.081555843;0.6364908218;9.020941734;29.99088652;-0.131335929;0.6284271479;0.8431460857;8
29.98499517;1.100698471;0.6604190469;9.035298347;29.99298829;-0.1362228394;0.651639998;0.8516982198;8
29.98709694;1.100698471;0.6412764788;9.044869423;29.99509006;-0.1423314959;0.6711876988;0.8578068614;8
29.98919871;1.138983607;0.5790630579;9.092725754;29.99719183;-0.1484401375;0.6895136237;0.8614720702;8
29.99130048;1.201196909;0.5455635786;9.164510727;29.99929361;-0.1496618688;0.7041743994;0.863915503;8
29.99340225;1.282552958;0.4929214716;9.245866776;30.00139538;-0.1521053314;0.710283041;0.8602503538;8
29.99550402;1.378265858;0.4402793646;9.360722542;30.0034971;-0.1521053314;0.7115047574;0.856585145;8
29.99760579;1.483550072;0.3732803464;9.466006279;30.00559887;-0.1508836001;0.7041743994;0.8541416526;8
29.99970756;1.569691658;0.3254238665;9.604789734;30.00770064;-0.1533270627;0.6882919073;0.8468112946;8
30.00180933;1.627119422;0.2823530734;9.7196455;30.00980241;-0.1533270627;0.6760746241;0.8407026529;8
30.00391105;1.679761529;0.2297109663;9.844072342;30.01190616;-0.1557705253;0.658970356;0.8358157277;8
30.00601282;1.722832322;0.1866401732;9.963713646;30.0140059;-0.1557705253;0.6333140731;0.8309288025;8
30.0081146;1.722832322;0.1100698411;10.04506969;30.01610767;-0.154548794;0.6064360142;0.8248201609;8
30.01021637;1.694118381;0.08135596663;10.18863869;30.01820949;-0.154548794;0.5795579553;0.821154952;8
30.01232012;1.746760488;0.0765703246;10.28913784;30.02031121;-0.1557705253;0.55145818;0.813824594;8
30.01441986;1.794616938;0.06699903309;10.3657074;30.02241298;-0.1557705253;0.5196931958;0.8077159524;8
30.01652163;1.813759565;0.07178468257;10.46620655;30.02451475;-0.158213973;0.4867065251;0.8016073108;8
30.01862345;1.909472466;0.1148554832;10.5858469;30.02661647;-0.1557705253;0.4537198246;0.7930551767;8
30.02072517;2.000399828;0.1387837082;10.62891865;30.02871824;-0.1569922417;0.424398303;0.7845031023;8
30.02282694;2.091326952;0.1483550072;10.66241741;30.03082001;-0.1533270627;0.3950767815;0.7759509683;8
30.02492871;2.139183521;0.1292124242;10.7054882;30.03292178;-0.1496618688;0.3657552898;0.7661771774;8
30.02703043;2.210968018;0.09092725813;10.71984577;30.03502355;-0.1508836001;0.3413206935;0.7551816106;8
30.0291322;2.277967215;0.06221338734;10.748559;30.03712532;-0.1508836001;0.3156643808;0.7429642677;8
30.03123397;2.340180635;0.04785645381;10.75813103;30.03922704;-0.1472184062;0.2912297845;0.7331904769;8
30.03333574;2.411965132;0.02871387079;10.73898792;30.04132881;-0.1484401375;0.2680169344;0.720973134;8
30.03543751;2.49332118;0.0;10.71506023;30.04343064;-0.1459966749;0.2472475171;0.7111993432;8
30.03753928;2.560320139;-0.004785645287;10.64327526;30.04553236;-0.1472184062;0.2264781147;0.7014254928;8
30.039641;2.598605394;-0.009571290575;10.60977554;30.04763413;-0.1472184062;0.2057087123;0.6916516423;8
30.04174277;2.584248543;-0.0143569354;10.59541893;30.0497359;-0.1472184062;0.1837175786;0.6806560755;8
30.0438446;2.603390932;0.0143569354;10.60499001;30.05183767;-0.1484401375;0.1629481763;0.672104001;8
30.04594631;2.612962246;0.05742774159;10.5858469;30.05393944;-0.1459966749;0.1507308781;0.6623301506;8
30.04804808;2.656033039;0.1100698411;10.54277611;30.05604121;-0.1423314959;0.1372918636;0.654999733;8
30.05014986;2.708675146;0.1531406492;10.50449181;30.05814293;-0.1411097646;0.127518028;0.6488910913;8
30.05225163;2.751745939;0.1866401732;10.47099209;30.0602447;-0.138666302;0.1250745654;0.6415607333;8
30.0543534;2.785245657;0.2201396823;10.47099209;30.06234647;-0.1362228394;0.1250745654;0.6354520917;8
30.05645517;2.82831645;0.2775674164;10.45663452;30.06444822;-0.1374445707;0.127518028;0.6305651665;8
30.05855689;2.871387243;0.3062812984;10.39920712;30.06654999;-0.1362228394;0.131183207;0.6268999577;8
30.06065866;2.919243574;0.3541377485;10.30349445;30.06865176;-0.1374445707;0.1336266696;0.6244565248;8
30.06276043;2.95752883;0.3684946895;10.22692394;30.07075353;-0.138666302;0.1372918636;0.6244565248;8
30.06486218;2.962314367;0.3589234054;10.14078236;30.0728553;-0.1398880333;0.1372918636;0.6256782413;8
30.06696395;2.95752883;0.3397808075;10.09771156;30.07495702;-0.1447749585;0.1397353113;0.6268999577;8
30.06906572;2.976671457;0.3924229145;10.03549862;30.07705879;-0.1484401375;0.1421787739;0.6281217337;8
30.07116749;2.981456995;0.4354937077;9.982855797;30.07916056;-0.1521053314;0.1458439678;0.6293434501;8
30.07326926;3.01974225;0.4833501875;9.949356079;30.08126228;-0.158213973;0.1446222365;0.6281217337;8
30.07537098;3.05324173;0.5312066078;9.939785004;30.08336405;-0.1606574357;0.1495091617;0.6293434501;8
30.07747275;3.086741209;0.5647061467;9.930213928;30.08546582;-0.1655443609;0.1519526094;0.6281217337;8
30.07957452;3.120240688;0.5790630579;9.930213928;30.08756754;-0.1679878086;0.1568395346;0.6268999577;8
30.08167624;3.182454109;0.5694918036;9.944570541;30.08966931;-0.1753181964;0.1641699076;0.620791316;8
30.08377801;3.254238844;0.5838487148;9.944570541;30.09177108;-0.1765399277;0.1653916389;0.6171261668;8
30.08587978;3.326023579;0.5694918036;9.963713646;30.09387285;-0.1789833754;0.1739437431;0.6122392416;8
30.0879815;3.421736479;0.5694918036;9.963713646;30.09597462;-0.1838703007;0.1751654744;0.604908824;8
30.09008327;3.503092289;0.5599204898;10.02592659;30.09807639;-0.185092032;0.1763872057;0.5988001823;8
30.09218504;3.56530571;0.5264210105;10.07378292;30.10017811;-0.1863137633;0.181274116;0.5914698243;8
30.09428681;3.651447296;0.4929214716;10.11685371;30.10227994;-0.1826485693;0.1861610413;0.5804742575;8
30.09638858;3.728017569;0.4594219327;10.23170948;30.10438171;-0.1802051067;0.1910479665;0.5670352578;8
30.09849035;3.790230989;0.4211367965;10.33220863;30.10648342;-0.1753181964;0.1934914142;0.5511527658;8
30.10059207;3.876372576;0.3732803464;10.45184898;30.1085852;-0.1704312712;0.1934914142;0.5364919901;8
30.10269389;3.94815731;0.3110669553;10.60499001;30.11068697;-0.1606574357;0.1886045039;0.520609498;8
30.10479566;4.010370731;0.2584248483;10.71506023;30.11278874;-0.1508836001;0.1824958473;0.504727006;8
30.10689738;4.005585194;0.2344966233;10.81555843;30.11489046;-0.138666302;0.1690568328;0.4900662601;8
30.10899915;4.019941807;0.2392822653;10.97827053;30.11699223;-0.1252272725;0.1507308781;0.4741837978;8
30.11110093;4.024727821;0.2440679073;11.12662506;30.119094;-0.111788258;0.1324049383;0.4570795596;8
30.1132027;4.029513359;0.2344966233;11.27019501;30.12119577;-0.0971274972;0.1055268943;0.4411970973;8
30.11530442;4.029513359;0.2536391914;11.38504982;30.12329754;-0.08246674389;0.08109229803;0.4228711426;8
30.11740618;4.034298897;0.2536391914;11.49033451;30.12539931;-0.06658425927;0.05543597788;0.404545188;8
30.11950796;4.063013077;0.2584248483;11.53819084;30.12750108;-0.05192350596;0.02489273995;0.3837758005;8
30.12160973;4.067798615;0.2727817893;11.58604717;30.1296028;-0.03970621154;-0.00565049937;0.3642281294;8
30.1237115;4.115654945;0.2775674164;11.59561825;30.13170457;-0.02748891525;-0.03497200832;0.3459021747;8
30.12581327;4.134797573;0.3062812984;11.60040379;30.13380634;-0.0164933484;-0.06185005978;0.3251327872;8
30.12791504;4.153940201;0.3302095234;11.56211948;30.13590811;-0.00916297175;-0.08750637621;0.3043633699;8
30.13001676;4.173082829;0.3541377485;11.49512005;30.13800988;-0.003054323839;-0.1119409725;0.2848156989;8
30.13211853;4.163511276;0.3876372576;11.43769264;30.14011165;-0.001832594397;-0.131488651;0.2652680278;8
30.1342203;4.173082829;0.4067798555;11.32283688;30.14221342;0.001832594397;-0.1498145908;0.246942088;8
30.13632207;4.173082829;0.4594219327;11.23669529;30.14431514;0.0006108647794;-0.165697068;0.2298378795;8
30.13842384;4.163511276;0.5072783828;11.16012478;30.14641692;-0.0006108647794;-0.18157956;0.2127336562;8
30.14052561;4.158725739;0.5551348329;11.04048347;30.14851869;-0.003054323839;-0.1974620372;0.196851179;8
30.14262738;4.158725739;0.626919508;10.96391296;30.15062046;-0.005497782957;-0.2145662606;0.1821904182;8
30.1447291;4.134797573;0.6556333899;10.88734341;30.15272223;-0.01038470119;-0.2243400961;0.1675296724;8
30.14683087;4.134797573;0.6939185858;10.80598736;30.15482395;-0.01282816008;-0.2377791107;0.1565341055;8
30.14893264;4.101297855;0.756131947;10.79162979;30.15692577;-0.0164933484;-0.2536616027;0.1443168074;8
30.15103442;4.09172678;0.7944171429;10.72941685;30.15902749;-0.02015853859;-0.2683223486;0.1357647032;8
30.15313618;4.043870449;0.8566305041;10.73898792;30.16112931;-0.02382372692;-0.2842048407;0.127212584;8
30.1552379;3.991228104;0.890130043;10.748559;30.16323103;-0.02748891525;-0.3037525117;0.1198822111;8
30.15733973;3.909872293;0.9379864931;10.79641533;30.1653328;-0.02871064469;-0.3220784664;0.1125518382;8
30.15944145;3.838087559;0.9714859724;10.80598736;30.16743457;-0.02748891525;-0.3428478539;0.1052214578;8
30.16154327;3.775874138;0.9858429432;10.82034397;30.16953634;-0.03115410358;-0.3636172712;0.0991128087;8
30.16364499;3.728017569;1.009771109;10.84427261;30.17163811;-0.02871064469;-0.378278017;0.09178243577;8
30.16574676;3.718446493;1.028913736;10.86341476;30.17373983;-0.02871064469;-0.3941605091;0.0856737867;8
30.16784853;3.704089403;1.048056364;10.89212894;30.1758416;-0.02504545636;-0.408821255;0.07834340632;8
30.1699503;3.732803345;1.048056364;10.90648556;30.17794337;-0.02138026804;-0.4173733592;0.06979130208;8
30.17205207;3.766302824;1.052842021;10.94955635;30.18004514;-0.01771507785;-0.4271472096;0.06123919412;8
30.17415379;3.847658873;1.03848505;10.93519974;30.18214692;-0.01160643063;-0.4295906425;0.05146535859;8
30.17625556;3.88594389;1.043270707;10.92084217;30.18424869;-0.006719512399;-0.4320341051;0.04046979174;8
30.17835733;3.952943087;1.019342422;10.92562866;30.1863504;0.0006108647794;-0.4295906425;0.02703076601;8
30.1804591;4.034298897;0.9906286001;10.89691448;30.18845218;0.005497782957;-0.4222602844;0.01359174121;8
30.18256087;4.082155228;0.9667003751;10.86341476;30.19055395;0.01160643063;-0.4137081802;-0.001069013379;8
30.18466264;4.134797573;0.94277215;10.86341476;30.19265572;0.02138026804;-0.4002691507;-0.0157297682;8
30.18676436;4.197010994;0.9140582681;10.83470058;30.19475749;0.03115410358;-0.3868301213;-0.03161225095;8
30.18886613;4.240081787;0.8853443861;10.80598736;30.19685926;0.03970621154;-0.3733910918;-0.04749473557;8
30.1909679;4.278367043;0.8566305041;10.79162979;30.19896103;0.04703658819;-0.3599520624;-0.06337722391;8
30.19306968;4.316651821;0.8279166222;10.81555843;30.2010628;0.05925388262;-0.3452913165;-0.08170316368;8
30.19517145;4.335794449;0.8039883971;10.80598736;30.20316452;0.07269290835;-0.3330740333;-0.0975856483;8
30.19727322;4.326223373;0.784845829;10.79641533;30.20526634;0.0849102065;-0.3220784664;-0.1159115955;8
30.19937499;4.331008911;0.7944171429;10.78684425;30.20736806;0.09590577334;-0.3110828996;-0.1379027218;8
30.20147676;4.331008911;0.7896314859;10.80598736;30.20946983;0.1044578776;-0.3013090491;-0.1550069451;8
30.20357848;4.345366001;0.8039883971;10.79162979;30.2115716;0.1178968996;-0.2915352285;-0.1708894223;8
30.2056803;4.326223373;0.8183453679;10.82512951;30.21367337;0.1288924664;-0.2842048407;-0.1941022873;8
30.20778202;4.326223373;0.813559711;10.84905815;30.21577514;0.1411097646;-0.2805396616;-0.2124282271;8
30.20988379;4.292723656;0.8087740541;10.8682003;30.21787692;0.1508836001;-0.2732092738;-0.2344193608;8
30.21198556;4.28315258;0.7992027402;10.84905815;30.21997863;0.1631008983;-0.2719875574;-0.2551887631;8
30.21408733;4.254438877;0.784845829;10.85862923;30.2220804;0.1728747338;-0.2707658112;-0.2759581506;8
30.2161891;4.201796532;0.760917604;10.85384369;30.22418218;0.1826485693;-0.2719875574;-0.2955058515;8
30.21829087;4.153940201;0.7274180651;10.82034397;30.22628395;0.1875354946;-0.2744309902;-0.3150535226;8
30.22039259;4.096512318;0.7274180651;10.78205872;30.22838572;0.1936441362;-0.2805396616;-0.3333794475;8
30.22249436;3.986442566;0.708275497;10.72941685;30.23048744;0.1997527778;-0.2915352285;-0.3504836559;8
30.22459613;3.890729666;0.7178468108;10.69113159;30.23258926;0.2009745091;-0.2976438701;-0.3675878942;8
30.2266979;3.775874138;0.7369893789;10.64327526;30.23469098;0.2021962404;-0.308639437;-0.3834703565;8
30.22879968;3.684946775;0.7417750359;10.5858469;30.23679275;0.2021962404;-0.3220784664;-0.3981311321;8
30.23090139;3.594019651;0.7752745152;10.5475626;30.23889452;0.2009745091;-0.3306305707;-0.412791878;8
30.23300322;3.517449379;0.8183453679;10.51884842;30.24099629;0.1985310465;-0.3404043913;-0.4250091612;8
30.23510494;3.445664644;0.8470591903;10.45663452;30.24309806;0.1936441362;-0.3501782417;-0.4360047281;8
30.23720671;3.359523058;0.8614161611;10.40877819;30.24519983;0.188757211;-0.3575085998;-0.4457785785;8
30.23930848;3.282952785;0.9092726111;10.39920712;30.2473016;0.1863137633;-0.3648389876;-0.4531089365;8
30.24141025;3.177668571;0.9571290612;10.3848505;30.24940332;0.1802051067;-0.3721693754;-0.4579958618;8
30.24351202;3.081955671;1.009771109;10.35613632;30.25150509;0.1777616441;-0.3794997334;-0.4616610706;8
30.24561379;2.94317174;1.067198873;10.31785107;30.25360686;0.1740964651;-0.3892735839;-0.462882787;8
30.24771556;2.780459881;1.095912814;10.28435135;30.25570863;0.1716530025;-0.4002691507;-0.4653262496;8
30.24981728;2.632104874;1.129412293;10.27478027;30.2578104;0.1679878086;-0.4063777924;-0.4653262496;8
30.25191905;2.512463808;1.124626637;10.29392338;30.25991212;0.1679878086;-0.4173733592;-0.466547966;8
30.25402082;2.421536446;1.11984098;10.33699417;30.26201389;0.1716530025;-0.424703747;-0.4689914286;8
30.25612259;2.344966173;1.115055323;10.3848505;30.26411572;0.1740964651;-0.4320341051;-0.4702131748;8
30.25822436;2.330609322;1.105484009;10.44706345;30.26621744;0.1765399277;-0.4369210303;-0.4653262496;8
30.26032608;2.292324066;1.148554921;10.52363396;30.26831921;0.1802051067;-0.4430296719;-0.4604393244;8
30.26242785;2.201396942;1.177268744;10.57149029;30.27042098;0.1802051067;-0.4491383433;-0.4531089365;8
30.26452968;2.096112728;1.201196909;10.57149029;30.27252275;0.185092032;-0.455246985;-0.4470002949;8
30.26663139;1.9812572;1.1820544;10.56191921;30.27462452;0.1863137633;-0.4637990892;-0.4445568323;8
30.26873316;1.861616015;1.124626637;10.57627583;30.27672624;0.1899789423;-0.4735729098;-0.4457785785;8
30.27083494;1.804188251;1.057627559;10.55713367;30.27882801;0.1973093301;-0.4821250141;-0.4494437575;8
30.27293671;1.823330879;0.9858429432;10.56191921;30.28092978;0.1997527778;-0.4967857897;-0.4579958618;8
30.27503848;1.861616015;0.9475577474;10.54277611;30.28303155;0.2070831656;-0.5114465356;-0.4641045034;8
30.2771402;1.947757602;0.8997012973;10.53799057;30.28513332;0.211970076;-0.5285507441;-0.4738783538;8
30.27924197;2.033899307;0.8757730722;10.55713367;30.28723509;0.2131918073;-0.5444332361;-0.4873173833;8
30.28134374;2.086541414;0.837487936;10.56670475;30.28933681;0.2168570012;-0.5578722358;-0.4983129501;8
30.28344551;2.120040894;0.8183453679;10.52841949;30.29143858;0.2193004489;-0.5664243698;-0.509308517;8
30.28554728;2.105684042;0.7992027402;10.45184898;30.2935404;0.2180787325;-0.5676460862;-0.516638875;8
30.28764905;2.105684042;0.8231309652;10.40877819;30.29564212;0.2131918073;-0.5676460862;-0.5239692926;8
30.28975077;2.06261301;0.866201818;10.31306553;30.29774389;0.208304897;-0.5688678026;-0.5276344419;8
30.29185254;1.990828395;0.9044869542;10.17428207;30.29984567;0.2021962404;-0.571311295;-0.5312996507;8
30.29395436;1.871187329;0.9332008362;10.04506969;30.30194744;0.1973093301;-0.5700895786;-0.5374082923;8
30.29605608;1.775474429;0.890130043;9.973284721;30.30404915;0.1899789423;-0.5749764442;-0.5484038591;8
30.29815785;1.718046665;0.8279166222;9.915857315;30.30615092;0.1826485693;-0.5774199367;-0.5606211424;8
30.30025962;1.698904037;0.7704889178;9.872786522;30.3082527;0.181426838;-0.5810851455;-0.5728384256;8
30.30236139;1.679761529;0.7226324677;9.844072342;30.31035447;0.1765399277;-0.5884155035;-0.5826122761;8
30.30446311;1.684547186;0.708275497;9.810572624;30.31245624;0.1753181964;-0.5908589363;-0.5936078429;8
30.30656488;1.660618901;0.70348984;9.810572624;30.31455801;0.1728747338;-0.6006327868;-0.602159977;8
30.30866665;1.593619823;0.7513462901;9.786644936;30.31665978;0.1716530025;-0.6042979956;-0.6119337678;8
30.31076843;1.497906923;0.7992027402;9.772287369;30.3187615;0.1692095399;-0.6079631448;-0.6204859018;8
30.3128702;1.416550994;0.8709874153;9.7196455;30.32086332;0.1655443609;-0.6067414284;-0.6265945435;8
30.31497197;1.344766378;0.9379864931;9.662218094;30.32296504;0.161879167;-0.6018545032;-0.6314814687;8
30.31707374;1.287338614;1.033699393;9.628718376;30.32506681;0.1594357044;-0.5945241451;-0.6363683939;8
30.31917546;1.196411371;1.115055323;9.547362328;30.32716858;0.1521053314;-0.5859720111;-0.6363683939;8
30.32127728;1.071984529;1.16769743;9.461220741;30.32927035;0.1459966749;-0.5774199367;-0.6351466775;8
30.323379;0.9379864931;1.172483087;9.379864693;30.33137212;0.1398880333;-0.563980937;-0.6351466775;8
30.32548077;0.7992027402;1.13419795;9.317651749;30.33347384;0.1398880333;-0.5529853702;-0.6339249015;8
30.32758254;0.7178468108;1.110269666;9.288937569;30.33557561;0.135001123;-0.5383245945;-0.6327031851;8
30.32968431;0.6412764788;1.115055323;9.2362957;30.33767738;0.131335929;-0.5224421024;-0.6302597523;8
30.33178608;0.6125625968;1.124626637;9.2362957;30.33977915;0.1288924664;-0.5102248192;-0.6278162599;8
30.3338878;0.5694918036;1.148554921;9.217152596;30.34188092;0.1264490038;-0.4918988645;-0.6241511106;8
30.33598957;0.4977070987;1.196411371;9.174081802;30.3439827;0.1240055487;-0.4735729098;-0.618042469;8
30.33809134;0.4115654826;1.26341033;9.097511292;30.34608447;0.1191186309;-0.4503600597;-0.609490335;8
30.34019311;0.3397808075;1.335195065;9.016156197;30.34818619;0.1142317131;-0.428368926;-0.5984947681;8
30.34229488;0.1722832322;1.392622828;8.992227554;30.35028796;0.111788258;-0.4100429714;-0.5874992013;8
30.34439665;-0.009571290575;1.426122308;8.944371223;30.35238973;0.1105665267;-0.3892735839;-0.5765036345;8
30.34649843;-0.1627119333;1.40697968;8.97308445;30.3544915;0.108123064;-0.3672824502;-0.5642863512;8
30.34860014;-0.2440679073;1.368694544;9.006584167;30.35659327;0.1069013327;-0.3465130329;-0.5557342172;8
30.35070192;-0.2823530734;1.31126678;9.006584167;30.35869504;0.1093447953;-0.3269653618;-0.5459604263;8
30.35280368;-0.3206382394;1.296909928;9.006584167;30.36079676;0.1105665267;-0.3135263622;-0.5386300087;8
30.35490546;-0.3110669553;1.239482164;9.040083885;30.36289858;0.1105665267;-0.2988655865;-0.5325213671;8
30.35700723;-0.3110669553;1.253839016;9.044869423;30.3650003;0.1105665267;-0.2903134823;-0.5227475166;8
30.359109;-0.2823530734;1.282552958;9.020941734;30.36710207;0.1105665267;-0.281761378;-0.5141954422;8
30.36121072;-0.3206382394;1.282552958;8.982656479;30.36920384;0.108123064;-0.2671006322;-0.5044215918;8
30.36331254;-0.3493520916;1.287338614;8.934800148;30.37130561;0.1032361463;-0.2487746775;-0.4909825623;8
30.36541426;-0.3637090325;1.301695466;8.877371788;30.37340738;0.102014415;-0.2255618125;-0.4799869955;8
30.36751603;-0.4594219327;1.320838094;8.848658562;30.37550915;0.09590577334;-0.2023489624;-0.4689914286;8
30.3696178;-0.5216353536;1.301695466;8.786444664;30.37761087;0.09224057943;-0.1779143661;-0.4567741454;8
30.37171957;-0.5694918036;1.268195987;8.791230202;30.37971264;0.08857539296;-0.1595884264;-0.4482220411;8
30.37382134;-0.5982056856;1.191625714;8.819944382;30.38181442;0.08735366166;-0.1449276656;-0.4396699369;8
30.37592311;-0.6412764788;1.11984098;8.848658562;30.38391618;0.08735366166;-0.1375972927;-0.4311178327;8
30.37802483;-0.626919508;1.067198873;8.915657043;30.38601796;0.08735366166;-0.1351538301;-0.4262309074;8
30.3801266;-0.6364908218;1.033699393;8.968298912;30.38811973;0.08979712427;-0.138819024;-0.4225656986;8
30.38222837;-0.5934200287;1.004985452;9.049654961;30.39022145;0.08735366166;-0.1498145908;-0.4201222658;8
30.38433014;-0.5742774606;0.9667003751;9.111868858;30.39232322;0.08857539296;-0.1681405306;-0.4189005196;8
30.38643192;-0.5503492355;0.9858429432;9.135796547;30.39442499;0.08979712427;-0.1876882017;-0.4201222658;8
30.38853369;-0.4929214716;0.9954141974;9.188439369;30.39652676;0.08979712427;-0.2035706937;-0.4213439822;8
30.3906354;-0.4689932466;0.9906286001;9.198010445;30.39862853;0.08613193035;-0.2231183648;-0.4225656986;8
30.39273718;-0.5168496966;0.9475577474;9.183652878;30.4007303;0.08368847519;-0.2414443046;-0.4237874448;8
30.39483895;-0.5694918036;0.9284151793;9.17886734;30.40283207;0.07757982612;-0.2609919906;-0.4274526238;8
30.39694072;-0.5790630579;0.9140582681;9.145368576;30.40493384;0.07147117704;-0.278096199;-0.4286743701;8
30.39904249;-0.6029912829;0.890130043;9.107083321;30.40703556;0.06047561392;-0.3000873327;-0.4323395491;8
30.40114426;-0.6317051649;0.8470591903;9.03051281;30.40913733;0.04948004708;-0.3220784664;-0.4360047281;8
30.40324603;-0.6317051649;0.756131947;8.987442017;30.4112391;0.03604102135;-0.3440696001;-0.4421133697;8
30.4053478;-0.626919508;0.6747759581;8.944371223;30.41334087;0.02138026804;-0.3636172712;-0.4506655037;8
30.40744952;-0.5886343718;0.6412764788;8.896514893;30.41544264;0.006719512399;-0.3856084049;-0.462882787;8
30.40955129;-0.5407779217;0.5694918036;8.84387207;30.41754442;-0.01038470119;-0.405156076;-0.4751000702;8
30.41165306;-0.4689932466;0.5359922647;8.776873589;30.41964618;-0.02626718581;-0.4271472096;-0.4873173833;8
30.41375483;-0.4211367965;0.5312066078;8.719446182;30.42174796;-0.04459312931;-0.4515817761;-0.5007563829;8
30.4158566;-0.4067798555;0.5359922647;8.681160927;30.42384968;-0.0616973415;-0.4723511934;-0.516638875;8
30.41795837;-0.3972085714;0.5120640397;8.638090134;30.42595145;-0.08124501258;-0.4918988645;-0.5325213671;8
30.42006014;-0.4163511395;0.5120640397;8.604590416;30.42805322;-0.09957095981;-0.5102248192;-0.552069068;8
30.42216192;-0.3972085714;0.4929214716;8.551948547;30.43015499;-0.1178968996;-0.5322159529;-0.5716167092;8
30.42426363;-0.3972085714;0.4689932466;8.51844883;30.43225671;-0.1374445707;-0.5505418777;-0.5936078429;8
30.4263654;-0.3206382394;0.4689932466;8.513663292;30.43435853;-0.1521053314;-0.5603157282;-0.6143772602;8
30.42846718;-0.2871387303;0.4546363056;8.504091263;30.43646025;-0.1679878086;-0.5664243698;-0.6339249015;8
30.43056895;-0.3014956415;0.3972085714;8.499305725;30.43856202;-0.1826485693;-0.5664243698;-0.6534726024;8
30.43267067;-0.3014956415;0.3780659735;8.451449394;30.44066379;-0.1997527778;-0.563980937;-0.6693550944;8
30.43477249;-0.3445664644;0.3876372576;8.451449394;30.44276556;-0.211970076;-0.555428803;-0.6840158105;8
30.43687421;-0.4307080805;0.3684946895;8.427521706;30.44486733;-0.2180787325;-0.5444332361;-0.6937896609;8
30.43897598;-0.5168496966;0.3589234054;8.427521706;30.4469691;-0.2290742993;-0.5273290277;-0.7047852278;8
30.44107775;-0.626919508;0.3349951804;8.484949112;30.44907082;-0.2339612097;-0.5065596104;-0.7108938694;8
30.44317952;-0.7178468108;0.3445664644;8.499305725;30.45117259;-0.2388481349;-0.4833467603;-0.718224287;8
30.44528129;-0.7944171429;0.3780659735;8.561519623;30.45327436;-0.2364046723;-0.4540252388;-0.7218894362;8
30.44738306;-0.8709874153;0.4450650215;8.556734085;30.45537613;-0.2364046723;-0.424703747;-0.7243329287;8
30.44948478;-0.9092726111;0.5120640397;8.604590416;30.4574779;-0.231517747;-0.3929387629;-0.7255546451;8
30.45158655;-0.9906286001;0.5694918036;8.671588898;30.45957968;-0.2217439115;-0.358730346;-0.7231112123;8
30.45368832;-1.052842021;0.6125625968;8.729017258;30.46168145;-0.2156352699;-0.3294088244;-0.7218894362;8
30.45579009;-1.153340459;0.6460621357;8.810373306;30.46378317;-0.2058614343;-0.2964221239;-0.7145590782;8
30.45789186;-1.234696507;0.7178468108;8.882157326;30.46588494;-0.1924224049;-0.258548528;-0.7072287202;8
30.45999363;-1.325623751;0.7657032609;8.939585686;30.46798671;-0.181426838;-0.2206749022;-0.6986765862;8
30.4620954;-1.426122308;0.7800601721;8.925228119;30.47008848;-0.1692095399;-0.1718057245;-0.6864593029;8
30.46419712;-1.512263894;0.784845829;8.915657043;30.47219025;-0.154548794;-0.1302669197;-0.6754637361;8
30.46629889;-1.612762451;0.7752745152;8.977870941;30.47429202;-0.1435532272;-0.09117157012;-0.6632464528;8
30.46840066;-1.689332843;0.7704889178;8.997013092;30.47639374;-0.1276707351;-0.05207622424;-0.6498073936;8
30.47050244;-1.756331801;0.756131947;9.064012527;30.47849551;-0.1130099818;-0.01298087649;-0.6375901103;8
30.47260421;-1.818545222;0.756131947;9.131011009;30.48059728;-0.0983492285;0.02244928107;-0.6253728271;8
30.47470598;-1.856830359;0.760917604;9.169296265;30.48269905;-0.08246674389;0.05177079141;-0.6143772602;8
30.4768077;-1.904686809;0.784845829;9.202795982;30.48480082;-0.06536252797;0.08231402934;-0.6046034098;8
30.47890947;-1.938186288;0.7944171429;9.241081238;30.48690259;-0.05436696485;0.1091920808;-0.5960513353;8
30.48101124;-1.971685886;0.813559711;9.255437851;30.48900436;-0.03970621154;0.1262962967;-0.5874992013;8
30.48311301;-1.986042738;0.8279166222;9.265008926;30.49110613;-0.02626718581;0.1434005052;-0.5813905597;8
30.48521478;-2.01475668;0.8279166222;9.30807972;30.4932079;-0.0164933484;0.154396072;-0.575281918;8
30.48731655;-2.053041935;0.866201818;9.303294182;30.49530968;-0.01038470119;0.1629481763;-0.566729784;8
30.48941832;-2.0769701;0.8949156404;9.30807972;30.49741139;-0.005497782957;0.1641699076;-0.559399426;8
30.49152009;-2.115255117;0.8997012973;9.288937569;30.49951317;-0.001832594397;0.1641699076;-0.5532907844;8
30.49362186;-2.143969059;0.9188438654;9.274580956;30.50161494;0.0006108647794;0.1568395346;-0.5447386503;8
30.49572363;-2.187039852;0.9379864931;9.2362957;30.50371671;-0.001832594397;0.1458439678;-0.5374082923;8
30.49782535;-2.225325108;0.9332008362;9.217152596;30.50581842;-0.004276053514;0.1360701323;-0.5300779343;8
30.49992712;-2.244467735;0.9092726111;9.188439369;30.5079202;-0.006719512399;0.117744185;-0.5239692926;8
30.50202889;-2.282752752;0.9236295223;9.145368576;30.51002197;-0.01404988952;0.09819651395;-0.5215258002;8
30.50413066;-2.30189538;0.9284151793;9.131011009;30.51212374;-0.02015853859;0.07864884287;-0.5215258002;8
30.50623238;-2.277967215;0.9619147182;9.078369141;30.51422551;-0.02871064469;0.06276635826;-0.525191009;8
30.50833415;-2.258824587;0.9332008362;9.040083885;30.51632728;-0.03848448023;0.04321868345;-0.5312996507;8
30.51043593;-2.20618248;0.9188438654;8.987442017;30.51842905;-0.04948004708;0.02244928107;-0.5386300087;8
30.5125377;-2.172683001;0.8566305041;8.953942299;30.52053082;-0.06414080411;0.0004581485991;-0.5508472919;8
30.51463947;-2.129612207;0.8231309652;8.920442581;30.52263254;-0.07757982612;-0.02031125315;-0.5630646348;8
30.51674124;-2.053041935;0.8183453679;8.896514893;30.52473431;-0.09468404204;-0.04230238497;-0.5728384256;8
30.51884301;-2.005185366;0.784845829;8.848658562;30.52683608;-0.111788258;-0.06551524997;-0.5850557685;8
30.52094478;-2.01475668;0.7896314859;8.781659126;30.52893785;-0.1325576603;-0.09239330143;-0.5936078429;8
30.5230465;-2.053041935;0.784845829;8.762516975;30.53103962;-0.1533270627;-0.1143844277;-0.6046034098;8
30.52514827;-2.067398787;0.7800601721;8.733802795;30.53314139;-0.1728747338;-0.1351538301;-0.6155989766;8
30.52725004;-2.120040894;0.7417750359;8.709874153;30.53524311;-0.1948658675;-0.1571449637;-0.6241511106;8
30.52935181;-2.177468538;0.7274180651;8.623732567;30.53734488;-0.2144135386;-0.1754709035;-0.6302597523;8
30.53145358;-2.234896421;0.6891329288;8.575876236;30.53944665;-0.2376264036;-0.188909933;-0.6339249015;8
30.53355535;-2.30189538;0.70348984;8.561519623;30.54154843;-0.2583957911;-0.1999054998;-0.6363683939;8
30.53565707;-2.368894339;0.7513462901;8.556734085;30.5436502;-0.2767217457;-0.212122798;-0.6375901103;8
30.53775884;-2.455035925;0.8087740541;8.523234367;30.54575197;-0.2950477004;-0.2243400961;-0.6375901103;8
30.53986061;-2.555534601;0.8422735929;8.537590981;30.54785374;-0.3133736253;-0.235335663;-0.6363683939;8
30.54196238;-2.612962246;0.8614161611;8.575876236;30.54995551;-0.3268126547;-0.239000842;-0.6363683939;8
30.54406415;-2.670390129;0.8757730722;8.618947029;30.55205723;-0.3402516842;-0.2438877672;-0.6327031851;8
30.54616592;-2.727817774;0.8805587292;8.66680336;30.55415905;-0.3536907136;-0.2475529462;-0.6253728271;8
30.5482677;-2.770888567;0.9092726111;8.700303078;30.55626077;-0.3646862805;-0.2463312149;-0.616820693;8
30.55036947;-2.852244616;0.9475577474;8.767302513;30.55836254;-0.3732383847;-0.2463312149;-0.6033816934;8
30.55247118;-2.94317174;0.9906286001;8.824729919;30.56046431;-0.3805687428;-0.2414443046;-0.5899426341;8
30.55457301;-3.048455954;1.014556766;8.877371788;30.56256608;-0.3878991306;-0.2365573794;-0.5728384256;8
30.55667473;-3.172882795;1.028913736;8.949156761;30.5646678;-0.3915643096;-0.2243400961;-0.5545125008;8
30.5587765;-3.306880951;1.033699393;9.035298347;30.56676957;-0.3927860558;-0.2145662606;-0.5337430835;8
30.56087827;-3.397808075;1.028913736;9.107083321;30.56887134;-0.3903425932;-0.2060141414;-0.5129737258;8
30.56298004;-3.493520975;1.043270707;9.212367058;30.57097311;-0.3866774142;-0.1962403059;-0.4897608459;8
30.56508176;-3.550948858;1.043270707;9.30807972;30.57307488;-0.3781253099;-0.188909933;-0.4689914286;8
30.56718353;-3.570091486;1.057627559;9.446864128;30.57517665;-0.3707949221;-0.1791360974;-0.4470002949;8
30.5692853;-3.574877024;1.071984529;9.590433121;30.57727843;-0.3561341763;-0.1693622619;-0.4262309074;8
30.57138707;-3.574877024;1.067198873;9.7196455;30.5793802;-0.3402516842;-0.1534797698;-0.4066832364;8
30.57348884;-3.541377544;1.048056364;9.810572624;30.58148192;-0.3255909383;-0.1363755614;-0.3895790279;8
30.57559061;-3.479164124;1.009771109;9.896714211;30.58358374;-0.3084867001;-0.1119409725;-0.3736965358;8
30.57769238;-3.383451223;0.9714859724;9.973284721;30.58568546;-0.2901607752;-0.09483675659;-0.3602575064;8
30.57979415;-3.316452265;0.9188438654;10.04506969;30.58778723;-0.2742782831;-0.07528908551;-0.3480401933;8
30.58189587;-3.254238844;0.8518448472;10.11206818;30.589889;-0.2583957911;-0.05696314201;-0.3394880891;8
30.5839977;-3.220739365;0.813559711;10.164711;30.59199077;-0.2425133139;-0.04230238497;-0.3309359848;8
30.58609942;-3.192025423;0.756131947;10.14556789;30.59409254;-0.2290742993;-0.02886336111;-0.3248273432;8
30.58820119;-3.168097258;0.7369893789;10.14078236;30.59619431;-0.2205221802;-0.02275471389;-0.3187187016;8
30.59030296;-3.139383316;0.7178468108;10.13599682;30.59829603;-0.2095266134;-0.0190895237;-0.3138317764;8
30.59240473;-3.110669374;0.679561615;10.13121128;30.6003978;-0.2021962404;-0.01420260593;-0.3101665974;8
30.5945065;-3.091526747;0.6652047038;10.11685371;30.60249957;-0.1948658675;-0.01175914705;-0.3077231348;8
30.59660827;-3.072384357;0.650847733;10.08814049;30.60460134;-0.1899789423;-0.01298087649;-0.3065013885;8
30.59870999;-3.05324173;0.626919508;10.08335495;30.60670306;-0.185092032;-0.01420260593;-0.3040579557;8
30.60081176;-3.029313564;0.6077769399;10.03549862;30.60880488;-0.1802051067;-0.01786779426;-0.3028362095;8
30.60291353;-3.014956474;0.5934200287;10.01635551;30.61090665;-0.1777616441;-0.02031125315;-0.3003927469;8
30.6050153;-2.971885681;0.5790630579;9.987641335;30.61300837;-0.1777616441;-0.02397644334;-0.3003927469;8
30.60711702;-2.95752883;0.5790630579;9.949356079;30.61511014;-0.1789833754;-0.02764163166;-0.3003927469;8
30.60921884;-2.938386202;0.5647061467;9.925428391;30.61721192;-0.1777616441;-0.03130681813;-0.2979492843;8
30.61132061;-2.928814888;0.5694918036;9.887143135;30.61931368;-0.1777616441;-0.03619373962;-0.2979492843;8
30.61342233;-2.90967226;0.5838487148;9.84885788;30.62141546;-0.1802051067;-0.04352411628;-0.2979492843;8
30.6155241;-2.890529871;0.5838487148;9.84885788;30.62351723;-0.181426838;-0.04963276163;-0.2967275679;8
30.61762587;-2.866601467;0.5934200287;9.84885788;30.62561895;-0.181426838;-0.05940660089;-0.2979492843;8
30.61972764;-2.866601467;0.6029912829;9.872786522;30.62772072;-0.1838703007;-0.0728456229;-0.2979492843;8
30.62182942;-2.857030153;0.6125625968;9.872786522;30.62982249;-0.1863137633;-0.08872810751;-0.2967275679;8
30.62393119;-2.823530674;0.6317051649;9.901499748;30.63192426;-0.1863137633;-0.102167137;-0.2979492843;8
30.6260329;-2.804388046;0.6173482537;9.925428391;30.63402603;-0.1899789423;-0.1192713454;-0.2991710305;8
30.62813468;-2.804388046;0.6125625968;9.939785004;30.6361278;-0.1899789423;-0.1363755614;-0.3016144931;8
30.63023645;-2.756531715;0.5982056856;9.968499184;30.63822957;-0.1912006736;-0.1498145908;-0.3028362095;8
30.63233822;-2.713460922;0.6077769399;9.978070259;30.64033134;-0.1912006736;-0.162031889;-0.3065013885;8
30.63443999;-2.684746981;0.5694918036;10.02114105;30.64243306;-0.1960875988;-0.1742491722;-0.3077231348;8
30.63654176;-2.660818815;0.5455635786;9.992427826;30.64453483;-0.1973093301;-0.18157956;-0.3101665974;8
30.63864353;-2.617748022;0.5503492355;9.978070259;30.6466366;-0.1985310465;-0.1864664704;-0.3138317764;8
30.6407453;-2.579462767;0.5455635786;9.944570541;30.64873832;-0.2021962404;-0.188909933;-0.3187187016;8
30.64284702;-2.574677229;0.5503492355;9.944570541;30.65084014;-0.2058614343;-0.1876882017;-0.319940418;8
30.64494879;-2.545963287;0.5503492355;9.896714211;30.65294192;-0.211970076;-0.1779143661;-0.3211621642;8
30.64705056;-2.54117775;0.5790630579;9.84885788;30.65504363;-0.2168570012;-0.1705839932;-0.3223838806;8
30.64915228;-2.545963287;0.5934200287;9.815358162;30.6571454;-0.2205221802;-0.1595884264;-0.3211621642;8
30.6512541;-2.52682066;0.6125625968;9.762716293;30.65924718;-0.2254091054;-0.1473711282;-0.3187187016;8
30.65335587;-2.531606436;0.6317051649;9.762716293;30.66134895;-0.2290742993;-0.1339320987;-0.316275239;8
30.65545759;-2.560320139;0.6604190469;9.762716293;30.66345072;-0.231517747;-0.1168278903;-0.3138317764;8
30.65755936;-2.589034081;0.6987041831;9.805787086;30.66555244;-0.2302960157;-0.1009454057;-0.3052796721;8
30.65966113;-2.627319336;0.7274180651;9.84885788;30.66765421;-0.2290742993;-0.08384118974;-0.2979492843;8
30.6617629;-2.660818815;0.760917604;9.891928673;30.66975598;-0.2254091054;-0.07162389904;-0.2893971801;8
30.66386468;-2.684746981;0.7896314859;9.982855797;30.67185775;-0.2193004489;-0.06185005978;-0.2784016132;8
30.66596639;-2.727817774;0.8566305041;10.04985523;30.67395952;-0.2131918073;-0.05451968312;-0.2649625838;8
30.66806816;-2.775674343;0.8566305041;10.14556789;30.67606129;-0.2070831656;-0.04718930274;-0.2515235841;8
30.67016994;-2.790031195;0.8614161611;10.23170948;30.67816306;-0.1985310465;-0.03985892609;-0.2380845547;8
30.67227171;-2.847458839;0.8805587292;10.31306553;30.68026483;-0.1875354946;-0.03619373962;-0.2270889878;8
30.67437348;-2.866601467;0.8757730722;10.3848505;30.68236655;-0.1789833754;-0.03375028074;-0.2148716897;8
30.67647525;-2.861815929;0.8470591903;10.42313576;30.68446832;-0.1692095399;-0.02764163166;-0.2050978541;8
30.67857702;-2.818745136;0.8470591903;10.46620655;30.68657009;-0.158213973;-0.02031125315;-0.1965457499;8
30.68067879;-2.766103029;0.8327022791;10.51406288;30.68867186;-0.1496618688;-0.01664606482;-0.1904370934;8
30.68278051;-2.675175667;0.8470591903;10.51884842;30.69077363;-0.1411097646;-0.008093958721;-0.1843284518;8
30.68488228;-2.579462767;0.8231309652;10.53799057;30.69287535;-0.1325576603;0.0004581485991;-0.1794415265;8
30.68698405;-2.507678032;0.8183453679;10.55713367;30.69497712;-0.1276707351;0.007788525894;-0.1733328849;8
30.68908582;-2.440679073;0.784845829;10.55713367;30.69707889;-0.1240055487;0.0126754446;-0.169667691;8
30.69118759;-2.388036966;0.7369893789;10.55713367;30.69918067;-0.1178968996;0.02000582218;-0.1684459597;8
30.69328931;-2.325823545;0.6843472719;10.52841949;30.70128244;-0.1154534444;0.02244928107;-0.1684459597;8
30.69539108;-2.273181438;0.6412764788;10.53320503;30.70338421;-0.1093447953;0.02000582218;-0.1672242284;8
30.69749285;-2.220539331;0.6077769399;10.52841949;30.70548598;-0.1044578776;0.01634063199;-0.1684459597;8
30.69959462;-2.139183521;0.5838487148;10.53799057;30.70758775;-0.102014415;0.01511890348;-0.1708894223;8
30.70169639;-2.06261301;0.5742774606;10.55713367;30.70968947;-0.0971274972;0.01145371422;-0.1733328849;8
30.70379817;-1.990828395;0.5503492355;10.55713367;30.71179129;-0.09590577334;0.009010255337;-0.1794415265;8
30.70589994;-1.947757602;0.5503492355;10.5475626;30.71389301;-0.09468404204;0.0016798781;-0.1855501831;8
30.70800171;-1.880758643;0.5359922647;10.5475626;30.71599478;-0.09224057943;-0.004428769462;-0.192880556;8
30.71010343;-1.828116536;0.5264210105;10.54277611;30.71809655;-0.08979712427;-0.01542433538;-0.1989891976;8
30.71220525;-1.775474429;0.5168496966;10.54277611;30.72019832;-0.08735366166;-0.02641990222;-0.2050978541;8
30.71430697;-1.732403636;0.5024927258;10.55234814;30.72230009;-0.08613193035;-0.03985892609;-0.2063195854;8
30.71640874;-1.703689694;0.4642075896;10.5475626;30.72440186;-0.08735366166;-0.04963276163;-0.2087630332;8
30.71851051;-1.727617979;0.4402793646;10.52841949;30.72650358;-0.08613193035;-0.06185005978;-0.2075413018;8
30.72061228;-1.765903115;0.4546363056;10.55713367;30.72860535;-0.0849102065;-0.07040216774;-0.2063195854;8
30.72271405;-1.818545222;0.4642075896;10.52841949;30.73070712;-0.0849102065;-0.07895427197;-0.2063195854;8
30.72481582;-1.852044702;0.4737788737;10.56670475;30.73280889;-0.08246674389;-0.08384118974;-0.2038761228;8
30.72691754;-1.899901152;0.5024927258;10.57149029;30.73491066;-0.08002328873;-0.09239330143;-0.2002109289;8
30.72901931;-1.923829436;0.4833501875;10.57627583;30.73701244;-0.07635809481;-0.0972802192;-0.1977674663;8
30.73112108;-1.971685886;0.5407779217;10.60977554;30.73911421;-0.06902772188;-0.102167137;-0.1941022873;8
30.73322285;-1.995614052;0.5503492355;10.61934662;30.74121593;-0.05925388262;-0.1058323234;-0.1904370934;8
30.73532462;-2.000399828;0.5790630579;10.65284634;30.7433177;-0.05192350596;-0.1046105921;-0.1843284518;8
30.73742639;-1.990828395;0.5934200287;10.68156052;30.74541947;-0.03848448023;-0.1058323234;-0.1794415265;8
30.73952817;-2.000399828;0.6221339107;10.748559;30.74752124;-0.02993237413;-0.1070540547;-0.1745546162;8
30.74162988;-1.990828395;0.6125625968;10.75334454;30.74962301;-0.01527161989;-0.1070540547;-0.1672242284;8
30.74373165;-1.9812572;0.6556333899;10.748559;30.75172478;-0.003054323839;-0.1094975099;-0.1598938555;8
30.74583342;-1.976471543;0.6604190469;10.74377346;30.7538265;0.006719512399;-0.1094975099;-0.1537852138;8
30.7479352;-1.971685886;0.6891329288;10.72941685;30.75592827;0.01160643063;-0.1046105921;-0.1488982886;8
30.75003697;-1.942971945;0.6939185858;10.67677498;30.75803004;0.01893680729;-0.09850194305;-0.1452330947;8
30.75213874;-1.909472466;0.6843472719;10.56191921;30.76013181;0.02138026804;-0.09483675659;-0.1415679157;8
30.75424046;-1.861616015;0.6556333899;10.4279213;30.76223358;0.02748891525;-0.09483675659;-0.1391244531;8
30.75634223;-1.780260086;0.6077769399;10.29870892;30.76433535;0.02871064469;-0.08506292105;-0.1379027218;8
30.758444;-1.694118381;0.5982056856;10.26999474;30.76643712;0.03237583488;-0.07651081681;-0.1366809905;8
30.76054577;-1.574477315;0.6364908218;10.24128056;30.76853884;0.03604102135;-0.06673697382;-0.1330158114;8
30.76264754;-1.45483613;0.708275497;10.15992451;30.77064061;0.03726275265;-0.05696314201;-0.1281288862;8
30.76474931;-1.392622828;0.8039883971;10.06421185;30.77274238;0.03359756246;-0.04474584386;-0.119576782;8
30.76685108;-1.392622828;0.8518448472;9.987641335;30.77484415;0.02993237413;-0.03619373962;-0.1098029464;8
30.7689528;-1.440479279;0.8518448472;9.896714211;30.77694593;0.03115410358;-0.02641990222;-0.1024725661;8
30.77105457;-1.473978758;0.8709874153;9.810572624;30.7790477;0.02626718581;-0.01542433538;-0.09636391699;8
30.77315634;-1.488335729;0.8518448472;9.74835968;30.78114942;0.02260199748;-0.00565049937;-0.09025526792;8
30.77525811;-1.459621787;0.8518448472;9.681360245;30.78325124;0.02138026804;0.004123337101;-0.08781181276;8
30.77735988;-1.392622828;0.837487936;9.623932838;30.78535296;0.01893680729;0.01389717404;-0.08414662629;8
30.77946165;-1.287338614;0.8279166222;9.619147301;30.78745473;0.01893680729;0.02367101051;-0.08414662629;8
30.78156337;-1.205982566;0.8327022791;9.580862045;30.7895565;0.01893680729;0.02733619884;-0.08292489499;8
30.7836652;-1.138983607;0.837487936;9.585647583;30.79165827;0.01404988952;0.03833176568;-0.08048143238;8
30.78576692;-1.071984529;0.8327022791;9.556933403;30.79375999;0.01160643063;0.04321868345;-0.08048143238;8
30.78786869;-1.043270707;0.8327022791;9.547362328;30.79586176;0.01404988952;0.05177079141;-0.08048143238;8
30.78997046;-1.03848505;0.8231309652;9.537791252;30.79796353;0.01282816008;0.06154462695;-0.07925970852;8
30.79207223;-1.033699393;0.8231309652;9.547362328;30.8000653;0.01404988952;0.06765327603;-0.08048143238;8
30.79417395;-1.019342422;0.8231309652;9.580862045;30.80216707;0.0164933484;0.07498364896;-0.08170316368;8
30.79627572;-1.014556766;0.8183453679;9.619147301;30.80426884;0.01893680729;0.07864884287;-0.07925970852;8
30.79837749;-1.014556766;0.8231309652;9.643074989;30.80637061;0.02138026804;0.08231402934;-0.07681624591;8
30.80047926;-1.014556766;0.8279166222;9.686145782;30.80847238;0.02626718581;0.0847574845;-0.0743727833;8
30.80258103;-1.014556766;0.8566305041;9.710074425;30.81057415;0.02993237413;0.08720094711;-0.06948586553;8
30.8046828;-1.028913736;0.8566305041;9.729216576;30.81267587;0.03481929377;0.08353576064;-0.06337722391;8
30.80678457;-1.067198873;0.8566305041;9.777072906;30.81477764;0.03848448023;0.08109229803;-0.05482511222;8
30.80888634;-1.124626637;0.8614161611;9.762716293;30.81687942;0.03970621154;0.07620538026;-0.04505127668;8
30.81098811;-1.153340459;0.8949156404;9.781859398;30.81898119;0.04092793912;0.07009673119;-0.03405570984;8
30.81308983;-1.201196909;0.9284151793;9.781859398;30.82108296;0.03970621154;0.06643154472;-0.0242818743;8
30.8151916;-1.229910851;0.94277215;9.757930756;30.82318473;0.03848448023;0.06276635826;-0.01328630932;8
30.81729337;-1.258624673;0.9523434043;9.738788605;30.82528645;0.03481929377;0.05910116807;-0.001069013379;8
30.81939514;-1.282552958;0.9714859724;9.729216576;30.82738822;0.02871064469;0.04932733253;0.009926552884;8
30.82149692;-1.296909928;0.9379864931;9.69093132;30.82948999;0.02504545636;0.03955349326;0.01970038936;8
30.82359868;-1.316052437;0.9332008362;9.695717812;30.83159176;0.0164933484;0.02611446939;0.02703076601;8
30.8257004;-1.268195987;0.9332008362;9.676574707;30.83369353;0.01038470119;0.01389717404;0.03191768378;8
30.82780218;-1.196411371;0.9379864931;9.652647018;30.8357953;0.005497782957;0.0004581485991;0.03558287397;8
30.82990395;-1.115055323;0.9379864931;9.633503914;30.83789707;-0.001832594397;-0.01175914705;0.03680460155;8
30.83200572;-1.03848505;0.9379864931;9.628718376;30.83999884;-0.007941242307;-0.02397644334;0.03558287397;8
30.83410749;-0.9714859724;0.8997012973;9.609575272;30.84210056;-0.01893680729;-0.03252854943;0.03191768378;8
30.83620926;-0.866201818;0.866201818;9.604789734;30.84420233;-0.02504545636;-0.04230238497;0.0294742249;8
30.83831103;-0.7513462901;0.837487936;9.623932838;30.8463041;-0.02993237413;-0.04841103405;0.02825249545;8
30.8404128;-0.6843472719;0.7800601721;9.614361763;30.84840587;-0.03481929377;-0.05696314201;0.02825249545;8
30.84251452;-0.626919508;0.732203722;9.638289452;30.85050764;-0.03848448023;-0.05940660089;0.02703076601;8
30.84461629;-0.5886343718;0.7178468108;9.633503914;30.85260936;-0.04214967042;-0.05818486959;0.02580903657;8
30.84671806;-0.5503492355;0.6891329288;9.657432556;30.85471113;-0.04459312931;-0.0557414107;0.02458730713;8
30.84881983;-0.5264210105;0.6699903607;9.657432556;30.8568129;-0.04459312931;-0.04963276163;0.02336557768;8
30.8509216;-0.4881358147;0.650847733;9.667003632;30.85891468;-0.043371398;-0.04596757516;0.0209221188;8
30.85302332;-0.4498506486;0.6364908218;9.714859962;30.86101645;-0.04092793912;-0.03985892609;0.01970038936;8
30.85512509;-0.4115654826;0.6173482537;9.772287369;30.86311822;-0.03726275265;-0.03008509055;0.01603520103;8
30.85722686;-0.3828516304;0.5982056856;9.796216011;30.86521999;-0.03237583488;-0.02153298259;0.01237001177;8
30.85932863;-0.3349951804;0.5934200287;9.844072342;30.86732176;-0.02748891525;-0.01298087649;0.006261364091;8
30.8614304;-0.3206382394;0.5742774606;9.882357597;30.86942348;-0.01893680729;-0.00565049937;0.002596175298;8
30.86353218;-0.3062812984;0.5647061467;9.934999466;30.87152525;-0.007941242307;0.0016798781;-0.001069013379;8
30.86563395;-0.2775674164;0.5503492355;9.968499184;30.87362702;0.001832594397;0.007788525894;-0.005955931731;8
30.86773572;-0.2871387303;0.5455635786;10.0019989;30.87572879;0.01282816008;0.0126754446;-0.007177661173;8
30.86983744;-0.3110669553;0.5312066078;10.03549862;30.87783056;0.02260199748;0.01878409274;-0.008399390616;8
30.87193921;-0.3349951804;0.5216353536;10.02592659;30.87993228;0.03359756246;0.01878409274;-0.0108428495;8
30.87404098;-0.3541377485;0.5312066078;10.02114105;30.88203405;0.03848448023;0.02367101051;-0.01206457894;8
30.87614275;-0.3684946895;0.5455635786;10.01156998;30.88413582;0.04703658819;0.02489273995;-0.01328630932;8
30.87824452;-0.3732803464;0.5455635786;9.992427826;30.88623759;0.05192350596;0.02611446939;-0.01450803876;8
30.88034624;-0.3684946895;0.5694918036;9.944570541;30.88833936;0.05314523727;0.02367101051;-0.0157297682;8
30.88244801;-0.3637090325;0.5886343718;9.887143135;30.89044113;0.05558869615;0.02122755162;-0.02061668597;8
30.88454978;-0.3541377485;0.6125625968;9.824930191;30.8925429;0.05558869615;0.01511890348;-0.02794706449;8
30.88665155;-0.3541377485;0.6364908218;9.753145218;30.89464468;0.05314523727;0.01023198478;-0.03405570984;8
30.88875332;-0.3493520916;0.6173482537;9.69093132;30.89674645;0.05070177838;0.005345067009;-0.03894263133;8
30.89085509;-0.3206382394;0.6077769399;9.633503914;30.89884816;0.04703658819;0.002901607659;-0.0438295491;8
30.89295686;-0.3110669553;0.5934200287;9.595218658;30.90094994;0.04214967042;-0.004428769462;-0.0438295491;8
30.89505863;-0.3206382394;0.5742774606;9.518648148;30.90305171;0.03726275265;-0.01420260593;-0.03894263133;8
30.8971604;-0.3445664644;0.6125625968;9.480362892;30.90515348;0.03359756246;-0.02275471389;-0.03405570984;8
30.89926212;-0.3924229145;0.6843472719;9.475577354;30.90725525;0.02871064469;-0.03008509055;-0.02794706449;8
30.90136389;-0.4642075896;0.7274180651;9.480362892;30.90935702;0.02382372692;-0.03619373962;-0.02061668597;8
30.90346567;-0.5072783828;0.7752745152;9.485149384;30.91145879;0.01893680729;-0.03863719851;-0.01450803876;8
30.90556744;-0.5407779217;0.7944171429;9.418149948;30.91356051;0.01527161989;-0.03985892609;-0.008399390616;8
30.90766921;-0.5742774606;0.813559711;9.375079155;30.91566228;0.007941242307;-0.03985892609;-0.00351247238;8
30.90977098;-0.5647061467;0.8470591903;9.375079155;30.91776405;0.007941242307;-0.03863719851;0.002596175298;8
30.91187275;-0.5551348329;0.8614161611;9.341579437;30.91986582;0.004276053514;-0.03985892609;0.006261364091;8
30.91397447;-0.5359922647;0.8614161611;9.360722542;30.92196759;0.003054323839;-0.0374154672;0.009926552884;8
30.91607624;-0.5168496966;0.8709874153;9.379864693;30.92406936;0.003054323839;-0.03375028074;0.01481347065;8
30.91817801;-0.4929214716;0.8518448472;9.38465023;30.92617108;0.004276053514;-0.03252854943;0.01970038936;8
30.92027978;-0.4881358147;0.8422735929;9.38465023;30.92827285;0.004276053514;-0.03130681813;0.02458730713;8
30.92238155;-0.4977070987;0.8279166222;9.379864693;30.93037468;0.003054323839;-0.02886336111;0.0294742249;8
30.92448332;-0.5120640397;0.8183453679;9.403793335;30.93247639;0.001832594397;-0.03130681813;0.03436114267;8
30.92658504;-0.5072783828;0.8279166222;9.370293617;30.93457816;0.0006108647794;-0.03130681813;0.04046979174;8
30.92868681;-0.5359922647;0.8327022791;9.346364975;30.93667994;-0.001832594397;-0.03252854943;0.0490218997;8
30.93078863;-0.5312066078;0.8566305041;9.360722542;30.93878171;-0.007941242307;-0.03619373962;0.05635227636;8
30.93289035;-0.5742774606;0.8757730722;9.3367939;30.94088343;-0.01404988952;-0.03863719851;0.06368265301;8
30.93499212;-0.6077769399;0.8853443861;9.312865257;30.9429852;-0.02382372692;-0.04108065739;0.07467821985;8
30.93709389;-0.626919508;0.9140582681;9.245866776;30.94508702;-0.03359756246;-0.03985892609;0.08323032409;8
30.93919567;-0.6412764788;0.9188438654;9.202795982;30.94718874;-0.043371398;-0.0374154672;0.09178243577;8
30.94129738;-0.6364908218;0.9284151793;9.150154114;30.94929051;-0.05681042373;-0.0374154672;0.1015562713;8
30.94339915;-0.6412764788;0.9140582681;9.135796547;30.95139228;-0.06658425927;-0.04108065739;0.1088866442;8
30.94550098;-0.650847733;0.94277215;9.140582085;30.95349405;-0.07757982612;-0.04352411628;0.1174387559;8
30.9476027;-0.6699903607;0.9332008362;9.135796547;30.95559577;-0.08857539296;-0.04718930274;0.1247691289;8
30.94970447;-0.6699903607;0.9236295223;9.159725189;30.95769759;-0.102014415;-0.05085449293;0.1333212405;8
30.95180624;-0.6843472719;0.8805587292;9.164510727;30.95979931;-0.1105665267;-0.05818486959;0.1382081509;8
30.95390801;-0.6747759581;0.8566305041;9.226723671;30.96190108;-0.1191186309;-0.06673697382;0.1430950761;8
30.95600973;-0.6652047038;0.813559711;9.284152031;30.96400285;-0.1252272725;-0.0728456229;0.14676027;8
30.95811155;-0.6460621357;0.7992027402;9.403793335;30.96610462;-0.1288924664;-0.08017600328;0.1492037177;8
30.96021327;-0.6029912829;0.7800601721;9.509077072;30.96820639;-0.135001123;-0.08994983882;0.1516471803;8
30.96231504;-0.5934200287;0.7369893789;9.609575272;30.97030811;-0.135001123;-0.0972802192;0.1516471803;8
30.96441681;-0.5647061467;0.70348984;9.700503349;30.97240988;-0.1337793916;-0.102167137;0.1492037177;8
30.96651858;-0.5359922647;0.6364908218;9.810572624;30.97451165;-0.1325576603;-0.1082757786;0.1479819864;8
30.96862035;-0.5072783828;0.5982056856;9.925428391;30.97661343;-0.1276707351;-0.1131627038;0.1430950761;8
30.97072207;-0.4498506486;0.5551348329;10.04028416;30.9787152;-0.1227838174;-0.1168278903;0.1382081509;8
30.97282384;-0.4115654826;0.5120640397;10.17428207;30.98081697;-0.1142317131;-0.1204930767;0.1296560466;8
30.97492561;-0.3828516304;0.4546363056;10.29870892;30.98291874;-0.1044578776;-0.1253799945;0.1223256737;8
30.97702738;-0.3541377485;0.4259224236;10.39442158;30.98502051;-0.09590577334;-0.1278234571;0.1101083755;8
30.97912915;-0.3397808075;0.3780659735;10.48056316;30.98712223;-0.08368847519;-0.1327103674;0.0991128087;8
30.98123093;-0.2919243574;0.3254238665;10.56191921;30.989224;-0.07024945319;-0.1302669197;0.086895518;8
30.9833327;-0.2584248483;0.2871387303;10.64327526;30.99132577;-0.05803215504;-0.1253799945;0.07467821985;8
30.98543447;-0.2536391914;0.2679961324;10.67677498;30.99342754;-0.04459312931;-0.1204930767;0.06001746282;8
30.98753619;-0.2392822653;0.2201396823;10.71027374;30.99552931;-0.03237583488;-0.1107192412;0.04657844082;8
30.98963796;-0.2536391914;0.2153540403;10.71506023;30.99763103;-0.01893680729;-0.1009454057;0.03191768378;8
30.99173973;-0.2823530734;0.2105683982;10.72463131;30.9997328;-0.006719512399;-0.09239330143;0.01847865991;8
30.9938415;-0.3349951804;0.2105683982;10.72941685;31.00183457;0.004276053514;-0.08017600328;0.006261364091;8
30.99594327;-0.3828516304;0.2201396823;10.748559;31.00393634;0.0164933484;-0.0740673542;-0.002290742937;8
30.99804499;-0.4737788737;0.2488535494;10.72463131;31.00603811;0.02871064469;-0.06673697382;-0.009621120058;8
31.00014676;-0.5694918036;0.2775674164;10.73898792;31.00813988;0.03726275265;-0.06185005978;-0.01328630932;8
31.00224853;-0.70348984;0.3302095234;10.71506023;31.01024165;0.04459312931;-0.05940660089;-0.01695149764;8
31.0043503;-0.8327022791;0.3972085714;10.68634605;31.01234337;0.05192350596;-0.0557414107;-0.01939495653;8
31.00645207;-0.9714859724;0.4450650215;10.67677498;31.0144452;0.05925388262;-0.05696314201;-0.01939495653;8
31.00855384;-1.110269666;0.4977070987;10.66241741;31.01654692;0.06414080411;-0.05818486959;-0.02183841541;8
31.01065561;-1.249053478;0.5742774606;10.62413216;31.01864869;0.06902772188;-0.05818486959;-0.02183841541;8
31.01275733;-1.387837172;0.6173482537;10.60499001;31.02075046;0.06902772188;-0.06062832847;-0.02183841541;8
31.01485915;-1.50269258;0.6699903607;10.56191921;31.02285223;0.06780599058;-0.06062832847;-0.02061668597;8
31.01696087;-1.627119422;0.6987041831;10.53320503;31.024954;0.07024945319;-0.06185005978;-0.01939495653;8
31.01906264;-1.770688772;0.7178468108;10.50449181;31.02705577;0.07024945319;-0.06429351866;-0.01817322709;8
31.02116442;-1.875972986;0.7513462901;10.49491978;31.02915749;0.07024945319;-0.06795870513;-0.01695149764;8
31.02326618;-1.976471543;0.7657032609;10.49970531;31.03125926;0.07024945319;-0.07162389904;-0.01450803876;8
31.02536796;-2.096112728;0.7752745152;10.51406288;31.03336103;0.07269290835;-0.07651081681;-0.01206457894;8
31.02746973;-2.191825628;0.8039883971;10.5475626;31.0354628;0.07513637096;-0.08017600328;-0.008399390616;8
31.02957145;-2.30189538;0.8279166222;10.56670475;31.03756457;0.08124501258;-0.08506292105;-0.004734201822;8
31.03167322;-2.416750908;0.8327022791;10.61934662;31.03966634;0.08613193035;-0.08994983882;-0.001069013379;8
31.03377499;-2.502892494;0.8470591903;10.66241741;31.04176811;0.08979712427;-0.09361502528;0.002596175298;8
31.03587676;-2.612962246;0.866201818;10.73420238;31.04386983;0.09957095981;-0.0972802192;0.007483093534;8
31.03797853;-2.723032236;0.8805587292;10.80120182;31.0459716;0.1093447953;-0.102167137;0.009926552884;8
31.0400803;-2.842673302;0.8949156404;10.83948612;31.04807337;0.1203403622;-0.1094975099;0.01481347065;8
31.04218207;-2.94317174;0.9188438654;10.89691448;31.05017514;0.1337793916;-0.1180496216;0.01970038936;8
31.04428379;-3.034099102;0.9284151793;10.95434189;31.05227692;0.1447749585;-0.1253799945;0.02336557768;8
31.04638556;-3.110669374;0.9140582681;10.99262714;31.05437869;0.158213973;-0.1339320987;0.02703076601;8
31.04848733;-3.201596737;0.9379864931;11.00219822;31.0564804;0.1728747338;-0.142484203;0.03069595434;8
31.0505891;-3.254238844;0.9619147182;11.00219822;31.05858223;0.1838703007;-0.1547015011;0.03558287397;8
31.05269087;-3.297309637;0.9571290612;10.94955635;31.06068395;0.1960875988;-0.165697068;0.04046979174;8
31.05479264;-3.359523058;0.9667003751;10.90170002;31.06278572;0.2021962404;-0.1766926348;0.04535670951;8
31.05689436;-3.421736479;0.9762716293;10.8682003;31.06488749;0.2144135386;-0.1852447391;0.05146535859;8
31.05899618;-3.493520975;1.004985452;10.8107729;31.06698926;0.2217439115;-0.1974620372;0.05635227636;8
31.0610979;-3.555734396;1.019342422;10.71027374;31.06909103;0.2241873741;-0.2023489624;0.06368265301;8
31.06319968;-3.594019651;1.033699393;10.59063339;31.0711928;0.2302960157;-0.2060141414;0.07101303339;8
31.06530145;-3.598805189;1.067198873;10.47099209;31.07329452;0.2290742993;-0.2096793354;0.07712167501;8
31.06740322;-3.622733593;1.105484009;10.33699417;31.07539629;0.2266308367;-0.2084576041;0.08323032409;8
31.06950499;-3.646661758;1.13419795;10.19820976;31.07749806;0.2254091054;-0.2096793354;0.08811724186;8
31.07160676;-3.651447296;1.143769264;10.07378292;31.07959983;0.2205221802;-0.2096793354;0.09544762224;8
31.07370848;-3.646661758;1.162911773;9.920642853;31.0817016;0.2156352699;-0.2072358727;0.0978910774;8
31.07581025;-3.613162279;1.143769264;9.777072906;31.08380337;0.208304897;-0.2035706937;0.1027780026;8
31.07791202;-3.579662561;1.110269666;9.681360245;31.08590509;0.1997527778;-0.2011272311;0.1052214578;8
31.08001379;-3.536591768;1.115055323;9.556933403;31.08800686;0.1924224049;-0.1925751269;0.1101083755;8
31.08211556;-3.507878065;1.100698471;9.470791817;31.09010863;0.1826485693;-0.1791360974;0.1149952933;8
31.08421733;-3.479164124;1.100698471;9.370293617;31.0922104;0.1740964651;-0.162031889;0.1211039424;8
31.08631905;-3.450450182;1.115055323;9.274580956;31.09431212;0.1692095399;-0.1400407553;0.127212584;8
31.08842082;-3.460021496;1.110269666;9.193224907;31.09641389;0.161879167;-0.1192713454;0.1357647032;8
31.09052259;-3.464807272;1.153340459;9.131011009;31.09851566;0.1557705253;-0.09605848789;0.1430950761;8
31.09262436;-3.479164124;1.191625714;9.121439934;31.10061744;0.1557705253;-0.06918043643;0.1516471803;8
31.09472608;-3.46959281;1.205982566;9.126225471;31.10271921;0.1569922417;-0.03985892609;0.1601992846;8
31.09682785;-3.479164124;1.191625714;9.116654396;31.10482098;0.1594357044;-0.004428769462;0.1675296724;8
31.09892962;-3.474378586;1.172483087;9.135796547;31.10692275;0.1606574357;0.02977965772;0.1724165827;8
31.10103139;-3.46959281;1.153340459;9.145368576;31.10902452;0.1667660922;0.06887500733;0.1773035079;8
31.10313317;-3.431307554;1.11984098;9.188439369;31.11112629;0.1728747338;0.1030834317;0.1821904182;8
31.10523494;-3.402593851;1.100698471;9.221938133;31.11322806;0.181426838;0.131183207;0.1858556122;8
31.10733671;-3.359523058;1.081555843;9.255437851;31.11532978;0.1936441362;0.1519526094;0.1895207912;8
31.10943848;-3.383451223;1.043270707;9.284152031;31.11743155;0.2034179717;0.1788306683;0.1931859851;8
31.11154025;-3.335594654;0.9762716293;9.38465023;31.11953332;0.2131918073;0.2093739063;0.1980729103;8
31.11364202;-3.282952785;0.9571290612;9.475577354;31.12163509;0.2217439115;0.2374736816;0.2078467458;8
31.11574374;-3.249453068;0.9523434043;9.480362892;31.12373686;0.2290742993;0.2667951882;0.2176205814;8
31.11784551;-3.287738323;0.9906286001;9.461220741;31.12583858;0.2339612097;0.2924515009;0.2310595959;8
31.11994728;-3.359523058;1.024128079;9.470791817;31.12794035;0.235182941;0.3144426346;0.2444986254;8
31.12204905;-3.445664644;1.057627559;9.446864128;31.13004218;0.2400698513;0.3352120519;0.2567159235;8
31.12415082;-3.507878065;1.057627559;9.427721024;31.13214389;0.2425133139;0.3486510813;0.266489774;8
31.12625254;-3.560520172;1.033699393;9.446864128;31.13424566;0.2437350452;0.3572031856;0.2762635946;8
31.12835431;-3.56530571;1.019342422;9.437292099;31.13634744;0.2449567765;0.3620901108;0.2799287736;8
31.13045613;-3.527020693;0.9714859724;9.466006279;31.13844921;0.2461785078;0.3620901108;0.2860374451;8
31.13255785;-3.488735437;0.9379864931;9.485149384;31.14055098;0.2437350452;0.3547597229;0.2909243405;8
31.13465962;-3.455235958;0.9044869542;9.466006279;31.14265275;0.2437350452;0.3510945439;0.2933678031;8
31.13676139;-3.43609333;0.890130043;9.489934921;31.14475452;0.2400698513;0.3413206935;0.2945895493;8
31.13886317;-3.421736479;0.8614161611;9.494720459;31.14685624;0.235182941;0.3388772309;0.2970330119;8
31.14096494;-3.440878868;0.8422735929;9.480362892;31.14895801;0.2327394783;0.3291034102;0.2982547283;8
31.14306671;-3.46959281;0.8039883971;9.480362892;31.15105978;0.2302960157;0.3181078434;0.2970330119;8
31.14516848;-3.498306751;0.7752745152;9.44207859;31.15316155;0.227852568;0.3071122766;0.2958112657;8
31.1472702;-3.503092289;0.7226324677;9.461220741;31.15526332;0.2241873741;0.2948949635;0.2945895493;8
31.14937197;-3.445664644;0.679561615;9.523433685;31.15736509;0.2205221802;0.2863428593;0.2945895493;8
31.15147374;-3.402593851;0.6939185858;9.518648148;31.15946681;0.2156352699;0.277790755;0.2970330119;8
31.15357551;-3.388236761;0.756131947;9.489934921;31.16156858;0.2070831656;0.2704603672;0.3031416535;8
31.15567728;-3.397808075;0.8231309652;9.427721024;31.16367035;0.1936441362;0.261908263;0.3104720116;8
31.15777905;-3.421736479;0.8805587292;9.370293617;31.16577212;0.181426838;0.2509126961;0.316580683;8
31.15988077;-3.445664644;0.9140582681;9.269794464;31.16787384;0.1667660922;0.2411388755;0.3214675784;8
31.16198254;-3.455235958;0.9379864931;9.183652878;31.16997561;0.154548794;0.2374736816;0.3214675784;8
31.16408431;-3.455235958;0.9140582681;9.05922699;31.17207738;0.1398880333;0.2435823381;0.3214675784;8
31.16618608;-3.397808075;0.8805587292;8.997013092;31.17417915;0.1276707351;0.2472475171;0.3141372204;8
31.1682878;-3.311666489;0.8997012973;8.982656479;31.17628092;0.1130099818;0.2435823381;0.3068068326;8
31.17038957;-3.211168051;0.9188438654;8.958727837;31.1783827;0.108123064;0.2435823381;0.2970330119;8
31.17249134;-3.077169895;0.9092726111;8.987442017;31.18048447;0.09957095981;0.2460257858;0.2884808779;8
31.17459311;-3.000599623;0.8422735929;9.131011009;31.18258618;0.09346231073;0.2472475171;0.2860374451;8
31.17669488;-2.991028309;0.8183453679;9.217152596;31.18468801;0.08979712427;0.2533561587;0.2835939825;8
31.17879665;-3.01974225;0.7944171429;9.245866776;31.18678973;0.08735366166;0.2594648004;0.2848156989;8
31.18089843;-3.081955671;0.784845829;9.265008926;31.1888915;0.08857539296;0.2680169344;0.2884808779;8
31.18300014;-3.144168854;0.8087740541;9.293723106;31.19099327;0.08979712427;0.2790125012;0.2933678031;8
31.18510197;-3.201596737;0.8518448472;9.332008362;31.19309504;0.09224057943;0.2961167097;0.3006981909;8
31.18720369;-3.215953588;0.8757730722;9.403793335;31.19519676;0.09590577334;0.3095557392;0.3068068326;8
31.18930546;-3.230310678;0.9044869542;9.480362892;31.19729858;0.1032361463;0.3193295598;0.3104720116;8
31.19140723;-3.206382275;0.9188438654;9.504291534;31.1994003;0.1105665267;0.3315468729;0.3116937578;8
31.193509;-3.182454109;0.9044869542;9.561718941;31.20150207;0.1203403622;0.3462076187;0.3129154742;8
31.19561072;-3.096312523;0.8614161611;9.7196455;31.20360384;0.1288924664;0.3645335436;0.3141372204;8
31.19771254;-3.029313564;0.8279166222;9.757930756;31.20570561;0.1362228394;0.3840812445;0.3153589368;8
31.19981426;-2.967100143;0.837487936;9.7196455;31.20780738;0.1423314959;0.4036289155;0.3190241456;8
31.20191603;-2.94317174;0.8614161611;9.700503349;31.20990915;0.1484401375;0.4256200492;0.3190241456;8
31.2040178;-2.914458036;0.866201818;9.695717812;31.21201092;0.154548794;0.4463894367;0.3190241456;8
31.20611957;-2.914458036;0.8805587292;9.643074989;31.2141127;0.1606574357;0.470824033;0.3178023994;8
31.20822134;-2.885744095;0.8709874153;9.576076508;31.21621442;0.1631008983;0.4940368831;0.316580683;8
31.21032311;-2.837887764;0.837487936;9.54257679;31.21831624;0.1655443609;0.5099193454;0.316580683;8
31.21242488;-2.766103029;0.7896314859;9.466006279;31.22041796;0.1679878086;0.524580121;0.3190241456;8
31.21452665;-2.713460922;0.7657032609;9.370293617;31.22251973;0.1631008983;0.5319104791;0.3190241456;8
31.21662837;-2.670390129;0.7752745152;9.279366493;31.22462145;0.158213973;0.5306887627;0.320245862;8
31.2187302;-2.679961443;0.760917604;9.17886734;31.22672322;0.1533270627;0.5233584046;0.3178023994;8
31.22083192;-2.727817774;0.7226324677;9.102297783;31.22882499;0.1472184062;0.5209149122;0.3153589368;8
31.22293368;-2.761317253;0.6747759581;9.169296265;31.23092676;0.138666302;0.5148062706;0.320245862;8
31.2250354;-2.770888567;0.6939185858;9.2362957;31.23302853;0.1288924664;0.4989238083;0.3275762498;8
31.22713718;-2.81395936;0.7704889178;9.183652878;31.2351303;0.1178968996;0.4818195999;0.3422369957;8
31.22923895;-2.871387243;0.890130043;9.116654396;31.23723207;0.1044578776;0.4610501826;0.3605629504;8
31.23134072;-3.00538516;1.000199914;9.087940216;31.23933384;0.08979712427;0.4402807951;0.3813323379;8
31.23344249;-3.158525944;1.095912814;9.03051281;31.24143556;0.07147117704;0.4170679152;0.4033234715;8
31.23554426;-3.292523861;1.138983607;8.992227554;31.24353733;0.05803215504;0.3962985277;0.4228711426;8
31.23764603;-3.397808075;1.11984098;8.934800148;31.2456391;0.04092793912;0.3730856776;0.4424188137;8
31.2397478;-3.421736479;1.11984098;8.925228119;31.24774087;0.02382372692;0.3510945439;0.4619664848;8
31.24184952;-3.378665686;1.11984098;8.896514893;31.24984264;0.01038470119;0.327881664;0.4802924395;8
31.24395129;-3.292523861;1.071984529;8.920442581;31.25194442;-0.004276053514;0.3046688139;0.4998401105;8
31.24605306;-3.230310678;1.052842021;8.958727837;31.25404619;-0.01771507785;0.2802342176;0.5218312144;8
31.24815483;-3.201596737;1.048056364;8.992227554;31.2561479;-0.02871064469;0.2557996213;0.5401571989;8
31.2502566;-3.201596737;1.024128079;9.054440498;31.25824973;-0.04092793912;0.227699846;0.556039691;8
31.25235837;-3.201596737;0.9762716293;9.035298347;31.2603515;-0.04825831577;0.2020435184;0.5694786906;8
31.25446014;-3.168097258;0.9188438654;9.078369141;31.26245322;-0.05681042373;0.1837175786;0.5816959739;8
31.25656186;-3.072384357;0.8470591903;9.169296265;31.26455499;-0.06536252797;0.1715002805;0.5926915407;8
31.25866369;-2.947957516;0.8087740541;9.17886734;31.26665676;-0.07147117704;0.161726445;0.6061306;8
31.26076546;-2.823530674;0.7944171429;9.140582085;31.26875853;-0.07635809481;0.154396072;0.6195695996;8
31.26286718;-2.723032236;0.8039883971;9.150154114;31.2708603;-0.08246674389;0.154396072;0.6330085993;8
31.26496895;-2.646461725;0.813559711;9.140582085;31.27296202;-0.08735366166;0.1580612659;0.6464476585;8
31.26707072;-2.608176708;0.813559711;9.126225471;31.27506379;-0.09101885557;0.1629481763;0.6574432254;8
31.26917249;-2.560320139;0.784845829;9.116654396;31.27716556;-0.09590577334;0.1678351015;0.670882225;8
31.27127426;-2.498106956;0.7369893789;9.078369141;31.27926733;-0.09590577334;0.1788306683;0.6818777919;8
31.27337598;-2.421536446;0.6843472719;9.05922699;31.2813691;-0.09468404204;0.1898262352;0.6940951347;8
31.27547775;-2.321038008;0.6317051649;9.116654396;31.28347087;-0.09101885557;0.2069304436;0.706312418;8
31.27757952;-2.239681959;0.5790630579;9.111868858;31.28557259;-0.08857539296;0.2301433086;0.7197514176;8
31.27968129;-2.167897224;0.5455635786;9.111868858;31.28767436;-0.08124501258;0.2545779049;0.7307469845;8
31.28178306;-2.091326952;0.5168496966;9.159725189;31.28977613;-0.07635809481;0.281455934;0.7405208349;8
31.28388483;-1.9812572;0.4785645306;9.202795982;31.2918779;-0.07024945319;0.3095557392;0.7502946854;8
31.28598655;-1.880758643;0.5024927258;9.221938133;31.29397968;-0.06658425927;0.3388772309;0.7588467598;8
31.28808832;-1.761117458;0.5168496966;9.217152596;31.29608145;-0.06414080411;0.370642215;0.7661771774;8
31.29019009;-1.64626193;0.5407779217;9.159725189;31.29818322;-0.06291907281;0.3987419903;0.7735075355;8
31.29229186;-1.569691658;0.5599204898;9.107083321;31.30028494;-0.06414080411;0.428063482;0.7783944607;8
31.29439363;-1.488335729;0.5647061467;9.068798065;31.30238671;-0.06658425927;0.45860672;0.7845031023;8
31.2964954;-1.411765337;0.5359922647;9.035298347;31.30448848;-0.06780599058;0.4854847789;0.7906117439;8
31.29859718;-1.344766378;0.4929214716;9.011369705;31.30659025;-0.06658425927;0.5111411214;0.7942769527;8
31.30069889;-1.301695466;0.4115654826;8.997013092;31.30869202;-0.06658425927;0.5429060459;0.7991638184;8
31.30280067;-1.249053478;0.3445664644;9.03051281;31.31079379;-0.06536252797;0.5758927464;0.8016073108;8
31.30490244;-1.16769743;0.2632105052;9.121439934;31.31289556;-0.06658425927;0.6064360142;0.8052725196;8
31.30700421;-1.100698471;0.2249253243;9.135796547;31.31499733;-0.06536252797;0.6357575059;0.8101593852;8
31.30910598;-1.052842021;0.1770688742;9.183652878;31.31709905;-0.06536252797;0.6650790572;0.813824594;8
31.31120775;-0.9954141974;0.1674975902;9.226723671;31.31920082;-0.06414080411;0.6895136237;0.821154952;8
31.31330952;-0.9714859724;0.1435693651;9.293723106;31.32130259;-0.06291907281;0.7115047574;0.8248201609;8
31.31541129;-0.9475577474;0.1196411327;9.38465023;31.32340436;-0.05681042373;0.7322741747;0.8272636533;8
31.31751301;-0.8757730722;0.1148554832;9.494720459;31.32550613;-0.05436696485;0.7506000996;0.8260418773;8
31.31961478;-0.7896314859;0.1004985496;9.604789734;31.3276079;-0.04092793912;0.7640390992;0.8260418773;8
31.32171655;-0.6891329288;0.0765703246;9.762716293;31.32970968;-0.03359756246;0.7713695168;0.821154952;8
31.32381832;-0.6125625968;0.0143569354;9.887143135;31.33181139;-0.02504545636;0.7774781585;0.8174898028;8
31.32592009;-0.5120640397;-0.04785645381;9.978070259;31.33391317;-0.01771507785;0.7823650837;0.8126028776;8
31.32802186;-0.3876372576;-0.08614161611;10.06899738;31.33601494;-0.01038470119;0.7823650837;0.8016073108;8
31.33012363;-0.2536391914;-0.1292124242;10.12642574;31.33811671;-0.0006108647794;0.7786998749;0.7918334603;8
31.33222535;-0.1339980662;-0.1962114573;10.2029953;31.34021848;0.006719512399;0.7774781585;0.7832813859;8
31.33432712;-0.0382851623;-0.2344966233;10.2652092;31.34232025;0.01160643063;0.7725912333;0.7735075355;8
31.33642889;0.03349951655;-0.2871387303;10.32742214;31.34442197;0.01771507785;0.7664825916;0.763733685;8
31.33853066;0.06699903309;-0.3158525825;10.38963604;31.34652379;0.02626718581;0.76037395;0.7527381182;8
31.34063244;0.1148554832;-0.3445664644;10.43270683;31.34862551;0.02871064469;0.751821816;0.7417425513;8
31.34273421;0.1244267747;-0.3684946895;10.46620655;31.35072728;0.03481929377;0.7457131743;0.7331904769;8
31.34483592;0.1196411327;-0.4115654826;10.49970531;31.35282905;0.04214967042;0.7371610999;0.7246383429;8
31.34693775;0.1483550072;-0.4163511395;10.51884842;31.35493082;0.04948004708;0.717613399;0.713642776;8
31.34903947;0.1435693651;-0.4307080805;10.59063339;31.35703254;0.05558869615;0.6968439817;0.7038689256;8
31.35114124;0.1818545163;-0.3876372576;10.67198944;31.35913436;0.05925388262;0.6711876988;0.6940951347;8
31.35324301;0.2488535494;-0.3637090325;10.69113159;31.36123608;0.06414080411;0.6406444311;0.6855430007;8
31.35534478;0.2967100143;-0.2871387303;10.69591713;31.36333785;0.06780599058;0.608879447;0.6757691503;8
31.3574465;0.3062812984;-0.2632105052;10.68156052;31.36543962;0.06902772188;0.5771145225;0.6647735834;8
31.35954832;0.2919243574;-0.2297109663;10.65284634;31.36754139;0.06902772188;0.5539016128;0.656221509;8
31.36165004;0.2536391914;-0.2344966233;10.62891865;31.36964317;0.06658425927;0.5367974043;0.6513345838;8
31.36375181;0.2823530734;-0.2440679073;10.54277611;31.37174488;0.06291907281;0.5221366882;0.6501128674;8
31.36585358;0.2679961324;-0.1962114573;10.43270683;31.37384665;0.05681042373;0.5074759126;0.6513345838;8
31.36795535;0.2297109663;-0.1292124242;10.3226366;31.37594842;0.05192350596;0.4879282415;0.656221509;8
31.37005712;0.1100698411;-0.05264209956;10.30827999;31.3780502;0.04214967042;0.474489212;0.6623301506;8
31.37215884;0.0765703246;0.04307080805;10.24128056;31.38015197;0.03359756246;0.4573850036;0.6696605086;8
31.37426061;0.04307080805;0.1148554832;10.15513897;31.38225374;0.02504545636;0.4500546157;0.6757691503;8
31.37636238;0.0143569354;0.1627119333;10.04985523;31.38435551;0.02138026804;0.4427242577;0.6818777919;8
31.37846415;-0.009571290575;0.1722832322;9.95414257;31.38645728;0.0164933484;0.4305069447;0.6855430007;8
31.38056593;0.02871387079;0.1674975902;10.00678444;31.38855905;0.01404988952;0.424398303;0.6867647171;8
31.3826677;0.1244267747;0.1770688742;10.07378292;31.39066077;0.01404988952;0.424398303;0.6879864335;8
31.38476947;0.2344966233;0.1770688742;10.12164021;31.39276254;0.01160643063;0.428063482;0.6867647171;8
31.38687124;0.3349951804;0.1914258152;10.12164021;31.39486431;0.01404988952;0.4366155863;0.6892082095;8
31.38897301;0.4402793646;0.1962114573;10.13121128;31.39696608;0.01527161989;0.4488328993;0.6904299259;8
31.39107473;0.4642075896;0.1531406492;10.11685371;31.3990678;0.01893680729;0.4598284662;0.6940951347;8
31.3931765;0.4833501875;0.1148554832;10.09771156;31.40116962;0.02260199748;0.4634936452;0.6977602839;8
31.39527827;0.4689932466;0.07178468257;10.08335495;31.40327134;0.02993237413;0.4683805704;0.6965385675;8
31.39738004;0.4642075896;0.0765703246;10.10728264;31.40537311;0.03481929377;0.4757109582;0.6940951347;8
31.39948176;0.5455635786;0.08135596663;10.14078236;31.40747488;0.04092793912;0.4867065251;0.6892082095;8
31.40158358;0.6699903607;0.08614161611;10.17428207;31.40957665;0.04459312931;0.5025889874;0.6843212843;8
31.4036853;0.7800601721;0.1052841991;10.15035343;31.41167842;0.04948004708;0.5196931958;0.6830995679;8
31.40578707;0.8709874153;0.1148554832;10.08335495;31.4137802;0.05070177838;0.5392408967;0.6818777919;8
31.40788884;0.9236295223;0.1627119333;10.01156998;31.41588197;0.05192350596;0.560010314;0.6855430007;8
31.40999061;0.9188438654;0.2440679073;10.0019989;31.41798369;0.05314523727;0.5832231641;0.6904299259;8
31.41209238;0.8709874153;0.3349951804;9.992427826;31.42008546;0.05192350596;0.5966621637;0.6940951347;8
