Tempo acelerômetro (s);Acelerômetro X (m/s²);Acelerômetro Y (m/s²);Acelerômetro Z (m/s²);Tempo giroscópio (s);Giroscópio X (rad/s);Giroscópio Y (rad/s);Giroscópio Z (rad/s);gesto
18.06589517;-2.411965132;0.9571290612;10.02592659;18.07388824;-0.1154534444;0.06032289565;-0.1305723488;5
18.06799694;-2.359323025;0.94277215;10.04028416;18.07599001;-0.108123064;0.07742711157;-0.1232419685;5
18.07009871;-2.330609322;0.9332008362;10.09771156;18.07809178;-0.1007926911;0.09330959618;-0.1134681329;5
18.07220043;-2.292324066;0.9284151793;10.12642574;18.08019355;-0.09101885557;0.1091920808;-0.1061377525;5
18.0743022;-2.254039049;0.9092726111;10.15035343;18.08229532;-0.08368847519;0.1238528341;-0.0988073796;5
18.07640397;-2.201396942;0.9140582681;10.18863869;18.0843971;-0.07513637096;0.1385135949;-0.09392046183;5
18.07850574;-2.153540373;0.8805587292;10.21256733;18.08649887;-0.06780599058;0.1495091617;-0.08781181276;5
18.08060751;-2.105684042;0.8614161611;10.23170948;18.08860064;-0.06047561392;0.1531743407;-0.08414662629;5
18.08270928;-2.019542217;0.8518448472;10.24606609;18.09070236;-0.05558869615;0.1568395346;-0.08292489499;5
18.08481105;-1.942971945;0.8327022791;10.26999474;18.09280413;-0.04948004708;0.1580612659;-0.08048143238;5
18.08691282;-1.880758643;0.7992027402;10.30349445;18.0949059;-0.04581485689;0.1580612659;-0.08292489499;5
18.0890146;-1.823330879;0.760917604;10.34177971;18.09700767;-0.04092793912;0.1495091617;-0.08414662629;5
18.09111631;-1.761117458;0.708275497;10.35135078;18.09910944;-0.03848448023;0.1421787739;-0.08659008145;5
18.09321808;-1.703689694;0.6652047038;10.3657074;18.10121121;-0.03359756246;0.1287397593;-0.09269873053;5
18.09531986;-1.660618901;0.6029912829;10.37527943;18.10331298;-0.03115410358;0.1128572673;-0.09636391699;5
18.09742163;-1.631905079;0.5742774606;10.4279213;18.1054147;-0.02871064469;0.09575305134;-0.1012508348;5
18.0995234;-1.607976794;0.5647061467;10.46142101;18.10751647;-0.02504545636;0.07498364896;-0.1073594838;5
18.10162517;-1.588834286;0.5455635786;10.49970531;18.10961824;-0.02382372692;0.05177079141;-0.1122464016;5
18.10372694;-1.584048629;0.5790630579;10.53799057;18.11172001;-0.02382372692;0.02733619884;-0.1171333194;5
18.10582866;-1.59840548;0.5886343718;10.56191921;18.11382178;-0.02260199748;0.0004581485991;-0.1220202371;5
18.10793043;-1.627119422;0.5982056856;10.53799057;18.11592355;-0.02138026804;-0.02641990222;-0.1244636998;5
18.1100322;-1.655833244;0.5934200287;10.51406288;18.11802527;-0.02138026804;-0.05085449293;-0.1269071549;5
18.11213397;-1.679761529;0.6364908218;10.49013424;18.12012704;-0.02138026804;-0.0728456229;-0.1293506175;5
18.11423574;-1.708475351;0.6556333899;10.44706345;18.12222887;-0.02260199748;-0.09361502528;-0.1281288862;5
18.11633751;-1.703689694;0.70348984;10.40399265;18.12433058;-0.02382372692;-0.1107192412;-0.1256854236;5
18.11843923;-1.732403636;0.7465606928;10.3226366;18.12643236;-0.02504545636;-0.1241582632;-0.1207985133;5
18.120541;-1.761117458;0.7800601721;10.29392338;18.12853413;-0.02382372692;-0.1363755614;-0.1146898642;5
18.12264282;-1.789831281;0.837487936;10.24606609;18.1306359;-0.02871064469;-0.1461493969;-0.1085812151;5
18.12474454;-1.808973908;0.890130043;10.18863869;18.13273762;-0.02871064469;-0.1522580534;-0.1024725661;5
18.12684631;-1.828116536;0.9092726111;10.15035343;18.13483944;-0.02993237413;-0.1534797698;-0.09514218569;5
18.12894808;-1.842473388;0.9475577474;10.08814049;18.13694121;-0.02871064469;-0.158366695;-0.08659008145;5
18.13104986;-1.813759565;0.9858429432;10.04028416;18.13904293;-0.03237583488;-0.1644753367;-0.07559451461;5
18.13315157;-1.789831281;1.014556766;10.02114105;18.1411447;-0.03115410358;-0.165697068;-0.06459894776;5
18.1352534;-1.756331801;1.024128079;10.0019989;18.14324647;-0.02748891525;-0.1681405306;-0.05360338464;5
18.13735517;-1.708475351;1.057627559;10.0019989;18.14534824;-0.02504545636;-0.1632536054;-0.04138609022;5
18.13945689;-1.718046665;1.0863415;9.997213364;18.14745001;-0.02382372692;-0.1547015011;-0.02916879393;5
18.14155866;-1.684547186;1.105484009;9.949356079;18.14955173;-0.02138026804;-0.1461493969;-0.01939495653;5
18.14366043;-1.655833244;1.091127157;9.934999466;18.1516535;-0.01771507785;-0.131488651;-0.0108428495;5
18.1457622;-1.607976794;1.0863415;9.915857315;18.15375527;-0.01404988952;-0.115606159;-0.002290742937;5
18.14786397;-1.545763373;1.067198873;9.882357597;18.15585704;-0.00916297175;-0.0972802192;0.006261364091;5
18.14996569;-1.469193101;1.076770186;9.87757206;18.15795881;-0.003054323839;-0.07773254067;0.01359174121;5
18.15206746;-1.387837172;1.071984529;9.906285286;18.16006058;0.003054323839;-0.06062832847;0.01847865991;5
18.15416923;-1.320838094;1.057627559;9.906285286;18.16216236;0.01038470119;-0.04230238497;0.02336557768;5
18.156271;-1.239482164;1.062413216;9.906285286;18.16426407;0.01771507785;-0.02397644334;0.02703076601;5
18.15837277;-1.158126116;1.024128079;9.891928673;18.16636584;0.02504545636;-0.008093958721;0.0294742249;5
18.16047454;-1.105484009;1.028913736;9.891928673;18.16846762;0.02871064469;0.005345067009;0.03069595434;5
18.16257631;-1.033699393;1.004985452;9.872786522;18.17056939;0.03359756246;0.01878409274;0.0294742249;5
18.16467803;-0.9379864931;0.9906286001;9.844072342;18.17267116;0.03970621154;0.03222311661;0.03069595434;5
18.1667798;-0.8805587292;0.9619147182;9.805787086;18.17477293;0.04214967042;0.03955349326;0.03313941509;5
18.16888157;-0.8039883971;0.9619147182;9.796216011;18.1768747;0.04459312931;0.04444041103;0.03680460155;5
18.17098334;-0.760917604;0.9571290612;9.74835968;18.17897642;0.04581485689;0.05177079141;0.04046979174;5
18.17308512;-0.7417750359;0.9714859724;9.7196455;18.18107819;0.04459312931;0.05177079141;0.04291325063;5
18.17518689;-0.7369893789;0.9810572863;9.676574707;18.18317996;0.04214967042;0.05665770918;0.0478001684;5
18.17728866;-0.732203722;1.004985452;9.643074989;18.18528173;0.03848448023;0.05787943676;0.05024362728;5
18.17939038;-0.70348984;1.009771109;9.57129097;18.1873835;0.03481929377;0.05787943676;0.05024362728;5
18.18149215;-0.6604190469;1.014556766;9.533005714;18.18948527;0.02993237413;0.05787943676;0.05024362728;5
18.18359392;-0.6125625968;1.028913736;9.494720459;18.19158704;0.02138026804;0.05787943676;0.0490218997;5
18.18569569;-0.5599204898;1.019342422;9.475577354;18.19368881;0.0164933484;0.0542142503;0.04657844082;5
18.18779746;-0.4737788737;1.004985452;9.418149948;18.19579053;0.01038470119;0.05054906011;0.04291325063;5
18.18989923;-0.4211367965;1.000199914;9.437292099;18.1978923;0.005497782957;0.04688387364;0.04046979174;5
18.192001;-0.3780659735;0.9906286001;9.451649666;18.19999407;-0.001832594397;0.03833176568;0.03558287397;5
18.19410277;-0.3493520916;0.9571290612;9.461220741;18.20209585;-0.006719512399;0.02855792828;0.03191768378;5
18.19620449;-0.3206382394;0.9332008362;9.466006279;18.20419762;-0.01160643063;0.02000582218;0.02703076601;5
18.19830626;-0.3014956415;0.9236295223;9.456435204;18.20629939;-0.01527161989;0.009010255337;0.02214384824;5
18.20040803;-0.2919243574;0.9092726111;9.494720459;18.20840116;-0.01893680729;0.0016798781;0.01603520103;5
18.2025098;-0.2775674164;0.8949156404;9.523433685;18.21050293;-0.02138026804;-0.00565049937;0.009926552884;5
18.20461157;-0.2679961324;0.8757730722;9.51386261;18.21260465;-0.02260199748;-0.01298087649;0.003817904973;5
18.20671334;-0.2440679073;0.866201818;9.547362328;18.21470647;-0.02382372692;-0.01298087649;-0.002290742937;5
18.20881512;-0.2440679073;0.8614161611;9.566504478;18.21680819;-0.02382372692;-0.01420260593;-0.004734201822;5
18.21091689;-0.2297109663;0.8566305041;9.595218658;18.21890996;-0.02138026804;-0.01298087649;-0.008399390616;5
18.21301861;-0.2344966233;0.866201818;9.604789734;18.22101173;-0.02138026804;-0.008093958721;-0.0108428495;5
18.21512043;-0.2679961324;0.8614161611;9.623932838;18.2231135;-0.02015853859;-0.006872228812;-0.01206457894;5
18.21722215;-0.2919243574;0.8853443861;9.647860527;18.22521527;-0.01527161989;-0.0007635809598;-0.0108428495;5
18.21932392;-0.3110669553;0.9140582681;9.700503349;18.22731704;-0.01282816008;0.004123337101;-0.008399390616;5
18.22142569;-0.3493520916;0.9236295223;9.734002113;18.22941876;-0.007941242307;0.005345067009;-0.008399390616;5
18.22352746;-0.4067798555;0.9571290612;9.767501831;18.23152053;-0.001832594397;0.01023198478;-0.00351247238;5
18.22562923;-0.4354937077;0.9858429432;9.777072906;18.2336223;0.001832594397;0.01023198478;-0.001069013379;5
18.227731;-0.4737788737;1.000199914;9.791430473;18.23572407;0.00916297175;0.01389717404;0.002596175298;5
18.22983272;-0.4785645306;0.9906286001;9.8201437;18.23782584;0.01282816008;0.01878409274;0.003817904973;5
18.23193449;-0.4881358147;1.000199914;9.829715729;18.23992762;0.01771507785;0.02244928107;0.006261364091;5
18.23403626;-0.4929214716;1.004985452;9.810572624;18.24202939;0.02015853859;0.02489273995;0.009926552884;5
18.23613803;-0.4785645306;1.009771109;9.786644936;18.2441311;0.02260199748;0.02977965772;0.009926552884;5
18.2382398;-0.4785645306;1.019342422;9.762716293;18.24623293;0.02626718581;0.03222311661;0.01359174121;5
18.24034157;-0.4737788737;1.019342422;9.762716293;18.2483347;0.02504545636;0.03466657549;0.01481347065;5
18.24244334;-0.4594219327;1.004985452;9.734002113;18.25043642;0.02260199748;0.04199695215;0.01359174121;5
18.24454506;-0.4594219327;1.000199914;9.710074425;18.25253819;0.02382372692;0.04688387364;0.01359174121;5
18.24664689;-0.4450650215;0.9858429432;9.676574707;18.25463996;0.02138026804;0.05177079141;0.01237001177;5
18.24874866;-0.3972085714;0.9571290612;9.633503914;18.25674173;0.01893680729;0.05665770918;0.01237001177;5
18.25085038;-0.3637090325;0.9332008362;9.628718376;18.2588435;0.01771507785;0.06398808211;0.01237001177;5
18.25295215;-0.3397808075;0.9188438654;9.600004196;18.26094527;0.01527161989;0.07131846249;0.01359174121;5
18.25505392;-0.3158525825;0.8997012973;9.590433121;18.26304699;0.0164933484;0.0737619251;0.01847865991;5
18.25715569;-0.3158525825;0.9044869542;9.604789734;18.26514876;0.01282816008;0.07987056673;0.0209221188;5
18.25925746;-0.3589234054;0.8805587292;9.623932838;18.26725053;0.01282816008;0.07864884287;0.02825249545;5
18.26135923;-0.4450650215;0.8805587292;9.667003632;18.2693523;0.01282816008;0.07864884287;0.03069595434;5
18.26346095;-0.4929214716;0.9140582681;9.710074425;18.27145407;0.01282816008;0.0737619251;0.03802633286;5
18.26556272;-0.4929214716;0.9810572863;9.757930756;18.27355584;0.01160643063;0.06398808211;0.04046979174;5
18.26766449;-0.5120640397;1.019342422;9.801001549;18.27565762;0.01038470119;0.05543597788;0.04413498193;5
18.26976626;-0.5407779217;1.062413216;9.824930191;18.27775933;0.00916297175;0.04810560122;0.04657844082;5
18.27186803;-0.5742774606;1.0863415;9.84885788;18.27986111;0.006719512399;0.03711003438;0.0490218997;5
18.2739698;-0.5886343718;1.081555843;9.863214493;18.28196288;0.001832594397;0.02367101051;0.05268708616;5
18.27607157;-0.6029912829;1.076770186;9.84885788;18.28406465;0.0006108647794;0.01023198478;0.05635227636;5
18.27817329;-0.6173482537;1.024128079;9.84885788;18.28616642;-0.005497782957;-0.001985310577;0.06001746282;5
18.28027506;-0.6412764788;1.009771109;9.853643417;18.28826819;-0.01160643063;-0.01786779426;0.06246092543;5
18.28237683;-0.6699903607;0.9667003751;9.824930191;18.29036996;-0.01771507785;-0.03008509055;0.06734783947;5
18.2844786;-0.679561615;0.94277215;9.810572624;18.29247173;-0.02626718581;-0.04596757516;0.07101303339;5
18.28658038;-0.6939185858;0.9140582681;9.796216011;18.29457345;-0.03237583488;-0.06185005978;0.07589995116;5
18.28868215;-0.6987041831;0.8997012973;9.757930756;18.29667527;-0.04214967042;-0.0740673542;0.08078686893;5
18.29078392;-0.6987041831;0.8853443861;9.74835968;18.29877699;-0.04703658819;-0.08384118974;0.08323032409;5
18.29288569;-0.70348984;0.8853443861;9.74835968;18.30087876;-0.05436696485;-0.09361502528;0.0856737867;5
18.29498741;-0.708275497;0.8949156404;9.753145218;18.30298053;-0.05925388262;-0.1058323234;0.08811724186;5
18.29708923;-0.7130611539;0.8997012973;9.786644936;18.3050823;-0.06414080411;-0.115606159;0.09056070447;5
18.29919095;-0.6939185858;0.9044869542;9.863214493;18.30718407;-0.06536252797;-0.1253799945;0.09422589093;5
18.30129272;-0.70348984;0.9140582681;9.896714211;18.30928579;-0.06658425927;-0.1351538301;0.09544762224;5
18.30339449;-0.6939185858;0.9379864931;9.958928108;18.31138756;-0.06658425927;-0.1461493969;0.0978910774;5
18.30549626;-0.6987041831;0.9379864931;10.01635551;18.31348933;-0.0616973415;-0.158366695;0.10033454;5
18.30759803;-0.70348984;0.9284151793;10.07378292;18.31559111;-0.0616973415;-0.1705839932;0.1027780026;5
18.30969975;-0.7226324677;0.9236295223;10.13599682;18.31769288;-0.05925388262;-0.18157956;0.1039997265;5
18.31180152;-0.7178468108;0.8949156404;10.16949654;18.31979465;-0.05925388262;-0.1913533956;0.1064431891;5
18.31390329;-0.7465606928;0.8997012973;10.18863869;18.32189642;-0.05314523727;-0.1999054998;0.1088866442;5
18.31600506;-0.732203722;0.8997012973;10.22692394;18.32399819;-0.05314523727;-0.2084576041;0.1088866442;5
18.31810683;-0.7465606928;0.8709874153;10.21256733;18.32609991;-0.04948004708;-0.2170097083;0.1113301069;5
18.3202086;-0.7800601721;0.8614161611;10.23649502;18.32820168;-0.04948004708;-0.2280052751;0.1113301069;5
18.32231038;-0.8231309652;0.8470591903;10.24128056;18.33030345;-0.05314523727;-0.2377791107;0.1113301069;5
18.32441215;-0.8518448472;0.8279166222;10.2221384;18.33240522;-0.05436696485;-0.2451094985;0.1125518382;5
18.32651387;-0.890130043;0.8183453679;10.17906761;18.33450699;-0.05681042373;-0.2512181401;0.1113301069;5
18.32861564;-0.9044869542;0.8039883971;10.164711;18.33660876;-0.05925388262;-0.262213707;0.1125518382;5
18.33071741;-0.9332008362;0.7944171429;10.13121128;18.33871053;-0.0616973415;-0.2732092738;0.1149952933;5
18.33281918;-0.9714859724;0.8183453679;10.11685371;18.3408123;-0.06414080411;-0.2793179154;0.1186604798;5
18.33492095;-1.024128079;0.837487936;10.14556789;18.34291402;-0.06536252797;-0.2866483033;0.1198822111;5
18.33702272;-1.052842021;0.8566305041;10.13121128;18.34501579;-0.06658425927;-0.2915352285;0.1211039424;5
18.33912449;-1.062413216;0.866201818;10.15992451;18.34711756;-0.06902772188;-0.2976438701;0.1211039424;5
18.34122626;-1.081555843;0.8614161611;10.18385315;18.34921933;-0.06658425927;-0.2964221239;0.1186604798;5
18.34332798;-1.091127157;0.8614161611;10.2221384;18.3513211;-0.0616973415;-0.2952004075;0.1162170246;5
18.34542975;-1.067198873;0.8183453679;10.26042366;18.35342288;-0.0616973415;-0.2939786613;0.1101083755;5
18.34753152;-1.067198873;0.7944171429;10.32742214;18.35552465;-0.05681042373;-0.2878700197;0.1027780026;5
18.34963329;-1.062413216;0.7513462901;10.3848505;18.35762642;-0.04948004708;-0.281761378;0.09666935354;5
18.35173506;-1.091127157;0.70348984;10.43749237;18.35972819;-0.03970621154;-0.2732092738;0.086895518;5
18.35383683;-1.105484009;0.650847733;10.47577763;18.36182991;-0.02748891525;-0.2634354234;0.07834340632;5
18.35593861;-1.138983607;0.6364908218;10.52841949;18.36393168;-0.01404988952;-0.2487746775;0.07223475724;5
18.35804038;-1.172483087;0.5886343718;10.60977554;18.36603345;0.0006108647794;-0.2328922004;0.06246092543;5
18.36014215;-1.229910851;0.5694918036;10.66720295;18.36813522;0.01893680729;-0.215787977;0.05757400393;5
18.36224387;-1.287338614;0.5790630579;10.73420238;18.37023699;0.03726275265;-0.1937968582;0.05268708616;5
18.36434564;-1.373480201;0.5647061467;10.78205872;18.37233871;0.05558869615;-0.1742491722;0.0490218997;5
18.36644741;-1.464407444;0.5790630579;10.85384369;18.37444053;0.07757982612;-0.1522580534;0.0478001684;5
18.36854918;-1.560120344;0.5934200287;10.9304142;18.37654225;0.09957095981;-0.1327103674;0.04657844082;5
18.37065095;-1.665404558;0.6173482537;11.00698376;18.37864402;0.1178968996;-0.115606159;0.04535670951;5
18.37275267;-1.775474429;0.6604190469;11.06441212;18.38074579;0.138666302;-0.09972367436;0.04657844082;5
18.37485449;-1.890329838;0.6699903607;11.11705399;18.38284756;0.158213973;-0.08750637621;0.04657844082;5
18.37695621;-1.990828395;0.70348984;11.10748291;18.38494933;0.1777616441;-0.0740673542;0.0478001684;5
18.37905798;-2.081755638;0.7226324677;11.11705399;18.38705105;0.1948658675;-0.06307178736;0.04657844082;5
18.38115975;-2.163111687;0.7130611539;11.06441212;18.38915282;0.2095266134;-0.05696314201;0.04535670951;5
18.38326152;-2.225325108;0.7369893789;11.04526901;18.3912546;0.2241873741;-0.04963276163;0.04291325063;5
18.38536329;-2.277967215;0.7274180651;10.97348499;18.39335637;0.2364046723;-0.04596757516;0.04291325063;5
18.38746501;-2.316252232;0.70348984;10.89212894;18.39545814;0.2461785078;-0.04230238497;0.03924806044;5
18.38956678;-2.373680115;0.6843472719;10.83948612;18.39755991;0.2522871494;-0.04230238497;0.03680460155;5
18.39166855;-2.416750908;0.6891329288;10.77248764;18.39966163;0.2596175373;-0.04108065739;0.03558287397;5
18.39377032;-2.483749866;0.70348984;10.67198944;18.4017634;0.2608392537;-0.04596757516;0.03069595434;5
18.3958721;-2.517249346;0.70348984;10.60020447;18.40386517;0.2620609999;-0.04963276163;0.02703076601;5
18.39797387;-2.574677229;0.7130611539;10.50927734;18.40596694;0.2608392537;-0.05696314201;0.02336557768;5
18.40007558;-2.608176708;0.7417750359;10.41835022;18.40806871;0.2596175373;-0.06307178736;0.01970038936;5
18.40217736;-2.641676188;0.784845829;10.33220863;18.41017048;0.2583957911;-0.07040216774;0.01603520103;5
18.40427913;-2.665604353;0.8087740541;10.21256733;18.41227225;0.2535088956;-0.07773254067;0.01359174121;5
18.4063809;-2.703889608;0.8614161611;10.12642574;18.41437402;0.2498437017;-0.08506292105;0.009926552884;5
18.40848267;-2.766103029;0.8949156404;10.04506969;18.41647574;0.2449567765;-0.08750637621;0.008704823442;5
18.41058444;-2.804388046;0.9284151793;9.915857315;18.41857751;0.2376264036;-0.09117157012;0.006261364091;5
18.41268621;-2.842673302;0.9714859724;9.805787086;18.42067928;0.2290742993;-0.09605848789;0.006261364091;5
18.41478798;-2.900100946;1.004985452;9.734002113;18.42278105;0.2205221802;-0.1009454057;0.005039634649;5
18.4168897;-2.947957516;1.024128079;9.662218094;18.42488282;0.2131918073;-0.1082757786;0.006261364091;5
18.41899147;-3.00538516;1.048056364;9.580862045;18.4269846;0.2034179717;-0.115606159;0.01114828233;5
18.42109324;-3.086741209;1.081555843;9.518648148;18.42908637;0.1924224049;-0.1229365394;0.01725693047;5
18.42319501;-3.168097258;1.11984098;9.456435204;18.43118814;0.1838703007;-0.1339320987;0.02703076601;5
18.42529678;-3.263810158;1.1820544;9.370293617;18.43328991;0.1716530025;-0.1412624866;0.03802633286;5
18.42739855;-3.383451223;1.239482164;9.293723106;18.43539163;0.161879167;-0.1473711282;0.05146535859;5
18.42950032;-3.498306751;1.316052437;9.241081238;18.4374934;0.1496618688;-0.1510363221;0.06734783947;5
18.4316021;-3.603590965;1.392622828;9.212367058;18.43959517;0.1362228394;-0.1559232324;0.08323032409;5
18.43370387;-3.689732552;1.45483613;9.164510727;18.44169694;0.1227838174;-0.165697068;0.0991128087;5
18.43580558;-3.75673151;1.50269258;9.116654396;18.44379871;0.111788258;-0.1693622619;0.113773562;5
18.43790736;-3.804588079;1.555334687;9.116654396;18.44590048;0.1007926911;-0.1779143661;0.127212584;5
18.44000913;-3.85244441;1.560120344;9.068798065;18.44800225;0.08613193035;-0.1852447391;0.1406516135;5
18.4421109;-3.862015724;1.545763373;9.044869423;18.45010402;0.07269290835;-0.1901316643;0.150425449;5
18.44421267;-3.876372576;1.536192179;9.011369705;18.45220574;0.06291907281;-0.1913533956;0.1614210159;5
18.44631444;-3.895515203;1.517049551;8.992227554;18.45430751;0.05436696485;-0.1913533956;0.173638314;5
18.44841621;-3.90030098;1.50269258;9.044869423;18.45640928;0.04825831577;-0.1864664704;0.1882990748;5
18.45051798;-3.924229145;1.497906923;9.083154678;18.45851105;0.04459312931;-0.1864664704;0.2029598206;5
18.4526197;-3.957728624;1.507478237;9.140582085;18.46061282;0.04092793912;-0.1840230078;0.220064044;5
18.45472147;-3.99601388;1.521835208;9.202795982;18.4627146;0.04092793912;-0.1828012913;0.2383899838;5
18.45682324;-4.029513359;1.569691658;9.265008926;18.46481637;0.04092793912;-0.18157956;0.2567159235;5
18.45892501;-4.067798615;1.617548108;9.288937569;18.46691808;0.04214967042;-0.1754709035;0.2762635946;5
18.46102678;-4.082155228;1.651047587;9.370293617;18.46901986;0.04459312931;-0.1705839932;0.2945895493;5
18.46312855;-4.09172678;1.665404558;9.422935486;18.47112163;0.04703658819;-0.1595884264;0.3129154742;5
18.46523032;-4.09172678;1.655833244;9.427721024;18.4732234;0.04825831577;-0.1461493969;0.3300196826;5
18.46733204;-4.058227062;1.641476393;9.422935486;18.47532517;0.04948004708;-0.1327103674;0.3434587121;5
18.46943381;-4.053441525;1.622333765;9.360722542;18.47742694;0.05314523727;-0.1131627038;0.3581194878;5
18.47153558;-3.986442566;1.55054903;9.3367939;18.47952866;0.05681042373;-0.08628465235;0.370336771;5
18.47363736;-3.929014683;1.473978758;9.422935486;18.48163043;0.06414080411;-0.0557414107;0.3825540543;5
18.47573913;-3.857230186;1.464407444;9.475577354;18.4837322;0.07024945319;-0.02641990222;0.3972148299;5
18.4778409;-3.818944931;1.478764415;9.466006279;18.48583397;0.07880155742;0.0004581485991;0.4143190384;5
18.47994262;-3.795016766;1.50269258;9.480362892;18.48793574;0.0849102065;0.02733619884;0.4302015305;5
18.48204439;-3.785445452;1.540977836;9.504291534;18.49003751;0.09224057943;0.0542142503;0.4460839927;5
18.48414616;-3.75673151;1.555334687;9.54257679;18.49213928;0.1032361463;0.0847574845;0.4595230222;5
18.48624793;-3.704089403;1.531406522;9.556933403;18.494241;0.1105665267;0.1128572673;0.46685341;5
18.4883497;-3.665804386;1.488335729;9.600004196;18.49634277;0.1227838174;0.1470656991;0.4729620516;5
18.49045147;-3.56530571;1.445264935;9.585647583;18.49844454;0.1325576603;0.177608937;0.4754055142;5
18.49255324;-3.479164124;1.373480201;9.600004196;18.50054631;0.1423314959;0.200821802;0.4778489769;5
18.49465496;-3.354737282;1.320838094;9.580862045;18.50264808;0.1496618688;0.2179260105;0.4790706933;5
18.49675673;-3.263810158;1.272981644;9.533005714;18.50474986;0.1569922417;0.2325867712;0.4815141559;5
18.4988585;-3.177668571;1.210768223;9.51386261;18.50685163;0.1631008983;0.2557996213;0.4802924395;5
18.50096027;-3.058027267;1.162911773;9.547362328;18.5089534;0.1679878086;0.2826776803;0.4827359021;5
18.50306204;-2.981456995;1.162911773;9.54257679;18.51105512;0.1716530025;0.3058905303;0.4864010811;5
18.50516381;-2.928814888;1.1820544;9.461220741;18.51315689;0.1704312712;0.3327685893;0.4888445437;5
18.50726558;-2.933600664;1.234696507;9.379864693;18.51525871;0.1704312712;0.3547597229;0.4961749315;5
18.50936736;-2.952743053;1.296909928;9.317651749;18.51736043;0.1643226296;0.3755291104;0.5035052896;5
18.51146907;-2.981456995;1.320838094;9.265008926;18.5194622;0.158213973;0.3914116025;0.5096139312;5
18.51357084;-3.010170937;1.316052437;9.226723671;18.52156397;0.1533270627;0.4011854529;0.5157225728;5
18.51567267;-3.010170937;1.306481123;9.188439369;18.52366574;0.1484401375;0.4072940946;0.520609498;5
18.51777439;-2.986242771;1.301695466;9.202795982;18.52576746;0.1423314959;0.4060723484;0.5218312144;5
18.51987616;-2.971885681;1.296909928;9.221938133;18.52786923;0.1362228394;0.3901898861;0.5230529904;5
18.52197793;-2.94317174;1.253839016;9.241081238;18.529971;0.131335929;0.3694204688;0.5193877816;5
18.5240797;-2.919243574;1.201196909;9.226723671;18.53207277;0.1240055487;0.3523162603;0.5181660652;5
18.52618142;-2.82831645;1.11984098;9.322437286;18.53417454;0.1130099818;0.3413206935;0.51327914;5
18.52828319;-2.737389088;1.052842021;9.317651749;18.53627631;0.1056796089;0.3254382014;0.5108356476;5
18.53038496;-2.675175667;1.033699393;9.298508644;18.53837808;0.09468404204;0.3071122766;0.5096139312;5
18.53248673;-2.632104874;1.095912814;9.322437286;18.54047986;0.08246674389;0.2838993967;0.5108356476;5
18.5345885;-2.63689065;1.138983607;9.36550808;18.54258163;0.06902772188;0.2594648004;0.5120574236;5
18.53669027;-2.675175667;1.220339537;9.399007797;18.5446834;0.05803215504;0.2338084877;0.5157225728;5
18.53879204;-2.73260355;1.220339537;9.408578873;18.54678512;0.04825831577;0.2057087123;0.5181660652;5
18.54089381;-2.804388046;1.1820544;9.461220741;18.54888689;0.03848448023;0.1763872057;0.5193877816;5
18.54299558;-2.847458839;1.124626637;9.561718941;18.55098866;0.03237583488;0.1458439678;0.5218312144;5
18.54509736;-2.861815929;1.057627559;9.638289452;18.55309043;0.02382372692;0.1104138121;0.5242747068;5
18.54719907;-2.885744095;1.009771109;9.705288887;18.55519215;0.02015853859;0.06398808211;0.5267181396;5
18.54930084;-2.876172781;0.9714859724;9.762716293;18.55729397;0.01893680729;0.02367101051;0.5267181396;5
18.55140262;-2.847458839;0.9523434043;9.810572624;18.55939569;0.01771507785;-0.006872228812;0.5291616321;5
18.55350439;-2.766103029;0.8805587292;9.896714211;18.56149746;0.01771507785;-0.03008509055;0.5328267813;5
18.55560611;-2.689532757;0.8757730722;9.925428391;18.56359923;0.01527161989;-0.04474584386;0.5364919901;5
18.55770793;-2.632104874;0.8997012973;9.958928108;18.565701;0.0164933484;-0.0557414107;0.5438223481;5
18.55980965;-2.579462767;0.9714859724;9.95414257;18.56780277;0.01527161989;-0.06429351866;0.5523744822;5
18.56191142;-2.565105915;1.03848505;9.930213928;18.56990454;0.01404988952;-0.06307178736;0.5621483326;5
18.56401319;-2.560320139;1.062413216;9.87757206;18.57200626;0.01404988952;-0.05818486959;0.5719221234;5
18.56611496;-2.555534601;1.067198873;9.829715729;18.57410808;0.01404988952;-0.06062832847;0.5780308247;5
18.56821673;-2.54117775;1.028913736;9.777072906;18.5762098;0.01771507785;-0.0557414107;0.5829176903;5
18.5703185;-2.517249346;0.9571290612;9.686145782;18.57831157;0.02015853859;-0.04718930274;0.5865828991;5
18.57242022;-2.411965132;0.8470591903;9.724431038;18.58041334;0.02504545636;-0.03252854943;0.5902481079;5
18.57452204;-2.292324066;0.813559711;9.710074425;18.58251512;0.02993237413;-0.02031125315;0.5963567495;5
18.57662376;-2.148754835;0.8039883971;9.614361763;18.58461689;0.03359756246;-0.009315688163;0.6012436748;5
18.57872553;-2.06261301;0.8279166222;9.547362328;18.5867186;0.03359756246;0.005345067009;0.6085740328;5
18.5808273;-1.990828395;0.8327022791;9.466006279;18.58882043;0.03359756246;0.02122755162;0.6146826744;5
18.58292907;-1.919043779;0.866201818;9.360722542;18.59092215;0.03604102135;0.04077522457;0.6195695996;5
18.58503085;-1.861616015;0.8805587292;9.288937569;18.59302392;0.03481929377;0.06398808211;0.6268999577;5
18.58713256;-1.832902193;0.8805587292;9.193224907;18.59512569;0.03481929377;0.08842267841;0.6330085993;5
18.58923439;-1.765903115;0.8757730722;9.164510727;18.59722746;0.03481929377;0.1128572673;0.6403390169;5
18.5913361;-1.718046665;0.8997012973;9.131011009;18.59932923;0.03115410358;0.1324049383;0.6488910913;5
18.59343788;-1.651047587;0.9523434043;9.078369141;18.601431;0.02871064469;0.1556178033;0.6586649418;5
18.59553965;-1.603191137;0.9906286001;9.03051281;18.60353277;0.02626718581;0.1824958473;0.6696605086;5
18.59764142;-1.564906001;1.009771109;9.006584167;18.60563449;0.02504545636;0.2130390853;0.6794343591;5
18.59974319;-1.497906923;1.009771109;8.930013657;18.60773626;0.02138026804;0.2435823381;0.6904299259;5
18.60184496;-1.464407444;1.004985452;8.867800713;18.60983808;0.0164933484;0.2802342176;0.6989820004;5
18.60394673;-1.411765337;1.009771109;8.829515457;18.6119398;0.01282816008;0.3193295598;0.7075341344;5
18.60604845;-1.325623751;0.9810572863;8.781659126;18.61404157;0.01160643063;0.3559814394;0.7148644924;5
18.60815022;-1.220339537;0.9523434043;8.748159409;18.61614334;0.01038470119;0.3901898861;0.720973134;5
18.61025204;-1.110269666;0.9188438654;8.776873589;18.61824512;0.01038470119;0.420733124;0.7270817757;5
18.61235376;-1.004985452;0.8853443861;8.805587769;18.62034683;0.01160643063;0.4439459741;0.7307469845;5
18.61445553;-0.9044869542;0.8422735929;8.815158844;18.62244866;0.01771507785;0.4683805704;0.7356339097;5
18.6165573;-0.8422735929;0.7800601721;8.90130043;18.62455038;0.02138026804;0.4940368831;0.7380773425;5
18.61865907;-0.7513462901;0.708275497;9.03051281;18.62665215;0.02748891525;0.5184714794;0.7392991185;5
18.62076079;-0.6652047038;0.6412764788;9.087940216;18.62875392;0.02626718581;0.5367974043;0.7405208349;5
18.62286262;-0.5551348329;0.6221339107;9.068798065;18.63085564;0.03115410358;0.55145818;0.7392991185;5
18.62496433;-0.4642075896;0.5934200287;9.087940216;18.63295746;0.03115410358;0.5575668216;0.7380773425;5
18.6270661;-0.3732803464;0.5982056856;9.140582085;18.63505923;0.02748891525;0.5648971796;0.7344121933;5
18.62916788;-0.3014956415;0.5694918036;9.154939651;18.63716095;0.02382372692;0.567340672;0.7307469845;5
18.6312696;-0.2249253243;0.5312066078;9.140582085;18.63926272;0.02015853859;0.567340672;0.7246383429;5
18.63337142;-0.1579262912;0.4689932466;9.164510727;18.64136449;0.01404988952;0.5661189556;0.7185297012;5
18.63547319;-0.09092725813;0.4259224236;9.193224907;18.64346626;0.00916297175;0.558788538;0.7099775672;5
18.63757491;-0.0143569354;0.3924229145;9.241081238;18.64556803;0.003054323839;0.5465712547;0.7014254928;5
18.63967668;0.08135596663;0.3637090325;9.317651749;18.6476698;-0.003054323839;0.5258018374;0.6928733587;5
18.64177845;0.1339980662;0.3302095234;9.355937004;18.64977152;-0.01160643063;0.4977020919;0.6843212843;5
18.64388022;0.1914258152;0.2871387303;9.418149948;18.65187329;-0.01893680729;0.4720457494;0.672104001;5
18.64598199;0.2105683982;0.2249253243;9.451649666;18.65397506;-0.02626718581;0.4415025115;0.6598866582;5
18.64808376;0.2249253243;0.1674975902;9.533005714;18.65607683;-0.02993237413;0.408515811;0.6501128674;5
18.65018548;0.2344966233;0.08135596663;9.623932838;18.6581786;-0.03359756246;0.3681987524;0.6391173005;5
18.65228725;0.2632105052;0.06699903309;9.714859962;18.66028038;-0.03604102135;0.3291034102;0.6281217337;5
18.65438902;0.2967100143;0.04785645381;9.810572624;18.66238215;-0.03726275265;0.2875646055;0.6146826744;5
18.65649079;0.3302095234;0.02871387079;9.925428391;18.66448392;-0.03604102135;0.2496909797;0.6024653912;5
18.65859256;0.3732803464;-0.004785645287;9.997213364;18.66658564;-0.03115410358;0.2105956376;0.5878046155;5
18.66069433;0.4450650215;-0.0239282269;10.08335495;18.66868741;-0.02871064469;0.177608937;0.5755873322;5
18.6627961;0.5407779217;-0.06221338734;10.14556789;18.67078918;-0.02015853859;0.1519526094;0.5621483326;5
18.66489788;0.6077769399;-0.08135596663;10.18863869;18.67289095;-0.01282816008;0.127518028;0.5523744822;5
18.6669996;0.650847733;-0.09571290761;10.24606609;18.67499272;-0.0006108647794;0.1067486182;0.5377137065;5
18.66910137;0.679561615;-0.1196411327;10.27956581;18.67709449;0.01038470119;0.08964440972;0.5254964232;5
18.67120314;0.70348984;-0.1387837082;10.33220863;18.67919621;0.02748891525;0.08353576064;0.5108356476;5
18.67330491;0.7704889178;-0.1722832322;10.43749237;18.68129803;0.04092793912;0.08231402934;0.4925097227;5
18.67540668;0.8566305041;-0.2153540403;10.50927734;18.68339975;0.05925388262;0.09086613357;0.4729620516;5
18.67750845;0.9906286001;-0.2440679073;10.48056316;18.68550152;0.07757982612;0.104305163;0.4570795596;5
18.67961017;1.115055323;-0.2201396823;10.49491978;18.68760329;0.09590577334;0.1201876476;0.4399753511;5
18.68171199;1.196411371;-0.1962114573;10.49491978;18.68970506;0.1178968996;0.1385135949;0.4289797843;5
18.68381371;1.239482164;-0.1531406492;10.43749237;18.69180683;0.1337793916;0.1592829973;0.4192059636;5
18.68591548;1.21555388;-0.08614161611;10.43749237;18.6939086;0.154548794;0.1837175786;0.4094321132;5
18.68801725;1.143769264;-0.1004985496;10.43749237;18.69601038;0.1728747338;0.2093739063;0.4008800089;5
18.69011902;1.062413216;-0.09092725813;10.40877819;18.6981121;0.1912006736;0.2411388755;0.3959930837;5
18.69222079;0.9906286001;-0.0382851623;10.32742214;18.70021387;0.2070831656;0.2765690386;0.3935496211;5
18.69432256;0.9571290612;0.0143569354;10.24606609;18.70231564;0.2266308367;0.3132209182;0.3972148299;5
18.69642433;0.890130043;0.1004985496;10.13599682;18.70441741;0.2412915826;0.3547597229;0.4008800089;5
18.69852605;0.8183453679;0.1962114573;10.0019989;18.70651918;0.254730612;0.3975202441;0.4106538594;5
18.70062782;0.7752745152;0.3158525825;9.868000984;18.70862095;0.2681696415;0.4451677203;0.42042768;5
18.7027296;0.7369893789;0.4307080805;9.705288887;18.71072272;0.2755000293;0.4891499579;0.4302015305;5
18.70483137;0.70348984;0.5216353536;9.523433685;18.71282449;0.2779434621;0.5294670463;0.4399753511;5
18.70693314;0.7274180651;0.6221339107;9.3367939;18.71492621;0.2779434621;0.5795579553;0.4473057389;5
18.70903491;0.7704889178;0.6987041831;9.169296265;18.71702798;0.2718348205;0.6320923567;0.4583013058;5
18.71113668;0.8183453679;0.7513462901;8.982656479;18.71912975;0.2608392537;0.6858484149;0.4717403352;5
18.71323845;0.8039883971;0.7704889178;8.743373871;18.72123152;0.2498437017;0.7322741747;0.4900662601;5
18.71534017;0.7657032609;0.8183453679;8.508877754;18.72333329;0.2302960157;0.7725912333;0.5071704984;5
18.71744194;0.7274180651;0.8518448472;8.341380119;18.72543506;0.2107483447;0.8031344414;0.520609498;5
18.71954371;0.6460621357;0.8949156404;8.221738815;18.72753678;0.1899789423;0.8373429179;0.5364919901;5
18.72164548;0.6652047038;0.9619147182;8.111668587;18.72963855;0.1667660922;0.8629992008;0.5487092733;5
18.72374725;0.6939185858;1.024128079;8.049455643;18.73174032;0.1423314959;0.8837686181;0.5597048402;5
18.72584902;0.7369893789;1.0863415;8.030312538;18.7338421;0.1166751757;0.8972076178;0.5694786906;5
18.72795074;0.7465606928;1.148554921;7.99202776;18.73594387;0.09346231073;0.903316319;0.5768090487;5
18.73005251;0.8231309652;1.172483087;8.015955925;18.73804564;0.06780599058;0.903316319;0.5816959739;5
18.73215428;0.866201818;1.205982566;8.049455643;18.74014741;0.03970621154;0.8972076178;0.5829176903;5
18.73425605;0.9092726111;1.1820544;8.106883049;18.74224918;0.0164933484;0.8801034093;0.5829176903;5
18.73635782;0.9906286001;1.153340459;8.21216774;18.74435095;-0.007941242307;0.8629992008;0.5804742575;5
18.7384596;1.081555843;1.100698471;8.317451477;18.74645267;-0.02993237413;0.8348994255;0.5768090487;5
18.74056137;1.201196909;1.071984529;8.441878319;18.74855444;-0.04948004708;0.8080213666;0.5743656158;5
18.74266314;1.287338614;0.9954141974;8.532805443;18.75065621;-0.07024945319;0.7786998749;0.5694786906;5
18.74476491;1.325623751;0.94277215;8.652446747;18.75275798;-0.08735366166;0.7469348907;0.5658134818;5
18.74686663;1.349551916;0.8518448472;8.791230202;18.75485975;-0.1069013327;0.7212786078;0.5621483326;5
18.7489684;1.354337573;0.7657032609;8.925228119;18.75696152;-0.1178968996;0.6944005489;0.554817915;5
18.75107017;1.349551916;0.708275497;9.040083885;18.75906329;-0.1301141977;0.6663007736;0.5474875569;5
18.75317194;1.373480201;0.6604190469;9.198010445;18.76116506;-0.1398880333;0.6418661475;0.5438223481;5
18.75527371;1.368694544;0.6412764788;9.351150513;18.76326678;-0.1435532272;0.6149880886;0.5377137065;5
18.75737548;1.383051515;0.626919508;9.523433685;18.76536855;-0.1459966749;0.5832231641;0.5352702737;5
18.75947725;1.354337573;0.650847733;9.714859962;18.76747032;-0.1423314959;0.5526798964;0.5352702737;5
18.76157902;1.316052437;0.650847733;9.915857315;18.7695721;-0.135001123;0.5258018374;0.5364919901;5
18.76368074;1.268195987;0.6556333899;10.09771156;18.77167381;-0.1252272725;0.4989238083;0.5401571989;5
18.76578251;1.201196909;0.6652047038;10.26042366;18.77377558;-0.1154534444;0.470824033;0.5426006317;5
18.76788428;1.158126116;0.6747759581;10.43270683;18.77587736;-0.1007926911;0.4439459741;0.5450441241;5
18.76998605;1.172483087;0.6843472719;10.56191921;18.77797913;-0.08735366166;0.4256200492;0.5462658405;5
18.77208777;1.220339537;0.70348984;10.69591713;18.7800809;-0.07024945319;0.4072940946;0.5462658405;5
18.77418954;1.258624673;0.6939185858;10.81555843;18.78218267;-0.05558869615;0.3926333487;0.5462658405;5
18.77629131;1.306481123;0.6652047038;10.87777138;18.78428444;-0.03726275265;0.3791943192;0.5450441241;5
18.77839308;1.383051515;0.6412764788;10.93998528;18.78638616;-0.02138026804;0.3620901108;0.5389354229;5
18.78049486;1.426122308;0.5790630579;10.98305607;18.78848798;-0.00916297175;0.3437641561;0.5303833485;5
18.78259663;1.50269258;0.5024927258;11.00219822;18.79058975;0.005497782957;0.324216485;0.5218312144;5
18.7846984;1.612762451;0.4402793646;10.97827053;18.79269147;0.01771507785;0.3058905303;0.5120574236;5
18.78680012;1.727617979;0.4307080805;10.95912743;18.79479324;0.02626718581;0.2875646055;0.5010618567;5
18.78890194;1.832902193;0.4307080805;10.88255692;18.79689501;0.03359756246;0.2716821134;0.4912880063;5
18.79100371;1.899901152;0.4067798555;10.83470058;18.79899678;0.03970621154;0.2533561587;0.4802924395;5
18.79310543;1.966900229;0.3732803464;10.78684425;18.80109855;0.04214967042;0.2386954129;0.4729620516;5
18.7952072;2.01475668;0.3541377485;10.72941685;18.80320032;0.043371398;0.227699846;0.463188231;5
18.79730897;2.029113531;0.3445664644;10.63370419;18.8053021;0.04581485689;0.2203694731;0.4558578432;5
18.79941074;2.043470621;0.3541377485;10.5475626;18.80740387;0.04459312931;0.2142608166;0.4485274553;5
18.80151251;2.029113531;0.3828516304;10.4853487;18.80950558;0.04581485689;0.2093739063;0.4436405599;5
18.80361428;2.005185366;0.3924229145;10.43749237;18.81160736;0.04459312931;0.2032652497;0.4399753511;5
18.80571605;2.000399828;0.4259224236;10.3848505;18.81370913;0.04214967042;0.1959348768;0.4338667095;5
18.80781782;2.038684845;0.4881358147;10.30827999;18.8158109;0.03848448023;0.1873827726;0.4253146052;5
18.80991954;2.086541414;0.5503492355;10.22692394;18.81791267;0.03359756246;0.1886045039;0.4192059636;5
18.81202131;2.20618248;0.6029912829;10.14078236;18.82001444;0.02993237413;0.1971566081;0.4155407548;5
18.81412308;2.282752752;0.6364908218;10.08814049;18.82211616;0.02260199748;0.2105956376;0.4143190384;5
18.81622486;2.354537487;0.6412764788;9.987641335;18.82421793;0.01404988952;0.2301433086;0.4179842174;5
18.81832663;2.344966173;0.6652047038;9.84885788;18.8263197;0.006719512399;0.2484692484;0.4228711426;5
18.8204284;2.340180635;0.7274180651;9.791430473;18.82842147;-0.0006108647794;0.2716821134;0.4277580678;5
18.82253012;2.321038008;0.8087740541;9.772287369;18.83052324;-0.005497782957;0.2924515009;0.4350884259;5
18.82463189;2.30189538;0.8422735929;9.791430473;18.83262501;-0.00916297175;0.3095557392;0.4411970973;5
18.82673366;2.263610125;0.8709874153;9.801001549;18.83472678;-0.01282816008;0.320551306;0.4473057389;5
18.82883543;2.30189538;0.8805587292;9.815358162;18.8368285;-0.01038470119;0.324216485;0.4521926641;5
18.8309372;2.330609322;0.9284151793;9.868000984;18.83893027;-0.006719512399;0.327881664;0.4570795596;5
18.83303897;2.373680115;0.9714859724;9.930213928;18.8410321;-0.006719512399;0.3303251266;0.4583013058;5
18.83514074;2.445464849;0.9714859724;10.00678444;18.84313381;-0.006719512399;0.3303251266;0.4595230222;5
18.83724246;2.522035122;0.9810572863;10.04985523;18.84523558;-0.005497782957;0.3315468729;0.463188231;5
18.83934423;2.565105915;0.9714859724;10.08335495;18.84733736;-0.007941242307;0.3315468729;0.463188231;5
18.84144605;2.584248543;0.94277215;10.07856941;18.84943907;-0.01038470119;0.327881664;0.46685341;5
18.84354777;2.603390932;0.9140582681;10.06899738;18.8515409;-0.01404988952;0.3217730224;0.46685341;5
18.84564954;2.603390932;0.890130043;10.04506969;18.85364267;-0.01771507785;0.3107774556;0.4680751264;5
18.84775131;2.63689065;0.8853443861;10.03549862;18.85574439;-0.02260199748;0.2936732471;0.4644099474;5
18.84985303;2.689532757;0.866201818;10.06421185;18.85784621;-0.02504545636;0.274125576;0.4644099474;5
18.85195486;2.756531715;0.8709874153;10.06899738;18.85994793;-0.03115410358;0.2496909797;0.4595230222;5
18.85405663;2.833101988;0.8709874153;10.09292603;18.8620497;-0.03970621154;0.2240346521;0.4534143806;5
18.85615834;2.900100946;0.8805587292;10.1024971;18.86415147;-0.04581485689;0.1996000707;0.4473057389;5
18.85826017;2.976671457;0.8518448472;10.08335495;18.86625324;-0.05192350596;0.1715002805;0.4411970973;5
18.86036189;3.029313564;0.8279166222;10.08335495;18.86835501;-0.05925388262;0.1421787739;0.4350884259;5
18.86246366;3.096312523;0.8183453679;10.09292603;18.87045673;-0.06536252797;0.111635536;0.4302015305;5
18.86456543;3.158525944;0.8231309652;10.07856941;18.8725585;-0.07391463965;0.0847574845;0.424092859;5
18.8666672;3.187239647;0.7992027402;10.09292603;18.87466027;-0.08368847519;0.05665770918;0.4179842174;5
18.86876897;3.278167009;0.7896314859;10.1024971;18.87676204;-0.09224057943;0.03222311661;0.4094321132;5
18.87087069;3.388236761;0.7752745152;10.10728264;18.87886381;-0.0983492285;0.01145371422;0.4008800089;5
18.87297246;3.479164124;0.756131947;10.11685371;18.88096558;-0.1032361463;-0.009315688163;0.3911061883;5
18.87507423;3.541377544;0.7369893789;10.11206818;18.8830673;-0.1056796089;-0.02641990222;0.3825540543;5
18.877176;3.646661758;0.70348984;10.15035343;18.88516913;-0.1093447953;-0.04596757516;0.3691150546;5
18.87927777;3.737588882;0.650847733;10.15513897;18.88727084;-0.1093447953;-0.06185005978;0.3544542789;5
18.88137954;3.847658873;0.6221339107;10.23649502;18.88937262;-0.1069013327;-0.0728456229;0.3373500705;5
18.88348126;3.952943087;0.5838487148;10.30827999;18.89147439;-0.1032361463;-0.07773254067;0.320245862;5
18.88558308;4.101297855;0.5455635786;10.29870892;18.89357616;-0.0971274972;-0.08261945844;0.3043633699;5
18.8876848;4.206582069;0.5312066078;10.31306553;18.89567793;-0.09224057943;-0.08139773458;0.2860374451;5
18.88978657;4.302295208;0.5072783828;10.34177971;18.8977797;-0.0849102065;-0.07773254067;0.270154953;5
18.89188834;4.39800787;0.4785645306;10.35135078;18.89988142;-0.07880155742;-0.0740673542;0.2506072819;5
18.89399012;4.503292084;0.4737788737;10.37049294;18.90198319;-0.07024945319;-0.06551524997;0.2335030586;5
18.89609189;4.579862595;0.4689932466;10.38006496;18.90408496;-0.06414080411;-0.05451968312;0.2163988501;5
18.89819366;4.637290478;0.4642075896;10.37049294;18.90618673;-0.05925388262;-0.05085449293;0.1956294477;5
18.90029538;4.680361271;0.4642075896;10.37049294;18.9082885;-0.05192350596;-0.04108065739;0.1748600453;5
18.90239715;4.709074974;0.4450650215;10.3657074;18.91039027;-0.04459312931;-0.03252854943;0.1553123742;5
18.90449892;4.766502857;0.4450650215;10.35613632;18.91249204;-0.03237583488;-0.02519817278;0.1345429718;5
18.90660069;4.828716278;0.4354937077;10.38006496;18.91459376;-0.02626718581;-0.02031125315;0.1125518382;5
18.90870246;4.862215519;0.4546363056;10.40399265;18.91669553;-0.01771507785;-0.01175914705;0.09056070447;5
18.91080423;4.895715237;0.4450650215;10.40399265;18.9187973;-0.007941242307;-0.006872228812;0.06612611562;5
18.912906;4.905286312;0.4546363056;10.39920712;18.92089907;-0.0006108647794;-0.004428769462;0.04169152305;5
18.91500772;4.905286312;0.4689932466;10.37527943;18.92300084;0.007941242307;0.0016798781;0.01847865991;5
18.91710949;4.934000492;0.4929214716;10.36092186;18.92510262;0.01282816008;0.005345067009;-0.001069013379;5
18.91921126;4.929214478;0.5024927258;10.33220863;18.92720439;0.02138026804;0.004123337101;-0.01939495653;5
18.92131303;4.886143684;0.5407779217;10.30349445;18.92930616;0.02260199748;0.004123337101;-0.03649916872;5
18.9234148;4.823930264;0.5838487148;10.26042366;18.93140788;0.02504545636;0.004123337101;-0.05238165334;5
18.92551657;4.733003139;0.6221339107;10.21256733;18.93350965;0.02748891525;0.004123337101;-0.06582067907;5
18.92761835;4.666004181;0.6652047038;10.17428207;18.93561142;0.02748891525;0.004123337101;-0.07925970852;5
18.92972012;4.58943367;0.70348984;10.14556789;18.93771319;0.02748891525;0.0016798781;-0.09392046183;5
18.93182183;4.522434711;0.7417750359;10.13599682;18.93981496;0.02504545636;-0.001985310577;-0.1061377525;5
18.9339236;4.436293125;0.760917604;10.09292603;18.94191668;0.02138026804;-0.00565049937;-0.119576782;5
18.93602538;4.374079704;0.7992027402;10.1024971;18.94401845;0.02015853859;-0.009315688163;-0.1305723488;5
18.93812715;4.345366001;0.8231309652;10.07378292;18.94612027;0.01893680729;-0.01542433538;-0.1440113783;5
18.94022892;4.311866283;0.8757730722;10.09292603;18.94822199;0.0164933484;-0.02397644334;-0.1550069451;5
18.94233064;4.278367043;0.8853443861;10.10728264;18.95032376;0.0164933484;-0.03375028074;-0.1660024971;5
18.94443241;4.240081787;0.9044869542;10.13599682;18.95242553;0.01160643063;-0.04352411628;-0.1757763475;5
18.94653423;4.182653904;0.8997012973;10.15513897;18.9545273;0.01160643063;-0.05329795182;-0.1867718995;5
18.94863595;4.130012035;0.9044869542;10.2029953;18.95662902;0.01038470119;-0.06551524997;-0.1965457499;5
18.95073772;4.067798615;0.8949156404;10.23170948;18.95873079;0.00916297175;-0.07895427197;-0.2075413018;5
18.95283949;4.034298897;0.890130043;10.27956581;18.96083256;0.00916297175;-0.09117157012;-0.2197586;5
18.95494126;4.000799656;0.8805587292;10.32742214;18.96293433;0.01160643063;-0.1046105921;-0.2307541668;5
18.95704298;3.986442566;0.8805587292;10.38006496;18.96503611;0.01282816008;-0.1192713454;-0.242971465;5
18.95914475;3.972085476;0.8757730722;10.45184898;18.96713788;0.0164933484;-0.131488651;-0.2576322258;5
18.96124652;4.005585194;0.8422735929;10.4853487;18.96923965;0.02260199748;-0.1437059343;-0.2722929716;5
18.96334829;4.019941807;0.8231309652;10.55713367;18.97134142;0.02993237413;-0.1534797698;-0.2881754637;5
18.96545006;4.048655987;0.7896314859;10.61934662;18.97344319;0.03604102135;-0.165697068;-0.3065013885;5
18.96755183;4.082155228;0.732203722;10.68156052;18.97554491;0.04703658819;-0.1730274558;-0.3260490894;5
18.9696536;4.10608387;0.6987041831;10.73898792;18.97764668;0.05558869615;-0.18157956;-0.3468184769;5
18.97175538;4.149154663;0.6604190469;10.77727318;18.9797485;0.06536252797;-0.1913533956;-0.3675878942;5
18.97385715;4.149154663;0.6460621357;10.79641533;18.98185022;0.07635809481;-0.1937968582;-0.3883572817;5
18.97595887;4.173082829;0.5982056856;10.81555843;18.98395199;0.0849102065;-0.1986837685;-0.4103484154;5
18.97806064;4.163511276;0.5742774606;10.80120182;18.98605376;0.09590577334;-0.2060141414;-0.4323395491;5
18.98016246;4.153940201;0.5647061467;10.79162979;18.98815553;0.1044578776;-0.2084576041;-0.4518872201;5
18.98226418;4.110869408;0.5694918036;10.77727318;18.99025725;0.1154534444;-0.2133445293;-0.4714348912;5
18.98436595;4.082155228;0.5982056856;10.76291656;18.99235902;0.1240055487;-0.2170097083;-0.4873173833;5
18.98646772;4.019941807;0.6125625968;10.75813103;18.99446079;0.1301141977;-0.2231183648;-0.501978159;5
18.98856949;3.909872293;0.6221339107;10.73420238;18.99656256;0.1398880333;-0.2304487377;-0.516638875;5
18.99067121;3.790230989;0.650847733;10.69113159;18.99866433;0.1472184062;-0.2402225733;-0.5300779343;5
18.99277298;3.689732552;0.679561615;10.67198944;19.0007661;0.1521053314;-0.2512181401;-0.5410735011;5
18.99487475;3.594019651;0.6987041831;10.64327526;19.00286788;0.158213973;-0.2634354234;-0.5532907844;5
18.99697652;3.503092289;0.7226324677;10.60499001;19.00496965;0.161879167;-0.2793179154;-0.5618428588;5
18.99907829;3.421736479;0.7417750359;10.56670475;19.00707142;0.1655443609;-0.2952004075;-0.5728384256;5
19.00118006;3.369094372;0.7752745152;10.4853487;19.00917314;0.1667660922;-0.3110828996;-0.5826122761;5
19.00328183;3.287738323;0.7944171429;10.44706345;19.01127491;0.1667660922;-0.3245218992;-0.5911644101;5
19.00538361;3.230310678;0.8279166222;10.38006496;19.01337668;0.1667660922;-0.3379609287;-0.5997164845;5
19.00748538;3.158525944;0.8566305041;10.30349445;19.01547845;0.1655443609;-0.3501782417;-0.6082686186;5
19.0095871;3.105883837;0.866201818;10.2221384;19.01758022;0.1631008983;-0.3611738086;-0.618042469;5
19.01168887;3.034099102;0.8853443861;10.16949654;19.01968199;0.1594357044;-0.3733910918;-0.6241511106;5
19.01379064;2.981456995;0.9092726111;10.11685371;19.02178376;0.158213973;-0.3856084049;-0.6314814687;5
19.01589241;2.928814888;0.9236295223;10.03071213;19.02388548;0.1533270627;-0.3953822255;-0.6363683939;5
19.01799418;2.876172781;0.9523434043;9.968499184;19.02598725;0.1484401375;-0.4100429714;-0.6412553191;5
19.02009595;2.799602509;0.9523434043;9.934999466;19.02808902;0.1447749585;-0.4222602844;-0.6449204683;5
19.02219772;2.737389088;0.9810572863;9.87757206;19.03019079;0.1423314959;-0.4320341051;-0.6461422443;5
19.02429944;2.665604353;0.9954141974;9.853643417;19.03229256;0.138666302;-0.4430296719;-0.6473639607;5
19.02640121;2.598605394;0.9954141974;9.844072342;19.03439433;0.135001123;-0.4564687014;-0.6473639607;5
19.02850298;2.502892494;1.014556766;9.810572624;19.03649605;0.131335929;-0.4699077308;-0.6449204683;5
19.03060475;2.435893536;1.028913736;9.8201437;19.03859782;0.1288924664;-0.4833467603;-0.6461422443;5
19.03270652;2.354537487;1.062413216;9.815358162;19.0406996;0.1252272725;-0.4980075061;-0.6436987519;5
19.03480829;2.287538528;1.071984529;9.810572624;19.04280137;0.1252272725;-0.5114465356;-0.6424770355;5
19.03691001;2.249253273;1.071984529;9.781859398;19.04490314;0.1227838174;-0.5236638188;-0.6424770355;5
19.03901178;2.230110645;1.0863415;9.767501831;19.04700491;0.1203403622;-0.5371028781;-0.6400335431;5
19.04111355;2.215753794;1.095912814;9.724431038;19.04910663;0.1142317131;-0.5468766689;-0.6412553191;5
19.04321532;2.210968018;1.0863415;9.7196455;19.05120845;0.1105665267;-0.5566505194;-0.6412553191;5
19.0453171;2.20618248;1.076770186;9.643074989;19.05331017;0.108123064;-0.562759161;-0.6424770355;5
19.04741887;2.230110645;1.057627559;9.590433121;19.05541194;0.1032361463;-0.5700895786;-0.6436987519;5
19.04952058;2.234896421;1.03848505;9.528220177;19.05751371;0.09468404204;-0.5737547278;-0.6436987519;5
19.05162241;2.244467735;1.000199914;9.485149384;19.05961548;0.08857539296;-0.5786416531;-0.6473639607;5
19.05372413;2.239681959;0.9954141974;9.480362892;19.06171725;0.08368847519;-0.5823068619;-0.6473639607;5
19.0558259;2.210968018;1.000199914;9.418149948;19.06381902;0.07880155742;-0.5871937871;-0.6498073936;5
19.05792767;2.177468538;0.9762716293;9.355937004;19.06592074;0.07391463965;-0.5920807123;-0.65102911;5
19.06002944;2.167897224;0.9523434043;9.341579437;19.06802256;0.06780599058;-0.5957458615;-0.6546943188;5
19.06213121;2.167897224;0.9284151793;9.303294182;19.07012428;0.06536252797;-0.5957458615;-0.6559160352;5
19.06423298;2.177468538;0.9140582681;9.293723106;19.07222605;0.06291907281;-0.5933024287;-0.6608029604;5
19.0663347;2.196611166;0.8997012973;9.274580956;19.07432782;0.06047561392;-0.5847502947;-0.6644681692;5
19.06843652;2.220539331;0.8853443861;9.260223389;19.0764296;0.06047561392;-0.5737547278;-0.668133378;5
19.07053824;2.230110645;0.8949156404;9.260223389;19.07853137;0.06291907281;-0.562759161;-0.6730202436;5
19.07264001;2.258824587;0.9092726111;9.226723671;19.08063314;0.06291907281;-0.5419898033;-0.6779071689;5
19.07474178;2.273181438;0.9332008362;9.198010445;19.08273486;0.06291907281;-0.5187768936;-0.6840158105;5
19.07684355;2.30189538;0.9523434043;9.193224907;19.08483668;0.06291907281;-0.4894554019;-0.6901245117;5
19.07894532;2.30189538;0.9714859724;9.111868858;19.0869384;0.0616973415;-0.4601338804;-0.6974548697;5
19.0810471;2.30189538;0.9714859724;9.05922699;19.08904017;0.06291907281;-0.4344775677;-0.7047852278;5
19.08314881;2.273181438;0.9523434043;8.987442017;19.09114194;0.06414080411;-0.4075995386;-0.7145590782;5
19.08525064;2.225325108;0.8757730722;8.949156761;19.09324371;0.06291907281;-0.3807214797;-0.7243329287;5
19.08735236;2.182254314;0.8183453679;8.953942299;19.09534548;0.06536252797;-0.355065167;-0.7377719283;5
19.08945413;2.153540373;0.784845829;8.958727837;19.09744725;0.06780599058;-0.3294088244;-0.7512109876;5
19.0915559;2.115255117;0.7274180651;8.968298912;19.09954897;0.07024945319;-0.3074176908;-0.76709342;5
19.09365767;2.0769701;0.679561615;9.00179863;19.10165074;0.07147117704;-0.2903134823;-0.7756455541;5
19.09575944;2.01475668;0.6747759581;9.054440498;19.10375251;0.07391463965;-0.2756527364;-0.7866411209;5
19.09786121;1.919043779;0.679561615;9.068798065;19.10585428;0.07635809481;-0.2683223486;-0.7939714789;5
19.09996293;1.775474429;0.708275497;9.078369141;19.10795605;0.07635809481;-0.2634354234;-0.7976366878;5
19.1020647;1.622333765;0.760917604;9.126225471;19.11005782;0.07513637096;-0.262213707;-0.8000801206;5
19.10416647;1.435693622;0.8039883971;9.135796547;19.11215954;0.07513637096;-0.2646571696;-0.8013018966;5
19.10626824;1.272981644;0.8757730722;9.131011009;19.11426131;0.07147117704;-0.2671006322;-0.8037453294;5
19.10837001;1.13419795;0.9140582681;9.145368576;19.11636308;0.06780599058;-0.2719875574;-0.8037453294;5
19.11047178;1.004985452;0.9571290612;9.198010445;19.11846486;0.06414080411;-0.278096199;-0.8037453294;5
19.1125735;0.866201818;0.9810572863;9.193224907;19.12056663;0.06047561392;-0.2903134823;-0.8000801206;5
19.11467527;0.7417750359;0.9810572863;9.231510162;19.1226684;0.05558869615;-0.3025307953;-0.7939714789;5
19.11677704;0.6173482537;1.024128079;9.245866776;19.12477017;0.04459312931;-0.315969795;-0.7841976881;5
19.11887881;0.4642075896;1.081555843;9.274580956;19.12687194;0.03726275265;-0.3367392123;-0.7744238377;5
19.12098058;0.3110669553;1.100698471;9.245866776;19.12897371;0.03237583488;-0.3611738086;-0.7646499872;5
19.12308236;0.1627119333;1.143769264;9.226723671;19.13107543;0.01771507785;-0.3917170465;-0.7560978532;5
19.12518413;0.01914258115;1.138983607;9.217152596;19.1331772;0.00916297175;-0.424703747;-0.7463240623;5
19.1272859;-0.05742774159;1.153340459;9.221938133;19.13527897;-0.0006108647794;-0.455246985;-0.7414371371;5
19.12938767;-0.09092725813;1.172483087;9.221938133;19.13738074;-0.01282816008;-0.4845684767;-0.7402154207;5
19.13148939;-0.08614161611;1.1820544;9.17886734;19.13948251;-0.02504545636;-0.512668252;-0.7377719283;5
19.13359116;-0.06699903309;1.172483087;9.150154114;19.14158428;-0.03726275265;-0.5371028781;-0.7365502119;5
19.13569293;-0.05264209956;1.158126116;9.135796547;19.14368605;-0.04948004708;-0.5578722358;-0.7353284955;5
19.1377947;-0.03349951655;1.153340459;9.140582085;19.14578777;-0.06291907281;-0.5700895786;-0.7365502119;5
19.13989647;-0.0239282269;1.13419795;9.121439934;19.14788954;-0.07635809481;-0.5798633695;-0.7377719283;5
19.14199824;-0.03349951655;1.105484009;9.092725754;19.14999131;-0.08979712427;-0.5835285783;-0.7377719283;5
19.14410001;-0.05742774159;1.091127157;9.092725754;19.15209308;-0.09957095981;-0.5810851455;-0.7353284955;5
19.14620173;-0.08614161611;1.062413216;9.054440498;19.15419486;-0.1069013327;-0.5786416531;-0.7316632867;5
19.1483035;-0.1244267747;1.071984529;9.044869423;19.15629663;-0.1130099818;-0.5798633695;-0.7279980779;5
19.15040527;-0.1579262912;1.057627559;9.049654961;19.1583984;-0.1178968996;-0.5774199367;-0.7243329287;5
19.15250704;-0.1962114573;1.057627559;9.126225471;19.16050017;-0.1191186309;-0.5664243698;-0.7231112123;5
19.15460881;-0.1866401732;1.062413216;9.245866776;19.16260194;-0.1166751757;-0.5493201613;-0.7194460034;5
19.15671058;-0.2009970993;1.028913736;9.274580956;19.16470366;-0.111788258;-0.5273290277;-0.7157807946;5
19.15881236;-0.2392822653;0.9810572863;9.293723106;19.16680543;-0.1056796089;-0.505337894;-0.7157807946;5
19.16091413;-0.2584248483;0.94277215;9.346364975;19.1689072;-0.09957095981;-0.4809032977;-0.7157807946;5
19.1630159;-0.2632105052;0.9092726111;9.389435768;19.17100897;-0.08979712427;-0.455246985;-0.7157807946;5
19.16511762;-0.2297109663;0.9044869542;9.456435204;19.17311069;-0.08124501258;-0.4259254634;-0.718224287;5
19.16721939;-0.2057827413;0.9140582681;9.509077072;19.17521246;-0.07024945319;-0.3978256881;-0.7218894362;5
19.16932116;-0.1914258152;0.8949156404;9.54257679;19.17731423;-0.06047561392;-0.3709476292;-0.7243329287;5
19.17142293;-0.1627119333;0.8949156404;9.518648148;19.179416;-0.05192350596;-0.3428478539;-0.7267763615;5
19.17352465;-0.1674975902;0.8614161611;9.528220177;19.18151777;-0.04703658819;-0.3171915412;-0.7328850031;5
19.17562642;-0.1962114573;0.813559711;9.533005714;19.18361954;-0.03726275265;-0.2915352285;-0.7377719283;5
19.17772819;-0.2009970993;0.7752745152;9.533005714;19.18572131;-0.02993237413;-0.265878886;-0.7426588535;5
19.17982996;-0.1962114573;0.7704889178;9.494720459;19.18782308;-0.02626718581;-0.2451094985;-0.7475457788;5
19.18193173;-0.2536391914;0.760917604;9.437292099;19.18992486;-0.02138026804;-0.2267835438;-0.752432704;5
19.1840335;-0.3158525825;0.7704889178;9.389435768;19.19202663;-0.02260199748;-0.2084576041;-0.7548761368;5
19.18613527;-0.3541377485;0.784845829;9.379864693;19.19412835;-0.02260199748;-0.1876882017;-0.759763062;5
19.18823704;-0.3972085714;0.7944171429;9.36550808;19.19623012;-0.02382372692;-0.1693622619;-0.7622065544;5
19.19033881;-0.4067798555;0.8518448472;9.370293617;19.19833189;-0.02748891525;-0.1595884264;-0.7609847784;5
19.19244058;-0.5072783828;0.9236295223;9.255437851;19.20043366;-0.02993237413;-0.1534797698;-0.759763062;5
19.1945423;-0.6364908218;0.9858429432;9.193224907;19.20253543;-0.03604102135;-0.1473711282;-0.7573196292;5
19.19664407;-0.8039883971;1.009771109;9.226723671;19.2046372;-0.04092793912;-0.1485928595;-0.7560978532;5
19.19874584;-0.9571290612;0.9810572863;9.212367058;19.20673892;-0.05192350596;-0.1510363221;-0.7560978532;5
19.20084762;-1.0863415;0.9619147182;9.198010445;19.20884069;-0.06047561392;-0.1547015011;-0.7573196292;5
19.20294939;-1.201196909;0.9332008362;9.217152596;19.21094246;-0.06902772188;-0.1595884264;-0.759763062;5
19.20505116;-1.287338614;0.9236295223;9.269794464;19.21304423;-0.07880155742;-0.1693622619;-0.7634282708;5
19.20715288;-1.344766378;0.9140582681;9.279366493;19.21514595;-0.08979712427;-0.1864664704;-0.7646499872;5
19.20925465;-1.416550994;0.9523434043;9.288937569;19.21724777;-0.09957095981;-0.2109010667;-0.7658717036;5
19.21135642;-1.488335729;0.9858429432;9.341579437;19.21934954;-0.1069013327;-0.2402225733;-0.7658717036;5
19.21345819;-1.584048629;1.009771109;9.394221306;19.22145131;-0.1154534444;-0.2744309902;-0.7634282708;5
19.21555991;-1.684547186;0.9954141974;9.427721024;19.22355303;-0.1240055487;-0.3098611534;-0.7622065544;5
19.21766173;-1.794616938;0.9858429432;9.499505997;19.2256548;-0.1301141977;-0.3477347791;-0.759763062;5
19.2197635;-1.904686809;1.000199914;9.566504478;19.22775657;-0.1411097646;-0.3868301213;-0.7548761368;5
19.22186527;-1.971685886;1.014556766;9.619147301;19.22985834;-0.154548794;-0.4234820008;-0.7463240623;5
19.22396699;-2.072184324;1.048056364;9.638289452;19.23196006;-0.1679878086;-0.4613556266;-0.7365502119;5
19.22606876;-2.172683001;1.100698471;9.604789734;19.23406189;-0.181426838;-0.4955640435;-0.7231112123;5
19.22817053;-2.273181438;1.124626637;9.552147865;19.23616366;-0.1960875988;-0.5248855352;-0.7084504366;5
19.2302723;-2.373680115;1.143769264;9.489934921;19.23826538;-0.2107483447;-0.5505418777;-0.6937896609;5
19.23237402;-2.469393015;1.172483087;9.485149384;19.24036715;-0.2266308367;-0.5688678026;-0.6779071689;5
19.23447585;-2.531606436;1.172483087;9.44207859;19.24246892;-0.2388481349;-0.5908589363;-0.6632464528;5
19.23657762;-2.574677229;1.21555388;9.41336441;19.24457069;-0.2522871494;-0.6067414284;-0.6461422443;5
19.23867933;-2.560320139;1.292124271;9.389435768;19.24667246;-0.2657261789;-0.6201804876;-0.6290380359;5
19.2407811;-2.536391973;1.335195065;9.351150513;19.24877418;-0.2742782831;-0.6311760545;-0.6119337678;5
19.24288288;-2.574677229;1.354337573;9.322437286;19.25087595;-0.2840521336;-0.6385064125;-0.5936078429;5
19.24498465;-2.579462767;1.349551916;9.269794464;19.25297772;-0.2913824916;-0.6385064125;-0.575281918;5
19.24708642;-2.579462767;1.363908887;9.279366493;19.25507949;-0.2962694168;-0.6360629797;-0.559399426;5
19.24918814;-2.560320139;1.354337573;9.269794464;19.25718126;-0.2999345958;-0.6275108457;-0.5435169339;5
19.25128991;-2.507678032;1.354337573;9.245866776;19.25928303;-0.3035998046;-0.614071846;-0.5300779343;5
19.25339168;-2.478964329;1.320838094;9.231510162;19.2613848;-0.3060432673;-0.6006327868;-0.516638875;5
19.25549345;-2.402393818;1.316052437;9.221938133;19.26348657;-0.3072649837;-0.5798633695;-0.5056433082;5
19.25759522;-2.359323025;1.287338614;9.188439369;19.26558834;-0.3084867001;-0.5615374446;-0.4946477413;5
19.25969699;-2.30189538;1.26341033;9.145368576;19.26769012;-0.3097084463;-0.5395463109;-0.4836521745;5
19.26179876;-2.258824587;1.229910851;9.087940216;19.26979183;-0.3133736253;-0.5199986696;-0.4738783538;5
19.26390053;-2.187039852;1.225125194;9.044869423;19.27189361;-0.3158170879;-0.4955640435;-0.462882787;5
19.2660023;-2.129612207;1.225125194;9.011369705;19.27399538;-0.3170388341;-0.4674642682;-0.4531089365;5
19.26810407;-2.100898266;1.201196909;8.97308445;19.27609715;-0.3194822669;-0.4393644929;-0.4408916533;5
19.27020579;-2.096112728;1.162911773;8.920442581;19.27819892;-0.3231474757;-0.4112647176;-0.4262309074;5
19.27230756;-2.086541414;1.143769264;8.886942863;19.28030069;-0.3268126547;-0.3892735839;-0.4152353406;5
19.27440933;-2.091326952;1.110269666;8.896514893;19.28240246;-0.33169958;-0.3672824502;-0.4017963111;5
19.2765111;-2.06261301;1.105484009;8.877371788;19.28450418;-0.335364759;-0.3416261375;-0.3895790279;5
19.27861288;-2.053041935;1.081555843;8.886942863;19.28660595;-0.3414734006;-0.3233001828;-0.3736965358;5
19.28071465;-2.038684845;1.076770186;8.891729355;19.28870772;-0.347582072;-0.3037525117;-0.3614792228;5
19.28281642;-2.024327993;1.057627559;8.906085968;19.29080949;-0.3536907136;-0.2866483033;-0.3480401933;5
19.28491814;-2.009970903;1.024128079;8.939585686;19.29291126;-0.3573558927;-0.2707658112;-0.3358229101;5
19.28701991;-1.976471543;0.9954141974;8.958727837;19.29501303;-0.3622428179;-0.2524398565;-0.3223838806;5
19.28912168;-1.957328916;0.9810572863;9.006584167;19.29711475;-0.3646862805;-0.2377791107;-0.3113883138;5
19.29122345;-1.899901152;0.9571290612;9.064012527;19.29921657;-0.3671297431;-0.2243400961;-0.3003927469;5
19.29332522;-1.861616015;0.9379864931;9.183652878;19.30131829;-0.3671297431;-0.2133445293;-0.2918406427;5
19.29542699;-1.813759565;0.9092726111;9.30807972;19.30342006;-0.3634645343;-0.2011272311;-0.2869537175;5
19.29752871;-1.746760488;0.8709874153;9.446864128;19.30552183;-0.3622428179;-0.2011272311;-0.2820668221;5
19.29963053;-1.670190215;0.8231309652;9.57129097;19.3076236;-0.3573558927;-0.1986837685;-0.2832885385;5
19.30173225;-1.574477315;0.7513462901;9.662218094;19.30972532;-0.3536907136;-0.1962403059;-0.2869537175;5
19.30383402;-1.464407444;0.6987041831;9.767501831;19.3118271;-0.3488037884;-0.1950185746;-0.2942841053;5
19.30593579;-1.330409408;0.6173482537;9.834501266;19.31392887;-0.347582072;-0.1962403059;-0.3040579557;5
19.30803756;-1.186840057;0.5742774606;9.896714211;19.31603064;-0.3463603258;-0.1937968582;-0.3150535226;5
19.31013928;-1.052842021;0.5359922647;9.896714211;19.31813241;-0.3426951468;-0.1925751269;-0.3272708058;5
19.31224105;-0.9954141974;0.4977070987;9.925428391;19.32023418;-0.347582072;-0.1986837685;-0.3419315517;5
19.31434282;-0.9571290612;0.4354937077;9.939785004;19.32233595;-0.347582072;-0.2096793354;-0.3590357602;5
19.3164446;-0.9188438654;0.3637090325;9.949356079;19.32443772;-0.3488037884;-0.2170097083;-0.3761399984;5
19.31854637;-0.890130043;0.2871387303;9.997213364;19.32653949;-0.3500255048;-0.2243400961;-0.3920224607;5
19.32064814;-0.8518448472;0.2344966233;10.00678444;19.32864126;-0.3536907136;-0.2341139317;-0.4079049528;5
19.32274991;-0.8279166222;0.1962114573;10.01156998;19.33074298;-0.3585776389;-0.2414443046;-0.4237874448;5
19.32485168;-0.8518448472;0.1579262912;10.04985523;19.33284475;-0.3634645343;-0.2524398565;-0.4384481907;5
19.32695345;-0.8997012973;0.1244267747;10.04506969;19.33494652;-0.3707949221;-0.262213707;-0.4518872201;5
19.32905522;-0.9667003751;0.08614161611;10.07378292;19.33704829;-0.3744601011;-0.265878886;-0.466547966;5
19.33115694;-1.033699393;0.07178468257;10.1024971;19.33915006;-0.3805687428;-0.2756527364;-0.4763218164;5
19.33325871;-1.081555843;0.08614161611;10.09771156;19.34125183;-0.381790489;-0.2842048407;-0.4860956371;5
19.33536048;-1.110269666;0.1339980662;10.10728264;19.34335355;-0.385455668;-0.2903134823;-0.4934260249;5
19.33746225;-1.148554921;0.2153540403;10.12642574;19.34545532;-0.3878991306;-0.2988655865;-0.4958694875;5
19.33956402;-1.201196909;0.3062812984;10.17428207;19.3475571;-0.3891208768;-0.3000873327;-0.4958694875;5
19.34166579;-1.292124271;0.3589234054;10.18863869;19.34965887;-0.3915643096;-0.2976438701;-0.4922043085;5
19.34376751;-1.435693622;0.4019941986;10.17906761;19.35176064;-0.3927860558;-0.2927569449;-0.4873173833;5
19.34586928;-1.560120344;0.4450650215;10.15992451;19.35386241;-0.3927860558;-0.2878700197;-0.4799869955;5
19.34797105;-1.670190215;0.4594219327;10.17906761;19.35596418;-0.3927860558;-0.2793179154;-0.4726566374;5
19.35007282;-1.780260086;0.4737788737;10.17906761;19.35806595;-0.3915643096;-0.2683223486;-0.462882787;5
19.3521746;-1.866401672;0.5072783828;10.17428207;19.36016767;-0.3866774142;-0.2548833191;-0.4506655037;5
19.35427637;-1.952543259;0.5264210105;10.17428207;19.36226944;-0.3842339516;-0.2438877672;-0.4396699369;5
19.35637814;-2.029113531;0.5455635786;10.20778179;19.36437121;-0.3805687428;-0.2304487377;-0.4262309074;5
19.35847991;-2.086541414;0.5551348329;10.23170948;19.36647298;-0.3744601011;-0.215787977;-0.4115701318;5
19.36058163;-2.139183521;0.5694918036;10.25085258;19.36857475;-0.3659079969;-0.1999054998;-0.4017963111;5
19.3626834;-2.163111687;0.5694918036;10.28913784;19.37067652;-0.3561341763;-0.1840230078;-0.3871355653;5
19.36478517;-2.182254314;0.5934200287;10.38963604;19.37277829;-0.3439168632;-0.1632536054;-0.3761399984;5
19.36688694;-2.20618248;0.5886343718;10.40399265;19.37488001;-0.3341430426;-0.1461493969;-0.3651444316;5
19.36898871;-2.177468538;0.5742774606;10.43270683;19.37698178;-0.3194822669;-0.1302669197;-0.3578140438;5
19.37109048;-2.167897224;0.5886343718;10.4853487;19.37908355;-0.3072649837;-0.1107192412;-0.3480401933;5
19.37319225;-2.153540373;0.5503492355;10.49491978;19.38118532;-0.2926042378;-0.09239330143;-0.3382663727;5
19.37529397;-2.139183521;0.5886343718;10.4853487;19.3832871;-0.2803869247;-0.0740673542;-0.3309359848;5
19.37739574;-2.153540373;0.5982056856;10.47099209;19.38538887;-0.2669478953;-0.05451968312;-0.3223838806;5
19.37949751;-2.134397745;0.6173482537;10.47099209;19.38749064;-0.251065433;-0.03375028074;-0.316275239;5
19.38159928;-2.124826431;0.626919508;10.45184898;19.38959241;-0.2376264036;-0.01175914705;-0.3089448512;5
19.38370105;-2.11046958;0.6077769399;10.39920712;19.39169418;-0.2254091054;0.01023198478;-0.3028362095;5
19.38580282;-2.134397745;0.6029912829;10.36092186;19.3937959;-0.2131918073;0.02855792828;-0.2955058515;5
19.3879046;-2.148754835;0.5742774606;10.33699417;19.39589767;-0.2021962404;0.04321868345;-0.2893971801;5
19.39000637;-2.153540373;0.5599204898;10.3226366;19.39799944;-0.1924224049;0.05665770918;-0.2845102847;5
19.39210814;-2.158325911;0.5647061467;10.28913784;19.40010121;-0.185092032;0.06520981342;-0.2808450758;5
19.39420986;-2.148754835;0.5694918036;10.24606609;19.40220293;-0.1802051067;0.07009673119;-0.2771798968;5
19.39631163;-2.129612207;0.5886343718;10.18385315;19.40430475;-0.1765399277;0.07620538026;-0.2747364342;5
19.3984134;-2.105684042;0.6221339107;10.15513897;19.40640652;-0.1728747338;0.0737619251;-0.2747364342;5
19.40051517;-2.129612207;0.6460621357;10.07856941;19.40850824;-0.1753181964;0.0725401938;-0.2710712552;5
19.40261689;-2.148754835;0.6604190469;10.03071213;19.41061001;-0.1753181964;0.06765327603;-0.2686277926;5
19.40471871;-2.215753794;0.6652047038;9.997213364;19.41271178;-0.1789833754;0.05910116807;-0.2637408674;5
19.40682048;-2.273181438;0.6556333899;9.934999466;19.41481355;-0.1838703007;0.04810560122;-0.2588539422;5
19.4089222;-2.344966173;0.679561615;9.868000984;19.41691532;-0.1899789423;0.03833176568;-0.2551887631;5
19.41102397;-2.392822742;0.6747759581;9.834501266;19.4190171;-0.1985310465;0.02244928107;-0.2503018379;5
19.41312574;-2.435893536;0.70348984;9.772287369;19.42111881;-0.204639703;0.007788525894;-0.2417497337;5
19.41522751;-2.483749866;0.7369893789;9.738788605;19.42322058;-0.2107483447;-0.0007635809598;-0.2331976295;5
19.41732928;-2.52682066;0.7704889178;9.710074425;19.42532236;-0.2205221802;-0.009315688163;-0.2258672565;5
19.41943105;-2.579462767;0.8087740541;9.7196455;19.42742413;-0.227852568;-0.02275471389;-0.2136499584;5
19.42153277;-2.632104874;0.837487936;9.69093132;19.4295259;-0.2376264036;-0.0374154672;-0.2050978541;5
19.42363454;-2.694318295;0.8805587292;9.7196455;19.43162767;-0.2437350452;-0.0557414107;-0.1965457499;5
19.42573631;-2.756531715;0.8949156404;9.791430473;19.43372944;-0.251065433;-0.06918043643;-0.1892153621;5
19.42783808;-2.81395936;0.8997012973;9.829715729;19.43583116;-0.2559523284;-0.08384118974;-0.1831067204;5
19.42993986;-2.82831645;0.8566305041;9.863214493;19.43793293;-0.2583957911;-0.1009454057;-0.1757763475;5
19.43204163;-2.82831645;0.813559711;9.887143135;19.4400347;-0.2596175373;-0.1204930767;-0.1708894223;5
19.4341434;-2.833101988;0.7896314859;9.906285286;19.44213647;-0.2632827163;-0.142484203;-0.1635590494;5
19.43624512;-2.823530674;0.756131947;9.949356079;19.44423824;-0.2620609999;-0.1608101577;-0.1574503928;5
19.43834689;-2.809173822;0.732203722;10.06421185;19.44634001;-0.2596175373;-0.1742491722;-0.1525634825;5
19.44044866;-2.775674343;0.6939185858;10.13121128;19.44844178;-0.2535088956;-0.1864664704;-0.1476765573;5
19.44255043;-2.761317253;0.650847733;10.17906761;19.4505435;-0.2461785078;-0.1937968582;-0.1440113783;5
19.4446522;-2.723032236;0.5982056856;10.24606609;19.45264527;-0.2400698513;-0.1974620372;-0.1379027218;5
19.44675397;-2.679961443;0.5886343718;10.26999474;19.45474704;-0.235182941;-0.1925751269;-0.1330158114;5
19.44885574;-2.656033039;0.5742774606;10.29870892;19.45684881;-0.2254091054;-0.1901316643;-0.1281288862;5
19.45095746;-2.641676188;0.5742774606;10.31785107;19.45895058;-0.2180787325;-0.1828012913;-0.119576782;5
19.45305923;-2.627319336;0.5694918036;10.31785107;19.46105236;-0.2095266134;-0.1693622619;-0.1122464016;5
19.455161;-2.612962246;0.5694918036;10.31306553;19.46315407;-0.1997527778;-0.1534797698;-0.1036942974;5
19.45726277;-2.603390932;0.5742774606;10.3226366;19.46525584;-0.1936441362;-0.1363755614;-0.09636391699;5
19.45936454;-2.584248543;0.5886343718;10.33220863;19.46735762;-0.1802051067;-0.1204930767;-0.09147699922;5
19.46146631;-2.550748825;0.5886343718;10.36092186;19.46945939;-0.1667660922;-0.1009454057;-0.08170316368;5
19.46356803;-2.502892494;0.6077769399;10.3657074;19.47156116;-0.154548794;-0.08139773458;-0.0743727833;5
19.4656698;-2.459821701;0.5982056856;10.41835022;19.47366293;-0.1435532272;-0.06062832847;-0.06704241037;5
19.46777157;-2.402393818;0.5886343718;10.49013424;19.4757647;-0.1264490038;-0.04352411628;-0.0609337613;5
19.46987334;-2.359323025;0.5838487148;10.51406288;19.47786642;-0.1130099818;-0.02886336111;-0.05604684353;5
19.47197512;-2.330609322;0.5551348329;10.56670475;19.47996824;-0.0971274972;-0.01298087649;-0.05115992576;5
19.47407689;-2.30189538;0.5359922647;10.60020447;19.48206996;-0.08368847519;-0.004428769462;-0.04993819445;5
19.47617866;-2.254039049;0.4881358147;10.62891865;19.48417173;-0.07147117704;0.004123337101;-0.04871646687;5
19.47828038;-2.20618248;0.4594219327;10.65763187;19.4862735;-0.05803215504;0.002901607659;-0.04627300799;5
19.4803822;-2.148754835;0.4163511395;10.65284634;19.48837527;-0.04948004708;0.0004581485991;-0.04749473557;5
19.48248392;-2.096112728;0.4019941986;10.66241741;19.49047704;-0.04214967042;-0.003207040019;-0.04871646687;5
19.48458569;-2.038684845;0.3732803464;10.71027374;19.49257876;-0.03481929377;-0.008093958721;-0.05238165334;5
19.48668746;-1.986042738;0.3206382394;10.66720295;19.49468053;-0.02871064469;-0.01542433538;-0.05726857483;5
19.48878923;-1.919043779;0.2871387303;10.6480608;19.49678236;-0.02626718581;-0.02519817278;-0.06459894776;5
19.490891;-1.842473388;0.2536391914;10.62413216;19.49888407;-0.02382372692;-0.0374154672;-0.07070759684;5
19.49299272;-1.770688772;0.2297109663;10.55234814;19.50098585;-0.02504545636;-0.04963276163;-0.07925970852;5
19.49509449;-1.703689694;0.2201396823;10.50927734;19.50308762;-0.02626718581;-0.06307178736;-0.08414662629;5
19.49719631;-1.660618901;0.2201396823;10.48056316;19.50518939;-0.02748891525;-0.0740673542;-0.09147699922;5
19.49929803;-1.636690736;0.2201396823;10.44227791;19.50729116;-0.02993237413;-0.08628465235;-0.0975856483;5
19.5013998;-1.631905079;0.2344966233;10.40399265;19.50939293;-0.03237583488;-0.09605848789;-0.1024725661;5
19.50350157;-1.641476393;0.2488535494;10.3657074;19.51149465;-0.03359756246;-0.1058323234;-0.1085812151;5
19.50560334;-1.660618901;0.2488535494;10.33220863;19.51359642;-0.03481929377;-0.1119409725;-0.1122464016;5
19.50770512;-1.684547186;0.2679961324;10.29392338;19.51569819;-0.03237583488;-0.1204930767;-0.1146898642;5
19.50980689;-1.703689694;0.2919243574;10.28913784;19.51779996;-0.03481929377;-0.121714808;-0.1171333194;5
19.51190861;-1.741974831;0.3206382394;10.28913784;19.51990173;-0.03237583488;-0.1241582632;-0.1159115955;5
19.51401038;-1.775474429;0.3397808075;10.27478027;19.5220035;-0.02748891525;-0.1290451884;-0.1146898642;5
19.51611215;-1.813759565;0.3684946895;10.29870892;19.52410527;-0.02015853859;-0.1278234571;-0.1110246703;5
19.51821392;-1.828116536;0.3972085714;10.30827999;19.52620704;-0.0164933484;-0.1266017258;-0.1061377525;5
19.52031569;-1.832902193;0.4354937077;10.3226366;19.52830876;-0.007941242307;-0.1229365394;-0.1024725661;5
19.52241746;-1.890329838;0.4546363056;10.33699417;19.53041053;-0.001832594397;-0.1168278903;-0.09636391699;5
19.52451923;-1.890329838;0.4737788737;10.33699417;19.5325123;0.005497782957;-0.1119409725;-0.08903354406;5
19.526621;-1.904686809;0.5072783828;10.31785107;19.53461407;0.01527161989;-0.1009454057;-0.08170316368;5
19.52872272;-1.909472466;0.5455635786;10.27956581;19.53671584;0.02138026804;-0.09361502528;-0.0743727833;5
19.53082449;-1.904686809;0.5647061467;10.24606609;19.53881762;0.02626718581;-0.08628465235;-0.06582067907;5
19.53292626;-1.895115495;0.6125625968;10.22692394;19.54091933;0.03359756246;-0.0728456229;-0.05726857483;5
19.53502803;-1.8855443;0.6173482537;10.18385315;19.5430211;0.03848448023;-0.06062832847;-0.05115992576;5
19.5371298;-1.866401672;0.626919508;10.13599682;19.54512288;0.03970621154;-0.04718930274;-0.04505127668;5
19.53923157;-1.847259045;0.626919508;10.07378292;19.54722465;0.04092793912;-0.03497200832;-0.03894263133;5
19.54133329;-1.789831281;0.6173482537;10.01156998;19.54932642;0.043371398;-0.02153298259;-0.03405570984;5
19.54343506;-1.751546144;0.6412764788;9.958928108;19.55142819;0.04703658819;-0.01298087649;-0.02916879393;5
19.54553683;-1.708475351;0.6364908218;9.901499748;19.55352996;0.04581485689;-0.001985310577;-0.02550360374;5
19.5476386;-1.674975872;0.6317051649;9.815358162;19.55563168;0.04459312931;0.01023198478;-0.02183841541;5
19.54974038;-1.627119422;0.6364908218;9.805787086;19.55773345;0.04459312931;0.02000582218;-0.01817322709;5
19.55184215;-1.588834286;0.6364908218;9.762716293;19.55983522;0.043371398;0.02611446939;-0.01450803876;5
19.55394392;-1.555334687;0.6364908218;9.724431038;19.56193699;0.04092793912;0.03466657549;-0.0108428495;5
19.55604564;-1.517049551;0.6556333899;9.652647018;19.56403876;0.04214967042;0.04199695215;-0.007177661173;5
19.55814741;-1.517049551;0.650847733;9.647860527;19.56614053;0.03726275265;0.04688387364;-0.001069013379;5
19.56024918;-1.488335729;0.6604190469;9.604789734;19.5682423;0.03481929377;0.05054906011;0.006261364091;5
19.56235095;-1.483550072;0.6747759581;9.609575272;19.57034407;0.02871064469;0.05177079141;0.01237001177;5
19.56445272;-1.469193101;0.6987041831;9.600004196;19.57244579;0.02504545636;0.0542142503;0.01970038936;5
19.56655449;-1.483550072;0.70348984;9.580862045;19.57454756;0.02015853859;0.05543597788;0.02580903657;5
19.56865626;-1.493121386;0.6843472719;9.561718941;19.57664933;0.01893680729;0.05177079141;0.03436114267;5
19.57075803;-1.493121386;0.679561615;9.556933403;19.57875111;0.0164933484;0.04688387364;0.04291325063;5
19.57285975;-1.459621787;0.7178468108;9.590433121;19.58085288;0.01404988952;0.04321868345;0.0490218997;5
19.57496152;-1.435693622;0.7226324677;9.604789734;19.5829546;0.01038470119;0.03833176568;0.05635227636;5
19.57706329;-1.40697968;0.756131947;9.609575272;19.58505637;0.00916297175;0.03344484791;0.06246092543;5
19.57916506;-1.373480201;0.756131947;9.619147301;19.58715819;0.006719512399;0.03222311661;0.06734783947;5
19.58126683;-1.339980721;0.7513462901;9.628718376;19.58925991;0.003054323839;0.02977965772;0.07345648855;5
19.58336855;-1.272981644;0.7465606928;9.657432556;19.59136168;0.0006108647794;0.03222311661;0.07956513762;5
19.58547032;-1.225125194;0.732203722;9.657432556;19.59346345;0.001832594397;0.02977965772;0.08323032409;5
19.58757215;-1.162911773;0.7130611539;9.643074989;19.59556522;-0.0006108647794;0.03100138716;0.086895518;5
19.58967387;-1.095912814;0.6843472719;9.638289452;19.59766694;-0.001832594397;0.03466657549;0.09056070447;5
19.59177564;-1.03848505;0.6556333899;9.676574707;19.59976876;0.0006108647794;0.03466657549;0.09300415963;5
19.59387741;-0.9523434043;0.626919508;9.695717812;19.60187048;-0.0006108647794;0.04077522457;0.0978910774;5
19.59597918;-0.890130043;0.6221339107;9.695717812;19.60397225;0.001832594397;0.04688387364;0.10033454;5
19.5980809;-0.8470591903;0.6077769399;9.738788605;19.60607402;0.001832594397;0.04932733253;0.1027780026;5
19.60018272;-0.7800601721;0.5838487148;9.734002113;19.60817579;0.005497782957;0.05299251899;0.1052214578;5
19.60228444;-0.7226324677;0.5647061467;9.786644936;19.61027756;0.007941242307;0.05665770918;0.1052214578;5
19.60438621;-0.6604190469;0.5455635786;9.8201437;19.61237933;0.01160643063;0.05910116807;0.1064431891;5
19.60648798;-0.6029912829;0.5359922647;9.824930191;19.61448111;0.01527161989;0.05910116807;0.1027780026;5
19.60858975;-0.5359922647;0.5312066078;9.84885788;19.61658282;0.01771507785;0.05910116807;0.10033454;5
19.61069152;-0.4689932466;0.5168496966;9.891928673;19.6186846;0.02382372692;0.05543597788;0.0978910774;5
19.61279329;-0.3924229145;0.4881358147;9.882357597;19.62078637;0.02748891525;0.05299251899;0.09666935354;5
19.61489506;-0.3158525825;0.4642075896;9.911071777;19.62288814;0.02871064469;0.04932733253;0.09544762224;5
19.61699678;-0.2679961324;0.4594219327;9.906285286;19.62498991;0.03359756246;0.04566214234;0.09300415963;5
19.61909855;-0.2057827413;0.4450650215;9.920642853;19.62709168;0.03604102135;0.04444041103;0.09056070447;5
19.62120032;-0.1818545163;0.4402793646;9.906285286;19.6291934;0.03970621154;0.04321868345;0.08933897316;5
19.6233021;-0.1244267747;0.4259224236;9.896714211;19.63129522;0.04092793912;0.04566214234;0.086895518;5
19.62540387;-0.0765703246;0.4259224236;9.87757206;19.63339694;0.04092793912;0.04810560122;0.08445205539;5
19.62750564;-0.02871387079;0.4259224236;9.858428955;19.63549871;0.04703658819;0.04932733253;0.07956513762;5
19.62960736;0.05264209956;0.3876372576;9.8201437;19.63760048;0.04703658819;0.0542142503;0.07223475724;5
19.63170918;0.1196411327;0.3876372576;9.8201437;19.63970225;0.04581485689;0.06154462695;0.06490438432;5
19.6338109;0.2153540403;0.3445664644;9.772287369;19.64180402;0.04703658819;0.06520981342;0.06123919412;5
19.63591267;0.3014956415;0.3062812984;9.786644936;19.64390574;0.04703658819;0.06887500733;0.05513054505;5
19.63801444;0.3589234054;0.2919243574;9.767501831;19.64600756;0.05192350596;0.0725401938;0.0490218997;5
19.64011621;0.3876372576;0.2823530734;9.781859398;19.64810928;0.05070177838;0.07620538026;0.04535670951;5
19.64221798;0.4115654826;0.2871387303;9.777072906;19.65021105;0.05192350596;0.07987056673;0.04046979174;5
19.6443197;0.3828516304;0.2775674164;9.810572624;19.65231282;0.05558869615;0.07987056673;0.03802633286;5
19.64642152;0.3684946895;0.2919243574;9.8201437;19.6544146;0.05558869615;0.08231402934;0.03558287397;5
19.64852324;0.3541377485;0.3014956415;9.844072342;19.65651637;0.06047561392;0.08353576064;0.03191768378;5
19.65062501;0.3445664644;0.2967100143;9.84885788;19.65861814;0.06291907281;0.08720094711;0.02825249545;5
19.65272678;0.3349951804;0.3158525825;9.872786522;19.66071991;0.06414080411;0.08720094711;0.02580903657;5
19.65482855;0.3445664644;0.3254238665;9.901499748;19.66282163;0.06902772188;0.08842267841;0.02336557768;5
19.65693032;0.3397808075;0.3445664644;9.930213928;19.6649234;0.07269290835;0.08842267841;0.02214384824;5
19.6590321;0.3541377485;0.3541377485;9.934999466;19.66702517;0.07391463965;0.0859792158;0.01970038936;5
19.66113387;0.3254238665;0.3684946895;9.973284721;19.66912694;0.07880155742;0.0847574845;0.01725693047;5
19.66323558;0.2967100143;0.3780659735;9.939785004;19.67122871;0.08002328873;0.08231402934;0.01603520103;5
19.66533736;0.2632105052;0.3828516304;9.944570541;19.67333048;0.08368847519;0.08231402934;0.01359174121;5
19.66743913;0.2679961324;0.3924229145;9.958928108;19.6754322;0.0849102065;0.08109229803;0.01359174121;5
19.6695409;0.2584248483;0.4067798555;9.911071777;19.67753402;0.08613193035;0.08109229803;0.009926552884;5
19.67164267;0.2584248483;0.4115654826;9.891928673;19.67963579;0.08735366166;0.08109229803;0.005039634649;5
19.67374444;0.2919243574;0.4259224236;9.872786522;19.68173751;0.08979712427;0.08353576064;0.003817904973;5
19.67584616;0.3014956415;0.4402793646;9.853643417;19.68383928;0.08979712427;0.0847574845;0.0001527161949;5
19.67794798;0.3302095234;0.4354937077;9.824930191;19.68594105;0.09346231073;0.08720094711;-0.002290742937;5
19.68004975;0.3254238665;0.4402793646;9.810572624;19.68804282;0.09346231073;0.08720094711;-0.00351247238;5
19.68215147;0.3158525825;0.4546363056;9.786644936;19.69014454;0.09224057943;0.08964440972;-0.005955931731;5
19.68425324;0.2823530734;0.4785645306;9.74835968;19.69224631;0.09346231073;0.09086613357;-0.009621120058;5
19.68635501;0.2536391914;0.4881358147;9.710074425;19.69434808;0.08979712427;0.09208786488;-0.0108428495;5
19.68845678;0.2392822653;0.4977070987;9.695717812;19.69644986;0.09101885557;0.09330959618;-0.01206457894;5
19.6905585;0.2201396823;0.5168496966;9.676574707;19.69855163;0.08857539296;0.09453132749;-0.01206457894;5
19.69266027;0.2009970993;0.5407779217;9.657432556;19.7006534;0.09346231073;0.09697478265;-0.01206457894;5
19.69476204;0.1818545163;0.5647061467;9.633503914;19.70275517;0.08857539296;0.1030834317;-0.009621120058;5
19.69686381;0.1531406492;0.5934200287;9.595218658;19.70485694;0.08979712427;0.111635536;-0.007177661173;5
19.69896558;0.1052841991;0.6077769399;9.552147865;19.70695866;0.08979712427;0.117744185;-0.00351247238;5
19.70106736;0.06699903309;0.6412764788;9.547362328;19.70906048;0.08857539296;0.1287397593;0.002596175298;5
19.70316913;0.009571290575;0.6460621357;9.504291534;19.7111622;0.08979712427;0.1397353113;0.008704823442;5
19.7052709;-0.0143569354;0.6891329288;9.504291534;19.71326397;0.08857539296;0.1495091617;0.01481347065;5
19.70737262;-0.06221338734;0.70348984;9.494720459;19.71536574;0.09224057943;0.1592829973;0.0209221188;5
19.70947444;-0.09571290761;0.7369893789;9.518648148;19.71746751;0.09346231073;0.1666133702;0.02825249545;5
19.71157616;-0.1100698411;0.756131947;9.54257679;19.71956923;0.09346231073;0.1702785641;0.03680460155;5
19.71367793;-0.1387837082;0.7800601721;9.595218658;19.721671;0.09590577334;0.1727220118;0.04169152305;5
19.7157797;-0.1674975902;0.7992027402;9.647860527;19.72377277;0.0983492285;0.1715002805;0.0478001684;5
19.71788147;-0.1770688742;0.8231309652;9.647860527;19.72587454;0.1007926911;0.1690568328;0.05024362728;5
19.71998319;-0.1770688742;0.8183453679;9.69093132;19.72797631;0.102014415;0.1641699076;0.05635227636;5
19.72208496;-0.2009970993;0.8039883971;9.69093132;19.73007808;0.1056796089;0.154396072;0.06001746282;5
19.72418673;-0.2057827413;0.8183453679;9.705288887;19.73217986;0.1044578776;0.1446222365;0.06123919412;5
19.7262885;-0.2153540403;0.8039883971;9.700503349;19.73428163;0.1044578776;0.1397353113;0.06246092543;5
19.72839027;-0.2201396823;0.8183453679;9.705288887;19.73638334;0.09957095981;0.127518028;0.06734783947;5
19.73049204;-0.2153540403;0.813559711;9.662218094;19.73848517;0.0971274972;0.1165224537;0.06979130208;5
19.73259381;-0.2249253243;0.8183453679;9.643074989;19.74058689;0.09346231073;0.1055268943;0.07223475724;5
19.73469558;-0.2057827413;0.813559711;9.619147301;19.74268866;0.08979712427;0.09086613357;0.07589995116;5
19.7367973;-0.2153540403;0.8183453679;9.595218658;19.74479043;0.08002328873;0.07620538026;0.08078686893;5
19.73889913;-0.2392822653;0.8327022791;9.556933403;19.7468922;0.07269290835;0.06032289565;0.086895518;5
19.74100085;-0.2727817893;0.8327022791;9.537791252;19.74899397;0.06536252797;0.04444041103;0.08933897316;5
19.74310262;-0.3206382394;0.8470591903;9.480362892;19.75109569;0.05436696485;0.02855792828;0.09422589093;5
19.74520439;-0.3302095234;0.8709874153;9.451649666;19.75319746;0.04581485689;0.01511890348;0.0991128087;5
19.74730616;-0.3349951804;0.8997012973;9.408578873;19.75529923;0.03604102135;-0.0007635809598;0.1039997265;5
19.74940793;-0.3349951804;0.9236295223;9.370293617;19.757401;0.02382372692;-0.01298087649;0.1076649204;5
19.75150965;-0.3158525825;0.9619147182;9.360722542;19.75950277;0.01527161989;-0.02275471389;0.1113301069;5
19.75361142;-0.3110669553;0.9667003751;9.327222824;19.76160454;0.001832594397;-0.03497200832;0.1162170246;5
19.75571319;-0.3158525825;0.9714859724;9.322437286;19.76370631;-0.006719512399;-0.04474584386;0.1223256737;5
19.75781496;-0.3062812984;0.9571290612;9.332008362;19.76580808;-0.01404988952;-0.05207622424;0.127212584;5
19.75991673;-0.3254238665;0.9762716293;9.332008362;19.7679098;-0.02138026804;-0.05818486959;0.1320995092;5
19.7620185;-0.3445664644;0.9762716293;9.351150513;19.77001157;-0.02626718581;-0.06429351866;0.1357647032;5
19.76412027;-0.3637090325;0.9619147182;9.375079155;19.77211334;-0.03359756246;-0.07162389904;0.1418733448;5
19.76622204;-0.3684946895;0.9332008362;9.432506561;19.77421512;-0.03726275265;-0.07773254067;0.1479819864;5
19.76832376;-0.3732803464;0.9475577474;9.470791817;19.77631683;-0.03726275265;-0.08261945844;0.1540906429;5
19.77042553;-0.3972085714;0.94277215;9.509077072;19.77841861;-0.04214967042;-0.08628465235;0.1601992846;5
19.7725273;-0.3780659735;0.9236295223;9.552147865;19.78052043;-0.04459312931;-0.08872810751;0.1663079411;5
19.77462907;-0.3828516304;0.9140582681;9.604789734;19.7826222;-0.04703658819;-0.08994983882;0.1724165827;5
19.77673079;-0.3828516304;0.9188438654;9.628718376;19.78472397;-0.04703658819;-0.08872810751;0.1773035079;5
19.77883256;-0.3876372576;0.890130043;9.643074989;19.78682569;-0.04948004708;-0.08261945844;0.1834121495;5
19.78093439;-0.3876372576;0.8997012973;9.643074989;19.78892746;-0.05192350596;-0.08139773458;0.1895207912;5
19.78303616;-0.3876372576;0.8853443861;9.652647018;19.79102923;-0.05681042373;-0.07528908551;0.1956294477;5
19.78513793;-0.4115654826;0.8805587292;9.671789169;19.793131;-0.0616973415;-0.07040216774;0.200516358;5
19.78723965;-0.4211367965;0.8709874153;9.662218094;19.79523277;-0.06536252797;-0.06673697382;0.2066250145;5
19.78934142;-0.4450650215;0.8422735929;9.671789169;19.79733449;-0.07147117704;-0.05940660089;0.2127336562;5
19.79144319;-0.4737788737;0.837487936;9.676574707;19.79943626;-0.07391463965;-0.05451968312;0.2151771188;5
19.79354496;-0.4881358147;0.8183453679;9.700503349;19.80153803;-0.07757982612;-0.05329795182;0.220064044;5
19.79564673;-0.5024927258;0.813559711;9.74835968;19.8036398;-0.07880155742;-0.05207622424;0.223729223;5
19.79774845;-0.5216353536;0.7657032609;9.810572624;19.80574157;-0.07880155742;-0.05085449293;0.2273944169;5
19.79985022;-0.5312066078;0.756131947;9.87757206;19.80784335;-0.07880155742;-0.05085449293;0.2286161482;5
19.80195199;-0.5312066078;0.7513462901;9.930213928;19.80994512;-0.07880155742;-0.05085449293;0.2310595959;5
19.80405376;-0.5503492355;0.7130611539;10.00678444;19.81204689;-0.07635809481;-0.05207622424;0.2322813272;5
19.80615553;-0.5599204898;0.6939185858;10.07856941;19.8141486;-0.07513637096;-0.05329795182;0.2322813272;5
19.8082573;-0.5886343718;0.6604190469;10.13599682;19.81625038;-0.07147117704;-0.05329795182;0.2298378795;5
19.81035907;-0.5934200287;0.6364908218;10.21256733;19.81835215;-0.07147117704;-0.0557414107;0.2273944169;5
19.81246084;-0.6460621357;0.6077769399;10.2652092;19.82045392;-0.07024945319;-0.05940660089;0.2225074917;5
19.81456256;-0.650847733;0.5647061467;10.35135078;19.82255569;-0.06780599058;-0.06551524997;0.2188423127;5
19.81666433;-0.6891329288;0.5168496966;10.41356373;19.82465746;-0.06414080411;-0.0728456229;0.2139553875;5
19.8187661;-0.7178468108;0.4833501875;10.4853487;19.82675923;-0.05681042373;-0.08261945844;0.2115119249;5
19.82086788;-0.756131947;0.4546363056;10.59541893;19.82886095;-0.05070177838;-0.09361502528;0.2078467458;5
19.82296965;-0.7992027402;0.4163511395;10.7054882;19.83096277;-0.043371398;-0.1009454057;0.2054032832;5
19.82507142;-0.8614161611;0.3876372576;10.79641533;19.83306449;-0.03481929377;-0.1082757786;0.200516358;5
19.82717319;-0.9140582681;0.3828516304;10.90648556;19.83516626;-0.02260199748;-0.1119409725;0.1956294477;5
19.82927491;-0.94277215;0.3397808075;10.99262714;19.83726803;-0.01404988952;-0.1168278903;0.1919642538;5
19.83137673;-0.9954141974;0.3349951804;11.06441212;19.8393698;-0.0006108647794;-0.121714808;0.1882990748;5
19.83347845;-1.062413216;0.3302095234;11.18405342;19.84147157;0.01282816008;-0.1241582632;0.1834121495;5
19.83558022;-1.11984098;0.3062812984;11.2510519;19.84357335;0.02871064469;-0.1266017258;0.1785252392;5
19.83768199;-1.177268744;0.3206382394;11.34676456;19.84567506;0.04581485689;-0.1302669197;0.1724165827;5
19.83978376;-1.191625714;0.3158525825;11.413764;19.84777683;0.06291907281;-0.1339320987;0.1638644785;5
19.84188553;-1.225125194;0.3110669553;11.45683479;19.8498786;0.08124501258;-0.1375972927;0.1577558219;5
19.8439873;-1.239482164;0.3062812984;11.49990559;19.85198038;0.09957095981;-0.1412624866;0.1492037177;5
19.84608902;-1.268195987;0.2823530734;11.54776192;19.85408215;0.1166751757;-0.1412624866;0.1406516135;5
19.84819079;-1.316052437;0.2584248483;11.54776192;19.85618387;0.1374445707;-0.138819024;0.1308777779;5
19.85029256;-1.349551916;0.2440679073;11.53819084;19.85828569;0.1557705253;-0.1327103674;0.1211039424;5
19.85239433;-1.354337573;0.2440679073;11.50469112;19.86038741;0.1728747338;-0.1241582632;0.1113301069;5
19.85449611;-1.35912323;0.2536391914;11.49512005;19.86248918;0.1936441362;-0.1168278903;0.10033454;5
19.85659782;-1.354337573;0.2392822653;11.45204926;19.86459095;0.211970076;-0.1058323234;0.08933897316;5
19.85869965;-1.339980721;0.2536391914;11.42812061;19.86669272;0.227852568;-0.08994983882;0.07712167501;5
19.86080137;-1.339980721;0.2488535494;11.36112213;19.86879449;0.2474002391;-0.0728456229;0.06368265301;5
19.86290314;-1.316052437;0.2297109663;11.28455162;19.87089621;0.2620609999;-0.05451968312;0.05146535859;5
19.86500491;-1.296909928;0.2249253243;11.21276665;19.87299803;0.2767217457;-0.03497200832;0.03680460155;5
19.86710668;-1.301695466;0.2297109663;11.12183952;19.87509975;0.2938259542;-0.01298087649;0.02458730713;5
19.86920845;-1.330409408;0.2153540403;11.01655579;19.87720152;0.3060432673;0.01023198478;0.01114828233;5
19.87131017;-1.339980721;0.2344966233;10.94955635;19.87930329;0.3194822669;0.03222311661;-0.001069013379;5
19.87341199;-1.373480201;0.2536391914;10.82991505;19.88140506;0.3292561173;0.05665770918;-0.01206457894;5
19.87551371;-1.411765337;0.2775674164;10.748559;19.88350683;0.3402516842;0.07864884287;-0.02183841541;5
19.87761548;-1.483550072;0.3062812984;10.62891865;19.8856086;0.3500255048;0.09697478265;-0.02916879393;5
19.87971725;-1.555334687;0.3397808075;10.55234814;19.88771032;0.3573558927;0.1165224537;-0.03649916872;5
19.88181902;-1.651047587;0.3828516304;10.45663452;19.8898121;0.3634645343;0.1336266696;-0.04138609022;5
19.88392079;-1.756331801;0.4211367965;10.34656525;19.89191387;0.3683514595;0.1519526094;-0.04505127668;5
19.88602256;-1.875972986;0.4546363056;10.27478027;19.89401564;0.3732383847;0.1666133702;-0.04871646687;5
19.88812428;-2.000399828;0.4833501875;10.164711;19.89611741;0.3744601011;0.1824958473;-0.05115992576;5
19.89022605;-2.124826431;0.5216353536;10.10728264;19.89821918;0.3769035637;0.1971566081;-0.05604684353;5
19.89232782;-2.234896421;0.5599204898;10.04028416;19.90032095;0.3805687428;0.2105956376;-0.05482511222;5
19.8944296;-2.349751949;0.5838487148;9.968499184;19.90242267;0.3830122054;0.2179260105;-0.05726857483;5
19.89653137;-2.440679073;0.6412764788;9.95414257;19.90452444;0.3878991306;0.2301433086;-0.05726857483;5
19.89863314;-2.54117775;0.6843472719;9.887143135;19.90662621;0.3891208768;0.2374736816;-0.05360338464;5
19.90073491;-2.632104874;0.7465606928;9.839286804;19.90872798;0.3891208768;0.2411388755;-0.05115992576;5
19.90283663;-2.71824646;0.7896314859;9.767501831;19.91082975;0.3878991306;0.2484692484;-0.04627300799;5
19.9049384;-2.852244616;0.8518448472;9.671789169;19.91293152;0.3842339516;0.2496909797;-0.03772090003;5
19.90704017;-2.967100143;0.9044869542;9.585647583;19.91503329;0.381790489;0.2533561587;-0.02794706449;5
19.90914194;-3.101098061;0.9667003751;9.494720459;19.91713501;0.3756818473;0.2545779049;-0.01450803876;5
19.91124371;-3.254238844;1.033699393;9.399007797;19.91923678;0.3671297431;0.2594648004;0.001374445739;5
19.91334548;-3.397808075;1.095912814;9.284152031;19.92133855;0.3597993553;0.261908263;0.01725693047;5
19.91544725;-3.546163082;1.1820544;9.198010445;19.92344032;0.3488037884;0.2655734718;0.03558287397;5
19.91754897;-3.680161238;1.229910851;9.121439934;19.9255421;0.3402516842;0.2692386508;0.05635227636;5
19.91965074;-3.780659676;1.287338614;9.00179863;19.92764387;0.3292561173;0.2729038298;0.07712167501;5
19.92175251;-3.8668015;1.35912323;8.934800148;19.92974564;0.3145953715;0.274125576;0.0991128087;5
19.92385428;-3.929014683;1.392622828;8.853444099;19.93184736;0.3023780584;0.2790125012;0.1198822111;5
19.92595605;-3.967299938;1.426122308;8.767302513;19.93394918;0.288939029;0.2838993967;0.1406516135;5
19.92805782;-3.972085476;1.488335729;8.662017822;19.9360509;0.2718348205;0.2863428593;0.1626427472;5
19.9301596;-3.972085476;1.521835208;8.571090698;19.93815267;0.2535088956;0.2924515009;0.1821904182;5
19.93226131;-3.957728624;1.531406522;8.475378036;19.94025444;0.235182941;0.2973384261;0.2017380893;5
19.93436314;-3.952943087;1.560120344;8.408378601;19.94235621;0.2156352699;0.3046688139;0.2212857604;5
19.93646486;-3.933800459;1.588834286;8.341380119;19.94445798;0.1960875988;0.3095557392;0.2408334464;5
19.93856663;-3.952943087;1.588834286;8.274380684;19.9465597;0.1740964651;0.3156643808;0.2591593862;5
19.9406684;-3.972085476;1.59840548;8.221738815;19.94866152;0.154548794;0.3217730224;0.2774853408;5
19.94277017;-3.986442566;1.59840548;8.21216774;19.95076329;0.1337793916;0.3291034102;0.2945895493;5
19.94487194;-4.000799656;1.593619823;8.221738815;19.95286501;0.1166751757;0.3376555145;0.3153589368;5
19.94697366;-3.991228104;1.574477315;8.260024071;19.95496678;0.102014415;0.3425424397;0.3336848915;5
19.94907548;-4.005585194;1.536192179;8.327022552;19.95706855;0.08857539296;0.3413206935;0.3568977416;5
19.95117725;-3.991228104;1.507478237;8.46102047;19.95917032;0.07757982612;0.3413206935;0.3788888752;5
19.95327897;-4.005585194;1.517049551;8.566305161;19.96127204;0.06414080411;0.3364337683;0.3996582925;5
19.95538074;-4.024727821;1.512263894;8.705088615;19.96337381;0.05681042373;0.3352120519;0.4192059636;5
19.95748251;-4.043870449;1.483550072;8.84387207;19.96547564;0.05070177838;0.3327685893;0.4387536347;5
19.95958428;-4.039084435;1.426122308;8.977870941;19.96757736;0.04703658819;0.3254382014;0.4558578432;5
19.961686;-4.005585194;1.363908887;9.121439934;19.96967913;0.043371398;0.3181078434;0.4680751264;5
19.96378777;-3.9625144;1.306481123;9.260223389;19.9717809;0.04214967042;0.3107774556;0.4802924395;5
19.9658896;-3.881158352;1.239482164;9.422935486;19.97388267;0.04214967042;0.3022253513;0.4876227975;5
19.96799131;-3.75673151;1.177268744;9.585647583;19.97598439;0.04703658819;0.2887863219;0.4937314689;5
19.97009308;-3.646661758;1.105484009;9.700503349;19.97808616;0.05192350596;0.277790755;0.4973966479;5
19.97219486;-3.512663603;0.9954141974;9.815358162;19.98018793;0.05436696485;0.2655734718;0.4973966479;5
19.97429663;-3.388236761;0.9140582681;9.925428391;19.9822897;0.0616973415;0.2521344423;0.4973966479;5
19.97639834;-3.282952785;0.813559711;10.04985523;19.98439147;0.06902772188;0.2435823381;0.4949531853;5
19.97850012;-3.182454109;0.7369893789;10.12164021;19.98649324;0.07269290835;0.2399171442;0.4900662601;5
19.98060189;-3.120240688;0.6412764788;10.16949654;19.98859501;0.0849102065;0.235030219;0.4839576185;5
19.98270366;-3.03888464;0.5694918036;10.19820976;19.99069678;0.09346231073;0.2338084877;0.4778489769;5
19.98480543;-2.971885681;0.4929214716;10.22692394;19.9927985;0.1044578776;0.2386954129;0.470518589;5
19.9869072;-2.885744095;0.4354937077;10.2221384;19.99490027;0.1142317131;0.2448040545;0.4644099474;5
19.98900897;-2.81395936;0.4019941986;10.24606609;19.99700204;0.1252272725;0.2533561587;0.4558578432;5
19.99111074;-2.699103832;0.3684946895;10.24128056;19.99910381;0.1374445707;0.2667951882;0.4485274553;5
19.99321246;-2.627319336;0.3493520916;10.23170948;20.00120558;0.1484401375;0.2826776803;0.4436405599;5
19.99531423;-2.565105915;0.3445664644;10.20778179;20.00330736;0.1606574357;0.2936732471;0.4387536347;5
19.997416;-2.536391973;0.3445664644;10.16949654;20.00540913;0.1740964651;0.3132209182;0.4326449931;5
19.99951777;-2.488535643;0.3110669553;10.14078236;20.0075109;0.1863137633;0.3315468729;0.4265363216;5
20.00161954;-2.445464849;0.2823530734;10.11685371;20.00961262;0.1985310465;0.3547597229;0.4216494262;5
20.00372131;-2.402393818;0.2632105052;10.06421185;20.01171439;0.2070831656;0.3828594983;0.4179842174;5
20.00582308;-2.364108801;0.2536391914;9.978070259;20.01381616;0.2168570012;0.4121810198;0.4155407548;5
20.00792486;-2.330609322;0.2871387303;9.887143135;20.01591793;0.2229656428;0.4451677203;0.416762501;5
20.01002657;-2.306680918;0.3302095234;9.791430473;20.0180197;0.231517747;0.4805978537;0.4179842174;5
20.01212834;-2.287538528;0.4115654826;9.714859962;20.02012147;0.2364046723;0.5123628378;0.4228711426;5
20.01423012;-2.282752752;0.5216353536;9.609575272;20.02222319;0.2400698513;0.5490147471;0.4277580678;5
20.01633189;-2.282752752;0.626919508;9.537791252;20.02432496;0.2437350452;0.5807796717;0.4338667095;5
20.01843366;-2.30189538;0.70348984;9.466006279;20.02642673;0.2437350452;0.608879447;0.4387536347;5
20.02053543;-2.321038008;0.7369893789;9.36550808;20.0285285;0.2437350452;0.6357575059;0.4436405599;5
20.02263715;-2.359323025;0.7513462901;9.265008926;20.03063027;0.2425133139;0.6614138484;0.4497492015;5
20.02473892;-2.383251429;0.756131947;9.17886734;20.03273204;0.2376264036;0.6846266985;0.4546361268;5
20.02684069;-2.383251429;0.7465606928;9.083154678;20.03483381;0.2327394783;0.7029526234;0.4595230222;5
20.02894246;-2.373680115;0.732203722;8.997013092;20.03693558;0.2254091054;0.7127264738;0.463188231;5
20.03104423;-2.359323025;0.7513462901;8.90130043;20.0390373;0.2168570012;0.7237220407;0.463188231;5
20.033146;-2.330609322;0.7465606928;8.824729919;20.04113907;0.2070831656;0.7334958911;0.4607447684;5
20.03524777;-2.263610125;0.7226324677;8.853444099;20.04324084;0.1948658675;0.7469348907;0.4570795596;5
20.03734954;-2.182254314;0.6987041831;8.839086533;20.04534262;0.1802051067;0.7579304576;0.4558578432;5
20.03945126;-2.0769701;0.6891329288;8.786444664;20.04744439;0.1667660922;0.7579304576;0.4583013058;5
20.04155303;-2.019542217;0.708275497;8.709874153;20.04954616;0.1521053314;0.7591522336;0.4607447684;5
20.0436548;-2.000399828;0.756131947;8.72423172;20.05164793;0.135001123;0.7542653084;0.4656316638;5
20.04575657;-2.033899307;0.7896314859;8.733802795;20.0537497;0.1203403622;0.7481566668;0.4692968726;5
20.04785834;-2.057827473;0.8231309652;8.752944946;20.05585142;0.1069013327;0.7383828163;0.470518589;5
20.04996012;-2.072184324;0.837487936;8.810373306;20.05795319;0.09224057943;0.7261655331;0.4729620516;5
20.05206189;-2.048256159;0.8422735929;8.810373306;20.06005496;0.08002328873;0.710283041;0.4741837978;5
20.05416366;-2.043470621;0.8087740541;8.863015175;20.06215673;0.06780599058;0.6944005489;0.4766272306;5
20.05626538;-2.033899307;0.7992027402;8.944371223;20.0642585;0.05558869615;0.6724094152;0.4790706933;5
20.05836715;-2.024327993;0.8231309652;9.040083885;20.06636027;0.04703658819;0.6467530727;0.4815141559;5
20.06046892;-2.024327993;0.8039883971;9.145368576;20.06846204;0.03848448023;0.6186532974;0.4839576185;5
20.06257069;-2.048256159;0.7992027402;9.245866776;20.07056376;0.03115410358;0.5893318057;0.4888445437;5
20.06467246;-2.0769701;0.8231309652;9.3367939;20.07266553;0.02260199748;0.5575668216;0.4900662601;5
20.06677423;-2.105684042;0.8039883971;9.427721024;20.0747673;0.01771507785;0.5270236135;0.4949531853;5
20.068876;-2.134397745;0.8039883971;9.475577354;20.07686907;0.01160643063;0.4977020919;0.4986183643;5
20.07097772;-2.148754835;0.7704889178;9.533005714;20.07897084;0.005497782957;0.4732674956;0.504727006;5
20.07307949;-2.129612207;0.756131947;9.528220177;20.08107262;-0.001832594397;0.4476111531;0.5108356476;5
20.07518126;-2.115255117;0.756131947;9.509077072;20.08317433;-0.00916297175;0.4231765866;0.520609498;5
20.07728303;-2.086541414;0.7944171429;9.509077072;20.08527616;-0.01771507785;0.3999637067;0.5303833485;5
20.0793848;-2.086541414;0.8279166222;9.518648148;20.08737788;-0.02626718581;0.3767508566;0.5438223481;5
20.08148657;-2.124826431;0.8566305041;9.518648148;20.08947965;-0.03604102135;0.3572031856;0.556039691;5
20.08358829;-2.167897224;0.8614161611;9.509077072;20.09158142;-0.04703658819;0.3376555145;0.570700407;5
20.08569012;-2.20618248;0.8853443861;9.475577354;20.09368319;-0.05558869615;0.3193295598;0.5841394663;5
20.08779183;-2.220539331;0.8853443861;9.466006279;20.09578496;-0.06536252797;0.3022253513;0.5963567495;5
20.0898936;-2.196611166;0.8757730722;9.394221306;20.09788668;-0.07269290835;0.2875646055;0.6085740328;5
20.09199538;-2.163111687;0.8566305041;9.375079155;20.09998845;-0.08002328873;0.2826776803;0.6195695996;5
20.09409715;-2.0769701;0.8422735929;9.346364975;20.10209027;-0.0849102065;0.2765690386;0.6293434501;5
20.09619892;-1.986042738;0.7992027402;9.312865257;20.10419199;-0.08857539296;0.274125576;0.6391173005;5
20.09830064;-1.880758643;0.756131947;9.274580956;20.10629376;-0.09101885557;0.277790755;0.6488910913;5
20.10040241;-1.741974831;0.7274180651;9.36550808;20.10839553;-0.09224057943;0.2961167097;0.6586649418;5
20.10250423;-1.64626193;0.6987041831;9.437292099;20.1104973;-0.09346231073;0.3193295598;0.670882225;5
20.10460595;-1.569691658;0.6939185858;9.422935486;20.11259907;-0.09101885557;0.3474293351;0.6843212843;5
20.10670772;-1.540977836;0.708275497;9.389435768;20.11470079;-0.08857539296;0.3730856776;0.6989820004;5
20.10880949;-1.560120344;0.7465606928;9.418149948;20.11680256;-0.08124501258;0.4072940946;0.713642776;5
20.11091126;-1.560120344;0.7417750359;9.408578873;20.11890433;-0.07513637096;0.4439459741;0.7295252681;5
20.11301303;-1.526620865;0.7513462901;9.480362892;20.12100611;-0.06414080411;0.4842630625;0.7405208349;5
20.11511475;-1.430907965;0.7513462901;9.533005714;20.12310788;-0.04948004708;0.5270236135;0.7490729094;5
20.11721652;-1.316052437;0.7417750359;9.566504478;20.12520965;-0.03481929377;0.5648971796;0.7588467598;5
20.11931829;-1.191625714;0.7465606928;9.619147301;20.12731142;-0.02015853859;0.601549089;0.7673988938;5
20.12142006;-1.043270707;0.756131947;9.714859962;20.12941319;-0.004276053514;0.6345357895;0.7735075355;5
20.12352183;-0.9188438654;0.7130611539;9.791430473;20.13151491;0.01282816008;0.6663007736;0.7771727443;5
20.1256236;-0.784845829;0.650847733;9.906285286;20.13361668;0.02626718581;0.6992874742;0.7796161771;5
20.12772538;-0.679561615;0.5886343718;9.901499748;20.13571845;0.03726275265;0.7298306823;0.7832813859;5
20.12982715;-0.5982056856;0.4833501875;9.882357597;20.13782022;0.04948004708;0.7591522336;0.7845031023;5
20.13192887;-0.5216353536;0.4642075896;9.853643417;20.13992199;0.05925388262;0.7860302329;0.7869465351;5
20.13403064;-0.4259224236;0.4498506486;9.8201437;20.14202376;0.06658425927;0.8092431426;0.7893900275;5
20.13613241;-0.3589234054;0.4881358147;9.887143135;20.14412553;0.07513637096;0.8300125003;0.7906117439;5
20.13823418;-0.3062812984;0.5264210105;9.920642853;20.1462273;0.08002328873;0.8446732759;0.7906117439;5
20.14033595;-0.2536391914;0.5407779217;9.949356079;20.14832902;0.08613193035;0.8556688428;0.7881683111;5
20.14243772;-0.1914258152;0.5168496966;10.0019989;20.15043079;0.09224057943;0.8629992008;0.7820596099;5
20.14453949;-0.1339980662;0.4642075896;10.04985523;20.15253256;0.09590577334;0.8654426932;0.7735075355;5
20.14664126;-0.08614161611;0.3924229145;10.06421185;20.15463433;0.09957095981;0.852003634;0.7649554014;5
20.14874298;-0.009571290575;0.3254238665;10.06899738;20.1567361;0.1032361463;0.8226821423;0.7551816106;5
20.15084475;0.09571290761;0.2871387303;10.08335495;20.15883782;0.102014415;0.7994692922;0.7429642677;5
20.15294652;0.1866401732;0.2584248483;10.15035343;20.1609396;0.1007926911;0.7725912333;0.7331904769;5
20.15504829;0.2823530734;0.2297109663;10.20778179;20.16304142;0.09468404204;0.7432697415;0.7258600593;5
20.15715006;0.3206382394;0.2153540403;10.15035343;20.16514314;0.08613193035;0.7127264738;0.7197514176;5
20.15925178;0.3589234054;0.2057827413;10.07856941;20.16724491;0.07391463965;0.6760746241;0.7160862088;5
20.16135355;0.3541377485;0.2584248483;10.02114105;20.16934668;0.06047561392;0.6467530727;0.7148644924;5
20.16345538;0.3397808075;0.3589234054;9.973284721;20.17144845;0.04214967042;0.6137663722;0.713642776;5
20.1655571;0.3206382394;0.4211367965;9.896714211;20.17355017;0.02504545636;0.5758927464;0.7124210596;5
20.16765887;0.2967100143;0.4881358147;9.772287369;20.17565199;0.004276053514;0.5343539715;0.7099775672;5
20.16976064;0.3062812984;0.5455635786;9.700503349;20.17775371;-0.00916297175;0.4952586293;0.705090642;5
20.17186241;0.3541377485;0.5407779217;9.681360245;20.17985548;-0.02504545636;0.4659371078;0.7014254928;5
20.17396413;0.4067798555;0.5024927258;9.671789169;20.18195725;-0.03848448023;0.4427242577;0.6965385675;5
20.17606595;0.4881358147;0.4594219327;9.667003632;20.18405902;-0.05070177838;0.4256200492;0.6953168511;5
20.17816767;0.5359922647;0.4594219327;9.647860527;20.18616079;-0.06414080411;0.4121810198;0.6977602839;5
20.18026944;0.5455635786;0.4642075896;9.619147301;20.18826251;-0.07513637096;0.3987419903;0.7014254928;5
20.18237121;0.5168496966;0.5072783828;9.614361763;20.19036428;-0.08613193035;0.3877464235;0.7075341344;5
20.18447298;0.4402793646;0.5216353536;9.623932838;20.19246605;-0.09468404204;0.3804160357;0.7111993432;5
20.18657475;0.3637090325;0.5359922647;9.619147301;20.19456782;-0.09957095981;0.370642215;0.7173079848;5
20.18867647;0.3014956415;0.5551348329;9.638289452;20.1966696;-0.1044578776;0.3645335436;0.72219491;5
20.19077824;0.3014956415;0.5742774606;9.686145782;20.19877137;-0.1032361463;0.3596466482;0.7295252681;5
20.19288001;0.3589234054;0.6317051649;9.700503349;20.20087314;-0.1007926911;0.3572031856;0.7356339097;5
20.19498178;0.3972085714;0.6747759581;9.738788605;20.20297491;-0.09346231073;0.3596466482;0.7417425513;5
20.19708355;0.4307080805;0.6556333899;9.801001549;20.20507663;-0.09101885557;0.370642215;0.747851193;5
20.19918532;0.4642075896;0.5838487148;9.896714211;20.2071784;-0.0849102065;0.3840812445;0.7515164018;5
20.2012871;0.5168496966;0.5790630579;9.958928108;20.20928017;-0.07880155742;0.4011854529;0.756403327;5
20.20338887;0.5886343718;0.5934200287;9.944570541;20.21138194;-0.07513637096;0.4182896614;0.7649554014;5
20.20549058;0.6556333899;0.6173482537;9.906285286;20.21348371;-0.07147117704;0.4329504073;0.7747292519;5
20.20759236;0.6987041831;0.6604190469;9.896714211;20.21558548;-0.06658425927;0.4451677203;0.7832813859;5
20.20969413;0.6843472719;0.6556333899;9.887143135;20.2176872;-0.06291907281;0.454941541;0.7930551767;5
20.2117959;0.6652047038;0.6460621357;9.84885788;20.21978902;-0.0616973415;0.467158854;0.7991638184;5
20.21389767;0.6891329288;0.6125625968;9.844072342;20.22189074;-0.06047561392;0.4781544209;0.8028290272;5
20.21599944;0.7417750359;0.5742774606;9.844072342;20.22399251;-0.05681042373;0.4903717041;0.8028290272;5
20.21810116;0.8327022791;0.5024927258;9.815358162;20.22609428;-0.05558869615;0.5013672709;0.8040507436;5
20.22020298;0.9475577474;0.4689932466;9.786644936;20.22819605;-0.05436696485;0.5099193454;0.8016073108;5
20.2223047;1.067198873;0.4354937077;9.729216576;20.23029782;-0.05558869615;0.5148062706;0.7991638184;5
20.22440647;1.162911773;0.3972085714;9.734002113;20.23239954;-0.05558869615;0.517249763;0.7930551767;5
20.22650824;1.268195987;0.3828516304;9.724431038;20.23450131;-0.06047561392;0.5221366882;0.7881683111;5
20.22861001;1.368694544;0.3780659735;9.743574142;20.23660308;-0.06536252797;0.5282453299;0.7820596099;5
20.23071178;1.464407444;0.4115654826;9.729216576;20.23870486;-0.07147117704;0.5331322551;0.7783944607;5
20.2328135;1.545763373;0.4402793646;9.69093132;20.24080663;-0.08124501258;0.5367974043;0.7759509683;5
20.23491527;1.59840548;0.4929214716;9.633503914;20.2429084;-0.08857539296;0.5355756879;0.7771727443;5
20.23701704;1.569691658;0.5072783828;9.647860527;20.24501017;-0.0983492285;0.5331322551;0.7722858191;5
20.23911881;1.531406522;0.5168496966;9.652647018;20.24711194;-0.1069013327;0.5282453299;0.771064043;5
20.24122058;1.531406522;0.5168496966;9.681360245;20.24921366;-0.1130099818;0.5258018374;0.7686206102;5
20.24332236;1.540977836;0.4977070987;9.7196455;20.25131548;-0.1203403622;0.5148062706;0.7649554014;5
20.24542413;1.584048629;0.4737788737;9.74835968;20.2534172;-0.1252272725;0.4952586293;0.7612902522;5
20.2475259;1.622333765;0.4737788737;9.844072342;20.25551897;-0.1276707351;0.474489212;0.7600684762;5
20.24962762;1.655833244;0.4881358147;9.939785004;20.25762074;-0.1301141977;0.4500546157;0.7588467598;5
20.25172944;1.651047587;0.4929214716;10.06421185;20.25972251;-0.1301141977;0.424398303;0.7551816106;5
20.25383116;1.655833244;0.5072783828;10.16949654;20.26182428;-0.1325576603;0.3975202441;0.7551816106;5
20.25593293;1.641476393;0.4833501875;10.27956581;20.26392605;-0.1301141977;0.3681987524;0.7539598346;5
20.2580347;1.622333765;0.4546363056;10.33220863;20.26602782;-0.1276707351;0.3413206935;0.7502946854;5
20.26013647;1.588834286;0.4354937077;10.39920712;20.26812954;-0.1227838174;0.3144426346;0.747851193;5
20.26223824;1.574477315;0.3972085714;10.46620655;20.27023131;-0.1203403622;0.2863428593;0.7466294765;5
20.26434001;1.603191137;0.3828516304;10.55234814;20.27233308;-0.1105665267;0.2594648004;0.7454077601;5
20.26644178;1.603191137;0.3589234054;10.65284634;20.27443486;-0.102014415;0.2325867712;0.7441860437;5
20.2685435;1.636690736;0.3349951804;10.73898792;20.27653663;-0.09101885557;0.2057087123;0.7417425513;5
20.27064527;1.655833244;0.3062812984;10.82034397;20.2786384;-0.08246674389;0.1763872057;0.7429642677;5
20.27274704;1.684547186;0.2823530734;10.87777138;20.28074017;-0.07147117704;0.1495091617;0.7405208349;5
20.27484881;1.722832322;0.2775674164;10.88734341;20.28284194;-0.06047561392;0.1189659163;0.7405208349;5
20.27695058;1.765903115;0.2871387303;10.90648556;20.28494366;-0.04948004708;0.09208786488;0.7417425513;5
20.27905236;1.808973908;0.3014956415;10.90170002;20.28704543;-0.04214967042;0.07131846249;0.7417425513;5
20.28115413;1.832902193;0.3302095234;10.84427261;20.2891472;-0.03481929377;0.05299251899;0.7417425513;5
20.2832559;1.919043779;0.3732803464;10.75813103;20.29124897;-0.03237583488;0.03833176568;0.7405208349;5
20.28535762;2.005185366;0.3924229145;10.62891865;20.29335074;-0.03359756246;0.02733619884;0.7405208349;5
20.28745939;2.086541414;0.4163511395;10.53320503;20.29545246;-0.03237583488;0.02122755162;0.7392991185;5
20.28956116;2.182254314;0.4307080805;10.41835022;20.29755428;-0.03237583488;0.01634063199;0.7356339097;5
20.29166293;2.273181438;0.4354937077;10.33699417;20.299656;-0.03604102135;0.01145371422;0.7331904769;5
20.2937647;2.354537487;0.4594219327;10.27478027;20.30175777;-0.03726275265;0.005345067009;0.7283035517;5
20.29586642;2.431107759;0.4402793646;10.2029953;20.30385954;-0.03848448023;-0.001985310577;0.7234166265;5
20.29796824;2.49332118;0.3972085714;10.14556789;20.30596131;-0.04092793912;-0.01175914705;0.7185297012;5
20.30006996;2.560320139;0.3493520916;10.12642574;20.30806308;-0.03848448023;-0.02153298259;0.7111993432;5
20.30217173;2.63689065;0.3158525825;10.08814049;20.3101648;-0.03848448023;-0.02764163166;0.7038689256;5
20.3042735;2.723032236;0.3014956415;10.09292603;20.31226657;-0.03726275265;-0.03008509055;0.6977602839;5
20.30637527;2.842673302;0.3349951804;10.05464077;20.31436835;-0.03604102135;-0.03497200832;0.6928733587;5
20.30847704;2.938386202;0.3972085714;10.00678444;20.31647012;-0.03726275265;-0.0374154672;0.6867647171;5
20.31057876;3.01974225;0.4594219327;10.01635551;20.31857189;-0.03481929377;-0.03252854943;0.6818777919;5
20.31268053;3.072384357;0.4546363056;10.03071213;20.32067366;-0.03604102135;-0.02764163166;0.6757691503;5
20.3147823;3.129812002;0.4450650215;10.02592659;20.32277543;-0.03970621154;-0.01420260593;0.670882225;5
20.31688407;3.206382275;0.4546363056;10.0019989;20.32487715;-0.04092793912;0.004123337101;0.6659952998;5
20.31898584;3.302095175;0.4737788737;9.920642853;20.32697897;-0.043371398;0.02122755162;0.6598866582;5
20.32108762;3.383451223;0.4642075896;9.824930191;20.32908074;-0.04703658819;0.0358883068;0.6513345838;5
20.32318939;3.464807272;0.4689932466;9.796216011;20.33118246;-0.05070177838;0.05299251899;0.6440041661;5
20.3252911;3.589233875;0.4737788737;9.772287369;20.33328423;-0.05436696485;0.06520981342;0.6366738081;5
20.32739293;3.675375462;0.4785645306;9.772287369;20.335386;-0.05681042373;0.07498364896;0.6293434501;5
20.3294947;3.75673151;0.4689932466;9.767501831;20.33748777;-0.05925388262;0.08109229803;0.6232348084;5
20.33159642;3.828516245;0.4594219327;9.796216011;20.33958954;-0.06047561392;0.08720094711;0.6146826744;5
20.33369819;3.905086517;0.4115654826;9.829715729;20.34169131;-0.05925388262;0.09208786488;0.6036871076;5
20.33579996;3.94815731;0.3541377485;9.887143135;20.34379303;-0.05925388262;0.09575305134;0.5926915407;5
20.33790173;4.024727821;0.2967100143;9.963713646;20.3458948;-0.05803215504;0.1018617004;0.5780308247;5
20.3400035;4.110869408;0.2392822653;10.00678444;20.34799657;-0.05436696485;0.1018617004;0.5609265566;5
20.34210527;4.187439442;0.2057827413;10.06421185;20.35009835;-0.05192350596;0.09941824526;0.5413789153;5
20.34420699;4.292723656;0.1818545163;10.11206818;20.35220012;-0.04948004708;0.09208786488;0.5218312144;5
20.34630876;4.388436794;0.1579262912;10.19820976;20.35430189;-0.04214967042;0.0847574845;0.4998401105;5
20.34841053;4.493721008;0.1244267747;10.27956581;20.3564036;-0.03726275265;0.06643154472;0.4778489769;5
20.3505123;4.579862595;0.1100698411;10.37527943;20.35850538;-0.03237583488;0.04688387364;0.4546361268;5
20.35261407;4.642076015;0.08135596663;10.43749237;20.3606072;-0.02871064469;0.02611446939;0.4289797843;5
20.35471584;4.704289436;0.03349951655;10.51884842;20.36270892;-0.02748891525;0.004123337101;0.4033234715;5
20.35681756;4.747360229;-0.004785645287;10.53320503;20.36481069;-0.02138026804;-0.01786779426;0.37400195;5
20.35891933;4.752145767;-0.06221338734;10.55234814;20.36691246;-0.01893680729;-0.04108065739;0.3471239209;5
20.36102116;4.766502857;-0.09571290761;10.56670475;20.36901423;-0.01282816008;-0.06551524997;0.316580683;5
20.36312288;4.80957365;-0.1148554832;10.5858469;20.371116;-0.007941242307;-0.09117157012;0.2872591615;5
20.36522465;4.833501816;-0.1100698411;10.6480608;20.37321777;-0.003054323839;-0.1192713454;0.2567159235;5
20.36732642;4.871787071;-0.1100698411;10.6480608;20.37531949;0.003054323839;-0.1437059343;0.223729223;5
20.36942819;4.914857864;-0.1100698411;10.68156052;20.37742126;0.00916297175;-0.1669187993;0.1944077164;5
20.37152996;4.943571568;-0.1196411327;10.68634605;20.37952303;0.01527161989;-0.1876882017;0.1675296724;5
20.37363173;4.948357105;-0.1387837082;10.6480608;20.38162475;0.02138026804;-0.2035706937;0.1418733448;5
20.37573345;4.919643402;-0.1052841991;10.58106136;20.38372657;0.03115410358;-0.2170097083;0.1174387559;5
20.37783522;4.876572609;-0.06699903309;10.52841949;20.38582834;0.03481929377;-0.2255618125;0.09544762224;5
20.37993699;4.843072891;-0.01914258115;10.46142101;20.38793012;0.03848448023;-0.2280052751;0.07223475724;5
20.38203871;4.804787636;0.04307080805;10.36092186;20.39003189;0.04092793912;-0.2267835438;0.05390881747;5
20.38414053;4.747360229;0.1148554832;10.27956581;20.3921336;0.043371398;-0.2231183648;0.03313941509;5
20.3862423;4.713860512;0.1914258152;10.13121128;20.39423538;0.04214967042;-0.2109010667;0.01359174121;5
20.38834407;4.661218643;0.2344966233;10.05942631;20.39633715;0.04092793912;-0.1999054998;-0.004734201822;5
20.39044585;4.637290478;0.2871387303;9.944570541;20.39843892;0.04092793912;-0.188909933;-0.02183841541;5
20.39254756;4.61814785;0.3254238665;9.868000984;20.40054069;0.04214967042;-0.1742491722;-0.03894263133;5
20.39464933;4.584648132;0.3637090325;9.796216011;20.40264241;0.04092793912;-0.1595884264;-0.05482511222;5
20.3967511;4.532006264;0.4211367965;9.729216576;20.40474423;0.03970621154;-0.1449276656;-0.06948586553;5
20.39885288;4.503292084;0.4402793646;9.681360245;20.40684595;0.03726275265;-0.131488651;-0.08170316368;5
20.40095465;4.42672205;0.4785645306;9.671789169;20.40894772;0.03848448023;-0.1168278903;-0.09514218569;5
20.40305637;4.364508629;0.4785645306;9.676574707;20.41104949;0.03726275265;-0.1058323234;-0.1073594838;5
20.40515819;4.292723656;0.4977070987;9.633503914;20.41315126;0.03604102135;-0.08872810751;-0.119576782;5
20.40725991;4.240081787;0.5359922647;9.633503914;20.41525298;0.03604102135;-0.07528908551;-0.1305723488;5
20.40936168;4.177868366;0.5455635786;9.647860527;20.41735475;0.03604102135;-0.05940660089;-0.142789647;5
20.41146345;4.120440483;0.5982056856;9.667003632;20.41945657;0.03726275265;-0.04596757516;-0.1525634825;5
20.41356522;4.063013077;0.6029912829;9.686145782;20.42155829;0.03726275265;-0.03252854943;-0.1647807807;5
20.41566694;4.010370731;0.6221339107;9.714859962;20.42366006;0.04092793912;-0.02275471389;-0.1745546162;5
20.41776871;3.98165679;0.6652047038;9.743574142;20.42576183;0.04214967042;-0.01053741761;-0.1855501831;5
20.41987053;3.94815731;0.6556333899;9.801001549;20.42786361;0.04581485689;0.0016798781;-0.1965457499;5
20.42197225;3.924229145;0.6652047038;9.839286804;20.42996538;0.04948004708;0.01511890348;-0.2063195854;5
20.42407402;3.876372576;0.6891329288;9.896714211;20.4320671;0.05436696485;0.02489273995;-0.216093421;5
20.42617579;3.862015724;0.6699903607;9.944570541;20.43416887;0.05925388262;0.0358883068;-0.2270889878;5
20.42827756;3.833301783;0.6556333899;10.01156998;20.43627064;0.06414080411;0.04444041103;-0.2405280024;5
20.43037933;3.823730469;0.650847733;10.07856941;20.43837241;0.07147117704;0.05177079141;-0.2503018379;5
20.43248105;3.809373617;0.626919508;10.164711;20.44047418;0.07880155742;0.05543597788;-0.2649625838;5
20.43458282;3.809373617;0.6221339107;10.21256733;20.44257595;0.08857539296;0.05543597788;-0.2808450758;5
20.4366846;3.790230989;0.6077769399;10.33220863;20.44467772;0.09957095981;0.05177079141;-0.2930623889;5
20.43878637;3.761517286;0.6125625968;10.44227791;20.44677944;0.1093447953;0.04077522457;-0.3077231348;5
20.44088814;3.728017569;0.5982056856;10.52363396;20.44888126;0.1166751757;0.02733619884;-0.3236056268;5
20.44298991;3.704089403;0.5982056856;10.59541893;20.45098303;0.1276707351;0.01023198478;-0.3394880891;5
20.44509168;3.680161238;0.5838487148;10.65763187;20.45308475;0.135001123;-0.009315688163;-0.3553705812;5
20.4471934;3.641875982;0.5838487148;10.71027374;20.45518652;0.1423314959;-0.03008509055;-0.3688096106;5
20.44929522;3.594019651;0.5694918036;10.71984577;20.45728829;0.1508836001;-0.05451968312;-0.3834703565;5
20.45139699;3.546163082;0.5647061467;10.76291656;20.45939006;0.154548794;-0.08017600328;-0.3956876695;5
20.45349871;3.474378586;0.5694918036;10.78684425;20.46149178;0.158213973;-0.1070540547;-0.4079049528;5
20.45560048;3.393022537;0.5982056856;10.77727318;20.4635936;0.1606574357;-0.1351538301;-0.4189005196;5
20.45770225;3.321237803;0.6173482537;10.75813103;20.46569532;0.1606574357;-0.165697068;-0.4286743701;5
20.45980402;3.225524902;0.6173482537;10.74377346;20.4677971;0.1606574357;-0.1986837685;-0.4384481907;5
20.46190574;3.153740168;0.6460621357;10.7054882;20.46989887;0.1606574357;-0.2304487377;-0.4482220411;5
20.46400756;3.058027267;0.6652047038;10.70070267;20.47200064;0.1569922417;-0.265878886;-0.4579958618;5
20.46610928;2.967100143;0.6987041831;10.66241741;20.47410241;0.1557705253;-0.3000873327;-0.466547966;5
20.46821105;2.885744095;0.708275497;10.64327526;20.47620418;0.1521053314;-0.3379609287;-0.4738783538;5
20.47031282;2.82831645;0.7465606928;10.60977554;20.47830595;0.1508836001;-0.3758345544;-0.4775435328;5
20.4724146;2.751745939;0.7896314859;10.59063339;20.48040767;0.1459966749;-0.4100429714;-0.4812087417;5
20.47451637;2.670390129;0.8231309652;10.5475626;20.48250949;0.1423314959;-0.4479165971;-0.4824304581;5
20.47661814;2.579462767;0.8327022791;10.53320503;20.48461121;0.1374445707;-0.4796815813;-0.4824304581;5
20.47871991;2.478964329;0.8470591903;10.46142101;20.48671298;0.1288924664;-0.5065596104;-0.4812087417;5
20.48082163;2.373680115;0.8757730722;10.37527943;20.48881475;0.1252272725;-0.5297724605;-0.4775435328;5
20.48292345;2.287538528;0.9092726111;10.30349445;20.49091652;0.1178968996;-0.5493201613;-0.4751000702;5
20.48502517;2.230110645;0.94277215;10.24128056;20.49301829;0.111788258;-0.5664243698;-0.4726566374;5
20.48712694;2.191825628;0.9571290612;10.12642574;20.49512006;0.1032361463;-0.5786416531;-0.4677697122;5
20.48922871;2.172683001;1.004985452;10.03549862;20.49722178;0.09590577334;-0.5945241451;-0.462882787;5
20.49133048;2.163111687;1.048056364;9.987641335;20.49932355;0.09224057943;-0.6006327868;-0.4579958618;5
20.49343225;2.143969059;1.052842021;9.915857315;20.50142532;0.0849102065;-0.6042979956;-0.4506655037;5
20.49553402;2.124826431;1.052842021;9.882357597;20.5035271;0.07880155742;-0.6079631448;-0.4433351159;5
20.49763574;2.100898266;1.081555843;9.844072342;20.50562887;0.07757982612;-0.6018545032;-0.4360047281;5
20.49973751;2.081755638;1.0863415;9.824930191;20.50773058;0.07513637096;-0.5957458615;-0.4274526238;5
20.50183928;2.057827473;1.110269666;9.834501266;20.50983241;0.07269290835;-0.5884155035;-0.4189005196;5
20.50394105;2.048256159;1.11984098;9.815358162;20.51193413;0.07024945319;-0.5786416531;-0.4103484154;5
20.50604282;2.01475668;1.105484009;9.801001549;20.5140359;0.06780599058;-0.5700895786;-0.4017963111;5
20.50814454;2.000399828;1.081555843;9.777072906;20.51613767;0.06780599058;-0.555428803;-0.3920224607;5
20.51024637;1.995614052;1.033699393;9.796216011;20.51823944;0.06658425927;-0.5444332361;-0.3846921027;5
20.51234808;2.01475668;1.000199914;9.777072906;20.52034121;0.06536252797;-0.5346593857;-0.3773617148;5
20.51444986;2.038684845;0.9619147182;9.777072906;20.52244293;0.06536252797;-0.5248855352;-0.3736965358;5
20.51655163;2.057827473;0.9619147182;9.791430473;20.5245447;0.06780599058;-0.5163334608;-0.3761399984;5
20.5186534;2.124826431;0.9284151793;9.796216011;20.52664647;0.07024945319;-0.5065596104;-0.3822486401;5
20.52075517;2.191825628;0.8949156404;9.824930191;20.52874824;0.07635809481;-0.4955640435;-0.3895790279;5
20.52285689;2.263610125;0.8231309652;9.84885788;20.53085001;0.08246674389;-0.4821250141;-0.3993528485;5
20.52495866;2.354537487;0.7800601721;9.839286804;20.53295178;0.08735366166;-0.4650208056;-0.4103484154;5
20.52706043;2.455035925;0.760917604;9.87757206;20.53505355;0.09101885557;-0.4466948807;-0.4213439822;5
20.5291622;2.512463808;0.7657032609;9.87757206;20.53715532;0.09590577334;-0.4259254634;-0.4298960865;5
20.53126397;2.512463808;0.7752745152;9.868000984;20.5392571;0.0971274972;-0.3978256881;-0.4384481907;5
20.53336574;2.498106956;0.7465606928;9.858428955;20.54135881;0.102014415;-0.3733910918;-0.4494437575;5
20.53546751;2.426322222;0.7178468108;9.796216011;20.54346058;0.1056796089;-0.3465130329;-0.4579958618;5
20.53756928;2.354537487;0.6843472719;9.74835968;20.54556236;0.1105665267;-0.3245218992;-0.4689914286;5
20.53967105;2.30189538;0.6652047038;9.7196455;20.54766413;0.1166751757;-0.3037525117;-0.4812087417;5
20.54177277;2.268395901;0.650847733;9.7196455;20.5497659;0.1252272725;-0.2939786613;-0.4958694875;5
20.54387454;2.258824587;0.6173482537;9.74835968;20.55186767;0.135001123;-0.2829830945;-0.5105302334;5
20.54597631;2.263610125;0.6125625968;9.815358162;20.55396939;0.1447749585;-0.2732092738;-0.5264127254;5
20.54807808;2.282752752;0.5742774606;9.901499748;20.55607116;0.1569922417;-0.265878886;-0.5422952175;5
20.55017986;2.249253273;0.5551348329;9.963713646;20.55817293;0.1667660922;-0.258548528;-0.5569559336;5
20.55228163;2.210968018;0.5359922647;10.00678444;20.5602747;0.1753181964;-0.2536616027;-0.5703949928;5
20.55438334;2.105684042;0.5264210105;10.03071213;20.56237647;0.185092032;-0.2536616027;-0.5813905597;5
20.55648512;1.976471543;0.5694918036;10.03549862;20.56447824;0.1948658675;-0.2536616027;-0.5948295593;5
20.55858689;1.828116536;0.6125625968;10.06899738;20.56658001;0.2009745091;-0.2609919906;-0.6046034098;5
20.56068866;1.674975872;0.6556333899;10.08814049;20.56868178;0.208304897;-0.278096199;-0.6131555438;5
20.56279043;1.55054903;0.6939185858;10.09292603;20.57078355;0.211970076;-0.2976438701;-0.6241511106;5
20.5648922;1.426122308;0.7274180651;10.08335495;20.57288527;0.2156352699;-0.3233001828;-0.6314814687;5
20.56699397;1.339980721;0.7178468108;10.04028416;20.57498704;0.2180787325;-0.3501782417;-0.6412553191;5
20.56909574;1.186840057;0.650847733;10.02592659;20.57708881;0.2205221802;-0.3794997334;-0.6485856771;5
20.57119751;1.03848505;0.5982056856;9.958928108;20.57919058;0.2205221802;-0.408821255;-0.6571378112;5
20.57329923;0.9332008362;0.5694918036;9.934999466;20.58129236;0.2180787325;-0.4393644929;-0.6656898856;5
20.575401;0.8470591903;0.5886343718;9.911071777;20.58339413;0.2144135386;-0.4711294472;-0.6742420197;5
20.57750277;0.7800601721;0.5982056856;9.829715729;20.5854959;0.2070831656;-0.5004509687;-0.6827940941;5
20.57960454;0.7513462901;0.6939185858;9.796216011;20.58759762;0.1997527778;-0.5309942365;-0.6864593029;5
20.58170631;0.6987041831;0.7513462901;9.743574142;20.58969939;0.1899789423;-0.5578722358;-0.6889027357;5
20.58380808;0.626919508;0.7944171429;9.647860527;20.59180116;0.1777616441;-0.5884155035;-0.6901245117;5
20.58590986;0.5024927258;0.8853443861;9.537791252;20.59390293;0.1631008983;-0.6189587116;-0.6889027357;5
20.58801157;0.3972085714;0.9379864931;9.466006279;20.5960047;0.154548794;-0.6519454122;-0.6852375865;5
20.59011335;0.2536391914;0.9714859724;9.403793335;20.59810647;0.1374445707;-0.6812669635;-0.6840158105;5
20.59221512;0.1339980662;1.004985452;9.370293617;20.60020819;0.1252272725;-0.7044798136;-0.6815723777;5
20.59431689;0.04307080805;0.9906286001;9.332008362;20.60230996;0.1142317131;-0.7264709473;-0.6779071689;5
20.59641866;-0.0239282269;0.9762716293;9.317651749;20.60441173;0.1032361463;-0.7435751557;-0.6754637361;5
20.59852043;-0.04785645381;0.9762716293;9.269794464;20.6065135;0.09224057943;-0.7594576478;-0.6742420197;5
20.60062215;-0.08614161611;0.9667003751;9.241081238;20.60861527;0.08246674389;-0.771674931;-0.6705768108;5
20.60272392;-0.0765703246;0.9571290612;9.212367058;20.61071704;0.07269290835;-0.7777835727;-0.6705768108;5
20.60482569;-0.06699903309;0.9667003751;9.183652878;20.61281881;0.0616973415;-0.7826704979;-0.668133378;5
20.60692746;-0.0382851623;0.9714859724;9.174081802;20.61492053;0.05314523727;-0.7863357067;-0.6693550944;5
20.60902923;0.01914258115;1.014556766;9.131011009;20.61702236;0.04459312931;-0.7851139307;-0.6693550944;5
20.611131;0.07178468257;1.019342422;9.116654396;20.61912407;0.03604102135;-0.7802270651;-0.6717985272;5
20.61323277;0.0765703246;1.019342422;9.092725754;20.62122584;0.02871064469;-0.7680097222;-0.6705768108;5
20.61533449;0.05742774159;1.000199914;9.078369141;20.62332762;0.02138026804;-0.755792439;-0.6730202436;5
20.61743631;0.05264209956;0.9762716293;9.068798065;20.62542939;0.01404988952;-0.7447968721;-0.6754637361;5
20.61953803;0.06221338734;0.9667003751;9.040083885;20.62753111;0.007941242307;-0.7325795889;-0.6791289449;5
20.6216398;0.06221338734;0.94277215;9.044869423;20.62963288;0.001832594397;-0.7191405892;-0.6827940941;5
20.62374157;0.08614161611;0.9092726111;9.078369141;20.6317347;-0.003054323839;-0.7032580972;-0.6901245117;5
20.62584334;0.08614161611;0.8614161611;9.102297783;20.63383642;-0.004276053514;-0.6873756051;-0.6986765862;5
20.62794506;0.1052841991;0.8327022791;9.102297783;20.63593819;-0.003054323839;-0.6739365458;-0.7108938694;5
20.63004683;0.1196411327;0.784845829;9.111868858;20.63803996;-0.003054323839;-0.6568323374;-0.7231112123;5
20.63214866;0.1627119333;0.760917604;9.107083321;20.64014173;-0.001832594397;-0.6372846961;-0.7316632867;5
20.63425038;0.1914258152;0.760917604;9.135796547;20.6422435;-0.001832594397;-0.6165152788;-0.7414371371;5
20.63635215;0.1866401732;0.760917604;9.116654396;20.64434527;-0.0006108647794;-0.5969675779;-0.7512109876;5
20.63845392;0.1387837082;0.7657032609;9.087940216;20.64644699;-0.001832594397;-0.5761982203;-0.7609847784;5
20.64055569;0.1339980662;0.784845829;9.068798065;20.64854876;-0.001832594397;-0.555428803;-0.7744238377;5
20.64265746;0.1435693651;0.784845829;9.078369141;20.65065053;-0.003054323839;-0.5346593857;-0.7866411209;5
20.64475923;0.1531406492;0.784845829;9.054440498;20.6527523;-0.004276053514;-0.5175551772;-0.7988584042;5
20.64686095;0.1387837082;0.7417750359;9.025727272;20.65485407;-0.007941242307;-0.5004509687;-0.8086322546;5
20.64896272;0.09092725813;0.7130611539;9.00179863;20.65695585;-0.00916297175;-0.4796815813;-0.818406105;5
20.65106449;0.0;0.70348984;9.016156197;20.65905762;-0.01404988952;-0.4613556266;-0.8257364631;5
20.65316626;-0.08135596663;0.7178468108;9.011369705;20.66115939;-0.0164933484;-0.4479165971;-0.8306233883;5
20.65526803;-0.1962114573;0.7657032609;8.977870941;20.66326116;-0.02260199748;-0.4393644929;-0.8330668211;5
20.6573698;-0.3110669553;0.8183453679;8.925228119;20.66536288;-0.02504545636;-0.4332558513;-0.8391754627;5
20.65947157;-0.4307080805;0.8614161611;8.930013657;20.66746465;-0.02748891525;-0.4271472096;-0.8440623879;5
20.66157334;-0.5216353536;0.8853443861;8.97308445;20.66956642;-0.02748891525;-0.4161516428;-0.8513928056;5
20.66367512;-0.5790630579;0.8614161611;8.992227554;20.67166819;-0.03115410358;-0.4112647176;-0.8587231636;5
20.66577683;-0.5982056856;0.8470591903;8.958727837;20.67376996;-0.03237583488;-0.4027126133;-0.8660535216;5
20.66787861;-0.6029912829;0.8614161611;8.968298912;20.67587168;-0.03481929377;-0.3917170465;-0.8709404469;5
20.66998038;-0.6173482537;0.866201818;8.953942299;20.67797345;-0.03604102135;-0.3831649423;-0.8758273721;5
20.67208215;-0.679561615;0.8709874153;8.939585686;20.68007522;-0.03970621154;-0.3709476292;-0.8807142973;5
20.67418392;-0.7704889178;0.8853443861;8.925228119;20.68217699;-0.04214967042;-0.355065167;-0.8807142973;5
20.67628564;-0.8709874153;0.890130043;8.925228119;20.68427876;-0.04581485689;-0.3416261375;-0.8819360137;5
20.67838741;-0.9954141974;0.890130043;8.896514893;20.68638053;-0.04948004708;-0.3306305707;-0.8794925809;5
20.68048918;-1.100698471;0.9092726111;8.867800713;20.6884823;-0.05314523727;-0.3184132576;-0.8746056557;5
20.68259095;-1.210768223;0.9332008362;8.829515457;20.69058407;-0.05803215504;-0.3110828996;-0.8697187304;5
20.68469272;-1.335195065;0.9762716293;8.791230202;20.69268579;-0.06536252797;-0.3061959743;-0.8587231636;5
20.68679449;-1.478764415;1.052842021;8.781659126;20.69478762;-0.07024945319;-0.2976438701;-0.8477275968;5
20.68889626;-1.612762451;1.115055323;8.772088051;20.69688933;-0.07757982612;-0.2939786613;-0.8306233883;5
20.69099803;-1.765903115;1.153340459;8.781659126;20.6989911;-0.0849102065;-0.2915352285;-0.8159626126;5
20.69309975;-1.93340075;1.196411371;8.729017258;20.70109288;-0.09101885557;-0.2915352285;-0.7988584042;5
20.69520157;-2.072184324;1.244267821;8.714659691;20.70319465;-0.1007926911;-0.2915352285;-0.7780889869;5
20.69730329;-2.177468538;1.282552958;8.69551754;20.70529642;-0.1142317131;-0.2964221239;-0.7609847784;5
20.69940506;-2.277967215;1.316052437;8.647661209;20.70739814;-0.1227838174;-0.3013090491;-0.7402154207;5
20.70150683;-2.359323025;1.35912323;8.642875671;20.70949991;-0.1362228394;-0.3135263622;-0.7194460034;5
20.70360861;-2.411965132;1.378265858;8.628518105;20.71160168;-0.1508836001;-0.3245218992;-0.6974548697;5
20.70571038;-2.464607239;1.40697968;8.585447311;20.71370345;-0.1667660922;-0.3355174661;-0.6791289449;5
20.7078121;-2.502892494;1.402194023;8.551948547;20.71580522;-0.1875354946;-0.3440696001;-0.6608029604;5
20.70991387;-2.507678032;1.411765337;8.504091263;20.71790699;-0.2070831656;-0.3575085998;-0.6449204683;5
20.71201564;-2.498106956;1.402194023;8.465806961;20.72000876;-0.2290742993;-0.3697259128;-0.6327031851;5
20.71411741;-2.445464849;1.373480201;8.417949677;20.72211048;-0.2498437017;-0.3770562708;-0.6217076182;5
20.71621918;-2.402393818;1.344766378;8.422736168;20.72421225;-0.2718348205;-0.3856084049;-0.6143772602;5
20.71832095;-2.340180635;1.301695466;8.403593063;20.72631402;-0.2938259542;-0.3929387629;-0.609490335;5
20.72042272;-2.316252232;1.234696507;8.432307243;20.72841579;-0.3145953715;-0.4014908671;-0.6058251262;5
20.72252444;-2.254039049;1.177268744;8.446663857;20.73051756;-0.3341430426;-0.4039343297;-0.6058251262;5
20.72462621;-2.230110645;1.100698471;8.499305725;20.73261928;-0.347582072;-0.4039343297;-0.6033816934;5
20.72672798;-2.201396942;1.052842021;8.571090698;20.73472111;-0.3622428179;-0.4002691507;-0.6033816934;5
20.72882975;-2.201396942;0.9667003751;8.685946465;20.73682288;-0.3732383847;-0.3953822255;-0.602159977;5
20.73093152;-2.196611166;0.9332008362;8.767302513;20.7389246;-0.3793470263;-0.3917170465;-0.5972730517;5
20.73303324;-2.225325108;0.9140582681;8.886942863;20.74102637;-0.381790489;-0.3917170465;-0.5911644101;5
20.73513506;-2.282752752;0.8997012973;9.00179863;20.74312814;-0.3769035637;-0.3892735839;-0.5862774849;5
20.73723683;-2.344966173;0.8853443861;9.193224907;20.74522991;-0.3659079969;-0.3856084049;-0.5826122761;5
20.73933855;-2.407179594;0.9092726111;9.408578873;20.74733168;-0.3524689674;-0.3721693754;-0.5789470673;5
20.74144032;-2.455035925;0.8709874153;9.580862045;20.7494334;-0.339029938;-0.3599520624;-0.575281918;5
20.7435421;-2.478964329;0.8327022791;9.729216576;20.75153522;-0.3231474757;-0.3452913165;-0.5728384256;5
20.74564387;-2.474178553;0.8279166222;9.858428955;20.75363694;-0.3072649837;-0.3269653618;-0.5679515004;5
20.74774564;-2.483749866;0.8327022791;9.968499184;20.75573871;-0.2864955962;-0.3013090491;-0.5630646348;5
20.74984736;-2.517249346;0.813559711;10.04985523;20.75784048;-0.2693913579;-0.2768744528;-0.5569559336;5
20.75194918;-2.550748825;0.7657032609;10.12642574;20.75994225;-0.2498437017;-0.2548833191;-0.552069068;5
20.7540509;-2.584248543;0.7226324677;10.17906761;20.76204402;-0.2302960157;-0.2292270064;-0.5484038591;5
20.75615267;-2.569891453;0.70348984;10.18863869;20.76414579;-0.2095266134;-0.2047924101;-0.5435169339;5
20.75825444;-2.536391973;0.6891329288;10.19342422;20.76624756;-0.188757211;-0.1803578287;-0.5422952175;5
20.76035621;-2.512463808;0.6652047038;10.19820976;20.76834928;-0.1740964651;-0.1559232324;-0.5398517251;5
20.76245798;-2.478964329;0.650847733;10.16949654;20.77045105;-0.1569922417;-0.1302669197;-0.5386300087;5
20.76455975;-2.435893536;0.6843472719;10.14556789;20.77255282;-0.1447749585;-0.1058323234;-0.5398517251;5
20.76666152;-2.402393818;0.679561615;10.07378292;20.7746546;-0.1301141977;-0.07773254067;-0.5410735011;5
20.76876324;-2.335394859;0.6843472719;9.982855797;20.77675637;-0.1191186309;-0.05085449293;-0.5447386503;5
20.77086501;-2.292324066;0.6987041831;9.925428391;20.77885814;-0.1130099818;-0.02397644334;-0.5484038591;5
20.77296678;-2.244467735;0.6843472719;9.858428955;20.78095991;-0.1056796089;-0.001985310577;-0.5532907844;5
20.77506855;-2.191825628;0.6891329288;9.753145218;20.78306168;-0.1032361463;0.02122755162;-0.559399426;5
20.77717032;-2.158325911;0.7178468108;9.667003632;20.78516345;-0.1007926911;0.04077522457;-0.5655080676;5
20.7792721;-2.124826431;0.7513462901;9.57129097;20.78726517;-0.1032361463;0.05543597788;-0.5716167092;5
20.78137387;-2.129612207;0.7417750359;9.509077072;20.78936694;-0.1069013327;0.06887500733;-0.5801688433;5
20.78347564;-2.139183521;0.7226324677;9.41336441;20.79146871;-0.1142317131;0.07864884287;-0.5862774849;5
20.78557741;-2.167897224;0.6747759581;9.332008362;20.79357048;-0.1215620935;0.08109229803;-0.5911644101;5
20.78767913;-2.230110645;0.6747759581;9.293723106;20.79567225;-0.131335929;0.07864884287;-0.5936078429;5
20.7897809;-2.311466694;0.650847733;9.2362957;20.79777402;-0.1411097646;0.0725401938;-0.5948295593;5
20.79188267;-2.402393818;0.6987041831;9.20758152;20.79987574;-0.154548794;0.06398808211;-0.5960513353;5
20.79398444;-2.483749866;0.732203722;9.198010445;20.80197751;-0.1655443609;0.05054906011;-0.5960513353;5
20.79608621;-2.555534601;0.7896314859;9.193224907;20.80407928;-0.1753181964;0.03955349326;-0.5936078429;5
20.79818798;-2.617748022;0.837487936;9.193224907;20.80618105;-0.188757211;0.03222311661;-0.5936078429;5
20.8002897;-2.675175667;0.8709874153;9.20758152;20.80828282;-0.2009745091;0.02367101051;-0.5911644101;5
20.80239147;-2.71824646;0.9092726111;9.226723671;20.8103846;-0.211970076;0.01145371422;-0.5874992013;5
20.80449324;-2.761317253;0.9284151793;9.250652313;20.81248631;-0.2254091054;0.0016798781;-0.5850557685;5
20.80659501;-2.823530674;0.9523434043;9.284152031;20.81458808;-0.2364046723;-0.01053741761;-0.5826122761;5
20.80869678;-2.871387243;0.9762716293;9.317651749;20.81668986;-0.2486219704;-0.02153298259;-0.5740602016;5
20.81079855;-2.92402935;0.9906286001;9.346364975;20.81879163;-0.2559523284;-0.03497200832;-0.5703949928;5
20.81290027;-2.967100143;1.014556766;9.379864693;20.8208934;-0.2620609999;-0.03985892609;-0.5642863512;5
20.81500204;-3.01974225;1.019342422;9.461220741;20.82299517;-0.2693913579;-0.04474584386;-0.5569559336;5
20.81710381;-3.062813044;1.004985452;9.552147865;20.82509694;-0.2718348205;-0.05451968312;-0.5508472919;5
20.81920558;-3.096312523;1.004985452;9.561718941;20.82719871;-0.2779434621;-0.06307178736;-0.5435169339;5
20.82130736;-3.125026464;1.024128079;9.633503914;20.82930048;-0.2803869247;-0.06918043643;-0.5374082923;5
20.82340913;-3.153740168;1.043270707;9.7196455;20.8314022;-0.2816086709;-0.07162389904;-0.5312996507;5
20.8255109;-3.177668571;1.048056364;9.767501831;20.83350397;-0.2816086709;-0.07162389904;-0.5264127254;5
20.82761267;-3.187239647;1.019342422;9.777072906;20.83560574;-0.2803869247;-0.07040216774;-0.5190823674;5
20.82971444;-3.206382275;0.9906286001;9.786644936;20.83770751;-0.2803869247;-0.06795870513;-0.5105302334;5
20.83181616;-3.254238844;0.9810572863;9.805787086;20.83980928;-0.2791652083;-0.06795870513;-0.4995346665;5
20.83391793;-3.297309637;0.9619147182;9.839286804;20.841911;-0.2767217457;-0.06429351866;-0.4885390997;5
20.8360197;-3.330809116;0.9810572863;9.844072342;20.84401277;-0.2779434621;-0.05940660089;-0.4763218164;5
20.83812147;-3.37387991;1.004985452;9.87757206;20.84611454;-0.2730565667;-0.04718930274;-0.4616610706;5
20.84022324;-3.388236761;1.019342422;9.891928673;20.84821631;-0.2706131041;-0.03375028074;-0.4494437575;5
20.84232496;-3.407379389;1.033699393;9.891928673;20.85031808;-0.2645044625;-0.01786779426;-0.4347830117;5
20.84442673;-3.450450182;1.024128079;9.887143135;20.85241986;-0.2620609999;0.0016798781;-0.4213439822;5
20.8465285;-3.440878868;1.024128079;9.901499748;20.85452163;-0.2596175373;0.02489273995;-0.4079049528;5
20.84863027;-3.431307554;1.028913736;9.906285286;20.85662335;-0.254730612;0.04810560122;-0.3944659233;5
20.85073204;-3.407379389;1.033699393;9.930213928;20.85872512;-0.2498437017;0.0725401938;-0.3822486401;5
20.85283381;-3.359523058;1.043270707;9.939785004;20.86082689;-0.2400698513;0.09697478265;-0.370031327;5
20.85493558;-3.316452265;1.062413216;9.987641335;20.86292866;-0.235182941;0.1201876476;-0.3602575064;5
20.8570373;-3.273381472;1.052842021;10.03549862;20.86503043;-0.2290742993;0.1385135949;-0.3504836559;5
20.85913907;-3.239881754;1.033699393;10.09771156;20.8671322;-0.2168570012;0.1605047137;-0.3419315517;5
20.86124084;-3.201596737;1.009771109;10.17428207;20.86923397;-0.2058614343;0.1824958473;-0.3346011937;5
20.86334262;-3.182454109;0.9858429432;10.23649502;20.87133569;-0.1960875988;0.1983783394;-0.3260490894;5
20.86544439;-3.172882795;0.9379864931;10.31306553;20.87343746;-0.1838703007;0.2105956376;-0.3174969554;5
20.86754616;-3.153740168;0.94277215;10.34177971;20.87553923;-0.1740964651;0.2228129357;-0.3101665974;5
20.86964793;-3.139383316;0.9523434043;10.39920712;20.877641;-0.1643226296;0.2386954129;-0.3028362095;5
20.87174965;-3.125026464;0.9523434043;10.42313576;20.87974277;-0.154548794;0.2448040545;-0.2942841053;5
20.87385142;-3.129812002;0.9619147182;10.40877819;20.88184454;-0.1496618688;0.2472475171;-0.2845102847;5
20.87595319;-3.129812002;0.9619147182;10.38006496;20.88394631;-0.1398880333;0.2509126961;-0.2759581506;5
20.87805496;-3.168097258;0.9523434043;10.40877819;20.88604808;-0.131335929;0.2557996213;-0.2674060464;5
20.88015673;-3.225524902;0.9236295223;10.41356373;20.8881498;-0.1264490038;0.2606865466;-0.2600756884;5
20.8822585;-3.235096216;0.9332008362;10.47577763;20.89025157;-0.1191186309;0.2606865466;-0.2527453005;5
20.88436027;-3.235096216;0.9188438654;10.46620655;20.89235334;-0.1166751757;0.2545779049;-0.2441931963;5
20.88646204;-3.239881754;0.9523434043;10.45663452;20.89445512;-0.1154534444;0.2521344423;-0.2344193608;5
20.88856376;-3.24466753;0.9523434043;10.49013424;20.89655689;-0.1130099818;0.2496909797;-0.2246455252;5
20.89066553;-3.254238844;0.9714859724;10.47577763;20.89865866;-0.111788258;0.2411388755;-0.216093421;5
20.8927673;-3.263810158;0.9571290612;10.45184898;20.90076043;-0.1105665267;0.2313650399;-0.2063195854;5
20.89486907;-3.268595695;0.9619147182;10.43270683;20.9028622;-0.108123064;0.2191477418;-0.1977674663;5
20.89697085;-3.24466753;0.9906286001;10.38963604;20.90496397;-0.108123064;0.1983783394;-0.1855501831;5
20.89907262;-3.235096216;1.028913736;10.37049294;20.90706569;-0.1105665267;0.1727220118;-0.1757763475;5
20.90117439;-3.235096216;1.052842021;10.42313576;20.90916746;-0.111788258;0.1458439678;-0.1684459597;5
20.90327616;-3.215953588;1.03848505;10.4853487;20.91126923;-0.1130099818;0.1226311028;-0.1635590494;5
20.90537793;-3.172882795;1.014556766;10.49491978;20.913371;-0.1166751757;0.09697478265;-0.1598938555;5
20.90747965;-3.125026464;0.9571290612;10.46620655;20.91547272;-0.1203403622;0.07131846249;-0.1586721241;5
20.90958142;-3.067598581;0.8949156404;10.43270683;20.91757449;-0.1240055487;0.04932733253;-0.1586721241;5
20.91168319;-2.981456995;0.837487936;10.39442158;20.91967626;-0.131335929;0.02611446939;-0.1611155868;5
20.91378496;-2.904886723;0.7896314859;10.37049294;20.92177803;-0.1337793916;0.005345067009;-0.1623373181;5
20.91588668;-2.794816732;0.7704889178;10.35135078;20.9238798;-0.1374445707;-0.01053741761;-0.1660024971;5
20.91798845;-2.73260355;0.756131947;10.34656525;20.92598157;-0.1411097646;-0.02641990222;-0.1684459597;5
20.92009022;-2.665604353;0.7369893789;10.31306553;20.92808334;-0.1447749585;-0.03985892609;-0.169667691;5
20.92219199;-2.632104874;0.7369893789;10.31306553;20.93018512;-0.1447749585;-0.04718930274;-0.1721111536;5
20.92429376;-2.593819857;0.7274180651;10.31785107;20.93228683;-0.1435532272;-0.05085449293;-0.1733328849;5
20.92639553;-2.560320139;0.7130611539;10.34656525;20.93438861;-0.1374445707;-0.05085449293;-0.1745546162;5
20.9284973;-2.52682066;0.7130611539;10.33699417;20.93649038;-0.1325576603;-0.05085449293;-0.1745546162;5
20.93059907;-2.507678032;0.6987041831;10.36092186;20.93859215;-0.1252272725;-0.04596757516;-0.1721111536;5
20.93270079;-2.483749866;0.7178468108;10.3848505;20.94069392;-0.1178968996;-0.0374154672;-0.1684459597;5
20.93480256;-2.455035925;0.7417750359;10.40399265;20.94279564;-0.1105665267;-0.02764163166;-0.1660024971;5
20.93690433;-2.431107759;0.756131947;10.42313576;20.94489746;-0.0971274972;-0.01298087649;-0.1623373181;5
20.9390061;-2.416750908;0.760917604;10.48056316;20.94699918;-0.0849102065;0.004123337101;-0.1550069451;5
20.94110788;-2.407179594;0.784845829;10.50927734;20.949101;-0.07269290835;0.02244928107;-0.1501200199;5
20.9432096;-2.383251429;0.8183453679;10.49970531;20.95120272;-0.05925388262;0.03833176568;-0.142789647;5
20.94531142;-2.359323025;0.8039883971;10.54277611;20.95330449;-0.04703658819;0.06032289565;-0.1379027218;5
20.94741314;-2.344966173;0.813559711;10.56670475;20.95540626;-0.03237583488;0.07620538026;-0.1305723488;5
20.94951496;-2.306680918;0.813559711;10.59063339;20.95750803;-0.01893680729;0.09453132749;-0.1256854236;5
20.95161668;-2.282752752;0.8039883971;10.56191921;20.9596098;-0.006719512399;0.1091920808;-0.1207985133;5
20.95371845;-2.230110645;0.7944171429;10.56670475;20.96171152;0.004276053514;0.1226311028;-0.1171333194;5
20.95582022;-2.196611166;0.7800601721;10.57627583;20.96381329;0.01893680729;0.1372918636;-0.1146898642;5
20.95792199;-2.134397745;0.7704889178;10.5475626;20.96591506;0.02626718581;0.1482874304;-0.1134681329;5
20.96002376;-2.072184324;0.7417750359;10.52841949;20.96801683;0.03604102135;0.1568395346;-0.1098029464;5
20.96212548;-2.024327993;0.732203722;10.49013424;20.9701186;0.043371398;0.1641699076;-0.1110246703;5
20.96422725;-1.957328916;0.7226324677;10.45184898;20.97222038;0.04825831577;0.1678351015;-0.1098029464;5
20.96632902;-1.919043779;0.70348984;10.43270683;20.97432215;0.05314523727;0.1702785641;-0.1110246703;5
20.96843079;-1.909472466;0.6939185858;10.39442158;20.97642387;0.05681042373;0.1690568328;-0.1122464016;5
20.97053256;-1.880758643;0.6939185858;10.33699417;20.97852564;0.05681042373;0.1666133702;-0.1134681329;5
20.97263433;-1.861616015;0.6843472719;10.28913784;20.98062741;0.05436696485;0.1605047137;-0.1134681329;5
20.9747361;-1.852044702;0.6891329288;10.23170948;20.98272918;0.05436696485;0.1556178033;-0.1159115955;5
20.97683782;-1.832902193;0.6843472719;10.14556789;20.98483095;0.05070177838;0.1458439678;-0.1171333194;5
20.9789396;-1.799402595;0.679561615;10.09292603;20.98693272;0.04825831577;0.1372918636;-0.1159115955;5
20.98104137;-1.785045743;0.6843472719;10.04985523;20.98903444;0.04459312931;0.1250745654;-0.1134681329;5
20.98314314;-1.789831281;0.6939185858;10.01635551;20.99113621;0.03970621154;0.111635536;-0.1134681329;5
20.98524491;-1.799402595;0.732203722;9.978070259;20.99323798;0.03237583488;0.09697478265;-0.1098029464;5
20.98734668;-1.856830359;0.7369893789;9.968499184;20.99533975;0.02626718581;0.07987056673;-0.1085812151;5
20.9894484;-1.895115495;0.7417750359;9.915857315;20.99744152;0.02138026804;0.06643154472;-0.1049160287;5
20.99155017;-1.923829436;0.7800601721;9.87757206;20.99954329;0.01404988952;0.05177079141;-0.0988073796;5
20.99365194;-1.928615093;0.7896314859;9.829715729;21.00164506;0.01038470119;0.04077522457;-0.09636391699;5
20.99575371;-1.914258122;0.813559711;9.815358162;21.00374683;0.007941242307;0.03222311661;-0.09025526792;5
20.99785548;-1.890329838;0.837487936;9.805787086;21.0058486;0.003054323839;0.02489273995;-0.08536835015;5
20.99995725;-1.866401672;0.8470591903;9.810572624;21.00795032;0.0006108647794;0.01878409274;-0.07925970852;5
21.00205902;-1.842473388;0.8470591903;9.801001549;21.0100521;-0.001832594397;0.0126754446;-0.07315105945;5
21.00416079;-1.837687731;0.8757730722;9.786644936;21.01215387;-0.0006108647794;0.009010255337;-0.06826414168;5
21.00626256;-1.808973908;0.8853443861;9.772287369;21.01425564;-0.003054323839;0.006566796452;-0.0609337613;5
21.00836428;-1.794616938;0.9044869542;9.786644936;21.01635741;-0.0006108647794;0.006566796452;-0.05482511222;5
21.01046605;-1.756331801;0.9092726111;9.74835968;21.01845918;-0.001832594397;0.004123337101;-0.04871646687;5
21.01256782;-1.732403636;0.9092726111;9.738788605;21.0205609;-0.003054323839;0.007788525894;-0.04138609022;5
21.0146696;-1.689332843;0.9188438654;9.724431038;21.02266267;-0.0006108647794;0.01145371422;-0.03649916872;5
21.01677137;-1.665404558;0.9236295223;9.710074425;21.02476444;-0.0006108647794;0.02000582218;-0.03161225095;5
21.01887314;-1.612762451;0.9092726111;9.686145782;21.02686621;0.001832594397;0.02733619884;-0.02672533318;5
21.02097486;-1.584048629;0.8805587292;9.652647018;21.02896798;0.001832594397;0.03711003438;-0.01939495653;5
21.02307663;-1.555334687;0.8709874153;9.681360245;21.03106975;0.004276053514;0.04932733253;-0.0157297682;5
21.0251784;-1.526620865;0.866201818;9.667003632;21.03317152;0.006719512399;0.05543597788;-0.0108428495;5
21.02728017;-1.493121386;0.8614161611;9.647860527;21.03527329;0.007941242307;0.06398808211;-0.005955931731;5
21.02938194;-1.459621787;0.866201818;9.671789169;21.03737501;0.01160643063;0.07009673119;0.0001527161949;5
21.03148371;-1.421336651;0.866201818;9.662218094;21.03947678;0.01160643063;0.07864884287;0.006261364091;5
21.03358548;-1.387837172;0.8566305041;9.681360245;21.04157855;0.01404988952;0.08353576064;0.009926552884;5
21.03568725;-1.363908887;0.8709874153;9.69093132;21.04368032;0.01771507785;0.08964440972;0.01237001177;5
21.03778897;-1.335195065;0.866201818;9.705288887;21.0457821;0.02015853859;0.09453132749;0.01603520103;5
21.03989074;-1.301695466;0.8614161611;9.7196455;21.04788381;0.02015853859;0.09819651395;0.0209221188;5
21.04199251;-1.268195987;0.8757730722;9.69093132;21.04998558;0.02382372692;0.09697478265;0.02336557768;5
21.04409428;-1.244267821;0.8853443861;9.705288887;21.05208741;0.02382372692;0.1006399691;0.02580903657;5
21.04619605;-1.21555388;0.8709874153;9.714859962;21.05418913;0.02138026804;0.09941824526;0.02825249545;5
21.04829777;-1.16769743;0.866201818;9.695717812;21.0562909;0.02015853859;0.09697478265;0.03069595434;5
21.05039954;-1.13419795;0.837487936;9.705288887;21.05839267;0.01893680729;0.09453132749;0.03191768378;5
21.05250137;-1.115055323;0.8279166222;9.676574707;21.06049444;0.0164933484;0.09086613357;0.03436114267;5
21.05460308;-1.076770186;0.8327022791;9.657432556;21.06259616;0.01160643063;0.08353576064;0.03680460155;5
21.05670486;-1.062413216;0.8183453679;9.619147301;21.06469798;0.00916297175;0.07742711157;0.03924806044;5
21.05880663;-1.043270707;0.8327022791;9.57129097;21.06679975;0.004276053514;0.07131846249;0.04291325063;5
21.0609084;-1.028913736;0.8422735929;9.528220177;21.06890147;-0.0006108647794;0.06154462695;0.0478001684;5
21.06301012;-1.033699393;0.8614161611;9.509077072;21.07100329;-0.006719512399;0.05177079141;0.05024362728;5
21.06511194;-1.03848505;0.8709874153;9.470791817;21.07310501;-0.0164933484;0.03955349326;0.05879573524;5
21.06721371;-1.067198873;0.890130043;9.470791817;21.07520678;-0.02260199748;0.02855792828;0.06490438432;5
21.06931543;-1.095912814;0.9044869542;9.475577354;21.07730855;-0.03115410358;0.01511890348;0.07223475724;5
21.07141725;-1.129412293;0.9092726111;9.446864128;21.07941032;-0.03726275265;0.0004581485991;0.07712167501;5
21.07351897;-1.148554921;0.9188438654;9.44207859;21.08151204;-0.04703658819;-0.01298087649;0.08323032409;5
21.07562074;-1.115055323;0.9092726111;9.451649666;21.08361381;-0.05558869615;-0.02519817278;0.09056070447;5
21.07772251;-1.095912814;0.8853443861;9.461220741;21.08571558;-0.05803215504;-0.03619373962;0.0978910774;5
21.07982428;-1.076770186;0.8853443861;9.485149384;21.08781736;-0.06291907281;-0.04718930274;0.1039997265;5
21.081926;-1.028913736;0.8805587292;9.499505997;21.08991913;-0.06780599058;-0.0557414107;0.113773562;5
21.08402777;-1.009771109;0.8805587292;9.518648148;21.09202084;-0.07024945319;-0.06429351866;0.1211039424;5
21.08612954;-1.004985452;0.8709874153;9.547362328;21.09412262;-0.07513637096;-0.07040216774;0.127212584;5
21.08823131;-0.9714859724;0.866201818;9.561718941;21.09622439;-0.07635809481;-0.07162389904;0.1357647032;5
21.09033308;-0.9523434043;0.8518448472;9.585647583;21.09832616;-0.07880155742;-0.07528908551;0.1406516135;5
21.0924348;-0.8997012973;0.8422735929;9.623932838;21.10042793;-0.07880155742;-0.07528908551;0.14676027;5
21.09453657;-0.866201818;0.8279166222;9.623932838;21.1025297;-0.08124501258;-0.07528908551;0.150425449;5
21.09663835;-0.8231309652;0.8087740541;9.633503914;21.10463147;-0.07757982612;-0.0728456229;0.1528689116;5
21.09874012;-0.756131947;0.8087740541;9.662218094;21.10673324;-0.07757982612;-0.06795870513;0.1565341055;5
21.10084189;-0.679561615;0.784845829;9.667003632;21.10883501;-0.07635809481;-0.06307178736;0.1589775532;5
21.10294366;-0.626919508;0.760917604;9.638289452;21.11093678;-0.07269290835;-0.05696314201;0.1601992846;5
21.10504543;-0.5694918036;0.7513462901;9.69093132;21.1130385;-0.06902772188;-0.04841103405;0.1626427472;5
21.1071472;-0.5168496966;0.7178468108;9.695717812;21.11514027;-0.06291907281;-0.03985892609;0.1638644785;5
21.10924897;-0.4594219327;0.7226324677;9.714859962;21.11724204;-0.05803215504;-0.02764163166;0.1638644785;5
21.11135074;-0.4019941986;0.70348984;9.74835968;21.11934381;-0.05192350596;-0.01786779426;0.1638644785;5
21.11345246;-0.3637090325;0.6891329288;9.791430473;21.12144558;-0.04948004708;-0.009315688163;0.1638644785;5
21.11555423;-0.3206382394;0.6604190469;9.8201437;21.12354736;-0.04214967042;-0.0007635809598;0.1614210159;5
21.117656;-0.2775674164;0.626919508;9.844072342;21.12564913;-0.03359756246;0.007788525894;0.1589775532;5
21.11975777;-0.2488535494;0.6029912829;9.87757206;21.12775084;-0.02626718581;0.01634063199;0.1565341055;5
21.12185954;-0.2249253243;0.5790630579;9.920642853;21.12985267;-0.02260199748;0.02244928107;0.1528689116;5
21.12396131;-0.1962114573;0.5455635786;9.934999466;21.13195439;-0.01527161989;0.02733619884;0.14676027;5
21.12606308;-0.1818545163;0.5024927258;9.963713646;21.13405616;-0.006719512399;0.03100138716;0.1443168074;5
21.1281648;-0.2009970993;0.4785645306;9.992427826;21.13615793;-0.0006108647794;0.03222311661;0.1382081509;5
21.13026663;-0.2297109663;0.4546363056;9.992427826;21.1382597;0.005497782957;0.03222311661;0.1320995092;5
21.13236834;-0.2392822653;0.4450650215;10.02114105;21.14036147;0.01038470119;0.02977965772;0.127212584;5
21.13447012;-0.2297109663;0.4498506486;9.997213364;21.14246319;0.01527161989;0.02367101051;0.1223256737;5
21.13657189;-0.2249253243;0.4450650215;10.0019989;21.14456496;0.02260199748;0.01878409274;0.1174387559;5
21.13867366;-0.2440679073;0.4450650215;10.03071213;21.14666673;0.02504545636;0.01511890348;0.1162170246;5
21.14077543;-0.2488535494;0.4642075896;10.01635551;21.1487685;0.02748891525;0.005345067009;0.113773562;5
21.14287715;-0.2871387303;0.4737788737;9.978070259;21.15087027;0.02626718581;-0.001985310577;0.1113301069;5
21.14497892;-0.3302095234;0.4833501875;9.973284721;21.15297204;0.02748891525;-0.009315688163;0.1101083755;5
21.14708069;-0.3732803464;0.4785645306;9.944570541;21.15507381;0.02626718581;-0.0190895237;0.1076649204;5
21.14918246;-0.4354937077;0.4929214716;9.911071777;21.15717558;0.02382372692;-0.02886336111;0.1039997265;5
21.15128423;-0.4642075896;0.4977070987;9.868000984;21.15927736;0.02138026804;-0.03619373962;0.1015562713;5
21.153386;-0.4977070987;0.5072783828;9.829715729;21.16137907;0.01771507785;-0.04596757516;0.0991128087;5
21.15548777;-0.5264210105;0.5120640397;9.824930191;21.16348085;0.01404988952;-0.05451968312;0.09300415963;5
21.15758954;-0.5312066078;0.5120640397;9.791430473;21.16558262;0.01160643063;-0.06185005978;0.08811724186;5
21.15969131;-0.5599204898;0.5312066078;9.786644936;21.16768439;0.00916297175;-0.07162389904;0.08323032409;5
21.16179303;-0.5503492355;0.5312066078;9.791430473;21.16978616;0.01038470119;-0.08261945844;0.07834340632;5
21.1638948;-0.5647061467;0.5359922647;9.815358162;21.17188793;0.007941242307;-0.09239330143;0.07345648855;5
21.16599657;-0.5886343718;0.5407779217;9.839286804;21.17398965;0.006719512399;-0.09972367436;0.06979130208;5
21.16809834;-0.6125625968;0.5503492355;9.858428955;21.17609142;0.007941242307;-0.1058323234;0.06612611562;5
21.17020012;-0.6556333899;0.5455635786;9.882357597;21.17819319;0.00916297175;-0.1143844277;0.06368265301;5
21.17230189;-0.7226324677;0.5647061467;9.901499748;21.18029496;0.00916297175;-0.1192713454;0.06123919412;5
21.17440361;-0.784845829;0.5694918036;9.891928673;21.18239673;0.00916297175;-0.121714808;0.06123919412;5
21.17650538;-0.8518448472;0.5934200287;9.891928673;21.1844985;0.01160643063;-0.1253799945;0.06246092543;5
21.17860715;-0.9188438654;0.5934200287;9.901499748;21.18660027;0.01038470119;-0.1266017258;0.06368265301;5
21.18070892;-1.000199914;0.6077769399;9.891928673;21.18870204;0.01038470119;-0.1253799945;0.06612611562;5
21.18281069;-1.071984529;0.6221339107;9.901499748;21.19080376;0.00916297175;-0.1290451884;0.06734783947;5
21.18491246;-1.148554921;0.6556333899;9.901499748;21.19290553;0.00916297175;-0.1278234571;0.06856957078;5
21.18701423;-1.220339537;0.6699903607;9.896714211;21.1950073;0.01038470119;-0.1327103674;0.06979130208;5
21.189116;-1.277767301;0.6987041831;9.925428391;21.19710907;0.01038470119;-0.1327103674;0.07223475724;5
21.19121772;-1.320838094;0.70348984;9.949356079;21.19921079;0.01038470119;-0.1375972927;0.07589995116;5
21.19331949;-1.35912323;0.7274180651;9.930213928;21.20131262;0.01038470119;-0.1412624866;0.07956513762;5
21.19542126;-1.416550994;0.7417750359;9.934999466;21.20341439;0.00916297175;-0.142484203;0.08445205539;5
21.19752303;-1.445264935;0.7704889178;9.925428391;21.2055161;0.00916297175;-0.1449276656;0.08933897316;5
21.19962475;-1.493121386;0.8231309652;9.925428391;21.20761788;0.00916297175;-0.1449276656;0.09544762224;5
21.20172657;-1.540977836;0.8566305041;9.939785004;21.20971965;0.005497782957;-0.1461493969;0.1015562713;5
21.20382834;-1.627119422;0.8949156404;9.944570541;21.21182142;0.005497782957;-0.142484203;0.1076649204;5
21.20593006;-1.727617979;0.9379864931;9.958928108;21.21392319;0.001832594397;-0.1449276656;0.1162170246;5
21.20803183;-1.799402595;0.9762716293;9.958928108;21.21602496;-0.0006108647794;-0.142484203;0.1247691289;5
21.21013361;-1.856830359;0.9954141974;9.939785004;21.21812673;-0.001832594397;-0.1375972927;0.1333212405;5
21.21223538;-1.909472466;1.028913736;9.963713646;21.22022845;-0.001832594397;-0.138819024;0.1430950761;5
21.21433715;-1.976471543;1.071984529;9.997213364;21.22233022;-0.005497782957;-0.1400407553;0.1516471803;5
21.21643892;-2.038684845;1.0863415;10.05464077;21.22443199;-0.006719512399;-0.1400407553;0.1601992846;5
21.21854069;-2.129612207;1.124626637;10.11685371;21.22653376;-0.007941242307;-0.1461493969;0.1699731201;5
21.22064241;-2.234896421;1.105484009;10.16949654;21.22863553;-0.00916297175;-0.1571449637;0.1821904182;5
21.22274418;-2.344966173;1.115055323;10.24606609;21.23073725;-0.007941242307;-0.1693622619;0.1931859851;5
21.22484595;-2.450250387;1.115055323;10.31306553;21.23283902;-0.01160643063;-0.1876882017;0.2066250145;5
21.22694772;-2.555534601;1.11984098;10.39442158;21.23494079;-0.01038470119;-0.2084576041;0.2212857604;5
21.22904949;-2.689532757;1.162911773;10.45184898;21.23704256;-0.00916297175;-0.2280052751;0.2347247899;5
21.23115121;-2.799602509;1.210768223;10.53320503;21.23914433;-0.00916297175;-0.2548833191;0.2506072819;5
21.23325298;-2.900100946;1.249053478;10.57149029;21.24124611;-0.00916297175;-0.2793179154;0.2640463114;5
21.23535475;-2.981456995;1.268195987;10.60020447;21.24334788;-0.007941242307;-0.3037525117;0.2774853408;5
21.23745652;-3.048455954;1.282552958;10.66241741;21.2454496;-0.007941242307;-0.3257436454;0.2909243405;5
21.23955829;-3.096312523;1.306481123;10.65763187;21.24755142;-0.007941242307;-0.3501782417;0.3031416535;5
21.24166006;-3.125026464;1.316052437;10.69113159;21.24965314;-0.00916297175;-0.3733910918;0.316580683;5
21.24376183;-3.14895463;1.306481123;10.7054882;21.25175491;-0.00916297175;-0.3941605091;0.3275762498;5
21.24586355;-3.144168854;1.301695466;10.69591713;21.25385668;-0.00916297175;-0.412486434;0.3385718167;5
21.24796538;-3.172882795;1.316052437;10.68156052;21.25595845;-0.01160643063;-0.428368926;0.3483456373;5
21.2500671;-3.187239647;1.296909928;10.69113159;21.25806022;-0.01282816008;-0.4454731345;0.3568977416;5
21.25216887;-3.196810961;1.268195987;10.66720295;21.26016199;-0.01404988952;-0.4613556266;0.366671592;5
21.25427064;-3.211168051;1.244267821;10.66241741;21.26226371;-0.01282816008;-0.4760163724;0.37400195;5
21.25637241;-3.192025423;1.21555388;10.63370419;21.26436548;-0.01160643063;-0.4918988645;0.3825540543;5
21.25847418;-3.187239647;1.21555388;10.61934662;21.26646725;-0.01160643063;-0.5041161776;0.3886627257;5
21.26057595;-3.153740168;1.186840057;10.60977554;21.26856902;-0.01038470119;-0.5114465356;0.3947713673;5
21.26267767;-3.125026464;1.162911773;10.5858469;21.27067079;-0.005497782957;-0.5187768936;0.3972148299;5
21.26477944;-3.081955671;1.129412293;10.59541893;21.27277256;-0.0006108647794;-0.5248855352;0.4008800089;5
21.26688121;-3.010170937;1.105484009;10.59541893;21.27487433;0.003054323839;-0.5273290277;0.4033234715;5
21.26898298;-2.95752883;1.067198873;10.55234814;21.27697611;0.00916297175;-0.5224421024;0.4057669342;5
21.27108475;-2.904886723;1.03848505;10.53799057;21.27907782;0.0164933484;-0.512668252;0.4033234715;5
21.27318652;-2.818745136;0.9906286001;10.54277611;21.2811796;0.02504545636;-0.4967857897;0.3996582925;5
21.27528829;-2.746960402;0.9619147182;10.51884842;21.28328137;0.03604102135;-0.4772381186;0.3959930837;5
21.27739006;-2.646461725;0.9140582681;10.49491978;21.28538314;0.04581485689;-0.4528035223;0.3911061883;5
21.27949178;-2.531606436;0.866201818;10.47577763;21.28748491;0.05436696485;-0.424703747;0.3825540543;5
21.28159355;-2.431107759;0.8039883971;10.46142101;21.28958663;0.06658425927;-0.3953822255;0.3752236962;5
21.28369532;-2.349751949;0.7800601721;10.45184898;21.2916884;0.08124501258;-0.3599520624;0.366671592;5
21.2857971;-2.282752752;0.7369893789;10.44706345;21.29379022;0.09590577334;-0.3233001828;0.3544542789;5
21.28789887;-2.196611166;0.6747759581;10.44706345;21.29589194;0.1130099818;-0.2829830945;0.3410152495;5
21.29000058;-2.139183521;0.6221339107;10.45184898;21.29799371;0.131335929;-0.2402225733;0.3275762498;5
21.29210236;-2.048256159;0.5455635786;10.49013424;21.30009548;0.1496618688;-0.1962403059;0.3141372204;5
21.29420418;-2.000399828;0.4929214716;10.50449181;21.30219725;0.1716530025;-0.1547015011;0.3006981909;5
21.2963059;-1.952543259;0.4689932466;10.52841949;21.30429902;0.1948658675;-0.1143844277;0.2897026241;5
21.29840767;-1.928615093;0.4498506486;10.5858469;21.30640074;0.2193004489;-0.0728456229;0.2799287736;5
21.30050944;-1.938186288;0.4642075896;10.60977554;21.30850256;0.2449567765;-0.03619373962;0.2713766694;5
21.30261121;-1.971685886;0.4689932466;10.62891865;21.31060428;0.2706131041;-0.0007635809598;0.2616028488;5
21.30471298;-1.990828395;0.4642075896;10.63848972;21.31270605;0.2974911332;0.03100138716;0.2542724609;5
21.3068147;-2.005185366;0.4737788737;10.66720295;21.31480782;0.3207040131;0.06276635826;0.2506072819;5
21.30891652;-2.053041935;0.4785645306;10.65763187;21.3169096;0.3439168632;0.08842267841;0.246942088;5
21.31101824;-2.115255117;0.4929214716;10.63370419;21.31901137;0.3671297431;0.1104138121;0.2420551628;5
21.31312001;-2.182254314;0.5168496966;10.60020447;21.32111314;0.3842339516;0.1287397593;0.2396117151;5
21.31522178;-2.225325108;0.5551348329;10.52841949;21.32321491;0.397672981;0.1446222365;0.2371682525;5
21.31732355;-2.263610125;0.5934200287;10.4853487;21.32531663;0.4098902643;0.154396072;0.2371682525;5
21.31942532;-2.306680918;0.6412764788;10.37049294;21.3274184;0.4159989059;0.1629481763;0.2347247899;5
21.3215271;-2.368894339;0.6652047038;10.2652092;21.32952017;0.4172206521;0.1690568328;0.2310595959;5
21.32362887;-2.402393818;0.6891329288;10.12642574;21.33162194;0.4172206521;0.1702785641;0.2310595959;5
21.32573058;-2.426322222;0.732203722;9.963713646;21.33372371;0.4135554433;0.1666133702;0.2273944169;5
21.32783236;-2.450250387;0.7513462901;9.801001549;21.33582543;0.4037816226;0.1629481763;0.2225074917;5
21.32993413;-2.421536446;0.7752745152;9.647860527;21.33792725;0.3940077722;0.1580612659;0.2188423127;5
21.3320359;-2.392822742;0.7944171429;9.494720459;21.34002897;0.381790489;0.1580612659;0.2115119249;5
21.33413767;-2.354537487;0.837487936;9.322437286;21.34213074;0.3634645343;0.1531743407;0.2066250145;5
21.33623939;-2.325823545;0.8470591903;9.154939651;21.34423251;0.3439168632;0.1507308781;0.2029598206;5
21.33834121;-2.287538528;0.8805587292;9.00179863;21.34633428;0.3194822669;0.1458439678;0.200516358;5
21.34044293;-2.306680918;0.9044869542;8.834300995;21.34843605;0.2974911332;0.1385135949;0.1992946416;5
21.3425447;-2.335394859;0.9379864931;8.72423172;21.35053782;0.2742782831;0.134848401;0.2017380893;5
21.34464647;-2.359323025;0.9810572863;8.638090134;21.3526396;0.2486219704;0.131183207;0.2029598206;5
21.34674824;-2.39760828;1.033699393;8.528019905;21.35474137;0.227852568;0.1299614757;0.2029598206;5
21.34885001;-2.411965132;1.067198873;8.480163574;21.35684308;0.2058614343;0.1238528341;0.2017380893;5
21.35095178;-2.416750908;1.076770186;8.451449394;21.35894486;0.1863137633;0.1165224537;0.2017380893;5
21.35305355;-2.426322222;1.071984529;8.470592499;21.36104663;0.1716530025;0.1128572673;0.1980729103;5
21.35515532;-2.383251429;1.033699393;8.628518105;21.3631484;0.158213973;0.1165224537;0.196851179;5
21.35725704;-2.344966173;1.024128079;8.738588333;21.36525012;0.1447749585;0.1153007299;0.1980729103;5
21.35935881;-2.321038008;1.048056364;8.767302513;21.36735189;0.1325576603;0.1153007299;0.1980729103;5
21.36146058;-2.325823545;1.062413216;8.834300995;21.36945366;0.1240055487;0.1128572673;0.200516358;5
21.36356236;-2.344966173;1.067198873;8.915657043;21.37155543;0.1154534444;0.1165224537;0.2017380893;5
21.36566407;-2.373680115;1.076770186;8.987442017;21.3736572;0.111788258;0.1189659163;0.2029598206;5
21.36776584;-2.383251429;1.009771109;9.078369141;21.37575897;0.1069013327;0.1226311028;0.200516358;5
21.36986762;-2.373680115;0.9667003751;9.159725189;21.37786074;0.1044578776;0.1287397593;0.1980729103;5
21.37196939;-2.335394859;0.9044869542;9.245866776;21.37996251;0.1069013327;0.1324049383;0.1919642538;5
21.37407116;-2.30189538;0.813559711;9.341579437;21.38206423;0.1069013327;0.1372918636;0.1882990748;5
21.37617293;-2.249253273;0.7513462901;9.432506561;21.38416605;0.111788258;0.1458439678;0.1834121495;5
21.3782747;-2.210968018;0.6987041831;9.51386261;21.38626777;0.1154534444;0.154396072;0.1773035079;5
21.38037647;-2.177468538;0.6364908218;9.552147865;21.38836954;0.1203403622;0.1641699076;0.1711948514;5
21.38247819;-2.158325911;0.5838487148;9.561718941;21.39047131;0.1227838174;0.181274116;0.1638644785;5
21.38458001;-2.139183521;0.5216353536;9.533005714;21.39257308;0.1288924664;0.1947131455;0.1553123742;5
21.38668173;-2.143969059;0.4881358147;9.537791252;21.39467486;0.1362228394;0.2118173689;0.14676027;5
21.3887835;-2.139183521;0.4594219327;9.547362328;21.39677657;0.1472184062;0.2325867712;0.1394298822;5
21.39088527;-2.129612207;0.4307080805;9.600004196;21.39887834;0.1606574357;0.258243084;0.1369864196;5
21.39298704;-2.086541414;0.4498506486;9.714859962;21.40098012;0.1667660922;0.2838993967;0.1357647032;5
21.39508881;-2.096112728;0.4977070987;9.753145218;21.40308189;0.181426838;0.3095557392;0.1369864196;5
21.39719053;-2.129612207;0.5647061467;9.743574142;21.40518366;0.1912006736;0.3315468729;0.1443168074;5
21.3992923;-2.230110645;0.650847733;9.753145218;21.40728543;0.2009745091;0.3535379767;0.1528689116;5
21.40139407;-2.349751949;0.70348984;9.738788605;21.4093872;0.208304897;0.3718639314;0.1589775532;5
21.40349585;-2.445464849;0.7274180651;9.738788605;21.41148897;0.2131918073;0.3901898861;0.1650862098;5
21.40559762;-2.507678032;0.7369893789;9.705288887;21.41359069;0.2241873741;0.404850632;0.173638314;5
21.40769939;-2.531606436;0.7226324677;9.657432556;21.41569246;0.2254091054;0.4121810198;0.1809686869;5
21.40980116;-2.536391973;0.7178468108;9.585647583;21.41779423;0.2266308367;0.4097375572;0.1882990748;5
21.41190293;-2.536391973;0.6843472719;9.485149384;21.419896;0.2254091054;0.4121810198;0.1956294477;5
21.41400465;-2.483749866;0.6412764788;9.418149948;21.42199777;0.2205221802;0.4219548404;0.200516358;5
21.41610642;-2.421536446;0.5790630579;9.351150513;21.42409949;0.2156352699;0.4317286909;0.2054032832;5
21.41820819;-2.388036966;0.5694918036;9.255437851;21.42620126;0.208304897;0.4415025115;0.2139553875;5
21.42030996;-2.359323025;0.6221339107;9.116654396;21.42830303;0.1960875988;0.4512763619;0.2225074917;5
21.42241173;-2.392822742;0.6891329288;9.054440498;21.4304048;0.1826485693;0.4622719288;0.2359465212;5
21.42451345;-2.450250387;0.7800601721;8.963513374;21.43250657;0.1679878086;0.4696022868;0.2506072819;5
21.42661522;-2.531606436;0.8805587292;8.87258625;21.43460834;0.154548794;0.470824033;0.2689332068;5
21.42871699;-2.632104874;0.9284151793;8.819944382;21.43671012;0.1411097646;0.4622719288;0.2860374451;5
21.43081876;-2.737389088;0.94277215;8.729017258;21.43881189;0.1264490038;0.4463894367;0.2994764447;5
21.43292053;-2.82831645;0.9379864931;8.772088051;21.44091366;0.1166751757;0.4317286909;0.3129154742;5
21.4350223;-2.880958557;0.9523434043;8.848658562;21.44301538;0.108123064;0.4182896614;0.3263545036;5
21.43712407;-2.842673302;0.9188438654;9.006584167;21.44511715;0.0971274972;0.3962985277;0.3397935331;5
21.43922585;-2.766103029;0.8949156404;9.020941734;21.44721892;0.08613193035;0.374307394;0.3544542789;5
21.44132762;-2.746960402;0.9140582681;8.977870941;21.44932069;0.07391463965;0.3498727977;0.370336771;5
21.44342933;-2.73260355;0.9379864931;8.939585686;21.45142246;0.06291907281;0.3327685893;0.3849975169;5
21.4455311;-2.742174864;0.94277215;8.896514893;21.45352423;0.04825831577;0.3193295598;0.4021017551;5
21.44763288;-2.742174864;0.9284151793;8.84387207;21.455626;0.03481929377;0.3156643808;0.413097322;5
21.44973465;-2.742174864;0.9236295223;8.829515457;21.45772772;0.02382372692;0.311999172;0.4253146052;5
21.45183642;-2.689532757;0.9762716293;8.819944382;21.45982949;0.01160643063;0.3046688139;0.4363101721;5
21.45393819;-2.569891453;1.009771109;8.805587769;21.46193126;0.003054323839;0.2924515009;0.4460839927;5
21.45603996;-2.469393015;1.043270707;8.805587769;21.46403303;-0.004276053514;0.2838993967;0.4558578432;5
21.45814168;-2.392822742;1.004985452;8.858229637;21.4661348;-0.01038470119;0.2826776803;0.4656316638;5
21.46024345;-2.292324066;0.9236295223;8.977870941;21.46823657;-0.01771507785;0.2887863219;0.470518589;5
21.46234522;-2.225325108;0.8805587292;8.987442017;21.47033835;-0.02015853859;0.2985601723;0.4754055142;5
21.46444699;-2.139183521;0.8327022791;8.953942299;21.47244006;-0.02260199748;0.3132209182;0.4827359021;5
21.46654876;-2.057827473;0.7896314859;8.958727837;21.47454183;-0.02260199748;0.3291034102;0.4888445437;5
21.46865053;-1.947757602;0.7704889178;9.011369705;21.4766436;-0.01893680729;0.3474293351;0.4937314689;5
21.4707523;-1.847259045;0.7226324677;9.078369141;21.47874538;-0.01527161989;0.3645335436;0.4986183643;5
21.47285402;-1.708475351;0.6843472719;9.198010445;21.48084715;-0.007941242307;0.3767508566;0.5010618567;5
21.47495579;-1.584048629;0.6221339107;9.269794464;21.48294887;0.003054323839;0.3865246773;0.5010618567;5
21.47705756;-1.473978758;0.5551348329;9.332008362;21.48505069;0.01404988952;0.3999637067;0.4998401105;5
21.47915933;-1.368694544;0.4211367965;9.446864128;21.48715241;0.02504545636;0.4134027362;0.4949531853;5
21.4812611;-1.258624673;0.3110669553;9.561718941;21.48925418;0.03726275265;0.424398303;0.4912880063;5
21.48336282;-1.138983607;0.2249253243;9.614361763;21.49135595;0.05070177838;0.4353938699;0.4839576185;5
21.48546465;-1.03848505;0.2057827413;9.686145782;21.49345772;0.06414080411;0.4476111531;0.4778489769;5
21.48756637;-0.9379864931;0.2297109663;9.767501831;21.49555949;0.07635809481;0.4561632872;0.4741837978;5
21.48966814;-0.8757730722;0.2679961324;9.8201437;21.49766121;0.09101885557;0.4598284662;0.4741837978;5
21.49176991;-0.8566305041;0.3014956415;9.887143135;21.49976298;0.102014415;0.4573850036;0.4729620516;5
21.49387168;-0.8566305041;0.3589234054;9.915857315;21.50186475;0.1154534444;0.454941541;0.4754055142;5
21.49597345;-0.8997012973;0.3828516304;9.939785004;21.50396652;0.1264490038;0.4524980783;0.4729620516;5
21.49807517;-0.9332008362;0.3493520916;9.958928108;21.50606829;0.138666302;0.4561632872;0.4729620516;5
21.50017694;-0.9332008362;0.3158525825;9.992427826;21.50817006;0.1472184062;0.4598284662;0.4741837978;5
21.50227871;-0.9044869542;0.2919243574;9.968499184;21.51027183;0.158213973;0.4610501826;0.4766272306;5
21.50438048;-0.8709874153;0.3302095234;9.868000984;21.5123736;0.1655443609;0.4598284662;0.4778489769;5
21.50648225;-0.8614161611;0.3302095234;9.8201437;21.51447532;0.1655443609;0.4610501826;0.4815141559;5
21.50858402;-0.8422735929;0.3541377485;9.767501831;21.5165771;0.1692095399;0.4598284662;0.4839576185;5
21.51068579;-0.8327022791;0.4115654826;9.700503349;21.51867887;0.1704312712;0.4598284662;0.4888445437;5
21.51278756;-0.8039883971;0.4594219327;9.667003632;21.52078064;0.1692095399;0.4561632872;0.4949531853;5
21.51488928;-0.7896314859;0.5312066078;9.576076508;21.52288241;0.1643226296;0.4573850036;0.5022835732;5
21.51699105;-0.7704889178;0.5982056856;9.470791817;21.52498418;0.158213973;0.4561632872;0.5120574236;5
21.51909282;-0.8039883971;0.6699903607;9.36550808;21.52708595;0.1496618688;0.4524980783;0.5218312144;5
21.5211946;-0.8614161611;0.70348984;9.265008926;21.52918767;0.1374445707;0.4451677203;0.5316050649;5
21.52329637;-0.9140582681;0.7465606928;9.183652878;21.53128944;0.1240055487;0.4427242577;0.5426006317;5
