Tempo acelerômetro (s);Acelerômetro X (m/s²);Acelerômetro Y (m/s²);Acelerômetro Z (m/s²);Tempo giroscópio (s);Giroscópio X (rad/s);Giroscópio Y (rad/s);Giroscópio Z (rad/s);gesto
47.35154369;-1.196411371;-0.0239282269;10.82512951;47.3595363;-0.0418442376;-0.02458730713;-0.03985892609;14
47.3536453;-1.1820544;-0.03349951655;10.83948612;47.36163796;-0.03940077871;-0.03191768378;-0.04352411628;14
47.35574697;-1.13419795;-0.06221338734;10.82512951;47.36373963;-0.03940077871;-0.03802633286;-0.04596757516;14
47.35784864;-1.105484009;-0.06221338734;10.8107729;47.3658413;-0.03451386094;-0.04291325063;-0.05207622424;14
47.35995025;-1.095912814;-0.06699903309;10.78684425;47.36794296;-0.03207040206;-0.04535670951;-0.05818486959;14
47.36205192;-1.043270707;-0.06699903309;10.75813103;47.37004458;-0.03084867075;-0.04413498193;-0.06429351866;14
47.36415359;-1.000199914;-0.06221338734;10.73420238;47.37214624;-0.02840521187;-0.04413498193;-0.06918043643;14
47.36625525;-0.9667003751;-0.04785645381;10.69113159;47.37424786;-0.02474002354;-0.04169152305;-0.0740673542;14
47.36835692;-0.9188438654;-0.04785645381;10.64327526;47.37634958;-0.02107483521;-0.03680460155;-0.08017600328;14
47.37045853;-0.890130043;-0.0382851623;10.61934662;47.37845119;-0.02107483521;-0.03191768378;-0.08384118974;14
47.3725602;-0.8997012973;-0.0239282269;10.60499001;47.38055286;-0.01740964688;-0.02458730713;-0.08628465235;14
47.37466182;-0.890130043;-0.004785645287;10.59063339;47.38265452;-0.01374445762;-0.01359174121;-0.08628465235;14
47.37676353;-0.9092726111;0.0143569354;10.60977554;47.38475614;-0.006414080039;-0.001374445739;-0.08628465235;14
47.37886515;-0.9475577474;0.0382851623;10.62891865;47.38685781;0.0009162971983;0.008399390616;-0.08506292105;14
47.38096682;-1.000199914;0.04785645381;10.65284634;47.38895947;0.01069013402;0.02061668597;-0.08384118974;14
47.38306848;-1.052842021;0.06699903309;10.71506023;47.39106109;0.02046396956;0.03405570984;-0.08261945844;14
47.3851701;-1.100698471;0.09571290761;10.78205872;47.39316275;0.03512472659;0.04505127668;-0.07895427197;14
47.38727176;-1.13419795;0.1004985496;10.8682003;47.39526442;0.0497854799;0.05238165334;-0.07651081681;14
47.38937343;-1.148554921;0.1148554832;10.90170002;47.39736609;0.06078104675;0.05971203372;-0.07528908551;14
47.39147504;-1.16769743;0.1100698411;10.9304142;47.39946775;0.07422006875;0.0621554926;-0.0728456229;14
47.39357671;-1.201196909;0.1244267747;10.98305607;47.40156942;0.0852156356;0.06582067907;-0.07162389904;14
47.39567838;-1.249053478;0.1244267747;10.97348499;47.40367103;0.09376774728;0.06459894776;-0.07040216774;14
47.39778005;-1.272981644;0.1196411327;10.93519974;47.4057727;0.1010981202;0.06459894776;-0.06918043643;14
47.39988171;-1.282552958;0.1196411327;10.87777138;47.40787432;0.1035415828;0.06337722391;-0.06673697382;14
47.40198338;-1.296909928;0.1052841991;10.79162979;47.40997603;0.105985038;0.06704241037;-0.06551524997;14
47.40408499;-1.287338614;0.1100698411;10.66720295;47.41207765;0.1072067693;0.06948586553;-0.06429351866;14
47.40618666;-1.282552958;0.1100698411;10.58106136;47.41417932;0.1035415828;0.07315105945;-0.06062832847;14
47.40828827;-1.325623751;0.1052841991;10.49013424;47.41628098;0.1035415828;0.07925970852;-0.0557414107;14
47.41038999;-1.363908887;0.1531406492;10.39920712;47.4183826;0.09987638891;0.08781181276;-0.04963276163;14
47.41249161;-1.387837172;0.1866401732;10.31306553;47.42048426;0.09743293375;0.09269873053;-0.04352411628;14
47.41459327;-1.445264935;0.2153540403;10.2652092;47.42258593;0.09743293375;0.0988073796;-0.03863719851;14
47.41669494;-1.445264935;0.2584248483;10.20778179;47.4246876;0.09498947114;0.1073594838;-0.03130681813;14
47.41879656;-1.473978758;0.2967100143;10.18385315;47.42678921;0.09621120244;0.1146898642;-0.02275471389;14
47.42089822;-1.478764415;0.3302095234;10.18385315;47.42889088;0.09376774728;0.119576782;-0.01420260593;14
47.42299989;-1.473978758;0.3397808075;10.18863869;47.43099254;0.09376774728;0.1269071549;-0.006872228812;14
47.42510156;-1.464407444;0.3876372576;10.19342422;47.43309416;0.09621120244;0.1366809905;0.0004581485991;14
47.42720317;-1.469193101;0.3684946895;10.20778179;47.43519583;0.09743293375;0.146454826;0.009010255337;14
47.42930484;-1.450050473;0.3684946895;10.19342422;47.43729749;0.09743293375;0.1537852138;0.01634063199;14
47.4314065;-1.421336651;0.3637090325;10.16949654;47.43939911;0.09987638891;0.1635590494;0.02122755162;14
47.43350812;-1.392622828;0.3397808075;10.17428207;47.44150077;0.1035415828;0.169667691;0.02855792828;14
47.43560978;-1.378265858;0.3493520916;10.22692394;47.44360244;0.1072067693;0.1745546162;0.0358883068;14
47.43771145;-1.387837172;0.3397808075;10.24606609;47.44570411;0.1072067693;0.1794415265;0.04077522457;14
47.43981307;-1.421336651;0.3445664644;10.28913784;47.44780577;0.1108719558;0.1818849891;0.04688387364;14
47.44191473;-1.469193101;0.3206382394;10.31785107;47.44990739;0.1120936871;0.1855501831;0.05054906011;14
47.4440164;-1.488335729;0.2919243574;10.29870892;47.45200906;0.1133154184;0.1831067204;0.05665770918;14
47.44611807;-1.512263894;0.2919243574;10.31306553;47.45411067;0.1169806048;0.1806632578;0.06154462695;14
47.44821973;-1.517049551;0.2584248483;10.34177971;47.45621239;0.1206457913;0.1769980639;0.06643154472;14
47.45032135;-1.526620865;0.2775674164;10.36092186;47.45831406;0.1218675226;0.169667691;0.07009673119;14
47.45242301;-1.55054903;0.2727817893;10.3848505;47.46041567;0.1230892539;0.1647807807;0.07498364896;14
47.45452463;-1.574477315;0.2727817893;10.40877819;47.46251734;0.1243109852;0.1574503928;0.07987056673;14
47.45662635;-1.603191137;0.2584248483;10.41356373;47.464619;0.1279761642;0.1537852138;0.08353576064;14
47.45872801;-1.584048629;0.2632105052;10.40877819;47.46672062;0.1291978955;0.1476765573;0.08842267841;14
47.46082963;-1.584048629;0.2823530734;10.39442158;47.46882228;0.1304196268;0.1415679157;0.09208786488;14
47.4629313;-1.584048629;0.2632105052;10.42313576;47.47092395;0.1316413581;0.1305723488;0.09453132749;14
47.46503296;-1.59840548;0.2632105052;10.46620655;47.47302557;0.1340848207;0.119576782;0.1006399691;14
47.46713458;-1.622333765;0.2536391914;10.49970531;47.47512723;0.1353065521;0.1073594838;0.104305163;14
47.46923624;-1.674975872;0.2536391914;10.52363396;47.4772289;0.1353065521;0.09392046183;0.1079703495;14
47.47133791;-1.727617979;0.2392822653;10.51884842;47.47933057;0.1353065521;0.08048143238;0.1104138121;14
47.47343952;-1.770688772;0.2249253243;10.52841949;47.48143218;0.1365282834;0.06582067907;0.1128572673;14
47.47554119;-1.799402595;0.1962114573;10.4853487;47.48353385;0.1377500147;0.05115992576;0.1165224537;14
47.47764286;-1.813759565;0.1962114573;10.47099209;47.48563551;0.1365282834;0.03283398226;0.1201876476;14
47.47974452;-1.828116536;0.1962114573;10.45663452;47.48773718;0.1353065521;0.01695149764;0.1250745654;14
47.48184614;-1.823330879;0.1914258152;10.44227791;47.4898388;0.1340848207;0.001069013379;0.1287397593;14
47.4839478;-1.832902193;0.2153540403;10.42313576;47.49194046;0.1328630894;-0.01359174121;0.1336266696;14
47.48604947;-1.818545222;0.2105683982;10.38963604;47.49404208;0.1267544478;-0.02825249545;0.1397353113;14
47.48815114;-1.813759565;0.2297109663;10.37527943;47.4961438;0.1243109852;-0.03924806044;0.1470656991;14
47.49025275;-1.823330879;0.2584248483;10.31785107;47.49824541;0.1218675226;-0.05390881747;0.154396072;14
47.49235442;-1.847259045;0.2823530734;10.29870892;47.50034708;0.1169806048;-0.06856957078;0.161726445;14
47.49445603;-1.852044702;0.2727817893;10.24606609;47.50244874;0.1120936871;-0.08078686893;0.1690568328;14
47.49655775;-1.852044702;0.2919243574;10.2029953;47.50455036;0.1072067693;-0.08933897316;0.1763872057;14
47.49865937;-1.818545222;0.2871387303;10.17428207;47.50665202;0.1035415828;-0.0978910774;0.1824958473;14
47.50076103;-1.770688772;0.2727817893;10.15513897;47.50875369;0.1023198515;-0.1064431891;0.1873827726;14
47.5028627;-1.689332843;0.2584248483;10.13599682;47.51085536;0.09621120244;-0.1088866442;0.1922696829;14
47.50496432;-1.612762451;0.2344966233;10.11685371;47.51295702;0.09498947114;-0.1101083755;0.1959348768;14
47.50706598;-1.521835208;0.2009970993;10.13121128;47.51505864;0.09376774728;-0.1076649204;0.1971566081;14
47.50916765;-1.445264935;0.1770688742;10.14078236;47.51716031;0.09498947114;-0.1052214578;0.1996000707;14
47.51126932;-1.383051515;0.1579262912;10.12164021;47.51926197;0.09987638891;-0.1015562713;0.200821802;14
47.51337098;-1.320838094;0.1435693651;10.14556789;47.52136359;0.1010981202;-0.09300415963;0.200821802;14
47.5154726;-1.268195987;0.1148554832;10.16949654;47.52346525;0.105985038;-0.08323032409;0.200821802;14
47.51757426;-1.21555388;0.1196411327;10.18385315;47.52556692;0.1096502244;-0.07101303339;0.200821802;14
47.51967593;-1.177268744;0.08614161611;10.23649502;47.52766859;0.1169806048;-0.05879573524;0.200821802;14
47.52177755;-1.13419795;0.09092725813;10.26042366;47.52977025;0.1279761642;-0.04046979174;0.2020435184;14
47.52387921;-1.100698471;0.08135596663;10.28913784;47.53187192;0.1377500147;-0.02580903657;0.200821802;14
47.52598088;-1.048056364;0.08614161611;10.30827999;47.53397353;0.1463021189;-0.008704823442;0.2020435184;14
47.52808255;-1.004985452;0.05742774159;10.3226366;47.5360752;0.1572976857;0.009621120058;0.200821802;14
47.53018421;-0.94277215;0.05264209956;10.35135078;47.53817687;0.1707367003;0.02672533318;0.2020435184;14
47.53228588;-0.9188438654;0.0382851623;10.37527943;47.54027848;0.1768453568;0.0426078178;0.200821802;14
47.53438749;-0.8853443861;0.02871387079;10.38963604;47.54238015;0.1878409237;0.0609337613;0.200821802;14
47.53648916;-0.8566305041;0.0143569354;10.40399265;47.54448176;0.1951712966;0.07681624591;0.1996000707;14
47.53859083;-0.8231309652;0.004785645287;10.40877819;47.54658348;0.2049451321;0.09025526792;0.1959348768;14
47.54069244;-0.8327022791;-0.0143569354;10.38963604;47.5486851;0.2110537887;0.1036942974;0.1934914142;14
47.54279411;-0.8231309652;-0.0239282269;10.42313576;47.55078676;0.2171624303;0.1183550507;0.1898262352;14
47.54489572;-0.813559711;-0.03349951655;10.38963604;47.55288838;0.2208276242;0.1256854236;0.1886045039;14
47.54699744;-0.8327022791;-0.06221338734;10.3848505;47.55499005;0.2257145345;0.1330158114;0.1886045039;14
47.54909906;-0.813559711;-0.07178468257;10.37527943;47.55709171;0.2293797284;0.1366809905;0.1886045039;14
47.55120072;-0.8327022791;-0.07178468257;10.41356373;47.55919338;0.2306014597;0.1342375278;0.1886045039;14
47.55330234;-0.866201818;-0.06221338734;10.3848505;47.56129499;0.2306014597;0.1330158114;0.1886045039;14
47.555404;-0.9092726111;-0.03349951655;10.37527943;47.56339666;0.2281579971;0.1256854236;0.1886045039;14
47.55750567;-0.9667003751;-0.0382851623;10.3848505;47.56549833;0.2232710719;0.1171333194;0.1886045039;14
47.55960734;-1.000199914;-0.04307080805;10.32742214;47.56759999;0.2196058929;0.1085812151;0.1886045039;14
47.56170895;-1.019342422;-0.0382851623;10.26999474;47.56970161;0.2098320574;0.0988073796;0.1873827726;14
47.56381062;-1.033699393;-0.009571290575;10.21256733;47.57180327;0.2025016695;0.08781181276;0.1861610413;14
47.56591228;-1.048056364;-0.0143569354;10.15992451;47.57390494;0.1915061027;0.07559451461;0.1861610413;14
47.56801395;-1.048056364;0.0;10.06899738;47.57600661;0.1829539984;0.06337722391;0.1861610413;14
47.57011557;-1.052842021;-0.004785645287;10.06899738;47.57810827;0.1731801629;0.04993819445;0.1861610413;14
47.57221723;-1.067198873;0.0;10.03071213;47.58020989;0.1634063274;0.03527744114;0.18493931;14
47.5743189;-1.091127157;-0.009571290575;10.03549862;47.58231156;0.1524107605;0.02061668597;0.18493931;14
47.57642057;-1.105484009;-0.03349951655;10.04028416;47.58441317;0.1438586563;0.004734201822;0.1837175786;14
47.57852223;-1.11984098;-0.06221338734;10.05464077;47.58651489;0.1377500147;-0.01114828233;0.1824958473;14
47.58062385;-1.11984098;-0.08135596663;10.08335495;47.5886165;0.1328630894;-0.02703076601;0.1788306683;14
47.58272551;-1.11984098;-0.1148554832;10.11206818;47.59071817;0.1304196268;-0.03924806044;0.1727220118;14
47.58482713;-1.11984098;-0.1435693651;10.16949654;47.59281984;0.1304196268;-0.05146535859;0.1666133702;14
47.58692885;-1.091127157;-0.1483550072;10.24128056;47.5949215;0.1304196268;-0.06001746282;0.1580612659;14
47.58903046;-1.052842021;-0.1914258152;10.29392338;47.59702312;0.1304196268;-0.06734783947;0.1507308781;14
47.59113213;-1.014556766;-0.2057827413;10.34177971;47.59912478;0.1377500147;-0.07223475724;0.1421787739;14
47.5932338;-0.9762716293;-0.2249253243;10.39920712;47.60122645;0.1414151937;-0.08200860023;0.134848401;14
47.59533546;-0.94277215;-0.2344966233;10.43749237;47.60332807;0.1487455666;-0.09056070447;0.1287397593;14
47.59743708;-0.9284151793;-0.2249253243;10.49013424;47.60542973;0.1536324918;-0.1015562713;0.1238528341;14
47.59953874;-0.9571290612;-0.2009970993;10.5475626;47.6075314;0.1621845961;-0.1113301069;0.1189659163;14
47.60164041;-1.004985452;-0.1674975902;10.56191921;47.60963301;0.1670715213;-0.1162170246;0.1140789986;14
47.60374202;-1.048056364;-0.1531406492;10.55234814;47.61173473;0.1756236255;-0.1174387559;0.1104138121;14
47.60584369;-1.0863415;-0.1627119333;10.49970531;47.61383635;0.1805105358;-0.1186604798;0.1067486182;14
47.60794536;-1.110269666;-0.1483550072;10.43749237;47.61593801;0.1866191924;-0.1162170246;0.1030834317;14
47.61004697;-1.13419795;-0.1244267747;10.39920712;47.61803963;0.1939495653;-0.1113301069;0.1018617004;14
47.61214869;-1.158126116;-0.1052841991;10.35135078;47.6201413;0.2037234008;-0.1052214578;0.1030834317;14
47.61425031;-1.21555388;-0.06699903309;10.30827999;47.62224296;0.2122755051;-0.09178243577;0.1067486182;14
47.61635197;-1.268195987;-0.009571290575;10.27956581;47.62434463;0.2196058929;-0.07956513762;0.1104138121;14
47.61845359;-1.320838094;0.04307080805;10.24606609;47.6264463;0.231823191;-0.06612611562;0.1153007299;14
47.62055525;-1.363908887;0.09571290761;10.17906761;47.62854791;0.2403752953;-0.05390881747;0.1226311028;14
47.62265692;-1.411765337;0.1722832322;10.13599682;47.63064958;0.2489273995;-0.04046979174;0.131183207;14
47.62475859;-1.445264935;0.2392822653;10.08335495;47.63275119;0.2599229515;-0.02458730713;0.1409570426;14
47.62686025;-1.469193101;0.3110669553;10.00678444;47.63485286;0.2648098767;-0.009926552884;0.1495091617;14
47.62896187;-1.50269258;0.3780659735;9.958928108;47.63695452;0.2709185183;0.004734201822;0.1629481763;14
47.63106353;-1.512263894;0.4498506486;9.882357597;47.63905619;0.2745837271;0.01817322709;0.1727220118;14
47.63316515;-1.512263894;0.5120640397;9.777072906;47.64115786;0.2758054435;0.03772090003;0.1837175786;14
47.63526682;-1.512263894;0.5551348329;9.667003632;47.64325952;0.2758054435;0.05849030241;0.1934914142;14
47.63736848;-1.517049551;0.5838487148;9.556933403;47.64536114;0.2758054435;0.07803797722;0.200821802;14
47.63947015;-1.50269258;0.5886343718;9.451649666;47.6474628;0.2721402645;0.09636391699;0.2130390853;14
47.64157182;-1.507478237;0.5838487148;9.3367939;47.64956442;0.2672533393;0.1122464016;0.2240346521;14
47.64367348;-1.507478237;0.5790630579;9.250652313;47.65166609;0.2611446977;0.1269071549;0.2374736816;14
47.6457751;-1.540977836;0.6077769399;9.202795982;47.65376775;0.2574795187;0.1403461844;0.2545779049;14
47.64787676;-1.593619823;0.6221339107;9.174081802;47.65586942;0.2513708472;0.1525634825;0.2729038298;14
47.64997838;-1.655833244;0.6652047038;9.111868858;47.65797109;0.2440404743;0.1586721241;0.2924515009;14
47.65208005;-1.727617979;0.70348984;9.111868858;47.6600727;0.239153564;0.1647807807;0.311999172;14
47.65418171;-1.818545222;0.756131947;9.092725754;47.66217437;0.2293797284;0.1660024971;0.3327685893;14
47.65628338;-1.875972986;0.7752745152;9.126225471;47.66427603;0.2208276242;0.1647807807;0.3498727977;14
47.65838504;-1.923829436;0.7896314859;9.135796547;47.6663777;0.2122755051;0.1611155868;0.3681987524;14
47.66048666;-1.942971945;0.7992027402;9.164510727;47.66847932;0.2037234008;0.1525634825;0.3840812445;14
47.66258833;-1.942971945;0.813559711;9.198010445;47.67058098;0.1963930279;0.1403461844;0.3999637067;14
47.66468999;-1.962114573;0.7752745152;9.2362957;47.67268265;0.1902843714;0.1269071549;0.4121810198;14
47.66679166;-1.952543259;0.7417750359;9.250652313;47.67478432;0.1792888194;0.1122464016;0.4256200492;14
47.66889327;-1.923829436;0.7130611539;9.269794464;47.67688598;0.1719584316;0.09392046183;0.4353938699;14
47.67099494;-1.8855443;0.650847733;9.293723106;47.6789876;0.158519417;0.07681624591;0.4439459741;14
47.67309661;-1.852044702;0.5886343718;9.322437286;47.68108926;0.1475238502;0.05971203372;0.4524980783;14
47.67519827;-1.789831281;0.5551348329;9.341579437;47.68319093;0.1353065521;0.03772090003;0.45860672;14
47.67729994;-1.756331801;0.5072783828;9.332008362;47.68529254;0.1255327165;0.01328630932;0.4659371078;14
47.67940156;-1.718046665;0.4689932466;9.346364975;47.68739421;0.1096502244;-0.008704823442;0.470824033;14
47.68150322;-1.679761529;0.4211367965;9.317651749;47.68949588;0.09621120244;-0.03069595434;0.474489212;14
47.68360489;-1.627119422;0.3828516304;9.284152031;47.69159749;0.08155044913;-0.05390881747;0.4805978537;14
47.6857065;-1.593619823;0.3158525825;9.284152031;47.69369916;0.07055488229;-0.07345648855;0.4842630625;14
47.68780817;-1.569691658;0.2775674164;9.269794464;47.69580083;0.05711585656;-0.09422589093;0.4867065251;14
47.68990984;-1.564906001;0.2488535494;9.298508644;47.69790244;0.04612028971;-0.1101083755;0.4891499579;14
47.69201145;-1.526620865;0.2201396823;9.298508644;47.70000411;0.03634645417;-0.127212584;0.4903717041;14
47.69411312;-1.497906923;0.1866401732;9.317651749;47.70210577;0.0314595364;-0.1418733448;0.4915934205;14
47.69621478;-1.464407444;0.1339980662;9.332008362;47.70420744;0.02412915789;-0.1528689116;0.4915934205;14
47.6983164;-1.411765337;0.1004985496;9.389435768;47.70630911;0.02046396956;-0.1638644785;0.4915934205;14
47.70041807;-1.368694544;0.05264209956;9.446864128;47.70841077;0.02290742844;-0.1650862098;0.4891499579;14
47.70251973;-1.306481123;0.0239282269;9.509077072;47.71051239;0.02412915789;-0.1663079411;0.4879282415;14
47.7046214;-1.239482164;-0.009571290575;9.556933403;47.71261406;0.02901607752;-0.1614210159;0.4842630625;14
47.70672307;-1.158126116;-0.0382851623;9.609575272;47.71471572;0.03634645417;-0.1540906429;0.4818195999;14
47.70882473;-1.105484009;-0.04785645381;9.676574707;47.71681739;0.04734202102;-0.1394298822;0.474489212;14
47.71092635;-1.000199914;-0.08135596663;9.724431038;47.718919;0.05955931544;-0.1223256737;0.4696022868;14
47.71302801;-0.890130043;-0.1148554832;9.753145218;47.72102067;0.07177661359;-0.1076649204;0.4610501826;14
47.71512968;-0.8039883971;-0.1531406492;9.801001549;47.72312234;0.0852156356;-0.08445205539;0.4500546157;14
47.71723135;-0.7178468108;-0.1818545163;9.834501266;47.72522395;0.09987638891;-0.06001746282;0.4402807951;14
47.71933296;-0.626919508;-0.2297109663;9.863214493;47.72732562;0.1157588735;-0.03313941509;0.4292852283;14
47.72143463;-0.5359922647;-0.2679961324;9.887143135;47.72942728;0.1328630894;-0.006261364091;0.4146244824;14
47.7235363;-0.4498506486;-0.3206382394;9.87757206;47.73152895;0.1499672979;0.0242818743;0.3999637067;14
47.72563791;-0.3732803464;-0.3541377485;9.887143135;47.73363057;0.1670715213;0.05482511222;0.3853029609;14
47.72773958;-0.3206382394;-0.3780659735;9.872786522;47.73573223;0.1817322671;0.08659008145;0.370642215;14
47.72984124;-0.2871387303;-0.4115654826;9.868000984;47.7378339;0.2000582218;0.119576782;0.3547597229;14
47.73194291;-0.2727817893;-0.4211367965;9.844072342;47.73993551;0.2147189677;0.1537852138;0.3388772309;14
47.73404452;-0.2679961324;-0.4354937077;9.84885788;47.74203718;0.231823191;0.1843284518;0.3254382014;14
47.73614619;-0.2679961324;-0.4259224236;9.810572624;47.74413885;0.2452622056;0.2148716897;0.311999172;14
47.73824786;-0.3014956415;-0.4067798555;9.777072906;47.74624051;0.2599229515;0.2417497337;0.2997818887;14
47.74034947;-0.3302095234;-0.3732803464;9.772287369;47.74834218;0.2733619809;0.2686277926;0.2900080681;14
47.74245114;-0.3684946895;-0.3589234054;9.74835968;47.75044385;0.285579294;0.2930623889;0.281455934;14
47.74455281;-0.4354937077;-0.3206382394;9.738788605;47.75254546;0.2965748608;0.3101665974;0.2729038298;14
47.74665447;-0.5168496966;-0.2584248483;9.69093132;47.75464713;0.3039052188;0.3284925222;0.2680169344;14
47.74875614;-0.5886343718;-0.2057827413;9.647860527;47.7567488;0.3112356067;0.3419315517;0.2631300092;14
47.7508578;-0.6604190469;-0.1722832322;9.609575272;47.75885046;0.3124573231;0.3492619395;0.2594648004;14
47.75295942;-0.7274180651;-0.1148554832;9.556933403;47.76095208;0.3112356067;0.3529271185;0.258243084;14
47.75506109;-0.813559711;-0.05264209956;9.499505997;47.76305374;0.3100138903;0.3541488647;0.258243084;14
47.75716275;-0.890130043;0.0143569354;9.422935486;47.76515536;0.305126965;0.3541488647;0.261908263;14
47.75926442;-0.9906286001;0.09571290761;9.351150513;47.76725702;0.3002400398;0.3529271185;0.2704603672;14
47.76136603;-1.115055323;0.1722832322;9.279366493;47.76935869;0.289244473;0.3431532979;0.277790755;14
47.7634677;-1.258624673;0.2584248483;9.226723671;47.77146036;0.2782489061;0.3297142684;0.2887863219;14
47.76556932;-1.387837172;0.3397808075;9.150154114;47.77356202;0.2660316229;0.3150535226;0.2985601723;14
47.76767098;-1.493121386;0.4211367965;9.092725754;47.77566364;0.2525925934;0.2979492843;0.3095557392;14
47.76977265;-1.564906001;0.4546363056;9.05922699;47.7777653;0.2367101014;0.2820668221;0.320551306;14
47.77187432;-1.622333765;0.4977070987;9.006584167;47.77986692;0.2208276242;0.262519151;0.3352120519;14
47.77397598;-1.665404558;0.5503492355;8.977870941;47.78196859;0.2061668634;0.242971465;0.3510945439;14
47.7760776;-1.727617979;0.6125625968;8.968298912;47.78407025;0.1915061027;0.2270889878;0.370642215;14
47.77817926;-1.799402595;0.6604190469;9.020941734;47.78617192;0.1768453568;0.2124282271;0.3889681399;14
47.78028088;-1.904686809;0.7274180651;9.054440498;47.78827359;0.1621845961;0.2002109289;0.408515811;14
47.78238255;-1.986042738;0.7752745152;9.068798065;47.7903752;0.1499672979;0.1867718995;0.424398303;14
47.78448421;-2.053041935;0.8039883971;9.087940216;47.79247687;0.1389717311;0.1708894223;0.4402807951;14
47.78658588;-2.033899307;0.7800601721;9.111868858;47.79457853;0.1316413581;0.1586721241;0.4561632872;14
47.78868754;-1.962114573;0.732203722;9.202795982;47.7966802;0.1255327165;0.1501200199;0.4720457494;14
47.79078916;-1.890329838;0.70348984;9.317651749;47.79878187;0.1194240674;0.1415679157;0.4879282415;14
47.79289083;-1.828116536;0.7178468108;9.38465023;47.80088348;0.1182023361;0.1366809905;0.5038107038;14
47.79499249;-1.780260086;0.7369893789;9.427721024;47.80298515;0.1169806048;0.1366809905;0.5160280466;14
47.79709416;-1.722832322;0.7417750359;9.485149384;47.80508676;0.1194240674;0.1391244531;0.5270236135;14
47.79919583;-1.655833244;0.7226324677;9.552147865;47.80718843;0.1243109852;0.142789647;0.5367974043;14
47.80129744;-1.584048629;0.6747759581;9.638289452;47.8092901;0.1279761642;0.1488982886;0.5416843295;14
47.80339911;-1.517049551;0.626919508;9.705288887;47.81139176;0.1316413581;0.1586721241;0.5441278219;14
47.80550072;-1.430907965;0.5599204898;9.772287369;47.81349338;0.1414151937;0.1660024971;0.5441278219;14
47.80760239;-1.330409408;0.4785645306;9.84885788;47.81559504;0.1499672979;0.1745546162;0.5404626131;14
47.80970406;-1.229910851;0.3780659735;9.925428391;47.81769671;0.158519417;0.1831067204;0.5355756879;14
47.81180572;-1.162911773;0.3158525825;9.973284721;47.81979833;0.169514969;0.1904370934;0.5294670463;14
47.81390734;-1.091127157;0.2249253243;10.01635551;47.82189999;0.1817322671;0.1941022873;0.5221366882;14
47.816009;-1.024128079;0.1914258152;10.04506969;47.82400166;0.1939495653;0.2026543915;0.5148062706;14
47.81811067;-0.9523434043;0.1387837082;10.04985523;47.82610333;0.2037234008;0.2050978541;0.5074759126;14
47.82021228;-0.9236295223;0.1004985496;10.04985523;47.82820499;0.2134972364;0.2075413018;0.5013672709;14
47.82231395;-0.9044869542;0.06221338734;10.03549862;47.83030666;0.2232710719;0.2050978541;0.4940368831;14
47.82441562;-0.9140582681;0.04307080805;10.04506969;47.83240827;0.2293797284;0.2002109289;0.4879282415;14
47.82651728;-0.9332008362;0.03349951655;10.04506969;47.83450994;0.2367101014;0.1941022873;0.4830413163;14
47.82861895;-0.9667003751;0.05742774159;10.03071213;47.83661161;0.239153564;0.1879936308;0.4769326746;14
47.83072062;-1.009771109;0.06221338734;10.04506969;47.83871322;0.2403752953;0.1757763475;0.4696022868;14
47.83282223;-1.033699393;0.05742774159;9.978070259;47.84081489;0.2440404743;0.1647807807;0.4622719288;14
47.8349239;-1.024128079;0.04307080805;9.920642853;47.84291656;0.2440404743;0.1537852138;0.4537198246;14
47.83702557;-1.024128079;0.02871387079;9.853643417;47.84501822;0.2440404743;0.1391244531;0.4463894367;14
47.83912718;-1.019342422;0.02871387079;9.8201437;47.84711984;0.2403752953;0.1232419685;0.4390590489;14
47.84122885;-1.024128079;0.03349951655;9.777072906;47.8492215;0.2367101014;0.1098029464;0.4317286909;14
47.84333051;-1.048056364;0.04785645381;9.69093132;47.85132317;0.2293797284;0.09636391699;0.4256200492;14
47.84543218;-1.03848505;0.05742774159;9.623932838;47.85342484;0.2232710719;0.08414662629;0.4195113778;14
47.8475338;-1.062413216;0.1004985496;9.528220177;47.8555265;0.215940699;0.0743727833;0.4158461988;14
47.84963546;-1.091127157;0.1100698411;9.418149948;47.85762812;0.2061668634;0.06948586553;0.4109592736;14
47.85173713;-1.091127157;0.1387837082;9.312865257;47.85972978;0.1963930279;0.06582067907;0.4060723484;14
47.8538388;-1.100698471;0.1722832322;9.226723671;47.86183145;0.1829539984;0.0609337613;0.3999637067;14
47.85594046;-1.110269666;0.1914258152;9.126225471;47.86393307;0.1731801629;0.05849030241;0.3889681399;14
47.85804208;-1.110269666;0.1914258152;8.963513374;47.86603473;0.16584979;0.05482511222;0.3767508566;14
47.86014374;-1.033699393;0.1435693651;8.829515457;47.8681364;0.158519417;0.06337722391;0.3669770062;14
47.86224541;-0.9044869542;0.08614161611;8.877371788;47.87023807;0.1548542231;0.07681624591;0.3596466482;14
47.86434702;-0.866201818;0.06221338734;8.910871506;47.87233968;0.1511890292;0.09025526792;0.3596466482;14
47.86644869;-0.866201818;0.1579262912;8.934800148;47.87444135;0.1511890292;0.1049160287;0.3669770062;14
47.86855036;-0.9236295223;0.2967100143;8.867800713;47.87654301;0.1487455666;0.1171333194;0.3804160357;14
47.87065202;-1.062413216;0.4689932466;8.84387207;47.87864468;0.1487455666;0.1244636998;0.3987419903;14
47.87275364;-1.201196909;0.6173482537;8.87258625;47.8807463;0.1524107605;0.1366809905;0.4170679152;14
47.87485531;-1.339980721;0.70348984;8.939585686;47.88284796;0.1548542231;0.1476765573;0.4353938699;14
47.87695697;-1.488335729;0.7417750359;8.977870941;47.88494963;0.158519417;0.1635590494;0.4537198246;14
47.87905864;-1.579262972;0.760917604;9.044869423;47.8870513;0.1634063274;0.1782197952;0.4683805704;14
47.88116025;-1.631905079;0.756131947;9.05922699;47.88915291;0.1682932526;0.1879936308;0.4805978537;14
47.88326192;-1.651047587;0.708275497;9.040083885;47.89125458;0.1744018942;0.1965457499;0.4891499579;14
47.88536359;-1.660618901;0.6747759581;9.020941734;47.89335624;0.1805105358;0.2002109289;0.4952586293;14
47.88746525;-1.588834286;0.6173482537;9.016156197;47.89545786;0.1841757298;0.2075413018;0.5001455545;14
47.88956687;-1.478764415;0.5168496966;9.078369141;47.89755958;0.1853974611;0.2148716897;0.508697629;14
47.89166853;-1.40697968;0.4977070987;9.078369141;47.89966119;0.189062655;0.216093421;0.5148062706;14
47.8937702;-1.392622828;0.5120640397;8.977870941;47.90176286;0.189062655;0.2222020626;0.5233584046;14
47.89587182;-1.402194023;0.5264210105;8.949156761;47.90386447;0.1878409237;0.2258672565;0.5306887627;14
47.89797353;-1.450050473;0.5742774606;8.920442581;47.90596614;0.1853974611;0.2258672565;0.5367974043;14
47.90007515;-1.478764415;0.6221339107;8.939585686;47.9080678;0.1829539984;0.2222020626;0.5404626131;14
47.90217682;-1.445264935;0.6604190469;8.858229637;47.91016947;0.1768453568;0.216093421;0.5441278219;14
47.90427843;-1.392622828;0.6652047038;8.819944382;47.91227109;0.1707367003;0.2038761228;0.5490147471;14
47.9063801;-1.31126678;0.6173482537;8.805587769;47.91437275;0.16584979;0.1867718995;0.5551233888;14
47.90848176;-1.253839016;0.5407779217;8.767302513;47.91647442;0.1572976857;0.169667691;0.558788538;14
47.91058343;-1.21555388;0.5168496966;8.743373871;47.91857603;0.1450803876;0.1562286615;0.5612320304;14
47.91268504;-1.21555388;0.5024927258;8.690732002;47.9206777;0.1340848207;0.1403461844;0.5636754632;14
47.91478671;-1.196411371;0.5024927258;8.614161491;47.92277937;0.1218675226;0.1256854236;0.5624537468;14
47.91688838;-1.138983607;0.4881358147;8.571090698;47.92488103;0.1108719558;0.1110246703;0.5575668216;14
47.91898999;-1.03848505;0.4450650215;8.561519623;47.9269827;0.09987638891;0.09392046183;0.55145818;14
47.92109166;-0.9284151793;0.4307080805;8.628518105;47.92908437;0.0852156356;0.08292489499;0.5453495383;14
47.92319333;-0.8231309652;0.4211367965;8.642875671;47.93118598;0.07299833745;0.06582067907;0.5380191803;14
47.92529499;-0.7657032609;0.4211367965;8.599804878;47.9332876;0.05955931544;0.04627300799;0.5319104791;14
47.92739666;-0.7226324677;0.3924229145;8.595019341;47.93538932;0.05222893879;0.02794706449;0.5270236135;14
47.92949833;-0.7130611539;0.3780659735;8.642875671;47.93749093;0.04123337194;0.01206457894;0.5196931958;14
47.93159994;-0.6699903607;0.3302095234;8.681160927;47.9395926;0.03512472659;-0.0001527161949;0.5148062706;14
47.93370156;-0.6173482537;0.2919243574;8.709874153;47.94169426;0.03512472659;-0.009926552884;0.5099193454;14
47.93580327;-0.5551348329;0.2727817893;8.738588333;47.94379593;0.02901607752;-0.01237001177;0.5050324798;14
47.93790489;-0.5216353536;0.2727817893;8.796015739;47.94589754;0.02657261863;-0.01237001177;0.5013672709;14
47.94000656;-0.4737788737;0.2775674164;8.853444099;47.94799921;0.02412915789;-0.008704823442;0.4964803457;14
47.94210822;-0.4546363056;0.2823530734;8.891729355;47.95010088;0.02535088919;-0.0001527161949;0.4915934205;14
47.94420989;-0.4450650215;0.2823530734;8.906085968;47.95220255;0.02657261863;0.008399390616;0.4879282415;14
47.9463115;-0.4450650215;0.2919243574;8.930013657;47.95430416;0.0314595364;0.01450803876;0.4830413163;14
47.94841317;-0.4354937077;0.2871387303;8.934800148;47.95640583;0.03390299529;0.02550360374;0.4781544209;14
47.95051484;-0.4307080805;0.2967100143;8.987442017;47.95850749;0.03878991306;0.03649916872;0.474489212;14
47.9526165;-0.4307080805;0.2775674164;9.044869423;47.96060911;0.04489856213;0.04627300799;0.470824033;14
47.95471812;-0.4115654826;0.2392822653;9.087940216;47.96271083;0.05222893879;0.05604684353;0.467158854;14
47.95681978;-0.4163511395;0.2153540403;9.107083321;47.96481244;0.05711585656;0.07070759684;0.4647153914;14
47.95892145;-0.4067798555;0.1962114573;9.097511292;47.96691411;0.06322450191;0.08292489499;0.4622719288;14
47.96102307;-0.4163511395;0.1866401732;9.131011009;47.96901572;0.07055488229;0.09392046183;0.4622719288;14
47.96312478;-0.4450650215;0.1722832322;9.107083321;47.97111739;0.07910698652;0.1098029464;0.4622719288;14
47.9652264;-0.4450650215;0.1818545163;9.116654396;47.97321906;0.0852156356;0.1220202371;0.4622719288;14
47.96732807;-0.4450650215;0.1914258152;9.126225471;47.97532067;0.09132428467;0.1391244531;0.4634936452;14
47.96942968;-0.4642075896;0.2153540403;9.145368576;47.97742234;0.09987638891;0.1488982886;0.4634936452;14
47.97153135;-0.5120640397;0.2153540403;9.131011009;47.97952406;0.105985038;0.1550069451;0.4610501826;14
47.97363301;-0.5407779217;0.1914258152;9.083154678;47.98162567;0.1096502244;0.1660024971;0.4561632872;14
47.97573463;-0.4881358147;0.1339980662;9.131011009;47.98372734;0.1108719558;0.1769980639;0.4500546157;14
47.9778363;-0.4450650215;0.08614161611;9.097511292;47.98582895;0.1108719558;0.1892153621;0.4415025115;14
47.97993801;-0.3828516304;0.08135596663;8.944371223;47.98793062;0.1108719558;0.2014326602;0.4353938699;14
47.98203963;-0.2967100143;0.1244267747;8.781659126;47.99003228;0.105985038;0.2148716897;0.4305069447;14
47.9841413;-0.1866401732;0.1818545163;8.733802795;47.99213395;0.1023198515;0.2319758981;0.428063482;14
47.98624291;-0.1292124242;0.2584248483;8.647661209;47.99423557;0.09743293375;0.2539670467;0.428063482;14
47.98834458;-0.1387837082;0.2775674164;8.585447311;47.99633723;0.09254601598;0.2771798968;0.4256200492;14
47.99044624;-0.1244267747;0.3158525825;8.46102047;47.9984389;0.0852156356;0.2991710305;0.4256200492;14
47.99254791;-0.1339980662;0.3254238665;8.379665375;48.00054051;0.07788526267;0.319940418;0.4268417656;14
47.99464952;-0.1531406492;0.3637090325;8.312665939;48.00264218;0.06933315098;0.3370446563;0.428063482;14
47.99675119;-0.1579262912;0.3780659735;8.255238533;48.00474385;0.06200277433;0.3504836559;0.4305069447;14
47.99885286;-0.1770688742;0.4211367965;8.21216774;48.00684551;0.05100720748;0.366366148;0.4329504073;14
48.00095447;-0.2009970993;0.4450650215;8.197810173;48.00894718;0.04001164436;0.3749182522;0.4329504073;14
48.00305614;-0.2488535494;0.4689932466;8.193024635;48.0110488;0.03634645417;0.3798051775;0.4305069447;14
48.0051578;-0.3158525825;0.4642075896;8.149953842;48.01315046;0.02779434808;0.3859138191;0.4268417656;14
48.00725947;-0.2967100143;0.4211367965;8.231309891;48.01525213;0.02290742844;0.3981311321;0.4231765866;14
48.00936114;-0.2632105052;0.3924229145;8.350951195;48.0173538;0.01557705179;0.4115701318;0.420733124;14
48.01146275;-0.2297109663;0.4067798555;8.365307808;48.01945546;0.00702494476;0.4225656986;0.420733124;14
48.01356442;-0.2344966233;0.4546363056;8.288737297;48.02155708;-0.0003054323897;0.4237874448;0.420733124;14
48.01566609;-0.2775674164;0.4977070987;8.279166222;48.02365874;-0.005192350596;0.4262309074;0.4195113778;14
48.01776775;-0.3302095234;0.4689932466;8.374878883;48.02576036;-0.01252272818;0.4311178327;0.420733124;14
48.01986942;-0.3684946895;0.4498506486;8.46102047;48.02786202;-0.01863137633;0.4372264743;0.4219548404;14
48.02197103;-0.3876372576;0.4450650215;8.504091263;48.02996369;-0.02718348242;0.4408916533;0.424398303;14
48.0240727;-0.4307080805;0.4689932466;8.465806961;48.03206536;-0.03451386094;0.4372264743;0.4292852283;14
48.02617432;-0.4594219327;0.5264210105;8.422736168;48.03416702;-0.03940077871;0.4311178327;0.4390590489;14
48.02827598;-0.5024927258;0.5790630579;8.38923645;48.03626864;-0.04550942779;0.4225656986;0.4476111531;14
48.03037765;-0.5503492355;0.6077769399;8.417949677;48.0383703;-0.05283980444;0.416457057;0.4561632872;14
48.03247932;-0.5982056856;0.650847733;8.508877754;48.04047197;-0.06139190868;0.4115701318;0.4634936452;14
48.03458098;-0.6173482537;0.6460621357;8.590232849;48.04257364;-0.06627883017;0.409126699;0.4720457494;14
48.0366826;-0.650847733;0.6747759581;8.618947029;48.04467525;-0.07238747925;0.409126699;0.4818195999;14
48.03878426;-0.679561615;0.70348984;8.609375954;48.04677692;-0.07971785218;0.409126699;0.4879282415;14
48.04088593;-0.7226324677;0.708275497;8.623732567;48.04887859;-0.08338304609;0.4079049528;0.4940368831;14
48.0429876;-0.756131947;0.6987041831;8.633303642;48.05098025;-0.08704823256;0.4030180275;0.5025889874;14
48.04508921;-0.7992027402;0.6891329288;8.647661209;48.05308187;-0.09071341902;0.3944659233;0.5099193454;14
48.04719088;-0.7992027402;0.6699903607;8.690732002;48.05518353;-0.09560033679;0.3810268939;0.5184714794;14
48.04929254;-0.813559711;0.6556333899;8.719446182;48.0572852;-0.0980437994;0.370031327;0.5270236135;14
48.05139421;-0.8327022791;0.650847733;8.762516975;48.05938682;-0.1004872546;0.3614792228;0.5343539715;14
48.05349583;-0.8518448472;0.6699903607;8.781659126;48.06148848;-0.1041524485;0.3504836559;0.5404626131;14
48.05559749;-0.866201818;0.679561615;8.819944382;48.06359015;-0.1090393662;0.3431532979;0.5465712547;14
48.05769916;-0.8470591903;0.6747759581;8.829515457;48.06569182;-0.1102610901;0.3297142684;0.5526798964;14
48.05980077;-0.8183453679;0.679561615;8.834300995;48.06779343;-0.1151480079;0.316275239;0.5575668216;14
48.06190244;-0.7944171429;0.6699903607;8.877371788;48.0698951;-0.1249218509;0.2979492843;0.5624537468;14
48.06400411;-0.7417750359;0.6747759581;8.858229637;48.07199676;-0.1310304999;0.2808450758;0.5624537468;14
48.06610577;-0.7274180651;0.6364908218;8.800801277;48.07409843;-0.1408043355;0.2588539422;0.5612320304;14
48.06820739;-0.6317051649;0.5551348329;8.805587769;48.07620004;-0.150578171;0.2393062711;0.5563451052;14
48.07030906;-0.5838487148;0.4929214716;8.858229637;48.07830171;-0.1615737379;0.2185368687;0.5539016128;14
48.07241072;-0.5216353536;0.4881358147;8.848658562;48.08040338;-0.1713475734;0.1977674663;0.5490147471;14
48.07451239;-0.4163511395;0.5216353536;8.757730484;48.08250505;-0.1823431402;0.1745546162;0.5453495383;14
48.076614;-0.3158525825;0.5312066078;8.690732002;48.08460666;-0.1921169758;0.1525634825;0.5416843295;14
48.07871567;-0.2201396823;0.5216353536;8.657232285;48.08670833;-0.1994473487;0.1366809905;0.5380191803;14
48.08081734;-0.1387837082;0.4929214716;8.719446182;48.08880999;-0.2067777216;0.1244636998;0.5319104791;14
48.082919;-0.09571290761;0.4067798555;8.772088051;48.09091166;-0.2104429156;0.1146898642;0.5233584046;14
48.08502062;-0.04785645381;0.3302095234;8.848658562;48.09301327;-0.2116646469;0.1110246703;0.5111411214;14
48.08712228;0.04307080805;0.2536391914;8.925228119;48.09511494;-0.2104429156;0.1134681329;0.4964803457;14
48.08922395;0.1387837082;0.1674975902;8.958727837;48.09721661;-0.2079994529;0.1134681329;0.4805978537;14
48.09132562;0.2727817893;0.1148554832;8.977870941;48.09931827;-0.2055560052;0.1146898642;0.4622719288;14
48.09342723;0.3972085714;0.05264209956;9.020941734;48.10141989;-0.2018908113;0.1171333194;0.4439459741;14
48.0955289;0.5168496966;0.009571290575;9.073583603;48.10352156;-0.1957821548;0.119576782;0.4268417656;14
48.09763057;0.5838487148;-0.0382851623;9.097511292;48.10562322;-0.1896735132;0.1207985133;0.4097375572;14
48.09973223;0.6364908218;-0.06699903309;9.116654396;48.10772489;-0.1860083193;0.1281288862;0.3962985277;14
48.10183385;0.6412764788;-0.08614161611;9.150154114;48.10982656;-0.1786779463;0.1342375278;0.3804160357;14
48.10393551;0.6364908218;-0.09092725813;9.145368576;48.11192817;-0.1701258421;0.146454826;0.3681987524;14
48.10603718;0.6077769399;-0.1052841991;9.126225471;48.11402984;-0.1640172005;0.1647807807;0.3572031856;14
48.10813885;0.6173482537;-0.09571290761;9.131011009;48.1161315;-0.1554650813;0.1806632578;0.3474293351;14
48.11024051;0.5934200287;-0.1004985496;9.145368576;48.11823312;-0.1481347084;0.2002109289;0.3388772309;14
48.11234213;0.5647061467;-0.09092725813;9.159725189;48.12033478;-0.1395826042;0.2222020626;0.3327685893;14
48.1144438;0.5072783828;-0.0765703246;9.174081802;48.12243645;-0.1285870373;0.2466366589;0.3303251266;14
48.11654546;0.4259224236;-0.05264209956;9.17886734;48.12453812;-0.1175914705;0.269849509;0.3303251266;14
48.11864708;0.3541377485;0.004785645287;9.188439369;48.12663973;-0.1053741723;0.2930623889;0.3327685893;14
48.12074874;0.2632105052;0.05264209956;9.217152596;48.1287414;-0.09315688163;0.3174969554;0.3364337683;14
48.12285041;0.1531406492;0.08614161611;9.226723671;48.13084307;-0.07727439702;0.3407098353;0.3425424397;14
48.12495208;0.0239282269;0.1292124242;9.250652313;48.13294473;-0.06505709887;0.3614792228;0.3535379767;14
48.12705369;-0.08135596663;0.1914258152;9.274580956;48.13504635;-0.05283980444;0.3846921027;0.3608683646;14
48.12915536;-0.1770688742;0.2488535494;9.317651749;48.13714801;-0.0418442376;0.4030180275;0.374307394;14
48.13125702;-0.2967100143;0.3302095234;9.332008362;48.13924968;-0.03084867075;0.4176788032;0.3865246773;14
48.13335869;-0.3589234054;0.3924229145;9.332008362;48.1413513;-0.02107483521;0.4323395491;0.3975202441;14
48.1354603;-0.4450650215;0.4737788737;9.30807972;48.14345296;-0.01985310577;0.4360047281;0.408515811;14
48.13756197;-0.5072783828;0.5407779217;9.241081238;48.14555463;-0.01985310577;0.4323395491;0.4195113778;14
48.13966364;-0.5790630579;0.5886343718;9.145368576;48.1476563;-0.01985310577;0.4201222658;0.4256200492;14
48.14176525;-0.6125625968;0.5742774606;9.049654961;48.14975796;-0.02474002354;0.412791878;0.4317286909;14
48.14386692;-0.5359922647;0.5312066078;9.087940216;48.15185958;-0.03695731983;0.4066832364;0.4366155863;14
48.14596859;-0.4785645306;0.5264210105;9.03051281;48.15396124;-0.05528326333;0.4005745649;0.4463894367;14
48.14807025;-0.4259224236;0.5790630579;8.839086533;48.15606291;-0.07727439702;0.3859138191;0.454941541;14
48.15017192;-0.4067798555;0.6939185858;8.618947029;48.15816452;-0.1041524485;0.370031327;0.4659371078;14
48.15227353;-0.4307080805;0.837487936;8.398807526;48.16026619;-0.1359174103;0.3529271185;0.4781544209;14
48.1543752;-0.4259224236;0.9667003751;8.236095428;48.16236786;-0.1664606482;0.3321577311;0.4891499579;14
48.15647687;-0.4498506486;1.004985452;8.130811691;48.16446952;-0.1970038861;0.3077231348;0.4989238083;14
48.15857848;-0.4450650215;1.004985452;8.068597794;48.16657114;-0.2287688553;0.2857320011;0.5074759126;14
48.16068015;-0.4115654826;0.9667003751;8.08295536;48.1686728;-0.2568686306;0.2600756884;0.5148062706;14
48.16278182;-0.3684946895;0.9140582681;8.102097511;48.17077447;-0.284968406;0.2344193608;0.5196931958;14
48.16488348;-0.3349951804;0.8518448472;8.15473938;48.17287614;-0.3106247485;0.2124282271;0.5221366882;14
48.1669851;-0.2967100143;0.784845829;8.21216774;48.17497775;-0.3326158822;0.1879936308;0.5233584046;14
48.16908676;-0.2536391914;0.756131947;8.288737297;48.17707942;-0.3546070158;0.1684459597;0.5233584046;14
48.17118843;-0.2344966233;0.708275497;8.384450912;48.17918109;-0.3692677617;0.1513417512;0.5233584046;14
48.1732901;-0.1818545163;0.679561615;8.494520187;48.18128275;-0.3802633286;0.1379027218;0.5221366882;14
48.17539171;-0.1483550072;0.650847733;8.604590416;48.18338437;-0.3900371492;0.1244636998;0.5184714794;14
48.17749338;-0.1004985496;0.6364908218;8.738588333;48.18548603;-0.3961458206;0.1183550507;0.517249763;14
48.17959505;-0.05264209956;0.5982056856;8.87258625;48.1875877;-0.3998109996;0.1159115955;0.517249763;14
48.18169671;-0.004785645287;0.5886343718;8.977870941;48.18968932;-0.3998109996;0.1134681329;0.517249763;14
48.18379833;0.004785645287;0.5551348329;9.111868858;48.19179103;-0.3985892832;0.1159115955;0.5196931958;14
48.18589999;-0.004785645287;0.5359922647;9.198010445;48.19389265;-0.397367537;0.119576782;0.5233584046;14
48.18800166;0.004785645287;0.5168496966;9.298508644;48.19599432;-0.3900371492;0.1281288862;0.5282453299;14
48.19010327;-0.009571290575;0.4929214716;9.360722542;48.19809598;-0.3851502538;0.1366809905;0.5319104791;14
48.19220499;-0.004785645287;0.4929214716;9.403793335;48.2001976;-0.381485045;0.1452330947;0.5343539715;14
48.19430661;0.009571290575;0.5024927258;9.41336441;48.20229926;-0.3778198659;0.1598938555;0.5392408967;14
48.19640827;0.02871387079;0.4881358147;9.403793335;48.20440093;-0.3741546869;0.1745546162;0.5429060459;14
48.19850994;0.01914258115;0.4689932466;9.389435768;48.2065026;-0.3729329407;0.1892153621;0.5465712547;14
48.20061156;0.0143569354;0.4546363056;9.351150513;48.20860421;-0.3668242991;0.2026543915;0.55145818;14
48.20271322;-0.009571290575;0.4546363056;9.355937004;48.21070588;-0.3656025827;0.2136499584;0.5575668216;14
48.20481489;-0.0239282269;0.4498506486;9.341579437;48.21280749;-0.3619373739;0.2234237939;0.5661189556;14
48.20691656;-0.06221338734;0.4689932466;9.375079155;48.21490921;-0.3582721949;0.2356410921;0.5734493136;14
48.20901817;-0.1100698411;0.4833501875;9.427721024;48.21701083;-0.3607156575;0.2454149276;0.5807796717;14
48.21111984;-0.1148554832;0.4929214716;9.418149948;48.21911249;-0.3619373739;0.2527453005;0.5868883133;14
48.21322145;-0.1004985496;0.5120640397;9.432506561;48.22121416;-0.3631591201;0.2612974048;0.5929969549;14
48.21532317;-0.06221338734;0.5024927258;9.403793335;48.22331577;-0.3680460155;0.262519151;0.5978838801;14
48.21742478;0.0;0.4642075896;9.389435768;48.22541744;-0.3692677617;0.2588539422;0.6003273726;14
48.21952645;0.04307080805;0.4642075896;9.360722542;48.22751906;-0.3753764033;0.2527453005;0.6003273726;14
48.22162812;0.09092725813;0.4450650215;9.403793335;48.22962077;-0.381485045;0.2466366589;0.6027708054;14
48.22372973;0.1531406492;0.4019941986;9.509077072;48.23172239;-0.3839285076;0.242971465;0.601549089;14
48.2258314;0.2153540403;0.3828516304;9.57129097;48.23382406;-0.3875937164;0.2393062711;0.5978838801;14
48.22793301;0.2727817893;0.3062812984;9.595218658;48.23592572;-0.3924806118;0.2307541668;0.5942187309;14
48.23003473;0.3158525825;0.2488535494;9.695717812;48.23802734;-0.401032716;0.2209803313;0.5868883133;14
48.23213635;0.3828516304;0.2201396823;9.863214493;48.240129;-0.4046979249;0.2112064958;0.5795579553;14
48.23423801;0.4402793646;0.1914258152;9.906285286;48.24223067;-0.4108065665;0.2026543915;0.5734493136;14
48.23633968;0.4737788737;0.1866401732;9.896714211;48.24433234;-0.4144717455;0.1916588247;0.5710058808;14
48.2384413;0.5120640397;0.1627119333;9.887143135;48.246434;-0.4156934917;0.1794415265;0.5685623884;14
48.24054296;0.5216353536;0.1339980662;9.944570541;48.24853562;-0.4169152081;0.1660024971;0.5648971796;14
48.24264463;0.5455635786;0.1004985496;10.04506969;48.25063728;-0.4156934917;0.1501200199;0.5612320304;14
48.2447463;0.5599204898;0.05264209956;10.17906761;48.25273895;-0.4156934917;0.1415679157;0.5575668216;14
48.24684796;0.5647061467;0.0143569354;10.30827999;48.25484057;-0.4132500291;0.1354592592;0.5539016128;14
48.24894958;0.5790630579;-0.01914258115;10.43749237;48.25694223;-0.4132500291;0.1354592592;0.5465712547;14
48.25105124;0.6029912829;-0.04307080805;10.46142101;48.2590439;-0.4095848203;0.1379027218;0.5404626131;14
48.25315291;0.6364908218;-0.09571290761;10.48056316;48.26114557;-0.401032716;0.1354592592;0.5319104791;14
48.25525452;0.6604190469;-0.1483550072;10.52363396;48.26324723;-0.3961458206;0.1330158114;0.5233584046;14
48.25735619;0.7130611539;-0.1483550072;10.59541893;48.26534885;-0.3912588954;0.1293506175;0.5135845542;14
48.25945786;0.7704889178;-0.1818545163;10.66241741;48.26745051;-0.3839285076;0.1244636998;0.5013672709;14
48.26155952;0.837487936;-0.1962114573;10.7054882;48.26955218;-0.3778198659;0.1220202371;0.4903717041;14
48.26366119;0.8949156404;-0.2105683982;10.72941685;48.27165385;-0.3692677617;0.119576782;0.4769326746;14
48.2657628;0.9523434043;-0.2249253243;10.73898792;48.27375546;-0.3619373739;0.119576782;0.4634936452;14
48.26786447;1.019342422;-0.2440679073;10.71506023;48.27585713;-0.3570504785;0.1207985133;0.4488328993;14
48.26996614;1.067198873;-0.2679961324;10.7054882;48.2779588;-0.3533852696;0.1244636998;0.4353938699;14
48.27206781;1.115055323;-0.2919243574;10.71027374;48.28006041;-0.347276628;0.1281288862;0.4219548404;14
48.27416942;1.13419795;-0.3014956415;10.69113159;48.28216208;-0.343611449;0.1330158114;0.4109592736;14
48.27627109;1.13419795;-0.2967100143;10.68156052;48.28426374;-0.3387245238;0.1379027218;0.3975202441;14
48.27837275;1.100698471;-0.3014956415;10.69113159;48.28636541;-0.3338375986;0.1415679157;0.3889681399;14
48.28047437;1.067198873;-0.2775674164;10.67677498;48.28846702;-0.3289506733;0.1452330947;0.3791943192;14
48.28257603;1.004985452;-0.2727817893;10.67677498;48.29056869;-0.3240637779;0.1440113783;0.370642215;14
48.2846777;0.9571290612;-0.2344966233;10.69113159;48.29267036;-0.3179551065;0.1403461844;0.3657552898;14
48.28677937;0.8853443861;-0.2009970993;10.71506023;48.29477197;-0.3106247485;0.1391244531;0.3596466482;14
48.28888098;0.7992027402;-0.1483550072;10.748559;48.29687364;-0.3057378232;0.1330158114;0.3572031856;14
48.29098265;0.7274180651;-0.1052841991;10.77248764;48.29897531;-0.300850898;0.1269071549;0.3523162603;14
48.29308432;0.6652047038;-0.05264209956;10.7677021;48.30107697;-0.2947422564;0.1232419685;0.3510945439;14
48.29518593;0.6029912829;-0.009571290575;10.7677021;48.30317859;-0.2922987938;0.1183550507;0.3523162603;14
48.2972876;0.5455635786;0.0382851623;10.7677021;48.30528025;-0.2886336148;0.1146898642;0.3523162603;14
48.29938926;0.5024927258;0.05264209956;10.77727318;48.30738192;-0.2861901522;0.1110246703;0.3523162603;14
48.30149093;0.4642075896;0.06221338734;10.79641533;48.30948359;-0.2861901522;0.1073594838;0.3535379767;14
48.30359254;0.4067798555;0.1004985496;10.73898792;48.3115852;-0.284968406;0.1012508348;0.3547597229;14
48.30569421;0.3541377485;0.1196411327;10.748559;48.31368687;-0.284968406;0.09514218569;0.358424902;14
48.30779588;0.3158525825;0.1292124242;10.72941685;48.31578853;-0.284968406;0.09025526792;0.3596466482;14
48.30989755;0.2823530734;0.1579262912;10.7054882;48.3178902;-0.2861901522;0.07925970852;0.3596466482;14
48.31199916;0.2632105052;0.1722832322;10.7054882;48.31999182;-0.2837466896;0.06826414168;0.3620901108;14
48.31410083;0.2344966233;0.1866401732;10.71984577;48.32209353;-0.2813032269;0.05849030241;0.3645335436;14
48.31620249;0.2153540403;0.2009970993;10.73898792;48.32419515;-0.2813032269;0.04749473557;0.3657552898;14
48.31830416;0.1770688742;0.2153540403;10.75813103;48.32629682;-0.2788597643;0.03772090003;0.3694204688;14
48.32040577;0.1387837082;0.1962114573;10.80120182;48.32839848;-0.2751945853;0.03039052337;0.370642215;14
48.32250749;0.1052841991;0.2057827413;10.81555843;48.3305001;-0.2715294063;0.01817322709;0.374307394;14
48.32460911;0.06699903309;0.2057827413;10.86341476;48.33260176;-0.2690859437;0.008399390616;0.3791943192;14
48.32671077;0.0239282269;0.2009970993;10.89691448;48.33470343;-0.2629773021;-0.002596175298;0.3828594983;14
48.32881244;-0.01914258115;0.1962114573;10.9304142;48.33680505;-0.2580903769;-0.01359174121;0.3865246773;14
48.33091406;-0.02871387079;0.1914258152;10.94477081;48.33890671;-0.254425168;-0.02458730713;0.3914116025;14
48.33301572;-0.03349951655;0.1866401732;10.98784161;48.34100838;-0.24709481;-0.03680460155;0.3950767815;14
48.33511739;-0.02871387079;0.1627119333;11.00698376;48.34311004;-0.2409861535;-0.0478001684;0.3975202441;14
48.337219;-0.0239282269;0.1531406492;11.01655579;48.34521166;-0.2360992432;-0.05390881747;0.3999637067;14
48.33932067;0.009571290575;0.1387837082;11.02612686;48.34731333;-0.2312123179;-0.06123919412;0.3999637067;14
48.34142234;0.0382851623;0.1100698411;11.00219822;48.34941499;-0.2263254076;-0.06612611562;0.3975202441;14
48.343524;0.1004985496;0.1052841991;10.96869946;48.35151666;-0.2226602137;-0.06979130208;0.3975202441;14
48.34562562;0.1674975902;0.09571290761;10.94955635;48.35361833;-0.2177732885;-0.07223475724;0.3938550651;14
48.34772728;0.2201396823;0.1052841991;10.9304142;48.35571994;-0.2153298408;-0.07223475724;0.3914116025;14
48.34982895;0.2584248483;0.1052841991;10.90648556;48.35782161;-0.2141081095;-0.07345648855;0.3865246773;14
48.35193062;0.2919243574;0.1004985496;10.87777138;48.35992322;-0.2128863782;-0.07467821985;0.3840812445;14
48.35403228;0.3302095234;0.06699903309;10.82991505;48.36202494;-0.2116646469;-0.07589995116;0.377972573;14
48.3561339;0.3732803464;0.05264209956;10.79162979;48.36412656;-0.2116646469;-0.07589995116;0.3730856776;14
48.35823557;0.3972085714;0.02871387079;10.77248764;48.36622822;-0.2067777216;-0.07712167501;0.3657552898;14
48.36033718;0.4689932466;0.0;10.73420238;48.36832989;-0.2043342739;-0.07467821985;0.3596466482;14
48.3624389;0.4881358147;-0.02871387079;10.75813103;48.3704315;-0.20066908;-0.07467821985;0.3510945439;14
48.36454051;0.5359922647;-0.04307080805;10.79641533;48.37253317;-0.1970038861;-0.07712167501;0.3437641561;14
48.36664218;0.5838487148;-0.05742774159;10.82034397;48.37463484;-0.1872300506;-0.07712167501;0.3352120519;14
48.36874385;0.6077769399;-0.08135596663;10.88734341;48.37673645;-0.1811214089;-0.07956513762;0.324216485;14
48.37084546;0.6221339107;-0.1339980662;10.94955635;48.37883812;-0.1725693047;-0.07956513762;0.3156643808;14
48.37294713;0.6604190469;-0.1674975902;11.01655579;48.38093978;-0.1603520066;-0.07834340632;0.3046688139;14
48.3750488;0.6699903607;-0.2009970993;11.11226845;48.38304145;-0.1469129771;-0.08323032409;0.2924515009;14
48.37715041;0.7178468108;-0.2201396823;11.17926693;48.38514312;-0.1359174103;-0.08445205539;0.277790755;14
48.37925208;0.756131947;-0.2344966233;11.28455162;48.38724478;-0.1224783882;-0.08811724186;0.2643517256;14
48.38135374;0.8087740541;-0.2584248483;11.35633659;48.3893464;-0.1065959036;-0.09544762224;0.2509126961;14
48.38345541;0.837487936;-0.2727817893;11.43290615;48.39144807;-0.09193515033;-0.10033454;0.235030219;14
48.38555708;0.8805587292;-0.2823530734;11.48554897;48.39354973;-0.07849612087;-0.1101083755;0.2191477418;14
48.38765874;0.9044869542;-0.2967100143;11.49990559;48.39565135;-0.06505709887;-0.1174387559;0.2032652497;14
48.38976036;0.9475577474;-0.2967100143;11.50947666;48.39775301;-0.05406153202;-0.1259908676;0.18493931;14
48.39186202;0.9667003751;-0.3302095234;11.48554897;48.39985463;-0.04428769648;-0.1296560466;0.1690568328;14
48.39396369;0.9858429432;-0.3397808075;11.43769264;48.4019563;-0.03329212964;-0.1369864196;0.1507308781;14
48.3960653;0.9954141974;-0.3493520916;11.35633659;48.40405796;-0.02596175298;-0.1382081509;0.1336266696;14
48.39816697;1.000199914;-0.3541377485;11.29890823;48.40615963;-0.01863137633;-0.1455385387;0.117744185;14
48.40026859;0.9762716293;-0.3397808075;11.22233772;48.4082613;-0.01374445762;-0.1492037177;0.1030834317;14
48.40237025;0.9619147182;-0.3349951804;11.1314106;48.41036291;-0.007635809947;-0.1528689116;0.09086613357;14
48.40447192;0.9332008362;-0.3254238665;11.06441212;48.41246458;-0.003970621154;-0.1553123742;0.07742711157;14
48.40657359;0.8949156404;-0.2727817893;10.96869946;48.41456624;-0.002748891478;-0.1589775532;0.06765327603;14
48.40867525;0.8518448472;-0.2440679073;10.89212894;48.41666801;-0.0003054323897;-0.1626427472;0.06032289565;14
48.41077687;0.7944171429;-0.2105683982;10.80120182;48.41876952;0.0033597562;-0.1638644785;0.0542142503;14
48.41287853;0.7274180651;-0.1627119333;10.71506023;48.42087119;0.0033597562;-0.1638644785;0.04932733253;14
48.4149802;0.6317051649;-0.1004985496;10.63370419;48.42297286;0.002138026757;-0.1614210159;0.04321868345;14
48.41708197;0.5838487148;-0.0382851623;10.54277611;48.42507452;0.004581485875;-0.1626427472;0.03833176568;14
48.41918348;0.5216353536;0.0239282269;10.46142101;48.42717619;0.004581485875;-0.1577558219;0.03466657549;14
48.42128515;0.4737788737;0.08614161611;10.38963604;48.42927781;0.004581485875;-0.1540906429;0.02977965772;14
48.42338682;0.4402793646;0.1339980662;10.28913784;48.43137947;0.004581485875;-0.1492037177;0.02733619884;14
48.42548848;0.3876372576;0.1722832322;10.23170948;48.43348114;0.004581485875;-0.1430950761;0.02489273995;14
48.42759015;0.3589234054;0.2009970993;10.15992451;48.43558275;0.004581485875;-0.1345429718;0.02367101051;14
48.42969176;0.3349951804;0.2249253243;10.10728264;48.43768442;0.002138026757;-0.1247691289;0.02122755162;14
48.43179343;0.3110669553;0.2632105052;10.01156998;48.43978609;-0.00152716192;-0.113773562;0.02122755162;14
48.4338951;0.2775674164;0.2919243574;9.911071777;48.44188775;-0.005192350596;-0.1027780026;0.01878409274;14
48.43599671;0.2584248483;0.3110669553;9.844072342;48.44398942;-0.0100792693;-0.08811724186;0.02000582218;14
48.43809838;0.2249253243;0.3541377485;9.762716293;48.44609103;-0.01496618707;-0.07467821985;0.02122755162;14
48.44020005;0.2009970993;0.3780659735;9.686145782;48.4481927;-0.01740964688;-0.06246092543;0.02244928107;14
48.44230171;0.1531406492;0.3972085714;9.614361763;48.45029437;-0.02596175298;-0.0490218997;0.02611446939;14
48.44440338;0.1052841991;0.4259224236;9.600004196;48.45239603;-0.03084867075;-0.03558287397;0.02977965772;14
48.44650499;0.07178468257;0.4450650215;9.566504478;48.45449765;-0.03451386094;-0.02336557768;0.03344484791;14
48.44860666;0.04785645381;0.4642075896;9.561718941;48.45659932;-0.03940077871;-0.01481347065;0.0358883068;14
48.45070833;0.02871387079;0.4642075896;9.57129097;48.45870098;-0.04306596518;-0.003817904973;0.03833176568;14
48.45280999;0.0143569354;0.4689932466;9.595218658;48.4608026;-0.04428769648;0.00351247238;0.04321868345;14
48.45491161;-0.009571290575;0.4642075896;9.619147301;48.46290432;-0.04550942779;0.008399390616;0.04566214234;14
48.45701327;-0.01914258115;0.4402793646;9.657432556;48.46500593;-0.04673115537;0.01206457894;0.04932733253;14
48.45911494;-0.0382851623;0.4115654826;9.734002113;48.4671076;-0.04795288667;0.01817322709;0.05054906011;14
48.46121656;-0.05264209956;0.3972085714;9.781859398;48.46920921;-0.04795288667;0.01939495653;0.05177079141;14
48.46331827;-0.06221338734;0.3732803464;9.834501266;48.47131088;-0.04673115537;0.02061668597;0.0542142503;14
48.46541989;-0.07178468257;0.3780659735;9.901499748;48.47341254;-0.04673115537;0.01939495653;0.0542142503;14
48.46752156;-0.09092725813;0.3397808075;9.958928108;48.47551421;-0.04306596518;0.01817322709;0.05177079141;14
48.46962317;-0.0765703246;0.3206382394;10.03071213;48.47761583;-0.0418442376;0.01328630932;0.04932733253;14
48.47172484;-0.06221338734;0.3062812984;10.09771156;48.47971749;-0.03817904741;0.007177661173;0.04321868345;14
48.4738265;0.0;0.2823530734;10.17906761;48.48181916;-0.03817904741;-0.002596175298;0.03711003438;14
48.47592817;0.09092725813;0.2488535494;10.23170948;48.48392083;-0.03451386094;-0.008704823442;0.02733619884;14
48.47802978;0.1770688742;0.2153540403;10.25563812;48.48602244;-0.03084867075;-0.01725693047;0.01634063199;14
48.48013145;0.2679961324;0.1579262912;10.27956581;48.48812411;-0.03084867075;-0.02214384824;0.004123337101;14
48.48223312;0.3254238665;0.1244267747;10.28913784;48.49022577;-0.02962694131;-0.0294742249;-0.006872228812;14
48.48433478;0.3589234054;0.04307080805;10.28435135;48.49232744;-0.02718348242;-0.03069595434;-0.01664606482;14
48.4864364;0.4019941986;-0.009571290575;10.2652092;48.49442911;-0.02474002354;-0.03558287397;-0.03130681813;14
48.48853807;0.4163511395;-0.07178468257;10.27478027;48.49653072;-0.02474002354;-0.03802633286;-0.04474584386;14
48.49063973;0.4450650215;-0.1100698411;10.29392338;48.49863239;-0.0235182941;-0.03924806044;-0.05818486959;14
48.4927414;0.4785645306;-0.1387837082;10.35613632;48.500734;-0.01863137633;-0.03924806044;-0.07040216774;14
48.49484307;0.5072783828;-0.1722832322;10.39442158;48.50283567;-0.01130099874;-0.04169152305;-0.08628465235;14
48.49694468;0.5455635786;-0.2105683982;10.45663452;48.50493734;-0.006414080039;-0.04169152305;-0.1009454057;14
48.49904635;0.5838487148;-0.2153540403;10.49491978;48.507039;0.0033597562;-0.04291325063;-0.1143844277;14
48.50114796;0.6221339107;-0.2632105052;10.53320503;48.50914062;0.01191186346;-0.04413498193;-0.1278234571;14
48.50324963;0.6364908218;-0.2775674164;10.57149029;48.51124228;0.01924224012;-0.04413498193;-0.1412624866;14
48.5053513;0.650847733;-0.2632105052;10.62891865;48.51334395;0.02901607752;-0.04535670951;-0.1547015011;14
48.50745296;0.6460621357;-0.2775674164;10.67677498;48.51544562;0.04001164436;-0.04535670951;-0.165697068;14
48.50955458;0.6077769399;-0.2584248483;10.72463131;48.51754728;0.04734202102;-0.0478001684;-0.1754709035;14
48.51165624;0.5551348329;-0.2584248483;10.748559;48.5196489;0.05833758786;-0.0478001684;-0.1864664704;14
48.51375791;0.5359922647;-0.2392822653;10.75334454;48.52175057;0.06322450191;-0.04657844082;-0.1962403059;14
48.51585958;0.5168496966;-0.2440679073;10.74377346;48.52385223;0.07055488229;-0.04657844082;-0.2072358727;14
48.51796124;0.5024927258;-0.2057827413;10.71027374;48.52595385;0.07544180006;-0.04657844082;-0.2145662606;14
48.52006286;0.4594219327;-0.1818545163;10.70070267;48.52805551;0.07788526267;-0.04535670951;-0.2194531709;14
48.52216452;0.4019941986;-0.1531406492;10.63848972;48.53015718;0.08032871783;-0.04169152305;-0.2280052751;14
48.52426619;0.3637090325;-0.1052841991;10.59063339;48.53225885;0.08155044913;-0.03802633286;-0.2328922004;14
48.5263678;0.3062812984;-0.07178468257;10.51884842;48.53436051;0.08277218044;-0.03436114267;-0.2365573794;14
48.52846947;0.2536391914;-0.0239282269;10.46620655;48.53646213;0.07910698652;-0.02825249545;-0.2402225733;14
48.53057114;0.2057827413;0.02871387079;10.40399265;48.5385638;0.07544180006;-0.02214384824;-0.2414443046;14
48.53267281;0.1627119333;0.08614161611;10.37049294;48.54066541;0.07299833745;-0.01359174121;-0.2426660359;14
48.53477447;0.0765703246;0.1387837082;10.36092186;48.54276713;0.07055488229;-0.009926552884;-0.2402225733;14
48.53687609;0.009571290575;0.1914258152;10.30349445;48.54486874;0.06811141968;-0.002596175298;-0.2377791107;14
48.53897775;-0.07178468257;0.2488535494;10.30827999;48.54697041;0.06566796452;0.004734201822;-0.231670469;14
48.54107937;-0.1483550072;0.2775674164;10.34177971;48.54907208;0.06444623321;0.009621120058;-0.2255618125;14
48.54318109;-0.2297109663;0.3110669553;10.39920712;48.55117369;0.06566796452;0.01695149764;-0.2194531709;14
48.5452827;-0.3014956415;0.3541377485;10.44227791;48.55327536;0.06811141968;0.02061668597;-0.2109010667;14
48.54738437;-0.3828516304;0.3828516304;10.51884842;48.55537702;0.07177661359;0.02306014486;-0.2011272311;14
48.54948603;-0.4450650215;0.4211367965;10.62891865;48.55747869;0.07666353136;0.02550360374;-0.1876882017;14
48.55158765;-0.5312066078;0.4354937077;10.75334454;48.55958031;0.08399390429;0.0242818743;-0.1791360974;14
48.55368932;-0.6125625968;0.4689932466;10.84427261;48.56168197;0.08765909821;0.02550360374;-0.1669187993;14
48.55579098;-0.6843472719;0.4833501875;10.94955635;48.56378364;0.09498947114;0.0242818743;-0.1571449637;14
48.55789265;-0.732203722;0.4977070987;11.01177025;48.5658853;0.1023198515;0.02061668597;-0.1473711282;14
48.55999426;-0.7226324677;0.4977070987;11.07398319;48.56798697;0.1096502244;0.01939495653;-0.1400407553;14
48.56209593;-0.6843472719;0.5168496966;11.14098263;48.57008859;0.1133154184;0.0157297682;-0.1327103674;14
48.5641976;-0.650847733;0.5168496966;11.16969585;48.57219025;0.1169806048;0.008399390616;-0.1241582632;14
48.56629926;-0.6173482537;0.5024927258;11.21755219;48.57429192;0.1194240674;0.007177661173;-0.1168278903;14
48.56840093;-0.5599204898;0.4977070987;11.18883896;48.57639359;0.1218675226;0.004734201822;-0.1119409725;14
48.57050255;-0.5359922647;0.4689932466;11.19841003;48.5784952;0.1243109852;0.001069013379;-0.1082757786;14
48.57260421;-0.4977070987;0.4307080805;11.18405342;48.58059687;0.1255327165;-0.0001527161949;-0.1033888608;14
48.57470588;-0.4450650215;0.4163511395;11.15533924;48.58269853;0.1267544478;-0.003817904973;-0.102167137;14
48.57680754;-0.3637090325;0.3780659735;11.17448139;48.58480015;0.1291978955;-0.006261364091;-0.1009454057;14
48.57890916;-0.2727817893;0.3445664644;11.18883896;48.58690182;0.1316413581;-0.01359174121;-0.1009454057;14
48.58101083;-0.1818545163;0.3110669553;11.24626637;48.58900348;0.1365282834;-0.02214384824;-0.102167137;14
48.58311249;-0.1004985496;0.2488535494;11.28455162;48.59110515;0.142636925;-0.0294742249;-0.1046105921;14
48.58521411;-0.009571290575;0.2392822653;11.36112213;48.59320682;0.1475238502;-0.04169152305;-0.1070540547;14
48.58731577;0.03349951655;0.1770688742;11.42812061;48.59530843;0.1548542231;-0.05390881747;-0.1107192412;14
48.58941744;0.08135596663;0.1435693651;11.50947666;48.5974101;0.1621845961;-0.06856957078;-0.1180496216;14
48.59151911;0.1244267747;0.1196411327;11.54297638;48.59951171;0.1707367003;-0.08445205539;-0.1229365394;14
48.59362077;0.1579262912;0.06699903309;11.6339035;48.60161338;0.1805105358;-0.1027780026;-0.1302669197;14
48.59572239;0.2105683982;0.0382851623;11.69133186;48.60371504;0.192727834;-0.1211039424;-0.1363755614;14
48.59782406;0.2249253243;0.0143569354;11.76790142;48.60581671;0.2000582218;-0.1455385387;-0.1437059343;14
48.59992567;0.2679961324;-0.004785645287;11.81097221;48.60791833;0.2086103261;-0.1687513888;-0.1510363221;14
48.60202734;0.2871387303;-0.009571290575;11.86840057;48.61001999;0.2171624303;-0.1944077164;-0.158366695;14
48.604129;0.2919243574;-0.01914258115;11.8588295;48.61212166;0.2232710719;-0.2225074917;-0.165697068;14
48.60623067;0.3062812984;-0.04307080805;11.87797165;48.61422333;0.2281579971;-0.2481638193;-0.1730274558;14
48.60833228;0.3206382394;-0.04785645381;11.84447193;48.61632499;0.2330449075;-0.2762635946;-0.18157956;14
48.61043395;0.3445664644;-0.04307080805;11.81097221;48.61842666;0.2367101014;-0.2994764447;-0.188909933;14
48.61253562;0.3732803464;-0.05742774159;11.76790142;48.62052827;0.2415970266;-0.323911041;-0.1999054998;14
48.61463728;0.4163511395;-0.06699903309;11.73440266;48.62262994;0.242818743;-0.3471239209;-0.2084576041;14
48.61673895;0.4785645306;-0.04785645381;11.66740322;48.62473161;0.2464839369;-0.3642281294;-0.2194531709;14
48.61884062;0.5264210105;-0.06699903309;11.60519028;48.62683322;0.2501491308;-0.3825540543;-0.2304487377;14
48.62094223;0.5886343718;-0.06699903309;11.56690502;48.62893489;0.2525925934;-0.3959930837;-0.2426660359;14
48.6230439;0.6556333899;-0.07178468257;11.52383423;48.63103656;0.2587012351;-0.4082103968;-0.2536616027;14
48.62514557;0.7274180651;-0.05742774159;11.48076344;48.63313822;0.2672533393;-0.416762501;-0.2671006322;14
48.62724718;0.7944171429;-0.08614161611;11.45204926;48.63523984;0.2745837271;-0.4192059636;-0.2805396616;14
48.62934885;0.8422735929;-0.0765703246;11.41854954;48.6373415;0.2819140851;-0.4216494262;-0.2952004075;14
48.63145051;0.8949156404;-0.1004985496;11.37547874;48.63944317;0.2916879356;-0.4179842174;-0.3098611534;14
48.63355218;0.9379864931;-0.1100698411;11.31805134;48.64154478;0.2990183234;-0.4155407548;-0.3233001828;14
48.6356538;0.9906286001;-0.1244267747;11.27976608;48.64364645;0.3063486814;-0.4082103968;-0.3391826749;14
48.63775546;1.019342422;-0.1531406492;11.21755219;48.64574812;0.3173442483;-0.3959930837;-0.3538434207;14
48.63985713;1.071984529;-0.1531406492;11.16969585;48.64784978;0.3295615613;-0.3825540543;-0.3697259128;14
48.64195874;1.115055323;-0.1531406492;11.09312534;48.6499514;0.3368919194;-0.3678933084;-0.3807214797;14
48.64406041;1.143769264;-0.1483550072;11.02612686;48.65205307;0.3466657698;-0.3483456373;-0.3941605091;14
48.64616208;1.138983607;-0.1483550072;10.94477081;48.65415473;0.3564395905;-0.3300196826;-0.4063777924;14
48.64826374;1.162911773;-0.1387837082;10.84427261;48.65625635;0.3649916947;-0.3092502952;-0.4173733592;14
48.65036536;1.16769743;-0.1004985496;10.74377346;48.65835801;0.3723220825;-0.2872591615;-0.4271472096;14
48.65246702;1.191625714;-0.04307080805;10.68156052;48.66045968;0.3796524704;-0.2652680278;-0.4356993139;14
48.65456869;1.186840057;-0.004785645287;10.5858469;48.66256135;0.3845393658;-0.2420551628;-0.4442514181;14
48.65667031;1.148554921;0.04307080805;10.46620655;48.66466296;0.3869828284;-0.2176205814;-0.4503600597;14
48.65877197;1.115055323;0.08614161611;10.37527943;48.66676468;0.3882045746;-0.1931859851;-0.4564687014;14
48.66087364;1.067198873;0.1387837082;10.28435135;48.6688663;0.389426291;-0.1687513888;-0.4637990892;14
48.6629753;1.028913736;0.1866401732;10.18863869;48.67096796;0.3918697536;-0.1406516135;-0.4699077308;14
48.66507692;0.9954141974;0.2009970993;10.07856941;48.67306963;0.3930914998;-0.1174387559;-0.4760163724;14
48.66717864;0.9714859724;0.2105683982;9.997213364;48.67517124;0.3918697536;-0.09422589093;-0.4809032977;14
48.66928025;0.9571290612;0.2153540403;9.920642853;48.67727291;0.3906480372;-0.07345648855;-0.4870119393;14
48.67138192;0.9714859724;0.2297109663;9.872786522;48.67937458;0.3882045746;-0.05390881747;-0.4918988645;14
48.67348359;0.9619147182;0.2823530734;9.786644936;48.68147624;0.3845393658;-0.03558287397;-0.4980075061;14
48.6755852;0.9332008362;0.3014956415;9.724431038;48.68357786;0.382095933;-0.01970038936;-0.5016726851;14
48.67768687;0.9044869542;0.3493520916;9.676574707;48.68567952;0.3759872615;-0.005039634649;-0.5065596104;14
48.67978853;0.8518448472;0.3637090325;9.609575272;48.68778119;0.3723220825;0.01206457894;-0.5102248192;14
48.6818902;0.8183453679;0.3876372576;9.566504478;48.68988286;0.3649916947;0.02550360374;-0.512668252;14
48.68399182;0.8039883971;0.4019941986;9.552147865;48.69198447;0.3576613367;0.03527744114;-0.5163334608;14
48.68609348;0.7704889178;0.4354937077;9.518648148;48.69408614;0.3539961278;0.04749473557;-0.5163334608;14
48.68819515;0.732203722;0.4498506486;9.518648148;48.6961878;0.3478874862;0.05604684353;-0.5175551772;14
48.69029682;0.6843472719;0.4737788737;9.537791252;48.69828942;0.3466657698;0.0609337613;-0.5175551772;14
48.69239843;0.6317051649;0.4833501875;9.580862045;48.70039109;0.343000561;0.06704241037;-0.5187768936;14
48.6945001;0.5599204898;0.4689932466;9.609575272;48.70249275;0.3417788446;0.06948586553;-0.5199986696;14
48.69660176;0.5024927258;0.4546363056;9.671789169;48.70459442;0.3381136656;0.06826414168;-0.5236638188;14
48.69870338;0.4307080805;0.4163511395;9.724431038;48.70669603;0.3368919194;0.06337722391;-0.5261073112;14
48.70080504;0.3828516304;0.4067798555;9.762716293;48.7087977;0.3344484568;0.05482511222;-0.5285507441;14
48.70290671;0.3493520916;0.4211367965;9.772287369;48.71089937;0.3307832778;0.0426078178;-0.5297724605;14
48.70500838;0.2967100143;0.4354937077;9.810572624;48.71300103;0.3271180987;0.02550360374;-0.5297724605;14
48.70710999;0.2392822653;0.4594219327;9.834501266;48.7151027;0.3234528899;0.004734201822;-0.5297724605;14
48.70921166;0.1483550072;0.4833501875;9.896714211;48.71720432;0.3149007857;-0.01603520103;-0.5273290277;14
48.71131333;0.09571290761;0.5264210105;9.949356079;48.71930598;0.3100138903;-0.03924806044;-0.5236638188;14
48.71341499;0.05742774159;0.5838487148;9.911071777;48.72140765;0.3039052188;-0.05635227636;-0.5187768936;14
48.71551666;-0.02871387079;0.6364908218;9.834501266;48.72350926;0.2990183234;-0.07101303339;-0.512668252;14
48.71761827;-0.1052841991;0.6747759581;9.8201437;48.72561093;0.2941313982;-0.09056070447;-0.5077813268;14
48.71971994;-0.1770688742;0.6699903607;9.87757206;48.7277126;0.2904661894;-0.1076649204;-0.5041161776;14
48.72182161;-0.2105683982;0.6317051649;9.915857315;48.72981426;0.2868010104;-0.1259908676;-0.5028944016;14
48.72392322;-0.2201396823;0.6077769399;9.944570541;48.73191588;0.2819140851;-0.14676027;-0.505337894;14
48.72602489;-0.2249253243;0.5694918036;9.949356079;48.73401754;0.2782489061;-0.1626427472;-0.5090031028;14
48.72812656;-0.2201396823;0.5264210105;9.944570541;48.73611921;0.2770271897;-0.1821904182;-0.512668252;14
48.73022822;-0.1770688742;0.4594219327;9.920642853;48.73822088;0.2721402645;-0.2029598206;-0.5199986696;14
48.73232984;-0.1387837082;0.4259224236;9.944570541;48.74032249;0.2721402645;-0.223729223;-0.5236638188;14
48.7344315;-0.1052841991;0.3876372576;9.949356079;48.74242416;0.2684750557;-0.2408334464;-0.5285507441;14
48.73653317;-0.0765703246;0.3637090325;9.939785004;48.74452583;0.2660316229;-0.2530507445;-0.5334376693;14
48.73863484;-0.05742774159;0.3684946895;9.920642853;48.74662749;0.2611446977;-0.2591593862;-0.5346593857;14
48.74073645;-0.009571290575;0.3828516304;9.887143135;48.74872916;0.2574795187;-0.2554942071;-0.5334376693;14
48.74283812;0.009571290575;0.4067798555;9.786644936;48.75083077;0.2538143098;-0.2493855506;-0.5297724605;14
48.74493978;0.009571290575;0.4689932466;9.69093132;48.75293244;0.2538143098;-0.2408334464;-0.5224421024;14
48.74704145;0.0;0.4785645306;9.657432556;48.75503411;0.2562577724;-0.2335030586;-0.5187768936;14
48.74914312;-0.0765703246;0.4833501875;9.676574707;48.75713572;0.2574795187;-0.2225074917;-0.5175551772;14
48.75124473;-0.1244267747;0.4307080805;9.777072906;48.75923739;0.2635881603;-0.2115119249;-0.5224421024;14
48.7533464;-0.1387837082;0.3445664644;9.853643417;48.76133906;0.2709185183;-0.2017380893;-0.5273290277;14
48.75544807;-0.07178468257;0.2584248483;9.868000984;48.76344072;0.2782489061;-0.1944077164;-0.5322159529;14
48.75754968;-0.009571290575;0.1962114573;9.911071777;48.76554234;0.285579294;-0.1907425225;-0.5371028781;14
48.75965135;0.08135596663;0.1579262912;9.920642853;48.767644;0.2941313982;-0.1858556122;-0.5444332361;14
48.76175301;0.1244267747;0.1435693651;9.939785004;48.76974567;0.3026835024;-0.1797469556;-0.5493201613;14
48.76385468;0.1435693651;0.1292124242;9.95414257;48.77184734;0.3087921441;-0.1687513888;-0.5529853702;14
48.7659563;0.1435693651;0.1483550072;9.930213928;48.773949;0.3124573231;-0.1553123742;-0.5566505194;14
48.76805796;0.1579262912;0.1387837082;9.853643417;48.77605062;0.3161225319;-0.1369864196;-0.5615374446;14
48.77015963;0.1770688742;0.1339980662;9.767501831;48.77815228;0.3222311735;-0.1162170246;-0.5676460862;14
48.7722613;0.2297109663;0.1435693651;9.700503349;48.78025395;0.3283398151;-0.08811724186;-0.5737547278;14
48.77436296;0.3014956415;0.1531406492;9.633503914;48.78235557;0.3332267404;-0.06368265301;-0.5810851455;14
48.77646458;0.3589234054;0.1483550072;9.580862045;48.78445723;0.339335382;-0.03680460155;-0.5871937871;14
48.77856624;0.4259224236;0.1818545163;9.547362328;48.7865589;0.3454440236;-0.008704823442;-0.5933024287;14
48.78066791;0.4642075896;0.1722832322;9.585647583;48.78866057;0.351552695;0.01328630932;-0.5981893539;14
48.78276952;0.4498506486;0.1722832322;9.556933403;48.79076218;0.3552178741;0.03405570984;-0.6030762792;14
48.78487119;0.4211367965;0.1818545163;9.561718941;48.79286385;0.3588830531;0.05360338464;-0.605519712;14
48.78697286;0.3397808075;0.2009970993;9.518648148;48.79496551;0.3662134409;0.07192932814;-0.6104066372;14
48.78907452;0.2823530734;0.1962114573;9.504291534;48.79706713;0.3735437989;0.09269873053;-0.614071846;14
48.79117614;0.2297109663;0.1962114573;9.552147865;48.79916885;0.3845393658;0.1098029464;-0.6189587116;14
48.7932778;0.1866401732;0.2105683982;9.590433121;48.80127046;0.3943132162;0.1281288862;-0.6238456368;14
48.79537947;0.1674975902;0.2153540403;9.633503914;48.80337213;0.4040870368;0.1415679157;-0.6275108457;14
48.79748109;0.1244267747;0.2249253243;9.657432556;48.8054738;0.4126391709;0.1537852138;-0.6299542785;14
48.7995828;0.1148554832;0.2392822653;9.686145782;48.80757541;0.4236347377;0.1660024971;-0.6311760545;14
48.80168442;0.06699903309;0.2488535494;9.729216576;48.80967708;0.4334085584;0.169667691;-0.6323977709;14
48.80378609;-0.009571290575;0.2344966233;9.757930756;48.81177874;0.4419606626;0.169667691;-0.6311760545;14
48.80588775;-0.09092725813;0.2440679073;9.796216011;48.81388041;0.4505127668;0.1623373181;-0.6250674129;14
48.80798937;-0.2249253243;0.2727817893;9.824930191;48.81598202;0.4553996921;0.1501200199;-0.6189587116;14
48.81009103;-0.3445664644;0.3110669553;9.810572624;48.81808369;0.4566214085;0.1366809905;-0.6152935624;14
48.8121927;-0.4594219327;0.3780659735;9.796216011;48.82018536;0.4590648711;0.1171333194;-0.6067414284;14
48.81429437;-0.5503492355;0.4402793646;9.743574142;48.82228702;0.4566214085;0.09514218569;-0.6042979956;14
48.81639598;-0.6221339107;0.4785645306;9.657432556;48.82438864;0.4492910504;0.0743727833;-0.5994110703;14
48.81849765;-0.6652047038;0.5312066078;9.556933403;48.8264903;0.4419606626;0.04993819445;-0.5957458615;14
48.82059932;-0.7130611539;0.5647061467;9.456435204;48.82859197;0.4334085584;0.02183841541;-0.5945241451;14
48.82270098;-0.7417750359;0.6029912829;9.36550808;48.83069364;0.4199695289;-0.006261364091;-0.5896372199;14
48.8248026;-0.760917604;0.6317051649;9.269794464;48.83279525;0.4065304995;-0.03313941509;-0.5884155035;14
48.82690426;-0.7896314859;0.6556333899;9.164510727;48.83489692;0.3906480372;-0.06123919412;-0.5847502947;14
48.82900593;-0.8087740541;0.70348984;9.054440498;48.83699859;0.3723220825;-0.08811724186;-0.5786416531;14
48.8311076;-0.8327022791;0.732203722;8.968298912;48.83910025;0.3539961278;-0.1186604798;-0.571311295;14
48.83320921;-0.8757730722;0.7992027402;8.896514893;48.84120192;0.3295615613;-0.1455385387;-0.5615374446;14
48.83531088;-0.9379864931;0.8614161611;8.819944382;48.84330353;0.3100138903;-0.1699731201;-0.5480984449;14
48.83741255;-1.024128079;0.8709874153;8.72423172;48.8454052;0.2880227566;-0.1956294477;-0.5322159529;14
48.83951421;-1.091127157;0.9284151793;8.671588898;48.84750682;0.2684750557;-0.2176205814;-0.5187768936;14
48.84161588;-1.201196909;1.000199914;8.642875671;48.84960848;0.2489273995;-0.2359465212;-0.5016726851;14
48.84371749;-1.292124271;1.067198873;8.633303642;48.85171015;0.2306014597;-0.2493855506;-0.4882336855;14
48.84581916;-1.349551916;1.105484009;8.599804878;48.85381182;0.2147189677;-0.2616028488;-0.474794656;14
48.84792077;-1.378265858;1.143769264;8.571090698;48.85591343;0.2000582218;-0.2640463114;-0.4637990892;14
48.85002244;-1.383051515;1.162911773;8.585447311;48.8580151;0.1866191924;-0.266489774;-0.4540252388;14
48.85212411;-1.368694544;1.153340459;8.618947029;48.86011676;0.1780670881;-0.2677114904;-0.4466948807;14
48.85422577;-1.330409408;1.153340459;8.681160927;48.86221838;0.1756236255;-0.2616028488;-0.4393644929;14
48.85632739;-1.296909928;1.129412293;8.738588333;48.8643201;0.1744018942;-0.2518289983;-0.4356993139;14
48.85842906;-1.26341033;1.0863415;8.805587769;48.86642171;0.1744018942;-0.2396117151;-0.4271472096;14
48.86053072;-1.244267821;1.033699393;8.87258625;48.86852338;0.1780670881;-0.2310595959;-0.424703747;14
48.86263234;-1.210768223;0.9906286001;8.906085968;48.87062505;0.1817322671;-0.2212857604;-0.4185950756;14
48.86473406;-1.201196909;0.94277215;8.997013092;48.87272666;0.1866191924;-0.2127336562;-0.4137081802;14
48.86683567;-1.186840057;0.8949156404;9.05922699;48.87482833;0.1939495653;-0.2041815519;-0.4075995386;14
48.86893734;-1.196411371;0.866201818;9.078369141;48.87692999;0.1976147592;-0.196851179;-0.4014908671;14
48.871039;-1.162911773;0.8949156404;9.111868858;48.87903166;0.2037234008;-0.1907425225;-0.3978256881;14
48.87314062;-1.172483087;0.9044869542;9.131011009;48.88113333;0.2049451321;-0.1821904182;-0.3941605091;14
48.87524228;-1.11984098;0.9044869542;9.121439934;48.88323494;0.2086103261;-0.1773035079;-0.3917170465;14
48.87734395;-1.062413216;0.9092726111;9.116654396;48.88533661;0.2073885947;-0.1675296724;-0.3904953003;14
48.87944562;-1.000199914;0.8949156404;9.107083321;48.88743827;0.2086103261;-0.1553123742;-0.3929387629;14
48.88154728;-0.9236295223;0.8709874153;9.05922699;48.88953994;0.2049451321;-0.14676027;-0.3978256881;14
48.8836489;-0.837487936;0.8327022791;8.968298912;48.89164156;0.2037234008;-0.1382081509;-0.4027126133;14
48.88575057;-0.756131947;0.813559711;8.877371788;48.89374322;0.2061668634;-0.1284343153;-0.4063777924;14
48.88785223;-0.6939185858;0.8039883971;8.815158844;48.89584489;0.2061668634;-0.1211039424;-0.4100429714;14
48.8899539;-0.626919508;0.7513462901;8.824729919;48.8979465;0.2098320574;-0.1186604798;-0.4149298966;14
48.89205551;-0.5886343718;0.70348984;8.891729355;48.90004817;0.2098320574;-0.1149952933;-0.4198168218;14
48.89415718;-0.5647061467;0.6556333899;8.968298912;48.90214984;0.2086103261;-0.1101083755;-0.4259254634;14
48.89625885;-0.5838487148;0.626919508;9.00179863;48.9042515;0.2110537887;-0.1039997265;-0.4320341051;14
48.89836046;-0.5599204898;0.626919508;8.982656479;48.90635312;0.2110537887;-0.1015562713;-0.4405862093;14
48.90046213;-0.5790630579;0.6460621357;8.925228119;48.90845478;0.2110537887;-0.1076649204;-0.4442514181;14
48.9025638;-0.5982056856;0.6556333899;8.906085968;48.91055645;0.2073885947;-0.1174387559;-0.4515817761;14
48.90466546;-0.626919508;0.6412764788;8.930013657;48.91265812;0.2073885947;-0.1357647032;-0.462577343;14
48.90676708;-0.6317051649;0.5886343718;8.968298912;48.91475978;0.2037234008;-0.1577558219;-0.4723511934;14
48.90886874;-0.6412764788;0.4977070987;8.949156761;48.9168614;0.2012799382;-0.1809686869;-0.4845684767;14
48.91097041;-0.6173482537;0.3828516304;8.934800148;48.91896307;0.1939495653;-0.2090684772;-0.4967857897;14
48.91307208;-0.5503492355;0.3206382394;8.925228119;48.92106473;0.1866191924;-0.2383899838;-0.5090031028;14
48.91517374;-0.4785645306;0.2967100143;8.87258625;48.92316635;0.1768453568;-0.2689332068;-0.5175551772;14
48.91727536;-0.4785645306;0.3254238665;8.848658562;48.92526801;0.1646280587;-0.2982547283;-0.5273290277;14
48.91937702;-0.4929214716;0.3445664644;8.786444664;48.92736968;0.1524107605;-0.323911041;-0.5334376693;14
48.92147869;-0.5312066078;0.4259224236;8.748159409;48.92947135;0.1365282834;-0.3520108163;-0.5395463109;14
48.9235803;-0.5742774606;0.4546363056;8.714659691;48.93157301;0.1206457913;-0.3788888752;-0.5432115197;14
48.92568197;-0.6173482537;0.4737788737;8.642875671;48.93367463;0.1072067693;-0.3984365463;-0.5468766689;14
48.92778364;-0.6460621357;0.5024927258;8.618947029;48.9357763;0.09376774728;-0.42042768;-0.5505418777;14
48.92988531;-0.6556333899;0.5216353536;8.590232849;48.93787796;0.07910698652;-0.4411970973;-0.5566505194;14
48.93198697;-0.6364908218;0.5359922647;8.566305161;48.93997963;0.06811141968;-0.4583013058;-0.5615374446;14
48.93408859;-0.6221339107;0.5503492355;8.528019905;48.94208124;0.05467239767;-0.4729620516;-0.5652026534;14
48.93619025;-0.5982056856;0.5503492355;8.504091263;48.94418291;0.04489856213;-0.4876227975;-0.5700895786;14
48.93829192;-0.5455635786;0.5503492355;8.480163574;48.94628458;0.03512472659;-0.4998401105;-0.5737547278;14
48.94039359;-0.5216353536;0.5359922647;8.46102047;48.94838624;0.02779434808;-0.5096139312;-0.5786416531;14
48.9424952;-0.4833501875;0.5503492355;8.437092781;48.95048786;0.01802051067;-0.5169443488;-0.5810851455;14
48.94459687;-0.4642075896;0.5407779217;8.427521706;48.95258952;0.01069013402;-0.5169443488;-0.5859720111;14
48.94669853;-0.4594219327;0.5312066078;8.398807526;48.95469114;0.0033597562;-0.5120574236;-0.5871937871;14
48.9488002;-0.4450650215;0.5120640397;8.38923645;48.95679281;-0.002748891478;-0.5071704984;-0.5871937871;14
48.95090182;-0.4689932466;0.5216353536;8.398807526;48.95889447;-0.006414080039;-0.4973966479;-0.5884155035;14
48.95300348;-0.4881358147;0.4881358147;8.432307243;48.96099614;-0.008857538924;-0.4864010811;-0.5896372199;14
48.9551051;-0.5024927258;0.4977070987;8.451449394;48.96309775;-0.008857538924;-0.4729620516;-0.5884155035;14
48.95720676;-0.5312066078;0.4881358147;8.513663292;48.96519942;-0.0100792693;-0.4595230222;-0.5884155035;14
48.95930843;-0.5551348329;0.5072783828;8.566305161;48.96730109;-0.006414080039;-0.4473057389;-0.5871937871;14
48.9614101;-0.5742774606;0.5072783828;8.642875671;48.96940275;-0.00152716192;-0.4363101721;-0.5859720111;14
48.96351171;-0.5694918036;0.5216353536;8.676374435;48.97150442;0.004581485875;-0.4216494262;-0.5859720111;14
48.96561338;-0.5790630579;0.5407779217;8.709874153;48.97360609;0.01069013402;-0.4118755758;-0.5847502947;14
48.96771505;-0.5982056856;0.5407779217;8.733802795;48.9757077;0.0131335929;-0.4008800089;-0.5823068619;14
48.96981671;-0.5886343718;0.5455635786;8.714659691;48.97780937;0.01679878123;-0.3886627257;-0.5810851455;14
48.97191838;-0.6077769399;0.5838487148;8.733802795;48.97991103;0.021685699;-0.3764454126;-0.5786416531;14
48.97402004;-0.6317051649;0.5790630579;8.700303078;48.98201265;0.02779434808;-0.3581194878;-0.5774199367;14
48.97612166;-0.6652047038;0.5742774606;8.642875671;48.98411432;0.0314595364;-0.3336848915;-0.5761982203;14
48.97822333;-0.6891329288;0.5982056856;8.595019341;48.98621598;0.03756818548;-0.3104720116;-0.5737547278;14
48.98032499;-0.7178468108;0.6221339107;8.575876236;48.98831765;0.04489856213;-0.2884808779;-0.5700895786;14
48.98242661;-0.7274180651;0.6699903607;8.542376518;48.99041932;0.0485637486;-0.2628245652;-0.5676460862;14
48.98452827;-0.7369893789;0.7226324677;8.532805443;48.99252093;0.05100720748;-0.2396117151;-0.563980937;14
48.98662994;-0.7513462901;0.7657032609;8.48973465;48.9946226;0.05589412898;-0.2176205814;-0.5578722358;14
48.98873161;-0.7800601721;0.8087740541;8.451449394;48.99672426;0.05833758786;-0.1931859851;-0.5529853702;14
48.99083327;-0.8231309652;0.813559711;8.417949677;48.99882588;0.06078104675;-0.1699731201;-0.5456549525;14
48.99293489;-0.8709874153;0.8231309652;8.374878883;49.00092754;0.06322450191;-0.14676027;-0.5371028781;14
48.99503656;-0.9188438654;0.8422735929;8.322237015;49.00302921;0.06322450191;-0.1284343153;-0.5297724605;14
48.99713822;-0.9571290612;0.8757730722;8.293522835;49.00513088;0.06078104675;-0.1088866442;-0.521220386;14
48.99923984;-1.000199914;0.8997012973;8.226524353;49.00723249;0.06200277433;-0.09178243577;-0.5138899684;14
49.0013415;-1.043270707;0.9188438654;8.18345356;49.00933416;0.05589412898;-0.07712167501;-0.5041161776;14
49.00344317;-1.067198873;0.94277215;8.149953842;49.01143583;0.05100720748;-0.06246092543;-0.4943423271;14
49.00554484;-1.095912814;0.9762716293;8.097311974;49.01353749;0.04612028971;-0.05146535859;-0.4833467603;14
49.00764645;-1.13419795;0.9858429432;8.049455643;49.01563911;0.03878991306;-0.04291325063;-0.4735729098;14
49.00974812;-1.172483087;1.000199914;8.015955925;49.01774077;0.02901607752;-0.03313941509;-0.4613556266;14
49.01184978;-1.196411371;1.014556766;7.948956966;49.01984244;0.01924224012;-0.0294742249;-0.4503600597;14
49.01395145;-1.21555388;1.019342422;7.929814339;49.02194411;0.009468403645;-0.02825249545;-0.4405862093;14
49.01605307;-1.244267821;1.028913736;7.910671711;49.02404572;-0.002748891478;-0.02458730713;-0.4308123887;14
49.01815473;-1.249053478;1.024128079;7.891529083;49.02614739;-0.01618791744;-0.02703076601;-0.4210385382;14
49.0202564;-1.244267821;1.014556766;7.886743546;49.02824906;-0.02718348242;-0.02703076601;-0.4137081802;14
49.02235807;-1.21555388;1.009771109;7.886743546;49.03035072;-0.04062250629;-0.0294742249;-0.4075995386;14
49.02445968;-1.21555388;0.9906286001;7.891529083;49.03245234;-0.05406153202;-0.03436114267;-0.4014908671;14
49.02656135;-1.1820544;0.9667003751;7.867600918;49.034554;-0.06872228533;-0.03924806044;-0.3978256881;14
49.02866301;-1.153340459;0.9475577474;7.867600918;49.03665567;-0.08216131479;-0.0478001684;-0.3941605091;14
49.03076468;-1.100698471;0.9379864931;7.896314621;49.03875734;-0.09315688163;-0.06246092543;-0.3892735839;14
49.0328663;-1.062413216;0.9236295223;7.929814339;49.040859;-0.1065959036;-0.07589995116;-0.3843866587;14
49.03496796;-1.03848505;0.8997012973;7.97767067;49.04296062;-0.1175914705;-0.09422589093;-0.3819431961;14
49.03706963;-1.03848505;0.8949156404;8.05424118;49.04506228;-0.1298087686;-0.1174387559;-0.3770562708;14
49.0391713;-1.03848505;0.8614161611;8.126026154;49.0471639;-0.1456912458;-0.1394298822;-0.3733910918;14
49.04127296;-1.03848505;0.8231309652;8.216953278;49.04926557;-0.1554650813;-0.1663079411;-0.3685041666;14
49.04337458;-1.057627559;0.813559711;8.298309326;49.05136723;-0.1664606482;-0.1919642538;-0.3648389876;14
49.04547624;-1.091127157;0.7896314859;8.379665375;49.0534689;-0.1786779463;-0.2212857604;-0.362395525;14
49.04757786;-1.095912814;0.760917604;8.441878319;49.05557051;-0.1896735132;-0.2493855506;-0.3575085998;14
49.04967952;-1.095912814;0.732203722;8.504091263;49.05767218;-0.2043342739;-0.2762635946;-0.3538434207;14
49.05178119;-1.095912814;0.7130611539;8.532805443;49.05977385;-0.2153298408;-0.3043633699;-0.3513999581;14
49.05388286;-1.03848505;0.70348984;8.561519623;49.06187551;-0.2312123179;-0.3324631453;-0.3513999581;14
49.05598447;-1.000199914;0.6987041831;8.571090698;49.06397718;-0.2446513474;-0.3556760252;-0.3526217043;14
49.05808614;-0.94277215;0.6987041831;8.580661774;49.0660788;-0.2593120933;-0.37400195;-0.355065167;14
49.06018781;-0.8997012973;0.70348984;8.599804878;49.06818046;-0.2703076601;-0.3898844421;-0.3575085998;14
49.06228947;-0.866201818;0.6987041831;8.604590416;49.07028213;-0.2813032269;-0.4033234715;-0.3611738086;14
49.06439114;-0.8231309652;0.6604190469;8.676374435;49.07238374;-0.2910770774;-0.4143190384;-0.3648389876;14
49.06649275;-0.784845829;0.650847733;8.705088615;49.07448541;-0.300850898;-0.4216494262;-0.3672824502;14
49.06859442;-0.760917604;0.6221339107;8.752944946;49.07658708;-0.3057378232;-0.424092859;-0.3685041666;14
49.07069609;-0.7513462901;0.6077769399;8.839086533;49.07868869;-0.3069595397;-0.4253146052;-0.3697259128;14
49.0727977;-0.756131947;0.5838487148;8.930013657;49.08079041;-0.3057378232;-0.4253146052;-0.3685041666;14
49.07489937;-0.7704889178;0.5742774606;8.982656479;49.08289202;-0.3045161068;-0.4216494262;-0.3648389876;14
49.07700103;-0.7513462901;0.5599204898;9.064012527;49.08499369;-0.300850898;-0.4179842174;-0.362395525;14
49.07910265;-0.760917604;0.5551348329;9.131011009;49.08709531;-0.2947422564;-0.4082103968;-0.3562868834;14
49.08120437;-0.7800601721;0.5599204898;9.202795982;49.08919697;-0.2861901522;-0.3972148299;-0.3513999581;14
49.08330598;-0.784845829;0.5694918036;9.250652313;49.09129864;-0.2764163017;-0.3837758005;-0.3428478539;14
49.08540765;-0.7752745152;0.5647061467;9.322437286;49.0934003;-0.2654207349;-0.366671592;-0.3355174661;14
49.08750926;-0.7896314859;0.5694918036;9.36550808;49.09550192;-0.2532034516;-0.3459021747;-0.3306305707;14
49.08961093;-0.7896314859;0.5742774606;9.44207859;49.09760364;-0.2385426909;-0.3251327872;-0.3220784664;14
49.0917126;-0.7992027402;0.5694918036;9.470791817;49.09970525;-0.223881945;-0.3031416535;-0.315969795;14
49.09381426;-0.784845829;0.5455635786;9.552147865;49.10180692;-0.2104429156;-0.2750418782;-0.3110828996;14
49.09591588;-0.756131947;0.5216353536;9.580862045;49.10390859;-0.1933387071;-0.2457203567;-0.308639437;14
49.0980176;-0.7130611539;0.4977070987;9.600004196;49.1060102;-0.177456215;-0.220064044;-0.308639437;14
49.10011921;-0.650847733;0.4785645306;9.590433121;49.10811187;-0.1615737379;-0.1944077164;-0.3098611534;14
49.10222088;-0.6077769399;0.4689932466;9.57129097;49.11021353;-0.1481347084;-0.1724165827;-0.312304616;14
49.10432254;-0.5168496966;0.4546363056;9.566504478;49.1123152;-0.1298087686;-0.1479819864;-0.315969795;14
49.10642416;-0.4307080805;0.4307080805;9.547362328;49.11441687;-0.1212566569;-0.1259908676;-0.3196350038;14
49.10852583;-0.3780659735;0.4115654826;9.504291534;49.11651848;-0.1090393662;-0.1064431891;-0.3245218992;14
49.11062749;-0.3397808075;0.3732803464;9.470791817;49.11862015;-0.09926552325;-0.08445205539;-0.3294088244;14
49.11272916;-0.3158525825;0.3493520916;9.38465023;49.12072182;-0.09315688163;-0.06979130208;-0.3330740333;14
49.11483083;-0.3110669553;0.3349951804;9.355937004;49.12282348;-0.08582650125;-0.05268708616;-0.3391826749;14
49.11693244;-0.3014956415;0.3110669553;9.303294182;49.1249251;-0.07971785218;-0.03680460155;-0.3440696001;14
49.11903411;-0.3206382394;0.2871387303;9.245866776;49.12702676;-0.07849612087;-0.02336557768;-0.3452913165;14
49.12113577;-0.3445664644;0.2871387303;9.183652878;49.12912843;-0.07483093441;-0.01481347065;-0.3452913165;14
49.12323744;-0.3732803464;0.3206382394;9.140582085;49.13123004;-0.07605266571;-0.007483093534;-0.3465130329;14
49.12533906;-0.4067798555;0.3637090325;9.078369141;49.13333171;-0.07605266571;-0.003817904973;-0.3440696001;14
49.12744072;-0.4450650215;0.4259224236;9.020941734;49.13543333;-0.07971785218;0.004734201822;-0.3440696001;14
49.12954239;-0.5216353536;0.4594219327;8.977870941;49.13753504;-0.08216131479;0.0108428495;-0.3452913165;14
49.131644;-0.5838487148;0.5024927258;8.930013657;49.13963671;-0.08826996386;0.01328630932;-0.3465130329;14
49.13374567;-0.650847733;0.5359922647;8.915657043;49.14173833;-0.09437860548;0.01450803876;-0.3477347791;14
49.13584728;-0.70348984;0.5694918036;8.915657043;49.14383999;-0.09926552325;0.008399390616;-0.3489564955;14
49.137949;-0.732203722;0.5742774606;8.925228119;49.14594166;-0.1065959036;0.00351247238;-0.3477347791;14
49.14005067;-0.7657032609;0.6029912829;8.930013657;49.14804333;-0.1114828214;-0.007483093534;-0.3465130329;14
49.14215228;-0.7992027402;0.6173482537;8.925228119;49.15014494;-0.1212566569;-0.01847865991;-0.3440696001;14
49.14425395;-0.837487936;0.6460621357;8.906085968;49.15224661;-0.1322522312;-0.02825249545;-0.3391826749;14
49.14635562;-0.8805587292;0.6652047038;8.867800713;49.15434822;-0.1408043355;-0.03924806044;-0.3355174661;14
49.14845728;-0.9379864931;0.6987041831;8.819944382;49.15644989;-0.1530216336;-0.0490218997;-0.3318522871;14
49.1505589;-0.9954141974;0.6843472719;8.796015739;49.15855156;-0.1640172005;-0.06001746282;-0.328187108;14
49.15266057;-1.033699393;0.6939185858;8.752944946;49.16065322;-0.1750127524;-0.07223475724;-0.3257436454;14
49.15476218;-1.043270707;0.6699903607;8.72423172;49.16275489;-0.1884517819;-0.07956513762;-0.3220784664;14
49.15686385;-1.03848505;0.6556333899;8.714659691;49.16485656;-0.1982256174;-0.08933897316;-0.3171915412;14
49.15896551;-1.057627559;0.6412764788;8.671588898;49.16695817;-0.2092211843;-0.0978910774;-0.3098611534;14
49.16106718;-1.091127157;0.6699903607;8.681160927;49.16905984;-0.2189950198;-0.1039997265;-0.3013090491;14
49.16316885;-1.129412293;0.6987041831;8.709874153;49.1711615;-0.2299905866;-0.1113301069;-0.2903134823;14
49.16527051;-1.186840057;0.7465606928;8.733802795;49.17326312;-0.2373209596;-0.1162170246;-0.278096199;14
49.16737213;-1.272981644;0.7944171429;8.72423172;49.17536478;-0.2495382577;-0.127212584;-0.2634354234;14
49.1694738;-1.339980721;0.8039883971;8.752944946;49.17746645;-0.2568686306;-0.1382081509;-0.2524398565;14
49.17157546;-1.392622828;0.8327022791;8.762516975;49.17956812;-0.2666424811;-0.1516471803;-0.2414443046;14
49.17367708;-1.411765337;0.8231309652;8.796015739;49.18166973;-0.2739728391;-0.1601992846;-0.2341139317;14
49.17577874;-1.40697968;0.784845829;8.84387207;49.1837714;-0.2788597643;-0.1675296724;-0.231670469;14
49.17788041;-1.368694544;0.7130611539;8.858229637;49.18587307;-0.2874118686;-0.173638314;-0.2304487377;14
49.17998208;-1.296909928;0.626919508;8.848658562;49.18797468;-0.2910770774;-0.1797469556;-0.2328922004;14
49.18208369;-1.196411371;0.5647061467;8.853444099;49.19007635;-0.2984074354;-0.1858556122;-0.235335663;14
49.18418536;-1.062413216;0.5216353536;8.877371788;49.19217801;-0.3032943606;-0.1882990748;-0.2438877672;14
49.18628702;-0.9284151793;0.4689932466;8.910871506;49.19427968;-0.3081812859;-0.1907425225;-0.2512181401;14
49.18838864;-0.7992027402;0.4450650215;8.949156761;49.1963813;-0.3118464649;-0.1907425225;-0.2597702444;14
49.19049031;-0.6747759581;0.4163511395;8.939585686;49.19848301;-0.3167333901;-0.1907425225;-0.2683223486;14
49.19259197;-0.5742774606;0.3732803464;8.930013657;49.20058463;-0.3179551065;-0.1809686869;-0.2768744528;14
49.19469364;-0.5216353536;0.3110669553;8.949156761;49.2026863;-0.3203985691;-0.1663079411;-0.2829830945;14
49.19679525;-0.4785645306;0.3014956415;8.997013092;49.20478796;-0.3228420317;-0.1577558219;-0.2903134823;14
49.19889697;-0.5168496966;0.3302095234;8.953942299;49.20688958;-0.3240637779;-0.150425449;-0.2976438701;14
49.20099859;-0.5599204898;0.3541377485;8.934800148;49.20899124;-0.3240637779;-0.1443168074;-0.3049742281;14
49.20310025;-0.5838487148;0.3493520916;8.963513374;49.21109291;-0.3240637779;-0.1382081509;-0.3184132576;14
49.20520192;-0.5790630579;0.3014956415;9.011369705;49.21319458;-0.3265072107;-0.1284343153;-0.3330740333;14
49.20730353;-0.5120640397;0.2344966233;9.03051281;49.21529619;-0.3240637779;-0.1211039424;-0.3489564955;14
49.2094052;-0.4833501875;0.1579262912;9.03051281;49.21739786;-0.3228420317;-0.1101083755;-0.3636172712;14
49.21150687;-0.4402793646;0.1100698411;9.016156197;49.21949952;-0.3228420317;-0.0978910774;-0.378278017;14
49.21360853;-0.4307080805;0.08614161611;9.011369705;49.22160119;-0.3191768527;-0.08811724186;-0.3929387629;14
49.21571015;-0.4450650215;0.1100698411;8.987442017;49.22370286;-0.3167333901;-0.07589995116;-0.405156076;14
49.21781182;-0.4881358147;0.1387837082;8.987442017;49.22580447;-0.3142899275;-0.06246092543;-0.4137081802;14
49.21991348;-0.5216353536;0.1866401732;8.982656479;49.22790614;-0.3130682111;-0.05268708616;-0.4185950756;14
49.22201515;-0.5790630579;0.2297109663;8.97308445;49.2300078;-0.3106247485;-0.04169152305;-0.4210385382;14
49.22411682;-0.6412764788;0.2632105052;8.934800148;49.23210947;-0.3094030023;-0.03069595434;-0.4210385382;14
49.22621843;-0.760917604;0.2967100143;8.934800148;49.23421109;-0.3106247485;-0.01847865991;-0.4185950756;14
49.2283201;-0.8853443861;0.3302095234;8.920442581;49.23631275;-0.3118464649;-0.008704823442;-0.4137081802;14
49.23042176;-1.009771109;0.3541377485;8.930013657;49.23841442;-0.3106247485;0.001069013379;-0.4100429714;14
49.23252343;-1.148554921;0.3924229145;8.896514893;49.24051603;-0.3130682111;0.01450803876;-0.4039343297;14
49.23462504;-1.26341033;0.4307080805;8.87258625;49.2426177;-0.3167333901;0.0242818743;-0.3978256881;14
49.23672671;-1.368694544;0.4689932466;8.853444099;49.24471937;-0.3191768527;0.03039052337;-0.3892735839;14
49.23882838;-1.430907965;0.4929214716;8.834300995;49.24682103;-0.3216203153;0.04138609022;-0.378278017;14
49.24092999;-1.488335729;0.5072783828;8.829515457;49.24892265;-0.3240637779;0.04505127668;-0.3697259128;14
49.24303166;-1.560120344;0.5216353536;8.834300995;49.25102432;-0.3289506733;0.05115992576;-0.358730346;14
49.24513333;-1.641476393;0.5599204898;8.839086533;49.25312598;-0.3338375986;0.0609337613;-0.3477347791;14
49.24723499;-1.684547186;0.5838487148;8.839086533;49.25522765;-0.3362810612;0.06337722391;-0.3355174661;14
49.24933661;-1.722832322;0.5647061467;8.877371788;49.25732926;-0.3399462402;0.06704241037;-0.3208567202;14
49.25143827;-1.794616938;0.5742774606;8.87258625;49.25943093;-0.3448331654;0.07315105945;-0.3074176908;14
49.25353994;-1.828116536;0.5886343718;8.886942863;49.2615326;-0.3484983444;0.07803797722;-0.2952004075;14
49.25564161;-1.875972986;0.5694918036;8.891729355;49.26363426;-0.3533852696;0.08048143238;-0.281761378;14
49.25774322;-1.8855443;0.5503492355;8.944371223;49.26573588;-0.3570504785;0.08781181276;-0.2671006322;14
49.25984489;-1.914258122;0.5407779217;9.011369705;49.26783755;-0.3582721949;0.09269873053;-0.2524398565;14
49.26194656;-1.962114573;0.5359922647;9.078369141;49.26993921;-0.3582721949;0.1000291109;-0.2402225733;14
49.26404822;-1.995614052;0.5312066078;9.140582085;49.27204083;-0.3582721949;0.1000291109;-0.2267835438;14
49.26614984;-1.995614052;0.5216353536;9.202795982;49.27414249;-0.3619373739;0.1024725661;-0.215787977;14
49.2682515;-1.995614052;0.5072783828;9.279366493;49.27624416;-0.3619373739;0.1000291109;-0.2047924101;14
49.27035317;-1.9812572;0.4881358147;9.355937004;49.27834583;-0.3582721949;0.09636391699;-0.1950185746;14
49.27245478;-1.942971945;0.4642075896;9.422935486;49.28044744;-0.3619373739;0.09147699922;-0.1864664704;14
49.27455645;-1.899901152;0.4594219327;9.466006279;49.28254916;-0.3619373739;0.08536835015;-0.1791360974;14
49.27665812;-1.866401672;0.4115654826;9.509077072;49.28465077;-0.3656025827;0.07803797722;-0.1742491722;14
49.27875978;-1.808973908;0.3780659735;9.533005714;49.28675244;-0.3680460155;0.07070759684;-0.1681405306;14
49.2808614;-1.761117458;0.3493520916;9.54257679;49.28885406;-0.3704894781;0.06337722391;-0.165697068;14
49.28296312;-1.689332843;0.3349951804;9.51386261;49.29095572;-0.3778198659;0.05482511222;-0.1644753367;14
49.28506473;-1.627119422;0.3014956415;9.499505997;49.29305739;-0.3827067912;0.04993819445;-0.1632536054;14
49.2871664;-1.560120344;0.2775674164;9.485149384;49.29515906;-0.3875937164;0.0438295491;-0.1644753367;14
49.28926801;-1.526620865;0.2344966233;9.489934921;49.29726072;-0.393702358;0.0426078178;-0.1644753367;14
49.29136968;-1.459621787;0.2105683982;9.518648148;49.29936239;-0.3985892832;0.03894263133;-0.165697068;14
49.29347135;-1.411765337;0.1818545163;9.499505997;49.301464;-0.4022544622;0.03649916872;-0.1693622619;14
49.29557301;-1.363908887;0.1627119333;9.54257679;49.30356567;-0.4046979249;0.03283398226;-0.1705839932;14
49.29767468;-1.325623751;0.1196411327;9.585647583;49.30566734;-0.4083631039;0.02916879393;-0.1742491722;14
49.29977635;-1.306481123;0.08614161611;9.643074989;49.30776895;-0.4071413875;0.02672533318;-0.1779143661;14
49.30187796;-1.258624673;0.04307080805;9.729216576;49.30987062;-0.4046979249;0.02183841541;-0.1803578287;14
49.30397963;-1.253839016;0.0239282269;9.834501266;49.31197228;-0.4022544622;0.01695149764;-0.1840230078;14
49.3060813;-1.26341033;0.0239282269;9.887143135;49.3140739;-0.3985892832;0.007177661173;-0.1852447391;14
49.30818291;-1.292124271;0.05264209956;9.978070259;49.31617562;-0.397367537;-0.0001527161949;-0.188909933;14
49.31028458;-1.316052437;0.0382851623;10.06421185;49.31827723;-0.3912588954;-0.008704823442;-0.1925751269;14
49.31238624;-1.335195065;0.03349951655;10.14078236;49.3203789;-0.3875937164;-0.01847865991;-0.1962403059;14
49.31448786;-1.35912323;0.009571290575;10.18863869;49.32248057;-0.3839285076;-0.02825249545;-0.1999054998;14
49.31658958;-1.373480201;-0.0143569354;10.23170948;49.32458218;-0.3802633286;-0.03924806044;-0.2011272311;14
49.31869119;-1.383051515;-0.03349951655;10.2652092;49.32668385;-0.3765981495;-0.05146535859;-0.2011272311;14
49.32079286;-1.416550994;-0.04307080805;10.29870892;49.32878551;-0.3741546869;-0.05879573524;-0.1986837685;14
49.32289452;-1.459621787;-0.02871387079;10.3226366;49.33088718;-0.3729329407;-0.06612611562;-0.1962403059;14
49.32499614;-1.512263894;0.004785645287;10.31785107;49.3329888;-0.3741546869;-0.07712167501;-0.1925751269;14
49.3270978;-1.588834286;0.009571290575;10.26042366;49.33509046;-0.3741546869;-0.08811724186;-0.1901316643;14
49.32919947;-1.59840548;-0.0143569354;10.23649502;49.33719213;-0.3741546869;-0.09666935354;-0.188909933;14
49.33130114;-1.574477315;-0.06221338734;10.23170948;49.3392938;-0.3753764033;-0.1039997265;-0.1876882017;14
49.33340275;-1.517049551;-0.09571290761;10.23170948;49.34139541;-0.3765981495;-0.1101083755;-0.1876882017;14
49.33550442;-1.478764415;-0.1196411327;10.20778179;49.34349708;-0.3778198659;-0.113773562;-0.1864664704;14
49.33760609;-1.435693622;-0.1244267747;10.23649502;49.34559869;-0.3778198659;-0.1174387559;-0.18157956;14
49.33970775;-1.387837172;-0.1100698411;10.2221384;49.34770041;-0.3753764033;-0.1211039424;-0.1791360974;14
49.34180937;-1.316052437;-0.07178468257;10.27478027;49.34980202;-0.3717112243;-0.1211039424;-0.1754709035;14
49.34391103;-1.268195987;-0.06221338734;10.27956581;49.35190369;-0.3692677617;-0.1211039424;-0.1718057245;14
49.34601265;-1.210768223;-0.06221338734;10.28435135;49.35400536;-0.3656025827;-0.1149952933;-0.1681405306;14
49.34811437;-1.158126116;-0.09092725813;10.31306553;49.35610697;-0.3570504785;-0.1064431891;-0.1681405306;14
49.35021598;-1.091127157;-0.1148554832;10.33220863;49.35820864;-0.3460549116;-0.09544762224;-0.1681405306;14
49.35231765;-1.03848505;-0.1339980662;10.3848505;49.36031031;-0.3338375986;-0.08078686893;-0.1705839932;14
49.35441932;-0.9619147182;-0.1770688742;10.45184898;49.36241197;-0.3167333901;-0.06490438432;-0.1730274558;14
49.35652093;-0.8997012973;-0.1818545163;10.52841949;49.36451359;-0.300850898;-0.05146535859;-0.1754709035;14
49.3586226;-0.866201818;-0.1866401732;10.60977554;49.36661525;-0.284968406;-0.03436114267;-0.1791360974;14
49.36072426;-0.837487936;-0.1914258152;10.66720295;49.36871692;-0.2678641975;-0.02214384824;-0.1840230078;14
49.36282593;-0.8231309652;-0.1770688742;10.68634605;49.37081859;-0.2532034516;-0.009926552884;-0.1901316643;14
49.36492754;-0.7657032609;-0.1770688742;10.67198944;49.3729202;-0.2373209596;0.001069013379;-0.1974620372;14
49.36702921;-0.70348984;-0.2249253243;10.65763187;49.37502187;-0.223881945;0.01328630932;-0.2084576041;14
49.36913088;-0.6317051649;-0.2536391914;10.6480608;49.37712353;-0.2116646469;0.02672533318;-0.2182314396;14
49.37123255;-0.5694918036;-0.2871387303;10.61934662;49.3792252;-0.20066908;0.0426078178;-0.2292270064;14
49.37333416;-0.5264210105;-0.3110669553;10.57149029;49.38132682;-0.1896735132;0.05849030241;-0.239000842;14
49.37543583;-0.5072783828;-0.3254238665;10.49013424;49.38342848;-0.1835648715;0.07070759684;-0.2475529462;14
49.37753749;-0.5024927258;-0.3302095234;10.42313576;49.38553015;-0.1786779463;0.07925970852;-0.2548833191;14
49.37963916;-0.5216353536;-0.3158525825;10.3848505;49.38763182;-0.177456215;0.08536835015;-0.2597702444;14
49.38174077;-0.5886343718;-0.2919243574;10.34656525;49.38973343;-0.1786779463;0.08659008145;-0.2646571696;14
49.38384244;-0.6699903607;-0.2727817893;10.2652092;49.3918351;-0.1811214089;0.08659008145;-0.2646571696;14
49.38594411;-0.7752745152;-0.2297109663;10.17906761;49.39393676;-0.1860083193;0.08170316368;-0.2671006322;14
49.38804577;-0.8566305041;-0.1818545163;10.1024971;49.39603838;-0.1908952445;0.0743727833;-0.2671006322;14
49.39014739;-0.9284151793;-0.1292124242;10.03549862;49.39814005;-0.1982256174;0.06582067907;-0.265878886;14
49.39224906;-0.9810572863;-0.06699903309;9.973284721;49.40024171;-0.2067777216;0.05360338464;-0.265878886;14
49.39435072;-1.048056364;0.0;9.915857315;49.40234338;-0.2153298408;0.0438295491;-0.262213707;14
49.39645234;-1.110269666;0.05264209956;9.853643417;49.40444504;-0.2251036763;0.03405570984;-0.2561050653;14
49.398554;-1.162911773;0.08614161611;9.824930191;49.40654666;-0.2336557806;0.02306014486;-0.2487746775;14
49.40065567;-1.225125194;0.1339980662;9.801001549;49.40864833;-0.2409861535;0.01328630932;-0.2414443046;14
49.40275734;-1.292124271;0.1579262912;9.815358162;49.41074999;-0.24709481;0.008399390616;-0.2341139317;14
49.404859;-1.349551916;0.1722832322;9.858428955;49.41285166;-0.2532034516;0.002290742937;-0.2280052751;14
49.40696062;-1.392622828;0.1770688742;9.87757206;49.41495327;-0.2568686306;-0.001374445739;-0.2206749022;14
49.40906228;-1.435693622;0.1674975902;9.906285286;49.41705494;-0.2580903769;-0.003817904973;-0.2145662606;14
49.41116395;-1.445264935;0.1674975902;9.930213928;49.41915661;-0.2580903769;-0.007483093534;-0.2096793354;14
49.41326562;-1.450050473;0.1339980662;9.963713646;49.42125827;-0.2580903769;-0.007483093534;-0.2047924101;14
49.41536723;-1.421336651;0.1100698411;10.00678444;49.42335989;-0.2568686306;-0.006261364091;-0.2023489624;14
49.4174689;-1.411765337;0.08614161611;10.01635551;49.42546156;-0.2519817352;-0.007483093534;-0.1999054998;14
49.41957057;-1.354337573;0.06221338734;10.04028416;49.42756322;-0.2495382577;-0.001374445739;-0.1986837685;14
49.42167223;-1.325623751;0.05264209956;10.05942631;49.42966489;-0.2446513474;0.004734201822;-0.1986837685;14
49.42377385;-1.258624673;0.03349951655;10.06421185;49.4317665;-0.2422078848;0.0108428495;-0.1974620372;14
49.42587551;-1.21555388;0.02871387079;10.04985523;49.43386817;-0.2385426909;0.02061668597;-0.1974620372;14
49.42797718;-1.16769743;0.009571290575;10.04506969;49.43596984;-0.2360992432;0.03283398226;-0.1999054998;14
49.43007885;-1.13419795;-0.004785645287;10.01635551;49.4380715;-0.2336557806;0.04749473557;-0.1986837685;14
49.43218046;-1.115055323;-0.01914258115;9.982855797;49.44017312;-0.2324340492;0.0609337613;-0.1986837685;14
49.43428213;-1.100698471;-0.01914258115;9.944570541;49.44227478;-0.2312123179;0.0743727833;-0.1974620372;14
49.4363838;-1.0863415;-0.02871387079;9.906285286;49.44437645;-0.2312123179;0.08659008145;-0.1974620372;14
49.43848546;-1.100698471;-0.03349951655;9.896714211;49.44647812;-0.2324340492;0.1000291109;-0.1962403059;14
49.44058708;-1.124626637;-0.009571290575;9.901499748;49.44857978;-0.2324340492;0.1085812151;-0.1962403059;14
49.44268874;-1.13419795;-0.004785645287;9.920642853;49.4506814;-0.227547124;0.119576782;-0.1950185746;14
49.44479041;-1.158126116;-0.004785645287;9.968499184;49.45278307;-0.2263254076;0.1269071549;-0.1962403059;14
49.44689208;-1.16769743;0.0143569354;10.00678444;49.45488473;-0.223881945;0.1342375278;-0.1974620372;14
49.44899374;-1.177268744;-0.009571290575;10.02114105;49.45698635;-0.2214384824;0.1403461844;-0.1974620372;14
49.45109536;-1.177268744;-0.0239282269;10.08335495;49.45908801;-0.2165515572;0.146454826;-0.1974620372;14
49.45319702;-1.196411371;-0.0382851623;10.164711;49.46118968;-0.2067777216;0.1501200199;-0.1962403059;14
49.45529869;-1.220339537;-0.0382851623;10.23170948;49.46329135;-0.1994473487;0.1550069451;-0.1962403059;14
49.4574003;-1.258624673;-0.04307080805;10.32742214;49.46539296;-0.1908952445;0.1562286615;-0.1962403059;14
49.45950197;-1.306481123;-0.05742774159;10.45184898;49.46749463;-0.1835648715;0.1574503928;-0.1962403059;14
49.46160364;-1.339980721;-0.0765703246;10.53320503;49.4695963;-0.1750127524;0.1574503928;-0.1950185746;14
49.46370531;-1.397408366;-0.09092725813;10.59541893;49.47169796;-0.1652389169;0.1525634825;-0.1962403059;14
49.46580692;-1.445264935;-0.1100698411;10.68634605;49.47379958;-0.1579085439;0.146454826;-0.1962403059;14
49.46790859;-1.483550072;-0.1244267747;10.75813103;49.47590124;-0.1481347084;0.1317940801;-0.1950185746;14
49.47001025;-1.560120344;-0.1100698411;10.8107729;49.47800291;-0.1395826042;0.1122464016;-0.1937968582;14
49.47211192;-1.617548108;-0.1148554832;10.89212894;49.48010458;-0.1334739476;0.09269873053;-0.1913533956;14
49.47421353;-1.655833244;-0.1052841991;10.92562866;49.48220619;-0.1285870373;0.07192932814;-0.1913533956;14
49.4763152;-1.694118381;-0.0765703246;10.96869946;49.48430786;-0.1249218509;0.05238165334;-0.1901316643;14
49.47841687;-1.727617979;-0.06699903309;10.94955635;49.48640952;-0.1224783882;0.03405570984;-0.188909933;14
49.48051853;-1.761117458;-0.08614161611;10.90648556;49.48851119;-0.1175914705;0.02183841541;-0.1901316643;14
49.48262015;-1.780260086;-0.1052841991;10.88734341;49.49061281;-0.1175914705;0.007177661173;-0.188909933;14
49.48472182;-1.789831281;-0.1052841991;10.85862923;49.49271447;-0.1175914705;-0.001374445739;-0.1913533956;14
49.48682348;-1.789831281;-0.1052841991;10.78205872;49.49481614;-0.1163697392;-0.009926552884;-0.1913533956;14
49.48892515;-1.770688772;-0.1004985496;10.71027374;49.4969178;-0.1163697392;-0.02214384824;-0.1925751269;14
49.49102676;-1.775474429;-0.06699903309;10.66720295;49.49901942;-0.1163697392;-0.03191768378;-0.1876882017;14
49.49312843;-1.785045743;-0.02871387079;10.61934662;49.50112109;-0.1151480079;-0.04046979174;-0.1852447391;14
49.4952301;-1.770688772;0.02871387079;10.61934662;49.50322275;-0.1163697392;-0.04657844082;-0.18157956;14
49.49733176;-1.780260086;0.08135596663;10.59541893;49.50532442;-0.1175914705;-0.0478001684;-0.1766926348;14
49.49943338;-1.808973908;0.1339980662;10.52841949;49.50742603;-0.1175914705;-0.05024362728;-0.1693622619;14
49.50153505;-1.837687731;0.1531406492;10.47099209;49.5095277;-0.1175914705;-0.05024362728;-0.162031889;14
49.50363671;-1.871187329;0.1770688742;10.44706345;49.51162937;-0.1200349256;-0.04413498193;-0.1522580534;14
49.50573838;-1.899901152;0.2057827413;10.37049294;49.51373103;-0.1224783882;-0.03924806044;-0.142484203;14
49.50783999;-1.909472466;0.2344966233;10.35135078;49.51583265;-0.1224783882;-0.03191768378;-0.1302669197;14
49.50994166;-1.952543259;0.2919243574;10.29392338;49.51793432;-0.1261435747;-0.02336557768;-0.1180496216;14
49.51204333;-1.976471543;0.3206382394;10.23649502;49.52003598;-0.127365306;-0.01359174121;-0.1070540547;14
49.51414499;-1.9812572;0.3397808075;10.23170948;49.52213765;-0.1285870373;-0.001374445739;-0.09605848789;14
49.51624661;-1.986042738;0.3828516304;10.24128056;49.52423932;-0.1322522312;0.007177661173;-0.08261945844;14
49.51834827;-1.986042738;0.4019941986;10.23170948;49.52634093;-0.1310304999;0.01450803876;-0.06918043643;14
49.52044994;-1.986042738;0.4259224236;10.24128056;49.5284426;-0.1298087686;0.02061668597;-0.0557414107;14
49.52255161;-2.000399828;0.4259224236;10.27478027;49.53054426;-0.1298087686;0.02306014486;-0.04230238497;14
49.52465327;-2.009970903;0.4307080805;10.3226366;49.53264593;-0.1285870373;0.03039052337;-0.02886336111;14
49.52675489;-2.005185366;0.4354937077;10.38006496;49.53474754;-0.1285870373;0.03527744114;-0.01664606482;14
49.52885656;-2.029113531;0.4163511395;10.4279213;49.53684921;-0.1237001196;0.04016435891;-0.00565049937;14
49.53095822;-2.029113531;0.3924229145;10.4853487;49.53895088;-0.1212566569;0.0438295491;0.004123337101;14
49.53305989;-2.024327993;0.3349951804;10.55713367;49.54105249;-0.1163697392;0.0438295491;0.01634063199;14
49.5351615;-1.971685886;0.2919243574;10.59541893;49.54315416;-0.1114828214;0.04505127668;0.02367101051;14
49.53726317;-1.938186288;0.2679961324;10.67198944;49.54525583;-0.1053741723;0.0438295491;0.03344484791;14
49.53936484;-1.914258122;0.2440679073;10.72463131;49.54735749;-0.09926552325;0.03772090003;0.03955349326;14
49.54146645;-1.875972986;0.2201396823;10.80598736;49.54945911;-0.09437860548;0.03039052337;0.04566214234;14
49.54356812;-1.852044702;0.1818545163;10.85862923;49.55156077;-0.08949168772;0.01695149764;0.05299251899;14
49.54566978;-1.837687731;0.1627119333;10.9112711;49.55366244;-0.08704823256;0.00351247238;0.05787943676;14
49.54777145;-1.832902193;0.1531406492;10.95912743;49.55576411;-0.08338304609;-0.01114828233;0.06398808211;14
49.54987307;-1.804188251;0.1387837082;10.96869946;49.55786577;-0.07971785218;-0.02580903657;0.06643154472;14
49.55197473;-1.789831281;0.08614161611;10.95912743;49.55996739;-0.07605266571;-0.04046979174;0.07009673119;14
49.5540764;-1.741974831;0.06221338734;10.97827053;49.56206906;-0.07483093441;-0.05146535859;0.07131846249;14
49.55617807;-1.698904037;0.02871387079;10.96391296;49.56417072;-0.07238747925;-0.06368265301;0.0725401938;14
49.55827973;-1.641476393;0.0239282269;10.98305607;49.56627234;-0.07116574794;-0.07712167501;0.07131846249;14
49.56038135;-1.564906001;0.0;10.99741268;49.568374;-0.06750056148;-0.086895518;0.07009673119;14
49.56248301;-1.493121386;-0.01914258115;10.97827053;49.57047567;-0.06627883017;-0.0991128087;0.06765327603;14
49.56458468;-1.440479279;-0.04307080805;10.98305607;49.57257734;-0.06505709887;-0.1076649204;0.06765327603;14
49.5666863;-1.387837172;-0.06221338734;10.93998528;49.57467895;-0.06505709887;-0.1174387559;0.06520981342;14
49.56878796;-1.335195065;-0.06699903309;10.95434189;49.57678062;-0.06261363626;-0.127212584;0.06154462695;14
49.57088963;-1.277767301;-0.0765703246;10.92084217;49.57888228;-0.0601701811;-0.1320995092;0.05665770918;14
49.5729913;-1.210768223;-0.0765703246;10.92084217;49.58098395;-0.05772672221;-0.1369864196;0.05299251899;14
49.57509291;-1.138983607;-0.08135596663;10.88255692;49.58308562;-0.05406153202;-0.1394298822;0.04688387364;14
49.57719458;-1.081555843;-0.1052841991;10.85862923;49.58518723;-0.05039634556;-0.1382081509;0.04321868345;14
49.57929624;-1.028913736;-0.1100698411;10.84905815;49.5872889;-0.04306596518;-0.1333212405;0.03833176568;14
49.58139791;-0.9954141974;-0.1196411327;10.83470058;49.58939057;-0.03695731983;-0.1247691289;0.0358883068;14
49.58349958;-0.9379864931;-0.1196411327;10.82034397;49.59149218;-0.02840521187;-0.113773562;0.03100138716;14
49.58560119;-0.9044869542;-0.1244267747;10.83948612;49.59359385;-0.01985310577;-0.1039997265;0.02855792828;14
49.58770286;-0.866201818;-0.1196411327;10.84905815;49.59569551;-0.005192350596;-0.09422589093;0.02611446939;14
49.58980452;-0.8470591903;-0.1100698411;10.90170002;49.59779713;0.00702494476;-0.08200860023;0.02367101051;14
49.59190614;-0.8183453679;-0.1004985496;10.95912743;49.59989885;0.01924224012;-0.07223475724;0.02244928107;14
49.59400781;-0.8087740541;-0.05742774159;10.99741268;49.60200046;0.0314595364;-0.06001746282;0.02244928107;14
49.59610947;-0.8566305041;-0.05264209956;10.98784161;49.60410213;0.04245510325;-0.0478001684;0.02122755162;14
49.59821109;-0.9092726111;-0.0765703246;10.96391296;49.6062038;0.05345066637;-0.03680460155;0.02244928107;14
49.6003128;-0.9619147182;-0.1196411327;10.98305607;49.60830546;0.06566796452;-0.02825249545;0.02367101051;14
49.60241442;-1.000199914;-0.1196411327;10.96869946;49.61040708;0.07422006875;-0.01725693047;0.02611446939;14
49.60451609;-1.019342422;-0.1004985496;10.92084217;49.61250874;0.08399390429;-0.007483093534;0.02611446939;14
49.60661775;-1.03848505;-0.09571290761;10.87777138;49.61461041;0.09376774728;0.002290742937;0.02855792828;14
49.60871942;-1.03848505;-0.09092725813;10.81555843;49.61671202;0.09987638891;0.01328630932;0.03100138716;14
49.61082103;-1.019342422;-0.0765703246;10.7677021;49.61881369;0.1047633067;0.02672533318;0.03100138716;14
49.6129227;-1.014556766;-0.08614161611;10.75813103;49.62091536;0.1084285006;0.03649916872;0.03344484791;14
49.61502437;-1.004985452;-0.08135596663;10.71984577;49.62301702;0.1145371497;0.04993819445;0.03344484791;14
49.61712598;-0.9810572863;-0.05742774159;10.67198944;49.62511869;0.1169806048;0.0621554926;0.0358883068;14
49.61922765;-0.9762716293;-0.05742774159;10.62891865;49.6272203;0.1206457913;0.06826414168;0.0358883068;14
49.62132932;-0.9667003751;-0.05742774159;10.5858469;49.62932197;0.1206457913;0.07559451461;0.0358883068;14
49.62343098;-0.9571290612;-0.04307080805;10.55234814;49.63142364;0.1194240674;0.08292489499;0.03711003438;14
49.62553265;-0.9667003751;-0.07178468257;10.53320503;49.63352525;0.1194240674;0.09025526792;0.03344484791;14
49.62763426;-0.9619147182;-0.06699903309;10.51884842;49.63562692;0.1194240674;0.09392046183;0.03100138716;14
49.62973593;-0.9619147182;-0.08614161611;10.51884842;49.63772859;0.1206457913;0.09514218569;0.02977965772;14
49.6318376;-0.9714859724;-0.1052841991;10.5475626;49.63983025;0.1194240674;0.0975856483;0.02855792828;14
49.63393921;-0.9714859724;-0.1196411327;10.55234814;49.64193187;0.1182023361;0.0975856483;0.02733619884;14
49.63604088;-1.000199914;-0.1244267747;10.56191921;49.64403353;0.1182023361;0.09514218569;0.02611446939;14
49.63814254;-1.043270707;-0.1052841991;10.63370419;49.6461352;0.1206457913;0.09147699922;0.02611446939;14
49.64024421;-1.091127157;-0.1196411327;10.67198944;49.64823687;0.1206457913;0.08781181276;0.02611446939;14
49.64234583;-1.143769264;-0.1148554832;10.72463131;49.65033848;0.1230892539;0.07925970852;0.02367101051;14
49.64444749;-1.186840057;-0.1100698411;10.73898792;49.6524402;0.1267544478;0.07315105945;0.02367101051;14
49.64654916;-1.225125194;-0.1052841991;10.81555843;49.65454182;0.1279761642;0.06459894776;0.02489273995;14
49.64865083;-1.282552958;-0.1052841991;10.88734341;49.65664348;0.1328630894;0.05360338464;0.02489273995;14
49.65075244;-1.335195065;-0.1100698411;10.9304142;49.65874515;0.1353065521;0.0426078178;0.02244928107;14
49.65285416;-1.383051515;-0.1004985496;11.01177025;49.66084676;0.1389717311;0.02916879393;0.02489273995;14
49.65495577;-1.435693622;-0.08614161611;11.04526901;49.66294843;0.1450803876;0.01695149764;0.02489273995;14
49.65705744;-1.473978758;-0.09571290761;11.09791183;49.6650501;0.1499672979;0.00351247238;0.02611446939;14
49.65915911;-1.50269258;-0.06699903309;11.12662506;49.66715171;0.1536324918;-0.008704823442;0.02733619884;14
49.66126072;-1.55054903;-0.04307080805;11.14576817;49.66925338;0.1560759544;-0.02458730713;0.03100138716;14
49.66336239;-1.574477315;-0.0143569354;11.15533924;49.67135505;0.1621845961;-0.03924806044;0.03344484791;14
49.66546406;-1.617548108;0.0143569354;11.17926693;49.67345671;0.1634063274;-0.05146535859;0.0358883068;14
49.66756567;-1.636690736;0.0382851623;11.16969585;49.67555838;0.16584979;-0.06246092543;0.04077522457;14
49.66966734;-1.660618901;0.0765703246;11.15533924;49.67765999;0.1707367003;-0.07345648855;0.04444041103;14
49.671769;-1.674975872;0.1148554832;11.1314106;49.67976166;0.1707367003;-0.08200860023;0.04688387364;14
49.67387067;-1.670190215;0.1292124242;11.11226845;49.68186333;0.1731801629;-0.09056070447;0.05299251899;14
49.67597234;-1.655833244;0.1531406492;11.06441212;49.68396499;0.1756236255;-0.0978910774;0.05665770918;14
49.67807395;-1.655833244;0.1722832322;11.0309124;49.68606661;0.1756236255;-0.1064431891;0.06154462695;14
49.68017562;-1.651047587;0.1962114573;11.02612686;49.68816827;0.1768453568;-0.1162170246;0.06765327603;14
49.68227728;-1.674975872;0.2297109663;10.99741268;49.69026994;0.1780670881;-0.123547405;0.07131846249;14
49.68437895;-1.694118381;0.2679961324;11.00219822;49.69237161;0.1792888194;-0.1308777779;0.07742711157;14
49.68648057;-1.761117458;0.2871387303;10.96869946;49.69447322;0.1768453568;-0.1357647032;0.07987056673;14
49.68858223;-1.761117458;0.2823530734;10.90648556;49.69657489;0.1792888194;-0.1357647032;0.08353576064;14
49.6906839;-1.746760488;0.2967100143;10.85384369;49.69867656;0.1829539984;-0.1369864196;0.0859792158;14
49.69278557;-1.718046665;0.2775674164;10.83948612;49.70077822;0.1853974611;-0.1357647032;0.09086613357;14
49.69488718;-1.689332843;0.2727817893;10.83470058;49.70287984;0.189062655;-0.1320995092;0.09575305134;14
49.69698885;-1.665404558;0.2823530734;10.85862923;49.7049815;0.1939495653;-0.1284343153;0.09941824526;14
49.69909051;-1.655833244;0.2919243574;10.9112711;49.70708317;0.1976147592;-0.1247691289;0.1030834317;14
49.70119218;-1.636690736;0.3254238665;10.90170002;49.70918478;0.2049451321;-0.1174387559;0.1067486182;14
49.7032938;-1.64626193;0.3397808075;10.87298584;49.71128645;0.2110537887;-0.1101083755;0.111635536;14
49.70539546;-1.655833244;0.3445664644;10.85862923;49.71338812;0.2147189677;-0.0978910774;0.117744185;14
49.70749713;-1.641476393;0.3397808075;10.84427261;49.71548978;0.2196058929;-0.08811724186;0.1226311028;14
49.70959874;-1.64626193;0.3732803464;10.8107729;49.71759145;0.2232710719;-0.07589995116;0.1287397593;14
49.71170041;-1.64626193;0.3732803464;10.81555843;49.71969307;0.2293797284;-0.06246092543;0.1372918636;14
49.71380208;-1.641476393;0.3972085714;10.83470058;49.72179473;0.2367101014;-0.0478001684;0.1434005052;14
49.71590374;-1.641476393;0.4067798555;10.84905815;49.7238964;0.2440404743;-0.03313941509;0.1507308781;14
49.71800541;-1.641476393;0.4211367965;10.88255692;49.72599807;0.2525925934;-0.02214384824;0.1568395346;14
49.72010702;-1.665404558;0.4115654826;10.88734341;49.72809973;0.2599229515;-0.007483093534;0.1653916389;14
49.72220869;-1.679761529;0.4019941986;10.93998528;49.73020135;0.2684750557;0.005955931731;0.1727220118;14
49.72431036;-1.689332843;0.4067798555;10.93519974;49.73230301;0.2758054435;0.01695149764;0.1788306683;14
49.72641202;-1.703689694;0.3876372576;10.94477081;49.73440468;0.285579294;0.02916879393;0.1837175786;14
49.72851369;-1.679761529;0.4067798555;10.93519974;49.7365063;0.2916879356;0.04016435891;0.1886045039;14
49.7306153;-1.674975872;0.3780659735;10.95912743;49.73860796;0.2990183234;0.04749473557;0.1898262352;14
49.73271697;-1.631905079;0.3780659735;10.94477081;49.74070963;0.3039052188;0.05726857483;0.1934914142;14
49.73481864;-1.617548108;0.3828516304;10.92562866;49.74281124;0.3087921441;0.0621554926;0.1947131455;14
49.73692025;-1.593619823;0.3637090325;10.90170002;49.74491291;0.3100138903;0.06826414168;0.1996000707;14
49.73902192;-1.579262972;0.3637090325;10.88255692;49.74701458;0.3112356067;0.07070759684;0.1996000707;14
49.74112359;-1.560120344;0.3541377485;10.82991505;49.74911624;0.3100138903;0.07070759684;0.2032652497;14
49.7432252;-1.579262972;0.3493520916;10.77727318;49.75121786;0.3087921441;0.06948586553;0.2057087123;14
49.74532687;-1.593619823;0.3589234054;10.748559;49.75331952;0.3063486814;0.06459894776;0.2093739063;14
49.74742853;-1.627119422;0.3493520916;10.71984577;49.75542119;0.3014617562;0.05971203372;0.2130390853;14
49.7495302;-1.631905079;0.3493520916;10.69591713;49.75752286;0.2990183234;0.04993819445;0.2154825479;14
49.75163182;-1.679761529;0.3158525825;10.68634605;49.75962452;0.2977965772;0.03894263133;0.2203694731;14
49.75373348;-1.722832322;0.3158525825;10.71027374;49.76172614;0.2941313982;0.02550360374;0.2252563834;14
49.75583515;-1.780260086;0.2967100143;10.75813103;49.76382781;0.292909652;0.01206457894;0.2301433086;14
49.75793682;-1.832902193;0.2775674164;10.82034397;49.76592947;0.2953531146;-0.005039634649;0.2362519503;14
49.76003848;-1.880758643;0.2584248483;10.85384369;49.76803114;0.2953531146;-0.02825249545;0.2423606068;14
49.7621401;-1.914258122;0.2584248483;10.92562866;49.7701328;0.2965748608;-0.04657844082;0.2484692484;14
49.76424176;-1.923829436;0.2440679073;10.97348499;49.77223442;0.3002400398;-0.06246092543;0.2545779049;14
49.76634343;-1.942971945;0.2440679073;11.01655579;49.77433609;0.3026835024;-0.0856737867;0.2606865466;14
49.7684451;-1.962114573;0.2297109663;11.03569794;49.7764377;0.3075704277;-0.1039997265;0.2680169344;14
49.77054676;-1.976471543;0.2249253243;11.05005455;49.77853937;0.3100138903;-0.123547405;0.2716821134;14
49.77264838;-1.986042738;0.2105683982;11.08355427;49.78064103;0.3149007857;-0.1406516135;0.2765690386;14
49.77475005;-1.976471543;0.2105683982;11.09312534;49.7827427;0.3210094273;-0.1540906429;0.2790125012;14
49.77685166;-1.957328916;0.1914258152;11.10269737;49.78484432;0.3258963525;-0.1675296724;0.2790125012;14
49.77895333;-1.904686809;0.1674975902;11.10748291;49.78694598;0.3332267404;-0.1785252392;0.281455934;14
49.78105499;-1.861616015;0.1627119333;11.13619614;49.78904765;0.3405571282;-0.1834121495;0.2802342176;14
49.78315666;-1.799402595;0.1387837082;11.1314106;49.79114932;0.3503309488;-0.1858556122;0.2790125012;14
49.78525827;-1.718046665;0.1196411327;11.10269737;49.79325098;0.3613265157;-0.1882990748;0.274125576;14
49.78735994;-1.622333765;0.08614161611;11.07876873;49.7953526;0.3698786199;-0.1846338809;0.2704603672;14
49.78946161;-1.526620865;0.06221338734;11.07876873;49.79745426;0.382095933;-0.1834121495;0.2643517256;14
49.79156327;-1.459621787;0.01914258115;11.04048347;49.79955593;0.3955349326;-0.1748600453;0.2557996213;14
49.79366494;-1.387837172;-0.004785645287;11.01177025;49.8016576;0.4089739621;-0.1687513888;0.2496909797;14
49.79576656;-1.320838094;-0.03349951655;10.96869946;49.80375921;0.4224129915;-0.1626427472;0.2411388755;14
49.79786822;-1.249053478;-0.04307080805;10.93998528;49.80586088;0.4346303046;-0.1540906429;0.2325867712;14
49.79996989;-1.196411371;-0.05742774159;10.90170002;49.80796254;0.4492910504;-0.1455385387;0.2240346521;14
49.80207156;-1.138983607;-0.06221338734;10.82991505;49.81006421;0.4590648711;-0.1443168074;0.2167042792;14
49.80417317;-1.105484009;-0.01914258115;10.8107729;49.81216583;0.4676169753;-0.1369864196;0.2093739063;14
49.80627484;-1.081555843;0.0;10.75334454;49.81426749;0.4786125422;-0.1296560466;0.200821802;14
49.8083765;-1.048056364;0.04785645381;10.65763187;49.81636916;0.4847212136;-0.1186604798;0.1934914142;14
49.81047817;-1.033699393;0.08135596663;10.51406288;49.81847083;0.4883863926;-0.1076649204;0.18493931;14
49.81257978;-1.024128079;0.09092725813;10.35135078;49.82057244;0.4932733178;-0.09300415963;0.1788306683;14
49.81468145;-1.03848505;0.1052841991;10.21256733;49.82267411;0.4957167804;-0.08078686893;0.1727220118;14
49.81678312;-1.028913736;0.1435693651;10.09292603;49.82477577;0.4932733178;-0.06612611562;0.1666133702;14
49.81888478;-1.057627559;0.2009970993;9.978070259;49.82687744;0.4932733178;-0.05024362728;0.161726445;14
49.8209864;-1.091127157;0.2488535494;9.868000984;49.82897911;0.4944950342;-0.03558287397;0.1605047137;14
49.82308807;-1.13419795;0.3062812984;9.777072906;49.83108072;0.4908298552;-0.02214384824;0.1568395346;14
49.82518973;-1.177268744;0.3589234054;9.681360245;49.83318239;0.489608109;-0.006261364091;0.154396072;14
49.8272914;-1.210768223;0.3876372576;9.585647583;49.83528406;0.4883863926;0.007177661173;0.1556178033;14
49.82939307;-1.258624673;0.4259224236;9.51386261;49.83738572;0.4847212136;0.01939495653;0.1568395346;14
49.83149468;-1.287338614;0.4594219327;9.427721024;49.83948734;0.4847212136;0.03161225095;0.161726445;14
49.83359635;-1.339980721;0.5264210105;9.341579437;49.841589;0.482277751;0.04138609022;0.1666133702;14
49.83569801;-1.35912323;0.5790630579;9.30807972;49.84369067;0.4798342884;0.05238165334;0.1727220118;14
49.83779968;-1.397408366;0.6317051649;9.269794464;49.84579234;0.4786125422;0.06459894776;0.177608937;14
49.8399013;-1.45483613;0.6604190469;9.231510162;49.84789395;0.4773908257;0.07803797722;0.18493931;14
49.84200296;-1.50269258;0.6939185858;9.188439369;49.84999562;0.4737256467;0.08659008145;0.1922696829;14
49.84410463;-1.55054903;0.7274180651;9.17886734;49.85209728;0.4725039005;0.0988073796;0.1983783394;14
49.8462063;-1.603191137;0.7465606928;9.140582085;49.8541989;0.4676169753;0.1073594838;0.2057087123;14
49.84830791;-1.651047587;0.7513462901;9.097511292;49.85630057;0.4639517963;0.1171333194;0.2142608166;14
49.85040958;-1.698904037;0.7657032609;9.073583603;49.85840223;0.4590648711;0.1269071549;0.2228129357;14
49.85251124;-1.741974831;0.7752745152;9.049654961;49.8605039;0.4590648711;0.1342375278;0.2301433086;14
49.85461286;-1.746760488;0.7704889178;9.020941734;49.86260557;0.4553996921;0.1391244531;0.2374736816;14
49.85671452;-1.789831281;0.7704889178;8.963513374;49.86470718;0.4492910504;0.142789647;0.2460257858;14
49.85881619;-1.785045743;0.7465606928;8.939585686;49.86680885;0.4468475878;0.1476765573;0.2545779049;14
49.86091786;-1.799402595;0.756131947;8.939585686;49.86891051;0.4419606626;0.1513417512;0.2631300092;14
49.86301952;-1.818545222;0.7704889178;8.910871506;49.87101218;0.4346303046;0.1525634825;0.2716821134;14
49.86512114;-1.828116536;0.760917604;8.867800713;49.8731138;0.4260781705;0.1513417512;0.2790125012;14
49.86722281;-1.832902193;0.7417750359;8.815158844;49.87521546;0.4163043499;0.1501200199;0.2851211429;14
49.86932447;-1.842473388;0.7369893789;8.772088051;49.87731713;0.4053087831;0.1476765573;0.2912297845;14
49.87142614;-1.847259045;0.7417750359;8.738588333;49.87941874;0.3967566788;0.1415679157;0.2961167097;14
49.87352775;-1.832902193;0.7274180651;8.719446182;49.88152041;0.385761112;0.1391244531;0.2997818887;14
49.87562942;-1.832902193;0.6939185858;8.671588898;49.88362208;0.3747655451;0.1379027218;0.3022253513;14
49.87773109;-1.828116536;0.6460621357;8.628518105;49.88572374;0.3613265157;0.1256854236;0.3046688139;14
49.8798327;-1.813759565;0.6125625968;8.599804878;49.88782541;0.3491092324;0.1146898642;0.3071122766;14
49.88193437;-1.794616938;0.5599204898;8.575876236;49.88992702;0.3417788446;0.1000291109;0.3107774556;14
49.88403603;-1.794616938;0.5503492355;8.590232849;49.89202869;0.3320049942;0.08781181276;0.3168860972;14
49.8861377;-1.780260086;0.5407779217;8.590232849;49.89413036;0.3173442483;0.07192932814;0.3217730224;14
49.88823937;-1.799402595;0.5503492355;8.580661774;49.89623202;0.3039052188;0.05849030241;0.3266599476;14
49.89034098;-1.804188251;0.5599204898;8.609375954;49.89833364;0.292909652;0.0426078178;0.3327685893;14
49.89244265;-1.799402595;0.5838487148;8.556734085;49.9004353;0.2794706225;0.03161225095;0.3364337683;14
49.89454432;-1.808973908;0.5838487148;8.51844883;49.90253697;0.2672533393;0.0242818743;0.3388772309;14
49.89664598;-1.775474429;0.5838487148;8.475378036;49.90463859;0.255036056;0.0157297682;0.3413206935;14
49.8987476;-1.722832322;0.5503492355;8.451449394;49.90674025;0.242818743;0.009621120058;0.3449858725;14
49.90084926;-1.684547186;0.5647061467;8.422736168;49.90884192;0.231823191;0.004734201822;0.3449858725;14
49.90295093;-1.627119422;0.5599204898;8.403593063;49.91094359;0.2196058929;0.001069013379;0.3462076187;14
49.90505255;-1.564906001;0.5264210105;8.403593063;49.91304525;0.2122755051;-0.0001527161949;0.3462076187;14
49.90715421;-1.512263894;0.5168496966;8.417949677;49.91514692;0.2012799382;-0.001374445739;0.3474293351;14
49.90925588;-1.478764415;0.4833501875;8.398807526;49.91724853;0.1939495653;0.001069013379;0.3486510813;14
49.91135754;-1.435693622;0.4546363056;8.422736168;49.9193502;0.1902843714;0.008399390616;0.3498727977;14
49.91345921;-1.40697968;0.4259224236;8.427521706;49.92145187;0.1866191924;0.0157297682;0.3523162603;14
49.91556088;-1.368694544;0.4115654826;8.465806961;49.92355348;0.1853974611;0.02916879393;0.3559814394;14
49.91766249;-1.35912323;0.3876372576;8.51844883;49.92565515;0.1878409237;0.04627300799;0.3596466482;14
49.91976416;-1.344766378;0.3732803464;8.590232849;49.92775682;0.1951712966;0.06704241037;0.3645335436;14
49.92186583;-1.325623751;0.3684946895;8.633303642;49.92985848;0.2012799382;0.09025526792;0.3681987524;14
49.92396744;-1.325623751;0.3493520916;8.69551754;49.9319601;0.2110537887;0.1171333194;0.3730856776;14
49.92606911;-1.325623751;0.3349951804;8.752944946;49.93406176;0.2232710719;0.1537852138;0.3767508566;14
49.92817077;-1.316052437;0.3254238665;8.819944382;49.93616343;0.2379318327;0.1904370934;0.3816377819;14
49.93027244;-1.258624673;0.3158525825;8.891729355;49.9382651;0.2525925934;0.2331976295;0.3877464235;14
49.93237406;-1.210768223;0.3349951804;8.982656479;49.94036676;0.2721402645;0.2735147178;0.3938550651;14
49.93447572;-1.196411371;0.3397808075;9.044869423;49.94246838;0.2916879356;0.3150535226;0.4011854529;14
49.93657739;-1.153340459;0.3541377485;9.126225471;49.94457005;0.3136790693;0.3541488647;0.4121810198;14
49.93867906;-1.138983607;0.3637090325;9.20758152;49.94667171;0.335670203;0.3932442069;0.424398303;14
49.94078072;-1.11984098;0.3445664644;9.269794464;49.94877338;0.3576613367;0.4262309074;0.4353938699;14
49.94288234;-1.110269666;0.3637090325;9.355937004;49.95087499;0.3759872615;0.4555523992;0.4463894367;14
49.944984;-1.124626637;0.3589234054;9.41336441;49.95297666;0.3979783952;0.4836521745;0.4573850036;14
49.94708567;-1.124626637;0.3541377485;9.432506561;49.95507833;0.4175260663;0.5056433082;0.4659371078;14
49.94918734;-1.13419795;0.3349951804;9.446864128;49.95717994;0.432186842;0.5239692926;0.4720457494;14
49.95128895;-1.115055323;0.3302095234;9.427721024;49.95928161;0.4444041252;0.5410735011;0.4757109582;14
49.95339062;-1.091127157;0.3062812984;9.379864693;49.96138327;0.4529562294;0.5496255755;0.4769326746;14
49.95549228;-1.057627559;0.3062812984;9.341579437;49.96348494;0.4578431547;0.5545125008;0.4769326746;14
49.9575939;-1.024128079;0.3062812984;9.269794464;49.96558661;0.4566214085;0.5557342172;0.4757109582;14
49.95969557;-0.9906286001;0.2823530734;9.183652878;49.96768822;0.4541779757;0.552069068;0.4732674956;14
49.96179723;-0.9810572863;0.2775674164;9.054440498;49.96978989;0.4480693042;0.5447386503;0.470824033;14
49.9638989;-0.9667003751;0.2632105052;8.958727837;49.97189156;0.4395172;0.5325213671;0.4683805704;14
49.96600057;-0.9619147182;0.2679961324;8.853444099;49.97399317;0.4260781705;0.5129737258;0.4659371078;14
49.96810218;-0.9714859724;0.2919243574;8.757730484;49.97609484;0.4077522457;0.4909825623;0.4647153914;14
49.97020385;-0.9906286001;0.2871387303;8.662017822;49.9781965;0.3882045746;0.4689914286;0.4659371078;14
49.97230551;-0.9906286001;0.3014956415;8.585447311;49.98029817;0.3686569035;0.4433351159;0.4659371078;14
49.97440713;-1.014556766;0.2823530734;8.499305725;49.98239978;0.3466657698;0.4152353406;0.4647153914;14
49.9765088;-1.03848505;0.3014956415;8.413164139;49.98450145;0.3246746361;0.3908007443;0.4659371078;14
49.97861046;-1.048056364;0.3110669553;8.350951195;49.98660312;0.305126965;0.3675878942;0.4659371078;14
49.98071213;-1.067198873;0.3397808075;8.298309326;49.98870478;0.285579294;0.3468184769;0.4647153914;14
49.98281374;-1.081555843;0.3637090325;8.303094864;49.9908064;0.2648098767;0.3260490894;0.4647153914;14
49.98491541;-1.071984529;0.3780659735;8.288737297;49.99290807;0.2464839369;0.3101665974;0.4634936452;14
49.98701708;-1.048056364;0.3972085714;8.327022552;49.99500973;0.2293797284;0.2918406427;0.4634936452;14
49.98911874;-1.033699393;0.4019941986;8.36052227;49.9971114;0.2171624303;0.2771798968;0.4610501826;14
49.99122036;-1.004985452;0.4019941986;8.408378601;49.99921301;0.2061668634;0.26618433;0.45860672;14
49.99332202;-0.9810572863;0.3972085714;8.46102047;50.00131473;0.192727834;0.2515235841;0.4561632872;14
49.99542369;-0.9619147182;0.4211367965;8.484949112;50.00341635;0.1853974611;0.2441931963;0.4561632872;14
49.99752536;-0.9379864931;0.4067798555;8.551948547;50.00551801;0.1780670881;0.2368628234;0.4561632872;14
49.99962697;-0.9236295223;0.4163511395;8.575876236;50.00761968;0.1731801629;0.2344193608;0.454941541;14
50.00172869;-0.8949156404;0.4115654826;8.571090698;50.0097213;0.1682932526;0.2380845547;0.4537198246;14
50.0038303;-0.9044869542;0.3972085714;8.575876236;50.01182301;0.1634063274;0.2405280024;0.4537198246;14
50.00593197;-0.8853443861;0.3828516304;8.551948547;50.01392463;0.1597411335;0.2490801066;0.454941541;14
50.00803364;-0.8757730722;0.3828516304;8.561519623;50.0160263;0.1597411335;0.2576322258;0.4573850036;14
50.01013525;-0.8231309652;0.3732803464;8.537590981;50.01812791;0.1560759544;0.26618433;0.4573850036;14
50.01223697;-0.7992027402;0.3732803464;8.556734085;50.02022958;0.1536324918;0.2784016132;0.45860672;14
50.01433859;-0.784845829;0.3684946895;8.566305161;50.02233124;0.1548542231;0.2906189263;0.45860672;14
50.01644025;-0.756131947;0.3876372576;8.556734085;50.02443291;0.1536324918;0.3003927469;0.4622719288;14
50.01854187;-0.7369893789;0.4019941986;8.575876236;50.02653458;0.1548542231;0.31261006;0.4647153914;14
50.02064353;-0.7178468108;0.4354937077;8.580661774;50.02863619;0.1548542231;0.3223838806;0.4683805704;14
50.0227452;-0.732203722;0.4737788737;8.623732567;50.03073786;0.1536324918;0.3321577311;0.4720457494;14
50.02484687;-0.7944171429;0.5024927258;8.628518105;50.03283952;0.1548542231;0.3431532979;0.4757109582;14
50.02694853;-0.8279166222;0.5407779217;8.642875671;50.03494114;0.1560759544;0.3517054021;0.4793761373;14
50.02905015;-0.8757730722;0.5312066078;8.638090134;50.03704281;0.1560759544;0.3590357602;0.4830413163;14
50.03115182;-0.890130043;0.5503492355;8.652446747;50.03914447;0.1572976857;0.3651444316;0.4867065251;14
50.03325348;-0.9188438654;0.5694918036;8.66680336;50.04124614;0.1572976857;0.3724747896;0.4928151667;14
50.0353551;-0.9236295223;0.5838487148;8.685946465;50.04334775;0.158519417;0.3761399984;0.5001455545;14
50.03745676;-0.94277215;0.5838487148;8.714659691;50.04544947;0.1572976857;0.3798051775;0.5062541962;14
50.03955843;-0.9619147182;0.5982056856;8.743373871;50.04755109;0.158519417;0.3859138191;0.517249763;14
50.0416601;-1.000199914;0.6221339107;8.752944946;50.04965275;0.1597411335;0.3895790279;0.5258018374;14
50.04376171;-1.028913736;0.6125625968;8.805587769;50.05175437;0.158519417;0.3956876695;0.5380191803;14
50.04586343;-1.076770186;0.6029912829;8.84387207;50.05385603;0.1597411335;0.3981311321;0.5465712547;14
50.04796505;-1.100698471;0.5982056856;8.87258625;50.0559577;0.1597411335;0.4017963111;0.5575668216;14
50.05006671;-1.105484009;0.5982056856;8.910871506;50.05805937;0.1572976857;0.4042397738;0.567340672;14
50.05216833;-1.13419795;0.6077769399;8.949156761;50.06016103;0.1609628648;0.4030180275;0.5783362389;14
50.05426999;-1.11984098;0.6029912829;8.963513374;50.06226265;0.1621845961;0.3981311321;0.5868883133;14
50.05637166;-1.11984098;0.626919508;8.997013092;50.06436432;0.1609628648;0.3981311321;0.5954404473;14
50.05847333;-1.081555843;0.626919508;9.011369705;50.06646598;0.1621845961;0.3944659233;0.601549089;14
50.06057499;-1.048056364;0.6173482537;9.035298347;50.0685676;0.1634063274;0.3883572817;0.6064360142;14
50.06267661;-1.019342422;0.6077769399;9.044869423;50.07066926;0.158519417;0.3834703565;0.6125446558;14
50.06477827;-0.9667003751;0.5934200287;9.025727272;50.07277093;0.158519417;0.378583461;0.6149880886;14
50.06687994;-0.9284151793;0.5838487148;9.064012527;50.0748726;0.1560759544;0.370031327;0.6210967898;14
50.06898156;-0.8709874153;0.5647061467;9.064012527;50.07697426;0.1487455666;0.3651444316;0.6210967898;14
50.07108322;-0.8614161611;0.5407779217;9.068798065;50.07907588;0.1499672979;0.3578140438;0.6223185062;14
50.07318489;-0.8470591903;0.5216353536;9.05922699;50.08117754;0.1475238502;0.3480401933;0.624761939;14
50.07528656;-0.813559711;0.4785645306;9.016156197;50.08327921;0.1450803876;0.3394880891;0.6259836555;14
50.07738822;-0.7800601721;0.4546363056;9.03051281;50.08538088;0.1414151937;0.3309359848;0.624761939;14
50.07948984;-0.756131947;0.4354937077;9.049654961;50.08748249;0.1389717311;0.3236056268;0.6259836555;14
50.0815915;-0.7130611539;0.4163511395;9.068798065;50.08958416;0.1353065521;0.3138317764;0.6223185062;14
50.08369317;-0.6652047038;0.3972085714;9.078369141;50.09168583;0.1304196268;0.3040579557;0.6210967898;14
50.08579484;-0.650847733;0.3876372576;9.083154678;50.09378749;0.1279761642;0.2930623889;0.617431581;14
50.08789645;-0.6077769399;0.3445664644;9.092725754;50.09588911;0.1243109852;0.2796233594;0.6137663722;14
50.08999812;-0.5742774606;0.3158525825;9.073583603;50.09799077;0.1194240674;0.2686277926;0.610101223;14
50.09209978;-0.5455635786;0.2919243574;9.025727272;50.10009244;0.1120936871;0.2576322258;0.6076577306;14
50.09420145;-0.5072783828;0.2727817893;8.977870941;50.10219411;0.105985038;0.2466366589;0.6003273726;14
50.09630307;-0.4785645306;0.2632105052;8.958727837;50.10429572;0.1010981202;0.2356410921;0.5942187309;14
50.09840473;-0.4546363056;0.2775674164;8.867800713;50.10639739;0.09254601598;0.2234237939;0.5905535221;14
50.1005064;-0.4259224236;0.2727817893;8.829515457;50.10849906;0.0852156356;0.2136499584;0.5856665969;14
50.10260807;-0.3924229145;0.3014956415;8.824729919;50.11060072;0.07544180006;0.2002109289;0.5795579553;14
50.10470968;-0.3732803464;0.3349951804;8.810373306;50.11270239;0.06688969582;0.1879936308;0.57467103;14
50.10681135;-0.3445664644;0.3493520916;8.796015739;50.114804;0.05833758786;0.1782197952;0.5685623884;14
50.10891301;-0.3254238665;0.3684946895;8.767302513;50.11690567;0.05345066637;0.1684459597;0.5636754632;14
50.11101468;-0.3110669553;0.3493520916;8.776873589;50.11900734;0.0485637486;0.1586721241;0.5575668216;14
50.11311635;-0.2679961324;0.3254238665;8.786444664;50.12110895;0.04612028971;0.1501200199;0.5526798964;14
50.11521796;-0.2727817893;0.3062812984;8.839086533;50.12321062;0.04245510325;0.1415679157;0.5465712547;14
50.11731963;-0.2823530734;0.2823530734;8.90130043;50.12531228;0.04367683083;0.1342375278;0.5441278219;14
50.1194213;-0.2488535494;0.2679961324;8.968298912;50.12741395;0.04489856213;0.1293506175;0.5380191803;14
50.12152291;-0.2392822653;0.2344966233;9.011369705;50.12951557;0.05222893879;0.1220202371;0.5282453299;14
50.12362458;-0.2344966233;0.2344966233;9.083154678;50.13161723;0.05589412898;0.1183550507;0.5209149122;14
50.12572624;-0.1866401732;0.2105683982;9.145368576;50.1337189;0.06322450191;0.1110246703;0.5099193454;14
50.12782791;-0.1387837082;0.2009970993;9.198010445;50.13582057;0.06933315098;0.1073594838;0.4989238083;14
50.12992952;-0.09571290761;0.1914258152;9.20758152;50.13792223;0.07422006875;0.1024725661;0.4891499579;14
50.13203119;-0.03349951655;0.2105683982;9.221938133;50.1400239;0.08032871783;0.09392046183;0.4793761373;14
50.13413286;0.0143569354;0.2057827413;9.226723671;50.14212551;0.0852156356;0.08781181276;0.4696022868;14
50.13623452;0.02871387079;0.2009970993;9.202795982;50.14422718;0.0852156356;0.08414662629;0.4598284662;14
50.13833619;0.04785645381;0.1914258152;9.17886734;50.14632885;0.0852156356;0.07803797722;0.4500546157;14
50.14043786;0.06221338734;0.1914258152;9.116654396;50.14843051;0.0864373669;0.07192932814;0.4415025115;14
50.14253947;0.0765703246;0.2153540403;9.020941734;50.15053213;0.08277218044;0.06582067907;0.4329504073;14
50.14464114;0.09571290761;0.2392822653;8.934800148;50.1526338;0.08032871783;0.06337722391;0.424398303;14
50.1467428;0.1100698411;0.2679961324;8.858229637;50.15473546;0.07422006875;0.06582067907;0.4158461988;14
50.14884447;0.1244267747;0.3062812984;8.752944946;50.15683713;0.06444623321;0.06826414168;0.408515811;14
50.15094609;0.1483550072;0.3397808075;8.652446747;50.15893874;0.05711585656;0.07192932814;0.4024071693;14
50.15304775;0.1722832322;0.3828516304;8.561519623;50.16104041;0.04734202102;0.08170316368;0.3962985277;14
50.15514942;0.1914258152;0.4450650215;8.46102047;50.16314208;0.03878991306;0.09147699922;0.3889681399;14
50.15725109;0.1914258152;0.4785645306;8.33180809;50.16524369;0.02779434808;0.0975856483;0.3840812445;14
50.1593527;0.1962114573;0.5072783828;8.260024071;50.16734536;0.01924224012;0.1146898642;0.3791943192;14
50.16145437;0.2057827413;0.5312066078;8.193024635;50.16944702;0.009468403645;0.1305723488;0.3755291104;14
50.16355603;0.2153540403;0.5407779217;8.178668022;50.17154869;0.002138026757;0.1537852138;0.374307394;14
50.16565765;0.1818545163;0.5694918036;8.130811691;50.17365036;-0.007635809947;0.1769980639;0.3767508566;14
50.16775932;0.1292124242;0.6364908218;8.078168869;50.17575197;-0.01130099874;0.2002109289;0.3816377819;14
50.16986098;0.06221338734;0.6891329288;8.078168869;50.17785364;-0.01374445762;0.2197586;0.3877464235;14
50.17196265;-0.004785645287;0.760917604;8.102097511;50.1799553;-0.01618791744;0.2417497337;0.3975202441;14
50.17406432;-0.08135596663;0.8087740541;8.173882484;50.18205697;-0.01618791744;0.2637408674;0.4097375572;14
50.17616593;-0.1387837082;0.8757730722;8.231309891;50.18415859;-0.01496618707;0.2845102847;0.4231765866;14
50.1782676;-0.1962114573;0.9236295223;8.279166222;50.18626025;-0.01496618707;0.3065013885;0.4366155863;14
50.18036926;-0.2775674164;0.9762716293;8.327022552;50.18836192;-0.01252272818;0.319940418;0.4500546157;14
50.18247093;-0.3349951804;1.024128079;8.38923645;50.19046353;-0.01374445762;0.3358229101;0.4622719288;14
50.18457254;-0.3876372576;1.03848505;8.437092781;50.1925652;-0.01252272818;0.3504836559;0.474489212;14
50.18667421;-0.4450650215;1.057627559;8.48973465;50.19466687;-0.01130099874;0.3578140438;0.4867065251;14
50.18877588;-0.4689932466;1.043270707;8.537590981;50.19676853;-0.01496618707;0.362700969;0.4940368831;14
50.19087749;-0.4977070987;1.033699393;8.566305161;50.1988702;-0.01496618707;0.3614792228;0.5001455545;14
50.19297916;-0.4785645306;1.019342422;8.604590416;50.20097182;-0.01863137633;0.3578140438;0.5050324798;14
50.19508083;-0.4402793646;0.9954141974;8.628518105;50.20307348;-0.02107483521;0.3541488647;0.5074759126;14
50.19718249;-0.3780659735;0.9714859724;8.657232285;50.20517515;-0.02596175298;0.3455967605;0.508697629;14
50.19928416;-0.3158525825;0.9332008362;8.652446747;50.20727676;-0.03451386094;0.3346011937;0.508697629;14
50.20138577;-0.2297109663;0.9044869542;8.69551754;50.20937843;-0.0418442376;0.319940418;0.5074759126;14
50.20348744;-0.1722832322;0.8757730722;8.676374435;50.2114801;-0.05039634556;0.3052796721;0.5025889874;14
50.20558911;-0.1100698411;0.8566305041;8.705088615;50.21358176;-0.06139190868;0.2869537175;0.4989238083;14
50.20769072;-0.07178468257;0.8279166222;8.709874153;50.21568343;-0.07238747925;0.2674060464;0.4928151667;14
50.20979239;-0.05264209956;0.756131947;8.685946465;50.21778505;-0.08582650125;0.2503018379;0.4854847789;14
50.21189406;-0.0239282269;0.7130611539;8.685946465;50.21988671;-0.09560033679;0.2246455252;0.4781544209;14
50.21399572;-0.03349951655;0.6891329288;8.676374435;50.22198838;-0.1053741723;0.2038761228;0.470824033;14
50.21609739;-0.0239282269;0.650847733;8.676374435;50.22408999;-0.113926284;0.1794415265;0.4634936452;14
50.218199;0.004785645287;0.626919508;8.709874153;50.22619166;-0.1224783882;0.1586721241;0.454941541;14
50.22030067;0.0143569354;0.6460621357;8.719446182;50.22829333;-0.127365306;0.1403461844;0.4476111531;14
50.22240234;0.03349951655;0.6364908218;8.767302513;50.23039499;-0.1334739476;0.1269071549;0.4415025115;14
50.22450395;0.0239282269;0.6460621357;8.819944382;50.23249661;-0.1371391416;0.1098029464;0.4366155863;14
50.22660562;0.02871387079;0.6747759581;8.882157326;50.23459827;-0.1408043355;0.08903354406;0.4317286909;14
50.22870728;0.01914258115;0.70348984;8.930013657;50.23669994;-0.1420260668;0.07315105945;0.4305069447;14
50.23080895;-0.004785645287;0.708275497;8.925228119;50.23880161;-0.1456912458;0.05971203372;0.4292852283;14
50.23291057;-0.05742774159;0.708275497;9.016156197;50.24090327;-0.1481347084;0.04871646687;0.4256200492;14
50.23501223;-0.09571290761;0.6939185858;9.049654961;50.24300489;-0.1469129771;0.0438295491;0.424398303;14
50.2371139;-0.1579262912;0.6891329288;9.025727272;50.24510656;-0.1469129771;0.03894263133;0.4195113778;14
50.23921557;-0.1579262912;0.6652047038;9.025727272;50.24720822;-0.1469129771;0.02916879393;0.4121810198;14
50.24131723;-0.1339980662;0.6364908218;9.006584167;50.24930984;-0.1408043355;0.01817322709;0.4011854529;14
50.24341885;-0.1196411327;0.6029912829;8.963513374;50.2514115;-0.1346956789;0.01939495653;0.3901898861;14
50.24552051;0.02871387079;0.4977070987;9.135796547;50.25351317;-0.127365306;0.02916879393;0.3804160357;14
50.24762218;0.1244267747;0.4546363056;9.30807972;50.25561484;-0.1188132018;0.03772090003;0.3730856776;14
50.2497238;0.1579262912;0.4402793646;9.255437851;50.2577165;-0.1102610901;0.04993819445;0.3645335436;14
50.25182546;0.1435693651;0.4642075896;9.217152596;50.25981812;-0.1004872546;0.05971203372;0.3608683646;14
50.25392713;0.07178468257;0.4881358147;9.226723671;50.26191978;-0.09071341902;0.07192932814;0.3572031856;14
50.2560288;0.02871387079;0.4929214716;9.250652313;50.26402145;-0.07849612087;0.08781181276;0.3510945439;14
50.25813046;0.01914258115;0.4929214716;9.312865257;50.26612312;-0.06505709887;0.1061377525;0.3474293351;14
50.26023208;0.0143569354;0.4833501875;9.379864693;50.26822473;-0.05161807314;0.1232419685;0.3413206935;14
50.26233374;0.02871387079;0.4929214716;9.370293617;50.2703264;-0.0418442376;0.1366809905;0.3352120519;14
50.26443541;0.03349951655;0.4977070987;9.375079155;50.27242807;-0.02962694131;0.146454826;0.3303251266;14
50.26653708;0.05742774159;0.5072783828;9.375079155;50.27452973;-0.01618791744;0.1586721241;0.3217730224;14
50.26863869;0.09092725813;0.4881358147;9.355937004;50.27663135;-0.01130099874;0.1708894223;0.3144426346;14
50.27074036;0.1196411327;0.4785645306;9.351150513;50.27873301;-0.006414080039;0.1843284518;0.3058905303;14
50.27284202;0.1435693651;0.4737788737;9.293723106;50.28083468;-0.005192350596;0.2026543915;0.2973384261;14
50.27494369;0.1483550072;0.4785645306;9.226723671;50.28293635;-0.003970621154;0.2197586;0.2900080681;14
50.2770453;0.1531406492;0.4929214716;9.145368576;50.28503796;-0.006414080039;0.2368628234;0.2826776803;14
50.27914697;0.1722832322;0.5312066078;9.03051281;50.28713963;-0.01374445762;0.2490801066;0.2802342176;14
50.28124864;0.1962114573;0.6029912829;8.925228119;50.2892413;-0.01740964688;0.2551887631;0.2765690386;14
50.28335031;0.1914258152;0.6747759581;8.824729919;50.29134296;-0.02107483521;0.2588539422;0.274125576;14
50.28545192;0.1531406492;0.6987041831;8.786444664;50.29344463;-0.02474002354;0.2649625838;0.2680169344;14
50.28755359;0.1339980662;0.6843472719;8.877371788;50.29554624;-0.03329212964;0.2759581506;0.2606865466;14
50.28965525;0.1579262912;0.650847733;8.949156761;50.29764791;-0.04062250629;0.2881754637;0.2533561587;14
50.29175692;0.1866401732;0.6891329288;8.863015175;50.29974958;-0.05161807314;0.3016144931;0.2484692484;14
50.29385859;0.1962114573;0.7657032609;8.738588333;50.30185119;-0.06261363626;0.3089448512;0.2460257858;14
50.2959602;0.2009970993;0.8470591903;8.652446747;50.30395286;-0.0736092031;0.3077231348;0.2448040545;14
50.29806187;0.1627119333;0.9284151793;8.628518105;50.30605452;-0.08460476995;0.3089448512;0.2435823381;14
50.30016353;0.1196411327;0.94277215;8.657232285;50.30815619;-0.09071341902;0.31261006;0.2423606068;14
50.30226515;0.06699903309;0.9332008362;8.714659691;50.31025786;-0.09926552325;0.319940418;0.2399171442;14
50.30436682;0.01914258115;0.866201818;8.772088051;50.31235947;-0.1004872546;0.3284925222;0.235030219;14
50.30646848;-0.04307080805;0.760917604;8.819944382;50.31446114;-0.1004872546;0.3358229101;0.227699846;14
50.30857015;-0.07178468257;0.6891329288;8.858229637;50.31656281;-0.0968220681;0.3443750143;0.2203694731;14
50.31067182;-0.06699903309;0.6412764788;8.949156761;50.31866442;-0.09193515033;0.3517054021;0.2093739063;14
50.31277343;-0.06221338734;0.5934200287;9.044869423;50.32076609;-0.08216131479;0.3565923274;0.1996000707;14
50.3148751;-0.08135596663;0.5694918036;9.17886734;50.32286775;-0.07483093441;0.3602575064;0.1910479665;14
50.31697676;-0.09092725813;0.5503492355;9.303294182;50.32496942;-0.06383536756;0.3602575064;0.1824958473;14
50.31907838;-0.1435693651;0.5407779217;9.418149948;50.32707103;-0.05161807314;0.3578140438;0.1727220118;14
50.32118005;-0.1866401732;0.5503492355;9.533005714;50.3291727;-0.03940077871;0.3529271185;0.1653916389;14
50.32328171;-0.2536391914;0.5503492355;9.609575272;50.33127437;-0.02596175298;0.3517054021;0.1556178033;14
50.32538338;-0.3302095234;0.5455635786;9.686145782;50.33337603;-0.005192350596;0.3529271185;0.1458439678;14
50.32748499;-0.3972085714;0.5168496966;9.796216011;50.3354777;0.008246674202;0.3468184769;0.1385135949;14
50.32958666;-0.4642075896;0.4977070987;9.887143135;50.33757937;0.02046396956;0.3321577311;0.131183207;14
50.33168833;-0.4689932466;0.4929214716;9.997213364;50.33968098;0.02901607752;0.3101665974;0.127518028;14
50.33378999;-0.4833501875;0.5264210105;10.03549862;50.34178265;0.03268126398;0.2845102847;0.1226311028;14
50.33589166;-0.5312066078;0.5886343718;9.963713646;50.34388432;0.03268126398;0.2600756884;0.1226311028;14
50.33799333;-0.5934200287;0.6460621357;9.834501266;50.34598593;0.02901607752;0.2319758981;0.1226311028;14
50.34009494;-0.6604190469;0.6939185858;9.7196455;50.3480876;0.02046396956;0.2026543915;0.1226311028;14
50.34219661;-0.70348984;0.7226324677;9.561718941;50.35018926;0.008246674202;0.1757763475;0.1189659163;14
50.34429827;-0.7226324677;0.7226324677;9.432506561;50.35229093;-0.005192350596;0.1452330947;0.1189659163;14
50.34639989;-0.7274180651;0.7513462901;9.265008926;50.3543926;-0.0235182941;0.1207985133;0.1153007299;14
50.34850156;-0.70348984;0.7417750359;9.121439934;50.35649421;-0.03940077871;0.0975856483;0.1091920808;14
50.35060322;-0.6891329288;0.7465606928;8.982656479;50.35859588;-0.05772672221;0.07681624591;0.104305163;14
50.35270489;-0.7130611539;0.7417750359;8.886942863;50.36069754;-0.07727439702;0.05360338464;0.09941824526;14
50.35480656;-0.7130611539;0.7369893789;8.853444099;50.36279916;-0.1004872546;0.03039052337;0.09453132749;14
50.35690817;-0.7130611539;0.7800601721;8.767302513;50.36490088;-0.1188132018;0.009621120058;0.09086613357;14
50.35900984;-0.7465606928;0.813559711;8.657232285;50.36700249;-0.1383608729;-0.01237001177;0.08964440972;14
50.3611115;-0.8039883971;0.866201818;8.556734085;50.36910416;-0.1554650813;-0.0294742249;0.09208786488;14
50.36321312;-0.8566305041;0.9140582681;8.513663292;50.37120577;-0.1701258421;-0.04535670951;0.09575305134;14
50.36531484;-0.9092726111;0.9571290612;8.484949112;50.37330744;-0.1811214089;-0.06123919412;0.09941824526;14
50.36741645;-0.9523434043;0.9954141974;8.508877754;50.37540911;-0.1921169758;-0.07223475724;0.1055268943;14
50.36951812;-0.9810572863;1.028913736;8.537590981;50.37751077;-0.1994473487;-0.07712167501;0.111635536;14
50.37161973;-0.9858429432;1.048056364;8.561519623;50.37961244;-0.2104429156;-0.07834340632;0.117744185;14
50.3737214;-0.9810572863;1.071984529;8.585447311;50.38171406;-0.2153298408;-0.07589995116;0.1250745654;14
50.37582307;-0.9667003751;1.0863415;8.595019341;50.38381572;-0.2214384824;-0.07712167501;0.131183207;14
50.37792473;-0.9619147182;1.095912814;8.571090698;50.38591739;-0.2226602137;-0.07589995116;0.1385135949;14
50.3800264;-0.9571290612;1.0863415;8.614161491;50.38801906;-0.2263254076;-0.07223475724;0.1434005052;14
50.38212801;-0.9236295223;1.048056364;8.709874153;50.39012067;-0.2287688553;-0.05635227636;0.1482874304;14
50.38422968;-0.8757730722;1.024128079;8.690732002;50.39222234;-0.2287688553;-0.03924806044;0.1519526094;14
50.38633135;-0.8279166222;1.000199914;8.652446747;50.394324;-0.2324340492;-0.01725693047;0.1568395346;14
50.38843301;-0.7944171429;0.9858429432;8.69551754;50.39642567;-0.2397644222;-0.0001527161949;0.1641699076;14
50.39053463;-0.7513462901;0.9858429432;8.662017822;50.39852728;-0.24709481;0.01817322709;0.1715002805;14
50.3926363;-0.7704889178;1.028913736;8.595019341;50.40062895;-0.254425168;0.03527744114;0.1800523996;14
50.39473796;-0.813559711;1.067198873;8.504091263;50.40273062;-0.2641990185;0.05238165334;0.1922696829;14
50.39683963;-0.8518448472;1.11984098;8.484949112;50.40483228;-0.2715294063;0.06948586553;0.2020435184;14
50.39894124;-0.8997012973;1.143769264;8.475378036;50.40693395;-0.2776380479;0.08414662629;0.2130390853;14
50.40104291;-0.9236295223;1.172483087;8.513663292;50.40903557;-0.284968406;0.0975856483;0.2252563834;14
50.40314458;-0.9188438654;1.177268744;8.513663292;50.41113723;-0.2947422564;0.1073594838;0.235030219;14
50.40524624;-0.9188438654;1.162911773;8.48973465;50.4132389;-0.3069595397;0.1159115955;0.2448040545;14
50.40734791;-0.9332008362;1.138983607;8.437092781;50.41534051;-0.3216203153;0.1207985133;0.2570213675;14
50.40944952;-0.9475577474;1.143769264;8.394021988;50.41744218;-0.3362810612;0.1330158114;0.2692386508;14
50.41155119;-0.9379864931;1.177268744;8.312665939;50.41954385;-0.350941807;0.1488982886;0.2802342176;14
50.41365286;-0.9379864931;1.220339537;8.250452042;50.42164551;-0.3668242991;0.1684459597;0.2912297845;14
50.41575447;-0.9571290612;1.292124271;8.236095428;50.42374713;-0.3790415823;0.1867718995;0.3022253513;14
50.41785614;-0.9906286001;1.349551916;8.226524353;50.4258488;-0.393702358;0.1989891976;0.3144426346;14
50.4199578;-0.9906286001;1.383051515;8.312665939;50.42795046;-0.4034761786;0.2038761228;0.3291034102;14
50.42205947;-0.9906286001;1.40697968;8.470592499;50.43005213;-0.4169152081;0.2063195854;0.3449858725;14
50.42416109;-1.014556766;1.421336651;8.618947029;50.43215374;-0.4291325212;0.2050978541;0.3608683646;14
50.42626275;-1.03848505;1.397408366;8.719446182;50.43425546;-0.443793267;0.2002109289;0.3755291104;14
50.42836442;-1.019342422;1.35912323;8.800801277;50.43635708;-0.4621191919;0.192880556;0.3901898861;14
50.43046609;-0.9858429432;1.320838094;8.743373871;50.43845874;-0.4767799675;0.1831067204;0.4024071693;14
50.4325677;-0.94277215;1.296909928;8.662017822;50.44056041;-0.4987711012;0.1721111536;0.4146244824;14
50.43466942;-0.9092726111;1.296909928;8.681160927;50.44266208;-0.5158752799;0.1586721241;0.420733124;14
50.43677103;-0.8566305041;1.277767301;8.714659691;50.44476369;-0.5342012644;0.1488982886;0.4305069447;14
50.4388727;-0.7992027402;1.234696507;8.834300995;50.44686536;-0.5549706817;0.142789647;0.4353938699;14
50.44097437;-0.7465606928;1.177268744;8.97308445;50.44896702;-0.5720748901;0.1354592592;0.4390590489;14
50.44307603;-0.6747759581;1.081555843;9.040083885;50.45106869;-0.5842921734;0.1317940801;0.4415025115;14
50.44517765;-0.6125625968;1.014556766;9.164510727;50.4531703;-0.597731173;0.1232419685;0.4427242577;14
50.44727932;-0.5312066078;0.9667003751;9.298508644;50.45527197;-0.6075050235;0.1171333194;0.4427242577;14
50.44938098;-0.4450650215;0.9188438654;9.446864128;50.45737359;-0.6172788739;0.1061377525;0.4427242577;14
50.45148265;-0.3541377485;0.8518448472;9.609575272;50.45947525;-0.6233875155;0.09636391699;0.4402807951;14
50.45358426;-0.2919243574;0.7752745152;9.74835968;50.46157692;-0.6282744408;0.08414662629;0.4390590489;14
50.45568593;-0.2344966233;0.6891329288;9.887143135;50.46367859;-0.6307178736;0.07192932814;0.4341721535;14
50.45778754;-0.2201396823;0.6364908218;10.05942631;50.4657802;-0.63193959;0.0609337613;0.4292852283;14
50.45988921;-0.1483550072;0.5551348329;10.19342422;50.46788187;-0.6307178736;0.05115992576;0.4231765866;14
50.46199088;-0.04307080805;0.4977070987;10.33220863;50.46998353;-0.6307178736;0.04749473557;0.4134027362;14
50.46409254;0.06699903309;0.4307080805;10.45184898;50.4720852;-0.6246092319;0.04505127668;0.4024071693;14
50.46619416;0.1866401732;0.3828516304;10.5475626;50.47418687;-0.6209440231;0.04749473557;0.3914116025;14
50.46829583;0.2775674164;0.3254238665;10.63370419;50.47628848;-0.6160571575;0.05115992576;0.3804160357;14
50.47039749;0.3780659735;0.2823530734;10.71984577;50.47839015;-0.6087267399;0.05726857483;0.3694204688;14
50.47249916;0.4163511395;0.2392822653;10.8107729;50.48049182;-0.6001746655;0.06337722391;0.3572031856;14
50.47460083;0.4594219327;0.2153540403;10.9112711;50.48259348;-0.5879573226;0.07192932814;0.3437641561;14
50.47670244;0.4642075896;0.1818545163;11.01655579;50.4846951;-0.5745183229;0.08414662629;0.3339903057;14
50.47880411;0.4642075896;0.1674975902;11.10269737;50.48679676;-0.5598575473;0.09392046183;0.3229947388;14
50.48090577;0.4450650215;0.1627119333;11.20798111;50.48889843;-0.5439751148;0.1098029464;0.311999172;14
50.48300744;0.4546363056;0.1627119333;11.29890823;50.4910001;-0.5280926228;0.1244636998;0.3022253513;14
50.48510906;0.4450650215;0.1722832322;11.37069321;50.49310171;-0.5097666383;0.1415679157;0.2936732471;14
50.48721072;0.4307080805;0.1722832322;11.40419292;50.49520338;-0.4951058924;0.1623373181;0.2851211429;14
50.48931239;0.4354937077;0.2105683982;11.47597694;50.49730505;-0.4743365049;0.1818849891;0.277790755;14
50.49141406;0.3780659735;0.2201396823;11.50469112;50.49940671;-0.4560105503;0.2014326602;0.274125576;14
50.49351567;0.3349951804;0.2584248483;11.52383423;50.50150833;-0.4389063418;0.2197586;0.2704603672;14
50.49561734;0.2632105052;0.2488535494;11.5764761;50.50360999;-0.4230238497;0.2331976295;0.2692386508;14
50.497719;0.1818545163;0.2967100143;11.61954689;50.50571166;-0.4083631039;0.2478583902;0.2667951882;14
50.49982067;0.1148554832;0.3110669553;11.63868904;50.50781333;-0.3924806118;0.2588539422;0.2667951882;14
50.50192228;0.03349951655;0.3732803464;11.63868904;50.50991499;-0.3790415823;0.269849509;0.2667951882;14
50.50402395;-0.03349951655;0.4115654826;11.62911797;50.51201661;-0.3692677617;0.2735147178;0.2680169344;14
50.50612562;-0.09092725813;0.4642075896;11.59083271;50.51411827;-0.3594939113;0.2771798968;0.2692386508;14
50.50822728;-0.1435693651;0.5359922647;11.59083271;50.51621994;-0.3521635532;0.2784016132;0.2704603672;14
50.51032895;-0.2105683982;0.5647061467;11.55254745;50.51832156;-0.3448331654;0.2759581506;0.2729038298;14
50.51243057;-0.2440679073;0.6125625968;11.5334053;50.52042322;-0.343611449;0.2722929716;0.2704603672;14
50.51453223;-0.2919243574;0.6317051649;11.48076344;50.52252489;-0.3423897028;0.2710712552;0.2704603672;14
50.5166339;-0.3637090325;0.6747759581;11.41854954;50.52462656;-0.3387245238;0.2674060464;0.274125576;14
50.51873551;-0.3972085714;0.6652047038;11.39462185;50.52672817;-0.3411679864;0.2600756884;0.2802342176;14
50.52083718;-0.4498506486;0.6843472719;11.32283688;50.52882984;-0.3423897028;0.2490801066;0.2887863219;14
50.52293885;-0.5072783828;0.7130611539;11.30848026;50.5309315;-0.3460549116;0.2331976295;0.3022253513;14
50.52504051;-0.6077769399;0.7417750359;11.29890823;50.53303317;-0.3497200906;0.2173151523;0.3156643808;14
50.52714213;-0.708275497;0.7657032609;11.32283688;50.53513484;-0.3546070158;0.1965457499;0.3315468729;14
50.5292438;-0.784845829;0.8231309652;11.33240795;50.53723645;-0.3582721949;0.1794415265;0.3474293351;14
50.53134546;-0.8757730722;0.8566305041;11.34676456;50.53933812;-0.3631591201;0.1574503928;0.3596466482;14
50.53344713;-0.94277215;0.8853443861;11.35155106;50.54143978;-0.3680460155;0.1403461844;0.3730856776;14
50.5355488;-0.9858429432;0.890130043;11.36590767;50.54354145;-0.3704894781;0.1207985133;0.3840812445;14
50.53765041;-0.9810572863;0.8949156404;11.37547874;50.54564307;-0.3729329407;0.1073594838;0.3938550651;14
50.53975208;-0.9475577474;0.8949156404;11.40419292;50.54774473;-0.3741546869;0.09269873053;0.3999637067;14
50.54185374;-0.866201818;0.8614161611;11.42812061;50.5498464;-0.3704894781;0.07803797722;0.404850632;14
50.54395541;-0.7657032609;0.8183453679;11.47597694;50.55194807;-0.3668242991;0.06459894776;0.4109592736;14
50.54605702;-0.6652047038;0.7800601721;11.55254745;50.55404968;-0.3631591201;0.04993819445;0.4158461988;14
50.54815869;-0.5886343718;0.7417750359;11.66261768;50.55615135;-0.3558287323;0.03161225095;0.4219548404;14
50.55026036;-0.5072783828;0.7178468108;11.77268696;50.55825301;-0.3497200906;0.01450803876;0.4256200492;14
50.55236202;-0.4354937077;0.6939185858;11.8588295;50.56035468;-0.343611449;0.001069013379;0.428063482;14
50.55446364;-0.3828516304;0.5934200287;11.90668583;50.5624563;-0.3350593448;-0.01481347065;0.4305069447;14
50.55656531;-0.3206382394;0.5024927258;11.93539906;50.56455796;-0.3265072107;-0.02703076601;0.428063482;14
50.55866697;-0.2297109663;0.3684946895;12.0167551;50.56665963;-0.3130682111;-0.04291325063;0.424398303;14
50.56076864;-0.1387837082;0.2727817893;12.09811115;50.5687613;-0.2996291816;-0.06368265301;0.4170679152;14
50.56287025;-0.01914258115;0.1866401732;12.19382381;50.57086291;-0.284968406;-0.08078686893;0.4060723484;14
50.56497192;0.1148554832;0.1196411327;12.33260822;50.57296458;-0.2678641975;-0.09666935354;0.3926333487;14
50.56707359;0.2344966233;0.06699903309;12.43310642;50.57506624;-0.250759989;-0.113773562;0.3755291104;14
50.56917525;0.2967100143;0.004785645287;12.51446247;50.57716791;-0.2336557806;-0.1284343153;0.3559814394;14
50.57127687;0.4067798555;-0.06221338734;12.57188988;50.57926958;-0.2141081095;-0.1382081509;0.3376555145;14
50.57337853;0.5072783828;-0.1148554832;12.60060406;50.58137119;-0.1945604384;-0.150425449;0.3156643808;14
50.5754802;0.6029912829;-0.1435693651;12.59103298;50.58347286;-0.1713475734;-0.1614210159;0.2948949635;14
50.57758187;0.6747759581;-0.1866401732;12.64367485;50.58557452;-0.150578171;-0.173638314;0.2765690386;14
50.57968353;0.7369893789;-0.2009970993;12.65803146;50.58767619;-0.1285870373;-0.1821904182;0.2594648004;14
50.58178515;0.7369893789;-0.2105683982;12.67717457;50.58977781;-0.1065959036;-0.1931859851;0.2411388755;14
50.58388682;0.732203722;-0.2297109663;12.69631672;50.59187947;-0.08949168772;-0.2017380893;0.227699846;14
50.58598848;0.7513462901;-0.2105683982;12.67238903;50.59398109;-0.07116574794;-0.2078467458;0.2118173689;14
50.58809015;0.7369893789;-0.1722832322;12.60060406;50.5960828;-0.05283980444;-0.2163988501;0.1996000707;14
50.59019176;0.7465606928;-0.1483550072;12.54317665;50.59818442;-0.03573558852;-0.2225074917;0.1873827726;14
50.59229343;0.732203722;-0.1100698411;12.51446247;50.60028609;-0.02107483521;-0.2286161482;0.1763872057;14
50.59439505;0.6939185858;-0.04307080805;12.43310642;50.60238775;-0.007635809947;-0.2310595959;0.1666133702;14
50.59649676;0.650847733;-0.004785645287;12.36610699;50.60448937;0.00702494476;-0.2359465212;0.1580612659;14
50.59859838;0.6077769399;0.04785645381;12.29910851;50.60659103;0.02290742844;-0.2432768941;0.1495091617;14
50.60070004;0.5886343718;0.1100698411;12.21775246;50.6086927;0.03512472659;-0.246942088;0.1434005052;14
50.60280171;0.5647061467;0.1483550072;12.12682533;50.61079437;0.04245510325;-0.2542724609;0.1324049383;14
50.60490333;0.5694918036;0.1866401732;12.05504036;50.61289598;0.05589412898;-0.2542724609;0.1214093715;14
50.60700499;0.5838487148;0.2201396823;11.9593277;50.61499765;0.06688969582;-0.2542724609;0.1128572673;14
50.60910666;0.6317051649;0.2392822653;11.86361504;50.61709932;0.07666353136;-0.2506072819;0.1018617004;14
50.61120833;0.6604190469;0.2727817893;11.76311588;50.61920098;0.0864373669;-0.2493855506;0.09453132749;14
50.61330994;0.6843472719;0.2727817893;11.65304661;50.6213026;0.09376774728;-0.2457203567;0.08842267841;14
50.61541161;0.6987041831;0.2919243574;11.55254745;50.62340426;0.09865466505;-0.2408334464;0.08353576064;14
50.61751327;0.6939185858;0.2967100143;11.45683479;50.62550593;0.1047633067;-0.2310595959;0.07987056673;14
