Tempo acelerômetro (s);Acelerômetro X (m/s²);Acelerômetro Y (m/s²);Acelerômetro Z (m/s²);Tempo giroscópio (s);Giroscópio X (rad/s);Giroscópio Y (rad/s);Giroscópio Z (rad/s);gesto
20.32825152;-0.70348984;0.8183453679;7.317251682;20.33624449;0.239000842;0.6623301506;0.4043924809;6
20.33035324;-0.7226324677;0.8805587292;7.231110096;20.33834621;0.2292270064;0.6989820004;0.4239401519;6
20.33245496;-0.7513462901;0.890130043;7.283751965;20.34044793;0.2170097083;0.7417425513;0.4471530318;6
20.33455673;-0.7465606928;0.9667003751;7.274180889;20.3425497;0.2011272311;0.7796161771;0.4740310609;6
20.33665845;-0.7274180651;1.057627559;7.168896675;20.34465142;0.1901316643;0.8089376688;0.4984656572;6
20.33876017;-0.7465606928;1.153340459;7.025327206;20.34675314;0.1730274558;0.8394809365;0.5216785073;6
20.34086189;-0.7704889178;1.1820544;7.044469833;20.34885486;0.1522580534;0.8626937866;0.5424479246;6
20.34296366;-0.760917604;1.205982566;7.092326164;20.35095663;0.1327103674;0.8736893535;0.5583304167;6
20.34506538;-0.7465606928;1.172483087;7.049255371;20.35305835;0.1119409725;0.8810197115;0.5729911923;6
20.3471671;-0.732203722;1.172483087;7.01575613;20.35516012;0.08750637621;0.8846849203;0.5815432668;6
20.34926882;-0.6077769399;1.115055323;7.068397999;20.35726184;0.06307178736;0.8846849203;0.5876519084;6
20.35137058;-0.4785645306;1.115055323;7.044469833;20.35936355;0.03619373962;0.8822414875;0.5949822664;6
20.3534723;-0.3589234054;1.11984098;6.958328247;20.36146527;0.008093958721;0.8712459207;0.6010909677;6
20.35557408;-0.2727817893;1.071984529;6.924828529;20.36356699;-0.02244928107;0.8626937866;0.6096430421;6
20.35767579;-0.2440679073;1.033699393;6.891329288;20.36566876;-0.05054906011;0.8468112946;0.6206386089;6
20.35977751;-0.2823530734;0.9762716293;6.958328247;20.36777048;-0.07987056673;0.8272636533;0.6304124594;6
20.36187923;-0.3110669553;0.9332008362;7.00139904;20.36987225;-0.1091920808;0.8101593852;0.6426297426;6
20.36398095;-0.3206382394;0.9523434043;7.034898758;20.37197397;-0.1409570426;0.7869465351;0.6524035931;6
20.36608272;-0.3158525825;0.9571290612;7.063612461;20.37407569;-0.1715002805;0.7625119686;0.6597339511;6
20.36818444;-0.2727817893;0.9475577474;7.106683254;20.37617741;-0.2032652497;0.7331904769;0.6658425927;6
20.37028621;-0.1914258152;0.9762716293;7.135396957;20.37827913;-0.2325867712;0.7014254928;0.6707295179;6
20.37238793;-0.1052841991;0.9619147182;7.207181931;20.3803809;-0.258243084;0.670882225;0.6719512343;6
20.37448965;-0.009571290575;0.9188438654;7.293323517;20.38248262;-0.2826776803;0.6440041661;0.6743947268;6
20.37659137;0.0765703246;0.8518448472;7.408178806;20.38458439;-0.3046688139;0.6097957492;0.6756164432;6
20.37869309;0.1435693651;0.7992027402;7.580461979;20.38668611;-0.3217730224;0.5743656158;0.6768381596;6
20.38079486;0.2392822653;0.7657032609;7.738388538;20.38878782;-0.3400989771;0.5352702737;0.6756164432;6
20.38289658;0.3684946895;0.7226324677;7.958528042;20.39088954;-0.3535379767;0.4961749315;0.6743947268;6
20.38499835;0.4929214716;0.6699903607;8.135597229;20.39299132;-0.3657552898;0.4595230222;0.6695078015;6
20.38710007;0.6125625968;0.5982056856;8.283951759;20.39509303;-0.3767508566;0.4216494262;0.6609556675;6
20.38920178;0.732203722;0.4929214716;8.417949677;20.39719475;-0.3865246773;0.3825540543;0.6548470259;6
20.3913035;0.8757730722;0.3876372576;8.508877754;20.39929647;-0.3962985277;0.3422369957;0.643851459;6
20.39340527;1.014556766;0.2775674164;8.585447311;20.40139824;-0.4097375572;0.3092502952;0.6328558922;6
20.39550699;1.186840057;0.2105683982;8.671588898;20.40349996;-0.4182896614;0.2774853408;0.6206386089;6
20.39760871;1.339980721;0.1483550072;8.752944946;20.40560173;-0.4231765866;0.2506072819;0.6084213257;6
20.39971043;1.517049551;0.1004985496;8.800801277;20.4077034;-0.4329504073;0.2286161482;0.5974257588;6
20.4018122;1.651047587;0.05742774159;8.834300995;20.40980517;-0.4390590489;0.2139553875;0.5876519084;6
20.40391392;1.765903115;0.05264209956;8.891729355;20.41190689;-0.4488328993;0.2017380893;0.579099834;6
20.40601569;1.861616015;0.03349951655;8.925228119;20.41400866;-0.4537198246;0.196851179;0.5729911923;6
20.40811736;1.914258122;0.04307080805;8.963513374;20.41611038;-0.4598284662;0.1980729103;0.5693259835;6
20.41021913;1.938186288;0.0382851623;8.963513374;20.4182121;-0.4659371078;0.2066250145;0.5644390583;6
20.41232085;1.966900229;0.04785645381;8.982656479;20.42031382;-0.470824033;0.2151771188;0.5607738495;6
20.41442262;1.995614052;0.09092725813;8.992227554;20.42241558;-0.4732674956;0.2310595959;0.5607738495;6
20.41652434;2.038684845;0.09092725813;8.992227554;20.4245173;-0.4696022868;0.2506072819;0.5632173419;6
20.41862605;2.086541414;0.1435693651;9.054440498;20.42661902;-0.4683805704;0.2725984156;0.5705476999;6
20.42072777;2.139183521;0.1627119333;9.131011009;20.42872079;-0.4598284662;0.2958112657;0.579099834;6
20.42282954;2.163111687;0.2057827413;9.260223389;20.43082251;-0.454941541;0.3178023994;0.5876519084;6
20.42493126;2.177468538;0.2679961324;9.341579437;20.43292423;-0.4500546157;0.3446804583;0.5962040424;6
20.42703298;2.20618248;0.3302095234;9.41336441;20.435026;-0.4427242577;0.3727802336;0.6047561169;6
20.42913475;2.234896421;0.3684946895;9.485149384;20.43712772;-0.4366155863;0.4033234715;0.6145299673;6
20.43123647;2.306680918;0.3684946895;9.446864128;20.43922944;-0.4341721535;0.4302015305;0.6255255342;6
20.43333819;2.340180635;0.3732803464;9.461220741;20.44133116;-0.4305069447;0.4644099474;0.636521101;6
20.43543996;2.383251429;0.3972085714;9.489934921;20.44343293;-0.4317286909;0.4961749315;0.6499601007;6
20.43754168;2.383251429;0.4354937077;9.489934921;20.44553465;-0.4329504073;0.5218312144;0.6658425927;6
20.4396434;2.431107759;0.4785645306;9.485149384;20.44763637;-0.4341721535;0.5523744822;0.679281652;6
20.44174512;2.536391973;0.5551348329;9.528220177;20.44973808;-0.4378373325;0.5731438994;0.695164144;6
20.44384689;2.550748825;0.5694918036;9.556933403;20.45183986;-0.4439459741;0.5926915407;0.7110465765;6
20.44594861;2.62253356;0.6077769399;9.576076508;20.45394158;-0.4488328993;0.6085740328;0.7257073522;6
20.44805032;2.694318295;0.6221339107;9.623932838;20.45604335;-0.4561632872;0.6171261668;0.7354812026;6
20.45015204;2.790031195;0.626919508;9.700503349;20.45814501;-0.4647153914;0.6232348084;0.7403681278;6
20.45225382;2.895315409;0.6221339107;9.767501831;20.46024678;-0.4696022868;0.6256782413;0.7428115606;6
20.45435553;3.077169895;0.6029912829;9.839286804;20.4623485;-0.4757109582;0.620791316;0.745255053;6
20.4564573;3.225524902;0.5790630579;9.963713646;20.46445027;-0.4793761373;0.613460958;0.745255053;6
20.45855897;3.397808075;0.5790630579;10.08814049;20.46655199;-0.4879282415;0.604908824;0.745255053;6
20.46066074;3.574877024;0.5647061467;10.2029953;20.46865371;-0.4915934205;0.5963567495;0.7403681278;6
20.46276246;3.708875179;0.5216353536;10.38006496;20.47075543;-0.4952586293;0.5829176903;0.7354812026;6
20.46486423;3.85244441;0.4594219327;10.49491978;20.4728572;-0.4989238083;0.5621483326;0.7257073522;6
20.46696595;4.005585194;0.3972085714;10.70070267;20.47495892;-0.5001455545;0.5426006317;0.7110465765;6
20.46906767;4.153940201;0.3302095234;10.8682003;20.47706064;-0.5001455545;0.5193877816;0.693942368;6
20.47116939;4.316651821;0.2344966233;11.02134132;20.47916236;-0.5001455545;0.4937314689;0.6768381596;6
20.47327116;4.512863636;0.1292124242;11.17448139;20.48126413;-0.4952586293;0.463188231;0.6572905183;6
20.47537288;4.689932346;0.04307080805;11.35155106;20.48336585;-0.4879282415;0.4314232469;0.636521101;6
20.4774746;4.847858906;-0.05742774159;11.56211948;20.48546762;-0.4805978537;0.3972148299;0.6181951761;6
20.47957632;5.000999451;-0.1244267747;11.74875927;20.48756928;-0.4696022868;0.3605629504;0.5986474752;6
20.48167809;5.139782906;-0.1818545163;11.96411324;20.48967105;-0.4561632872;0.323911041;0.577878058;6
20.4837798;5.24506712;-0.2009970993;12.17468166;20.49177277;-0.4415025115;0.2884808779;0.5595521331;6
20.48588158;5.345565796;-0.2679961324;12.39003563;20.49387449;-0.4219548404;0.2554942071;0.5387827158;6
20.48798324;5.388636589;-0.3445664644;12.59581852;20.49597626;-0.4011854529;0.2163988501;0.5167915821;6
20.49008501;5.417350292;-0.3924229145;12.77288723;20.49807798;-0.3804160357;0.1785252392;0.493578732;6
20.49218673;5.484349728;-0.3972085714;13.03131199;20.50017975;-0.3559814394;0.1394298822;0.4703658819;6
20.49428845;5.589633465;-0.4115654826;13.21795273;20.50228147;-0.3291034102;0.1015562713;0.4447095692;6
20.49639022;5.704489231;-0.4115654826;13.3902359;20.50438319;-0.3010036349;0.06246092543;0.4214966893;6
20.49849194;5.800201893;-0.4019941986;13.54816151;20.50648491;-0.2716821134;0.03436114267;0.3995055556;6
20.50059371;5.886343479;-0.3876372576;13.64387512;20.50858668;-0.2423606068;0.0001527161949;0.3775144219;6
20.50269543;6.020341873;-0.3876372576;13.67258835;20.5106884;-0.2130390853;-0.02916879393;0.3518581092;6
20.50479715;6.087340832;-0.4067798555;13.70608807;20.51279012;-0.1898262352;-0.05482511222;0.3249800503;6
20.50689887;6.211767673;-0.4067798555;13.69173145;20.51489189;-0.161726445;-0.07925970852;0.2981020212;6
20.50900064;6.340980053;-0.3972085714;13.68215942;20.51699361;-0.1409570426;-0.09514218569;0.2687804997;6
20.51110236;6.470192432;-0.3732803464;13.65823174;20.51909533;-0.1201876476;-0.1098029464;0.2394589931;6
20.51320408;6.546762943;-0.3972085714;13.57687569;20.52119704;-0.1018617004;-0.1171333194;0.2101374865;6
20.51530585;6.580262184;-0.3684946895;13.41894913;20.52329876;-0.0847574845;-0.1207985133;0.1783725172;6
20.51740757;6.637690067;-0.3589234054;13.2705946;20.52540053;-0.0737619251;-0.1256854236;0.1453858167;6
20.51950928;6.69511795;-0.3206382394;13.09352589;20.52750225;-0.06032289565;-0.1305723488;0.1148425788;6
20.521611;6.776473522;-0.3014956415;12.95952702;20.52960397;-0.05054906011;-0.1317940801;0.08063415438;6
20.52371272;6.867401123;-0.2775674164;12.85902882;20.53170574;-0.04321868345;-0.1281288862;0.04520399496;6
20.52581449;6.958328247;-0.2536391914;12.73460197;20.53380746;-0.03100138716;-0.1232419685;0.01221729536;6
20.52791621;6.982256413;-0.2297109663;12.65803146;20.53590918;-0.02000582218;-0.119576782;-0.01954767294;6
20.53001793;7.025327206;-0.2057827413;12.5623188;20.5380109;-0.009010255337;-0.1122464016;-0.05131264031;6
20.5321197;7.006184578;-0.1770688742;12.5048914;20.54011267;0.003207040019;-0.1049160287;-0.08552107215;6
20.53422142;6.982256413;-0.1339980662;12.45703506;20.54221444;0.01542433538;-0.0988073796;-0.1172860414;6
20.53632314;6.939185619;-0.08135596663;12.42832088;20.54431616;0.02764163166;-0.09147699922;-0.1502727419;6
20.53842486;6.910471916;-0.04785645381;12.38046455;20.54641788;0.03985892609;-0.08170316368;-0.1857028902;6
20.54052663;6.891329288;-0.004785645287;12.36610699;20.5485196;0.05451968312;-0.07803797722;-0.2211330533;6
20.5426284;6.857829571;0.0143569354;12.3421793;20.55062137;0.06673697382;-0.07192932814;-0.2590066791;6
20.54473012;6.829115868;0.0382851623;12.31346512;20.55272308;0.08139773458;-0.06582067907;-0.2956585586;6
20.54683184;6.771687984;0.04785645381;12.2799654;20.5548248;0.09483675659;-0.0609337613;-0.3310887218;6
20.54893355;6.685546398;0.09092725813;12.26082325;20.55692652;0.1058323234;-0.05726857483;-0.3652971387;6
20.55103532;6.546762943;0.1100698411;12.22732353;20.55902829;0.115606159;-0.05360338464;-0.397062093;6
20.55313704;6.374479294;0.1674975902;12.18425274;20.56113001;0.1278234571;-0.05482511222;-0.4239401519;6
20.55523876;6.173482418;0.2153540403;12.16511059;20.56323173;0.1363755614;-0.05726857483;-0.4483747482;6
20.55734048;5.938985825;0.2919243574;12.13161087;20.56533345;0.1485928595;-0.05971203372;-0.4679224193;6
20.55944225;5.680561066;0.3637090325;12.09332561;20.56743522;0.1608101577;-0.05971203372;-0.486248374;6
20.56154397;5.43649292;0.4689932466;12.08854008;20.56953694;0.1718057245;-0.06337722391;-0.4996874034;6
20.56364569;5.178068161;0.5407779217;12.08375454;20.57163871;0.1852447391;-0.06826414168;-0.5106829405;6
20.56574741;4.948357105;0.6364908218;12.08854008;20.57374043;0.1986837685;-0.0743727833;-0.5204567909;6
20.56784918;4.718646049;0.7465606928;12.09332561;20.57584215;0.2133445293;-0.08170316368;-0.527787149;6
20.5699509;4.512863636;0.837487936;12.09332561;20.57794387;0.2280052751;-0.09147699922;-0.5351175666;6
20.57205267;4.316651821;0.9475577474;12.06939697;20.58004564;0.2426660359;-0.1036942974;-0.5412262082;6
20.57415439;4.110869408;1.03848505;12.05504036;20.58214736;0.2561050653;-0.1134681329;-0.5448913574;6
20.57625611;3.919443607;1.115055323;12.03589821;20.58424908;0.2671006322;-0.1281288862;-0.5448913574;6
20.57835782;3.723232031;1.186840057;12.03111267;20.58635079;0.2829830945;-0.1440113783;-0.5461131334;6
20.5804596;3.536591768;1.26341033;11.98325539;20.58845256;0.2903134823;-0.1586721241;-0.5473348498;6
20.58256132;3.364308596;1.325623751;11.91147137;20.59055428;0.3013090491;-0.1769980639;-0.543669641;6
20.58466303;3.201596737;1.397408366;11.85404301;20.592656;0.3074176908;-0.1977674663;-0.5400044918;6
20.58676475;3.014956474;1.488335729;11.72961617;20.59475777;0.312304616;-0.2209803313;-0.5351175666;6
20.58886652;2.833101988;1.560120344;11.57169056;20.59685949;0.315969795;-0.2441931963;-0.5265654325;6
20.59096824;2.665604353;1.588834286;11.44247818;20.59896121;0.315969795;-0.26618433;-0.5180133581;6
20.59306996;2.522035122;1.627119422;11.34197903;20.60106293;0.315969795;-0.2857320011;-0.5106829405;6
20.59517173;2.388036966;1.674975872;11.21755219;20.6031647;0.3110828996;-0.3040579557;-0.5021308661;6
20.59727345;2.263610125;1.713261008;11.05962658;20.60526642;0.3061959743;-0.3223838806;-0.4911352694;6
20.59937517;2.172683001;1.789831281;10.90170002;20.60736814;0.2988655865;-0.3394880891;-0.4801397026;6
20.60147689;2.0769701;1.871187329;10.7677021;20.60946986;0.2927569449;-0.3590357602;-0.4691441655;6
20.60357866;1.995614052;1.947757602;10.65763187;20.61157163;0.2829830945;-0.3761399984;-0.4532616735;6
20.60568038;1.880758643;2.01475668;10.59541893;20.61367335;0.2744309902;-0.3944659233;-0.4373791814;6
20.6077821;1.785045743;2.057827473;10.55234814;20.61577506;0.2646571696;-0.4189005196;-0.4190532267;6
20.60988382;1.651047587;2.086541414;10.51884842;20.61787684;0.2548833191;-0.4408916533;-0.3982838392;6
20.61198559;1.517049551;2.120040894;10.47577763;20.61997855;0.2475529462;-0.4689914286;-0.3787361681;6
20.6140873;1.397408366;2.153540373;10.45184898;20.62208027;0.2414443046;-0.4934260249;-0.3604102135;6
20.61618902;1.301695466;2.187039852;10.40399265;20.62418199;0.2341139317;-0.5178605914;-0.3445277214;6
20.61829079;1.249053478;2.167897224;10.37049294;20.62628376;0.2280052751;-0.5447386503;-0.3310887218;6
20.62039251;1.229910851;2.148754835;10.39442158;20.62838548;0.2218966335;-0.5642863512;-0.3213148713;6
20.62249423;1.272981644;2.096112728;10.40877819;20.6304872;0.215787977;-0.5838339925;-0.3139844835;6
20.62459595;1.349551916;2.057827473;10.3848505;20.63258897;0.2060141414;-0.6046034098;-0.3066541255;6
20.62669772;1.40697968;2.029113531;10.31785107;20.63469069;0.2011272311;-0.6241511106;-0.3054323792;6
20.62879944;1.459621787;2.005185366;10.28435135;20.63679241;0.1950185746;-0.6436987519;-0.3042106628;6
20.63090116;1.560120344;1.93340075;10.31306553;20.63889418;0.1864664704;-0.6608029604;-0.3054323792;6
20.63300293;1.641476393;1.871187329;10.29870892;20.6409959;0.1828012913;-0.6803506613;-0.3029889166;6
20.63510465;1.713261008;1.780260086;10.29392338;20.64309762;0.1754709035;-0.6974548697;-0.3017672002;6
20.63720637;1.761117458;1.718046665;10.22692394;20.64519939;0.1693622619;-0.709672153;-0.3029889166;6
20.63930814;1.799402595;1.636690736;10.21735287;20.64730111;0.1632536054;-0.7218894362;-0.3066541255;6
20.64140986;1.856830359;1.569691658;10.15513897;20.64940283;0.1595884264;-0.7328850031;-0.3176496923;6
20.64351158;1.914258122;1.493121386;10.13599682;20.65150454;0.1559232324;-0.7377719283;-0.3323104382;6
20.64561335;1.976471543;1.363908887;10.13599682;20.65360632;0.1522580534;-0.7402154207;-0.3530798554;6
20.64771506;2.086541414;1.225125194;10.2029953;20.65570803;0.1547015011;-0.7426588535;-0.3775144219;6
20.64981678;2.201396942;1.110269666;10.24128056;20.65780975;0.158366695;-0.7463240623;-0.3995055556;6
20.6519185;2.344966173;1.014556766;10.28913784;20.65991152;0.165697068;-0.7475457788;-0.4202749729;6
20.65402027;2.440679073;0.9571290612;10.33699417;20.66201324;0.1730274558;-0.7438805699;-0.436157465;6
20.65612199;2.522035122;0.9379864931;10.44227791;20.66411496;0.1791360974;-0.7463240623;-0.4483747482;6
20.65822371;2.502892494;0.9667003751;10.45184898;20.66621673;0.1840230078;-0.7512109876;-0.4605920315;6
20.66032548;2.407179594;1.028913736;10.37049294;20.66831845;0.1876882017;-0.7536544204;-0.4776962698;6
20.6624272;2.306680918;1.009771109;10.35135078;20.67042017;0.1925751269;-0.7512109876;-0.4960221946;6
20.66452892;2.258824587;0.9284151793;10.3226366;20.67252189;0.1962403059;-0.7426588535;-0.5216785073;6
20.66663069;2.268395901;0.8039883971;10.31785107;20.67462366;0.1974620372;-0.7292198539;-0.5497782826;6
20.66873241;2.321038008;0.6699903607;10.26999474;20.67672538;0.2023489624;-0.717002511;-0.5803215504;6
20.67083413;2.411965132;0.5790630579;10.23649502;20.6788271;0.2072358727;-0.7035635114;-0.6059778333;6
20.67293585;2.522035122;0.5742774606;10.18863869;20.68092882;0.212122798;-0.6815723777;-0.6316341758;6
20.67503762;2.555534601;0.5742774606;10.16949654;20.68303058;0.2170097083;-0.659581244;-0.6524035931;6
20.67713934;2.507678032;0.6029912829;10.12164021;20.6851323;0.2206749022;-0.6412553191;-0.6695078015;6
20.67924105;2.378465652;0.6173482537;10.05464077;20.68723408;0.2243400961;-0.6290380359;-0.6841685772;6
20.68134277;2.191825628;0.650847733;10.00678444;20.68933574;0.2304487377;-0.6143772602;-0.6988292933;6
20.68344454;2.038684845;0.6460621357;10.04028416;20.69143751;0.2365573794;-0.5960513353;-0.7134900689;6
20.68554626;1.875972986;0.6364908218;10.04985523;20.69353923;0.2377791107;-0.5826122761;-0.7318159938;6
20.68764803;1.765903115;0.6221339107;9.997213364;20.69564095;0.2451094985;-0.566729784;-0.7501419783;6
20.6897497;1.689332843;0.5790630579;9.95414257;20.69774272;0.2499964088;-0.5496255755;-0.7672461867;6
20.69185147;1.670190215;0.5647061467;9.915857315;20.69984444;0.2536616027;-0.5300779343;-0.7831286192;6
20.69395319;1.64626193;0.5551348329;9.930213928;20.70194621;0.2561050653;-0.5044215918;-0.7990111113;6
20.69605491;1.564906001;0.5503492355;9.911071777;20.70404793;0.2573267817;-0.4812087417;-0.8148936033;6
20.69815668;1.435693622;0.5647061467;9.834501266;20.70614965;0.2597702444;-0.4616610706;-0.8307760954;6
20.7002584;1.296909928;0.5455635786;9.762716293;20.70825137;0.262213707;-0.4384481907;-0.8454368711;6
20.70236017;1.186840057;0.5264210105;9.734002113;20.71035308;0.2671006322;-0.4201222658;-0.8588758707;6
20.70446189;1.095912814;0.5359922647;9.714859962;20.7124548;0.2707658112;-0.4005745649;-0.8686497211;6
20.70656361;1.019342422;0.5503492355;9.667003632;20.71455658;0.2744309902;-0.3834703565;-0.8772017956;6
20.70866533;0.9092726111;0.5647061467;9.647860527;20.71665829;0.2756527364;-0.3614792228;-0.8820887208;6
20.71076704;0.7944171429;0.6173482537;9.628718376;20.71876006;0.281761378;-0.3370446563;-0.8845322132;6
20.71286876;0.6556333899;0.6891329288;9.600004196;20.72086178;0.2829830945;-0.3138317764;-0.8845322132;6
20.71497053;0.5168496966;0.7369893789;9.523433685;20.7229635;0.2829830945;-0.2893971801;-0.8820887208;6
20.71707225;0.3637090325;0.8087740541;9.437292099;20.72506522;0.2829830945;-0.2637408674;-0.8772017956;6
20.71917402;0.2105683982;0.8805587292;9.41336441;20.72716699;0.281761378;-0.2356410921;-0.8747583628;6
20.72127574;0.05742774159;0.94277215;9.36550808;20.72926871;0.2793179154;-0.2136499584;-0.8649845123;6
20.72337746;-0.06699903309;0.9906286001;9.312865257;20.73137043;0.2805396616;-0.1965457499;-0.8564324379;6
20.72547918;-0.2297109663;1.043270707;9.245866776;20.7334722;0.278096199;-0.1782197952;-0.8417716622;6
20.72758095;-0.3637090325;1.076770186;9.212367058;20.73557392;0.278096199;-0.1660024971;-0.8246674538;6
20.72968267;-0.5120640397;1.13419795;9.174081802;20.73767564;0.2768744528;-0.1513417512;-0.8063415289;6
20.73178439;-0.6843472719;1.16769743;9.121439934;20.73977741;0.2719875574;-0.1403461844;-0.7831286192;6
20.73388616;-0.837487936;1.205982566;9.092725754;20.74187913;0.2683223486;-0.1342375278;-0.7599157691;6
20.73598788;-0.9858429432;1.26341033;9.035298347;20.74398085;0.262213707;-0.1305723488;-0.7342594862;6
20.7380896;-1.11984098;1.349551916;8.939585686;20.74608262;0.2561050653;-0.1317940801;-0.7098248601;6
20.74019137;-1.268195987;1.421336651;8.891729355;20.74818434;0.2475529462;-0.1354592592;-0.68661201;6
20.74229308;-1.397408366;1.459621787;8.848658562;20.75028605;0.2438877672;-0.1440113783;-0.6633991599;6
20.7443948;-1.521835208;1.459621787;8.819944382;20.75238782;0.235335663;-0.1562286615;-0.6401863098;6
20.74649658;-1.59840548;1.469193101;8.776873589;20.75448954;0.2267835438;-0.1672242284;-0.6169734001;6
20.74859829;-1.631905079;1.45483613;8.729017258;20.75659126;0.2206749022;-0.1782197952;-0.5925388336;6
20.75070001;-1.636690736;1.493121386;8.709874153;20.75869303;0.2084576041;-0.1904370934;-0.5668824911;6
20.75280178;-1.655833244;1.574477315;8.676374435;20.76079475;0.1950185746;-0.2148716897;-0.5412262082;6
20.7549035;-1.718046665;1.674975872;8.556734085;20.76289647;0.1803578287;-0.2393062711;-0.5143481493;6
20.75700522;-1.775474429;1.751546144;8.470592499;20.76499819;0.1608101577;-0.262519151;-0.489913553;6
20.75910699;-1.804188251;1.756331801;8.374878883;20.76709996;0.1412624866;-0.2918406427;-0.4679224193;6
20.76120871;-1.813759565;1.703689694;8.240880966;20.76920163;0.1204930767;-0.3150535226;-0.4495964646;6
20.76331043;-1.804188251;1.612762451;8.145168304;20.7713034;0.09850194305;-0.3358229101;-0.4337140024;6
20.76541215;-1.799402595;1.545763373;8.063812256;20.77340517;0.07895427197;-0.3565923274;-0.4227184355;6
20.76751392;-1.741974831;1.497906923;7.982456207;20.77550689;0.06062832847;-0.3761399984;-0.4129445851;6
20.76961558;-1.64626193;1.473978758;7.891529083;20.77760861;0.03863719851;-0.3981311321;-0.4031707644;6
20.77171736;-1.531406522;1.473978758;7.853243828;20.77971032;0.01420260593;-0.4176788032;-0.3958403766;6
20.77381913;-1.459621787;1.50269258;7.791030407;20.78181204;-0.005345067009;-0.4347830117;-0.3872882724;6
20.77592085;-1.387837172;1.517049551;7.743174076;20.78391382;-0.03100138716;-0.4494437575;-0.3811796308;6
20.77802256;-1.339980721;1.50269258;7.604390144;20.78601553;-0.0542142503;-0.4604393244;-0.3762927055;6
20.78012428;-1.306481123;1.478764415;7.566105366;20.78811725;-0.07742711157;-0.4653262496;-0.3750709891;6
20.782226;-1.325623751;1.387837172;7.51346302;20.79021902;-0.09697478265;-0.462882787;-0.3762927055;6
20.78432777;-1.31126678;1.301695466;7.432106972;20.79232074;-0.117744185;-0.459217608;-0.3787361681;6
20.78642949;-1.249053478;1.225125194;7.393822193;20.79442246;-0.134848401;-0.4555523992;-0.3848448098;6
20.78853121;-1.143769264;1.191625714;7.432106972;20.79652418;-0.1531743407;-0.4506655037;-0.389731735;6
20.79063298;-1.043270707;1.148554921;7.475177765;20.79862595;-0.1715002805;-0.4482220411;-0.397062093;6
20.7927347;-0.9762716293;1.138983607;7.489534855;20.80072767;-0.1886045039;-0.4470002949;-0.4019490182;6
20.79483642;-0.9188438654;1.095912814;7.518248558;20.80282939;-0.2020435184;-0.4494437575;-0.4117228687;6
20.79693814;-0.8757730722;1.033699393;7.5421772;20.80493116;-0.2191477418;-0.4433351159;-0.4227184355;6
20.79903991;-0.8709874153;0.9762716293;7.604390144;20.80703288;-0.2289215773;-0.4347830117;-0.4349357188;6
20.80114163;-0.8231309652;0.8949156404;7.661818027;20.80913465;-0.2386954129;-0.4201222658;-0.4471530318;6
20.80324335;-0.7800601721;0.8279166222;7.661818027;20.81123637;-0.2460257858;-0.4042397738;-0.4581485987;6
20.80534512;-0.7465606928;0.7417750359;7.700103283;20.81333808;-0.2460257858;-0.3846921027;-0.4642572403;6
20.80744684;-0.6987041831;0.6939185858;7.791030407;20.8154398;-0.2460257858;-0.3639226854;-0.4691441655;6
20.80954861;-0.6652047038;0.6843472719;7.948956966;20.81754158;-0.2448040545;-0.3443750143;-0.4703658819;6
20.81165033;-0.7130611539;0.679561615;8.05424118;20.81964329;-0.2435823381;-0.3236056268;-0.4703658819;6
20.81375204;-0.7657032609;0.6987041831;8.111668587;20.82174501;-0.2386954129;-0.3065013885;-0.4679224193;6
20.81585376;-0.8470591903;0.70348984;8.207381248;20.82384673;-0.235030219;-0.2942841053;-0.4667007029;6
20.81795553;-0.8997012973;0.6843472719;8.269595146;20.82594845;-0.2313650399;-0.2759581506;-0.4667007029;6
20.82005725;-0.9092726111;0.6747759581;8.303094864;20.82805022;-0.2252563834;-0.2539670467;-0.4691441655;6
20.82215897;-0.9284151793;0.6173482537;8.307880402;20.83015194;-0.2167042792;-0.2258672565;-0.4740310609;6
20.82426069;-0.9714859724;0.5647061467;8.33180809;20.83225371;-0.2093739063;-0.2002109289;-0.4813614488;6
20.82636241;-0.9858429432;0.5024927258;8.379665375;20.83435543;-0.200821802;-0.1769980639;-0.4874700904;6
20.82846418;-0.9810572863;0.4929214716;8.451449394;20.83645715;-0.1886045039;-0.1525634825;-0.4911352694;6
20.8305659;-0.9714859724;0.5024927258;8.523234367;20.83855887;-0.1715002805;-0.1342375278;-0.493578732;6
20.83266767;-0.9284151793;0.4881358147;8.642875671;20.84066059;-0.154396072;-0.1134681329;-0.4948004782;6
20.83476939;-0.9332008362;0.5072783828;8.714659691;20.84276236;-0.1372918636;-0.08659008145;-0.489913553;6
20.83687111;-0.9332008362;0.5551348329;8.829515457;20.84486408;-0.1214093715;-0.06337722391;-0.4838049114;6
20.83897283;-1.009771109;0.6317051649;8.867800713;20.84696585;-0.1055268943;-0.04749473557;-0.4789179862;6
20.84107454;-1.162911773;0.708275497;8.800801277;20.84906757;-0.09453132749;-0.03405570984;-0.4728093445;6
20.84317632;-1.244267821;0.7130611539;8.714659691;20.85116928;-0.0847574845;-0.02306014486;-0.4715875983;6
20.84527803;-1.244267821;0.6652047038;8.662017822;20.85327105;-0.07620538026;-0.005955931731;-0.4728093445;6
20.8473798;-1.239482164;0.5886343718;8.571090698;20.85537277;-0.07009673119;0.01603520103;-0.4764745235;6
20.84948152;-1.186840057;0.4689932466;8.451449394;20.85747449;-0.06520981342;0.03558287397;-0.4813614488;6
20.85158324;-1.110269666;0.4259224236;8.322237015;20.85957621;-0.06643154472;0.05390881747;-0.4886918366;6
20.85368501;-1.033699393;0.4402793646;8.193024635;20.86167793;-0.06643154472;0.07467821985;-0.4948004782;6
20.85578673;-0.9571290612;0.4785645306;8.087740898;20.8637797;-0.07131846249;0.09422589093;-0.50090909;6
20.85788845;-0.9044869542;0.5264210105;8.001599312;20.86588142;-0.07864884287;0.1125518382;-0.5045742989;6
20.85999017;-0.9188438654;0.5790630579;7.891529083;20.86798319;-0.08720094711;0.123547405;-0.5106829405;6
20.86209189;-0.9906286001;0.6029912829;7.877171993;20.87008491;-0.09941824526;0.1369864196;-0.5167915821;6
20.86419366;-1.0863415;0.6460621357;7.84845829;20.87218663;-0.1128572673;0.150425449;-0.5253437161;6
20.86629538;-1.143769264;0.6125625968;7.843672752;20.87428835;-0.1287397593;0.1601992846;-0.5314523578;6
20.86839715;-1.249053478;0.5790630579;7.709674358;20.87639007;-0.1421787739;0.1589775532;-0.5461131334;6
20.87049887;-1.320838094;0.5216353536;7.6426754;20.87849184;-0.1556178033;0.1565341055;-0.5583304167;6
20.87260058;-1.292124271;0.4594219327;7.661818027;20.88059355;-0.1702785641;0.1479819864;-0.5742129087;6
20.8747023;-1.229910851;0.4450650215;7.747959614;20.88269527;-0.1824958473;0.1394298822;-0.5888736248;6
20.87680402;-1.177268744;0.4307080805;7.829315662;20.88479704;-0.1947131455;0.123547405;-0.6035344005;6
20.87890579;-1.162911773;0.4546363056;7.901100159;20.88689876;-0.2105956376;0.1039997265;-0.6133082509;6
20.88100751;-1.229910851;0.4785645306;7.929814339;20.88900048;-0.227699846;0.08323032409;-0.627968967;6
20.88310923;-1.316052437;0.5120640397;7.944170952;20.89110225;-0.2435823381;0.06612611562;-0.6389645338;6
20.885211;-1.435693622;0.5120640397;7.939385414;20.89320397;-0.2594648004;0.0490218997;-0.6499601007;6
20.88731272;-1.545763373;0.5120640397;7.934599876;20.89530569;-0.277790755;0.03069595434;-0.6609556675;6
20.88941444;-1.665404558;0.5264210105;7.948956966;20.89740746;-0.2912297845;0.01847865991;-0.6707295179;6
20.89151621;-1.741974831;0.5455635786;7.958528042;20.89950918;-0.3022253513;0.007483093534;-0.6817250848;6
20.89361793;-1.799402595;0.5551348329;8.030312538;20.9016109;-0.3144426346;-0.008399390616;-0.6902772188;6
20.89571965;-1.832902193;0.5647061467;8.102097511;20.90371262;-0.327881664;-0.03161225095;-0.6963858604;6
20.89782142;-1.847259045;0.5694918036;8.159524918;20.90581439;-0.3437641561;-0.05115992576;-0.7000510097;6
20.89992314;-1.942971945;0.5694918036;8.236095428;20.90791611;-0.3572031856;-0.06948586553;-0.7037162185;6
20.90202486;-2.057827473;0.5838487148;8.283951759;20.91001782;-0.370642215;-0.08170316368;-0.7049379349;6
20.90412658;-2.182254314;0.5934200287;8.260024071;20.9121196;-0.3865246773;-0.09025526792;-0.7037162185;6
20.90622835;-2.273181438;0.5599204898;8.21216774;20.91422132;-0.3999637067;-0.0975856483;-0.7024945021;6
20.90833006;-2.373680115;0.5216353536;8.135597229;20.91632303;-0.4146244824;-0.1085812151;-0.7000510097;6
20.91043178;-2.478964329;0.5264210105;8.116454124;20.9184248;-0.4219548404;-0.1085812151;-0.6976075768;6
20.91253355;-2.569891453;0.5407779217;8.111668587;20.92052652;-0.4329504073;-0.1061377525;-0.695164144;6
20.91463527;-2.684746981;0.5647061467;8.178668022;20.92262824;-0.4390590489;-0.1000291109;-0.6890554428;6
20.91673699;-2.766103029;0.6029912829;8.173882484;20.92472996;-0.4463894367;-0.09025526792;-0.6805033684;6
20.91883876;-2.82831645;0.6652047038;8.216953278;20.92683173;-0.4488328993;-0.0743727833;-0.6719512343;6
20.92094048;-2.895315409;0.7178468108;8.269595146;20.92893345;-0.4476111531;-0.05726857483;-0.6609556675;6
20.9230422;-2.962314367;0.8039883971;8.350951195;20.93103517;-0.4427242577;-0.03649916872;-0.645073235;6
20.92514392;-3.048455954;0.8805587292;8.441878319;20.93313694;-0.4378373325;-0.01206457894;-0.627968967;6
20.92724569;-3.134597778;0.9379864931;8.561519623;20.93523866;-0.4329504073;0.01481347065;-0.6059778333;6
20.92934741;-3.220739365;0.9762716293;8.676374435;20.93734038;-0.420733124;0.04535670951;-0.5839866996;6
20.93144913;-3.34038043;1.009771109;8.772088051;20.9394421;-0.4109592736;0.07345648855;-0.5595521331;6
20.9335509;-3.445664644;1.024128079;8.877371788;20.94154387;-0.3975202441;0.1052214578;-0.5351175666;6
20.93565262;-3.555734396;1.028913736;8.953942299;20.94364559;-0.3816377819;0.1406516135;-0.5119046569;6
20.93775434;-3.617947817;1.004985452;9.092725754;20.9457473;-0.3620901108;0.1748600453;-0.4874700904;6
20.93985605;-3.670589924;0.9810572863;9.202795982;20.94784908;-0.3462076187;0.2041815519;-0.4642572403;6
20.94195783;-3.694518089;0.9619147182;9.3367939;20.94995079;-0.3266599476;0.2359465212;-0.443487823;6
20.94405954;-3.718446493;0.9523434043;9.499505997;20.95205251;-0.3107774556;0.2640463114;-0.4202749729;6
20.94616126;-3.737588882;0.9284151793;9.585647583;20.95415423;-0.2948949635;0.2848156989;-0.4007273018;6
20.94826303;-3.747160196;0.9332008362;9.681360245;20.956256;-0.2790125012;0.3031416535;-0.3811796308;6
20.95036475;-3.75673151;0.9523434043;9.74835968;20.95835772;-0.2655734718;0.3190241456;-0.3628536761;6
20.95246647;-3.766302824;0.9762716293;9.801001549;20.96045944;-0.2545779049;0.3300196826;-0.3445277214;6
20.95456819;-3.761517286;0.9619147182;9.805787086;20.96256121;-0.2472475171;0.3410152495;-0.3298669755;6
20.95666996;-3.766302824;0.9667003751;9.863214493;20.96466293;-0.2386954129;0.3434587121;-0.3164279461;6
20.95877168;-3.747160196;0.9475577474;9.896714211;20.9667647;-0.2313650399;0.3434587121;-0.3029889166;6
20.9608734;-3.723232031;0.9188438654;9.906285286;20.96886642;-0.2313650399;0.3422369957;-0.293215096;6
20.96297517;-3.699303865;0.9092726111;9.944570541;20.97096814;-0.2301433086;0.3287979662;-0.2846629918;6
20.96507689;-3.665804386;0.8997012973;9.963713646;20.97306986;-0.2338084877;0.3141372204;-0.2761108875;6
20.96717866;-3.646661758;0.8853443861;9.987641335;20.97517158;-0.2374736816;0.2982547283;-0.2687804997;6
20.96928038;-3.656233072;0.890130043;9.992427826;20.97727335;-0.2460257858;0.2750418782;-0.2651153207;6
20.9713821;-3.637090445;0.866201818;9.978070259;20.97937507;-0.258243084;0.2444986254;-0.2651153207;6
20.97348382;-3.598805189;0.8518448472;9.958928108;20.98147684;-0.2729038298;0.2090684772;-0.2651153207;6
20.97558553;-3.546163082;0.8231309652;9.901499748;20.98357855;-0.2887863219;0.173638314;-0.2675587833;6
20.9776873;-3.483949661;0.8087740541;9.863214493;20.98568027;-0.3071122766;0.1345429718;-0.2700022459;6
20.97978902;-3.43609333;0.7944171429;9.844072342;20.98778199;-0.3254382014;0.0991128087;-0.2761108875;6
20.98189079;-3.393022537;0.7800601721;9.815358162;20.98988376;-0.3437641561;0.06368265301;-0.2809978127;6
20.98399251;-3.364308596;0.7944171429;9.801001549;20.99198548;-0.3608683646;0.0294742249;-0.2846629918;6
20.98609423;-3.354737282;0.7896314859;9.8201437;20.9940872;-0.3791943192;-0.004734201822;-0.289549917;6
20.98819595;-3.326023579;0.7800601721;9.844072342;20.99618897;-0.3950767815;-0.03527744114;-0.2944368124;6
20.99029772;-3.349951744;0.756131947;9.911071777;20.99829069;-0.404850632;-0.0621554926;-0.2956585586;6
20.99239944;-3.364308596;0.7369893789;9.987641335;21.00039241;-0.4146244824;-0.08414662629;-0.2993237376;6
20.99450116;-3.393022537;0.70348984;10.09771156;21.00249418;-0.4219548404;-0.1036942974;-0.3005454838;6
20.99660293;-3.412165165;0.6891329288;10.17428207;21.0045959;-0.424398303;-0.1220202371;-0.3017672002;6
20.99870465;-3.426522017;0.6939185858;10.28435135;21.00669762;-0.424398303;-0.142789647;-0.2981020212;6
21.00080637;-3.426522017;0.70348984;10.38963604;21.00879934;-0.4219548404;-0.1611155868;-0.2919933498;6
21.00290814;-3.431307554;0.6987041831;10.49013424;21.01090111;-0.4182896614;-0.1782197952;-0.2834412456;6
21.00500986;-3.455235958;0.6987041831;10.62891865;21.01300282;-0.4134027362;-0.1879936308;-0.2736674249;6
21.00711158;-3.493520975;0.7226324677;10.72941685;21.01510454;-0.4072940946;-0.192880556;-0.2614501119;6
21.00921329;-3.527020693;0.7513462901;10.75813103;21.01720632;-0.4011854529;-0.1941022873;-0.2492328286;6
21.01131506;-3.574877024;0.7992027402;10.81555843;21.01930803;-0.3901898861;-0.1941022873;-0.2357937992;6
21.01341678;-3.584448338;0.8183453679;10.90170002;21.02140975;-0.3755291104;-0.1806632578;-0.2235765159;6
21.0155185;-3.574877024;0.8327022791;10.96391296;21.02351147;-0.3620901108;-0.1647807807;-0.2101374865;6
21.01762027;-3.560520172;0.8279166222;11.02612686;21.02561319;-0.3449858725;-0.1501200199;-0.196698457;6
21.01972199;-3.517449379;0.8279166222;11.08355427;21.02771496;-0.324216485;-0.1366809905;-0.1808159798;6
21.02182371;-3.474378586;0.8183453679;11.12662506;21.02981668;-0.3022253513;-0.1207985133;-0.1661552191;6
21.02392543;-3.445664644;0.7992027402;11.17448139;21.0319184;-0.2802342176;-0.1024725661;-0.1514944583;6
21.02602715;-3.388236761;0.7896314859;11.2941227;21.03402012;-0.2594648004;-0.08170316368;-0.1356119812;6
21.02812892;-3.335594654;0.756131947;11.30848026;21.03612189;-0.2362519503;-0.0609337613;-0.1209512278;6
21.03023064;-3.249453068;0.7752745152;11.29890823;21.03822361;-0.2179260105;-0.04871646687;-0.1075121984;6
21.03233236;-3.172882795;0.7896314859;11.26540947;21.04032538;-0.1983783394;-0.03405570984;-0.09773836285;6
21.03443408;-3.115455151;0.8183453679;11.22712421;21.0424271;-0.18493931;-0.01695149764;-0.08796452731;6
21.03653585;-3.048455954;0.813559711;11.1936245;21.04452882;-0.1715002805;-0.00351247238;-0.07819069177;6
21.03863757;-2.967100143;0.8231309652;11.10748291;21.04663059;-0.161726445;0.008704823442;-0.06963858753;6
21.04073934;-2.919243574;0.813559711;11.01177025;21.0487323;-0.1556178033;0.01603520103;-0.06230820715;6
21.04284105;-2.852244616;0.813559711;10.93998528;21.05083402;-0.1531743407;0.01847865991;-0.0549778305;6
21.04494277;-2.775674343;0.813559711;10.85862923;21.05293579;-0.1531743407;0.02336557768;-0.04886918142;6
21.04704454;-2.723032236;0.7992027402;10.73898792;21.05503751;-0.1556178033;0.02580903657;-0.04153880477;6
21.04914626;-2.679961443;0.7992027402;10.62891865;21.05713923;-0.1605047137;0.02214384824;-0.036651887;6
21.05124798;-2.632104874;0.7992027402;10.55713367;21.05924095;-0.1666133702;0.0209221188;-0.03054323979;6
21.05334975;-2.589034081;0.8087740541;10.48056316;21.06134272;-0.1727220118;0.01725693047;-0.02443459071;6
21.05545147;-2.560320139;0.8183453679;10.41835022;21.06344444;-0.181274116;0.01114828233;-0.02199113183;6
21.05755319;-2.531606436;0.8279166222;10.39920712;21.06554616;-0.1873827726;0.0001527161949;-0.01710421406;6
21.05965491;-2.488535643;0.837487936;10.38006496;21.06764788;-0.1947131455;-0.009621120058;-0.0183259435;6
21.06175668;-2.445464849;0.837487936;10.39920712;21.06974965;-0.2020435184;-0.02183841541;-0.01710421406;6
21.0638584;-2.407179594;0.8709874153;10.4279213;21.07185137;-0.2057087123;-0.03894263133;-0.01466075517;6
21.06596012;-2.349751949;0.8757730722;10.44227791;21.07395309;-0.2130390853;-0.05482511222;-0.01099556591;6
21.06806184;-2.287538528;0.8757730722;10.51884842;21.07605486;-0.2142608166;-0.07192932814;-0.007330377586;6
21.07016361;-2.249253273;0.8757730722;10.56191921;21.07815658;-0.2142608166;-0.08659008145;-0.002443459118;6
21.07226532;-2.220539331;0.890130043;10.64327526;21.08025829;-0.2154825479;-0.1000291109;0.002443459118;6
21.07436704;-2.201396942;0.866201818;10.7054882;21.08236006;-0.2105956376;-0.1085812151;0.006108647678;6
21.07646882;-2.177468538;0.8518448472;10.7677021;21.08446178;-0.2057087123;-0.1146898642;0.009773836471;6
21.07857053;-2.143969059;0.8518448472;10.82991505;21.0865635;-0.1996000707;-0.1183550507;0.01099556591;6
21.08067225;-2.0769701;0.8279166222;10.84427261;21.08866527;-0.1934914142;-0.1146898642;0.0134390248;6
21.08277402;-2.000399828;0.8039883971;10.89212894;21.09076699;-0.1824958473;-0.1122464016;0.0134390248;6
21.08487574;-1.880758643;0.7657032609;10.92562866;21.09286871;-0.1739437431;-0.1085812151;0.0134390248;6
21.08697746;-1.765903115;0.7417750359;10.96869946;21.09497043;-0.161726445;-0.1012508348;0.01221729536;6
21.08907923;-1.665404558;0.7226324677;10.98784161;21.09707215;-0.1495091617;-0.09025526792;0.009773836471;6
21.09118095;-1.555334687;0.6939185858;11.01177025;21.09917392;-0.1360701323;-0.07925970852;0.006108647678;6
21.09328267;-1.435693622;0.6843472719;11.00219822;21.10127564;-0.1238528341;-0.06582067907;0.002443459118;6
21.09538439;-1.335195065;0.6556333899;10.99741268;21.10337736;-0.1079703495;-0.04627300799;-0.002443459118;6
21.09748611;-1.249053478;0.626919508;10.99262714;21.10547913;-0.09575305134;-0.02672533318;-0.007330377586;6
21.09958788;-1.172483087;0.6029912829;10.95912743;21.10758085;-0.0859792158;-0.009621120058;-0.01099556591;6
21.1016896;-1.11984098;0.5886343718;10.92084217;21.10968256;-0.0737619251;0.01114828233;-0.0134390248;6
21.10379132;-1.052842021;0.5742774606;10.8682003;21.11178428;-0.06154462695;0.0294742249;-0.01588248461;6
21.10589308;-1.004985452;0.5742774606;10.84427261;21.11388605;-0.04932733253;0.04657844082;-0.0183259435;6
21.1079948;-0.9810572863;0.5982056856;10.82034397;21.11598777;-0.04077522457;0.06246092543;-0.01954767294;6
21.11009652;-0.9379864931;0.6077769399;10.77727318;21.11808954;-0.03100138716;0.07712167501;-0.02321286127;6
21.11219824;-0.9140582681;0.6221339107;10.77248764;21.12019126;-0.02244928107;0.09422589093;-0.02443459071;6
21.11430001;-0.9044869542;0.6317051649;10.73898792;21.12229298;-0.01389717404;0.1088866442;-0.0268780496;6
21.11640173;-0.8949156404;0.6412764788;10.69591713;21.12439475;-0.006566796452;0.1223256737;-0.02932151034;6
21.1185035;-0.866201818;0.6556333899;10.6480608;21.12649647;0.003207040019;0.1369864196;-0.03054323979;6
21.12060522;-0.8518448472;0.6604190469;10.58106136;21.12859819;0.008093958721;0.1479819864;-0.03298669681;6
21.12270694;-0.8327022791;0.6699903607;10.57627583;21.13069991;0.01420260593;0.1516471803;-0.03543015569;6
21.12480871;-0.837487936;0.6987041831;10.55713367;21.13280168;0.02031125315;0.1540906429;-0.036651887;6
21.12691043;-0.8470591903;0.708275497;10.55234814;21.1349034;0.02764163166;0.1650862098;-0.03909534588;6
21.12901215;-0.8566305041;0.7417750359;10.58106136;21.13700512;0.03008509055;0.1724165827;-0.04153880477;6
21.13111387;-0.8279166222;0.7274180651;10.61934662;21.13910689;0.03130681813;0.1760817766;-0.04276053607;6
21.13321564;-0.8518448472;0.7274180651;10.4853487;21.14120861;0.03252854943;0.1711948514;-0.04276053607;6
21.13531736;-0.9188438654;0.7465606928;10.32742214;21.14331032;0.03497200832;0.1663079411;-0.04276053607;6
21.13741908;-0.9475577474;0.756131947;10.29392338;21.14541204;0.03497200832;0.1614210159;-0.04031707719;6
21.13952085;-0.9667003751;0.7992027402;10.30827999;21.14751376;0.03375028074;0.1540906429;-0.03909534588;6
21.14162257;-0.9714859724;0.837487936;10.30349445;21.14961553;0.03375028074;0.150425449;-0.03787361458;6
21.14372428;-0.9762716293;0.8518448472;10.2652092;21.15171725;0.03008509055;0.14676027;-0.03420842811;6
21.145826;-0.9906286001;0.9044869542;10.20778179;21.15381902;0.02519817278;0.1430950761;-0.03054323979;6
21.14792772;-1.019342422;0.9188438654;10.14078236;21.15592074;0.02031125315;0.1394298822;-0.02443459071;6
21.15002949;-1.033699393;0.9523434043;10.09771156;21.15802246;0.01175914705;0.1357647032;-0.01954767294;6
21.15213121;-1.052842021;0.9762716293;10.04985523;21.16012418;0.00565049937;0.1308777779;-0.01588248461;6
21.15423298;-1.057627559;0.9762716293;9.992427826;21.1622259;-0.0016798781;0.1247691289;-0.009773836471;6
21.1563347;-1.048056364;1.000199914;9.95414257;21.16432772;-0.006566796452;0.1198822111;-0.002443459118;6
21.15843642;-1.048056364;1.014556766;9.915857315;21.16642939;-0.01145371422;0.113773562;0.002443459118;6
21.16053814;-1.024128079;1.033699393;9.911071777;21.16853116;-0.01511890348;0.1088866442;0.008552107029;6
21.16263986;-1.009771109;1.052842021;9.906285286;21.17063288;-0.0175623633;0.1076649204;0.01221729536;6
21.16474168;-1.004985452;1.043270707;9.911071777;21.1727346;-0.02244928107;0.1039997265;0.01588248461;6
21.16684335;-0.9906286001;1.048056364;9.906285286;21.17483632;-0.02489273995;0.1015562713;0.02076940238;6
21.16894512;-0.9810572863;1.052842021;9.930213928;21.17693808;-0.02733619884;0.1015562713;0.02199113183;6
21.17104684;-0.94277215;1.033699393;9.939785004;21.1790398;-0.02855792828;0.10033454;0.02565632015;6
21.17314855;-0.9140582681;1.019342422;9.944570541;21.18114158;-0.02855792828;0.09666935354;0.02809977904;6
21.17525027;-0.890130043;1.033699393;9.963713646;21.18324329;-0.02733619884;0.09544762224;0.03054323979;6
21.17735204;-0.8518448472;1.014556766;9.987641335;21.18534501;-0.02733619884;0.09056070447;0.03420842811;6
21.17945376;-0.8422735929;1.009771109;10.00678444;21.18744673;-0.02855792828;0.086895518;0.03787361458;6
21.18155553;-0.8422735929;0.9810572863;10.04985523;21.1895485;-0.02367101051;0.08445205539;0.03909534588;6
21.18365725;-0.8422735929;0.9714859724;10.07378292;21.19165022;-0.02367101051;0.07834340632;0.03909534588;6
21.18575897;-0.837487936;0.9475577474;10.07378292;21.19375194;-0.02611446939;0.07223475724;0.04031707719;6
21.18786069;-0.8087740541;0.94277215;10.11206818;21.19585366;-0.02489273995;0.06490438432;0.04276053607;6
21.18996246;-0.7944171429;0.8997012973;10.12164021;21.19795543;-0.02367101051;0.05757400393;0.04398226365;6
21.19206418;-0.7657032609;0.890130043;10.12164021;21.20005715;-0.02000582218;0.0478001684;0.04764745384;6
21.1941659;-0.7465606928;0.8997012973;10.12642574;21.20215887;-0.02000582218;0.03680460155;0.05253437161;6
21.19626762;-0.708275497;0.8997012973;10.13599682;21.20426064;-0.02122755162;0.02580903657;0.05619955808;6
21.19836939;-0.708275497;0.8997012973;10.16949654;21.20636236;-0.0175623633;0.01725693047;0.06108647957;6
21.20047111;-0.6939185858;0.9188438654;10.18385315;21.20846408;-0.0175623633;0.007483093534;0.06841685623;6
21.20257282;-0.732203722;0.9140582681;10.18385315;21.21056585;-0.0175623633;-0.002290742937;0.073303774;6
21.2046746;-0.7657032609;0.9092726111;10.18863869;21.21266756;-0.0175623633;-0.01206457894;0.07819069177;6
21.20677632;-0.7800601721;0.8949156404;10.19342422;21.21476928;-0.01634063199;-0.02306014486;0.08185587823;6
21.20887803;-0.7752745152;0.8805587292;10.17906761;21.21687105;-0.01634063199;-0.03161225095;0.08552107215;6
21.2109798;-0.760917604;0.866201818;10.16949654;21.21897272;-0.01511890348;-0.0426078178;0.08796452731;6
21.21308152;-0.7178468108;0.8422735929;10.14556789;21.22107449;-0.0126754446;-0.05482511222;0.09162971377;6
21.21518324;-0.6843472719;0.813559711;10.15513897;21.22317621;-0.01145371422;-0.06337722391;0.09285144508;6
21.21728501;-0.626919508;0.7944171429;10.13599682;21.22527798;-0.009010255337;-0.07315105945;0.09529490769;6
21.21938668;-0.5742774606;0.7752745152;10.10728264;21.2273797;-0.006566796452;-0.08170316368;0.09896009415;6
21.22148845;-0.5312066078;0.7896314859;10.06421185;21.22948142;-0.006566796452;-0.08659008145;0.1038470119;6
21.22359017;-0.5168496966;0.7800601721;10.05464077;21.23158314;-0.005345067009;-0.09147699922;0.1087339297;6
21.22569194;-0.5168496966;0.813559711;10.04506969;21.23368491;-0.006566796452;-0.09392046183;0.1123991162;6
21.22779366;-0.5216353536;0.8039883971;9.997213364;21.23578663;-0.007788525894;-0.09514218569;0.1172860414;6
21.22989538;-0.5120640397;0.8087740541;9.939785004;21.2378884;-0.009010255337;-0.09636391699;0.1209512278;6
21.2319971;-0.5072783828;0.7944171429;9.882357597;21.23999012;-0.009010255337;-0.09636391699;0.1246164143;6
21.23409887;-0.4833501875;0.7944171429;9.839286804;21.24209184;-0.01023198478;-0.09514218569;0.1295033395;6
21.23620059;-0.4689932466;0.7944171429;9.796216011;21.24419355;-0.01145371422;-0.09636391699;0.1331685185;6
21.23830236;-0.4450650215;0.7752745152;9.786644936;21.24629533;-0.01145371422;-0.09269873053;0.1356119812;6
21.24040408;-0.4307080805;0.7704889178;9.762716293;21.24839704;-0.01145371422;-0.08659008145;0.1417206228;6
21.24250579;-0.4211367965;0.760917604;9.74835968;21.25049876;-0.0126754446;-0.07681624591;0.1441640854;6
21.24460751;-0.4163511395;0.7513462901;9.714859962;21.25260048;-0.01023198478;-0.06704241037;0.1478292793;6
21.24670928;-0.3828516304;0.7369893789;9.724431038;21.25470225;-0.006566796452;-0.05726857483;0.1514944583;6
21.248811;-0.3637090325;0.7369893789;9.7196455;21.25680397;-0.002901607659;-0.04627300799;0.1539379209;6
21.25091272;-0.3302095234;0.7465606928;9.743574142;21.25890574;0.003207040019;-0.03772090003;0.1551596522;6
21.25301444;-0.3110669553;0.7226324677;9.796216011;21.26100746;0.008093958721;-0.02916879393;0.1563813835;6
21.25511621;-0.2775674164;0.732203722;9.872786522;21.26310918;0.01420260593;-0.01939495653;0.1576031148;6
21.25721793;-0.2536391914;0.708275497;9.930213928;21.2652109;0.02153298259;-0.01206457894;0.1588248461;6
21.2593197;-0.2679961324;0.6891329288;9.997213364;21.26731262;0.03008509055;-0.00351247238;0.1576031148;6
21.26142142;-0.2632105052;0.6652047038;10.04028416;21.26941439;0.0374154672;0.006261364091;0.1563813835;6
21.26352314;-0.2488535494;0.6556333899;10.06421185;21.27151611;0.04596757516;0.01603520103;0.1551596522;6
21.26562486;-0.2297109663;0.6317051649;10.12164021;21.27361783;0.05207622424;0.02214384824;0.1514944583;6
21.26772658;-0.2153540403;0.6125625968;10.17906761;21.2757196;0.06062832847;0.02703076601;0.146607548;6
21.26982835;-0.1866401732;0.6029912829;10.2029953;21.27782132;0.06551524997;0.03436114267;0.1417206228;6
21.27193007;-0.1722832322;0.5886343718;10.21735287;21.27992303;0.07040216774;0.03924806044;0.1356119812;6
21.27403178;-0.1722832322;0.5694918036;10.2221384;21.2820248;0.0740673542;0.03924806044;0.1295033395;6
21.27613355;-0.1770688742;0.5359922647;10.21256733;21.28412652;0.07528908551;0.03924806044;0.1221729591;6
21.27823527;-0.2009970993;0.5312066078;10.2029953;21.28622824;0.07528908551;0.03924806044;0.1123991162;6
21.28033699;-0.2201396823;0.5072783828;10.19342422;21.28832996;0.07895427197;0.03924806044;0.1038470119;6
21.28243876;-0.2297109663;0.5072783828;10.17906761;21.29043173;0.07528908551;0.03558287397;0.09529490769;6
21.28454048;-0.2344966233;0.5120640397;10.17906761;21.29253345;0.0740673542;0.03313941509;0.08552107215;6
21.2866422;-0.2727817893;0.4977070987;10.15513897;21.29463517;0.0728456229;0.03191768378;0.07696896046;6
21.28874392;-0.3349951804;0.5264210105;10.16949654;21.29673694;0.06918043643;0.02825249545;0.06719512492;6
21.29084569;-0.4115654826;0.5407779217;10.23170948;21.29883866;0.06795870513;0.02214384824;0.06108647957;6
21.29294741;-0.4881358147;0.5694918036;10.24128056;21.30094038;0.06673697382;0.01603520103;0.0549778305;6
21.29504913;-0.5742774606;0.5790630579;10.31306553;21.3030421;0.06673697382;0.009926552884;0.04764745384;6
21.2971509;-0.6747759581;0.6125625968;10.3657074;21.30514387;0.06185005978;-0.002290742937;0.04398226365;6
21.29925262;-0.7657032609;0.6317051649;10.39920712;21.30724558;0.06185005978;-0.0108428495;0.03909534588;6
21.30135434;-0.8805587292;0.650847733;10.46620655;21.30934736;0.06062832847;-0.02550360374;0.03787361458;6
21.30345605;-1.019342422;0.6891329288;10.51406288;21.31144908;0.05940660089;-0.04016435891;0.036651887;6
21.30555782;-1.124626637;0.70348984;10.56670475;21.31355079;0.05818486959;-0.05238165334;0.036651887;6
21.30765954;-1.258624673;0.732203722;10.60499001;21.31565251;0.0557414107;-0.06582067907;0.03420842811;6
21.30976132;-1.397408366;0.784845829;10.64327526;21.31775428;0.05329795182;-0.08048143238;0.03543015569;6
21.31186303;-1.536192179;0.8087740541;10.70070267;21.319856;0.05207622424;-0.09269873053;0.03543015569;6
21.31396475;-1.636690736;0.8518448472;10.76291656;21.32195772;0.04963276163;-0.1061377525;0.036651887;6
21.31606647;-1.751546144;0.8757730722;10.79641533;21.32405949;0.04841103405;-0.119576782;0.03787361458;6
21.31816824;-1.847259045;0.9140582681;10.88255692;21.32616121;0.04963276163;-0.1317940801;0.04276053607;6
21.32026996;-1.942971945;0.9475577474;10.93519974;21.32826293;0.04596757516;-0.1452330947;0.04642572254;6
21.32237168;-2.038684845;1.014556766;10.99262714;21.33036465;0.04596757516;-0.1598938555;0.05375609919;6
21.32447345;-2.153540373;1.043270707;11.02134132;21.33246642;0.04596757516;-0.1745546162;0.05619955808;6
21.32657517;-2.263610125;1.052842021;11.06441212;21.33456814;0.04963276163;-0.1855501831;0.06108647957;6
21.32867689;-2.359323025;1.052842021;11.05005455;21.33666986;0.04841103405;-0.1977674663;0.06475166976;6
21.33077861;-2.464607239;1.019342422;11.07876873;21.33877158;0.05207622424;-0.2087630332;0.07086031139;6
21.33288038;-2.54117775;1.000199914;11.12662506;21.34087335;0.05818486959;-0.2099847645;0.0745255053;6
21.3349821;-2.598605394;1.004985452;11.21276665;21.34297506;0.06307178736;-0.2075413018;0.08429934084;6
21.33708382;-2.675175667;0.9906286001;11.24148083;21.34507678;0.07040216774;-0.2050978541;0.09773836285;6
21.33918553;-2.766103029;1.091127157;11.26062298;21.34717855;0.07773254067;-0.2038761228;0.1123991162;6
21.3412873;-2.890529871;1.196411371;11.29890823;21.34928027;0.08628465235;-0.2002109289;0.1295033395;6
21.34338902;-2.976671457;1.272981644;11.35155106;21.35138199;0.09605848789;-0.1965457499;0.146607548;6
21.34549074;-3.081955671;1.320838094;11.39462185;21.35348376;0.102167137;-0.1892153621;0.1624900252;6
21.34759251;-3.172882795;1.320838094;11.43769264;21.35558548;0.1119409725;-0.1818849891;0.1759290546;6
21.34969423;-3.263810158;1.277767301;11.46640587;21.3576872;0.121714808;-0.1745546162;0.1905898154;6
21.35179595;-3.326023579;1.220339537;11.46640587;21.35978892;0.1290451884;-0.169667691;0.1991419196;6
21.35389772;-3.354737282;1.158126116;11.48076344;21.36189069;0.142484203;-0.169667691;0.2052505612;6
21.35599944;-3.345165968;1.0863415;11.46640587;21.36399241;0.1534797698;-0.1708894223;0.2125809491;6
21.35810116;-3.302095175;1.009771109;11.52861977;21.36609418;0.165697068;-0.169667691;0.2186895907;6
21.36020288;-3.220739365;0.9858429432;11.61476135;21.3681959;0.1754709035;-0.1660024971;0.2211330533;6
21.36230465;-3.177668571;0.9858429432;11.60519028;21.37029762;0.1876882017;-0.1672242284;0.2223547846;6
21.36440637;-3.158525944;1.000199914;11.59561825;21.37239934;0.1999054998;-0.1660024971;0.2247982323;6
21.36650814;-3.129812002;0.9954141974;11.59083271;21.37450111;0.2084576041;-0.1672242284;0.2235765159;6
21.36860986;-3.120240688;0.9523434043;11.59083271;21.37660283;0.2243400961;-0.1684459597;0.2260199636;6
21.37071158;-3.096312523;0.9140582681;11.60040379;21.3787046;0.2377791107;-0.1733328849;0.2284634262;6
21.37281329;-3.072384357;0.8949156404;11.63868904;21.38080626;0.2548833191;-0.1769980639;0.2345720828;6
21.37491506;-3.067598581;0.9140582681;11.6769743;21.38290803;0.2695440948;-0.1769980639;0.2394589931;6
21.37701678;-3.077169895;0.9475577474;11.66261768;21.38500975;0.2866483033;-0.1806632578;0.2443459183;6
21.37911855;-3.096312523;0.9906286001;11.68175983;21.38711147;0.3037525117;-0.1831067204;0.250454545;6
21.38122022;-3.134597778;1.028913736;11.72004509;21.38921324;0.3147480786;-0.1904370934;0.2541197538;6
21.38332199;-3.187239647;1.057627559;11.67218876;21.39131496;0.3294088244;-0.1965457499;0.2565632164;6
21.38542371;-3.182454109;1.081555843;11.65304661;21.39341668;0.3404043913;-0.2050978541;0.2577849329;6
21.38752543;-3.177668571;1.081555843;11.60997581;21.39551845;0.3526217043;-0.2124282271;0.2565632164;6
21.3896272;-3.153740168;1.052842021;11.5142622;21.39762017;0.3636172712;-0.2234237939;0.2516762912;6
21.39172892;-3.086741209;1.043270707;11.38983536;21.39972189;0.374612838;-0.2344193608;0.2492328286;6
21.39383064;-2.995813847;1.019342422;11.26062298;21.40182361;0.3819431961;-0.2405280024;0.246789366;6
21.39593241;-2.904886723;1.004985452;11.20798111;21.40392538;0.3880518377;-0.2405280024;0.246789366;6
21.39803413;-2.847458839;1.028913736;11.1505537;21.4060271;0.3929387629;-0.2417497337;0.2480110973;6
21.40013585;-2.866601467;1.071984529;11.02134132;21.40812882;0.3941605091;-0.2417497337;0.2516762912;6
21.40223756;-2.914458036;1.13419795;10.84427261;21.41023053;0.3941605091;-0.2417497337;0.2577849329;6
21.40433934;-2.971885681;1.191625714;10.69591713;21.4123323;0.3917170465;-0.2380845547;0.2651153207;6
21.40644105;-3.043670416;1.253839016;10.5475626;21.41443402;0.3880518377;-0.2356410921;0.2700022459;6
21.40854277;-3.086741209;1.320838094;10.41835022;21.41653579;0.3819431961;-0.2270889878;0.2748891413;6
21.41064449;-3.115455151;1.35912323;10.26999474;21.41863751;0.374612838;-0.2258672565;0.2822195292;6
21.41274626;-3.120240688;1.373480201;10.17906761;21.42073923;0.3672824502;-0.2258672565;0.2858847082;6
21.41484798;-3.14895463;1.349551916;10.02592659;21.422841;0.3636172712;-0.2295324355;0.2907716334;6
21.41694975;-3.192025423;1.316052437;9.887143135;21.42494272;0.3575085998;-0.2258672565;0.2993237376;6
21.41905147;-3.172882795;1.268195987;9.901499748;21.42704444;0.3575085998;-0.2136499584;0.3090975881;6
21.42115319;-3.187239647;1.272981644;9.958928108;21.42914616;0.3599520624;-0.1977674663;0.3225366175;6
21.42325496;-3.263810158;1.378265858;9.930213928;21.43124788;0.3562868834;-0.1855501831;0.3408625424;6
21.42535668;-3.316452265;1.50269258;9.858428955;21.43334965;0.355065167;-0.1782197952;0.3579667509;6
21.4274584;-3.416950703;1.59840548;9.839286804;21.43545137;0.3575085998;-0.1721111536;0.3762927055;6
21.42956012;-3.493520975;1.641476393;9.882357597;21.43755314;0.3562868834;-0.1647807807;0.3958403766;6
21.43166184;-3.560520172;1.627119422;9.920642853;21.43965486;0.3538434207;-0.1537852138;0.4117228687;6
21.43376361;-3.584448338;1.612762451;9.896714211;21.44175658;0.3538434207;-0.1415679157;0.4263836145;6
21.43586532;-3.608376503;1.564906001;9.863214493;21.44385829;0.355065167;-0.1281288862;0.4386008978;6
21.4379671;-3.608376503;1.50269258;9.805787086;21.44596006;0.3538434207;-0.119576782;0.4483747482;6
21.44006882;-3.555734396;1.435693622;9.772287369;21.44806178;0.3526217043;-0.1146898642;0.4557051361;6
21.44217053;-3.503092289;1.368694544;9.729216576;21.4501635;0.3562868834;-0.1049160287;0.4642572403;6
21.44427225;-3.421736479;1.282552958;9.74835968;21.45226527;0.358730346;-0.09636391699;0.4703658819;6
21.44637402;-3.316452265;1.21555388;9.810572624;21.45436699;0.3599520624;-0.08659008145;0.4801397026;6
21.44847574;-3.282952785;1.16769743;9.858428955;21.45646871;0.3636172712;-0.07925970852;0.4886918366;6
21.45057746;-3.292523861;1.1820544;9.858428955;21.45857043;0.3672824502;-0.07070759684;0.4996874034;6
21.45267923;-3.282952785;1.172483087;9.891928673;21.4606722;0.3721693754;-0.06582067907;0.5070177913;6
21.45478095;-3.263810158;1.148554921;9.925428391;21.46277392;0.378278017;-0.0621554926;0.5155698657;6
21.45688267;-3.220739365;1.13419795;9.958928108;21.46487569;0.3819431961;-0.05849030241;0.5204567909;6
21.45898439;-3.144168854;1.091127157;9.982855797;21.46697741;0.3892735839;-0.05971203372;0.5229002237;6
21.46108616;-3.086741209;1.043270707;9.987641335;21.46907913;0.3941605091;-0.0609337613;0.5216785073;6
21.46318788;-2.976671457;1.004985452;9.95414257;21.47118085;0.3990474045;-0.05360338464;0.5155698657;6
21.46528965;-2.880958557;0.9092726111;9.949356079;21.47328256;0.4063777924;-0.04993819445;0.5106829405;6
21.46739137;-2.780459881;0.8327022791;10.0019989;21.47538434;0.4173733592;-0.04871646687;0.5045742989;6
21.46949308;-2.699103832;0.7704889178;10.00678444;21.47748605;0.428368926;-0.04871646687;0.50090909;6
21.4715948;-2.589034081;0.7226324677;10.04028416;21.47958777;0.4393644929;-0.0426078178;0.4972439408;6
21.47369652;-2.49332118;0.7274180651;10.08335495;21.48168954;0.4515817761;-0.04016435891;0.4984656572;6
21.47579829;-2.455035925;0.7513462901;10.09771156;21.48379126;0.4613556266;-0.03039052337;0.4996874034;6
21.47790001;-2.483749866;0.760917604;10.05942631;21.48589298;0.4723511934;-0.01939495653;0.5021308661;6
21.48000173;-2.512463808;0.760917604;10.01635551;21.48799475;0.4809032977;-0.005955931731;0.5033525825;6
21.4821035;-2.52682066;0.756131947;9.930213928;21.49009647;0.4918988645;0.009926552884;0.5033525825;6
21.48420522;-2.502892494;0.7465606928;9.839286804;21.49219819;0.4967857897;0.02458730713;0.5021308661;6
21.48630694;-2.431107759;0.7369893789;9.762716293;21.49429996;0.5028944016;0.04046979174;0.5033525825;6
21.48840871;-2.321038008;0.70348984;9.700503349;21.49640168;0.5102248192;0.05513054505;0.5057960153;6
21.49051043;-2.230110645;0.7178468108;9.638289452;21.4985034;0.5151117444;0.06612611562;0.5082395077;6
21.49261215;-2.177468538;0.7226324677;9.552147865;21.50060512;0.5199986696;0.07956513762;0.5106829405;6
21.49471392;-2.177468538;0.6987041831;9.44207859;21.50270689;0.5224421024;0.09422589093;0.5119046569;6
21.49681564;-2.163111687;0.6460621357;9.312865257;21.50480861;0.5273290277;0.113773562;0.5167915821;6
21.49891736;-2.143969059;0.6317051649;9.312865257;21.50691032;0.5322159529;0.1320995092;0.5216785073;6
21.50101908;-2.115255117;0.6699903607;9.293723106;21.5090121;0.5358811021;0.1553123742;0.529008925;6
21.50312085;-2.091326952;0.7274180651;9.159725189;21.51111382;0.5371028781;0.1711948514;0.5375609994;6
21.50522256;-2.072184324;0.8183453679;9.078369141;21.51321553;0.5346593857;0.1809686869;0.5473348498;6
21.50732428;-2.0769701;0.8949156404;8.987442017;21.5153173;0.5358811021;0.196851179;0.5571087003;6
21.50942605;-2.091326952;0.9379864931;8.896514893;21.51741902;0.5334376693;0.2188423127;0.5632173419;6
21.51152777;-2.057827473;0.9379864931;8.815158844;21.51952074;0.5334376693;0.2359465212;0.5693259835;6
21.51362949;-2.029113531;0.8853443861;8.729017258;21.52162251;0.5309942365;0.246942088;0.5766563416;6
21.51573126;-1.986042738;0.8518448472;8.642875671;21.52372423;0.5273290277;0.2481638193;0.5827649832;6
21.51783298;-1.914258122;0.866201818;8.551948547;21.52582595;0.5248855352;0.2530507445;0.5900954008;6
21.5199347;-1.847259045;0.8518448472;8.537590981;21.52792767;0.5199986696;0.2591593862;0.5986474752;6
21.52203647;-1.761117458;0.8614161611;8.585447311;21.53002944;0.512668252;0.2652680278;0.6059778333;6
21.52413819;-1.746760488;0.8853443861;8.513663292;21.53213116;0.5041161776;0.2762635946;0.6145299673;6
21.52623991;-1.765903115;0.8853443861;8.38923645;21.53423288;0.4906771481;0.2823722363;0.6230821013;6
21.52834163;-1.799402595;0.9188438654;8.245666504;21.5363346;0.4784598351;0.2897026241;0.6304124594;6
21.5304434;-1.832902193;0.9332008362;8.149953842;21.53843637;0.4637990892;0.2933678031;0.6352993846;6
21.53254512;-1.813759565;0.94277215;8.063812256;21.54053808;0.4491383433;0.2958112657;0.6414080262;6
21.53464684;-1.765903115;0.94277215;7.99202776;21.5426398;0.4356993139;0.2970330119;0.645073235;6
21.53674855;-1.679761529;0.9379864931;7.944170952;21.54474158;0.424703747;0.2933678031;0.6487383842;6
21.53885033;-1.612762451;0.9236295223;7.934599876;21.54684329;0.4100429714;0.2933678031;0.6524035931;6
21.54095204;-1.531406522;0.9140582681;7.872386456;21.54894501;0.3978256881;0.2933678031;0.6548470259;6
21.54305376;-1.464407444;0.8853443861;7.795815945;21.55104673;0.3856084049;0.2982547283;0.6548470259;6
21.54515553;-1.40697968;0.8039883971;7.776673794;21.5531485;0.374612838;0.3043633699;0.6536253095;6
21.54725725;-1.325623751;0.760917604;7.757531166;21.55525022;0.3648389876;0.3153589368;0.6511818767;6
21.54935897;-1.268195987;0.7226324677;7.724031448;21.55735199;0.3526217043;0.3263545036;0.6511818767;6
21.55146069;-1.143769264;0.7465606928;7.666603565;21.55945371;0.3440696001;0.3385718167;0.6475166678;6
21.55356246;-1.033699393;0.7704889178;7.613961697;21.56155543;0.3342957497;0.3532325625;0.645073235;6
21.55566418;-0.9475577474;0.756131947;7.580461979;21.56365715;0.3269653618;0.3727802336;0.6401863098;6
21.55776595;-0.8566305041;0.7130611539;7.599604607;21.56575892;0.3208567202;0.3959930837;0.636521101;6
21.55986767;-0.7944171429;0.6843472719;7.594819069;21.56786064;0.312304616;0.424092859;0.627968967;6
21.56196939;-0.7226324677;0.626919508;7.594819069;21.56996236;0.3061959743;0.4558578432;0.6218603253;6
21.56407111;-0.6460621357;0.5838487148;7.546962738;21.57206408;0.2988655865;0.4888445437;0.6108647585;6
21.56617288;-0.5694918036;0.5359922647;7.518248558;21.57416585;0.2952004075;0.5193877816;0.5998691916;6
21.5682746;-0.4737788737;0.5168496966;7.508677483;21.57626757;0.2915352285;0.5487092733;0.5888736248;6
21.57037632;-0.3780659735;0.4881358147;7.518248558;21.57836928;0.2878700197;0.5780308247;0.5766563416;6
21.57247803;-0.3062812984;0.4785645306;7.5421772;21.58047105;0.2866483033;0.6061306;0.5656607747;6
21.5745798;-0.2297109663;0.4450650215;7.580461979;21.58257277;0.2842048407;0.6330085993;0.5522217751;6
21.57668152;-0.2153540403;0.4211367965;7.618747234;21.58467449;0.2866483033;0.6574432254;0.5387827158;6
21.57878324;-0.2009970993;0.3876372576;7.652246952;21.58677626;0.2890917659;0.6757691503;0.5253437161;6
21.58088501;-0.2057827413;0.3493520916;7.676175117;21.58887798;0.2915352285;0.6904299259;0.5106829405;6
21.58298673;-0.2057827413;0.3302095234;7.704888821;21.5909797;0.2939786613;0.705090642;0.4972439408;6
21.58508845;-0.2344966233;0.3206382394;7.781459332;21.59308142;0.2988655865;0.7148644924;0.486248374;6
21.58719022;-0.2488535494;0.3110669553;7.901100159;21.59518319;0.3061959743;0.720973134;0.4789179862;6
21.58929194;-0.2775674164;0.2919243574;7.982456207;21.59728491;0.312304616;0.7246383429;0.4715875983;6
21.59139366;-0.3445664644;0.3158525825;8.08295536;21.59938663;0.3184132576;0.7246383429;0.4667007029;6
21.59349538;-0.4450650215;0.3493520916;8.15473938;21.60148835;0.3208567202;0.72219491;0.4654789567;6
21.59559715;-0.5599204898;0.3828516304;8.236095428;21.60359012;0.3245218992;0.7124210596;0.4630354941;6
21.59769887;-0.6317051649;0.3972085714;8.293522835;21.60569184;0.3257436454;0.6965385675;0.4605920315;6
21.59980058;-0.6843472719;0.4307080805;8.283951759;21.60779361;0.3257436454;0.6843212843;0.4593703151;6
21.6019023;-0.7274180651;0.4402793646;8.269595146;21.60989532;0.3257436454;0.663551867;0.4544833899;6
21.60400408;-0.756131947;0.4546363056;8.250452042;21.61199704;0.3220784664;0.6366738081;0.4508182108;6
21.60610579;-0.7369893789;0.4402793646;8.202595711;21.61409876;0.315969795;0.6097957492;0.4471530318;6
21.60820756;-0.732203722;0.4450650215;8.121239662;21.61620053;0.3061959743;0.5792525411;0.4410443604;6
21.61030928;-0.6891329288;0.4307080805;8.035098076;21.61830225;0.2964221239;0.556039691;0.4349357188;6
21.612411;-0.6029912829;0.4211367965;8.030312538;21.62040397;0.2842048407;0.5316050649;0.4288270772;6
21.61451272;-0.5407779217;0.4211367965;7.948956966;21.62250574;0.2683223486;0.505948782;0.4239401519;6
21.61661449;-0.4737788737;0.4546363056;7.838887215;21.62460746;0.2487746775;0.4827359021;0.4227184355;6
21.61871621;-0.4402793646;0.4977070987;7.728816986;21.62670923;0.2304487377;0.4595230222;0.4178315103;6
21.62081793;-0.4211367965;0.5264210105;7.637889862;21.6288109;0.2084576041;0.4350884259;0.4141663313;6
21.6229197;-0.4211367965;0.5407779217;7.556533813;21.63091267;0.1864664704;0.413097322;0.4105011225;6
21.62502142;-0.4067798555;0.5359922647;7.465606689;21.63301439;0.1644753367;0.3935496211;0.4043924809;6
21.62712319;-0.3637090325;0.5168496966;7.379465103;21.63511611;0.1437059343;0.3691150546;0.3982838392;6
21.62922486;-0.2871387303;0.4785645306;7.255038261;21.63721788;0.1253799945;0.3459021747;0.3921751976;6
21.63132663;-0.1866401732;0.4737788737;7.231110096;21.6393196;0.1033888608;0.3361283541;0.3872882724;6
21.63342835;-0.05264209956;0.4881358147;7.250252724;21.64142137;0.08139773458;0.3287979662;0.3824013472;6
21.63553006;0.04307080805;0.5455635786;7.188039303;21.64352308;0.05696314201;0.3226893246;0.3824013472;6
21.63763184;0.1483550072;0.6364908218;7.082755089;21.6456248;0.03252854943;0.320245862;0.3811796308;6
21.63973355;0.1722832322;0.7178468108;6.991827965;21.64772658;0.006872228812;0.3226893246;0.3836230934;6
21.64183533;0.1962114573;0.760917604;6.934400082;21.64982829;-0.01389717404;0.3312414289;0.3860665262;6
21.64393704;0.1770688742;0.784845829;6.891329288;21.65193001;-0.03466657549;0.3397935331;0.3872882724;6
21.64603876;0.1148554832;0.7465606928;6.891329288;21.65403173;-0.05054906011;0.3459021747;0.389731735;6
21.64814053;0.0765703246;0.6604190469;6.934400082;21.6561335;-0.06398808211;0.3593412042;0.3909534514;6
21.65024225;0.1196411327;0.5742774606;7.14496851;21.65823522;-0.07620538026;0.3727802336;0.397062093;6
21.65234397;0.1962114573;0.5551348329;7.32203722;21.66033694;-0.08353576064;0.3959930837;0.4056142271;6
21.65444569;0.2679961324;0.6221339107;7.441678524;21.66243866;-0.08964440972;0.413097322;0.4178315103;6
21.65654746;0.2775674164;0.6987041831;7.518248558;21.66454038;-0.09453132749;0.4302015305;0.4324922562;6
21.65864918;0.2344966233;0.7752745152;7.6426754;21.66664215;-0.09575305134;0.4534143806;0.4508182108;6
21.6607509;0.1722832322;0.813559711;7.771887779;21.66874387;-0.09697478265;0.4766272306;0.4667007029;6
21.66285262;0.09092725813;0.8231309652;7.872386456;21.67084564;-0.09575305134;0.5022835732;0.4813614488;6
21.66495434;0.0382851623;0.7944171429;7.944170952;21.67294736;-0.09330959618;0.520609498;0.4911352694;6
21.66705611;0.09092725813;0.7704889178;8.068597794;21.67504908;-0.09330959618;0.5352702737;0.4996874034;6
21.66915783;0.1914258152;0.7800601721;8.092526436;21.67715085;-0.08842267841;0.5572614074;0.5033525825;6
21.6712596;0.3302095234;0.784845829;8.216953278;21.67925257;-0.0859792158;0.5841394663;0.5106829405;6
21.67336132;0.4833501875;0.7896314859;8.288737297;21.68135428;-0.08964440972;0.604908824;0.5216785073;6
21.67546303;0.5790630579;0.813559711;8.312665939;21.683456;-0.09453132749;0.6256782413;0.5338957906;6
21.6775648;0.6029912829;0.8518448472;8.283951759;21.68555777;-0.09697478265;0.6476693749;0.5497782826;6
21.67966652;0.5647061467;0.8566305041;8.288737297;21.68765949;-0.1006399691;0.6672170758;0.5632173419;6
21.68176824;0.4881358147;0.8757730722;8.307880402;21.68976121;-0.1079703495;0.6867647171;0.5742129087;6
21.68386996;0.4354937077;0.8709874153;8.317451477;21.69186298;-0.1104138121;0.705090642;0.5815432668;6
21.68597173;0.4402793646;0.7944171429;8.384450912;21.6939647;-0.1189659163;0.7234166265;0.5876519084;6
21.68807345;0.5359922647;0.7513462901;8.417949677;21.69606642;-0.1262962967;0.7392991185;0.5900954008;6
21.69017517;0.6556333899;0.7178468108;8.427521706;21.69816814;-0.131183207;0.7405208349;0.5900954008;6
21.69227694;0.7704889178;0.6939185858;8.403593063;21.70026991;-0.1385135949;0.7441860437;0.5888736248;6
21.69437866;0.8853443861;0.6604190469;8.465806961;21.70237163;-0.1458439678;0.7441860437;0.5839866996;6
21.69648038;1.000199914;0.626919508;8.523234367;21.70447335;-0.1556178033;0.7490729094;0.5803215504;6
21.6985821;1.105484009;0.5838487148;8.633303642;21.70657507;-0.1653916389;0.7454077601;0.5742129087;6
21.70068387;1.229910851;0.5982056856;8.642875671;21.70867684;-0.177608937;0.7405208349;0.5668824911;6
21.70278558;1.292124271;0.6221339107;8.618947029;21.71077855;-0.1910479665;0.7405208349;0.5583304167;6
21.7048873;1.330409408;0.6317051649;8.662017822;21.71288027;-0.200821802;0.7356339097;0.5473348498;6
21.70698902;1.344766378;0.6221339107;8.69551754;21.71498204;-0.2093739063;0.720973134;0.5375609994;6
21.70909079;1.368694544;0.5647061467;8.709874153;21.71708376;-0.2179260105;0.7087558508;0.5229002237;6
21.71119251;1.383051515;0.4594219327;8.920442581;21.71918548;-0.2215912044;0.6965385675;0.5094612241;6
21.71329423;1.488335729;0.3924229145;9.145368576;21.72128725;-0.227699846;0.6843212843;0.4972439408;6
21.715396;1.55054903;0.3828516304;9.245866776;21.72338897;-0.227699846;0.672104001;0.4825831652;6
21.71749772;1.622333765;0.4067798555;9.332008362;21.72549074;-0.227699846;0.6574432254;0.4703658819;6
21.71959944;1.660618901;0.4259224236;9.408578873;21.72759246;-0.2264781147;0.6391173005;0.4593703151;6
21.72170121;1.641476393;0.4450650215;9.504291534;21.72969418;-0.2264781147;0.620791316;0.4495964646;6
21.72380293;1.612762451;0.4546363056;9.628718376;21.7317959;-0.2228129357;0.6000219584;0.4386008978;6
21.7259047;1.574477315;0.4546363056;9.74835968;21.73389762;-0.2191477418;0.5841394663;0.4239401519;6
21.72800642;1.560120344;0.4211367965;9.815358162;21.73599939;-0.2142608166;0.5694786906;0.4105011225;6
21.73010814;1.588834286;0.3684946895;9.882357597;21.73810111;-0.2093739063;0.5523744822;0.397062093;6
21.73220986;1.674975872;0.3924229145;9.939785004;21.74020282;-0.2020435184;0.5364919901;0.3836230934;6
21.73431158;1.751546144;0.4211367965;9.944570541;21.7423046;-0.1996000707;0.520609498;0.3701840639;6
21.73641335;1.828116536;0.4642075896;9.930213928;21.74440632;-0.1971566081;0.5071704984;0.3591884971;6
21.73851506;1.890329838;0.5120640397;9.911071777;21.74650803;-0.1934914142;0.4961749315;0.3506363928;6
21.74061678;1.947757602;0.5120640397;9.891928673;21.7486098;-0.1947131455;0.4876227975;0.3420842886;6
21.74271855;1.904686809;0.4881358147;9.896714211;21.75071152;-0.1947131455;0.4778489769;0.3335321844;6
21.74482027;1.842473388;0.4594219327;9.896714211;21.75281324;-0.1983783394;0.463188231;0.3262017965;6
21.74692199;1.861616015;0.4689932466;9.911071777;21.75491496;-0.2032652497;0.4546361268;0.3200931549;6
21.74902376;1.866401672;0.5359922647;9.829715729;21.75701673;-0.2069304436;0.4485274553;0.3164279461;6
21.75112548;1.899901152;0.6077769399;9.762716293;21.75911845;-0.2130390853;0.4485274553;0.3152062297;6
21.7532272;1.93340075;0.70348984;9.695717812;21.76122017;-0.2191477418;0.4509709179;0.3152062297;6
21.75532892;1.923829436;0.784845829;9.585647583;21.76332194;-0.2252563834;0.4546361268;0.3188714087;6
21.75743069;1.880758643;0.813559711;9.51386261;21.76542366;-0.235030219;0.4558578432;0.3237583339;6
21.75953241;1.842473388;0.8470591903;9.57129097;21.76752538;-0.2411388755;0.4558578432;0.3286452591;6
21.76163413;1.813759565;0.8997012973;9.604789734;21.7696271;-0.2484692484;0.4595230222;0.3323104382;6
21.7637359;1.780260086;0.9762716293;9.580862045;21.77172887;-0.2533561587;0.4619664848;0.3384190798;6
21.76583762;1.751546144;1.019342422;9.614361763;21.77383059;-0.2594648004;0.4644099474;0.346971184;6
21.76793934;1.770688772;1.048056364;9.710074425;21.7759323;-0.2643517256;0.4644099474;0.3555232882;6
21.77004105;1.794616938;1.071984529;9.743574142;21.77803402;-0.2680169344;0.463188231;0.3665188551;6
21.77214283;1.732403636;1.095912814;9.734002113;21.78013579;-0.274125576;0.4644099474;0.3775144219;6
21.77424454;1.694118381;1.091127157;9.87757206;21.78223757;-0.277790755;0.463188231;0.389731735;6
21.77634626;1.617548108;1.115055323;10.03071213;21.78433923;-0.2826776803;0.4583013058;0.4031707644;6
21.77844798;1.507478237;1.16769743;10.14078236;21.786441;-0.2887863219;0.4521926641;0.4178315103;6
21.78054975;1.440479279;1.229910851;10.17428207;21.78854272;-0.2936732471;0.4350884259;0.4337140024;6
21.78265152;1.373480201;1.316052437;10.21256733;21.79064444;-0.2997818887;0.4106538594;0.4532616735;6
21.78475319;1.335195065;1.402194023;10.2029953;21.79274621;-0.3071122766;0.3837758005;0.4728093445;6
21.78685496;1.325623751;1.45483613;10.28435135;21.79484793;-0.3193295598;0.3593412042;0.4911352694;6
21.78895668;1.31126678;1.531406522;10.3657074;21.7969497;-0.3315468729;0.3324631453;0.5131264329;6
21.7910584;1.292124271;1.622333765;10.3226366;21.79905142;-0.3437641561;0.2994764447;0.5338957906;6
21.79316017;1.287338614;1.694118381;10.26042366;21.80115314;-0.3596466482;0.2628245652;0.5522217751;6
21.79526189;1.296909928;1.765903115;10.15992451;21.80325486;-0.3804160357;0.223729223;0.5693259835;6
21.79736366;1.325623751;1.804188251;10.2029953;21.80535658;-0.4036289155;0.1882990748;0.5839866996;6
21.79946538;1.421336651;1.799402595;10.21256733;21.80745835;-0.4256200492;0.1577558219;0.5998691916;6
21.8015671;1.540977836;1.785045743;10.17906761;21.80956007;-0.4476111531;0.127212584;0.6133082509;6
21.80366882;1.641476393;1.737189293;10.15513897;21.81166178;-0.4696022868;0.09666935354;0.6255255342;6
21.80577053;1.732403636;1.737189293;10.18385315;21.81376355;-0.4903717041;0.06612611562;0.6389645338;6
21.8078723;1.837687731;1.737189293;10.24128056;21.81586527;-0.5099193454;0.04291325063;0.6475166678;6
21.80997402;1.990828395;1.694118381;10.30827999;21.81796704;-0.5233584046;0.01847865991;0.6572905183;6
21.81207574;2.158325911;1.627119422;10.35613632;21.82006871;-0.5355756879;-0.004734201822;0.6633991599;6
21.81417751;2.292324066;1.517049551;10.49013424;21.82217048;-0.5441278219;-0.02306014486;0.6646208763;6
21.81627923;2.474178553;1.421336651;10.65763187;21.8242722;-0.5490147471;-0.03894263133;0.6646208763;6
21.818381;2.689532757;1.344766378;10.87777138;21.82637397;-0.5477929711;-0.04993819445;0.6609556675;6
21.82048267;2.890529871;1.277767301;11.08833981;21.82847569;-0.5416843295;-0.05604684353;0.6536253095;6
21.82258444;3.067598581;1.196411371;11.30369377;21.83057741;-0.5319104791;-0.0621554926;0.645073235;6
21.82468616;3.249453068;1.0863415;11.52861977;21.83267913;-0.5196931958;-0.06826414168;0.6352993846;6
21.82678793;3.426522017;1.000199914;11.77268696;21.8347809;-0.5013672709;-0.06948586553;0.6206386089;6
21.82888965;3.560520172;0.8997012973;11.98325539;21.83688262;-0.4805978537;-0.07681624591;0.6059778333;6
21.83099137;3.718446493;0.8231309652;12.20339584;21.83898434;-0.454941541;-0.07925970852;0.5876519084;6
21.83309308;3.8668015;0.7226324677;12.40917778;21.84108611;-0.428063482;-0.08292489499;0.5681042671;6
21.83519486;4.005585194;0.6364908218;12.58624744;21.84318782;-0.4024071693;-0.08048143238;0.5461131334;6
21.83729658;4.144368649;0.5455635786;12.75374508;21.84528954;-0.3730856776;-0.08414662629;0.5229002237;6
21.83939829;4.28315258;0.4594219327;12.84945774;21.84739132;-0.3425424397;-0.08781181276;0.4996874034;6
21.84150006;4.407579422;0.3924229145;12.92602825;21.84949303;-0.3132209182;-0.09025526792;0.4728093445;6
21.84360178;4.517649174;0.3302095234;12.99781227;21.85159475;-0.2863428593;-0.09392046183;0.443487823;6
21.8457035;4.627718925;0.2679961324;13.07438278;21.85369647;-0.261908263;-0.0975856483;0.4129445851;6
21.84780527;4.723432064;0.2440679073;13.10309696;21.85579824;-0.235030219;-0.0975856483;0.3787361681;6
21.84990699;4.819144726;0.2105683982;13.11266804;21.85789996;-0.2093739063;-0.1000291109;0.3457494676;6
21.85200871;4.886143684;0.2105683982;13.11266804;21.86000168;-0.1837175786;-0.1024725661;0.3103193045;6
21.85411043;4.967499733;0.2153540403;13.09352589;21.8621034;-0.1641699076;-0.1073594838;0.2748891413;6
21.8562122;5.020142078;0.2153540403;13.10309696;21.86420517;-0.1421787739;-0.1159115955;0.2394589931;6
21.85831392;5.063212872;0.2057827413;13.06959724;21.86630689;-0.1214093715;-0.1281288862;0.2040288299;6
21.86041564;5.077569485;0.2297109663;13.07438278;21.86840861;-0.1030834317;-0.1415679157;0.1710421443;6
21.86251736;5.034498692;0.2632105052;13.03131199;21.87051038;-0.08720094711;-0.1550069451;0.1404989064;6
21.86461913;4.962714195;0.2919243574;12.98345566;21.8726121;-0.06887500733;-0.1672242284;0.1111773923;6
21.86672085;4.847858906;0.3349951804;12.9451704;21.87471382;-0.0542142503;-0.1843284518;0.08429934084;6
21.86882257;4.752145767;0.4019941986;12.85902882;21.87681559;-0.04199695215;-0.1989891976;0.05986474827;6
21.87092434;4.661218643;0.4785645306;12.79681587;21.8789173;-0.02611446939;-0.2148716897;0.03787361458;6
21.87302605;4.579862595;0.5599204898;12.73460197;21.88101908;-0.01389717404;-0.2331976295;0.01710421406;6
21.87512777;4.484149456;0.6556333899;12.68674564;21.88312079;-0.0004581485991;-0.2515235841;-0.0;6
21.87722954;4.378865242;0.7274180651;12.65803146;21.88522251;0.01175914705;-0.269849509;-0.01466075517;6
21.87933126;4.264009953;0.837487936;12.6245327;21.88732423;0.02275471389;-0.2893971801;-0.02932151034;6
21.88143303;4.130012035;0.9284151793;12.56710434;21.88942595;0.03497200832;-0.3089448512;-0.04153880477;6
21.88353475;4.024727821;1.024128079;12.50967693;21.89152772;0.04108065739;-0.3260490894;-0.05009091273;6
21.88563647;3.905086517;1.110269666;12.4426775;21.89362944;0.05329795182;-0.3431532979;-0.06108647957;6
21.88773819;3.838087559;1.1820544;12.39003563;21.89573116;0.05940660089;-0.3565923274;-0.06841685623;6
21.88983991;3.761517286;1.258624673;12.29432297;21.89783293;0.06673697382;-0.3688096106;-0.07696896046;6
21.89194168;3.699303865;1.306481123;12.18903828;21.89993465;0.0740673542;-0.3798051775;-0.08429934084;6
21.8940434;3.66101861;1.378265858;12.08854008;21.90203637;0.08017600328;-0.3846921027;-0.08918625861;6
21.89614512;3.617947817;1.445264935;11.99282742;21.90413808;0.08506292105;-0.3871355653;-0.09285144508;6
21.89824689;3.574877024;1.50269258;11.89232826;21.90623986;0.09117157012;-0.3846921027;-0.09651663154;6
21.90034861;3.531806231;1.555334687;11.78225899;21.90834158;0.09605848789;-0.3749182522;-0.09896009415;6
21.90245032;3.517449379;1.593619823;11.68654537;21.91044329;0.1033888608;-0.3651444316;-0.1014035568;6
21.90455204;3.493520975;1.636690736;11.58604717;21.91254506;0.1094975099;-0.3565923274;-0.1026252806;6
21.90665382;3.479164124;1.703689694;11.5142622;21.91464678;0.1143844277;-0.3455967605;-0.1075121984;6
21.90875553;3.46959281;1.727617979;11.45683479;21.9167485;0.1180496216;-0.3346011937;-0.109955661;6
21.91085725;3.46959281;1.770688772;11.36112213;21.91885027;0.1229365394;-0.3211621642;-0.1160643101;6
21.91295902;3.507878065;1.808973908;11.30848026;21.92095199;0.1278234571;-0.3077231348;-0.123394683;6
21.91506074;3.517449379;1.818545222;11.22712421;21.92305371;0.131488651;-0.2967275679;-0.1307250559;6
21.91716246;3.531806231;1.808973908;11.16969585;21.92515548;0.1339320987;-0.2832885385;-0.1404989064;6
21.91926423;3.522234917;1.799402595;11.14098263;21.9272572;0.1375972927;-0.269849509;-0.1502727419;6
21.92136595;3.517449379;1.785045743;11.11226845;21.92935892;0.1412624866;-0.2576322258;-0.1612683088;6
21.92346767;3.483949661;1.780260086;11.09791183;21.93146064;0.1485928595;-0.2515235841;-0.1710421443;6
21.92556944;3.43609333;1.756331801;11.12662506;21.93356241;0.1510363221;-0.2478583902;-0.1808159798;6
21.92767116;3.388236761;1.737189293;11.13619614;21.93566413;0.1571449637;-0.2441931963;-0.1893680841;6
21.92977288;3.326023579;1.732403636;11.16491032;21.93776585;0.165697068;-0.242971465;-0.1979201883;6
21.9318746;3.24466753;1.718046665;11.21755219;21.93986762;0.1705839932;-0.2417497337;-0.2052505612;6
21.93397637;3.163311481;1.684547186;11.26540947;21.94196934;0.1791360974;-0.2466366589;-0.2125809491;6
21.93607809;3.067598581;1.689332843;11.30369377;21.94407105;0.1852447391;-0.2539670467;-0.2186895907;6
21.9381798;2.962314367;1.679761529;11.33719349;21.94617282;0.1913533956;-0.26618433;-0.2247982323;6
21.94028158;2.885744095;1.694118381;11.36590767;21.94827454;0.1986837685;-0.2759581506;-0.2321286201;6
21.94238329;2.785245657;1.684547186;11.36590767;21.95037626;0.2047924101;-0.2881754637;-0.2394589931;6
21.94448501;2.723032236;1.684547186;11.37069321;21.95247803;0.2096793354;-0.3052796721;-0.246789366;6
21.94658678;2.63689065;1.684547186;11.36590767;21.95457975;0.2145662606;-0.319940418;-0.2528980076;6
21.9486885;2.560320139;1.665404558;11.35633659;21.95668147;0.2170097083;-0.3382663727;-0.2577849329;6
21.95079022;2.507678032;1.64626193;11.31805134;21.95878319;0.2194531709;-0.3578140438;-0.2626718581;6
21.95289199;2.445464849;1.679761529;11.29890823;21.96088491;0.2243400961;-0.378583461;-0.2687804997;6
21.95499371;2.378465652;1.684547186;11.28455162;21.96298668;0.2243400961;-0.4042397738;-0.2724456787;6
21.95709543;2.316252232;1.694118381;11.23190975;21.9650884;0.2280052751;-0.4311178327;-0.2761108875;6
21.95919715;2.268395901;1.689332843;11.23190975;21.96719017;0.2292270064;-0.4579958618;-0.2785543501;6
21.96129887;2.220539331;1.684547186;11.18883896;21.96929189;0.2304487377;-0.4848739207;-0.2834412456;6
21.96340064;2.191825628;1.670190215;11.1505537;21.97139361;0.2304487377;-0.5129737258;-0.2858847082;6
21.96550236;2.182254314;1.636690736;11.08355427;21.97349538;0.2280052751;-0.5410735011;-0.293215096;6
21.96760413;2.172683001;1.588834286;11.03569794;21.97559704;0.2255618125;-0.5679515004;-0.3042106628;6
21.96970585;2.201396942;1.560120344;10.96869946;21.97769882;0.2255618125;-0.5899426341;-0.3139844835;6
21.97180757;2.249253273;1.517049551;10.89212894;21.97980053;0.2206749022;-0.6107120514;-0.3249800503;6
21.97390934;2.330609322;1.469193101;10.8107729;21.9819023;0.215787977;-0.6278162599;-0.3371973634;6
21.976011;2.435893536;1.440479279;10.71027374;21.98400402;0.2084576041;-0.6436987519;-0.3506363928;6
21.97811277;2.507678032;1.435693622;10.61456108;21.98610574;0.1999054998;-0.6546943188;-0.3652971387;6
21.98021449;2.54117775;1.435693622;10.47099209;21.98820751;0.1925751269;-0.6693550944;-0.3787361681;6
21.98231626;2.54117775;1.421336651;10.34177971;21.99030923;0.1852447391;-0.6779071689;-0.393396914;6
21.98441798;2.550748825;1.363908887;10.23649502;21.99241095;0.1766926348;-0.6840158105;-0.4092794061;6
21.9865197;2.560320139;1.287338614;10.15513897;21.99451267;0.1705839932;-0.6901245117;-0.4251618981;6
21.98862147;2.593819857;1.229910851;10.12642574;21.99661444;0.1681405306;-0.6852375865;-0.4410443604;6
21.99072319;2.612962246;1.205982566;10.06421185;21.99871616;0.165697068;-0.6730202436;-0.4569268525;6
21.99282491;2.627319336;1.201196909;10.02592659;22.00081793;0.165697068;-0.6571378112;-0.4679224193;6
21.99492663;2.646461725;1.225125194;9.987641335;22.00291965;0.165697068;-0.6375901103;-0.4789179862;6
21.9970284;2.62253356;1.292124271;9.949356079;22.00502137;0.1681405306;-0.6155989766;-0.489913553;6
21.99913012;2.574677229;1.354337573;9.901499748;22.00712308;0.1669187993;-0.5899426341;-0.4972439408;6
22.00123189;2.507678032;1.411765337;9.87757206;22.00922486;0.1681405306;-0.5630646348;-0.5057960153;6
22.00333361;2.440679073;1.459621787;9.824930191;22.01132658;0.1693622619;-0.5374082923;-0.5155698657;6
22.00543532;2.364108801;1.430907965;9.734002113;22.01342829;0.1718057245;-0.5117519498;-0.527787149;6
22.00753704;2.30189538;1.387837172;9.681360245;22.01553001;0.1742491722;-0.4799869955;-0.5387827158;6
22.00963882;2.292324066;1.296909928;9.667003632;22.01763178;0.1766926348;-0.4482220411;-0.5522217751;6
22.01174053;2.321038008;1.220339537;9.700503349;22.0197335;0.18157956;-0.4140135944;-0.5656607747;6
22.01384225;2.330609322;1.196411371;9.628718376;22.02183522;0.1864664704;-0.3773617148;-0.5766563416;6
22.01594397;2.287538528;1.205982566;9.590433121;22.02393694;0.1901316643;-0.3346011937;-0.5852084756;6
22.01804574;2.239681959;1.258624673;9.576076508;22.02603871;0.1962403059;-0.2930623889;-0.5925388336;6
22.02014746;2.163111687;1.316052437;9.595218658;22.02814043;0.2011272311;-0.2576322258;-0.5986474752;6
22.02224918;2.000399828;1.368694544;9.576076508;22.03024215;0.2084576041;-0.2209803313;-0.6035344005;6
22.0243509;1.837687731;1.339980721;9.566504478;22.03234392;0.2206749022;-0.1843284518;-0.6084213257;6
22.02645267;1.660618901;1.282552958;9.614361763;22.03444569;0.2292270064;-0.1550069451;-0.6096430421;6
22.02855439;1.512263894;1.229910851;9.686145782;22.03654736;0.2402225733;-0.1342375278;-0.6108647585;6
22.03065611;1.383051515;1.210768223;9.705288887;22.03864913;0.2463312149;-0.1207985133;-0.6120865345;6
22.03275788;1.26341033;1.258624673;9.676574707;22.04075085;0.2487746775;-0.1110246703;-0.6145299673;6
22.03485965;1.162911773;1.320838094;9.652647018;22.04285256;0.2512181401;-0.1036942974;-0.6133082509;6
22.03696132;1.048056364;1.387837172;9.518648148;22.04495434;0.2512181401;-0.0975856483;-0.6108647585;6
22.03906309;0.9188438654;1.40697968;9.437292099;22.04705605;0.2524398565;-0.0975856483;-0.6059778333;6
22.0411648;0.7896314859;1.411765337;9.360722542;22.04915777;0.2524398565;-0.1012508348;-0.5986474752;6
22.04326652;0.6364908218;1.402194023;9.317651749;22.05125949;0.2524398565;-0.1085812151;-0.5913171172;6
22.04536829;0.5359922647;1.421336651;9.269794464;22.05336121;0.2475529462;-0.1134681329;-0.5839866996;6
22.04747001;0.4689932466;1.493121386;9.198010445;22.05546298;0.2402225733;-0.1110246703;-0.5766563416;6
22.04957173;0.3876372576;1.55054903;9.111868858;22.0575647;0.2292270064;-0.1085812151;-0.5693259835;6
22.05167345;0.3254238665;1.59840548;9.00179863;22.05966647;0.2182314396;-0.1110246703;-0.5607738495;6
22.05377517;0.2344966233;1.631905079;8.906085968;22.06176819;0.2060141414;-0.1183550507;-0.5497782826;6
22.05587694;0.1339980662;1.622333765;8.819944382;22.06386991;0.1901316643;-0.1354592592;-0.536339283;6
22.05797866;0.0143569354;1.622333765;8.757730484;22.06597168;0.1791360974;-0.1537852138;-0.5229002237;6
22.06008043;-0.1052841991;1.627119422;8.738588333;22.0680734;0.1693622619;-0.1708894223;-0.5106829405;6
22.06218215;-0.2057827413;1.641476393;8.700303078;22.07017512;0.1608101577;-0.1855501831;-0.4972439408;6
22.06428387;-0.3110669553;1.593619823;8.72423172;22.07227689;0.1547015011;-0.2014326602;-0.4838049114;6
22.06638564;-0.3541377485;1.545763373;8.772088051;22.07437855;0.1473711282;-0.2197586;-0.4728093445;6
22.06848736;-0.3828516304;1.536192179;8.786444664;22.07648033;0.1400407553;-0.2380845547;-0.4630354941;6
22.07058908;-0.4402793646;1.512263894;8.781659126;22.07858204;0.131488651;-0.2576322258;-0.4544833899;6
22.07269085;-0.4642075896;1.497906923;8.767302513;22.08068382;0.1241582632;-0.2759581506;-0.4471530318;6
22.07479251;-0.4546363056;1.531406522;8.729017258;22.08278553;0.1131627038;-0.2881754637;-0.4373791814;6
22.07689428;-0.4498506486;1.579262972;8.657232285;22.08488725;0.1058323234;-0.2881754637;-0.4300487936;6
22.078996;-0.4977070987;1.584048629;8.571090698;22.08698897;0.09972367436;-0.2967275679;-0.4190532267;6
22.08109777;-0.5934200287;1.55054903;8.528019905;22.08909074;0.08750637621;-0.3052796721;-0.4080576599;6
22.08319949;-0.7178468108;1.50269258;8.504091263;22.09119246;0.07895427197;-0.316275239;-0.397062093;6
22.08530121;-0.8183453679;1.469193101;8.504091263;22.09329418;0.06918043643;-0.3297142684;-0.3885099888;6
22.08740293;-0.9140582681;1.473978758;8.480163574;22.09539595;0.05818486959;-0.3443750143;-0.3824013472;6
22.0895047;-0.9475577474;1.445264935;8.446663857;22.09749767;0.04841103405;-0.3614792228;-0.3750709891;6
22.09160642;-0.9667003751;1.416550994;8.374878883;22.09959939;0.03497200832;-0.3761399984;-0.3689623177;6
22.09370814;-0.94277215;1.445264935;8.303094864;22.10170116;0.02397644334;-0.3895790279;-0.3604102135;6
22.09580991;-0.8997012973;1.469193101;8.21216774;22.10380288;0.008093958721;-0.3993528485;-0.3518581092;6
22.09791163;-0.8757730722;1.50269258;8.097311974;22.1059046;-0.009010255337;-0.412791878;-0.339640826;6
22.10001335;-0.8853443861;1.55054903;7.901100159;22.10800632;-0.02367101051;-0.4274526238;-0.3286452591;6
22.10211512;-0.9188438654;1.555334687;7.810173035;22.11010808;-0.03833176568;-0.4360047281;-0.3152062297;6
22.10421684;-0.9475577474;1.540977836;7.791030407;22.1122098;-0.05665770918;-0.4421133697;-0.3042106628;6
22.10631855;-0.9332008362;1.526620865;7.805387497;22.11431158;-0.0737619251;-0.4421133697;-0.296880275;6
22.10842027;-0.8853443861;1.493121386;7.738388538;22.11641324;-0.08964440972;-0.4360047281;-0.289549917;6
22.11052204;-0.784845829;1.440479279;7.695317745;22.11851501;-0.104305163;-0.4298960865;-0.2809978127;6
22.11262376;-0.6699903607;1.387837172;7.613961697;22.12061673;-0.1214093715;-0.4237874448;-0.2736674249;6
22.11472553;-0.5503492355;1.378265858;7.561319351;22.1227185;-0.1360701323;-0.4201222658;-0.2687804997;6
22.1168272;-0.4498506486;1.335195065;7.5421772;22.12482022;-0.1519526094;-0.412791878;-0.2638935745;6
22.11892897;-0.3828516304;1.320838094;7.508677483;22.12692194;-0.1653916389;-0.4017963111;-0.2675587833;6
22.12103069;-0.3110669553;1.282552958;7.460821152;22.12902371;-0.1763872057;-0.3883572817;-0.2761108875;6
22.12313246;-0.1866401732;1.210768223;7.422535896;22.13112543;-0.1886045039;-0.3736965358;-0.2883281708;6
22.12523418;-0.0382851623;1.124626637;7.436892986;22.13322715;-0.1996000707;-0.3553705812;-0.3029889166;6
22.1273359;0.1531406492;1.03848505;7.417750359;22.13532892;-0.2081521749;-0.3407098353;-0.3225366175;6
22.12943767;0.3732803464;0.9810572863;7.465606689;22.13743064;-0.2154825479;-0.3284925222;-0.3408625424;6
22.13153939;0.5503492355;0.9092726111;7.489534855;22.13953236;-0.2191477418;-0.31261006;-0.3616319597;6
22.13364111;0.7178468108;0.8709874153;7.503891945;22.14163413;-0.2252563834;-0.2955058515;-0.3811796308;6
22.13574288;0.8470591903;0.784845829;7.503891945;22.14373585;-0.2325867712;-0.269849509;-0.3995055556;6
22.1378446;0.9379864931;0.708275497;7.556533813;22.14583756;-0.2374736816;-0.2380845547;-0.4153880477;6
22.13994632;0.9619147182;0.679561615;7.599604607;22.14793928;-0.2423606068;-0.2063195854;-0.4288270772;6
22.14204809;0.9332008362;0.6843472719;7.575676441;22.150041;-0.2460257858;-0.1843284518;-0.4422661066;6
22.1441498;0.8039883971;0.6652047038;7.566105366;22.15214277;-0.2484692484;-0.1611155868;-0.4544833899;6
22.14625152;0.679561615;0.6221339107;7.609176159;22.15424449;-0.2509126961;-0.1391244531;-0.4679224193;6
22.14835324;0.5742774606;0.5455635786;7.767102242;22.15634626;-0.2533561587;-0.1159115955;-0.4825831652;6
22.15045496;0.5120640397;0.5024927258;7.920242786;22.15844793;-0.2496909797;-0.09514218569;-0.4984656572;6
22.15255673;0.5024927258;0.4833501875;8.015955925;22.1605497;-0.2496909797;-0.07681624591;-0.5143481493;6
22.15465845;0.5120640397;0.4977070987;8.116454124;22.16265142;-0.2435823381;-0.07070759684;-0.527787149;6
22.15676022;0.4546363056;0.5359922647;8.221738815;22.16475319;-0.2423606068;-0.0621554926;-0.5387827158;6
22.15886189;0.4067798555;0.5838487148;8.312665939;22.16685491;-0.2399171442;-0.05971203372;-0.5473348498;6
22.16096366;0.3014956415;0.6317051649;8.427521706;22.16895663;-0.2374736816;-0.0609337613;-0.5558869243;6
22.16306538;0.1818545163;0.650847733;8.494520187;22.1710584;-0.235030219;-0.06826414168;-0.5619956255;6
22.16516715;0.03349951655;0.6891329288;8.551948547;22.17316012;-0.235030219;-0.0743727833;-0.5681042671;6
22.16726887;-0.1004985496;0.6891329288;8.604590416;22.17526184;-0.2362519503;-0.08292489499;-0.5717694163;6
22.16937059;-0.2488535494;0.6987041831;8.662017822;22.17736361;-0.235030219;-0.0988073796;-0.577878058;6
22.17147236;-0.3445664644;0.6843472719;8.676374435;22.17946533;-0.2374736816;-0.1134681329;-0.5827649832;6
22.17357408;-0.3972085714;0.6699903607;8.705088615;22.18156704;-0.2399171442;-0.1317940801;-0.586430192;6
22.17567579;-0.4881358147;0.679561615;8.719446182;22.18366876;-0.2448040545;-0.1525634825;-0.5900954008;6
22.17777757;-0.5551348329;0.679561615;8.714659691;22.18577053;-0.2533561587;-0.1733328849;-0.5949822664;6
22.17987928;-0.6077769399;0.70348984;8.72423172;22.18787225;-0.258243084;-0.1892153621;-0.5986474752;6
22.181981;-0.6699903607;0.6987041831;8.676374435;22.18997397;-0.2643517256;-0.2026543915;-0.5998691916;6
22.18408272;-0.7513462901;0.6987041831;8.628518105;22.19207574;-0.2716821134;-0.2124282271;-0.5986474752;6
22.18618449;-0.8231309652;0.6747759581;8.566305161;22.19417746;-0.277790755;-0.2258672565;-0.5962040424;6
22.18828621;-0.8949156404;0.679561615;8.551948547;22.19627918;-0.2838993967;-0.2331976295;-0.5900954008;6
22.19038793;-1.000199914;0.6747759581;8.551948547;22.1983809;-0.2912297845;-0.2405280024;-0.5815432668;6
22.1924897;-1.105484009;0.6987041831;8.556734085;22.20048267;-0.2973384261;-0.2454149276;-0.5717694163;6
22.19459142;-1.234696507;0.7369893789;8.604590416;22.20258439;-0.2997818887;-0.242971465;-0.5571087003;6
22.19669314;-1.35912323;0.760917604;8.595019341;22.20468616;-0.3034470677;-0.2380845547;-0.543669641;6
22.19879486;-1.430907965;0.813559711;8.628518105;22.20678783;-0.3046688139;-0.2319758981;-0.5265654325;6
22.20089663;-1.507478237;0.8566305041;8.623732567;22.2088896;-0.308333993;-0.2246455252;-0.5106829405;6
22.20299835;-1.55054903;0.8997012973;8.609375954;22.21099132;-0.3058905303;-0.2148716897;-0.4960221946;6
22.20510012;-1.545763373;0.9762716293;8.595019341;22.21309308;-0.308333993;-0.2050978541;-0.4776962698;6
22.20720178;-1.545763373;1.019342422;8.638090134;22.2151948;-0.3046688139;-0.1916588247;-0.4618137777;6
22.20930355;-1.488335729;1.076770186;8.685946465;22.21729652;-0.3022253513;-0.1769980639;-0.4471530318;6
22.21140527;-1.464407444;1.076770186;8.69551754;22.21939824;-0.2997818887;-0.1586721241;-0.4288270772;6
22.21350704;-1.450050473;1.033699393;8.738588333;22.22150001;-0.2936732471;-0.1403461844;-0.4141663313;6
22.21560876;-1.450050473;0.9858429432;8.800801277;22.22360173;-0.2875646055;-0.1244636998;-0.4019490182;6
22.21771048;-1.445264935;0.8949156404;8.839086533;22.22570345;-0.2851211429;-0.1134681329;-0.389731735;6
22.2198122;-1.387837172;0.8327022791;8.891729355;22.22780522;-0.2802342176;-0.0975856483;-0.3787361681;6
22.22191397;-1.325623751;0.7800601721;8.90130043;22.22990694;-0.274125576;-0.08903354406;-0.3677406013;6
22.22401569;-1.253839016;0.7369893789;8.915657043;22.23200866;-0.2729038298;-0.08292489499;-0.3591884971;6
22.22611741;-1.201196909;0.7130611539;8.906085968;22.23411038;-0.2729038298;-0.0743727833;-0.3506363928;6
22.22821918;-1.143769264;0.6939185858;8.920442581;22.23621215;-0.2704603672;-0.07070759684;-0.346971184;6
22.2303209;-1.100698471;0.679561615;8.910871506;22.23831387;-0.2704603672;-0.06826414168;-0.3481929302;6
22.23242262;-1.048056364;0.6556333899;8.891729355;22.24041558;-0.274125576;-0.06459894776;-0.3530798554;6
22.23452434;-0.9762716293;0.5886343718;8.886942863;22.24251736;-0.2765690386;-0.06337722391;-0.3604102135;6
22.23662611;-0.866201818;0.5312066078;8.90130043;22.24461908;-0.2826776803;-0.06704241037;-0.3701840639;6
22.23872782;-0.7465606928;0.4737788737;8.90130043;22.24672079;-0.2887863219;-0.0743727833;-0.3787361681;6
22.24082954;-0.6604190469;0.4019941986;8.90130043;22.24882251;-0.2936732471;-0.08414662629;-0.3885099888;6
22.24293132;-0.6029912829;0.3637090325;8.891729355;22.25092428;-0.3022253513;-0.0975856483;-0.4007273018;6
22.24503303;-0.5503492355;0.3110669553;8.910871506;22.253026;-0.3107774556;-0.1098029464;-0.4117228687;6
22.24713475;-0.5120640397;0.2919243574;8.920442581;22.25512777;-0.3193295598;-0.1269071549;-0.4202749729;6
22.24923647;-0.4977070987;0.2775674164;8.920442581;22.25722949;-0.327881664;-0.1415679157;-0.4300487936;6
22.25133824;-0.4977070987;0.2727817893;8.882157326;22.25933121;-0.3364337683;-0.1550069451;-0.4373791814;6
22.25343996;-0.5216353536;0.2488535494;8.848658562;22.26143293;-0.3449858725;-0.1708894223;-0.4447095692;6
22.25554173;-0.5072783828;0.2105683982;8.867800713;22.2635347;-0.3523162603;-0.1794415265;-0.4508182108;6
22.25764345;-0.4977070987;0.1818545163;8.925228119;22.26563642;-0.3559814394;-0.1831067204;-0.4593703151;6
22.25974517;-0.5072783828;0.1818545163;8.953942299;22.26773814;-0.3620901108;-0.1879936308;-0.4691441655;6
22.26184689;-0.5120640397;0.2009970993;9.020941734;22.26983991;-0.3645335436;-0.1977674663;-0.4801397026;6
22.26394866;-0.5407779217;0.2488535494;9.097511292;22.27194163;-0.3681987524;-0.2050978541;-0.4923570156;6
22.26605038;-0.5216353536;0.2727817893;9.159725189;22.27404335;-0.370642215;-0.2099847645;-0.5021308661;6
22.2681521;-0.5264210105;0.2871387303;9.245866776;22.27614506;-0.370642215;-0.2197586;-0.5143481493;6
22.27025387;-0.5694918036;0.2871387303;9.293723106;22.27824684;-0.3718639314;-0.2319758981;-0.5253437161;6
22.27235558;-0.6412764788;0.2584248483;9.332008362;22.28034855;-0.3681987524;-0.242971465;-0.5351175666;6
22.2744573;-0.6891329288;0.2344966233;9.418149948;22.28245033;-0.3657552898;-0.2503018379;-0.5448913574;6
22.27655902;-0.7274180651;0.2057827413;9.489934921;22.28455204;-0.3596466482;-0.2588539422;-0.5510000587;6
22.27866079;-0.756131947;0.1483550072;9.552147865;22.28665376;-0.3559814394;-0.2649625838;-0.5571087003;6
22.28076251;-0.7992027402;0.1052841991;9.609575272;22.28875548;-0.3486510813;-0.2710712552;-0.5595521331;6
22.28286428;-0.8566305041;0.1052841991;9.628718376;22.2908572;-0.3413206935;-0.2747364342;-0.5607738495;6
22.284966;-0.9236295223;0.1148554832;9.647860527;22.29295897;-0.3376555145;-0.269849509;-0.5607738495;6
22.28706772;-1.019342422;0.1435693651;9.667003632;22.29506069;-0.3291034102;-0.26618433;-0.5595521331;6
22.28916944;-1.11984098;0.1627119333;9.662218094;22.29716241;-0.327881664;-0.2588539422;-0.5607738495;6
22.29127116;-1.201196909;0.1914258152;9.652647018;22.29926418;-0.324216485;-0.2527453005;-0.5595521331;6
22.29337293;-1.258624673;0.1914258152;9.638289452;22.3013659;-0.3181078434;-0.2454149276;-0.5583304167;6
22.29547465;-1.301695466;0.2057827413;9.643074989;22.30346762;-0.3107774556;-0.2380845547;-0.5571087003;6
22.29757637;-1.31126678;0.2201396823;9.647860527;22.30556939;-0.3046688139;-0.2344193608;-0.5571087003;6
22.29967814;-1.320838094;0.2249253243;9.652647018;22.30767111;-0.2973384261;-0.2283107042;-0.5583304167;6
22.30177986;-1.325623751;0.2297109663;9.69093132;22.30977288;-0.2912297845;-0.2234237939;-0.5595521331;6
22.30388158;-1.330409408;0.2392822653;9.69093132;22.31187454;-0.2838993967;-0.2209803313;-0.5619956255;6
22.30598335;-1.316052437;0.2392822653;9.671789169;22.31397632;-0.274125576;-0.2197586;-0.5656607747;6
22.30808506;-1.301695466;0.2153540403;9.681360245;22.31607808;-0.2667951882;-0.216093421;-0.5705476999;6
22.31018684;-1.287338614;0.2009970993;9.657432556;22.3181798;-0.261908263;-0.2112064958;-0.5729911923;6
22.3122885;-1.272981644;0.1483550072;9.652647018;22.32028152;-0.2570213675;-0.2050978541;-0.5742129087;6
22.31439027;-1.282552958;0.1627119333;9.652647018;22.32238324;-0.2533561587;-0.2026543915;-0.579099834;6
22.31649204;-1.31126678;0.1674975902;9.580862045;22.32448496;-0.2521344423;-0.1989891976;-0.5815432668;6
22.31859376;-1.301695466;0.1579262912;9.504291534;22.32658673;-0.2533561587;-0.1904370934;-0.5888736248;6
22.32069548;-1.287338614;0.1435693651;9.470791817;22.32868845;-0.2509126961;-0.1745546162;-0.59376055;6
22.3227972;-1.258624673;0.1387837082;9.456435204;22.33079017;-0.2496909797;-0.1623373181;-0.5986474752;6
22.32489892;-1.229910851;0.1292124242;9.437292099;22.33289194;-0.2496909797;-0.1476765573;-0.6035344005;6
22.32700069;-1.220339537;0.1483550072;9.44207859;22.33499366;-0.2472475171;-0.1330158114;-0.6047561169;6
22.32910241;-1.244267821;0.1866401732;9.437292099;22.33709538;-0.2472475171;-0.1146898642;-0.6047561169;6
22.33120413;-1.292124271;0.2057827413;9.422935486;22.3391971;-0.2460257858;-0.09514218569;-0.6059778333;6
22.3333059;-1.373480201;0.2584248483;9.422935486;22.34129882;-0.2423606068;-0.07681624591;-0.6047561169;6
22.33540762;-1.478764415;0.3062812984;9.446864128;22.34340058;-0.2399171442;-0.06337722391;-0.5998691916;6
22.33750934;-1.588834286;0.3302095234;9.523433685;22.3455023;-0.235030219;-0.04505127668;-0.5962040424;6
22.33961105;-1.708475351;0.3589234054;9.643074989;22.34760408;-0.227699846;-0.03527744114;-0.5913171172;6
22.34171277;-1.804188251;0.3732803464;9.729216576;22.34970579;-0.2215912044;-0.02550360374;-0.5876519084;6
22.34381454;-1.909472466;0.4067798555;9.805787086;22.35180751;-0.2142608166;-0.01695149764;-0.5839866996;6
22.34591626;-1.9812572;0.4354937077;9.868000984;22.35390928;-0.204486981;-0.007177661173;-0.5815432668;6
22.34801803;-2.029113531;0.4737788737;9.939785004;22.356011;-0.1934914142;0.001374445739;-0.5803215504;6
22.35011975;-2.086541414;0.5024927258;9.978070259;22.35811272;-0.1873827726;0.01359174121;-0.579099834;6
22.35222147;-2.115255117;0.5407779217;10.0019989;22.36021444;-0.1763872057;0.02336557768;-0.5766563416;6
22.35432324;-2.120040894;0.5790630579;9.982855797;22.36231621;-0.1727220118;0.03924806044;-0.5742129087;6
22.35642496;-2.124826431;0.6125625968;9.944570541;22.36441793;-0.1678351015;0.05146535859;-0.5729911923;6
22.35852668;-2.105684042;0.6604190469;9.901499748;22.36651965;-0.1641699076;0.06856957078;-0.5717694163;6
22.3606284;-2.129612207;0.70348984;9.858428955;22.36862137;-0.1641699076;0.08078686893;-0.5693259835;6
22.36273017;-2.172683001;0.7274180651;9.810572624;22.37072314;-0.1666133702;0.09422589093;-0.5668824911;6
22.36483189;-2.215753794;0.7274180651;9.757930756;22.37282486;-0.1727220118;0.1052214578;-0.5644390583;6
22.36693361;-2.268395901;0.7513462901;9.705288887;22.37492663;-0.177608937;0.1186604798;-0.5619956255;6
22.36903533;-2.330609322;0.760917604;9.671789169;22.37702835;-0.1837175786;0.1320995092;-0.5607738495;6
22.3711371;-2.368894339;0.7800601721;9.576076508;22.37913007;-0.1910479665;0.1418733448;-0.5571087003;6
22.37323882;-2.416750908;0.8087740541;9.561718941;22.38123184;-0.1996000707;0.1492037177;-0.5558869243;6
22.37534058;-2.445464849;0.8422735929;9.561718941;22.38333355;-0.204486981;0.1589775532;-0.5522217751;6
22.3774423;-2.469393015;0.8566305041;9.566504478;22.38543527;-0.2105956376;0.1663079411;-0.5510000587;6
22.37954402;-2.502892494;0.8614161611;9.57129097;22.38753699;-0.2154825479;0.1748600453;-0.5510000587;6
22.38164579;-2.502892494;0.890130043;9.623932838;22.38963871;-0.2167042792;0.1797469556;-0.5473348498;6
22.38374751;-2.550748825;0.8949156404;9.695717812;22.39174048;-0.2215912044;0.1821904182;-0.5448913574;6
22.38584923;-2.598605394;0.9044869542;9.762716293;22.3938422;-0.2203694731;0.1846338809;-0.5424479246;6
22.38795095;-2.646461725;0.9092726111;9.839286804;22.39594392;-0.2203694731;0.1882990748;-0.536339283;6
22.39005267;-2.727817774;0.9284151793;9.901499748;22.39804569;-0.2252563834;0.1870773435;-0.5314523578;6
22.39215444;-2.823530674;0.9475577474;9.973284721;22.40014741;-0.2252563834;0.1846338809;-0.5241219997;6
22.39425616;-2.933600664;0.9810572863;10.04506969;22.40224913;-0.2264781147;0.1846338809;-0.5131264329;6
22.39635788;-3.03888464;0.9810572863;10.09771156;22.4043509;-0.2240346521;0.1821904182;-0.50090909;6
22.39845965;-3.158525944;1.014556766;10.17428207;22.40645262;-0.2240346521;0.1797469556;-0.4874700904;6
22.40056137;-3.263810158;1.043270707;10.24128056;22.40855434;-0.2191477418;0.1760817766;-0.4715875983;6
22.40266308;-3.369094372;1.062413216;10.29870892;22.41065611;-0.2191477418;0.1675296724;-0.4557051361;6
22.40476486;-3.460021496;1.091127157;10.38006496;22.41275782;-0.2167042792;0.1577558219;-0.4373791814;6
22.40686658;-3.550948858;1.091127157;10.43749237;22.41485954;-0.2154825479;0.14676027;-0.4190532267;6
22.40896829;-3.641875982;1.115055323;10.51406288;22.41696132;-0.2105956376;0.1369864196;-0.4007273018;6
22.41107006;-3.718446493;1.124626637;10.60499001;22.41906303;-0.2057087123;0.1198822111;-0.3799578846;6
22.41317178;-3.809373617;1.13419795;10.67198944;22.42116475;-0.1983783394;0.1064431891;-0.3604102135;6
22.4152735;-3.914657831;1.13419795;10.75334454;22.42326647;-0.1922696829;0.08933897316;-0.3408625424;6
22.41737527;-3.967299938;1.13419795;10.84905815;22.42536824;-0.1886045039;0.07223475724;-0.3225366175;6
22.41947699;-3.99601388;1.148554921;10.92084217;22.42746996;-0.1837175786;0.05268708616;-0.3054323792;6
22.42157871;-3.99601388;1.138983607;10.98305607;22.42957168;-0.177608937;0.03069595434;-0.2883281708;6
22.42368043;-3.98165679;1.143769264;11.05005455;22.43167345;-0.1715002805;0.01114828233;-0.2736674249;6
22.4257822;-3.972085476;1.129412293;11.08355427;22.43377517;-0.1629481763;-0.0108428495;-0.2590066791;6
22.42788392;-3.957728624;1.11984098;11.11705399;22.43587689;-0.1556178033;-0.03039052337;-0.243124187;6
22.42998564;-3.929014683;1.0863415;11.11705399;22.43797866;-0.1507308781;-0.05360338464;-0.2296851575;6
22.43208741;-3.88594389;1.076770186;11.1505537;22.44008038;-0.1446222365;-0.0743727833;-0.2162461281;6
22.43418913;-3.842873096;1.071984529;11.16969585;22.4421821;-0.1421787739;-0.09392046183;-0.2052505612;6
22.43629085;-3.785445452;1.048056364;11.14576817;22.44428382;-0.1372918636;-0.1146898642;-0.1942549944;6
22.43839262;-3.761517286;1.057627559;11.13619614;22.44638558;-0.1336266696;-0.1305723488;-0.1820377111;6
22.44049434;-3.732803345;1.048056364;11.11226845;22.4484873;-0.131183207;-0.1476765573;-0.1710421443;6
22.44259605;-3.699303865;1.052842021;11.04526901;22.45058908;-0.131183207;-0.1647807807;-0.1612683088;6
22.44469777;-3.641875982;1.062413216;10.98784161;22.45269079;-0.1336266696;-0.1843284518;-0.1502727419;6
22.44679954;-3.56530571;1.062413216;10.88255692;22.45479251;-0.134848401;-0.2014326602;-0.1417206228;6
22.44890126;-3.498306751;1.052842021;10.82991505;22.45689423;-0.1372918636;-0.2136499584;-0.1319467872;6
22.45100303;-3.412165165;1.062413216;10.748559;22.458996;-0.1421787739;-0.2258672565;-0.1221729591;6
22.45310475;-3.359523058;1.071984529;10.68156052;22.46109772;-0.1446222365;-0.2331976295;-0.1136208475;6
22.45520647;-3.278167009;1.081555843;10.60020447;22.46319944;-0.1446222365;-0.2344193608;-0.1038470119;6
22.45730819;-3.201596737;1.076770186;10.55234814;22.46530116;-0.1458439678;-0.2307541668;-0.09529490769;6
22.45940996;-3.129812002;1.062413216;10.49013424;22.46740293;-0.1434005052;-0.2246455252;-0.086742796;6
22.46151168;-3.029313564;1.081555843;10.43749237;22.46950465;-0.1421787739;-0.2197586;-0.07819069177;6
22.4636134;-2.952743053;1.062413216;10.41835022;22.47160637;-0.1397353113;-0.2112064958;-0.06841685623;6
22.46571512;-2.866601467;1.048056364;10.40399265;22.47370814;-0.1385135949;-0.2050978541;-0.06230820715;6
22.46781689;-2.785245657;1.033699393;10.37527943;22.47580986;-0.134848401;-0.1965457499;-0.05253437161;6
22.46991861;-2.708675146;1.009771109;10.3657074;22.47791158;-0.131183207;-0.1818849891;-0.04520399496;6
22.47202033;-2.641676188;0.9954141974;10.34177971;22.48001329;-0.1250745654;-0.169667691;-0.04031707719;6
22.4741221;-2.560320139;0.9762716293;10.34177971;22.48211507;-0.1201876476;-0.1513417512;-0.03543015569;6
22.47622382;-2.478964329;0.9714859724;10.32742214;22.48421678;-0.1165224537;-0.1354592592;-0.03054323979;6
22.47832553;-2.354537487;0.9858429432;10.28435135;22.4863185;-0.1153007299;-0.1207985133;-0.02809977904;6
22.48042725;-2.239681959;0.9954141974;10.23170948;22.48842027;-0.1128572673;-0.1024725661;-0.02443459071;6
22.48252902;-2.120040894;0.9762716293;10.18385315;22.49052199;-0.1091920808;-0.08170316368;-0.02321286127;6
22.48463074;-2.005185366;0.9906286001;10.14078236;22.49262371;-0.1091920808;-0.06459894776;-0.01954767294;6
22.48673246;-1.914258122;0.9762716293;10.09771156;22.49472548;-0.1067486182;-0.05238165334;-0.01466075517;6
22.48883423;-1.856830359;0.9667003751;10.05942631;22.4968272;-0.1079703495;-0.03894263133;-0.01221729536;6
22.49093595;-1.794616938;0.9379864931;10.03071213;22.49892897;-0.1079703495;-0.02794706449;-0.008552107029;6
22.49303767;-1.741974831;0.8949156404;10.03071213;22.50103069;-0.1091920808;-0.01817322709;-0.006108647678;6
22.49513944;-1.718046665;0.866201818;10.00678444;22.50313241;-0.1104138121;-0.009621120058;-0.003665188793;6
22.49724116;-1.689332843;0.8614161611;9.997213364;22.50523413;-0.111635536;-0.00351247238;-0.001221729559;6
22.49934293;-1.631905079;0.8566305041;9.958928108;22.50733585;-0.1165224537;-0.001069013379;-0.001221729559;6
22.50144465;-1.574477315;0.866201818;9.939785004;22.50943757;-0.117744185;0.002596175298;0.001221729559;6
22.50354637;-1.531406522;0.837487936;9.949356079;22.51153934;-0.1189659163;0.002596175298;-0.0;6
22.50564808;-1.473978758;0.8422735929;9.949356079;22.51364111;-0.1238528341;0.006261364091;-0.001221729559;6
22.5077498;-1.421336651;0.837487936;9.95414257;22.51574282;-0.1262962967;0.005039634649;-0.002443459118;6
22.50985152;-1.363908887;0.8470591903;9.949356079;22.51784454;-0.127518028;0.005039634649;-0.003665188793;6
22.51195329;-1.335195065;0.8470591903;9.949356079;22.51994626;-0.131183207;0.003817904973;-0.004886918236;6
22.51405506;-1.31126678;0.8470591903;9.968499184;22.52204798;-0.1336266696;0.0001527161949;-0.004886918236;6
22.51615678;-1.301695466;0.8518448472;9.992427826;22.52414975;-0.1336266696;-0.001069013379;-0.002443459118;6
22.5182585;-1.296909928;0.8422735929;10.02114105;22.52625147;-0.134848401;-0.004734201822;-0.002443459118;6
22.52036022;-1.292124271;0.8279166222;10.03549862;22.52835319;-0.134848401;-0.007177661173;-0.002443459118;6
22.52246194;-1.287338614;0.8231309652;10.07856941;22.53045496;-0.1324049383;-0.008399390616;-0.0;6
22.52456371;-1.272981644;0.8183453679;10.09292603;22.53255668;-0.1299614757;-0.009621120058;-0.001221729559;6
22.52666543;-1.249053478;0.8039883971;10.13599682;22.5346584;-0.131183207;-0.008399390616;-0.0;6
22.52876715;-1.210768223;0.7944171429;10.14078236;22.53676017;-0.1250745654;-0.00351247238;-0.003665188793;6
22.53086892;-1.16769743;0.7800601721;10.16949654;22.53886189;-0.1201876476;0.001374445739;-0.006108647678;6
22.53297064;-1.110269666;0.7800601721;10.18863869;22.54096366;-0.117744185;0.006261364091;-0.009773836471;6
22.53507236;-1.071984529;0.7657032609;10.20778179;22.54306538;-0.111635536;0.01725693047;-0.01221729536;6
22.53717413;-1.000199914;0.7513462901;10.24128056;22.5451671;-0.1067486182;0.02336557768;-0.01466075517;6
22.53927585;-0.9475577474;0.732203722;10.24606609;22.54726887;-0.09819651395;0.03191768378;-0.01954767294;6
22.54137762;-0.9236295223;0.7130611539;10.2652092;22.54937059;-0.09086613357;0.04535670951;-0.02321286127;6
22.54347934;-0.9092726111;0.70348984;10.26999474;22.5514723;-0.0847574845;0.05635227636;-0.02565632015;6
22.54558105;-0.9092726111;0.6939185858;10.28913784;22.55357402;-0.07620538026;0.06490438432;-0.02443459071;6
22.54768283;-0.9236295223;0.6843472719;10.29392338;22.55567574;-0.06887500733;0.07589995116;-0.02443459071;6
22.54978454;-0.9619147182;0.6891329288;10.33699417;22.55777751;-0.05910116807;0.0856737867;-0.02199113183;6
22.55188626;-1.009771109;0.6652047038;10.35135078;22.55987923;-0.05054906011;0.09544762224;-0.01954767294;6
22.55398798;-1.048056364;0.6699903607;10.3848505;22.56198095;-0.04321868345;0.10033454;-0.0183259435;6
22.5560897;-1.081555843;0.6699903607;10.3848505;22.56408267;-0.03466657549;0.1064431891;-0.0134390248;6
22.55819147;-1.091127157;0.6652047038;10.40399265;22.56618444;-0.02611446939;0.1101083755;-0.01221729536;6
22.56029319;-1.105484009;0.6843472719;10.40399265;22.56828616;-0.02000582218;0.113773562;-0.008552107029;6
22.56239491;-1.11984098;0.708275497;10.3848505;22.57038793;-0.0126754446;0.1162170246;-0.006108647678;6
22.56449663;-1.138983607;0.7130611539;10.36092186;22.57248965;-0.009010255337;0.1174387559;-0.002443459118;6
22.5665984;-1.13419795;0.7226324677;10.35613632;22.57459137;-0.002901607659;0.1174387559;-0.0;6
22.56870012;-1.13419795;0.7513462901;10.34177971;22.57669309;-0.0016798781;0.1198822111;0.002443459118;6
22.57080189;-1.13419795;0.7657032609;10.29870892;22.57879486;0.003207040019;0.1186604798;0.007330377586;6
22.57290361;-1.148554921;0.7704889178;10.27478027;22.58089658;0.001985310577;0.1162170246;0.009773836471;6
22.57500533;-1.162911773;0.7896314859;10.25085258;22.58299829;0.001985310577;0.113773562;0.01466075517;6
22.57710704;-1.172483087;0.7992027402;10.20778179;22.58510007;0.001985310577;0.1101083755;0.01954767294;6
22.57920882;-1.191625714;0.7992027402;10.16949654;22.58720178;-0.0004581485991;0.0991128087;0.02565632015;6
22.58131053;-1.201196909;0.7896314859;10.11206818;22.5893035;-0.007788525894;0.09300415963;0.03054323979;6
22.58341225;-1.191625714;0.7944171429;10.05464077;22.59140527;-0.01145371422;0.0856737867;0.03420842811;6
22.58551402;-1.172483087;0.7944171429;10.02592659;22.59350699;-0.01634063199;0.07712167501;0.03787361458;6
22.58761574;-1.172483087;0.7657032609;9.997213364;22.59560871;-0.02244928107;0.06856957078;0.04031707719;6
22.58971746;-1.11984098;0.7657032609;9.973284721;22.59771043;-0.02977965772;0.06001746282;0.04031707719;6
22.59181923;-1.076770186;0.7513462901;9.978070259;22.5998122;-0.03344484791;0.05146535859;0.03909534588;6
22.59392095;-1.057627559;0.708275497;9.968499184;22.60191392;-0.0358883068;0.04291325063;0.04031707719;6
22.59602267;-1.004985452;0.679561615;10.00678444;22.60401564;-0.03711003438;0.03558287397;0.03787361458;6
22.59812439;-0.9667003751;0.6364908218;10.0019989;22.60611741;-0.04077522457;0.02580903657;0.03909534588;6
22.60022616;-0.9332008362;0.6317051649;10.01156998;22.60821913;-0.04199695215;0.01603520103;0.03909534588;6
22.60232788;-0.8949156404;0.5982056856;10.05942631;22.61032085;-0.03833176568;0.005039634649;0.03909534588;6
22.6044296;-0.8853443861;0.5742774606;10.1024971;22.61242257;-0.0358883068;-0.002290742937;0.03909534588;6
22.60653137;-0.8566305041;0.5503492355;10.15035343;22.61452434;-0.03222311661;-0.007177661173;0.04031707719;6
22.60863308;-0.8422735929;0.5647061467;10.21256733;22.61662605;-0.02489273995;-0.01206457894;0.04153880477;6
22.6107348;-0.8279166222;0.5647061467;10.22692394;22.61872782;-0.0175623633;-0.0157297682;0.04276053607;6
22.61283652;-0.8087740541;0.5647061467;10.25563812;22.62082954;-0.01145371422;-0.01695149764;0.04642572254;6
22.61493829;-0.7800601721;0.5694918036;10.26999474;22.62293126;-0.0016798781;-0.01695149764;0.04764745384;6
22.61704001;-0.760917604;0.5838487148;10.27956581;22.62503298;0.004428769462;-0.0157297682;0.05131264031;6
22.61914178;-0.7465606928;0.6077769399;10.27478027;22.62713475;0.01053741761;-0.01328630932;0.05742128938;6
22.6212435;-0.7417750359;0.6317051649;10.25085258;22.62923647;0.01786779426;-0.01206457894;0.06108647957;6
22.62334522;-0.708275497;0.6699903607;10.23170948;22.63133824;0.02275471389;-0.01450803876;0.06475166976;6
22.62544694;-0.7130611539;0.6843472719;10.17906761;22.63343991;0.02519817278;-0.01450803876;0.06841685623;6
22.62754871;-0.6843472719;0.6939185858;10.12164021;22.63554168;0.02764163166;-0.01328630932;0.06963858753;6
22.62965043;-0.650847733;0.679561615;10.08814049;22.6376434;0.02764163166;-0.01450803876;0.07574722916;6
22.6317522;-0.6029912829;0.6843472719;10.03071213;22.63974512;0.02886336111;-0.0157297682;0.08063415438;6
22.63385387;-0.5790630579;0.679561615;9.95414257;22.64184689;0.02641990222;-0.01939495653;0.08552107215;6
22.63595564;-0.5551348329;0.6987041831;9.911071777;22.64394861;0.02519817278;-0.02061668597;0.09162971377;6
22.63805736;-0.5503492355;0.7178468108;9.868000984;22.64605038;0.02275471389;-0.02183841541;0.09407317638;6
22.64015908;-0.5312066078;0.7130611539;9.815358162;22.64815204;0.02031125315;-0.0242818743;0.1001818255;6
22.64226085;-0.5168496966;0.7226324677;9.791430473;22.65025382;0.01786779426;-0.02550360374;0.1050687432;6
22.64436256;-0.5120640397;0.7130611539;9.753145218;22.65235553;0.01298087649;-0.02794706449;0.1087339297;6
22.64646434;-0.4881358147;0.7130611539;9.743574142;22.6544573;0.006872228812;-0.03283398226;0.1111773923;6
22.648566;-0.4594219327;0.7274180651;9.729216576;22.65655902;0.003207040019;-0.03772090003;0.1136208475;6
22.65066777;-0.4211367965;0.70348984;9.7196455;22.65866074;0.001985310577;-0.0438295491;0.1148425788;6
22.65276949;-0.3397808075;0.6939185858;9.671789169;22.66076246;-0.005345067009;-0.04871646687;0.1148425788;6
22.65487126;-0.2632105052;0.6891329288;9.69093132;22.66286423;-0.009010255337;-0.05482511222;0.1123991162;6
22.65697298;-0.1914258152;0.6699903607;9.662218094;22.66496595;-0.0126754446;-0.05482511222;0.109955661;6
22.6590747;-0.1339980662;0.6412764788;9.667003632;22.66706767;-0.01634063199;-0.05726857483;0.1050687432;6
22.66117642;-0.08614161611;0.5982056856;9.681360245;22.66916944;-0.02000582218;-0.05726857483;0.1001818255;6
22.66327819;-0.05264209956;0.5886343718;9.681360245;22.67127116;-0.02367101051;-0.05604684353;0.09529490769;6
22.66537991;0.004785645287;0.5455635786;9.700503349;22.67337288;-0.02489273995;-0.05482511222;0.09040798992;6
22.66748163;0.06221338734;0.5312066078;9.734002113;22.6754746;-0.02611446939;-0.05482511222;0.08552107215;6
22.6695834;0.1100698411;0.4977070987;9.777072906;22.67757637;-0.02977965772;-0.04993819445;0.08063415438;6
22.67168512;0.1483550072;0.5120640397;9.801001549;22.67967809;-0.02611446939;-0.04627300799;0.07696896046;6
22.67378684;0.1531406492;0.5120640397;9.801001549;22.6817798;-0.02611446939;-0.04138609022;0.07208204269;6
22.67588855;0.1722832322;0.4929214716;9.84885788;22.68388158;-0.02367101051;-0.03527744114;0.06597339362;6
22.67799032;0.1387837082;0.4785645306;9.887143135;22.68598329;-0.02367101051;-0.02550360374;0.05864302069;6
22.68009204;0.1244267747;0.4737788737;9.911071777;22.68808501;-0.02244928107;-0.01695149764;0.05253437161;6
22.68219376;0.1052841991;0.4354937077;9.944570541;22.69018678;-0.01389717404;-0.008399390616;0.04642572254;6
22.68429553;0.1004985496;0.4115654826;9.992427826;22.6922885;-0.01023198478;0.0001527161949;0.03787361458;6
22.68639725;0.09571290761;0.3828516304;10.06421185;22.69439022;-0.005345067009;0.008704823442;0.02932151034;6
22.68849897;0.06221338734;0.3876372576;10.10728264;22.69649194;0.003207040019;0.01725693047;0.01954767294;6
22.69060074;0.0239282269;0.3780659735;10.164711;22.69859371;0.009315688163;0.0209221188;0.01099556591;6
22.69270246;-0.009571290575;0.3828516304;10.21256733;22.70069543;0.0190895237;0.02703076601;0.002443459118;6
22.69480418;-0.05264209956;0.3828516304;10.2652092;22.70279715;0.02641990222;0.02825249545;-0.004886918236;6
22.6969059;-0.1244267747;0.3924229145;10.31785107;22.70489892;0.03375028074;0.02703076601;-0.007330377586;6
22.69900767;-0.2105683982;0.3780659735;10.37049294;22.70700064;0.03863719851;0.02458730713;-0.008552107029;6
22.70110939;-0.3062812984;0.3876372576;10.40399265;22.70910236;0.04596757516;0.0209221188;-0.007330377586;6
22.70321111;-0.4307080805;0.4307080805;10.4279213;22.71120408;0.04963276163;0.01603520103;-0.004886918236;6
22.70531288;-0.5503492355;0.4498506486;10.45663452;22.71330585;0.05451968312;0.009926552884;-0.002443459118;6
22.7074146;-0.679561615;0.4785645306;10.45184898;22.71540757;0.0557414107;0.005039634649;0.001221729559;6
22.70951632;-0.784845829;0.5216353536;10.41835022;22.71750934;0.0557414107;0.002596175298;0.002443459118;6
22.71161803;-0.8709874153;0.5359922647;10.40877819;22.71961105;0.05451968312;-0.002290742937;0.002443459118;6
22.7137198;-0.8949156404;0.5359922647;10.36092186;22.72171277;0.05207622424;-0.007177661173;-0.0;6
22.71582152;-0.9475577474;0.5599204898;10.34177971;22.72381449;0.04841103405;-0.01206457894;-0.002443459118;6
22.71792329;-0.9571290612;0.5407779217;10.27956581;22.72591621;0.04352411628;-0.01817322709;-0.003665188793;6
22.72002501;-0.9475577474;0.5407779217;10.25563812;22.72801798;0.0374154672;-0.02672533318;-0.003665188793;6
22.72212673;-0.9571290612;0.5312066078;10.21256733;22.7301197;0.03252854943;-0.03161225095;-0.004886918236;6
22.72422845;-0.9667003751;0.5407779217;10.2029953;22.73222142;0.02641990222;-0.03894263133;-0.004886918236;6
22.72633017;-0.9954141974;0.5599204898;10.19342422;22.73432319;0.02153298259;-0.0438295491;-0.002443459118;6
22.72843194;-1.057627559;0.5790630579;10.16949654;22.73642491;0.01664606482;-0.04505127668;-0.002443459118;6
22.73053366;-1.095912814;0.6077769399;10.17906761;22.73852663;0.009315688163;-0.04627300799;-0.0;6
22.73263538;-1.162911773;0.6317051649;10.19820976;22.7406284;0.00565049937;-0.04993819445;-0.0;6
22.73473715;-1.220339537;0.6412764788;10.21256733;22.74273012;0.0007635809598;-0.04993819445;-0.002443459118;6
22.73683887;-1.268195987;0.6460621357;10.23170948;22.74483184;-0.0016798781;-0.04871646687;-0.003665188793;6
22.73894058;-1.296909928;0.6652047038;10.29870892;22.74693361;-0.0004581485991;-0.04749473557;-0.002443459118;6
22.74104236;-1.320838094;0.6412764788;10.36092186;22.74903532;-0.0004581485991;-0.04749473557;0.001221729559;6
22.74314408;-1.363908887;0.6412764788;10.45184898;22.75113704;0.004428769462;-0.04871646687;0.004886918236;6
22.74524579;-1.426122308;0.6604190469;10.53320503;22.75323882;0.008093958721;-0.05115992576;0.009773836471;6
22.74734757;-1.521835208;0.6556333899;10.63370419;22.75534053;0.01420260593;-0.05238165334;0.01466075517;6
22.74944928;-1.607976794;0.6652047038;10.71506023;22.75744225;0.02153298259;-0.05238165334;0.02076940238;6
22.751551;-1.698904037;0.6652047038;10.79162979;22.75954402;0.03008509055;-0.05360338464;0.02565632015;6
22.75365277;-1.775474429;0.6652047038;10.8682003;22.76164574;0.03985892609;-0.05360338464;0.03176496923;6
22.75575449;-1.861616015;0.650847733;10.94477081;22.76374746;0.04963276163;-0.05726857483;0.03420842811;6
22.75785621;-1.919043779;0.6652047038;11.03569794;22.76584918;0.05818486959;-0.05971203372;0.03787361458;6
22.75995798;-1.971685886;0.6652047038;11.10748291;22.76795095;0.06551524997;-0.06337722391;0.04153880477;6
22.7620597;-2.01475668;0.6556333899;11.12183952;22.77005267;0.0740673542;-0.07315105945;0.04642572254;6
22.76416142;-2.038684845;0.6556333899;11.11226845;22.77215439;0.08017600328;-0.08414662629;0.04886918142;6
22.76626314;-2.100898266;0.6604190469;11.10748291;22.77425616;0.08628465235;-0.09392046183;0.05619955808;6
22.76836491;-2.153540373;0.679561615;11.11705399;22.77635788;0.09239330143;-0.1036942974;0.06230820715;6
22.77046663;-2.201396942;0.6652047038;11.10269737;22.7784596;0.09605848789;-0.1122464016;0.06963858753;6
22.77256835;-2.268395901;0.6604190469;11.11226845;22.78056137;0.1033888608;-0.1220202371;0.07941242307;6
22.77467012;-2.368894339;0.6652047038;11.1505537;22.78266309;0.1107192412;-0.1281288862;0.09040798992;6
22.77677184;-2.435893536;0.6843472719;11.19841003;22.7847648;0.1180496216;-0.1379027218;0.1038470119;6
22.77887355;-2.54117775;0.7369893789;11.23669529;22.78686652;0.1266017258;-0.1440113783;0.1148425788;6
22.78097532;-2.627319336;0.7800601721;11.26540947;22.78896829;0.1351538301;-0.1440113783;0.1258381456;6
22.78307704;-2.689532757;0.8518448472;11.27019501;22.79107001;0.1461493969;-0.1440113783;0.1356119812;6
22.78517876;-2.708675146;0.8709874153;11.27019501;22.79317173;0.1595884264;-0.1440113783;0.1453858167;6
22.78728048;-2.689532757;0.8949156404;11.2510519;22.7952735;0.1705839932;-0.1440113783;0.1551596522;6
22.78938225;-2.646461725;0.9332008362;11.2510519;22.79737522;0.18157956;-0.146454826;0.1637117565;6
22.79148397;-2.589034081;0.9188438654;11.23669529;22.79947694;0.1925751269;-0.1476765573;0.1722638607;6
22.79358569;-2.545963287;0.9379864931;11.20798111;22.80157866;0.1999054998;-0.1488982886;0.1808159798;6
22.79568746;-2.52682066;0.9523434043;11.12183952;22.80368043;0.2035706937;-0.1452330947;0.1869246215;6
22.79778918;-2.49332118;0.9619147182;11.0309124;22.80578215;0.2047924101;-0.1440113783;0.1930332631;6
22.7998909;-2.459821701;0.9332008362;10.9112711;22.80788392;0.2047924101;-0.142789647;0.1905898154;6
22.80199262;-2.421536446;0.9140582681;10.79162979;22.80998564;0.2023489624;-0.1415679157;0.1881463528;6
22.80409439;-2.407179594;0.8614161611;10.63370419;22.81208736;0.1999054998;-0.1452330947;0.1832594275;6
22.80619611;-2.316252232;0.7944171429;10.60499001;22.81418913;0.1974620372;-0.1501200199;0.173485592;6
22.80829788;-2.20618248;0.7226324677;10.46142101;22.81629085;0.1937968582;-0.1525634825;0.1624900252;6
22.8103996;-2.091326952;0.7130611539;10.4279213;22.81839256;0.1876882017;-0.1476765573;0.1539379209;6
22.81250132;-1.952543259;0.7274180651;10.41835022;22.82049428;0.1864664704;-0.1440113783;0.146607548;6
22.81460308;-1.895115495;0.7369893789;10.33220863;22.822596;0.1779143661;-0.142789647;0.1392771751;6
22.8167048;-1.871187329;0.7657032609;10.21735287;22.82469777;0.1766926348;-0.1403461844;0.1343902498;6
22.81880652;-1.866401672;0.7800601721;10.15035343;22.82679949;0.1730274558;-0.1330158114;0.1307250559;6
22.82090824;-1.852044702;0.8087740541;10.11685371;22.82890126;0.1693622619;-0.1317940801;0.1221729591;6
22.82300996;-1.856830359;0.8039883971;10.08335495;22.83100298;0.1669187993;-0.1379027218;0.1148425788;6
22.82511173;-1.8855443;0.8087740541;10.02114105;22.8331047;0.1644753367;-0.1366809905;0.1075121984;6
22.82721345;-1.8855443;0.760917604;10.05464077;22.83520642;0.1632536054;-0.1293506175;0.1026252806;6
22.82931522;-1.852044702;0.7369893789;10.10728264;22.83730819;0.1595884264;-0.1256854236;0.1001818255;6
22.83141694;-1.861616015;0.7752745152;10.08814049;22.83940991;0.1571449637;-0.1207985133;0.1014035568;6
22.83351866;-1.904686809;0.8709874153;10.02114105;22.84151163;0.1522580534;-0.1171333194;0.1050687432;6
22.83562038;-2.009970903;0.9714859724;9.978070259;22.8436134;0.142484203;-0.1134681329;0.1087339297;6
22.83772215;-2.115255117;1.071984529;9.925428391;22.84571512;0.1339320987;-0.1134681329;0.109955661;6
22.83982387;-2.158325911;1.124626637;9.791430473;22.84781684;0.1278234571;-0.1036942974;0.109955661;6
22.84192559;-2.172683001;1.16769743;9.705288887;22.84991855;0.1253799945;-0.08781181276;0.1111773923;6
22.84402736;-2.158325911;1.13419795;9.714859962;22.85202032;0.1204930767;-0.08048143238;0.1136208475;6
22.84612908;-2.163111687;1.124626637;9.772287369;22.85412204;0.1180496216;-0.08048143238;0.1172860414;6
22.84823079;-2.215753794;1.129412293;9.810572624;22.85622376;0.1192713454;-0.08170316368;0.1258381456;6
22.85033251;-2.225325108;1.124626637;9.829715729;22.85832553;0.121714808;-0.08048143238;0.1392771751;6
22.85243428;-2.282752752;1.162911773;9.973284721;22.86042725;0.1229365394;-0.07192932814;0.1539379209;6
22.854536;-2.359323025;1.201196909;10.07856941;22.86252897;0.121714808;-0.06826414168;0.1673769504;6
22.85663772;-2.474178553;1.258624673;10.08335495;22.86463074;0.1192713454;-0.06459894776;0.1820377111;6
22.85873949;-2.560320139;1.292124271;10.05464077;22.86673246;0.1131627038;-0.06948586553;0.1942549944;6
22.86084121;-2.632104874;1.272981644;10.01156998;22.86883418;0.1070540547;-0.07803797722;0.2028071135;6
22.86294293;-2.689532757;1.220339537;9.915857315;22.87093595;0.1033888608;-0.09025526792;0.2089157552;6
22.8650447;-2.675175667;1.124626637;9.844072342;22.87303767;0.1058323234;-0.0988073796;0.2125809491;6
22.86714642;-2.593819857;1.043270707;9.882357597;22.87513939;0.1082757786;-0.09514218569;0.2174678594;6
22.86924814;-2.478964329;1.000199914;10.09292603;22.87724111;0.1168278903;-0.08659008145;0.2223547846;6
22.87134991;-2.440679073;1.033699393;10.26042366;22.87934288;0.1241582632;-0.08292489499;0.2272416949;6
22.87345163;-2.411965132;1.095912814;10.37527943;22.8814446;0.1339320987;-0.08781181276;0.2321286201;6
22.87555335;-2.421536446;1.124626637;10.43270683;22.88354632;0.1437059343;-0.09392046183;0.2394589931;6
22.87765507;-2.435893536;1.124626637;10.52841949;22.88564803;0.1534797698;-0.1012508348;0.2443459183;6
22.87975684;-2.411965132;1.0863415;10.59063339;22.8877498;0.1595884264;-0.1073594838;0.2443459183;6
22.88185855;-2.392822742;1.028913736;10.61934662;22.88985152;0.1681405306;-0.1256854236;0.2406807244;6
22.88396027;-2.368894339;0.9284151793;10.49970531;22.89195324;0.1766926348;-0.1440113783;0.2345720828;6
22.88606199;-2.311466694;0.7992027402;10.38963604;22.89405496;0.1840230078;-0.1537852138;0.2284634262;6
22.88816376;-2.129612207;0.6843472719;10.47099209;22.89615673;0.1913533956;-0.1562286615;0.2162461281;6
22.89026548;-1.990828395;0.6556333899;10.50927734;22.89825845;0.2023489624;-0.1488982886;0.2052505612;6
22.8923672;-1.919043779;0.6364908218;10.51406288;22.90036022;0.2133445293;-0.1391244531;0.1954767257;6
22.89446892;-1.813759565;0.626919508;10.55234814;22.90246194;0.2243400961;-0.1354592592;0.1881463528;6
22.89657069;-1.732403636;0.6317051649;10.58106136;22.90456366;0.2377791107;-0.1293506175;0.1808159798;6
22.89867241;-1.722832322;0.6556333899;10.55234814;22.90666538;0.2512181401;-0.1244636998;0.1759290546;6
22.90077418;-1.727617979;0.650847733;10.56670475;22.90876715;0.2646571696;-0.1146898642;0.169820413;6
22.9028759;-1.737189293;0.6364908218;10.49013424;22.91086887;0.2768744528;-0.1073594838;0.1612683088;6
22.90497762;-1.761117458;0.6173482537;10.41835022;22.91297058;0.2903134823;-0.1061377525;0.1527161896;6
22.90707934;-1.765903115;0.5886343718;10.34177971;22.91507236;0.3037525117;-0.1024725661;0.146607548;6
22.90918111;-1.761117458;0.5790630579;10.15992451;22.91717408;0.312304616;-0.1012508348;0.1417206228;6
22.91128282;-1.684547186;0.5742774606;10.164711;22.91927585;0.3220784664;-0.09025526792;0.1392771751;6
22.91338454;-1.59840548;0.6029912829;10.04506969;22.92137756;0.3342957497;-0.0621554926;0.1417206228;6
22.91548632;-1.593619823;0.679561615;9.901499748;22.92347928;0.3428478539;-0.0242818743;0.146607548;6
22.91758803;-1.689332843;0.756131947;9.781859398;22.92558105;0.3501782417;0.009926552884;0.1539379209;6
22.9196898;-1.818545222;0.8231309652;9.671789169;22.92768277;0.358730346;0.03558287397;0.1612683088;6
22.92179152;-1.947757602;0.9140582681;9.485149384;22.92978449;0.3648389876;0.06123919412;0.1710421443;6
22.92389324;-2.043470621;0.9523434043;9.403793335;22.93188621;0.3685041666;0.08933897316;0.1820377111;6
22.92599501;-2.038684845;0.9810572863;9.375079155;22.93398798;0.3697259128;0.1247691289;0.1905898154;6
22.92809673;-2.06261301;1.019342422;9.274580956;22.9360897;0.374612838;0.1565341055;0.2040288299;6
22.93019845;-2.096112728;1.071984529;9.116654396;22.93819142;0.3721693754;0.1846338809;0.2211330533;6
22.93230017;-2.163111687;1.13419795;8.968298912;22.94029314;0.3685041666;0.200516358;0.2419024557;6
22.93440194;-2.258824587;1.205982566;8.84387207;22.94239491;0.3636172712;0.2176205814;0.2614501119;6
22.93650366;-2.368894339;1.258624673;8.681160927;22.94449663;0.3575085998;0.2273944169;0.2822195292;6
22.93860538;-2.435893536;1.292124271;8.590232849;22.94659835;0.3501782417;0.2432768941;0.3042106628;6
22.9407071;-2.402393818;1.301695466;8.547162056;22.94870012;0.3440696001;0.2591593862;0.3286452591;6
22.94280887;-2.392822742;1.306481123;8.422736168;22.95080184;0.3330740333;0.273820132;0.3506363928;6
22.94491059;-2.368894339;1.363908887;8.336593628;22.95290355;0.3196350038;0.2897026241;0.3714057803;6
22.9470123;-2.354537487;1.378265858;8.260024071;22.95500533;0.3061959743;0.3055851161;0.3872882724;6
22.94911408;-2.344966173;1.378265858;8.173882484;22.95710704;0.2952004075;0.3214675784;0.4007273018;6
22.95121579;-2.316252232;1.316052437;8.08295536;22.95920876;0.2829830945;0.3361283541;0.4117228687;6
22.95331751;-2.220539331;1.239482164;8.121239662;22.96131048;0.2768744528;0.3495673835;0.4227184355;6
22.95541928;-2.115255117;1.201196909;8.135597229;22.96341225;0.2707658112;0.3605629504;0.4337140024;6
22.957521;-2.009970903;1.186840057;8.21216774;22.96551397;0.2646571696;0.3715584874;0.4447095692;6
22.95962272;-1.928615093;1.177268744;8.322237015;22.96761569;0.2573267817;0.3849975169;0.4544833899;6
22.96172444;-1.914258122;1.162911773;8.408378601;22.96971746;0.2524398565;0.3911061883;0.4654789567;6
22.96382621;-1.923829436;1.129412293;8.413164139;22.97181918;0.2487746775;0.3984365463;0.4728093445;6
22.96592793;-1.942971945;1.0863415;8.46102047;22.9739209;0.2451094985;0.4021017551;0.4801397026;6
22.96802965;-1.957328916;1.019342422;8.508877754;22.97602267;0.2426660359;0.404545188;0.4838049114;6
22.97013142;-1.938186288;0.9667003751;8.542376518;22.97812439;0.2414443046;0.4057669342;0.489913553;6
22.97223314;-1.890329838;0.9044869542;8.547162056;22.98022611;0.2365573794;0.3947713673;0.489913553;6
22.97433486;-1.818545222;0.837487936;8.585447311;22.98232788;0.2365573794;0.3874409795;0.4874700904;6
22.97643663;-1.770688772;0.7704889178;8.571090698;22.9844296;0.2328922004;0.3776671588;0.4825831652;6
22.97853835;-1.631905079;0.6604190469;8.647661209;22.98653132;0.2304487377;0.3642281294;0.4764745235;6
22.98064007;-1.517049551;0.6125625968;8.685946465;22.98863303;0.2243400961;0.3581194878;0.4691441655;6
22.98274184;-1.411765337;0.5694918036;8.628518105;22.9907348;0.2218966335;0.3495673835;0.4654789567;6
22.98484355;-1.301695466;0.5359922647;8.618947029;22.99283652;0.2170097083;0.3483456373;0.4605920315;6
22.98694527;-1.282552958;0.4977070987;8.633303642;22.99493824;0.2170097083;0.3495673835;0.4569268525;6
22.98904699;-1.258624673;0.4977070987;8.69551754;22.99703996;0.215787977;0.3397935331;0.4544833899;6
22.99114876;-1.229910851;0.5264210105;8.690732002;22.99914173;0.2145662606;0.3226893246;0.4520399272;6
22.99325048;-1.253839016;0.5072783828;8.638090134;23.00124345;0.2145662606;0.3129154742;0.4483747482;6
22.9953522;-1.201196909;0.4689932466;8.709874153;23.00334517;0.215787977;0.3055851161;0.4459312856;6
22.99745392;-1.1820544;0.3972085714;8.791230202;23.00544689;0.2170097083;0.2994764447;0.4459312856;6
22.99955569;-1.148554921;0.3780659735;8.796015739;23.00754866;0.2145662606;0.2909243405;0.4459312856;6
23.00165741;-1.186840057;0.3732803464;8.776873589;23.00965043;0.215787977;0.2848156989;0.4495964646;6
23.00375913;-1.244267821;0.4115654826;8.786444664;23.01175215;0.2145662606;0.2799287736;0.4557051361;6
23.00586085;-1.339980721;0.4450650215;8.776873589;23.01385387;0.2133445293;0.273820132;0.4593703151;6
23.00796262;-1.411765337;0.4546363056;8.805587769;23.01595558;0.2133445293;0.2616028488;0.4618137777;6
23.01006439;-1.411765337;0.4642075896;8.767302513;23.0180573;0.2133445293;0.2493855506;0.4618137777;6
23.01216611;-1.392622828;0.4450650215;8.719446182;23.02015908;0.2133445293;0.2396117151;0.4593703151;6
23.01426782;-1.31126678;0.3924229145;8.743373871;23.02226079;0.212122798;0.2371682525;0.4593703151;6
23.01636954;-1.16769743;0.3206382394;8.743373871;23.02436256;0.212122798;0.2335030586;0.4618137777;6
23.01847126;-1.095912814;0.3254238665;8.633303642;23.02646428;0.2060141414;0.2310595959;0.4691441655;6
23.02057303;-1.062413216;0.3445664644;8.465806961;23.028566;0.1999054998;0.2371682525;0.4813614488;6
23.02267475;-1.105484009;0.3924229145;8.38923645;23.03066772;0.1925751269;0.2444986254;0.4960221946;6
23.02477652;-1.210768223;0.4546363056;8.327022552;23.03276949;0.1864664704;0.2530507445;0.5082395077;6
23.02687824;-1.349551916;0.5024927258;8.260024071;23.03487121;0.1828012913;0.2713766694;0.5192350745;6
23.02897996;-1.478764415;0.5168496966;8.255238533;23.03697293;0.1803578287;0.2945895493;0.5314523578;6
23.03108168;-1.478764415;0.4977070987;8.298309326;23.0390747;0.1754709035;0.3141372204;0.5400044918;6
23.03318345;-1.402194023;0.5024927258;8.245666504;23.04117642;0.1742491722;0.3275762498;0.5473348498;6
23.03528517;-1.282552958;0.5359922647;8.197810173;23.04327814;0.1681405306;0.3385718167;0.5558869243;6
23.03738689;-1.124626637;0.5694918036;8.178668022;23.04537986;0.1644753367;0.3495673835;0.5632173419;6
23.03948866;-1.004985452;0.5886343718;8.169096947;23.04748163;0.1608101577;0.3630063832;0.5705476999;6
23.04159038;-0.9188438654;0.5694918036;8.164310455;23.04958335;0.1510363221;0.3776671588;0.5754346251;6
23.0436921;-0.8039883971;0.5312066078;8.097311974;23.05168506;0.1437059343;0.3898844421;0.5815432668;6
23.04579382;-0.6747759581;0.4929214716;7.939385414;23.05378684;0.131488651;0.4082103968;0.5876519084;6
23.04789559;-0.5503492355;0.4307080805;7.786244869;23.05588855;0.1192713454;0.424092859;0.5925388336;6
23.0499973;-0.5024927258;0.4354937077;7.714460373;23.05799027;0.102167137;0.4399753511;0.5962040424;6
23.05209902;-0.4833501875;0.4450650215;7.6426754;23.06009204;0.08506292105;0.4570795596;0.5998691916;6
23.05420079;-0.4737788737;0.4354937077;7.618747234;23.06219376;0.06795870513;0.4741837978;0.6010909677;6
23.05630251;-0.4642075896;0.3780659735;7.575676441;23.06429548;0.04841103405;0.4925097227;0.5998691916;6
23.05840423;-0.4211367965;0.3445664644;7.5421772;23.06639725;0.03130681813;0.4998401105;0.59376055;6
23.060506;-0.3828516304;0.3110669553;7.51346302;23.06849897;0.01786779426;0.5096139312;0.586430192;6
23.06260772;-0.2919243574;0.2775674164;7.49910593;23.07060069;0.003207040019;0.5169443488;0.577878058;6
23.06470944;-0.1770688742;0.2632105052;7.5421772;23.07270241;-0.01023198478;0.5169443488;0.5693259835;6
23.06681121;-0.02871387079;0.2249253243;7.590033531;23.07480418;-0.02122755162;0.5254964232;0.5607738495;6
23.06891293;0.07178468257;0.2105683982;7.609176159;23.0769059;-0.03100138716;0.5303833485;0.5534434915;6
23.07101465;0.1674975902;0.2057827413;7.724031448;23.07900762;-0.04199695215;0.5389354229;0.5497782826;6
23.07311637;0.2201396823;0.2249253243;7.8341012;23.08110939;-0.04932733253;0.5487092733;0.5461131334;6
23.07521814;0.2057827413;0.2297109663;7.905886173;23.08321111;-0.05665770918;0.5609265566;0.543669641;6
23.07731986;0.1531406492;0.2201396823;7.972885132;23.08531283;-0.06276635826;0.5682569742;0.5400044918;6
23.07942158;0.1100698411;0.1770688742;8.039883614;23.0874146;-0.07009673119;0.5731438994;0.5375609994;6
23.08152335;0.05742774159;0.1627119333;8.111668587;23.08951632;-0.07620538026;0.5743656158;0.5338957906;6
23.08362506;0.04307080805;0.1387837082;8.21216774;23.09161803;-0.07742711157;0.5755873322;0.5302306414;6
23.08572678;0.0239282269;0.1435693651;8.283951759;23.0937198;-0.08109229803;0.5645917654;0.527787149;6
23.08782855;0.02871387079;0.1483550072;8.374878883;23.09582152;-0.0847574845;0.556039691;0.5241219997;6
23.08993027;0.04785645381;0.1627119333;8.441878319;23.09792329;-0.09208786488;0.5413789153;0.5216785073;6
23.09203199;0.01914258115;0.1818545163;8.48973465;23.10002496;-0.09453132749;0.5291616321;0.5204567909;6
23.09413376;0.0239282269;0.1770688742;8.542376518;23.10212673;-0.09697478265;0.5096139312;0.5216785073;6
23.09623548;-0.0382851623;0.2105683982;8.599804878;23.10422845;-0.09697478265;0.4864010811;0.5229002237;6
23.09833725;-0.1531406492;0.2249253243;8.647661209;23.10633022;-0.09941824526;0.470518589;0.5253437161;6
23.10043892;-0.1818545163;0.2584248483;8.800801277;23.10843194;-0.1018617004;0.4558578432;0.5314523578;6
23.10254069;-0.2057827413;0.3349951804;8.886942863;23.11053366;-0.104305163;0.4375318885;0.5387827158;6
23.10464241;-0.2488535494;0.4067798555;8.891729355;23.11263538;-0.111635536;0.4192059636;0.5546652079;6
23.10674418;-0.3445664644;0.4689932466;8.863015175;23.1147371;-0.1153007299;0.3959930837;0.5717694163;6
23.1088459;-0.4689932466;0.5312066078;8.886942863;23.11683887;-0.1250745654;0.3752236962;0.5900954008;6
23.11094762;-0.5742774606;0.5886343718;8.886942863;23.11894058;-0.1336266696;0.3507890999;0.6071996093;6
23.11304934;-0.650847733;0.6604190469;8.858229637;23.12104236;-0.1434005052;0.3251327872;0.6243038177;6
23.11515105;-0.6556333899;0.70348984;8.805587769;23.12314408;-0.1519526094;0.3031416535;0.636521101;6
23.11725282;-0.5886343718;0.6939185858;8.796015739;23.12524579;-0.161726445;0.2774853408;0.6462949514;6
23.11935454;-0.5072783828;0.679561615;8.819944382;23.12734751;-0.1690568328;0.246942088;0.6499601007;6
23.12145632;-0.3828516304;0.679561615;8.891729355;23.12944928;-0.1788306683;0.2176205814;0.6499601007;6
23.12355803;-0.2440679073;0.6699903607;8.930013657;23.131551;-0.1886045039;0.1944077164;0.6524035931;6
23.12565975;-0.04307080805;0.6412764788;8.958727837;23.13365272;-0.200821802;0.1711948514;0.6560688019;6
23.12776147;0.1052841991;0.6412764788;8.877371788;23.13575449;-0.2154825479;0.14676027;0.6585122347;6
23.12986324;0.1962114573;0.6364908218;8.786444664;23.13785621;-0.2325867712;0.1308777779;0.6621774435;6
23.13196496;0.2584248483;0.6556333899;8.72423172;23.13995793;-0.2460257858;0.1149952933;0.6658425927;6
23.13406668;0.2967100143;0.6604190469;8.69551754;23.14205965;-0.2631300092;0.1064431891;0.6670643687;6
23.13616845;0.3684946895;0.6364908218;8.618947029;23.14416142;-0.281455934;0.09544762224;0.6658425927;6
23.13827017;0.4594219327;0.5982056856;8.604590416;23.14626314;-0.2961167097;0.08445205539;0.6621774435;6
23.14037189;0.5407779217;0.5551348329;8.599804878;23.14836486;-0.3095557392;0.07712167501;0.6572905183;6
23.14247361;0.6317051649;0.4833501875;8.66680336;23.15046663;-0.3193295598;0.07467821985;0.6524035931;6
23.14457538;0.7657032609;0.3924229145;8.72423172;23.15256835;-0.327881664;0.07589995116;0.6499601007;6
23.1466771;0.8709874153;0.3349951804;8.714659691;23.15467006;-0.3352120519;0.08078686893;0.6499601007;6
23.14877882;0.9284151793;0.3158525825;8.738588333;23.15677178;-0.3400989771;0.08445205539;0.6524035931;6
23.15088059;1.000199914;0.3972085714;8.786444664;23.15887355;-0.3437641561;0.08445205539;0.6597339511;6
23.1529823;1.052842021;0.5168496966;8.824729919;23.16097527;-0.3486510813;0.086895518;0.6670643687;6
23.15508402;1.03848505;0.6029912829;8.853444099;23.16307704;-0.3510945439;0.09544762224;0.6719512343;6
23.15718574;1.048056364;0.6652047038;8.953942299;23.16517876;-0.3559814394;0.1113301069;0.6756164432;6
23.15928751;1.076770186;0.6652047038;9.00179863;23.16728048;-0.3559814394;0.1357647032;0.678059876;6
23.16138923;1.138983607;0.626919508;9.00179863;23.16938225;-0.358424902;0.1638644785;0.6829468012;6
23.163491;1.253839016;0.5982056856;8.992227554;23.17148397;-0.3596466482;0.1834121495;0.6902772188;6
23.16559272;1.349551916;0.5838487148;9.006584167;23.17358569;-0.3620901108;0.200516358;0.6963858604;6
23.16769444;1.430907965;0.5982056856;9.00179863;23.17568741;-0.3608683646;0.2273944169;0.7012727857;6
23.16979621;1.469193101;0.5551348329;9.044869423;23.17778918;-0.358424902;0.2616028488;0.7012727857;6
23.17189793;1.612762451;0.4881358147;9.131011009;23.1798909;-0.3572031856;0.2982547283;0.7024945021;6
23.17399965;1.737189293;0.4354937077;9.169296265;23.18199262;-0.3498727977;0.3324631453;0.7037162185;6
23.17610137;1.871187329;0.4737788737;9.20758152;23.18409434;-0.3462076187;0.3678933084;0.7086031437;6
23.17820314;2.000399828;0.5264210105;9.245866776;23.18619611;-0.3400989771;0.3959930837;0.7183769941;6
23.18030486;2.072184324;0.5838487148;9.303294182;23.18829783;-0.3352120519;0.4228711426;0.7281508446;6
23.18240658;2.081755638;0.6029912829;9.3367939;23.19039954;-0.327881664;0.4485274553;0.7391464114;6
23.18450829;2.067398787;0.5886343718;9.41336441;23.19250132;-0.320551306;0.4729620516;0.7464767694;6
23.18661006;2.024327993;0.5694918036;9.528220177;23.19460303;-0.3132209182;0.4925097227;0.7538071275;6
23.18871178;1.990828395;0.5503492355;9.662218094;23.19670475;-0.3046688139;0.504727006;0.7562506199;6
23.1908135;2.033899307;0.5359922647;9.815358162;23.19880652;-0.2924515009;0.5083922148;0.7550288439;6
23.19291527;2.124826431;0.5072783828;9.958928108;23.20090824;-0.2875646055;0.5071704984;0.7489202023;6
23.19501699;2.258824587;0.4546363056;10.07856941;23.20300996;-0.277790755;0.4949531853;0.7403681278;6
23.19711871;2.392822742;0.4163511395;10.164711;23.20511173;-0.2716821134;0.4815141559;0.7269290686;6
23.19922048;2.517249346;0.3206382394;10.26042366;23.20721345;-0.2667951882;0.4619664848;0.7147117853;6
23.2013222;2.627319336;0.2297109663;10.37049294;23.20931517;-0.2631300092;0.4387536347;0.7037162185;6
23.20342392;2.699103832;0.1531406492;10.42313576;23.21141689;-0.261908263;0.4094321132;0.6890554428;6
23.20552569;2.81395936;0.1244267747;10.51884842;23.21351866;-0.2594648004;0.3788888752;0.678059876;6
23.20762741;2.880958557;0.1148554832;10.59063339;23.21562038;-0.2606865466;0.3495673835;0.6658425927;6
23.20972913;2.933600664;0.1292124242;10.62413216;23.21772215;-0.2631300092;0.320245862;0.6536253095;6
23.21183085;2.94317174;0.08614161611;10.66720295;23.21982387;-0.2667951882;0.2884808779;0.6389645338;6
23.21393262;2.928814888;0.06221338734;10.7054882;23.22192558;-0.2643517256;0.2567159235;0.6243038177;6
23.21603434;2.919243574;0.0;10.75334454;23.22402736;-0.2655734718;0.223729223;0.6059778333;6
23.21813611;3.014956474;-0.0382851623;10.83948612;23.22612908;-0.2643517256;0.1907425225;0.5876519084;6
23.22023782;3.091526747;-0.06221338734;10.94955635;23.22823079;-0.2643517256;0.1565341055;0.5693259835;6
23.22233954;3.215953588;-0.0143569354;11.03569794;23.23033256;-0.2606865466;0.1211039424;0.5522217751;6
23.22444132;3.311666489;0.03349951655;11.07876873;23.23243428;-0.2631300092;0.08323032409;0.5326740742;6
23.22654303;3.378665686;0.05742774159;11.12183952;23.234536;-0.261908263;0.04657844082;0.5143481493;6
23.22864475;3.421736479;0.04785645381;11.16969585;23.23663772;-0.261908263;0.01725693047;0.4960221946;6
23.23074652;3.416950703;0.01914258115;11.22712421;23.23873949;-0.261908263;-0.01328630932;0.4801397026;6
23.23284824;3.421736479;-0.0239282269;11.21276665;23.24084121;-0.2606865466;-0.03772090003;0.4630354941;6
23.23494996;3.402593851;-0.04307080805;11.23190975;23.24294293;-0.2594648004;-0.0609337613;0.4471530318;6
23.23705168;3.359523058;-0.0382851623;11.26062298;23.24504465;-0.2606865466;-0.08048143238;0.4324922562;6
23.23915345;3.369094372;-0.0239282269;11.30369377;23.24714642;-0.2557996213;-0.0988073796;0.4178315103;6
23.24125517;3.397808075;-0.004785645287;11.3132658;23.24924814;-0.2545779049;-0.1159115955;0.4031707644;6
23.24335689;3.43609333;-0.009571290575;11.36112213;23.25134991;-0.2472475171;-0.1281288862;0.3885099888;6
23.24545861;3.460021496;0.009571290575;11.33240795;23.25345163;-0.2423606068;-0.1415679157;0.3762927055;6
23.24756038;3.479164124;0.009571290575;11.35633659;23.25555335;-0.2338084877;-0.1513417512;0.3628536761;6
23.2496621;3.507878065;0.02871387079;11.37547874;23.25765506;-0.2264781147;-0.1598938555;0.3530798554;6
23.25176387;3.503092289;0.06221338734;11.413764;23.25975684;-0.2154825479;-0.1611155868;0.343306005;6
23.25386558;3.450450182;0.0765703246;11.47119141;23.26185855;-0.2020435184;-0.1623373181;0.3371973634;6
23.2559673;3.412165165;0.1004985496;11.5142622;23.26396027;-0.1898262352;-0.1598938555;0.3310887218;6
23.25806902;3.37387991;0.1387837082;11.54776192;23.26606204;-0.177608937;-0.1562286615;0.3286452591;6
23.26017079;3.316452265;0.1914258152;11.59083271;23.26816376;-0.1641699076;-0.1501200199;0.3274235129;6
23.26227251;3.292523861;0.2249253243;11.58126163;23.27026548;-0.1458439678;-0.142789647;0.3286452591;6
23.26437423;3.273381472;0.2871387303;11.60040379;23.27236725;-0.134848401;-0.1317940801;0.3286452591;6
23.266476;3.254238844;0.3541377485;11.62433243;23.27446897;-0.1201876476;-0.119576782;0.3298669755;6
23.26857772;3.239881754;0.3924229145;11.57169056;23.27657069;-0.1079703495;-0.1049160287;0.3347539008;6
23.27067944;3.230310678;0.4402793646;11.50947666;23.27867246;-0.09575305134;-0.08536835015;0.339640826;6
23.27278121;3.249453068;0.4594219327;11.45683479;23.28077418;-0.08231402934;-0.0621554926;0.343306005;6
23.27488293;3.254238844;0.4977070987;11.40419292;23.2828759;-0.07131846249;-0.04138609022;0.3481929302;6
23.27698465;3.287738323;0.5216353536;11.34197903;23.28497762;-0.05787943676;-0.0157297682;0.3530798554;6
23.27908642;3.316452265;0.5312066078;11.29890823;23.28707939;-0.04688387364;0.005039634649;0.3567450345;6
23.28118814;3.383451223;0.5551348329;11.29890823;23.28918111;-0.03344484791;0.02703076601;0.3604102135;6
23.28328986;3.445664644;0.5599204898;11.30848026;23.29128282;-0.02122755162;0.0478001684;0.3616319597;6
23.28539158;3.507878065;0.5407779217;11.33240795;23.29338454;-0.01145371422;0.05757400393;0.3591884971;6
23.28749335;3.579662561;0.5264210105;11.35155106;23.29548632;0.003207040019;0.06856957078;0.3543015718;6
23.28959506;3.665804386;0.4977070987;11.36590767;23.29758803;0.01298087649;0.06979130208;0.346971184;6
23.29169678;3.747160196;0.4498506486;11.38983536;23.2996898;0.02641990222;0.06856957078;0.3359756172;6
23.2937985;3.8668015;0.3972085714;11.38026428;23.30179152;0.03497200832;0.06856957078;0.3237583339;6
23.29590027;3.976871252;0.3445664644;11.41854954;23.30389324;0.04596757516;0.06001746282;0.3078758419;6
23.29800199;4.082155228;0.2919243574;11.41854954;23.30599496;0.05329795182;0.05024362728;0.2919933498;6
23.30010376;4.163511276;0.2105683982;11.41854954;23.30809673;0.06062832847;0.03802633286;0.2712239623;6
23.30220548;4.259224415;0.1770688742;11.38983536;23.31019845;0.06673697382;0.01970038936;0.2492328286;6
23.3043072;4.340580463;0.1148554832;11.36590767;23.31230017;0.0740673542;0.001374445739;0.2272416949;6
23.30640892;4.421936035;0.0765703246;11.32283688;23.31440189;0.07651081681;-0.02061668597;0.2015853822;6
23.30851069;4.512863636;0.04785645381;11.27498055;23.31650366;0.07528908551;-0.0438295491;0.1771507859;6
23.31061241;4.584648132;0.0239282269;11.21755219;23.31860538;0.0728456229;-0.06704241037;0.1490510106;6
23.31271413;4.656432629;-0.01914258115;11.17448139;23.3207071;0.07162389904;-0.09514218569;0.123394683;6
23.31481585;4.704289436;-0.01914258115;11.09312534;23.32280887;0.06551524997;-0.1232419685;0.09529490769;6
23.31691762;4.723432064;-0.0239282269;11.06441212;23.32491058;0.06673697382;-0.1476765573;0.06963858753;6
23.31901934;4.742574692;-0.009571290575;11.05005455;23.3270123;0.06307178736;-0.1745546162;0.04398226365;6
23.32112105;4.713860512;-0.009571290575;11.0309124;23.32911408;0.05818486959;-0.2063195854;0.01710421406;6
23.32322283;4.694717884;-0.0143569354;10.99262714;23.33121579;0.05696314201;-0.2344193608;-0.008552107029;6
23.32532454;4.666004181;0.009571290575;10.98305607;23.33331751;0.05696314201;-0.2637408674;-0.03298669681;6
23.32742626;4.637290478;0.009571290575;10.98305607;23.33541928;0.05818486959;-0.2881754637;-0.05619955808;6
23.32952803;4.622933388;0.02871387079;10.97348499;23.337521;0.0557414107;-0.3150535226;-0.07696896046;6
23.33162975;4.594219685;0.0382851623;11.00219822;23.33962277;0.0557414107;-0.3382663727;-0.09529490769;6
23.33373147;4.555934429;0.07178468257;10.98305607;23.34172449;0.05940660089;-0.3602575064;-0.109955661;6
23.33583324;4.493721008;0.09092725813;10.97827053;23.34382621;0.06185005978;-0.3761399984;-0.1270598769;6
23.33793496;4.441078663;0.1148554832;10.96391296;23.34592793;0.06185005978;-0.3859138191;-0.1404989064;6
23.34003673;4.393222332;0.1339980662;10.92562866;23.3480297;0.06429351866;-0.3908007443;-0.1527161896;6
23.34213845;4.350151539;0.1627119333;10.9112711;23.35013142;0.07040216774;-0.3932442069;-0.1673769504;6
23.34424017;4.316651821;0.1866401732;10.89691448;23.35223314;0.07651081681;-0.3956876695;-0.1808159798;6
23.34634189;4.302295208;0.2105683982;10.90170002;23.35433486;0.08261945844;-0.3956876695;-0.1954767257;6
23.34844366;4.302295208;0.2249253243;10.91605663;23.35643663;0.09239330143;-0.3944659233;-0.2089157552;6
23.35054538;4.331008911;0.2057827413;10.9304142;23.35853835;0.1058323234;-0.3920224607;-0.2235765159;6
23.3526471;4.350151539;0.2105683982;10.92084217;23.36064012;0.1168278903;-0.3871355653;-0.2382372618;6
23.35474882;4.393222332;0.2105683982;10.9112711;23.36274178;0.1278234571;-0.3798051775;-0.2541197538;6
23.35685058;4.42672205;0.2153540403;10.92562866;23.36484355;0.1400407553;-0.3724747896;-0.2724456787;6
23.3589523;4.460221291;0.2009970993;10.87298584;23.36694527;0.1485928595;-0.3614792228;-0.293215096;6
23.36105408;4.508078098;0.2009970993;10.83948612;23.36904699;0.1571449637;-0.3468184769;-0.3127627671;6
23.36315574;4.579862595;0.1674975902;10.77248764;23.37114876;0.1681405306;-0.3309359848;-0.3359756172;6
23.36525751;4.651647091;0.1387837082;10.68634605;23.37325048;0.1742491722;-0.3138317764;-0.3604102135;6
23.36735923;4.733003139;0.09092725813;10.61934662;23.3753522;0.1803578287;-0.2942841053;-0.3885099888;6
23.36946095;4.776073933;0.08614161611;10.53320503;23.37745392;0.1828012913;-0.2747364342;-0.4129445851;6
23.37156272;4.785645485;0.0382851623;10.50449181;23.37955569;0.1876882017;-0.2564104795;-0.4410443604;6
23.37366444;4.78085947;0.0143569354;10.43270683;23.38165741;0.1913533956;-0.2380845547;-0.4691441655;6
23.37576616;4.733003139;-0.004785645287;10.39920712;23.38375918;0.1962403059;-0.2185368687;-0.4960221946;6
23.37786788;4.680361271;-0.009571290575;10.37527943;23.3858609;0.2011272311;-0.2050978541;-0.5216785073;6
23.37996965;4.579862595;-0.01914258115;10.34656525;23.38796262;0.2072358727;-0.1904370934;-0.5473348498;6
23.38207137;4.479363918;0.0143569354;10.34656525;23.39006434;0.212122798;-0.1806632578;-0.5705476999;6
23.38417314;4.359723091;0.03349951655;10.37049294;23.39216611;0.2194531709;-0.1721111536;-0.5888736248;6
23.38627486;4.235296249;0.09571290761;10.38006496;23.39426782;0.2206749022;-0.1647807807;-0.6084213257;6
23.38837658;4.086941242;0.1435693651;10.40399265;23.39636954;0.2292270064;-0.1611155868;-0.6230821013;6
23.39047829;3.933800459;0.2057827413;10.42313576;23.39847126;0.2328922004;-0.1574503928;-0.6389645338;6
23.39258006;3.780659676;0.2871387303;10.43749237;23.40057303;0.239000842;-0.1550069451;-0.6511818767;6
23.39468178;3.627519131;0.3397808075;10.46620655;23.4026748;0.2451094985;-0.1525634825;-0.6597339511;6
23.3967835;3.460021496;0.4019941986;10.4279213;23.40477647;0.2499964088;-0.1501200199;-0.6695078015;6
23.39888522;3.311666489;0.4498506486;10.43749237;23.40687824;0.2524398565;-0.1476765573;-0.678059876;6
23.40098699;3.163311481;0.4881358147;10.41356373;23.40897996;0.2561050653;-0.1476765573;-0.6841685772;6
23.40308876;3.043670416;0.5503492355;10.38963604;23.41108168;0.2609919906;-0.1476765573;-0.6902772188;6
23.40519043;2.938386202;0.6029912829;10.42313576;23.41318345;0.262213707;-0.1513417512;-0.693942368;6
23.4072922;2.81395936;0.6364908218;10.38963604;23.41528517;0.262213707;-0.1537852138;-0.6963858604;6
23.40939392;2.689532757;0.6891329288;10.36092186;23.41738689;0.2634354234;-0.1611155868;-0.6976075768;6
23.41149564;2.565105915;0.7226324677;10.34177971;23.41948866;0.2634354234;-0.1684459597;-0.6976075768;6
23.41359741;2.431107759;0.7657032609;10.3226366;23.42159038;0.2609919906;-0.1806632578;-0.695164144;6
23.41569913;2.287538528;0.7896314859;10.31785107;23.4236921;0.258548528;-0.1989891976;-0.6927206516;6
23.41780085;2.143969059;0.8039883971;10.30827999;23.42579387;0.2548833191;-0.2173151523;-0.6902772188;6
23.41990262;2.019542217;0.837487936;10.30349445;23.42789558;0.2499964088;-0.2393062711;-0.68661201;6
23.42200434;1.923829436;0.866201818;10.29392338;23.4299973;0.2438877672;-0.2649625838;-0.6841685772;6
23.42410605;1.842473388;0.8805587292;10.29392338;23.43209908;0.2426660359;-0.2930623889;-0.6805033684;6
23.42620783;1.765903115;0.8853443861;10.27478027;23.43420079;0.235335663;-0.3223838806;-0.678059876;6
23.42830954;1.670190215;0.9044869542;10.23649502;23.43630251;0.2280052751;-0.3480401933;-0.6743947268;6
23.43041126;1.607976794;0.9332008362;10.23170948;23.43840423;0.2231183648;-0.378583461;-0.6719512343;6
23.43251303;1.517049551;0.9332008362;10.23170948;23.440506;0.2145662606;-0.412791878;-0.6707295179;6
23.43461475;1.459621787;0.9571290612;10.21735287;23.44260772;0.2060141414;-0.4457785785;-0.6695078015;6
23.43671647;1.402194023;0.9619147182;10.21735287;23.44470949;0.1986837685;-0.4799869955;-0.6670643687;6
23.43881819;1.363908887;0.9714859724;10.19342422;23.44681116;0.1876882017;-0.516638875;-0.6646208763;6
23.44091996;1.349551916;0.9714859724;10.15513897;23.44891293;0.1791360974;-0.5545125008;-0.6633991599;6
23.44302168;1.320838094;0.9475577474;10.14556789;23.45101465;0.1693622619;-0.5850557685;-0.6621774435;6
23.44512345;1.296909928;0.94277215;10.08335495;23.45311642;0.162031889;-0.6131555438;-0.6585122347;6
23.44722512;1.272981644;0.9379864931;10.02114105;23.45521814;0.1510363221;-0.6400335431;-0.6536253095;6
23.44932689;1.225125194;0.9379864931;9.958928108;23.45731986;0.1400407553;-0.6632464528;-0.6487383842;6
23.45142861;1.158126116;0.9571290612;9.906285286;23.45942158;0.1290451884;-0.6791289449;-0.6426297426;6
23.45353038;1.105484009;0.9810572863;9.834501266;23.46152335;0.1204930767;-0.6925679445;-0.6328558922;6
23.4556321;1.03848505;1.004985452;9.786644936;23.46362507;0.1107192412;-0.6998983026;-0.6230821013;6
23.45773382;0.9906286001;1.028913736;9.729216576;23.46572678;0.1033888608;-0.7035635114;-0.6108647585;6
23.45983553;0.8997012973;1.052842021;9.657432556;23.46782855;0.09483675659;-0.7035635114;-0.5974257588;6
23.4619373;0.8422735929;1.091127157;9.609575272;23.46993027;0.09117157012;-0.702341795;-0.5803215504;6
23.46403902;0.784845829;1.138983607;9.57129097;23.47203204;0.08872810751;-0.7011200786;-0.5632173419;6
23.46614074;0.7178468108;1.16769743;9.547362328;23.47413376;0.08750637621;-0.6950113773;-0.5473348498;6
23.46824251;0.6699903607;1.210768223;9.537791252;23.47623548;0.08506292105;-0.6827940941;-0.527787149;6
23.47034423;0.650847733;1.272981644;9.489934921;23.4783372;0.08261945844;-0.6717985272;-0.5106829405;6
23.472446;0.6364908218;1.316052437;9.480362892;23.48043897;0.08139773458;-0.6559160352;-0.493578732;6
23.47454772;0.6747759581;1.349551916;9.418149948;23.48254069;0.08017600328;-0.6339249015;-0.4752528071;6
23.47664944;0.7226324677;1.392622828;9.341579437;23.48464241;0.08017600328;-0.6143772602;-0.4605920315;6
23.47875116;0.7369893789;1.387837172;9.30807972;23.48674413;0.07895427197;-0.5936078429;-0.4471530318;6
23.48085293;0.7417750359;1.373480201;9.303294182;23.4888459;0.07651081681;-0.5716167092;-0.4324922562;6
23.48295465;0.7800601721;1.296909928;9.260223389;23.49094762;0.07651081681;-0.5471821427;-0.4166097939;6
23.48505637;0.813559711;1.229910851;9.274580956;23.49304934;0.07773254067;-0.5227475166;-0.4031707644;6
23.48715808;0.8566305041;1.201196909;9.265008926;23.49515111;0.08139773458;-0.4946477413;-0.3909534514;6
23.48925986;0.890130043;1.1820544;9.269794464;23.49725282;0.08506292105;-0.4677697122;-0.3799578846;6
23.49136158;0.9379864931;1.162911773;9.317651749;23.49935454;0.08750637621;-0.4470002949;-0.3701840639;6
23.49346329;0.9667003751;1.138983607;9.341579437;23.50145626;0.09605848789;-0.4237874448;-0.3677406013;6
23.49556506;1.043270707;1.100698471;9.408578873;23.50355803;0.1033888608;-0.4103484154;-0.3665188551;6
23.49766678;1.11984098;0.9906286001;9.480362892;23.50565975;0.1119409725;-0.3993528485;-0.3701840639;6
23.4997685;1.239482164;0.837487936;9.57129097;23.50776152;0.1253799945;-0.3883572817;-0.3811796308;6
23.50187022;1.416550994;0.679561615;9.676574707;23.50986324;0.1363755614;-0.3798051775;-0.393396914;6
23.50397199;1.627119422;0.5407779217;9.772287369;23.51196496;0.1449276656;-0.3761399984;-0.4117228687;6
23.50607371;1.808973908;0.4450650215;9.839286804;23.51406668;0.1534797698;-0.3749182522;-0.4288270772;6
23.50817548;1.986042738;0.3684946895;9.868000984;23.51616845;0.1608101577;-0.3749182522;-0.4471530318;6
23.5102772;2.086541414;0.3637090325;9.844072342;23.51827017;0.1681405306;-0.3773617148;-0.4667007029;6
23.51237892;2.148754835;0.3445664644;9.839286804;23.52037189;0.1730274558;-0.3810268939;-0.4886918366;6
23.51448064;2.143969059;0.2871387303;9.791430473;23.52247366;0.1730274558;-0.3798051775;-0.5167915821;6
23.51658241;2.153540373;0.1770688742;9.772287369;23.52457538;0.1730274558;-0.3822486401;-0.5461131334;6
23.51868413;2.129612207;0.03349951655;9.767501831;23.5266771;0.1779143661;-0.3895790279;-0.577878058;6
23.52078585;2.158325911;-0.1052841991;9.762716293;23.52877882;0.1779143661;-0.3969093859;-0.6108647585;6
23.52288762;2.172683001;-0.1770688742;9.757930756;23.53088059;0.1803578287;-0.4079049528;-0.6401863098;6
23.52498934;2.244467735;-0.2105683982;9.791430473;23.5329823;0.1852447391;-0.4237874448;-0.6670643687;6
23.52709105;2.263610125;-0.1627119333;9.757930756;23.53508408;0.1828012913;-0.4408916533;-0.6914989352;6
23.52919277;2.249253273;-0.1004985496;9.734002113;23.53718579;0.1828012913;-0.4494437575;-0.7122683525;6
23.53129454;2.182254314;-0.0143569354;9.676574707;23.53928751;0.1742491722;-0.4555523992;-0.7354812026;6
23.53339626;2.057827473;0.04785645381;9.580862045;23.54138923;0.165697068;-0.4579958618;-0.7538071275;6
23.53549803;1.895115495;0.08135596663;9.456435204;23.543491;0.1595884264;-0.462882787;-0.7770199776;6
23.53759975;1.737189293;0.1100698411;9.360722542;23.54559272;0.1498145908;-0.4616610706;-0.7977893949;6
23.53970147;1.627119422;0.1674975902;9.312865257;23.54769449;0.1412624866;-0.4641045034;-0.8161153197;6
23.54180319;1.55054903;0.1818545163;9.260223389;23.54979621;0.1339320987;-0.4641045034;-0.8319978118;6
23.54390496;1.521835208;0.2632105052;9.198010445;23.55189793;0.1241582632;-0.466547966;-0.8429933786;6
23.54600668;1.469193101;0.3014956415;9.217152596;23.55399965;0.1143844277;-0.4653262496;-0.8503237963;6
23.54810845;1.402194023;0.3637090325;9.188439369;23.55610142;0.1058323234;-0.462882787;-0.8552106619;6
23.55021017;1.244267821;0.4211367965;9.107083321;23.55820314;0.0972802192;-0.462882787;-0.8600975871;6
23.55231189;1.052842021;0.5024927258;9.035298347;23.56030486;0.08994983882;-0.459217608;-0.8649845123;6
23.55441361;0.8805587292;0.5359922647;8.982656479;23.56240663;0.08384118974;-0.4482220411;-0.8686497211;6
23.55651538;0.7178468108;0.5455635786;8.906085968;23.56450835;0.07773254067;-0.4372264743;-0.87231493;6
23.5586171;0.6077769399;0.5790630579;8.90130043;23.56661007;0.0728456229;-0.4250091612;-0.8759800792;6
23.56071882;0.5551348329;0.5886343718;8.867800713;23.56871184;0.06673697382;-0.4152353406;-0.8808670044;6
23.56282058;0.5407779217;0.6460621357;8.891729355;23.57081355;0.06185005978;-0.3993528485;-0.8784235716;6
23.5649223;0.5264210105;0.7130611539;8.906085968;23.57291527;0.05818486959;-0.3810268939;-0.8759800792;6
23.56702402;0.4546363056;0.7896314859;8.90130043;23.57501704;0.05696314201;-0.3602575064;-0.8686497211;6
23.56912579;0.3541377485;0.8566305041;8.896514893;23.57711871;0.05207622424;-0.3382663727;-0.8576541543;6
23.57122751;0.1914258152;0.9236295223;8.867800713;23.57922048;0.05085449293;-0.3138317764;-0.8454368711;6
23.57332923;0.02871387079;0.9810572863;8.815158844;23.5813222;0.04718930274;-0.2942841053;-0.8307760954;6
23.575431;-0.1004985496;1.03848505;8.781659126;23.58342397;0.04352411628;-0.2747364342;-0.8161153197;6
23.57753267;-0.2105683982;1.110269666;8.762516975;23.58552569;0.03863719851;-0.2515235841;-0.8002328873;6
23.57963444;-0.2967100143;1.162911773;8.805587769;23.58762741;0.03375028074;-0.2356410921;-0.7855721116;6
23.58173616;-0.4211367965;1.1820544;8.776873589;23.58972918;0.02886336111;-0.2209803313;-0.7684679031;6
23.58383793;-0.5312066078;1.177268744;8.743373871;23.5918309;0.02153298259;-0.2136499584;-0.7501419783;6
23.58593965;-0.6221339107;1.205982566;8.757730484;23.59393262;0.01664606482;-0.2112064958;-0.7269290686;6
23.58804137;-0.6891329288;1.234696507;8.743373871;23.59603434;0.009315688163;-0.2124282271;-0.7061597109;6
23.59014314;-0.784845829;1.296909928;8.733802795;23.59813611;0.003207040019;-0.2185368687;-0.6853902936;6
23.59224486;-0.8709874153;1.35912323;8.729017258;23.60023782;-0.0016798781;-0.2234237939;-0.6658425927;6
23.59434658;-0.9475577474;1.392622828;8.738588333;23.60233954;-0.01145371422;-0.2307541668;-0.6475166678;6
23.59644829;-0.9858429432;1.392622828;8.719446182;23.60444132;-0.02000582218;-0.2356410921;-0.627968967;6
23.59855006;-1.019342422;1.440479279;8.66680336;23.60654303;-0.03344484791;-0.242971465;-0.6071996093;6
23.60065178;-1.019342422;1.469193101;8.604590416;23.60864475;-0.04810560122;-0.2527453005;-0.5815432668;6
23.6027535;-1.057627559;1.497906923;8.537590981;23.61074647;-0.06032289565;-0.2612974048;-0.5571087003;6
23.60485527;-1.186840057;1.464407444;8.441878319;23.61284824;-0.0725401938;-0.2771798968;-0.5314523578;6
23.60695699;-1.349551916;1.402194023;8.432307243;23.61494996;-0.0847574845;-0.2942841053;-0.5057960153;6
23.60905871;-1.450050473;1.368694544;8.422736168;23.61705173;-0.09941824526;-0.3113883138;-0.4838049114;6
23.61116043;-1.483550072;1.349551916;8.413164139;23.61915345;-0.1140789986;-0.3309359848;-0.4618137777;6
23.6132622;-1.450050473;1.392622828;8.417949677;23.62125517;-0.131183207;-0.3504836559;-0.4447095692;6
23.61536392;-1.373480201;1.421336651;8.350951195;23.62335689;-0.1482874304;-0.3736965358;-0.4239401519;6
23.61746569;-1.296909928;1.464407444;8.269595146;23.62545866;-0.1653916389;-0.4042397738;-0.4080576599;6
23.61956741;-1.220339537;1.45483613;8.21216774;23.62756038;-0.1837175786;-0.4250091612;-0.3909534514;6
23.62166913;-1.244267821;1.373480201;8.106883049;23.6296621;-0.2020435184;-0.4408916533;-0.3787361681;6
23.62377085;-1.239482164;1.272981644;8.020741463;23.63176387;-0.2252563834;-0.4555523992;-0.3677406013;6
23.62587262;-1.153340459;1.201196909;7.972885132;23.63386559;-0.2460257858;-0.4677697122;-0.3591884971;6
23.62797434;-1.043270707;1.153340459;7.872386456;23.6359673;-0.2680169344;-0.4751000702;-0.3518581092;6
23.63007605;-0.8709874153;1.143769264;7.8341012;23.63806908;-0.2863428593;-0.4775435328;-0.3445277214;6
23.63217783;-0.7178468108;1.177268744;7.86281538;23.64017079;-0.3046688139;-0.4726566374;-0.3335321844;6
23.63427954;-0.6221339107;1.177268744;7.886743546;23.64227251;-0.3193295598;-0.466547966;-0.3249800503;6
23.63638126;-0.6460621357;1.162911773;7.891529083;23.64437423;-0.3327685893;-0.4579958618;-0.3152062297;6
23.63848303;-0.650847733;1.124626637;7.901100159;23.646476;-0.3474293351;-0.4457785785;-0.3054323792;6
23.64058475;-0.6556333899;1.052842021;7.934599876;23.64857772;-0.3596466482;-0.4360047281;-0.2993237376;6
23.64268647;-0.6221339107;1.004985452;8.015955925;23.65067949;-0.3645335436;-0.4201222658;-0.296880275;6
23.64478819;-0.6364908218;0.94277215;8.111668587;23.65278121;-0.3633118272;-0.4005745649;-0.2981020212;6
23.64688996;-0.6077769399;0.8614161611;8.21216774;23.65488293;-0.3645335436;-0.3822486401;-0.2993237376;6
23.64899168;-0.5216353536;0.8039883971;8.336593628;23.6569847;-0.3608683646;-0.3675878942;-0.3029889166;6
23.65109345;-0.4307080805;0.7226324677;8.417949677;23.65908642;-0.3559814394;-0.3504836559;-0.3066541255;6
23.65319517;-0.2871387303;0.6843472719;8.542376518;23.66118814;-0.3510945439;-0.3284925222;-0.3066541255;6
23.65529689;-0.2009970993;0.626919508;8.623732567;23.66328986;-0.3462076187;-0.3040579557;-0.3115410507;6
23.65739866;-0.2249253243;0.5790630579;8.662017822;23.66539163;-0.3352120519;-0.2747364342;-0.3139844835;6
23.65950038;-0.2823530734;0.5024927258;8.786444664;23.66749335;-0.3254382014;-0.2441931963;-0.3152062297;6
23.6616021;-0.3349951804;0.4498506486;8.886942863;23.66959507;-0.3132209182;-0.2112064958;-0.3200931549;6
23.66370382;-0.3684946895;0.4307080805;9.020941734;23.67169684;-0.2985601723;-0.1782197952;-0.3249800503;6
23.66580558;-0.3924229145;0.3732803464;9.073583603;23.67379855;-0.2838993967;-0.1488982886;-0.3335321844;6
23.6679073;-0.4211367965;0.3014956415;9.140582085;23.67590027;-0.2655734718;-0.1220202371;-0.3457494676;6
23.67000902;-0.4259224236;0.2201396823;9.250652313;23.67800204;-0.2484692484;-0.0975856483;-0.3579667509;6
23.67211079;-0.3972085714;0.1722832322;9.379864693;23.68010376;-0.2313650399;-0.07192932814;-0.3714057803;6
23.67421251;-0.3493520916;0.1674975902;9.44207859;23.68220548;-0.2130390853;-0.04627300799;-0.3860665262;6
23.67631423;-0.3158525825;0.1866401732;9.485149384;23.6843072;-0.1959348768;-0.02183841541;-0.4007273018;6
23.678416;-0.3206382394;0.2249253243;9.528220177;23.68640892;-0.1800523996;0.0001527161949;-0.4129445851;6
23.68051772;-0.3254238665;0.2679961324;9.556933403;23.68851069;-0.1641699076;0.02580903657;-0.4276053309;6
23.68261944;-0.3684946895;0.2823530734;9.533005714;23.69061241;-0.1482874304;0.05024362728;-0.443487823;6
23.68472116;-0.4833501875;0.2344966233;9.470791817;23.69271418;-0.134848401;0.07101303339;-0.4593703151;6
23.68682288;-0.5694918036;0.1579262912;9.461220741;23.6948159;-0.127518028;0.09422589093;-0.4789179862;6
23.68892465;-0.6317051649;0.1339980662;9.399007797;23.69691767;-0.117744185;0.1149952933;-0.4984656572;6
23.69102637;-0.626919508;0.1244267747;9.351150513;23.69901939;-0.1104138121;0.1259908676;-0.5192350745;6
23.69312814;-0.5886343718;0.1962114573;9.30807972;23.70112111;-0.1079703495;0.1418733448;-0.5387827158;6
23.69522986;-0.5647061467;0.2632105052;9.20758152;23.70322282;-0.1055268943;0.1540906429;-0.5571087003;6
23.69733163;-0.6221339107;0.2727817893;9.092725754;23.70532454;-0.1067486182;0.1614210159;-0.5766563416;6
23.69943335;-0.7417750359;0.2297109663;9.006584167;23.70742632;-0.1104138121;0.1638644785;-0.59376055;6
23.70153506;-0.8949156404;0.2009970993;8.925228119;23.70952803;-0.1153007299;0.1638644785;-0.6120865345;6
23.70363678;-1.024128079;0.1770688742;8.863015175;23.71162975;-0.1238528341;0.1638644785;-0.6267472506;6
23.7057385;-1.153340459;0.2009970993;8.805587769;23.71373152;-0.127518028;0.1614210159;-0.6389645338;6
23.70784027;-1.244267821;0.2536391914;8.776873589;23.71583324;-0.1360701323;0.1626427472;-0.6487383842;6
23.70994199;-1.325623751;0.3397808075;8.767302513;23.71793496;-0.1421787739;0.1626427472;-0.6524035931;6
23.71204371;-1.430907965;0.4402793646;8.781659126;23.72003673;-0.1507308781;0.1589775532;-0.6536253095;6
23.71414548;-1.560120344;0.5312066078;8.772088051;23.72213845;-0.1592829973;0.1540906429;-0.6499601007;6
23.7162472;-1.737189293;0.6460621357;8.772088051;23.72424022;-0.1690568328;0.150425449;-0.6426297426;6
23.71834892;-1.952543259;0.756131947;8.772088051;23.72634194;-0.1763872057;0.1430950761;-0.6328558922;6
23.72045069;-2.20618248;0.8566305041;8.791230202;23.72844366;-0.1873827726;0.1394298822;-0.6206386089;6
23.72255241;-2.435893536;0.9619147182;8.810373306;23.73054538;-0.1971566081;0.1357647032;-0.6059778333;6
23.72465418;-2.632104874;1.028913736;8.853444099;23.73264715;-0.2069304436;0.1308777779;-0.5900954008;6
23.7267559;-2.804388046;1.115055323;8.863015175;23.73474887;-0.2142608166;0.123547405;-0.5705476999;6
23.72885762;-2.933600664;1.191625714;8.906085968;23.73685059;-0.2179260105;0.1113301069;-0.5497782826;6
23.73095934;-3.062813044;1.229910851;9.00179863;23.73895236;-0.2264781147;0.1015562713;-0.5265654325;6
23.73306111;-3.172882795;1.282552958;9.097511292;23.74105408;-0.2325867712;0.09178243577;-0.5021308661;6
23.73516282;-3.287738323;1.335195065;9.217152596;23.74315579;-0.235030219;0.08323032409;-0.4776962698;6
23.73726454;-3.407379389;1.35912323;9.274580956;23.74525751;-0.2411388755;0.07223475724;-0.4508182108;6
23.73936632;-3.531806231;1.402194023;9.332008362;23.74735928;-0.2448040545;0.06123919412;-0.4251618981;6
23.74146803;-3.637090445;1.416550994;9.394221306;23.749461;-0.2484692484;0.0490218997;-0.3995055556;6
23.74356975;-3.723232031;1.440479279;9.456435204;23.75156272;-0.2521344423;0.04046979174;-0.3738492429;6
23.74567147;-3.775874138;1.45483613;9.480362892;23.75366449;-0.2545779049;0.03069595434;-0.3494146466;6
23.74777324;-3.818944931;1.473978758;9.51386261;23.75576621;-0.2570213675;0.01970038936;-0.3249800503;6
23.74987496;-3.833301783;1.488335729;9.547362328;23.75786793;-0.2570213675;0.01114828233;-0.3017672002;6
23.75197668;-3.838087559;1.473978758;9.57129097;23.7599697;-0.258243084;0.003817904973;-0.2773326039;6
23.75407845;-3.809373617;1.483550072;9.590433121;23.76207142;-0.2594648004;0.002596175298;-0.2565632164;6
23.75618017;-3.775874138;1.483550072;9.619147301;23.76417314;-0.258243084;0.003817904973;-0.2370155305;6
23.75828189;-3.737588882;1.473978758;9.638289452;23.76627486;-0.258243084;0.008704823442;-0.2174678594;6
23.76038366;-3.694518089;1.45483613;9.647860527;23.76837663;-0.258243084;0.01359174121;-0.2003636509;6
23.76248538;-3.670589924;1.416550994;9.647860527;23.77047835;-0.2570213675;0.0209221188;-0.1832594275;6
23.7645871;-3.641875982;1.383051515;9.667003632;23.77258007;-0.2545779049;0.0294742249;-0.1661552191;6
23.76668882;-3.627519131;1.354337573;9.686145782;23.77468184;-0.2533561587;0.04046979174;-0.1490510106;6
23.76879058;-3.632304668;1.330409408;9.695717812;23.77678355;-0.2509126961;0.0490218997;-0.1319467872;6
23.7708923;-3.608376503;1.330409408;9.724431038;23.77888527;-0.2521344423;0.05635227636;-0.1148425788;6
23.77299402;-3.594019651;1.330409408;9.734002113;23.78098704;-0.2496909797;0.06490438432;-0.09773836285;6
23.77509579;-3.579662561;1.335195065;9.767501831;23.78308876;-0.2521344423;0.07345648855;-0.07941242307;6
23.77719751;-3.589233875;1.349551916;9.767501831;23.78519048;-0.2509126961;0.07712167501;-0.06230820715;6
23.77929923;-3.613162279;1.344766378;9.777072906;23.78729225;-0.2472475171;0.08323032409;-0.04153880477;6
23.781401;-3.646661758;1.330409408;9.815358162;23.78939397;-0.2484692484;0.08811724186;-0.02565632015;6
23.78350272;-3.665804386;1.320838094;9.8201437;23.79149569;-0.2472475171;0.09056070447;-0.008552107029;6
23.78560444;-3.651447296;1.301695466;9.824930191;23.79359746;-0.2460257858;0.09178243577;0.007330377586;6
23.78770621;-3.651447296;1.268195987;9.824930191;23.79569918;-0.2460257858;0.09544762224;0.02199113183;6
23.78980793;-3.646661758;1.272981644;9.853643417;23.7978009;-0.2448040545;0.09666935354;0.036651887;6
23.79190965;-3.594019651;1.253839016;9.891928673;23.79990262;-0.2460257858;0.09666935354;0.05009091273;6
23.79401142;-3.555734396;1.253839016;9.887143135;23.80200434;-0.2460257858;0.09666935354;0.06108647957;6
23.79611314;-3.507878065;1.258624673;9.882357597;23.80410611;-0.2460257858;0.09422589093;0.07208204269;6
