Tempo acelerômetro (s);Acelerômetro X (m/s²);Acelerômetro Y (m/s²);Acelerômetro Z (m/s²);Tempo giroscópio (s);Giroscópio X (rad/s);Giroscópio Y (rad/s);Giroscópio Z (rad/s);gesto
37.48700843;-0.4402793646;0.0;10.49970531;37.49500166;-1.44851315;0.5270236135;-0.5218312144;11
37.4891102;-0.7465606928;0.08135596663;10.62413216;37.49710348;-1.458287001;0.57467103;-0.4961749315;11
37.49121202;-1.067198873;0.1292124242;10.78205872;37.4992053;-1.465617299;0.617431581;-0.4680751264;11
37.49331384;-1.40697968;0.1962114573;10.97827053;37.50130707;-1.470504284;0.658970356;-0.4363101721;11
37.49541561;-1.722832322;0.2775674164;11.20798111;37.5034089;-1.471725941;0.6992874742;-0.4008800089;11
37.49751744;-2.01475668;0.3445664644;11.39462185;37.50551067;-1.471725941;0.7371610999;-0.3630063832;11
37.49961926;-2.273181438;0.4115654826;11.59561825;37.50761249;-1.472947717;0.7725912333;-0.3251327872;11
37.50172103;-2.488535643;0.4737788737;11.78225899;37.50971431;-1.470504284;0.8031344414;-0.2848156989;11
37.50382285;-2.660818815;0.5503492355;11.98325539;37.51181608;-1.466839075;0.8300125003;-0.246942088;11
37.50592463;-2.809173822;0.5982056856;12.13161087;37.51391791;-1.465617299;0.8507819176;-0.2029598206;11
37.50802645;-2.952743053;0.626919508;12.31825066;37.51601973;-1.46195209;0.8617774844;-0.1614210159;11
37.51012827;-3.072384357;0.6556333899;12.48096275;37.5181215;-1.454621792;0.8727730513;-0.1223256737;11
37.51223004;-3.163311481;0.6412764788;12.66760349;37.52022332;-1.447291374;0.8739947677;-0.08200860023;11
37.51433186;-3.206382275;0.6364908218;12.83988667;37.52232509;-1.4387393;0.8764382601;-0.0478001684;11
37.51643369;-3.211168051;0.6125625968;13.0456686;37.52442692;-1.431408882;0.8715513349;-0.01725693047;11
37.51853546;-3.182454109;0.5647061467;13.25623703;37.52652874;-1.419191599;0.8666644096;0.0108428495;11
37.52063728;-3.144168854;0.5216353536;13.45723438;37.52863051;-1.40575254;0.8593340516;0.03405570984;11
37.52273905;-3.067598581;0.4594219327;13.6534462;37.53073233;-1.3923136;0.8544471264;0.05360338464;11
37.52484088;-2.976671457;0.3924229145;13.8735857;37.5328341;-1.375209332;0.8434515595;0.06948586553;11
37.5269427;-2.876172781;0.3158525825;14.08415413;37.53493593;-1.356883407;0.8348994255;0.08048143238;11
37.52904447;-2.770888567;0.2536391914;14.28993702;37.53703775;-1.33611393;0.8214604259;0.08536835015;11
37.53114629;-2.651247501;0.1866401732;14.47179127;37.53913952;-1.315344572;0.8031344414;0.08781181276;11
37.53324806;-2.550748825;0.09571290761;14.67757416;37.54124129;-1.292131782;0.7811433077;0.08781181276;11
37.53534988;-2.440679073;0.0143569354;14.83550072;37.54334311;-1.268918872;0.7567087412;0.08292489499;11
37.53745171;-2.359323025;-0.0765703246;15.01256943;37.54544494;-1.244484305;0.7286089659;0.07803797722;11
37.53955348;-2.297109842;-0.1531406492;15.20399475;37.54754676;-1.220049739;0.6956222653;0.07070759684;11
37.54165525;-2.254039049;-0.2201396823;15.38106441;37.54964853;-1.195615053;0.6565269232;0.0621554926;11
37.54375707;-2.239681959;-0.2823530734;15.51984787;37.55175035;-1.174845695;0.6137663722;0.05360338464;11
37.5458589;-2.220539331;-0.3158525825;15.63470268;37.55385218;-1.150411129;0.567340672;0.0426078178;11
37.54796072;-2.234896421;-0.3445664644;15.78305817;37.55595395;-1.130863428;0.5184714794;0.03527744114;11
37.55006249;-2.249253273;-0.3876372576;15.87877083;37.55805577;-1.11009407;0.4683805704;0.0242818743;11
37.55216431;-2.263610125;-0.3924229145;15.90748501;37.56015754;-1.091768026;0.4158461988;0.01695149764;11
37.55426614;-2.311466694;-0.3828516304;15.9314127;37.56225936;-1.074663877;0.3620901108;0.009621120058;11
37.55636791;-2.335394859;-0.3589234054;15.91705608;37.56436114;-1.062446594;0.3046688139;0.00351247238;11
37.55846973;-2.378465652;-0.3110669553;15.89791393;37.56646296;-1.052672744;0.2521344423;0.001069013379;11
37.5605715;-2.39760828;-0.2632105052;15.87877083;37.56856478;-1.042898893;0.1996000707;0.002290742937;11
37.56267332;-2.426322222;-0.1866401732;15.82134342;37.57066655;-1.038012028;0.1495091617;0.004734201822;11
37.56477509;-2.469393015;-0.1148554832;15.73520184;37.57276838;-1.035568476;0.1018617004;0.009621120058;11
37.56687692;-2.512463808;-0.0382851623;15.65384579;37.5748702;-1.034346819;0.06032289565;0.01695149764;11
37.56897874;-2.54117775;0.03349951655;15.52463341;37.57697197;-1.031903386;0.02122755162;0.0242818743;11
37.57108051;-2.52682066;0.06221338734;15.41934872;37.57907379;-1.031903386;-0.008093958721;0.03527744114;11
37.57318233;-2.517249346;0.1148554832;15.39542103;37.58117561;-1.031903386;-0.02886336111;0.04749473557;11
37.57528416;-2.512463808;0.1531406492;15.33320713;37.58327738;-1.031903386;-0.04841103405;0.0609337613;11
37.57738593;-2.545963287;0.2009970993;15.23270893;37.58537921;-1.031903386;-0.06062832847;0.07681624591;11
37.57948775;-2.555534601;0.2584248483;15.15135288;37.58748098;-1.029459834;-0.0728456229;0.09514218569;11
37.58158957;-2.574677229;0.2871387303;15.10349655;37.5895828;-1.024572968;-0.08017600328;0.1134681329;11
37.58369134;-2.608176708;0.3206382394;15.10828209;37.59168462;-1.017242551;-0.08628465235;0.1305723488;11
37.58579317;-2.603390932;0.3158525825;15.09871101;37.5937864;-1.009912252;-0.08994983882;0.1501200199;11
37.58789494;-2.579462767;0.2919243574;15.1226387;37.59588817;-0.9976949096;-0.08994983882;0.169667691;11
37.58999676;-2.555534601;0.2632105052;15.1848526;37.59799004;-0.9818124175;-0.08872810751;0.1892153621;11
37.59209858;-2.522035122;0.2392822653;15.22792339;37.60009181;-0.964708209;-0.08139773458;0.2075413018;11
37.59420035;-2.49332118;0.2057827413;15.28056526;37.60219364;-0.9427170753;-0.07162389904;0.2258672565;11
37.59630212;-2.421536446;0.1674975902;15.31406498;37.60429546;-0.9170607328;-0.05818486959;0.2441931963;11
37.598404;-2.368894339;0.1435693651;15.33320713;37.60639723;-0.8926261663;-0.04108065739;0.2612974048;11
37.60050577;-2.258824587;0.1244267747;15.33799362;37.608499;-0.8681915402;-0.02031125315;0.2771798968;11
37.60260759;-2.167897224;0.1004985496;15.33320713;37.61060082;-0.8425352573;0.002901607659;0.2918406427;11
37.60470942;-2.06261301;0.08135596663;15.29970837;37.61270259;-0.8193224072;0.02489273995;0.3065013885;11
37.60681119;-1.990828395;0.05742774159;15.24228001;37.61480442;-0.7936660647;0.04810560122;0.3187187016;11
37.60891296;-1.909472466;0.04307080805;15.19442368;37.61690624;-0.7692314982;0.07498364896;0.3297142684;11
37.61101478;-1.808973908;0.0143569354;15.11306763;37.61900801;-0.7472403646;0.09941824526;0.3419315517;11
37.61311655;-1.713261008;-0.03349951655;15.06042576;37.62110983;-0.7228057384;0.1238528341;0.3517054021;11
37.61521838;-1.655833244;-0.06699903309;15.00299835;37.62321166;-0.698371172;0.1397353113;0.3602575064;11
37.6173202;-1.593619823;-0.1100698411;14.98385525;37.62531343;-0.6751583219;0.154396072;0.3651444316;11
37.61942197;-1.531406522;-0.1531406492;14.96949863;37.62741525;-0.6495019794;0.1653916389;0.370031327;11
37.62152379;-1.488335729;-0.2105683982;14.95514107;37.62951702;-0.6250674129;0.1666133702;0.3724747896;11
37.62362561;-1.40697968;-0.2679961324;14.94078445;37.63161884;-0.6018545032;0.1629481763;0.3724747896;11
37.62572739;-1.339980721;-0.2919243574;14.92642784;37.63372067;-0.5823068619;0.1531743407;0.3675878942;11
37.62782921;-1.258624673;-0.3637090325;14.93121338;37.63582244;-0.5603157282;0.1397353113;0.3602575064;11
37.62993098;-1.16769743;-0.3924229145;14.89771366;37.63792426;-0.5407680273;0.1214093715;0.3504836559;11
37.6320328;-1.067198873;-0.4450650215;14.83071518;37.64002608;-0.5224421024;0.1018617004;0.3382663727;11
37.63413462;-0.9571290612;-0.4642075896;14.79242992;37.64212791;-0.5077813268;0.07742711157;0.3223838806;11
37.6362364;-0.8757730722;-0.4737788737;14.71107388;37.64422968;-0.4918988645;0.05054906011;0.3040579557;11
37.63833822;-0.7800601721;-0.4881358147;14.65364552;37.64633145;-0.4821250141;0.02122755162;0.2869537175;11
37.64044004;-0.708275497;-0.5168496966;14.54357624;37.64843327;-0.4735729098;-0.01053741761;0.2674060464;11
37.64254186;-0.6604190469;-0.5168496966;14.4191494;37.65053509;-0.4662425518;-0.04596757516;0.2503018379;11
37.64464364;-0.6364908218;-0.5216353536;14.31386471;37.65263686;-0.4637990892;-0.08384118974;0.2331976295;11
37.64674541;-0.6460621357;-0.5216353536;14.20858097;37.65473869;-0.462577343;-0.1229365394;0.2148716897;11
37.64884723;-0.6460621357;-0.5072783828;14.06979752;37.65684051;-0.462577343;-0.1608101577;0.1989891976;11
37.65094905;-0.6604190469;-0.4929214716;13.94058514;37.65894228;-0.462577343;-0.1999054998;0.1843284518;11
37.65305082;-0.6699903607;-0.4929214716;13.83051491;37.6610441;-0.4650208056;-0.2341139317;0.1721111536;11
37.65515265;-0.6891329288;-0.4785645306;13.7108736;37.66314588;-0.4686860144;-0.2671006322;0.1586721241;11
37.65725447;-0.6939185858;-0.4642075896;13.63430309;37.6652477;-0.4723511934;-0.3000873327;0.1476765573;11
37.65935624;-0.7178468108;-0.4354937077;13.56251907;37.66734947;-0.4735729098;-0.3245218992;0.1366809905;11
37.66145806;-0.70348984;-0.4498506486;13.46201992;37.66945129;-0.4735729098;-0.3416261375;0.1256854236;11
37.66355983;-0.6604190469;-0.4450650215;13.4285202;37.67155311;-0.4686860144;-0.355065167;0.1146898642;11
37.66566166;-0.6173482537;-0.4785645306;13.42373466;37.67365494;-0.4674642682;-0.3599520624;0.1061377525;11
37.66776343;-0.5982056856;-0.4833501875;13.38544941;37.67575671;-0.4601338804;-0.3575085998;0.09514218569;11
37.66986525;-0.6221339107;-0.4833501875;13.35195065;37.67785853;-0.4528035223;-0.3513999581;0.08903354406;11
37.67196707;-0.6412764788;-0.4642075896;13.33759308;37.6799603;-0.4356993139;-0.3428478539;0.08170316368;11
37.6740689;-0.6556333899;-0.4642075896;13.35673618;37.68206212;-0.4185950756;-0.3269653618;0.07559451461;11
37.67617067;-0.650847733;-0.4881358147;13.41416359;37.68416395;-0.3978256881;-0.3061959743;0.07070759684;11
37.67827249;-0.6699903607;-0.5312066078;13.45244884;37.68626572;-0.3733910918;-0.2756527364;0.06459894776;11
37.68037426;-0.6652047038;-0.5455635786;13.50509071;37.68836754;-0.3440696001;-0.2451094985;0.05971203372;11
37.68247608;-0.679561615;-0.5886343718;13.52901936;37.69046936;-0.3147480786;-0.2084576041;0.05482511222;11
37.68457791;-0.679561615;-0.6364908218;13.56251907;37.69257114;-0.2805396616;-0.1730274558;0.04993819445;11
37.68667968;-0.70348984;-0.6604190469;13.56251907;37.69467296;-0.2451094985;-0.1327103674;0.04749473557;11
37.6887815;-0.7369893789;-0.7274180651;13.55294704;37.69677473;-0.2096793354;-0.08750637621;0.0438295491;11
37.69088332;-0.7465606928;-0.7704889178;13.54337597;37.69887655;-0.1754709035;-0.04352411628;0.0426078178;11
37.69298509;-0.7752745152;-0.8087740541;13.54337597;37.70097832;-0.1412624866;0.0016798781;0.03894263133;11
37.69508692;-0.8183453679;-0.8279166222;13.50509071;37.70308015;-0.1070540547;0.05054906011;0.03772090003;11
37.69718869;-0.8614161611;-0.8422735929;13.44766331;37.70518197;-0.07040216774;0.09697478265;0.03772090003;11
37.69929051;-0.8997012973;-0.837487936;13.35195065;37.70728374;-0.04108065739;0.1458439678;0.03649916872;11
37.70139228;-0.9619147182;-0.8279166222;13.23230934;37.70938556;-0.009315688163;0.1861610413;0.03772090003;11
37.7034941;-1.028913736;-0.8279166222;13.10309696;37.71148733;0.01878409274;0.2313650399;0.03894263133;11
37.70559593;-1.091127157;-0.8327022791;12.95474148;37.71358916;0.03955349326;0.274125576;0.04138609022;11
37.7076977;-1.153340459;-0.8231309652;12.81117249;37.71569093;0.06154462695;0.3144426346;0.04505127668;11
37.70979952;-1.258624673;-0.8327022791;12.61496067;37.71779275;0.07864884287;0.3510945439;0.04871646687;11
37.71190129;-1.325623751;-0.8279166222;12.39482117;37.71989457;0.09208786488;0.3804160357;0.05360338464;11
37.71400311;-1.416550994;-0.813559711;12.18903828;37.72199634;0.09941824526;0.408515811;0.05849030241;11
37.71610488;-1.478764415;-0.813559711;11.9593277;37.72409817;0.1055268943;0.4305069447;0.06459894776;11
37.71820671;-1.569691658;-0.7944171429;11.72961617;37.72619994;0.1079703495;0.4512763619;0.07070759684;11
37.72030853;-1.622333765;-0.784845829;11.49512005;37.72830176;0.1079703495;0.4622719288;0.08170316368;11
37.7224103;-1.708475351;-0.756131947;11.21755219;37.73040358;0.1018617004;0.4683805704;0.09025526792;11
37.72451213;-1.780260086;-0.70348984;11.02612686;37.73250541;0.09575305134;0.4683805704;0.1024725661;11
37.7266139;-1.856830359;-0.679561615;10.84905815;37.73460718;0.08842267841;0.4647153914;0.1134681329;11
37.72871572;-1.93340075;-0.650847733;10.68634605;37.736709;0.07620538026;0.4561632872;0.1244636998;11
37.73081754;-2.038684845;-0.6317051649;10.5475626;37.73881077;0.06398808211;0.4415025115;0.1379027218;11
37.73291936;-2.124826431;-0.6173482537;10.4279213;37.74091259;0.04932733253;0.4182896614;0.146454826;11
37.73502114;-2.196611166;-0.5934200287;10.31785107;37.74301436;0.03222311661;0.3914116025;0.1574503928;11
37.73712296;-2.249253273;-0.5694918036;10.21735287;37.74511619;0.01511890348;0.3645335436;0.1660024971;11
37.73922473;-2.297109842;-0.5551348329;10.15035343;37.74721801;-0.004428769462;0.3291034102;0.1733328849;11
37.74132655;-2.335394859;-0.5503492355;10.07856941;37.74931978;-0.02397644334;0.2912297845;0.1806632578;11
37.74342832;-2.354537487;-0.5647061467;10.01635551;37.7514216;-0.04352411628;0.2496909797;0.1867718995;11
37.74553015;-2.364108801;-0.5742774606;9.978070259;37.75352338;-0.06673697382;0.2069304436;0.1916588247;11
37.74763197;-2.383251429;-0.6077769399;9.944570541;37.7556252;-0.08506292105;0.1605047137;0.1953240186;11
37.74973374;-2.383251429;-0.650847733;9.925428391;37.75772702;-0.1058323234;0.1165224537;0.2002109289;11
37.75183556;-2.39760828;-0.6891329288;9.915857315;37.75982879;-0.1266017258;0.07009673119;0.2002109289;11
37.75393733;-2.383251429;-0.7226324677;9.891928673;37.76193061;-0.1437059343;0.02367101051;0.2038761228;11
37.75603916;-2.378465652;-0.7513462901;9.915857315;37.76403244;-0.1608101577;-0.02275471389;0.2075413018;11
37.75814098;-2.364108801;-0.756131947;9.968499184;37.76613421;-0.1766926348;-0.06673697382;0.2112064958;11
37.76024275;-2.368894339;-0.7944171429;10.03549862;37.76823603;-0.1913533956;-0.1070540547;0.216093421;11
37.76234457;-2.364108801;-0.8327022791;10.1024971;37.7703378;-0.2011272311;-0.1461493969;0.2197586;11
37.7644464;-2.359323025;-0.8757730722;10.21735287;37.77243963;-0.2072358727;-0.1864664704;0.2234237939;11
37.76654817;-2.359323025;-0.9188438654;10.36092186;37.77454145;-0.2145662606;-0.2218966335;0.2258672565;11
37.76864999;-2.325823545;-0.9619147182;10.52363396;37.77664322;-0.215787977;-0.2561050653;0.2270889878;11
37.77075176;-2.292324066;-1.004985452;10.71984577;37.77874504;-0.2109010667;-0.2854265571;0.2270889878;11
37.77285358;-2.263610125;-1.067198873;10.91605663;37.78084686;-0.2072358727;-0.315969795;0.2270889878;11
37.77495541;-2.225325108;-1.095912814;11.14098263;37.78294864;-0.2011272311;-0.3379609287;0.2270889878;11
37.77705718;-2.220539331;-1.13419795;11.2941227;37.78505046;-0.1864664704;-0.3611738086;0.2246455252;11
37.779159;-2.201396942;-1.16769743;11.49033451;37.78715223;-0.1730274558;-0.3758345544;0.2234237939;11
37.78126082;-2.167897224;-1.21555388;11.66740322;37.78925405;-0.158366695;-0.3917170465;0.2209803313;11
37.78336259;-2.124826431;-1.244267821;11.82532978;37.79135582;-0.1400407553;-0.4014908671;0.2173151523;11
37.78546442;-2.081755638;-1.287338614;11.98325539;37.79345765;-0.1204930767;-0.4063777924;0.2136499584;11
37.78756619;-2.019542217;-1.301695466;12.09332561;37.79555947;-0.09972367436;-0.408821255;0.2087630332;11
37.78966801;-1.938186288;-1.330409408;12.16989613;37.79766129;-0.07773254067;-0.4100429714;0.2075413018;11
37.79176978;-1.861616015;-1.325623751;12.24646664;37.79976306;-0.05818486959;-0.4112647176;0.2063195854;11
37.7938716;-1.789831281;-1.306481123;12.33260822;37.80186488;-0.04352411628;-0.405156076;0.2075413018;11
37.79597343;-1.703689694;-1.282552958;12.36132145;37.80396666;-0.02519817278;-0.4014908671;0.2112064958;11
37.79807525;-1.627119422;-1.229910851;12.39003563;37.80606848;-0.01298087649;-0.3880518377;0.2136499584;11
37.80017702;-1.560120344;-1.172483087;12.37089348;37.80817025;-0.0007635809598;-0.3721693754;0.2173151523;11
37.80227884;-1.488335729;-1.095912814;12.37567902;37.81027207;0.009010255337;-0.3513999581;0.2222020626;11
37.80438061;-1.426122308;-1.03848505;12.38525009;37.8123739;0.02000582218;-0.3257436454;0.2283107042;11
37.80648244;-1.392622828;-0.9667003751;12.37567902;37.81447567;0.02611446939;-0.3013090491;0.2331976295;11
37.80858421;-1.344766378;-0.8757730722;12.41396427;37.81657749;0.03466657549;-0.2732092738;0.2368628234;11
37.81068603;-1.292124271;-0.813559711;12.4618206;37.81867931;0.03955349326;-0.2426660359;0.2405280024;11
37.81278785;-1.244267821;-0.7417750359;12.51924801;37.82078108;0.04688387364;-0.2133445293;0.242971465;11
37.81488962;-1.177268744;-0.6987041831;12.6053896;37.82288291;0.05054906011;-0.1864664704;0.2454149276;11
37.81699145;-1.115055323;-0.6125625968;12.69631672;37.82498468;0.0542142503;-0.1608101577;0.2441931963;11
37.81909327;-1.048056364;-0.5503492355;12.76331615;37.8270865;0.05543597788;-0.138819024;0.2454149276;11
37.82119504;-1.019342422;-0.4785645306;12.85902882;37.82918832;0.0542142503;-0.121714808;0.2441931963;11
37.82329686;-0.9906286001;-0.4163511395;12.92602825;37.83129009;0.05299251899;-0.1094975099;0.2454149276;11
37.82539864;-0.9619147182;-0.3397808075;13.02174091;37.83339192;0.04810560122;-0.1009454057;0.2441931963;11
37.82750046;-0.9714859724;-0.2967100143;13.09831142;37.83549369;0.04321868345;-0.0972802192;0.242971465;11
37.82960228;-0.9714859724;-0.2440679073;13.17009544;37.83759551;0.0358883068;-0.09972367436;0.2441931963;11
37.83170405;-1.000199914;-0.2105683982;13.29452229;37.83969733;0.02733619884;-0.102167137;0.2454149276;11
37.83380588;-1.052842021;-0.1483550072;13.47637749;37.8417991;0.02122755162;-0.1070540547;0.2441931963;11
37.83590765;-1.143769264;-0.08614161611;13.70130253;37.84390093;0.01389717404;-0.1180496216;0.2454149276;11
37.83800947;-1.186840057;-0.03349951655;13.93579865;37.8460027;0.007788525894;-0.1302669197;0.242971465;11
37.84011129;-1.229910851;0.009571290575;14.14636707;37.84810452;0.004123337101;-0.1449276656;0.2368628234;11
37.84221306;-1.234696507;0.06221338734;14.40479279;37.85020634;-0.0007635809598;-0.162031889;0.2295324355;11
37.84431488;-1.21555388;0.08135596663;14.66321754;37.85230811;-0.003207040019;-0.1864664704;0.2234237939;11
37.84641666;-1.220339537;0.0765703246;14.93599892;37.85440994;-0.003207040019;-0.2096793354;0.2148716897;11
37.84851848;-1.21555388;0.08135596663;15.19920921;37.85651171;0.002901607659;-0.2402225733;0.2112064958;11
37.8506203;-1.244267821;0.07178468257;15.53899002;37.85861353;0.01023198478;-0.2683223486;0.2075413018;11
37.85272207;-1.306481123;0.04785645381;15.91227055;37.86071535;0.01878409274;-0.3000873327;0.2075413018;11
37.8548239;-1.411765337;0.0143569354;16.30469322;37.86281712;0.03466657549;-0.3342957497;0.2087630332;11
37.85692567;-1.555334687;-0.0239282269;16.69233131;37.86491895;0.05299251899;-0.3672824502;0.2099847645;11
37.85902749;-1.660618901;-0.06699903309;17.06082535;37.86702072;0.0737619251;-0.4002691507;0.2124282271;11
37.86112931;-1.741974831;-0.1292124242;17.41974831;37.86912254;0.1018617004;-0.4320341051;0.216093421;11
37.86323108;-1.794616938;-0.1722832322;17.79302979;37.87122436;0.134848401;-0.458912164;0.2173151523;11
37.86533291;-1.856830359;-0.2392822653;18.19980812;37.87332614;0.1727220118;-0.4821250141;0.2185368687;11
37.86743468;-1.890329838;-0.3254238665;18.62094498;37.87542796;0.2167042792;-0.5016726851;0.2173151523;11
37.8695365;-1.919043779;-0.4019941986;19.04208183;37.87752978;0.2667951882;-0.512668252;0.2173151523;11
37.87163832;-1.909472466;-0.4785645306;19.439291;37.87963155;0.3193295598;-0.5248855352;0.2148716897;11
37.87374009;-1.895115495;-0.5503492355;19.78864288;37.88173338;0.3767508566;-0.5285507441;0.2148716897;11
37.87584192;-1.875972986;-0.6364908218;20.12842369;37.88383515;0.4378373325;-0.5309942365;0.2112064958;11
37.87794374;-1.837687731;-0.708275497;20.44906235;37.88593697;0.5050324798;-0.5273290277;0.2087630332;11
37.88004551;-1.818545222;-0.784845829;20.69791603;37.88803874;0.5758927464;-0.5224421024;0.2050978541;11
37.88214733;-1.761117458;-0.8614161611;20.98026848;37.89014056;0.6479747891;-0.5114465356;0.2038761228;11
37.8842491;-1.703689694;-0.9332008362;21.26740837;37.89224238;0.7225003242;-0.4980075061;0.2038761228;11
37.88635093;-1.660618901;-1.014556766;21.46361923;37.89434416;0.7970257998;-0.4845684767;0.2050978541;11
37.8884527;-1.622333765;-1.105484009;21.59283066;37.89644598;0.8703296185;-0.4662425518;0.2063195854;11
37.89055452;-1.593619823;-1.186840057;21.67418671;37.8985478;0.9424116611;-0.4466948807;0.2063195854;11
37.89265634;-1.579262972;-1.282552958;21.69333076;37.90064957;1.014493704;-0.4259254634;0.2063195854;11
37.89475811;-1.545763373;-1.35912323;21.71725845;37.9027514;1.086575747;-0.4039343297;0.2063195854;11
37.89685994;-1.478764415;-1.445264935;21.65983009;37.90485322;1.158657789;-0.3807214797;0.2050978541;11
37.89896176;-1.387837172;-1.50269258;21.58804512;37.90695499;1.220965981;-0.3599520624;0.2002109289;11
37.90106353;-1.258624673;-1.55054903;21.49233246;37.90905681;1.282052398;-0.3367392123;0.1977674663;11
37.90316535;-1.115055323;-1.564906001;21.35354996;37.91115858;1.339473724;-0.3171915412;0.1916588247;11
37.90526718;-0.9810572863;-1.579262972;21.17648125;37.91326041;1.392008066;-0.2952004075;0.1831067204;11
37.90736895;-0.837487936;-1.603191137;20.9324131;37.91536218;1.438433886;-0.2744309902;0.1708894223;11
37.90947077;-0.6891329288;-1.636690736;20.66441727;37.917464;1.479972601;-0.2548833191;0.1586721241;11
37.91157254;-0.5599204898;-1.670190215;20.35813522;37.91956577;1.509294152;-0.2341139317;0.1452330947;11
37.91367436;-0.4402793646;-1.698904037;19.97528267;37.92166759;1.537393928;-0.2170097083;0.1317940801;11
37.91577614;-0.3493520916;-1.713261008;19.61157417;37.92376942;1.56305027;-0.1999054998;0.1183550507;11
37.91787796;-0.3062812984;-1.722832322;19.27179337;37.92587124;1.581376195;-0.1852447391;0.1073594838;11
37.91997973;-0.3062812984;-1.746760488;19.01815414;37.92797301;1.596036911;-0.1803578287;0.0988073796;11
37.92208155;-0.3541377485;-1.785045743;18.81715775;37.93007483;1.60947597;-0.18157956;0.08903354406;11
37.92418338;-0.4498506486;-1.828116536;18.64966011;37.9321766;1.62291503;-0.1876882017;0.08170316368;11
37.9262852;-0.5742774606;-1.8855443;18.5108757;37.93427843;1.63635397;-0.2047924101;0.07559451461;11
37.92838697;-0.732203722;-1.938186288;18.38166428;37.93638025;1.648571372;-0.231670469;0.06826414168;11
37.93048879;-0.8518448472;-1.9812572;18.35294914;37.93848202;1.666897297;-0.2634354234;0.05971203372;11
37.93259056;-0.94277215;-2.038684845;18.31945038;37.94058384;1.681558013;-0.3013090491;0.05115992576;11
37.93469239;-0.9858429432;-2.081755638;18.26202202;37.94268561;1.701105714;-0.3452913165;0.04016435891;11
37.93679421;-1.019342422;-2.115255117;18.23330879;37.94478744;1.718209863;-0.3917170465;0.02916879393;11
37.93889598;-1.03848505;-2.139183521;18.16630936;37.94688921;1.735314131;-0.4356993139;0.01817322709;11
37.9409978;-1.052842021;-2.124826431;18.07538223;37.94899103;1.753640056;-0.4784598351;0.004734201822;11
37.94309957;-1.076770186;-2.086541414;17.93659782;37.95109285;1.768300772;-0.5163334608;-0.006261364091;11
37.9452014;-1.091127157;-2.043470621;17.74995804;37.95319462;1.778074622;-0.5517635942;-0.01603520103;11
37.94730317;-1.105484009;-1.9812572;17.5441761;37.95529645;1.786626816;-0.5786416531;-0.02580903657;11
37.94940499;-1.124626637;-1.928615093;17.30489349;37.95739827;1.791513681;-0.6018545032;-0.03313941509;11
37.95150681;-1.172483087;-1.890329838;17.01296806;37.95950004;1.789070249;-0.6201804876;-0.03558287397;11
37.95360858;-1.244267821;-1.842473388;16.72583008;37.96160186;1.784183264;-0.6336194873;-0.03558287397;11
37.95571041;-1.368694544;-1.823330879;16.45783424;37.96370369;1.779296398;-0.6458367705;-0.03191768378;11
37.95781223;-1.45483613;-1.818545222;16.18505287;37.96580546;1.769522548;-0.6543889046;-0.02703076601;11
37.959914;-1.564906001;-1.808973908;15.91227055;37.96790728;1.759748697;-0.6617192626;-0.01847865991;11
37.96201582;-1.64626193;-1.770688772;15.6873455;37.9700091;1.751196623;-0.6678279042;-0.009926552884;11
37.96411765;-1.694118381;-1.761117458;15.47677708;37.97211088;1.742644548;-0.6727148294;-0.0001527161949;11
37.96621942;-1.741974831;-1.770688772;15.32363605;37.9742127;1.737757564;-0.6788234711;0.007177661173;11
37.96832124;-1.785045743;-1.737189293;15.21835232;37.97631447;1.732870698;-0.6849321127;0.0157297682;11
37.97042306;-1.808973908;-1.727617979;15.11785316;37.97841624;1.731648922;-0.6885973215;0.0242818743;11
37.97252483;-1.818545222;-1.708475351;15.05564022;37.98051806;1.731648922;-0.6947059631;0.03161225095;11
37.97462666;-1.861616015;-1.694118381;14.98385525;37.98261989;1.731648922;-0.7008146048;0.03649916872;11
37.97672843;-1.8855443;-1.684547186;14.94556999;37.98472166;1.736535907;-0.7081450224;0.04138609022;11
37.9788302;-1.904686809;-1.689332843;14.90728474;37.98682348;1.742644548;-0.7179188132;0.04749473557;11
37.98093202;-1.928615093;-1.694118381;14.87378597;37.9889253;1.74875319;-0.7350230217;0.05115992576;11
37.98303384;-1.942971945;-1.689332843;14.83550072;37.99102707;1.751196623;-0.7509055138;0.05604684353;11
37.98513561;-1.942971945;-1.713261008;14.76850128;37.9931289;1.756083488;-0.7655662894;0.0621554926;11
37.98723744;-1.957328916;-1.708475351;14.70628834;37.99523072;1.75852704;-0.7826704979;0.06582067907;11
37.98933926;-1.962114573;-1.756331801;14.61057472;37.99733249;1.76219213;-0.8009964228;0.07192932814;11
37.99144103;-1.986042738;-1.808973908;14.47657681;37.99943431;1.763413906;-0.8205441236;0.07925970852;11
37.99354285;-2.000399828;-1.852044702;14.33300781;38.00153614;1.764635682;-0.8352048993;0.08536835015;11
37.99564468;-2.009970903;-1.904686809;14.16072464;38.00363791;1.763413906;-0.8498656154;0.09269873053;11
37.99774645;-1.995614052;-1.9812572;13.98844147;38.00573968;1.764635682;-0.8608611822;0.1012508348;11
37.99984827;-2.005185366;-2.024327993;13.83530045;38.0078415;1.765857339;-0.8706350327;0.1098029464;11
38.00195009;-1.990828395;-2.057827473;13.6534462;38.00994332;1.764635682;-0.8755219579;0.1159115955;11
38.00405186;-1.938186288;-2.115255117;13.44766331;38.01204509;1.764635682;-0.8804088831;0.119576782;11
38.00615364;-1.890329838;-2.172683001;13.24666595;38.01414692;1.767079115;-0.8840740323;0.1244636998;11
38.00825546;-1.789831281;-2.201396942;13.08395386;38.01624874;1.765857339;-0.8901826739;0.1269071549;11
38.01035728;-1.718046665;-2.258824587;12.90209961;38.01835056;1.764635682;-0.8950695992;0.1281288862;11
38.01245905;-1.636690736;-2.30189538;12.73938751;38.02045233;1.76219213;-0.898734808;0.1293506175;11
38.01456088;-1.560120344;-2.373680115;12.56710434;38.02255416;1.760970473;-0.9024000168;0.1305723488;11
38.0166627;-1.50269258;-2.431107759;12.39003563;38.02465593;1.754861832;-0.898734808;0.1281288862;11
38.01876452;-1.435693622;-2.512463808;12.22732353;38.02675775;1.75241828;-0.9011782408;0.1244636998;11
38.02086629;-1.363908887;-2.565105915;12.03111267;38.02885952;1.74875319;-0.9011782408;0.1171333194;11
38.02296811;-1.253839016;-2.608176708;11.83968639;38.03096134;1.746309638;-0.9011782408;0.1061377525;11
38.02506988;-1.095912814;-2.62253356;11.65304661;38.03306317;1.743866205;-0.8938478827;0.09514218569;11
38.02717171;-0.8853443861;-2.632104874;11.48076344;38.03516494;1.742644548;-0.8840740323;0.07925970852;11
38.02927348;-0.6891329288;-2.675175667;11.32283688;38.03726676;1.73897934;-0.8706350327;0.0609337613;11
38.0313753;-0.4881358147;-2.723032236;11.16012478;38.03936853;1.742644548;-0.8535308242;0.04138609022;11
38.03347713;-0.3062812984;-2.737389088;11.02134132;38.04147035;1.741422772;-0.8315396905;0.01817322709;11
38.0355789;-0.1435693651;-2.756531715;10.88734341;38.04357218;1.745087981;-0.8034399152;-0.005039634649;11
38.03768072;-0.009571290575;-2.794816732;10.7677021;38.04567395;1.747531414;-0.7704532146;-0.02703076601;11
38.03978249;0.1052841991;-2.809173822;10.6480608;38.04777577;1.749974847;-0.7350230217;-0.05146535859;11
38.04188431;0.1722832322;-2.842673302;10.53799057;38.04987759;1.756083488;-0.6947059631;-0.07589995116;11
38.04398614;0.1962114573;-2.842673302;10.42313576;38.05197936;1.76219213;-0.6592758298;-0.0991128087;11
38.04608791;0.1818545163;-2.871387243;10.32742214;38.05408114;1.769522548;-0.6226239204;-0.1186604798;11
38.04818973;0.1435693651;-2.890529871;10.25563812;38.05618296;1.776852965;-0.5908589363;-0.1369864196;11
38.05029155;0.08614161611;-2.900100946;10.21735287;38.05828478;1.787848473;-0.562759161;-0.1528689116;11
38.05239332;0.0143569354;-2.914458036;10.17906761;38.0603866;1.801287532;-0.5346593857;-0.1650862098;11
38.05449509;-0.06221338734;-2.914458036;10.15513897;38.06248838;1.814726591;-0.5102248192;-0.1760817766;11
38.05659692;-0.1435693651;-2.900100946;10.15513897;38.0645902;1.830609083;-0.4845684767;-0.1809686869;11
38.05869874;-0.2153540403;-2.876172781;10.15035343;38.06669197;1.851378441;-0.4540252388;-0.1821904182;11
38.06080056;-0.3158525825;-2.852244616;10.19342422;38.06879379;1.875813007;-0.4259254634;-0.1809686869;11
38.06290233;-0.4354937077;-2.833101988;10.28435135;38.07089561;1.902691126;-0.3990474045;-0.1773035079;11
38.06500416;-0.5551348329;-2.785245657;10.37049294;38.07299738;1.934455991;-0.3721693754;-0.1748600453;11
38.06710593;-0.6747759581;-2.751745939;10.45184898;38.07509921;1.973551393;-0.3440696001;-0.1687513888;11
38.06920775;-0.7704889178;-2.723032236;10.49491978;38.07720098;2.017533541;-0.3233001828;-0.1626427472;11
38.07130957;-0.866201818;-2.694318295;10.53799057;38.0793028;2.060294151;-0.3013090491;-0.1565341055;11
38.07341134;-0.9475577474;-2.679961443;10.57149029;38.08140457;2.109163284;-0.2866483033;-0.1516471803;11
38.07551317;-0.9954141974;-2.660818815;10.62891865;38.0835064;2.160475969;-0.2732092738;-0.1479819864;11
38.07761494;-1.03848505;-2.660818815;10.66720295;38.08560822;2.214232206;-0.2597702444;-0.1418733448;11
38.07971676;-1.081555843;-2.63689065;10.66241741;38.08770999;2.265544653;-0.2475529462;-0.1345429718;11
38.08181853;-1.143769264;-2.62253356;10.64327526;38.08981181;2.318079233;-0.2304487377;-0.1259908676;11
38.08392035;-1.191625714;-2.598605394;10.59541893;38.09191364;2.36939168;-0.2145662606;-0.1162170246;11
38.08602218;-1.26341033;-2.589034081;10.47099209;38.09401541;2.418261051;-0.2023489624;-0.1015562713;11
38.08812395;-1.35912323;-2.560320139;10.32742214;38.09611723;2.463464975;-0.1901316643;-0.0856737867;11
38.09022577;-1.45483613;-2.52682066;10.1024971;38.09821905;2.507447243;-0.1803578287;-0.06856957078;11
38.09232759;-1.569691658;-2.483749866;9.911071777;38.10032082;2.547764301;-0.1669187993;-0.05146535859;11
38.09442936;-1.641476393;-2.469393015;9.643074989;38.10242265;2.583194494;-0.1510363221;-0.03558287397;11
38.09653119;-1.689332843;-2.445464849;9.370293617;38.10452442;2.614959478;-0.1327103674;-0.01725693047;11
38.09863301;-1.713261008;-2.445464849;9.064012527;38.10662624;2.64428091;-0.1131627038;-0.002596175298;11
38.10073478;-1.741974831;-2.416750908;8.738588333;38.10872801;2.671159029;-0.09239330143;0.0108428495;11
38.1028366;-1.684547186;-2.373680115;8.417949677;38.11082983;2.693150043;-0.0728456229;0.0242818743;11
38.10493838;-1.627119422;-2.316252232;8.111668587;38.11293166;2.710254192;-0.05451968312;0.03405570984;11
38.1070402;-1.540977836;-2.244467735;7.805387497;38.11503343;2.724915028;-0.03375028074;0.0438295491;11
38.10914197;-1.464407444;-2.158325911;7.451249599;38.11713525;2.733467102;-0.01175914705;0.05360338464;11
38.11124379;-1.368694544;-2.081755638;7.135396957;38.11923707;2.74079752;0.01023198478;0.0621554926;11
38.11334561;-1.325623751;-1.971685886;6.82433033;38.12133884;2.743241072;0.03344484791;0.07070759684;11
38.11544738;-1.258624673;-1.871187329;6.50369215;38.12344067;2.743241072;0.04932733253;0.07925970852;11
38.11754921;-1.220339537;-1.751546144;6.163911343;38.12554244;2.738354206;0.06398808211;0.08659008145;11
38.11965103;-1.186840057;-1.617548108;5.867201328;38.12764426;2.731023788;0.07742711157;0.09147699922;11
38.1217528;-1.11984098;-1.507478237;5.570491314;38.12974608;2.721249819;0.09086613357;0.09636391699;11
38.12385462;-1.100698471;-1.40697968;5.302495003;38.13184785;2.705367327;0.1018617004;0.1012508348;11
38.1259564;-1.062413216;-1.325623751;5.024927616;38.13394968;2.687041521;0.1140789986;0.1024725661;11
38.12805822;-1.03848505;-1.225125194;4.713860512;38.13605145;2.665050268;0.1201876476;0.1073594838;11
38.13016004;-1.004985452;-1.158126116;4.436293125;38.13815327;2.639394045;0.1214093715;0.1110246703;11
38.13226181;-0.9810572863;-1.062413216;4.120440483;38.14025504;2.608850718;0.1153007299;0.1134681329;11
38.13436364;-0.9714859724;-0.9619147182;3.838087559;38.14235686;2.575864077;0.104305163;0.1207985133;11
38.13646541;-0.9667003751;-0.8231309652;3.579662561;38.14445869;2.544099092;0.09330959618;0.1232419685;11
38.13856723;-0.9619147182;-0.708275497;3.37387991;38.14656051;2.505003691;0.07987056673;0.1269071549;11
38.140669;-0.9762716293;-0.6077769399;3.115455151;38.14866228;2.464686632;0.07009673119;0.1305723488;11
38.14277082;-0.9619147182;-0.4785645306;2.861815929;38.1507641;2.418261051;0.05177079141;0.1342375278;11
38.14487265;-0.9475577474;-0.3924229145;2.651247501;38.15286588;2.370613575;0.03711003438;0.1379027218;11
38.14697447;-0.9236295223;-0.2967100143;2.426322222;38.1549677;2.320522547;0.01634063199;0.142789647;11
38.14907624;-0.9188438654;-0.1818545163;2.187039852;38.15706952;2.267988205;-0.004428769462;0.146454826;11
38.15117806;-0.9044869542;-0.0765703246;1.986042738;38.15917129;2.21667552;-0.02397644334;0.1501200199;11
38.15327983;-0.8566305041;0.04785645381;1.804188251;38.16127306;2.162919521;-0.04596757516;0.1525634825;11
38.15538166;-0.7704889178;0.1244267747;1.631905079;38.16337488;2.109163284;-0.06795870513;0.1525634825;11
38.15748348;-0.7274180651;0.1962114573;1.483550072;38.16547671;2.055407286;-0.09483675659;0.1501200199;11
38.15958525;-0.6699903607;0.2536391914;1.397408366;38.16757853;2.001651049;-0.1229365394;0.1476765573;11
38.16168702;-0.5982056856;0.2919243574;1.296909928;38.1696803;1.94789505;-0.1485928595;0.142789647;11
38.16378884;-0.5264210105;0.3349951804;1.21555388;38.17178207;1.895360708;-0.1742491722;0.1342375278;11
38.16589067;-0.4259224236;0.3828516304;1.158126116;38.17388395;1.844048023;-0.2011272311;0.1269071549;11
38.16799249;-0.3302095234;0.4019941986;1.091127157;38.17598567;1.791513681;-0.2328922004;0.1171333194;11
38.17009426;-0.2488535494;0.4546363056;1.043270707;38.17808749;1.736535907;-0.2683223486;0.1061377525;11
38.17219603;-0.1531406492;0.4977070987;1.019342422;38.18018931;1.684001446;-0.3013090491;0.09392046183;11
38.17429791;-0.07178468257;0.5455635786;0.9858429432;38.18229114;1.631467104;-0.328187108;0.07803797722;11
38.17639962;0.009571290575;0.5838487148;0.9140582681;38.18439291;1.580154419;-0.355065167;0.0609337613;11
38.17850145;0.08135596663;0.5742774606;0.8853443861;38.18649473;1.53006351;-0.3807214797;0.04016435891;11
38.18060327;0.1770688742;0.5694918036;0.866201818;38.1885965;1.481194377;-0.4063777924;0.01817322709;11
38.18270509;0.2727817893;0.5407779217;0.8997012973;38.19069832;1.434768677;-0.4320341051;-0.005039634649;11
38.18480686;0.3589234054;0.5407779217;0.9332008362;38.19280015;1.389564633;-0.4503600597;-0.0294742249;11
38.18690869;0.4689932466;0.4929214716;0.9619147182;38.19490192;1.346804142;-0.4699077308;-0.05513054505;11
38.18901046;0.5551348329;0.4881358147;1.033699393;38.19700374;1.306487083;-0.4833467603;-0.07956513762;11
38.19111228;0.626919508;0.4785645306;1.100698471;38.19910551;1.27105689;-0.4943423271;-0.1052214578;11
38.1932141;0.70348984;0.4689932466;1.153340459;38.20120733;1.235626698;-0.5004509687;-0.1308777779;11
38.19531588;0.7704889178;0.4594219327;1.196411371;38.20330916;1.201418281;-0.5041161776;-0.1528689116;11
38.1974177;0.8039883971;0.4833501875;1.225125194;38.20541093;1.170875072;-0.5041161776;-0.1773035079;11
38.19951947;0.837487936;0.5264210105;1.249053478;38.20751275;1.139110088;-0.4955640435;-0.1992946416;11
38.20162129;0.837487936;0.5503492355;1.244267821;38.20961457;1.111010313;-0.4857902229;-0.2212857604;11
38.20372311;0.8327022791;0.5790630579;1.249053478;38.21171634;1.082910538;-0.4686860144;-0.2420551628;11
38.20582489;0.8231309652;0.626919508;1.287338614;38.21381817;1.058475971;-0.4515817761;-0.2591593862;11
38.20792671;0.7992027402;0.6460621357;1.320838094;38.21591994;1.036484838;-0.4308123887;-0.2774853408;11
38.21002853;0.7704889178;0.6891329288;1.344766378;38.21802176;1.018158913;-0.408821255;-0.2909243405;11
38.2121303;0.7369893789;0.70348984;1.378265858;38.22012358;0.9973894954;-0.3831649423;-0.3055851161;11
38.21423212;0.679561615;0.756131947;1.426122308;38.22222535;0.9790635109;-0.3575085998;-0.3153589368;11
38.2163339;0.626919508;0.7657032609;1.450050473;38.22432718;0.9631810188;-0.3306305707;-0.3226893246;11
38.21843572;0.5647061467;0.7800601721;1.483550072;38.22642895;0.9485203028;-0.3049742281;-0.3300196826;11
38.22053754;0.4833501875;0.8039883971;1.55054903;38.22853077;0.9350812435;-0.2732092738;-0.3324631453;11
38.22263931;0.4019941986;0.837487936;1.579262972;38.23063259;0.9240856767;-0.2414443046;-0.3312414289;11
38.22474114;0.3062812984;0.8470591903;1.612762451;38.23273436;0.910646677;-0.2047924101;-0.3263545036;11
38.22684291;0.1914258152;0.8709874153;1.660618901;38.23483619;0.8996511102;-0.1681405306;-0.3190241456;11
38.22894473;0.08135596663;0.8997012973;1.727617979;38.23693796;0.894764185;-0.1229365394;-0.3092502952;11
38.23104655;-0.04307080805;0.9667003751;1.818545222;38.23903978;0.8910989761;-0.07895427197;-0.2970330119;11
38.23314832;-0.1866401732;1.033699393;1.942971945;38.2411416;0.8923207521;-0.03497200832;-0.2811505198;11
38.23525015;-0.3206382394;1.110269666;2.072184324;38.24324338;0.8935424685;0.006566796452;-0.2628245652;11
38.23735192;-0.4546363056;1.1820544;2.182254314;38.2453452;0.902094543;0.04688387364;-0.2457203567;11
38.23945374;-0.5599204898;1.253839016;2.292324066;38.24744702;0.9094249606;0.0859792158;-0.2273944169;11
38.24155556;-0.6604190469;1.339980721;2.392822742;38.24954879;0.9191987514;0.1201876476;-0.2115119249;11
38.24365733;-0.732203722;1.402194023;2.483749866;38.25165061;0.9314160943;0.1531743407;-0.1907425225;11
38.24575916;-0.8087740541;1.45483613;2.545963287;38.25375244;0.9436333776;0.18493931;-0.1724165827;11
38.24786098;-0.837487936;1.507478237;2.593819857;38.25585421;0.9558506608;0.2142608166;-0.1528689116;11
38.24996275;-0.8997012973;1.569691658;2.598605394;38.25795598;0.968067944;0.2435823381;-0.1308777779;11
38.25206457;-0.9379864931;1.655833244;2.651247501;38.2600578;0.9802852273;0.2704603672;-0.1101083755;11
38.2541664;-0.9523434043;1.713261008;2.665604353;38.26215962;0.9900590777;0.2985601723;-0.086895518;11
38.25626817;-1.019342422;1.756331801;2.63689065;38.2642614;0.9973894954;0.324216485;-0.06490438432;11
38.25836994;-1.076770186;1.775474429;2.584248543;38.26636322;1.004719853;0.3498727977;-0.04169152305;11
38.26047176;-1.129412293;1.785045743;2.517249346;38.26846499;1.007163286;0.374307394;-0.0209221188;11
38.26257358;-1.153340459;1.808973908;2.440679073;38.27056681;1.008385062;0.3926333487;-0.001374445739;11
38.26467535;-1.1820544;1.799402595;2.335394859;38.27266864;1.003498077;0.4072940946;0.01939495653;11
38.26677718;-1.16769743;1.813759565;2.20618248;38.27477041;0.9961677194;0.4182896614;0.03649916872;11
38.26887895;-1.13419795;1.842473388;2.0769701;38.27687223;0.9839504361;0.4219548404;0.05238165334;11
38.27098077;-1.081555843;1.871187329;1.928615093;38.27897405;0.9668462276;0.4231765866;0.06582067907;11
38.27308259;-0.9858429432;1.899901152;1.789831281;38.28107582;0.9436333776;0.4170679152;0.07803797722;11
38.27518436;-0.890130043;1.93340075;1.641476393;38.28317765;0.917977035;0.4121810198;0.08659008145;11
38.27728619;-0.756131947;1.966900229;1.493121386;38.28527942;0.8898772597;0.4036289155;0.09025526792;11
38.27938801;-0.6029912829;1.995614052;1.349551916;38.28738124;0.8581122756;0.3938550651;0.09269873053;11
38.28148978;-0.4594219327;2.048256159;1.186840057;38.28948306;0.8202387094;0.3828594983;0.09269873053;11
38.2835916;-0.3110669553;2.06261301;1.014556766;38.29158483;0.7786998749;0.3718639314;0.08903354406;11
38.28569338;-0.1483550072;2.086541414;0.8949156404;38.29368666;0.7359393239;0.358424902;0.08292489499;11
38.2877952;-0.0143569354;2.096112728;0.7657032609;38.29578843;0.6919570565;0.3474293351;0.07192932814;11
38.28989702;0.1292124242;2.091326952;0.626919508;38.29789025;0.6418661475;0.3376555145;0.0609337613;11
38.29199879;0.2584248483;2.096112728;0.5120640397;38.29999207;0.5942187309;0.3266599476;0.04627300799;11
38.29410061;0.3732803464;2.105684042;0.4354937077;38.30209384;0.5441278219;0.3144426346;0.02672533318;11
38.29620238;0.4977070987;2.100898266;0.3924229145;38.30419561;0.4915934205;0.3010036349;0.008399390616;11
38.29830421;0.6317051649;2.096112728;0.3445664644;38.30629744;0.4402807951;0.2838993967;-0.01237001177;11
38.30040603;0.7369893789;2.067398787;0.3062812984;38.30839926;0.3889681399;0.2692386508;-0.03558287397;11
38.3025078;0.837487936;2.072184324;0.3158525825;38.31050108;0.3364337683;0.2533561587;-0.05879573524;11
38.30460957;0.9188438654;2.096112728;0.3110669553;38.31260285;0.2863428593;0.2374736816;-0.08200860023;11
38.3067114;0.9858429432;2.086541414;0.3349951804;38.31470468;0.235030219;0.2252563834;-0.1039997265;11
38.30881322;1.014556766;2.096112728;0.3589234054;38.3168065;0.1861610413;0.2118173689;-0.1247691289;11
38.31091504;1.033699393;2.134397745;0.3924229145;38.31890827;0.134848401;0.1971566081;-0.1443168074;11
38.31301681;1.014556766;2.158325911;0.4546363056;38.32101009;0.08842267841;0.1886045039;-0.1601992846;11
38.31511864;0.9954141974;2.191825628;0.5168496966;38.32311186;0.04444041103;0.181274116;-0.173638314;11
38.31722046;0.9523434043;2.225325108;0.5982056856;38.32521369;0.0016798781;0.1800523996;-0.1846338809;11
38.31932223;0.9044869542;2.268395901;0.708275497;38.32731546;-0.03619373962;0.181274116;-0.1944077164;11
38.32142405;0.8470591903;2.30189538;0.8279166222;38.32941728;-0.07162389904;0.18493931;-0.200516358;11
38.32352582;0.7992027402;2.335394859;0.94277215;38.3315191;-0.1033888608;0.1934914142;-0.2066250145;11
38.32562765;0.732203722;2.373680115;1.091127157;38.33362088;-0.1327103674;0.204486981;-0.2078467458;11
38.32772942;0.6939185858;2.39760828;1.229910851;38.3357227;-0.158366695;0.2167042792;-0.2078467458;11
38.32983124;0.6604190469;2.440679073;1.397408366;38.33782447;-0.18157956;0.2301433086;-0.2078467458;11
38.33193306;0.6077769399;2.450250387;1.564906001;38.33992629;-0.2035706937;0.2472475171;-0.2078467458;11
38.33403483;0.5647061467;2.459821701;1.713261008;38.34202806;-0.2194531709;0.2680169344;-0.2078467458;11
38.33613666;0.5407779217;2.455035925;1.861616015;38.34412988;-0.2365573794;0.2838993967;-0.2090684772;11
38.33823843;0.5024927258;2.445464849;2.000399828;38.34623171;-0.2475529462;0.3010036349;-0.2090684772;11
38.34034025;0.4881358147;2.440679073;2.153540373;38.34833348;-0.2573267817;0.3168860972;-0.2115119249;11
38.34244202;0.4785645306;2.421536446;2.321038008;38.3504353;-0.2646571696;0.3327685893;-0.2139553875;11
38.34454384;0.4450650215;2.402393818;2.483749866;38.35253713;-0.2695440948;0.3486510813;-0.2151771188;11
38.34664567;0.4546363056;2.39760828;2.63689065;38.3546389;-0.2744309902;0.3620901108;-0.2163988501;11
38.34874744;0.3924229145;2.388036966;2.809173822;38.35674072;-0.2768744528;0.3694204688;-0.2188423127;11
38.35084926;0.3493520916;2.388036966;2.976671457;38.35884249;-0.2793179154;0.377972573;-0.2188423127;11
38.35295108;0.2919243574;2.378465652;3.187239647;38.36094431;-0.278096199;0.3816377819;-0.220064044;11
38.35505285;0.2009970993;2.388036966;3.369094372;38.36304614;-0.2744309902;0.3828594983;-0.2188423127;11
38.35715468;0.1100698411;2.368894339;3.550948858;38.36514791;-0.2744309902;0.3791943192;-0.2176205814;11
38.35925645;0.004785645287;2.359323025;3.747160196;38.36724973;-0.2744309902;0.370642215;-0.2139553875;11
38.36135827;-0.1196411327;2.364108801;3.924229145;38.36935155;-0.2719875574;0.3608683646;-0.2102901936;11
38.36346009;-0.2440679073;2.349751949;4.063013077;38.37145332;-0.2732092738;0.3486510813;-0.2066250145;11
38.36556186;-0.3541377485;2.349751949;4.220939159;38.37355515;-0.2719875574;0.3254382014;-0.2029598206;11
38.36766369;-0.4546363056;2.354537487;4.359723091;38.37565692;-0.2707658112;0.3046688139;-0.1992946416;11
38.36976551;-0.5024927258;2.354537487;4.465006828;38.37775874;-0.2707658112;0.277790755;-0.196851179;11
38.37186728;-0.5359922647;2.359323025;4.560719967;38.37986051;-0.2707658112;0.2448040545;-0.196851179;11
38.3739691;-0.5312066078;2.373680115;4.637290478;38.38196233;-0.2695440948;0.2105956376;-0.1980729103;11
38.37607088;-0.4881358147;2.368894339;4.713860512;38.38406416;-0.2695440948;0.177608937;-0.1992946416;11
38.3781727;-0.4307080805;2.383251429;4.78085947;38.38616593;-0.265878886;0.1434005052;-0.2029598206;11
38.38027447;-0.3589234054;2.402393818;4.823930264;38.38826775;-0.2671006322;0.1140789986;-0.2078467458;11
38.38237629;-0.2823530734;2.392822742;4.847858906;38.39036957;-0.2646571696;0.08842267841;-0.2151771188;11
38.38447811;-0.2057827413;2.402393818;4.843072891;38.39247134;-0.2683223486;0.06032289565;-0.223729223;11
38.38657988;-0.1435693651;2.392822742;4.804787636;38.39457317;-0.2707658112;0.04321868345;-0.2322813272;11
38.38868171;-0.08614161611;2.378465652;4.766502857;38.39667494;-0.2756527364;0.03100138716;-0.2408334464;11
38.39078353;-0.0143569354;2.373680115;4.689932346;38.39877676;-0.2793179154;0.01878409274;-0.2530507445;11
38.3928853;0.0382851623;2.383251429;4.642076015;38.40087853;-0.2854265571;0.01145371422;-0.2652680278;11
38.39498712;0.1052841991;2.392822742;4.551148891;38.40298035;-0.2939786613;0.007788525894;-0.2750418782;11
38.3970889;0.1579262912;2.411965132;4.479363918;38.40508218;-0.3037525117;0.006566796452;-0.2848156989;11
38.39919072;0.2057827413;2.431107759;4.393222332;38.40718395;-0.3110828996;0.01023198478;-0.2958112657;11
38.40129249;0.2201396823;2.474178553;4.359723091;38.40928577;-0.3233001828;0.0126754446;-0.3031416535;11
38.40339431;0.2344966233;2.517249346;4.326223373;38.41138759;-0.3367392123;0.01511890348;-0.3116937578;11
38.40549614;0.2297109663;2.565105915;4.26879549;38.41348936;-0.3477347791;0.02489273995;-0.3178023994;11
38.40759791;0.2536391914;2.632104874;4.230510235;38.41559119;-0.358730346;0.03100138716;-0.3251327872;11
38.40969973;0.2392822653;2.713460922;4.225724697;38.41769296;-0.3721693754;0.04077522457;-0.3275762498;11
38.41180155;0.2057827413;2.785245657;4.192225456;38.41979478;-0.3868301213;0.05177079141;-0.3324631453;11
38.41390332;0.1962114573;2.81395936;4.192225456;38.42189655;-0.3966039717;0.05910116807;-0.3361283541;11
38.41600515;0.1579262912;2.852244616;4.230510235;38.42399838;-0.408821255;0.06887500733;-0.3373500705;11
38.41810692;0.1196411327;2.871387243;4.254438877;38.4261002;-0.4222602844;0.08109229803;-0.3422369957;11
38.42020874;0.06221338734;2.904886723;4.287938118;38.42820202;-0.4332558513;0.08964440972;-0.3434587121;11
38.42231051;-0.009571290575;2.938386202;4.331008911;38.43030379;-0.4479165971;0.1018617004;-0.3446804583;11
38.42441233;-0.06221338734;2.947957516;4.393222332;38.43240561;-0.4601338804;0.111635536;-0.3434587121;11
38.42651416;-0.1244267747;2.976671457;4.436293125;38.43450738;-0.4699077308;0.1238528341;-0.3422369957;11
38.42861598;-0.1722832322;3.00538516;4.493721008;38.43660921;-0.4845684767;0.1299614757;-0.3422369957;11
38.43071775;-0.2440679073;3.029313564;4.512863636;38.43871103;-0.4943423271;0.1409570426;-0.3397935331;11
38.43281957;-0.3158525825;3.062813044;4.560719967;38.4408128;-0.5065596104;0.1482874304;-0.3373500705;11
38.43492134;-0.3684946895;3.077169895;4.60379076;38.44291457;-0.5187768936;0.1568395346;-0.3312414289;11
38.43702317;-0.4307080805;3.081955671;4.622933388;38.4450164;-0.5309942365;0.1605047137;-0.3263545036;11
38.43912499;-0.4929214716;3.086741209;4.637290478;38.44711822;-0.5456549525;0.1653916389;-0.320245862;11
38.44122676;-0.5790630579;3.081955671;4.642076015;38.44921999;-0.563980937;0.1653916389;-0.3129154742;11
38.44332853;-0.6412764788;3.067598581;4.632504463;38.45132181;-0.5774199367;0.1605047137;-0.3043633699;11
38.44543035;-0.7178468108;3.062813044;4.608576298;38.45342358;-0.5981893539;0.1495091617;-0.2958112657;11
38.44753218;-0.7704889178;3.058027267;4.575077057;38.45552541;-0.6201804876;0.1421787739;-0.2860374451;11
38.44963395;-0.8279166222;3.067598581;4.522434711;38.45762723;-0.6421716213;0.1324049383;-0.2774853408;11
38.45173577;-0.8949156404;3.048455954;4.465006828;38.459729;-0.6666061878;0.1262962967;-0.2652680278;11
38.45383754;-0.9571290612;3.043670416;4.407579422;38.46183082;-0.6922625303;0.1189659163;-0.2554942071;11
38.45593936;-1.03848505;3.014956474;4.326223373;38.46393265;-0.7203623056;0.1140789986;-0.2432768941;11
38.45804119;-1.0863415;2.952743053;4.287938118;38.46603447;-0.7496837974;0.1067486182;-0.2322813272;11
38.46014296;-1.13419795;2.928814888;4.235296249;38.46813624;-0.7814487815;0.1018617004;-0.220064044;11
38.46224478;-1.201196909;2.895315409;4.220939159;38.47023801;-0.8132137656;0.09453132749;-0.2066250145;11
38.4643466;-1.253839016;2.847458839;4.240081787;38.47233983;-0.8437569737;0.0847574845;-0.1931859851;11
38.46644843;-1.325623751;2.809173822;4.278367043;38.47444166;-0.8743002415;0.0737619251;-0.1809686869;11
38.4685502;-1.383051515;2.804388046;4.383651257;38.47654343;-0.906065166;0.06154462695;-0.1687513888;11
38.47065197;-1.411765337;2.766103029;4.479363918;38.47864525;-0.9353867173;0.04444041103;-0.1577558219;11
38.47275379;-1.430907965;2.742174864;4.579862595;38.48074707;-0.9634864926;0.02122755162;-0.1479819864;11
38.47485561;-1.411765337;2.737389088;4.642076015;38.48284884;-0.9915862679;-0.001985310577;-0.1382081509;11
38.47695739;-1.387837172;2.694318295;4.718646049;38.48495067;-1.017242551;-0.02519817278;-0.1296560466;11
38.47905921;-1.35912323;2.641676188;4.814359188;38.48705249;-1.040455461;-0.05451968312;-0.1211039424;11
38.48116103;-1.320838094;2.584248543;4.934000492;38.48915426;-1.061224818;-0.08261945844;-0.1149952933;11
38.4832628;-1.292124271;2.522035122;5.029713154;38.49125608;-1.078329086;-0.1143844277;-0.1088866442;11
38.48536462;-1.258624673;2.421536446;5.158925533;38.49335785;-1.092989802;-0.1437059343;-0.1052214578;11
38.48746645;-1.21555388;2.325823545;5.32163763;38.49545968;-1.103985429;-0.1730274558;-0.1015562713;11
38.48956822;-1.162911773;2.215753794;5.498706341;38.4975615;-1.11009407;-0.2035706937;-0.0991128087;11
38.49167004;-1.100698471;2.11046958;5.675775528;38.49966327;-1.116202712;-0.2341139317;-0.0978910774;11
38.49377181;-1.043270707;2.005185366;5.833701611;38.50176509;-1.117424369;-0.2634354234;-0.0978910774;11
38.49587364;-0.9762716293;1.919043779;6.044270039;38.50386686;-1.119867802;-0.2964221239;-0.10033454;11
38.49797546;-0.8805587292;1.837687731;6.211767673;38.50596869;-1.116202712;-0.3269653618;-0.1052214578;11
38.50007723;-0.813559711;1.785045743;6.336194515;38.50807051;-1.112537503;-0.3538434207;-0.1125518382;11
38.50217905;-0.6987041831;1.722832322;6.465406895;38.51017228;-1.108872294;-0.3758345544;-0.123547405;11
38.50428082;-0.5934200287;1.674975872;6.556334019;38.5122741;-1.102763653;-0.3990474045;-0.1320995092;11
38.50638265;-0.5072783828;1.593619823;6.637690067;38.51437588;-1.092989802;-0.4222602844;-0.1418733448;11
38.50848447;-0.4402793646;1.545763373;6.733402729;38.5164777;-1.086881161;-0.4381427765;-0.1516471803;11
38.51058624;-0.4019941986;1.497906923;6.838686943;38.51857952;-1.078329086;-0.4528035223;-0.1601992846;11
38.51268806;-0.3828516304;1.416550994;6.920042992;38.52068129;-1.06733346;-0.4674642682;-0.1711948514;11
38.51478983;-0.4115654826;1.335195065;7.006184578;38.52278311;-1.058781385;-0.4760163724;-0.1821904182;11
38.51689166;-0.4259224236;1.296909928;7.092326164;38.52488489;-1.049007535;-0.4845684767;-0.1919642538;11
38.51899348;-0.3684946895;1.249053478;7.111468792;38.52698671;-1.039233685;-0.4894554019;-0.2054032832;11
38.52109525;-0.2919243574;1.253839016;7.111468792;38.52908853;-1.03068161;-0.4918988645;-0.2176205814;11
38.52319707;-0.2201396823;1.229910851;7.106683254;38.5311903;-1.024572968;-0.4870119393;-0.2298378795;11
38.52529884;-0.1387837082;1.244267821;7.087540627;38.53329212;-1.013577342;-0.4772381186;-0.2457203567;11
38.52740067;-0.06221338734;1.26341033;7.073183537;38.53539395;-1.0074687;-0.4576904476;-0.2603811026;11
38.52950249;0.0382851623;1.244267821;7.006184578;38.53749572;-0.998916626;-0.4332558513;-0.273820132;11
38.53160426;0.1004985496;1.268195987;6.939185619;38.53959754;-0.9915862679;-0.4075995386;-0.2848156989;11
38.53370608;0.1579262912;1.272981644;6.881757736;38.54169931;-0.9854776263;-0.3807214797;-0.2933678031;11
38.53580791;0.2105683982;1.330409408;6.786045074;38.54380114;-0.9830341339;-0.3452913165;-0.3019199073;11
38.53790968;0.2344966233;1.373480201;6.671189308;38.54590296;-0.9757037759;-0.308639437;-0.3068068326;11
38.5400115;0.2344966233;1.402194023;6.551548481;38.54800473;-0.9720385671;-0.2695440948;-0.3092502952;11
38.54211327;0.2440679073;1.473978758;6.422336102;38.55010655;-0.9695951343;-0.2231183648;-0.3104720116;11
38.54421509;0.2249253243;1.517049551;6.269195557;38.55220838;-0.9695951343;-0.1742491722;-0.3080285788;11
38.54631692;0.2057827413;1.536192179;6.135197163;38.55431015;-0.9708168507;-0.121714808;-0.3043633699;11
38.54841869;0.1866401732;1.584048629;6.044270039;38.55641197;-0.9720385671;-0.06795870513;-0.2994764447;11
38.55052051;0.1531406492;1.584048629;5.924628735;38.55851374;-0.9781472087;-0.008093958721;-0.2909243405;11
38.55262233;0.09571290761;1.607976794;5.809773445;38.56061556;-0.9854776263;0.05543597788;-0.2811505198;11
38.5547241;0.01914258115;1.627119422;5.699703693;38.56271733;-0.9940297008;0.117744185;-0.2713766694;11
38.55682593;-0.03349951655;1.655833244;5.584847927;38.56481916;-1.006247044;0.1800523996;-0.2591593862;11
38.5589277;-0.09571290761;1.698904037;5.45085001;38.56692098;-1.019685984;0.2472475171;-0.2457203567;11
38.56102952;-0.1387837082;1.737189293;5.345565796;38.56902275;-1.038012028;0.3168860972;-0.2310595959;11
38.56313129;-0.2105683982;1.751546144;5.211567879;38.57112457;-1.057559609;0.3804160357;-0.2163988501;11
38.56523311;-0.2967100143;1.746760488;5.120640278;38.5732264;-1.079550743;0.4402807951;-0.200516358;11
38.56733494;-0.3828516304;1.765903115;5.024927616;38.57532817;-1.101541877;0.4952586293;-0.1834121495;11
38.56943671;-0.4689932466;1.761117458;4.967499733;38.57742999;-1.127198219;0.5465712547;-0.1675296724;11
38.57153853;-0.5694918036;1.756331801;4.895715237;38.57953176;-1.154076338;0.5881100893;-0.1528689116;11
38.57364035;-0.6747759581;1.756331801;4.886143684;38.58163358;-1.180954337;0.6223185062;-0.1382081509;11
38.57574213;-0.7657032609;1.756331801;4.905286312;38.58373541;-1.210275888;0.6479747891;-0.123547405;11
38.57784395;-0.8614161611;1.751546144;4.929214478;38.58583718;-1.238375664;0.6663007736;-0.1101083755;11
38.57994572;-0.9523434043;1.746760488;4.986642361;38.587939;-1.265253663;0.6724094152;-0.09544762224;11
38.58204754;-1.0863415;1.703689694;5.096712112;38.59004082;-1.294575214;0.6687442064;-0.08323032409;11
38.58414936;-1.253839016;1.674975872;5.264209747;38.59214259;-1.323896646;0.651639998;-0.06979130208;11
38.58625114;-1.416550994;1.607976794;5.446064472;38.59424442;-1.350774765;0.6272054315;-0.05879573524;11
38.58835296;-1.574477315;1.560120344;5.651846886;38.59634619;-1.376431108;0.5917752385;-0.04657844082;11
38.59045478;-1.713261008;1.512263894;5.862415314;38.59844801;-1.399643898;0.5490147471;-0.03680460155;11
38.59255655;-1.842473388;1.493121386;6.082555294;38.60054983;-1.420413375;0.5013672709;-0.02825249545;11
38.59465838;-1.971685886;1.421336651;6.31226635;38.6026516;-1.442404509;0.4415025115;-0.0209221188;11
38.59676015;-2.053041935;1.354337573;6.532405853;38.60475343;-1.459508657;0.377972573;-0.01603520103;11
38.59886197;-2.124826431;1.287338614;6.733402729;38.60685525;-1.476612926;0.3095557392;-0.01237001177;11
38.60096379;-2.177468538;1.210768223;6.948757172;38.60895702;-1.490051866;0.2411388755;-0.01237001177;11
38.60306556;-2.191825628;1.124626637;7.140182972;38.61105884;-1.503490925;0.1666133702;-0.01237001177;11
38.60516738;-2.182254314;1.043270707;7.331608772;38.61316061;-1.514486551;0.08964440972;-0.01603520103;11
38.60726921;-2.143969059;0.9667003751;7.523034573;38.61526244;-1.523038626;0.01511890348;-0.01970038936;11
38.60937098;-2.100898266;0.9236295223;7.709674358;38.61736421;-1.529147267;-0.06062832847;-0.02458730713;11
38.6114728;-2.000399828;0.8614161611;7.896314621;38.61946603;-1.535255909;-0.131488651;-0.03069595434;11
38.61357457;-1.899901152;0.8087740541;8.092526436;38.62156785;-1.541364551;-0.2011272311;-0.03802633286;11
38.6156764;-1.780260086;0.760917604;8.207381248;38.62366968;-1.546251416;-0.2671006322;-0.04657844082;11
38.61777817;-1.655833244;0.6747759581;8.317451477;38.62577145;-1.548694968;-0.3269653618;-0.05513054505;11
38.61987999;-1.55054903;0.626919508;8.422736168;38.62787327;-1.551138401;-0.3868301213;-0.06123919412;11
38.62198181;-1.488335729;0.5407779217;8.470592499;38.62997504;-1.549916625;-0.4344775677;-0.07101303339;11
38.62408364;-1.397408366;0.4785645306;8.571090698;38.63207686;-1.549916625;-0.4821250141;-0.08078686893;11
38.62618541;-1.306481123;0.4450650215;8.676374435;38.63417869;-1.547473192;-0.5163334608;-0.08933897316;11
38.62828723;-1.201196909;0.4067798555;8.767302513;38.63628046;-1.542586327;-0.5444332361;-0.0991128087;11
38.630389;-1.091127157;0.3828516304;8.84387207;38.63838228;-1.537699342;-0.562759161;-0.1088866442;11
38.63249082;-0.9523434043;0.3637090325;8.930013657;38.64048405;-1.529147267;-0.571311295;-0.1198822111;11
38.63459265;-0.813559711;0.3302095234;8.997013092;38.64258588;-1.519373417;-0.5737547278;-0.1308777779;11
38.63669442;-0.6747759581;0.3302095234;9.020941734;38.6446877;-1.507156134;-0.5688678026;-0.1443168074;11
38.63879624;-0.5264210105;0.2967100143;9.064012527;38.64678947;-1.496160507;-0.5517635942;-0.1565341055;11
38.64089801;-0.3732803464;0.3062812984;9.083154678;38.64889129;-1.482721567;-0.5248855352;-0.1699731201;11
38.64299983;-0.2440679073;0.2775674164;9.087940216;38.65099311;-1.472947717;-0.4882336855;-0.1821904182;11
38.64510166;-0.1387837082;0.2344966233;9.087940216;38.65309488;-1.463173866;-0.4479165971;-0.1907425225;11
38.64720343;-0.07178468257;0.2153540403;9.016156197;38.65519671;-1.450956583;-0.3990474045;-0.1980729103;11
38.64930525;-0.03349951655;0.2201396823;9.011369705;38.65729853;-1.442404509;-0.3477347791;-0.200516358;11
38.65140707;-0.0382851623;0.2488535494;8.97308445;38.6594003;-1.431408882;-0.2890917659;-0.2029598206;11
38.65350884;-0.08614161611;0.2727817893;8.968298912;38.66150213;-1.426522017;-0.2231183648;-0.200516358;11
38.65561067;-0.1483550072;0.3062812984;8.968298912;38.6636039;-1.420413375;-0.1559232324;-0.1956294477;11
38.65771249;-0.2249253243;0.3732803464;8.934800148;38.66570572;-1.417969823;-0.08261945844;-0.1870773435;11
38.65981426;-0.3110669553;0.3972085714;8.877371788;38.66780749;-1.413082957;-0.006872228812;-0.1760817766;11
38.66191608;-0.3972085714;0.4450650215;8.791230202;38.66990931;-1.414304733;0.0737619251;-0.1626427472;11
38.66401785;-0.4689932466;0.4689932466;8.72423172;38.67201114;-1.41552639;0.1531743407;-0.14676027;11
38.66611968;-0.5694918036;0.5024927258;8.671588898;38.67411291;-1.41552639;0.2325867712;-0.1247691289;11
38.66822145;-0.6747759581;0.5120640397;8.614161491;38.67621473;-1.417969823;0.3107774556;-0.1015562713;11
38.67032327;-0.7800601721;0.5503492355;8.618947029;38.67831655;-1.422856808;0.3840812445;-0.07834340632;11
38.67242509;-0.9188438654;0.5599204898;8.642875671;38.68041832;-1.422856808;0.4500546157;-0.05268708616;11
38.67452686;-1.057627559;0.5886343718;8.714659691;38.68252015;-1.425300241;0.5099193454;-0.02580903657;11
38.67662869;-1.186840057;0.6317051649;8.819944382;38.68462192;-1.427743673;0.5624537468;-0.001374445739;11
38.67873051;-1.306481123;0.6460621357;8.920442581;38.68672374;-1.428965449;0.6052142978;0.02183841541;11
38.68083228;-1.426122308;0.679561615;9.078369141;38.68882556;-1.430187106;0.6430879235;0.0438295491;11
38.6829341;-1.540977836;0.708275497;9.198010445;38.69092733;-1.433852315;0.66752249;0.06459894776;11
38.68503588;-1.612762451;0.7178468108;9.346364975;38.69302916;-1.436295867;0.6895136237;0.08170316368;11
38.6871377;-1.679761529;0.7226324677;9.461220741;38.69513098;-1.439960957;0.7005091906;0.0988073796;11
38.68923952;-1.727617979;0.7274180651;9.585647583;38.69723275;-1.446069598;0.7041743994;0.1122464016;11
38.69134129;-1.775474429;0.70348984;9.676574707;38.69933457;-1.45217824;0.6992874742;0.1269071549;11
38.69344311;-1.804188251;0.6747759581;9.772287369;38.70143634;-1.463173866;0.6895136237;0.1366809905;11
38.69554494;-1.866401672;0.6699903607;9.853643417;38.70353817;-1.47539115;0.6724094152;0.1452330947;11
38.69764671;-1.8855443;0.6364908218;9.915857315;38.70563999;-1.488830209;0.6491965652;0.1537852138;11
38.69974853;-1.904686809;0.6173482537;9.978070259;38.70774181;-1.504712701;0.6186532974;0.1598938555;11
38.7018503;-1.923829436;0.5886343718;10.04028416;38.70984358;-1.52181685;0.5844448805;0.1660024971;11
38.70395212;-1.952543259;0.5455635786;10.09771156;38.71194541;-1.536477685;0.5477929711;0.1684459597;11
38.70605395;-1.966900229;0.5216353536;10.18863869;38.71404718;-1.558468819;0.508697629;0.169667691;11
38.70815577;-1.962114573;0.5120640397;10.24606609;38.716149;-1.5780164;0.467158854;0.169667691;11
38.71025754;-1.899901152;0.4833501875;10.31785107;38.71825082;-1.596342444;0.4231765866;0.169667691;11
38.71235936;-1.875972986;0.4594219327;10.39442158;38.72035259;-1.617111802;0.3816377819;0.1660024971;11
38.71446114;-1.828116536;0.4450650215;10.44706345;38.72245442;-1.635437727;0.3400989771;0.1635590494;11
38.71656296;-1.765903115;0.4498506486;10.53799057;38.72455619;-1.650098443;0.2997818887;0.1623373181;11
38.71866478;-1.718046665;0.4259224236;10.59541893;38.72665801;-1.667202711;0.2680169344;0.1623373181;11
38.72076655;-1.670190215;0.3972085714;10.68156052;38.72875983;-1.68064177;0.2411388755;0.1598938555;11
38.72286838;-1.651047587;0.4115654826;10.75813103;38.7308616;-1.691637278;0.2240346521;0.1562286615;11
38.72497015;-1.603191137;0.3732803464;10.85384369;38.73296343;-1.700189352;0.2093739063;0.1550069451;11
38.72707197;-1.536192179;0.3254238665;10.93519974;38.73506525;-1.703854561;0.2020435184;0.1501200199;11
38.72917379;-1.459621787;0.2871387303;11.04526901;38.73716702;-1.705076337;0.2020435184;0.1488982886;11
38.73127556;-1.383051515;0.2297109663;11.16969585;38.73926884;-1.706297994;0.2069304436;0.1452330947;11
38.73337739;-1.301695466;0.1770688742;11.31805134;38.74137067;-1.702632904;0.2142608166;0.1403461844;11
38.73547921;-1.272981644;0.08614161611;11.45683479;38.74347244;-1.700189352;0.2215912044;0.1379027218;11
38.73758098;-1.239482164;0.004785645287;11.5764761;38.74557426;-1.69408071;0.2289215773;0.1342375278;11
38.7396828;-1.239482164;-0.04785645381;11.73918819;38.74767603;-1.686750412;0.2362519503;0.1305723488;11
38.74178462;-1.244267821;-0.07178468257;11.84447193;38.74977785;-1.679419994;0.2399171442;0.1293506175;11
38.7438864;-1.296909928;-0.1052841991;11.97846985;38.75187968;-1.672089577;0.2399171442;0.1281288862;11
38.74598822;-1.339980721;-0.1292124242;12.10289669;38.75398145;-1.667202711;0.2386954129;0.1293506175;11
38.74808999;-1.397408366;-0.1674975902;12.19861031;38.75608322;-1.663537502;0.235030219;0.1317940801;11
38.75019181;-1.450050473;-0.1914258152;12.26560879;38.75818509;-1.662315726;0.2289215773;0.1354592592;11
38.75229364;-1.493121386;-0.2009970993;12.31346512;38.76028686;-1.662315726;0.2203694731;0.1415679157;11
38.75439541;-1.536192179;-0.2057827413;12.36610699;38.76238869;-1.662315726;0.2069304436;0.1501200199;11
38.75649718;-1.560120344;-0.2105683982;12.40917778;38.76449051;-1.668424487;0.1947131455;0.1586721241;11
38.75859905;-1.588834286;-0.2057827413;12.45224857;38.76659228;-1.674533129;0.1824958473;0.169667691;11
38.76070082;-1.612762451;-0.1866401732;12.43310642;38.7686941;-1.68430686;0.1715002805;0.1794415265;11
38.76280265;-1.612762451;-0.1770688742;12.44746304;38.77079588;-1.691637278;0.1592829973;0.192880556;11
38.76490447;-1.593619823;-0.1722832322;12.47617722;38.7728977;-1.703854561;0.1507308781;0.2050978541;11
38.76700624;-1.574477315;-0.1435693651;12.5048914;38.77499947;-1.714850187;0.1470656991;0.216093421;11
38.76910806;-1.564906001;-0.1339980662;12.57667542;38.77710129;-1.724624038;0.1421787739;0.2246455252;11
38.77120983;-1.55054903;-0.1148554832;12.66760349;38.77920311;-1.734397769;0.1360701323;0.2319758981;11
38.77331166;-1.473978758;-0.1339980662;12.74417305;38.78130489;-1.741728187;0.1299614757;0.2331976295;11
38.77541343;-1.383051515;-0.1579262912;12.8446722;38.78340671;-1.750280261;0.127518028;0.2344193608;11
38.77751525;-1.272981644;-0.2201396823;12.9882412;38.78550853;-1.751502037;0.1262962967;0.2331976295;11
38.77961707;-1.1820544;-0.2823530734;13.12223911;38.7876103;-1.750280261;0.1238528341;0.2270889878;11
38.78171884;-1.110269666;-0.3732803464;13.27538013;38.78971212;-1.746615171;0.1226311028;0.2246455252;11
38.78382067;-1.028913736;-0.4450650215;13.43809223;38.79181395;-1.739284754;0.127518028;0.2185368687;11
38.78592249;-1.004985452;-0.5407779217;13.5912323;38.79391572;-1.729510903;0.1324049383;0.2124282271;11
38.78802426;-0.9667003751;-0.6029912829;13.75872993;38.79601754;-1.713628411;0.1409570426;0.2050978541;11
38.79012608;-0.9523434043;-0.6699903607;13.95494175;38.79811936;-1.695302486;0.1507308781;0.1977674663;11
38.79222791;-0.8805587292;-0.756131947;14.136796;38.80022114;-1.672089577;0.161726445;0.1879936308;11
38.79432968;-0.7896314859;-0.8087740541;14.33300781;38.80232296;-1.646433353;0.1763872057;0.1794415265;11
38.7964315;-0.70348984;-0.8566305041;14.5196476;38.80442473;-1.613446593;0.1934914142;0.1672242284;11
38.79853332;-0.6125625968;-0.9188438654;14.73500156;38.80652655;-1.581681609;0.2142608166;0.1513417512;11
38.80063509;-0.5024927258;-0.9714859724;14.94078445;38.80862838;-1.542586327;0.2374736816;0.1354592592;11
38.80273692;-0.4259224236;-1.019342422;15.1657095;38.81073015;-1.501047492;0.258243084;0.1171333194;11
38.80483869;-0.3780659735;-1.105484009;15.33799362;38.81283197;-1.455843449;0.2826776803;0.0975856483;11
38.80694051;-0.3206382394;-1.153340459;15.50070477;38.81493374;-1.409417748;0.308333993;0.0743727833;11
38.80904233;-0.2392822653;-1.21555388;15.68255997;38.81703556;-1.358105063;0.3315468729;0.05115992576;11
38.8111441;-0.1579262912;-1.249053478;15.83570004;38.81913739;-1.306792498;0.3572031856;0.02672533318;11
38.81324593;-0.1004985496;-1.287338614;15.96969795;38.82123916;-1.257923245;0.3804160357;0.002290742937;11
38.8153477;-0.09571290761;-1.296909928;16.1132679;38.82334098;-1.200502038;0.404850632;-0.01970038936;11
38.81744952;-0.1100698411;-1.292124271;16.27119446;38.8254428;-1.151632786;0.4268417656;-0.04169152305;11
38.81955134;-0.1770688742;-1.296909928;16.37169266;38.82754457;-1.099098444;0.4451677203;-0.06368265301;11
38.82165311;-0.2201396823;-1.277767301;16.40997696;38.8296464;-1.049007535;0.4598284662;-0.0856737867;11
38.82375494;-0.2775674164;-1.268195987;16.41954803;38.83174822;-1.005025268;0.4732674956;-0.1027780026;11
38.82585676;-0.3397808075;-1.234696507;16.44347763;38.83384999;-0.9610430002;0.4818195999;-0.1223256737;11
38.82795853;-0.3924229145;-1.1820544;16.39562035;38.83595181;-0.9243911505;0.4903717041;-0.1369864196;11
38.83006035;-0.4689932466;-1.124626637;16.30947876;38.83805364;-0.8889609575;0.4952586293;-0.1492037177;11
38.83216218;-0.5359922647;-1.052842021;16.19462395;38.84015541;-0.8584177494;0.4940368831;-0.1614210159;11
38.83426395;-0.6604190469;-0.9571290612;16.051054;38.84225723;-0.8364266157;0.4915934205;-0.1711948514;11
38.83636577;-0.756131947;-0.8757730722;15.86441422;38.844359;-0.8168789148;0.4867065251;-0.1785252392;11
38.83846759;-0.837487936;-0.7752745152;15.66341686;38.84646082;-0.8022181988;0.474489212;-0.1834121495;11
38.84056936;-0.94277215;-0.6604190469;15.48634815;38.84856265;-0.7924443483;0.4622719288;-0.1846338809;11
38.84267119;-1.009771109;-0.5407779217;15.3044939;38.85066442;-0.7863357067;0.4463894367;-0.1870773435;11
38.84477296;-1.0863415;-0.4354937077;15.13221073;38.85276624;-0.7863357067;0.4268417656;-0.1858556122;11
38.84687478;-1.172483087;-0.3302095234;14.93599892;38.85486801;-0.7875574231;0.4036289155;-0.1846338809;11
38.8489766;-1.272981644;-0.2297109663;14.77807236;38.85696983;-0.7924443483;0.3791943192;-0.1821904182;11
38.85107838;-1.35912323;-0.1531406492;14.64885998;38.85907166;-0.7997747064;0.3523162603;-0.1785252392;11
38.8531802;-1.440479279;-0.05264209956;14.53400517;38.86117343;-0.8083268404;0.3254382014;-0.1760817766;11
38.85528197;-1.497906923;-0.004785645287;14.43829155;38.86327525;-0.8193224072;0.2948949635;-0.1699731201;11
38.85738379;-1.560120344;0.05264209956;14.31865025;38.86537707;-0.8327614069;0.2606865466;-0.1638644785;11
38.85948561;-1.612762451;0.1196411327;14.22772312;38.86747884;-0.8425352573;0.227699846;-0.1577558219;11
38.86158738;-1.64626193;0.1866401732;14.18943787;38.86958067;-0.8584177494;0.1910479665;-0.1479819864;11
38.86368921;-1.689332843;0.2488535494;14.14158154;38.87168249;-0.8730784655;0.1580612659;-0.1418733448;11
38.86579103;-1.708475351;0.3062812984;14.0937252;38.87378426;-0.8877392411;0.1250745654;-0.1345429718;11
38.8678928;-1.713261008;0.3541377485;14.01236916;38.87588608;-0.9011782408;0.09330959618;-0.127212584;11
38.86999463;-1.713261008;0.3732803464;13.96929836;38.87798791;-0.9158390164;0.06276635826;-0.1186604798;11
38.87209645;-1.698904037;0.3924229145;13.93579865;38.88008968;-0.9304997921;0.0358883068;-0.1088866442;11
38.87419822;-1.698904037;0.4067798555;13.90229988;38.8821915;-0.9414953589;0.01389717404;-0.0991128087;11
38.87630004;-1.698904037;0.4067798555;13.86401463;38.88429327;-0.9537126422;-0.006872228812;-0.08933897316;11
38.87840186;-1.660618901;0.4307080805;13.84008598;38.88639509;-0.9610430002;-0.02031125315;-0.07834340632;11
38.88050364;-1.655833244;0.4067798555;13.85922909;38.88849692;-0.964708209;-0.03130681813;-0.06612611562;11
38.88260546;-1.631905079;0.4259224236;13.84487152;38.89059869;-0.9671516418;-0.03619373962;-0.05268708616;11
38.88470723;-1.59840548;0.4307080805;13.88794231;38.89270051;-0.9671516418;-0.03863719851;-0.04046979174;11
38.88680905;-1.574477315;0.4307080805;13.95972729;38.89480233;-0.9598212838;-0.03497200832;-0.02825249545;11
38.88891088;-1.540977836;0.4163511395;14.04108334;38.8969041;-0.9549343586;-0.02519817278;-0.01603520103;11
38.89101265;-1.493121386;0.3924229145;14.12243938;38.89900593;-0.9414953589;-0.008093958721;-0.002596175298;11
38.89311447;-1.483550072;0.3684946895;14.22772312;38.90110775;-0.9256128669;0.006566796452;0.0108428495;11
38.89521629;-1.488335729;0.3158525825;14.38564968;38.90320952;-0.9011782408;0.02611446939;0.02183841541;11
38.89731806;-1.45483613;0.2488535494;14.52921867;38.90531134;-0.8791871071;0.04566214234;0.03283398226;11
38.89941988;-1.445264935;0.2009970993;14.70150185;38.90741317;-0.8535308242;0.06765327603;0.04138609022;11
38.90152171;-1.411765337;0.1387837082;14.82592869;38.90951494;-0.8242093325;0.08842267841;0.04993819445;11
38.90362348;-1.383051515;0.07178468257;14.91685677;38.91161676;-0.7900008559;0.1067486182;0.05482511222;11
38.9057253;-1.320838094;0.01914258115;14.99821186;38.91371853;-0.7594576478;0.127518028;0.05971203372;11
38.90782713;-1.234696507;-0.0239282269;15.03649712;38.91582035;-0.7252492309;0.1434005052;0.0621554926;11
38.9099289;-1.1820544;-0.06699903309;15.09392548;38.91792218;-0.6922625303;0.1629481763;0.06337722391;11
38.91203072;-1.100698471;-0.1292124242;15.11785316;38.92002395;-0.6580541134;0.1763872057;0.0621554926;11
38.91413249;-1.043270707;-0.1770688742;15.15135288;38.92212577;-0.6275108457;0.1886045039;0.0609337613;11
38.91623431;-1.000199914;-0.2344966233;15.15613842;38.92422754;-0.5945241451;0.1996000707;0.05849030241;11
38.91833614;-0.9619147182;-0.2727817893;15.15135288;38.92632936;-0.562759161;0.2105956376;0.05482511222;11
38.92043791;-0.9571290612;-0.3302095234;15.11306763;38.92843119;-0.5358811021;0.2154825479;0.04871646687;11
38.92253973;-0.9332008362;-0.3780659735;15.00778389;38.93053301;-0.512668252;0.2203694731;0.04505127668;11
38.9246415;-0.9236295223;-0.4307080805;14.93121338;38.93263478;-0.4882336855;0.2203694731;0.04016435891;11
38.92674332;-0.9379864931;-0.4833501875;14.82592869;38.9347366;-0.4662425518;0.2191477418;0.03283398226;11
38.92884515;-0.9571290612;-0.5024927258;14.69193077;38.93683838;-0.4491383433;0.2154825479;0.02916879393;11
38.93094697;-1.000199914;-0.5264210105;14.54357624;38.9389402;-0.4308123887;0.2105956376;0.02183841541;11
38.93304874;-1.043270707;-0.5455635786;14.42393494;38.94104202;-0.4173733592;0.2020435184;0.01817322709;11
38.93515056;-1.076770186;-0.5647061467;14.29472256;38.94314379;-0.405156076;0.1934914142;0.0157297682;11
38.93725233;-1.129412293;-0.5742774606;14.17508125;38.94524556;-0.3917170465;0.181274116;0.01206457894;11
38.93935416;-1.191625714;-0.6029912829;14.06022549;38.94734744;-0.3794997334;0.1678351015;0.0108428495;11
38.94145598;-1.253839016;-0.5934200287;13.95015621;38.94944921;-0.3697259128;0.1556178033;0.009621120058;11
38.94355775;-1.296909928;-0.6077769399;13.86880016;38.95155103;-0.358730346;0.1409570426;0.008399390616;11
38.94565952;-1.35912323;-0.6029912829;13.7730875;38.9536528;-0.3501782417;0.1226311028;0.0108428495;11
38.9477614;-1.430907965;-0.5934200287;13.67258835;38.95575463;-0.3416261375;0.1055268943;0.01328630932;11
38.94986317;-1.507478237;-0.5790630579;13.57209015;38.9578564;-0.3318522871;0.09086613357;0.01695149764;11
38.95196499;-1.574477315;-0.5599204898;13.48116302;38.95995827;-0.3208567202;0.0725401938;0.02183841541;11
38.95406676;-1.641476393;-0.5455635786;13.38066387;38.96206004;-0.312304616;0.0542142503;0.02794706449;11
38.95616858;-1.689332843;-0.5120640397;13.32323647;38.96416186;-0.3037525117;0.03711003438;0.03527744114;11
38.95827035;-1.727617979;-0.4785645306;13.2705946;38.96626364;-0.2964221239;0.0175623633;0.0426078178;11
38.96037223;-1.770688772;-0.4354937077;13.18445301;38.96836546;-0.2878700197;0.002901607659;0.05115992576;11
38.962474;-1.799402595;-0.4354937077;13.10309696;38.97046723;-0.2829830945;-0.01664606482;0.0609337613;11
38.96457582;-1.828116536;-0.4211367965;13.06002617;38.97256905;-0.2756527364;-0.03252854943;0.06948586553;11
38.96667759;-1.852044702;-0.4019941986;12.97867012;38.97467088;-0.2683223486;-0.04718930274;0.07681624591;11
38.96877942;-1.847259045;-0.3924229145;12.88295746;38.9767727;-0.2646571696;-0.05940660089;0.08292489499;11
38.97088119;-1.856830359;-0.3972085714;12.80638695;38.97887447;-0.2609919906;-0.07040216774;0.08781181276;11
38.97298301;-1.852044702;-0.4067798555;12.70588779;38.98097629;-0.2548833191;-0.07773254067;0.09514218569;11
38.97508483;-1.837687731;-0.4259224236;12.63410378;38.98307806;-0.2499964088;-0.08628465235;0.1024725661;11
38.97718666;-1.823330879;-0.4642075896;12.58146191;38.98517988;-0.2463312149;-0.08872810751;0.1098029464;11
38.97928843;-1.789831281;-0.4881358147;12.52403355;38.98728166;-0.2414443046;-0.09117157012;0.1171333194;11
38.98139025;-1.737189293;-0.5120640397;12.49532032;38.98938348;-0.2365573794;-0.09117157012;0.1281288862;11
38.98349202;-1.698904037;-0.5312066078;12.4426775;38.9914853;-0.2304487377;-0.08872810751;0.1366809905;11
38.98559384;-1.665404558;-0.5264210105;12.40439224;38.99358707;-0.2218966335;-0.08628465235;0.146454826;11
38.98769561;-1.627119422;-0.5312066078;12.35653591;38.9956889;-0.2133445293;-0.08261945844;0.1550069451;11
38.98979744;-1.607976794;-0.5312066078;12.36610699;38.99779072;-0.2047924101;-0.08017600328;0.1611155868;11
38.99189926;-1.555334687;-0.5264210105;12.33739376;38.99989249;-0.1986837685;-0.07651081681;0.1647807807;11
38.99400103;-1.488335729;-0.5503492355;12.31346512;39.00199431;-0.1913533956;-0.07528908551;0.169667691;11
38.99610285;-1.387837172;-0.5551348329;12.28475189;39.00409614;-0.1803578287;-0.07040216774;0.1708894223;11
38.99820468;-1.287338614;-0.5599204898;12.2416811;39.00619791;-0.1693622619;-0.06673697382;0.169667691;11
39.00030645;-1.162911773;-0.5694918036;12.16511059;39.00829973;-0.1595884264;-0.06307178736;0.1660024971;11
39.00240827;-1.071984529;-0.5982056856;12.11725426;39.01040155;-0.1522580534;-0.05818486959;0.1635590494;11
39.00451009;-0.9810572863;-0.6077769399;12.02632618;39.01250332;-0.142484203;-0.05696314201;0.1562286615;11
39.00661186;-0.8997012973;-0.6317051649;11.9593277;39.01460515;-0.1351538301;-0.04841103405;0.1476765573;11
39.00871369;-0.7896314859;-0.6652047038;11.84925747;39.01670692;-0.1327103674;-0.03985892609;0.1403461844;11
39.01081551;-0.7226324677;-0.6939185858;11.73440266;39.01880874;-0.1253799945;-0.03375028074;0.1317940801;11
39.01291728;-0.6364908218;-0.6987041831;11.59561825;39.02091056;-0.1241582632;-0.02275471389;0.1232419685;11
39.0150191;-0.5790630579;-0.70348984;11.44726372;39.02301238;-0.1229365394;-0.01175914705;0.1146898642;11
39.01712088;-0.5216353536;-0.679561615;11.33240795;39.02511416;-0.121714808;-0.0007635809598;0.1061377525;11
39.0192227;-0.4881358147;-0.6747759581;11.1936245;39.02721598;-0.1241582632;0.01023198478;0.1000291109;11
39.02132452;-0.4881358147;-0.650847733;11.05484104;39.0293178;-0.1241582632;0.0175623633;0.09269873053;11
39.02342634;-0.4785645306;-0.626919508;10.94477081;39.03141957;-0.1266017258;0.02611446939;0.08781181276;11
39.02552811;-0.4737788737;-0.6173482537;10.85384369;39.0335214;-0.1290451884;0.02977965772;0.08292489499;11
39.02762994;-0.4833501875;-0.6077769399;10.78205872;39.03562317;-0.1327103674;0.02855792828;0.07803797722;11
39.02973176;-0.5072783828;-0.5934200287;10.71984577;39.03772499;-0.1339320987;0.03222311661;0.07315105945;11
39.03183353;-0.5551348329;-0.6125625968;10.66720295;39.03982676;-0.138819024;0.02733619884;0.07070759684;11
39.03393535;-0.6077769399;-0.6125625968;10.61934662;39.04192858;-0.1400407553;0.02367101051;0.06704241037;11
39.03603712;-0.650847733;-0.6604190469;10.60499001;39.04403041;-0.142484203;0.01634063199;0.06459894776;11
39.03813895;-0.6891329288;-0.679561615;10.59541893;39.04613218;-0.1437059343;0.006566796452;0.0621554926;11
39.04024072;-0.7274180651;-0.7226324677;10.60499001;39.048234;-0.1461493969;-0.001985310577;0.05726857483;11
39.04234254;-0.7465606928;-0.7704889178;10.57627583;39.05033582;-0.1449276656;-0.00565049937;0.05482511222;11
39.04444436;-0.7657032609;-0.8039883971;10.55713367;39.05243759;-0.1412624866;-0.01298087649;0.04993819445;11
39.04654614;-0.7704889178;-0.8518448472;10.55234814;39.05453942;-0.1400407553;-0.01542433538;0.04627300799;11
39.04864796;-0.7704889178;-0.8805587292;10.56670475;39.05664124;-0.1375972927;-0.01664606482;0.04138609022;11
39.05074978;-0.7657032609;-0.9140582681;10.56191921;39.05874301;-0.1339320987;-0.01542433538;0.03772090003;11
39.05285155;-0.7704889178;-0.9379864931;10.5475626;39.06084483;-0.1290451884;-0.01053741761;0.03527744114;11
39.05495338;-0.7752745152;-0.9667003751;10.54277611;39.0629466;-0.1266017258;-0.008093958721;0.03161225095;11
39.0570552;-0.784845829;-0.9906286001;10.55713367;39.06504843;-0.1204930767;-0.004428769462;0.03039052337;11
39.05915697;-0.8231309652;-1.033699393;10.58106136;39.06715025;-0.115606159;-0.0007635809598;0.02916879393;11
39.06125879;-0.8614161611;-1.062413216;10.60977554;39.06925202;-0.1094975099;-0.001985310577;0.02672533318;11
39.06336056;-0.8949156404;-1.105484009;10.63848972;39.07135384;-0.102167137;-0.004428769462;0.02794706449;11
39.06546239;-0.9332008362;-1.13419795;10.70070267;39.07345567;-0.09483675659;-0.004428769462;0.02916879393;11
39.06756421;-0.9762716293;-1.177268744;10.71506023;39.07555749;-0.08628465235;-0.00565049937;0.02672533318;11
39.06966598;-1.019342422;-1.21555388;10.76291656;39.07765926;-0.07773254067;-0.008093958721;0.02550360374;11
39.0717678;-1.028913736;-1.244267821;10.77248764;39.07976108;-0.06795870513;-0.01298087649;0.02306014486;11
39.07386962;-1.024128079;-1.306481123;10.79641533;39.08186285;-0.05818486959;-0.01420260593;0.02061668597;11
39.07597145;-1.019342422;-1.344766378;10.82991505;39.08396468;-0.04474584386;-0.02031125315;0.01450803876;11
39.07807322;-1.004985452;-1.387837172;10.86341476;39.08606645;-0.0374154672;-0.02519817278;0.009621120058;11
39.08017504;-0.9762716293;-1.411765337;10.86341476;39.08816827;-0.02397644334;-0.02886336111;0.00351247238;11
39.08227681;-0.94277215;-1.450050473;10.8682003;39.09027009;-0.01175914705;-0.03008509055;-0.002596175298;11
39.08437864;-0.9092726111;-1.517049551;10.87777138;39.09237186;-0.003207040019;-0.03497200832;-0.009926552884;11
39.08648041;-0.8757730722;-1.536192179;10.85384369;39.09447369;0.009010255337;-0.03619373962;-0.01847865991;11
39.08858223;-0.8614161611;-1.564906001;10.85384369;39.09657551;0.02000582218;-0.03863719851;-0.02703076601;11
39.09068405;-0.8518448472;-1.584048629;10.82512951;39.09867728;0.02855792828;-0.03985892609;-0.03558287397;11
39.09278582;-0.8470591903;-1.584048629;10.7677021;39.1007791;0.03833176568;-0.04108065739;-0.04046979174;11
39.09488765;-0.8470591903;-1.584048629;10.71984577;39.10288093;0.04932733253;-0.03985892609;-0.04657844082;11
39.09698947;-0.8757730722;-1.593619823;10.67198944;39.1049827;0.05543597788;-0.03497200832;-0.05268708616;11
39.09909124;-0.866201818;-1.59840548;10.60977554;39.10708452;0.06276635826;-0.03008509055;-0.05635227636;11
39.10119306;-0.890130043;-1.612762451;10.54277611;39.10918634;0.07009673119;-0.02641990222;-0.06001746282;11
39.10329489;-0.9236295223;-1.59840548;10.46620655;39.11128811;0.07742711157;-0.01786779426;-0.06123919412;11
39.10539666;-0.9523434043;-1.593619823;10.39442158;39.11338994;0.08720094711;-0.006872228812;-0.06246092543;11
39.10749848;-0.9667003751;-1.607976794;10.33699417;39.11549171;0.09086613357;0.005345067009;-0.06368265301;11
39.1096003;-0.9906286001;-1.588834286;10.2652092;39.11759353;0.09697478265;0.01634063199;-0.06246092543;11
39.11170207;-1.009771109;-1.564906001;10.18863869;39.11969535;0.1055268943;0.03100138716;-0.06246092543;11
39.1138039;-1.000199914;-1.55054903;10.09292603;39.12179718;0.111635536;0.04444041103;-0.06123919412;11
39.11590567;-0.9810572863;-1.531406522;10.02114105;39.12389895;0.1128572673;0.05787943676;-0.05879573524;11
39.11800749;-0.9762716293;-1.493121386;9.95414257;39.12600077;0.1189659163;0.0737619251;-0.05757400393;11
39.12010931;-0.94277215;-1.440479279;9.863214493;39.12810254;0.1214093715;0.08964440972;-0.05635227636;11
39.12221114;-0.9188438654;-1.411765337;9.791430473;39.13020436;0.1226311028;0.1055268943;-0.05390881747;11
39.12431291;-0.8949156404;-1.368694544;9.671789169;39.13230619;0.1214093715;0.1226311028;-0.05146535859;11
39.12641473;-0.8757730722;-1.344766378;9.57129097;39.13440796;0.1153007299;0.1360701323;-0.0490218997;11
39.1285165;-0.8757730722;-1.325623751;9.437292099;39.13650978;0.111635536;0.1495091617;-0.04657844082;11
39.13061832;-0.8614161611;-1.296909928;9.332008362;39.13861155;0.104305163;0.161726445;-0.04413498193;11
39.13272015;-0.837487936;-1.26341033;9.212367058;39.14071343;0.09330959618;0.1739437431;-0.04413498193;11
39.13482192;-0.8470591903;-1.249053478;9.116654396;39.1428152;0.0847574845;0.181274116;-0.04046979174;11
39.13692374;-0.8422735929;-1.229910851;9.05922699;39.14491697;0.07009673119;0.1898262352;-0.03802633286;11
39.13902551;-0.837487936;-1.244267821;8.949156761;39.14701879;0.05787943676;0.1971566081;-0.03558287397;11
39.14112739;-0.8518448472;-1.253839016;8.896514893;39.14912056;0.04444041103;0.2032652497;-0.03191768378;11
39.14322916;-0.8805587292;-1.253839016;8.839086533;39.15122244;0.03100138716;0.204486981;-0.02703076601;11
39.14533093;-0.9140582681;-1.26341033;8.791230202;39.15332421;0.0126754446;0.2057087123;-0.02580903657;11
39.14743275;-0.9284151793;-1.277767301;8.796015739;39.15542598;-0.001985310577;0.2081521749;-0.02336557768;11
39.14953452;-0.9619147182;-1.268195987;8.772088051;39.1575278;-0.01542433538;0.2069304436;-0.0209221188;11
39.1516364;-1.019342422;-1.26341033;8.776873589;39.15962962;-0.03130681813;0.2032652497;-0.01970038936;11
39.15373817;-1.048056364;-1.292124271;8.791230202;39.16173145;-0.04352411628;0.1996000707;-0.01603520103;11
39.15583994;-1.076770186;-1.277767301;8.829515457;39.16383322;-0.0557414107;0.1947131455;-0.01359174121;11
39.15794176;-1.129412293;-1.268195987;8.877371788;39.16593504;-0.06795870513;0.1861610413;-0.01237001177;11
39.16004358;-1.16769743;-1.253839016;8.949156761;39.16803686;-0.08017600328;0.181274116;-0.01114828233;11
39.16214541;-1.205982566;-1.229910851;8.97308445;39.17013864;-0.09361502528;0.1666133702;-0.009926552884;11
39.16424718;-1.234696507;-1.196411371;9.006584167;39.17224041;-0.102167137;0.1592829973;-0.006261364091;11
39.166349;-1.277767301;-1.16769743;9.064012527;39.17434223;-0.1119409725;0.1507308781;-0.005039634649;11
39.16845082;-1.296909928;-1.143769264;9.092725754;39.17644405;-0.1192713454;0.1421787739;-0.001374445739;11
39.17055259;-1.316052437;-1.110269666;9.150154114;39.17854588;-0.1266017258;0.1324049383;0.002290742937;11
39.17265436;-1.335195065;-1.081555843;9.198010445;39.18064765;-0.1327103674;0.1287397593;0.009621120058;11
39.17475619;-1.363908887;-1.057627559;9.2362957;39.18274947;-0.142484203;0.1250745654;0.01695149764;11
39.17685801;-1.40697968;-1.043270707;9.312865257;39.18485129;-0.1498145908;0.1214093715;0.02672533318;11
39.17895983;-1.473978758;-0.9810572863;9.351150513;39.18695306;-0.1571449637;0.117744185;0.03649916872;11
39.1810616;-1.540977836;-0.9475577474;9.418149948;39.18905489;-0.1632536054;0.1140789986;0.04749473557;11
39.18316343;-1.579262972;-0.8997012973;9.485149384;39.19115666;-0.1718057245;0.1055268943;0.05971203372;11
39.18526525;-1.603191137;-0.8614161611;9.57129097;39.19325848;-0.1754709035;0.09575305134;0.07070759684;11
39.18736702;-1.622333765;-0.8231309652;9.667003632;39.1953603;-0.1864664704;0.08842267841;0.07925970852;11
39.18946884;-1.617548108;-0.8183453679;9.738788605;39.19746212;-0.1913533956;0.0737619251;0.08903354406;11
39.19157061;-1.607976794;-0.8087740541;9.8201437;39.1995639;-0.2023489624;0.06032289565;0.09514218569;11
39.19367244;-1.574477315;-0.8039883971;9.911071777;39.20166572;-0.2096793354;0.04444041103;0.1012508348;11
39.19577426;-1.521835208;-0.8279166222;9.982855797;39.20376749;-0.2145662606;0.02977965772;0.1049160287;11
39.19787608;-1.459621787;-0.8614161611;10.1024971;39.20586931;-0.2194531709;0.01389717404;0.1049160287;11
39.19997785;-1.402194023;-0.8709874153;10.26042366;39.20797108;-0.2231183648;-0.0007635809598;0.1061377525;11
39.20207968;-1.339980721;-0.8949156404;10.43270683;39.21007291;-0.2243400961;-0.01786779426;0.1049160287;11
39.20418145;-1.282552958;-0.9284151793;10.59541893;39.21217473;-0.2267835438;-0.03497200832;0.1012508348;11
39.20628327;-1.229910851;-0.9379864931;10.78684425;39.2142765;-0.2243400961;-0.05696314201;0.09392046183;11
39.20838504;-1.148554921;-0.9954141974;10.98305607;39.21637832;-0.2255618125;-0.07773254067;0.08536835015;11
39.21048686;-1.0863415;-1.024128079;11.14576817;39.21848015;-0.2243400961;-0.09850194305;0.0743727833;11
39.21258869;-1.014556766;-1.048056364;11.28933716;39.22058197;-0.2255618125;-0.121714808;0.06337722391;11
39.21469046;-0.9284151793;-1.081555843;11.44726372;39.22268374;-0.2255618125;-0.1400407553;0.05115992576;11
39.21679228;-0.8470591903;-1.076770186;11.58604717;39.22478556;-0.2255618125;-0.162031889;0.03772090003;11
39.2188941;-0.7944171429;-1.062413216;11.72004509;39.22688733;-0.2267835438;-0.1803578287;0.02550360374;11
39.22099593;-0.7178468108;-1.028913736;11.86361504;39.22898916;-0.2292270064;-0.1986837685;0.009621120058;11
39.2230977;-0.6699903607;-0.9954141974;11.99282742;39.23109093;-0.231670469;-0.2182314396;-0.001374445739;11
39.22519952;-0.6460621357;-0.9571290612;12.11725426;39.23319275;-0.231670469;-0.2328922004;-0.01481347065;11
39.22730129;-0.6077769399;-0.9044869542;12.24646664;39.23529457;-0.2328922004;-0.2487746775;-0.02703076601;11
39.22940311;-0.5647061467;-0.8470591903;12.36132145;39.23739634;-0.2365573794;-0.2609919906;-0.03924806044;11
39.23150488;-0.5407779217;-0.7800601721;12.48096275;39.23949817;-0.2402225733;-0.2732092738;-0.05268708616;11
39.23360671;-0.4977070987;-0.7130611539;12.55753326;39.24159999;-0.2475529462;-0.281761378;-0.06490438432;11
39.23570853;-0.4689932466;-0.6699903607;12.65803146;39.24370176;-0.2536616027;-0.2854265571;-0.07589995116;11
39.2378103;-0.4402793646;-0.6029912829;12.70110226;39.24580358;-0.262213707;-0.2866483033;-0.086895518;11
39.23991213;-0.4402793646;-0.5359922647;12.74895859;39.24790541;-0.2744309902;-0.2866483033;-0.09300415963;11
39.24201395;-0.4546363056;-0.4785645306;12.82074356;39.25000718;-0.2854265571;-0.2842048407;-0.0978910774;11
39.24411572;-0.5503492355;-0.4115654826;12.92124271;39.252109;-0.2976438701;-0.2866483033;-0.1015562713;11
39.24621754;-0.6747759581;-0.3397808075;13.04088306;39.25421082;-0.308639437;-0.2866483033;-0.10033454;11
39.24831936;-0.8183453679;-0.2823530734;13.18445301;39.25631259;-0.3171915412;-0.2890917659;-0.0978910774;11
39.25042114;-0.9379864931;-0.2392822653;13.33280754;39.25841442;-0.3245218992;-0.2903134823;-0.09300415963;11
39.25252296;-1.057627559;-0.1914258152;13.52423382;39.26051624;-0.3306305707;-0.2903134823;-0.086895518;11
39.25462478;-1.1820544;-0.1722832322;13.74437332;39.26261801;-0.3294088244;-0.2890917659;-0.07834340632;11
39.25672655;-1.31126678;-0.1722832322;13.98365593;39.26471983;-0.3269653618;-0.2866483033;-0.06734783947;11
39.25882838;-1.430907965;-0.1674975902;14.23250866;39.26682166;-0.3220784664;-0.2854265571;-0.05513054505;11
39.2609302;-1.540977836;-0.1722832322;14.5387907;39.26892343;-0.3074176908;-0.2842048407;-0.04046979174;11
39.26303197;-1.651047587;-0.1627119333;14.84028625;39.27102525;-0.2878700197;-0.2829830945;-0.02458730713;11
39.26513379;-1.732403636;-0.1339980662;15.17528152;39.27312707;-0.262213707;-0.2793179154;-0.007483093534;11
39.26723561;-1.832902193;-0.1052841991;15.54377556;39.27522884;-0.231670469;-0.281761378;0.009621120058;11
39.26933738;-1.909472466;-0.09092725813;15.9314127;39.27733061;-0.1974620372;-0.2793179154;0.02672533318;11
39.27143921;-2.000399828;-0.09092725813;16.3142643;39.27943244;-0.158366695;-0.2805396616;0.0426078178;11
39.27354103;-2.048256159;-0.06699903309;16.69711685;39.28153426;-0.1131627038;-0.2842048407;0.05604684353;11
39.2756428;-2.100898266;-0.0765703246;17.08475304;39.28363603;-0.06551524997;-0.2903134823;0.06948586553;11
39.27774457;-2.124826431;-0.06699903309;17.41974831;39.28573785;-0.01420260593;-0.3000873327;0.08048143238;11
39.2798464;-2.134397745;-0.08614161611;17.74995804;39.28783968;0.03711003438;-0.3061959743;0.09025526792;11
39.28194822;-2.11046958;-0.1100698411;17.98924065;39.28994145;0.09453132749;-0.3233001828;0.09636391699;11
39.28404999;-2.086541414;-0.1292124242;18.22852325;39.29204327;0.1482874304;-0.3391826749;0.1036942974;11
39.28615181;-2.019542217;-0.1674975902;18.41994858;39.29414509;0.2032652497;-0.3513999581;0.1085812151;11
39.28825364;-1.971685886;-0.2249253243;18.53958893;39.29624686;0.258243084;-0.3648389876;0.1122464016;11
39.29035541;-1.923829436;-0.2440679073;18.6353035;39.29834869;0.3095557392;-0.3807214797;0.1134681329;11
39.29245723;-1.8855443;-0.2871387303;18.68315887;39.30045051;0.3608683646;-0.3941605091;0.1159115955;11
39.29455905;-1.856830359;-0.3206382394;18.70708656;39.30255228;0.408515811;-0.4075995386;0.1146898642;11
39.29666082;-1.818545222;-0.4115654826;18.70230103;39.3046541;0.454941541;-0.4222602844;0.1134681329;11
39.29876265;-1.780260086;-0.4546363056;18.6735878;39.30675588;0.4989238083;-0.4369210303;0.1122464016;11
39.30086447;-1.756331801;-0.4929214716;18.64008904;39.3088577;0.5392408967;-0.4503600597;0.1122464016;11
39.30296624;-1.713261008;-0.5312066078;18.62094498;39.31095952;0.5783362389;-0.4637990892;0.1122464016;11
39.30506806;-1.698904037;-0.5312066078;18.5730896;39.31306129;0.6149880886;-0.4760163724;0.1134681329;11
39.30716983;-1.684547186;-0.5407779217;18.51566124;39.31516311;0.6479747891;-0.4857902229;0.1159115955;11
39.30927166;-1.684547186;-0.5551348329;18.46780586;39.31726494;0.6809614897;-0.4980075061;0.119576782;11
39.31137348;-1.698904037;-0.5599204898;18.4486618;39.31936671;0.7163916826;-0.5114465356;0.1232419685;11
39.31347525;-1.741974831;-0.5551348329;18.42473412;39.32146853;0.7506000996;-0.5248855352;0.1293506175;11
39.31557707;-1.746760488;-0.5312066078;18.42951965;39.32357035;0.7835868001;-0.5419898033;0.1354592592;11
39.3176789;-1.765903115;-0.5072783828;18.42473412;39.32567213;0.817795217;-0.5615374446;0.1415679157;11
39.31978067;-1.780260086;-0.4594219327;18.42473412;39.32777395;0.852003634;-0.5835285783;0.1476765573;11
39.32188249;-1.756331801;-0.4307080805;18.4103775;39.32987577;0.8825469017;-0.6067414284;0.1550069451;11
39.32398431;-1.718046665;-0.3972085714;18.41516304;39.33197754;0.9155336022;-0.6287325621;0.1598938555;11
39.32608608;-1.665404558;-0.3493520916;18.35773468;39.33407936;0.9411898851;-0.6495019794;0.1660024971;11
39.32818791;-1.603191137;-0.3254238665;18.30030823;39.33618119;0.968067944;-0.6678279042;0.169667691;11
39.33028973;-1.55054903;-0.3110669553;18.2093811;39.33828296;0.9912807941;-0.6849321127;0.1733328849;11
39.3323915;-1.478764415;-0.2919243574;18.10409546;39.34038478;1.013271928;-0.7008146048;0.1769980639;11
39.33449332;-1.397408366;-0.2679961324;17.99881172;39.3424866;1.030376196;-0.7154753804;0.1818849891;11
39.33659515;-1.325623751;-0.2632105052;17.85045624;39.34458838;1.045036912;-0.7289143801;0.1867718995;11
39.33869692;-1.253839016;-0.2488535494;17.74038696;39.3466902;1.054810762;-0.7399099469;0.1916588247;11
39.34079874;-1.186840057;-0.2584248483;17.60638809;39.34879197;1.067028046;-0.7509055138;0.1941022873;11
39.34290056;-1.143769264;-0.2584248483;17.51067543;39.35089379;1.073136687;-0.7619010806;0.1989891976;11
39.34500233;-1.0863415;-0.2727817893;17.36710739;39.35299561;1.078023672;-0.771674931;0.2038761228;11
39.34710416;-1.03848505;-0.3158525825;17.2426796;39.35509738;1.080467105;-0.7814487815;0.2063195854;11
39.34920593;-0.9858429432;-0.3541377485;17.13739586;39.35719921;1.082910538;-0.7900008559;0.2050978541;11
39.35130775;-0.9188438654;-0.4019941986;17.05603981;39.35930098;1.085353971;-0.8009964228;0.2075413018;11
39.35340957;-0.8279166222;-0.4307080805;17.00818253;39.3614028;1.090240955;-0.8107702732;0.2050978541;11
39.35551134;-0.7417750359;-0.4833501875;16.96989822;39.36350463;1.093906045;-0.8168789148;0.2002109289;11
39.35761317;-0.6747759581;-0.5312066078;16.91246986;39.3656064;1.100014806;-0.8229875565;0.1965457499;11
39.35971494;-0.5790630579;-0.5934200287;16.89811325;39.36770822;1.109788537;-0.8217658401;0.1916588247;11
39.36181676;-0.5264210105;-0.6460621357;16.88375664;39.36981004;1.120784163;-0.8181006312;0.1879936308;11
39.36391858;-0.4977070987;-0.6891329288;16.88375664;39.37191181;1.134223223;-0.8168789148;0.1843284518;11
39.36602035;-0.4737788737;-0.708275497;16.91246986;39.37401364;1.148883939;-0.8107702732;0.1794415265;11
39.36812218;-0.4546363056;-0.7226324677;16.92682648;39.37611541;1.162322998;-0.805883348;0.1769980639;11
39.370224;-0.4354937077;-0.7130611539;16.98904037;39.37821723;1.18187058;-0.7961094975;0.169667691;11
39.37232577;-0.3924229145;-0.708275497;17.00818253;39.38031905;1.198974848;-0.7814487815;0.1635590494;11
39.37442759;-0.3637090325;-0.7178468108;16.98904037;39.38242082;1.220965981;-0.7619010806;0.1574503928;11
39.37652936;-0.3206382394;-0.7704889178;16.9794693;39.38452265;1.241735339;-0.7435751557;0.1513417512;11
39.37863119;-0.2919243574;-0.8279166222;16.96032715;39.38662447;1.262504816;-0.7252492309;0.146454826;11
39.38073301;-0.2584248483;-0.890130043;16.92682648;39.38872624;1.286939383;-0.7069232464;0.1415679157;11
39.38283478;-0.2392822653;-0.9523434043;16.88375664;39.39082806;1.308930516;-0.6898190379;0.1366809905;11
39.3849366;-0.2297109663;-1.000199914;16.81197166;39.39292988;1.33092165;-0.6666061878;0.1317940801;11
39.38703843;-0.1962114573;-1.03848505;16.74018669;39.39503166;1.352912784;-0.6446150541;0.1256854236;11
39.3891402;-0.1770688742;-1.0863415;16.6540451;39.39713348;1.372460485;-0.6226239204;0.119576782;11
39.39124202;-0.1196411327;-1.129412293;16.52004814;39.39923525;1.390786409;-0.5969675779;0.1122464016;11
39.39334384;-0.06221338734;-1.143769264;16.36690712;39.40133707;1.41033411;-0.5688678026;0.1036942974;11
39.39544561;-0.04307080805;-1.16769743;16.25683784;39.4034389;1.429881692;-0.5419898033;0.09636391699;11
39.39754744;-0.03349951655;-1.229910851;16.14198112;39.40554067;1.449429393;-0.5138899684;0.08659008145;11
39.39964921;-0.08614161611;-1.268195987;16.06541061;39.40764249;1.471420527;-0.4870119393;0.08048143238;11
39.40175103;-0.1483550072;-1.316052437;15.99841213;39.40974431;1.490968227;-0.4650208056;0.0743727833;11
39.40385285;-0.2440679073;-1.344766378;15.99362659;39.41184614;1.512959361;-0.4540252388;0.06948586553;11
39.40595462;-0.3637090325;-1.335195065;15.97926998;39.41394791;1.537393928;-0.4442514181;0.06337722391;11
39.40805645;-0.4354937077;-1.316052437;15.99362659;39.41604973;1.56305027;-0.4418079555;0.05849030241;11
39.41015827;-0.4881358147;-1.306481123;16.02234077;39.4181515;1.583819628;-0.4430296719;0.05238165334;11
39.41226009;-0.5359922647;-1.316052437;16.05583954;39.42025332;1.610697746;-0.4503600597;0.04627300799;11
39.41436186;-0.5838487148;-1.31126678;16.01755524;39.42235515;1.635132313;-0.4613556266;0.04138609022;11
39.41646369;-0.6604190469;-1.316052437;15.97448444;39.42445697;1.657123446;-0.474794656;0.03649916872;11
39.41856546;-0.732203722;-1.335195065;15.87877083;39.42655874;1.67911458;-0.4882336855;0.03527744114;11
39.42066728;-0.7896314859;-1.35912323;15.78305817;39.42866056;1.699883938;-0.5028944016;0.03649916872;11
39.4227691;-0.8853443861;-1.354337573;15.62513161;39.43076233;1.718209863;-0.512668252;0.04138609022;11
39.42487093;-1.004985452;-1.378265858;15.4480629;39.43286416;1.735314131;-0.5236638188;0.04627300799;11
39.4269727;-1.105484009;-1.392622828;15.25185108;39.43496593;1.747531414;-0.5322159529;0.05604684353;11
39.42907452;-1.234696507;-1.378265858;15.03171158;39.43706775;1.759748697;-0.5395463109;0.06704241037;11
39.43117629;-1.368694544;-1.344766378;14.84028625;39.43916957;1.769522548;-0.5456549525;0.07925970852;11
39.43327811;-1.459621787;-1.320838094;14.67278862;39.44127134;1.780518174;-0.5468766689;0.08781181276;11
39.43537988;-1.526620865;-1.325623751;14.50529099;39.44337317;1.790291905;-0.5505418777;0.1012508348;11
39.43748171;-1.545763373;-1.320838094;14.3569355;39.44547499;1.803730965;-0.555428803;0.1122464016;11
39.43958353;-1.555334687;-1.325623751;14.26600838;39.44757676;1.818391681;-0.562759161;0.1256854236;11
39.4416853;-1.555334687;-1.339980721;14.20858097;39.44967858;1.834274173;-0.5688678026;0.1379027218;11
39.44378712;-1.531406522;-1.339980721;14.21336651;39.45178041;1.853821874;-0.5774199367;0.1501200199;11
39.44588895;-1.493121386;-1.392622828;14.23250866;39.45388218;1.877034783;-0.5847502947;0.1598938555;11
39.44799072;-1.478764415;-1.430907965;14.29950809;39.455984;1.902691126;-0.5908589363;0.1660024971;11
39.45009254;-1.421336651;-1.469193101;14.36650753;39.45808577;1.930790901;-0.5981893539;0.169667691;11
39.45219436;-1.363908887;-1.555334687;14.4191494;39.46018759;1.960112333;-0.6079631448;0.1708894223;11
39.45429614;-1.258624673;-1.607976794;14.47179127;39.46228942;1.989433885;-0.6116283536;0.169667691;11
39.45639796;-1.124626637;-1.703689694;14.48136234;39.46439119;2.023642302;-0.6116283536;0.1647807807;11
39.45849973;-1.024128079;-1.785045743;14.45264912;39.46649301;2.054185629;-0.6177369952;0.1586721241;11
39.46060155;-0.8997012973;-1.871187329;14.37607861;39.46859483;2.082285404;-0.6275108457;0.1501200199;11
39.46270338;-0.7944171429;-1.957328916;14.27557945;39.4706966;2.109163284;-0.6323977709;0.1403461844;11
39.46480515;-0.6939185858;-2.009970903;14.13201046;39.47279838;2.12993288;-0.6348412037;0.1305723488;11
39.46690697;-0.6077769399;-2.091326952;13.95494175;39.47490025;2.145815372;-0.6323977709;0.1183550507;11
39.46900879;-0.5551348329;-2.134397745;13.67737389;39.47700202;2.160475969;-0.6262891293;0.1073594838;11
39.47111056;-0.5216353536;-2.196611166;13.37587833;39.47910384;2.170249939;-0.6177369952;0.0988073796;11
39.47321233;-0.4833501875;-2.225325108;13.07916832;39.48120561;2.177580118;-0.6067414284;0.09025526792;11
39.47531421;-0.4546363056;-2.258824587;12.76810169;39.48330744;2.176358461;-0.5933024287;0.08170316368;11
39.47741598;-0.4211367965;-2.263610125;12.47139168;39.48540926;2.176358461;-0.5737547278;0.0743727833;11
39.4795178;-0.3924229145;-2.254039049;12.19861031;39.48751103;2.173915148;-0.5493201613;0.06826414168;11
39.48161957;-0.3637090325;-2.282752752;11.9162569;39.48961285;2.169028044;-0.5187768936;0.06582067907;11
39.4837214;-0.3445664644;-2.249253273;11.68654537;39.49171468;2.164141178;-0.4857902229;0.06459894776;11
39.48582322;-0.3684946895;-2.239681959;11.47597694;39.49381645;2.155589104;-0.4491383433;0.06582067907;11
39.48792499;-0.3828516304;-2.196611166;11.26062298;39.49591827;2.145815372;-0.4112647176;0.06826414168;11
39.49002681;-0.4211367965;-2.139183521;11.05484104;39.49802009;2.136041403;-0.374612838;0.07315105945;11
39.49212864;-0.4642075896;-2.086541414;10.86341476;39.50012186;2.122602463;-0.3391826749;0.07681624591;11
39.49423041;-0.4881358147;-2.024327993;10.68156052;39.50222369;2.111606836;-0.3049742281;0.08170316368;11
39.49633223;-0.4833501875;-1.957328916;10.50927734;39.50432551;2.10061121;-0.2756527364;0.08781181276;11
39.49843405;-0.4737788737;-1.895115495;10.31785107;39.50642728;2.088393927;-0.2475529462;0.09269873053;11
39.50053582;-0.4594219327;-1.852044702;10.18863869;39.5085291;2.076176643;-0.2182314396;0.0975856483;11
39.50263765;-0.4594219327;-1.813759565;10.08814049;39.51063088;2.065181017;-0.1950185746;0.1049160287;11
39.50473947;-0.4689932466;-1.804188251;9.968499184;39.5127327;2.056628942;-0.1681405306;0.1134681329;11
39.50684124;-0.5024927258;-1.770688772;9.868000984;39.51483452;2.045633316;-0.1461493969;0.119576782;11
39.50894306;-0.5359922647;-1.770688772;9.772287369;39.51693629;2.037081242;-0.1241582632;0.1281288862;11
39.51104483;-0.5503492355;-1.746760488;9.681360245;39.51903811;2.024863958;-0.09972367436;0.1342375278;11
39.51314666;-0.5168496966;-1.741974831;9.576076508;39.52113994;2.015090227;-0.0740673542;0.1403461844;11
39.51524848;-0.4977070987;-1.727617979;9.44207859;39.52324171;2.002872944;-0.05085449293;0.146454826;11
39.51735025;-0.4737788737;-1.708475351;9.30807972;39.52534348;1.991877317;-0.03130681813;0.1501200199;11
39.51945207;-0.4307080805;-1.670190215;9.17886734;39.5274453;1.98088181;-0.01053741761;0.1537852138;11
39.5215539;-0.3684946895;-1.617548108;9.03051281;39.52954712;1.969886184;0.005345067009;0.1550069451;11
39.52365567;-0.2967100143;-1.593619823;8.925228119;39.53164895;1.958890676;0.01389717404;0.1537852138;11
39.52575744;-0.2297109663;-1.593619823;8.848658562;39.53375072;1.950338483;0.02244928107;0.1513417512;11
39.52785926;-0.1866401732;-1.59840548;8.772088051;39.53585254;1.941786408;0.02855792828;0.146454826;11
39.52996108;-0.1483550072;-1.617548108;8.66680336;39.53795436;1.935677767;0.03222311661;0.1415679157;11
39.53206291;-0.06699903309;-1.64626193;8.66680336;39.54005614;1.928347349;0.03711003438;0.1330158114;11
39.53416468;-0.0239282269;-1.679761529;8.72423172;39.54215796;1.92468226;0.03711003438;0.1269071549;11
39.5362665;0.004785645287;-1.718046665;8.657232285;39.54425973;1.923460484;0.03466657549;0.119576782;11
39.53836832;0.004785645287;-1.746760488;8.642875671;39.54636155;1.923460484;0.02855792828;0.1122464016;11
39.54047009;0.0;-1.785045743;8.623732567;39.54846338;1.925903916;0.0175623633;0.1049160287;11
39.54257192;-0.0239282269;-1.808973908;8.652446747;39.55056515;1.930790901;0.006566796452;0.0988073796;11
39.54467369;-0.08614161611;-1.823330879;8.719446182;39.55266697;1.9381212;-0.009315688163;0.09269873053;11
39.54677551;-0.1100698411;-1.823330879;8.819944382;39.55476879;1.94789505;-0.02764163166;0.08659008145;11
39.54887733;-0.1483550072;-1.789831281;8.944371223;39.55687056;1.963777542;-0.04718930274;0.08292489499;11
39.5509791;-0.1914258152;-1.761117458;9.092725754;39.55897239;1.982103467;-0.06551524997;0.07803797722;11
39.55308093;-0.2057827413;-1.727617979;9.269794464;39.56107421;2.002872944;-0.08750637621;0.07681624591;11
39.55518275;-0.2057827413;-1.713261008;9.446864128;39.56317598;2.02730751;-0.1192713454;0.07559451461;11
39.55728452;-0.2440679073;-1.708475351;9.604789734;39.5652778;2.057850838;-0.1510363221;0.07070759684;11
39.55938634;-0.2967100143;-1.727617979;9.777072906;39.56737957;2.085950613;-0.1803578287;0.06459894776;11
39.56148817;-0.3541377485;-1.741974831;9.915857315;39.5694814;2.120158911;-0.2047924101;0.05604684353;11
39.56358994;-0.4163511395;-1.804188251;10.0019989;39.57158317;2.155589104;-0.231670469;0.04627300799;11
39.56569176;-0.4881358147;-1.890329838;9.982855797;39.57368504;2.192240953;-0.2573267817;0.03527744114;11
39.56779353;-0.5312066078;-1.971685886;9.906285286;39.57578681;2.228892803;-0.2768744528;0.02550360374;11
39.56989535;-0.5694918036;-2.043470621;9.791430473;39.57788858;2.265544653;-0.2927569449;0.0157297682;11
39.57199712;-0.6221339107;-2.11046958;9.662218094;39.57999041;2.299753189;-0.3098611534;0.007177661173;11
39.574099;-0.6843472719;-2.143969059;9.466006279;39.58209223;2.333961725;-0.3208567202;0.001069013379;11
39.57620077;-0.7752745152;-2.158325911;9.260223389;39.58419405;2.365726471;-0.3294088244;-0.003817904973;11
39.57830254;-0.8518448472;-2.158325911;8.997013092;39.58629582;2.392604589;-0.3306305707;-0.005039634649;11
39.58040436;-0.9284151793;-2.139183521;8.709874153;39.58839765;2.417039156;-0.3306305707;-0.005039634649;11
39.58250619;-0.9954141974;-2.124826431;8.365307808;39.59049942;2.439030409;-0.3245218992;-0.002596175298;11
39.58460801;-1.052842021;-2.053041935;8.030312538;39.59260124;2.453691006;-0.3147480786;0.001069013379;11
39.58670978;-1.129412293;-1.947757602;7.647460938;39.59470306;2.468351841;-0.3037525117;0.009621120058;11
39.5888116;-1.191625714;-1.823330879;7.240681171;39.59680489;2.474460602;-0.2878700197;0.02061668597;11
39.59091338;-1.258624673;-1.670190215;6.829115868;39.59890666;2.475682259;-0.2695440948;0.03161225095;11
39.5930152;-1.325623751;-1.526620865;6.427121639;39.60100843;2.470795393;-0.2487746775;0.04627300799;11
39.59511702;-1.368694544;-1.363908887;5.996413708;39.6031103;2.463464975;-0.2255618125;0.05849030241;11
39.59721884;-1.387837172;-1.196411371;5.556134224;39.60521207;2.445138931;-0.2047924101;0.0743727833;11
39.59932061;-1.392622828;-1.024128079;5.13021183;39.6073139;2.428034782;-0.1901316643;0.08903354406;11
39.60142238;-1.368694544;-0.866201818;4.713860512;39.60941567;2.406043768;-0.1754709035;0.1024725661;11
39.60352426;-1.35912323;-0.7130611539;4.326223373;39.61151749;2.377943754;-0.1644753367;0.1159115955;11
39.60562603;-1.292124271;-0.5503492355;3.967299938;39.61361931;2.348622322;-0.1534797698;0.1281288862;11
39.60772785;-1.210768223;-0.4402793646;3.665804386;39.61572108;2.316857338;-0.142484203;0.1415679157;11
39.60982962;-1.11984098;-0.3254238665;3.364308596;39.61782291;2.280205488;-0.1351538301;0.1525634825;11
39.61193145;-1.014556766;-0.2105683982;3.081955671;39.61992468;2.242331982;-0.1241582632;0.1611155868;11
39.61403327;-0.9284151793;-0.1004985496;2.799602509;39.62202655;2.205679893;-0.1107192412;0.1684459597;11
39.61613504;-0.8279166222;-0.004785645287;2.550748825;39.62412832;2.16658473;-0.08628465235;0.1721111536;11
39.61823686;-0.732203722;0.09092725813;2.321038008;39.62623009;2.127489328;-0.06551524997;0.1757763475;11
39.62033864;-0.6317051649;0.1387837082;2.081755638;39.62833192;2.08717227;-0.0374154672;0.1745546162;11
39.62244051;-0.5120640397;0.2009970993;1.880758643;39.63043369;2.046855211;-0.01175914705;0.1733328849;11
39.62454228;-0.3780659735;0.2632105052;1.694118381;39.63253551;2.004094601;0.0175623633;0.169667691;11
39.62664405;-0.2488535494;0.3110669553;1.569691658;39.63463733;1.964999318;0.04566214234;0.1635590494;11
39.62874588;-0.1292124242;0.3589234054;1.402194023;39.63673916;1.923460484;0.07620538026;0.1586721241;11
39.63084765;-0.009571290575;0.4019941986;1.268195987;39.63884093;1.885586858;0.1079703495;0.1525634825;11
39.63294947;0.0765703246;0.4642075896;1.124626637;39.6409427;1.844048023;0.1360701323;0.1452330947;11
39.63505129;0.1627119333;0.5359922647;1.043270707;39.64304452;1.807396173;0.1641699076;0.1391244531;11
39.63715311;0.2201396823;0.5934200287;0.9332008362;39.64514634;1.770744324;0.1910479665;0.1342375278;11
39.63925488;0.2392822653;0.6747759581;0.837487936;39.64724817;1.731648922;0.2130390853;0.1305723488;11
39.64135666;0.2536391914;0.7704889178;0.784845829;39.64934994;1.693775296;0.2338084877;0.1269071549;11
39.64345848;0.2344966233;0.8757730722;0.70348984;39.65145176;1.654680014;0.2423606068;0.1232419685;11
39.6455603;0.2105683982;0.9906286001;0.6221339107;39.65355358;1.615584612;0.2435823381;0.119576782;11
39.64766213;0.1770688742;1.100698471;0.5934200287;39.65565535;1.577710986;0.2399171442;0.1146898642;11
39.6497639;0.1627119333;1.229910851;0.5647061467;39.65775718;1.543502569;0.227699846;0.1085812151;11
39.65186572;0.1339980662;1.316052437;0.5264210105;39.65985895;1.505628943;0.2105956376;0.1049160287;11
39.65396754;0.1387837082;1.378265858;0.4785645306;39.66196077;1.466533661;0.1898262352;0.0975856483;11
39.65606931;0.1292124242;1.430907965;0.4354937077;39.66406259;1.428660035;0.1629481763;0.09269873053;11
39.65817114;0.1292124242;1.493121386;0.3684946895;39.66616442;1.385899425;0.134848401;0.08659008145;11
39.66027291;0.1339980662;1.55054903;0.2823530734;39.66826619;1.345582366;0.1055268943;0.08170316368;11
39.66237473;0.1004985496;1.593619823;0.2057827413;39.67036801;1.300378442;0.0737619251;0.07681624591;11
39.66447655;0.1100698411;1.622333765;0.1387837082;39.67246978;1.25150919;0.04321868345;0.07192932814;11
39.66657838;0.1244267747;1.670190215;0.02871387079;39.6745716;1.201418281;0.009010255337;0.06826414168;11
39.66868015;0.1244267747;1.708475351;-0.06221338734;39.67667343;1.150105715;-0.02641990222;0.06582067907;11
39.67078197;0.1531406492;1.737189293;-0.1722832322;39.6787752;1.095127821;-0.06062832847;0.0621554926;11
39.67288374;0.1531406492;1.765903115;-0.2584248483;39.68087702;1.042593479;-0.08994983882;0.05849030241;11
39.67498556;0.1914258152;1.799402595;-0.3397808075;39.68297879;0.9839504361;-0.1266017258;0.05238165334;11
39.67708738;0.2679961324;1.808973908;-0.4354937077;39.68508061;0.9240856767;-0.1595884264;0.04627300799;11
39.67918916;0.3637090325;1.804188251;-0.5120640397;39.68718244;0.8654426932;-0.1901316643;0.03649916872;11
39.68129098;0.4546363056;1.808973908;-0.6029912829;39.68928426;0.8055779338;-0.2218966335;0.02672533318;11
39.68339275;0.5503492355;1.794616938;-0.6939185858;39.69138603;0.7432697415;-0.2487746775;0.01450803876;11
39.68549457;0.6604190469;1.765903115;-0.7513462901;39.69348785;0.6772963405;-0.2744309902;0.002290742937;11
39.6875964;0.756131947;1.727617979;-0.8231309652;39.69558963;0.617431581;-0.2952004075;-0.01359174121;11
39.68969822;0.866201818;1.708475351;-0.8853443861;39.69769145;0.5563451052;-0.3147480786;-0.03069595434;11
39.69179999;0.9571290612;1.679761529;-0.9332008362;39.69979327;0.4964803457;-0.3306305707;-0.0490218997;11
39.69390181;1.043270707;1.655833244;-0.9188438654;39.70189509;0.4353938699;-0.3440696001;-0.06734783947;11
39.69600358;1.129412293;1.603191137;-0.8949156404;39.70399686;0.3816377819;-0.3562868834;-0.08933897316;11
39.69810541;1.229910851;1.555334687;-0.7992027402;39.70609864;0.3291034102;-0.3636172712;-0.1113301069;11
39.70020723;1.31126678;1.50269258;-0.6843472719;39.70820046;0.2826776803;-0.3648389876;-0.1357647032;11
39.70230905;1.392622828;1.440479279;-0.5216353536;39.71030228;0.2362519503;-0.3636172712;-0.1565341055;11
39.70441082;1.464407444;1.397408366;-0.3589234054;39.71240405;0.1996000707;-0.3660607338;-0.1773035079;11
39.70651259;1.50269258;1.339980721;-0.1722832322;39.71450588;0.1653916389;-0.3648389876;-0.1992946416;11
39.70861442;1.512263894;1.316052437;0.05742774159;39.7166077;0.134848401;-0.3611738086;-0.2163988501;11
39.71071624;1.507478237;1.277767301;0.3014956415;39.71870952;0.1079703495;-0.3562868834;-0.2359465212;11
39.71281801;1.526620865;1.258624673;0.5838487148;39.72081129;0.0847574845;-0.3477347791;-0.2554942071;11
39.71491983;1.497906923;1.234696507;0.8422735929;39.72291311;0.06520981342;-0.3367392123;-0.273820132;11
39.71702166;1.473978758;1.220339537;1.091127157;39.72501488;0.0542142503;-0.3184132576;-0.2933678031;11
39.71912348;1.445264935;1.172483087;1.31126678;39.72711671;0.04810560122;-0.2976438701;-0.3104720116;11
39.72122525;1.416550994;1.162911773;1.521835208;39.72921848;0.04688387364;-0.2695440948;-0.3263545036;11
39.72332707;1.344766378;1.153340459;1.775474429;39.7313203;0.04810560122;-0.2426660359;-0.3385718167;11
39.72542884;1.272981644;1.143769264;2.033899307;39.73342213;0.05665770918;-0.2133445293;-0.3507890999;11
39.72753067;1.177268744;1.153340459;2.254039049;39.7355239;0.06643154472;-0.1742491722;-0.3605629504;11
39.72963244;1.095912814;1.177268744;2.507678032;39.73762572;0.07987056673;-0.142484203;-0.3715584874;11
39.73173426;1.03848505;1.201196909;2.694318295;39.73972754;0.09819651395;-0.1046105921;-0.3788888752;11
39.73383608;0.9762716293;1.220339537;2.837887764;39.74182931;0.1201876476;-0.06551524997;-0.3862192631;11
39.73593785;0.9236295223;1.239482164;2.986242771;39.74393114;0.1470656991;-0.02519817278;-0.3911061883;11
39.73803968;0.8805587292;1.249053478;3.201596737;39.74603291;0.177608937;0.0175623633;-0.3935496211;11
39.7401415;0.7944171429;1.220339537;3.388236761;39.74813473;0.2081521749;0.05910116807;-0.3947713673;11
39.74224327;0.6843472719;1.16769743;3.531806231;39.75023655;0.2411388755;0.1030834317;-0.3947713673;11
39.74434509;0.5599204898;1.138983607;3.641875982;39.75233832;0.2753472924;0.1446222365;-0.3911061883;11
39.74644686;0.4402793646;1.081555843;3.728017569;39.75444015;0.308333993;0.1898262352;-0.3862192631;11
39.74854869;0.3158525825;1.052842021;3.804588079;39.75654197;0.3437641561;0.2301433086;-0.3801106215;11
39.75065051;0.1818545163;1.014556766;3.88594389;39.75864374;0.3791943192;0.2753472924;-0.3715584874;11
39.75275228;0.06699903309;1.024128079;3.957728624;39.76074556;0.4146244824;0.3156643808;-0.3617846668;11
39.7548541;-0.0239282269;1.028913736;4.015156269;39.76284738;0.4512763619;0.3596466482;-0.3532325625;11
39.75695593;-0.09092725813;1.043270707;4.039084435;39.76494921;0.4854847789;0.3962985277;-0.3422369957;11
39.7590577;-0.1483550072;1.105484009;4.053441525;39.76705098;0.517249763;0.4292852283;-0.3324631453;11
39.76115952;-0.2249253243;1.191625714;4.034298897;39.7691528;0.5477929711;0.454941541;-0.323911041;11
39.76326134;-0.2919243574;1.277767301;4.019941807;39.77125457;0.57467103;0.4793761373;-0.316580683;11
39.76536317;-0.3397808075;1.349551916;3.98165679;39.7733564;0.6003273726;0.5001455545;-0.3092502952;11
39.76746494;-0.3972085714;1.411765337;3.88594389;39.77545822;0.6210967898;0.5135845542;-0.3019199073;11
39.76956676;-0.4402793646;1.478764415;3.75673151;39.77755999;0.6333140731;0.5221366882;-0.2945895493;11
39.77166853;-0.5024927258;1.531406522;3.555734396;39.77966181;0.6430879235;0.5233584046;-0.2835939825;11
39.77377035;-0.5647061467;1.574477315;3.369094372;39.78176358;0.6479747891;0.5258018374;-0.270154953;11
39.77587218;-0.6317051649;1.627119422;3.168097258;39.78386541;0.6467530727;0.5209149122;-0.25793764;11
39.77797395;-0.7130611539;1.670190215;2.904886723;39.78596718;0.6382009983;0.5148062706;-0.2420551628;11
39.78007577;-0.7752745152;1.727617979;2.651247501;39.788069;0.6259836555;0.5025889874;-0.2273944169;11
39.78217754;-0.813559711;1.785045743;2.411965132;39.79017082;0.6113229394;0.4867065251;-0.2127336562;11
39.78427936;-0.8279166222;1.856830359;2.163111687;39.79227259;0.5893318057;0.4720457494;-0.196851179;11
39.78638114;-0.813559711;1.923829436;1.928615093;39.79437442;0.5624537468;0.4537198246;-0.1846338809;11
39.78848296;-0.7752745152;2.000399828;1.698904037;39.79647624;0.5319104791;0.428063482;-0.173638314;11
39.79058478;-0.6987041831;2.091326952;1.473978758;39.79857801;0.4952586293;0.4072940946;-0.1650862098;11
39.79268655;-0.6173482537;2.196611166;1.239482164;39.80067983;0.4537198246;0.3828594983;-0.1577558219;11
39.79478838;-0.5407779217;2.30189538;1.024128079;39.8027816;0.4097375572;0.3572031856;-0.1540906429;11
39.7968902;-0.4450650215;2.392822742;0.813559711;39.80488348;0.358424902;0.3315468729;-0.1540906429;11
39.79899197;-0.3589234054;2.478964329;0.5886343718;39.80698525;0.3034470677;0.3022253513;-0.1540906429;11
39.80109379;-0.2584248483;2.560320139;0.4019941986;39.80908707;0.2472475171;0.2753472924;-0.1577558219;11
39.80319556;-0.1818545163;2.62253356;0.1962114573;39.81118884;0.1873827726;0.2423606068;-0.1614210159;11
39.80529744;-0.08614161611;2.684746981;0.07178468257;39.81329067;0.1262962967;0.2081521749;-0.1687513888;11
39.80739921;-0.004785645287;2.727817774;-0.03349951655;39.81539249;0.06398808211;0.1739437431;-0.1773035079;11
39.80950103;0.08614161611;2.775674343;-0.1579262912;39.81749426;0.0004581485991;0.1360701323;-0.1846338809;11
39.8116028;0.1244267747;2.818745136;-0.2009970993;39.81959603;-0.06185005978;0.09941824526;-0.1931859851;11
39.81370462;0.1483550072;2.804388046;-0.2153540403;39.82169791;-0.1253799945;0.05665770918;-0.200516358;11
39.81580645;0.1770688742;2.804388046;-0.2249253243;39.82379968;-0.1876882017;0.01023198478;-0.2102901936;11
39.81790822;0.1387837082;2.818745136;-0.2009970993;39.82590145;-0.2475529462;-0.03375028074;-0.2212857604;11
39.82000999;0.1052841991;2.833101988;-0.1052841991;39.82800327;-0.3061959743;-0.08384118974;-0.2322813272;11
39.82211186;0.07178468257;2.852244616;0.01914258115;39.83010509;-0.3611738086;-0.1327103674;-0.2383899838;11
39.82421364;0.08614161611;2.92402935;0.1339980662;39.83220692;-0.4112647176;-0.18157956;-0.2493855506;11
39.82631541;0.05742774159;2.928814888;0.2967100143;39.83430869;-0.458912164;-0.2328922004;-0.2554942071;11
39.82841723;0.0239282269;2.928814888;0.4402793646;39.83641051;-0.5004509687;-0.281761378;-0.2628245652;11
39.83051905;-0.0239282269;2.928814888;0.6412764788;39.83851228;-0.5383245945;-0.3330740333;-0.270154953;11
39.83262088;-0.04785645381;2.92402935;0.813559711;39.8406141;-0.5749764442;-0.3794997334;-0.273820132;11
39.83472265;-0.09092725813;2.914458036;0.9906286001;39.84271593;-0.6042979956;-0.4222602844;-0.2762635946;11
39.83682447;-0.1052841991;2.880958557;1.143769264;39.8448177;-0.6311760545;-0.4637990892;-0.2750418782;11
39.83892624;-0.1818545163;2.861815929;1.325623751;39.84691952;-0.6568323374;-0.5016726851;-0.2725984156;11
39.84102806;-0.2488535494;2.861815929;1.497906923;39.84902134;-0.6788234711;-0.5297724605;-0.2689332068;11
39.84312988;-0.3302095234;2.837887764;1.674975872;39.85112311;-0.698371172;-0.5542070866;-0.266489774;11
39.84523166;-0.4115654826;2.82831645;1.852044702;39.85322494;-0.7105884552;-0.5749764442;-0.2603811026;11
39.84733348;-0.4402793646;2.837887764;2.043470621;39.85532676;-0.7191405892;-0.5859720111;-0.2554942071;11
39.8494353;-0.4737788737;2.842673302;2.239681959;39.85742853;-0.7264709473;-0.5933024287;-0.2518289983;11
39.85153707;-0.4977070987;2.833101988;2.426322222;39.85953035;-0.7313578725;-0.5945241451;-0.246942088;11
39.8536389;-0.5168496966;2.852244616;2.603390932;39.86163212;-0.7313578725;-0.5920807123;-0.2396117151;11
39.85574072;-0.5120640397;2.876172781;2.761317253;39.86373395;-0.7313578725;-0.5810851455;-0.2322813272;11
39.85784249;-0.5455635786;2.880958557;2.90967226;39.86583577;-0.7301361561;-0.5676460862;-0.223729223;11
39.85994431;-0.5599204898;2.919243574;3.034099102;39.86793759;-0.7228057384;-0.5493201613;-0.2127336562;11
39.86204608;-0.5982056856;2.947957516;3.158525944;39.87003936;-0.7179188132;-0.5236638188;-0.1992946416;11
39.86414791;-0.626919508;2.986242771;3.263810158;39.87214114;-0.7093667388;-0.5004509687;-0.1834121495;11
39.86624973;-0.6412764788;3.034099102;3.369094372;39.87424301;-0.7020363212;-0.4735729098;-0.1638644785;11
39.86835155;-0.6891329288;3.062813044;3.440878868;39.87634478;-0.6934842467;-0.4454731345;-0.1455385387;11
39.87045332;-0.7465606928;3.091526747;3.555734396;39.8784466;-0.6812669635;-0.4198168218;-0.1247691289;11
39.87255509;-0.7992027402;3.120240688;3.641875982;39.88054838;-0.6702713966;-0.3892735839;-0.1015562713;11
39.87465697;-0.8566305041;3.134597778;3.761517286;39.8826502;-0.6580541134;-0.3648389876;-0.07956513762;11
39.87675874;-0.890130043;3.144168854;3.847658873;39.88475202;-0.6458367705;-0.3391826749;-0.05757400393;11
39.87886056;-0.8997012973;3.153740168;3.972085476;39.88685379;-0.6336194873;-0.308639437;-0.03680460155;11
39.88096233;-0.8853443861;3.125026464;4.010370731;39.88895561;-0.6189587116;-0.278096199;-0.01970038936;11
39.88306416;-0.866201818;3.120240688;4.072584152;39.89105738;-0.6067414284;-0.2475529462;-0.001374445739;11
39.88516598;-0.813559711;3.091526747;4.10608387;39.89315921;-0.5908589363;-0.2170097083;0.0108428495;11
39.88726775;-0.7178468108;3.062813044;4.072584152;39.89526103;-0.5810851455;-0.1840230078;0.02183841541;11
39.88936957;-0.626919508;3.00538516;4.048655987;39.8973628;-0.5761982203;-0.1510363221;0.02916879393;11
39.89147134;-0.5168496966;2.962314367;3.986442566;39.89946462;-0.571311295;-0.1204930767;0.03649916872;11
39.89357317;-0.4402793646;2.861815929;3.895515203;39.9015664;-0.5676460862;-0.08872810751;0.04138609022;11
39.89567499;-0.3493520916;2.785245657;3.814159393;39.90366822;-0.5700895786;-0.06307178736;0.04505127668;11
39.89777676;-0.2679961324;2.703889608;3.751945972;39.90577004;-0.5737547278;-0.03985892609;0.04749473557;11
39.89987858;-0.1866401732;2.63689065;3.646661758;39.90787181;-0.5823068619;-0.02153298259;0.04871646687;11
39.90198035;-0.1339980662;2.54117775;3.598805189;39.90997364;-0.5908589363;-0.00565049937;0.05115992576;11
39.90408218;-0.1004985496;2.464607239;3.512663603;39.91207546;-0.605519712;0.005345067009;0.05115992576;11
39.906184;-0.09092725813;2.388036966;3.445664644;39.91417723;-0.6226239204;0.01511890348;0.05115992576;11
39.90828577;-0.09571290761;2.325823545;3.393022537;39.91627905;-0.6409498453;0.0175623633;0.05115992576;11
39.91038759;-0.09092725813;2.282752752;3.349951744;39.91838088;-0.6617192626;0.0175623633;0.04871646687;11
39.91248942;-0.09571290761;2.249253273;3.297309637;39.92048265;-0.6849321127;0.0126754446;0.04749473557;11
39.91459119;-0.09092725813;2.201396942;3.268595695;39.92258447;-0.7093667388;0.007788525894;0.04505127668;11
39.91669301;-0.06699903309;2.167897224;3.249453068;39.92468624;-0.7386882305;-0.003207040019;0.0426078178;11
39.91879483;-0.05742774159;2.148754835;3.230310678;39.92678806;-0.7680097222;-0.009315688163;0.03772090003;11
39.9208966;-0.0765703246;2.129612207;3.225524902;39.92888989;-0.7961094975;-0.02641990222;0.03405570984;11
39.92299843;-0.1148554832;2.105684042;3.259024382;39.93099166;-0.8266527653;-0.04230238497;0.02794706449;11
39.9251002;-0.1483550072;2.081755638;3.287738323;39.93309348;-0.8596394658;-0.06307178736;0.0242818743;11
39.92720202;-0.1770688742;2.072184324;3.321237803;39.9351953;-0.8901826739;-0.08261945844;0.02061668597;11
39.92930384;-0.1914258152;2.057827473;3.37387991;39.93729707;-0.9207259417;-0.102167137;0.01695149764;11
39.93140561;-0.2249253243;2.057827473;3.407379389;39.9393989;-0.9524909258;-0.1253799945;0.01206457894;11
39.93350744;-0.2584248483;2.072184324;3.464807272;39.94150067;-0.9830341339;-0.1449276656;0.007177661173;11
39.93560926;-0.2871387303;2.067398787;3.546163082;39.94360249;-1.012355685;-0.165697068;0.00351247238;11
39.93771103;-0.2919243574;2.067398787;3.598805189;39.94570431;-1.044120669;-0.1840230078;-0.002596175298;11
39.93981285;-0.2967100143;2.057827473;3.665804386;39.94780614;-1.073442101;-0.2047924101;-0.008704823442;11
39.94191462;-0.3110669553;2.06261301;3.728017569;39.94990791;-1.102763653;-0.2255618125;-0.01481347065;11
39.94401645;-0.3110669553;2.072184324;3.766302824;39.95200973;-1.133306861;-0.2475529462;-0.01970038936;11
39.94611827;-0.3158525825;2.072184324;3.809373617;39.9541115;-1.162628412;-0.2683223486;-0.02580903657;11
39.94822009;-0.3062812984;2.072184324;3.833301783;39.95621332;-1.190728188;-0.2890917659;-0.02825249545;11
39.95032186;-0.3349951804;2.086541414;3.857230186;39.95831509;-1.21638453;-0.312304616;-0.0294742249;11
39.95242369;-0.3876372576;2.048256159;3.924229145;39.96041692;-1.244484305;-0.3330740333;-0.02825249545;11
39.95452546;-0.4498506486;2.038684845;4.005585194;39.96251874;-1.266475439;-0.3526217043;-0.02580903657;11
39.95662728;-0.5072783828;2.029113531;4.120440483;39.96462056;-1.292131782;-0.374612838;-0.01970038936;11
39.95872905;-0.5790630579;2.024327993;4.254438877;39.96672233;-1.312901139;-0.3990474045;-0.01359174121;11
39.96083088;-0.6364908218;2.01475668;4.39800787;39.96882416;-1.327561855;-0.424703747;-0.003817904973;11
39.9629327;-0.6699903607;1.990828395;4.546362877;39.97092593;-1.342222691;-0.4515817761;0.005955931731;11
39.96503452;-0.732203722;1.990828395;4.752145767;39.97302775;-1.351996422;-0.4809032977;0.01817322709;11
39.96713629;-0.7752745152;1.938186288;4.991427898;39.97512957;-1.361770272;-0.5114465356;0.02672533318;11
39.96923811;-0.7704889178;1.904686809;5.211567879;39.97723134;-1.362992048;-0.5444332361;0.03772090003;11
39.97133988;-0.7513462901;1.852044702;5.417350292;39.97933317;-1.361770272;-0.5810851455;0.0438295491;11
39.97344171;-0.6652047038;1.799402595;5.603990555;39.98143499;-1.358105063;-0.614071846;0.04749473557;11
39.97554353;-0.5599204898;1.746760488;5.843272686;39.98353676;-1.349552989;-0.6519454122;0.04627300799;11
39.9776453;-0.4259224236;1.703689694;6.049055576;39.98563858;-1.337335706;-0.6849321127;0.03894263133;11
39.97974712;-0.2632105052;1.641476393;6.259624004;39.98774041;-1.321453214;-0.7191405892;0.02916879393;11
39.98184895;-0.05742774159;1.593619823;6.460621357;39.98984218;-1.306792498;-0.7509055138;0.01328630932;11
39.98395072;0.1483550072;1.555334687;6.63290453;39.991944;-1.287244797;-0.7790052891;-0.005039634649;11
39.98605254;0.3589234054;1.540977836;6.776473522;39.99404577;-1.265253663;-0.8034399152;-0.02580903657;11
39.98815436;0.5838487148;1.517049551;6.910471916;39.99614759;-1.245705962;-0.8254310489;-0.0490218997;11
39.99025614;0.784845829;1.507478237;6.977470875;39.99824942;-1.22982347;-0.8413135409;-0.07223475724;11
39.99235796;0.9571290612;1.50269258;7.010970116;40.00035119;-1.212719321;-0.8510873318;-0.09422589093;11
39.99445973;1.110269666;1.512263894;6.98704195;40.00245296;-1.200502038;-0.8535308242;-0.1149952933;11
39.99656155;1.21555388;1.517049551;6.924828529;40.00455483;-1.187062979;-0.8449786901;-0.1345429718;11
39.99866338;1.306481123;1.536192179;6.80997324;40.0066566;-1.182176113;-0.8278744817;-0.1492037177;11
40.00076515;1.363908887;1.540977836;6.704689026;40.00875843;-1.180954337;-0.79855299;-0.1626427472;11
40.00286692;1.368694544;1.564906001;6.522834301;40.01086025;-1.182176113;-0.7582359314;-0.1711948514;11
40.00496879;1.330409408;1.584048629;6.326622963;40.01296202;-1.189506412;-0.7081450224;-0.1760817766;11
40.00707056;1.272981644;1.612762451;6.116054535;40.01506384;-1.201723695;-0.6495019794;-0.1773035079;11
40.00917238;1.162911773;1.651047587;5.871986866;40.01716567;-1.215162754;-0.5847502947;-0.1748600453;11
40.01127421;1.048056364;1.708475351;5.64227581;40.01926744;-1.232267022;-0.5151117444;-0.1675296724;11
40.01337598;0.9140582681;1.770688772;5.455635548;40.02136921;-1.249371171;-0.4381427765;-0.1577558219;11
40.0154778;0.760917604;1.866401672;5.288137913;40.02347103;-1.271362305;-0.3611738086;-0.1443168074;11
40.01757962;0.5982056856;1.938186288;5.154139996;40.02557285;-1.292131782;-0.2842048407;-0.1223256737;11
40.0196814;0.4115654826;2.019542217;5.034498692;40.02767462;-1.314122915;-0.2060141414;-0.0991128087;11
40.02178317;0.2392822653;2.115255117;4.914857864;40.02977645;-1.339779139;-0.131488651;-0.07223475724;11
40.02388499;0.02871387079;2.201396942;4.814359188;40.03187827;-1.361770272;-0.06185005978;-0.03802633286;11
40.02598681;-0.1674975902;2.273181438;4.728217602;40.03398004;-1.387426615;0.005345067009;-0.002596175298;11
40.02808858;-0.3876372576;2.311466694;4.689932346;40.03608186;-1.411861181;0.06765327603;0.03527744114;11
40.03019041;-0.5647061467;2.316252232;4.661218643;40.03818369;-1.436295867;0.1262962967;0.07559451461;11
40.03229223;-0.7513462901;2.292324066;4.637290478;40.04028546;-1.460730433;0.1788306683;0.1183550507;11
40.034394;-0.9284151793;2.220539331;4.666004181;40.04238728;-1.486386776;0.2228129357;0.1611155868;11
40.03649582;-1.067198873;2.187039852;4.752145767;40.0444891;-1.505934358;0.2643517256;0.2050978541;11
40.03859765;-1.1820544;2.091326952;4.857429981;40.04659088;-1.526703835;0.3046688139;0.2490801066;11
40.04069942;-1.268195987;2.01475668;5.072783947;40.0486927;-1.545029759;0.3388772309;0.2906189263;11
40.04280124;-1.339980721;1.919043779;5.268995285;40.05079447;-1.562133908;0.3730856776;0.3297142684;11
40.04490306;-1.35912323;1.842473388;5.508277893;40.05289629;-1.576794744;0.4024071693;0.3639226854;11
40.04700483;-1.392622828;1.708475351;5.733202934;40.05499811;-1.586568594;0.4341721535;0.3908007443;11
40.04910666;-1.373480201;1.564906001;5.953342915;40.05709988;-1.597564101;0.4647153914;0.4140135944;11
40.05120843;-1.320838094;1.45483613;6.173482418;40.05920171;-1.607337952;0.4903717041;0.4335612655;11
40.05331025;-1.220339537;1.354337573;6.350551128;40.06130353;-1.618333459;0.5148062706;0.4470002949;11
40.05541207;-1.071984529;1.282552958;6.537191391;40.0634053;-1.626885653;0.5319104791;0.4567741454;11
40.05751384;-0.9140582681;1.21555388;6.709474564;40.06550712;-1.632994294;0.5477929711;0.462882787;11
40.05961567;-0.7657032609;1.153340459;6.867401123;40.06760895;-1.642768145;0.5575668216;0.4653262496;11
40.06171749;-0.6460621357;1.091127157;7.087540627;40.06971072;-1.652541995;0.5612320304;0.4653262496;11
40.06381926;-0.5551348329;1.048056364;7.274180889;40.07181254;-1.659872293;0.560010314;0.462882787;11
40.06592108;-0.4594219327;0.9954141974;7.475177765;40.07391431;-1.668424487;0.5551233888;0.4567741454;11
40.06802291;-0.3637090325;0.9571290612;7.680960655;40.07601614;-1.675754786;0.5441278219;0.4494437575;11
40.07012468;-0.2967100143;0.9092726111;7.920242786;40.07811796;-1.68064177;0.5294670463;0.4384481907;11
40.0722265;-0.2249253243;0.8566305041;8.178668022;40.08021973;-1.683085203;0.5123628378;0.4262309074;11
40.07432827;-0.1531406492;0.7704889178;8.465806961;40.08232155;-1.685528636;0.4903717041;0.4103484154;11
40.07643009;-0.08135596663;0.6987041831;8.714659691;40.08442338;-1.68430686;0.4634936452;0.3920224607;11
40.07853192;-0.01914258115;0.6317051649;9.00179863;40.08652515;-1.685528636;0.4292852283;0.3736965358;11
40.08063369;0.0239282269;0.5503492355;9.269794464;40.08862697;-1.68430686;0.3938550651;0.3504836559;11
40.08273551;0.06699903309;0.4737788737;9.509077072;40.09072879;-1.679419994;0.3486510813;0.3272708058;11
40.08483733;0.1148554832;0.4163511395;9.734002113;40.09283056;-1.676976562;0.2961167097;0.3028362095;11
40.0869391;0.1387837082;0.3349951804;9.925428391;40.09493238;-1.675754786;0.2374736816;0.2771798968;11
40.08904093;0.1435693651;0.2775674164;10.08814049;40.09703416;-1.674533129;0.1727220118;0.2515235841;11
40.09114275;0.1531406492;0.2344966233;10.18863869;40.09913598;-1.673311353;0.09941824526;0.2234237939;11
40.09324452;0.1387837082;0.1962114573;10.17428207;40.10123775;-1.676976562;0.02122755162;0.1941022873;11
40.09534634;0.1674975902;0.1722832322;10.21735287;40.10333957;-1.678198218;-0.05940660089;0.1635590494;11
40.09744811;0.1914258152;0.1244267747;10.33699417;40.1054414;-1.689193845;-0.142484203;0.1342375278;11
40.09954994;0.2488535494;0.09571290761;10.39442158;40.10754322;-1.698967695;-0.2280052751;0.1061377525;11
40.10165171;0.2967100143;0.06221338734;10.38963604;40.10964499;-1.713628411;-0.308639437;0.07681624591;11
40.10375353;0.3158525825;0.05264209956;10.34177971;40.11174681;-1.730732679;-0.3941605091;0.04993819445;11
40.10585535;0.3062812984;0.04785645381;10.26999474;40.11384858;-1.752723813;-0.4711294472;0.02550360374;11
40.10795718;0.2823530734;0.05264209956;10.17428207;40.11595041;-1.77715838;-0.5444332361;0.002290742937;11
40.11005895;0.2536391914;0.06699903309;10.08335495;40.11805223;-1.797927737;-0.6091849208;-0.01847865991;11
40.11216077;0.2440679073;0.1052841991;10.0019989;40.120154;-1.82358408;-0.6678279042;-0.03558287397;11
40.11426254;0.2440679073;0.1435693651;9.901499748;40.12225582;-1.848018646;-0.7166970968;-0.05024362728;11
40.11636436;0.2536391914;0.1866401732;9.8201437;40.12435765;-1.873674989;-0.7521272302;-0.05879573524;11
40.11846619;0.2584248483;0.2201396823;9.738788605;40.12645942;-1.896887898;-0.7765618563;-0.06368265301;11
40.12056796;0.2488535494;0.2249253243;9.686145782;40.12856124;-1.91643548;-0.7887791395;-0.06123919412;11
40.12266978;0.1818545163;0.2153540403;9.643074989;40.13066301;-1.934761524;-0.7948877811;-0.05268708616;11
40.1247716;0.04785645381;0.1866401732;9.695717812;40.13276483;-1.950644016;-0.7863357067;-0.04046979174;11
40.12687338;-0.1100698411;0.1435693651;9.772287369;40.1348666;-1.957974315;-0.7704532146;-0.02458730713;11
40.1289752;-0.2632105052;0.1435693651;9.911071777;40.13696848;-1.961639524;-0.7423534393;-0.007483093534;11
40.13107697;-0.3972085714;0.1387837082;10.05942631;40.13907025;-1.959196091;-0.7008146048;0.01206457894;11
40.13317879;-0.4642075896;0.1531406492;10.23649502;40.14117202;-1.94942224;-0.6446150541;0.03161225095;11
40.13528056;-0.4929214716;0.1531406492;10.38006496;40.14327384;-1.933539748;-0.5847502947;0.05360338464;11
40.13738244;-0.5312066078;0.1770688742;10.44706345;40.14537567;-1.911548615;-0.5114465356;0.07681624591;11
40.13948421;-0.5407779217;0.1627119333;10.57149029;40.14747749;-1.881005406;-0.4295906425;0.1036942974;11
40.14158598;-0.5216353536;0.1531406492;10.79641533;40.14957926;-1.848018646;-0.3428478539;0.1281288862;11
40.1436878;-0.4929214716;0.1339980662;10.99741268;40.15168108;-1.807701588;-0.2463312149;0.1562286615;11
40.14578962;-0.4785645306;0.1148554832;11.18405342;40.15378285;-1.76371932;-0.138819024;0.1867718995;11
40.14789145;-0.4737788737;0.07178468257;11.39940739;40.15588468;-1.71729362;-0.02764163166;0.2136499584;11
40.14999322;-0.4833501875;0.05742774159;11.60997581;40.15798645;-1.665980935;0.09697478265;0.2417497337;11
40.15209504;-0.4833501875;0.02871387079;11.75354481;40.16008832;-1.617111802;0.2191477418;0.2710712552;11
40.15419681;-0.4929214716;-0.01914258115;11.89232826;40.16219009;-1.567020893;0.3498727977;0.2991710305;11
40.15629864;-0.4833501875;-0.09092725813;11.96411324;40.16429192;-1.516929984;0.4818195999;0.3248273432;11
40.15840041;-0.4737788737;-0.1818545163;12.03589821;40.16639369;-1.469282508;0.6162098646;0.3517054021;11
40.16050228;-0.4689932466;-0.2584248483;12.078969;40.16849551;-1.422856808;0.7481566668;0.378583461;11
40.16260405;-0.4642075896;-0.3254238665;12.13161087;40.17059728;-1.37887454;0.8764382601;0.4017963111;11
40.16470588;-0.4546363056;-0.3780659735;12.14118195;40.1726991;-1.338557482;0.9937242866;0.4262309074;11
40.16680765;-0.4019941986;-0.4402793646;12.14118195;40.17480093;-1.297018647;1.10856688;0.4445568323;11
40.16890947;-0.3349951804;-0.4881358147;12.15075302;40.1769027;-1.26281023;1.212413907;0.4604393244;11
40.17101124;-0.2584248483;-0.5455635786;12.10289669;40.17900452;-1.232267022;1.30770874;0.4751000702;11
40.17311306;-0.1435693651;-0.5790630579;12.07418346;40.18110629;-1.204167247;1.393229842;0.4812087417;11
40.17521488;-0.01914258115;-0.626919508;12.05025482;40.18320811;-1.179732561;1.462868452;0.4873173833;11
40.17731666;0.1052841991;-0.6652047038;12.04546928;40.18530988;-1.160184979;1.517846227;0.4848739207;11
40.17941848;0.1627119333;-0.6987041831;12.00718403;40.18741171;-1.14674592;1.558163285;0.4787652791;11
40.18152025;0.2201396823;-0.7417750359;11.99282742;40.18951353;-1.139415503;1.577710986;0.4689914286;11
40.18362207;0.2727817893;-0.7465606928;12.06939697;40.1916153;-1.13697207;1.577710986;0.4543306828;11
40.18572384;0.3349951804;-0.7226324677;12.078969;40.19371712;-1.145524144;1.56305027;0.4372264743;11
40.18782567;0.3828516304;-0.7130611539;12.03111267;40.19581895;-1.161406636;1.531285286;0.4152353406;11
40.18992749;0.4546363056;-0.6987041831;11.99282742;40.19792072;-1.185841203;1.484859586;0.3895790279;11
40.19202926;0.5455635786;-0.6652047038;11.93061352;40.20002254;-1.218827963;1.424994826;0.3651444316;11
40.19413108;0.5934200287;-0.6460621357;11.84925747;40.20212436;-1.256701589;1.356577992;0.3382663727;11
40.19623291;0.6460621357;-0.6556333899;11.75833035;40.20422614;-1.305570722;1.275943756;0.3101665974;11
40.19833468;0.650847733;-0.650847733;11.66261768;40.20632796;-1.360548615;1.189200997;0.2820668221;11
40.2004365;0.6652047038;-0.6364908218;11.5142622;40.20842973;-1.417969823;1.097571254;0.2551887631;11
40.20253832;0.6652047038;-0.6652047038;11.42333508;40.21053155;-1.480278134;0.9998329282;0.2295324355;11
40.20464009;0.650847733;-0.6747759581;11.36112213;40.21263338;-1.546251416;0.9008728266;0.2063195854;11
40.20674192;0.6364908218;-0.6939185858;11.33719349;40.2147352;-1.608559728;0.8006910086;0.1843284518;11
40.20884369;0.650847733;-0.70348984;11.38026428;40.21683697;-1.672089577;0.7041743994;0.1660024971;11
40.21094551;0.6460621357;-0.7130611539;11.51904774;40.21893879;-1.733176112;0.6064360142;0.1501200199;11
40.21304733;0.6412764788;-0.7130611539;11.66261768;40.22104061;-1.78693223;0.5111411214;0.1366809905;11
40.21514916;0.626919508;-0.7369893789;11.8588295;40.22314238;-1.838244796;0.424398303;0.1256854236;11
40.21725093;0.6221339107;-0.7657032609;12.10289669;40.22524421;-1.882227063;0.3449858725;0.1183550507;11
40.21935275;0.6125625968;-0.8327022791;12.38046455;40.22734603;-1.918879032;0.2802342176;0.1122464016;11
40.22145457;0.5934200287;-0.8518448472;12.68196011;40.2294478;-1.946978807;0.2264781147;0.1061377525;11
40.22355634;0.5742774606;-0.9236295223;13.02652645;40.23154962;-1.967748165;0.1873827726;0.1000291109;11
40.22565817;0.5790630579;-0.9762716293;13.3710928;40.2336514;-1.979965448;0.1592829973;0.09514218569;11
40.22775999;0.5838487148;-1.043270707;13.69651699;40.23575322;-1.983630657;0.1495091617;0.08903354406;11
40.22986176;0.6173482537;-1.091127157;14.04586887;40.23785499;-1.973856807;0.1482874304;0.08292489499;11
40.23196358;0.5934200287;-1.148554921;14.37607861;40.23995681;-1.956752658;0.1531743407;0.07681624591;11
40.23406535;0.6364908218;-1.1820544;14.87857151;40.24205864;-1.932317972;0.1690568328;0.06826414168;11
40.23616718;0.708275497;-1.1820544;15.33320713;40.24416046;-1.898109555;0.1947131455;0.05849030241;11
40.23826895;0.760917604;-1.196411371;15.80698681;40.24626223;-1.854127288;0.227699846;0.04749473557;11
40.24037077;0.8087740541;-1.249053478;16.24726486;40.24836405;-1.808923364;0.2680169344;0.03772090003;11
40.24247259;0.813559711;-1.316052437;16.59183311;40.25046582;-1.755167246;0.311999172;0.02672533318;11
40.24457442;0.784845829;-1.411765337;16.90289879;40.25256759;-1.692859054;0.358424902;0.01695149764;11
40.24667619;0.7513462901;-1.483550072;17.17568016;40.25466942;-1.632994294;0.4072940946;0.007177661173;11
40.24877801;0.6987041831;-1.55054903;17.42931938;40.25677124;-1.569464326;0.4537198246;-0.0001527161949;11
40.25087978;0.6412764788;-1.579262972;17.68774414;40.25887306;-1.499825716;0.5025889874;-0.006261364091;11
40.25298155;0.5647061467;-1.59840548;17.89352798;40.26097483;-1.436295867;0.5465712547;-0.009926552884;11
40.25508338;0.4546363056;-1.574477315;18.05145454;40.26307666;-1.373987556;0.5905535221;-0.01114828233;11
40.2571852;0.3349951804;-1.545763373;18.15673828;40.26517848;-1.314122915;0.6296488643;-0.01114828233;11
40.25928702;0.1674975902;-1.488335729;18.25245094;40.26728025;-1.256701589;0.6614138484;-0.006261364091;11
40.26138879;0.004785645287;-1.430907965;18.29552269;40.26938207;-1.20661068;0.6858484149;-0.001374445739;11
40.26349061;-0.1722832322;-1.368694544;18.33859253;40.2714839;-1.157741427;0.7005091906;0.004734201822;11
40.26559244;-0.3541377485;-1.292124271;18.33380699;40.27358567;-1.11375916;0.7078395486;0.01328630932;11
40.26769421;-0.5072783828;-1.205982566;18.32902145;40.27568749;-1.074663877;0.7005091906;0.02183841541;11
40.26979603;-0.626919508;-1.153340459;18.36730576;40.27778926;-1.035568476;0.6870701313;0.03161225095;11
40.27189785;-0.708275497;-1.0863415;18.37687874;40.27989108;-1.001360059;0.6638572812;0.04138609022;11
40.27399962;-0.7896314859;-1.014556766;18.3720932;40.28199285;-0.9708168507;0.6284271479;0.05115992576;11
40.27610145;-0.8518448472;-0.9954141974;18.38644981;40.28409468;-0.9439387918;0.5893318057;0.05971203372;11
40.27820322;-0.9140582681;-0.9619147182;18.32902145;40.2861965;-0.9182825089;0.5429060459;0.06704241037;11
40.28030504;-0.9619147182;-0.9714859724;18.29073715;40.28829827;-0.8950695992;0.4879282415;0.07070759684;11
40.28240681;-1.004985452;-0.9810572863;18.24287987;40.29040009;-0.8730784655;0.4341721535;0.0743727833;11
40.28450864;-1.009771109;-1.000199914;18.19023705;40.29250192;-0.855974257;0.3767508566;0.07559451461;11
40.28661046;-1.000199914;-1.024128079;18.11366653;40.29460369;-0.8425352573;0.3181078434;0.07315105945;11
40.28871223;-0.9667003751;-1.048056364;18.04188347;40.29670551;-0.8254310489;0.2594648004;0.07070759684;11
40.29081405;-0.8949156404;-1.052842021;17.96052742;40.29880733;-0.8107702732;0.2032652497;0.06704241037;11
40.29291588;-0.8087740541;-1.067198873;17.84088516;40.3009091;-0.7997747064;0.1495091617;0.0621554926;11
40.29501765;-0.756131947;-1.071984529;17.76431465;40.30301093;-0.7851139307;0.1018617004;0.05971203372;11
40.29711947;-0.6699903607;-1.076770186;17.66860199;40.3051127;-0.7728966475;0.06276635826;0.05971203372;11
40.29922129;-0.6173482537;-1.091127157;17.62074661;40.30721452;-0.7582359314;0.02244928107;0.06337722391;11
40.30132306;-0.5599204898;-1.0863415;17.54896164;40.30931634;-0.7447968721;-0.01175914705;0.07070759684;11
40.30342489;-0.5168496966;-1.071984529;17.49631882;40.31141817;-0.7289143801;-0.04230238497;0.07803797722;11
40.30552666;-0.4785645306;-1.067198873;17.42931938;40.31351994;-0.7118101716;-0.07528908551;0.08903354406;11
40.30762848;-0.4642075896;-1.033699393;17.36710739;40.31562176;-0.6947059631;-0.1033888608;0.0988073796;11
40.3097303;-0.4115654826;-0.9906286001;17.31446457;40.31772353;-0.6751583219;-0.1253799945;0.1098029464;11
40.31183212;-0.3397808075;-0.94277215;17.27139473;40.31982535;-0.6568323374;-0.1473711282;0.1207985133;11
40.3139339;-0.2344966233;-0.9092726111;17.23310852;40.32192718;-0.6336194873;-0.1632536054;0.1305723488;11
40.31603572;-0.1100698411;-0.8805587292;17.14696693;40.32402895;-0.61285007;-0.1791360974;0.1354592592;11
40.31813749;0.01914258115;-0.8853443861;17.10868263;40.32613077;-0.5920807123;-0.1901316643;0.1403461844;11
40.32023931;0.1722832322;-0.8709874153;17.07039642;40.32823254;-0.562759161;-0.1999054998;0.142789647;11
40.32234114;0.3493520916;-0.8709874153;17.03689766;40.33033436;-0.5383245945;-0.2047924101;0.1415679157;11
40.32444291;0.5024927258;-0.8566305041;16.98904037;40.33243619;-0.5114465356;-0.2047924101;0.1403461844;11
40.32654473;0.6652047038;-0.8231309652;16.95554161;40.33453796;-0.4833467603;-0.2072358727;0.1403461844;11
40.3286465;0.7657032609;-0.8039883971;16.95554161;40.33663978;-0.4564687014;-0.2072358727;0.1366809905;11
40.33074832;0.8470591903;-0.784845829;16.96032715;40.33874155;-0.424703747;-0.2072358727;0.1317940801;11
40.33285015;0.9571290612;-0.7752745152;16.92204094;40.34084338;-0.3966039717;-0.2035706937;0.1244636998;11
40.33495192;1.0863415;-0.7465606928;16.89332771;40.3429452;-0.3697259128;-0.1986837685;0.1171333194;11
40.33705374;1.196411371;-0.7417750359;16.82632828;40.34504697;-0.3367392123;-0.1925751269;0.1085812151;11
40.33915551;1.31126678;-0.732203722;16.74975777;40.34714879;-0.3061959743;-0.1852447391;0.09636391699;11
40.34125733;1.411765337;-0.7417750359;16.63968849;40.34925061;-0.2793179154;-0.1766926348;0.08414662629;11
40.34335916;1.517049551;-0.7465606928;16.56311798;40.35135239;-0.2499964088;-0.1693622619;0.07315105945;11
40.34546093;1.59840548;-0.756131947;16.45304871;40.35345421;-0.2231183648;-0.158366695;0.0609337613;11
40.34756275;1.655833244;-0.756131947;16.37169266;40.35555603;-0.1937968582;-0.1473711282;0.04749473557;11
40.34966457;1.698904037;-0.760917604;16.23769379;40.35765785;-0.1705839932;-0.142484203;0.03649916872;11
40.35176634;1.694118381;-0.7513462901;16.11805344;40.35975962;-0.1449276656;-0.1351538301;0.02550360374;11
40.35386817;1.684547186;-0.760917604;15.98405552;40.36186145;-0.1204930767;-0.1241582632;0.01206457894;11
40.35596999;1.651047587;-0.7465606928;15.86919975;40.36396322;-0.0972802192;-0.1119409725;0.001069013379;11
40.35807181;1.617548108;-0.732203722;15.71127319;40.36606504;-0.0728456229;-0.102167137;-0.01114828233;11
40.36017358;1.612762451;-0.6939185858;15.55334759;40.36816681;-0.04474584386;-0.09361502528;-0.0209221188;11
40.36227541;1.584048629;-0.70348984;15.43849182;40.37026864;-0.01420260593;-0.08506292105;-0.02825249545;11
40.36437718;1.55054903;-0.679561615;15.36192131;40.37237046;0.0126754446;-0.07162389904;-0.03558287397;11
40.366479;1.497906923;-0.6699903607;15.34277916;40.37447223;0.04199695215;-0.05329795182;-0.04291325063;11
40.36858077;1.450050473;-0.6843472719;15.28056526;40.37657405;0.0725401938;-0.03252854943;-0.04657844082;11
40.37068259;1.411765337;-0.6843472719;15.1657095;40.37867582;0.1006399691;-0.01298087649;-0.05146535859;11
40.37278442;1.339980721;-0.6747759581;15.04606915;40.38077765;0.131183207;0.01023198478;-0.05513054505;11
40.37488619;1.287338614;-0.6556333899;14.93599892;40.38287947;0.1629481763;0.03100138716;-0.05879573524;11
40.37698801;1.234696507;-0.6317051649;14.77807236;40.38498124;0.1910479665;0.05543597788;-0.06368265301;11
40.37908978;1.191625714;-0.6173482537;14.65364552;40.38708306;0.2215912044;0.07620538026;-0.06734783947;11
40.3811916;1.186840057;-0.6029912829;14.52443314;40.38918483;0.2496909797;0.09819651395;-0.07345648855;11
40.38329343;1.177268744;-0.5790630579;14.39522076;40.39128666;0.2765690386;0.1214093715;-0.07712167501;11
40.3853952;1.162911773;-0.5742774606;14.27079391;40.39338848;0.3034470677;0.1482874304;-0.08323032409;11
40.38749702;1.13419795;-0.5647061467;14.14158154;40.3954903;0.3303251266;0.1739437431;-0.08933897316;11
40.38959879;1.129412293;-0.5790630579;13.95972729;40.39759207;0.3523162603;0.2020435184;-0.09300415963;11
40.39170061;1.13419795;-0.5647061467;13.81615829;40.3996939;0.3730856776;0.2264781147;-0.09666935354;11
40.39380244;1.129412293;-0.5455635786;13.69651699;40.40179567;0.3950767815;0.2533561587;-0.1027780026;11
40.39590426;1.129412293;-0.5120640397;13.56251907;40.40389749;0.4146244824;0.2790125012;-0.1076649204;11
40.39800603;1.110269666;-0.5264210105;13.44287777;40.40599931;0.4341721535;0.2973384261;-0.1125518382;11
40.40010785;1.091127157;-0.5407779217;13.30409431;40.40810108;0.4537198246;0.3156643808;-0.1186604798;11
40.40220963;1.071984529;-0.5647061467;13.18445301;40.41020291;0.4720457494;0.3266599476;-0.123547405;11
40.40431145;1.048056364;-0.5838487148;13.07438278;40.41230473;0.4891499579;0.3376555145;-0.1296560466;11
40.40641327;1.043270707;-0.6029912829;12.99781227;40.4144065;0.5074759126;0.3462076187;-0.1357647032;11
40.40851504;1.033699393;-0.6317051649;12.90688515;40.41650827;0.5258018374;0.3474293351;-0.1443168074;11
40.41061686;1.024128079;-0.6556333899;12.83510113;40.41861009;0.5392408967;0.3474293351;-0.1528689116;11
40.41271869;1.014556766;-0.70348984;12.78724384;40.42071192;0.5551233888;0.3400989771;-0.1614210159;11
40.41482046;0.9667003751;-0.7274180651;12.72981644;40.42281374;0.5661189556;0.3327685893;-0.1724165827;11
40.41692223;0.9332008362;-0.756131947;12.66760349;40.42491551;0.5771145225;0.3217730224;-0.1834121495;11
40.41902405;0.9092726111;-0.7944171429;12.58146191;40.42701733;0.5881100893;0.3132209182;-0.1992946416;11
40.42112588;0.8805587292;-0.7800601721;12.48574829;40.4291191;0.5966621637;0.3010036349;-0.2139553875;11
40.4232277;0.8709874153;-0.7657032609;12.33739376;40.43122093;0.6027708054;0.2875646055;-0.2310595959;11
40.42532947;0.8709874153;-0.7704889178;12.20339584;40.43332275;0.6076577306;0.2704603672;-0.2493855506;11
40.42743129;0.866201818;-0.7417750359;12.03111267;40.43542457;0.608879447;0.2606865466;-0.2689332068;11
40.42953306;0.8566305041;-0.6891329288;11.86840057;40.43752634;0.6076577306;0.2460257858;-0.2848156989;11
40.43163488;0.8566305041;-0.650847733;11.6769743;40.43962817;0.6039925218;0.2338084877;-0.3006981909;11
40.43373671;0.8183453679;-0.5742774606;11.48076344;40.44172994;0.6003273726;0.2215912044;-0.3141372204;11
40.43583853;0.7657032609;-0.4929214716;11.30369377;40.44383176;0.5893318057;0.2118173689;-0.3251327872;11
40.4379403;0.6652047038;-0.4115654826;11.11226845;40.44593358;0.5783362389;0.204486981;-0.3324631453;11
40.44004213;0.5838487148;-0.2967100143;10.90170002;40.44803535;0.5661189556;0.1971566081;-0.3373500705;11
40.4421439;0.4785645306;-0.1914258152;10.69113159;40.45013718;0.5477929711;0.1959348768;-0.3373500705;11
40.44424572;0.3732803464;-0.08614161611;10.52363396;40.45223895;0.5319104791;0.1947131455;-0.3349066079;11
40.44634754;0.2536391914;0.004785645287;10.32742214;40.45434077;0.5135845542;0.1947131455;-0.3275762498;11
40.44844931;0.1052841991;0.0765703246;10.15992451;40.45644254;0.4940368831;0.1971566081;-0.3178023994;11
40.45055114;-0.05264209956;0.1531406492;10.02592659;40.45854436;0.4757109582;0.2020435184;-0.3055851161;11
40.45265291;-0.1962114573;0.1914258152;9.911071777;40.46064619;0.4537198246;0.2081521749;-0.2921460867;11
40.45475473;-0.3302095234;0.2584248483;9.791430473;40.46274796;0.4353938699;0.2130390853;-0.2774853408;11
40.4568565;-0.4546363056;0.3254238665;9.700503349;40.46484978;0.4182896614;0.2203694731;-0.2628245652;11
40.45895832;-0.5455635786;0.3972085714;9.623932838;40.4669516;0.4024071693;0.227699846;-0.246942088;11
40.46106015;-0.5934200287;0.4402793646;9.566504478;40.46905343;0.3853029609;0.2325867712;-0.2286161482;11
40.46316192;-0.6652047038;0.4594219327;9.528220177;40.4711552;0.3718639314;0.2386954129;-0.2151771188;11
40.46526374;-0.732203722;0.5024927258;9.523433685;40.47325702;0.3559814394;0.2423606068;-0.1980729103;11
40.46736556;-0.8087740541;0.5359922647;9.499505997;40.47535879;0.3425424397;0.2472475171;-0.1846338809;11
40.46946738;-0.866201818;0.5455635786;9.518648148;40.47746061;0.3315468729;0.2496909797;-0.1724165827;11
40.47156916;-0.9092726111;0.5551348329;9.509077072;40.47956244;0.320551306;0.2509126961;-0.1601992846;11
40.47367098;-0.9523434043;0.5359922647;9.494720459;40.48166421;0.3071122766;0.2509126961;-0.1479819864;11
40.47577275;-0.9906286001;0.5407779217;9.509077072;40.48376603;0.2948949635;0.2484692484;-0.1369864196;11
40.47787457;-1.028913736;0.5216353536;9.480362892;40.48586785;0.2826776803;0.2472475171;-0.1259908676;11
40.4799764;-1.076770186;0.5024927258;9.475577354;40.48796963;0.2729038298;0.2460257858;-0.1162170246;11
40.48207817;-1.11984098;0.4929214716;9.489934921;40.4900714;0.2655734718;0.2411388755;-0.1076649204;11
40.48417999;-1.162911773;0.4642075896;9.489934921;40.49217322;0.2557996213;0.2374736816;-0.09666935354;11
40.48628181;-1.205982566;0.4498506486;9.489934921;40.49427504;0.2484692484;0.235030219;-0.08933897316;11
40.48838358;-1.239482164;0.4354937077;9.504291534;40.49637686;0.2435823381;0.227699846;-0.07834340632;11
40.49048535;-1.253839016;0.4211367965;9.523433685;40.49847864;0.2386954129;0.2191477418;-0.06734783947;11
40.49258718;-1.296909928;0.4019941986;9.537791252;40.50058046;0.2338084877;0.204486981;-0.05635227636;11
40.494689;-1.354337573;0.3924229145;9.561718941;40.50268228;0.2325867712;0.1886045039;-0.04291325063;11
40.49679082;-1.416550994;0.3828516304;9.638289452;40.50478405;0.2338084877;0.1678351015;-0.02825249545;11
40.49889259;-1.483550072;0.4019941986;9.743574142;40.50688588;0.2338084877;0.1458439678;-0.01481347065;11
40.50099442;-1.540977836;0.4115654826;9.829715729;40.50898765;0.2362519503;0.1262962967;-0.002596175298;11
40.50309624;-1.579262972;0.3828516304;9.872786522;40.51108947;0.2399171442;0.1067486182;0.0108428495;11
40.50519801;-1.584048629;0.3254238665;9.930213928;40.51319124;0.2435823381;0.08842267841;0.01817322709;11
40.50729983;-1.545763373;0.2440679073;10.00678444;40.51529306;0.2472475171;0.07131846249;0.0242818743;11
40.5094016;-1.497906923;0.1531406492;10.04506969;40.51739488;0.2521344423;0.0542142503;0.0242818743;11
40.51150343;-1.426122308;0.04785645381;10.03549862;40.51949671;0.2557996213;0.04321868345;0.0242818743;11
40.5136052;-1.339980721;-0.03349951655;10.02114105;40.52159848;0.258243084;0.02977965772;0.01939495653;11
40.51570702;-1.249053478;-0.1052841991;9.963713646;40.52370025;0.261908263;0.01878409274;0.01328630932;11
40.51780884;-1.13419795;-0.1339980662;9.896714211;40.52580207;0.261908263;0.007788525894;0.007177661173;11
40.51991067;-1.024128079;-0.1674975902;9.815358162;40.5279039;0.261908263;-0.001985310577;-0.002596175298;11
40.52201244;-0.9092726111;-0.1722832322;9.743574142;40.53000572;0.258243084;-0.0190895237;-0.009926552884;11
40.52411421;-0.813559711;-0.1627119333;9.585647583;40.53210749;0.2509126961;-0.03985892609;-0.01847865991;11
40.52621603;-0.756131947;-0.1148554832;9.456435204;40.53420931;0.2386954129;-0.05818486959;-0.02458730713;11
40.52831785;-0.7274180651;-0.06699903309;9.312865257;40.53631114;0.2252563834;-0.08139773458;-0.03069595434;11
40.53041968;-0.7274180651;-0.0239282269;9.135796547;40.53841291;0.2032652497;-0.1046105921;-0.03191768378;11
40.53252145;-0.7896314859;0.009571290575;8.934800148;40.54051473;0.181274116;-0.1266017258;-0.03313941509;11
40.53462327;-0.8422735929;0.02871387079;8.733802795;40.5426165;0.154396072;-0.1485928595;-0.03069595434;11
40.53672509;-0.8949156404;0.06221338734;8.532805443;40.54471832;0.1262962967;-0.1669187993;-0.02580903657;11
40.53882686;-0.94277215;0.09571290761;8.370093346;40.54682009;0.09453132749;-0.1876882017;-0.01847865991;11
40.54092869;-1.014556766;0.1387837082;8.164310455;40.54892192;0.06032289565;-0.2084576041;-0.006261364091;11
40.54303046;-1.071984529;0.1770688742;8.063812256;40.55102374;0.03100138716;-0.2267835438;0.008399390616;11
40.54513228;-1.138983607;0.2201396823;7.929814339;40.55312556;-0.00565049937;-0.2451094985;0.0242818743;11
40.54723405;-1.229910851;0.2488535494;7.84845829;40.55522733;-0.03985892609;-0.258548528;0.04016435891;11
40.54933588;-1.306481123;0.2775674164;7.781459332;40.55732916;-0.07528908551;-0.2719875574;0.05726857483;11
40.5514377;-1.378265858;0.3158525825;7.714460373;40.55943093;-0.1058323234;-0.2915352285;0.07559451461;11
40.55353952;-1.426122308;0.3493520916;7.676175117;40.56153275;-0.1351538301;-0.3037525117;0.09269873053;11
40.55564129;-1.464407444;0.3589234054;7.695317745;40.56363452;-0.165697068;-0.3135263622;0.1098029464;11
40.55774311;-1.478764415;0.3828516304;7.719245911;40.56573634;-0.1925751269;-0.3233001828;0.1281288862;11
40.55984489;-1.493121386;0.3876372576;7.776673794;40.56783817;-0.2170097083;-0.3342957497;0.1476765573;11
40.56194671;-1.497906923;0.3876372576;7.814958572;40.56993994;-0.2377791107;-0.3416261375;0.1635590494;11
40.56404848;-1.497906923;0.3493520916;7.901100159;40.57204176;-0.2561050653;-0.3513999581;0.1806632578;11
40.5661503;-1.493121386;0.3493520916;8.020741463;40.57414353;-0.2695440948;-0.358730346;0.1977674663;11
40.56825212;-1.473978758;0.3206382394;8.130811691;40.57624535;-0.2854265571;-0.3648389876;0.2136499584;11
40.5703539;-1.435693622;0.2775674164;8.274380684;40.57834718;-0.2939786613;-0.3697259128;0.2283107042;11
40.57245572;-1.392622828;0.2344966233;8.413164139;40.580449;-0.3013090491;-0.3733910918;0.2405280024;11
40.57455749;-1.306481123;0.1722832322;8.571090698;40.58255077;-0.3061959743;-0.3758345544;0.2515235841;11
40.57665931;-1.196411371;0.1004985496;8.729017258;40.58465259;-0.3061959743;-0.3758345544;0.2612974048;11
40.57876114;-1.081555843;0.0143569354;8.867800713;40.58675436;-0.3061959743;-0.3697259128;0.26618433;11
40.58086296;-0.9379864931;-0.0765703246;9.006584167;40.58885619;-0.3061959743;-0.362395525;0.2686277926;11
40.58296473;-0.7944171429;-0.1674975902;9.17886734;40.59095801;-0.3037525117;-0.3513999581;0.26618433;11
40.58506655;-0.6364908218;-0.2823530734;9.288937569;40.59305978;-0.2939786613;-0.3391826749;0.2600756884;11
40.58716832;-0.4546363056;-0.3828516304;9.451649666;40.5951616;-0.2854265571;-0.3220784664;0.2490801066;11
40.58927015;-0.2679961324;-0.4737788737;9.552147865;40.59726338;-0.2719875574;-0.3049742281;0.2344193608;11
40.59137197;-0.0765703246;-0.5742774606;9.662218094;40.5993652;-0.2573267817;-0.2890917659;0.2185368687;11
40.59347374;0.09571290761;-0.6747759581;9.74835968;40.60146702;-0.2426660359;-0.2719875574;0.2002109289;11
40.59557556;0.2632105052;-0.784845829;9.810572624;40.60356879;-0.2280052751;-0.2512181401;0.1782197952;11
40.59767733;0.3828516304;-0.8709874153;9.858428955;40.60567061;-0.2096793354;-0.2280052751;0.1550069451;11
40.59977916;0.4977070987;-0.94277215;9.887143135;40.60777239;-0.1913533956;-0.2060141414;0.1330158114;11
40.60188098;0.5886343718;-1.000199914;9.906285286;40.60987421;-0.1730274558;-0.1864664704;0.1110246703;11
40.60398275;0.6652047038;-1.03848505;9.939785004;40.61197603;-0.1559232324;-0.165697068;0.09025526792;11
40.60608457;0.6987041831;-1.043270707;9.958928108;40.61407785;-0.138819024;-0.142484203;0.07315105945;11
40.60818634;0.708275497;-1.033699393;9.949356079;40.61617962;-0.1253799945;-0.1278234571;0.05726857483;11
40.61028817;0.6987041831;-0.9954141974;9.930213928;40.61828145;-0.1131627038;-0.115606159;0.04505127668;11
40.61238999;0.6556333899;-0.9475577474;9.911071777;40.62038322;-0.1046105921;-0.1082757786;0.03405570984;11
40.61449181;0.6125625968;-0.890130043;9.872786522;40.62248504;-0.09972367436;-0.09850194305;0.02550360374;11
40.61659358;0.5216353536;-0.8087740541;9.810572624;40.62458686;-0.0972802192;-0.0972802192;0.01817322709;11
40.61869541;0.4498506486;-0.7369893789;9.74835968;40.62668864;-0.1009454057;-0.09483675659;0.01328630932;11
40.62079718;0.3780659735;-0.6699903607;9.643074989;40.62879046;-0.1058323234;-0.09239330143;0.0108428495;11
40.622899;0.3206382394;-0.5886343718;9.485149384;40.63089223;-0.115606159;-0.08872810751;0.008399390616;11
40.62500082;0.2584248483;-0.5072783828;9.317651749;40.63299405;-0.1278234571;-0.08017600328;0.007177661173;11
40.62710259;0.2153540403;-0.4402793646;9.169296265;40.63509588;-0.1437059343;-0.07162389904;0.008399390616;11
40.62920442;0.2009970993;-0.3397808075;9.040083885;40.6371977;-0.1595884264;-0.06062832847;0.009621120058;11
40.63130619;0.1531406492;-0.2919243574;8.920442581;40.63929947;-0.1766926348;-0.04841103405;0.01328630932;11
40.63340801;0.1196411327;-0.2057827413;8.84387207;40.64140124;-0.1913533956;-0.03619373962;0.01939495653;11
40.63550983;0.05264209956;-0.1244267747;8.781659126;40.64350306;-0.2072358727;-0.0190895237;0.02306014486;11
40.63761166;0.009571290575;-0.08614161611;8.776873589;40.64560489;-0.2231183648;-0.00565049937;0.03039052337;11
40.63971343;-0.05264209956;-0.0239282269;8.781659126;40.64770671;-0.2377791107;0.0126754446;0.03649916872;11
40.6418152;-0.1148554832;0.04785645381;8.805587769;40.64980848;-0.2475529462;0.03100138716;0.0426078178;11
40.64391702;-0.1387837082;0.1100698411;8.877371788;40.6519103;-0.2561050653;0.04810560122;0.05115992576;11
40.64601884;-0.1674975902;0.1531406492;8.944371223;40.65401207;-0.262213707;0.06765327603;0.05849030241;11
40.64812067;-0.1770688742;0.1770688742;9.073583603;40.6561139;-0.2695440948;0.0859792158;0.06459894776;11
40.65022244;-0.1866401732;0.2105683982;9.198010445;40.65821572;-0.2744309902;0.1067486182;0.07070759684;11
40.65232426;-0.1818545163;0.2153540403;9.332008362;40.66031749;-0.2768744528;0.1214093715;0.07803797722;11
40.65442603;-0.2009970993;0.2440679073;9.456435204;40.66241931;-0.2793179154;0.1397353113;0.08292489499;11
40.65652785;-0.2105683982;0.2440679073;9.580862045;40.66452108;-0.2793179154;0.1556178033;0.08903354406;11
40.65862968;-0.1962114573;0.2392822653;9.743574142;40.66662291;-0.2793179154;0.1727220118;0.09392046183;11
40.66073145;-0.1914258152;0.2584248483;9.901499748;40.66872468;-0.2768744528;0.1947131455;0.1000291109;11
40.66283327;-0.1914258152;0.2679961324;10.08335495;40.6708265;-0.2719875574;0.2118173689;0.1049160287;11
40.66493504;-0.1674975902;0.2727817893;10.25563812;40.67292832;-0.2695440948;0.227699846;0.1085812151;11
40.66703686;-0.1722832322;0.2823530734;10.46142101;40.67503015;-0.265878886;0.2411388755;0.1110246703;11
40.66913864;-0.1339980662;0.2536391914;10.66720295;40.67713192;-0.258548528;0.2533561587;0.1110246703;11
40.67124046;-0.09571290761;0.2440679073;10.83470058;40.67923374;-0.2536616027;0.2606865466;0.1098029464;11
40.67334228;-0.01914258115;0.2057827413;10.99262714;40.68133551;-0.2463312149;0.2667951882;0.1061377525;11
40.6754441;0.04307080805;0.1914258152;11.14576817;40.68343733;-0.2414443046;0.2667951882;0.1036942974;11
40.67754588;0.0765703246;0.1627119333;11.30848026;40.68553916;-0.2341139317;0.2631300092;0.0975856483;11
40.6796477;0.1387837082;0.1244267747;11.47119141;40.68764093;-0.2280052751;0.2533561587;0.09025526792;11
40.68174947;0.1483550072;0.08135596663;11.64826107;40.68974275;-0.2243400961;0.2435823381;0.08292489499;11
40.68385129;0.1339980662;0.05264209956;11.82054424;40.69184452;-0.2182314396;0.2264781147;0.0743727833;11
40.68595311;0.1148554832;-0.009571290575;12.00239849;40.69394634;-0.2133445293;0.2105956376;0.06582067907;11
40.68805488;0.0765703246;-0.01914258115;12.14118195;40.69604811;-0.2109010667;0.1886045039;0.05726857483;11
40.69015671;0.03349951655;-0.0382851623;12.30867958;40.69814994;-0.2072358727;0.1666133702;0.04871646687;11
40.69225848;-0.004785645287;-0.06699903309;12.4618206;40.70025176;-0.2072358727;0.1385135949;0.0426078178;11
40.6943603;-0.0765703246;-0.06699903309;12.61974621;40.70235353;-0.2060141414;0.1079703495;0.03772090003;11
40.69646207;-0.1244267747;-0.04785645381;12.77767277;40.70445541;-0.2072358727;0.07742711157;0.03283398226;11
40.6985639;-0.1722832322;-0.0239282269;12.92124271;40.70655718;-0.2084576041;0.04199695215;0.03161225095;11
40.70066572;-0.2249253243;-0.009571290575;13.07916832;40.70865895;-0.2109010667;0.005345067009;0.02916879393;11
40.70276749;-0.2632105052;0.0239282269;13.20359516;40.71076077;-0.2133445293;-0.02764163166;0.02550360374;11
40.70486936;-0.2919243574;0.04307080805;13.34237862;40.71286259;-0.215787977;-0.05940660089;0.02550360374;11
40.70697114;-0.3254238665;0.05742774159;13.48594856;40.71496436;-0.2145662606;-0.09239330143;0.02550360374;11
40.70907291;-0.3732803464;0.05742774159;13.67737389;40.71706619;-0.2133445293;-0.1266017258;0.02916879393;11
40.71117473;-0.4115654826;0.06699903309;13.85922909;40.71916801;-0.2084576041;-0.1608101577;0.03283398226;11
40.71327655;-0.5264210105;0.04307080805;14.08415413;40.72126978;-0.2060141414;-0.1962403059;0.03283398226;11
40.71537832;-0.6412764788;0.05264209956;14.29472256;40.7233716;-0.2023489624;-0.2328922004;0.03527744114;11
40.71748015;-0.6412764788;0.09571290761;14.51007652;40.72547343;-0.1950185746;-0.2634354234;0.03527744114;11
40.71958197;-0.5790630579;0.1627119333;14.75414467;40.7275752;-0.1852447391;-0.2988655865;0.03772090003;11
40.72168374;-0.5168496966;0.2536391914;14.93599892;40.72967702;-0.1791360974;-0.3318522871;0.03772090003;11
40.72378556;-0.4642075896;0.3349951804;15.13221073;40.73177879;-0.1705839932;-0.362395525;0.03527744114;11
40.72588738;-0.3876372576;0.4163511395;15.31885052;40.73388061;-0.1608101577;-0.3929387629;0.03405570984;11
40.72798916;-0.3541377485;0.4642075896;15.47199154;40.73598244;-0.1534797698;-0.4198168218;0.03527744114;11
40.73009098;-0.2727817893;0.5072783828;15.59163189;40.73808421;-0.1437059343;-0.4442514181;0.03527744114;11
40.73219275;-0.2105683982;0.5264210105;15.70648766;40.74018603;-0.1351538301;-0.4686860144;0.03649916872;11
40.73429457;-0.1483550072;0.5742774606;15.82612896;40.7422878;-0.1266017258;-0.4906771481;0.03772090003;11
40.7363964;-0.07178468257;0.5934200287;15.9505558;40.74438963;-0.1192713454;-0.5065596104;0.03772090003;11
40.73849817;-0.004785645287;0.6221339107;16.07498169;40.7464914;-0.1094975099;-0.5175551772;0.03894263133;11
40.74059999;0.04307080805;0.6173482537;16.21855164;40.74859327;-0.09972367436;-0.5248855352;0.03894263133;11
40.74270176;0.1339980662;0.626919508;16.31904984;40.75069504;-0.08872810751;-0.5285507441;0.04016435891;11
40.74480358;0.2105683982;0.6652047038;16.45304871;40.75279686;-0.08017600328;-0.5334376693;0.04138609022;11
40.74690535;0.3014956415;0.6747759581;16.60140419;40.75489864;-0.07162389904;-0.5322159529;0.04138609022;11
40.74900723;0.3684946895;0.708275497;16.70190239;40.75700046;-0.06062832847;-0.5248855352;0.04138609022;11
40.751109;0.4929214716;0.7130611539;16.81197166;40.75910228;-0.04474584386;-0.5151117444;0.0426078178;11
40.75321082;0.5982056856;0.732203722;16.90768433;40.76120405;-0.03008509055;-0.5028944016;0.0426078178;11
40.75531259;0.6843472719;0.7704889178;16.99861145;40.76330582;-0.01542433538;-0.4882336855;0.0438295491;11
40.75741442;0.760917604;0.8231309652;17.0799675;40.76540765;0.002901607659;-0.474794656;0.04505127668;11
40.75951624;0.8039883971;0.8709874153;17.19003868;40.76750947;0.02122755162;-0.4601338804;0.04627300799;11
40.76161801;0.8470591903;0.9284151793;17.31925011;40.76961129;0.04077522457;-0.4430296719;0.04505127668;11
40.76371978;0.8757730722;0.9762716293;17.43410492;40.77171306;0.06276635826;-0.4198168218;0.04627300799;11
40.7658216;0.8997012973;1.019342422;17.53460503;40.77381488;0.08720094711;-0.3929387629;0.04627300799;11
40.76792343;0.9140582681;1.043270707;17.65424538;40.77591671;0.1128572673;-0.358730346;0.04871646687;11
40.77002525;0.9140582681;1.0863415;17.79781532;40.77801848;0.1446222365;-0.3220784664;0.04993819445;11
40.77212702;0.9379864931;1.115055323;17.9461689;40.7801203;0.1788306683;-0.2829830945;0.05238165334;11
40.77422884;0.9379864931;1.138983607;18.11366653;40.78222207;0.2142608166;-0.2475529462;0.05604684353;11
40.77633067;0.9571290612;1.177268744;18.32423592;40.7843239;0.2557996213;-0.2170097083;0.06337722391;11
40.77843244;0.9619147182;1.210768223;18.54916191;40.78642567;0.2973384261;-0.1913533956;0.06826414168;11
40.78053426;0.9475577474;1.220339537;18.80280113;40.78852749;0.3437641561;-0.1681405306;0.07681624591;11
40.78263603;0.9284151793;1.225125194;19.07079697;40.79062931;0.3877464235;-0.1510363221;0.08536835015;11
40.78473785;0.8709874153;1.186840057;19.31965065;40.79273108;0.4366155863;-0.1412624866;0.09392046183;11
40.78683963;0.7992027402;1.143769264;19.57328987;40.79483291;0.4867065251;-0.1412624866;0.1036942974;11
40.78894145;0.70348984;1.095912814;19.79821396;40.79693473;0.5343539715;-0.1522580534;0.1110246703;11
40.79104327;0.6221339107;1.033699393;20.03749657;40.7990365;0.5868883133;-0.1718057245;0.1171333194;11
40.79314504;0.5312066078;0.9762716293;20.27677917;40.80113827;0.6357575059;-0.1974620372;0.1220202371;11
40.79524686;0.5024927258;0.9379864931;20.51606178;40.80324015;0.6834049821;-0.231670469;0.1232419685;11
40.79734869;0.5024927258;0.8949156404;20.71705818;40.80534197;0.7298306823;-0.2719875574;0.1220202371;11
40.79945046;0.5120640397;0.8470591903;20.87977028;40.80744374;0.7750346661;-0.315969795;0.1159115955;11
40.80155223;0.5503492355;0.8183453679;21.00898361;40.80954551;0.8153517842;-0.3648389876;0.1085812151;11
40.8036541;0.5742774606;0.760917604;21.08555222;40.81164733;0.85322541;-0.4173733592;0.1000291109;11
40.80575593;0.6125625968;0.7130611539;21.13819504;40.81374916;0.8862120509;-0.4699077308;0.08781181276;11
40.8078577;0.6652047038;0.6652047038;21.14776611;40.81585093;0.9130901098;-0.5261073112;0.0743727833;11
40.80995947;0.6891329288;0.6125625968;21.09033966;40.81795275;0.9363030195;-0.5859720111;0.05971203372;11
40.81206129;0.7130611539;0.5838487148;21.01855469;40.82005452;0.953407228;-0.6446150541;0.04505127668;11
40.81416311;0.732203722;0.5886343718;20.92762756;40.82215634;0.9656245112;-0.7020363212;0.02794706449;11
40.81626488;0.7417750359;0.5886343718;20.77448654;40.82425817;0.9753983617;-0.755792439;0.01328630932;11
40.81836671;0.784845829;0.6077769399;20.63570213;40.82635994;0.9802852273;-0.8095485568;0.001069013379;11
40.82046848;0.8087740541;0.6317051649;20.47777557;40.82846176;0.9839504361;-0.8535308242;-0.01359174121;11
40.8225703;0.837487936;0.6412764788;20.33420753;40.83056358;0.9851721525;-0.8938478827;-0.02703076601;11
40.82467212;0.8757730722;0.650847733;20.2049942;40.83266535;0.9888373613;-0.9304997921;-0.03558287397;11
40.8267739;0.8997012973;0.6652047038;20.05663872;40.83476712;0.9863939285;-0.9585995674;-0.04413498193;11
40.82887572;0.9236295223;0.6747759581;19.89392662;40.83686895;0.9876156449;-0.9818124175;-0.05024362728;11
40.83097754;0.9332008362;0.6891329288;19.73121643;40.83897077;0.9851721525;-0.9903645515;-0.05879573524;11
40.83307931;0.9667003751;0.7274180651;19.58286095;40.84107254;0.9790635109;-0.9940297008;-0.06490438432;11
40.83518108;0.9906286001;0.760917604;19.42493439;40.84317436;0.9766200781;-0.9879210591;-0.06734783947;11
40.83728291;1.019342422;0.7800601721;19.24308014;40.84527619;0.9753983617;-0.9708168507;-0.07223475724;11
40.83938473;1.067198873;0.813559711;19.12343788;40.84737801;0.9729548693;-0.9512691498;-0.07467821985;11
40.8414865;1.11984098;0.8327022791;18.98465538;40.84947978;0.9717331529;-0.9268345833;-0.07834340632;11
40.84358832;1.172483087;0.8470591903;18.84587097;40.85158155;0.9741765857;-0.8877392411;-0.08323032409;11
40.84569015;1.258624673;0.8327022791;18.7358017;40.85368338;0.9753983617;-0.8449786901;-0.086895518;11
40.84779197;1.335195065;0.813559711;18.59701729;40.8557852;0.9778417945;-0.7948877811;-0.09300415963;11
40.84989374;1.421336651;0.7800601721;18.46302032;40.85788697;0.9827287197;-0.7411317229;-0.1015562713;11
40.85199551;1.521835208;0.7465606928;18.31466484;40.85998879;0.9863939285;-0.6776017547;-0.1076649204;11
40.85409733;1.603191137;0.7130611539;18.18545151;40.86209056;0.9900590777;-0.6116283536;-0.1186604798;11
40.85619916;1.694118381;0.6604190469;18.01795387;40.86419238;0.994946003;-0.5419898033;-0.127212584;11
40.85830093;1.751546144;0.626919508;17.81695747;40.86629421;0.9973894954;-0.4686860144;-0.1369864196;11
40.86040275;1.808973908;0.5934200287;17.64945984;40.86839603;1.001054645;-0.3953822255;-0.1479819864;11
40.86250452;1.856830359;0.5599204898;17.38624954;40.8704978;0.9986112118;-0.3196350038;-0.1540906429;11
40.86460634;1.880758643;0.5216353536;17.1421814;40.87259962;0.9937242866;-0.2414443046;-0.1577558219;11
40.86670817;1.895115495;0.5120640397;16.93639946;40.8747014;0.9839504361;-0.1608101577;-0.1565341055;11
40.86880999;1.808973908;0.4785645306;16.5152626;40.87680322;0.9705114365;-0.08628465235;-0.14676027;11
40.87091176;1.651047587;0.4833501875;16.12283897;40.87890499;0.9509637356;-0.01542433538;-0.1296560466;11
40.87301358;1.440479279;0.4977070987;15.76870155;40.88100681;0.9314160943;0.04566214234;-0.1076649204;11
40.87511535;1.239482164;0.5072783828;15.45284843;40.88310864;0.9118683934;0.09819651395;-0.07712167501;11
40.87721718;1.033699393;0.5264210105;15.25663757;40.88521041;0.894764185;0.1397353113;-0.04413498193;11
40.87931895;0.8566305041;0.5312066078;15.13221073;40.88731223;0.8764382601;0.1641699076;-0.008704823442;11
40.88142077;0.7130611539;0.4833501875;15.10828209;40.88941405;0.8703296185;0.177608937;0.02794706449;11
40.88352259;0.6221339107;0.4163511395;15.18006706;40.89151582;0.8642209172;0.177608937;0.0621554926;11
40.88562436;0.5982056856;0.3158525825;15.34277916;40.89361765;0.8715513349;0.1653916389;0.09025526792;11
40.88772619;0.6125625968;0.1914258152;15.60598946;40.89571942;0.8849903345;0.1470656991;0.1159115955;11
40.88982801;0.679561615;0.004785645287;15.9314127;40.89782124;0.9130901098;0.117744185;0.1317940801;11
40.89192978;0.7800601721;-0.1818545163;16.38126373;40.89992301;0.9472985864;0.0859792158;0.142789647;11
40.8940316;0.8997012973;-0.3972085714;16.92204094;40.90202483;0.9961677194;0.05665770918;0.142789647;11
40.89613338;1.067198873;-0.6604190469;17.53460503;40.90412666;1.053588986;0.02367101051;0.1354592592;11
40.8982352;1.234696507;-1.000199914;18.108881;40.90622843;1.122005939;-0.009315688163;0.1220202371;11
40.90033697;1.368694544;-1.373480201;18.68794441;40.9083303;1.201418281;-0.04108065739;0.1012508348;11
40.90243879;1.473978758;-1.823330879;19.19043732;40.91043207;1.286939383;-0.06918043643;0.07681624591;11
40.90454061;1.531406522;-2.234896421;19.68814468;40.91253384;1.383455992;-0.09605848789;0.04749473557;11
40.90664239;1.540977836;-2.62253356;20.15235138;40.91463567;1.487303019;-0.1192713454;0.01206457894;11
40.90874426;1.512263894;-2.991028309;20.54956055;40.91673749;1.598480463;-0.1449276656;-0.02336557768;11
40.91084603;1.445264935;-3.311666489;20.85105705;40.91883926;1.713322997;-0.1718057245;-0.06123919412;11
40.9129478;1.339980721;-3.594019651;21.05205345;40.92094108;1.83183074;-0.1974620372;-0.09666935354;11
40.91504962;1.177268744;-3.8668015;21.11426735;40.92304291;1.954003692;-0.2243400961;-0.1296560466;11
40.91715145;1.009771109;-4.096512318;21.07598114;40.92514468;2.078620195;-0.2499964088;-0.1614210159;11
40.91925322;0.813559711;-4.307080746;20.91326904;40.9272465;2.200793028;-0.2744309902;-0.1882990748;11
40.92135504;0.5982056856;-4.484149456;20.64527321;40.92934827;2.320522547;-0.2976438701;-0.2102901936;11
40.92345686;0.4211367965;-4.599005222;20.32463646;40.93145009;2.434143543;-0.315969795;-0.2273944169;11
40.92555864;0.2536391914;-4.694717884;19.92264175;40.93355192;2.545320749;-0.3330740333;-0.2383899838;11
40.92766046;0.08135596663;-4.737788677;19.48236275;40.93565369;2.649167776;-0.3428478539;-0.246942088;11
40.92976223;-0.1004985496;-4.733003139;18.94636917;40.93775551;2.74079752;-0.3501782417;-0.2493855506;11
40.93186405;-0.2919243574;-4.689932346;18.38644981;40.93985728;2.823875189;-0.3513999581;-0.246942088;11
40.93396588;-0.4594219327;-4.599005222;17.76910019;40.9419591;2.898400545;-0.3526217043;-0.2444986254;11
40.93606765;-0.626919508;-4.460221291;17.06082535;40.94406093;2.961930513;-0.3440696001;-0.2359465212;11
