Tempo acelerômetro (s);Acelerômetro X (m/s²);Acelerômetro Y (m/s²);Acelerômetro Z (m/s²);Tempo giroscópio (s);Giroscópio X (rad/s);Giroscópio Y (rad/s);Giroscópio Z (rad/s);gesto
43.80292827;-0.3589234054;-0.8231309652;7.8341012;43.81092155;1.804952741;-0.1131627038;0.2930623889;13
43.80503004;-0.2392822653;-0.8327022791;7.843672752;43.81302332;1.82205689;-0.131488651;0.2881754637;13
43.80713186;-0.1339980662;-0.837487936;7.805387497;43.81512515;1.84160459;-0.142484203;0.2832885385;13
43.80923369;-0.05742774159;-0.8231309652;7.728816986;43.81722692;1.859930515;-0.1522580534;0.2759581506;13
43.81133551;-0.004785645287;-0.7752745152;7.637889862;43.81932874;1.874591351;-0.1534797698;0.2674060464;13
43.81343728;0.05264209956;-0.7513462901;7.537391186;43.82143051;1.886808634;-0.1485928595;0.2600756884;13
43.8155391;0.09571290761;-0.7369893789;7.360322475;43.82353233;1.903912783;-0.1351538301;0.2515235841;13
43.81764088;0.1292124242;-0.7178468108;7.159325123;43.82563416;1.913686633;-0.121714808;0.2454149276;13
43.8197427;0.1579262912;-0.708275497;6.963113785;43.82773593;1.921017051;-0.1058323234;0.2393062711;13
43.82184447;0.1627119333;-0.6652047038;6.781259537;43.82983775;1.927125692;-0.09117157012;0.2344193608;13
43.82394629;0.1387837082;-0.6221339107;6.594619274;43.83193957;1.928347349;-0.07040216774;0.2307541668;13
43.82604811;0.1052841991;-0.5886343718;6.374479294;43.83404134;1.930790901;-0.04963276163;0.2283107042;13
43.82814988;0.05264209956;-0.5790630579;6.1399827;43.83614317;1.928347349;-0.03130681813;0.2258672565;13
43.83025171;0.0143569354;-0.5647061467;5.895915031;43.83824499;1.925903916;-0.01664606482;0.2246455252;13
43.83235353;0.004785645287;-0.5455635786;5.670989513;43.84034681;1.921017051;-0.00565049937;0.2234237939;13
43.8344553;0.004785645287;-0.5407779217;5.474778175;43.84244858;1.916130066;0.004123337101;0.2222020626;13
43.83655713;0.01914258115;-0.5312066078;5.30728054;43.84455041;1.908799767;0.01145371422;0.2209803313;13
43.83865895;0.03349951655;-0.5216353536;5.158925533;43.84665223;1.899025917;0.01878409274;0.2185368687;13
43.84076077;0.06221338734;-0.5168496966;4.981856823;43.848754;1.890473723;0.02611446939;0.216093421;13
43.84286254;0.08135596663;-0.5120640397;4.833501816;43.85085582;1.879478216;0.03344484791;0.2148716897;13
43.84496436;0.1244267747;-0.4498506486;4.689932346;43.85295759;1.867260933;0.04444041103;0.2112064958;13
43.84706619;0.1579262912;-0.4115654826;4.512863636;43.85505947;1.852600217;0.05665770918;0.2087630332;13
43.84916796;0.1866401732;-0.3493520916;4.345366001;43.85716124;1.839161158;0.07131846249;0.2050978541;13
43.85126978;0.2201396823;-0.2775674164;4.158725739;43.85926301;1.823278666;0.08231402934;0.2026543915;13
43.85337155;0.2679961324;-0.1770688742;3.94815731;43.86136483;1.804952741;0.09697478265;0.1965457499;13
43.85547343;0.3302095234;-0.07178468257;3.780659676;43.86346666;1.789070249;0.111635536;0.192880556;13
43.8575752;0.3541377485;0.02871387079;3.651447296;43.86556848;1.771965981;0.1262962967;0.1867718995;13
43.85967697;0.3780659735;0.09571290761;3.507878065;43.86767025;1.756083488;0.1458439678;0.1794415265;13
43.86177879;0.4211367965;0.1674975902;3.397808075;43.86977207;1.73897934;0.1653916389;0.1745546162;13
43.86388061;0.4689932466;0.2249253243;3.259024382;43.8718739;1.723096848;0.181274116;0.1721111536;13
43.86598244;0.5024927258;0.2871387303;3.139383316;43.87397567;1.702327371;0.1934914142;0.1684459597;13
43.86808421;0.5072783828;0.3732803464;2.991028309;43.87607749;1.684001446;0.2081521749;0.1647807807;13
43.87018603;0.4881358147;0.4737788737;2.885744095;43.87817926;1.666897297;0.2252563834;0.1574503928;13
43.87228785;0.5216353536;0.5359922647;2.71824646;43.88028108;1.649793029;0.2423606068;0.1513417512;13
43.87438963;0.5407779217;0.5934200287;2.603390932;43.88238291;1.630245328;0.2606865466;0.142789647;13
43.87649145;0.5982056856;0.626919508;2.474178553;43.88448473;1.611919403;0.2765690386;0.1317940801;13
43.87859322;0.6460621357;0.6747759581;2.373680115;43.8865865;1.596036911;0.2924515009;0.1232419685;13
43.88069504;0.6747759581;0.7369893789;2.263610125;43.88868832;1.580154419;0.3071122766;0.1110246703;13
43.88279686;0.708275497;0.784845829;2.196611166;43.89079015;1.564271927;0.3193295598;0.1000291109;13
43.88489869;0.7130611539;0.8087740541;2.148754835;43.89289192;1.55327642;0.3291034102;0.08903354406;13
43.88700046;0.7274180651;0.8709874153;2.100898266;43.89499374;1.538615704;0.3413206935;0.07803797722;13
43.88910228;0.7226324677;0.9140582681;2.067398787;43.89709556;1.52639842;0.3510945439;0.06704241037;13
43.8912041;0.7130611539;0.9475577474;2.029113531;43.89919738;1.514181018;0.358424902;0.05849030241;13
43.89330588;0.7130611539;0.9906286001;1.971685886;43.90129916;1.505628943;0.3633118272;0.04871646687;13
43.8954077;0.679561615;1.014556766;1.942971945;43.90340093;1.490968227;0.3681987524;0.04016435891;13
43.89750952;0.6699903607;1.057627559;1.866401672;43.90550275;1.477529168;0.3730856776;0.03039052337;13
43.89961134;0.6604190469;1.124626637;1.813759565;43.90760457;1.467755318;0.3730856776;0.02183841541;13
43.90171311;0.650847733;1.153340459;1.741974831;43.90970634;1.455538034;0.3694204688;0.0108428495;13
43.90381488;0.6412764788;1.191625714;1.684547186;43.91180817;1.442098975;0.3620901108;0.002290742937;13
43.90591671;0.6412764788;1.220339537;1.636690736;43.91390999;1.427438259;0.3474293351;-0.01114828233;13
43.90801853;0.6412764788;1.249053478;1.564906001;43.91601181;1.41033411;0.3352120519;-0.02458730713;13
43.9101203;0.6699903607;1.268195987;1.526620865;43.91811358;1.390786409;0.3156643808;-0.03802633286;13
43.91222212;0.6843472719;1.272981644;1.459621787;43.92021541;1.372460485;0.2961167097;-0.05268708616;13
43.91432395;0.6987041831;1.268195987;1.383051515;43.92231718;1.350469351;0.2729038298;-0.06856957078;13
43.91642577;0.708275497;1.282552958;1.282552958;43.924419;1.326034665;0.2509126961;-0.08323032409;13
43.91852754;0.7178468108;1.277767301;1.196411371;43.92652082;1.29793489;0.2252563834;-0.09544762224;13
43.92062936;0.7178468108;1.277767301;1.071984529;43.92862259;1.264948249;0.1996000707;-0.1101083755;13
43.92273114;0.6891329288;1.292124271;0.9332008362;43.93072442;1.230739832;0.1727220118;-0.123547405;13
43.92483296;0.6460621357;1.296909928;0.7369893789;43.93282624;1.192866206;0.1470656991;-0.1345429718;13
43.92693478;0.6029912829;1.31126678;0.5359922647;43.93492801;1.153770804;0.1201876476;-0.1479819864;13
43.92903655;0.5503492355;1.320838094;0.3541377485;43.93702983;1.111010313;0.09697478265;-0.1565341055;13
43.93113838;0.4929214716;1.335195065;0.1674975902;43.93913166;1.063362837;0.07742711157;-0.1650862098;13
43.9332402;0.4354937077;1.344766378;0.004785645287;43.94123343;1.014493704;0.06398808211;-0.1711948514;13
43.93534197;0.3828516304;1.368694544;-0.1722832322;43.94333525;0.9656245112;0.0542142503;-0.1748600453;13
43.93744379;0.2967100143;1.40697968;-0.3493520916;43.94543707;0.9130901098;0.04688387364;-0.1748600453;13
43.93954561;0.1914258152;1.464407444;-0.5312066078;43.94753884;0.8581122756;0.04321868345;-0.1711948514;13
43.94164738;0.05742774159;1.488335729;-0.6987041831;43.94964067;0.8031344414;0.04444041103;-0.1638644785;13
43.94374921;-0.09571290761;1.574477315;-0.8805587292;43.95174249;0.7469348907;0.04321868345;-0.1528689116;13
43.94585103;-0.2823530734;1.631905079;-1.019342422;43.95384431;0.6919570565;0.04688387364;-0.1369864196;13
43.9479528;-0.4450650215;1.708475351;-1.11984098;43.95594608;0.6369792223;0.04932733253;-0.1186604798;13
43.95005462;-0.626919508;1.770688772;-1.172483087;43.95804791;0.5868883133;0.04810560122;-0.0978910774;13
43.95215645;-0.7800601721;1.818545222;-1.177268744;43.96014968;0.5343539715;0.04810560122;-0.07589995116;13
43.95425827;-0.9236295223;1.895115495;-1.148554921;43.9622515;0.4915934205;0.04932733253;-0.05024362728;13
43.95636004;-1.014556766;1.942971945;-1.0863415;43.96435332;0.4451677203;0.04688387364;-0.02703076601;13
43.95846186;-1.095912814;1.9812572;-0.9762716293;43.96645515;0.4097375572;0.04444041103;-0.001374445739;13
43.96056364;-1.158126116;2.024327993;-0.837487936;43.96855692;0.3755291104;0.04566214234;0.0242818743;13
43.96266546;-1.191625714;2.067398787;-0.6556333899;43.97065874;0.3437641561;0.04566214234;0.04749473557;13
43.96476728;-1.205982566;2.100898266;-0.4450650215;43.97276051;0.3181078434;0.04810560122;0.07192932814;13
43.9668691;-1.177268744;2.143969059;-0.2344966233;43.97486233;0.2985601723;0.05177079141;0.09269873053;13
43.96897088;-1.115055323;2.158325911;0.0;43.97696416;0.2826776803;0.05665770918;0.1098029464;13
43.9710727;-1.019342422;2.158325911;0.2297109663;43.97906598;0.2716821134;0.06276635826;0.1244636998;13
43.97317447;-0.8757730722;2.158325911;0.4546363056;43.98116775;0.261908263;0.0725401938;0.1342375278;13
43.97527629;-0.70348984;2.153540373;0.6891329288;43.98326957;0.258243084;0.08109229803;0.1415679157;13
43.97737811;-0.5072783828;2.115255117;0.9284151793;43.98537134;0.2545779049;0.09330959618;0.146454826;13
43.97947994;-0.3397808075;2.081755638;1.148554921;43.98747317;0.2533561587;0.104305163;0.146454826;13
43.98158171;-0.1483550072;2.033899307;1.344766378;43.98957499;0.2557996213;0.117744185;0.142789647;13
43.98368353;0.0239282269;1.986042738;1.545763373;43.99167676;0.2606865466;0.1299614757;0.1354592592;13
43.9857853;0.1818545163;1.942971945;1.737189293;43.99377858;0.2643517256;0.1446222365;0.1244636998;13
43.98788712;0.3254238665;1.875972986;1.861616015;43.99588041;0.2704603672;0.1580612659;0.1122464016;13
43.98998895;0.4737788737;1.837687731;1.986042738;43.99798223;0.277790755;0.1678351015;0.0975856483;13
43.99209072;0.5982056856;1.789831281;2.081755638;44.000084;0.2826776803;0.1800523996;0.07925970852;13
43.99419254;0.7274180651;1.737189293;2.191825628;44.00218582;0.2887863219;0.1898262352;0.05971203372;13
43.99629436;0.8470591903;1.703689694;2.277967215;44.00428765;0.2948949635;0.200821802;0.03772090003;13
43.99839619;0.9523434043;1.679761529;2.383251429;44.00638942;0.3058905303;0.2105956376;0.0157297682;13
44.00049796;1.048056364;1.674975872;2.455035925;44.00849124;0.311999172;0.2154825479;-0.007483093534;13
44.00259978;1.115055323;1.674975872;2.536391973;44.01059301;0.3193295598;0.2167042792;-0.03191768378;13
44.0047016;1.186840057;1.684547186;2.603390932;44.01269483;0.324216485;0.2154825479;-0.05757400393;13
44.00680338;1.249053478;1.708475351;2.63689065;44.01479666;0.3315468729;0.2130390853;-0.08200860023;13
44.0089052;1.306481123;1.746760488;2.665604353;44.01689843;0.3352120519;0.204486981;-0.1088866442;13
44.01100697;1.387837172;1.794616938;2.665604353;44.01900025;0.3339903057;0.1910479665;-0.1345429718;13
44.01310879;1.421336651;1.837687731;2.63689065;44.02110207;0.3303251266;0.1763872057;-0.1626427472;13
44.01521061;1.440479279;1.909472466;2.593819857;44.02320384;0.324216485;0.1592829973;-0.1895207912;13
44.01731239;1.483550072;1.976471543;2.502892494;44.02530567;0.3144426346;0.1421787739;-0.2163988501;13
44.01941421;1.512263894;2.038684845;2.392822742;44.02740749;0.2997818887;0.1238528341;-0.2432768941;13
44.02151603;1.521835208;2.139183521;2.254039049;44.02950931;0.277790755;0.1091920808;-0.2677114904;13
44.0236178;1.521835208;2.20618248;2.096112728;44.03161108;0.2509126961;0.09697478265;-0.2921460867;13
44.02571962;1.512263894;2.282752752;1.904686809;44.03371291;0.2215912044;0.0847574845;-0.3153589368;13
44.02782145;1.488335729;2.359323025;1.694118381;44.03581473;0.1886045039;0.07620538026;-0.3336848915;13
44.02992327;1.445264935;2.431107759;1.526620865;44.0379165;0.1482874304;0.07498364896;-0.3520108163;13
44.03202504;1.402194023;2.507678032;1.325623751;44.04001832;0.1079703495;0.07131846249;-0.3678933084;13
44.03412686;1.335195065;2.565105915;1.162911773;44.04212009;0.06398808211;0.07498364896;-0.3825540543;13
44.03622869;1.249053478;2.646461725;0.9954141974;44.04422192;0.02000582218;0.07987056673;-0.3935496211;13
44.03833046;1.158126116;2.694318295;0.8949156404;44.04632369;-0.02764163166;0.08720094711;-0.4033234715;13
44.04043228;1.062413216;2.746960402;0.7896314859;44.04842551;-0.0728456229;0.09453132749;-0.4106538594;13
44.04253405;0.9523434043;2.818745136;0.7369893789;44.05052733;-0.1192713454;0.1079703495;-0.416762501;13
44.04463588;0.8566305041;2.880958557;0.6939185858;44.05262916;-0.1632536054;0.1201876476;-0.42042768;13
44.04673765;0.756131947;2.933600664;0.679561615;44.05473093;-0.2109010667;0.1324049383;-0.42042768;13
44.04883947;0.650847733;3.010170937;0.70348984;44.05683275;-0.2536616027;0.1434005052;-0.42042768;13
44.05094129;0.5455635786;3.072384357;0.732203722;44.05893457;-0.2952004075;0.1507308781;-0.4155407548;13
44.05304311;0.4354937077;3.158525944;0.7752745152;44.06103634;-0.3355174661;0.1592829973;-0.4082103968;13
44.05514489;0.3349951804;3.254238844;0.8327022791;44.06313817;-0.378278017;0.1666133702;-0.3984365463;13
44.05724671;0.2249253243;3.34038043;0.9188438654;44.06523999;-0.4149298966;0.1763872057;-0.3886627257;13
44.05934853;0.1196411327;3.445664644;1.004985452;44.06734176;-0.4528035223;0.1837175786;-0.3764454126;13
44.0614503;0.02871387079;3.522234917;1.124626637;44.06944358;-0.4882336855;0.1934914142;-0.3642281294;13
44.06355212;-0.05264209956;3.579662561;1.229910851;44.07154541;-0.521220386;0.204486981;-0.3507890999;13
44.06565395;-0.1100698411;3.632304668;1.363908887;44.07364718;-0.5542070866;0.2154825479;-0.3385718167;13
44.06775572;-0.1722832322;3.675375462;1.545763373;44.075749;-0.5823068619;0.227699846;-0.3263545036;13
44.06985754;-0.1962114573;3.704089403;1.718046665;44.07785082;-0.6104066372;0.2423606068;-0.3129154742;13
44.07195936;-0.2105683982;3.723232031;1.923829436;44.07995265;-0.6323977709;0.2533561587;-0.3019199073;13
44.07406114;-0.2201396823;3.737588882;2.182254314;44.08205442;-0.6543889046;0.2667951882;-0.2884808779;13
44.07616296;-0.2344966233;3.775874138;2.421536446;44.08415624;-0.6727148294;0.277790755;-0.2762635946;13
44.07826478;-0.2488535494;3.804588079;2.694318295;44.08625801;-0.6849321127;0.2875646055;-0.2677114904;13
44.0803666;-0.2679961324;3.818944931;3.029313564;44.08835983;-0.6947059631;0.2936732471;-0.2567159235;13
44.08246838;-0.2632105052;3.828516245;3.354737282;44.09046166;-0.7020363212;0.3034470677;-0.2493855506;13
44.0845702;-0.2536391914;3.85244441;3.656233072;44.09256343;-0.7032580972;0.3046688139;-0.2432768941;13
44.08667197;-0.2440679073;3.847658873;3.919443607;44.09466525;-0.7008146048;0.3058905303;-0.2396117151;13
44.08877379;-0.2057827413;3.842873096;4.206582069;44.09676707;-0.6959276795;0.2973384261;-0.2371682525;13
44.09087561;-0.1435693651;3.818944931;4.474578381;44.0988689;-0.6885973215;0.2900080681;-0.2371682525;13
44.09297739;-0.08135596663;3.790230989;4.713860512;44.10097067;-0.6812669635;0.2851211429;-0.2383899838;13
44.09507921;-0.01914258115;3.747160196;4.943571568;44.10307249;-0.6690496206;0.277790755;-0.2432768941;13
44.09718103;0.05264209956;3.680161238;5.14456892;44.10517426;-0.6568323374;0.274125576;-0.2493855506;13
44.09928285;0.08614161611;3.622733593;5.326423168;44.10727608;-0.6458367705;0.2716821134;-0.25793764;13
44.10138462;0.1387837082;3.598805189;5.446064472;44.10937785;-0.6360629797;0.2729038298;-0.2677114904;13
44.10348645;0.1818545163;3.550948858;5.556134224;44.11147968;-0.6262891293;0.2729038298;-0.2787070572;13
44.10558822;0.2392822653;3.493520975;5.670989513;44.1135815;-0.6177369952;0.2692386508;-0.2909243405;13
44.10769004;0.2632105052;3.455235958;5.747560024;44.11568327;-0.6091849208;0.2692386508;-0.3031416535;13
44.10979181;0.2775674164;3.412165165;5.809773445;44.11778515;-0.6006327868;0.2692386508;-0.3153589368;13
44.11189364;0.2584248483;3.34038043;5.895915031;44.11988692;-0.5945241451;0.2655734718;-0.3275762498;13
44.11399546;0.2440679073;3.302095175;5.986842155;44.12198874;-0.5908589363;0.2606865466;-0.3397935331;13
44.11609723;0.1722832322;3.263810158;6.063412666;44.12409051;-0.5835285783;0.2533561587;-0.3520108163;13
44.1181991;0.0765703246;3.215953588;6.125626087;44.12619233;-0.5810851455;0.2472475171;-0.3617846668;13
44.12030088;-0.0382851623;3.187239647;6.15433979;44.12829416;-0.5774199367;0.2374736816;-0.3715584874;13
44.1224027;-0.1292124242;3.163311481;6.159125328;44.13039598;-0.5786416531;0.2301433086;-0.3788888752;13
44.12450447;-0.2488535494;3.139383316;6.163911343;44.13249775;-0.5810851455;0.2203694731;-0.3837758005;13
44.12660629;-0.3780659735;3.115455151;6.120840549;44.13459957;-0.5871937871;0.2093739063;-0.3886627257;13
44.12870811;-0.5216353536;3.091526747;6.034698486;44.13670134;-0.5933024287;0.1971566081;-0.3898844421;13
44.13080994;-0.6699903607;3.058027267;5.991627693;44.13880317;-0.6018545032;0.1837175786;-0.3874409795;13
44.13291171;-0.8087740541;3.014956474;5.891129494;44.14090499;-0.61285007;0.1702785641;-0.3813323379;13
44.13501353;-0.9523434043;2.967100143;5.824130535;44.14300676;-0.6262891293;0.154396072;-0.3764454126;13
44.1371153;-1.115055323;2.933600664;5.747560024;44.14510858;-0.6397281289;0.1385135949;-0.3654498458;13
44.13921712;-1.26341033;2.866601467;5.661418438;44.14721035;-0.6580541134;0.1214093715;-0.3544542789;13
44.14131895;-1.378265858;2.833101988;5.603990555;44.14931218;-0.6776017547;0.1055268943;-0.3410152495;13
44.14342072;-1.478764415;2.790031195;5.527420521;44.151414;-0.6995928884;0.08842267841;-0.3263545036;13
44.14552254;-1.574477315;2.751745939;5.45085001;44.15351582;-0.7240274549;0.0737619251;-0.3092502952;13
44.14762431;-1.674975872;2.727817774;5.402993679;44.15561759;-0.7472403646;0.06032289565;-0.2909243405;13
44.14972614;-1.765903115;2.703889608;5.350351334;44.15771942;-0.7728966475;0.04688387364;-0.2713766694;13
44.15182796;-1.842473388;2.656033039;5.33599472;44.15982124;-0.7961094975;0.03344484791;-0.2506072819;13
44.15392978;-1.904686809;2.627319336;5.32163763;44.16192301;-0.8217658401;0.02367101051;-0.2298378795;13
44.15603155;-1.971685886;2.617748022;5.340780258;44.16402483;-0.8449786901;0.006566796452;-0.2066250145;13
44.15813338;-1.990828395;2.603390932;5.393422127;44.16612666;-0.8681915402;-0.008093958721;-0.1858556122;13
44.1602352;-2.005185366;2.589034081;5.484349728;44.16822843;-0.8865175247;-0.0190895237;-0.1638644785;13
44.16233697;-1.990828395;2.584248543;5.637490273;44.17033025;-0.9011782408;-0.03375028074;-0.1443168074;13
44.16443879;-1.938186288;2.593819857;5.809773445;44.17243207;-0.9133955836;-0.04963276163;-0.1247691289;13
44.16654061;-1.861616015;2.579462767;6.001199245;44.17453384;-0.9231693745;-0.06551524997;-0.1088866442;13
44.16864239;-1.785045743;2.555534601;6.230910301;44.17663567;-0.9231693745;-0.07895427197;-0.09666935354;13
44.17074421;-1.665404558;2.517249346;6.470192432;44.17873749;-0.9195042253;-0.09361502528;-0.0856737867;13
44.17284603;-1.55054903;2.469393015;6.704689026;44.18083931;-0.9146173;-0.1082757786;-0.07712167501;13
44.1749478;-1.416550994;2.431107759;6.934400082;44.18294108;-0.9036217332;-0.1229365394;-0.07223475724;13
44.17704962;-1.258624673;2.407179594;7.13061142;44.18504291;-0.8877392411;-0.131488651;-0.06979130208;13
44.17915145;-1.0863415;2.416750908;7.33639431;44.18714468;-0.8681915402;-0.1339320987;-0.06734783947;13
44.18125327;-0.9236295223;2.411965132;7.546962738;44.1892465;-0.848643899;-0.1375972927;-0.06856957078;13
44.18335504;-0.7657032609;2.416750908;7.714460373;44.19134832;-0.8266527653;-0.1363755614;-0.06856957078;13
44.18545686;-0.6125625968;2.421536446;7.867600918;44.19345009;-0.8034399152;-0.1278234571;-0.06856957078;13
44.18755864;-0.5024927258;2.450250387;8.025527;44.19555192;-0.7777835727;-0.115606159;-0.06856957078;13
44.18966046;-0.3732803464;2.455035925;8.18345356;44.19765374;-0.7545707226;-0.1046105921;-0.06856957078;13
44.19176228;-0.2967100143;2.464607239;8.279166222;44.19975551;-0.7338013053;-0.09117157012;-0.07101303339;13
44.19386405;-0.2105683982;2.474178553;8.245666504;44.20185733;-0.7118101716;-0.07528908551;-0.07223475724;13
44.19596588;-0.1339980662;2.469393015;8.240880966;44.20395916;-0.6910407543;-0.06185005978;-0.07712167501;13
44.1980677;-0.04307080805;2.455035925;8.207381248;44.20606093;-0.6727148294;-0.04352411628;-0.0856737867;13
44.20016947;0.0765703246;2.440679073;8.145168304;44.20816275;-0.6531671882;-0.02641990222;-0.09300415963;13
44.20227129;0.2105683982;2.407179594;8.092526436;44.21026457;-0.6360629797;-0.01053741761;-0.1039997265;13
44.20437311;0.3397808075;2.411965132;8.035098076;44.21236634;-0.6189587116;0.0016798781;-0.1162170246;13
44.20647489;0.4450650215;2.407179594;7.97767067;44.21446817;-0.6042979956;0.0126754446;-0.1296560466;13
44.20857671;0.5312066078;2.416750908;7.929814339;44.21656999;-0.5908589363;0.02244928107;-0.1443168074;13
44.21067853;0.5934200287;2.445464849;7.905886173;44.21867176;-0.5798633695;0.02855792828;-0.1601992846;13
44.2127803;0.6029912829;2.455035925;7.853243828;44.22077358;-0.5725330114;0.03344484791;-0.1773035079;13
44.21488212;0.5934200287;2.488535643;7.786244869;44.22287541;-0.5688678026;0.03344484791;-0.1944077164;13
44.21698395;0.5407779217;2.502892494;7.743174076;44.22497718;-0.562759161;0.02855792828;-0.2115119249;13
44.21908572;0.4498506486;2.522035122;7.695317745;44.227079;-0.562759161;0.02000582218;-0.2286161482;13
44.22118754;0.3684946895;2.512463808;7.633104324;44.22918082;-0.562759161;0.004123337101;-0.2481638193;13
44.22328936;0.2871387303;2.545963287;7.570890903;44.23128259;-0.563980937;-0.01664606482;-0.2677114904;13
44.22539114;0.2344966233;2.560320139;7.484749317;44.23338442;-0.5676460862;-0.03985892609;-0.2872591615;13
44.22749296;0.2009970993;2.617748022;7.422535896;44.23548624;-0.5749764442;-0.06795870513;-0.3068068326;13
44.22959478;0.1674975902;2.641676188;7.355536938;44.23758801;-0.5835285783;-0.102167137;-0.3263545036;13
44.23169655;0.1244267747;2.694318295;7.302894592;44.23968983;-0.5945241451;-0.1327103674;-0.3446804583;13
44.23379838;0.07178468257;2.73260355;7.221538544;44.24179166;-0.6079631448;-0.1705839932;-0.3605629504;13
44.2359002;0.02871387079;2.790031195;7.097112179;44.24389343;-0.621402204;-0.2084576041;-0.3764454126;13
44.23800197;-0.01914258115;2.833101988;6.996613503;44.24599525;-0.6409498453;-0.2499964088;-0.3874409795;13
44.24010379;-0.04785645381;2.871387243;6.848258495;44.24809707;-0.664162755;-0.2903134823;-0.3984365463;13
44.24220561;-0.0765703246;2.904886723;6.685546398;44.2501989;-0.6898190379;-0.3245218992;-0.4082103968;13
44.24430739;-0.1483550072;2.938386202;6.541976929;44.25230067;-0.7179188132;-0.3513999581;-0.413097322;13
44.24640921;-0.2392822653;2.94317174;6.379265308;44.25440244;-0.7509055138;-0.3721693754;-0.4155407548;13
44.24851103;-0.3254238665;2.952743053;6.183053493;44.25650426;-0.7838922143;-0.3856084049;-0.4155407548;13
44.25061285;-0.4211367965;2.981456995;6.010770321;44.25860608;-0.8193224072;-0.3941605091;-0.413097322;13
44.25271462;-0.4833501875;3.00538516;5.828916073;44.26070791;-0.8596394658;-0.3880518377;-0.4057669342;13
44.2548164;-0.5647061467;3.048455954;5.704489231;44.26280968;-0.8962913752;-0.374612838;-0.3947713673;13
44.25691822;-0.6556333899;3.072384357;5.603990555;44.2649115;-0.9353867173;-0.3538434207;-0.3849975169;13
44.25902004;-0.708275497;3.105883837;5.546562672;44.26701332;-0.9720385671;-0.3257436454;-0.370336771;13
44.26112186;-0.784845829;3.115455151;5.522634506;44.26911509;-1.005025268;-0.2878700197;-0.3556760252;13
44.26322364;-0.8518448472;3.14895463;5.527420521;44.27121692;-1.042898893;-0.2475529462;-0.3385718167;13
44.26532546;-0.8709874153;3.134597778;5.546562672;44.27331874;-1.072220445;-0.2011272311;-0.3214675784;13
44.26742728;-0.9188438654;3.120240688;5.575276852;44.27542051;-1.101541877;-0.1522580534;-0.3006981909;13
44.26952905;-0.9379864931;3.105883837;5.651846886;44.27752233;-1.12353301;-0.09972367436;-0.2774853408;13
44.27163088;-0.9954141974;3.086741209;5.77148819;44.27962416;-1.143080711;-0.04963276163;-0.2554942071;13
44.2737327;-1.024128079;3.05324173;5.881557941;44.28172593;-1.158963203;0.002901607659;-0.2310595959;13
44.27583447;-1.03848505;3.03888464;6.049055576;44.28382775;-1.167515278;0.05543597788;-0.2054032832;13
44.27793629;-1.081555843;3.014956474;6.230910301;44.28592952;-1.172402263;0.1055268943;-0.1760817766;13
44.28003811;-1.124626637;3.014956474;6.455835342;44.28803134;-1.176067472;0.1556178033;-0.1455385387;13
44.28213988;-1.129412293;3.014956474;6.690331936;44.29013317;-1.172402263;0.200821802;-0.1174387559;13
44.28424171;-1.115055323;2.991028309;6.934400082;44.29223499;-1.166293621;0.2460257858;-0.086895518;13
44.28634348;-1.0863415;2.967100143;7.188039303;44.29433676;-1.155297995;0.2973384261;-0.05757400393;13
44.2884453;-1.062413216;2.938386202;7.465606689;44.29643858;-1.143080711;0.3425424397;-0.03069595434;13
44.29054712;-1.043270707;2.900100946;7.709674358;44.29854041;-1.129641652;0.3865246773;-0.006261364091;13
44.29264895;-1.009771109;2.81395936;7.939385414;44.30064218;-1.11009407;0.4256200492;0.01939495653;13
44.29475072;-0.9858429432;2.73260355;8.193024635;44.302744;-1.09054637;0.45860672;0.03894263133;13
44.29685254;-0.9762716293;2.646461725;8.446663857;44.30484577;-1.069776893;0.4842630625;0.05604684353;13
44.29895436;-0.9571290612;2.517249346;8.628518105;44.30694759;-1.046564102;0.5038107038;0.06948586553;13
44.30105614;-1.000199914;2.378465652;8.858229637;44.30904942;-1.025794625;0.5099193454;0.0743727833;13
44.30315796;-1.000199914;2.244467735;9.078369141;44.31115124;-1.006247044;0.5062541962;0.07925970852;13
44.30525973;-0.9475577474;2.143969059;9.260223389;44.31325301;-0.9854776263;0.4940368831;0.07559451461;13
44.30736155;-0.890130043;2.057827473;9.432506561;44.31535483;-0.9659299254;0.470824033;0.06704241037;13
44.30946338;-0.8327022791;1.986042738;9.600004196;44.3174566;-0.9524909258;0.4366155863;0.05726857483;13
44.3115652;-0.7657032609;1.93340075;9.681360245;44.31955843;-0.9402735829;0.3962985277;0.04138609022;13
44.31366697;-0.6699903607;1.890329838;9.743574142;44.32166025;-0.9341649413;0.3437641561;0.02061668597;13
44.31576879;-0.5790630579;1.866401672;9.762716293;44.32376207;-0.9329432249;0.2826776803;-0.003817904973;13
44.31787056;-0.4929214716;1.842473388;9.753145218;44.32586384;-0.9353867173;0.2154825479;-0.03191768378;13
44.31997238;-0.4067798555;1.842473388;9.700503349;44.32796567;-0.9439387918;0.1434005052;-0.06123919412;13
44.32207421;-0.3014956415;1.799402595;9.590433121;44.33006749;-0.9598212838;0.07131846249;-0.09300415963;13
44.32417603;-0.2153540403;1.789831281;9.451649666;44.33216926;-0.9793689847;-0.003207040019;-0.1247691289;13
44.3262778;-0.1292124242;1.785045743;9.269794464;44.33427108;-1.006247044;-0.07528908551;-0.1540906429;13
44.32837963;-0.08135596663;1.775474429;9.078369141;44.33637285;-1.040455461;-0.1449276656;-0.1821904182;13
44.33048145;-0.02871387079;1.775474429;8.891729355;44.33847468;-1.07710731;-0.2084576041;-0.2066250145;13
44.33258322;0.0;1.808973908;8.647661209;44.3405765;-1.117424369;-0.2634354234;-0.2298378795;13
44.33468504;0.03349951655;1.828116536;8.427521706;44.34267832;-1.160184979;-0.3135263622;-0.2493855506;13
44.33678681;0.04307080805;1.880758643;8.188239098;44.34478009;-1.20661068;-0.358730346;-0.2640463114;13
44.33888864;0.0382851623;1.923829436;7.982456207;44.34688192;-1.255479813;-0.3990474045;-0.273820132;13
44.34099046;-0.009571290575;1.976471543;7.786244869;44.34898374;-1.303127289;-0.4381427765;-0.2799287736;13
44.34309228;-0.05742774159;2.024327993;7.618747234;44.35108551;-1.350774765;-0.474794656;-0.2835939825;13
44.34519405;-0.1339980662;2.086541414;7.52782011;44.35318733;-1.398422241;-0.5090031028;-0.2848156989;13
44.34729588;-0.1914258152;2.124826431;7.456035137;44.35528916;-1.446069598;-0.5371028781;-0.2835939825;13
44.3493977;-0.2536391914;2.143969059;7.412964344;44.35739093;-1.487608433;-0.5603157282;-0.2787070572;13
44.35149947;-0.2967100143;2.124826431;7.393822193;44.35949275;-1.524260283;-0.5774199367;-0.2725984156;13
44.35360129;-0.3302095234;2.129612207;7.398607731;44.36159457;-1.556025267;-0.5969675779;-0.2628245652;13
44.35570311;-0.3110669553;2.129612207;7.408178806;44.36369634;-1.586568594;-0.6091849208;-0.2518289983;13
44.35780488;-0.3110669553;2.120040894;7.49910593;44.36579817;-1.608559728;-0.614071846;-0.2408334464;13
44.35990671;-0.2823530734;2.115255117;7.599604607;44.36789994;-1.629329085;-0.61285007;-0.2261726856;13
44.36200853;-0.2488535494;2.11046958;7.695317745;44.37000176;-1.650098443;-0.5981893539;-0.2115119249;13
44.3641103;-0.2297109663;2.091326952;7.791030407;44.37210358;-1.662315726;-0.5786416531;-0.1944077164;13
44.36621213;-0.2057827413;2.0769701;7.905886173;44.37420535;-1.675754786;-0.5432115197;-0.1773035079;13
44.3683139;-0.1818545163;2.024327993;7.97767067;44.37630718;-1.681863427;-0.5028944016;-0.1601992846;13
44.37041572;-0.1531406492;2.005185366;8.063812256;44.378409;-1.68430686;-0.4540252388;-0.1430950761;13
44.37251754;-0.1004985496;1.986042738;8.164310455;44.38051082;-1.685528636;-0.3953822255;-0.1247691289;13
44.37461931;-0.05742774159;1.962114573;8.283951759;44.38261259;-1.681863427;-0.3294088244;-0.1064431891;13
44.37672114;0.0;1.928615093;8.441878319;44.38471442;-1.673311353;-0.2609919906;-0.08933897316;13
44.37882296;0.04307080805;1.890329838;8.638090134;44.38681619;-1.659872293;-0.1852447391;-0.07467821985;13
44.38092478;0.08614161611;1.828116536;8.839086533;44.38891801;-1.641546369;-0.1058323234;-0.06246092543;13
44.38302655;0.1531406492;1.756331801;9.040083885;44.39101983;-1.617111802;-0.02519817278;-0.05390881747;13
44.38512838;0.2201396823;1.660618901;9.265008926;44.3931216;-1.589012027;0.05910116807;-0.04657844082;13
44.38723015;0.2727817893;1.564906001;9.485149384;44.39522343;-1.55480361;0.1434005052;-0.04046979174;13
44.38933197;0.3254238665;1.469193101;9.729216576;44.39732525;-1.519373417;0.2325867712;-0.03680460155;13
44.39143379;0.3684946895;1.387837172;9.944570541;44.39942707;-1.47539115;0.3229947388;-0.03313941509;13
44.39353556;0.3972085714;1.296909928;10.16949654;44.40152884;-1.432630658;0.4097375572;-0.03191768378;13
44.39563738;0.3924229145;1.234696507;10.34177971;44.40363067;-1.386204958;0.5013672709;-0.02703076601;13
44.39773921;0.3445664644;1.191625714;10.54277611;44.40573244;-1.337335706;0.5917752385;-0.02336557768;13
44.39984103;0.2632105052;1.138983607;10.748559;44.40783426;-1.286023021;0.6821832657;-0.01847865991;13
44.4019428;0.1531406492;1.076770186;10.9304142;44.40993608;-1.237153888;0.7664825916;-0.01359174121;13
44.40404463;0.04307080805;1.057627559;11.05962658;44.41203791;-1.190728188;0.8385646343;-0.007483093534;13
44.4061464;-0.0765703246;1.028913736;11.14098263;44.41413968;-1.145524144;0.9008728266;-0.002596175298;13
44.40824822;-0.2153540403;1.03848505;11.21755219;44.4162415;-1.103985429;0.9509637356;0.00351247238;13
44.41035004;-0.3206382394;1.052842021;11.29890823;44.41834327;-1.066111803;0.9888373613;0.009621120058;13
44.41245186;-0.4450650215;1.043270707;11.39462185;44.42044509;-1.03068161;1.015715361;0.0157297682;13
44.41455364;-0.5838487148;1.024128079;11.46162033;44.42254692;-0.9976949096;1.034041405;0.01817322709;13
44.41665546;-0.732203722;1.014556766;11.5142622;44.42464874;-0.9744820595;1.03892827;0.02183841541;13
44.41875723;-0.8805587292;0.9906286001;11.50947666;44.42675051;-0.9549343586;1.027932763;0.02183841541;13
44.42085905;-1.019342422;0.9523434043;11.47597694;44.42885228;-0.9390518665;1.008385062;0.01939495653;13
44.42296088;-1.13419795;0.9284151793;11.45683479;44.4309541;-0.9280562997;0.9741765857;0.01695149764;13
44.4250627;-1.225125194;0.9236295223;11.39940739;44.43305593;-0.9243911505;0.9253074527;0.01450803876;13
44.42716447;-1.316052437;0.8949156404;11.39940739;44.43515775;-0.9243911505;0.8654426932;0.008399390616;13
44.42926624;-1.397408366;0.9044869542;11.38983536;44.43725952;-0.9304997921;0.7884737253;0.001069013379;13
44.43136806;-1.459621787;0.9188438654;11.30369377;44.43936134;-0.9402735829;0.709061265;-0.006261364091;13
44.43346988;-1.50269258;0.9044869542;11.2510519;44.44146317;-0.9585995674;0.6186532974;-0.01481347065;13
44.43557171;-1.584048629;0.8997012973;11.20319557;44.44356494;-0.9805907011;0.5209149122;-0.02336557768;13
44.43767348;-1.64626193;0.8997012973;11.1505537;44.44566676;-1.008690476;0.4182896614;-0.03313941509;13
44.4397753;-1.713261008;0.890130043;11.05962658;44.44776858;-1.039233685;0.3107774556;-0.04291325063;13
44.44187713;-1.804188251;0.8709874153;10.98305607;44.44987035;-1.073442101;0.2020435184;-0.05268708616;13
44.4439789;-1.880758643;0.8422735929;10.9304142;44.45197218;-1.106428862;0.08964440972;-0.06246092543;13
44.44608072;-1.938186288;0.8087740541;10.93519974;44.454074;-1.140637279;-0.02275471389;-0.07345648855;13
44.44818254;-1.962114573;0.7896314859;10.92562866;44.45617577;-1.169958711;-0.1327103674;-0.08445205539;13
44.45028431;-1.9812572;0.7704889178;10.96869946;44.45827759;-1.201723695;-0.2402225733;-0.09300415963;13
44.45238614;-1.995614052;0.7417750359;11.02612686;44.46037942;-1.227380037;-0.3452913165;-0.1039997265;13
44.45448796;-2.01475668;0.7130611539;11.1314106;44.46248119;-1.254258156;-0.4418079555;-0.113773562;13
44.45658973;-1.995614052;0.7178468108;11.1936245;44.46458301;-1.273805737;-0.5358811021;-0.1259908676;13
44.45869155;-1.938186288;0.6891329288;11.26540947;44.46668478;-1.290910006;-0.6201804876;-0.1394298822;13
44.46079338;-1.847259045;0.679561615;11.2941227;44.4687866;-1.301905513;-0.6934842467;-0.1540906429;13
44.46289515;-1.727617979;0.6460621357;11.38026428;44.47088843;-1.306792498;-0.7606793642;-0.1675296724;13
44.46499697;-1.59840548;0.6173482537;11.48076344;44.47299025;-1.308014154;-0.8119919896;-0.1821904182;13
44.46709874;-1.478764415;0.5838487148;11.55733299;44.47509202;-1.305570722;-0.8498656154;-0.1956294477;13
44.46920056;-1.378265858;0.5599204898;11.59561825;44.47719384;-1.297018647;-0.8767436743;-0.2078467458;13
44.47130238;-1.31126678;0.5503492355;11.66261768;44.47929567;-1.283579588;-0.8901826739;-0.2188423127;13
44.47340421;-1.244267821;0.5216353536;11.70568848;44.48139744;-1.271362305;-0.8938478827;-0.2273944169;13
44.47550598;-1.1820544;0.5359922647;11.75354481;44.48349926;-1.251814604;-0.8877392411;-0.2335030586;13
44.4776078;-1.148554921;0.5503492355;11.76311588;44.48560103;-1.22982347;-0.8669698238;-0.2359465212;13
44.47970963;-1.071984529;0.5599204898;11.77268696;44.48770285;-1.204167247;-0.8388700485;-0.2396117151;13
44.4818114;-0.9906286001;0.5790630579;11.72483063;44.48980468;-1.178510904;-0.7997747064;-0.2408334464;13
44.48391322;-0.9092726111;0.6221339107;11.71047401;44.4919065;-1.152854562;-0.7545707226;-0.2396117151;13
44.48601499;-0.8518448472;0.6604190469;11.67218876;44.49400827;-1.127198219;-0.6995928884;-0.2371682525;13
44.48811681;-0.784845829;0.679561615;11.57169056;44.49611009;-1.099098444;-0.6397281289;-0.2322813272;13
44.49021864;-0.7465606928;0.7130611539;11.46162033;44.49821186;-1.075885534;-0.5761982203;-0.223729223;13
44.49232046;-0.6891329288;0.7417750359;11.36590767;44.50031369;-1.050229311;-0.5090031028;-0.2139553875;13
44.49442223;-0.6699903607;0.8039883971;11.23190975;44.50241551;-1.029459834;-0.4381427765;-0.1992946416;13
44.49652405;-0.6652047038;0.8422735929;11.14576817;44.50451733;-1.012355685;-0.3685041666;-0.1809686869;13
44.49862582;-0.6987041831;0.8949156404;11.00698376;44.5066191;-1.001360059;-0.2927569449;-0.1614210159;13
44.50072765;-0.7274180651;0.9619147182;10.83470058;44.50872093;-0.9940297008;-0.2170097083;-0.1394298822;13
44.50282947;-0.7513462901;0.9954141974;10.67198944;44.51082275;-0.9866993427;-0.1437059343;-0.113773562;13
44.50493129;-0.7944171429;1.000199914;10.49491978;44.51292452;-0.9879210591;-0.06673697382;-0.086895518;13
44.50703306;-0.837487936;1.004985452;10.32742214;44.51502634;-0.9915862679;-0.0007635809598;-0.06001746282;13
44.50913488;-0.9092726111;0.9906286001;10.164711;44.51712811;-0.9976949096;0.06032289565;-0.03069595434;13
44.51123671;-0.9906286001;1.028913736;10.05464077;44.51922994;-1.0074687;0.111635536;-0.0001527161949;13
44.51333848;-1.057627559;1.028913736;9.958928108;44.52133176;-1.022129536;0.154396072;0.02916879393;13
44.5154403;-1.115055323;1.028913736;9.896714211;44.52343353;-1.039233685;0.1824958473;0.05726857483;13
44.51754207;-1.153340459;1.03848505;9.868000984;44.52553535;-1.057559609;0.1983783394;0.08292489499;13
44.5196439;-1.172483087;1.052842021;9.87757206;44.52763718;-1.079550743;0.2057087123;0.1049160287;13
44.52174572;-1.158126116;1.033699393;9.901499748;44.529739;-1.101541877;0.200821802;0.1256854236;13
44.52384749;-1.095912814;1.014556766;9.963713646;44.53184077;-1.125976562;0.1873827726;0.1415679157;13
44.52594931;-1.004985452;0.9762716293;10.02114105;44.53394259;-1.149189353;0.1641699076;0.1550069451;13
44.52805114;-0.9188438654;0.9044869542;10.07378292;44.53604442;-1.176067472;0.1336266696;0.1635590494;13
44.53015296;-0.8039883971;0.8566305041;10.18385315;44.53814619;-1.202945471;0.09330959618;0.1708894223;13
44.53225473;-0.6747759581;0.784845829;10.29392338;44.54024801;-1.233488679;0.05054906011;0.1721111536;13
44.53435655;-0.5264210105;0.708275497;10.38963604;44.54234978;-1.261588454;0.002901607659;0.169667691;13
44.53645838;-0.3732803464;0.6173482537;10.45663452;44.5444516;-1.290910006;-0.04596757516;0.1611155868;13
44.53856015;-0.2297109663;0.5359922647;10.52841949;44.54655343;-1.320231557;-0.09605848789;0.1501200199;13
44.54066197;-0.05742774159;0.4211367965;10.60499001;44.5486552;-1.349552989;-0.138819024;0.1354592592;13
44.54276374;0.1100698411;0.3062812984;10.69591713;44.55075702;-1.380096197;-0.1779143661;0.1159115955;13
44.54486556;0.3014956415;0.1674975902;10.77727318;44.55285884;-1.404530883;-0.2133445293;0.09514218569;13
44.54696738;0.4929214716;0.05264209956;10.83470058;44.55496061;-1.428965449;-0.2487746775;0.07559451461;13
44.54906916;0.650847733;-0.1004985496;10.93519974;44.55706244;-1.45217824;-0.2805396616;0.05360338464;13
44.55117098;0.7944171429;-0.2153540403;11.07876873;44.55916426;-1.468060732;-0.3110828996;0.02916879393;13
44.5532728;0.8805587292;-0.3302095234;11.27498055;44.56126608;-1.481499791;-0.3330740333;0.004734201822;13
44.55537457;1.009771109;-0.3924229145;11.56211948;44.56336785;-1.487608433;-0.3501782417;-0.01725693047;13
44.5574764;1.110269666;-0.4594219327;11.83490086;44.56546968;-1.490051866;-0.3599520624;-0.03802633286;13
44.55957822;1.143769264;-0.5024927258;12.078969;44.5675715;-1.482721567;-0.3672824502;-0.05757400393;13
44.56168004;1.162911773;-0.5312066078;12.31346512;44.56967327;-1.469282508;-0.3648389876;-0.07834340632;13
44.56378181;1.205982566;-0.5599204898;12.56710434;44.57177509;-1.44851315;-0.3636172712;-0.09666935354;13
44.56588364;1.268195987;-0.6077769399;12.82074356;44.57387686;-1.424078465;-0.3526217043;-0.1186604798;13
44.56798546;1.35912323;-0.6604190469;13.06959724;44.57597869;-1.393535256;-0.3355174661;-0.1418733448;13
44.57008723;1.430907965;-0.7465606928;13.32323647;44.57808051;-1.359326839;-0.3098611534;-0.1638644785;13
44.57218905;1.497906923;-0.8566305041;13.53380489;44.58018228;-1.323896646;-0.2732092738;-0.1870773435;13
44.57429082;1.521835208;-0.9523434043;13.69651699;44.5822841;-1.282357931;-0.2304487377;-0.2115119249;13
44.57639265;1.521835208;-1.019342422;13.80658627;44.58438593;-1.242040753;-0.1803578287;-0.2322813272;13
44.57849447;1.521835208;-1.052842021;13.85922909;44.5864877;-1.201723695;-0.1180496216;-0.2518289983;13
44.58059624;1.483550072;-1.057627559;13.90708542;44.58858952;-1.162628412;-0.05207622424;-0.270154953;13
44.58269806;1.440479279;-1.028913736;13.94058514;44.59069134;-1.12353301;0.02733619884;-0.2848156989;13
44.58479988;1.387837172;-0.9810572863;13.97886944;44.59279311;-1.083215952;0.1153007299;-0.2945895493;13
44.58690166;1.301695466;-0.9236295223;13.98365593;44.59489494;-1.042898893;0.2130390853;-0.3019199073;13
44.58900348;1.229910851;-0.8757730722;13.95494175;44.59699676;-1.001360059;0.311999172;-0.3043633699;13
44.5911053;1.11984098;-0.7896314859;13.90708542;44.59909853;-0.9622647166;0.404850632;-0.3019199073;13
44.59320707;0.9762716293;-0.6556333899;13.92144203;44.60120035;-0.9219476581;0.4940368831;-0.2945895493;13
44.5953089;0.8087740541;-0.5359922647;13.94537067;44.60330218;-0.8828523159;0.5795579553;-0.2848156989;13
44.59741072;0.6317051649;-0.3876372576;13.96929836;44.60540395;-0.8474221826;0.6577486396;-0.2725984156;13
44.59951249;0.4307080805;-0.2392822653;13.94537067;44.60750577;-0.8119919896;0.7298306823;-0.2603811026;13
44.60161431;0.2584248483;-0.1196411327;13.92622757;44.60960759;-0.7765618563;0.7958040833;-0.246942088;13
44.60371614;0.1100698411;-0.0143569354;13.88794231;44.61170936;-0.7472403646;0.8556688428;-0.2335030586;13
44.60581791;-0.004785645287;0.08614161611;13.83051491;44.61381119;-0.7179188132;0.910646677;-0.220064044;13
44.60791973;-0.1148554832;0.1435693651;13.7539444;44.61591296;-0.6934842467;0.9582940936;-0.2054032832;13
44.61002155;-0.2344966233;0.2009970993;13.66301727;44.61801478;-0.671493113;0.9961677194;-0.1907425225;13
44.61212332;-0.3397808075;0.2823530734;13.55773354;44.6201166;-0.6531671882;1.027932763;-0.1748600453;13
44.61422515;-0.4546363056;0.3302095234;13.45244884;44.62221843;-0.6409498453;1.054810762;-0.1589775532;13
44.61632692;-0.5742774606;0.4115654826;13.36152172;44.6243202;-0.6348412037;1.073136687;-0.1455385387;13
44.61842874;-0.7130611539;0.4737788737;13.25623703;44.62642202;-0.6299542785;1.086575747;-0.1333212405;13
44.62053056;-0.8327022791;0.5216353536;13.13659668;44.62852384;-0.6287325621;1.091462612;-0.1211039424;13
44.62263238;-0.9188438654;0.5838487148;13.01216984;44.63062561;-0.6348412037;1.087797403;-0.1125518382;13
44.62473416;-1.000199914;0.6364908218;12.87338543;44.63272744;-0.6433933377;1.07558012;-0.1052214578;13
44.62683598;-1.062413216;0.6364908218;12.73460197;44.63482921;-0.6580541134;1.056032538;-0.0978910774;13
44.6289378;-1.124626637;0.6460621357;12.61974621;44.63693103;-0.6763800383;1.020602345;-0.09178243577;13
44.63103957;-1.21555388;0.6604190469;12.49053383;44.63903285;-0.6971494555;0.9778417945;-0.086895518;13
44.6331414;-1.301695466;0.6412764788;12.38046455;44.64113462;-0.7203623056;0.9289726019;-0.07834340632;13
44.63524317;-1.383051515;0.6317051649;12.30389404;44.64323645;-0.7472403646;0.8691078424;-0.07345648855;13
44.63734499;-1.469193101;0.626919508;12.19861031;44.64533827;-0.7741183639;0.8043562174;-0.06856957078;13
44.63944681;-1.545763373;0.5934200287;12.12203979;44.64744009;-0.8034399152;0.7408262491;-0.06368265301;13
44.64154858;-1.617548108;0.5694918036;12.078969;44.64954186;-0.8315396905;0.6699659228;-0.05757400393;13
44.64365041;-1.684547186;0.5312066078;12.09811115;44.65164364;-0.8571959734;0.601549089;-0.05268708616;13
44.64575223;-1.765903115;0.4977070987;12.13639641;44.65374546;-0.8791871071;0.5270236135;-0.0490218997;13
44.64785405;-1.861616015;0.4211367965;12.20818138;44.65584728;-0.898734808;0.4561632872;-0.04535670951;13
44.64995582;-1.923829436;0.3637090325;12.34696484;44.65794905;-0.9133955836;0.3828594983;-0.04413498193;13
44.65205759;-2.000399828;0.3014956415;12.5048914;44.66005093;-0.9243911505;0.3168860972;-0.04291325063;13
44.65415942;-2.038684845;0.2344966233;12.63410378;44.6621527;-0.9304997921;0.2460257858;-0.04169152305;13
44.65626124;-2.057827473;0.1483550072;12.79681587;44.66425452;-0.9317215085;0.1824958473;-0.04169152305;13
44.65836301;-2.096112728;0.08135596663;12.93559933;44.66635629;-0.9292780161;0.1201876476;-0.04046979174;13
44.66046488;-2.129612207;0.004785645287;13.12223911;44.66845811;-0.9243911505;0.06276635826;-0.03680460155;13
44.66256666;-2.158325911;-0.05264209956;13.25623703;44.67055994;-0.9133955836;0.01023198478;-0.03313941509;13
44.66466848;-2.215753794;-0.1052841991;13.40459251;44.67266171;-0.9011782408;-0.03375028074;-0.02825249545;13
44.66677025;-2.282752752;-0.1627119333;13.48116302;44.67476353;-0.8877392411;-0.0728456229;-0.0209221188;13
44.66887207;-2.282752752;-0.1962114573;13.52901936;44.6768653;-0.8743002415;-0.1009454057;-0.01359174121;13
44.6709739;-2.306680918;-0.2201396823;13.58166122;44.67896712;-0.8596394658;-0.121714808;-0.0001527161949;13
44.67307567;-2.325823545;-0.2057827413;13.54337597;44.68106895;-0.848643899;-0.1375972927;0.01450803876;13
44.67517749;-2.359323025;-0.1962114573;13.47637749;44.68317077;-0.8339831233;-0.1449276656;0.03161225095;13
44.67727926;-2.378465652;-0.1339980662;13.41416359;44.68527254;-0.8217658401;-0.1485928595;0.05238165334;13
44.67938108;-2.373680115;-0.1052841991;13.35195065;44.68737436;-0.8095485568;-0.1400407553;0.07315105945;13
44.68148291;-2.378465652;-0.07178468257;13.30887985;44.68947619;-0.7961094975;-0.1327103674;0.09514218569;13
44.68358473;-2.364108801;-0.05264209956;13.24188042;44.69157796;-0.7851139307;-0.1192713454;0.1183550507;13
44.6856865;-2.354537487;-0.0382851623;13.14616776;44.69367978;-0.771674931;-0.1046105921;0.1391244531;13
44.68778832;-2.311466694;-0.0382851623;13.04088306;44.6957816;-0.7594576478;-0.08872810751;0.1574503928;13
44.68989015;-2.225325108;-0.05264209956;12.97867012;44.69788338;-0.7472403646;-0.0740673542;0.1745546162;13
44.69199192;-2.124826431;-0.07178468257;12.95474148;44.6999852;-0.7325795889;-0.0557414107;0.1916588247;13
44.69409374;-2.033899307;-0.08135596663;12.887743;44.70208697;-0.7191405892;-0.04474584386;0.2050978541;13
44.69619556;-1.952543259;-0.07178468257;12.78724384;44.70418879;-0.7081450224;-0.03008509055;0.216093421;13
44.69829733;-1.852044702;-0.08135596663;12.73460197;44.70629061;-0.6959276795;-0.01786779426;0.2283107042;13
44.70039916;-1.741974831;-0.08614161611;12.64367485;44.70839244;-0.6873756051;-0.00565049937;0.2393062711;13
44.70250093;-1.660618901;-0.1004985496;12.54796219;44.71049421;-0.6739365458;0.004123337101;0.2490801066;13
44.70460275;-1.588834286;-0.1196411327;12.4618206;44.71259603;-0.6678279042;0.01511890348;0.2588539422;13
44.70670457;-1.536192179;-0.1435693651;12.38525009;44.71469785;-0.6604975462;0.02489273995;0.2686277926;13
44.7088064;-1.493121386;-0.1531406492;12.29910851;44.71679962;-0.6568323374;0.03222311661;0.2796233594;13
44.71090817;-1.473978758;-0.1914258152;12.21296692;44.71890145;-0.6519454122;0.04199695215;0.2906189263;13
44.71300999;-1.473978758;-0.2153540403;12.12682533;44.72100327;-0.6495019794;0.04566214234;0.3016144931;13
44.71511181;-1.478764415;-0.2775674164;12.07418346;44.72310504;-0.6433933377;0.05054906011;0.3150535226;13
44.71721358;-1.50269258;-0.3493520916;12.05025482;44.72520686;-0.6385064125;0.0542142503;0.3284925222;13
44.71931541;-1.531406522;-0.3924229145;12.06939697;44.72730864;-0.6360629797;0.05543597788;0.3407098353;13
44.72141723;-1.545763373;-0.4498506486;12.13639641;44.72941046;-0.6287325621;0.04932733253;0.3541488647;13
44.723519;-1.569691658;-0.5072783828;12.16989613;44.73151228;-0.6238456368;0.04077522457;0.3639226854;13
44.72562082;-1.536192179;-0.5312066078;12.2416811;44.73361405;-0.6152935624;0.03100138716;0.3688096106;13
44.72772259;-1.459621787;-0.5982056856;12.29432297;44.73571588;-0.6067414284;0.01634063199;0.3724747896;13
44.72982442;-1.363908887;-0.6604190469;12.32782269;44.73781765;-0.5969675779;0.0016798781;0.3724747896;13
44.73192624;-1.225125194;-0.7226324677;12.3421793;44.73991947;-0.5847502947;-0.01542433538;0.3675878942;13
44.73402801;-1.067198873;-0.8039883971;12.36610699;44.74202129;-0.5737547278;-0.03130681813;0.3602575064;13
44.73612983;-0.8949156404;-0.8805587292;12.36610699;44.74412311;-0.562759161;-0.04841103405;0.3492619395;13
44.7382316;-0.7130611539;-0.9379864931;12.32303619;44.74622494;-0.5542070866;-0.06429351866;0.3358229101;13
44.74033343;-0.5694918036;-0.9954141974;12.27517986;44.74832671;-0.5456549525;-0.07895427197;0.319940418;13
44.74243525;-0.4259224236;-1.052842021;12.25125217;44.75042848;-0.5395463109;-0.09483675659;0.3028362095;13
44.74453707;-0.2584248483;-1.048056364;12.19382381;44.7525303;-0.5322159529;-0.1046105921;0.2832885385;13
44.7466389;-0.09571290761;-1.071984529;12.10289669;44.75463212;-0.5261073112;-0.1119409725;0.262519151;13
44.74874067;0.05742774159;-1.076770186;12.00718403;44.7567339;-0.521220386;-0.1204930767;0.242971465;13
44.75084244;0.1914258152;-1.105484009;11.93539906;44.75883572;-0.5175551772;-0.1241582632;0.2246455252;13
44.75294426;0.2967100143;-1.115055323;11.88275719;44.76093754;-0.5151117444;-0.131488651;0.2050978541;13
44.75504608;0.3684946895;-1.124626637;11.83490086;44.76303936;-0.512668252;-0.1339320987;0.1879936308;13
44.75714785;0.4067798555;-1.138983607;11.80140114;44.76514114;-0.512668252;-0.138819024;0.1708894223;13
44.75924968;0.4450650215;-1.158126116;11.74397373;44.76724291;-0.5090031028;-0.1400407553;0.1537852138;13
44.7613515;0.4546363056;-1.162911773;11.6769743;44.76934478;-0.5077813268;-0.138819024;0.1379027218;13
44.76345332;0.4689932466;-1.172483087;11.64347458;44.77144655;-0.5028944016;-0.1400407553;0.119576782;13
44.76555509;0.4785645306;-1.201196909;11.62433243;44.77354838;-0.4992292523;-0.1375972927;0.1024725661;13
44.76765686;0.4737788737;-1.225125194;11.61476135;44.77565015;-0.4931205809;-0.1339320987;0.08536835015;13
44.76975874;0.4881358147;-1.229910851;11.60040379;44.77775197;-0.4845684767;-0.1278234571;0.06826414168;13
44.77186051;0.4833501875;-1.253839016;11.60997581;44.77985379;-0.4760163724;-0.121714808;0.04993819445;13
44.77396233;0.4594219327;-1.272981644;11.60040379;44.78195556;-0.4662425518;-0.1119409725;0.03527744114;13
44.7760641;0.4450650215;-1.287338614;11.59561825;44.78405739;-0.4540252388;-0.09605848789;0.01939495653;13
44.77816593;0.4163511395;-1.272981644;11.58604717;44.78615921;-0.4405862093;-0.07773254067;0.007177661173;13
44.78026775;0.3972085714;-1.249053478;11.58126163;44.78826098;-0.4271472096;-0.0557414107;-0.005039634649;13
44.78236952;0.3876372576;-1.244267821;11.55254745;44.7903628;-0.412486434;-0.02764163166;-0.01481347065;13
44.78447134;0.3828516304;-1.191625714;11.53819084;44.79246457;-0.3990474045;0.0004581485991;-0.02580903657;13
44.78657317;0.3637090325;-1.162911773;11.5142622;44.7945664;-0.3843866587;0.03100138716;-0.03191768378;13
44.78867494;0.3493520916;-1.13419795;11.49033451;44.79666822;-0.3709476292;0.06154462695;-0.03558287397;13
44.79077676;0.3014956415;-1.115055323;11.49990559;44.79877004;-0.3562868834;0.09697478265;-0.03802633286;13
44.79287853;0.2392822653;-1.091127157;11.51904774;44.80087181;-0.3428478539;0.1287397593;-0.04046979174;13
44.79498035;0.1579262912;-1.0863415;11.52383423;44.80297364;-0.3294088244;0.1592829973;-0.04291325063;13
44.79708218;0.07178468257;-1.095912814;11.56211948;44.80507541;-0.315969795;0.1873827726;-0.04291325063;13
44.799184;-0.004785645287;-1.105484009;11.57169056;44.80717723;-0.3013090491;0.2105956376;-0.04657844082;13
44.80128577;-0.0765703246;-1.110269666;11.60519028;44.80927905;-0.2878700197;0.2313650399;-0.0490218997;13
44.80338759;-0.1292124242;-1.105484009;11.64347458;44.81138088;-0.2707658112;0.2484692484;-0.05146535859;13
44.80548936;-0.1962114573;-1.129412293;11.65304661;44.81348265;-0.2573267817;0.2631300092;-0.05513054505;13
44.80759119;-0.2392822653;-1.153340459;11.66261768;44.81558447;-0.2426660359;0.2765690386;-0.05757400393;13
44.80969301;-0.2775674164;-1.153340459;11.67218876;44.81768629;-0.2267835438;0.2863428593;-0.06368265301;13
44.81179483;-0.3302095234;-1.172483087;11.65783215;44.81978806;-0.2133445293;0.2936732471;-0.06612611562;13
44.8138966;-0.3589234054;-1.148554921;11.65304661;44.82188989;-0.2035706937;0.3034470677;-0.06979130208;13
44.81599843;-0.3972085714;-1.143769264;11.63868904;44.82399166;-0.1937968582;0.3071122766;-0.07467821985;13
44.81810025;-0.4402793646;-1.124626637;11.59561825;44.82609348;-0.1864664704;0.3132209182;-0.07712167501;13
44.82020202;-0.4881358147;-1.105484009;11.54297638;44.8281953;-0.1803578287;0.3193295598;-0.07834340632;13
44.82230384;-0.5503492355;-1.076770186;11.44726372;44.83029707;-0.1779143661;0.3254382014;-0.07712167501;13
44.82440561;-0.6364908218;-1.048056364;11.38504982;44.8323989;-0.1766926348;0.3303251266;-0.07712167501;13
44.82650744;-0.7130611539;-1.014556766;11.27498055;44.83450072;-0.1754709035;0.3315468729;-0.07223475724;13
44.82860926;-0.7896314859;-0.9714859724;11.19841003;44.83660254;-0.1766926348;0.3327685893;-0.06979130208;13
44.83071103;-0.8566305041;-0.9332008362;11.1314106;44.83870431;-0.1766926348;0.3303251266;-0.06368265301;13
44.83281285;-0.9284151793;-0.9188438654;11.11226845;44.84080614;-0.1791360974;0.3229947388;-0.05757400393;13
44.83491468;-1.000199914;-0.8805587292;11.08833981;44.84290791;-0.1803578287;0.3144426346;-0.0490218997;13
44.8370165;-1.067198873;-0.8757730722;11.10748291;44.84500973;-0.1803578287;0.3022253513;-0.04413498193;13
44.83911827;-1.153340459;-0.8566305041;11.12662506;44.84711155;-0.1791360974;0.2875646055;-0.03680460155;13
44.84122009;-1.234696507;-0.8422735929;11.18883896;44.84921332;-0.1766926348;0.2704603672;-0.0294742249;13
44.84332186;-1.277767301;-0.8709874153;11.26540947;44.85131515;-0.1718057245;0.2509126961;-0.02214384824;13
44.84542369;-1.368694544;-0.8566305041;11.34676456;44.85341697;-0.1669187993;0.2301433086;-0.01725693047;13
44.84752551;-1.40697968;-0.8757730722;11.44247818;44.85551874;-0.1571449637;0.2081521749;-0.01359174121;13
44.84962728;-1.450050473;-0.8949156404;11.51904774;44.85762056;-0.1498145908;0.1861610413;-0.007483093534;13
44.8517291;-1.478764415;-0.9092726111;11.61476135;44.85972233;-0.138819024;0.1605047137;-0.002596175298;13
44.85383093;-1.517049551;-0.9236295223;11.6769743;44.86182416;-0.131488651;0.1385135949;-0.001374445739;13
44.8559327;-1.526620865;-0.9475577474;11.74875927;44.86392598;-0.1204930767;0.1128572673;0.002290742937;13
44.85803452;-1.540977836;-0.9906286001;11.80618668;44.8660278;-0.1094975099;0.09086613357;0.004734201822;13
44.86013629;-1.536192179;-1.000199914;11.83968639;44.86812957;-0.102167137;0.06887500733;0.007177661173;13
44.86223811;-1.55054903;-1.03848505;11.84447193;44.8702314;-0.08994983882;0.04688387364;0.008399390616;13
44.86433994;-1.560120344;-1.067198873;11.83968639;44.87233322;-0.08384118974;0.02611446939;0.01328630932;13
44.86644176;-1.560120344;-1.062413216;11.82532978;44.87443499;-0.0740673542;0.01145371422;0.0157297682;13
44.86854353;-1.574477315;-1.095912814;11.7966156;44.87653681;-0.06795870513;-0.003207040019;0.01817322709;13
44.87064535;-1.588834286;-1.081555843;11.72483063;44.87863864;-0.06185005978;-0.01542433538;0.0242818743;13
44.87274718;-1.574477315;-1.0863415;11.6961174;44.88074041;-0.05818486959;-0.02397644334;0.03039052337;13
44.87484895;-1.574477315;-1.057627559;11.64826107;44.88284223;-0.05207622424;-0.03252854943;0.03649916872;13
44.87695077;-1.55054903;-1.019342422;11.59083271;44.88494405;-0.04841103405;-0.03863719851;0.0438295491;13
44.87905259;-1.531406522;-0.9667003751;11.5334053;44.88704582;-0.04474584386;-0.04352411628;0.05238165334;13
44.88115436;-1.50269258;-0.9140582681;11.49990559;44.88914765;-0.03985892609;-0.04718930274;0.0609337613;13
44.88325619;-1.464407444;-0.8709874153;11.46640587;44.89124947;-0.0374154672;-0.05085449293;0.07192932814;13
44.88535801;-1.440479279;-0.8327022791;11.42333508;44.89335124;-0.03863719851;-0.05085449293;0.07925970852;13
44.88745978;-1.416550994;-0.7944171429;11.38983536;44.89545306;-0.03497200832;-0.05207622424;0.08781181276;13
44.8895616;-1.387837172;-0.7465606928;11.32283688;44.89755489;-0.03619373962;-0.05329795182;0.0975856483;13
44.89166343;-1.344766378;-0.7178468108;11.3132658;44.89965666;-0.03863719851;-0.05329795182;0.1061377525;13
44.8937652;-1.325623751;-0.6987041831;11.26062298;44.90175848;-0.0374154672;-0.05329795182;0.1146898642;13
44.89586702;-1.277767301;-0.679561615;11.24626637;44.90386025;-0.04230238497;-0.0557414107;0.1207985133;13
44.89796884;-1.220339537;-0.6652047038;11.22233772;44.90596207;-0.04474584386;-0.05818486959;0.1269071549;13
44.90007061;-1.1820544;-0.6843472719;11.18883896;44.9080639;-0.05085449293;-0.06185005978;0.1317940801;13
44.90217244;-1.124626637;-0.6891329288;11.17926693;44.91016567;-0.05696314201;-0.06307178736;0.1342375278;13
44.90427421;-1.057627559;-0.6699903607;11.14098263;44.91226749;-0.06429351866;-0.06185005978;0.1366809905;13
44.90637603;-0.9714859724;-0.679561615;11.11226845;44.91436931;-0.07040216774;-0.06307178736;0.1379027218;13
44.90847785;-0.8949156404;-0.6891329288;11.10269737;44.91647108;-0.08017600328;-0.06185005978;0.1403461844;13
44.91057963;-0.8757730722;-0.6939185858;11.14098263;44.91857291;-0.08628465235;-0.05940660089;0.1452330947;13
44.91268145;-0.8518448472;-0.6843472719;11.1314106;44.92067473;-0.09605848789;-0.0557414107;0.1501200199;13
44.91478327;-0.8518448472;-0.6747759581;11.1505537;44.92277655;-0.1046105921;-0.0557414107;0.1562286615;13
44.91688504;-0.8614161611;-0.679561615;11.1936245;44.92487832;-0.1119409725;-0.05940660089;0.1623373181;13
44.91898686;-0.8805587292;-0.6699903607;11.26540947;44.92698015;-0.1180496216;-0.06185005978;0.1684459597;13
44.92108869;-0.9236295223;-0.6987041831;11.36112213;44.92908197;-0.1253799945;-0.06795870513;0.1757763475;13
44.92319051;-0.94277215;-0.6987041831;11.43290615;44.93118374;-0.1327103674;-0.07651081681;0.1855501831;13
44.92529228;-0.9810572863;-0.7417750359;11.52861977;44.93328556;-0.1400407553;-0.08872810751;0.192880556;13
44.9273941;-0.9858429432;-0.732203722;11.6769743;44.93538733;-0.1449276656;-0.09972367436;0.1989891976;13
44.92949593;-1.000199914;-0.756131947;11.82054424;44.93748916;-0.1473711282;-0.1168278903;0.2063195854;13
44.9315977;-0.9762716293;-0.7657032609;11.97368431;44.93959098;-0.1498145908;-0.1363755614;0.2124282271;13
44.93369952;-0.9906286001;-0.756131947;12.18903828;44.94169275;-0.1498145908;-0.1534797698;0.2197586;13
44.93580129;-1.019342422;-0.7417750359;12.43310642;44.94379457;-0.1449276656;-0.1791360974;0.2258672565;13
44.93790311;-1.033699393;-0.7417750359;12.65803146;44.9458964;-0.142484203;-0.2047924101;0.2319758981;13
44.94000494;-1.019342422;-0.7274180651;12.85424328;44.94799817;-0.138819024;-0.2341139317;0.2344193608;13
44.94210671;-1.000199914;-0.7369893789;13.05524063;44.95009999;-0.131488651;-0.2671006322;0.2344193608;13
44.94420853;-0.9332008362;-0.7274180651;13.28495121;44.95220181;-0.1241582632;-0.3025307953;0.2331976295;13
44.94631035;-0.8614161611;-0.7369893789;13.44766331;44.95430358;-0.1143844277;-0.3355174661;0.2307541668;13
44.94841213;-0.7369893789;-0.7417750359;13.63908863;44.95640541;-0.1058323234;-0.3672824502;0.2270889878;13
44.95051395;-0.6412764788;-0.760917604;13.82572937;44.95850723;-0.0972802192;-0.3978256881;0.2209803313;13
44.95261577;-0.5694918036;-0.7752745152;13.98365593;44.960609;-0.08628465235;-0.4222602844;0.216093421;13
44.95471754;-0.4546363056;-0.784845829;14.13201046;44.96271082;-0.07528908551;-0.4442514181;0.2063195854;13
44.95681936;-0.3541377485;-0.8039883971;14.28036594;44.96481259;-0.06185005978;-0.4674642682;0.1989891976;13
44.95892119;-0.2344966233;-0.8087740541;14.43350601;44.96691442;-0.04474584386;-0.4845684767;0.1867718995;13
44.96102296;-0.1196411327;-0.8279166222;14.58664703;44.96901624;-0.02886336111;-0.5004509687;0.1745546162;13
44.96312478;0.004785645287;-0.837487936;14.76371574;44.97111806;-0.01053741761;-0.5090031028;0.1598938555;13
44.96522655;0.1627119333;-0.8566305041;14.93121338;44.97321983;0.0126754446;-0.5114465356;0.1452330947;13
44.96732838;0.3014956415;-0.8614161611;15.10828209;44.97532166;0.03466657549;-0.5077813268;0.1281288862;13
44.9694302;0.4115654826;-0.8518448472;15.26142311;44.97742343;0.06276635826;-0.5016726851;0.1122464016;13
44.97153202;0.5216353536;-0.8327022791;15.40977764;44.97952525;0.08842267841;-0.4906771481;0.09514218569;13
44.97363379;0.5742774606;-0.7992027402;15.51984787;44.98162707;0.1165224537;-0.4760163724;0.07803797722;13
44.97573561;0.6364908218;-0.756131947;15.61077499;44.98372884;0.1446222365;-0.4576904476;0.0609337613;13
44.97783738;0.6891329288;-0.6939185858;15.68255997;44.98583067;0.1751654744;-0.4320341051;0.04505127668;13
44.97993921;0.7369893789;-0.6412764788;15.73998737;44.98793249;0.2069304436;-0.4039343297;0.03161225095;13
44.98204103;0.756131947;-0.5886343718;15.76870155;44.99003431;0.2399171442;-0.3721693754;0.01939495653;13
44.9841428;0.7417750359;-0.5455635786;15.82612896;44.99213608;0.2716821134;-0.3367392123;0.007177661173;13
44.98624463;0.6987041831;-0.4785645306;15.84527111;44.99423791;0.3034470677;-0.3013090491;-0.0001527161949;13
44.98834645;0.6652047038;-0.4259224236;15.82134342;44.99633968;0.3315468729;-0.2609919906;-0.007483093534;13
44.99044827;0.6077769399;-0.3780659735;15.87398529;44.9984415;0.3645335436;-0.2206749022;-0.009926552884;13
44.99255004;0.5120640397;-0.3206382394;15.87877083;45.00054332;0.3926333487;-0.18157956;-0.01237001177;13
44.99465186;0.4546363056;-0.2584248483;15.8931284;45.00264509;0.4195113778;-0.138819024;-0.01114828233;13
44.99675364;0.3637090325;-0.1866401732;15.88355637;45.00474692;0.4476111531;-0.09605848789;-0.01114828233;13
44.99885546;0.2967100143;-0.1148554832;15.85484314;45.00684874;0.474489212;-0.05329795182;-0.007483093534;13
45.00095728;0.2297109663;-0.05742774159;15.8309145;45.00895051;0.4977020919;-0.01664606482;-0.003817904973;13
45.00305905;0.1962114573;0.0143569354;15.82612896;45.01105233;0.5209149122;0.02244928107;-0.002596175298;13
45.00516088;0.1579262912;0.0765703246;15.78305817;45.01315416;0.5441278219;0.05910116807;-0.0001527161949;13
45.0072627;0.1196411327;0.1100698411;15.77827263;45.01525593;0.5624537468;0.08964440972;0.004734201822;13
45.00936447;0.08135596663;0.1722832322;15.76870155;45.01735775;0.5795579553;0.1189659163;0.007177661173;13
45.01146629;0.03349951655;0.2153540403;15.75912952;45.01945957;0.5929969549;0.1421787739;0.01206457894;13
45.01356811;-0.04785645381;0.2440679073;15.73520184;45.02156134;0.6039925218;0.161726445;0.01939495653;13
45.01566988;-0.1483550072;0.2775674164;15.73520184;45.02366311;0.6113229394;0.1751654744;0.02550360374;13
45.01777171;-0.2871387303;0.3158525825;15.74955845;45.02576494;0.6137663722;0.1800523996;0.03649916872;13
45.01987353;-0.4546363056;0.3493520916;15.75434399;45.02786676;0.6149880886;0.1788306683;0.04627300799;13
45.0219753;-0.5934200287;0.3924229145;15.73520184;45.02996853;0.617431581;0.1715002805;0.05726857483;13
45.02407707;-0.732203722;0.4115654826;15.74477291;45.03207041;0.6149880886;0.1580612659;0.07192932814;13
45.0261789;-0.866201818;0.4546363056;15.74955845;45.03417218;0.6113229394;0.1397353113;0.08781181276;13
45.02828072;-1.014556766;0.4929214716;15.72563076;45.036274;0.6076577306;0.1153007299;0.1061377525;13
45.03038249;-1.143769264;0.5072783828;15.71605873;45.03837577;0.6003273726;0.08842267841;0.1256854236;13
45.03248436;-1.244267821;0.5599204898;15.73520184;45.04047759;0.5929969549;0.05665770918;0.1452330947;13
45.03458614;-1.363908887;0.5790630579;15.73520184;45.04257942;0.5868883133;0.02489273995;0.169667691;13
45.03668796;-1.459621787;0.6125625968;15.78305817;45.04468124;0.5820014477;-0.01542433538;0.1953240186;13
45.03878973;-1.555334687;0.650847733;15.85484314;45.04678301;0.5771145225;-0.06429351866;0.2209803313;13
45.04089155;-1.631905079;0.6460621357;16.02234077;45.04888483;0.57467103;-0.1119409725;0.242971465;13
45.04299338;-1.713261008;0.5982056856;16.25205231;45.0509866;0.5783362389;-0.1632536054;0.2637408674;13
45.0450952;-1.780260086;0.5407779217;16.52004814;45.05308843;0.5832231641;-0.2194531709;0.2845102847;13
45.04719697;-1.842473388;0.4450650215;16.77368736;45.05519025;0.5929969549;-0.2842048407;0.2979492843;13
45.04929879;-1.8855443;0.3493520916;17.09432411;45.05729202;0.6076577306;-0.3538434207;0.3101665974;13
45.05140056;-1.8855443;0.2344966233;17.38624954;45.05939384;0.624761939;-0.4259254634;0.316275239;13
45.05350238;-1.861616015;0.1196411327;17.75952911;45.06149561;0.6491965652;-0.5041161776;0.3187187016;13
45.05560421;-1.823330879;-0.0143569354;18.07538223;45.06359744;0.6772963405;-0.5798633695;0.3187187016;13
45.05770598;-1.727617979;-0.1196411327;18.41516304;45.06569926;0.709061265;-0.6617192626;0.316275239;13
45.0598078;-1.612762451;-0.2392822653;18.71665955;45.06780103;0.7444914579;-0.7386882305;0.3089448512;13
45.06190957;-1.50269258;-0.3493520916;18.98465538;45.06990285;0.7823650837;-0.8132137656;0.3028362095;13
45.0640114;-1.387837172;-0.4594219327;19.24308014;45.07200463;0.8239038587;-0.8804088831;0.2918406427;13
45.06611322;-1.234696507;-0.5551348329;19.45843315;45.0741065;0.8654426932;-0.9463822842;0.2808450758;13
45.06821499;-1.095912814;-0.6747759581;19.63550186;45.07620827;0.9069814682;-1.003803492;0.2674060464;13
45.07031681;-0.9619147182;-0.7752745152;19.74078751;45.07831009;0.953407228;-1.051450968;0.2503018379;13
45.07241858;-0.8518448472;-0.8566305041;19.75992966;45.08041186;1.002276421;-1.086881161;0.2319758981;13
45.07452046;-0.7417750359;-0.9571290612;19.73121643;45.08251369;1.048702121;-1.114980936;0.2112064958;13
45.07662223;-0.5551348329;-1.048056364;19.83650017;45.08461551;1.095127821;-1.134528637;0.1904370934;13
45.07872405;-0.4019941986;-1.143769264;19.82214355;45.08671728;1.140331864;-1.145524144;0.1721111536;13
45.08082582;-0.2871387303;-1.234696507;19.73121643;45.0888191;1.183092356;-1.14674592;0.1525634825;13
45.08292765;-0.2057827413;-1.287338614;19.58764648;45.09092088;1.225852847;-1.14674592;0.1342375278;13
45.08502947;-0.1531406492;-1.354337573;19.45843315;45.0930227;1.269835114;-1.143080711;0.1183550507;13
45.08713124;-0.1004985496;-1.392622828;19.32922173;45.09512452;1.311373949;-1.135750294;0.1024725661;13
45.08923306;-0.05742774159;-1.440479279;19.19522285;45.09722634;1.35413444;-1.127198219;0.08659008145;13
45.09133483;0.004785645287;-1.469193101;19.03251076;45.09932817;1.392008066;-1.114980936;0.07192932814;13
45.09343666;0.08135596663;-1.488335729;18.89372826;45.10142994;1.434768677;-1.096655011;0.05849030241;13
45.09553848;0.1674975902;-1.517049551;18.74537277;45.10353176;1.473863959;-1.075885534;0.04505127668;13
45.0976403;0.2727817893;-1.536192179;18.61615944;45.10563353;1.514181018;-1.051450968;0.03283398226;13
45.09974213;0.3780659735;-1.545763373;18.43909073;45.10773535;1.552054644;-1.018464327;0.02183841541;13
45.1018439;0.4833501875;-1.536192179;18.29552269;45.10983713;1.592371821;-0.9769254923;0.009621120058;13
45.10394572;0.5934200287;-1.536192179;18.08016777;45.11193895;1.625358462;-0.9304997921;-0.002596175298;13
45.10604749;0.6891329288;-1.521835208;17.88395691;45.11404077;1.659566879;-0.8804088831;-0.01603520103;13
45.10814931;0.784845829;-1.50269258;17.63031769;45.11614254;1.692553639;-0.8242093325;-0.03069595434;13
45.11025108;0.866201818;-1.497906923;17.38624954;45.11824436;1.723096848;-0.7667880058;-0.04291325063;13
45.11235291;0.9619147182;-1.469193101;17.07518196;45.12034619;1.749974847;-0.70570153;-0.05635227636;13
45.11445473;1.062413216;-1.450050473;16.75933075;45.12244796;1.774409413;-0.6446150541;-0.06979130208;13
45.1165565;1.13419795;-1.430907965;16.46261978;45.12454978;1.796400547;-0.5798633695;-0.08200860023;13
45.11865832;1.225125194;-1.416550994;16.14198112;45.1266516;1.815948248;-0.512668252;-0.0978910774;13
45.12076015;1.272981644;-1.411765337;15.81655788;45.12875338;1.826943874;-0.4466948807;-0.1113301069;13
45.12286192;1.320838094;-1.397408366;15.47199154;45.1308552;1.837939382;-0.374612838;-0.1223256737;13
45.12496374;1.368694544;-1.383051515;15.07956791;45.13295702;1.840382814;-0.3074176908;-0.1357647032;13
45.12706556;1.421336651;-1.35912323;14.74935913;45.13505879;1.84160459;-0.2377791107;-0.1479819864;13
45.12916733;1.459621787;-1.335195065;14.36650753;45.13716061;1.840382814;-0.1632536054;-0.1614210159;13
45.13126916;1.50269258;-1.330409408;14.02672672;45.13926244;1.83183074;-0.09117157012;-0.1711948514;13
45.13337098;1.517049551;-1.306481123;13.66301727;45.14136421;1.823278666;-0.01786779426;-0.1809686869;13
45.13547275;1.473978758;-1.272981644;13.33759308;45.14346603;1.804952741;0.05299251899;-0.1895207912;13
45.13757457;1.387837172;-1.244267821;12.96909904;45.14556785;1.78540504;0.1189659163;-0.1944077164;13
45.1396764;1.277767301;-1.210768223;12.64846039;45.14766963;1.764635682;0.1788306683;-0.1931859851;13
45.14177817;1.11984098;-1.16769743;12.36132145;45.14977145;1.741422772;0.2301433086;-0.1870773435;13
45.14387999;0.8949156404;-1.153340459;12.12682533;45.15187322;1.718209863;0.2692386508;-0.1760817766;13
45.14598181;0.6077769399;-1.11984098;11.9593277;45.15397504;1.693775296;0.2936732471;-0.1589775532;13
45.14808358;0.2967100143;-1.076770186;11.90190029;45.15607686;1.674227595;0.3095557392;-0.1357647032;13
45.15018541;0.004785645287;-1.03848505;11.90668583;45.15817864;1.653458238;0.311999172;-0.1076649204;13
45.15228718;-0.2919243574;-0.9858429432;11.98325539;45.16028046;1.637575746;0.3034470677;-0.07834340632;13
45.154389;-0.5647061467;-0.9858429432;12.11246777;45.16238228;1.626580238;0.2790125012;-0.0490218997;13
45.15649082;-0.7896314859;-0.9571290612;12.30867958;45.1644841;1.621693254;0.2496909797;-0.01847865991;13
45.15859259;-0.9667003751;-0.9379864931;12.51924801;45.16658588;1.620471597;0.2105956376;0.008399390616;13
45.16069442;-1.081555843;-0.9092726111;12.78724384;45.1686877;1.624136686;0.1556178033;0.03283398226;13
45.16279624;-1.153340459;-0.9332008362;13.08395386;45.17078947;1.635132313;0.1018617004;0.05482511222;13
45.16489806;-1.201196909;-0.9571290612;13.39502144;45.17289129;1.648571372;0.04077522457;0.07192932814;13
45.16699983;-1.205982566;-1.019342422;13.67258835;45.17499311;1.665675521;-0.02031125315;0.08659008145;13
45.16910166;-1.234696507;-1.115055323;13.97886944;45.17709488;1.687666655;-0.08261945844;0.1000291109;13
45.17120343;-1.225125194;-1.225125194;14.30429363;45.17919671;1.71576643;-0.1485928595;0.1085812151;13
45.17330525;-1.201196909;-1.363908887;14.61536026;45.18129853;1.746309638;-0.2133445293;0.1159115955;13
45.17540707;-1.210768223;-1.512263894;14.93599892;45.1834003;1.775631189;-0.2744309902;0.1183550507;13
45.17750884;-1.177268744;-1.679761529;15.20399475;45.18550207;1.808617949;-0.3355174661;0.119576782;13
45.17961067;-1.153340459;-1.895115495;15.42892075;45.1876039;1.846491456;-0.3904953003;0.1146898642;13
45.18171249;-1.11984098;-2.081755638;15.62034607;45.18970572;1.886808634;-0.4430296719;0.1036942974;13
45.18381426;-1.091127157;-2.258824587;15.72563076;45.19180754;1.929569125;-0.4894554019;0.09269873053;13
45.18591603;-1.03848505;-2.426322222;15.78305817;45.19390936;1.975994825;-0.5334376693;0.07803797722;13
45.18801785;-0.9667003751;-2.598605394;15.84048557;45.19601114;2.028529167;-0.5725330114;0.0621554926;13
45.19011968;-0.8853443861;-2.71824646;15.8500576;45.19811296;2.079841852;-0.6116283536;0.04627300799;13
45.1922215;-0.7992027402;-2.876172781;15.86919975;45.20021473;2.13726306;-0.6458367705;0.02550360374;13
45.19432332;-0.732203722;-2.991028309;15.87398529;45.20231655;2.192240953;-0.6751583219;0.00351247238;13
45.19642509;-0.6364908218;-3.091526747;15.8931284;45.20441838;2.24599719;-0.6959276795;-0.0209221188;13
45.19852692;-0.5790630579;-3.187239647;15.84048557;45.20652015;2.303418398;-0.7154753804;-0.04535670951;13
45.20062869;-0.5168496966;-3.220739365;15.69691658;45.20862197;2.360839605;-0.7301361561;-0.07345648855;13
45.20273051;-0.5072783828;-3.268595695;15.46241951;45.21072379;2.414595842;-0.7374665141;-0.1027780026;13
45.20483233;-0.3972085714;-3.273381472;15.41934872;45.21282556;2.47201705;-0.7325795889;-0.1308777779;13
45.2069341;-0.2919243574;-3.268595695;15.29492188;45.21492738;2.525773048;-0.721584022;-0.1565341055;13
45.20903593;-0.2057827413;-3.249453068;15.05564022;45.21702916;2.573420525;-0.7044798136;-0.1797469556;13
45.21113775;-0.2009970993;-3.225524902;14.76850128;45.21913098;2.618624687;-0.6788234711;-0.200516358;13
45.21323952;-0.2344966233;-3.172882795;14.45743465;45.2212328;2.661385059;-0.6495019794;-0.2176205814;13
45.21534134;-0.2967100143;-3.129812002;14.12243938;45.22333457;2.702924013;-0.6177369952;-0.2322813272;13
45.21744311;-0.3493520916;-3.072384357;13.77787304;45.2254364;2.739575863;-0.5761982203;-0.2444986254;13
45.21954494;-0.4354937077;-3.00538516;13.42373466;45.22753822;2.773784161;-0.5322159529;-0.2530507445;13
45.22164676;-0.5120640397;-2.94317174;13.06481171;45.22964004;2.804327488;-0.4882336855;-0.25793764;13
45.22374853;-0.5838487148;-2.847458839;12.72981644;45.23174181;2.834870815;-0.4442514181;-0.2603811026;13
45.22585035;-0.679561615;-2.746960402;12.38046455;45.23384364;2.861748695;-0.4002691507;-0.25793764;13
45.22795218;-0.7944171429;-2.651247501;12.05504036;45.23594546;2.886183262;-0.3599520624;-0.2542724609;13
45.230054;-0.9236295223;-2.531606436;11.74875927;45.23804723;2.905730963;-0.3171915412;-0.2457203567;13
45.23215577;-1.052842021;-2.378465652;11.39462185;45.24014905;2.925278664;-0.278096199;-0.2359465212;13
45.23425759;-1.1820544;-2.273181438;11.04048347;45.24225082;2.938717842;-0.2365573794;-0.2212857604;13
45.23635942;-1.26341033;-2.129612207;10.68634605;45.24435265;2.94971323;-0.1986837685;-0.2054032832;13
45.23846119;-1.373480201;-2.000399828;10.2652092;45.24645447;2.955821991;-0.1595884264;-0.1846338809;13
45.24056301;-1.469193101;-1.871187329;9.872786522;45.24855624;2.955821991;-0.1168278903;-0.1626427472;13
45.24266478;-1.584048629;-1.770688772;9.44207859;45.25065806;2.94971323;-0.08139773458;-0.1382081509;13
45.2447666;-1.679761529;-1.655833244;9.020941734;45.25275983;2.938717842;-0.04718930274;-0.1101083755;13
45.24686843;-1.780260086;-1.531406522;8.537590981;45.25486166;2.924057007;-0.01542433538;-0.08200860023;13
45.2489702;-1.856830359;-1.402194023;8.111668587;45.25696348;2.903287649;0.01145371422;-0.05268708616;13
45.25107202;-1.93340075;-1.26341033;7.700103283;45.2590653;2.878853083;0.03466657549;-0.02336557768;13
45.25317379;-1.9812572;-1.11984098;7.293323517;45.26116707;2.851974964;0.05665770918;0.005955931731;13
45.25527561;-2.019542217;-0.9858429432;6.896114826;45.2632689;2.82020998;0.0737619251;0.03405570984;13
45.25737744;-2.024327993;-0.866201818;6.565905571;45.26537067;2.786001444;0.08964440972;0.06337722391;13
45.25947926;-2.024327993;-0.732203722;6.230910301;45.26747249;2.748127937;0.1006399691;0.09025526792;13
45.26158103;-2.005185366;-0.6029912829;5.915057659;45.26957431;2.707810879;0.1018617004;0.1171333194;13
45.26368285;-1.971685886;-0.4929214716;5.584847927;45.27167608;2.66749382;0.1006399691;0.1379027218;13
45.26578462;-1.904686809;-0.4115654826;5.264209747;45.27377791;2.621068001;0.09575305134;0.1574503928;13
45.26788645;-1.780260086;-0.2967100143;5.034498692;45.27587973;2.572198868;0.08353576064;0.1745546162;13
45.26998827;-1.651047587;-0.2057827413;4.761716843;45.2779815;2.520886183;0.06398808211;0.1867718995;13
45.27209004;-1.526620865;-0.1100698411;4.498506546;45.28008332;2.468351841;0.04077522457;0.1953240186;13
45.27419186;-1.397408366;-0.06699903309;4.273581028;45.28218515;2.410930634;0.0126754446;0.2014326602;13
45.27629369;-1.287338614;0.004785645287;4.039084435;45.28428692;2.349843979;-0.0190895237;0.2063195854;13
45.27839546;-1.191625714;0.07178468257;3.780659676;45.28638874;2.286314249;-0.05329795182;0.2063195854;13
45.28049728;-1.067198873;0.1387837082;3.536591768;45.28849056;2.222784281;-0.08994983882;0.2063195854;13
45.2825991;-0.9619147182;0.2009970993;3.297309637;45.29059233;2.154367447;-0.1290451884;0.2063195854;13
45.28470088;-0.8518448472;0.2392822653;3.062813044;45.29269416;2.085950613;-0.1718057245;0.2026543915;13
45.2868027;-0.7752745152;0.2919243574;2.847458839;45.29479593;2.017533541;-0.215787977;0.2002109289;13
45.28890452;-0.7274180651;0.3158525825;2.656033039;45.29689775;1.946673393;-0.2597702444;0.1977674663;13
45.29100629;-0.6747759581;0.3445664644;2.498106956;45.29899957;1.875813007;-0.3037525117;0.1941022873;13
45.29310811;-0.6317051649;0.3397808075;2.354537487;45.3011014;1.806174397;-0.3489564955;0.192880556;13
45.29520989;-0.6077769399;0.3732803464;2.225325108;45.30320317;1.73897934;-0.3953822255;0.1892153621;13
45.29731171;-0.5742774606;0.3924229145;2.124826431;45.30530499;1.673005939;-0.4418079555;0.1879936308;13
45.29941353;-0.5455635786;0.4067798555;2.072184324;45.30740676;1.613141179;-0.4882336855;0.1867718995;13
45.30151535;-0.5216353536;0.4259224236;2.057827473;45.30950858;1.554498196;-0.5358811021;0.1867718995;13
45.30361712;-0.5024927258;0.4450650215;2.081755638;45.31161041;1.500742078;-0.5786416531;0.1879936308;13
45.30571895;-0.4785645306;0.4833501875;2.129612207;45.31371218;1.451872826;-0.6201804876;0.1855501831;13
45.30782072;-0.4498506486;0.5024927258;2.230110645;45.315814;1.407890558;-0.662940979;0.1831067204;13
45.30992254;-0.4163511395;0.5312066078;2.340180635;45.31791577;1.370016932;-0.7020363212;0.1782197952;13
45.31202436;-0.3110669553;0.5359922647;2.483749866;45.32001759;1.333365083;-0.7362447977;0.1708894223;13
45.31412614;-0.2153540403;0.5455635786;2.632104874;45.32211942;1.304043531;-0.7680097222;0.1635590494;13
45.31622796;-0.08135596663;0.5455635786;2.809173822;45.32422119;1.280830741;-0.7973312736;0.1550069451;13
45.31832973;0.03349951655;0.5599204898;2.962314367;45.32632301;1.260061383;-0.8193224072;0.146454826;13
45.32043155;0.1339980662;0.5359922647;3.129812002;45.32842483;1.245400548;-0.8388700485;0.1342375278;13
45.32253338;0.2344966233;0.5168496966;3.326023579;45.3305266;1.233183265;-0.8547525406;0.1220202371;13
45.32463515;0.3302095234;0.4977070987;3.488735437;45.33262843;1.225852847;-0.8657481074;0.1110246703;13
45.32673697;0.3972085714;0.4546363056;3.689732552;45.33473025;1.22463119;-0.8706350327;0.0988073796;13
45.32883879;0.4833501875;0.4019941986;3.871587038;45.33683202;1.225852847;-0.8657481074;0.08659008145;13
45.33094056;0.5599204898;0.3445664644;4.063013077;45.33893384;1.236848474;-0.8510873318;0.07315105945;13
45.33304239;0.6460621357;0.3014956415;4.240081787;45.34103567;1.249065757;-0.8290961981;0.05726857483;13
45.33514421;0.7178468108;0.2440679073;4.41236496;45.34313744;1.269835114;-0.8034399152;0.04138609022;13
45.33724598;0.7992027402;0.1914258152;4.560719967;45.34523926;1.291826248;-0.7680097222;0.02672533318;13
45.3393478;0.8566305041;0.1531406492;4.675575256;45.34734103;1.321147799;-0.7338013053;0.01206457894;13
45.34144962;0.9140582681;0.1148554832;4.785645485;45.34944291;1.35413444;-0.6959276795;-0.003817904973;13
45.3435514;0.9667003751;0.1004985496;4.871787071;45.35154468;1.384677768;-0.6568323374;-0.01970038936;13
45.34565322;1.009771109;0.08614161611;4.92442894;45.3536465;1.418886185;-0.6165152788;-0.03313941509;13
45.34775499;1.071984529;0.08135596663;4.93878603;45.35574827;1.455538034;-0.5798633695;-0.0478001684;13
45.34985686;1.115055323;0.1339980662;4.967499733;45.35785009;1.488524795;-0.5407680273;-0.06123919412;13
45.35195864;1.172483087;0.1339980662;4.919643402;45.35995192;1.520289779;-0.5016726851;-0.07467821985;13
45.35406046;1.244267821;0.1866401732;4.890929699;45.36205369;1.556941628;-0.4601338804;-0.08811724186;13
45.35616223;1.292124271;0.1914258152;4.800002098;45.36415546;1.585041404;-0.4161516428;-0.10033454;13
45.35826405;1.349551916;0.2057827413;4.689932346;45.36625728;1.611919403;-0.374612838;-0.1149952933;13
45.36036588;1.392622828;0.2249253243;4.584648132;45.3683591;1.63635397;-0.3294088244;-0.127212584;13
45.36246765;1.416550994;0.2249253243;4.469792843;45.37046093;1.662010312;-0.2829830945;-0.1394298822;13
45.36456942;1.426122308;0.2584248483;4.350151539;45.37256275;1.681558013;-0.231670469;-0.1516471803;13
45.36667124;1.440479279;0.2775674164;4.211368084;45.37466452;1.699883938;-0.1828012913;-0.1626427472;13
45.36877306;1.440479279;0.3158525825;4.10608387;45.37676634;1.718209863;-0.1302669197;-0.1711948514;13
45.37087489;1.430907965;0.3397808075;3.952943087;45.37886817;1.730427146;-0.07895427197;-0.1785252392;13
45.37297671;1.392622828;0.3780659735;3.804588079;45.38096994;1.73897934;-0.02886336111;-0.1882990748;13
45.37507848;1.339980721;0.4642075896;3.637090445;45.38307176;1.746309638;0.02367101051;-0.1944077164;13
45.3771803;1.277767301;0.5359922647;3.488735437;45.38517353;1.74875319;0.0725401938;-0.1980729103;13
45.37928212;1.191625714;0.6221339107;3.302095175;45.38727535;1.751196623;0.117744185;-0.2017380893;13
45.3813839;1.0863415;0.6987041831;3.129812002;45.38937718;1.74875319;0.1629481763;-0.200516358;13
45.38348572;0.9619147182;0.7896314859;2.981456995;45.39147895;1.745087981;0.204486981;-0.200516358;13
45.38558749;0.837487936;0.8709874153;2.799602509;45.39358077;1.736535907;0.2411388755;-0.1944077164;13
45.38768931;0.7226324677;0.9667003751;2.627319336;45.39568259;1.724318504;0.2765690386;-0.1882990748;13
45.38979114;0.5694918036;1.062413216;2.474178553;45.39778436;1.709657788;0.308333993;-0.1773035079;13
45.39189291;0.4307080805;1.153340459;2.287538528;45.39988619;1.688888431;0.3339903057;-0.1675296724;13
45.39399473;0.3110669553;1.26341033;2.086541414;45.40198801;1.664453864;0.3559814394;-0.1540906429;13
45.39609655;0.1914258152;1.368694544;1.899901152;45.40408978;1.637575746;0.3767508566;-0.1430950761;13
45.39819832;0.09571290761;1.478764415;1.718046665;45.4061916;1.603367329;0.3987419903;-0.1308777779;13
45.40030015;0.0382851623;1.588834286;1.507478237;45.40829343;1.565493703;0.4182896614;-0.1186604798;13
45.40240197;0.0;1.670190215;1.282552958;45.4103952;1.523954868;0.4317286909;-0.1052214578;13
45.40450374;-0.05264209956;1.746760488;1.067198873;45.41249702;1.479972601;0.4451677203;-0.09300415963;13
45.40660556;-0.08614161611;1.808973908;0.8853443861;45.41459879;1.432325244;0.454941541;-0.07956513762;13
45.40870738;-0.1292124242;1.847259045;0.708275497;45.41670061;1.384677768;0.4598284662;-0.06612611562;13
45.41080916;-0.1722832322;1.895115495;0.5647061467;45.41880244;1.333365083;0.4647153914;-0.05635227636;13
45.41291098;-0.2105683982;1.93340075;0.4354937077;45.42090421;1.283274174;0.4683805704;-0.04535670951;13
45.41501275;-0.2344966233;1.962114573;0.3684946895;45.42300603;1.234405041;0.4659371078;-0.03680460155;13
45.41711457;-0.2584248483;1.995614052;0.3349951804;45.4251078;1.187979221;0.4634936452;-0.0294742249;13
45.4192164;-0.2536391914;2.033899307;0.3254238665;45.42720962;1.141553521;0.4561632872;-0.02458730713;13
45.42131817;-0.2249253243;2.067398787;0.3732803464;45.42931145;1.09879303;0.4512763619;-0.01847865991;13
45.42341999;-0.2153540403;2.091326952;0.4211367965;45.43141322;1.058475971;0.4415025115;-0.01603520103;13
45.42552176;-0.1818545163;2.124826431;0.5168496966;45.43351504;1.021824002;0.4292852283;-0.01481347065;13
45.42762358;-0.1435693651;2.158325911;0.6125625968;45.43561686;0.9839504361;0.4158461988;-0.01481347065;13
45.42972541;-0.1292124242;2.182254314;0.760917604;45.43771869;0.9485203028;0.4011854529;-0.01725693047;13
45.43182718;-0.1052841991;2.196611166;0.837487936;45.43982046;0.9155336022;0.3840812445;-0.01603520103;13
45.433929;-0.05742774159;2.196611166;0.9762716293;45.44192228;0.8849903345;0.3559814394;-0.01725693047;13
45.43603082;-0.03349951655;2.210968018;1.095912814;45.4440241;0.852003634;0.320551306;-0.01970038936;13
45.43813265;-0.02871387079;2.225325108;1.201196909;45.44612588;0.8214604259;0.281455934;-0.0209221188;13
45.44023442;0.0143569354;2.215753794;1.368694544;45.4482277;0.7933606505;0.2460257858;-0.02703076601;13
45.44233624;0.06221338734;2.196611166;1.473978758;45.45032947;0.7652608752;0.2069304436;-0.03436114267;13
45.44443806;0.1387837082;2.167897224;1.555334687;45.45243129;0.7383828163;0.1715002805;-0.04413498193;13
45.44653983;0.2392822653;2.115255117;1.641476393;45.45453311;0.7151699662;0.1372918636;-0.05513054505;13
45.44864166;0.3493520916;2.0769701;1.741974831;45.45663488;0.6944005489;0.1055268943;-0.06856957078;13
45.45074343;0.4402793646;2.048256159;1.852044702;45.45873671;0.6724094152;0.07987056673;-0.08323032409;13
45.45284525;0.5455635786;2.01475668;1.938186288;45.46083848;0.6528617144;0.05054906011;-0.10033454;13
45.45494707;0.6412764788;2.01475668;2.01475668;45.4629403;0.6369792223;0.02611446939;-0.1198822111;13
45.45704884;0.7369893789;1.990828395;2.091326952;45.46504213;0.6235402226;0.005345067009;-0.1394298822;13
45.45915067;0.8327022791;1.9812572;2.201396942;45.4671439;0.6149880886;-0.01298087649;-0.1601992846;13
45.46125244;0.9379864931;1.971685886;2.30189538;45.46924572;0.6039925218;-0.03008509055;-0.1809686869;13
45.46335426;1.03848505;1.966900229;2.359323025;45.47134754;0.5978838801;-0.04718930274;-0.2029598206;13
45.46545608;1.115055323;1.971685886;2.445464849;45.47344936;0.5929969549;-0.06185005978;-0.2261726856;13
45.46755785;1.201196909;1.986042738;2.498106956;45.47555114;0.5868883133;-0.06918043643;-0.2493855506;13
45.46965968;1.253839016;2.000399828;2.517249346;45.47765296;0.5807796717;-0.07773254067;-0.273820132;13
45.4717615;1.272981644;2.024327993;2.49332118;45.47975473;0.57467103;-0.08017600328;-0.2933678031;13
45.47386332;1.31126678;2.057827473;2.464607239;45.48185655;0.5661189556;-0.08017600328;-0.3153589368;13
45.47596509;1.316052437;2.100898266;2.392822742;45.48395838;0.5575668216;-0.07895427197;-0.3349066079;13
45.47806692;1.335195065;2.120040894;2.325823545;45.48606015;0.5441278219;-0.06918043643;-0.3520108163;13
45.48016869;1.320838094;2.182254314;2.249253273;45.48816197;0.5258018374;-0.05940660089;-0.3691150546;13
45.48227051;1.296909928;2.220539331;2.129612207;45.49026374;0.5099193454;-0.04352411628;-0.3813323379;13
45.48437233;1.249053478;2.263610125;1.995614052;45.49236556;0.4867065251;-0.03008509055;-0.3935496211;13
45.4864741;1.205982566;2.316252232;1.856830359;45.49446738;0.4622719288;-0.01053741761;-0.4008800089;13
45.48857593;1.115055323;2.368894339;1.722832322;45.49656916;0.4353938699;0.0126754446;-0.4082103968;13
45.4906777;1.014556766;2.402393818;1.555334687;45.49867098;0.404850632;0.03100138716;-0.4155407548;13
45.49277952;0.9236295223;2.445464849;1.40697968;45.5007728;0.370642215;0.05054906011;-0.4143190384;13
45.49488134;0.8279166222;2.517249346;1.282552958;45.50287457;0.3388772309;0.06887500733;-0.4155407548;13
45.49698311;0.7130611539;2.584248543;1.16769743;45.5049764;0.308333993;0.08964440972;-0.4143190384;13
45.49908494;0.5790630579;2.660818815;1.105484009;45.50707822;0.274125576;0.1128572673;-0.4082103968;13
45.50118676;0.4307080805;2.742174864;1.081555843;45.50917999;0.2423606068;0.1324049383;-0.4008800089;13
45.50328853;0.2679961324;2.842673302;1.071984529;45.51128181;0.2118173689;0.154396072;-0.3886627257;13
45.50539035;0.1052841991;2.933600664;1.067198873;45.51338364;0.1788306683;0.1739437431;-0.3764454126;13
45.50749218;-0.04307080805;3.043670416;1.057627559;45.51548541;0.1531743407;0.1934914142;-0.3605629504;13
45.50959395;-0.2153540403;3.14895463;1.095912814;45.51758723;0.1250745654;0.2093739063;-0.3446804583;13
45.51169577;-0.3637090325;3.254238844;1.16769743;45.51968905;0.1018617004;0.2289215773;-0.3275762498;13
45.51379759;-0.5264210105;3.349951744;1.234696507;45.52179082;0.07498364896;0.2411388755;-0.3092502952;13
45.51589936;-0.6460621357;3.460021496;1.320838094;45.52389265;0.0542142503;0.2521344423;-0.2884808779;13
45.51800119;-0.756131947;3.550948858;1.402194023;45.52599447;0.03222311661;0.2643517256;-0.2689332068;13
45.52010301;-0.837487936;3.632304668;1.50269258;45.52809624;0.007788525894;0.274125576;-0.2481638193;13
45.52220478;-0.8997012973;3.728017569;1.603191137;45.53019806;-0.01542433538;0.2802342176;-0.2286161482;13
45.5243066;-0.9571290612;3.7710886;1.655833244;45.53229988;-0.03863719851;0.277790755;-0.2054032832;13
45.52640843;-1.004985452;3.842873096;1.756331801;45.53440166;-0.05818486959;0.2716821134;-0.1858556122;13
45.5285102;-1.03848505;3.876372576;1.828116536;45.53650348;-0.08139773458;0.2655734718;-0.1638644785;13
45.53061202;-1.0863415;3.919443607;1.957328916;45.53860525;-0.102167137;0.2509126961;-0.1443168074;13
45.53271384;-1.095912814;3.924229145;2.086541414;45.54070707;-0.121714808;0.2386954129;-0.127212584;13
45.53481561;-1.110269666;3.919443607;2.196611166;45.54280884;-0.1400407553;0.2240346521;-0.1088866442;13
45.53691744;-1.081555843;3.914657831;2.330609322;45.54491067;-0.1559232324;0.2130390853;-0.09544762224;13
45.53901921;-1.024128079;3.914657831;2.421536446;45.54701249;-0.1693622619;0.2032652497;-0.08323032409;13
45.54112103;-0.9571290612;3.90030098;2.560320139;45.54911426;-0.1828012913;0.1947131455;-0.07345648855;13
45.5432228;-0.8709874153;3.85244441;2.675175667;45.55121608;-0.1974620372;0.1898262352;-0.06612611562;13
45.54532463;-0.8039883971;3.85244441;2.780459881;45.55331791;-0.2060141414;0.181274116;-0.06001746282;13
45.54742645;-0.708275497;3.85244441;2.928814888;45.55541968;-0.215787977;0.1788306683;-0.05757400393;13
45.54952822;-0.6221339107;3.842873096;3.048455954;45.5575215;-0.2243400961;0.1702785641;-0.05879573524;13
45.55163004;-0.5407779217;3.842873096;3.192025423;45.55962332;-0.2341139317;0.1653916389;-0.05757400393;13
45.55373186;-0.5024927258;3.814159393;3.297309637;45.56172515;-0.239000842;0.1568395346;-0.06001746282;13
45.55583364;-0.4594219327;3.785445452;3.397808075;45.56382692;-0.2475529462;0.1421787739;-0.06123919412;13
45.55793546;-0.4115654826;3.761517286;3.531806231;45.56592874;-0.2548833191;0.1250745654;-0.06490438432;13
45.56003728;-0.3684946895;3.742374659;3.594019651;45.56803051;-0.2597702444;0.1030834317;-0.06856957078;13
45.5621391;-0.3445664644;3.713660717;3.694518089;45.57013233;-0.2634354234;0.07987056673;-0.07223475724;13
45.56424088;-0.3110669553;3.684946775;3.804588079;45.5722341;-0.265878886;0.05177079141;-0.07712167501;13
45.5663427;-0.3014956415;3.670589924;3.876372576;45.57433593;-0.2695440948;0.02244928107;-0.08323032409;13
45.56844447;-0.2823530734;3.66101861;3.976871252;45.57643775;-0.2719875574;-0.00565049937;-0.08933897316;13
45.57054629;-0.2440679073;3.66101861;4.024727821;45.57853957;-0.2719875574;-0.03375028074;-0.09422589093;13
45.57264806;-0.2057827413;3.656233072;4.110869408;45.58064134;-0.2707658112;-0.05818486959;-0.1015562713;13
45.57474988;-0.1674975902;3.651447296;4.149154663;45.58274317;-0.2719875574;-0.08506292105;-0.1076649204;13
45.57685171;-0.1339980662;3.689732552;4.177868366;45.58484494;-0.2768744528;-0.1058323234;-0.1149952933;13
45.57895353;-0.09571290761;3.713660717;4.173082829;45.58694676;-0.2805396616;-0.1241582632;-0.1198822111;13
45.5810553;-0.0382851623;3.751945972;4.153940201;45.58904853;-0.2866483033;-0.1363755614;-0.1259908676;13
45.58315712;0.0;3.809373617;4.139583111;45.59115035;-0.2939786613;-0.1461493969;-0.1333212405;13
45.5852589;0.04307080805;3.85244441;4.101297855;45.59325218;-0.3037525117;-0.1473711282;-0.1394298822;13
45.58736072;0.1004985496;3.919443607;4.024727821;45.59535395;-0.315969795;-0.1534797698;-0.1455385387;13
45.58946249;0.1387837082;3.957728624;3.94815731;45.59745577;-0.3269653618;-0.1522580534;-0.1528689116;13
45.59156431;0.1818545163;4.015156269;3.8668015;45.59955759;-0.3440696001;-0.1522580534;-0.1577558219;13
45.59366614;0.2153540403;4.048655987;3.7710886;45.60165936;-0.3636172712;-0.1510363221;-0.1626427472;13
45.59576791;0.2297109663;4.082155228;3.665804386;45.60376119;-0.3831649423;-0.1522580534;-0.1638644785;13
45.59786973;0.2057827413;4.101297855;3.598805189;45.60586301;-0.4027126133;-0.1498145908;-0.1663079411;13
45.59997155;0.1579262912;4.120440483;3.507878065;45.60796478;-0.4259254634;-0.1473711282;-0.1650862098;13
45.60207332;0.1052841991;4.125226021;3.43609333;45.6100666;-0.4528035223;-0.1473711282;-0.1626427472;13
45.60417515;0.03349951655;4.158725739;3.378665686;45.61216843;-0.4772381186;-0.1449276656;-0.1589775532;13
45.60627697;-0.03349951655;4.168296814;3.326023579;45.6142702;-0.5004509687;-0.1485928595;-0.1528689116;13
45.60837874;-0.08614161611;4.192225456;3.292523861;45.61637202;-0.5285507441;-0.1510363221;-0.14676027;13
45.61048056;-0.1292124242;4.206582069;3.316452265;45.61847379;-0.5517635942;-0.1547015011;-0.1382081509;13
45.61258238;-0.1627119333;4.211368084;3.311666489;45.62057561;-0.5737547278;-0.1632536054;-0.1296560466;13
45.61468416;-0.1674975902;4.206582069;3.364308596;45.62267744;-0.5981893539;-0.1669187993;-0.1223256737;13
45.61678598;-0.1339980662;4.230510235;3.450450182;45.62477921;-0.6189587116;-0.1742491722;-0.113773562;13
45.61888775;-0.1435693651;4.211368084;3.541377544;45.62688103;-0.6372846961;-0.1779143661;-0.1052214578;13
45.62098957;-0.1148554832;4.197010994;3.646661758;45.62898285;-0.6568323374;-0.18157956;-0.09544762224;13
45.6230914;-0.1004985496;4.201796532;3.718446493;45.63108462;-0.6739365458;-0.18157956;-0.0856737867;13
45.62519317;-0.06699903309;4.163511276;3.799802303;45.63318645;-0.6934842467;-0.18157956;-0.07467821985;13
45.62729499;-0.03349951655;4.110869408;3.905086517;45.63528822;-0.7105884552;-0.1791360974;-0.06368265301;13
45.62939681;-0.0382851623;4.07736969;3.952943087;45.63739004;-0.7240274549;-0.1718057245;-0.05268708616;13
45.63149858;-0.04307080805;4.034298897;4.000799656;45.63949186;-0.7362447977;-0.1669187993;-0.04046979174;13
45.63360041;-0.03349951655;3.957728624;4.058227062;45.64159364;-0.748462081;-0.1559232324;-0.0294742249;13
45.63570218;-0.009571290575;3.905086517;4.134797573;45.64369551;-0.7582359314;-0.1461493969;-0.01970038936;13
45.637804;0.0382851623;3.838087559;4.216153622;45.64579728;-0.7680097222;-0.1351538301;-0.01359174121;13
45.63990582;0.1004985496;3.7710886;4.26879549;45.6478991;-0.7765618563;-0.121714808;-0.007483093534;13
45.64200759;0.1914258152;3.708875179;4.369294167;45.65000088;-0.7802270651;-0.1094975099;-0.002596175298;13
45.64410947;0.2871387303;3.66101861;4.474578381;45.6521027;-0.7851139307;-0.09605848789;-0.0001527161949;13
45.64621124;0.3589234054;3.598805189;4.61814785;45.65420452;-0.7887791395;-0.08139773458;-0.001374445739;13
45.64831306;0.4833501875;3.522234917;4.737788677;45.65630634;-0.7900008559;-0.06551524997;-0.002596175298;13
45.65041483;0.5742774606;3.464807272;4.843072891;45.65840811;-0.7936660647;-0.05085449293;-0.005039634649;13
45.65251666;0.650847733;3.383451223;4.91007185;45.66050994;-0.7948877811;-0.03497200832;-0.007483093534;13
45.65461848;0.7178468108;3.311666489;4.991427898;45.66261171;-0.7997747064;-0.02153298259;-0.01237001177;13
45.6567203;0.7369893789;3.254238844;5.039284706;45.66471353;-0.8046616316;-0.01175914705;-0.01603520103;13
45.65882207;0.760917604;3.172882795;5.10149765;45.6668153;-0.814435482;-0.004428769462;-0.02214384824;13
45.6609239;0.7752745152;3.129812002;5.163711071;45.66891712;-0.8205441236;0.006566796452;-0.03191768378;13
45.66302567;0.813559711;3.072384357;5.182853699;45.67101895;-0.8266527653;0.01511890348;-0.04413498193;13
45.66512749;0.8997012973;3.03888464;5.240281582;45.67312077;-0.8339831233;0.02367101051;-0.05757400393;13
45.66722926;0.9858429432;3.014956474;5.225924492;45.67522254;-0.8449786901;0.03100138716;-0.07101303339;13
45.66933108;1.048056364;3.00538516;5.206781864;45.67732436;-0.855974257;0.03833176568;-0.0856737867;13
45.67143291;1.110269666;3.00538516;5.178068161;45.67942614;-0.864526391;0.04688387364;-0.10033454;13
45.67353473;1.13419795;3.01974225;5.197210789;45.68152796;-0.8779653907;0.05054906011;-0.1174387559;13
45.6756365;1.143769264;3.034099102;5.197210789;45.68362978;-0.8926261663;0.06276635826;-0.1320995092;13
45.67773832;1.105484009;3.03888464;5.163711071;45.68573155;-0.9085086584;0.06887500733;-0.1479819864;13
45.67984009;1.067198873;3.05324173;5.120640278;45.68783338;-0.9243911505;0.0737619251;-0.1601992846;13
45.68194192;1.028913736;3.043670416;5.096712112;45.6899352;-0.9476040006;0.07742711157;-0.173638314;13
45.68404374;0.9906286001;3.062813044;5.039284706;45.69203697;-0.9683734179;0.08109229803;-0.1846338809;13
45.68614551;0.9188438654;3.096312523;4.986642361;45.69413879;-0.9928079844;0.08353576064;-0.1919642538;13
45.68824733;0.8470591903;3.134597778;4.962714195;45.69624061;-1.016020894;0.0859792158;-0.1980729103;13
45.69034916;0.7274180651;3.201596737;4.943571568;45.69834239;-1.044120669;0.09086613357;-0.2041815519;13
45.69245093;0.6125625968;3.24466753;4.876572609;45.70044421;-1.072220445;0.09575305134;-0.2054032832;13
45.69455275;0.4881358147;3.273381472;4.857429981;45.70254598;-1.097876668;0.1030834317;-0.2078467458;13
45.69665457;0.3684946895;3.302095175;4.833501816;45.7046478;-1.124754786;0.1104138121;-0.2041815519;13
45.69875634;0.2392822653;3.335594654;4.833501816;45.70674962;-1.152854562;0.117744185;-0.200516358;13
45.70085817;0.08614161611;3.359523058;4.876572609;45.7088514;-1.176067472;0.1250745654;-0.1944077164;13
45.70295994;-0.06221338734;3.37387991;4.92442894;45.71095322;-1.199280262;0.1287397593;-0.1858556122;13
45.70506176;-0.2153540403;3.402593851;4.996213913;45.71305504;-1.222493172;0.1299614757;-0.1760817766;13
45.70716358;-0.3637090325;3.440878868;5.091926575;45.71515681;-1.238375664;0.127518028;-0.1650862098;13
45.70926535;-0.5168496966;3.43609333;5.216353416;45.71725864;-1.251814604;0.1262962967;-0.1528689116;13
45.71136718;-0.6173482537;3.426522017;5.388636589;45.71936041;-1.260366797;0.1238528341;-0.1382081509;13
45.713469;-0.7178468108;3.416950703;5.584847927;45.72146223;-1.267697096;0.1201876476;-0.1223256737;13
45.71557077;-0.7800601721;3.416950703;5.78584528;45.72356405;-1.268918872;0.117744185;-0.1076649204;13
45.71767259;-0.8518448472;3.426522017;5.991627693;45.72566582;-1.266475439;0.1140789986;-0.09178243577;13
45.71977436;-0.8757730722;3.43609333;6.178267956;45.72776765;-1.261588454;0.1091920808;-0.07589995116;13
45.72187619;-0.8949156404;3.416950703;6.398407936;45.72986947;-1.249371171;0.1055268943;-0.06368265301;13
45.72397801;-0.9236295223;3.388236761;6.60419035;45.73197124;-1.235932112;0.1030834317;-0.05146535859;13
45.72607978;-0.9188438654;3.326023579;6.800402164;45.73407306;-1.21638453;0.1030834317;-0.03924806044;13
45.7281816;-0.9236295223;3.24466753;7.020541668;45.73617489;-1.194393396;0.1030834317;-0.02580903657;13
45.73028343;-0.9284151793;3.177668571;7.221538544;45.73827666;-1.171180487;0.09941824526;-0.01481347065;13
45.7323852;-0.9332008362;3.091526747;7.417750359;45.74037848;-1.147967696;0.09575305134;-0.007483093534;13
45.73448702;-0.9284151793;3.029313564;7.537391186;45.7424803;-1.121089578;0.09086613357;0.002290742937;13
45.73658884;-0.9140582681;2.952743053;7.618747234;45.74458207;-1.097876668;0.08353576064;0.009621120058;13
45.73869061;-0.8518448472;2.876172781;7.700103283;45.7466839;-1.069776893;0.07742711157;0.01206457894;13
45.74079244;-0.7274180651;2.809173822;7.752745152;45.74878572;-1.044120669;0.0737619251;0.0157297682;13
45.74289426;-0.6077769399;2.71824646;7.762316704;45.75088754;-1.02090776;0.0725401938;0.02061668597;13
45.74499603;-0.4929214716;2.62253356;7.743174076;45.75298931;-0.998916626;0.06520981342;0.02183841541;13
45.74709785;-0.4115654826;2.545963287;7.695317745;45.75509108;-0.9830341339;0.05665770918;0.02183841541;13
45.74919968;-0.3445664644;2.450250387;7.633104324;45.75719291;-0.9683734179;0.0542142503;0.01939495653;13
45.7513015;-0.2775674164;2.349751949;7.537391186;45.75929473;-0.9524909258;0.05299251899;0.01450803876;13
45.75340327;-0.1962114573;2.220539331;7.456035137;45.76139655;-0.9378301501;0.05054906011;0.005955931731;13
45.75550504;-0.06699903309;2.153540373;7.341179848;45.76349832;-0.9268345833;0.04566214234;-0.003817904973;13
45.75760686;0.05264209956;2.124826431;7.226324558;45.76560015;-0.9207259417;0.0358883068;-0.01481347065;13
45.75970869;0.1818545163;2.086541414;7.121040344;45.76770192;-0.9207259417;0.01878409274;-0.02825249545;13
45.76181051;0.3110669553;2.096112728;7.049255371;45.76980374;-0.9231693745;0.0016798781;-0.04413498193;13
45.76391228;0.4354937077;2.134397745;6.953542709;45.77190556;-0.9329432249;-0.02031125315;-0.06246092543;13
45.7660141;0.5647061467;2.158325911;6.829115868;45.77400739;-0.9439387918;-0.04352411628;-0.08078686893;13
45.76811588;0.6747759581;2.177468538;6.66640377;45.77610916;-0.9634864926;-0.0740673542;-0.10033454;13
45.7702177;0.7417750359;2.191825628;6.522834301;45.77821098;-0.9866993427;-0.09972367436;-0.123547405;13
45.77231952;0.7944171429;2.158325911;6.379265308;45.78031275;-1.016020894;-0.1278234571;-0.1443168074;13
45.77442134;0.837487936;2.11046958;6.226124287;45.78241457;-1.050229311;-0.1571449637;-0.1650862098;13
45.77652311;0.8422735929;2.033899307;6.068198204;45.7845164;-1.089324594;-0.188909933;-0.1834121495;13
45.77862494;0.760917604;1.947757602;5.900700569;45.78661817;-1.130863428;-0.2194531709;-0.200516358;13
45.78072671;0.6747759581;1.842473388;5.752345562;45.78871999;-1.174845695;-0.2512181401;-0.2151771188;13
45.78282853;0.5838487148;1.765903115;5.603990555;45.79082176;-1.217606187;-0.2805396616;-0.2298378795;13
45.78493035;0.5168496966;1.679761529;5.4652071;45.79292358;-1.261588454;-0.3037525117;-0.2420551628;13
45.78703212;0.4307080805;1.617548108;5.426921844;45.79502541;-1.304349065;-0.315969795;-0.2506072819;13
45.78913395;0.3349951804;1.569691658;5.417350292;45.79712718;-1.344666123;-0.3196350038;-0.25793764;13
45.79123572;0.2536391914;1.488335729;5.426921844;45.799229;-1.381317973;-0.3196350038;-0.2628245652;13
45.79333754;0.1387837082;1.445264935;5.469992638;45.80133082;-1.414304733;-0.3184132576;-0.2628245652;13
45.79543936;0.06699903309;1.402194023;5.532206059;45.80343259;-1.450956583;-0.3098611534;-0.2640463114;13
45.79754114;-0.009571290575;1.383051515;5.589633465;45.80553442;-1.47539115;-0.2976438701;-0.2616028488;13
45.79964296;-0.05742774159;1.373480201;5.699703693;45.80763624;-1.502269268;-0.2793179154;-0.2567159235;13
45.80174478;-0.1292124242;1.383051515;5.800201893;45.80973801;-1.526703835;-0.258548528;-0.2506072819;13
45.80384655;-0.1866401732;1.383051515;5.857629776;45.81183983;-1.547473192;-0.2341139317;-0.2444986254;13
45.80594838;-0.2440679073;1.368694544;5.953342915;45.8139416;-1.56824255;-0.2047924101;-0.2335030586;13
45.8080502;-0.2919243574;1.363908887;5.996413708;45.81604343;-1.584125042;-0.1730274558;-0.220064044;13
45.81015197;-0.3589234054;1.339980721;6.034698486;45.81814525;-1.600007534;-0.1339320987;-0.2041815519;13
45.81225379;-0.4163511395;1.320838094;6.077769279;45.82024702;-1.613446593;-0.09605848789;-0.1834121495;13
45.81435556;-0.5216353536;1.249053478;6.111268997;45.82234884;-1.625663877;-0.05696314201;-0.1589775532;13
45.81645738;-0.70348984;1.191625714;6.163911343;45.82445067;-1.635437727;-0.01786779426;-0.1320995092;13
45.81855921;-0.8327022791;1.177268744;6.29790926;45.82655244;-1.640324593;0.02367101051;-0.1027780026;13
45.82066098;-0.9284151793;1.177268744;6.427121639;45.82865426;-1.645211577;0.06276635826;-0.06979130208;13
45.8227628;-1.009771109;1.191625714;6.561119556;45.83075608;-1.645211577;0.1055268943;-0.04046979174;13
45.82486463;-1.081555843;1.220339537;6.728617191;45.83285785;-1.645211577;0.1470656991;-0.007483093534;13
45.8269664;-1.105484009;1.244267821;6.896114826;45.83495968;-1.643989801;0.1873827726;0.0242818743;13
45.82906822;-1.124626637;1.26341033;7.063612461;45.8370615;-1.639102936;0.2240346521;0.05360338464;13
45.83117004;-1.110269666;1.292124271;7.250252724;45.83916327;-1.629329085;0.2643517256;0.07803797722;13
45.83327181;-1.052842021;1.301695466;7.417750359;45.84126509;-1.623220444;0.3034470677;0.1024725661;13
45.83537364;-0.9858429432;1.287338614;7.561319351;45.84336686;-1.61100316;0.3376555145;0.1256854236;13
45.83747546;-0.8997012973;1.287338614;7.733603001;45.84546869;-1.600007534;0.370642215;0.1440113783;13
45.83957723;-0.8039883971;1.272981644;7.901100159;45.84757051;-1.587790251;0.3999637067;0.1598938555;13
45.84167905;-0.6843472719;1.268195987;8.059026718;45.84967233;-1.575572968;0.4182896614;0.1721111536;13
45.84378082;-0.5647061467;1.282552958;8.221738815;45.85177416;-1.562133908;0.4366155863;0.1818849891;13
45.84588265;-0.4307080805;1.272981644;8.403593063;45.85387593;-1.548694968;0.4476111531;0.1892153621;13
45.84798447;-0.2871387303;1.282552958;8.551948547;45.8559777;-1.534034133;0.454941541;0.192880556;13
45.85008629;-0.1292124242;1.277767301;8.72423172;45.85807952;-1.519373417;0.4573850036;0.1904370934;13
45.85218811;0.0143569354;1.277767301;8.877371788;45.86018134;-1.507156134;0.4524980783;0.1867718995;13
45.85428988;0.1770688742;1.258624673;9.025727272;45.86228317;-1.49493885;0.4476111531;0.1769980639;13
45.85639166;0.3732803464;1.220339537;9.164510727;45.86438494;-1.479056358;0.4415025115;0.1647807807;13
45.85849348;0.5599204898;1.153340459;9.255437851;45.86648676;-1.466839075;0.4305069447;0.1501200199;13
45.8605953;0.7226324677;1.0863415;9.332008362;45.86858858;-1.449734807;0.4146244824;0.1305723488;13
45.86269713;0.890130043;1.019342422;9.394221306;45.87069035;-1.439960957;0.3938550651;0.1110246703;13
45.8647989;1.028913736;0.9379864931;9.44207859;45.87279218;-1.432630658;0.3694204688;0.08659008145;13
45.86690072;1.13419795;0.8518448472;9.446864128;45.87489395;-1.427743673;0.3510945439;0.0609337613;13
45.86900254;1.205982566;0.7752745152;9.44207859;45.87699577;-1.424078465;0.3303251266;0.03283398226;13
45.87110431;1.272981644;0.6843472719;9.418149948;45.87909759;-1.422856808;0.3095557392;0.002290742937;13
45.87320614;1.316052437;0.6077769399;9.355937004;45.88119942;-1.421635032;0.2948949635;-0.03069595434;13
45.87530791;1.349551916;0.5455635786;9.255437851;45.88330119;-1.424078465;0.2790125012;-0.06612611562;13
45.87740973;1.368694544;0.4881358147;9.2362957;45.88540301;-1.430187106;0.2655734718;-0.10033454;13
45.87951155;1.392622828;0.4642075896;9.150154114;45.88750483;-1.435074091;0.2557996213;-0.1357647032;13
45.88161338;1.383051515;0.4402793646;9.064012527;45.8896066;-1.442404509;0.2521344423;-0.1699731201;13
45.88371515;1.349551916;0.4211367965;8.977870941;45.89170843;-1.45217824;0.2484692484;-0.2029598206;13
45.88581697;1.292124271;0.4211367965;8.882157326;45.8938102;-1.464395642;0.2521344423;-0.2335030586;13
45.88791879;1.220339537;0.4115654826;8.752944946;45.89591202;-1.472947717;0.261908263;-0.2616028488;13
45.89002056;1.148554921;0.4498506486;8.614161491;45.89801384;-1.485165;0.2753472924;-0.2872591615;13
45.89212238;1.03848505;0.4977070987;8.48973465;45.90011561;-1.498604059;0.2936732471;-0.3055851161;13
45.89422416;0.9332008362;0.5599204898;8.346165657;45.90221744;-1.512042999;0.320551306;-0.320245862;13
45.89632598;0.7800601721;0.6460621357;8.221738815;45.90431926;-1.524260283;0.3547597229;-0.3287979662;13
45.8984278;0.5790630579;0.7226324677;8.116454124;45.90642103;-1.540142775;0.3950767815;-0.3312414289;13
45.90052957;0.3589234054;0.8087740541;8.020741463;45.90852285;-1.55480361;0.4427242577;-0.3251327872;13
45.9026314;0.08614161611;0.8757730722;7.886743546;45.91062468;-1.569464326;0.4940368831;-0.3141372204;13
45.90473322;-0.2201396823;0.9523434043;7.762316704;45.91272645;-1.589012027;0.55145818;-0.2970330119;13
45.90683499;-0.5359922647;1.033699393;7.652246952;45.91482827;-1.607337952;0.608879447;-0.2713766694;13
45.90893681;-0.837487936;1.11984098;7.590033531;45.91693004;-1.626885653;0.6699659228;-0.2408334464;13
45.91103864;-1.158126116;1.239482164;7.570890903;45.91903186;-1.64765501;0.7347176075;-0.2054032832;13
45.91314041;-1.464407444;1.349551916;7.575676441;45.92113369;-1.668424487;0.7982475758;-0.1638644785;13
45.91524223;-1.737189293;1.430907965;7.628318787;45.92323546;-1.687972069;0.8568905592;-0.1186604798;13
45.917344;-1.966900229;1.555334687;7.685746193;45.92533728;-1.712406635;0.9167553186;-0.07223475724;13
45.91944582;-2.201396942;1.622333765;7.743174076;45.92743905;-1.735619545;0.9753983617;-0.02214384824;13
45.92154765;-2.421536446;1.674975872;7.8341012;45.92954088;-1.756388903;1.023045778;0.02672533318;13
45.92364942;-2.593819857;1.713261008;7.982456207;45.9316427;-1.775936604;1.064584613;0.07559451461;13
45.92575124;-2.751745939;1.732403636;8.126026154;45.93374447;-1.80037117;1.095127821;0.1256854236;13
45.92785301;-2.871387243;1.713261008;8.346165657;45.93584629;-1.821140647;1.111010313;0.1745546162;13
45.92995483;-2.995813847;1.703689694;8.551948547;45.93794811;-1.839466572;1.117118955;0.2185368687;13
45.93205666;-3.110669374;1.679761529;8.858229637;45.94004994;-1.860235929;1.10856688;0.2600756884;13
45.93415843;-3.196810961;1.655833244;9.164510727;45.94215171;-1.882227063;1.090240955;0.2991710305;13
45.93626025;-3.220739365;1.627119422;9.451649666;45.94425353;-1.900552988;1.058475971;0.3333794475;13
45.93836207;-3.206382275;1.574477315;9.757930756;45.9463553;-1.920100689;1.019380569;0.3614792228;13
45.9404639;-3.125026464;1.493121386;10.05464077;45.94845713;-1.934761524;0.9729548693;0.3859138191;13
45.94256567;-3.010170937;1.368694544;10.32742214;45.95055895;-1.94942224;0.9240856767;0.4042397738;13
45.94466749;-2.890529871;1.229910851;10.63848972;45.95266077;-1.9628613;0.867886126;0.4176788032;13
45.94676926;-2.761317253;1.071984529;10.94955635;45.95476259;-1.970191598;0.8067996502;0.4286743701;13
45.94887108;-2.62253356;0.866201818;11.25583744;45.95686436;-1.97630024;0.7469348907;0.4335612655;13
45.95097291;-2.512463808;0.6699903607;11.53819084;45.95896619;-1.978743792;0.6834049821;0.4347830117;13
45.95307473;-2.378465652;0.4977070987;11.7966156;45.96106796;-1.977522016;0.6162098646;0.4311178327;13
45.95517655;-2.225325108;0.3397808075;12.06939697;45.96316978;-1.973856807;0.5502364635;0.4225656986;13
45.95727832;-2.043470621;0.2153540403;12.36610699;45.9652716;-1.964082956;0.4830413163;0.409126699;13
45.95938015;-1.880758643;0.09092725813;12.65324593;45.96737338;-1.955530882;0.4158461988;0.3920224607;13
45.96148192;-1.689332843;0.009571290575;12.87817192;45.9694752;-1.942091823;0.3498727977;0.370031327;13
45.96358374;-1.478764415;-0.06699903309;13.09352589;45.97157702;-1.926209331;0.2826776803;0.3443750143;13
45.96568556;-1.277767301;-0.1531406492;13.2705946;45.97367879;-1.910326838;0.2203694731;0.319940418;13
45.96778733;-1.091127157;-0.2057827413;13.42373466;45.97578061;-1.89322269;0.1629481763;0.2918406427;13
45.96988916;-0.8997012973;-0.2679961324;13.53859043;45.97788238;-1.873674989;0.1079703495;0.26618433;13
45.97199098;-0.7274180651;-0.3158525825;13.62951756;45.97998421;-1.855349064;0.05299251899;0.2368628234;13
45.97409275;-0.5838487148;-0.3589234054;13.7108736;45.98208603;-1.834579706;0.004123337101;0.2087630332;13
45.97619457;-0.4785645306;-0.4307080805;13.74915886;45.9841878;-1.812588573;-0.03863719851;0.1794415265;13
45.97829634;-0.3637090325;-0.4833501875;13.80180073;45.98628963;-1.794262528;-0.07651081681;0.1488982886;13
45.98039817;-0.2584248483;-0.5503492355;13.83051491;45.98839145;-1.772271395;-0.1070540547;0.1171333194;13
45.98249999;-0.1674975902;-0.5982056856;13.84008598;45.99049327;-1.750280261;-0.1290451884;0.08414662629;13
45.98460176;-0.0765703246;-0.6412764788;13.86880016;45.99259504;-1.725845695;-0.1449276656;0.05115992576;13
45.98670358;0.0239282269;-0.6891329288;13.86880016;45.99469686;-1.701411128;-0.1571449637;0.01695149764;13
45.98880541;0.1339980662;-0.7130611539;13.83051491;45.99679869;-1.676976562;-0.1632536054;-0.01847865991;13
45.99090723;0.2297109663;-0.70348984;13.81137276;45.99890046;-1.651320219;-0.165697068;-0.05390881747;13
45.993009;0.2919243574;-0.7274180651;13.76351547;46.00100228;-1.626885653;-0.1595884264;-0.08811724186;13
45.99511082;0.3349951804;-0.7226324677;13.72523022;46.00310405;-1.604894519;-0.1534797698;-0.1186604798;13
45.99721265;0.3349951804;-0.7178468108;13.67258835;46.00520588;-1.582903385;-0.1412624866;-0.14676027;13
45.99931442;0.2919243574;-0.6891329288;13.58166122;46.0073077;-1.563355684;-0.1253799945;-0.1711948514;13
46.00141624;0.2297109663;-0.6364908218;13.46201992;46.00940952;-1.545029759;-0.1070540547;-0.1895207912;13
46.00351801;0.1292124242;-0.5599204898;13.30409431;46.01151129;-1.530369043;-0.08139773458;-0.2029598206;13
46.00561983;0.009571290575;-0.4785645306;13.15573883;46.01361311;-1.518151641;-0.05329795182;-0.2102901936;13
46.00772166;-0.1339980662;-0.3828516304;13.04088306;46.01571494;-1.512042999;-0.0190895237;-0.2102901936;13
46.00982348;-0.2967100143;-0.2871387303;12.89731407;46.01781676;-1.504712701;0.02000582218;-0.2029598206;13
46.01192525;-0.4929214716;-0.2201396823;12.75374508;46.01991853;-1.498604059;0.06643154472;-0.1907425225;13
46.01402707;-0.6939185858;-0.1627119333;12.64367485;46.02202035;-1.49493885;0.1214093715;-0.1699731201;13
46.0161289;-0.9044869542;-0.09571290761;12.57667542;46.02412213;-1.491273642;0.181274116;-0.1430950761;13
46.01823072;-1.105484009;-0.004785645287;12.49053383;46.02622395;-1.487608433;0.2484692484;-0.1125518382;13
46.02033249;-1.258624673;0.04785645381;12.47617722;46.02832577;-1.481499791;0.3156643808;-0.07834340632;13
46.02243431;-1.435693622;0.1339980662;12.45224857;46.03042754;-1.476612926;0.3804160357;-0.04291325063;13
46.02453608;-1.564906001;0.2153540403;12.49532032;46.03252936;-1.471725941;0.4451677203;-0.005039634649;13
46.02663791;-1.679761529;0.2871387303;12.52881908;46.03463119;-1.465617299;0.5074759126;0.03161225095;13
46.02873973;-1.770688772;0.3349951804;12.56710434;46.03673296;-1.459508657;0.5685623884;0.06582067907;13
46.0308415;-1.823330879;0.3780659735;12.60060406;46.03883478;-1.455843449;0.6235402226;0.0988073796;13
46.03294332;-1.832902193;0.4019941986;12.63410378;46.0409366;-1.45217824;0.6699659228;0.1317940801;13
46.03504515;-1.808973908;0.4354937077;12.65324593;46.04303843;-1.447291374;0.7115047574;0.1598938555;13
46.03714692;-1.761117458;0.4354937077;12.66760349;46.0451402;-1.449734807;0.751821816;0.1879936308;13
46.03924874;-1.718046665;0.4450650215;12.662817;46.04724202;-1.453400016;0.7811433077;0.2136499584;13
46.04135056;-1.64626193;0.4402793646;12.70588779;46.04934379;-1.459508657;0.8055779338;0.2368628234;13
46.04345238;-1.569691658;0.4402793646;12.71067429;46.05144561;-1.470504284;0.8275690675;0.2576322258;13
46.04555416;-1.478764415;0.4402793646;12.71067429;46.05354744;-1.483943224;0.8446732759;0.2771798968;13
46.04765598;-1.416550994;0.4259224236;12.68196011;46.05564921;-1.499825716;0.8544471264;0.2955058515;13
46.04975775;-1.325623751;0.4259224236;12.68674564;46.05775103;-1.518151641;0.8581122756;0.31261006;13
46.05185957;-1.272981644;0.4067798555;12.67717457;46.05985285;-1.541364551;0.8544471264;0.3248273432;13
46.0539614;-1.196411371;0.3684946895;12.70110226;46.06195463;-1.563355684;0.8434515595;0.3358229101;13
46.05606317;-1.11984098;0.3445664644;12.70588779;46.06405645;-1.589012027;0.8251255751;0.3431532979;13
46.05816499;-1.043270707;0.2871387303;12.74417305;46.06615827;-1.613446593;0.7945823669;0.3455967605;13
46.06026681;-0.9667003751;0.2153540403;12.76810169;46.06826004;-1.63788116;0.7591522336;0.3468184769;13
46.06236858;-0.866201818;0.1435693651;12.83031464;46.07036186;-1.659872293;0.7151699662;0.3443750143;13
46.06447041;-0.756131947;0.05742774159;12.89731407;46.07246369;-1.681863427;0.6687442064;0.3370446563;13
46.06657223;-0.6556333899;-0.03349951655;13.02174091;46.07456546;-1.701411128;0.617431581;0.3272708058;13
46.068674;-0.5694918036;-0.1244267747;13.16530991;46.07666728;-1.718515396;0.5624537468;0.31261006;13
46.07077582;-0.4785645306;-0.2201396823;13.34237862;46.0787691;-1.729510903;0.5062541962;0.2955058515;13
46.07287765;-0.4019941986;-0.3206382394;13.51944828;46.08087088;-1.74050653;0.4512763619;0.2759581506;13
46.07497942;-0.3254238665;-0.4354937077;13.71565914;46.0829727;-1.746615171;0.3950767815;0.2576322258;13
46.07708124;-0.2536391914;-0.5312066078;13.95972729;46.08507452;-1.745393395;0.3400989771;0.2393062711;13
46.07918306;-0.2297109663;-0.6221339107;14.19422436;46.08717629;-1.741728187;0.2838993967;0.2209803313;13
46.08128483;-0.2584248483;-0.7369893789;14.48614788;46.08927811;-1.729510903;0.2301433086;0.2026543915;13
46.08338666;-0.2967100143;-0.8518448472;14.80678654;46.09137994;-1.714850187;0.1837175786;0.1855501831;13
46.08548848;-0.3445664644;-0.9667003751;15.13221073;46.09348171;-1.692859054;0.1336266696;0.1660024971;13
46.08759025;-0.3876372576;-1.091127157;15.4480629;46.09558353;-1.664759278;0.08964440972;0.1476765573;13
46.08969207;-0.4067798555;-1.201196909;15.77348709;46.09768535;-1.631772518;0.05177079141;0.1305723488;13
46.0917939;-0.4115654826;-1.296909928;16.09412575;46.09978713;-1.592677236;0.01634063199;0.1146898642;13
46.09389567;-0.4067798555;-1.397408366;16.35733604;46.10188895;-1.552360177;-0.01053741761;0.0975856483;13
46.09599749;-0.4354937077;-1.478764415;16.59183311;46.10399077;-1.505934358;-0.03008509055;0.08292489499;13
46.09809931;-0.4689932466;-1.55054903;16.76890182;46.10609254;-1.457065225;-0.04352411628;0.06582067907;13
46.10020108;-0.4929214716;-1.622333765;16.95075607;46.10819436;-1.403309107;-0.05085449293;0.05360338464;13
46.10230291;-0.5120640397;-1.636690736;17.07518196;46.11029619;-1.348331332;-0.04963276163;0.04138609022;13
46.10440473;-0.5312066078;-1.679761529;17.19003868;46.11239796;-1.295796871;-0.04230238497;0.03039052337;13
46.1065065;-0.5742774606;-1.674975872;17.23310852;46.11449978;-1.238375664;-0.03130681813;0.01939495653;13
46.10860832;-0.5982056856;-1.684547186;17.27139473;46.1166016;-1.18339777;-0.01175914705;0.0108428495;13
46.11071015;-0.6364908218;-1.660618901;17.28575134;46.11870338;-1.129641652;0.007788525894;0.004734201822;13
46.11281192;-0.6891329288;-1.651047587;17.25703621;46.1208052;-1.074663877;0.02855792828;-0.0001527161949;13
46.11491374;-0.7417750359;-1.617548108;17.20918083;46.12290697;-1.022129536;0.05177079141;-0.001374445739;13
46.11701556;-0.784845829;-1.593619823;17.15653801;46.12500879;-0.9683734179;0.07620538026;-0.001374445739;13
46.11911733;-0.8709874153;-1.569691658;17.06082535;46.12711061;-0.9182825089;0.09575305134;-0.002596175298;13
46.12121916;-0.9475577474;-1.560120344;16.98904037;46.12921244;-0.8669698238;0.1140789986;-0.002596175298;13
46.12332093;-1.024128079;-1.540977836;16.84068489;46.13131421;-0.8229875565;0.1299614757;-0.0001527161949;13
46.12542275;-1.076770186;-1.526620865;16.73540115;46.13341603;-0.7753401399;0.1470656991;0.001069013379;13
46.12752457;-1.138983607;-1.521835208;16.59661865;46.13551785;-0.7350230217;0.1629481763;0.001069013379;13
46.1296264;-1.16769743;-1.507478237;16.42433548;46.13761963;-0.6971494555;0.1788306683;0.001069013379;13
46.13172817;-1.210768223;-1.493121386;16.18505287;46.13972145;-0.6604975462;0.1922696829;0.002290742937;13
46.13382999;-1.268195987;-1.450050473;15.98405552;46.14182327;-0.6299542785;0.2069304436;0.00351247238;13
46.13593181;-1.296909928;-1.416550994;15.75912952;46.14392504;-0.6030762792;0.2215912044;0.007177661173;13
46.13803358;-1.349551916;-1.354337573;15.48156261;46.14602686;-0.5823068619;0.235030219;0.0108428495;13
46.14013541;-1.411765337;-1.282552958;15.20878029;46.14812864;-0.563980937;0.2460257858;0.01206457894;13
46.14223723;-1.473978758;-1.21555388;14.95992756;46.15023046;-0.5456549525;0.2570213675;0.01817322709;13
46.144339;-1.536192179;-1.138983607;14.70150185;46.15233228;-0.5309942365;0.2704603672;0.02306014486;13
46.14644082;-1.588834286;-1.0863415;14.49571991;46.1544341;-0.5199986696;0.2851211429;0.02916879393;13
46.14854259;-1.593619823;-1.052842021;14.28515148;46.15653588;-0.5114465356;0.2985601723;0.04016435891;13
46.15064442;-1.617548108;-1.000199914;14.08415413;46.1586377;-0.5065596104;0.308333993;0.05238165334;13
46.15274624;-1.64626193;-0.9284151793;13.92144203;46.16073952;-0.5004509687;0.3095557392;0.06704241037;13
46.15484806;-1.713261008;-0.8518448472;13.77787304;46.16284129;-0.4967857897;0.3058905303;0.08170316368;13
46.15694983;-1.789831281;-0.8183453679;13.63430309;46.16494311;-0.4955640435;0.3046688139;0.09514218569;13
46.15905166;-1.861616015;-0.8039883971;13.50030518;46.16704494;-0.4943423271;0.3046688139;0.1073594838;13
46.16115348;-1.890329838;-0.837487936;13.39502144;46.16914676;-0.4918988645;0.2997818887;0.1220202371;13
46.16325525;-1.875972986;-0.8614161611;13.28495121;46.17124853;-0.4906771481;0.2887863219;0.1379027218;13
46.16535707;-1.856830359;-0.8470591903;13.18445301;46.17335035;-0.4894554019;0.2790125012;0.1513417512;13
46.1674589;-1.823330879;-0.7944171429;13.13659668;46.17545218;-0.4857902229;0.2667951882;0.1635590494;13
46.16956072;-1.780260086;-0.756131947;13.13181114;46.17755395;-0.4845684767;0.2496909797;0.1769980639;13
46.17166249;-1.718046665;-0.6939185858;13.13181114;46.17965577;-0.4857902229;0.2399171442;0.1879936308;13
46.17376431;-1.665404558;-0.679561615;13.10309696;46.18175754;-0.4882336855;0.2240346521;0.1989891976;13
46.17586614;-1.607976794;-0.679561615;13.0456686;46.18385936;-0.4882336855;0.2069304436;0.2063195854;13
46.17796791;-1.574477315;-0.6939185858;13.00259781;46.18596119;-0.4882336855;0.1837175786;0.2124282271;13
46.18006973;-1.531406522;-0.732203722;12.95952702;46.18806296;-0.4943423271;0.1568395346;0.2185368687;13
46.1821715;-1.478764415;-0.7417750359;12.93559933;46.19016478;-0.4955640435;0.1287397593;0.2234237939;13
46.18427332;-1.435693622;-0.8039883971;12.92602825;46.1922666;-0.5016726851;0.09453132749;0.2270889878;13
46.18637515;-1.373480201;-0.8518448472;12.92124271;46.19436838;-0.5004509687;0.06276635826;0.2283107042;13
46.18847692;-1.306481123;-0.8997012973;12.887743;46.1964702;-0.505337894;0.02367101051;0.2270889878;13
46.19057874;-1.239482164;-0.94277215;12.87817192;46.19857202;-0.5090031028;-0.01786779426;0.2246455252;13
46.19268056;-1.158126116;-1.014556766;12.87338543;46.20067379;-0.512668252;-0.05818486959;0.2222020626;13
46.19478233;-1.057627559;-1.062413216;12.87817192;46.20277561;-0.5163334608;-0.09361502528;0.2173151523;13
46.19688416;-0.94277215;-1.100698471;12.88295746;46.20487744;-0.5175551772;-0.1290451884;0.2087630332;13
46.19898598;-0.8279166222;-1.162911773;12.87338543;46.20697921;-0.5199986696;-0.1595884264;0.2026543915;13
46.20108775;-0.7513462901;-1.186840057;12.83031464;46.20908103;-0.521220386;-0.1864664704;0.192880556;13
46.20318957;-0.6364908218;-1.234696507;12.83510113;46.21118285;-0.5224421024;-0.2096793354;0.1794415265;13
46.2052914;-0.5072783828;-1.268195987;12.80160141;46.21328462;-0.5224421024;-0.231670469;0.1660024971;13
46.20739317;-0.3684946895;-1.287338614;12.74895859;46.21538645;-0.5199986696;-0.2438877672;0.1501200199;13
46.20949499;-0.2392822653;-1.282552958;12.69153118;46.21748827;-0.5175551772;-0.2524398565;0.1330158114;13
46.21159681;-0.1004985496;-1.301695466;12.662817;46.21959004;-0.5151117444;-0.2573267817;0.1159115955;13
46.21369858;0.0239282269;-1.316052437;12.64367485;46.22169186;-0.5090031028;-0.2573267817;0.0988073796;13
46.21580041;0.1435693651;-1.335195065;12.58624744;46.22379369;-0.5065596104;-0.2536616027;0.08048143238;13
46.21790223;0.2249253243;-1.35912323;12.53360462;46.22589546;-0.4980075061;-0.2475529462;0.06459894776;13
46.220004;0.2823530734;-1.344766378;12.53839111;46.22799728;-0.4906771481;-0.239000842;0.04871646687;13
46.22210582;0.3014956415;-1.335195065;12.50010586;46.2300991;-0.4796815813;-0.2267835438;0.03405570984;13
46.22420765;0.2967100143;-1.330409408;12.50967693;46.23220093;-0.4686860144;-0.212122798;0.02306014486;13
46.22630942;0.2871387303;-1.306481123;12.5048914;46.2343027;-0.455246985;-0.1913533956;0.01206457894;13
46.22841124;0.2297109663;-1.301695466;12.52881908;46.23640452;-0.4405862093;-0.1705839932;0.004734201822;13
46.23051306;0.1866401732;-1.292124271;12.5623188;46.23850629;-0.4198168218;-0.1461493969;-0.0001527161949;13
46.23261489;0.1292124242;-1.26341033;12.61496067;46.24060811;-0.4002691507;-0.1192713454;-0.006261364091;13
46.23471666;0.0765703246;-1.258624673;12.65803146;46.24270994;-0.378278017;-0.08750637621;-0.009926552884;13
46.23681848;0.03349951655;-1.258624673;12.71067429;46.24481171;-0.3526217043;-0.05451968312;-0.01114828233;13
46.23892025;-0.009571290575;-1.225125194;12.76810169;46.24691353;-0.3257436454;-0.0190895237;-0.01237001177;13
46.24102207;-0.04307080805;-1.220339537;12.82074356;46.24901535;-0.2988655865;0.01511890348;-0.01237001177;13
46.2431239;-0.08135596663;-1.225125194;12.887743;46.25111712;-0.2695440948;0.04932733253;-0.01359174121;13
46.24522567;-0.1148554832;-1.210768223;12.9451704;46.25321895;-0.2438877672;0.07864884287;-0.01359174121;13
46.24732749;-0.1292124242;-1.196411371;12.96431351;46.25532077;-0.212122798;0.1091920808;-0.01359174121;13
46.24942931;-0.1435693651;-1.196411371;13.0073843;46.25742254;-0.1864664704;0.1385135949;-0.01481347065;13
46.25153108;-0.1627119333;-1.191625714;13.03609753;46.25952436;-0.1595884264;0.1641699076;-0.01603520103;13
46.25363291;-0.1914258152;-1.16769743;13.03609753;46.26162619;-0.1363755614;0.18493931;-0.01725693047;13
46.25573473;-0.1962114573;-1.172483087;13.0456686;46.26372796;-0.1131627038;0.2069304436;-0.01970038936;13
46.2578365;-0.2249253243;-1.143769264;13.0073843;46.26582978;-0.09117157012;0.2215912044;-0.0209221188;13
46.25993832;-0.2392822653;-1.153340459;12.96909904;46.2679316;-0.07040216774;0.235030219;-0.02336557768;13
46.26204015;-0.3062812984;-1.13419795;12.93081379;46.27003343;-0.05451968312;0.2411388755;-0.02580903657;13
46.26414192;-0.3684946895;-1.148554921;12.90688515;46.2721352;-0.04108065739;0.2411388755;-0.0294742249;13
46.26624374;-0.4402793646;-1.143769264;12.87338543;46.27423697;-0.02519817278;0.2399171442;-0.03191768378;13
46.26834556;-0.4881358147;-1.153340459;12.83031464;46.27633879;-0.01542433538;0.2338084877;-0.03680460155;13
46.27044739;-0.5359922647;-1.13419795;12.79202938;46.27844061;-0.003207040019;0.2240346521;-0.03924806044;13
46.27254916;-0.5790630579;-1.129412293;12.74895859;46.28054244;0.002901607659;0.2118173689;-0.04169152305;13
46.27465093;-0.626919508;-1.091127157;12.72981644;46.28264421;0.01145371422;0.200821802;-0.04169152305;13
46.27675275;-0.6747759581;-1.03848505;12.73460197;46.28474603;0.01634063199;0.1800523996;-0.04291325063;13
46.27885457;-0.7417750359;-0.9954141974;12.73938751;46.2868478;0.0175623633;0.1605047137;-0.04291325063;13
46.2809564;-0.7992027402;-0.9284151793;12.72024536;46.28894962;0.0175623633;0.1372918636;-0.04291325063;13
46.28305817;-0.8757730722;-0.9044869542;12.72024536;46.29105145;0.01878409274;0.1128572673;-0.04046979174;13
46.28515999;-0.9332008362;-0.890130043;12.70110226;46.29315327;0.0175623633;0.08842267841;-0.03802633286;13
46.28726176;-1.014556766;-0.8853443861;12.69153118;46.29525504;0.01511890348;0.06276635826;-0.03313941509;13
46.28936358;-1.115055323;-0.8709874153;12.69153118;46.29735686;0.01145371422;0.03833176568;-0.0294742249;13
46.29146541;-1.21555388;-0.866201818;12.69631672;46.29945869;0.01023198478;0.009010255337;-0.02214384824;13
46.29356723;-1.31126678;-0.8327022791;12.68674564;46.30156046;0.006566796452;-0.02275471389;-0.01359174121;13
46.295669;-1.392622828;-0.8327022791;12.71545982;46.30366228;0.0016798781;-0.0557414107;-0.003817904973;13
46.29777082;-1.483550072;-0.7992027402;12.77288723;46.3057641;0.0004581485991;-0.08750637621;0.004734201822;13
46.29987265;-1.574477315;-0.7944171429;12.83031464;46.30786593;0.0004581485991;-0.1180496216;0.01695149764;13
46.30197442;-1.627119422;-0.7800601721;12.91645622;46.3099677;0.004123337101;-0.1437059343;0.02916879393;13
46.30407624;-1.665404558;-0.7704889178;12.99302673;46.31206952;0.007788525894;-0.1669187993;0.04016435891;13
46.30617806;-1.694118381;-0.7513462901;13.0887394;46.31417129;0.0126754446;-0.1876882017;0.05360338464;13
46.30827989;-1.713261008;-0.732203722;13.16530991;46.31627311;0.02122755162;-0.2072358727;0.06459894776;13
46.31038166;-1.689332843;-0.7130611539;13.2705946;46.31837494;0.02977965772;-0.2231183648;0.07681624591;13
46.31248348;-1.64626193;-0.70348984;13.38544941;46.32047676;0.04199695215;-0.2304487377;0.08536835015;13
46.31458525;-1.612762451;-0.7226324677;13.47637749;46.32257853;0.0542142503;-0.2377791107;0.09514218569;13
46.31668707;-1.579262972;-0.7178468108;13.52901936;46.32468035;0.06765327603;-0.2414443046;0.1049160287;13
46.3187889;-1.536192179;-0.7657032609;13.57687569;46.32678212;0.07864884287;-0.2438877672;0.1134681329;13
46.32089072;-1.478764415;-0.7896314859;13.63908863;46.32888395;0.08964440972;-0.2426660359;0.1207985133;13
46.32299249;-1.421336651;-0.8231309652;13.65823174;46.33098577;0.1018617004;-0.2414443046;0.1269071549;13
46.32509431;-1.330409408;-0.8422735929;13.63430309;46.33308754;0.1128572673;-0.239000842;0.1317940801;13
46.32719608;-1.244267821;-0.8805587292;13.63908863;46.33518936;0.1250745654;-0.235335663;0.1354592592;13
46.32929791;-1.129412293;-0.8997012973;13.63430309;46.33729119;0.1385135949;-0.2292270064;0.1366809905;13
46.33139973;-0.9954141974;-0.9188438654;13.6534462;46.33939301;0.1507308781;-0.2182314396;0.1391244531;13
46.3335015;-0.890130043;-0.9188438654;13.68694592;46.34149478;0.1629481763;-0.2084576041;0.1391244531;13
46.33560332;-0.8087740541;-0.8949156404;13.66780281;46.3435966;0.1751654744;-0.1974620372;0.1379027218;13
46.33770515;-0.708275497;-0.8805587292;13.63908863;46.34569838;0.1873827726;-0.188909933;0.1342375278;13
46.33980697;-0.6077769399;-0.8566305041;13.62473202;46.3478002;0.1996000707;-0.1828012913;0.1293506175;13
46.34190874;-0.4977070987;-0.8231309652;13.64387512;46.34990202;0.2142608166;-0.1644753367;0.1244636998;13
46.34401056;-0.4115654826;-0.813559711;13.67737389;46.35200384;0.227699846;-0.1473711282;0.1220202371;13
46.34611233;-0.3302095234;-0.8422735929;13.6534462;46.35410561;0.2423606068;-0.1363755614;0.1207985133;13
46.34821416;-0.2871387303;-0.8805587292;13.61994648;46.35620744;0.2533561587;-0.131488651;0.1207985133;13
46.35031598;-0.2919243574;-0.8518448472;13.61516094;46.35830926;0.2667951882;-0.1351538301;0.1244636998;13
46.3524178;-0.3158525825;-0.8422735929;13.68694592;46.36041103;0.2802342176;-0.138819024;0.1244636998;13
46.35451957;-0.3206382394;-0.7944171429;13.78744411;46.36251285;0.2936732471;-0.1461493969;0.1244636998;13
46.3566214;-0.3014956415;-0.7800601721;13.84965706;46.36461468;0.3058905303;-0.1571449637;0.1244636998;13
46.35872322;-0.2679961324;-0.7752745152;13.94058514;46.36671645;0.3217730224;-0.1730274558;0.1232419685;13
46.36082499;-0.2344966233;-0.7704889178;14.03151226;46.36881827;0.3339903057;-0.1925751269;0.1171333194;13
46.36292681;-0.2153540403;-0.7752745152;14.11765385;46.37092009;0.3474293351;-0.212122798;0.1134681329;13
46.36502864;-0.1866401732;-0.7465606928;14.18943787;46.37302186;0.3596466482;-0.2328922004;0.1085812151;13
46.36713041;-0.1196411327;-0.732203722;14.27079391;46.37512369;0.3694204688;-0.2512181401;0.0988073796;13
46.36923223;-0.01914258115;-0.70348984;14.33779335;46.37722551;0.377972573;-0.2671006322;0.09025526792;13
46.37133405;0.0765703246;-0.70348984;14.37129307;46.37932728;0.3877464235;-0.2793179154;0.07925970852;13
46.37343582;0.1387837082;-0.7130611539;14.44786358;46.3814291;0.3962985277;-0.2890917659;0.06582067907;13
46.37553765;0.2153540403;-0.7369893789;14.43350601;46.38353093;0.4024071693;-0.2952004075;0.05238165334;13
46.37763947;0.2871387303;-0.760917604;14.44307709;46.3856327;0.4097375572;-0.2976438701;0.03772090003;13
46.37974124;0.3493520916;-0.7704889178;14.54836178;46.38773452;0.4158461988;-0.2988655865;0.0242818743;13
46.38184306;0.3780659735;-0.7896314859;14.62971783;46.38983634;0.4268417656;-0.3000873327;0.008399390616;13
46.38394489;0.3732803464;-0.7896314859;14.69671631;46.39193811;0.4366155863;-0.3025307953;-0.008704823442;13
46.38604666;0.3972085714;-0.784845829;14.77328682;46.39403994;0.4463894367;-0.3061959743;-0.02458730713;13
46.38814848;0.4019941986;-0.7944171429;14.89771366;46.39614176;0.45860672;-0.312304616;-0.04291325063;13
46.3902503;0.4498506486;-0.8087740541;14.97906971;46.39824353;0.470824033;-0.3184132576;-0.05757400393;13
46.39235207;0.5072783828;-0.8183453679;15.08913994;46.40034535;0.4830413163;-0.3184132576;-0.07345648855;13
46.3944539;0.5407779217;-0.8327022791;15.1848526;46.40244718;0.4952586293;-0.3245218992;-0.08811724186;13
46.39655572;0.5455635786;-0.8470591903;15.27577972;46.404549;0.5062541962;-0.3269653618;-0.10033454;13
46.39865749;0.5264210105;-0.8470591903;15.36192131;46.40665077;0.5209149122;-0.3306305707;-0.113773562;13
46.40075931;0.4737788737;-0.8183453679;15.43849182;46.40875259;0.5306887627;-0.3355174661;-0.1247691289;13
46.40286114;0.4067798555;-0.8279166222;15.51984787;46.41085436;0.5453495383;-0.3306305707;-0.1345429718;13
46.40496296;0.3589234054;-0.8087740541;15.64427471;46.41295619;0.560010314;-0.3245218992;-0.1430950761;13
46.40706473;0.2919243574;-0.8039883971;15.77348709;46.41505801;0.5722275972;-0.3184132576;-0.1479819864;13
46.40916655;0.2249253243;-0.7800601721;15.86919975;46.41715978;0.5893318057;-0.3098611534;-0.1516471803;13
46.41126832;0.1387837082;-0.7800601721;16.02712631;46.4192616;0.6076577306;-0.3000873327;-0.1540906429;13
46.41337015;0.06221338734;-0.756131947;16.1515522;46.42136343;0.6284271479;-0.2866483033;-0.1540906429;13
46.41547197;-0.0143569354;-0.7465606928;16.3142643;46.4234652;0.651639998;-0.2744309902;-0.1528689116;13
46.41757374;-0.1196411327;-0.7417750359;16.46740532;46.42556702;0.6772963405;-0.2561050653;-0.150425449;13
46.41967556;-0.1722832322;-0.70348984;16.63968849;46.42766884;0.7078395486;-0.239000842;-0.1455385387;13
46.42177739;-0.2344966233;-0.6747759581;16.78325844;46.42977061;0.7371610999;-0.2218966335;-0.1406516135;13
46.42387916;-0.2823530734;-0.6460621357;16.96511269;46.43187244;0.767704308;-0.2047924101;-0.1369864196;13
46.42598098;-0.3206382394;-0.6221339107;17.06561089;46.43397426;0.7994692922;-0.1852447391;-0.1308777779;13
46.4280828;-0.3493520916;-0.5982056856;17.16132355;46.43607603;0.8312342763;-0.1644753367;-0.1259908676;13
46.43018457;-0.3589234054;-0.5886343718;17.22353745;46.43817785;0.860555768;-0.1400407553;-0.1211039424;13
46.4322864;-0.3445664644;-0.5790630579;17.30489349;46.44027968;0.8910989761;-0.1180496216;-0.1162170246;13
46.43438822;-0.3541377485;-0.5790630579;17.32403564;46.44238145;0.9228639603;-0.09483675659;-0.1125518382;13
46.43648999;-0.3349951804;-0.5742774606;17.30967903;46.44448327;0.9497420192;-0.07040216774;-0.1064431891;13
46.43859181;-0.3349951804;-0.5838487148;17.30967903;46.44658509;0.9778417945;-0.04841103405;-0.1015562713;13
46.44069364;-0.3684946895;-0.626919508;17.30010796;46.44868686;1.003498077;-0.03008509055;-0.09544762224;13
46.44279541;-0.4211367965;-0.6699903607;17.33839226;46.45078869;1.031597853;-0.01542433538;-0.08811724186;13
46.44489723;-0.4929214716;-0.70348984;17.38624954;46.45289051;1.060919404;-0.001985310577;-0.08078686893;13
46.44699905;-0.5742774606;-0.7800601721;17.46282005;46.45499228;1.087797403;0.0004581485991;-0.07712167501;13
46.44910082;-0.6604190469;-0.866201818;17.56810379;46.4570941;1.117118955;0.002901607659;-0.07223475724;13
46.45120265;-0.7274180651;-0.9284151793;17.67338753;46.45919588;1.148883939;-0.001985310577;-0.06612611562;13
46.45330447;-0.7752745152;-1.000199914;17.76910019;46.4612977;1.180648923;-0.01175914705;-0.06490438432;13
46.45540624;-0.813559711;-1.067198873;17.85524178;46.46339952;1.212413907;-0.02519817278;-0.06246092543;13
46.45750806;-0.8566305041;-1.124626637;17.9461689;46.46550129;1.246622324;-0.04596757516;-0.05879573524;13
46.45960983;-0.9284151793;-1.186840057;18.05624008;46.46760311;1.277165532;-0.07528908551;-0.05513054505;13
46.46171166;-0.9906286001;-1.244267821;18.16630936;46.46970494;1.30770874;-0.1094975099;-0.05268708616;13
46.46381348;-1.0863415;-1.306481123;18.31945038;46.47180676;1.339473724;-0.1522580534;-0.0490218997;13
46.46591525;-1.210768223;-1.373480201;18.44387627;46.47390858;1.371238708;-0.1986837685;-0.04657844082;13
46.46801707;-1.35912323;-1.40697968;18.61615944;46.47601035;1.403003693;-0.2597702444;-0.04291325063;13
46.4701189;-1.483550072;-1.435693622;18.74537277;46.47811218;1.434768677;-0.3306305707;-0.04046979174;13
46.47222072;-1.584048629;-1.473978758;18.86501312;46.480214;1.464090109;-0.4112647176;-0.04046979174;13
46.47432254;-1.670190215;-1.497906923;19.02772522;46.48231577;1.494633436;-0.4992292523;-0.04046979174;13
46.47642431;-1.751546144;-1.540977836;19.09472466;46.48441754;1.517846227;-0.5981893539;-0.04169152305;13
46.47852614;-1.832902193;-1.579262972;19.12343788;46.48651936;1.544724345;-0.6934842467;-0.04535670951;13
46.48062796;-1.890329838;-1.622333765;19.11865234;46.48862119;1.566715479;-0.7936660647;-0.05024362728;13
46.48272973;-1.947757602;-1.651047587;19.06601143;46.49072296;1.583819628;-0.8926261663;-0.05390881747;13
46.4848315;-1.957328916;-1.655833244;18.97029877;46.49282478;1.59970212;-0.9928079844;-0.05879573524;13
46.48693332;-1.938186288;-1.665404558;18.86501312;46.4949266;1.613141179;-1.079550743;-0.06368265301;13
46.48903515;-1.93340075;-1.665404558;18.68315887;46.49702838;1.62291503;-1.162628412;-0.06612611562;13
46.49113692;-1.919043779;-1.670190215;18.46302032;46.4991302;1.629023671;-1.237153888;-0.06856957078;13
46.49323874;-1.909472466;-1.64626193;18.21416664;46.50123202;1.633910537;-1.303127289;-0.06979130208;13
46.49534056;-1.919043779;-1.622333765;17.95574188;46.50333384;1.640019178;-1.362992048;-0.07101303339;13
46.49744233;-1.909472466;-1.603191137;17.7068882;46.50543561;1.643684387;-1.41552639;-0.07223475724;13
46.49954416;-1.875972986;-1.564906001;17.4436779;46.50753744;1.651014805;-1.459508657;-0.07223475724;13
46.50164598;-1.808973908;-1.536192179;17.1804657;46.50963926;1.65590167;-1.496160507;-0.07223475724;13
46.5037478;-1.746760488;-1.497906923;16.96989822;46.51174108;1.662010312;-1.530369043;-0.07345648855;13
46.50584957;-1.636690736;-1.450050473;16.7784729;46.51384285;1.674227595;-1.55480361;-0.07467821985;13
46.5079514;-1.512263894;-1.397408366;16.58226013;46.51594468;1.681558013;-1.5780164;-0.07589995116;13
46.51005322;-1.344766378;-1.335195065;16.40997696;46.51804645;1.690110087;-1.593898892;-0.08078686893;13
46.51215504;-1.172483087;-1.26341033;16.20419502;46.52014827;1.698662281;-1.60122931;-0.0856737867;13
46.51425681;-0.9619147182;-1.21555388;15.97448444;46.52225004;1.708436131;-1.598785877;-0.09056070447;13
46.51635864;-0.7704889178;-1.172483087;15.73998737;46.52435186;1.71576643;-1.589012027;-0.0991128087;13
46.51846041;-0.5694918036;-1.143769264;15.4480629;46.52645369;1.719431639;-1.56824255;-0.1064431891;13
46.52056223;-0.3684946895;-1.095912814;15.21835232;46.52855546;1.721875072;-1.541364551;-0.1162170246;13
46.522664;-0.1818545163;-1.095912814;14.9647131;46.53065728;1.726762056;-1.501047492;-0.1247691289;13
46.52476582;-0.02871387079;-1.091127157;14.67757416;46.5327591;1.730427146;-1.44851315;-0.1333212405;13
46.52686765;0.1339980662;-1.115055323;14.42393494;46.53486093;1.731648922;-1.389870048;-0.1418733448;13
46.52896942;0.2919243574;-1.105484009;14.14158154;46.53696275;1.736535907;-1.323896646;-0.1516471803;13
46.53107124;0.3972085714;-1.100698471;13.87837124;46.53906452;1.740200996;-1.249371171;-0.1614210159;13
46.53317306;0.5120640397;-1.100698471;13.67258835;46.54116634;1.745087981;-1.165071845;-0.1675296724;13
46.53527488;0.6173482537;-1.095912814;13.42373466;46.54326811;1.751196623;-1.075885534;-0.1760817766;13
46.53737671;0.6891329288;-1.071984529;13.17488194;46.54536994;1.759748697;-0.9781472087;-0.1834121495;13
46.53947848;0.7944171429;-1.019342422;12.92602825;46.54747176;1.765857339;-0.8755219579;-0.1895207912;13
46.5415803;0.866201818;-1.004985452;12.70110226;46.54957353;1.778074622;-0.7692314982;-0.196851179;13
46.54368207;0.9332008362;-0.9714859724;12.49532032;46.55167535;1.791513681;-0.6604975462;-0.2041815519;13
46.5457839;0.9954141974;-0.9523434043;12.29432297;46.55377718;1.807396173;-0.5493201613;-0.2078467458;13
46.54788572;1.000199914;-0.94277215;12.08854008;46.555879;1.82205689;-0.4381427765;-0.2115119249;13
46.54998749;1.009771109;-0.9284151793;11.94497108;46.55798077;1.835495949;-0.3294088244;-0.2151771188;13
46.55208931;1.024128079;-0.8997012973;11.78704453;46.56008259;1.850156665;-0.2206749022;-0.2176205814;13
46.55419114;1.000199914;-0.8805587292;11.60519028;46.56218436;1.861152291;-0.1143844277;-0.2176205814;13
46.55629296;0.9523434043;-0.8231309652;11.45204926;46.56428619;1.869704366;-0.01298087649;-0.2163988501;13
46.55839473;0.8518448472;-0.7896314859;11.22233772;46.56638801;1.87825644;0.08353576064;-0.2127336562;13
46.56049655;0.7513462901;-0.7657032609;10.99262714;46.56848983;1.879478216;0.1751654744;-0.2054032832;13
46.56259832;0.6221339107;-0.7369893789;10.74377346;46.5705916;1.877034783;0.2606865466;-0.1944077164;13
46.56470015;0.4546363056;-0.7513462901;10.49013424;46.57269343;1.872147799;0.3364337683;-0.1821904182;13
46.56680197;0.2488535494;-0.7369893789;10.26042366;46.5747952;1.866039157;0.4036289155;-0.1675296724;13
46.56890379;0.07178468257;-0.7465606928;10.00678444;46.57689702;1.856265306;0.4622719288;-0.1528689116;13
46.57100556;-0.1387837082;-0.7657032609;9.839286804;46.57899884;1.847713232;0.5099193454;-0.1357647032;13
46.57310738;-0.3014956415;-0.7704889178;9.695717812;46.58110061;1.834274173;0.5526798964;-0.1198822111;13
46.57520916;-0.4594219327;-0.760917604;9.580862045;46.58320244;1.823278666;0.5868883133;-0.1052214578;13
46.57731098;-0.5886343718;-0.7800601721;9.489934921;46.58530426;1.811061382;0.6052142978;-0.09056070447;13
46.5794128;-0.7130611539;-0.756131947;9.408578873;46.58740608;1.802509189;0.6186532974;-0.07589995116;13
46.58151457;-0.8039883971;-0.760917604;9.379864693;46.58950785;1.790291905;0.617431581;-0.06490438432;13
46.5836164;-0.8805587292;-0.7226324677;9.389435768;46.59160968;1.779296398;0.6113229394;-0.05635227636;13
46.58571822;-0.9379864931;-0.6604190469;9.408578873;46.5937115;1.770744324;0.5978838801;-0.0478001684;13
46.58782004;-0.9284151793;-0.6173482537;9.408578873;46.59581327;1.759748697;0.57467103;-0.04169152305;13
46.58992181;-0.9619147182;-0.6125625968;9.427721024;46.59791509;1.749974847;0.5453495383;-0.03680460155;13
46.59202364;-1.014556766;-0.6077769399;9.446864128;46.60001686;1.740200996;0.5099193454;-0.03191768378;13
46.59412546;-1.062413216;-0.6317051649;9.456435204;46.60211869;1.730427146;0.4659371078;-0.02703076601;13
46.59622723;-1.115055323;-0.679561615;9.432506561;46.60422051;1.716988206;0.4146244824;-0.02458730713;13
46.59832905;-1.177268744;-0.7369893789;9.437292099;46.60632228;1.709657788;0.3633118272;-0.0209221188;13
46.60043082;-1.258624673;-0.8183453679;9.379864693;46.6084241;1.693775296;0.3071122766;-0.01603520103;13
46.60253265;-1.344766378;-0.8997012973;9.30807972;46.61052593;1.681558013;0.2472475171;-0.01237001177;13
46.60463447;-1.421336651;-0.9810572863;9.279366493;46.61262775;1.668118954;0.1910479665;-0.006261364091;13
46.60673624;-1.488335729;-1.043270707;9.198010445;46.61472952;1.657123446;0.1372918636;-0.0001527161949;13
46.60883806;-1.560120344;-1.071984529;9.111868858;46.61683134;1.64246273;0.08842267841;0.005955931731;13
46.61093988;-1.631905079;-1.115055323;9.078369141;46.61893311;1.630245328;0.03955349326;0.01206457894;13
46.61304171;-1.689332843;-1.115055323;9.025727272;46.62103494;1.621693254;0.0004581485991;0.01817322709;13
46.61514348;-1.732403636;-1.124626637;8.992227554;46.62313676;1.610697746;-0.03375028074;0.0242818743;13
46.6172453;-1.780260086;-1.124626637;8.982656479;46.62523853;1.608254194;-0.06185005978;0.03161225095;13
46.61934707;-1.842473388;-1.124626637;8.944371223;46.62734035;1.607032537;-0.08506292105;0.03894263133;13
46.6214489;-1.8855443;-1.138983607;8.949156761;46.62944218;1.608254194;-0.1058323234;0.04871646687;13
46.62355072;-1.914258122;-1.153340459;8.939585686;46.63154395;1.615584612;-0.1266017258;0.05971203372;13
46.62565249;-1.938186288;-1.143769264;8.958727837;46.63364577;1.62291503;-0.1437059343;0.06948586553;13
46.62775431;-1.9812572;-1.13419795;8.97308445;46.63574759;1.633910537;-0.1595884264;0.08048143238;13
46.62985614;-1.995614052;-1.129412293;8.97308445;46.63784942;1.648571372;-0.1718057245;0.09147699922;13
46.63195791;-1.990828395;-1.115055323;8.963513374;46.63995119;1.663232088;-0.1864664704;0.1012508348;13
46.63405973;-1.976471543;-1.115055323;8.944371223;46.64205301;1.67911458;-0.1962403059;0.1098029464;13
46.63616155;-1.942971945;-1.110269666;8.891729355;46.64415483;1.694997072;-0.2072358727;0.1183550507;13
46.63826338;-1.895115495;-1.095912814;8.824729919;46.6462566;1.710879564;-0.2182314396;0.1269071549;13
46.64036515;-1.852044702;-1.071984529;8.733802795;46.64835843;1.724318504;-0.2280052751;0.1342375278;13
46.64246697;-1.775474429;-1.062413216;8.633303642;46.65046025;1.736535907;-0.239000842;0.1415679157;13
46.64456879;-1.698904037;-1.024128079;8.480163574;46.65256202;1.743866205;-0.2561050653;0.1501200199;13
46.64667056;-1.631905079;-0.9858429432;8.303094864;46.65466384;1.749974847;-0.2671006322;0.1550069451;13
46.64877238;-1.584048629;-0.9571290612;8.140382767;46.65676567;1.75241828;-0.2732092738;0.1598938555;13
46.65087421;-1.531406522;-0.9475577474;7.99202776;46.65886744;1.749974847;-0.2719875574;0.1635590494;13
46.65297598;-1.45483613;-0.9475577474;7.767102242;46.66096926;1.746309638;-0.2695440948;0.1672242284;13
46.6550778;-1.373480201;-0.9140582681;7.518248558;46.66307103;1.737757564;-0.262213707;0.1721111536;13
46.65717963;-1.301695466;-0.8709874153;7.278966427;46.66517285;1.724318504;-0.2499964088;0.1757763475;13
46.6592814;-1.234696507;-0.7992027402;7.010970116;46.66727468;1.708436131;-0.231670469;0.1806632578;13
46.66138322;-1.191625714;-0.7226324677;6.776473522;46.66937645;1.692553639;-0.215787977;0.1855501831;13
