Tempo acelerômetro (s);Acelerômetro X (m/s²);Acelerômetro Y (m/s²);Acelerômetro Z (m/s²);Tempo giroscópio (s);Giroscópio X (rad/s);Giroscópio Y (rad/s);Giroscópio Z (rad/s);gesto
38.06353115;0.5503492355;1.009771109;9.375079155;38.07152485;0.7747292519;0.3002400398;-0.1050687432;12
38.06563308;0.5694918036;1.043270707;9.293723106;38.07362678;0.7551816106;0.3210094273;-0.1136208475;12
38.06773495;0.5982056856;1.033699393;9.2362957;38.0757287;0.7441860437;0.3381136656;-0.1209512278;12
38.06983693;0.6460621357;1.024128079;9.231510162;38.07783063;0.7344121933;0.3588830531;-0.1270598769;12
38.07193881;0.6460621357;1.028913736;9.250652313;38.07993256;0.7270817757;0.3784307241;-0.1319467872;12
38.07404074;0.6077769399;1.014556766;9.279366493;38.08203448;0.7234166265;0.401643604;-0.1380554438;12
38.07614266;0.5503492355;1.014556766;9.274580956;38.08413641;0.7197514176;0.4236347377;-0.1453858167;12
38.07824459;0.4498506486;1.004985452;9.265008926;38.08623829;0.7185297012;0.4480693042;-0.1539379209;12
38.08034652;0.3589234054;0.9906286001;9.260223389;38.08834021;0.72219491;0.4700604379;-0.1624900252;12
38.08244844;0.2967100143;0.9332008362;9.231510162;38.09044214;0.7246383429;0.4944950342;-0.1710421443;12
38.08455037;0.2392822653;0.8518448472;9.202795982;38.09254407;0.7307469845;0.5152644515;-0.1795942485;12
38.08665225;0.1627119333;0.8039883971;9.169296265;38.094646;0.7368556261;0.5421425104;-0.1869246215;12
38.08875417;0.1148554832;0.756131947;9.126225471;38.09674787;0.7417425513;0.5653553605;-0.1930332631;12
38.0908561;0.01914258115;0.7178468108;9.040083885;38.0988498;0.7466294765;0.5885682106;-0.196698457;12
38.09295803;-0.06699903309;0.7178468108;8.934800148;38.10095172;0.7515164018;0.6105593443;-0.2003636509;12
38.09505995;-0.1818545163;0.7130611539;8.800801277;38.10305365;0.7502946854;0.6337721944;-0.2015853822;12
38.09716183;-0.2823530734;0.7130611539;8.657232285;38.10515558;0.7539598346;0.6545416117;-0.2003636509;12
38.09926376;-0.3732803464;0.732203722;8.494520187;38.10725751;0.7539598346;0.6765327454;-0.1930332631;12
38.10136568;-0.4785645306;0.756131947;8.322237015;38.10935943;0.7490729094;0.6973021626;-0.1832594275;12
38.10346761;-0.6029912829;0.7752745152;8.164310455;38.11146131;0.7441860437;0.7168498039;-0.1685986817;12
38.10556954;-0.8039883971;0.7800601721;8.049455643;38.11356329;0.7380773425;0.732732296;-0.1502727419;12
38.10767146;-1.004985452;0.8231309652;7.944170952;38.11566516;0.7319687009;0.7437278628;-0.1319467872;12
38.10977339;-1.172483087;0.837487936;7.805387497;38.11776709;0.72219491;0.7486147881;-0.1148425788;12
38.11187527;-1.306481123;0.866201818;7.661818027;38.11986902;0.7160862088;0.7522799969;-0.09651663154;12
38.11397725;-1.426122308;0.8853443861;7.561319351;38.12197094;0.7099775672;0.7449495792;-0.08185587823;12
38.11607912;-1.478764415;0.9236295223;7.523034573;38.12407282;0.7014254928;0.7315105796;-0.06963858753;12
38.11818105;-1.493121386;0.9571290612;7.484749317;38.12617475;0.6916516423;0.7058542371;-0.06108647957;12
38.12028298;-1.459621787;0.9906286001;7.456035137;38.12827672;0.6843212843;0.675311029;-0.05253437161;12
38.1223849;-1.392622828;1.000199914;7.398607731;38.1303786;0.6745474339;0.641102612;-0.04642572254;12
38.12448678;-1.344766378;0.9858429432;7.360322475;38.13248053;0.6611084342;0.6007854939;-0.03909534588;12
38.1265887;-1.344766378;0.9906286001;7.32203722;38.13458245;0.6464476585;0.5568032265;-0.03176496923;12
38.12869068;-1.363908887;1.019342422;7.211967468;38.13668438;0.6330085993;0.5164861679;-0.02443459071;12
38.13079256;-1.426122308;1.048056364;7.101897717;38.13878631;0.6159043908;0.4700604379;-0.01954767294;12
38.13289448;-1.483550072;1.057627559;7.034898758;38.14088818;0.6000219584;0.4260781705;-0.01466075517;12
38.13499641;-1.517049551;1.03848505;6.943971157;38.14299011;0.5865828991;0.3796524704;-0.009773836471;12
38.13709834;-1.493121386;1.009771109;6.934400082;38.14509204;0.5743656158;0.3344484568;-0.007330377586;12
38.13920027;-1.440479279;0.9523434043;6.920042992;38.14719396;0.5597048402;0.2868010104;-0.003665188793;12
38.14130214;-1.363908887;0.9044869542;6.943971157;38.14929589;0.5499309897;0.2415970266;0.001221729559;12
38.14340407;-1.287338614;0.8805587292;6.972685337;38.15139782;0.5426006317;0.1976147592;0.002443459118;12
38.145506;-1.229910851;0.8231309652;7.030112743;38.15349969;0.5389354229;0.1548542231;0.002443459118;12
38.14760792;-1.186840057;0.7896314859;7.101897717;38.15560162;0.5340485573;0.1157588735;0.002443459118;12
38.14970985;-1.153340459;0.7417750359;7.135396957;38.15770355;0.5364919901;0.06933315098;0.001221729559;12
38.15181178;-1.105484009;0.6843472719;7.173682213;38.15980548;0.5377137065;0.02535088919;0.004886918236;12
38.15391365;-1.033699393;0.626919508;7.197610378;38.1619074;0.5413789153;-0.0235182941;0.007330377586;12
38.15601558;-1.000199914;0.5886343718;7.226324558;38.16400933;0.5450441241;-0.07116574794;0.009773836471;12
38.15811751;-0.9858429432;0.5503492355;7.293323517;38.16611126;0.5499309897;-0.1114828214;0.008552107029;12
38.16021943;-0.9762716293;0.5072783828;7.369893551;38.16821313;0.5609265566;-0.1395826042;0.006108647678;12
38.16232136;-0.9571290612;0.4594219327;7.360322475;38.17031511;0.5743656158;-0.1652389169;0.002443459118;12
38.16442329;-0.9284151793;0.4163511395;7.341179848;38.17241699;0.5890263915;-0.1847866029;-0.004886918236;12
38.16652521;-0.8709874153;0.4019941986;7.360322475;38.17451891;0.6061306;-0.2067777216;-0.01221729536;12
38.16862709;-0.8039883971;0.3589234054;7.436892986;38.17662084;0.6281217337;-0.2214384824;-0.01954767294;12
38.17072907;-0.7226324677;0.3589234054;7.532605648;38.17872277;0.6501128674;-0.2336557806;-0.02932151034;12
38.17283094;-0.6843472719;0.3684946895;7.67138958;38.18082464;0.6757691503;-0.2422078848;-0.04153880477;12
38.17493287;-0.6364908218;0.3972085714;7.762316704;38.18292662;0.7026472092;-0.2458730787;-0.05375609919;12
38.1770348;-0.5982056856;0.4115654826;7.800601959;38.1850285;0.7283035517;-0.250759989;-0.06597339362;12
38.17913672;-0.5599204898;0.4211367965;7.781459332;38.18713042;0.756403327;-0.2593120933;-0.07819069177;12
38.1812386;-0.5359922647;0.4354937077;7.738388538;38.18923235;0.7808378935;-0.2678641975;-0.09162971377;12
38.18334058;-0.5072783828;0.4211367965;7.637889862;38.19133428;0.8040507436;-0.2800815105;-0.1038470119;12
38.18544245;-0.4929214716;0.4019941986;7.52782011;38.1934362;0.8223767281;-0.2886336148;-0.1160643101;12
38.18754438;-0.4737788737;0.3684946895;7.408178806;38.19553808;0.8394809365;-0.2922987938;-0.1258381456;12
38.18964631;-0.4737788737;0.3541377485;7.278966427;38.19764001;0.8504765034;-0.297185719;-0.1356119812;12
38.19174824;-0.4642075896;0.3110669553;7.077969551;38.19974193;0.8553634286;-0.2996291816;-0.1404989064;12
38.19385016;-0.4977070987;0.3014956415;6.838686943;38.20184386;0.856585145;-0.3032943606;-0.1441640854;12
38.19595204;-0.5216353536;0.2871387303;6.551548481;38.20394579;0.8541416526;-0.3045161068;-0.1453858167;12
38.19805396;-0.5599204898;0.3110669553;6.31226635;38.20604771;0.848033011;-0.2996291816;-0.146607548;12
38.20015589;-0.5742774606;0.3206382394;6.092126369;38.20814964;0.8394809365;-0.2959639728;-0.1453858167;12
38.20225782;-0.5982056856;0.3541377485;5.867201328;38.21025152;0.8272636533;-0.2874118686;-0.1453858167;12
38.20435975;-0.626919508;0.4115654826;5.6566329;38.21235344;0.8150463104;-0.2800815105;-0.1453858167;12
38.20646167;-0.6317051649;0.4498506486;5.479563713;38.21445537;0.797942102;-0.2690859437;-0.1453858167;12
38.2085636;-0.6412764788;0.5024927258;5.29292345;38.2165573;0.7808378935;-0.2580903769;-0.1453858167;12
38.21066548;-0.6221339107;0.5503492355;5.134997368;38.21865922;0.7649554014;-0.250759989;-0.1453858167;12
38.2127674;-0.6029912829;0.6077769399;5.015356064;38.22076115;0.7454077601;-0.2422078848;-0.1453858167;12
38.21486933;-0.5503492355;0.6460621357;4.93878603;38.22286303;0.7258600593;-0.2324340492;-0.146607548;12
38.21697126;-0.5120640397;0.679561615;4.862215519;38.22496495;0.705090642;-0.2251036763;-0.1490510106;12
38.21907318;-0.4785645306;0.7274180651;4.785645485;38.22706688;0.6855430007;-0.2177732885;-0.1502727419;12
38.22117511;-0.4737788737;0.7417750359;4.689932346;38.22916881;0.6623301506;-0.2067777216;-0.1490510106;12
38.22327699;-0.4833501875;0.7513462901;4.627718925;38.23127074;0.6391173005;-0.1970038861;-0.1478292793;12
38.22537891;-0.5024927258;0.7417750359;4.555934429;38.23337266;0.6171261668;-0.1847866029;-0.1441640854;12
38.22748084;-0.5551348329;0.7417750359;4.488935471;38.23547454;0.5951350331;-0.1689041108;-0.1392771751;12
38.22958277;-0.5982056856;0.7465606928;4.450650215;38.23757646;0.5743656158;-0.15424335;-0.1319467872;12
38.23168469;-0.6699903607;0.7226324677;4.393222332;38.23967839;0.5535961986;-0.1395826042;-0.123394683;12
38.23378662;-0.7417750359;0.732203722;4.383651257;38.24178032;0.5352702737;-0.1237001196;-0.1148425788;12
38.2358885;-0.8183453679;0.7465606928;4.388436794;38.24388225;0.5218312144;-0.1078176349;-0.1026252806;12
38.23799042;-0.8853443861;0.7513462901;4.417150497;38.24598417;0.5083922148;-0.09315688163;-0.09407317638;12
38.24009235;-0.9475577474;0.7800601721;4.479363918;38.2480861;0.4998401105;-0.07727439702;-0.08185587823;12
38.24219428;-0.9619147182;0.8087740541;4.555934429;38.25018798;0.4949531853;-0.06261363626;-0.07086031139;12
38.2442962;-0.9619147182;0.8470591903;4.661218643;38.25228995;0.4937314689;-0.04917461425;-0.05986474827;12
38.24639813;-0.9619147182;0.837487936;4.766502857;38.25439183;0.4961749315;-0.03573558852;-0.04886918142;12
38.24850006;-0.9475577474;0.8518448472;4.905286312;38.25649376;0.5022835732;-0.01618791744;-0.03787361458;12
38.25060193;-0.8949156404;0.8518448472;5.000999451;38.25859568;0.5071704984;-0.00152716192;-0.02809977904;12
38.25270391;-0.890130043;0.8566305041;5.106283665;38.26069761;0.5157225728;0.0131335929;-0.01954767294;12
38.25480579;-0.8757730722;0.866201818;5.230710506;38.26279954;0.5267181396;0.02657261863;-0.01099556591;12
38.25690771;-0.866201818;0.866201818;5.316852093;38.26490146;0.5340485573;0.03756818548;-0.004886918236;12
38.25900964;-0.8566305041;0.8853443861;5.359922886;38.26700334;0.5450441241;0.04489856213;0.0;12
38.26111157;-0.837487936;0.866201818;5.422136307;38.26910532;0.554817915;0.04734202102;0.002443459118;12
38.2632135;-0.7896314859;0.8709874153;5.474778175;38.27120719;0.5621483326;0.04367683083;0.004886918236;12
38.26531542;-0.708275497;0.8614161611;5.479563713;38.27330912;0.570700407;0.03268126398;0.003665188793;12
38.2674173;-0.6556333899;0.8231309652;5.503491879;38.27541105;0.5792525411;0.0131335929;0.006108647678;12
38.26951928;-0.5742774606;0.8087740541;5.522634506;38.27751298;0.5865828991;-0.008857538924;0.004886918236;12
38.27162115;-0.5359922647;0.7896314859;5.556134224;38.27961485;0.5914698243;-0.03817904741;0.002443459118;12
38.27372308;-0.5168496966;0.7704889178;5.575276852;38.28171678;0.6000219584;-0.06872228533;0.0;12
38.27582501;-0.5168496966;0.7465606928;5.580062389;38.2838187;0.6073523164;-0.1017089859;-0.002443459118;12
38.27792693;-0.5024927258;0.70348984;5.599205017;38.28592063;0.6159043908;-0.1334739476;-0.007330377586;12
38.28002881;-0.4689932466;0.6652047038;5.608776093;38.28802256;0.6232348084;-0.1676823795;-0.0134390248;12
38.28213074;-0.4211367965;0.5934200287;5.599205017;38.29012448;0.6305651665;-0.2043342739;-0.01954767294;12
38.28423266;-0.3732803464;0.5551348329;5.536991596;38.29222636;0.6378955245;-0.2385426909;-0.02932151034;12
38.28633459;-0.3349951804;0.5168496966;5.532206059;38.29432829;0.6452259421;-0.2690859437;-0.03787361458;12
38.28843652;-0.2775674164;0.4594219327;5.503491879;38.29643027;0.6501128674;-0.2910770774;-0.04886918142;12
38.29053844;-0.2392822653;0.4594219327;5.489135265;38.29853214;0.6598866582;-0.3081812859;-0.05986474827;12
38.29264032;-0.2297109663;0.4546363056;5.446064472;38.30063407;0.6659952998;-0.3228420317;-0.06719512492;12
38.29474225;-0.2009970993;0.4498506486;5.345565796;38.302736;0.670882225;-0.3350593448;-0.07696896046;12
38.29684422;-0.2009970993;0.4642075896;5.249852657;38.30483787;0.6745474339;-0.3423897028;-0.08307760954;12
38.2989461;-0.2249253243;0.4689932466;5.139782906;38.30693985;0.6757691503;-0.350941807;-0.08918625861;12
38.30104803;-0.2488535494;0.4594219327;5.034498692;38.30904172;0.6794343591;-0.3558287323;-0.09529490769;12
38.30314995;-0.2775674164;0.4594219327;4.91007185;38.31114365;0.6806560755;-0.3570504785;-0.09773836285;12
38.30525183;-0.2823530734;0.5072783828;4.804787636;38.31324558;0.6830995679;-0.3594939113;-0.09773836285;12
38.30735381;-0.2871387303;0.5407779217;4.718646049;38.31534751;0.6818777919;-0.3570504785;-0.09651663154;12
38.30945568;-0.3014956415;0.5312066078;4.622933388;38.31744938;0.6830995679;-0.350941807;-0.09529490769;12
38.31155761;-0.3062812984;0.5599204898;4.570291042;38.31955136;0.6830995679;-0.3423897028;-0.09162971377;12
38.31365954;-0.3302095234;0.5934200287;4.517649174;38.32165329;0.6818777919;-0.331394136;-0.08796452731;12
38.31576146;-0.3302095234;0.6125625968;4.465006828;38.32375516;0.6830995679;-0.3167333901;-0.08429934084;12
38.31786334;-0.3349951804;0.6221339107;4.383651257;38.32585709;0.6830995679;-0.3020726442;-0.08063415438;12
38.31996532;-0.3493520916;0.6221339107;4.331008911;38.32795902;0.6855430007;-0.2825249732;-0.07696896046;12
38.32206725;-0.3589234054;0.6317051649;4.302295208;38.33006094;0.6855430007;-0.2605338395;-0.07208204269;12
38.32416912;-0.3589234054;0.6173482537;4.259224415;38.33216282;0.6867647171;-0.2348775119;-0.07086031139;12
38.32627105;-0.3445664644;0.5838487148;4.211368084;38.33426475;0.6879864335;-0.2067777216;-0.06841685623;12
38.32837298;-0.3397808075;0.5503492355;4.163511276;38.33636673;0.6904299259;-0.173791036;-0.06597339362;12
38.3304749;-0.3445664644;0.5264210105;4.101297855;38.3384686;0.6904299259;-0.1395826042;-0.06597339362;12
38.33257678;-0.3445664644;0.5024927258;4.019941807;38.34057053;0.6928733587;-0.1017089859;-0.06475166976;12
38.3346787;-0.3445664644;0.4737788737;3.933800459;38.34267245;0.6965385675;-0.06139190868;-0.06352993846;12
38.33678068;-0.3589234054;0.4450650215;3.842873096;38.34477433;0.6965385675;-0.02229656465;-0.06230820715;12
38.33888256;-0.3828516304;0.4354937077;3.747160196;38.34687626;0.6940951347;0.02046396956;-0.05986474827;12
38.34098448;-0.4019941986;0.4259224236;3.665804386;38.34897824;0.6940951347;0.06322450191;-0.05864302069;12
38.34308641;-0.4354937077;0.4115654826;3.56530571;38.35108011;0.6892082095;0.09987638891;-0.0549778305;12
38.34518829;-0.4785645306;0.4211367965;3.455235958;38.35318204;0.6843212843;0.1377500147;-0.05009091273;12
38.34729021;-0.5120640397;0.4307080805;3.354737282;38.35528396;0.6745474339;0.169514969;-0.04642572254;12
38.34939219;-0.5264210105;0.4546363056;3.249453068;38.35738589;0.6611084342;0.2000582218;-0.04276053607;12
38.35149407;-0.5551348329;0.4929214716;3.125026464;38.35948777;0.6452259421;0.2244928032;-0.03787361458;12
38.353596;-0.5934200287;0.5216353536;3.00538516;38.36158969;0.6268999577;0.2452622056;-0.03298669681;12
38.35569792;-0.5982056856;0.5647061467;2.852244616;38.36369167;0.6036871076;0.2574795187;-0.0268780496;12
38.35779985;-0.6364908218;0.6077769399;2.737389088;38.36579355;0.5768090487;0.2696968019;-0.01954767294;12
38.35990172;-0.6460621357;0.650847733;2.569891453;38.36789548;0.5450441241;0.2770271897;-0.01466075517;12
38.36200365;-0.679561615;0.6604190469;2.459821701;38.3699974;0.51327914;0.2782489061;-0.008552107029;12
38.36410563;-0.679561615;0.6652047038;2.316252232;38.37209928;0.4754055142;0.2770271897;-0.002443459118;12
38.36620751;-0.6843472719;0.6556333899;2.191825628;38.3742012;0.4338667095;0.2721402645;0.003665188793;12
38.36830943;-0.6939185858;0.6747759581;2.0769701;38.37630313;0.3898844421;0.2635881603;0.009773836471;12
38.37041136;-0.6939185858;0.679561615;1.971685886;38.37840506;0.3459021747;0.2513708472;0.01588248461;12
38.37251324;-0.7226324677;0.6987041831;1.928615093;38.38050699;0.3006981909;0.2342666388;0.02199113183;12
38.37461516;-0.70348984;0.70348984;1.919043779;38.38260891;0.2542724609;0.2086103261;0.0268780496;12
38.37671709;-0.70348984;0.7417750359;1.928615093;38.38471084;0.2115119249;0.1792888194;0.03176496923;12
38.37881902;-0.6604190469;0.756131947;1.966900229;38.38681271;0.1687513888;0.142636925;0.03176496923;12
38.38092094;-0.6221339107;0.7657032609;2.043470621;38.38891464;0.127212584;0.1023198515;0.03298669681;12
38.38302287;-0.5455635786;0.7800601721;2.172683001;38.39101657;0.08933897316;0.05589412898;0.03054323979;12
38.3851248;-0.4689932466;0.7752745152;2.325823545;38.3931185;0.05146535859;0.008246674202;0.0268780496;12
38.38722667;-0.3589234054;0.7657032609;2.445464849;38.39522042;0.01847865991;-0.04428769648;0.02076940238;12
38.3893286;-0.2679961324;0.7513462901;2.589034081;38.39732235;-0.01450803876;-0.1017089859;0.01099556591;12
38.39143053;-0.1531406492;0.7417750359;2.699103832;38.39942428;-0.0426078178;-0.15424335;0.0;12
38.39353245;-0.03349951655;0.7226324677;2.809173822;38.4015262;-0.06948586553;-0.2104429156;-0.01466075517;12
38.39563438;0.09092725813;0.6891329288;2.919243574;38.40362808;-0.09392046183;-0.2641990185;-0.02932151034;12
38.39773631;0.1914258152;0.6556333899;3.067598581;38.40573001;-0.1171333194;-0.3155116439;-0.04642572254;12
38.39983824;0.2919243574;0.6364908218;3.187239647;38.40783193;-0.1391244531;-0.3619373739;-0.06475166976;12
38.40194016;0.3972085714;0.6364908218;3.330809116;38.40993386;-0.1586721241;-0.4059196413;-0.08429934084;12
38.40404204;0.4929214716;0.650847733;3.474378586;38.41203579;-0.1757763475;-0.443793267;-0.1038470119;12
38.40614396;0.5982056856;0.6460621357;3.617947817;38.41413771;-0.1904370934;-0.478001684;-0.1246164143;12
38.40824589;0.679561615;0.6699903607;3.775874138;38.41623959;-0.2050978541;-0.5097666383;-0.1453858167;12
38.41034782;0.784845829;0.679561615;3.905086517;38.41834157;-0.2148716897;-0.5354229808;-0.1673769504;12
38.41244975;0.837487936;0.6843472719;4.029513359;38.42044344;-0.2246455252;-0.5586358309;-0.1881463528;12
38.41455167;0.8709874153;0.6843472719;4.10608387;38.42254537;-0.2344193608;-0.5769617558;-0.2064722925;12
38.41665355;0.866201818;0.679561615;4.201796532;38.4246473;-0.2356410921;-0.5916225314;-0.2223547846;12
38.41875553;0.813559711;0.6652047038;4.307080746;38.42674922;-0.2380845547;-0.6026180983;-0.2382372618;12
38.4208574;0.760917604;0.6699903607;4.421936035;38.42885115;-0.2368628234;-0.6099484563;-0.250454545;12
38.42295933;0.6843472719;0.6699903607;4.541577339;38.43095303;-0.2356410921;-0.6123919487;-0.2626718581;12
38.42506126;0.6364908218;0.679561615;4.627718925;38.43305495;-0.2344193608;-0.6111702323;-0.2724456787;12
38.42716318;0.5934200287;0.708275497;4.680361271;38.43515688;-0.2295324355;-0.6075050235;-0.2809978127;12
38.42926511;0.5599204898;0.756131947;4.747360229;38.43725881;-0.2234237939;-0.597731173;-0.289549917;12
38.43136699;0.5024927258;0.8039883971;4.78085947;38.43936074;-0.2197586;-0.5855138898;-0.2956585586;12
38.43346891;0.4689932466;0.8853443861;4.79521656;38.44146261;-0.2148716897;-0.5696313977;-0.3005454838;12
38.43557084;0.4163511395;0.9475577474;4.800002098;38.44356459;-0.2099847645;-0.547640264;-0.3029889166;12
38.43767277;0.3684946895;1.004985452;4.78085947;38.44566652;-0.2002109289;-0.5244274139;-0.3042106628;12
38.43977469;0.2919243574;1.100698471;4.804787636;38.44776839;-0.1953240186;-0.497549355;-0.3017672002;12
38.44187657;0.1818545163;1.186840057;4.804787636;38.44987032;-0.1892153621;-0.4682278633;-0.296880275;12
38.44397855;0.05742774159;1.296909928;4.742574692;38.45197225;-0.1867718995;-0.4376846254;-0.2871064544;12
38.44608048;-0.04307080805;1.387837172;4.646861553;38.45407417;-0.1831067204;-0.3985892832;-0.2748891413;12
38.44818235;-0.1579262912;1.430907965;4.565505505;38.45617605;-0.1831067204;-0.3558287323;-0.2614501119;12
38.45028428;-0.2727817893;1.521835208;4.469792843;38.45827798;-0.1855501831;-0.3142899275;-0.246789366;12
38.4523862;-0.3780659735;1.593619823;4.374079704;38.4603799;-0.1867718995;-0.2703076601;-0.2284634262;12
38.45448813;-0.4642075896;1.636690736;4.273581028;38.46248183;-0.192880556;-0.2214384824;-0.2101374865;12
38.45659001;-0.5312066078;1.732403636;4.139583111;38.46458376;-0.2014326602;-0.177456215;-0.1918115467;12
38.45869193;-0.5934200287;1.828116536;4.053441525;38.46668568;-0.2124282271;-0.1298087686;-0.1722638607;12
38.46079386;-0.6173482537;1.919043779;3.972085476;38.46878761;-0.2258672565;-0.08460476995;-0.1576031148;12
38.46289579;-0.6604190469;1.995614052;3.905086517;38.47088954;-0.242971465;-0.03940077871;-0.1392771751;12
38.46499771;-0.6699903607;2.081755638;3.823730469;38.47299141;-0.2637408674;0.004581485875;-0.123394683;12
38.46709964;-0.650847733;2.139183521;3.775874138;38.47509334;-0.2845102847;0.04489856213;-0.109955661;12
38.46920157;-0.6412764788;2.182254314;3.680161238;38.47719527;-0.3077231348;0.08765909821;-0.09651663154;12
38.4713035;-0.6317051649;2.182254314;3.617947817;38.47929719;-0.3370446563;0.1304196268;-0.08429934084;12
38.47340537;-0.5886343718;2.187039852;3.555734396;38.48139907;-0.366366148;0.1719584316;-0.073303774;12
38.4755073;-0.5551348329;2.158325911;3.498306751;38.48350105;-0.4005745649;0.2098320574;-0.06230820715;12
38.47760922;-0.5503492355;2.153540373;3.488735437;38.48560292;-0.4347830117;0.2477056682;-0.05131264031;12
38.47971115;-0.5407779217;2.129612207;3.488735437;38.48770485;-0.4677697122;0.2806923687;-0.04276053607;12
38.48181303;-0.5312066078;2.086541414;3.541377544;38.48980678;-0.5044215918;0.3124573231;-0.03420842811;12
38.48391501;-0.5264210105;2.057827473;3.617947817;38.4919087;-0.5361865759;0.3405571282;-0.02932151034;12
38.48601688;-0.5120640397;2.000399828;3.723232031;38.49401063;-0.5716167092;0.3601047993;-0.02565632015;12
38.48811881;-0.5168496966;1.966900229;3.828516245;38.49611256;-0.6046034098;0.3711003661;-0.02321286127;12
38.49022074;-0.5264210105;1.909472466;3.991228104;38.49821443;-0.6327031851;0.3772090077;-0.02199113183;12
38.49232266;-0.5503492355;1.842473388;4.192225456;38.50031636;-0.6583595276;0.3735437989;-0.02199113183;12
38.49442459;-0.5742774606;1.765903115;4.407579422;38.50241829;-0.6815723777;0.3637699783;-0.02321286127;12
38.49652652;-0.5790630579;1.689332843;4.642076015;38.50452021;-0.6986765862;0.351552695;-0.02565632015;12
38.49862839;-0.5934200287;1.612762451;4.890929699;38.50662214;-0.7108938694;0.3258963525;-0.02809977904;12
38.50073032;-0.5934200287;1.540977836;5.14456892;38.50872407;-0.718224287;0.292909652;-0.03176496923;12
38.50283225;-0.6173482537;1.469193101;5.379065514;38.51082594;-0.7231112123;0.2562577724;-0.03298669681;12
38.50493417;-0.6029912829;1.383051515;5.675775528;38.51292792;-0.7231112123;0.2134972364;-0.03787361458;12
38.5070361;-0.5886343718;1.301695466;5.958128452;38.5150298;-0.7194460034;0.1682932526;-0.04031707719;12
38.50913803;-0.5647061467;1.253839016;6.183053493;38.51713173;-0.7145590782;0.1243109852;-0.04520399496;12
38.5112399;-0.5120640397;1.177268744;6.374479294;38.51923365;-0.7108938694;0.07422006875;-0.05375609919;12
38.51334188;-0.4642075896;1.11984098;6.532405853;38.52133558;-0.7060069442;0.02535088919;-0.06230820715;12
38.51544376;-0.4163511395;1.067198873;6.608976364;38.52343751;-0.7011200786;-0.02474002354;-0.0745255053;12
38.51754568;-0.3637090325;1.009771109;6.675975323;38.52553938;-0.6998983026;-0.08093958348;-0.08552107215;12
38.51964761;-0.2967100143;0.9571290612;6.699903488;38.52764136;-0.702341795;-0.1359174103;-0.1001818255;12
38.52174954;-0.2392822653;0.9188438654;6.723831654;38.52974324;-0.7084504366;-0.1945604384;-0.1148425788;12
38.52385146;-0.1962114573;0.8853443861;6.704689026;38.53184516;-0.7218894362;-0.2568686306;-0.1307250559;12
38.52595334;-0.1435693651;0.9044869542;6.68076086;38.53394709;-0.7365502119;-0.3203985691;-0.146607548;12
38.52805532;-0.1004985496;0.9284151793;6.61854744;38.53604902;-0.7585413456;-0.381485045;-0.1624900252;12
38.53015719;-0.02871387079;0.9475577474;6.561119556;38.53815094;-0.7854194045;-0.4450149834;-0.1783725172;12
38.53225912;0.04307080805;0.9858429432;6.47497797;38.54025287;-0.8135191798;-0.5024362803;-0.1954767257;12
38.53436105;0.1196411327;1.009771109;6.364908218;38.54235475;-0.8477275968;-0.5537489057;-0.2113592178;12
38.53646298;0.1722832322;1.043270707;6.273981094;38.54445667;-0.8868229389;-0.5989528894;-0.2284634262;12
38.5385649;0.2344966233;1.067198873;6.1399827;38.5465586;-0.9259182811;-0.6368265152;-0.243124187;12
38.54066683;0.2823530734;1.091127157;6.053841114;38.54866053;-0.9674571157;-0.6600393653;-0.2541197538;12
38.5427687;0.3158525825;1.115055323;5.919843197;38.55076245;-1.010217667;-0.6771436334;-0.2638935745;12
38.54487063;0.3206382394;1.115055323;5.828916073;38.55286438;-1.0590868;-0.6881392002;-0.2736674249;12
38.54697256;0.2871387303;1.105484009;5.78584528;38.55496626;-1.101847291;-0.6844739914;-0.2809978127;12
38.54907449;0.2344966233;1.124626637;5.742774487;38.55706818;-1.150716543;-0.6734784245;-0.2858847082;12
38.55117641;0.1531406492;1.11984098;5.77148819;38.55917011;-1.194698811;-0.6539307237;-0.2871064544;12
38.55327834;0.0765703246;1.129412293;5.814558983;38.56127204;-1.232572436;-0.6246092319;-0.2858847082;12
38.55538021;0.009571290575;1.110269666;5.891129494;38.56337396;-1.271667719;-0.5891790986;-0.2822195292;12
38.55748214;-0.08135596663;1.129412293;6.044270039;38.56547589;-1.302211046;-0.5451968312;-0.2773326039;12
38.55958407;-0.1866401732;1.158126116;6.230910301;38.56757777;-1.321758628;-0.493884176;-0.2663370371;12
38.561686;-0.2919243574;1.205982566;6.479763508;38.56967969;-1.341306329;-0.4327977002;-0.2516762912;12
38.56378792;-0.3876372576;1.220339537;6.714260101;38.57178162;-1.351080179;-0.3668242991;-0.2333503515;12
38.56588985;-0.4977070987;1.253839016;6.977470875;38.57388355;-1.354745388;-0.2959639728;-0.2125809491;12
38.56799173;-0.6221339107;1.296909928;7.240681171;38.57598548;-1.349858403;-0.2153298408;-0.1869246215;12
38.57009365;-0.7513462901;1.325623751;7.51346302;38.5780874;-1.336419463;-0.1298087686;-0.1612683088;12
38.57219558;-0.8949156404;1.330409408;7.805387497;38.58018933;-1.316871762;-0.0418442376;-0.1319467872;12
38.57429751;-1.033699393;1.339980721;8.126026154;38.5822912;-1.289993644;0.0485637486;-0.1038470119;12
38.57639943;-1.110269666;1.35912323;8.441878319;38.58439313;-1.261893868;0.1389717311;-0.07574722916;12
38.57850136;-1.162911773;1.387837172;8.781659126;38.58649506;-1.226463795;0.2306014597;-0.04642572254;12
38.58060329;-1.205982566;1.430907965;9.087940216;38.58859698;-1.186146736;0.3185659945;-0.01954767294;12
38.58270516;-1.201196909;1.459621787;9.389435768;38.59069891;-1.144607902;0.4053087831;0.008552107029;12
38.58480709;-1.196411371;1.483550072;9.676574707;38.59280079;-1.1055125;0.48594293;0.03543015569;12
38.58690902;-1.172483087;1.497906923;9.930213928;38.59490271;-1.062752008;0.5616901517;0.06108647957;12
38.58901094;-1.162911773;1.488335729;10.164711;38.59700464;-1.019991517;0.632550478;0.08429934084;12
38.59111287;-1.153340459;1.493121386;10.37527943;38.59910657;-0.9784526825;0.6960803866;0.1038470119;12
38.59321475;-1.153340459;1.469193101;10.56670475;38.6012085;-0.9369138479;0.7510582209;0.1209512278;12
38.59531667;-1.124626637;1.430907965;10.748559;38.60331042;-0.895375073;0.7974839807;0.1343902498;12
38.5974186;-1.076770186;1.421336651;10.89691448;38.60541235;-0.8562797308;0.8341358304;0.1429423541;12
38.59952053;-1.004985452;1.392622828;11.04526901;38.60751422;-0.8208495378;0.8573487401;0.1478292793;12
38.60162245;-0.9140582681;1.373480201;11.17926693;38.60961615;-0.7854194045;0.8707877398;0.1478292793;12
38.60372438;-0.784845829;1.330409408;11.25583744;38.61171813;-0.7548761368;0.8720094562;0.1417206228;12
38.60582631;-0.6843472719;1.31126678;11.30848026;38.61382001;-0.7304415703;0.8622356653;0.1307250559;12
38.60792818;-0.5694918036;1.316052437;11.28455162;38.61592193;-0.7084504366;0.8426879644;0.1185077652;12
38.61003011;-0.4402793646;1.306481123;11.2510519;38.61802386;-0.6937896609;0.8145881891;0.1026252806;12
38.61213209;-0.3589234054;1.277767301;11.16491032;38.62012579;-0.6815723777;0.7742711306;0.08552107215;12
38.61423396;-0.2919243574;1.253839016;11.07398319;38.62222771;-0.6779071689;0.7278453708;0.06719512492;12
38.61633589;-0.2297109663;1.239482164;10.95912743;38.62432959;-0.6840158105;0.6716458201;0.05009091273;12
38.61843782;-0.1914258152;1.253839016;10.83948612;38.62643152;-0.6950113773;0.6056724191;0.03176496923;12
38.62053975;-0.1866401732;1.268195987;10.66720295;38.62853344;-0.718224287;0.5348120928;0.0134390248;12
38.62264167;-0.1818545163;1.282552958;10.43749237;38.63063537;-0.7499892116;0.4578431547;-0.003665188793;12
38.62474355;-0.1818545163;1.325623751;10.20778179;38.6327373;-0.7915280461;0.3735437989;-0.02076940238;12
38.62684548;-0.1914258152;1.354337573;9.934999466;38.63483917;-0.8391754627;0.2868010104;-0.03543015569;12
38.6289474;-0.2009970993;1.368694544;9.671789169;38.63694115;-0.8929315805;0.1988364905;-0.05009091273;12
38.63104933;-0.2440679073;1.40697968;9.456435204;38.63904308;-0.9540180564;0.1120936871;-0.06352993846;12
38.63315126;-0.2488535494;1.445264935;9.265008926;38.64114495;-1.017547965;0.02901607752;-0.0745255053;12
38.63525313;-0.2919243574;1.473978758;9.140582085;38.64324688;-1.084743142;-0.05039634556;-0.08429934084;12
38.63735511;-0.3206382394;1.50269258;9.068798065;38.64534881;-1.149494767;-0.1261435747;-0.09529490769;12
38.63945704;-0.3254238665;1.512263894;9.016156197;38.64745068;-1.216689944;-0.1994473487;-0.1062904745;12
38.64155891;-0.2871387303;1.497906923;9.044869423;38.64955261;-1.276554704;-0.2641990185;-0.1172860414;12
38.64366084;-0.2249253243;1.469193101;9.064012527;38.65165454;-1.333975911;-0.3203985691;-0.1295033395;12
38.64576277;-0.1531406492;1.421336651;9.135796547;38.65375646;-1.387732029;-0.3692677617;-0.1429423541;12
38.64786464;-0.08135596663;1.363908887;9.2362957;38.65585839;-1.43049264;-0.4132500291;-0.1576031148;12
38.64996657;0.0239282269;1.31126678;9.418149948;38.65796032;-1.464701056;-0.451123625;-0.173485592;12
38.6520685;0.1004985496;1.258624673;9.638289452;38.66006225;-1.494022489;-0.4828886092;-0.1881463528;12
38.65417042;0.1627119333;1.1820544;9.915857315;38.66216417;-1.511126757;-0.5061014891;-0.2040288299;12
38.65627235;0.1866401732;1.124626637;10.24128056;38.66426605;-1.522122264;-0.5207622051;-0.2174678594;12
38.65837428;0.1866401732;1.062413216;10.53320503;38.66636798;-1.525787473;-0.532979548;-0.2272416949;12
38.6604762;0.1292124242;1.019342422;10.88255692;38.6684699;-1.517235398;-0.540309906;-0.2321286201;12
38.66257813;0.0239282269;0.9858429432;11.17926693;38.67057183;-1.503796339;-0.5390881896;-0.2345720828;12
38.66468001;-0.07178468257;0.9571290612;11.47119141;38.67267376;-1.483026981;-0.5280926228;-0.2333503515;12
38.66678193;-0.1531406492;0.9475577474;11.80140114;38.67477568;-1.454927206;-0.5061014891;-0.2247982323;12
38.66888386;-0.2440679073;0.9284151793;12.06939697;38.67687756;-1.423162222;-0.4694495797;-0.2113592178;12
38.67098579;-0.3589234054;0.9379864931;12.28475189;38.67897948;-1.391397238;-0.4205803871;-0.1942549944;12
38.67308771;-0.4689932466;0.94277215;12.4618206;38.68108141;-1.353523612;-0.3619373739;-0.1722638607;12
38.67518964;-0.5886343718;0.94277215;12.59581852;38.68318334;-1.311984777;-0.2959639728;-0.1453858167;12
38.67729152;-0.708275497;0.9667003751;12.73460197;38.68528527;-1.269224286;-0.2153298408;-0.1172860414;12
38.67939344;-0.8279166222;0.9906286001;12.887743;38.68738719;-1.222798586;-0.1322522312;-0.09162971377;12
38.68149537;-0.8949156404;1.028913736;13.01695538;38.68948912;-1.172707677;-0.04428769648;-0.06597339362;12
38.6835973;-0.9284151793;1.071984529;13.15095329;38.691591;-1.120173335;0.04489856213;-0.04276053607;12
38.68569922;-0.8853443861;1.124626637;13.24666595;38.69369292;-1.065195441;0.1365282834;-0.02321286127;12
38.68780115;-0.7944171429;1.162911773;13.30409431;38.69579485;-1.010217667;0.2244928032;-0.008552107029;12
38.68990308;-0.679561615;1.21555388;13.34237862;38.69789678;-0.9540180564;0.3100138903;0.003665188793;12
38.69200495;-0.5599204898;1.229910851;13.3902359;38.6999987;-0.8978185058;0.389426291;0.01221729536;12
38.69410688;-0.4259224236;1.258624673;13.4285202;38.70210063;-0.845284164;0.4529562294;0.01954767294;12
38.69620881;-0.3445664644;1.253839016;13.46680546;38.70420251;-0.7964149714;0.5079340935;0.0268780496;12
38.69831074;-0.3397808075;1.268195987;13.50987625;38.70630443;-0.7560978532;0.5506945848;0.03298669681;12
38.70041266;-0.3445664644;1.292124271;13.47637749;38.70840636;-0.7243329287;0.582459569;0.04031707719;12
38.70251459;-0.4211367965;1.344766378;13.37587833;38.71050829;-0.702341795;0.6020072699;0.05009091273;12
38.70461646;-0.5359922647;1.363908887;13.24666595;38.71261021;-0.6852375865;0.6117810607;0.05986474827;12
38.70671839;-0.6747759581;1.368694544;13.04088306;38.71471214;-0.6791289449;0.6044507027;0.07208204269;12
38.70882032;-0.813559711;1.35912323;12.8255291;38.71681402;-0.6803506613;0.5836812854;0.08552107215;12
38.71092225;-0.9571290612;1.325623751;12.6053896;38.71891594;-0.6864593029;0.5568032265;0.1001818255;12
38.71302417;-1.0863415;1.316052437;12.3996067;38.72101787;-0.7047852278;0.5201513767;0.1160643101;12
38.7151261;-1.172483087;1.316052437;12.20818138;38.7231198;-0.7231112123;0.4737256467;0.1295033395;12
38.71722798;-1.258624673;1.330409408;12.01196957;38.72522173;-0.7487674952;0.4248564541;0.1441640854;12
38.7193299;-1.31126678;1.354337573;11.84447193;38.72732365;-0.7817541957;0.3698786199;0.1563813835;12
38.72143183;-1.35912323;1.416550994;11.71525955;38.72942558;-0.809853971;0.3124573231;0.169820413;12
38.72353376;-1.402194023;1.450050473;11.61954689;38.73152751;-0.8428406715;0.2525925934;0.1820377111;12
38.72563568;-1.416550994;1.497906923;11.60040379;38.73362938;-0.8746056557;0.192727834;0.1942549944;12
38.72773761;-1.421336651;1.579262972;11.63868904;38.73573131;-0.9124792814;0.1389717311;0.2052505612;12
38.72983954;-1.426122308;1.651047587;11.65783215;38.73783324;-0.944244206;0.08277218044;0.2174678594;12
38.73194146;-1.402194023;1.660618901;11.6961174;38.73993516;-0.9772309065;0.02901607752;0.2272416949;12
38.73404334;-1.392622828;1.651047587;11.75354481;38.74203709;-1.005330682;-0.02107483521;0.2357937992;12
38.73614527;-1.35912323;1.631905079;11.83968639;38.74413896;-1.0322088;-0.07238747925;0.2419024557;12
38.73824719;-1.316052437;1.574477315;11.93539906;38.74624094;-1.054199934;-0.1237001196;0.246789366;12
38.74034912;-1.253839016;1.512263894;12.06461143;38.74834282;-1.072525859;-0.1750127524;0.2480110973;12
38.74245105;-1.13419795;1.459621787;12.22732353;38.75044475;-1.083521366;-0.2226602137;0.2480110973;12
38.74455292;-1.028913736;1.40697968;12.40917778;38.75254667;-1.09207356;-0.2690859437;0.2455676347;12
38.7466549;-0.890130043;1.335195065;12.61496067;38.75464855;-1.098182201;-0.3106247485;0.2419024557;12
38.74875678;-0.7992027402;1.253839016;12.81595802;38.75675053;-1.09207356;-0.350941807;0.2333503515;12
38.7508587;-0.6891329288;1.162911773;12.97388458;38.7588524;-1.085964918;-0.3839285076;0.2284634262;12
38.75296063;-0.6125625968;1.091127157;13.12702465;38.76095433;-1.071304083;-0.4095848203;0.2186895907;12
38.75506251;-0.4929214716;1.009771109;13.31366539;38.76305626;-1.052978158;-0.4218021333;0.2101374865;12
38.75716449;-0.3828516304;0.9475577474;13.50030518;38.76515818;-1.029765248;-0.4242455959;0.1991419196;12
38.75926636;-0.2392822653;0.8805587292;13.64387512;38.76726011;-1.001665473;-0.4181369543;0.1893680841;12
38.76136829;-0.08614161611;0.8709874153;13.73001671;38.76936198;-0.9723440409;-0.4022544622;0.1783725172;12
38.76347021;0.06221338734;0.8279166222;13.81137276;38.77146396;-0.9418007731;-0.3802633286;0.1661552191;12
38.76557214;0.1579262912;0.8422735929;13.85922909;38.77356584;-0.9075923562;-0.3497200906;0.1563813835;12
38.76767407;0.2488535494;0.8422735929;13.89272785;38.77566777;-0.8721621633;-0.3155116439;0.1441640854;12
38.76977594;0.2919243574;0.8757730722;13.89272785;38.77776969;-0.8391754627;-0.2751945853;0.1368337125;12
38.77187792;0.3206382394;0.9044869542;13.8735857;38.77987162;-0.8049670458;-0.2324340492;0.1282816082;12
38.7739798;0.3541377485;0.9571290612;13.82572937;38.78197355;-0.7732021213;-0.1847866029;0.1209512278;12
38.77608173;0.3589234054;1.033699393;13.74915886;38.78407542;-0.7463240623;-0.1383608729;0.1160643101;12
38.77818365;0.3589234054;1.110269666;13.67258835;38.78617735;-0.7194460034;-0.09437860548;0.1136208475;12
38.78028558;0.3254238665;1.191625714;13.52423382;38.78827928;-0.6962331533;-0.04917461425;0.1136208475;12
38.78238751;0.2727817893;1.26341033;13.36630726;38.7903812;-0.6815723777;-0.002748891478;0.1185077652;12
38.78448938;0.1627119333;1.316052437;13.20359516;38.79248313;-0.6693550944;0.04001164436;0.1282816082;12
38.78659131;0.06699903309;1.387837172;13.0456686;38.79458506;-0.6620246768;0.08399390429;0.1392771751;12
38.78869324;-0.1100698411;1.450050473;12.90209961;38.79668698;-0.6608029604;0.1230892539;0.1551596522;12
38.79079516;-0.2871387303;1.493121386;12.74417305;38.79878891;-0.6632464528;0.1536324918;0.1722638607;12
38.79289709;-0.4498506486;1.540977836;12.6053896;38.80089079;-0.6693550944;0.1768453568;0.1918115467;12
38.79499902;-0.6173482537;1.59840548;12.46660614;38.80299271;-0.6766854525;0.1939495653;0.2101374865;12
38.79710094;-0.760917604;1.622333765;12.3421793;38.80509464;-0.6876810193;0.2012799382;0.2309068888;12
38.79920287;-0.8949156404;1.641476393;12.26560879;38.80719657;-0.6974548697;0.2037234008;0.2516762912;12
38.80130475;-0.9762716293;1.665404558;12.20818138;38.80929844;-0.7072287202;0.1988364905;0.2724456787;12
38.80340667;-1.033699393;1.660618901;12.21775246;38.81140037;-0.7194460034;0.189062655;0.2907716334;12
38.8055086;-1.076770186;1.674975872;12.1794672;38.8135023;-0.7292198539;0.1744018942;0.3078758419;12
38.80761053;-1.105484009;1.636690736;12.1794672;38.81560422;-0.7341067195;0.1572976857;0.3237583339;12
38.8097124;-1.105484009;1.588834286;12.18903828;38.81770615;-0.7414371371;0.1328630894;0.3384190798;12
38.81181433;-1.052842021;1.531406522;12.26560879;38.81980808;-0.7463240623;0.1096502244;0.3518581092;12
38.81391626;-0.9954141974;1.483550072;12.35653591;38.82191001;-0.7487674952;0.08155044913;0.3652971387;12
38.81601818;-0.9236295223;1.426122308;12.43789196;38.82401193;-0.7548761368;0.05467239767;0.3787361681;12
38.81812011;-0.8470591903;1.387837172;12.47617722;38.82611381;-0.7585413456;0.03023780696;0.3909534514;12
38.82022204;-0.7704889178;1.330409408;12.5048914;38.82821574;-0.7585413456;0.008246674202;0.4031707644;12
38.82232396;-0.7226324677;1.272981644;12.58624744;38.83031766;-0.7609847784;-0.0100792693;0.4129445851;12
38.82442589;-0.6652047038;1.172483087;12.64367485;38.83241959;-0.7609847784;-0.02229656465;0.4227184355;12
38.82652777;-0.5599204898;1.0863415;12.76810169;38.83452152;-0.7560978532;-0.02840521187;0.4276053309;12
38.82862969;-0.4211367965;0.9954141974;12.85424328;38.83662344;-0.7499892116;-0.03329212964;0.4300487936;12
38.83073162;-0.2727817893;0.9379864931;12.96909904;38.83872532;-0.7365502119;-0.03573558852;0.4300487936;12
38.83283355;-0.1292124242;0.8566305041;13.16530991;38.84082725;-0.7194460034;-0.03940077871;0.4251618981;12
38.83493548;0.05742774159;0.7657032609;13.35673618;38.84292917;-0.6986765862;-0.03451386094;0.4166097939;12
38.8370374;0.2249253243;0.6604190469;13.52901936;38.8450311;-0.668133378;-0.03207040206;0.4031707644;12
38.83913928;0.3972085714;0.5599204898;13.7539444;38.84713303;-0.6351466775;-0.02474002354;0.3885099888;12
38.8412412;0.5264210105;0.4498506486;13.93579865;38.84923495;-0.5972730517;-0.01252272818;0.3689623177;12
38.84334313;0.6556333899;0.3302095234;14.10329628;38.85133688;-0.559399426;0.0009162971983;0.3494146466;12
38.84544506;0.7657032609;0.2201396823;14.23729515;38.85343876;-0.516638875;0.01069013402;0.3286452591;12
38.84754698;0.8470591903;0.1244267747;14.40479279;38.85554068;-0.4738783538;0.021685699;0.3066541255;12
38.84964891;0.9523434043;0.04307080805;14.50529099;38.85764261;-0.4311178327;0.02412915789;0.2846629918;12
38.85175084;0.9954141974;-0.0239282269;14.59143257;38.85974454;-0.3871355653;0.02535088919;0.2651153207;12
38.85385271;1.019342422;-0.08135596663;14.6392889;38.86184646;-0.3480401933;0.02535088919;0.243124187;12
38.85595464;1.052842021;-0.1148554832;14.72064495;38.86394834;-0.3113883138;0.02535088919;0.2223547846;12
38.85805657;1.067198873;-0.1579262912;14.70628834;38.86605027;-0.2796233594;0.02535088919;0.2015853822;12
38.8601585;1.03848505;-0.1579262912;14.64407444;38.86815225;-0.2503018379;0.01924224012;0.1844811589;12
38.86226042;1.009771109;-0.1722832322;14.50050545;38.87025412;-0.2270889878;0.01557705179;0.1685986817;12
38.8643623;0.9667003751;-0.1579262912;14.32822227;38.87235605;-0.2063195854;0.004581485875;0.1527161896;12
38.86646422;0.9379864931;-0.1148554832;14.18943787;38.87445798;-0.1916588247;-0.0100792693;0.1392771751;12
38.8685662;0.9284151793;-0.07178468257;14.03151226;38.8765599;-0.1782197952;-0.0235182941;0.1270598769;12
38.87066808;0.890130043;-0.009571290575;13.88794231;38.87866183;-0.1684459597;-0.03940077871;0.1185077652;12
38.87277001;0.866201818;0.04307080805;13.69651699;38.8807637;-0.1598938555;-0.05283980444;0.1087339297;12
38.87487193;0.8470591903;0.07178468257;13.51944828;38.88286563;-0.1586721241;-0.06994401664;0.1001818255;12
38.87697386;0.8279166222;0.1100698411;13.34716511;38.88496756;-0.1562286615;-0.08216131479;0.09040798992;12
38.87907579;0.7896314859;0.1531406492;13.19402409;38.88706949;-0.1574503928;-0.09437860548;0.08185587823;12
38.88117766;0.7896314859;0.2201396823;13.0073843;38.88917141;-0.1635590494;-0.1053741723;0.06963858753;12
38.88327959;0.7992027402;0.2584248483;12.8446722;38.89127334;-0.1684459597;-0.1151480079;0.05619955808;12
38.88538152;0.837487936;0.2775674164;12.66760349;38.89337521;-0.1733328849;-0.1224783882;0.04153880477;12
38.88748344;0.8997012973;0.2919243574;12.48096275;38.89547714;-0.1794415265;-0.1285870373;0.02565632015;12
38.88958537;0.9858429432;0.3062812984;12.31346512;38.89757907;-0.1916588247;-0.1334739476;0.01099556591;12
38.8916873;1.004985452;0.3158525825;12.17468166;38.899681;-0.2026543915;-0.1371391416;-0.001221729559;12
38.89378917;1.028913736;0.3302095234;12.07418346;38.90178292;-0.2136499584;-0.1371391416;-0.01221729536;12
38.8958911;1.004985452;0.3445664644;11.93539906;38.90388485;-0.2246455252;-0.1371391416;-0.02076940238;12
38.89799303;0.9667003751;0.3445664644;11.80140114;38.90598678;-0.2380845547;-0.1359174103;-0.0268780496;12
38.90009495;0.8709874153;0.3493520916;11.70090294;38.90808865;-0.2490801066;-0.1285870373;-0.03054323979;12
38.90219688;0.7704889178;0.3637090325;11.60519028;38.91019058;-0.2576322258;-0.1188132018;-0.0268780496;12
38.90429881;0.6604190469;0.3876372576;11.54776192;38.91229251;-0.2674060464;-0.1029307172;-0.02443459071;12
38.90640074;0.5264210105;0.4163511395;11.49990559;38.91439443;-0.2722929716;-0.08338304609;-0.02199113183;12
38.90850261;0.4211367965;0.4450650215;11.48554897;38.91649631;-0.2747364342;-0.06627883017;-0.0183259435;12
38.91060454;0.3158525825;0.4833501875;11.49033451;38.91859829;-0.2771798968;-0.04673115537;-0.01466075517;12
38.91270646;0.2153540403;0.5168496966;11.51904774;38.92070016;-0.2747364342;-0.02596175298;-0.01466075517;12
38.91480839;0.1244267747;0.5407779217;11.55254745;38.92280209;-0.2710712552;-0.003970621154;-0.0134390248;12
38.91691027;0.07178468257;0.5790630579;11.60997581;38.92490402;-0.2612974048;0.01924224012;-0.01099556591;12
38.91901225;0.04307080805;0.6317051649;11.63868904;38.92700594;-0.2539670467;0.04001164436;-0.007330377586;12
38.92111412;0.0239282269;0.650847733;11.6769743;38.92910787;-0.2441931963;0.05833758786;0.002443459118;12
38.92321605;-0.0239282269;0.6652047038;11.73918819;38.9312098;-0.2295324355;0.07788526267;0.01466075517;12
38.92531798;-0.09092725813;0.6604190469;11.81575775;38.93331172;-0.2197586;0.09498947114;0.02809977904;12
38.9274199;-0.2201396823;0.6604190469;11.8588295;38.9354136;-0.2063195854;0.1157588735;0.04642572254;12
38.92952183;-0.3637090325;0.6460621357;11.87797165;38.93751553;-0.1904370934;0.1304196268;0.06597339362;12
38.93162376;-0.4929214716;0.6412764788;11.87318611;38.93961745;-0.1794415265;0.142636925;0.08307760954;12
38.93372568;-0.6029912829;0.6412764788;11.86361504;38.94171938;-0.1647807807;0.1524107605;0.09896009415;12
38.93582756;-0.6604190469;0.6412764788;11.81097221;38.94382131;-0.1501200199;0.1572976857;0.1136208475;12
38.93792949;-0.650847733;0.6317051649;11.82054424;38.94592318;-0.142789647;0.1572976857;0.1246164143;12
38.94003141;-0.5838487148;0.6173482537;11.81575775;38.94802511;-0.1330158114;0.1536324918;0.1343902498;12
38.94213334;-0.4977070987;0.6412764788;11.82054424;38.95012704;-0.1244636998;0.1524107605;0.1429423541;12
38.94423527;-0.4019941986;0.6604190469;11.77747345;38.95222896;-0.1183550507;0.1450803876;0.1490510106;12
38.94633714;-0.3158525825;0.6604190469;11.75833035;38.95433089;-0.1146898642;0.1353065521;0.1539379209;12
38.94843907;-0.2679961324;0.6317051649;11.75833035;38.95643282;-0.1098029464;0.1255327165;0.1600465775;12
38.950541;-0.2344966233;0.5886343718;11.77747345;38.95853469;-0.1085812151;0.1157588735;0.1637117565;12
38.95264292;-0.2153540403;0.5120640397;11.81575775;38.96063667;-0.1024725661;0.1023198515;0.1649334878;12
38.95474485;-0.1674975902;0.4402793646;11.88754272;38.96273855;-0.0975856483;0.09132428467;0.1637117565;12
38.95684678;-0.1052841991;0.3158525825;11.9593277;38.96484048;-0.09025526792;0.07788526267;0.1588248461;12
38.95894865;-0.0239282269;0.2057827413;12.05025482;38.9669424;-0.08170316368;0.05833758786;0.1527161896;12
38.96105063;0.05742774159;0.08614161611;12.12682533;38.96904433;-0.06948586553;0.04001164436;0.1417206228;12
38.96315251;0.1627119333;-0.04307080805;12.2416811;38.97114626;-0.05726857483;0.01557705179;0.1282816082;12
38.96525443;0.2775674164;-0.1387837082;12.32782269;38.97324813;-0.04138609022;-0.008857538924;0.1111773923;12
38.96735636;0.3589234054;-0.2584248483;12.43310642;38.97535006;-0.02550360374;-0.03695731983;0.09162971377;12
38.96945829;0.4594219327;-0.3349951804;12.51446247;38.97745198;-0.008399390616;-0.06505709887;0.07086031139;12
38.97156021;0.5407779217;-0.4163511395;12.5623188;38.97955391;0.01114828233;-0.09315688163;0.04886918142;12
38.97366209;0.6173482537;-0.4737788737;12.6053896;38.98165584;0.03191768378;-0.1175914705;0.0268780496;12
38.97576402;0.6939185858;-0.5024927258;12.61974621;38.98375771;0.05635227636;-0.1346956789;0.004886918236;12
38.97786594;0.7513462901;-0.5359922647;12.60060406;38.98585964;0.07712167501;-0.1517999023;-0.01466075517;12
38.97996787;0.784845829;-0.5407779217;12.59581852;38.98796157;0.0978910774;-0.1640172005;-0.03298669681;12
38.9820698;0.7800601721;-0.5120640397;12.55753326;38.9900635;0.1186604798;-0.1750127524;-0.04886918142;12
38.98417167;0.7800601721;-0.4785645306;12.4618206;38.99216542;0.1394298822;-0.177456215;-0.06352993846;12
38.9862736;0.732203722;-0.4546363056;12.39003563;38.99426735;0.1553123742;-0.1786779463;-0.07696896046;12
38.98837553;0.70348984;-0.4450650215;12.29910851;38.99636928;0.1724165827;-0.1725693047;-0.08918625861;12
38.99047745;0.6891329288;-0.4307080805;12.16032505;38.99847115;0.1895207912;-0.1652389169;-0.09773836285;12
38.99257938;0.6652047038;-0.4307080805;12.02632618;39.00057308;0.2029598206;-0.1579085439;-0.1062904745;12
38.99468131;0.6412764788;-0.4211367965;11.8588295;39.00267501;0.2163988501;-0.1517999023;-0.1123991162;12
38.99678324;0.6412764788;-0.4163511395;11.70568848;39.00477693;0.2286161482;-0.1420260668;-0.1209512278;12
38.99888511;0.6173482537;-0.3684946895;11.5334053;39.00687886;0.2383899838;-0.1261435747;-0.1258381456;12
39.00098704;0.6460621357;-0.3349951804;11.38504982;39.00898079;0.2481638193;-0.1053741723;-0.1319467872;12
39.00308896;0.6125625968;-0.2871387303;11.20319557;39.01108271;0.2554942071;-0.08216131479;-0.1356119812;12
39.00519089;0.5742774606;-0.2392822653;11.05005455;39.01318459;0.2616028488;-0.05894844979;-0.1404989064;12
39.00729282;0.5168496966;-0.2201396823;10.90648556;39.01528652;0.2677114904;-0.03695731983;-0.1429423541;12
39.00939475;0.4642075896;-0.1627119333;10.79162979;39.01738844;0.2713766694;-0.01740964688;-0.1429423541;12
39.01149667;0.3972085714;-0.1100698411;10.65284634;39.01949037;0.2750418782;0.0009162971983;-0.1417206228;12
39.01359855;0.3397808075;-0.05742774159;10.52363396;39.0215923;0.2725984156;0.01802051067;-0.1392771751;12
39.01570048;0.2919243574;-0.0143569354;10.3848505;39.02369422;0.2713766694;0.03390299529;-0.1356119812;12
39.0178024;0.2057827413;0.0382851623;10.22692394;39.0257961;0.266489774;0.05100720748;-0.1295033395;12
39.01990433;0.1387837082;0.06221338734;10.07378292;39.02789803;0.25793764;0.06566796452;-0.1221729591;12
39.02200626;0.07178468257;0.08135596663;9.920642853;39.02999995;0.2506072819;0.08155044913;-0.1136208475;12
39.02410818;-0.04307080805;0.1387837082;9.767501831;39.03210188;0.2432768941;0.08888082206;-0.1038470119;12
39.02621006;-0.1052841991;0.1579262912;9.619147301;39.03420381;0.2298378795;0.09865466505;-0.09407317638;12
39.02831198;-0.1627119333;0.1914258152;9.475577354;39.03630568;0.2176205814;0.105985038;-0.08185587823;12
39.03041391;-0.2297109663;0.2153540403;9.327222824;39.03840766;0.2017380893;0.1157588735;-0.07086031139;12
39.03251584;-0.2679961324;0.2488535494;9.226723671;39.04050954;0.1821904182;0.1206457913;-0.06108647957;12
39.03461777;-0.3349951804;0.2775674164;9.111868858;39.04261152;0.1638644785;0.1169806048;-0.05131264031;12
39.03671964;-0.3924229145;0.3062812984;9.006584167;39.04471339;0.1443168074;0.1194240674;-0.04153880477;12
39.03882162;-0.4211367965;0.3349951804;8.882157326;39.04681532;0.1223256737;0.1206457913;-0.03054323979;12
39.0409235;-0.4402793646;0.3637090325;8.776873589;39.04891725;0.09666935354;0.1218675226;-0.02076940238;12
39.04302548;-0.4642075896;0.3924229145;8.681160927;39.05101912;0.07589995116;0.1218675226;-0.006108647678;12
39.04512735;-0.5024927258;0.4259224236;8.638090134;39.0531211;0.05024362728;0.1145371497;0.01099556591;12
39.04722928;-0.5551348329;0.4354937077;8.609375954;39.05522298;0.02580903657;0.1084285006;0.02809977904;12
39.0493312;-0.626919508;0.4498506486;8.599804878;39.0573249;0.0001527161949;0.1023198515;0.04642572254;12
39.05143308;-0.6843472719;0.4642075896;8.595019341;39.05942683;-0.02183841541;0.09254601598;0.06230820715;12
39.05353506;-0.7274180651;0.4881358147;8.609375954;39.06152876;-0.04505127668;0.08277218044;0.07941242307;12
39.05563693;-0.7657032609;0.4689932466;8.638090134;39.06363068;-0.06337722391;0.07177661359;0.09285144508;12
39.05773886;-0.732203722;0.4546363056;8.690732002;39.06573256;-0.08170316368;0.05955931544;0.1026252806;12
39.05984079;-0.6939185858;0.4211367965;8.781659126;39.06783449;-0.09514218569;0.04367683083;0.1087339297;12
39.06194271;-0.6221339107;0.3780659735;8.906085968;39.06993641;-0.1049160287;0.02535088919;0.1123991162;12
39.06404464;-0.5407779217;0.3206382394;9.054440498;39.07203834;-0.1134681329;0.01191186346;0.1111773923;12
39.06614652;-0.4259224236;0.2584248483;9.17886734;39.07414027;-0.1183550507;-0.003970621154;0.1087339297;12
39.06824844;-0.3158525825;0.1627119333;9.341579437;39.07624219;-0.119576782;-0.01863137633;0.1026252806;12
39.07035037;-0.2201396823;0.06699903309;9.451649666;39.07834412;-0.1183550507;-0.03329212964;0.09651663154;12
39.0724523;-0.1483550072;-0.0239282269;9.614361763;39.080446;-0.1146898642;-0.04673115537;0.09162971377;12
39.07455422;-0.1196411327;-0.1292124242;9.767501831;39.08254792;-0.1098029464;-0.06383536756;0.08552107215;12
39.07665615;-0.09571290761;-0.2297109663;9.901499748;39.08464985;-0.1012508348;-0.07605266571;0.07941242307;12
39.07875808;-0.08614161611;-0.3254238665;10.04506969;39.08675178;-0.09392046183;-0.08949168772;0.0745255053;12
39.08085995;-0.08135596663;-0.3924229145;10.14078236;39.0888537;-0.08659008145;-0.1004872546;0.06841685623;12
39.08296188;-0.1004985496;-0.4594219327;10.22692394;39.09095558;-0.07315105945;-0.1102610901;0.06475166976;12
39.08506381;-0.1148554832;-0.5359922647;10.32742214;39.09305751;-0.0621554926;-0.1175914705;0.06108647957;12
39.08716574;-0.1148554832;-0.5790630579;10.40399265;39.09515943;-0.04749473557;-0.1237001196;0.05742128938;12
39.08926766;-0.1244267747;-0.6173482537;10.45663452;39.09726136;-0.03405570984;-0.1285870373;0.0549778305;12
39.09136954;-0.1244267747;-0.6364908218;10.49970531;39.09936329;-0.01695149764;-0.1298087686;0.05009091273;12
39.09347146;-0.1292124242;-0.650847733;10.51884842;39.10146521;-0.00351247238;-0.1334739476;0.04642572254;12
39.09557339;-0.09571290761;-0.6556333899;10.53320503;39.10356714;0.01237001177;-0.1322522312;0.04153880477;12
39.09767532;-0.09092725813;-0.6556333899;10.53799057;39.10566907;0.02458730713;-0.1310304999;0.03909534588;12
39.09977725;-0.0765703246;-0.6556333899;10.50927734;39.10777094;0.03924806044;-0.1298087686;0.03543015569;12
39.10187917;-0.02871387079;-0.6412764788;10.43749237;39.10987287;0.05024362728;-0.1249218509;0.03176496923;12
39.1039811;-0.004785645287;-0.6221339107;10.35613632;39.1119748;0.06246092543;-0.1200349256;0.02932151034;12
39.10608303;0.0;-0.6125625968;10.26999474;39.11407673;0.06856957078;-0.1114828214;0.0268780496;12
39.1081849;0.01914258115;-0.6077769399;10.15992451;39.11617865;0.07345648855;-0.1004872546;0.02565632015;12
39.11028683;0.03349951655;-0.5790630579;10.03071213;39.11828053;0.07712167501;-0.09315688163;0.02443459071;12
39.11238876;0.05264209956;-0.5264210105;9.901499748;39.12038245;0.07589995116;-0.07849612087;0.02321286127;12
39.11449068;0.1004985496;-0.4881358147;9.767501831;39.12248438;0.06979130208;-0.06627883017;0.02443459071;12
39.11659261;0.1196411327;-0.4354937077;9.619147301;39.12458631;0.06612611562;-0.05283980444;0.02321286127;12
39.11869448;0.1339980662;-0.3924229145;9.456435204;39.12668824;0.05513054505;-0.03940077871;0.02443459071;12
39.12079641;0.1483550072;-0.3254238665;9.341579437;39.12879011;0.04413498193;-0.02962694131;0.02565632015;12
39.12289834;0.1339980662;-0.2823530734;9.20758152;39.13089204;0.03069595434;-0.02229656465;0.0268780496;12
39.12500027;0.1292124242;-0.2392822653;9.068798065;39.13299396;0.01481347065;-0.01374445762;0.02809977904;12
39.12710219;0.1196411327;-0.2153540403;8.97308445;39.13509589;0.0001527161949;-0.01130099874;0.02932151034;12
39.12920407;0.1100698411;-0.2105683982;8.886942863;39.13719782;-0.0157297682;-0.006414080039;0.03054323979;12
39.131306;0.0765703246;-0.2153540403;8.853444099;39.13929975;-0.03161225095;-0.003970621154;0.03298669681;12
39.13340792;0.05742774159;-0.2105683982;8.815158844;39.14140167;-0.0438295491;-0.00152716192;0.03420842811;12
39.13550985;0.0239282269;-0.2153540403;8.791230202;39.1435036;-0.05604684353;-0.0003054323897;0.036651887;12
39.13761178;-0.004785645287;-0.2249253243;8.819944382;39.14560548;-0.06704241037;-0.002748891478;0.03787361458;12
39.1397137;-0.01914258115;-0.2057827413;8.834300995;39.1477074;-0.07925970852;-0.006414080039;0.03909534588;12
39.14181563;-0.05264209956;-0.1914258152;8.882157326;39.14980933;-0.08903354406;-0.01130099874;0.04276053607;12
39.14391756;-0.07178468257;-0.1770688742;8.953942299;39.15191126;-0.0988073796;-0.01863137633;0.04520399496;12
39.14601943;-0.0765703246;-0.1579262912;9.025727272;39.15401318;-0.1085812151;-0.02596175298;0.04642572254;12
39.14812136;-0.09092725813;-0.1387837082;9.044869423;39.15611511;-0.1183550507;-0.03329212964;0.04886918142;12
39.15022329;-0.08614161611;-0.1435693651;9.135796547;39.15821698;-0.1256854236;-0.0418442376;0.04886918142;12
39.15232521;-0.09571290761;-0.1100698411;9.193224907;39.16031891;-0.1354592592;-0.04428769648;0.05131264031;12
39.15442714;-0.09571290761;-0.1148554832;9.241081238;39.16242089;-0.1440113783;-0.04795288667;0.05131264031;12
39.15652907;-0.1004985496;-0.1148554832;9.288937569;39.16452277;-0.1513417512;-0.04917461425;0.0549778305;12
39.15863094;-0.1004985496;-0.1196411327;9.327222824;39.16662469;-0.1574503928;-0.04917461425;0.05742128938;12
39.16073287;-0.1004985496;-0.1435693651;9.355937004;39.16872662;-0.1635590494;-0.04795288667;0.05986474827;12
39.16283485;-0.0765703246;-0.1483550072;9.360722542;39.17082855;-0.1708894223;-0.04428769648;0.06352993846;12
39.16493673;-0.07178468257;-0.1531406492;9.399007797;39.17293042;-0.1769980639;-0.04062250629;0.06597339362;12
39.16703865;-0.05742774159;-0.1674975902;9.489934921;39.17503235;-0.1818849891;-0.03451386094;0.07086031139;12
39.16914058;-0.04307080805;-0.1722832322;9.595218658;39.17713428;-0.1843284518;-0.02718348242;0.073303774;12
39.17124251;-0.02871387079;-0.1866401732;9.69093132;39.1792362;-0.1843284518;-0.02107483521;0.0745255053;12
39.17334438;-0.0143569354;-0.1818545163;9.863214493;39.18133813;-0.1818849891;-0.01985310577;0.0745255053;12
39.17544631;0.03349951655;-0.2057827413;10.04506969;39.18344001;-0.1769980639;-0.01740964688;0.07208204269;12
39.17754824;0.0765703246;-0.2297109663;10.2221384;39.18554193;-0.1660024971;-0.01985310577;0.06597339362;12
39.17965016;0.1196411327;-0.2536391914;10.40877819;39.18764386;-0.1562286615;-0.02229656465;0.05742128938;12
39.18175209;0.1770688742;-0.2871387303;10.62413216;39.18974579;-0.142789647;-0.02962694131;0.04886918142;12
39.18385396;0.2297109663;-0.3254238665;10.8107729;39.19184771;-0.1281288862;-0.03817904741;0.03787361458;12
39.18595589;0.2919243574;-0.3876372576;10.99741268;39.19394964;-0.1122464016;-0.04550942779;0.02565632015;12
39.18805782;0.3254238665;-0.4354937077;11.16969585;39.19605157;-0.0975856483;-0.05161807314;0.01466075517;12
39.19015975;0.3637090325;-0.4594219327;11.30369377;39.1981535;-0.08048143238;-0.0601701811;0.003665188793;12
39.19226167;0.3828516304;-0.5024927258;11.42333508;39.20025537;-0.06704241037;-0.06872228533;-0.006108647678;12
39.1943636;0.4019941986;-0.5216353536;11.51904774;39.2023573;-0.05360338464;-0.0736092031;-0.01710421406;12
39.19646553;0.4163511395;-0.5359922647;11.58604717;39.20445922;-0.04138609022;-0.07483093441;-0.02443459071;12
39.19856745;0.4163511395;-0.5264210105;11.68175983;39.20656115;-0.02794706449;-0.07483093441;-0.03420842811;12
39.20066933;0.4067798555;-0.5024927258;11.74397373;39.20866303;-0.0157297682;-0.07238747925;-0.04153880477;12
39.20277126;0.4307080805;-0.4785645306;11.80618668;39.21076501;-0.005955931731;-0.06872228533;-0.04886918142;12
39.20487318;0.4354937077;-0.4211367965;11.83490086;39.21286688;0.005039634649;-0.06505709887;-0.05619955808;12
39.20697511;0.4594219327;-0.3589234054;11.86840057;39.21496881;0.01114828233;-0.06139190868;-0.06352993846;12
39.20907698;0.4929214716;-0.2823530734;11.89232826;39.21707074;0.01970038936;-0.05528326333;-0.06963858753;12
39.21117896;0.4833501875;-0.1962114573;11.90190029;39.21917266;0.02580903657;-0.04795288667;-0.0745255053;12
39.21328084;0.4977070987;-0.1100698411;11.9162569;39.22127459;0.03313941509;-0.03940077871;-0.07941242307;12
39.21538277;0.4689932466;-0.02871387079;11.92104244;39.22337652;0.03924806044;-0.02596175298;-0.08185587823;12
39.21748469;0.4115654826;0.05264209956;11.94497108;39.22547839;0.04291325063;-0.01374445762;-0.08185587823;12
39.21958662;0.3397808075;0.1387837082;11.97368431;39.22758032;0.04535670951;0.005803215317;-0.07819069177;12
39.22168855;0.3062812984;0.2153540403;12.00718403;39.22968225;0.05024362728;0.02046396956;-0.07574722916;12
39.22379048;0.2249253243;0.3062812984;12.0598259;39.23178417;0.05268708616;0.03878991306;-0.06841685623;12
39.22589235;0.1531406492;0.3637090325;12.14596748;39.2338861;0.05513054505;0.05589412898;-0.05986474827;12
39.22799428;0.06699903309;0.4115654826;12.22253799;39.23598803;0.06246092543;0.07177661359;-0.05131264031;12
39.2300962;-0.03349951655;0.4833501875;12.31825066;39.2380899;0.06734783947;0.08399390429;-0.04276053607;12
39.23219813;-0.09092725813;0.5264210105;12.43789196;39.24019183;0.06979130208;0.09132428467;-0.03543015569;12
39.23430006;-0.1387837082;0.5886343718;12.6053896;39.24229376;0.08078686893;0.09743293375;-0.02809977904;12
39.23640198;-0.1674975902;0.6604190469;12.72981644;39.24439568;0.08811724186;0.09743293375;-0.0183259435;12
39.23850386;-0.1531406492;0.732203722;12.88295746;39.24649761;0.09666935354;0.09254601598;-0.009773836471;12
39.24060579;-0.1339980662;0.7896314859;13.00259781;39.24859954;0.1064431891;0.08277218044;0.001221729559;12
39.24270771;-0.1435693651;0.8757730722;13.11266804;39.25070141;0.1113301069;0.07055488229;0.01221729536;12
39.24480964;-0.1531406492;0.9140582681;13.21795273;39.25280334;0.1174387559;0.05589412898;0.02443459071;12
39.24691157;-0.1722832322;0.9523434043;13.29452229;39.25490527;0.1223256737;0.04245510325;0.03543015569;12
39.2490135;-0.1962114573;0.9858429432;13.37587833;39.25700719;0.123547405;0.02901607752;0.04642572254;12
39.25111537;-0.2057827413;0.9810572863;13.43330669;39.25910912;0.127212584;0.0131335929;0.05742128938;12
39.2532173;-0.2153540403;1.000199914;13.50987625;39.261211;0.127212584;-0.003970621154;0.06597339362;12
39.25531922;-0.2105683982;1.028913736;13.64387512;39.26331292;0.1296560466;-0.02474002354;0.07086031139;12
39.25742115;-0.1818545163;1.028913736;13.79222965;39.26541485;0.1308777779;-0.04428769648;0.073303774;12
39.25952308;-0.1387837082;1.043270707;13.93101311;39.26751678;0.1333212405;-0.06994401664;0.073303774;12
39.26162495;-0.07178468257;1.043270707;14.06501102;39.2696187;0.1369864196;-0.1017089859;0.07086031139;12
39.26372688;-0.0382851623;1.004985452;14.22772312;39.27172063;0.1430950761;-0.1359174103;0.06719512492;12
39.26582881;0.0239282269;0.9762716293;14.34736443;39.27382251;0.1479819864;-0.1762344837;0.06108647957;12
39.26793074;0.1196411327;0.94277215;14.51007652;39.27592443;0.1577558219;-0.2165515572;0.05619955808;12
39.27003266;0.1962114573;0.9236295223;14.67757416;39.27802636;0.1687513888;-0.2605338395;0.04764745384;12
39.27213459;0.2344966233;0.9092726111;14.84985733;39.28012829;0.1809686869;-0.3057378232;0.04031707719;12
39.27423646;0.2727817893;0.9092726111;15.00778389;39.28223021;0.196851179;-0.3448331654;0.03176496923;12
39.27633839;0.3254238665;0.9236295223;15.17049599;39.28433214;0.2102901936;-0.3851502538;0.02321286127;12
39.27844032;0.3589234054;0.94277215;15.29492188;39.28643407;0.2286161482;-0.4266890585;0.01588248461;12
39.28054225;0.4307080805;0.9906286001;15.42413521;39.288536;0.2444986254;-0.4633409381;0.006108647678;12
39.28264417;0.4833501875;1.009771109;15.52463341;39.29063787;0.2640463114;-0.4963276386;-0.003665188793;12
39.2847461;0.5551348329;1.052842021;15.59641838;39.29273985;0.2835939825;-0.5219839811;-0.0134390248;12
39.28684803;0.6652047038;1.076770186;15.61077499;39.29484178;0.3006981909;-0.5427533388;-0.02565632015;12
39.28894995;0.7465606928;1.0863415;15.64906025;39.29694365;0.320245862;-0.5574141145;-0.03909534588;12
39.29105183;0.837487936;1.138983607;15.63948917;39.29904558;0.3361283541;-0.5684096813;-0.05253437161;12
39.29315381;0.9284151793;1.177268744;15.61556053;39.30114751;0.3520108163;-0.5745183229;-0.06475166976;12
39.29525574;1.024128079;1.191625714;15.57248974;39.30324943;0.370336771;-0.5745183229;-0.08063415438;12
39.29735761;1.124626637;1.249053478;15.51984787;39.30535131;0.3849975169;-0.5684096813;-0.09529490769;12
39.29945954;1.239482164;1.268195987;15.4480629;39.30745324;0.4021017551;-0.5598575473;-0.1111773923;12
39.30156146;1.320838094;1.296909928;15.38584995;39.30955516;0.416762501;-0.5451968312;-0.1270598769;12
39.30366339;1.416550994;1.339980721;15.29492188;39.31165709;0.4302015305;-0.5268708467;-0.1417206228;12
39.30576527;1.497906923;1.35912323;15.19920921;39.31375896;0.4448622763;-0.5024362803;-0.1563813835;12
39.30786719;1.55054903;1.373480201;15.08913994;39.31586089;0.4570795596;-0.4743365049;-0.169820413;12
39.30996912;1.603191137;1.402194023;14.95992756;39.31796282;0.4644099474;-0.4425715208;-0.1820377111;12
39.31207105;1.641476393;1.440479279;14.83550072;39.32006475;0.4741837978;-0.4095848203;-0.1954767257;12
39.31417292;1.684547186;1.469193101;14.71585941;39.32216667;0.4802924395;-0.3717112243;-0.2064722925;12
39.31627485;1.703689694;1.512263894;14.60100365;39.3242686;0.4888445437;-0.3301724195;-0.2150243968;12
39.31837678;1.718046665;1.55054903;14.47657681;39.32637048;0.4937314689;-0.2861901522;-0.2235765159;12
39.3204787;1.708475351;1.579262972;14.39043522;39.3284724;0.4937314689;-0.2434296161;-0.2296851575;12
39.32258063;1.670190215;1.612762451;14.27557945;39.33057433;0.4961749315;-0.1982256174;-0.2345720828;12
39.32468256;1.622333765;1.636690736;14.19422436;39.33267626;0.4961749315;-0.1579085439;-0.2370155305;12
39.32678443;1.536192179;1.679761529;14.11286831;39.33477818;0.4961749315;-0.1114828214;-0.2370155305;12
39.32888636;1.411765337;1.703689694;14.04586887;39.33688011;0.4973966479;-0.06627883017;-0.2345720828;12
39.33098829;1.292124271;1.737189293;14.00758362;39.33898204;0.4961749315;-0.02229656465;-0.2284634262;12
39.33309021;1.162911773;1.770688772;13.95494175;39.34108396;0.4949531853;0.021685699;-0.2211330533;12
39.33519214;1.024128079;1.794616938;13.94058514;39.34318584;0.4973966479;0.06078104675;-0.2113592178;12
39.33729407;0.8709874153;1.813759565;13.95494175;39.34528777;0.5071704984;0.09987638891;-0.1991419196;12
39.339396;0.7226324677;1.828116536;14.02672672;39.34738969;0.5096139312;0.1316413581;-0.1857028902;12
39.34149792;0.5694918036;1.832902193;14.08415413;39.34949162;0.520609498;0.158519417;-0.169820413;12
39.3435998;0.4402793646;1.837687731;14.17986679;39.35159355;0.5316050649;0.1829539984;-0.1527161896;12
39.34570173;0.3158525825;1.852044702;14.26600838;39.35369542;0.5438223481;0.2000582218;-0.1319467872;12
39.34780365;0.2344966233;1.871187329;14.39043522;39.3557974;0.5597048402;0.215940699;-0.1123991162;12
39.34990558;0.1387837082;1.904686809;14.47657681;39.35789928;0.5755873322;0.2269362658;-0.09162971377;12
39.35200751;0.05742774159;1.914258122;14.57707596;39.3600012;0.5914698243;0.239153564;-0.07208204269;12
39.35410938;-0.0239282269;1.909472466;14.66800308;39.36210313;0.6085740328;0.2452622056;-0.05253437161;12
39.35621136;-0.09092725813;1.895115495;14.74935913;39.36420506;0.6244565248;0.2489273995;-0.03298669681;12
39.35831324;-0.1387837082;1.880758643;14.802001;39.36630693;0.6378955245;0.2501491308;-0.01466075517;12
39.36041516;-0.1818545163;1.866401672;14.87378597;39.36840886;0.6525563002;0.2501491308;0.001221729559;12
39.36251709;-0.2057827413;1.832902193;14.87378597;39.37051079;0.663551867;0.242818743;0.01710421406;12
39.36461902;-0.2249253243;1.785045743;14.88814259;39.37261271;0.672104001;0.2330449075;0.03298669681;12
39.36672089;-0.2297109663;1.737189293;14.88335705;39.37471464;0.6782126427;0.2183841616;0.04764745384;12
39.36882282;-0.2201396823;1.665404558;14.86899948;39.37681657;0.6830995679;0.2049451321;0.06108647957;12
39.37092475;-0.2201396823;1.584048629;14.84985733;39.3789185;0.6855430007;0.1866191924;0.0745255053;12
39.37302667;-0.2344966233;1.517049551;14.86421394;39.38102042;0.6867647171;0.1670715213;0.086742796;12
39.3751286;-0.2249253243;1.416550994;14.91207027;39.3831223;0.6916516423;0.1414151937;0.09651663154;12
39.37723053;-0.2440679073;1.306481123;14.99821186;39.38522422;0.6928733587;0.105985038;0.1038470119;12
39.37933245;-0.2488535494;1.191625714;15.08913994;39.38732615;0.7002037764;0.06811141968;0.109955661;12
39.38143438;-0.1962114573;1.0863415;15.20399475;39.38942808;0.706312418;0.02657261863;0.109955661;12
39.38353626;-0.1292124242;1.000199914;15.29492188;39.39153001;0.713642776;-0.01252272818;0.1087339297;12
39.38563818;-0.02871387079;0.8997012973;15.42413521;39.39363193;0.7270817757;-0.05772672221;0.1026252806;12
39.38774011;0.07178468257;0.8039883971;15.5054903;39.39573381;0.7405208349;-0.1102610901;0.09162971377;12
39.38984204;0.1914258152;0.7274180651;15.58206081;39.39783574;0.7527381182;-0.1701258421;0.07819069177;12
39.39194396;0.3158525825;0.6364908218;15.64427471;39.39993766;0.7686206102;-0.2251036763;0.06230820715;12
39.39404589;0.4211367965;0.5647061467;15.74955845;39.40203954;0.7857248187;-0.2813032269;0.04153880477;12
39.39614777;0.5024927258;0.5168496966;15.82134342;39.40414146;0.8016073108;-0.3265072107;0.01954767294;12
39.39824969;0.5647061467;0.4785645306;15.82134342;39.40624339;0.8150463104;-0.3717112243;-0.004886918236;12
39.40035162;0.6077769399;0.4163511395;15.77827263;39.40834532;0.8284853697;-0.4132500291;-0.02932151034;12
39.4024535;0.6556333899;0.3397808075;15.68255997;39.41044725;0.8394809365;-0.451123625;-0.05253437161;12
39.40455542;0.6987041831;0.2775674164;15.57248974;39.41254917;0.8504765034;-0.4853320718;-0.07574722916;12
39.40665735;0.7130611539;0.2057827413;15.45284843;39.4146511;0.8602503538;-0.5146535635;-0.09407317638;12
39.40875928;0.7274180651;0.1722832322;15.33320713;39.41675303;0.8651372194;-0.5354229808;-0.1123991162;12
39.4108612;0.7226324677;0.1483550072;15.15613842;39.4188549;0.8712459207;-0.5500837564;-0.1270598769;12
39.41296313;0.6891329288;0.1244267747;14.98385525;39.42095683;0.8749110699;-0.5561923981;-0.1368337125;12
39.41506506;0.6604190469;0.1339980662;14.80678654;39.42305876;0.8773545623;-0.5561923981;-0.1453858167;12
39.41716698;0.6173482537;0.1339980662;14.6392889;39.42516068;0.8834632039;-0.5451968312;-0.1527161896;12
39.41926886;0.6125625968;0.1483550072;14.5387907;39.42726261;0.8907935619;-0.5280926228;-0.1576031148;12
39.42137079;0.6317051649;0.1818545163;14.45743465;39.42936454;0.9005674124;-0.4987711012;-0.1612683088;12
39.42347271;0.6843472719;0.2153540403;14.44307709;39.43146641;0.914006412;-0.4633409381;-0.1661552191;12
39.42557464;0.756131947;0.2344966233;14.46222019;39.43356839;0.9311106205;-0.4230238497;-0.1722638607;12
39.42767657;0.8614161611;0.2488535494;14.49571991;39.43567027;0.9555452466;-0.3741546869;-0.1808159798;12
39.4297785;0.9571290612;0.2344966233;14.57228947;39.43777219;0.9812015295;-0.3277289569;-0.1893680841;12
39.43188037;1.067198873;0.2153540403;14.69671631;39.43987412;1.011744738;-0.2788597643;-0.1991419196;12
39.43398235;1.153340459;0.1531406492;14.79721546;39.44197605;1.049618363;-0.2287688553;-0.2089157552;12
39.43608422;1.239482164;0.06221338734;14.93121338;39.44407792;1.085048556;-0.1835648715;-0.2186895907;12
39.43818615;1.272981644;-0.03349951655;15.00778389;39.44617985;1.125365615;-0.1432477981;-0.2272416949;12
39.44028808;1.258624673;-0.1196411327;15.07478237;39.44828178;1.166904449;-0.1029307172;-0.2394589931;12
39.44239001;1.21555388;-0.2297109663;15.0843544;39.4503837;1.215773582;-0.06261363626;-0.2528980076;12
39.44449188;1.1820544;-0.3349951804;15.07478237;39.45248563;1.25975585;-0.0235182941;-0.2651153207;12
39.44659381;1.172483087;-0.4498506486;15.03171158;39.45458756;1.308625102;0.01191186346;-0.2797760665;12
39.44869574;1.177268744;-0.5455635786;15.02692604;39.45668949;1.357494235;0.04734202102;-0.293215096;12
39.45079766;1.162911773;-0.6412764788;15.00778389;39.45879141;1.410028577;0.08399390429;-0.3066541255;12
39.45289959;1.124626637;-0.70348984;15.03171158;39.46089334;1.460119486;0.1218675226;-0.3176496923;12
39.45500152;1.067198873;-0.760917604;15.04128361;39.46299521;1.510210395;0.1536324918;-0.3286452591;12
39.45710344;0.9906286001;-0.7992027402;14.98385525;39.46509714;1.556636214;0.1805105358;-0.3384190798;12
39.45920537;0.9092726111;-0.8039883971;14.87378597;39.46719907;1.603061914;0.2037234008;-0.3494146466;12
39.4613073;0.8279166222;-0.8279166222;14.73021603;39.469301;1.649487615;0.2220493406;-0.3579667509;12
39.46340917;0.7417750359;-0.8279166222;14.52921867;39.47140287;1.688583016;0.2367101014;-0.3689623177;12
39.4655111;0.650847733;-0.8279166222;14.29950809;39.4735048;1.727678299;0.2452622056;-0.3762927055;12
39.46761303;0.5407779217;-0.8279166222;14.0362978;39.47560673;1.761886716;0.2525925934;-0.3811796308;12
39.46971495;0.4594219327;-0.7992027402;13.80658627;39.47770865;1.7936517;0.2574795187;-0.3860665262;12
39.47181683;0.3541377485;-0.756131947;13.50987625;39.47981053;1.821751475;0.2562577724;-0.3872882724;12
39.47391876;0.2919243574;-0.6843472719;13.2275238;39.48191251;1.844964385;0.2599229515;-0.3860665262;12
39.47602068;0.1914258152;-0.6173482537;12.89731407;39.48401443;1.862068534;0.2599229515;-0.3811796308;12
39.47812261;0.08614161611;-0.5407779217;12.59103298;39.48611631;1.876729369;0.2611446977;-0.3726275265;12
39.48022448;-0.02871387079;-0.4594219327;12.22253799;39.48821824;1.882838011;0.2538143098;-0.3628536761;12
39.48232646;-0.1292124242;-0.3780659735;11.84447193;39.49032016;1.8865031;0.2477056682;-0.3506363928;12
39.48442839;-0.2632105052;-0.2679961324;11.49512005;39.49242209;1.882838011;0.2440404743;-0.3359756172;12
39.48653027;-0.3828516304;-0.1531406492;11.12662506;39.49452402;1.876729369;0.242818743;-0.3237583339;12
39.48863219;-0.5216353536;-0.04307080805;10.77727318;39.49662594;1.866955519;0.2464839369;-0.3115410507;12
39.49073412;-0.6364908218;0.04785645381;10.43270683;39.49872943;1.849851251;0.2477056682;-0.2956585586;12
39.49283605;-0.7369893789;0.1292124242;10.06899738;39.50082975;1.83030355;0.2477056682;-0.2809978127;12
39.49493798;-0.8087740541;0.2057827413;9.695717812;39.50293167;1.805868983;0.2440404743;-0.2651153207;12
39.4970399;-0.8853443861;0.2919243574;9.3367939;39.5050336;1.778990984;0.2379318327;-0.2492328286;12
39.49914339;-0.9523434043;0.3589234054;8.963513374;39.50713553;1.748447657;0.2293797284;-0.2321286201;12
39.5012437;-0.9954141974;0.4402793646;8.662017822;39.5092374;1.715461016;0.2171624303;-0.2150243968;12
39.50334563;-1.028913736;0.5216353536;8.36052227;39.51133933;1.681252599;0.2037234008;-0.1979201883;12
39.50544756;-1.067198873;0.6077769399;8.044670105;39.51344126;1.645822406;0.189062655;-0.1795942485;12
39.50754949;-1.110269666;0.6556333899;7.791030407;39.51554318;1.606727123;0.1744018942;-0.1588248461;12
39.50965136;-1.153340459;0.7274180651;7.52782011;39.51764511;1.570075154;0.16584979;-0.1368337125;12
39.51175329;-1.177268744;0.7800601721;7.32203722;39.51974704;1.533423305;0.1597411335;-0.1160643101;12
39.51385521;-1.225125194;0.8327022791;7.092326164;39.52184891;1.496771455;0.1560759544;-0.09407317638;12
39.51595714;-1.253839016;0.8614161611;6.896114826;39.52395084;1.463784695;0.1548542231;-0.07208204269;12
39.51805907;-1.253839016;0.8949156404;6.69511795;39.52605277;1.429576278;0.1524107605;-0.05253437161;12
39.520161;-1.244267821;0.9140582681;6.494120598;39.52815469;1.394146085;0.1499672979;-0.03420842811;12
39.52226287;-1.220339537;0.9523434043;6.336194515;39.53025662;1.361159444;0.1499672979;-0.01710421406;12
39.5243648;-1.177268744;0.9954141974;6.216553211;39.53235855;1.328172803;0.1499672979;-0.003665188793;12
39.52646673;-1.129412293;1.033699393;6.068198204;39.53446048;1.296407819;0.1463021189;0.007330377586;12
39.52856865;-1.067198873;1.081555843;5.953342915;39.53656235;1.263421059;0.1438586563;0.0183259435;12
39.53067058;-1.000199914;1.158126116;5.809773445;39.53866428;1.226769209;0.1414151937;0.02809977904;12
39.53277251;-0.9236295223;1.205982566;5.651846886;39.5407662;1.188895583;0.1365282834;0.03787361458;12
39.53487443;-0.866201818;1.258624673;5.508277893;39.54286813;1.15346539;0.1340848207;0.04642572254;12
39.53697631;-0.8039883971;1.287338614;5.312066078;39.54497006;1.113148332;0.1279761642;0.0549778305;12
39.53907824;-0.7800601721;1.325623751;5.158925533;39.54707193;1.069166064;0.1206457913;0.06597339362;12
39.54118016;-0.784845829;1.335195065;5.044070244;39.54917386;1.02396214;0.1145371497;0.07574722916;12
39.54328209;-0.7657032609;1.320838094;4.876572609;39.55127579;0.9787580967;0.105985038;0.08429934084;12
39.54538402;-0.8039883971;1.339980721;4.771288395;39.55337771;0.9311106205;0.09376774728;0.09651663154;12
39.54748589;-0.8470591903;1.344766378;4.713860512;39.55547964;0.8859066367;0.08155044913;0.1050687432;12
39.54958782;-0.8422735929;1.325623751;4.656432629;39.55758152;0.8382592201;0.06444623321;0.1185077652;12
39.55168975;-0.8327022791;1.335195065;4.613361835;39.5596835;0.7954986691;0.04245510325;0.1307250559;12
39.55379167;-0.837487936;1.316052437;4.661218643;39.56178537;0.7539598346;0.021685699;0.1429423541;12
39.5558936;-0.866201818;1.292124271;4.752145767;39.5638873;0.7148644924;-0.008857538924;0.1514944583;12
39.55799548;-0.8949156404;1.234696507;4.881358147;39.56598922;0.6818777919;-0.03817904741;0.1563813835;12
39.56009745;-0.9044869542;1.148554921;5.087141037;39.56809115;0.6525563002;-0.07116574794;0.1600465775;12
39.56219933;-0.8709874153;1.052842021;5.345565796;39.57019308;0.6305651665;-0.1053741723;0.1600465775;12
39.56430126;-0.8039883971;0.9906286001;5.685346603;39.57229501;0.613460958;-0.1395826042;0.1563813835;12
39.56640318;-0.7226324677;0.9188438654;6.058627129;39.57439688;0.6073523164;-0.1872300506;0.1527161896;12
39.56850511;-0.6412764788;0.8757730722;6.48933506;39.57649881;0.6085740328;-0.2409861535;0.1490510106;12
39.57060704;-0.5551348329;0.8327022791;6.953542709;39.57860074;0.6244565248;-0.29352054;0.1453858167;12
39.57270896;-0.4881358147;0.8039883971;7.465606689;39.58070266;0.6476693749;-0.350941807;0.1429423541;12
39.57481084;-0.4498506486;0.756131947;8.011170387;39.58280459;0.6769908667;-0.4144717455;0.1404989064;12
39.57691277;-0.4498506486;0.7274180651;8.475378036;39.58490652;0.7185297012;-0.4731147587;0.1356119812;12
39.57901469;-0.4546363056;0.6843472719;8.939585686;39.58700839;0.7698423266;-0.531757772;0.1307250559;12
39.58111662;-0.4785645306;0.5982056856;9.341579437;39.58911032;0.8284853697;-0.5879573226;0.123394683;12
39.58321855;-0.4594219327;0.5120640397;9.69093132;39.59121225;0.8895718455;-0.6417134404;0.1160643101;12
39.58532048;-0.4354937077;0.3924229145;9.997213364;39.59331417;0.9592103958;-0.6942478418;0.1050687432;12
39.58742235;-0.3876372576;0.2727817893;10.20778179;39.5954161;1.033735871;-0.7418952584;0.09285144508;12
39.58952428;-0.3493520916;0.1770688742;10.43270683;39.59751798;1.110704899;-0.7846558094;0.07819069177;12
39.5916262;-0.2967100143;0.06221338734;10.52841949;39.59961995;1.187673807;-0.8225294352;0.06230820715;12
39.59372813;-0.2297109663;0.0;10.60020447;39.60172183;1.267086267;-0.8518509269;0.04520399496;12
39.59583006;-0.1483550072;-0.0382851623;10.57149029;39.60382376;1.342833519;-0.8738420606;0.02809977904;12
39.59793193;-0.1148554832;-0.08614161611;10.48056316;39.60592563;1.416137218;-0.8860593438;0.0134390248;12
39.60003391;-0.08135596663;-0.1435693651;10.27478027;39.60802761;1.485775828;-0.8885028362;-0.001221729559;12
39.60213579;-0.05742774159;-0.1914258152;10.03549862;39.61012948;1.552971005;-0.8860593438;-0.0134390248;12
39.60423771;-0.0382851623;-0.2249253243;9.74835968;39.61223146;1.615279198;-0.8738420606;-0.02443459071;12
39.60633959;-0.03349951655;-0.2249253243;9.44207859;39.61433334;1.671478748;-0.8579595685;-0.03543015569;12
39.60844157;-0.05264209956;-0.2488535494;9.064012527;39.61643527;1.720347881;-0.8323032856;-0.04276053607;12
39.61054344;-0.05264209956;-0.2153540403;8.647661209;39.61853719;1.763108492;-0.8005383015;-0.04886918142;12
39.61264542;-0.05742774159;-0.1818545163;8.231309891;39.62063912;1.798538685;-0.7638863921;-0.0549778305;12
39.6147473;-0.0765703246;-0.1292124242;7.733603001;39.62274105;1.825416684;-0.7223476171;-0.0549778305;12
39.61684922;-0.06221338734;-0.05264209956;7.245467186;39.62484298;1.846186042;-0.6722567081;-0.05742128938;12
39.61895115;-0.05742774159;0.01914258115;6.742974281;39.62694485;1.859625101;-0.6221657991;-0.0549778305;12
39.62105308;-0.04785645381;0.1339980662;6.221338749;39.62904678;1.862068534;-0.5635227561;-0.05131264031;12
39.62315501;-0.03349951655;0.2536391914;5.680561066;39.6311487;1.857181668;-0.5036579967;-0.04398226365;12
39.62525693;-0.02871387079;0.3828516304;5.158925533;39.63325063;1.844964385;-0.4425715208;-0.03543015569;12
39.62735881;-0.02871387079;0.5455635786;4.661218643;39.63535256;1.829081893;-0.3753764033;-0.02443459071;12
39.62946074;-0.03349951655;0.6891329288;4.163511276;39.63745448;1.802203774;-0.3069595397;-0.01099556591;12
39.63156266;-0.04785645381;0.8183453679;3.737588882;39.63955636;1.775325775;-0.2385426909;0.0;12
39.63366459;-0.0239282269;0.94277215;3.364308596;39.64165829;1.747226;-0.1664606482;0.01099556591;12
39.63576652;-0.009571290575;1.03848505;2.991028309;39.64376021;1.71057415;-0.09315688163;0.02076940238;12
39.63786844;0.02871387079;1.115055323;2.656033039;39.64586214;1.673922181;-0.02107483521;0.03054323979;12
39.63997032;0.08614161611;1.186840057;2.340180635;39.64796402;1.634826899;0.04734202102;0.03787361458;12
39.64207225;0.1387837082;1.225125194;2.043470621;39.65006594;1.596953273;0.1072067693;0.04520399496;12
39.64417417;0.1914258152;1.282552958;1.808973908;39.65216787;1.555414438;0.16584979;0.05009091273;12
39.6462761;0.2297109663;1.320838094;1.631905079;39.6542698;1.511432171;0.2196058929;0.05375609919;12
39.64837798;0.2967100143;1.349551916;1.464407444;39.65637172;1.471115112;0.2672533393;0.05864302069;12
39.6504799;0.3397808075;1.368694544;1.320838094;39.65847365;1.428354621;0.3063486814;0.06230820715;12
39.65258183;0.3780659735;1.402194023;1.21555388;39.66057558;1.381928802;0.3454440236;0.06597339362;12
39.65468376;0.4115654826;1.397408366;1.129412293;39.66267745;1.335503101;0.3772090077;0.06841685623;12
39.65678568;0.4307080805;1.421336651;1.028913736;39.66477938;1.290299177;0.4053087831;0.06963858753;12
39.65888761;0.4354937077;1.435693622;0.94277215;39.66688131;1.241429925;0.4346303046;0.07086031139;12
39.66098954;0.4307080805;1.45483613;0.8614161611;39.66898324;1.191339016;0.4578431547;0.07208204269;12
39.66309141;0.4163511395;1.450050473;0.784845829;39.67108516;1.142469883;0.4773908257;0.06963858753;12
39.66519334;0.4211367965;1.459621787;0.7226324677;39.67318709;1.092378974;0.4883863926;0.06719512492;12
39.66729527;0.4211367965;1.473978758;0.6699903607;39.67528896;1.041066289;0.4981602132;0.06230820715;12
39.66939719;0.4642075896;1.507478237;0.5982056856;39.67739094;0.9873101711;0.4981602132;0.05375609919;12
39.67149912;0.5120640397;1.540977836;0.5886343718;39.67949282;0.9347758293;0.4932733178;0.04642572254;12
39.67360105;0.5407779217;1.507478237;0.5599204898;39.68159475;0.8834632039;0.4810560048;0.03787361458;12
39.67570292;0.5503492355;1.488335729;0.5407779217;39.68369667;0.8284853697;0.4578431547;0.02809977904;12
39.6778049;0.5647061467;1.435693622;0.5503492355;39.68579855;0.7722858191;0.4272999167;0.01710421406;12
39.67990678;0.5551348329;1.387837172;0.6029912829;39.68790048;0.7197514176;0.3918697536;0.007330377586;12
39.6820087;0.5455635786;1.354337573;0.5790630579;39.6900024;0.6647735834;0.3503309488;-0.002443459118;12
39.68411063;0.4977070987;1.306481123;0.5790630579;39.69210433;0.6061306;0.3026835024;-0.01221729536;12
39.68621251;0.4594219327;1.268195987;0.5934200287;39.69420626;0.5499309897;0.2489273995;-0.02076940238;12
39.68831443;0.4307080805;1.239482164;0.5790630579;39.69630818;0.4912880063;0.192727834;-0.03298669681;12
39.69041636;0.4067798555;1.186840057;0.5742774606;39.69841006;0.4302015305;0.1377500147;-0.04276053607;12
39.69251829;0.3684946895;1.158126116;0.5551348329;39.70051199;0.3715584874;0.08277218044;-0.05253437161;12
39.69462021;0.3302095234;1.124626637;0.5790630579;39.70261391;0.3092502952;0.02779434808;-0.06230820715;12
39.69672214;0.3110669553;1.091127157;0.5599204898;39.70471584;0.2530507445;-0.02840521187;-0.07208204269;12
39.69882402;0.2919243574;1.067198873;0.5551348329;39.70681777;0.1931859851;-0.07727439702;-0.08063415438;12
39.70092594;0.2488535494;1.043270707;0.5790630579;39.70891969;0.1357647032;-0.1224783882;-0.08918625861;12
39.70302787;0.2297109663;1.028913736;0.6173482537;39.71102157;0.07712167501;-0.1689041108;-0.09651663154;12
39.7051298;0.1866401732;0.9906286001;0.6987041831;39.71312355;0.02580903657;-0.2079994529;-0.1026252806;12
39.70723172;0.1387837082;0.9571290612;0.784845829;39.71522542;-0.02061668597;-0.24709481;-0.1087339297;12
39.70933365;0.1052841991;0.9284151793;0.9475577474;39.71732735;-0.0621554926;-0.2800815105;-0.1148425788;12
39.71143553;0.06699903309;0.9140582681;1.143769264;39.71942928;-0.1000291109;-0.3142899275;-0.1209512278;12
39.71353751;0.04307080805;0.9044869542;1.373480201;39.7215312;-0.1269071549;-0.347276628;-0.1258381456;12
39.71563938;0.03349951655;0.8805587292;1.660618901;39.72363313;-0.1476765573;-0.3790415823;-0.1295033395;12
39.71774131;0.03349951655;0.8709874153;2.01475668;39.72573501;-0.1574503928;-0.4046979249;-0.1343902498;12
39.71984324;0.01914258115;0.8422735929;2.335394859;39.72783693;-0.1574503928;-0.4279107749;-0.1392771751;12
39.72194516;0.004785645287;0.8039883971;2.708675146;39.72993886;-0.1525634825;-0.443793267;-0.1417206228;12
39.72404709;-0.01914258115;0.7752745152;3.01974225;39.73204079;-0.1391244531;-0.4596757591;-0.1429423541;12
39.72614896;-0.02871387079;0.6987041831;3.349951744;39.73414266;-0.1183550507;-0.4682278633;-0.146607548;12
39.72825089;-0.03349951655;0.6652047038;3.689732552;39.73624464;-0.08903354406;-0.4694495797;-0.1490510106;12
39.73035282;-0.04307080805;0.6317051649;3.991228104;39.73834652;-0.05115992576;-0.4621191919;-0.1514944583;12
39.73245475;-0.009571290575;0.5694918036;4.311866283;39.74044844;-0.01206457894;-0.4547888339;-0.1551596522;12
39.73455662;0.03349951655;0.5503492355;4.508078098;39.74255037;0.03558287397;-0.4364628792;-0.1576031148;12
39.7366586;0.06699903309;0.5120640397;4.733003139;39.7446523;0.08200860023;-0.4169152081;-0.1600465775;12
39.73876048;0.1052841991;0.5120640397;4.905286312;39.74675423;0.1320995092;-0.3900371492;-0.1624900252;12
39.7408624;0.1579262912;0.5264210105;5.020142078;39.74885615;0.1809686869;-0.3619373739;-0.1637117565;12
39.74296433;0.1914258152;0.5599204898;5.053641319;39.75095803;0.2273944169;-0.3265072107;-0.1624900252;12
39.74506626;0.2153540403;0.5838487148;5.067998409;39.75305995;0.2725984156;-0.2874118686;-0.1612683088;12
39.74716818;0.2344966233;0.6364908218;4.986642361;39.75516188;0.3116937578;-0.2483165264;-0.1600465775;12
39.74927011;0.2679961324;0.7130611539;4.867001057;39.75726381;0.3471239209;-0.2043342739;-0.1576031148;12
39.75137199;0.3014956415;0.7800601721;4.685146809;39.75936574;0.3776671588;-0.150578171;-0.1588248461;12
39.75347391;0.3206382394;0.8853443861;4.474578381;39.76146766;0.4033234715;-0.09193515033;-0.1612683088;12
39.75557584;0.3589234054;0.9523434043;4.244867325;39.76356954;0.4253146052;-0.03084867075;-0.1637117565;12
39.75767777;0.4259224236;1.009771109;3.976871252;39.76567152;0.4350884259;0.02657261863;-0.1673769504;12
39.75977969;0.4881358147;1.081555843;3.699303865;39.76777339;0.4399753511;0.0864373669;-0.169820413;12
39.76188162;0.5264210105;1.129412293;3.416950703;39.76987532;0.4411970973;0.142636925;-0.169820413;12
39.7639835;0.5551348329;1.1820544;3.139383316;39.77197725;0.4350884259;0.1976147592;-0.1722638607;12
39.76608548;0.5694918036;1.229910851;2.866601467;39.77407917;0.424092859;0.2501491308;-0.1722638607;12
39.76818735;0.5407779217;1.277767301;2.598605394;39.77618105;0.404545188;0.2965748608;-0.173485592;12
39.77028928;0.5072783828;1.325623751;2.349751949;39.77828298;0.3825540543;0.3381136656;-0.1747073233;12
39.7723912;0.4785645306;1.368694544;2.072184324;39.7803849;0.3544542789;0.3747655451;-0.1759290546;12
39.77449313;0.4402793646;1.392622828;1.847259045;39.78248683;0.3251327872;0.4028653204;-0.173485592;12
39.77659501;0.3972085714;1.426122308;1.579262972;39.78458876;0.2884808779;0.4272999167;-0.173485592;12
39.77869693;0.3302095234;1.478764415;1.392622828;39.78669063;0.2518289983;0.4456258714;-0.1747073233;12
39.78079886;0.2775674164;1.536192179;1.210768223;39.78879256;0.2115119249;0.4590648711;-0.1722638607;12
39.78290079;0.2488535494;1.607976794;1.067198873;39.79089448;0.1675296724;0.4639517963;-0.1722638607;12
39.78500271;0.2153540403;1.694118381;0.9667003751;39.79299641;0.1211039424;0.4688387215;-0.1710421443;12
39.78710459;0.1770688742;1.794616938;0.8853443861;39.79509834;0.07345648855;0.4663952589;-0.173485592;12
39.78920652;0.1579262912;1.861616015;0.813559711;39.79720027;0.02214384824;0.4651735425;-0.1759290546;12
39.79130844;0.1339980662;1.923829436;0.760917604;39.79930219;-0.03283398226;0.4541779757;-0.1795942485;12
39.79341037;0.1339980662;1.990828395;0.6891329288;39.80140412;-0.08536835015;0.4382954836;-0.1832594275;12
39.7955123;0.1435693651;2.038684845;0.6604190469;39.803506;-0.1391244531;0.4187478125;-0.1893680841;12
39.79761423;0.1339980662;2.072184324;0.6364908218;39.80560792;-0.2002109289;0.3930914998;-0.1918115467;12
39.79971615;0.1100698411;2.139183521;0.6221339107;39.80770985;-0.2600756884;0.3649916947;-0.1954767257;12
39.80181808;0.0765703246;2.158325911;0.5982056856;39.80981172;-0.3211621642;0.3320049942;-0.2003636509;12
39.80391995;0.0239282269;2.210968018;0.6029912829;39.81191365;-0.3834703565;0.2965748608;-0.2028071135;12
39.80602188;-0.01914258115;2.230110645;0.650847733;39.81401558;-0.4470002949;0.2599229515;-0.2015853822;12
39.80812381;-0.09092725813;2.268395901;0.6843472719;39.81611751;-0.5080868006;0.2220493406;-0.1991419196;12
39.81022568;-0.1770688742;2.277967215;0.7704889178;39.81821943;-0.5691732764;0.1780670881;-0.1954767257;12
39.81232761;-0.2727817893;2.292324066;0.890130043;39.82032136;-0.6302597523;0.1316413581;-0.1893680841;12
39.81442954;-0.3684946895;2.297109842;1.043270707;39.82242329;-0.6876810193;0.07788526267;-0.1832594275;12
39.81653146;-0.4450650215;2.292324066;1.249053478;39.82452516;-0.7365502119;0.02657261863;-0.1747073233;12
39.81863339;-0.4977070987;2.277967215;1.473978758;39.82662709;-0.7829759121;-0.02962694131;-0.1661552191;12
39.82073532;-0.5455635786;2.273181438;1.746760488;39.82872902;-0.8208495378;-0.08460476995;-0.1563813835;12
39.82283725;-0.5838487148;2.268395901;2.06261301;39.83083094;-0.8550579548;-0.1346956789;-0.146607548;12
39.82493912;-0.626919508;2.249253273;2.392822742;39.83293287;-0.8819360137;-0.1835648715;-0.1380554438;12
39.82704105;-0.6460621357;2.220539331;2.71824646;39.8350348;-0.9063706398;-0.2263254076;-0.1295033395;12
39.82914298;-0.6699903607;2.182254314;3.024527788;39.83713672;-0.918587923;-0.2605338395;-0.1209512278;12
39.8312449;-0.6652047038;2.158325911;3.354737282;39.83923865;-0.9271399975;-0.2910770774;-0.1123991162;12
39.83334683;-0.6699903607;2.120040894;3.675375462;39.84134053;-0.9246965647;-0.3118464649;-0.1038470119;12
39.83544876;-0.6652047038;2.0769701;4.015156269;39.84344245;-0.918587923;-0.3277289569;-0.09773836285;12
39.83755068;-0.6460621357;2.043470621;4.378865242;39.84554438;-0.9051488638;-0.3362810612;-0.09162971377;12
39.83965261;-0.6364908218;1.986042738;4.742574692;39.84764631;-0.8892664313;-0.3411679864;-0.08552107215;12
39.84175448;-0.6029912829;1.938186288;5.134997368;39.84974824;-0.868497014;-0.3448331654;-0.07941242307;12
39.84385641;-0.5790630579;1.880758643;5.484349728;39.85185016;-0.8440623879;-0.3484983444;-0.073303774;12
39.84595834;-0.5312066078;1.818545222;5.752345562;39.85395209;-0.8196278214;-0.347276628;-0.06963858753;12
39.84806027;-0.4977070987;1.775474429;5.986842155;39.85605396;-0.7903063297;-0.347276628;-0.06597339362;12
39.85016219;-0.4642075896;1.732403636;6.197410583;39.85815589;-0.7609847784;-0.3460549116;-0.06230820715;12
39.85226412;-0.4019941986;1.689332843;6.379265308;39.86025782;-0.7292198539;-0.3387245238;-0.06108647957;12
39.85436605;-0.3302095234;1.603191137;6.522834301;39.86235969;-0.6974548697;-0.3277289569;-0.06108647957;12
39.85646792;-0.2823530734;1.564906001;6.623332977;39.86446162;-0.668133378;-0.3155116439;-0.06108647957;12
39.85856985;-0.1962114573;1.536192179;6.719046116;39.86656355;-0.6375901103;-0.2996291816;-0.06230820715;12
39.86067178;-0.1483550072;1.521835208;6.786045074;39.86866548;-0.6082686186;-0.284968406;-0.06352993846;12
39.86277365;-0.06221338734;1.497906923;6.819544315;39.8707674;-0.5813905597;-0.2605338395;-0.06841685623;12
39.86487558;0.01914258115;1.493121386;6.848258495;39.87286933;-0.5569559336;-0.2373209596;-0.07086031139;12
39.86697751;0.1100698411;1.507478237;6.833901405;39.87497126;-0.5361865759;-0.2092211843;-0.0745255053;12
39.86907943;0.1627119333;1.517049551;6.738188744;39.87707313;-0.5190823674;-0.1725693047;-0.07819069177;12
39.87118136;0.1627119333;1.50269258;6.608976364;39.87917506;-0.5044215918;-0.1346956789;-0.08185587823;12
39.87328329;0.1531406492;1.488335729;6.446264267;39.88127698;-0.4946477413;-0.09560033679;-0.08552107215;12
39.87538521;0.1483550072;1.488335729;6.321837425;39.88337891;-0.4873173833;-0.05039634556;-0.08796452731;12
39.87748709;0.1196411327;1.483550072;6.183053493;39.88548084;-0.4860956371;-0.007635809947;-0.086742796;12
39.87958902;0.06221338734;1.473978758;6.049055576;39.88758271;-0.4897608459;0.03634645417;-0.08796452731;12
39.88169094;0.009571290575;1.478764415;5.943771362;39.88968469;-0.4934260249;0.07910698652;-0.08429934084;12
39.88379287;-0.06221338734;1.507478237;5.828916073;39.89178657;-0.5007563829;0.1218675226;-0.08429934084;12
39.8858948;-0.1100698411;1.540977836;5.704489231;39.8938885;-0.5105302334;0.1609628648;-0.08063415438;12
39.88799667;-0.1531406492;1.588834286;5.603990555;39.89599042;-0.5215258002;0.2012799382;-0.08063415438;12
39.89009865;-0.1914258152;1.627119422;5.536991596;39.89809235;-0.5325213671;0.239153564;-0.07819069177;12
39.89220053;-0.2105683982;1.679761529;5.474778175;39.90019428;-0.5459604263;0.2709185183;-0.07574722916;12
39.89430245;-0.2344966233;1.722832322;5.412564754;39.9022962;-0.559399426;0.3026835024;-0.0745255053;12
39.89640438;-0.2392822653;1.770688772;5.355136871;39.90439808;-0.575281918;0.3271180987;-0.0745255053;12
39.89850631;-0.2919243574;1.828116536;5.359922886;39.90650001;-0.5936078429;0.3478874862;-0.07086031139;12
39.90060824;-0.3254238665;1.8855443;5.340780258;39.90860193;-0.6119337678;0.3649916947;-0.07086031139;12
39.90271016;-0.3397808075;1.942971945;5.326423168;39.91070381;-0.6327031851;0.3759872615;-0.07086031139;12
39.90481204;-0.3589234054;1.990828395;5.30728054;39.91280574;-0.6559160352;0.382095933;-0.06963858753;12
39.90691396;-0.3828516304;2.019542217;5.288137913;39.91490766;-0.6791289449;0.389426291;-0.06597339362;12
39.90901589;-0.4163511395;2.067398787;5.2737813;39.91700959;-0.7047852278;0.3906480372;-0.06230820715;12
39.91111777;-0.4546363056;2.100898266;5.24506712;39.91911152;-0.7365502119;0.3796524704;-0.05619955808;12
39.91321969;-0.4881358147;2.129612207;5.187639713;39.92121344;-0.768315196;0.3711003661;-0.05253437161;12
39.91532162;-0.5312066078;2.158325911;5.158925533;39.92331537;-0.802523613;0.3564395905;-0.04398226365;12
39.91742355;-0.5647061467;2.187039852;5.125426292;39.92541725;-0.8428406715;0.3417788446;-0.036651887;12
39.91952548;-0.5982056856;2.191825628;5.058426857;39.92751917;-0.8831577301;0.3283398151;-0.0268780496;12
39.9216274;-0.6460621357;2.210968018;5.024927616;39.9296211;-0.9246965647;0.3185659945;-0.01710421406;12
39.92372933;-0.679561615;2.201396942;4.977071285;39.93172303;-0.9686788321;0.3087921441;-0.007330377586;12
39.9258312;-0.7226324677;2.230110645;5.000999451;39.93382495;-1.017547965;0.3026835024;0.002443459118;12
39.92793313;-0.7513462901;2.230110645;5.063212872;39.93592688;-1.065195441;0.3026835024;0.0134390248;12
39.93003506;-0.8087740541;2.215753794;5.082355499;39.93802881;-1.110399485;0.305126965;0.02565632015;12
39.93213698;-0.8757730722;2.225325108;5.13021183;39.94013074;-1.154381752;0.305126965;0.03787361458;12
39.93423891;-0.9571290612;2.187039852;5.249852657;39.94223261;-1.192255378;0.3026835024;0.04886918142;12
39.93634084;-1.014556766;2.177468538;5.422136307;39.94433454;-1.225242019;0.2990183234;0.05986474827;12
39.93844277;-1.076770186;2.158325911;5.666203976;39.94643646;-1.25456357;0.2904661894;0.06963858753;12
39.94054469;-1.115055323;2.148754835;5.986842155;39.94853834;-1.280219913;0.2758054435;0.07819069177;12
39.94264657;-1.138983607;2.091326952;6.317051888;39.95064032;-1.299767494;0.255036056;0.08796452731;12
39.9447485;-1.162911773;2.072184324;6.647261143;39.95274225;-1.311984777;0.2293797284;0.09773836285;12
39.94685042;-1.177268744;1.995614052;7.01575613;39.95484412;-1.320536971;0.2012799382;0.1075121984;12
39.9489523;-1.220339537;1.93340075;7.393822193;39.95694605;-1.322980404;0.1707367003;0.1185077652;12
39.95105428;-1.249053478;1.861616015;7.743174076;39.95904798;-1.320536971;0.1353065521;0.1307250559;12
39.9531562;-1.296909928;1.789831281;8.08295536;39.9611499;-1.313206553;0.09865466505;0.1429423541;12
39.95525808;-1.335195065;1.689332843;8.408378601;39.96325178;-1.299767494;0.06200277433;0.1527161896;12
39.95736001;-1.363908887;1.617548108;8.719446182;39.96535376;-1.280219913;0.03390299529;0.1624900252;12
39.95946193;-1.339980721;1.507478237;9.006584167;39.96745563;-1.255785227;0.01069013402;0.169820413;12
39.96156386;-1.306481123;1.426122308;9.250652313;39.96955756;-1.228907228;-0.006414080039;0.1783725172;12
39.96366574;-1.258624673;1.339980721;9.456435204;39.97165948;-1.197142243;-0.01985310577;0.1857028902;12
39.96576771;-1.191625714;1.277767301;9.638289452;39.97376141;-1.167820692;-0.03084867075;0.1930332631;12
39.96786959;-1.100698471;1.196411371;9.786644936;39.97586334;-1.133612275;-0.04062250629;0.1979201883;12
39.96997152;-1.004985452;1.124626637;9.887143135;39.97796527;-1.096960425;-0.03817904741;0.2015853822;12
39.97207344;-0.9044869542;1.091127157;9.982855797;39.98006714;-1.061530232;-0.03329212964;0.2028071135;12
39.97417537;-0.7800601721;1.062413216;10.04028416;39.98216907;-1.028543591;-0.02474002354;0.2028071135;12
39.9762773;-0.6604190469;1.071984529;10.05464077;39.984271;-0.9967786074;-0.01252272818;0.2003636509;12
39.97837923;-0.5359922647;1.091127157;10.02114105;39.98637292;-0.9662353396;-0.00152716192;0.196698457;12
39.9804811;-0.4115654826;1.091127157;9.987641335;39.98847485;-0.9356921315;0.008246674202;0.1893680841;12
39.98258303;-0.3158525825;1.110269666;9.987641335;39.99057673;-0.9088140726;0.01435532235;0.1832594275;12
39.98468495;-0.2249253243;1.143769264;9.911071777;39.9926787;-0.8917098641;0.021685699;0.1771507859;12
39.98678688;-0.1339980662;1.162911773;9.868000984;39.99478058;-0.8770490885;0.02290742844;0.169820413;12
39.98888881;-0.09092725813;1.196411371;9.753145218;39.99688251;-0.868497014;0.02412915789;0.1637117565;12
39.99099068;-0.04785645381;1.196411371;9.614361763;39.99898443;-0.8660535216;0.01924224012;0.1588248461;12
39.99309266;-0.05264209956;1.210768223;9.466006279;40.00108636;-0.8697187304;0.01191186346;0.1539379209;12
39.99519454;-0.06699903309;1.21555388;9.332008362;40.00318824;-0.8770490885;0.0009162971983;0.1514944583;12
39.99729646;-0.05742774159;1.249053478;9.212367058;40.00529021;-0.8880446553;-0.01252272818;0.1478292793;12
39.99939839;-0.04785645381;1.272981644;9.097511292;40.00739209;-0.902705431;-0.02962694131;0.1453858167;12
40.00150032;-0.02871387079;1.292124271;9.020941734;40.00949402;-0.918587923;-0.04795288667;0.1429423541;12
40.00360219;-0.004785645287;1.31126678;8.968298912;40.01159594;-0.9369138479;-0.06505709887;0.1380554438;12
40.00570417;0.0239282269;1.330409408;8.934800148;40.01369787;-0.9625701904;-0.08582650125;0.1343902498;12
40.00780605;0.01914258115;1.316052437;8.891729355;40.0157998;-0.9845613241;-0.1053741723;0.1307250559;12
40.00990798;0.0382851623;1.301695466;8.891729355;40.01790167;-1.006552458;-0.1261435747;0.123394683;12
40.0120099;0.06699903309;1.306481123;8.87258625;40.0200036;-1.028543591;-0.1420260668;0.1185077652;12
40.01411183;0.1148554832;1.292124271;8.863015175;40.02210553;-1.051756382;-0.1530216336;0.109955661;12
40.01621376;0.1722832322;1.287338614;8.848658562;40.02420745;-1.072525859;-0.1591302752;0.1026252806;12
40.01831563;0.2249253243;1.272981644;8.863015175;40.02630938;-1.089630008;-0.1627954692;0.09285144508;12
40.02041756;0.3206382394;1.277767301;8.867800713;40.02841131;-1.107956052;-0.1554650813;0.08429934084;12
40.02251949;0.4211367965;1.306481123;8.896514893;40.03051318;-1.121394992;-0.1444695145;0.07574722916;12
40.02462141;0.4929214716;1.339980721;8.934800148;40.03261511;-1.133612275;-0.1285870373;0.06719512492;12
40.02672334;0.5551348329;1.387837172;9.016156197;40.03471704;-1.145829558;-0.1078176349;0.06352993846;12
40.02882527;0.5694918036;1.416550994;9.083154678;40.03681896;-1.1519382;-0.07971785218;0.05864302069;12
40.03092714;0.5503492355;1.483550072;9.193224907;40.03892084;-1.160490394;-0.04673115537;0.0549778305;12
40.03302907;0.5168496966;1.531406522;9.30807972;40.04102277;-1.162933826;-0.0100792693;0.05619955808;12
40.035131;0.4737788737;1.564906001;9.432506561;40.04312469;-1.160490394;0.03512472659;0.05742128938;12
40.03723292;0.3876372576;1.607976794;9.528220177;40.04522662;-1.156825185;0.07910698652;0.05742128938;12
40.0393348;0.3302095234;1.64626193;9.667003632;40.04732855;-1.149494767;0.1218675226;0.05864302069;12
40.04143673;0.2584248483;1.670190215;9.810572624;40.04943042;-1.13849926;0.1646280587;0.05742128938;12
40.04353865;0.2201396823;1.694118381;9.925428391;40.05153235;-1.121394992;0.2171624303;0.05864302069;12
40.04564058;0.2009970993;1.718046665;10.07856941;40.05363428;-1.103069067;0.2733619809;0.05742128938;12
40.04774251;0.2009970993;1.746760488;10.19820976;40.0557362;-1.078634501;0.3320049942;0.05742128938;12
40.04984438;0.1722832322;1.756331801;10.31785107;40.05783813;-1.052978158;0.3808741868;0.05864302069;12
40.05194631;0.1579262912;1.794616938;10.47099209;40.05994006;-1.028543591;0.4248564541;0.06475166976;12
40.05404824;0.1435693651;1.823330879;10.65763187;40.06204198;-1.000443816;0.4615083337;0.07208204269;12
40.05615016;0.1004985496;1.837687731;10.85862923;40.06414386;-0.9772309065;0.4944950342;0.07819069177;12
40.05825209;0.0143569354;1.861616015;11.00698376;40.06624579;-0.9515746236;0.5213730931;0.08796452731;12
40.06035402;-0.09571290761;1.852044702;11.10269737;40.06834771;-0.9295834899;0.5384773016;0.09529490769;12
40.06245594;-0.2153540403;1.852044702;11.18883896;40.07044964;-0.9088140726;0.5458076596;0.1026252806;12
40.06455782;-0.3349951804;1.856830359;11.24626637;40.07255157;-0.8904881477;0.5433642268;0.109955661;12
40.06665975;-0.4211367965;1.852044702;11.27976608;40.0746535;-0.8770490885;0.5360338688;0.1160643101;12
40.06876167;-0.4929214716;1.852044702;11.35155106;40.07675542;-0.8648318052;0.5177078843;0.1221729591;12
40.0708636;-0.5120640397;1.852044702;11.37547874;40.0788573;-0.8587231636;0.4908298552;0.1258381456;12
40.07296553;-0.5024927258;1.866401672;11.38026428;40.08095922;-0.8575014472;0.4590648711;0.1282816082;12
40.07506745;-0.5264210105;1.856830359;11.38504982;40.08306115;-0.8587231636;0.4187478125;0.1295033395;12
40.07716938;-0.5599204898;1.808973908;11.38504982;40.08516308;-0.8660535216;0.3747655451;0.1282816082;12
40.07927126;-0.5599204898;1.761117458;11.36590767;40.08726495;-0.8770490885;0.3307832778;0.1209512278;12
40.08137318;-0.6077769399;1.689332843;11.37069321;40.08936693;-0.8843795061;0.2831358314;0.1148425788;12
40.08347511;-0.6125625968;1.622333765;11.35155106;40.09146881;-0.8965967894;0.2257145345;0.1075121984;12
40.08557704;-0.6125625968;1.579262972;11.38983536;40.09357074;-0.910035789;0.1670715213;0.1014035568;12
40.08767891;-0.6460621357;1.536192179;11.47597694;40.09567266;-0.9271399975;0.09987638891;0.09407317638;12
40.08978089;-0.6364908218;1.493121386;11.52383423;40.09777459;-0.9479094148;0.0314595364;0.08796452731;12
40.09188277;-0.6173482537;1.450050473;11.49990559;40.09987652;-0.9674571157;-0.03817904741;0.08429934084;12
40.09398469;-0.5982056856;1.416550994;11.49512005;40.10197839;-0.9882264733;-0.1090393662;0.08063415438;12
40.09608662;-0.5742774606;1.387837172;11.46162033;40.10408032;-1.011439323;-0.173791036;0.07941242307;12
40.09818855;-0.5694918036;1.373480201;11.43290615;40.1061823;-1.034652233;-0.2434296161;0.07941242307;12
40.10029048;-0.5694918036;1.354337573;11.38026428;40.10828417;-1.0590868;-0.3081812859;0.07941242307;12
40.10239235;-0.5886343718;1.349551916;11.34676456;40.1103861;-1.084743142;-0.3729329407;0.08063415438;12
40.10449428;-0.5982056856;1.344766378;11.31805134;40.11248798;-1.106734276;-0.4279107749;0.08185587823;12
40.10659626;-0.626919508;1.344766378;11.29890823;40.1145899;-1.132390618;-0.4755582213;0.08552107215;12
40.10869813;-0.6173482537;1.373480201;11.26540947;40.11669183;-1.155603409;-0.5183187723;0.09040798992;12
40.11080006;-0.6077769399;1.397408366;11.23190975;40.11879376;-1.176372886;-0.5537489057;0.09407317638;12
40.11290193;-0.5694918036;1.397408366;11.2510519;40.12089568;-1.198364019;-0.5794052482;0.1038470119;12
40.11500386;-0.5599204898;1.40697968;11.28933716;40.12299761;-1.216689944;-0.5965094566;0.1123991162;12
40.11710579;-0.5168496966;1.435693622;11.34197903;40.12509954;-1.230129004;-0.6013963819;0.123394683;12
40.11920771;-0.4594219327;1.459621787;11.413764;40.12720146;-1.238681078;-0.5965094566;0.1343902498;12
40.12130964;-0.4115654826;1.45483613;11.50947666;40.12930334;-1.241124511;-0.5806269646;0.146607548;12
40.12341157;-0.3158525825;1.445264935;11.59561825;40.13140527;-1.242346287;-0.5525271893;0.1588248461;12
40.1255135;-0.2344966233;1.430907965;11.72483063;40.13350719;-1.237459302;-0.5146535635;0.1710421443;12
40.12761542;-0.1196411327;1.445264935;11.82054424;40.13560912;-1.227685452;-0.4755582213;0.1795942485;12
40.1297173;0.004785645287;1.430907965;11.9162569;40.13771105;-1.210581303;-0.4242455959;0.1844811589;12
40.13181922;0.1531406492;1.435693622;12.03589821;40.13981292;-1.189811826;-0.3643808365;0.1893680841;12
40.13392115;0.3254238665;1.426122308;12.18903828;40.14191485;-1.164155602;-0.2996291816;0.1893680841;12
40.13602308;0.5168496966;1.435693622;12.36610699;40.14401678;-1.137277484;-0.2299905866;0.1893680841;12
40.13812501;0.708275497;1.445264935;12.52403355;40.1461187;-1.107956052;-0.1615737379;0.1881463528;12
40.14022688;0.8757730722;1.45483613;12.65324593;40.14822063;-1.078634501;-0.09193515033;0.1881463528;12
40.14232881;1.000199914;1.440479279;12.75374508;40.15032256;-1.049312949;-0.02107483521;0.1857028902;12
40.14443074;1.091127157;1.440479279;12.85424328;40.15242443;-1.023656607;0.04367683083;0.1832594275;12
40.14653266;1.138983607;1.383051515;12.88295746;40.15452636;-0.994335115;0.1182023361;0.1832594275;12
40.14863459;1.158126116;1.378265858;12.9882412;40.15662829;-0.9699005485;0.1915061027;0.1820377111;12
40.15073652;1.129412293;1.383051515;13.01695538;40.15873021;-0.9491311312;0.2562577724;0.1832594275;12
40.15283839;1.057627559;1.330409408;12.96909904;40.16083214;-0.9308052063;0.3087921441;0.1832594275;12
40.15494032;0.9810572863;1.339980721;12.94038486;40.16293407;-0.9161444306;0.3576613367;0.1844811589;12
40.15704225;0.9667003751;1.325623751;12.93081379;40.16503594;-0.9051488638;0.3979783952;0.1869246215;12
40.15914417;0.9571290612;1.35912323;12.93559933;40.16713787;-0.8990402222;0.432186842;0.1869246215;12
40.1612461;0.94277215;1.378265858;12.93081379;40.1692398;-0.8917098641;0.4602866173;0.1893680841;12
40.16334803;0.8997012973;1.383051515;12.94038486;40.17134173;-0.8904881477;0.4786125422;0.1893680841;12
40.1654499;0.8422735929;1.392622828;12.98345566;40.17344365;-0.8892664313;0.4847212136;0.1942549944;12
40.16755183;0.7704889178;1.397408366;13.0456686;40.17554553;-0.8904881477;0.4810560048;0.196698457;12
40.16965376;0.6699903607;1.383051515;13.12702465;40.17764745;-0.8892664313;0.4712821841;0.1991419196;12
40.17175568;0.5790630579;1.411765337;13.2275238;40.17974938;-0.8892664313;0.451734513;0.2015853822;12
40.17385761;0.4977070987;1.40697968;13.30409431;40.18185131;-0.8843795061;0.4272999167;0.2040288299;12
40.17595948;0.4259224236;1.397408366;13.41416359;40.18395324;-0.8782708645;0.3918697536;0.2015853822;12
40.17806141;0.3684946895;1.392622828;13.52423382;40.18605516;-0.868497014;0.3503309488;0.2015853822;12
40.18016334;0.3302095234;1.40697968;13.68215942;40.18815709;-0.8587231636;0.3087921441;0.1991419196;12
40.18226527;0.3014956415;1.387837172;13.87837124;40.19025896;-0.8477275968;0.2660316229;0.1991419196;12
40.18436719;0.2919243574;1.368694544;14.05543995;40.19236089;-0.8379537463;0.215940699;0.2015853822;12
40.18646912;0.2919243574;1.330409408;14.1559391;40.19446282;-0.8257364631;0.1670715213;0.2015853822;12
40.18857105;0.2919243574;1.292124271;14.22293758;40.19656475;-0.8135191798;0.1182023361;0.2040288299;12
40.19067292;0.2919243574;1.205982566;14.27557945;40.19866667;-0.8013018966;0.06933315098;0.2040288299;12
40.19277485;0.2823530734;1.138983607;14.30429363;40.20076855;-0.7841976881;0.02412915789;0.1991419196;12
40.19487678;0.3062812984;1.076770186;14.33300781;40.20287048;-0.7658717036;-0.01374445762;0.1954767257;12
40.1969787;0.3589234054;1.014556766;14.39043522;40.2049724;-0.7438805699;-0.05039634556;0.1844811589;12
40.19908063;0.4642075896;0.9714859724;14.40000629;40.20707433;-0.7206677198;-0.08093958348;0.1710421443;12
40.20118251;0.5790630579;0.94277215;14.47179127;40.20917626;-0.6925679445;-0.1102610901;0.1527161896;12
40.20328443;0.7465606928;0.9092726111;14.48614788;40.21127818;-0.6632464528;-0.1334739476;0.1319467872;12
40.20538636;0.8853443861;0.8709874153;14.53400517;40.21338011;-0.6302597523;-0.1493564397;0.1087339297;12
40.20748829;1.014556766;0.8279166222;14.58664703;40.21548204;-0.5960513353;-0.1603520066;0.08552107215;12
40.20959021;1.124626637;0.7800601721;14.60578918;40.21758391;-0.5606211424;-0.1640172005;0.06108647957;12
40.21169214;1.205982566;0.760917604;14.59621811;40.21968584;-0.5215258002;-0.1640172005;0.03909534588;12
40.21379407;1.253839016;0.7417750359;14.60578918;40.22178777;-0.4824304581;-0.1591302752;0.0183259435;12
40.215896;1.253839016;0.732203722;14.61057472;40.22388964;-0.4433351159;-0.1530216336;-0.002443459118;12
40.21799787;1.292124271;0.732203722;14.54836178;40.22599162;-0.4042397738;-0.1432477981;-0.02199113183;12
40.2200998;1.330409408;0.7226324677;14.43829155;40.2280935;-0.3688096106;-0.1346956789;-0.03909534588;12
40.22220173;1.325623751;0.7178468108;14.33779335;40.23019542;-0.3358229101;-0.1200349256;-0.05619955808;12
40.2243036;1.349551916;0.7178468108;14.16551018;40.23229735;-0.3028362095;-0.1053741723;-0.06963858753;12
40.22640558;1.339980721;0.7369893789;13.9740839;40.23439928;-0.2771798968;-0.08949168772;-0.08552107215;12
40.22850745;1.354337573;0.7800601721;13.75872993;40.23650115;-0.2551887631;-0.07238747925;-0.09773836285;12
40.23060938;1.335195065;0.8470591903;13.55294704;40.23860313;-0.2356410921;-0.05406153202;-0.109955661;12
40.23271131;1.335195065;0.9092726111;13.29452229;40.24070501;-0.2222020626;-0.03451386094;-0.1209512278;12
40.23481324;1.325623751;0.9667003751;13.03609753;40.24280693;-0.2124282271;-0.01252272818;-0.1319467872;12
40.23691511;1.287338614;1.019342422;12.77288723;40.24490886;-0.2075413018;0.008246674202;-0.1392771751;12
40.23901709;1.244267821;1.081555843;12.50010586;40.24701074;-0.2087630332;0.02535088919;-0.1453858167;12
40.24111896;1.16769743;1.11984098;12.25603771;40.24911271;-0.2112064958;0.04245510325;-0.1490510106;12
40.24322089;1.071984529;1.16769743;12.02632618;40.25121459;-0.2185368687;0.05467239767;-0.1514944583;12
40.24532282;0.9571290612;1.225125194;11.83490086;40.25331652;-0.2258672565;0.06444623321;-0.1539379209;12
40.24742469;0.866201818;1.249053478;11.61476135;40.25541844;-0.2417497337;0.07422006875;-0.1514944583;12
40.24952667;0.7657032609;1.292124271;11.413764;40.25752037;-0.2551887631;0.07544180006;-0.1490510106;12
40.25162855;0.6412764788;1.31126678;11.28455162;40.2596223;-0.269849509;0.07666353136;-0.1429423541;12
40.25373048;0.5120640397;1.335195065;11.10269737;40.26172422;-0.2893971801;0.07788526267;-0.1343902498;12
40.2558324;0.4211367965;1.35912323;10.96391296;40.2638261;-0.3077231348;0.07910698652;-0.1246164143;12
40.25793433;0.3302095234;1.397408366;10.83470058;40.26592803;-0.3297142684;0.07666353136;-0.1087339297;12
40.26003626;0.2105683982;1.421336651;10.75334454;40.26802995;-0.3504836559;0.07299833745;-0.08918625861;12
40.26213818;0.1004985496;1.445264935;10.66720295;40.27013183;-0.3736965358;0.07299833745;-0.07086031139;12
40.26424006;-0.04307080805;1.459621787;10.60977554;40.27223381;-0.3981311321;0.07299833745;-0.04642572254;12
40.26634199;-0.1770688742;1.483550072;10.60499001;40.27433568;-0.4189005196;0.07544180006;-0.02199113183;12
40.26844391;-0.3014956415;1.512263894;10.5858469;40.27643761;-0.4421133697;0.07788526267;0.003665188793;12
40.27054579;-0.4115654826;1.531406522;10.57627583;40.27853954;-0.462882787;0.08032871783;0.03054323979;12
40.27264777;-0.4737788737;1.560120344;10.61456108;40.28064146;-0.4799869955;0.08155044913;0.05619955808;12
40.27474964;-0.5503492355;1.579262972;10.66241741;40.28274339;-0.4983129501;0.08032871783;0.08307760954;12
40.27685157;-0.5599204898;1.579262972;10.76291656;40.28484532;-0.5141954422;0.07788526267;0.1087339297;12
40.2789535;-0.5790630579;1.579262972;10.88734341;40.28694719;-0.5264127254;0.07544180006;0.1343902498;12
40.28105542;-0.5551348329;1.59840548;11.0309124;40.28904912;-0.5361865759;0.07299833745;0.1576031148;12
40.28315735;-0.5312066078;1.612762451;11.15533924;40.29115105;-0.5447386503;0.06933315098;0.1795942485;12
40.28525928;-0.4881358147;1.627119422;11.24148083;40.29325298;-0.5557342172;0.06688969582;0.1991419196;12
40.28736115;-0.3972085714;1.627119422;11.35633659;40.2953549;-0.5618428588;0.07299833745;0.2162461281;12
40.28946308;-0.2727817893;1.574477315;11.44726372;40.29745678;-0.5679515004;0.07788526267;0.2309068888;12
40.29156501;-0.1435693651;1.50269258;11.54776192;40.2995587;-0.5716167092;0.0852156356;0.2419024557;12
40.29366693;-0.004785645287;1.416550994;11.65304661;40.30166063;-0.575281918;0.09376774728;0.250454545;12
40.29576886;0.1339980662;1.339980721;11.78704453;40.30376256;-0.5765036345;0.1023198515;0.2565632164;12
40.29787074;0.2536391914;1.229910851;11.95454216;40.30586448;-0.5740602016;0.1120936871;0.2590066791;12
40.29997266;0.3732803464;1.11984098;12.10289669;40.30796641;-0.5703949928;0.1218675226;0.2553414702;12
40.30207459;0.5216353536;0.9954141974;12.29432297;40.31006834;-0.5618428588;0.1316413581;0.2492328286;12
40.30417652;0.6891329288;0.8566305041;12.4618206;40.31217027;-0.5508472919;0.1377500147;0.2382372618;12
40.30627844;0.8518448472;0.6987041831;12.65324593;40.31427214;-0.5349648595;0.142636925;0.2235765159;12
40.30838037;0.9954141974;0.5312066078;12.8446722;40.31637407;-0.5154171586;0.1475238502;0.2028071135;12
40.3104823;1.13419795;0.3876372576;13.06002617;40.318476;-0.4934260249;0.1463021189;0.1795942485;12
40.31258422;1.258624673;0.2249253243;13.24188042;40.32057792;-0.466547966;0.1463021189;0.1527161896;12
40.3146861;1.392622828;0.1148554832;13.41416359;40.32267985;-0.4384481907;0.142636925;0.123394683;12
40.31678803;1.497906923;0.0143569354;13.56730461;40.32478172;-0.409126699;0.1389717311;0.09285144508;12
40.31888995;1.574477315;-0.07178468257;13.68215942;40.32688365;-0.3773617148;0.1304196268;0.06230820715;12
40.32099188;1.64626193;-0.1244267747;13.79222965;40.32898558;-0.3468184769;0.1291978955;0.03176496923;12
40.32309381;1.694118381;-0.1531406492;13.83051491;40.33108751;-0.3138317764;0.1267544478;0.002443459118;12
40.32519568;1.722832322;-0.1722832322;13.83530045;40.33318943;-0.2832885385;0.1255327165;-0.02443459071;12
40.32729761;1.708475351;-0.1962114573;13.79701519;40.33529131;-0.2564104795;0.1218675226;-0.05009091273;12
40.32939954;1.64626193;-0.1770688742;13.7108736;40.33739324;-0.2356410921;0.1230892539;-0.07208204269;12
40.33150146;1.588834286;-0.1483550072;13.60080433;40.33949516;-0.2112064958;0.1243109852;-0.09040798992;12
40.33360339;1.469193101;-0.08135596663;13.45723438;40.34159709;-0.192880556;0.1279761642;-0.1050687432;12
40.33570527;1.35912323;-0.04307080805;13.32323647;40.34369902;-0.1769980639;0.1328630894;-0.1172860414;12
40.33780719;1.21555388;0.009571290575;13.12223911;40.34580094;-0.1635590494;0.1316413581;-0.1258381456;12
40.33990912;1.081555843;0.1004985496;12.95474148;40.34790282;-0.1537852138;0.1365282834;-0.1307250559;12
40.34201105;0.9619147182;0.1722832322;12.72981644;40.35000475;-0.146454826;0.1389717311;-0.1319467872;12
40.34411298;0.8327022791;0.2536391914;12.57667542;40.35210667;-0.1403461844;0.1377500147;-0.1307250559;12
40.3462149;0.6891329288;0.3110669553;12.35175037;40.3542086;-0.1391244531;0.142636925;-0.1258381456;12
40.34831678;0.5503492355;0.3924229145;12.18903828;40.35631053;-0.1379027218;0.1438586563;-0.1172860414;12
40.3504187;0.3924229145;0.4785645306;11.99761295;40.35841245;-0.1379027218;0.1463021189;-0.1087339297;12
40.35252063;0.2488535494;0.5359922647;11.87318611;40.36051433;-0.1403461844;0.1463021189;-0.09896009415;12
40.35462256;0.1244267747;0.6077769399;11.74875927;40.36261626;-0.1415679157;0.1475238502;-0.08796452731;12
40.35672448;0.0239282269;0.6747759581;11.64347458;40.36471818;-0.142789647;0.1463021189;-0.07696896046;12
40.35882641;-0.04785645381;0.7465606928;11.52861977;40.36682011;-0.1440113783;0.1438586563;-0.06719512492;12
40.36092829;-0.1004985496;0.7944171429;11.44247818;40.36892204;-0.146454826;0.142636925;-0.05864302069;12
40.36303021;-0.1435693651;0.837487936;11.36112213;40.37102396;-0.1513417512;0.1414151937;-0.04886918142;12
40.36513214;-0.1722832322;0.8327022791;11.30848026;40.37312589;-0.1525634825;0.1414151937;-0.04153880477;12
40.36723407;-0.2009970993;0.8183453679;11.22233772;40.37522777;-0.1537852138;0.1377500147;-0.03176496923;12
40.369336;-0.2344966233;0.8422735929;11.13619614;40.37732969;-0.1550069451;0.1365282834;-0.02443459071;12
40.37143792;-0.2727817893;0.837487936;11.07398319;40.37943162;-0.1574503928;0.1353065521;-0.01588248461;12
40.37353985;-0.2727817893;0.8470591903;11.01177025;40.3815335;-0.1598938555;0.1328630894;-0.007330377586;12
40.37564172;-0.2679961324;0.8470591903;10.93519974;40.38363548;-0.1611155868;0.1340848207;0.001221729559;12
40.37774365;-0.2919243574;0.8422735929;10.82512951;40.38573735;-0.169667691;0.1389717311;0.007330377586;12
40.37984558;-0.2823530734;0.8566305041;10.72463131;40.38783933;-0.1721111536;0.1438586563;0.01466075517;12
40.38194745;-0.2536391914;0.8709874153;10.59063339;40.3899412;-0.1818849891;0.1511890292;0.01954767294;12
40.38404943;-0.2344966233;0.8853443861;10.45184898;40.39204313;-0.1916588247;0.158519417;0.02321286127;12
40.38615131;-0.1962114573;0.8949156404;10.31306553;40.39414506;-0.2014326602;0.1670715213;0.02809977904;12
40.38825329;-0.1722832322;0.9140582681;10.15992451;40.39624693;-0.216093421;0.1768453568;0.03054323979;12
40.39035516;-0.1674975902;0.9379864931;10.02592659;40.39834886;-0.2319758981;0.1853974611;0.03543015569;12
40.39245709;-0.1722832322;0.94277215;9.906285286;40.40045079;-0.2490801066;0.192727834;0.03909534588;12
40.39455902;-0.1962114573;0.9475577474;9.762716293;40.40255271;-0.2649625838;0.1988364905;0.04642572254;12
40.39666089;-0.2679961324;0.9523434043;9.638289452;40.40465464;-0.2857320011;0.2025016695;0.0549778305;12
40.39876282;-0.3349951804;0.9379864931;9.547362328;40.40675657;-0.3040579557;0.2061668634;0.06352993846;12
40.40086475;-0.4354937077;0.9236295223;9.461220741;40.4088585;-0.3248273432;0.2086103261;0.07696896046;12
40.40296667;-0.5216353536;0.9188438654;9.394221306;40.41096037;-0.3455967605;0.2061668634;0.09162971377;12
40.4050686;-0.6077769399;0.9092726111;9.355937004;40.4130623;-0.362700969;0.2061668634;0.109955661;12
40.40717053;-0.708275497;0.9284151793;9.327222824;40.41516423;-0.378583461;0.2049451321;0.1295033395;12
40.40927245;-0.8231309652;0.9188438654;9.346364975;40.41726615;-0.3956876695;0.2012799382;0.1502727419;12
40.41137433;-0.9332008362;0.9379864931;9.427721024;40.41936808;-0.4103484154;0.1976147592;0.1722638607;12
40.41347626;-1.057627559;0.9284151793;9.54257679;40.42147001;-0.4201222658;0.1902843714;0.196698457;12
40.41557818;-1.124626637;0.9044869542;9.700503349;40.42357188;-0.4250091612;0.1768453568;0.219911322;12
40.41768011;-1.191625714;0.890130043;9.858428955;40.42567381;-0.4286743701;0.1634063274;0.2394589931;12
40.41978204;-1.16769743;0.837487936;10.07856941;40.42777574;-0.4286743701;0.1438586563;0.2565632164;12
40.42188396;-1.172483087;0.7992027402;10.27478027;40.42987766;-0.4250091612;0.1243109852;0.2712239623;12
40.42398584;-1.138983607;0.70348984;10.49013424;40.43197959;-0.4140135944;0.09987638891;0.2809978127;12
40.42608777;-1.043270707;0.6077769399;10.72463131;40.43408146;-0.4017963111;0.07544180006;0.2846629918;12
40.42818969;-0.9284151793;0.4929214716;10.96391296;40.43618339;-0.3859138191;0.05100720748;0.2834412456;12
40.43029162;-0.784845829;0.3541377485;11.1505537;40.43828532;-0.3651444316;0.02657261863;0.2773326039;12
40.43239355;-0.6125625968;0.2105683982;11.35155106;40.44038725;-0.3468184769;0.0033597562;0.2675587833;12
40.43449542;-0.4498506486;0.04785645381;11.51904774;40.44248917;-0.3260490894;-0.01496618707;0.2541197538;12
40.43659735;-0.2584248483;-0.1100698411;11.61954689;40.44459105;-0.3040579557;-0.03451386094;0.2394589931;12
40.43869928;-0.09092725813;-0.2679961324;11.70090294;40.44669303;-0.2808450758;-0.05039634556;0.2211330533;12
40.4408012;0.04785645381;-0.3732803464;11.74397373;40.4487949;-0.2600756884;-0.06139190868;0.2003636509;12
40.44290313;0.1722832322;-0.4977070987;11.75354481;40.45089683;-0.2417497337;-0.07116574794;0.1832594275;12
40.44500501;0.2919243574;-0.5742774606;11.71525955;40.45299876;-0.2222020626;-0.07483093441;0.1649334878;12
40.44710699;0.3780659735;-0.6412764788;11.66740322;40.45510063;-0.2038761228;-0.07605266571;0.146607548;12
40.44920886;0.4450650215;-0.6699903607;11.60519028;40.45720256;-0.1892153621;-0.07238747925;0.1282816082;12
40.45131079;0.5168496966;-0.6652047038;11.5334053;40.45930449;-0.1733328849;-0.06505709887;0.1123991162;12
40.45341271;0.5790630579;-0.6604190469;11.44726372;40.46140641;-0.1574503928;-0.05406153202;0.09896009415;12
40.45551459;0.626919508;-0.6604190469;11.36590767;40.46350834;-0.1415679157;-0.03940077871;0.08429934084;12
40.45761652;0.6412764788;-0.6125625968;11.29890823;40.46561021;-0.1293506175;-0.02107483521;0.073303774;12
40.45971844;0.6412764788;-0.5982056856;11.24626637;40.46771214;-0.1146898642;-0.003970621154;0.06230820715;12
40.46182037;0.6125625968;-0.5694918036;11.18883896;40.46981407;-0.1012508348;0.009468403645;0.05131264031;12
40.4639223;0.5742774606;-0.5120640397;11.14098263;40.471916;-0.08781181276;0.021685699;0.04398226365;12
40.46602417;0.5407779217;-0.4977070987;11.11226845;40.47401792;-0.07315105945;0.03023780696;0.03298669681;12
40.4681261;0.5072783828;-0.4642075896;11.07398319;40.47611985;-0.05849030241;0.03512472659;0.02565632015;12
40.47022803;0.4546363056;-0.4450650215;11.03569794;40.47822178;-0.04627300799;0.03878991306;0.01954767294;12
40.47232995;0.4211367965;-0.4307080805;11.00219822;40.48032365;-0.03283398226;0.03878991306;0.0134390248;12
40.47443188;0.3972085714;-0.4211367965;10.95434189;40.48242558;-0.01939495653;0.03756818548;0.007330377586;12
40.47653381;0.3684946895;-0.4067798555;10.90648556;40.48452751;-0.005955931731;0.03878991306;0.002443459118;12
40.47863574;0.3206382394;-0.4163511395;10.83470058;40.48662943;0.001374445739;0.04001164436;-0.001221729559;12
40.48073761;0.2727817893;-0.4067798555;10.7677021;40.48873136;0.009926552884;0.04245510325;-0.002443459118;12
40.48283954;0.1962114573;-0.3972085714;10.66241741;40.49083329;0.01603520103;0.04734202102;-0.003665188793;12
40.48494146;0.1435693651;-0.3684946895;10.60020447;40.49293516;0.01847865991;0.05345066637;-0.001221729559;12
40.48704339;0.07178468257;-0.3541377485;10.46620655;40.49503714;0.0209221188;0.05955931544;0.0;12
40.48914532;0.004785645287;-0.3349951804;10.33220863;40.49713902;0.0209221188;0.06811141968;0.002443459118;12
40.49124725;-0.04307080805;-0.3062812984;10.23170948;40.49924094;0.01970038936;0.07299833745;0.006108647678;12
40.49334912;-0.0765703246;-0.2440679073;10.10728264;40.50134287;0.01481347065;0.08155044913;0.01099556591;12
40.4954511;-0.09092725813;-0.2105683982;10.0019989;40.50344475;0.01114828233;0.09132428467;0.01466075517;12
40.49755298;-0.1100698411;-0.1674975902;9.882357597;40.50554667;0.006261364091;0.1023198515;0.02076940238;12
40.4996549;-0.1339980662;-0.1579262912;9.762716293;40.5076486;-0.001069013379;0.1084285006;0.02565632015;12
40.50175683;-0.1531406492;-0.1244267747;9.671789169;40.50975053;-0.009621120058;0.1145371497;0.03298669681;12
40.5038587;-0.1770688742;-0.1052841991;9.595218658;40.51185245;-0.0157297682;0.1194240674;0.04031707719;12
40.50596063;-0.1962114573;-0.07178468257;9.518648148;40.51395438;-0.02550360374;0.1206457913;0.04642572254;12
40.50806256;-0.2057827413;-0.07178468257;9.466006279;40.51605631;-0.03161225095;0.1243109852;0.05009091273;12
40.51016449;-0.2297109663;-0.05264209956;9.422935486;40.51815818;-0.0426078178;0.1255327165;0.0549778305;12
40.51226641;-0.2392822653;-0.06699903309;9.370293617;40.52026011;-0.05115992576;0.1304196268;0.05986474827;12
40.51436834;-0.2249253243;-0.05264209956;9.332008362;40.52236204;-0.05604684353;0.1340848207;0.06230820715;12
40.51647027;-0.2057827413;-0.06221338734;9.312865257;40.52446396;-0.06459894776;0.1401934624;0.06475166976;12
40.51857214;-0.1674975902;-0.06221338734;9.298508644;40.52656589;-0.06948586553;0.1475238502;0.06352993846;12
40.52067407;-0.1435693651;-0.1004985496;9.351150513;40.52866777;-0.07315105945;0.1524107605;0.06597339362;12
40.522776;-0.1052841991;-0.1052841991;9.466006279;40.53076969;-0.07315105945;0.158519417;0.06597339362;12
40.52487792;-0.06699903309;-0.09571290761;9.580862045;40.53287162;-0.0743727833;0.1646280587;0.06719512492;12
40.52697985;-0.05742774159;-0.06699903309;9.667003632;40.53497355;-0.07192932814;0.169514969;0.06841685623;12
40.52908173;-0.05742774159;-0.05742774159;9.815358162;40.53707548;-0.06704241037;0.169514969;0.06841685623;12
40.53118365;-0.08614161611;-0.08135596663;9.949356079;40.53917735;-0.05971203372;0.16584979;0.06841685623;12
40.53328558;-0.1292124242;-0.1387837082;10.08814049;40.54127928;-0.05115992576;0.1548542231;0.06597339362;12
40.53538751;-0.1531406492;-0.2105683982;10.22692394;40.5433812;-0.04016435891;0.142636925;0.06475166976;12
40.53748943;-0.1914258152;-0.2727817893;10.3226366;40.54548313;-0.02794706449;0.1255327165;0.06108647957;12
40.53959131;-0.2105683982;-0.3445664644;10.42313576;40.54758506;-0.01695149764;0.1072067693;0.05619955808;12
40.54169324;-0.2201396823;-0.4019941986;10.49491978;40.54968698;-0.007177661173;0.0852156356;0.05131264031;12
40.54379516;-0.2153540403;-0.4307080805;10.56191921;40.55178891;0.005039634649;0.06078104675;0.04642572254;12
40.54589709;-0.1962114573;-0.4594219327;10.5858469;40.55389084;0.01237001177;0.03756818548;0.04031707719;12
40.54799902;-0.1962114573;-0.4977070987;10.56670475;40.55599271;0.0209221188;0.01924224012;0.036651887;12
40.55010094;-0.1866401732;-0.5216353536;10.55234814;40.55809464;0.02580903657;0.0009162971983;0.03054323979;12
40.55220287;-0.1866401732;-0.5168496966;10.52363396;40.56019657;0.03069595434;-0.01374445762;0.0268780496;12
40.5543048;-0.1866401732;-0.5216353536;10.43270683;40.5622985;0.03436114267;-0.02229656465;0.02321286127;12
40.55640667;-0.2009970993;-0.4833501875;10.36092186;40.56440037;0.03802633286;-0.02840521187;0.02076940238;12
40.5585086;-0.2009970993;-0.4450650215;10.29392338;40.56650235;0.03802633286;-0.03084867075;0.01710421406;12
40.56061053;-0.2057827413;-0.3924229145;10.19342422;40.56860422;0.03558287397;-0.03084867075;0.01710421406;12
40.56271245;-0.2153540403;-0.3637090325;10.12164021;40.57070615;0.03313941509;-0.02840521187;0.01466075517;12
40.56481433;-0.2201396823;-0.2967100143;10.04506969;40.57280808;0.0294742249;-0.02840521187;0.01588248461;12
40.56691631;-0.2297109663;-0.2679961324;9.963713646;40.57491001;0.02580903657;-0.02718348242;0.01466075517;12
40.56901818;-0.2488535494;-0.2297109663;9.901499748;40.57701193;0.02214384824;-0.02474002354;0.0183259435;12
40.57112011;-0.2488535494;-0.2009970993;9.858428955;40.57911381;0.01481347065;-0.03084867075;0.02076940238;12
40.57322204;-0.2775674164;-0.1818545163;9.796216011;40.58121574;0.009926552884;-0.03573558852;0.02443459071;12
40.57532396;-0.3062812984;-0.1627119333;9.767501831;40.58331766;0.001374445739;-0.04062250629;0.0268780496;12
40.57742589;-0.2967100143;-0.1292124242;9.695717812;40.58541959;-0.00351247238;-0.04550942779;0.03054323979;12
40.57952777;-0.3014956415;-0.1196411327;9.667003632;40.58752152;-0.0108428495;-0.04917461425;0.03298669681;12
40.58162969;-0.2919243574;-0.1339980662;9.633503914;40.58962339;-0.01939495653;-0.05406153202;0.03298669681;12
40.58373162;-0.2823530734;-0.1435693651;9.600004196;40.59172532;-0.02916879393;-0.05772672221;0.03543015569;12
40.58583355;-0.2584248483;-0.1531406492;9.561718941;40.59382725;-0.03649916872;-0.06139190868;0.03543015569;12
40.58793548;-0.2488535494;-0.1387837082;9.552147865;40.59592917;-0.04505127668;-0.06139190868;0.03420842811;12
40.59003735;-0.2392822653;-0.1435693651;9.533005714;40.5980311;-0.05360338464;-0.06505709887;0.03543015569;12
40.59213928;-0.2105683982;-0.1483550072;9.533005714;40.60013303;-0.05849030241;-0.06627883017;0.03543015569;12
40.5942412;-0.1579262912;-0.1531406492;9.523433685;40.6022349;-0.06459894776;-0.07116574794;0.03543015569;12
40.59634313;-0.1100698411;-0.1627119333;9.523433685;40.60433683;-0.07070759684;-0.07238747925;0.036651887;12
40.59844506;-0.1052841991;-0.1531406492;9.499505997;40.60643876;-0.07559451461;-0.07238747925;0.03787361458;12
40.60054698;-0.07178468257;-0.1579262912;9.509077072;40.60854068;-0.08170316368;-0.07116574794;0.03909534588;12
40.60264886;-0.04307080805;-0.1866401732;9.485149384;40.61064261;-0.08659008145;-0.06872228533;0.04153880477;12
40.60475079;-0.04307080805;-0.2009970993;9.480362892;40.61274454;-0.09025526792;-0.06261363626;0.04398226365;12
40.60685271;-0.0382851623;-0.2057827413;9.461220741;40.61484646;-0.09636391699;-0.05283980444;0.04886918142;12
40.60895464;-0.05264209956;-0.2057827413;9.485149384;40.61694834;-0.1000291109;-0.03940077871;0.05375609919;12
40.61105657;-0.06221338734;-0.2057827413;9.533005714;40.61905027;-0.1012508348;-0.02107483521;0.05742128938;12
40.6131585;-0.06221338734;-0.1866401732;9.580862045;40.62115219;-0.1036942974;-0.005192350596;0.06230820715;12
40.61526042;-0.06221338734;-0.1962114573;9.628718376;40.62325412;-0.1049160287;0.01191186346;0.06597339362;12
40.6173623;-0.05742774159;-0.1914258152;9.69093132;40.62535605;-0.1024725661;0.02657261863;0.07208204269;12
40.61946422;-0.04307080805;-0.1962114573;9.767501831;40.62745792;-0.1000291109;0.04245510325;0.073303774;12
40.62156615;-0.009571290575;-0.2153540403;9.824930191;40.62955985;-0.09514218569;0.05222893879;0.073303774;12
40.62366808;0.004785645287;-0.2440679073;9.891928673;40.63166178;-0.08781181276;0.05711585656;0.073303774;12
40.62577001;0.06221338734;-0.2584248483;9.992427826;40.6337637;-0.08292489499;0.05955931544;0.07208204269;12
40.62787188;0.1148554832;-0.2727817893;10.07378292;40.63586563;-0.07559451461;0.06200277433;0.07086031139;12
40.62997381;0.1627119333;-0.3014956415;10.12642574;40.63796756;-0.06704241037;0.05833758786;0.06719512492;12
40.63207574;0.2057827413;-0.3254238665;10.18863869;40.64006949;-0.0609337613;0.05467239767;0.06475166976;12
40.63417766;0.2297109663;-0.3541377485;10.24128056;40.64217136;-0.05238165334;0.04734202102;0.06108647957;12
40.63627959;0.2536391914;-0.3637090325;10.33699417;40.64427329;-0.04871646687;0.04123337194;0.05986474827;12
40.63838152;0.2201396823;-0.3637090325;10.4279213;40.64637521;-0.04138609022;0.0314595364;0.05864302069;12
40.64048344;0.2201396823;-0.3828516304;10.51406288;40.64847714;-0.03527744114;0.021685699;0.05619955808;12
40.64258532;0.2057827413;-0.3876372576;10.61934662;40.65057902;-0.03161225095;0.00702494476;0.05375609919;12
40.64468725;0.2153540403;-0.3876372576;10.69113159;40.65268094;-0.0242818743;-0.00152716192;0.04764745384;12
40.64678917;0.2201396823;-0.4163511395;10.76291656;40.65478287;-0.02061668597;-0.01496618707;0.04276053607;12
40.6488911;0.2584248483;-0.4259224236;10.83470058;40.6568848;-0.01450803876;-0.02474002354;0.036651887;12
40.65099298;0.3062812984;-0.4546363056;10.90648556;40.65898673;-0.0108428495;-0.03817904741;0.0268780496;12
40.6530949;0.3445664644;-0.4881358147;10.96391296;40.66108865;-0.008399390616;-0.05161807314;0.0183259435;12
40.65519683;0.3828516304;-0.5168496966;11.0309124;40.66319053;0.001374445739;-0.06505709887;0.008552107029;12
40.65729876;0.4450650215;-0.5168496966;11.08355427;40.66529245;0.006261364091;-0.07483093441;-0.003665188793;12
40.65940068;0.5024927258;-0.5216353536;11.16012478;40.66739438;0.01359174121;-0.08216131479;-0.01466075517;12
40.66150261;0.5359922647;-0.5120640397;11.22233772;40.66949626;0.02336557768;-0.08582650125;-0.0268780496;12
40.66360448;0.5647061467;-0.4977070987;11.29890823;40.67159824;0.02825249545;-0.09193515033;-0.03787361458;12
40.66570641;0.5551348329;-0.4785645306;11.34676456;40.67370016;0.03924806044;-0.09926552325;-0.05009091273;12
40.66780834;0.5599204898;-0.4881358147;11.37069321;40.67580204;0.05268708616;-0.1029307172;-0.05986474827;12
40.66991021;0.5455635786;-0.4689932466;11.40419292;40.67790396;0.06246092543;-0.1053741723;-0.07086031139;12
40.67201219;0.5742774606;-0.4689932466;11.44247818;40.68000589;0.07467821985;-0.1053741723;-0.08185587823;12
40.67411412;0.5694918036;-0.4307080805;11.46162033;40.68210782;0.0856737867;-0.1004872546;-0.09040798992;12
40.676216;0.5503492355;-0.3924229145;11.46640587;40.68420969;0.09544762224;-0.09315688163;-0.09773836285;12
40.67831792;0.5168496966;-0.3397808075;11.45204926;40.68631162;0.1052214578;-0.08460476995;-0.1026252806;12
40.68041985;0.4833501875;-0.2679961324;11.41854954;40.68841355;0.1113301069;-0.06872228533;-0.1014035568;12
40.68252178;0.4450650215;-0.1866401732;11.37069321;40.69051548;0.1174387559;-0.05283980444;-0.1001818255;12
40.68462365;0.3732803464;-0.1052841991;11.28455162;40.6926174;0.1186604798;-0.03451386094;-0.09651663154;12
40.68672558;0.3110669553;-0.0239282269;11.20798111;40.69471933;0.1186604798;-0.01130099874;-0.09285144508;12
40.68882751;0.2679961324;0.0765703246;11.12662506;40.69682126;0.1162170246;0.009468403645;-0.08796452731;12
40.69092943;0.2057827413;0.1674975902;11.06441212;40.69892318;0.113773562;0.03512472659;-0.08185587823;12
40.69303136;0.1722832322;0.2249253243;10.95912743;40.70102506;0.1064431891;0.06078104675;-0.0745255053;12
40.69513329;0.1244267747;0.2823530734;10.85862923;40.70312699;0.1015562713;0.09010255337;-0.06719512492;12
40.69723521;0.1100698411;0.3445664644;10.79641533;40.70522891;0.09544762224;0.1194240674;-0.05986474827;12
40.69933714;0.09092725813;0.4259224236;10.74377346;40.70733084;0.0856737867;0.1463021189;-0.05009091273;12
40.70143902;0.06221338734;0.5120640397;10.74377346;40.70943271;0.07834340632;0.169514969;-0.04153880477;12
40.70354094;0.0382851623;0.5982056856;10.78684425;40.71153464;0.06979130208;0.1902843714;-0.03420842811;12
40.70564287;0.009571290575;0.650847733;10.83470058;40.71363657;0.06001746282;0.2073885947;-0.02932151034;12
40.7077448;0.004785645287;0.6939185858;10.93998528;40.7157385;0.05146535859;0.2208276242;-0.02321286127;12
40.70984667;-0.004785645287;0.7226324677;11.05005455;40.71784042;0.04291325063;0.2281579971;-0.01588248461;12
40.7119486;-0.004785645287;0.7274180651;11.12183952;40.71994235;0.03558287397;0.2257145345;-0.007330377586;12
40.71405053;-0.04307080805;0.756131947;11.21276665;40.72204428;0.02703076601;0.215940699;0.003665188793;12
40.71615245;-0.08614161611;0.7417750359;11.34676456;40.72414615;0.02214384824;0.2000582218;0.01954767294;12
40.71825438;-0.1244267747;0.760917604;11.56211948;40.72624808;0.01970038936;0.1768453568;0.02932151034;12
40.72035631;-0.2153540403;0.7513462901;11.77747345;40.72835001;0.01603520103;0.1487455666;0.04153880477;12
40.72245824;-0.3158525825;0.7752745152;11.96889877;40.73045193;0.01603520103;0.1218675226;0.05375609919;12
40.72456011;-0.3397808075;0.813559711;12.18425274;40.73255381;0.01603520103;0.08765909821;0.06108647957;12
40.72666204;-0.3110669553;0.8853443861;12.42832088;40.73465574;0.01970038936;0.05100720748;0.06841685623;12
40.72876396;-0.2775674164;0.9140582681;12.69153118;40.73675766;0.02458730713;0.01557705179;0.07086031139;12
40.73086589;-0.2201396823;0.9236295223;12.9451704;40.73885959;0.03313941509;-0.02596175298;0.07208204269;12
40.73296777;-0.1579262912;0.9140582681;13.17966747;40.74096152;0.04291325063;-0.06750056148;0.06841685623;12
40.73506969;-0.05264209956;0.8949156404;13.44287777;40.74306344;0.05390881747;-0.1114828214;0.06352993846;12
40.73717162;0.07178468257;0.8566305041;13.68694592;40.74516532;0.06734783947;-0.1530216336;0.05619955808;12
40.73927355;0.1962114573;0.8279166222;13.90229988;40.74726725;0.08078686893;-0.1957821548;0.04642572254;12
40.74137548;0.2967100143;0.7657032609;14.10808277;40.74936917;0.09300415963;-0.2360992432;0.03787361458;12
40.7434774;0.3876372576;0.7130611539;14.27079391;40.7514711;0.1076649204;-0.2727511227;0.02443459071;12
40.74557928;0.4594219327;0.6556333899;14.41436386;40.75357303;0.1223256737;-0.3045161068;0.01221729536;12
40.7476812;0.5024927258;0.6077769399;14.54836178;40.7556749;0.1394298822;-0.3326158822;0.002443459118;12
40.74978313;0.5503492355;0.5838487148;14.65364552;40.75777683;0.150425449;-0.3533852696;-0.008552107029;12
40.75188506;0.5790630579;0.5694918036;14.76371574;40.75987876;0.1638644785;-0.3717112243;-0.0183259435;12
40.75398699;0.6173482537;0.6077769399;14.84028625;40.76198068;0.1760817766;-0.3851502538;-0.0268780496;12
40.75608886;0.650847733;0.6604190469;14.88335705;40.76408261;0.1882990748;-0.393702358;-0.03420842811;12
40.75819079;0.679561615;0.6843472719;14.95035553;40.76618454;0.200516358;-0.4022544622;-0.03787361458;12
40.76029271;0.6891329288;0.7417750359;14.98864079;40.76828641;0.2127336562;-0.4083631039;-0.03909534588;12
40.76239464;0.6843472719;0.813559711;15.01256943;40.77038834;0.2212857604;-0.4120282829;-0.04153880477;12
40.76449657;0.679561615;0.8949156404;15.07478237;40.77249027;0.2347247899;-0.4156934917;-0.04153880477;12
40.7665985;0.6891329288;0.9571290612;15.07956791;40.77459219;0.246942088;-0.4218021333;-0.04276053607;12
40.76870037;0.6987041831;1.028913736;15.13699627;40.77669412;0.2591593862;-0.4156934917;-0.04520399496;12
40.7708023;0.7226324677;1.095912814;15.24706554;40.77879605;0.2713766694;-0.4083631039;-0.04764745384;12
40.77290423;0.756131947;1.13419795;15.37149239;40.78089798;0.2811505198;-0.4022544622;-0.04764745384;12
40.77500615;0.7944171429;1.1820544;15.39542103;40.78299985;0.2909243405;-0.3985892832;-0.04642572254;12
40.77710808;0.7896314859;1.234696507;15.39063549;40.78510178;0.2994764447;-0.3961458206;-0.04398226365;12
40.77921001;0.8087740541;1.277767301;15.42892075;40.7872037;0.3092502952;-0.3998109996;-0.04398226365;12
40.78131193;0.8279166222;1.320838094;15.45763397;40.78930563;0.3190241456;-0.4034761786;-0.04398226365;12
40.78341381;0.8566305041;1.349551916;15.467206;40.79140756;0.3263545036;-0.4022544622;-0.04520399496;12
40.78551574;0.9044869542;1.378265858;15.46241951;40.79350948;0.3336848915;-0.4034761786;-0.04764745384;12
40.78761766;0.9571290612;1.378265858;15.43849182;40.79561136;0.3410152495;-0.3998109996;-0.05131264031;12
40.78971959;1.033699393;1.387837172;15.43370628;40.79771329;0.3471239209;-0.3900371492;-0.05742128938;12
40.79182152;1.095912814;1.402194023;15.39063549;40.79981521;0.3507890999;-0.3778198659;-0.06230820715;12
40.79392344;1.1820544;1.40697968;15.31885052;40.80191714;0.3568977416;-0.3582721949;-0.06719512492;12
40.79602532;1.253839016;1.430907965;15.22792339;40.80401902;0.3605629504;-0.3338375986;-0.073303774;12
40.79812725;1.335195065;1.450050473;15.14178181;40.80612094;0.3593412042;-0.3094030023;-0.08063415438;12
40.80022917;1.373480201;1.483550072;15.0652113;40.80822287;0.3630063832;-0.2764163017;-0.08552107215;12
40.8023311;1.459621787;1.526620865;14.93599892;40.8103248;0.366671592;-0.2422078848;-0.09162971377;12
40.80443298;1.536192179;1.579262972;14.84028625;40.81242672;0.3715584874;-0.2092211843;-0.09651663154;12
40.8065349;1.59840548;1.631905079;14.7397871;40.8145286;0.3715584874;-0.1701258421;-0.1014035568;12
40.80863683;1.665404558;1.722832322;14.66321754;40.81663053;0.37400195;-0.1334739476;-0.1075121984;12
40.81073876;1.732403636;1.789831281;14.62971783;40.81873251;0.3776671588;-0.0968220681;-0.1136208475;12
40.81284068;1.775474429;1.832902193;14.61057472;40.82083438;0.3788888752;-0.06139190868;-0.1185077652;12
40.81494256;1.808973908;1.880758643;14.62014675;40.82293631;0.3813323379;-0.02596175298;-0.1258381456;12
40.81704449;1.818545222;1.914258122;14.59621811;40.82503824;0.3825540543;0.002138026757;-0.1319467872;12
40.81914646;1.832902193;1.923829436;14.6392889;40.82714016;0.3801106215;0.0314595364;-0.1404989064;12
40.82124834;1.813759565;1.914258122;14.65364552;40.82924209;0.3788888752;0.05345066637;-0.1453858167;12
40.82335027;1.780260086;1.875972986;14.67278862;40.83134396;0.3764454126;0.06688969582;-0.1551596522;12
40.82545219;1.751546144;1.823330879;14.70150185;40.83344589;0.3752236962;0.07299833745;-0.1637117565;12
40.82755412;1.718046665;1.698904037;14.7397871;40.83554782;0.3776671588;0.08032871783;-0.1722638607;12
40.82965605;1.698904037;1.59840548;14.86899948;40.83764975;0.3825540543;0.0852156356;-0.1808159798;12
40.83175792;1.627119422;1.469193101;14.98864079;40.83975162;0.3911061883;0.08399390429;-0.1869246215;12
40.83385985;1.483550072;1.378265858;15.1226387;40.84185355;0.3996582925;0.08277218044;-0.1918115467;12
40.83596178;1.335195065;1.272981644;15.27099419;40.84395548;0.4143190384;0.07299833745;-0.196698457;12
40.8380637;1.1820544;1.201196909;15.4480629;40.8460574;0.4326449931;0.06688969582;-0.2015853822;12
40.84016558;1.043270707;1.129412293;15.64427471;40.84815933;0.4521926641;0.05467239767;-0.2040288299;12
40.84226751;0.9284151793;1.057627559;15.82612896;40.85026126;0.4754055142;0.04001164436;-0.2064722925;12
40.84436943;0.8279166222;1.019342422;16.00319862;40.85236313;0.5022835732;0.02412915789;-0.2076940238;12
40.84647136;0.7513462901;0.9523434043;16.1515522;40.85446511;0.5291616321;0.0033597562;-0.2040288299;12
40.84857329;0.6412764788;0.8949156404;16.28555107;40.85656698;0.563370049;-0.01618791744;-0.1991419196;12
40.85067521;0.5359922647;0.8183453679;16.39562035;40.85866891;0.5951350331;-0.0418442376;-0.1942549944;12
40.85277709;0.4211367965;0.7657032609;16.51047707;40.86077084;0.6305651665;-0.06994401664;-0.1869246215;12
40.85487907;0.2344966233;0.70348984;16.59183311;40.86287271;0.6647735834;-0.0968220681;-0.1771507859;12
40.85698094;0.1196411327;0.6604190469;16.68276024;40.86497469;0.7002037764;-0.1212566569;-0.1673769504;12
40.85908287;0.02871387079;0.6604190469;16.74497223;40.86707657;0.7356339097;-0.1444695145;-0.1600465775;12
40.8611848;-0.0143569354;0.6699903607;16.74018669;40.8691785;0.7698423266;-0.1652389169;-0.1514944583;12
40.86328667;-0.0239282269;0.6699903607;16.70668793;40.87128042;0.8028290272;-0.1872300506;-0.1453858167;12
40.86538865;-0.03349951655;0.650847733;16.63968849;40.87338235;0.8321505189;-0.2031125426;-0.1380554438;12
40.86749053;-0.0239282269;0.6460621357;16.52004814;40.87548422;0.8602503538;-0.2153298408;-0.1343902498;12
40.86959245;-0.004785645287;0.650847733;16.35255051;40.8775862;0.8822414875;-0.227547124;-0.1295033395;12
40.87169438;0.03349951655;0.6364908218;16.18505287;40.87968808;0.9042325616;-0.2336557806;-0.1258381456;12
40.87379631;0.04307080805;0.6317051649;15.96491241;40.88179001;0.9201150537;-0.2385426909;-0.1209512278;12
40.87589818;0.05264209956;0.6173482537;15.77827263;40.88389193;0.9323323965;-0.2422078848;-0.1172860414;12
40.87800016;0.1052841991;0.5982056856;15.52463341;40.88599386;0.9408844709;-0.2397644222;-0.1148425788;12
40.88010204;0.1435693651;0.5790630579;15.22313786;40.88809579;0.9457713962;-0.2348775119;-0.1123991162;12
40.88220396;0.1962114573;0.5551348329;14.93121338;40.89019766;0.9445496798;-0.223881945;-0.1111773923;12
40.88430589;0.2488535494;0.5455635786;14.65843105;40.89229959;0.9408844709;-0.2153298408;-0.109955661;12
40.88640782;0.3110669553;0.5359922647;14.37607861;40.89440152;0.9335541129;-0.1994473487;-0.109955661;12
40.88850975;0.3972085714;0.5312066078;14.09851074;40.89650344;0.9274454713;-0.1860083193;-0.1111773923;12
40.89061162;0.4689932466;0.5359922647;13.81137276;40.89860537;0.9164499044;-0.1701258421;-0.1123991162;12
40.89271355;0.5312066078;0.5264210105;13.54337597;40.9007073;0.9030108452;-0.1579085439;-0.1160643101;12
40.89481548;0.6125625968;0.5024927258;13.328022;40.90280917;0.8956804872;-0.1420260668;-0.1197294965;12
40.8969174;0.6652047038;0.4785645306;13.14616776;40.9049111;0.8846849203;-0.127365306;-0.1258381456;12
40.89901933;0.7274180651;0.4546363056;12.99781227;40.90701303;0.8749110699;-0.1114828214;-0.1343902498;12
40.90112126;0.8039883971;0.4354937077;12.88295746;40.90911495;0.8712459207;-0.09560033679;-0.1429423541;12
40.90322313;0.8757730722;0.4259224236;12.78724384;40.91121688;0.8675807118;-0.07971785218;-0.1539379209;12
40.90532506;0.94277215;0.4163511395;12.75374508;40.91331876;0.8675807118;-0.06139190868;-0.1661552191;12
40.90742698;1.024128079;0.4115654826;12.76331615;40.91542068;0.8700241446;-0.04428769648;-0.1808159798;12
40.90952891;1.105484009;0.4307080805;12.75374508;40.91752261;0.8724676371;-0.02474002354;-0.1942549944;12
40.91163084;1.177268744;0.4211367965;12.78245831;40.91962454;0.8810197115;-0.003970621154;-0.2076940238;12
40.91373271;1.210768223;0.3924229145;12.79681587;40.92172646;0.8895718455;0.01191186346;-0.219911322;12
40.91583464;1.225125194;0.3828516304;12.79681587;40.92382839;0.9005674124;0.02290742844;-0.2321286201;12
40.91793657;1.172483087;0.3397808075;12.79681587;40.92593032;0.914006412;0.02901607752;-0.2406807244;12
40.9200385;1.129412293;0.2823530734;12.75853062;40.92803225;0.9298889041;0.03756818548;-0.2516762912;12
40.92214042;1.057627559;0.2057827413;12.77767277;40.93013412;0.9469931126;0.04612028971;-0.2602283955;12
40.92424235;0.9714859724;0.1627119333;12.81595802;40.93223605;0.9689842463;0.05467239767;-0.2700022459;12
40.92634428;0.8997012973;0.1387837082;12.83031464;40.93433792;0.9921970963;0.06078104675;-0.2773326039;12
40.9284462;0.8183453679;0.1100698411;12.87338543;40.9364399;1.017853379;0.07177661359;-0.2846629918;12
40.93054808;0.7417750359;0.09092725813;12.92602825;40.93854178;1.043509722;0.09010255337;-0.289549917;12
40.93265001;0.6604190469;0.06221338734;12.97388458;40.9406437;1.07038784;0.105985038;-0.293215096;12
40.93475188;0.5647061467;0.06221338734;13.0073843;40.94274563;1.094822407;0.1230892539;-0.2956585586;12
40.93685386;0.4737788737;0.009571290575;12.99302673;40.94484756;1.121700406;0.1401934624;-0.2956585586;12
40.93895574;0.3493520916;-0.0382851623;12.93081379;40.94694949;1.147356749;0.1560759544;-0.2944368124;12
40.94105766;0.2201396823;-0.1004985496;12.85902882;40.94905136;1.171791315;0.16584979;-0.2907716334;12
40.94315959;0.06221338734;-0.1579262912;12.76331615;40.95115329;1.195004225;0.1719584316;-0.2858847082;12
40.94526152;-0.08614161611;-0.2105683982;12.68674564;40.95325521;1.218217134;0.1719584316;-0.2797760665;12
40.94736344;-0.1962114573;-0.2823530734;12.61974621;40.95535714;1.245095134;0.1682932526;-0.2761108875;12
40.94946532;-0.2967100143;-0.3397808075;12.53839111;40.95745907;1.265864491;0.1621845961;-0.2700022459;12
40.95156725;-0.3684946895;-0.3924229145;12.48574829;40.959561;1.295186043;0.1572976857;-0.2651153207;12
40.95366917;-0.4402793646;-0.4115654826;12.45703506;40.96166287;1.320842385;0.1499672979;-0.2577849329;12
40.9557711;-0.4977070987;-0.3924229145;12.42832088;40.9637648;1.350163937;0.1389717311;-0.2528980076;12
40.95787303;-0.5599204898;-0.3206382394;12.40917778;40.96586673;1.373376727;0.1316413581;-0.2419024557;12
40.95997495;-0.6556333899;-0.2392822653;12.36132145;40.96796865;1.39903307;0.1194240674;-0.2296851575;12
40.96207683;-0.7178468108;-0.1818545163;12.28953743;40.97007058;1.425911069;0.1145371497;-0.2174678594;12
40.96417876;-0.7896314859;-0.1292124242;12.16511059;40.97217245;1.447902203;0.1072067693;-0.2052505612;12
40.96628068;-0.8757730722;-0.09571290761;12.0167551;40.97427438;1.467449903;0.09987638891;-0.1918115467;12
40.96838261;-0.9475577474;-0.08614161611;11.84447193;40.97637631;1.48211062;0.09132428467;-0.1759290546;12
40.97048454;-1.009771109;-0.05742774159;11.60040379;40.97847824;1.496771455;0.08888082206;-0.1649334878;12
40.97258641;-1.062413216;-0.03349951655;11.37547874;40.98058016;1.507766962;0.0864373669;-0.1514944583;12
40.97468834;-1.081555843;-0.0239282269;11.12662506;40.98268209;1.517540812;0.08399390429;-0.1380554438;12
40.97679027;-1.105484009;-0.009571290575;10.86341476;40.98478402;1.52487123;0.08765909821;-0.1258381456;12
40.97889219;-1.100698471;0.04307080805;10.60020447;40.98688589;1.532201529;0.09010255337;-0.1123991162;12
40.98099412;-1.115055323;0.08614161611;10.34656525;40.98898782;1.533423305;0.09621120244;-0.1001818255;12
40.98309605;-1.124626637;0.1387837082;10.09292603;40.99108975;1.533423305;0.09987638891;-0.09040798992;12
40.98519798;-1.129412293;0.1962114573;9.863214493;40.99319167;1.535866737;0.1084285006;-0.08063415438;12
40.98729985;-1.138983607;0.2488535494;9.614361763;40.9952936;1.535866737;0.1133154184;-0.07208204269;12
40.98940178;-1.115055323;0.3206382394;9.36550808;40.99739553;1.533423305;0.1255327165;-0.06475166976;12
40.9915037;-1.057627559;0.3780659735;9.097511292;40.9994974;1.529758096;0.1328630894;-0.05986474827;12
40.99360563;-0.9906286001;0.4211367965;8.90130043;41.00159933;1.523649454;0.1353065521;-0.0549778305;12
40.99570756;-0.94277215;0.4689932466;8.657232285;41.00370126;1.51509738;0.1340848207;-0.05009091273;12
40.99780949;-0.8853443861;0.5264210105;8.456234932;41.00580318;1.502880096;0.1328630894;-0.04520399496;12
40.99991136;-0.8566305041;0.5838487148;8.240880966;41.00790511;1.488219261;0.1316413581;-0.04031707719;12
