Tempo acelerômetro (s);Acelerômetro X (m/s²);Acelerômetro Y (m/s²);Acelerômetro Z (m/s²);Tempo giroscópio (s);Giroscópio X (rad/s);Giroscópio Y (rad/s);Giroscópio Z (rad/s);gesto
35.15258261;0.3972085714;1.158126116;1.670190215;35.16057589;1.093906045;-0.1936441362;-0.04871646687;9
35.15468443;0.3589234054;1.225125194;1.607976794;35.16267771;1.070693254;-0.154548794;-0.04871646687;9
35.15678625;0.3206382394;1.272981644;1.526620865;35.16477953;1.049923897;-0.1154534444;-0.04627300799;9
35.15888802;0.2584248483;1.31126678;1.473978758;35.16688136;1.030376196;-0.07513637096;-0.04505127668;9
35.16098985;0.2105683982;1.354337573;1.416550994;35.16898313;1.008385062;-0.03604102135;-0.04138609022;9
35.16309167;0.1674975902;1.397408366;1.373480201;35.17108495;0.9876156449;0.005497782957;-0.03649916872;9
35.16519349;0.1387837082;1.430907965;1.287338614;35.17318677;0.9656245112;0.04459312931;-0.03161225095;9
35.16729532;0.1244267747;1.483550072;1.210768223;35.1752886;0.9436333776;0.08613193035;-0.03039052337;9
35.16939709;0.1292124242;1.507478237;1.071984529;35.17739042;0.9204205275;0.1264490038;-0.02794706449;9
35.17149891;0.1292124242;1.560120344;0.9284151793;35.17949224;0.8959859014;0.1679878086;-0.02550360374;9
35.17360073;0.1579262912;1.59840548;0.7800601721;35.18159401;0.8715513349;0.2058614343;-0.0242818743;9
35.17570256;0.1722832322;1.641476393;0.6843472719;35.18369584;0.8471167088;0.2437350452;-0.02183841541;9
35.17780438;0.1914258152;1.674975872;0.5742774606;35.18579766;0.8165735006;0.2779434621;-0.01939495653;9
35.1799062;0.1866401732;1.732403636;0.4737788737;35.18789948;0.7896954417;0.3035998046;-0.01695149764;9
35.18200797;0.1722832322;1.746760488;0.4019941986;35.19000125;0.7591522336;0.3268126547;-0.01328630932;9
35.18410979;0.1339980662;1.775474429;0.3302095234;35.19210308;0.7249437571;0.3463603258;-0.008399390616;9
35.18621162;0.1052841991;1.799402595;0.2871387303;35.1942049;0.6895136237;0.3561341763;-0.00351247238;9
35.18831344;0.0382851623;1.813759565;0.2344966233;35.19630672;0.6528617144;0.3610210717;0.003817904973;9
35.19041521;-0.02871387079;1.808973908;0.1818545163;35.19840854;0.6137663722;0.3622428179;0.01237001177;9
35.19251703;-0.1004985496;1.832902193;0.1627119333;35.20051032;0.5758927464;0.3597993553;0.01847865991;9
35.19461886;-0.1722832322;1.847259045;0.1196411327;35.20261214;0.5355756879;0.35491243;0.02703076601;9
35.19672068;-0.2536391914;1.852044702;0.1004985496;35.20471396;0.4964803457;0.347582072;0.03558287397;9
35.1988225;-0.3158525825;1.842473388;0.1148554832;35.20681578;0.4524980783;0.3341430426;0.04046979174;9
35.20092427;-0.3684946895;1.842473388;0.1387837082;35.20891761;0.4146244824;0.3182605505;0.04535670951;9
35.2030261;-0.3828516304;1.847259045;0.2057827413;35.21101938;0.374307394;0.2950477004;0.05024362728;9
35.20512792;-0.3876372576;1.861616015;0.2632105052;35.2131212;0.3339903057;0.2681696415;0.05390881747;9
35.20722974;-0.4067798555;1.875972986;0.3158525825;35.21522302;0.2948949635;0.2339612097;0.05390881747;9
35.20933156;-0.3924229145;1.861616015;0.3924229145;35.21732485;0.258243084;0.1973093301;0.05390881747;9
35.21143334;-0.3493520916;1.847259045;0.4546363056;35.21942667;0.2179260105;0.1508836001;0.05268708616;9
35.21353516;-0.3158525825;1.842473388;0.5072783828;35.22152844;0.1788306683;0.1056796089;0.0490218997;9
35.21563698;-0.2632105052;1.804188251;0.5694918036;35.22363026;0.1385135949;0.05558869615;0.04291325063;9
35.2177388;-0.1818545163;1.780260086;0.6317051649;35.22573209;0.09941824526;0.005497782957;0.03313941509;9
35.21984063;-0.09571290761;1.727617979;0.650847733;35.22783391;0.05787943676;-0.04581485689;0.02214384824;9
35.2219424;0.0;1.694118381;0.650847733;35.22993573;0.01878409274;-0.09101885557;0.009926552884;9
35.22404422;0.1052841991;1.655833244;0.6891329288;35.23203756;-0.02397644334;-0.135001123;-0.004734201822;9
35.22614604;0.2201396823;1.622333765;0.6843472719;35.23413933;-0.06429351866;-0.1740964651;-0.02061668597;9
35.22824787;0.3445664644;1.588834286;0.6364908218;35.23624115;-0.102167137;-0.2107483447;-0.03772090003;9
35.23034969;0.4642075896;1.545763373;0.6747759581;35.23834297;-0.138819024;-0.2388481349;-0.05482511222;9
35.23245151;0.5886343718;1.512263894;0.6843472719;35.24044479;-0.1766926348;-0.2608392537;-0.07192932814;9
35.23455328;0.6843472719;1.497906923;0.7130611539;35.24254657;-0.2096793354;-0.2755000293;-0.08903354406;9
35.23665511;0.7465606928;1.507478237;0.7417750359;35.24464839;-0.2426660359;-0.2840521336;-0.1061377525;9
35.23875693;0.7752745152;1.497906923;0.8279166222;35.24675021;-0.2695440948;-0.2864955962;-0.119576782;9
35.24085875;0.813559711;1.478764415;0.8757730722;35.24885203;-0.2939786613;-0.2816086709;-0.1330158114;9
35.24296052;0.8183453679;1.469193101;0.9571290612;35.25095386;-0.3135263622;-0.2718348205;-0.1501200199;9
35.24506235;0.8566305041;1.478764415;1.062413216;35.25305563;-0.328187108;-0.2559523284;-0.1623373181;9
35.24716417;0.8805587292;1.478764415;1.153340459;35.25515745;-0.3404043913;-0.2339612097;-0.1757763475;9
35.24926599;0.9092726111;1.507478237;1.26341033;35.25725927;-0.3489564955;-0.2058614343;-0.1892153621;9
35.25136782;0.9571290612;1.55054903;1.349551916;35.2593611;-0.355065167;-0.1765399277;-0.2002109289;9
35.25346959;0.9858429432;1.584048629;1.435693622;35.26146292;-0.3599520624;-0.1411097646;-0.2112064958;9
35.25557141;1.014556766;1.627119422;1.483550072;35.26356469;-0.362395525;-0.0983492285;-0.2197586;9
35.25767323;1.000199914;1.674975872;1.493121386;35.26566651;-0.3660607338;-0.05558869615;-0.2258672565;9
35.25977506;0.9906286001;1.746760488;1.483550072;35.26776834;-0.3685041666;-0.003054323839;-0.2319758981;9
35.26187688;0.9571290612;1.828116536;1.421336651;35.26987016;-0.374612838;0.05070177838;-0.2368628234;9
35.26397865;0.9475577474;1.904686809;1.383051515;35.27197198;-0.3831649423;0.1069013327;-0.2393062711;9
35.26608047;0.9044869542;1.966900229;1.301695466;35.27407375;-0.3941605091;0.1667660922;-0.2405280024;9
35.26818229;0.866201818;2.072184324;1.244267821;35.27617558;-0.4063777924;0.227852568;-0.2393062711;9
35.27028412;0.8279166222;2.105684042;1.11984098;35.2782774;-0.4234820008;0.2877173126;-0.2380845547;9
35.27238594;0.7752745152;2.153540373;0.9858429432;35.28037922;-0.4430296719;0.3426951468;-0.2344193608;9
35.27448771;0.7178468108;2.210968018;0.8949156404;35.28248099;-0.4650208056;0.3964512348;-0.2295324355;9
35.27658953;0.6556333899;2.263610125;0.8087740541;35.28458282;-0.4918988645;0.451429069;-0.2234237939;9
35.27869136;0.5742774606;2.306680918;0.7274180651;35.28668464;-0.5224421024;0.497854799;-0.2173151523;9
35.28079318;0.4929214716;2.340180635;0.6843472719;35.28878646;-0.5529853702;0.5418370366;-0.2099847645;9
35.28289495;0.4211367965;2.373680115;0.6221339107;35.29088823;-0.5859720111;0.5809323788;-0.2026543915;9
35.28499677;0.3541377485;2.421536446;0.6221339107;35.29299011;-0.6250674129;0.6126973629;-0.1977674663;9
35.2870986;0.2823530734;2.464607239;0.6460621357;35.29509193;-0.662940979;0.6395754218;-0.192880556;9
35.28920042;0.2440679073;2.49332118;0.6604190469;35.2971937;-0.7032580972;0.6566796303;-0.1867718995;9
35.29130219;0.2201396823;2.522035122;0.7274180651;35.29929552;-0.7496837974;0.6676751971;-0.1843284518;9
35.29340407;0.1962114573;2.560320139;0.8087740541;35.30139735;-0.7961094975;0.6688969135;-0.1818849891;9
35.29550589;0.1866401732;2.584248543;0.9044869542;35.30349917;-0.8437569737;0.6640099883;-0.1806632578;9
35.29760766;0.1674975902;2.603390932;0.9858429432;35.30560094;-0.8914044499;0.6542361975;-0.1782197952;9
35.29970948;0.1052841991;2.63689065;1.115055323;35.30770276;-0.9402735829;0.635910213;-0.1745546162;9
35.3018113;0.05742774159;2.670390129;1.244267821;35.30980459;-0.9915862679;0.6126973629;-0.1721111536;9
35.30391313;-0.0143569354;2.63689065;1.426122308;35.31190636;-1.039233685;0.5833758712;-0.1672242284;9
35.3060149;-0.09571290761;2.589034081;1.64626193;35.31400818;-1.084437728;0.5552760959;-0.1635590494;9
35.30811672;-0.1914258152;2.545963287;1.928615093;35.31611;-1.128419995;0.5198459029;-0.1586721241;9
35.31021854;-0.2919243574;2.469393015;2.230110645;35.31821183;-1.168737054;0.4795288444;-0.1525634825;9
35.31232032;-0.4115654826;2.388036966;2.555534601;35.32031365;-1.204167247;0.4367683232;-0.1488982886;9
35.31442214;-0.4833501875;2.30189538;2.947957516;35.32241547;-1.235932112;0.3842339516;-0.146454826;9
35.31652396;-0.5168496966;2.244467735;3.316452265;35.32451729;-1.265253663;0.3292561173;-0.1452330947;9
35.31862578;-0.4977070987;2.20618248;3.680161238;35.32661906;-1.288466573;0.2730565667;-0.1440113783;9
35.32072761;-0.4977070987;2.153540373;4.029513359;35.32872089;-1.308014154;0.2131918073;-0.1476765573;9
35.32282943;-0.4402793646;2.091326952;4.393222332;35.33082271;-1.321453214;0.154548794;-0.1488982886;9
35.32493125;-0.4067798555;2.038684845;4.771288395;35.33292453;-1.333670497;0.09957095981;-0.1525634825;9
35.32703302;-0.3780659735;1.952543259;5.149354458;35.33502636;-1.343444347;0.04703658819;-0.1562286615;9
35.32913485;-0.3302095234;1.899901152;5.45085001;35.33712813;-1.348331332;0.001832594397;-0.1598938555;9
35.33123667;-0.2823530734;1.866401672;5.723631859;35.33922995;-1.350774765;-0.03970621154;-0.1660024971;9
35.33333849;-0.2249253243;1.842473388;5.982056618;35.34133177;-1.350774765;-0.07391463965;-0.1708894223;9
35.33544032;-0.1866401732;1.828116536;6.240481377;35.3434336;-1.347109556;-0.108123064;-0.1782197952;9
35.33754209;-0.1339980662;1.789831281;6.522834301;35.34553537;-1.339779139;-0.1362228394;-0.1855501831;9
35.33964391;-0.0765703246;1.746760488;6.752545357;35.34763719;-1.333670497;-0.154548794;-0.1941022873;9
35.34174573;-0.004785645287;1.713261008;6.967899323;35.34973901;-1.325118423;-0.1716530025;-0.2026543915;9
35.34384756;0.06699903309;1.674975872;7.125825882;35.35184084;-1.314122915;-0.185092032;-0.2112064958;9
35.34594933;0.1244267747;1.64626193;7.255038261;35.35394266;-1.301905513;-0.188757211;-0.2185368687;9
35.34805115;0.1866401732;1.607976794;7.355536938;35.35604448;-1.288466573;-0.1875354946;-0.2258672565;9
35.35015297;0.2297109663;1.584048629;7.436892986;35.35814625;-1.275027514;-0.1838703007;-0.2344193608;9
35.35225479;0.2440679073;1.560120344;7.49910593;35.36024808;-1.260366797;-0.1728747338;-0.2405280024;9
35.35435662;0.2440679073;1.540977836;7.561319351;35.3623499;-1.245705962;-0.1533270627;-0.2466366589;9
35.35645844;0.2775674164;1.545763373;7.604390144;35.36445172;-1.228601813;-0.1301141977;-0.2515235841;9
35.35856021;0.3110669553;1.560120344;7.628318787;35.36655349;-1.210275888;-0.0983492285;-0.2564104795;9
35.36066203;0.3158525825;1.584048629;7.637889862;35.36865532;-1.191949844;-0.06414080411;-0.2600756884;9
35.36276386;0.2679961324;1.617548108;7.700103283;35.37075714;-1.174845695;-0.02993237413;-0.2612974048;9
35.36486568;0.2249253243;1.627119422;7.747959614;35.37285896;-1.155297995;0.006719512399;-0.262519151;9
35.36696745;0.1387837082;1.631905079;7.829315662;35.37496073;-1.138193846;0.03970621154;-0.2637408674;9
35.36906927;0.06221338734;1.651047587;7.915457249;35.37706256;-1.12353301;0.07269290835;-0.2649625838;9
35.3711711;0.009571290575;1.679761529;7.915457249;35.37916438;-1.114980936;0.0971274972;-0.26618433;9
35.37327292;-0.04785645381;1.732403636;7.881958008;35.3812662;-1.106428862;0.1240055487;-0.2649625838;9
35.37537469;-0.09571290761;1.765903115;7.819744587;35.38336802;-1.103985429;0.1496618688;-0.2612974048;9
35.37747651;-0.1579262912;1.804188251;7.743174076;35.38546985;-1.103985429;0.1667660922;-0.2539670467;9
35.37957834;-0.2871387303;1.842473388;7.695317745;35.38757162;-1.111315727;0.1789833754;-0.242971465;9
35.38168016;-0.4546363056;1.895115495;7.637889862;35.38967344;-1.12353301;0.185092032;-0.2319758981;9
35.38378198;-0.6029912829;1.971685886;7.580461979;35.39177526;-1.140637279;0.1899789423;-0.2209803313;9
35.3858838;-0.732203722;2.072184324;7.503891945;35.39387709;-1.158963203;0.1924224049;-0.2087630332;9
35.38798558;-0.8518448472;2.163111687;7.427321434;35.39597891;-1.184619546;0.1960875988;-0.1989891976;9
35.3900874;-0.8997012973;2.268395901;7.345965385;35.39808068;-1.215162754;0.1948658675;-0.1855501831;9
35.39218922;-0.9284151793;2.325823545;7.298109055;35.4001825;-1.243262529;0.1997527778;-0.1757763475;9
35.39429104;-0.9619147182;2.388036966;7.255038261;35.40228433;-1.27624929;0.1985310465;-0.1647807807;9
35.39639287;-0.9858429432;2.455035925;7.255038261;35.40438615;-1.314122915;0.2009745091;-0.1501200199;9
35.39849464;-1.004985452;2.502892494;7.259823799;35.40648792;-1.349552989;0.2021962404;-0.1366809905;9
35.40059646;-1.033699393;2.555534601;7.274180889;35.40858974;-1.388648391;0.1948658675;-0.1207985133;9
35.40269828;-1.100698471;2.565105915;7.298109055;35.41069156;-1.426522017;0.1899789423;-0.1049160287;9
35.40480011;-1.205982566;2.579462767;7.350750923;35.41279339;-1.463173866;0.1777616441;-0.08781181276;9
35.40690188;-1.31126678;2.589034081;7.465606689;35.41489521;-1.498604059;0.1667660922;-0.06948586553;9
35.4090037;-1.35912323;2.651247501;7.628318787;35.41699698;-1.534034133;0.1606574357;-0.05115992576;9
35.41110552;-1.402194023;2.679961443;7.800601959;35.41909881;-1.567020893;0.1521053314;-0.03283398226;9
35.41320735;-1.430907965;2.708675146;7.968099594;35.42120063;-1.595120668;0.1447749585;-0.0157297682;9
35.41530917;-1.459621787;2.703889608;8.145168304;35.42330245;-1.617111802;0.138666302;0.003817904973;9
35.41741094;-1.497906923;2.679961443;8.379665375;35.42540427;-1.634215951;0.1362228394;0.02214384824;9
35.41951276;-1.517049551;2.665604353;8.705088615;35.42750604;-1.645211577;0.1398880333;0.04046979174;9
35.42161459;-1.540977836;2.593819857;9.016156197;35.42960787;-1.650098443;0.1459966749;0.05757400393;9
35.42371641;-1.521835208;2.522035122;9.317651749;35.43170969;-1.651320219;0.1533270627;0.07467821985;9
35.42581823;-1.50269258;2.421536446;9.619147301;35.43381151;-1.646433353;0.1643226296;0.09300415963;9
35.42792;-1.483550072;2.316252232;9.911071777;35.43591328;-1.635437727;0.1765399277;0.1088866442;9
35.43002183;-1.435693622;2.239681959;10.18385315;35.43801511;-1.617111802;0.1863137633;0.1247691289;9
35.43212365;-1.363908887;2.163111687;10.50449181;35.44011693;-1.595120668;0.1960875988;0.1369864196;9
35.43422547;-1.292124271;2.081755638;10.8107729;35.44221875;-1.571907759;0.2205221802;0.1479819864;9
35.43632724;-1.220339537;2.01475668;11.05962658;35.44432058;-1.543807983;0.2498437017;0.1601992846;9
35.43842906;-1.153340459;1.904686809;11.31805134;35.44642235;-1.512042999;0.2803869247;0.1724165827;9
35.44053089;-1.057627559;1.804188251;11.43290615;35.44852417;-1.479056358;0.3109301627;0.1858556122;9
35.44263271;-0.9810572863;1.761117458;11.55254745;35.45062599;-1.447291374;0.3426951468;0.1980729103;9
35.44473453;-0.8853443861;1.756331801;11.68175983;35.45272782;-1.414304733;0.3769035637;0.2078467458;9
35.44683631;-0.8470591903;1.780260086;11.82532978;35.45482964;-1.380096197;0.4135554433;0.2188423127;9
35.44893813;-0.813559711;1.804188251;11.8971138;35.45693141;-1.34588778;0.4489856064;0.2261726856;9
35.45103995;-0.760917604;1.832902193;11.95454216;35.45903323;-1.30923593;0.4795288444;0.2286161482;9
35.45314177;-0.679561615;1.842473388;12.02154064;35.46113506;-1.275027514;0.5112938285;0.2261726856;9
35.4552436;-0.5934200287;1.837687731;12.05504036;35.46323688;-1.242040753;0.5345066786;0.2225074917;9
35.45734537;-0.4689932466;1.823330879;12.12682533;35.4653387;-1.211497545;0.5503891706;0.2163988501;9
35.45944719;-0.3349951804;1.818545222;12.15075302;35.46744052;-1.182176113;0.5589412451;0.2066250145;9
35.46154901;-0.1962114573;1.823330879;12.17468166;35.46954235;-1.158963203;0.5626064539;0.1956294477;9
35.46365084;-0.1052841991;1.818545222;12.19382381;35.47164412;-1.139415503;0.5626064539;0.1858556122;9
35.46575266;-0.0765703246;1.842473388;12.14118195;35.47374594;-1.124754786;0.5552760959;0.173638314;9
35.46785448;-0.05742774159;1.861616015;12.03589821;35.47584776;-1.11375916;0.5345066786;0.1638644785;9
35.46995631;-0.0239282269;1.899901152;11.8971138;35.47794953;-1.107650518;0.5161807537;0.1540906429;9
35.47205808;-0.004785645287;1.938186288;11.7966156;35.48005136;-1.107650518;0.4966330528;0.1443168074;9
35.4741599;-0.02871387079;1.971685886;11.72483063;35.48215318;-1.11009407;0.4734202027;0.1357647032;9
35.47626172;-0.09571290761;2.005185366;11.61476135;35.484255;-1.116202712;0.4465421438;0.123547405;9
35.47836349;-0.1866401732;2.0769701;11.52861977;35.48635683;-1.130863428;0.4172206521;0.113773562;9
35.48046532;-0.2057827413;2.158325911;11.44247818;35.48845865;-1.140637279;0.3891208768;0.1039997265;9
35.48256714;-0.2440679073;2.230110645;11.36112213;35.49056042;-1.155297995;0.3561341763;0.09178243577;9
35.48466896;-0.2536391914;2.297109842;11.30369377;35.49266224;-1.171180487;0.3207040131;0.08200860023;9
35.48677078;-0.2823530734;2.330609322;11.24626637;35.49476407;-1.190728188;0.2803869247;0.07223475724;9
35.48887261;-0.3110669553;2.359323025;11.20798111;35.49686589;-1.209054112;0.2388481349;0.06490438432;9
35.49097438;-0.3684946895;2.354537487;11.19841003;35.49896771;-1.228601813;0.1973093301;0.05635227636;9
35.4930762;-0.4019941986;2.321038008;11.20319557;35.50106948;-1.248149514;0.1557705253;0.05268708616;9
35.49517802;-0.4546363056;2.287538528;11.19841003;35.5031713;-1.266475439;0.1154534444;0.05268708616;9
35.49727985;-0.5120640397;2.254039049;11.17448139;35.50527313;-1.281136155;0.07635809481;0.05390881747;9
35.49938167;-0.5886343718;2.220539331;11.15533924;35.50737495;-1.298240423;0.03604102135;0.05879573524;9
35.50148344;-0.6747759581;2.196611166;11.17448139;35.50947672;-1.310457706;-0.001832594397;0.06490438432;9
35.50358526;-0.732203722;2.191825628;11.20319557;35.51157854;-1.32267499;-0.04214967042;0.07223475724;9
35.50568709;-0.7657032609;2.177468538;11.2510519;35.51368037;-1.328783631;-0.08124501258;0.07834340632;9
35.50778891;-0.7369893789;2.158325911;11.28933716;35.51578219;-1.33611393;-0.1130099818;0.08445205539;9
35.50989068;-0.7226324677;2.139183521;11.34676456;35.51788396;-1.341000915;-0.1362228394;0.08933897316;9
35.5119925;-0.7178468108;2.096112728;11.49512005;35.51998578;-1.34588778;-0.161879167;0.09422589093;9
35.51409433;-0.6556333899;2.06261301;11.47119141;35.52208761;-1.350774765;-0.185092032;0.0991128087;9
35.51619615;-0.5599204898;2.048256159;11.43769264;35.52418943;-1.349552989;-0.2009745091;0.1027780026;9
35.51829792;-0.4546363056;2.038684845;11.38983536;35.52629125;-1.348331332;-0.2131918073;0.1064431891;9
35.52039974;-0.3541377485;2.009970903;11.39462185;35.52839308;-1.344666123;-0.2168570012;0.1076649204;9
35.52250156;-0.2727817893;1.957328916;11.41854954;35.53049485;-1.342222691;-0.2156352699;0.1064431891;9
35.52460339;-0.1818545163;1.899901152;11.42812061;35.53259667;-1.337335706;-0.2058614343;0.1039997265;9
35.52670521;-0.06221338734;1.823330879;11.40897846;35.53469849;-1.328783631;-0.1899789423;0.10033454;9
35.52880703;0.06221338734;1.746760488;11.38026428;35.53680032;-1.323896646;-0.1679878086;0.09666935354;9
35.5309088;0.1818545163;1.689332843;11.34197903;35.53890214;-1.314122915;-0.1423314959;0.09422589093;9
35.53301063;0.2967100143;1.64626193;11.30848026;35.54100396;-1.306792498;-0.1142317131;0.09422589093;9
35.53511245;0.3637090325;1.622333765;11.23669529;35.54310573;-1.297018647;-0.08368847519;0.09300415963;9
35.53721427;0.4019941986;1.579262972;11.21276665;35.54520756;-1.282357931;-0.03726275265;0.09178243577;9
35.5393161;0.4594219327;1.545763373;11.20319557;35.54730938;-1.266475439;0.01893680729;0.09300415963;9
35.54141792;0.4881358147;1.483550072;11.26540947;35.54941115;-1.249371171;0.07513637096;0.09666935354;9
35.54351969;0.5503492355;1.411765337;11.22712421;35.55151297;-1.228601813;0.1264490038;0.0991128087;9
35.54562151;0.4785645306;1.344766378;11.18405342;35.55361479;-1.205388904;0.1753181964;0.0978910774;9
35.54772334;0.4929214716;1.339980721;11.23190975;35.55571662;-1.179732561;0.2266308367;0.09544762224;9
35.54982511;0.5838487148;1.387837172;11.34676456;35.55781844;-1.151632786;0.2803869247;0.08811724186;9
35.55192693;0.6556333899;1.445264935;11.43769264;35.55992026;-1.127198219;0.3329212964;0.07712167501;9
35.55402875;0.7417750359;1.464407444;11.52383423;35.56202209;-1.102763653;0.381790489;0.06856957078;9
35.55613058;0.8470591903;1.445264935;11.49990559;35.56412386;-1.081994295;0.4282162189;0.05879573524;9
35.5582324;0.9140582681;1.426122308;11.44726372;35.56622568;-1.060003161;0.4697550237;0.05268708616;9
35.56033422;0.9236295223;1.45483613;11.413764;35.5683275;-1.042898893;0.5076286197;0.0478001684;9
35.56243604;0.8566305041;1.469193101;11.37069321;35.57042933;-1.028238177;0.5418370366;0.04657844082;9
35.56453782;0.7417750359;1.488335729;11.33719349;35.5725311;-1.019685984;0.5760455132;0.0478001684;9
35.56663964;0.5982056856;1.493121386;11.29890823;35.57463292;-1.012355685;0.6041452885;0.05268708616;9
35.56874146;0.4402793646;1.493121386;11.3132658;35.57673474;-1.008690476;0.6236929297;0.05513054505;9
35.57084328;0.2919243574;1.507478237;11.2941227;35.57883656;-1.005025268;0.6420188546;0.05879573524;9
35.57294506;0.1435693651;1.512263894;11.30848026;35.58093834;-1.000138402;0.6493492723;0.06246092543;9
35.57504688;0.05264209956;1.517049551;11.36112213;35.58304016;-0.998916626;0.6493492723;0.06368265301;9
35.5771487;-0.01914258115;1.531406522;11.43290615;35.58514198;-0.9964731932;0.6407971382;0.06490438432;9
35.57925052;-0.0765703246;1.555334687;11.5334053;35.5872438;-0.9952514172;0.6273581386;0.06368265301;9
35.58135229;-0.07178468257;1.584048629;11.65304661;35.58934558;-0.9928079844;0.6078104377;0.06368265301;9
35.58345412;-0.08135596663;1.59840548;11.74875927;35.5914474;-0.9928079844;0.5821541548;0.06001746282;9
35.58555594;-0.1100698411;1.612762451;11.83490086;35.59354922;-0.9928079844;0.5467239618;0.05757400393;9
35.58765776;-0.1579262912;1.607976794;11.94497108;35.59565104;-0.9903645515;0.5125155449;0.05146535859;9
35.58975953;-0.2297109663;1.603191137;12.06461143;35.59775287;-0.9903645515;0.4709767401;0.04413498193;9
35.59186136;-0.2488535494;1.593619823;12.15553856;35.59985469;-0.9915862679;0.4233292937;0.03436114267;9
35.59396318;-0.2297109663;1.588834286;12.21775246;35.60195646;-0.9915862679;0.3720166385;0.02336557768;9
35.596065;-0.2105683982;1.555334687;12.29432297;35.60405828;-0.9940297008;0.3231474757;0.01114828233;9
35.59816683;-0.1818545163;1.517049551;12.37089348;35.60616011;-0.9952514172;0.2755000293;-0.001069013379;9
35.60026865;-0.1579262912;1.483550072;12.45224857;35.60826188;-0.9976949096;0.2327394783;-0.0157297682;9
35.60237042;-0.1292124242;1.440479279;12.44746304;35.6103637;-0.9976949096;0.1826485693;-0.03039052337;9
35.60447224;-0.1196411327;1.397408366;12.50967693;35.61246552;-0.9964731932;0.1398880333;-0.04749473557;9
35.60657407;-0.08614161611;1.368694544;12.6245327;35.61456735;-0.9928079844;0.102014415;-0.06582067907;9
35.60867584;-0.02871387079;1.339980721;12.78245831;35.61666917;-0.9866993427;0.07024945319;-0.08536835015;9
35.61077766;0.05264209956;1.316052437;12.89252853;35.61877099;-0.9781472087;0.03848448023;-0.1049160287;9
35.61287948;0.09571290761;1.268195987;12.95474148;35.62087276;-0.9683734179;0.01160643063;-0.1244636998;9
35.6149813;0.1292124242;1.205982566;13.04088306;35.62297459;-0.9512691498;-0.01404988952;-0.1415679157;9
35.61708313;0.1531406492;1.138983607;13.12223911;35.62507641;-0.9329432249;-0.03481929377;-0.1611155868;9
35.61918495;0.1387837082;1.076770186;13.24666595;35.62717823;-0.9109520912;-0.05192350596;-0.1782197952;9
35.62128672;0.1100698411;1.019342422;13.38544941;35.62928006;-0.8852958083;-0.06047561392;-0.1953240186;9
35.62338854;0.1100698411;0.9714859724;13.47159195;35.63138183;-0.855974257;-0.06047561392;-0.2099847645;9
35.62549037;0.06699903309;0.9379864931;13.55294704;35.63348365;-0.8205441236;-0.04948004708;-0.2209803313;9
35.62759219;0.04785645381;0.9188438654;13.62473202;35.63558547;-0.7826704979;-0.02748891525;-0.2295324355;9
35.62969401;-0.004785645287;0.9188438654;13.69651699;35.63768729;-0.7411317229;-0.0006108647794;-0.2344193608;9
35.63179578;-0.1052841991;0.9619147182;13.74915886;35.63978912;-0.6971494555;0.04214967042;-0.2344193608;9
35.63389761;-0.2249253243;0.9906286001;13.82572937;35.64189089;-0.6507236958;0.08246674389;-0.2319758981;9
35.63599943;-0.3684946895;1.048056364;13.88794231;35.64399271;-0.6018545032;0.1276707351;-0.2258672565;9
35.63810125;-0.5024927258;1.124626637;13.92622757;35.64609453;-0.5517635942;0.1716530025;-0.2197586;9
35.64020308;-0.6173482537;1.191625714;13.96451283;35.64819636;-0.505337894;0.2217439115;-0.2136499584;9
35.64230485;-0.6699903607;1.26341033;13.95015621;35.65029813;-0.4613556266;0.2681696415;-0.2050978541;9
35.64440667;-0.6891329288;1.330409408;13.84008598;35.65239995;-0.4173733592;0.3109301627;-0.1989891976;9
35.64650849;-0.6747759581;1.40697968;13.72044468;35.65450177;-0.3807214797;0.3573558927;-0.1953240186;9
35.64861032;-0.6460621357;1.50269258;13.56251907;35.6566036;-0.3477347791;0.4050033391;-0.1904370934;9
35.65071209;-0.6125625968;1.579262972;13.328022;35.65870542;-0.3245218992;0.4502073526;-0.1831067204;9
35.65281391;-0.626919508;1.631905079;13.05524063;35.66080719;-0.3061959743;0.4929678738;-0.1721111536;9
35.65491573;-0.6460621357;1.684547186;12.80160141;35.66290901;-0.2927569449;0.535728395;-0.1647807807;9
35.65701756;-0.6843472719;1.741974831;12.53839111;35.66501084;-0.2829830945;0.5748237371;-0.1525634825;9
35.65911938;-0.756131947;1.780260086;12.30867958;35.66711266;-0.2829830945;0.6114756465;-0.1415679157;9
35.66122115;-0.8327022791;1.823330879;12.10768223;35.66921443;-0.2829830945;0.637131989;-0.1305723488;9
35.66332297;-0.9188438654;1.861616015;11.88754272;35.67131625;-0.2866483033;0.6579013467;-0.1183550507;9
35.66542479;-1.000199914;1.899901152;11.72961617;35.67341808;-0.2976438701;0.6652317643;-0.1073594838;9
35.66752662;-1.033699393;1.962114573;11.61954689;35.6755199;-0.3110828996;0.6676751971;-0.09636391699;9
35.66962839;-1.043270707;2.038684845;11.48554897;35.67762172;-0.3294088244;0.6627882719;-0.08781181276;9
35.67173021;-1.052842021;2.096112728;11.32283688;35.67972354;-0.3489564955;0.644462347;-0.07925970852;9
35.67383203;-1.115055323;2.143969059;11.18883896;35.68182532;-0.374612838;0.6200277805;-0.07192932814;9
35.67593386;-1.129412293;2.196611166;11.08833981;35.68392714;-0.4014908671;0.5907062292;-0.06582067907;9
35.67803568;-1.138983607;2.254039049;11.01655579;35.68602896;-0.4332558513;0.5552760959;-0.0621554926;9
35.6801375;-1.129412293;2.306680918;10.9304142;35.68813073;-0.4637990892;0.5235111117;-0.05849030241;9
35.68223927;-1.105484009;2.325823545;10.84905815;35.69023261;-0.4992292523;0.4880809486;-0.05482511222;9
35.6843411;-1.129412293;2.316252232;10.79162979;35.69233438;-0.5322159529;0.4526508152;-0.05115992576;9
35.68644292;-1.177268744;2.306680918;10.75813103;35.6944362;-0.5676460862;0.4159989059;-0.04749473557;9
35.68854469;-1.244267821;2.277967215;10.78205872;35.69653802;-0.5981893539;0.385455668;-0.0426078178;9
35.69064656;-1.325623751;2.244467735;10.82991505;35.69863985;-0.6287325621;0.35491243;-0.03772090003;9
35.69274834;-1.392622828;2.196611166;10.93519974;35.70074167;-0.6580541134;0.3207040131;-0.03161225095;9
35.69485016;-1.478764415;2.167897224;11.08833981;35.70284344;-0.6812669635;0.288939029;-0.0242818743;9
35.69695198;-1.540977836;2.139183521;11.21755219;35.70494526;-0.6995928884;0.2535088956;-0.01328630932;9
35.69905381;-1.59840548;2.091326952;11.37547874;35.70704709;-0.7154753804;0.2193004489;-0.002290742937;9
35.70115563;-1.665404558;2.0769701;11.56690502;35.70914891;-0.7289143801;0.1838703007;0.009926552884;9
35.7032574;-1.713261008;2.043470621;11.71047401;35.71125068;-0.7374665141;0.1521053314;0.01970038936;9
35.70535922;-1.751546144;2.01475668;11.9162569;35.7133525;-0.7386882305;0.1215620935;0.03069595434;9
35.70746104;-1.789831281;1.962114573;12.11246777;35.71545433;-0.7362447977;0.08979712427;0.04046979174;9
35.70956287;-1.799402595;1.919043779;12.31346512;35.71755615;-0.7325795889;0.06414080411;0.0490218997;9
35.71166464;-1.808973908;1.852044702;12.53839111;35.71965792;-0.7228057384;0.03970621154;0.05635227636;9
35.71376646;-1.780260086;1.775474429;12.74417305;35.72175974;-0.7081450224;0.01771507785;0.06246092543;9
35.71586828;-1.751546144;1.698904037;12.94995594;35.72386156;-0.6934842467;0.003054323839;0.06612611562;9
35.71797011;-1.698904037;1.607976794;13.11266804;35.72596339;-0.6763800383;-0.01282816008;0.06734783947;9
35.72007188;-1.59840548;1.507478237;13.28016567;35.72806521;-0.655610621;-0.02138026804;0.06612611562;9
35.7221737;-1.488335729;1.411765337;13.39502144;35.73016703;-0.6348412037;-0.02748891525;0.06490438432;9
35.72427552;-1.339980721;1.301695466;13.45244884;35.73226881;-0.614071846;-0.02871064469;0.06123919412;9
35.72637735;-1.201196909;1.210768223;13.50509071;35.73437063;-0.5908589363;-0.03115410358;0.05513054505;9
35.72847917;-1.033699393;1.124626637;13.55294704;35.73647245;-0.5652026534;-0.03359756246;0.0478001684;9
35.73058099;-0.890130043;1.048056364;13.59601784;35.73857427;-0.5395463109;-0.03359756246;0.04046979174;9
35.73268276;-0.7465606928;1.004985452;13.64387512;35.7406761;-0.5151117444;-0.03359756246;0.03191768378;9
35.73478459;-0.6317051649;0.9332008362;13.69651699;35.74277787;-0.4857902229;-0.02748891525;0.02214384824;9
35.73688641;-0.5359922647;0.8614161611;13.76830196;35.74487969;-0.4564687014;-0.02015853859;0.009926552884;9
35.73898823;-0.4642075896;0.7752745152;13.83530045;35.74698151;-0.424703747;-0.01527161989;-0.002290742937;9
35.74109006;-0.3828516304;0.7178468108;13.88315678;35.74908334;-0.3929387629;-0.001832594397;-0.01817322709;9
35.74319183;-0.2775674164;0.650847733;13.91665649;35.75118516;-0.358730346;0.01282816008;-0.03405570984;9
35.74529365;-0.1962114573;0.6077769399;13.93579865;35.75328693;-0.3245218992;0.02871064469;-0.04993819445;9
35.74739547;-0.1387837082;0.5503492355;13.9740839;35.75538875;-0.2890917659;0.04459312931;-0.06582067907;9
35.74949729;-0.06699903309;0.5072783828;13.94058514;35.75749058;-0.2573267817;0.0616973415;-0.08048143238;9
35.75159912;-0.0382851623;0.4546363056;13.92144203;35.75959235;-0.2243400961;0.08002328873;-0.09269873053;9
35.75370089;-0.009571290575;0.4354937077;13.87837124;35.76169422;-0.1925751269;0.0971274972;-0.1049160287;9
35.75580271;-0.009571290575;0.4354937077;13.79222965;35.76379599;-0.162031889;0.1154534444;-0.1146898642;9
35.75790453;-0.04785645381;0.4307080805;13.66780281;35.76589782;-0.1351538301;0.1325576603;-0.1207985133;9
35.76000631;-0.1052841991;0.4594219327;13.56251907;35.76799964;-0.1107192412;0.1459966749;-0.1244636998;9
35.76210818;-0.1483550072;0.4881358147;13.43330669;35.77010146;-0.08994983882;0.1606574357;-0.1256854236;9
35.76420995;-0.2249253243;0.5264210105;13.27538013;35.77220323;-0.07162389904;0.1728747338;-0.1244636998;9
35.76631177;-0.2967100143;0.5934200287;13.11266804;35.77430506;-0.05818486959;0.1838703007;-0.1220202371;9
35.7684136;-0.3924229145;0.6699903607;12.94038486;35.77640688;-0.04841103405;0.1912006736;-0.1207985133;9
35.77051542;-0.4498506486;0.7274180651;12.73938751;35.7785087;-0.04230238497;0.1973093301;-0.1171333194;9
35.77261719;-0.4929214716;0.784845829;12.55753326;35.78061047;-0.03619373962;0.2021962404;-0.1134681329;9
35.77471901;-0.5216353536;0.8470591903;12.35175037;35.78271229;-0.03619373962;0.2058614343;-0.1085812151;9
35.77682084;-0.5359922647;0.8949156404;12.15075302;35.78481412;-0.03863719851;0.208304897;-0.1024725661;9
35.77892266;-0.5694918036;0.9379864931;11.94975662;35.78691594;-0.04230238497;0.208304897;-0.09636391699;9
35.78102443;-0.5982056856;0.9714859724;11.7966156;35.78901776;-0.04718930274;0.2095266134;-0.08903354406;9
35.78312625;-0.650847733;0.9810572863;11.68654537;35.79111953;-0.0557414107;0.2107483447;-0.08048143238;9
35.78522808;-0.70348984;0.9906286001;11.61476135;35.79322141;-0.06062832847;0.2070831656;-0.07192932814;9
35.7873299;-0.7752745152;0.9810572863;11.53819084;35.79532318;-0.06429351866;0.2021962404;-0.06459894776;9
35.78943172;-0.8518448472;0.9762716293;11.51904774;35.797425;-0.06673697382;0.1960875988;-0.05604684353;9
35.79153349;-0.8949156404;0.9619147182;11.52383423;35.79952677;-0.06795870513;0.1875354946;-0.04871646687;9
35.79363537;-0.9475577474;0.9332008362;11.55733299;35.8016286;-0.06673697382;0.1740964651;-0.04016435891;9
35.79573714;-0.9762716293;0.94277215;11.60519028;35.80373042;-0.06185005978;0.1606574357;-0.03283398226;9
35.79783896;-0.9810572863;0.8997012973;11.63868904;35.80583224;-0.05940660089;0.1435532272;-0.02794706449;9
35.79994073;-0.9762716293;0.9044869542;11.66740322;35.80793407;-0.05451968312;0.131335929;-0.02306014486;9
35.80204256;-0.9667003751;0.8422735929;11.70090294;35.81003589;-0.04841103405;0.1154534444;-0.01939495653;9
35.80414438;-0.9571290612;0.8231309652;11.72004509;35.81213766;-0.04474584386;0.1007926911;-0.01450803876;9
35.8062462;-0.9379864931;0.7992027402;11.72483063;35.81423948;-0.03863719851;0.08613193035;-0.01328630932;9
35.80834802;-0.9092726111;0.7657032609;11.6961174;35.8163413;-0.03497200832;0.07513637096;-0.01206457894;9
35.81044985;-0.8757730722;0.732203722;11.66740322;35.81844313;-0.02886336111;0.06414080411;-0.01206457894;9
35.81255162;-0.8518448472;0.70348984;11.61476135;35.8205449;-0.02397644334;0.05558869615;-0.01206457894;9
35.81465344;-0.8183453679;0.6747759581;11.55733299;35.82264672;-0.01786779426;0.04703658819;-0.01328630932;9
35.81675526;-0.7944171429;0.6460621357;11.48076344;35.82474854;-0.01420260593;0.03970621154;-0.01450803876;9
35.81885709;-0.7513462901;0.6221339107;11.40897846;35.82685037;-0.01053741761;0.03115410358;-0.01450803876;9
35.82095886;-0.732203722;0.6221339107;11.34676456;35.82895219;-0.004428769462;0.02260199748;-0.0157297682;9
35.82306068;-0.7130611539;0.5934200287;11.27498055;35.83105401;0.002901607659;0.01404988952;-0.01450803876;9
35.8251625;-0.6891329288;0.5742774606;11.21755219;35.83315584;0.009010255337;0.005497782957;-0.0157297682;9
35.82726433;-0.6939185858;0.5503492355;11.17448139;35.83525761;0.01634063199;-0.004276053514;-0.0157297682;9
35.82936615;-0.7178468108;0.5407779217;11.16969585;35.83735943;0.02733619884;-0.01282816008;-0.01450803876;9
35.83146797;-0.7752745152;0.5024927258;11.15533924;35.83946125;0.03711003438;-0.02626718581;-0.01206457894;9
35.83356979;-0.8279166222;0.5072783828;11.12662506;35.84156308;0.04688387364;-0.03848448023;-0.009621120058;9
35.83567157;-0.8949156404;0.4929214716;11.14098263;35.84366485;0.05299251899;-0.05314523727;-0.008399390616;9
35.83777339;-0.9140582681;0.4833501875;11.11705399;35.84576667;0.06398808211;-0.06780599058;-0.008399390616;9
35.83987521;-0.9332008362;0.4833501875;11.05484104;35.84786849;0.06887500733;-0.07880155742;-0.007177661173;9
35.84197703;-0.9332008362;0.4642075896;10.94955635;35.84997032;0.07498364896;-0.09101885557;-0.005955931731;9
35.8440788;-0.9188438654;0.4642075896;10.8682003;35.85207209;0.07864884287;-0.102014415;-0.004734201822;9
35.84618063;-0.9188438654;0.4594219327;10.73898792;35.85417391;0.08109229803;-0.1105665267;-0.00351247238;9
35.84828245;-0.9188438654;0.4642075896;10.65284634;35.85627573;0.07987056673;-0.1154534444;0.001374445739;9
35.85038427;-0.9092726111;0.4594219327;10.53320503;35.85837756;0.07987056673;-0.1191186309;0.001374445739;9
35.85248604;-0.8949156404;0.4594219327;10.4279213;35.86047938;0.08109229803;-0.1191186309;0.002596175298;9
35.85458787;-0.890130043;0.4354937077;10.33699417;35.86258115;0.07987056673;-0.1191186309;0.003817904973;9
35.85668969;-0.8757730722;0.4211367965;10.25085258;35.86468297;0.07987056673;-0.1203403622;0.005039634649;9
35.85879151;-0.837487936;0.4019941986;10.164711;35.86678479;0.08109229803;-0.1166751757;0.007483093534;9
35.86089334;-0.8279166222;0.3924229145;10.15035343;35.86888662;0.08353576064;-0.1142317131;0.007483093534;9
35.86299511;-0.8087740541;0.3732803464;10.15035343;35.87098839;0.08842267841;-0.1130099818;0.005039634649;9
35.86509693;-0.7704889178;0.3349951804;10.15992451;35.87309026;0.09330959618;-0.111788258;0.002596175298;9
35.86719875;-0.7274180651;0.3110669553;10.17428207;35.87519203;0.09941824526;-0.1105665267;-0.001069013379;9
35.86930058;-0.6987041831;0.2775674164;10.19820976;35.87729386;0.1055268943;-0.111788258;-0.00351247238;9
35.87140235;-0.6556333899;0.2440679073;10.21735287;35.87939568;0.111635536;-0.1142317131;-0.007177661173;9
35.87350422;-0.6364908218;0.2249253243;10.23170948;35.88149745;0.1165224537;-0.1154534444;-0.01206457894;9
35.87560599;-0.5934200287;0.1914258152;10.23170948;35.88359927;0.1201876476;-0.1154534444;-0.01695149764;9
35.87770782;-0.5694918036;0.1914258152;10.19820976;35.8857011;0.1238528341;-0.1130099818;-0.02061668597;9
35.87980964;-0.5359922647;0.1483550072;10.13599682;35.88780292;0.1250745654;-0.1105665267;-0.02550360374;9
35.88191141;-0.5216353536;0.1627119333;10.04985523;35.88990469;0.1262962967;-0.1056796089;-0.02916879393;9
35.88401323;-0.5216353536;0.1531406492;9.934999466;35.89200656;0.1250745654;-0.0983492285;-0.03405570984;9
35.88611506;-0.4929214716;0.1579262912;9.844072342;35.89410834;0.1238528341;-0.09101885557;-0.04016435891;9
35.88821688;-0.4546363056;0.1770688742;9.74835968;35.89621016;0.1189659163;-0.08246674389;-0.0438295491;9
35.89031865;-0.4211367965;0.1914258152;9.633503914;35.89831198;0.1140789986;-0.07391463965;-0.04749473557;9
35.89242052;-0.3876372576;0.1914258152;9.504291534;35.90041375;0.1091920808;-0.06536252797;-0.05238165334;9
35.89452229;-0.3780659735;0.2153540403;9.389435768;35.90251558;0.1030834317;-0.05558869615;-0.05726857483;9
35.89662412;-0.3780659735;0.2201396823;9.293723106;35.9046174;0.09575305134;-0.04581485689;-0.0609337613;9
35.89872594;-0.4115654826;0.2392822653;9.212367058;35.90671922;0.09086613357;-0.03726275265;-0.0621554926;9
35.90082771;-0.4354937077;0.2584248483;9.140582085;35.90882099;0.0859792158;-0.02993237413;-0.0621554926;9
35.90292953;-0.4833501875;0.2488535494;9.131011009;35.91092282;0.08109229803;-0.02504545636;-0.0609337613;9
35.90503136;-0.5455635786;0.2536391914;9.102297783;35.91302464;0.07864884287;-0.01771507785;-0.0609337613;9
35.90713318;-0.6125625968;0.2440679073;9.126225471;35.91512646;0.07620538026;-0.01038470119;-0.05971203372;9
35.90923495;-0.6987041831;0.2488535494;9.131011009;35.91722828;0.0737619251;-0.006719512399;-0.05726857483;9
35.91133677;-0.760917604;0.2632105052;9.174081802;35.91933011;0.07620538026;-0.0006108647794;-0.05482511222;9
35.9134386;-0.8327022791;0.2632105052;9.212367058;35.92143193;0.0725401938;0.003054323839;-0.05360338464;9
35.91554042;-0.866201818;0.2775674164;9.212367058;35.9235337;0.07498364896;0.006719512399;-0.05238165334;9
35.91764224;-0.8805587292;0.2967100143;9.245866776;35.92563552;0.07620538026;0.007941242307;-0.05115992576;9
35.91974406;-0.8853443861;0.3014956415;9.241081238;35.92773729;0.07498364896;0.01038470119;-0.05115992576;9
35.92184589;-0.8757730722;0.2919243574;9.231510162;35.92983917;0.0737619251;0.01038470119;-0.05115992576;9
35.92394766;-0.8709874153;0.3062812984;9.193224907;35.93194094;0.07009673119;0.01160643063;-0.04993819445;9
35.92604948;-0.890130043;0.3062812984;9.150154114;35.93404276;0.06643154472;0.01404988952;-0.04627300799;9
35.92815125;-0.8949156404;0.3014956415;9.087940216;35.93614459;0.05910116807;0.01893680729;-0.0438295491;9
35.93025313;-0.9236295223;0.3206382394;9.044869423;35.93824641;0.0542142503;0.02015853859;-0.04016435891;9
35.9323549;-0.9571290612;0.3206382394;8.992227554;35.94034823;0.04688387364;0.02138026804;-0.03527744114;9
35.93445672;-0.9906286001;0.3397808075;8.958727837;35.94245;0.04566214234;0.02138026804;-0.02916879393;9
35.93655854;-1.033699393;0.3302095234;8.949156761;35.94455183;0.03833176568;0.02138026804;-0.02550360374;9
35.93866037;-1.067198873;0.3397808075;8.987442017;35.94665365;0.0358883068;0.02015853859;-0.01939495653;9
35.94076219;-1.124626637;0.3349951804;9.035298347;35.94875547;0.03344484791;0.01527161989;-0.01450803876;9
35.94286396;-1.162911773;0.3349951804;9.102297783;35.95085724;0.03344484791;0.01038470119;-0.0108428495;9
35.94496578;-1.201196909;0.3014956415;9.159725189;35.95295906;0.0358883068;0.003054323839;-0.007177661173;9
35.94706761;-1.210768223;0.3110669553;9.202795982;35.95506089;0.0358883068;-0.004276053514;-0.00351247238;9
35.94916943;-1.177268744;0.2823530734;9.288937569;35.95716271;0.03955349326;-0.01404988952;-0.001069013379;9
35.9512712;-1.138983607;0.2775674164;9.36550808;35.95926453;0.04199695215;-0.02138026804;0.002596175298;9
35.95337302;-1.11984098;0.2584248483;9.38465023;35.96136636;0.04077522457;-0.02626718581;0.007483093534;9
35.95547485;-1.148554921;0.2440679073;9.375079155;35.96346818;0.03955349326;-0.02993237413;0.01237001177;9
35.95757667;-1.1820544;0.2297109663;9.360722542;35.96556995;0.03711003438;-0.03359756246;0.01725693047;9
35.95967849;-1.239482164;0.2153540403;9.298508644;35.96767177;0.03222311661;-0.03359756246;0.02336557768;9
35.96178032;-1.268195987;0.2440679073;9.193224907;35.9697736;0.02611446939;-0.03359756246;0.02703076601;9
35.96388214;-1.301695466;0.2344966233;9.154939651;35.97187537;0.02000582218;-0.03604102135;0.03191768378;9
35.96598391;-1.301695466;0.2536391914;9.073583603;35.97397719;0.0175623633;-0.03359756246;0.03558287397;9
35.96808573;-1.253839016;0.2679961324;9.035298347;35.97607901;0.01145371422;-0.03604102135;0.03802633286;9
35.97018756;-1.201196909;0.2823530734;9.016156197;35.97818084;0.01023198478;-0.03726275265;0.04291325063;9
35.97228933;-1.138983607;0.2871387303;9.025727272;35.98028266;0.0016798781;-0.03726275265;0.04657844082;9
35.97439115;-1.076770186;0.3014956415;9.020941734;35.98238443;-0.001985310577;-0.03359756246;0.05024362728;9
35.97649297;-1.057627559;0.3014956415;9.020941734;35.98448625;-0.006872228812;-0.02871064469;0.05513054505;9
35.97859479;-1.057627559;0.2775674164;9.016156197;35.98658808;-0.008093958721;-0.02993237413;0.05879573524;9
35.98069662;-1.062413216;0.2536391914;9.016156197;35.9886899;-0.01298087649;-0.02504545636;0.06368265301;9
35.98279839;-1.057627559;0.2249253243;9.054440498;35.99079167;-0.01298087649;-0.02138026804;0.06856957078;9
35.98490021;-1.062413216;0.2009970993;9.116654396;35.99289354;-0.01542433538;-0.01893680729;0.07101303339;9
35.98700203;-1.052842021;0.1914258152;9.159725189;35.99499532;-0.01298087649;-0.02015853859;0.07223475724;9
35.98910386;-1.019342422;0.1531406492;9.255437851;35.99709714;-0.01298087649;-0.02138026804;0.07345648855;9
35.99120563;-0.9762716293;0.1196411327;9.30807972;35.99919896;-0.01175914705;-0.02138026804;0.07345648855;9
35.9933075;-0.9523434043;0.09092725813;9.351150513;36.00130073;-0.009315688163;-0.02626718581;0.07223475724;9
35.99540927;-0.9188438654;0.06699903309;9.389435768;36.00340256;-0.008093958721;-0.02993237413;0.07223475724;9
35.9975111;-0.8805587292;0.0382851623;9.427721024;36.00550438;-0.006872228812;-0.03359756246;0.06979130208;9
35.99961292;-0.8566305041;-0.009571290575;9.466006279;36.0076062;-0.008093958721;-0.03604102135;0.06612611562;9
36.00171469;-0.7992027402;-0.0239282269;9.489934921;36.00970797;-0.006872228812;-0.03970621154;0.06246092543;9
36.00381651;-0.7704889178;-0.05742774159;9.485149384;36.01180985;-0.01053741761;-0.043371398;0.05879573524;9
36.00591834;-0.7274180651;-0.06221338734;9.456435204;36.01391162;-0.01298087649;-0.043371398;0.05513054505;9
36.00802016;-0.679561615;-0.08614161611;9.422935486;36.01601344;-0.01542433538;-0.043371398;0.05146535859;9
36.01012193;-0.6556333899;-0.09092725813;9.379864693;36.01811526;-0.0190895237;-0.03970621154;0.04657844082;9
36.01222381;-0.6412764788;-0.06699903309;9.360722542;36.02021703;-0.01786779426;-0.03604102135;0.04291325063;9
36.01432558;-0.6077769399;-0.09092725813;9.351150513;36.02231886;-0.02275471389;-0.03604102135;0.03924806044;9
36.0164274;-0.5647061467;-0.07178468257;9.346364975;36.02442068;-0.02397644334;-0.03237583488;0.03313941509;9
36.01852922;-0.5312066078;-0.06699903309;9.346364975;36.0265225;-0.02397644334;-0.02993237413;0.02580903657;9
36.02063099;-0.4785645306;-0.0382851623;9.355937004;36.02862433;-0.02275471389;-0.02871064469;0.01725693047;9
36.02273282;-0.4115654826;-0.0239282269;9.36550808;36.0307261;-0.02397644334;-0.02871064469;0.007483093534;9
36.02483464;-0.3445664644;-0.02871387079;9.370293617;36.03282792;-0.02519817278;-0.03115410358;-0.001069013379;9
36.02693646;-0.2967100143;-0.009571290575;9.370293617;36.03492974;-0.02519817278;-0.03115410358;-0.01206457894;9
36.02903828;-0.2153540403;-0.004785645287;9.332008362;36.03703156;-0.02519817278;-0.02504545636;-0.02306014486;9
36.03114006;-0.1866401732;-0.009571290575;9.293723106;36.03913334;-0.02886336111;-0.02138026804;-0.03527744114;9
36.03324188;-0.1292124242;-0.0239282269;9.250652313;36.04123516;-0.03130681813;-0.01160643063;-0.04505127668;9
36.0353437;-0.1244267747;-0.01914258115;9.226723671;36.04333698;-0.03375028074;0.0006108647794;-0.05360338464;9
36.03744552;-0.1148554832;-0.02871387079;9.202795982;36.0454388;-0.03619373962;0.01160643063;-0.05971203372;9
36.03954729;-0.1579262912;-0.02871387079;9.174081802;36.04754063;-0.0374154672;0.02504545636;-0.06337722391;9
36.04164912;-0.2249253243;-0.0143569354;9.17886734;36.04964245;-0.03863719851;0.03726275265;-0.06582067907;9
36.04375094;-0.2967100143;0.01914258115;9.188439369;36.05174422;-0.03985892609;0.04703658819;-0.06704241037;9
36.04585276;-0.3732803464;0.05264209956;9.241081238;36.05384604;-0.04108065739;0.05314523727;-0.06704241037;9
36.04795459;-0.4737788737;0.1004985496;9.231510162;36.05594787;-0.03863719851;0.06047561392;-0.06459894776;9
36.05005641;-0.5599204898;0.1339980662;9.279366493;36.05804969;-0.03863719851;0.06536252797;-0.0621554926;9
36.05215818;-0.6460621357;0.1914258152;9.303294182;36.06015146;-0.03619373962;0.06780599058;-0.05849030241;9
36.05426;-0.708275497;0.2057827413;9.332008362;36.06225328;-0.03375028074;0.07513637096;-0.05360338464;9
36.05636183;-0.7992027402;0.2297109663;9.36550808;36.06435511;-0.02886336111;0.08124501258;-0.04993819445;9
36.05846365;-0.9044869542;0.2297109663;9.456435204;36.06645693;-0.02519817278;0.0849102065;-0.0426078178;9
36.06056542;-1.000199914;0.2727817893;9.499505997;36.06855875;-0.02153298259;0.08735366166;-0.03649916872;9
36.06266724;-1.048056364;0.2871387303;9.537791252;36.07066052;-0.02275471389;0.08979712427;-0.03161225095;9
36.06476906;-1.100698471;0.3110669553;9.533005714;36.07276235;-0.02153298259;0.09346231073;-0.0242818743;9
36.06687089;-1.11984098;0.3302095234;9.494720459;36.07486417;-0.02031125315;0.09468404204;-0.01939495653;9
36.06897271;-1.13419795;0.3589234054;9.470791817;36.07696599;-0.02153298259;0.09590577334;-0.009621120058;9
36.07107448;-1.153340459;0.3876372576;9.451649666;36.07906782;-0.02519817278;0.09224057943;-0.00351247238;9
36.07317631;-1.162911773;0.4259224236;9.437292099;36.08116959;-0.03130681813;0.09468404204;0.002596175298;9
36.07527813;-1.186840057;0.4402793646;9.36550808;36.08327141;-0.03619373962;0.09224057943;0.009926552884;9
36.07737995;-1.201196909;0.4785645306;9.351150513;36.08537323;-0.04352411628;0.09101885557;0.01603520103;9
36.07948177;-1.205982566;0.4881358147;9.351150513;36.08747506;-0.04963276163;0.08979712427;0.02214384824;9
36.08158354;-1.234696507;0.4977070987;9.3367939;36.08957683;-0.05696314201;0.08613193035;0.02703076601;9
36.08368537;-1.234696507;0.5024927258;9.3367939;36.09167865;-0.06429351866;0.08124501258;0.03191768378;9
36.08578719;-1.272981644;0.5120640397;9.36550808;36.09378047;-0.0728456229;0.07635809481;0.03802633286;9
36.08788901;-1.272981644;0.5312066078;9.41336441;36.09588229;-0.08017600328;0.07024945319;0.04291325063;9
36.08999078;-1.26341033;0.5264210105;9.432506561;36.09798412;-0.08872810751;0.06536252797;0.0490218997;9
36.09209261;-1.282552958;0.5312066078;9.451649666;36.10008589;-0.09483675659;0.05803215504;0.05390881747;9
36.09419443;-1.287338614;0.5455635786;9.466006279;36.10218771;-0.1009454057;0.05070177838;0.06001746282;9
36.09629625;-1.282552958;0.5551348329;9.470791817;36.10428953;-0.1107192412;0.04092793912;0.06734783947;9
36.09839808;-1.292124271;0.5647061467;9.470791817;36.10639136;-0.1180496216;0.03481929377;0.07345648855;9
36.10049985;-1.31126678;0.5694918036;9.509077072;36.10849318;-0.1229365394;0.02871064469;0.07834340632;9
36.10260167;-1.306481123;0.5886343718;9.552147865;36.11059495;-0.1302669197;0.02382372692;0.08445205539;9
36.10470349;-1.316052437;0.6317051649;9.566504478;36.11269677;-0.1400407553;0.01893680729;0.09056070447;9
36.10680532;-1.301695466;0.6652047038;9.585647583;36.1147986;-0.1461493969;0.01282816008;0.09300415963;9
36.10890714;-1.244267821;0.679561615;9.628718376;36.11690042;-0.1498145908;0.007941242307;0.09544762224;9
36.11100891;-1.16769743;0.6843472719;9.662218094;36.11900219;-0.1571449637;0.005497782957;0.09666935354;9
36.11311073;-1.100698471;0.6987041831;9.734002113;36.12110401;-0.1595884264;0.006719512399;0.0978910774;9
36.11521256;-1.033699393;0.679561615;9.796216011;36.12320584;-0.1632536054;0.004276053514;0.09666935354;9
36.11731438;-0.94277215;0.6556333899;9.84885788;36.12530761;-0.1681405306;0.0006108647794;0.09422589093;9
36.11941615;-0.9044869542;0.6460621357;9.896714211;36.12740943;-0.1681405306;-0.0006108647794;0.09300415963;9
36.12151797;-0.8805587292;0.5886343718;9.982855797;36.12951125;-0.165697068;-0.006719512399;0.09056070447;9
36.12361979;-0.8566305041;0.5790630579;10.09771156;36.13161308;-0.165697068;-0.01038470119;0.086895518;9
36.12572156;-0.813559711;0.5359922647;10.21735287;36.1337149;-0.1632536054;-0.0164933484;0.08200860023;9
36.12782339;-0.7944171429;0.4977070987;10.30349445;36.13581672;-0.1632536054;-0.01893680729;0.07956513762;9
36.12992521;-0.756131947;0.4833501875;10.38963604;36.13791849;-0.1608101577;-0.02504545636;0.07834340632;9
36.13202703;-0.732203722;0.4929214716;10.46142101;36.14002032;-0.162031889;-0.03115410358;0.07589995116;9
36.13412886;-0.756131947;0.5359922647;10.53799057;36.14212214;-0.162031889;-0.03481929377;0.07589995116;9
36.13623068;-0.7369893789;0.5982056856;10.57627583;36.14422396;-0.162031889;-0.03970621154;0.07834340632;9
36.13833245;-0.7465606928;0.6699903607;10.5858469;36.14632573;-0.1632536054;-0.043371398;0.08200860023;9
36.14043427;-0.7704889178;0.7417750359;10.58106136;36.14842756;-0.1669187993;-0.05070177838;0.0856737867;9
36.1425361;-0.8087740541;0.784845829;10.64327526;36.15052938;-0.1705839932;-0.05558869615;0.09300415963;9
36.14463792;-0.890130043;0.8279166222;10.71984577;36.1526312;-0.1754709035;-0.06780599058;0.0978910774;9
36.14673969;-0.9379864931;0.890130043;10.80598736;36.15473302;-0.1840230078;-0.08002328873;0.1027780026;9
36.14884151;-0.9475577474;0.94277215;10.82991505;36.15683479;-0.1913533956;-0.09101885557;0.1101083755;9
36.15094334;-0.9619147182;0.9906286001;10.85862923;36.15893662;-0.1986837685;-0.09957095981;0.1149952933;9
36.15304516;-0.9619147182;1.052842021;10.9112711;36.16103844;-0.2084576041;-0.1093447953;0.1198822111;9
36.15514698;-0.9619147182;1.11984098;10.99262714;36.16314026;-0.2170097083;-0.1203403622;0.1247691289;9
36.15724875;-0.9667003751;1.172483087;11.09312534;36.16524209;-0.2267835438;-0.1288924664;0.1320995092;9
36.15935058;-0.9571290612;1.268195987;11.16491032;36.16734391;-0.2365573794;-0.1398880333;0.1382081509;9
36.1614524;-0.9379864931;1.339980721;11.27976608;36.16944568;-0.2438877672;-0.1508836001;0.1443168074;9
36.16355422;-0.9571290612;1.411765337;11.40897846;36.1715475;-0.2475529462;-0.1631008983;0.1492037177;9
36.16565604;-0.9762716293;1.430907965;11.55733299;36.17364933;-0.2548833191;-0.1740964651;0.1540906429;9
36.16775787;-0.9714859724;1.493121386;11.71047401;36.1757511;-0.258548528;-0.1838703007;0.1601992846;9
36.16985964;-0.9667003751;1.50269258;11.87318611;36.17785297;-0.2597702444;-0.1960875988;0.1650862098;9
36.17196146;-0.9619147182;1.517049551;12.07418346;36.17995474;-0.2597702444;-0.204639703;0.1711948514;9
36.17406328;-0.9523434043;1.507478237;12.27517986;36.18205656;-0.2548833191;-0.208304897;0.1760817766;9
36.17616506;-0.9284151793;1.521835208;12.50010586;36.18415839;-0.2475529462;-0.2095266134;0.1809686869;9
36.17826693;-0.8805587292;1.512263894;12.78245831;36.18626021;-0.2341139317;-0.2107483447;0.1858556122;9
36.1803687;-0.8853443861;1.507478237;13.0887394;36.18836198;-0.2218966335;-0.2107483447;0.1882990748;9
36.18247052;-0.8805587292;1.493121386;13.37587833;36.1904638;-0.2047924101;-0.208304897;0.1931859851;9
36.18457235;-0.8949156404;1.521835208;13.70608807;36.19256563;-0.1840230078;-0.2070831656;0.1956294477;9
36.18667417;-0.8853443861;1.55054903;14.00279808;36.19466745;-0.1595884264;-0.204639703;0.196851179;9
36.18877594;-0.8518448472;1.574477315;14.28515148;36.19676922;-0.1363755614;-0.2058614343;0.1980729103;9
36.19087776;-0.8231309652;1.59840548;14.57228947;36.19887104;-0.1070540547;-0.204639703;0.1980729103;9
36.19297959;-0.7992027402;1.588834286;14.82114315;36.20097287;-0.07773254067;-0.2070831656;0.1980729103;9
36.19508141;-0.7800601721;1.59840548;15.06042576;36.20307469;-0.04841103405;-0.2070831656;0.1980729103;9
36.19718318;-0.7417750359;1.579262972;15.26620865;36.20517646;-0.02031125315;-0.2070831656;0.1992946416;9
36.199285;-0.7417750359;1.569691658;15.43370628;36.20727828;0.009010255337;-0.204639703;0.1992946416;9
36.20138683;-0.7369893789;1.584048629;15.57727528;36.20938011;0.03955349326;-0.1960875988;0.200516358;9
36.20348865;-0.6891329288;1.564906001;15.75434399;36.21148193;0.07009673119;-0.1875354946;0.2029598206;9
36.20559042;-0.6939185858;1.593619823;15.96969795;36.21358375;0.1018617004;-0.1753181964;0.2066250145;9
36.20769224;-0.6891329288;1.674975872;16.13241005;36.21568552;0.1336266696;-0.1643226296;0.2090684772;9
36.20979407;-0.708275497;1.741974831;16.26162338;36.2177874;0.1653916389;-0.154548794;0.2127336562;9
36.21189589;-0.6987041831;1.813759565;16.4147625;36.21988917;0.1959348768;-0.1472184062;0.2163988501;9
36.21399771;-0.7130611539;1.852044702;16.54876137;36.22199099;0.2289215773;-0.1447749585;0.220064044;9
36.21609948;-0.7130611539;1.895115495;16.6779747;36.22409282;0.258243084;-0.1435532272;0.223729223;9
36.21820136;-0.6891329288;1.93340075;16.7784729;36.22619464;0.2875646055;-0.1459966749;0.2249509543;9
36.22030313;-0.70348984;1.952543259;16.86940002;36.22829641;0.3144426346;-0.1508836001;0.2261726856;9
36.22240495;-0.6891329288;1.990828395;16.96989822;36.23039823;0.3413206935;-0.161879167;0.2273944169;9
36.22450677;-0.679561615;2.005185366;17.02732658;36.23250006;0.3694204688;-0.1692095399;0.2286161482;9
36.2266086;-0.6939185858;2.005185366;17.08953857;36.23460188;0.3901898861;-0.181426838;0.2286161482;9
36.22871037;-0.6939185858;2.01475668;17.13261032;36.2367037;0.4121810198;-0.1924224049;0.2298378795;9
36.23081219;-0.6891329288;1.986042738;17.15175247;36.23880547;0.4305069447;-0.208304897;0.2310595959;9
36.23291401;-0.708275497;2.009970903;17.21396637;36.24090729;0.4463894367;-0.2266308367;0.2322813272;9
36.23501584;-0.7417750359;1.995614052;17.21396637;36.24300906;0.467158854;-0.2412915826;0.2335030586;9
36.23711766;-0.7704889178;1.971685886;17.17089462;36.24511094;0.4818195999;-0.254730612;0.2347247899;9
36.23921943;-0.7704889178;1.919043779;17.26182175;36.24721271;0.4989238083;-0.2742782831;0.2371682525;9
36.24132125;-0.8087740541;1.923829436;17.38624954;36.24931453;0.517249763;-0.2962694168;0.2420551628;9
36.24342302;-0.8709874153;1.986042738;17.46282005;36.25141636;0.5355756879;-0.3231474757;0.2457203567;9
36.2455249;-0.8997012973;2.043470621;17.54896164;36.25351818;0.5575668216;-0.3561341763;0.2493855506;9
36.24762667;-0.9092726111;2.096112728;17.69731712;36.25561995;0.5795579553;-0.3903425932;0.2518289983;9
36.24972849;-0.9092726111;2.067398787;17.87917137;36.25772177;0.6064360142;-0.4245510101;0.2530507445;9
36.25183032;-0.9092726111;2.005185366;18.06581116;36.2598236;0.6369792223;-0.4575377107;0.2542724609;9
36.25393214;-0.9140582681;1.895115495;18.2093811;36.26192542;0.6687442064;-0.4917461574;0.2542724609;9
36.25603391;-0.9140582681;1.804188251;18.36252022;36.26402719;0.7053961158;-0.5259546041;0.2542724609;9
36.25813573;-0.9236295223;1.698904037;18.55394745;36.26612906;0.7432697415;-0.5601630211;0.2518289983;9
36.26023756;-0.8997012973;1.627119422;18.73101616;36.26823084;0.7860302329;-0.5919279456;0.2518289983;9
36.26233938;-0.8709874153;1.560120344;18.89372826;36.27033266;0.8300125003;-0.6224712133;0.246942088;9
36.26444115;-0.8279166222;1.464407444;19.05165482;36.27243448;0.8788816929;-0.6542361975;0.2432768941;9
36.26654302;-0.784845829;1.397408366;19.19043732;36.27453631;0.9289726019;-0.6847794056;0.2396117151;9
36.26864479;-0.7274180651;1.316052437;19.31965065;36.27663813;0.9802852273;-0.7116574645;0.2347247899;9
36.27074662;-0.650847733;1.220339537;19.44886208;36.2787399;1.035263062;-0.7385355234;0.2273944169;9
36.27284844;-0.6077769399;1.110269666;19.47757721;36.28084172;1.092684388;-0.7629700899;0.2212857604;9
36.27495026;-0.5838487148;1.000199914;19.53021812;36.28294354;1.146440506;-0.7825177908;0.2127336562;9
36.27705209;-0.5168496966;0.8805587292;19.5397892;36.28504537;1.200196624;-0.8032872081;0.2029598206;9
36.27915386;-0.4354937077;0.8039883971;19.53500366;36.28714714;1.255174398;-0.828943491;0.1944077164;9
36.28125568;-0.3493520916;0.7417750359;19.44407654;36.28924896;1.306487083;-0.8521563411;0.1834121495;9
36.2833575;-0.2488535494;0.6987041831;19.3387928;36.29135078;1.35413444;-0.871704042;0.1711948514;9
36.28545933;-0.1818545163;0.6556333899;19.20479393;36.29345256;1.40056026;-0.8863648176;0.1540906429;9
36.2875611;-0.1148554832;0.6221339107;19.02293968;36.29555443;1.439655542;-0.9034690261;0.1394298822;9
36.28966292;-0.04785645381;0.5838487148;18.75015831;36.2976562;1.475085735;-0.9169080257;0.123547405;9
36.29176474;0.04307080805;0.5455635786;18.45823479;36.29975802;1.511737585;-0.9327905178;0.1088866442;9
36.29386651;0.1196411327;0.5455635786;18.19023705;36.30185985;1.544724345;-0.9413426518;0.09056070447;9
36.29596839;0.2105683982;0.5455635786;17.96052742;36.30396162;1.578932762;-0.9498947263;0.07467821985;9
36.29807016;0.2967100143;0.5455635786;17.72603035;36.30606344;1.60947597;-0.9523382187;0.05757400393;9
36.30017198;0.3780659735;0.5694918036;17.46760559;36.30816526;1.638797522;-0.9535599351;0.04046979174;9
36.30227381;0.4737788737;0.5742774606;17.25225067;36.31026709;1.663232088;-0.9535599351;0.01970038936;9
36.30437558;0.5551348329;0.5982056856;17.02732658;36.31236891;1.692553639;-0.9535599351;0.003817904973;9
36.3064774;0.6317051649;0.6364908218;16.83589935;36.31447073;1.716988206;-0.9486730099;-0.01328630932;9
36.30857922;0.6891329288;0.650847733;16.56790352;36.3165725;1.73897934;-0.9462295175;-0.02794706449;9
36.31068104;0.70348984;0.6747759581;16.3142643;36.31867433;1.759748697;-0.9413426518;-0.04138609022;9
36.31278287;0.6939185858;0.6699903607;16.06541061;36.3207761;1.779296398;-0.9364557266;-0.05482511222;9
36.31488469;0.6747759581;0.6699903607;15.81655788;36.32287797;1.793957114;-0.9254601598;-0.06582067907;9
36.31698646;0.6556333899;0.6843472719;15.55334759;36.32497974;1.808617949;-0.9107993841;-0.07559451461;9
36.31908828;0.650847733;0.6987041831;15.28056526;36.32708156;1.818391681;-0.8936951756;-0.08414662629;9
36.32119006;0.626919508;0.732203722;14.94556999;36.32918339;1.828165531;-0.880256176;-0.08903354406;9
36.32329193;0.6029912829;0.756131947;14.62493229;36.33128521;1.834274173;-0.8704823256;-0.09147699922;9
36.3253937;0.5790630579;0.7800601721;14.33300781;36.33338698;1.839161158;-0.8558215499;-0.09392046183;9
36.32749552;0.5216353536;0.8327022791;14.11286831;36.33548881;1.842826366;-0.8411607742;-0.1012508348;9
36.32959735;0.4594219327;0.8614161611;13.91187096;36.33759063;1.844048023;-0.8179479241;-0.1049160287;9
36.33169917;0.4689932466;0.8709874153;13.69173145;36.33969245;1.846491456;-0.7996219993;-0.1134681329;9
36.33380094;0.4977070987;0.8614161611;13.43809223;36.34179422;1.848935008;-0.7800742984;-0.1207985133;9
36.33590276;0.5694918036;0.8614161611;13.23230934;36.3438961;1.853821874;-0.7629700899;-0.1305723488;9
36.33800459;0.6221339107;0.8470591903;13.12223911;36.34599787;1.861152291;-0.7470875978;-0.1379027218;9
36.34010641;0.6939185858;0.8231309652;13.02652645;36.34809969;1.86848259;-0.7312051654;-0.1452330947;9
36.34220818;0.7274180651;0.8087740541;12.90688515;36.35020146;1.874591351;-0.7128791809;-0.1550069451;9
36.34431006;0.760917604;0.8039883971;12.76810169;36.35230334;1.884365082;-0.6908880472;-0.1611155868;9
36.34641183;0.7944171429;0.7657032609;12.63888931;36.35440511;1.890473723;-0.6652317643;-0.1672242284;9
36.34851365;0.8183453679;0.760917604;12.49053383;36.35650693;1.894138932;-0.6407971382;-0.1721111536;9
36.35061542;0.8327022791;0.7369893789;12.31346512;36.35860875;1.902691126;-0.6236929297;-0.1794415265;9
36.35271729;0.8231309652;0.760917604;12.09332561;36.36071052;1.90146935;-0.6029235125;-0.1867718995;9
36.35481906;0.813559711;0.7800601721;11.92582798;36.36281235;1.906356215;-0.5760455132;-0.1989891976;9
36.35692089;0.8327022791;0.7896314859;11.68175983;36.36491417;1.907577991;-0.5491674542;-0.2124282271;9
36.35902271;0.8327022791;0.7752745152;11.413764;36.36701599;1.903912783;-0.5210676789;-0.2234237939;9
36.36112448;0.8518448472;0.7417750359;11.1314106;36.36911776;1.90146935;-0.4929678738;-0.2356410921;9
36.36322631;0.8566305041;0.6891329288;10.88734341;36.37121964;1.899025917;-0.4563159943;-0.2441931963;9
36.36532813;0.8518448472;0.6652047038;10.66241741;36.37332141;1.896582365;-0.4159989059;-0.2454149276;9
36.36742995;0.784845829;0.6173482537;10.43270683;36.37542323;1.892917275;-0.3793470263;-0.2441931963;9
36.36953172;0.650847733;0.5886343718;10.23170948;36.37752506;1.891695499;-0.3439168632;-0.2344193608;9
36.3716336;0.4354937077;0.5838487148;10.03549862;36.37962688;1.891695499;-0.3084867001;-0.2197586;9
36.37373537;0.1435693651;0.6029912829;10.05464077;36.38172865;1.895360708;-0.2755000293;-0.2038761228;9
36.37583719;-0.1962114573;0.5982056856;10.07856941;36.38383047;1.90146935;-0.2474002391;-0.1843284518;9
36.37793901;-0.4642075896;0.5838487148;10.1024971;36.38593229;1.914908409;-0.2254091054;-0.1660024971;9
36.38004084;-0.6747759581;0.5886343718;10.10728264;36.38803412;1.930790901;-0.2107483447;-0.146454826;9
36.38214261;-0.7992027402;0.5694918036;10.16949654;36.39013594;1.951560259;-0.2058614343;-0.1281288862;9
36.38424443;-0.8757730722;0.5694918036;10.27478027;36.39223771;1.972329617;-0.208304897;-0.1085812151;9
36.38634625;-0.9236295223;0.5359922647;10.36092186;36.39433953;1.99432075;-0.2144135386;-0.09147699922;9
36.38844808;-0.9571290612;0.5024927258;10.42313576;36.3964413;2.017533541;-0.2193004489;-0.0743727833;9
36.3905499;-0.9571290612;0.4689932466;10.46142101;36.39854313;2.037081242;-0.2266308367;-0.05971203372;9
36.39265167;-0.9523434043;0.4402793646;10.48056316;36.400645;2.057850838;-0.2437350452;-0.04505127668;9
36.39475349;-0.8853443861;0.4163511395;10.37049294;36.40274677;2.078620195;-0.2571740746;-0.03283398226;9
36.39685526;-0.8757730722;0.4307080805;10.29392338;36.4048486;2.098167896;-0.2693913579;-0.02672533318;9
36.39895709;-0.8757730722;0.4163511395;10.28435135;36.40695042;2.115272045;-0.2779434621;-0.02061668597;9
36.40105896;-0.7896314859;0.3828516304;10.2652092;36.40905224;2.126267672;-0.2926042378;-0.02061668597;9
36.40316073;-0.6843472719;0.3541377485;10.09771156;36.41115401;2.134819746;-0.3072649837;-0.02794706449;9
36.40526256;-0.5886343718;0.3062812984;9.882357597;36.41325584;2.140928268;-0.3182605505;-0.03527744114;9
36.40736438;-0.4737788737;0.2488535494;9.580862045;36.41535766;2.148258686;-0.3292561173;-0.04505127668;9
36.4094662;-0.3158525825;0.2105683982;9.274580956;36.41745948;2.150702238;-0.3463603258;-0.05604684353;9
36.41156797;-0.2105683982;0.1914258152;8.944371223;36.4195613;2.149480343;-0.3597993553;-0.06704241037;9
36.41366979;-0.1052841991;0.1722832322;8.729017258;36.42166308;2.148258686;-0.3683514595;-0.08048143238;9
36.41577162;-0.06221338734;0.1435693651;8.542376518;36.4237649;2.142150164;-0.3756818473;-0.09147699922;9
36.41787344;-0.02871387079;0.1148554832;8.293522835;36.42586672;2.134819746;-0.3866774142;-0.1036942974;9
36.41997526;-0.02871387079;0.07178468257;8.049455643;36.42796854;2.127489328;-0.4001164436;-0.1171333194;9
36.42207703;-0.06699903309;0.06221338734;7.819744587;36.43007032;2.120158911;-0.4147771895;-0.1256854236;9
36.42417886;-0.1148554832;0.04785645381;7.604390144;36.43217214;2.107941628;-0.4306596816;-0.1354592592;9
36.42628068;-0.1674975902;0.07178468257;7.422535896;36.43427396;2.094502687;-0.4502073526;-0.1440113783;9
36.4283825;-0.2201396823;0.09092725813;7.211967468;36.43637578;2.081063509;-0.4673115611;-0.1513417512;9
36.43048427;-0.2632105052;0.1435693651;6.991827965;36.43847756;2.065181017;-0.485637486;-0.1562286615;9
36.4325861;-0.3062812984;0.2105683982;6.781259537;36.44057938;2.046855211;-0.5039634705;-0.1623373181;9
36.43468792;-0.3349951804;0.2871387303;6.561119556;36.4426812;2.026085854;-0.5137372613;-0.1672242284;9
36.43678974;-0.3541377485;0.4019941986;6.317051888;36.44478302;2.006538153;-0.5125155449;-0.1647807807;9
36.43889151;-0.3493520916;0.5264210105;6.063412666;36.44688485;1.982103467;-0.5161807537;-0.1611155868;9
36.44099334;-0.3445664644;0.626919508;5.77148819;36.44898667;1.958890676;-0.5186241865;-0.1537852138;9
36.44309516;-0.4546363056;0.70348984;5.546562672;36.45108844;1.933234334;-0.5186241865;-0.146454826;9
36.44519698;-0.5694918036;0.7465606928;5.45085001;36.45319026;1.908799767;-0.5198459029;-0.1354592592;9
36.4472988;-0.650847733;0.756131947;5.288137913;36.45529209;1.886808634;-0.5186241865;-0.1269071549;9
36.44940063;-0.732203722;0.7704889178;5.082355499;36.45739391;1.861152291;-0.5174024701;-0.1183550507;9
36.4515024;-0.756131947;0.7896314859;4.847858906;36.45949573;1.836717725;-0.5161807537;-0.1098029464;9
36.45360422;-0.7657032609;0.7944171429;4.680361271;36.4615975;1.813504815;-0.501519978;-0.1049160287;9
36.45570604;-0.7704889178;0.7992027402;4.498506546;36.46369933;1.792735457;-0.4917461574;-0.09392046183;9
36.45780787;-0.756131947;0.7992027402;4.374079704;36.46580115;1.769522548;-0.4807505906;-0.08903354406;9
36.45990969;-0.6699903607;0.8231309652;4.187439442;36.46790297;1.746309638;-0.4660898149;-0.08292489499;9
36.46201146;-0.5934200287;0.9044869542;4.058227062;36.47000474;1.724318504;-0.44776389;-0.07803797722;9
36.46411328;-0.5072783828;0.9858429432;3.943371773;36.47210657;1.702327371;-0.4196641147;-0.0743727833;9
36.46621511;-0.4498506486;1.028913736;3.785445452;36.47420839;1.67911458;-0.3940077722;-0.07315105945;9
36.46831693;-0.4067798555;1.019342422;3.598805189;36.47631021;1.654680014;-0.3695732057;-0.0743727833;9
36.4704187;-0.3062812984;0.9906286001;3.402593851;36.47841203;1.630245328;-0.3451386094;-0.07559451461;9
36.47252052;-0.2201396823;0.9571290612;3.211168051;36.4805138;1.604589105;-0.3243691921;-0.07803797722;9
36.47462235;-0.1339980662;0.94277215;3.058027267;36.48261563;1.575267553;-0.3035998046;-0.08048143238;9
36.47672417;-0.03349951655;0.9379864931;2.871387243;36.48471745;1.544724345;-0.2864955962;-0.08170316368;9
36.47882599;0.02871387079;0.94277215;2.713460922;36.48681927;1.51662457;-0.2681696415;-0.08659008145;9
36.48092776;0.1100698411;0.9762716293;2.560320139;36.48892104;1.479972601;-0.2474002391;-0.09025526792;9
36.48302959;0.1962114573;1.000199914;2.364108801;36.49102287;1.450651169;-0.2217439115;-0.09514218569;9
36.48513141;0.3206382394;1.000199914;2.177468538;36.49312469;1.411555767;-0.1912006736;-0.1000291109;9
36.48723323;0.4211367965;1.024128079;1.976471543;36.49522646;1.374903917;-0.1533270627;-0.1049160287;9
36.489335;0.4929214716;1.033699393;1.761117458;36.49732828;1.337030292;-0.1203403622;-0.1098029464;9
36.49143683;0.5359922647;1.043270707;1.560120344;36.49943011;1.299156666;-0.09224057943;-0.1159115955;9
36.49353865;0.5790630579;1.071984529;1.354337573;36.50153193;1.262504816;-0.06536252797;-0.1244636998;9
36.49564042;0.5982056856;1.110269666;1.296909928;36.50363375;1.225852847;-0.03237583488;-0.1330158114;9
36.49774224;0.6173482537;1.105484009;1.239482164;36.50573558;1.187979221;-0.005497782957;-0.142789647;9
36.49984407;0.6412764788;1.100698471;1.148554921;36.50783735;1.150105715;0.02504545636;-0.1488982886;9
36.50194589;0.6747759581;1.124626637;1.043270707;36.50993917;1.114675522;0.05558869615;-0.1537852138;9
36.50404771;0.6987041831;1.172483087;0.94277215;36.51204099;1.07558012;0.08735366166;-0.1562286615;9
36.50614953;0.6556333899;1.186840057;0.837487936;36.51414276;1.040150046;0.1166751757;-0.1562286615;9
36.5082513;0.5599204898;1.196411371;0.7704889178;36.51624464;1.005941629;0.1472184062;-0.1550069451;9
36.51035313;0.4354937077;1.210768223;0.7130611539;36.51834641;0.9717331529;0.1753181964;-0.1513417512;9
36.51245495;0.3397808075;1.225125194;0.679561615;36.52044823;0.9424116611;0.1985310465;-0.146454826;9
36.51455672;0.2679961324;1.21555388;0.6987041831;36.52255006;0.9118683934;0.2217439115;-0.142789647;9
36.5166586;0.2009970993;1.225125194;0.7274180651;36.52465188;0.8862120509;0.2376264036;-0.1391244531;9
36.51876037;0.1339980662;1.210768223;0.7896314859;36.52675365;0.860555768;0.2522871494;-0.1342375278;9
36.52086219;0.09092725813;1.196411371;0.8279166222;36.52885547;0.8361211419;0.2669478953;-0.1293506175;9
36.52296401;0.03349951655;1.201196909;0.8853443861;36.53095729;0.8129082918;0.2657261789;-0.1220202371;9
36.52506584;-0.02871387079;1.191625714;0.9140582681;36.53305912;0.7872520089;0.2608392537;-0.1122464016;9
36.52716761;-0.08614161611;1.229910851;0.9236295223;36.53516094;0.7664825916;0.2608392537;-0.1036942974;9
36.52926943;-0.1722832322;1.296909928;1.052842021;36.53726271;0.7457131743;0.2596175373;-0.09269873053;9
36.53137125;-0.2392822653;1.335195065;1.138983607;36.53936453;0.7237220407;0.2535088956;-0.08048143238;9
36.53347308;-0.3445664644;1.349551916;1.191625714;36.54146636;0.7053961158;0.2486219704;-0.06948586553;9
36.5355749;-0.4354937077;1.378265858;1.225125194;36.54356813;0.6907353401;0.2388481349;-0.05849030241;9
36.53767667;-0.5359922647;1.330409408;1.301695466;36.54566995;0.6736311316;0.2241873741;-0.05115992576;9
36.53977849;-0.5982056856;1.277767301;1.426122308;36.54777177;0.6614138484;0.2095266134;-0.04505127668;9
36.54188032;-0.6221339107;1.239482164;1.564906001;36.5498736;0.6504182816;0.1912006736;-0.04138609022;9
36.54398209;-0.626919508;1.196411371;1.689332843;36.55197542;0.6406444311;0.1692095399;-0.03772090003;9
36.54608391;-0.6173482537;1.162911773;1.794616938;36.55407724;0.6284271479;0.1496618688;-0.03527744114;9
36.54818573;-0.5982056856;1.153340459;1.909472466;36.55617901;0.6186532974;0.1203403622;-0.03283398226;9
36.55028756;-0.6029912829;1.13419795;1.952543259;36.55828084;0.6064360142;0.08979712427;-0.02916879393;9
36.55238938;-0.5742774606;1.143769264;1.942971945;36.56038266;0.5905535221;0.05681042373;-0.02794706449;9
36.5544912;-0.5072783828;1.201196909;2.005185366;36.56248448;0.5734493136;0.02626718581;-0.02794706449;9
36.55659297;-0.5072783828;1.191625714;2.029113531;36.56458625;0.5551233888;-0.005497782957;-0.02794706449;9
36.55869479;-0.5359922647;1.158126116;1.966900229;36.56668808;0.5331322551;-0.03726275265;-0.02916879393;9
36.56079662;-0.5312066078;1.105484009;1.899901152;36.5687899;0.5160280466;-0.07269290835;-0.03039052337;9
36.56289844;-0.5359922647;1.03848505;1.866401672;36.57089172;0.4940368831;-0.1056796089;-0.03527744114;9
36.56500021;-0.5072783828;0.9714859724;1.808973908;36.57299354;0.4720457494;-0.1337793916;-0.04016435891;9
36.56710203;-0.4642075896;0.9236295223;1.770688772;36.57509532;0.4488328993;-0.1594357044;-0.04627300799;9
36.56920386;-0.4067798555;0.9188438654;1.698904037;36.57719714;0.4231765866;-0.181426838;-0.05482511222;9
36.57130568;-0.3349951804;0.9284151793;1.607976794;36.57929896;0.3987419903;-0.1997527778;-0.06459894776;9
36.5734075;-0.2536391914;0.9236295223;1.50269258;36.58140078;0.3730856776;-0.2131918073;-0.07559451461;9
36.57550927;-0.1579262912;0.9379864931;1.430907965;36.58350256;0.3462076187;-0.2229656428;-0.08536835015;9
36.5776111;-0.05742774159;0.9906286001;1.344766378;36.58560443;0.3181078434;-0.2266308367;-0.09636391699;9
36.57971292;0.05742774159;1.048056364;1.205982566;36.5877062;0.2912297845;-0.2254091054;-0.1073594838;9
36.58181474;0.1531406492;1.100698471;1.081555843;36.58980802;0.258243084;-0.2193004489;-0.1171333194;9
36.58391651;0.2488535494;1.158126116;0.94277215;36.59190985;0.227699846;-0.2058614343;-0.1256854236;9
36.58601839;0.3254238665;1.21555388;0.7944171429;36.59401167;0.1934914142;-0.1899789423;-0.1317940801;9
36.58812016;0.3589234054;1.272981644;0.6317051649;36.59611344;0.1556178033;-0.1692095399;-0.1354592592;9
36.59022198;0.3780659735;1.349551916;0.4833501875;36.59821526;0.1201876476;-0.1435532272;-0.1391244531;9
36.5923238;0.3732803464;1.40697968;0.3493520916;36.60031709;0.08353576064;-0.1130099818;-0.1379027218;9
36.59442563;0.3397808075;1.488335729;0.2153540403;36.60241891;0.04566214234;-0.08124501258;-0.1354592592;9
36.5965274;0.2823530734;1.55054903;0.09092725813;36.60452068;0.006566796452;-0.03848448023;-0.1330158114;9
36.59862922;0.2297109663;1.59840548;-0.0382851623;36.6066225;-0.03252854943;0.006719512399;-0.1256854236;9
36.60073104;0.1722832322;1.64626193;-0.1387837082;36.60872433;-0.07162389904;0.05436696485;-0.1183550507;9
36.60283287;0.1339980662;1.703689694;-0.2057827413;36.61082615;-0.1082757786;0.1044578776;-0.1098029464;9
36.60493464;0.06699903309;1.789831281;-0.2344966233;36.61292792;-0.1412624866;0.154548794;-0.1000291109;9
36.60703646;0.0239282269;1.856830359;-0.2297109663;36.61502974;-0.1754709035;0.204639703;-0.09147699922;9
36.60913828;0.0143569354;1.923829436;-0.2057827413;36.61713156;-0.2072358727;0.2535088956;-0.08048143238;9
36.61124011;0.004785645287;2.009970903;-0.1435693651;36.61923339;-0.2365573794;0.2999345958;-0.06948586553;9
36.61334188;-0.004785645287;2.072184324;-0.0765703246;36.62133516;-0.2634354234;0.3439168632;-0.05849030241;9
36.6154437;-0.01914258115;2.129612207;0.03349951655;36.62343698;-0.2939786613;0.3891208768;-0.04993819445;9
36.61754552;-0.0143569354;2.187039852;0.1339980662;36.62553881;-0.3196350038;0.4257727563;-0.04016435891;9
36.61964735;-0.009571290575;2.215753794;0.2297109663;36.62764063;-0.3477347791;0.4575377107;-0.03161225095;9
36.62174912;0.0;2.249253273;0.2967100143;36.62974245;-0.3758345544;0.4893026948;-0.02550360374;9
36.62385094;0.0143569354;2.249253273;0.3828516304;36.63184422;-0.4027126133;0.5186241865;-0.01939495653;9
36.62595276;0.0239282269;2.254039049;0.4737788737;36.63394604;-0.4295906425;0.5430588126;-0.01695149764;9
36.62805459;0.05742774159;2.277967215;0.5455635786;36.63604787;-0.4576904476;0.5650499463;-0.01450803876;9
36.63015641;0.07178468257;2.239681959;0.6412764788;36.63814969;-0.4821250141;0.5882627964;-0.01328630932;9
36.63225818;0.1052841991;2.220539331;0.7369893789;36.64025151;-0.5102248192;0.6041452885;-0.01328630932;9
36.63436;0.1148554832;2.201396942;0.8327022791;36.64235328;-0.5358811021;0.6224712133;-0.0157297682;9
36.63646183;0.1483550072;2.196611166;0.9667003751;36.64445511;-0.562759161;0.637131989;-0.01817322709;9
36.63856365;0.1339980662;2.191825628;1.110269666;36.64655693;-0.5847502947;0.6469057798;-0.01939495653;9
36.64066547;0.1052841991;2.187039852;1.26341033;36.64865875;-0.6116283536;0.6554579139;-0.02183841541;9
36.64276724;0.06221338734;2.187039852;1.430907965;36.65076052;-0.6287325621;0.6554579139;-0.02061668597;9
36.64486906;0.0;2.177468538;1.59840548;36.65286235;-0.6495019794;0.6505709887;-0.02061668597;9
36.64697089;-0.1004985496;2.167897224;1.751546144;36.65496417;-0.6690496206;0.6420188546;-0.01817322709;9
36.64907271;-0.2057827413;2.143969059;1.947757602;36.65706599;-0.6885973215;0.6298015714;-0.0157297682;9
36.65117448;-0.2919243574;2.134397745;2.086541414;36.65916782;-0.7069232464;0.6114756465;-0.01206457894;9
36.65327631;-0.3732803464;2.148754835;2.249253273;36.66126959;-0.721584022;0.5894845128;-0.009621120058;9
36.65537813;-0.4594219327;2.148754835;2.388036966;36.66337141;-0.7411317229;0.5613847375;-0.005955931731;9
36.65747995;-0.5455635786;2.153540373;2.536391973;36.66547323;-0.7594576478;0.5308414698;-0.002290742937;9
36.65958177;-0.6125625968;2.172683001;2.665604353;36.66757506;-0.7790052891;0.49418962;0.001374445739;9
36.66168354;-0.6747759581;2.187039852;2.785245657;36.66967688;-0.79855299;0.4550942481;0.005039634649;9
36.66378537;-0.70348984;2.210968018;2.876172781;36.67177865;-0.8217658401;0.4135554433;0.005039634649;9
36.66588719;-0.7465606928;2.230110645;2.933600664;36.67388047;-0.8462004066;0.3707949221;0.007483093534;9
36.66798901;-0.7417750359;2.239681959;2.94317174;36.67598229;-0.8755219579;0.3329212964;0.008704823442;9
36.67009084;-0.7369893789;2.254039049;2.928814888;36.67808406;-0.906065166;0.2926042378;0.01114828233;9
36.67219261;-0.7369893789;2.277967215;2.900100946;36.68018589;-0.9427170753;0.254730612;0.01603520103;9
36.67429443;-0.7465606928;2.282752752;2.904886723;36.68228771;-0.9781472087;0.2205221802;0.02214384824;9
36.67639625;-0.7896314859;2.282752752;2.90967226;36.68438953;-1.016020894;0.188757211;0.03191768378;9
36.67849802;-0.8422735929;2.306680918;2.94317174;36.68649136;-1.051450968;0.1606574357;0.04291325063;9
36.68059985;-0.8997012973;2.330609322;2.967100143;36.68859313;-1.086881161;0.1325576603;0.05146535859;9
36.68270167;-0.9810572863;2.325823545;3.062813044;36.69069495;-1.12353301;0.1069013327;0.06123919412;9
36.68480349;-1.000199914;2.330609322;3.172882795;36.69279677;-1.158963203;0.08368847519;0.07223475724;9
36.68690532;-1.033699393;2.344966173;3.316452265;36.6948986;-1.189506412;0.0616973415;0.08078686893;9
36.68900709;-1.004985452;2.344966173;3.407379389;36.69700042;-1.220049739;0.03970621154;0.08811724186;9
36.69110891;-0.9571290612;2.325823545;3.555734396;36.69910219;-1.246927738;0.02260199748;0.09300415963;9
36.69321073;-0.8949156404;2.306680918;3.718446493;36.70120401;-1.272584081;0.01038470119;0.10033454;9
36.69531256;-0.8039883971;2.277967215;3.90030098;36.70330584;-1.293353438;0.0006108647794;0.1015562713;9
36.69741438;-0.70348984;2.220539331;4.063013077;36.70540766;-1.311679363;-0.007941242307;0.1027780026;9
36.69951615;-0.5886343718;2.172683001;4.249652863;36.70750943;-1.328783631;-0.01282816008;0.1039997265;9
36.70161797;-0.4642075896;2.129612207;4.474578381;36.70961125;-1.339779139;-0.01160643063;0.1052214578;9
36.70371979;-0.3637090325;2.081755638;4.689932346;36.71171308;-1.353218198;-0.00916297175;0.1064431891;9
36.70582162;-0.2823530734;2.009970903;4.900500774;36.7138149;-1.359326839;0.0006108647794;0.1064431891;9
36.70792339;-0.2344966233;1.923829436;5.158925533;36.71591672;-1.367878914;0.01160643063;0.1039997265;9
36.71002521;-0.1962114573;1.875972986;5.417350292;36.71801849;-1.36910069;0.02871064469;0.1039997265;9
36.71212703;-0.1531406492;1.794616938;5.647061348;36.72012032;-1.366657257;0.04581485689;0.0991128087;9
36.71422886;-0.09571290761;1.737189293;5.900700569;36.72222214;-1.364213824;0.06780599058;0.09544762224;9
36.71633068;-0.0382851623;1.660618901;6.135197163;36.72432396;-1.356883407;0.09101885557;0.08933897316;9
36.71843245;0.04307080805;1.622333765;6.345765591;36.72642578;-1.34588778;0.1154534444;0.08078686893;9
36.72053427;0.1196411327;1.579262972;6.537191391;36.72852756;-1.33244884;0.1411097646;0.06979130208;9
36.7226361;0.2536391914;1.531406522;6.728617191;36.73062938;-1.317788005;0.1704312712;0.05635227636;9
36.72473792;0.3493520916;1.469193101;6.924828529;36.7327312;-1.29946208;0.1985310465;0.04413498193;9
36.72683974;0.4785645306;1.445264935;7.121040344;36.73483302;-1.279914379;0.231517747;0.0294742249;9
36.72894151;0.5599204898;1.383051515;7.264609337;36.73693479;-1.260366797;0.2632827163;0.01359174121;9
36.73104334;0.6317051649;1.35912323;7.427321434;36.73903662;-1.237153888;0.2926042378;-0.004734201822;9
36.73314516;0.6699903607;1.31126678;7.561319351;36.74113844;-1.217606187;0.3182605505;-0.02306014486;9
36.73524698;0.7178468108;1.282552958;7.680960655;36.74324026;-1.198058605;0.3451386094;-0.04016435891;9
36.73734875;0.756131947;1.253839016;7.747959614;36.74534203;-1.177289128;0.3659079969;-0.05849030241;9
36.73945058;0.7704889178;1.253839016;7.814958572;36.74744386;-1.157741427;0.3878991306;-0.07803797722;9
36.7415524;0.784845829;1.234696507;7.896314621;36.74954568;-1.140637279;0.4037816226;-0.09514218569;9
36.74365422;0.7657032609;1.225125194;7.953742504;36.7516475;-1.124754786;0.4233292937;-0.1146898642;9
36.74575599;0.7369893789;1.229910851;8.025527;36.75374927;-1.107650518;0.4343248606;-0.1342375278;9
36.74785782;0.6891329288;1.229910851;8.111668587;36.7558511;-1.092989802;0.4428769648;-0.1513417512;9
36.74995964;0.6460621357;1.249053478;8.15473938;36.75795292;-1.081994295;0.4404335022;-0.169667691;9
36.75206146;0.6077769399;1.253839016;8.202595711;36.76005474;-1.070998669;0.431881398;-0.1855501831;9
36.75416323;0.5934200287;1.282552958;8.231309891;36.76215657;-1.066111803;0.4172206521;-0.2038761228;9
36.75626506;0.5790630579;1.354337573;8.264809608;36.76425839;-1.062446594;0.3964512348;-0.2197586;9
36.75836688;0.5407779217;1.383051515;8.240880966;36.76636016;-1.064890027;0.3720166385;-0.2344193608;9
36.7604687;0.4929214716;1.440479279;8.178668022;36.76846198;-1.073442101;0.3402516842;-0.2466366589;9
36.76257052;0.3972085714;1.473978758;8.092526436;36.7705638;-1.088102937;0.3035998046;-0.2588539422;9
36.76467235;0.3062812984;1.531406522;7.968099594;36.77266558;-1.11009407;0.2632827163;-0.2710712552;9
36.76677412;0.2057827413;1.593619823;7.805387497;36.7747674;-1.13697207;0.2156352699;-0.2808450758;9
36.76887594;0.1483550072;1.674975872;7.652246952;36.77686922;-1.169958711;0.1667660922;-0.2893971801;9
36.77097776;0.08614161611;1.765903115;7.479963779;36.77897104;-1.202945471;0.1276707351;-0.2979492843;9
36.77307953;-0.0143569354;1.823330879;7.412964344;36.78107287;-1.242040753;0.08857539296;-0.3016144931;9
36.77518136;-0.1244267747;1.866401672;7.312466145;36.78317464;-1.279914379;0.05558869615;-0.3028362095;9
36.77728318;-0.2201396823;1.928615093;7.140182972;36.78527646;-1.321453214;0.02138026804;-0.2979492843;9
36.779385;-0.3589234054;2.009970903;7.068397999;36.78737828;-1.364213824;-0.01038470119;-0.2893971801;9
36.78148683;-0.4977070987;2.091326952;7.063612461;36.78948011;-1.40575254;-0.03848448023;-0.2820668221;9
36.7835886;-0.650847733;2.196611166;7.092326164;36.79158188;-1.444847941;-0.0616973415;-0.269849509;9
36.78569042;-0.756131947;2.263610125;7.082755089;36.7936837;-1.483943224;-0.07880155742;-0.2576322258;9
36.78779224;-0.8566305041;2.30189538;7.063612461;36.79578552;-1.516929984;-0.09224057943;-0.2405280024;9
36.78989407;-0.9140582681;2.344966173;7.082755089;36.79788735;-1.551138401;-0.1032361463;-0.2234237939;9
36.79199584;-0.9571290612;2.364108801;7.149754047;36.79998917;-1.576794744;-0.1056796089;-0.2050978541;9
36.79409766;-0.9954141974;2.359323025;7.173682213;36.80209094;-1.602451086;-0.0971274972;-0.1879936308;9
36.79619948;-1.052842021;2.340180635;7.293323517;36.80419276;-1.623220444;-0.08368847519;-0.1708894223;9
36.7983013;-1.124626637;2.287538528;7.446464062;36.80629459;-1.642768145;-0.06780599058;-0.1501200199;9
36.80040313;-1.138983607;2.244467735;7.556533813;36.80839641;-1.656207085;-0.05070177838;-0.1305723488;9
36.8025049;-1.124626637;2.244467735;7.714460373;36.81049823;-1.665980935;-0.02993237413;-0.1073594838;9
36.80460672;-1.095912814;2.263610125;7.905886173;36.8126;-1.673311353;-0.001832594397;-0.08536835015;9
36.80670854;-1.095912814;2.273181438;8.15473938;36.81470183;-1.68064177;0.02871064469;-0.06582067907;9
36.80881037;-1.057627559;2.306680918;8.355736732;36.81680365;-1.683085203;0.06536252797;-0.04505127668;9
36.81091219;-1.028913736;2.30189538;8.523234367;36.81890547;-1.681863427;0.102014415;-0.02916879393;9
36.81301396;-0.9810572863;2.277967215;8.69551754;36.82100724;-1.675754786;0.1374445707;-0.01450803876;9
36.81511578;-0.9140582681;2.215753794;8.882157326;36.82310907;-1.67086792;0.1826485693;-0.00351247238;9
36.81721761;-0.813559711;2.153540373;9.097511292;36.82521089;-1.659872293;0.235182941;0.01114828233;9
36.81931943;-0.7896314859;2.067398787;9.408578873;36.82731271;-1.646433353;0.2913824916;0.02458730713;9
36.8214212;-0.7465606928;1.938186288;9.600004196;36.82941448;-1.629329085;0.339029938;0.03680460155;9
36.82352302;-0.7274180651;1.837687731;9.810572624;36.8315163;-1.609781384;0.3927860558;0.0490218997;9
36.82562485;-0.6987041831;1.770688772;10.08814049;36.83361813;-1.585346818;0.4428769648;0.06123919412;9
36.82772667;-0.6652047038;1.718046665;10.37527943;36.8357199;-1.558468819;0.4905244112;0.07101303339;9
36.82982844;-0.6460621357;1.655833244;10.67677498;36.83782177;-1.529147267;0.5393936038;0.07834340632;9
36.83193026;-0.626919508;1.59840548;10.94955635;36.83992354;-1.498604059;0.5809323788;0.08200860023;9
36.83403209;-0.5742774606;1.507478237;11.20319557;36.84202537;-1.464395642;0.6175842881;0.0856737867;9
36.83613386;-0.5168496966;1.416550994;11.45683479;36.84412719;-1.430187106;0.6456840634;0.086895518;9
36.83823573;-0.4498506486;1.330409408;11.70090294;36.84622901;-1.3923136;0.6627882719;0.08445205539;9
36.8403375;-0.3780659735;1.220339537;11.92582798;36.84833078;-1.354439974;0.6713404059;0.08078686893;9
36.84243933;-0.4785645306;1.105484009;12.12682533;36.85043261;-1.32267499;0.6750055552;0.07345648855;9
36.84454115;-0.4689932466;1.028913736;12.35175037;36.85253443;-1.288466573;0.6652317643;0.06490438432;9
36.84664297;-0.4402793646;0.9954141974;12.52881908;36.85463625;-1.259145021;0.6469057798;0.05146535859;9
36.84874474;-0.3972085714;0.9858429432;12.61017513;36.85673808;-1.22982347;0.6273581386;0.03802633286;9
36.85084657;-0.4067798555;0.9858429432;12.80638695;36.85883985;-1.20661068;0.6090322137;0.02458730713;9
36.85294839;-0.3541377485;0.9714859724;12.87817192;36.86094167;-1.180954337;0.5809323788;0.01359174121;9
36.85505021;-0.3684946895;0.9619147182;12.89731407;36.86304349;-1.158963203;0.5467239618;0.001374445739;9
36.85715203;-0.3972085714;0.9858429432;12.91645622;36.86514532;-1.144302487;0.5064069033;-0.007177661173;9
36.8592538;-0.3972085714;1.052842021;12.97388458;36.86724709;-1.130863428;0.4550942481;-0.01695149764;9
36.86135563;-0.3780659735;1.11984098;12.99302673;36.86934891;-1.124754786;0.4025598764;-0.0242818743;9
36.86345745;-0.3397808075;1.196411371;12.91645622;36.87145073;-1.122311354;0.347582072;-0.03283398226;9
36.86555927;-0.2871387303;1.249053478;12.81117249;36.87355256;-1.121089578;0.2828303874;-0.0426078178;9
36.86766104;-0.2632105052;1.292124271;12.70110226;36.87565433;-1.125976562;0.2193004489;-0.05115992576;9
36.86976287;-0.2201396823;1.330409408;12.53839111;36.8777562;-1.134528637;0.1606574357;-0.06337722391;9
36.87186469;-0.2105683982;1.330409408;12.41874981;36.87985797;-1.144302487;0.1069013327;-0.0743727833;9
36.87396651;-0.2057827413;1.316052437;12.31825066;36.88195979;-1.155297995;0.04948004708;-0.08170316368;9
36.87606828;-0.1770688742;1.316052437;12.15553856;36.88406162;-1.167515278;-0.006719512399;-0.09147699922;9
36.87817016;-0.1627119333;1.368694544;12.03589821;36.88616339;-1.182176113;-0.05925388262;-0.0988073796;9
36.88027193;-0.1387837082;1.411765337;11.98804188;36.88826521;-1.198058605;-0.1093447953;-0.1049160287;9
36.88237375;-0.1387837082;1.464407444;11.96889877;36.89036703;-1.209054112;-0.1557705253;-0.1110246703;9
36.88447558;-0.1770688742;1.497906923;11.94018459;36.89246886;-1.222493172;-0.1985310465;-0.1146898642;9
36.88657735;-0.2249253243;1.512263894;11.93539906;36.89457068;-1.233488679;-0.2376264036;-0.119576782;9
36.88867917;-0.2632105052;1.526620865;11.92104244;36.89667245;-1.243262529;-0.2706131041;-0.1220202371;9
36.89078099;-0.2871387303;1.569691658;11.90668583;36.89877427;-1.25303638;-0.2950477004;-0.1244636998;9
36.89288282;-0.2823530734;1.588834286;11.87318611;36.9008761;-1.259145021;-0.3084867001;-0.1244636998;9
36.89498464;-0.2967100143;1.636690736;11.81097221;36.90297787;-1.264031887;-0.3182605505;-0.1244636998;9
36.89708641;-0.2775674164;1.674975872;11.74875927;36.90507969;-1.264031887;-0.3097084463;-0.1220202371;9
36.89918823;-0.3445664644;1.708475351;11.66261768;36.90718151;-1.259145021;-0.2840521336;-0.1146898642;9
36.90129006;-0.4498506486;1.689332843;11.75833035;36.90928334;-1.250592947;-0.2474002391;-0.1012508348;9
36.90339183;-0.5503492355;1.694118381;11.77747345;36.91138516;-1.239597321;-0.2034179717;-0.08048143238;9
36.90549365;-0.6939185858;1.737189293;11.77747345;36.91348698;-1.224936604;-0.1533270627;-0.05360338464;9
36.90759547;-0.8470591903;1.832902193;11.79183006;36.91558875;-1.207832336;-0.09346231073;-0.02183841541;9
36.90969729;-1.033699393;1.990828395;11.87318611;36.91769058;-1.188284755;-0.02626718581;0.01237001177;9
36.91179912;-1.177268744;2.153540373;11.94018459;36.9197924;-1.166293621;0.04948004708;0.04657844082;9
36.91390094;-1.272981644;2.297109842;11.97368431;36.92189417;-1.14674592;0.1252272725;0.07956513762;9
36.91600271;-1.335195065;2.378465652;11.97846985;36.92399604;-1.12353301;0.204639703;0.1125518382;9
36.91810453;-1.378265858;2.450250387;11.9593277;36.92609782;-1.105207086;0.28527385;0.1394298822;9
36.92020636;-1.363908887;2.450250387;11.9162569;36.92819964;-1.086881161;0.3622428179;0.1663079411;9
36.92230813;-1.282552958;2.416750908;11.83968639;36.93030146;-1.072220445;0.435546577;0.1882990748;9
36.92441;-1.177268744;2.411965132;11.82532978;36.93240323;-1.060003161;0.5039634705;0.2066250145;9
36.92651177;-1.000199914;2.426322222;11.81575775;36.93450506;-1.05389452;0.5613847375;0.2249509543;9
36.9286136;-0.8709874153;2.445464849;11.78225899;36.93660688;-1.049007535;0.6212494969;0.2371682525;9
36.93071542;-0.7417750359;2.464607239;11.74397373;36.9387087;-1.050229311;0.6688969135;0.2493855506;9
36.93281719;-0.6221339107;2.464607239;11.65304661;36.94081047;-1.055116177;0.7116574645;0.2591593862;9
36.93491901;-0.5120640397;2.445464849;11.58126163;36.94291235;-1.063668251;0.7458658814;0.2689332068;9
36.93702084;-0.4259224236;2.416750908;11.58126163;36.94501412;-1.068555236;0.7703005075;0.273820132;9
36.93912266;-0.3732803464;2.378465652;11.6339035;36.94711594;-1.075885534;0.7898481488;0.2787070572;9
36.94122443;-0.3541377485;2.311466694;11.72004509;36.94921776;-1.085659385;0.7996219993;0.2799287736;9
36.9433263;-0.3684946895;2.258824587;11.87318611;36.95131953;-1.09054637;0.7971785665;0.2811505198;9
36.94542808;-0.3876372576;2.167897224;12.03589821;36.95342136;-1.095433235;0.7861829996;0.2787070572;9
36.9475299;-0.4067798555;2.081755638;12.23210907;36.95552318;-1.096655011;0.7629700899;0.273820132;9
36.94963172;-0.4019941986;1.976471543;12.44746304;36.957625;-1.095433235;0.7312051654;0.2689332068;9
36.95173349;-0.3924229145;1.8855443;12.662817;36.95972683;-1.094211578;0.6884446144;0.2603811026;9
36.95383532;-0.3876372576;1.808973908;12.88295746;36.96182865;-1.09054637;0.6432406306;0.2518289983;9
36.95593714;-0.3924229145;1.722832322;13.07916832;36.96393042;-1.084437728;0.5845975876;0.2420551628;9
36.95803896;-0.3924229145;1.651047587;13.31845093;36.96603224;-1.078329086;0.5210676789;0.2298378795;9
36.96014078;-0.3828516304;1.55054903;13.53859043;36.96813406;-1.072220445;0.4502073526;0.220064044;9
36.96224261;-0.3972085714;1.488335729;13.72044468;36.97023589;-1.064890027;0.3769035637;0.2066250145;9
36.96434438;-0.4067798555;1.435693622;13.90708542;36.97233771;-1.057559609;0.3060432673;0.1919642538;9
36.9664462;-0.3972085714;1.402194023;14.02194023;36.97443948;-1.049007535;0.231517747;0.1785252392;9
36.96854802;-0.3876372576;1.397408366;14.09851074;36.97654131;-1.041677117;0.158213973;0.1650862098;9
36.97064985;-0.3637090325;1.368694544;14.16551018;36.97864313;-1.033125043;0.09101885557;0.1540906429;9
36.97275167;-0.3302095234;1.363908887;14.21336651;36.9807449;-1.024572968;0.02993237413;0.1382081509;9
36.97485344;-0.2967100143;1.330409408;14.26600838;36.98284672;-1.013577342;-0.02138026804;0.123547405;9
36.97695526;-0.2584248483;1.296909928;14.30429363;36.98494854;-1.000138402;-0.06902772188;0.1101083755;9
36.97905709;-0.1866401732;1.268195987;14.28036594;36.98705037;-0.9866993427;-0.1142317131;0.09544762224;9
36.98115886;-0.1004985496;1.268195987;14.2564373;36.98915219;-0.9720385671;-0.1521053314;0.07956513762;9
36.98326068;0.0143569354;1.292124271;14.32343674;36.99125396;-0.9549343586;-0.1789833754;0.06368265301;9
36.9853625;0.08135596663;1.316052437;14.31386471;36.99335578;-0.9353867173;-0.1960875988;0.0490218997;9
36.98746433;0.1579262912;1.344766378;14.24208069;36.99545761;-0.9195042253;-0.2131918073;0.03802633286;9
36.98956615;0.2009970993;1.330409408;14.16551018;36.99755938;-0.8999565244;-0.2254091054;0.0294742249;9
36.99166792;0.2105683982;1.354337573;14.0937252;36.9996612;-0.8828523159;-0.2254091054;0.02336557768;9
36.99376974;0.2057827413;1.35912323;14.07936859;37.00176302;-0.8657481074;-0.2168570012;0.01725693047;9
36.99587156;0.08135596663;1.392622828;14.05065441;37.00386485;-0.8474221826;-0.2009745091;0.01725693047;9
36.99797334;0.0239282269;1.402194023;13.91665649;37.00596662;-0.8327614069;-0.1826485693;0.01847865991;9
37.00007516;0.0;1.440479279;13.7539444;37.00806844;-0.8119919896;-0.1606574357;0.0209221188;9
37.00217698;-0.04307080805;1.512263894;13.70130253;37.01017026;-0.7924443483;-0.1362228394;0.02580903657;9
37.00427881;-0.06221338734;1.579262972;13.70608807;37.01227209;-0.7704532146;-0.102014415;0.03313941509;9
37.00638058;-0.1244267747;1.655833244;13.7539444;37.01437391;-0.748462081;-0.06414080411;0.04046979174;9
37.0084824;-0.1866401732;1.674975872;13.80180073;37.01647573;-0.721584022;-0.01893680729;0.04657844082;9
37.01058422;-0.2297109663;1.684547186;13.80180073;37.0185775;-0.698371172;0.02748891525;0.05390881747;9
37.01268604;-0.2679961324;1.684547186;13.78265858;37.02067933;-0.6727148294;0.06658425927;0.06123919412;9
37.01478787;-0.3062812984;1.708475351;13.76351547;37.02278115;-0.6446150541;0.108123064;0.06612611562;9
37.01688969;-0.3158525825;1.713261008;13.73480225;37.02488292;-0.6177369952;0.1521053314;0.07101303339;9
37.01899146;-0.2871387303;1.698904037;13.83051491;37.02698474;-0.5920807123;0.1973093301;0.07589995116;9
37.02109328;-0.2201396823;1.679761529;13.80180073;37.02908656;-0.563980937;0.2339612097;0.08078686893;9
37.02319511;-0.1387837082;1.674975872;13.68215942;37.03118839;-0.5346593857;0.2730565667;0.0856737867;9
37.02529688;-0.09092725813;1.660618901;13.64387512;37.03329016;-0.5114465356;0.3109301627;0.08811724186;9
37.0273987;-0.05742774159;1.655833244;13.67258835;37.03539203;-0.4882336855;0.3488037884;0.09056070447;9
37.02950052;-0.0382851623;1.660618901;13.63908863;37.03749381;-0.4686860144;0.3805687428;0.09178243577;9
37.03160235;-0.0239282269;1.665404558;13.54816151;37.03959563;-0.4515817761;0.4098902643;0.09056070447;9
37.03370412;-0.03349951655;1.674975872;13.43809223;37.04169745;-0.4381427765;0.4331031144;0.08933897316;9
37.03580599;-0.04307080805;1.660618901;13.31366539;37.04379927;-0.4259254634;0.451429069;0.08811724186;9
37.03790776;-0.0382851623;1.670190215;13.19402409;37.04590104;-0.4185950756;0.4636463821;0.0856737867;9
37.04000959;-0.05742774159;1.627119422;13.08395386;37.04800287;-0.4161516428;0.4734202027;0.08445205539;9
37.04211141;-0.0765703246;1.617548108;12.93081379;37.05010469;-0.4149298966;0.4795288444;0.08323032409;9
37.04421323;-0.09571290761;1.612762451;12.75853062;37.05220651;-0.4173733592;0.4770853817;0.08323032409;9
37.046315;-0.1531406492;1.612762451;12.60060406;37.05430834;-0.4259254634;0.4734202027;0.0856737867;9
37.04841683;-0.2057827413;1.622333765;12.45703506;37.05641011;-0.4344775677;0.4624246359;0.09056070447;9
37.05051865;-0.2919243574;1.636690736;12.31346512;37.05851193;-0.4466948807;0.4489856064;0.09544762224;9
37.05262047;-0.3589234054;1.694118381;12.17468166;37.06061375;-0.4613556266;0.4294379354;0.10033454;9
37.05472229;-0.4019941986;1.741974831;12.05504036;37.06271558;-0.474794656;0.4123337269;0.1052214578;9
37.05682406;-0.4259224236;1.785045743;11.9593277;37.06481735;-0.4894554019;0.3866774142;0.1125518382;9
37.05892589;-0.4402793646;1.828116536;11.90190029;37.06691917;-0.5016726851;0.3585776389;0.1174387559;9
37.06102771;-0.4546363056;1.823330879;11.88754272;37.06902099;-0.5138899684;0.3280344009;0.1198822111;9
37.06312953;-0.4833501875;1.813759565;11.91147137;37.07112282;-0.521220386;0.301156342;0.1223256737;9
37.06523131;-0.5264210105;1.751546144;11.97846985;37.07322459;-0.5236638188;0.2706131041;0.123547405;9
37.06733313;-0.5407779217;1.689332843;12.078969;37.07532641;-0.5261073112;0.2388481349;0.1259908676;9
37.06943495;-0.5407779217;1.603191137;12.20339584;37.07742823;-0.5261073112;0.2058614343;0.127212584;9
37.07153677;-0.5647061467;1.536192179;12.32782269;37.07953006;-0.5248855352;0.1667660922;0.1296560466;9
37.07363854;-0.5742774606;1.459621787;12.40439224;37.08163183;-0.5199986696;0.1337793916;0.1320995092;9
37.07574037;-0.6125625968;1.392622828;12.48096275;37.08373365;-0.5163334608;0.0971274972;0.1333212405;9
37.07784219;-0.6221339107;1.339980721;12.54317665;37.08583547;-0.5065596104;0.05925388262;0.1345429718;9
37.07994401;-0.6029912829;1.292124271;12.6053896;37.08793729;-0.4943423271;0.02626718581;0.1345429718;9
37.08204578;-0.5359922647;1.268195987;12.71545982;37.09003912;-0.4833467603;-0.007941242307;0.1333212405;9
37.08414761;-0.4881358147;1.229910851;12.75853062;37.09214089;-0.4686860144;-0.03726275265;0.1308777779;9
37.08624943;-0.4211367965;1.196411371;12.83031464;37.09424271;-0.4503600597;-0.06658425927;0.1259908676;9
37.08835125;-0.3732803464;1.16769743;12.93559933;37.09634453;-0.4320341051;-0.08979712427;0.1186604798;9
37.09045308;-0.2775674164;1.115055323;12.9882412;37.09844636;-0.4137081802;-0.111788258;0.1088866442;9
37.09255485;-0.1674975902;1.048056364;13.02652645;37.10054813;-0.3917170465;-0.1288924664;0.0978910774;9
37.09465667;-0.04307080805;1.000199914;13.05045509;37.10264995;-0.3697259128;-0.138666302;0.08323032409;9
37.09675849;0.06221338734;0.9379864931;13.0887394;37.10475177;-0.3465130329;-0.1447749585;0.06979130208;9
37.09886032;0.1818545163;0.8853443861;13.10309696;37.10685354;-0.3208567202;-0.1459966749;0.05268708616;9
37.10096209;0.2727817893;0.8087740541;13.11266804;37.10895537;-0.2976438701;-0.1459966749;0.03802633286;9
37.10306391;0.3254238665;0.7417750359;13.1078825;37.11105719;-0.2719875574;-0.1362228394;0.02336557768;9
37.10516573;0.3637090325;0.679561615;13.07438278;37.11315901;-0.2463312149;-0.1252272725;0.008704823442;9
37.1072675;0.3876372576;0.6412764788;13.06002617;37.11526084;-0.2182314396;-0.108123064;-0.007177661173;9
37.10936933;0.4115654826;0.5934200287;12.99302673;37.11736266;-0.1913533956;-0.08857539296;-0.01939495653;9
37.11147115;0.4211367965;0.5838487148;12.9451704;37.11946443;-0.1669187993;-0.06536252797;-0.03039052337;9
37.11357297;0.4163511395;0.5599204898;12.83510113;37.12156625;-0.142484203;-0.04581485689;-0.03772090003;9
37.11567479;0.3732803464;0.5982056856;12.74895859;37.12366808;-0.115606159;-0.02260199748;-0.0438295491;9
37.11777662;0.3158525825;0.5982056856;12.67238903;37.12576985;-0.09239330143;0.003054323839;-0.04505127668;9
37.11987839;0.2392822653;0.626919508;12.61017513;37.12787172;-0.0740673542;0.02626718581;-0.04749473557;9
37.12198021;0.1722832322;0.6556333899;12.52403355;37.12997349;-0.05451968312;0.05192350596;-0.04871646687;9
37.12408203;0.05742774159;0.7130611539;12.39482117;37.13207532;-0.03497200832;0.08002328873;-0.04749473557;9
37.12618381;0.0;0.732203722;12.26082325;37.13417714;-0.02031125315;0.1069013327;-0.04505127668;9
37.12828568;-0.06699903309;0.7513462901;12.12203979;37.13627896;-0.006872228812;0.135001123;-0.04016435891;9
37.13038745;-0.1244267747;0.784845829;11.98804188;37.13838073;0.002901607659;0.1594357044;-0.03527744114;9
37.13248927;-0.2057827413;0.8183453679;11.86840057;37.14048256;0.01511890348;0.1838703007;-0.02916879393;9
37.1345911;-0.2584248483;0.8279166222;11.78704453;37.14258438;0.02489273995;0.2058614343;-0.02306014486;9
37.13669292;-0.3158525825;0.837487936;11.6961174;37.1446862;0.03222311661;0.2266308367;-0.01695149764;9
37.13879469;-0.3732803464;0.8279166222;11.61476135;37.14678797;0.03955349326;0.2437350452;-0.0108428495;9
37.14089651;-0.3876372576;0.8039883971;11.5764761;37.14888979;0.04932733253;0.2559523284;-0.004734201822;9
37.14299834;-0.4354937077;0.7896314859;11.54297638;37.15099162;0.0542142503;0.2693913579;0.001374445739;9
37.14510016;-0.4785645306;0.784845829;11.5334053;37.15309344;0.05910116807;0.2767217457;0.005039634649;9
37.14720193;-0.5359922647;0.732203722;11.49990559;37.15519526;0.06520981342;0.2840521336;0.008704823442;9
37.14930375;-0.5551348329;0.7274180651;11.49033451;37.15729703;0.07131846249;0.28527385;0.009926552884;9
37.15140558;-0.5742774606;0.708275497;11.45683479;37.15939886;0.0725401938;0.2864955962;0.008704823442;9
37.1535074;-0.5503492355;0.6747759581;11.413764;37.16150068;0.07742711157;0.2840521336;0.007483093534;9
37.15560922;-0.5072783828;0.6460621357;11.40419292;37.16360245;0.08231402934;0.2816086709;0.006261364091;9
37.15771099;-0.4642075896;0.6029912829;11.37069321;37.16570427;0.0847574845;0.2706131041;0.005039634649;9
37.15981282;-0.4259224236;0.5694918036;11.34676456;37.1678061;0.0847574845;0.2571740746;0.003817904973;9
37.16191464;-0.4163511395;0.5407779217;11.33719349;37.16990792;0.08842267841;0.2388481349;0.0001527161949;9
37.16401641;-0.3972085714;0.5168496966;11.30369377;37.17200974;0.0847574845;0.2131918073;-0.00351247238;9
37.16611823;-0.3924229145;0.4881358147;11.26062298;37.17411151;0.08353576064;0.1924224049;-0.008399390616;9
37.16822006;-0.3589234054;0.4594219327;11.18883896;37.17621334;0.07864884287;0.1667660922;-0.0157297682;9
37.17032188;-0.3589234054;0.4307080805;11.11705399;37.17831516;0.07498364896;0.138666302;-0.02183841541;9
37.1724237;-0.3302095234;0.3924229145;11.01655579;37.18041698;0.0725401938;0.1166751757;-0.03039052337;9
37.17452547;-0.3014956415;0.3541377485;10.9304142;37.1825188;0.06643154472;0.09468404204;-0.03649916872;9
37.17662729;-0.2919243574;0.3349951804;10.85862923;37.18462058;0.06276635826;0.07147117704;-0.04627300799;9
37.17872912;-0.2679961324;0.3206382394;10.79162979;37.1867224;0.06154462695;0.05436696485;-0.05238165334;9
37.18083094;-0.2823530734;0.2967100143;10.77248764;37.18882422;0.06032289565;0.03726275265;-0.05971203372;9
37.18293276;-0.3014956415;0.2727817893;10.74377346;37.19092599;0.06276635826;0.01893680729;-0.06459894776;9
37.18503453;-0.3302095234;0.2392822653;10.75813103;37.19302782;0.06520981342;0.003054323839;-0.06826414168;9
37.18713636;-0.3732803464;0.2057827413;10.7677021;37.19512964;0.07009673119;-0.007941242307;-0.07192932814;9
37.18923818;-0.4019941986;0.2009970993;10.78205872;37.19723146;0.07620538026;-0.02260199748;-0.07559451461;9
37.19133995;-0.4307080805;0.2009970993;10.79162979;37.19933328;0.07987056673;-0.03237583488;-0.08170316368;9
37.19344177;-0.4354937077;0.1818545163;10.75813103;37.20143511;0.08720094711;-0.04703658819;-0.08536835015;9
37.1955436;-0.4402793646;0.1627119333;10.71027374;37.20353693;0.09453132749;-0.05681042373;-0.08903354406;9
37.19764542;-0.4163511395;0.1531406492;10.6480608;37.2056387;0.09941824526;-0.0616973415;-0.09392046183;9
37.19974724;-0.4067798555;0.1387837082;10.57627583;37.20774052;0.1055268943;-0.06658425927;-0.0988073796;9
37.20184907;-0.3828516304;0.1435693651;10.49013424;37.20984229;0.1079703495;-0.07024945319;-0.1012508348;9
37.20395089;-0.3684946895;0.1387837082;10.37049294;37.21194412;0.1091920808;-0.06658425927;-0.1024725661;9
37.20605266;-0.3684946895;0.1435693651;10.25563812;37.21404594;0.111635536;-0.06414080411;-0.1049160287;9
37.20815448;-0.3876372576;0.1627119333;10.14556789;37.21614776;0.111635536;-0.05558869615;-0.1036942974;9
37.21025625;-0.4307080805;0.1483550072;10.05464077;37.21824959;0.111635536;-0.04703658819;-0.1012508348;9
37.21235808;-0.4737788737;0.1483550072;9.982855797;37.22035136;0.1128572673;-0.03726275265;-0.0975856483;9
37.2144599;-0.5216353536;0.1435693651;9.915857315;37.22245318;0.1128572673;-0.03115410358;-0.09392046183;9
37.21656172;-0.5886343718;0.1531406492;9.87757206;37.224555;0.1140789986;-0.02382372692;-0.08781181276;9
37.21866354;-0.626919508;0.1674975902;9.84885788;37.22665683;0.1140789986;-0.01893680729;-0.08414662629;9
37.22076532;-0.6556333899;0.1722832322;9.834501266;37.2287586;0.1153007299;-0.01282816008;-0.08048143238;9
37.22286714;-0.679561615;0.1866401732;9.810572624;37.23086042;0.117744185;-0.01038470119;-0.07681624591;9
37.22496896;-0.7130611539;0.1770688742;9.777072906;37.23296224;0.1140789986;-0.006719512399;-0.07192932814;9
37.22707078;-0.7130611539;0.1818545163;9.753145218;37.23506406;0.1165224537;-0.003054323839;-0.06948586553;9
37.22917256;-0.7178468108;0.1866401732;9.695717812;37.23716584;0.1165224537;-0.003054323839;-0.06704241037;9
37.23127438;-0.732203722;0.1818545163;9.667003632;37.23926766;0.1153007299;-0.005497782957;-0.06337722391;9
37.2333762;-0.732203722;0.1962114573;9.633503914;37.24136948;0.1153007299;-0.003054323839;-0.0621554926;9
37.23547802;-0.732203722;0.1962114573;9.628718376;37.2434713;0.111635536;-0.001832594397;-0.0609337613;9
37.23757979;-0.7274180651;0.1962114573;9.561718941;37.24557308;0.1091920808;0.0006108647794;-0.05971203372;9
37.23968162;-0.7465606928;0.1818545163;9.528220177;37.2476749;0.1067486182;0.003054323839;-0.05849030241;9
37.24178344;-0.760917604;0.1674975902;9.475577354;37.24977672;0.104305163;0.00916297175;-0.05604684353;9
37.24388526;-0.7944171429;0.1627119333;9.418149948;37.25187854;0.1018617004;0.01527161989;-0.05238165334;9
37.24598703;-0.8087740541;0.1579262912;9.375079155;37.25398037;0.09941824526;0.02015853859;-0.04993819445;9
37.24808886;-0.8566305041;0.1387837082;9.375079155;37.25608219;0.09697478265;0.02260199748;-0.04749473557;9
37.25019068;-0.8757730722;0.1435693651;9.351150513;37.25818401;0.09819651395;0.02504545636;-0.0438295491;9
37.2522925;-0.9044869542;0.1196411327;9.370293617;37.26028578;0.09941824526;0.02626718581;-0.04016435891;9
37.25439433;-0.9044869542;0.1196411327;9.389435768;37.26238761;0.1006399691;0.02504545636;-0.03894263133;9
37.25649615;-0.8805587292;0.1292124242;9.389435768;37.26448943;0.104305163;0.02138026804;-0.03894263133;9
37.25859797;-0.8566305041;0.1244267747;9.389435768;37.26659125;0.1018617004;0.02015853859;-0.03649916872;9
37.26069974;-0.8327022791;0.1292124242;9.38465023;37.26869302;0.1018617004;0.01282816008;-0.03772090003;9
37.26280157;-0.8087740541;0.1387837082;9.38465023;37.27079485;0.104305163;0.006719512399;-0.04016435891;9
37.26490339;-0.7752745152;0.1435693651;9.389435768;37.27289667;0.1006399691;0.001832594397;-0.0426078178;9
37.26700521;-0.7513462901;0.1196411327;9.36550808;37.27499844;0.1018617004;-0.003054323839;-0.04505127668;9
37.26910698;-0.7130611539;0.1004985496;9.327222824;37.27710026;0.09819651395;-0.01038470119;-0.04993819445;9
37.2712088;-0.7130611539;0.07178468257;9.317651749;37.27920209;0.09453132749;-0.01404988952;-0.05115992576;9
37.27331063;-0.6891329288;0.06221338734;9.265008926;37.28130391;0.09330959618;-0.01771507785;-0.05604684353;9
37.2754124;-0.6747759581;0.06221338734;9.217152596;37.28340568;0.09086613357;-0.01893680729;-0.05971203372;9
37.27751422;-0.6699903607;0.04307080805;9.198010445;37.2855075;0.08842267841;-0.01893680729;-0.0621554926;9
37.27961604;-0.6460621357;0.05742774159;9.174081802;37.28760933;0.08353576064;-0.01404988952;-0.06337722391;9
37.28171787;-0.6556333899;0.05264209956;9.135796547;37.28971115;0.08109229803;-0.01404988952;-0.0621554926;9
37.28381964;-0.6604190469;0.06221338734;9.087940216;37.29181297;0.07864884287;-0.01527161989;-0.0621554926;9
37.28592146;-0.679561615;0.06699903309;9.05922699;37.29391474;0.07498364896;-0.01282816008;-0.0609337613;9
37.28802328;-0.6987041831;0.1004985496;9.020941734;37.29601656;0.0737619251;-0.01282816008;-0.05726857483;9
37.29012511;-0.7274180651;0.1339980662;9.025727272;37.29811839;0.07131846249;-0.01527161989;-0.05238165334;9
37.29222693;-0.7465606928;0.1722832322;9.020941734;37.30022021;0.06887500733;-0.01282816008;-0.05238165334;9
37.2943287;-0.7417750359;0.2009970993;9.006584167;37.30232198;0.06520981342;-0.01404988952;-0.04993819445;9
37.29643052;-0.7274180651;0.2153540403;8.977870941;37.3044238;0.05787943676;-0.01038470119;-0.04871646687;9
37.29853235;-0.6987041831;0.2297109663;8.925228119;37.30652563;0.05177079141;-0.01038470119;-0.04871646687;9
37.30063417;-0.6747759581;0.2297109663;8.891729355;37.30862745;0.04444041103;-0.006719512399;-0.04993819445;9
37.30273594;-0.650847733;0.2344966233;8.824729919;37.31072922;0.03833176568;-0.003054323839;-0.04871646687;9
37.30483776;-0.626919508;0.2344966233;8.781659126;37.31283104;0.02855792828;0.005497782957;-0.04749473557;9
37.30693959;-0.6077769399;0.2488535494;8.719446182;37.31493287;0.0175623633;0.01404988952;-0.04627300799;9
37.30904141;-0.6221339107;0.2392822653;8.685946465;37.31703469;0.009010255337;0.02626718581;-0.04505127668;9
37.31114318;-0.6221339107;0.2584248483;8.66680336;37.31913651;-0.003207040019;0.03359756246;-0.04138609022;9
37.313245;-0.6173482537;0.2632105052;8.623732567;37.32123834;-0.01298087649;0.04581485689;-0.03894263133;9
37.31534683;-0.6125625968;0.2727817893;8.614161491;37.32334011;-0.02275471389;0.05681042373;-0.03649916872;9
37.31744865;-0.6221339107;0.2823530734;8.609375954;37.32544193;-0.03130681813;0.06414080411;-0.03405570984;9
37.31955047;-0.626919508;0.2871387303;8.618947029;37.32754375;-0.03985892609;0.07391463965;-0.03161225095;9
37.32165229;-0.6364908218;0.2967100143;8.676374435;37.32964552;-0.04474584386;0.08124501258;-0.03161225095;9
37.32375406;-0.6317051649;0.3110669553;8.705088615;37.33174735;-0.04963276163;0.08613193035;-0.02916879393;9
37.32585589;-0.6221339107;0.3158525825;8.776873589;37.33384917;-0.05085449293;0.08735366166;-0.02794706449;9
37.32795771;-0.6221339107;0.3206382394;8.87258625;37.33595099;-0.05329795182;0.09468404204;-0.02672533318;9
37.33005948;-0.6173482537;0.3062812984;8.977870941;37.33805282;-0.0557414107;0.09468404204;-0.02306014486;9
37.3321613;-0.6364908218;0.2871387303;9.092725754;37.34015459;-0.05207622424;0.09468404204;-0.02061668597;9
37.33426313;-0.6939185858;0.2632105052;9.202795982;37.34225641;-0.04963276163;0.0971274972;-0.01817322709;9
37.33636495;-0.756131947;0.2632105052;9.341579437;37.34435823;-0.04474584386;0.0971274972;-0.01450803876;9
37.33846677;-0.7992027402;0.2440679073;9.485149384;37.34646006;-0.03985892609;0.09468404204;-0.01206457894;9
37.34056854;-0.8470591903;0.2297109663;9.585647583;37.34856188;-0.03375028074;0.09224057943;-0.009621120058;9
37.34267037;-0.8757730722;0.2153540403;9.705288887;37.35066365;-0.02641990222;0.08979712427;-0.008399390616;9
37.34477219;-0.8805587292;0.1914258152;9.767501831;37.35276547;-0.01664606482;0.09224057943;-0.008399390616;9
37.34687401;-0.8805587292;0.1483550072;9.868000984;37.35486724;-0.01175914705;0.08613193035;-0.008399390616;9
37.34897584;-0.8709874153;0.1292124242;9.887143135;37.35696906;-0.001985310577;0.08368847519;-0.008399390616;9
37.35107761;-0.8566305041;0.1292124242;9.911071777;37.35907089;0.0016798781;0.08002328873;-0.009621120058;9
37.35317943;-0.837487936;0.1244267747;9.930213928;37.36117271;0.006566796452;0.07024945319;-0.01206457894;9
37.3552812;-0.8231309652;0.1292124242;9.930213928;37.36327453;0.01023198478;0.06658425927;-0.01328630932;9
37.35738302;-0.7896314859;0.1339980662;9.911071777;37.36537631;0.0126754446;0.05803215504;-0.0157297682;9
37.35948485;-0.7657032609;0.1531406492;9.844072342;37.36747813;0.009010255337;0.04825831577;-0.01817322709;9
37.36158667;-0.7465606928;0.1579262912;9.791430473;37.36957995;0.007788525894;0.04214967042;-0.02183841541;9
37.36368849;-0.7369893789;0.1770688742;9.695717812;37.37168177;0.004123337101;0.03726275265;-0.02550360374;9
37.36579026;-0.7178468108;0.2201396823;9.614361763;37.3737836;-0.003207040019;0.03604102135;-0.02794706449;9
37.36789209;-0.6891329288;0.2440679073;9.533005714;37.37588537;-0.009315688163;0.02993237413;-0.03283398226;9
37.36999391;-0.6556333899;0.2967100143;9.446864128;37.37798719;-0.01786779426;0.02871064469;-0.03649916872;9
37.37209573;-0.6556333899;0.3206382394;9.370293617;37.38008901;-0.03008509055;0.02626718581;-0.03772090003;9
37.37419756;-0.6412764788;0.3493520916;9.293723106;37.38219084;-0.0374154672;0.02382372692;-0.04016435891;9
37.37629933;-0.6317051649;0.3684946895;9.2362957;37.38429266;-0.04963276163;0.02260199748;-0.04138609022;9
37.37840115;-0.6221339107;0.4115654826;9.159725189;37.38639443;-0.06185005978;0.02138026804;-0.04138609022;9
37.38050297;-0.650847733;0.4402793646;9.064012527;37.38849625;-0.07528908551;0.01893680729;-0.04138609022;9
37.38260479;-0.6460621357;0.4689932466;8.997013092;37.39059808;-0.08872810751;0.01527161989;-0.04016435891;9
37.38470662;-0.6747759581;0.4977070987;8.982656479;37.3926999;-0.1009454057;0.01282816008;-0.03894263133;9
37.38680839;-0.6891329288;0.5312066078;8.906085968;37.39480167;-0.1107192412;0.01038470119;-0.03527744114;9
37.38891021;-0.70348984;0.5407779217;8.906085968;37.39690349;-0.1241582632;0.006719512399;-0.03161225095;9
37.39101203;-0.7226324677;0.5742774606;8.90130043;37.39900532;-0.1339320987;0.007941242307;-0.02794706449;9
37.39311386;-0.732203722;0.5647061467;8.934800148;37.40110714;-0.1449276656;0.007941242307;-0.0242818743;9
37.39521563;-0.7274180651;0.5886343718;8.949156761;37.40320891;-0.1522580534;0.01038470119;-0.02183841541;9
37.39731745;-0.7369893789;0.5599204898;9.016156197;37.40531073;-0.158366695;0.01038470119;-0.01939495653;9
37.39941927;-0.732203722;0.5264210105;9.087940216;37.40741256;-0.1595884264;0.01527161989;-0.01695149764;9
37.4015211;-0.708275497;0.5072783828;9.193224907;37.40951438;-0.1595884264;0.01771507785;-0.01695149764;9
37.40362287;-0.6891329288;0.4546363056;9.322437286;37.4116162;-0.1571449637;0.02015853859;-0.01695149764;9
37.40572469;-0.6747759581;0.4019941986;9.41336441;37.41371797;-0.1547015011;0.02382372692;-0.01817322709;9
37.40782651;-0.6604190469;0.3493520916;9.523433685;37.41581979;-0.1498145908;0.02260199748;-0.02061668597;9
37.40992834;-0.6173482537;0.3254238665;9.623932838;37.41792162;-0.142484203;0.02382372692;-0.02306014486;9
37.41203016;-0.6125625968;0.2823530734;9.734002113;37.42002339;-0.1363755614;0.02504545636;-0.0242818743;9
37.41413193;-0.6125625968;0.2297109663;9.834501266;37.42212521;-0.1290451884;0.02748891525;-0.02672533318;9
37.41623375;-0.6077769399;0.1722832322;9.925428391;37.42422703;-0.1204930767;0.02993237413;-0.02916879393;9
37.41833558;-0.6173482537;0.1483550072;9.987641335;37.42632886;-0.1143844277;0.03481929377;-0.02794706449;9
37.42043735;-0.6317051649;0.1148554832;10.02592659;37.42843063;-0.1046105921;0.04092793912;-0.02794706449;9
37.42253917;-0.6460621357;0.09092725813;10.06899738;37.43053245;-0.09605848789;0.04825831577;-0.02794706449;9
37.42464099;-0.6699903607;0.08614161611;10.09292603;37.43263427;-0.08994983882;0.05558869615;-0.02672533318;9
37.42674282;-0.70348984;0.06221338734;10.12164021;37.4347361;-0.08261945844;0.06047561392;-0.02550360374;9
37.42884459;-0.7417750359;0.0765703246;10.14556789;37.43683792;-0.0740673542;0.06902772188;-0.02306014486;9
37.43094641;-0.7704889178;0.08614161611;10.15992451;37.43893969;-0.06673697382;0.07391463965;-0.02061668597;9
37.43304823;-0.7944171429;0.1244267747;10.18863869;37.44104151;-0.05940660089;0.07635809481;-0.01695149764;9
37.43515006;-0.7992027402;0.1244267747;10.19820976;37.44314334;-0.05329795182;0.07513637096;-0.0157297682;9
37.43725188;-0.813559711;0.1435693651;10.22692394;37.44524516;-0.04841103405;0.07391463965;-0.01450803876;9
37.43935365;-0.813559711;0.1770688742;10.19820976;37.44734698;-0.04841103405;0.06780599058;-0.01206457894;9
37.44145547;-0.813559711;0.1866401732;10.17906761;37.44944875;-0.04352411628;0.06047561392;-0.0108428495;9
37.44355729;-0.8231309652;0.2105683982;10.164711;37.45155058;-0.04352411628;0.05070177838;-0.009621120058;9
37.44565912;-0.8422735929;0.1962114573;10.14556789;37.4536524;-0.04474584386;0.043371398;-0.008399390616;9
37.44776094;-0.8279166222;0.2009970993;10.09771156;37.45575417;-0.04596757516;0.03604102135;-0.007177661173;9
37.44986271;-0.837487936;0.2009970993;10.05464077;37.45785599;-0.04841103405;0.02626718581;-0.007177661173;9
37.45196453;-0.8327022791;0.2009970993;10.02592659;37.45995782;-0.05329795182;0.01893680729;-0.009621120058;9
37.45406636;-0.837487936;0.2105683982;9.992427826;37.46205964;-0.05451968312;0.01404988952;-0.0108428495;9
37.45616813;-0.8183453679;0.2344966233;9.901499748;37.46416141;-0.05818486959;0.01038470119;-0.0108428495;9
37.45826995;-0.784845829;0.2297109663;9.863214493;37.46626328;-0.06307178736;0.003054323839;-0.01450803876;9
37.46037177;-0.7657032609;0.2392822653;9.8201437;37.46836506;-0.06551524997;0.0006108647794;-0.0157297682;9
37.4624736;-0.7513462901;0.2488535494;9.810572624;37.47046688;-0.07162389904;-0.001832594397;-0.0157297682;9
37.46457537;-0.7417750359;0.2536391914;9.74835968;37.4725687;-0.07773254067;-0.003054323839;-0.01695149764;9
37.46667724;-0.7513462901;0.2919243574;9.714859962;37.47467052;-0.08139773458;-0.004276053514;-0.01695149764;9
37.46877901;-0.7704889178;0.3254238665;9.705288887;37.47677229;-0.08750637621;-0.00916297175;-0.0157297682;9
37.47088084;-0.8039883971;0.3684946895;9.686145782;37.47887412;-0.09117157012;-0.006719512399;-0.01328630932;9
37.47298266;-0.8183453679;0.4115654826;9.647860527;37.48097594;-0.1009454057;-0.006719512399;-0.01206457894;9
37.47508448;-0.8470591903;0.4498506486;9.619147301;37.48307776;-0.1070540547;-0.005497782957;-0.008399390616;9
37.47718625;-0.8757730722;0.4833501875;9.590433121;37.48517953;-0.115606159;-0.001832594397;-0.00351247238;9
37.47928808;-0.8949156404;0.5120640397;9.509077072;37.48728136;-0.1241582632;0.0006108647794;0.002596175298;9
37.4813899;-0.9188438654;0.5503492355;9.485149384;37.48938318;-0.1327103674;0.006719512399;0.008704823442;9
37.48349172;-0.9714859724;0.5934200287;9.451649666;37.491485;-0.1437059343;0.01404988952;0.01603520103;9
37.48559349;-0.9762716293;0.6125625968;9.41336441;37.49358683;-0.1510363221;0.02382372692;0.02336557768;9
37.48769532;-1.004985452;0.6221339107;9.408578873;37.4956886;-0.1595884264;0.03115410358;0.0294742249;9
37.48979714;-1.03848505;0.626919508;9.456435204;37.49779042;-0.165697068;0.03970621154;0.03802633286;9
37.49189896;-1.052842021;0.6747759581;9.504291534;37.49989224;-0.1718057245;0.043371398;0.04413498193;9
37.49400078;-1.062413216;0.732203722;9.533005714;37.50199401;-0.1779143661;0.04459312931;0.05268708616;9
37.49610256;-1.043270707;0.7992027402;9.561718941;37.50409584;-0.1840230078;0.04459312931;0.05635227636;9
37.49820438;-1.048056364;0.8518448472;9.590433121;37.50619766;-0.1913533956;0.043371398;0.06123919412;9
37.5003062;-1.004985452;0.8566305041;9.600004196;37.50829948;-0.1999054998;0.03970621154;0.06734783947;9
37.50240797;-0.9762716293;0.8518448472;9.585647583;37.5104013;-0.2084576041;0.03970621154;0.06856957078;9
37.50450979;-0.9667003751;0.8327022791;9.580862045;37.51250308;-0.2170097083;0.04214967042;0.07101303339;9
37.50661162;-0.9284151793;0.866201818;9.57129097;37.5146049;-0.2280052751;0.04092793912;0.07467821985;9
37.50871344;-0.8997012973;0.8757730722;9.54257679;37.51670672;-0.2426660359;0.04581485689;0.07956513762;9
37.51081526;-0.8949156404;0.9044869542;9.54257679;37.51880849;-0.2573267817;0.05070177838;0.08323032409;9
37.51291703;-0.8997012973;0.94277215;9.518648148;37.52091032;-0.2744309902;0.05192350596;0.0856737867;9
37.51501886;-0.8709874153;0.9571290612;9.547362328;37.52301214;-0.2927569449;0.05681042373;0.08811724186;9
37.51712068;-0.8614161611;0.9906286001;9.561718941;37.52511396;-0.308639437;0.05803215504;0.09056070447;9
37.51922245;-0.8614161611;1.014556766;9.576076508;37.52721578;-0.3208567202;0.05925388262;0.09178243577;9
37.52132427;-0.837487936;1.048056364;9.619147301;37.52931761;-0.3330740333;0.05803215504;0.09544762224;9
37.5234261;-0.813559711;1.076770186;9.729216576;37.53141938;-0.3452913165;0.05925388262;0.09666935354;9
37.52552792;-0.7992027402;1.110269666;9.887143135;37.5335212;-0.3575085998;0.05436696485;0.1015562713;9
37.52762974;-0.8183453679;1.1820544;10.03071213;37.53562302;-0.3636172712;0.04581485689;0.1052214578;9
37.52973157;-0.8279166222;1.244267821;10.19820976;37.53772479;-0.3709476292;0.03848448023;0.1113301069;9
37.53183334;-0.8279166222;1.287338614;10.38963604;37.53982667;-0.3807214797;0.03115410358;0.1162170246;9
37.53393516;-0.8422735929;1.320838094;10.61456108;37.54192844;-0.3831649423;0.02748891525;0.1247691289;9
37.53603698;-0.8757730722;1.306481123;10.82991505;37.54403026;-0.3843866587;0.02138026804;0.1320995092;9
37.53813875;-0.890130043;1.296909928;11.05484104;37.54613203;-0.3843866587;0.01282816008;0.1369864196;9
37.54024063;-0.9475577474;1.26341033;11.30369377;37.54823386;-0.3819431961;0.003054323839;0.1430950761;9
37.5423424;-0.9858429432;1.244267821;11.57169056;37.55033568;-0.3758345544;-0.006719512399;0.1479819864;9
37.54444422;-0.9810572863;1.210768223;11.8971138;37.5524375;-0.3672824502;-0.01527161989;0.1528689116;9
37.54654599;-0.9667003751;1.191625714;12.24646664;37.55453933;-0.3575085998;-0.02382372692;0.1577558219;9
37.54864782;-1.000199914;1.201196909;12.57188988;37.5566411;-0.3440696001;-0.03359756246;0.1626427472;9
37.55074964;-1.000199914;1.258624673;12.83031464;37.55874292;-0.3330740333;-0.04703658819;0.1675296724;9
37.55285146;-1.009771109;1.330409408;13.1078825;37.56084474;-0.3208567202;-0.0616973415;0.173638314;9
37.55495328;-1.004985452;1.383051515;13.328022;37.56294657;-0.3135263622;-0.07757982612;0.1785252392;9
37.55705506;-0.9858429432;1.430907965;13.55294704;37.56504839;-0.3049742281;-0.09101885557;0.1846338809;9
37.55915688;-0.9714859724;1.478764415;13.69173145;37.56715016;-0.2988655865;-0.1032361463;0.1907425225;9
37.5612587;-0.9667003751;1.531406522;13.81615829;37.56925198;-0.2903134823;-0.1130099818;0.1956294477;9
37.56336052;-0.9475577474;1.588834286;13.93579865;37.5713538;-0.2829830945;-0.1227838174;0.2017380893;9
37.56546235;-0.9379864931;1.622333765;14.12243938;37.57345563;-0.2756527364;-0.1276707351;0.2066250145;9
37.56756412;-0.9332008362;1.670190215;14.33300781;37.5755574;-0.265878886;-0.1301141977;0.2151771188;9
37.56966594;-0.9236295223;1.718046665;14.57228947;37.57765922;-0.2536616027;-0.1276707351;0.220064044;9
37.57176776;-0.8853443861;1.765903115;14.82114315;37.57976104;-0.2402225733;-0.1252272725;0.2249509543;9
37.57386959;-0.8422735929;1.808973908;15.06042576;37.58186287;-0.2267835438;-0.1215620935;0.2310595959;9
37.57597136;-0.7944171429;1.828116536;15.32363605;37.58396464;-0.2109010667;-0.1154534444;0.2335030586;9
37.57807318;-0.7465606928;1.856830359;15.56291866;37.58606646;-0.1901316643;-0.1093447953;0.2347247899;9
37.580175;-0.6891329288;1.866401672;15.8500576;37.58816828;-0.1681405306;-0.09957095981;0.2347247899;9
37.58227683;-0.6173482537;1.847259045;16.11805344;37.59027011;-0.1400407553;-0.08613193035;0.2322813272;9
37.5843786;-0.5359922647;1.837687731;16.44826317;37.59237193;-0.1119409725;-0.07635809481;0.2286161482;9
37.58648042;-0.4785645306;1.823330879;16.78804398;37.59447375;-0.07773254067;-0.06536252797;0.2225074917;9
37.58858224;-0.4211367965;1.828116536;17.10389709;37.59657552;-0.04718930274;-0.05436696485;0.2163988501;9
37.59068407;-0.3349951804;1.799402595;17.46282005;37.59867735;-0.006872228812;-0.04092793912;0.2078467458;9
37.59278589;-0.2584248483;1.775474429;17.77867317;37.60077917;0.03222311661;-0.02748891525;0.1980729103;9
37.59488771;-0.1627119333;1.737189293;18.05145454;37.60288099;0.0737619251;-0.01282816008;0.1858556122;9
37.59698948;-0.08135596663;1.694118381;18.28594971;37.60498276;0.1153007299;0.0006108647794;0.1711948514;9
37.5990913;0.004785645287;1.641476393;18.47737694;37.60708459;0.1531743407;0.0164933484;0.1565341055;9
37.60119313;0.0765703246;1.612762451;18.62094498;37.60918641;0.1971566081;0.03359756246;0.1406516135;9
37.60329495;0.1722832322;1.574477315;18.72623062;37.61128818;0.2386954129;0.05558869615;0.1223256737;9
37.60539672;0.2871387303;1.526620865;18.78365707;37.61339;0.2790125012;0.07513637096;0.1052214578;9
37.60749854;0.4163511395;1.483550072;18.91287041;37.61549183;0.3217730224;0.09957095981;0.0856737867;9
37.60960037;0.4737788737;1.488335729;18.96551132;37.61759365;0.3596466482;0.1227838174;0.06979130208;9
37.61170214;0.5120640397;1.50269258;18.96551132;37.61969542;0.4024071693;0.1411097646;0.05513054505;9
37.61380396;0.5647061467;1.512263894;18.99901199;37.62179724;0.4463894367;0.154548794;0.03924806044;9
37.61590578;0.6460621357;1.478764415;19.0755825;37.62389906;0.4891499579;0.1655443609;0.02703076601;9
37.61800761;0.5024927258;1.402194023;19.15693855;37.62600089;0.5355756879;0.1753181964;0.01359174121;9
37.62010938;0.4737788737;1.392622828;19.29093552;37.62810271;0.5783362389;0.181426838;0.003817904973;9
37.6222112;0.4354937077;1.397408366;19.37229156;37.63020448;0.6210967898;0.1826485693;-0.007177661173;9
37.62431302;0.3924229145;1.426122308;19.43450546;37.6323063;0.6650790572;0.1838703007;-0.0157297682;9
37.62641485;0.3110669553;1.430907965;19.49193382;37.63440813;0.710283041;0.1777616441;-0.02183841541;9
37.62851667;0.2297109663;1.430907965;19.5397892;37.63650995;0.76037395;0.1679878086;-0.02183841541;9
37.63061844;0.09571290761;1.416550994;19.72164345;37.63861177;0.8116865754;0.1569922417;-0.01817322709;9
37.63272026;-0.1148554832;1.411765337;19.9034996;37.64071354;0.8691078424;0.1325576603;-0.0108428495;9
37.63482209;-0.3780659735;1.397408366;20.11885262;37.64281537;0.9314160943;0.09590577334;0.001374445739;9
37.63692391;-0.6364908218;1.368694544;20.26242256;37.64491714;0.9973894954;0.04703658819;0.01603520103;9
37.63902573;-0.8997012973;1.316052437;20.58784676;37.64701901;1.063362837;-0.005497782957;0.03680460155;9
37.6411275;-1.225125194;1.239482164;20.94676971;37.64912078;1.131779671;-0.06658425927;0.05757400393;9
37.64322933;-1.526620865;1.172483087;21.20998001;37.65122261;1.201418281;-0.138666302;0.07589995116;9
37.6453311;-1.794616938;1.067198873;21.37747765;37.65332443;1.269835114;-0.2180787325;0.09422589093;9
37.64743297;-1.9812572;0.9906286001;21.45883369;37.65542625;1.337030292;-0.3035998046;0.1125518382;9
37.64953474;-2.124826431;0.8997012973;21.497118;37.65752808;1.40056026;-0.3891208768;0.1296560466;9
37.65163657;-2.20618248;0.8231309652;21.48754692;37.65962985;1.459203243;-0.4795288444;0.1430950761;9
37.65373839;-2.273181438;0.7704889178;21.44447708;37.66173167;1.51662457;-0.5699368119;0.1516471803;9
37.65584021;-2.263610125;0.708275497;21.32483482;37.66383349;1.566715479;-0.6579013467;0.1565341055;9
37.65794203;-2.182254314;0.6604190469;21.11426735;37.66593526;1.613141179;-0.7409789562;0.1601992846;9
37.6600438;-2.033899307;0.6173482537;20.82712746;37.66803709;1.652236462;-0.8228348494;0.1589775532;9
37.66214563;-1.837687731;0.5694918036;20.44906235;37.67013891;1.687666655;-0.8949168921;0.1540906429;9
37.66424745;-1.641476393;0.5599204898;20.03271103;37.67224073;1.714544773;-0.9572250843;0.14676027;9
37.66634922;-1.473978758;0.4977070987;19.61635971;37.6743425;1.737757564;-1.009759426;0.1333212405;9
37.66845104;-1.330409408;0.4354937077;19.18565178;37.67644433;1.75852704;-1.05496347;0.1198822111;9
37.67055287;-1.16769743;0.3828516304;18.71665955;37.67854615;1.776852965;-1.090393662;0.1064431891;9
37.67265469;-1.000199914;0.3493520916;18.24287987;37.68064797;1.790291905;-1.119715095;0.09300415963;9
37.67475646;-0.866201818;0.3062812984;17.8073864;37.68274974;1.804952741;-1.142928004;0.07834340632;9
37.67685828;-0.7417750359;0.3110669553;17.41974831;37.68485156;1.820835233;-1.158810496;0.06612611562;9
37.67896011;-0.6460621357;0.3349951804;17.03689766;37.68695339;1.836717725;-1.168584347;0.05390881747;9
37.68106193;-0.5838487148;0.3349951804;16.74497223;37.68905521;1.852600217;-1.175914645;0.04535670951;9
37.6831637;-0.5503492355;0.3684946895;16.47697639;37.69115698;1.872147799;-1.173471212;0.03802633286;9
37.68526552;-0.5359922647;0.3780659735;16.27119446;37.6932588;1.894138932;-1.166140914;0.03313941509;9
37.68736735;-0.5647061467;0.4067798555;16.09412575;37.69536063;1.916130066;-1.153923512;0.03191768378;9
37.68946917;-0.5886343718;0.4163511395;15.94098473;37.69746245;1.940564632;-1.138041139;0.0294742249;9
37.69157094;-0.6077769399;0.4689932466;15.81177235;37.69956422;1.966220975;-1.123380303;0.02825249545;9
37.69367276;-0.6221339107;0.5120640397;15.63948917;37.70166604;1.995542526;-1.105054379;0.02458730713;9
37.69577459;-0.6317051649;0.5455635786;15.52941895;37.70376787;2.02730751;-1.085506678;0.02336557768;9
37.69787641;-0.5982056856;0.5312066078;15.41934872;37.70586969;2.056628942;-1.065959096;0.02214384824;9
37.69997818;-0.5742774606;0.5072783828;15.2853508;37.70797151;2.085950613;-1.042746186;0.0209221188;9
37.70208;-0.5742774606;0.4689932466;15.14178181;37.71007328;2.116493702;-1.015868187;0.01970038936;9
37.70418183;-0.5742774606;0.4354937077;14.98385525;37.71217511;2.14337182;-0.9889900684;0.0209221188;9
37.70628365;-0.5455635786;0.3924229145;14.75414467;37.71427693;2.171471596;-0.9657772183;0.02336557768;9
37.70838547;-0.5264210105;0.3924229145;14.44786358;37.71637875;2.19346261;-0.9401208758;0.02458730713;9
37.71048724;-0.4785645306;0.4019941986;14.22293758;37.71848058;2.214232206;-0.9095776677;0.02458730713;9
37.71258906;-0.4833501875;0.3780659735;13.98844147;37.72058235;2.231336355;-0.8839213252;0.01970038936;9
37.71469089;-0.4546363056;0.3445664644;13.67737389;37.72268417;2.243553638;-0.8558215499;0.01359174121;9
37.71679271;-0.3684946895;0.3014956415;13.31845093;37.72478599;2.250884056;-0.8301652074;0.003817904973;9
37.71889453;-0.2344966233;0.2919243574;12.93559933;37.72688782;2.254549265;-0.8045089245;-0.008399390616;9
37.7209963;-0.1148554832;0.3158525825;12.56710434;37.72898959;2.255770922;-0.7800742984;-0.02183841541;9
37.72309813;0.0143569354;0.2967100143;12.19382381;37.73109141;2.250884056;-0.7568614483;-0.03405570984;9
37.72519995;0.1435693651;0.2632105052;11.82054424;37.73319323;2.241110086;-0.7299833894;-0.04871646687;9
37.72730177;0.2919243574;0.2584248483;11.43290615;37.73529506;2.227671146;-0.7055488229;-0.0621554926;9
37.72940354;0.3924229145;0.2392822653;11.03569794;37.73739688;2.210566998;-0.6835576892;-0.07925970852;9
37.73150537;0.4498506486;0.2679961324;10.65763187;37.73949865;2.187354088;-0.6603448391;-0.09514218569;9
37.73360719;0.5838487148;0.3158525825;10.27956581;37.74160047;2.164141178;-0.6346884966;-0.1122464016;9
37.73570901;0.7369893789;0.3493520916;9.853643417;37.74370229;2.140928268;-0.6078104377;-0.1330158114;9
37.73781084;0.8853443861;0.3780659735;9.470791817;37.74580406;2.111606836;-0.5821541548;-0.1537852138;9
37.73991261;1.019342422;0.3924229145;9.116654396;37.74790589;2.079841852;-0.5577195287;-0.1733328849;9
37.74201443;1.124626637;0.4019941986;8.810373306;37.75000771;2.048076868;-0.5345066786;-0.1904370934;9
37.74411625;1.177268744;0.4259224236;8.537590981;37.75210953;2.016311884;-0.5088503361;-0.2050978541;9
37.74621802;1.13419795;0.4785645306;8.221738815;37.75421136;1.986990452;-0.4880809486;-0.2148716897;9
37.74831985;1.014556766;0.5072783828;8.039883614;37.75631313;1.956447124;-0.4673115611;-0.2185368687;9
37.75042167;0.8518448472;0.5216353536;7.96331358;37.75841495;1.930790901;-0.44776389;-0.2197586;9
37.75252349;0.6604190469;0.5455635786;7.934599876;37.76051677;1.902691126;-0.4306596816;-0.216093421;9
37.75462532;0.4354937077;0.6077769399;7.920242786;37.7626186;1.885586858;-0.4196641147;-0.2112064958;9
37.75672709;0.2440679073;0.6364908218;7.915457249;37.76472037;1.869704366;-0.4184423685;-0.2050978541;9
37.75882891;0.1052841991;0.6747759581;7.886743546;37.76682219;1.858708858;-0.4196641147;-0.1965457499;9
37.76093073;-0.06221338734;0.6699903607;8.044670105;37.76892401;1.853821874;-0.4172206521;-0.1904370934;9
37.76303256;-0.2344966233;0.626919508;8.221738815;37.77102584;1.850156665;-0.4245510101;-0.1818849891;9
37.76513433;-0.4019941986;0.5312066078;8.365307808;37.77312761;1.851378441;-0.431881398;-0.1733328849;9
37.76723615;-0.5503492355;0.4354937077;8.46102047;37.77522943;1.857487082;-0.4416552484;-0.1647807807;9
37.76933797;-0.6747759581;0.3684946895;8.585447311;37.77733125;1.86848259;-0.4502073526;-0.1550069451;9
37.77143979;-0.7657032609;0.3254238665;8.743373871;37.77943308;1.883143425;-0.4636463821;-0.142789647;9
37.77354156;-0.8470591903;0.2919243574;8.910871506;37.78153485;1.897804141;-0.4770853817;-0.1281288862;9
37.77564339;-0.866201818;0.2871387303;9.025727272;37.78363667;1.916130066;-0.4905244112;-0.1134681329;9
37.77774521;-0.9188438654;0.2679961324;9.159725189;37.78573849;1.936899543;-0.5076286197;-0.0988073796;9
37.77984703;-1.019342422;0.2105683982;9.293723106;37.78784032;1.962555766;-0.5149590373;-0.08536835015;9
37.7819488;-1.129412293;0.1387837082;9.346364975;37.78994214;1.985768676;-0.5271763206;-0.07315105945;9
37.78405063;-1.234696507;0.03349951655;9.403793335;37.79204391;2.011425018;-0.5393936038;-0.0609337613;9
37.78615245;-1.272981644;-0.06699903309;9.403793335;37.79414573;2.043190002;-0.5552760959;-0.04749473557;9
37.78825427;-1.296909928;-0.1435693651;9.403793335;37.79624756;2.067624569;-0.5687150955;-0.03527744114;9
37.7903561;-1.292124271;-0.2201396823;9.432506561;37.79834933;2.095724344;-0.578488946;-0.02306014486;9
37.79245787;-1.277767301;-0.2488535494;9.41336441;37.80045115;2.12382412;-0.5907062292;-0.01450803876;9
37.79455969;-1.282552958;-0.2823530734;9.346364975;37.80255297;2.147037029;-0.6090322137;-0.008399390616;9
37.79666151;-1.234696507;-0.2871387303;9.193224907;37.80465479;2.172693253;-0.6249146461;-0.00351247238;9
37.79876328;-1.172483087;-0.2967100143;9.05922699;37.80675662;2.198349714;-0.6310232878;-0.002290742937;9
37.80086511;-1.110269666;-0.3397808075;8.939585686;37.80885844;2.215453863;-0.6310232878;-0.005955931731;9
37.80296693;-1.043270707;-0.3541377485;8.772088051;37.81096021;2.232558012;-0.6322450638;-0.009621120058;9
37.80506875;-0.9475577474;-0.4115654826;8.542376518;37.81306203;2.24599719;-0.6310232878;-0.01450803876;9
37.80717058;-0.8518448472;-0.4259224236;8.274380684;37.81516386;2.252105713;-0.6298015714;-0.02061668597;9
37.8092724;-0.7465606928;-0.4115654826;7.99202776;37.81726568;2.258214474;-0.6310232878;-0.02672533318;9
37.81137417;-0.6556333899;-0.3780659735;7.704888821;37.81936745;2.260657787;-0.628579855;-0.03527744114;9
37.81347599;-0.5742774606;-0.3349951804;7.403393269;37.82146927;2.258214474;-0.6212494969;-0.0438295491;9
37.81557782;-0.4833501875;-0.2871387303;7.101897717;37.8235711;2.252105713;-0.6139190793;-0.04993819445;9
37.81767964;-0.3924229145;-0.2488535494;6.771687984;37.82567287;2.23988843;-0.6078104377;-0.05726857483;9
37.81978141;-0.3254238665;-0.1914258152;6.446264267;37.82777469;2.225227594;-0.6017017961;-0.06459894776;9
37.82188323;-0.2871387303;-0.1148554832;6.096911907;37.82987651;2.20323658;-0.594371438;-0.06948586553;9
37.82398506;-0.2584248483;-0.0382851623;5.78584528;37.83197834;2.182467222;-0.5797106624;-0.07559451461;9
37.82608683;-0.2249253243;0.06699903309;5.484349728;37.83408016;2.15681076;-0.5662716627;-0.08170316368;9
37.82818865;-0.2105683982;0.1292124242;5.178068161;37.83618193;2.126267672;-0.5467239618;-0.08781181276;9
37.83029047;-0.1914258152;0.2009970993;4.886143684;37.83828375;2.095724344;-0.528398037;-0.09025526792;9
37.83239229;-0.2057827413;0.2871387303;4.642076015;37.84038558;2.065181017;-0.5076286197;-0.09392046183;9
37.83449412;-0.2057827413;0.3684946895;4.388436794;37.8424874;2.032194376;-0.4844157696;-0.09514218569;9
37.83659589;-0.2297109663;0.4737788737;4.177868366;37.84458922;2.002872944;-0.4636463821;-0.09514218569;9
37.83869771;-0.2632105052;0.5455635786;4.005585194;37.84669104;1.973551393;-0.435546577;-0.09636391699;9
37.84079953;-0.2775674164;0.6221339107;3.847658873;37.84879282;1.94789505;-0.4025598764;-0.09392046183;9
37.84290136;-0.3014956415;0.6987041831;3.732803345;37.85089464;1.918573499;-0.3744601011;-0.08781181276;9
37.84500318;-0.3206382394;0.7896314859;3.627519131;37.85299646;1.892917275;-0.3488037884;-0.08536835015;9
37.847105;-0.3302095234;0.8805587292;3.43609333;37.85509823;1.8648175;-0.3194822669;-0.08048143238;9
37.84920677;-0.3493520916;0.9810572863;3.369094372;37.85720006;1.840382814;-0.2864955962;-0.07681624591;9
37.8513086;-0.3445664644;1.048056364;3.34038043;37.85930188;1.814726591;-0.2559523284;-0.07315105945;9
37.85341042;-0.3206382394;1.115055323;3.254238844;37.8614037;1.789070249;-0.2290742993;-0.07070759684;9
37.85551219;-0.2775674164;1.138983607;3.105883837;37.86350547;1.76219213;-0.204639703;-0.06948586553;9
37.85761401;-0.2297109663;1.186840057;3.000599623;37.86560729;1.732870698;-0.1789833754;-0.06704241037;9
37.85971584;-0.1962114573;1.201196909;2.880958557;37.86770912;1.703549147;-0.154548794;-0.06704241037;9
37.86181766;-0.1339980662;1.239482164;2.780459881;37.86981094;1.673005939;-0.1325576603;-0.06704241037;9
37.86391943;-0.08135596663;1.258624673;2.656033039;37.87191276;1.64246273;-0.1093447953;-0.06948586553;9
37.86602125;-0.02871387079;1.287338614;2.536391973;37.87401453;1.608254194;-0.08857539296;-0.07070759684;9
37.86812308;0.03349951655;1.306481123;2.426322222;37.87611636;1.574045777;-0.07024945319;-0.07315105945;9
37.8702249;0.1100698411;1.339980721;2.354537487;37.87821818;1.537393928;-0.05558869615;-0.07803797722;9
37.87232672;0.1818545163;1.354337573;2.225325108;37.88031995;1.501963735;-0.03848448023;-0.08170316368;9
37.87442849;0.2440679073;1.35912323;2.163111687;37.88242177;1.462868452;-0.03481929377;-0.08536835015;9
37.87653032;0.2775674164;1.368694544;2.072184324;37.8845236;1.424994826;-0.02993237413;-0.09147699922;9
37.87863214;0.3302095234;1.378265858;1.990828395;37.88662542;1.382234335;-0.03237583488;-0.09636391699;9
