Tempo acelerômetro (s);Acelerômetro X (m/s²);Acelerômetro Y (m/s²);Acelerômetro Z (m/s²);Tempo giroscópio (s);Giroscópio X (rad/s);Giroscópio Y (rad/s);Giroscópio Z (rad/s);gesto
21.58868167;0.4211367965;-1.459621787;16.65883064;21.59667537;1.760665059;-0.3203985691;-0.09040798992;7
21.5907836;0.4115654826;-1.612762451;16.68754578;21.59877735;1.844964385;-0.3411679864;-0.1136208475;7
21.59288553;0.4163511395;-1.698904037;16.63968849;21.60087922;1.928041935;-0.3594939113;-0.1356119812;7
21.59498745;0.4115654826;-1.799402595;16.53919029;21.60298115;2.009897947;-0.3729329407;-0.1588248461;7
21.59708933;0.4115654826;-1.871187329;16.36690712;21.60508308;2.086866856;-0.3827067912;-0.1795942485;7
21.59919131;0.3684946895;-1.928615093;16.14676666;21.60718501;2.160170555;-0.381485045;-0.196698457;7
21.60129318;0.3206382394;-1.928615093;15.87398529;21.60928693;2.229809046;-0.3765981495;-0.2125809491;7
21.60339511;0.2392822653;-1.904686809;15.55813313;21.61138886;2.295782566;-0.3643808365;-0.2247982323;7
21.60549704;0.1579262912;-1.852044702;15.19442368;21.61349079;2.351982117;-0.347276628;-0.2333503515;7
21.60759896;0.0765703246;-1.780260086;14.79721546;21.61559271;2.404516459;-0.3301724195;-0.2406807244;7
21.60970089;-0.0143569354;-1.698904037;14.39522076;21.61769464;2.452163935;-0.3081812859;-0.2455676347;7
21.61180282;-0.1052841991;-1.631905079;13.95972729;21.61979657;2.49370265;-0.2788597643;-0.2492328286;7
21.61390475;-0.1866401732;-1.555334687;13.56730461;21.62189844;2.531576395;-0.2495382577;-0.250454545;7
21.61600667;-0.2440679073;-1.45483613;13.09831142;21.62400037;2.562119484;-0.2189950198;-0.2480110973;7
21.6181086;-0.3110669553;-1.339980721;12.64846039;21.6261023;2.590219498;-0.1884517819;-0.2443459183;7
21.62021053;-0.3732803464;-1.239482164;12.19861031;21.62820422;2.614654064;-0.1554650813;-0.2382372618;7
21.6223124;-0.4211367965;-1.105484009;11.77747345;21.63030615;2.63297987;-0.1249218509;-0.2296851575;7
21.62441433;-0.4737788737;-1.004985452;11.33719349;21.63240808;2.651305914;-0.09315688163;-0.219911322;7
21.62651626;-0.5168496966;-0.8853443861;10.91605663;21.63451001;2.659857988;-0.06505709887;-0.2076940238;7
21.62861818;-0.5599204898;-0.7704889178;10.48056316;21.63661188;2.667188406;-0.03451386094;-0.1979201883;7
21.63072011;-0.5982056856;-0.6652047038;10.07856941;21.63871381;2.672075272;-0.002748891478;-0.1869246215;7
21.63282204;-0.6317051649;-0.5503492355;9.647860527;21.64081574;2.66963172;0.02290742844;-0.1759290546;7
21.63492396;-0.6604190469;-0.4450650215;9.226723671;21.64291766;2.664744854;0.04612028971;-0.1661552191;7
21.63702584;-0.6652047038;-0.3541377485;8.791230202;21.64501959;2.654971123;0.06444623321;-0.1551596522;7
21.63912777;-0.7130611539;-0.2679961324;8.394021988;21.64712152;2.642753839;0.07910698652;-0.1453858167;7
21.64122969;-0.708275497;-0.1722832322;7.96331358;21.64922344;2.623206139;0.08765909821;-0.1392771751;7
21.64333162;-0.70348984;-0.09092725813;7.570890903;21.65132537;2.597549677;0.09010255337;-0.1307250559;7
21.64543355;-0.6891329288;0.0;7.183253765;21.6534273;2.571893454;0.0864373669;-0.1246164143;7
21.64753548;-0.679561615;0.06699903309;6.805187702;21.65552917;2.541350126;0.07788526267;-0.1197294965;7
21.6496374;-0.6699903607;0.1339980662;6.441478729;21.6576311;2.504698277;0.06444623321;-0.1123991162;7
21.65173933;-0.6460621357;0.2392822653;6.068198204;21.65973303;2.460716009;0.04245510325;-0.1075121984;7
21.65384126;-0.6412764788;0.3014956415;5.685346603;21.66183495;2.413068533;0.01802051067;-0.1026252806;7
21.65594313;-0.6652047038;0.3732803464;5.283352375;21.66393688;2.359312534;-0.01252272818;-0.09529490769;7
21.65804506;-0.708275497;0.4642075896;4.890929699;21.66603881;2.301891088;-0.0418442376;-0.086742796;7
21.66014698;-0.7465606928;0.5312066078;4.532006264;21.66814074;2.240804672;-0.07483093441;-0.08185587823;7
21.66224891;-0.7752745152;0.6125625968;4.125226021;21.67024266;2.176053047;-0.1078176349;-0.07696896046;7
21.66435084;-0.7800601721;0.679561615;3.75673151;21.67234459;2.101527452;-0.1395826042;-0.06963858753;7
21.66645277;-0.784845829;0.7513462901;3.393022537;21.67444646;2.02944541;-0.1725693047;-0.06352993846;7
21.66855469;-0.8087740541;0.8327022791;3.029313564;21.67654839;1.952476501;-0.2031125426;-0.0549778305;7
21.67065662;-0.8279166222;0.9140582681;2.694318295;21.67865032;1.874285817;-0.2373209596;-0.04764745384;7
21.67275855;-0.8757730722;1.000199914;2.373680115;21.68075225;1.7936517;-0.2690859437;-0.04031707719;7
21.67486042;-0.9140582681;1.100698471;2.067398787;21.68285417;1.713017583;-0.3032943606;-0.02932151034;7
21.67696235;-0.94277215;1.201196909;1.794616938;21.6849561;1.634826899;-0.3326158822;-0.01710421406;7
21.67906428;-0.9810572863;1.282552958;1.555334687;21.68705803;1.556636214;-0.3643808365;-0.004886918236;7
21.6811662;-1.009771109;1.373480201;1.368694544;21.6891599;1.477223754;-0.3924806118;0.009773836471;7
21.68326813;-1.028913736;1.435693622;1.191625714;21.69126183;1.405141711;-0.4242455959;0.0268780496;7
21.68537006;-1.057627559;1.493121386;1.057627559;21.69336376;1.331837893;-0.4547888339;0.04398226365;7
21.68747199;-1.081555843;1.526620865;0.9762716293;21.69546568;1.264642835;-0.4792234302;0.06352993846;7
21.68957386;-1.095912814;1.531406522;0.94277215;21.69756761;1.203556299;-0.5061014891;0.08429934084;7
21.69167579;-1.115055323;1.540977836;0.9858429432;21.69966954;1.144913316;-0.5268708467;0.1062904745;7
21.69377771;-1.110269666;1.560120344;1.028913736;21.70177146;1.089935541;-0.5439751148;0.1246164143;7
21.69587964;-1.0863415;1.588834286;1.105484009;21.70387334;1.043509722;-0.5574141145;0.1404989064;7
21.69798157;-1.019342422;1.607976794;1.191625714;21.70597527;0.998305738;-0.5671879649;0.1563813835;7
21.7000835;-0.9188438654;1.622333765;1.268195987;21.70807725;0.9604321718;-0.5720748901;0.1673769504;7
21.70218542;-0.813559711;1.627119422;1.392622828;21.71017912;0.9274454713;-0.5757400393;0.173485592;7
21.7042873;-0.650847733;1.627119422;1.483550072;21.71228105;0.8956804872;-0.5732966065;0.1759290546;7
21.70638923;-0.4737788737;1.59840548;1.593619823;21.71438298;0.8724676371;-0.5696313977;0.1747073233;7
21.7084912;-0.2679961324;1.574477315;1.737189293;21.7164849;0.8516982198;-0.5561923981;0.169820413;7
21.71059308;-0.08614161611;1.526620865;1.852044702;21.71858683;0.8358157277;-0.540309906;0.1637117565;7
21.71269501;0.1292124242;1.469193101;2.000399828;21.72068876;0.8260418773;-0.5183187723;0.1539379209;7
21.71479693;0.3110669553;1.392622828;2.182254314;21.72279063;0.821154952;-0.4914407134;0.1417206228;7
21.71689886;0.5120640397;1.316052437;2.364108801;21.72489261;0.8199332356;-0.4596757591;0.1270598769;7
21.71900079;0.6699903607;1.201196909;2.589034081;21.72699449;0.8272636533;-0.4254673123;0.109955661;7
21.72110271;0.8327022791;1.129412293;2.790031195;21.72909641;0.8370374441;-0.3875937164;0.09285144508;7
21.72320459;0.9810572863;1.067198873;3.014956474;21.73119834;0.8553634286;-0.3484983444;0.0745255053;7
21.72530657;1.110269666;1.000199914;3.163311481;21.73330027;0.8724676371;-0.3081812859;0.05375609919;7
21.72740844;1.220339537;0.9140582681;3.302095175;21.73540219;0.8944587708;-0.2654207349;0.03420842811;7
21.72951037;1.31126678;0.866201818;3.445664644;21.73750412;0.9176716208;-0.2214384824;0.01221729536;7
21.7316123;1.368694544;0.7992027402;3.546163082;21.73960605;0.9421061873;-0.177456215;-0.008552107029;7
21.73371422;1.421336651;0.7800601721;3.632304668;21.74170798;0.9665408134;-0.1334739476;-0.02809977904;7
21.73581615;1.435693622;0.7465606928;3.670589924;21.74380985;0.9934188724;-0.08826996386;-0.04642572254;7
21.73791808;1.445264935;0.7130611539;3.675375462;21.74591178;1.019075155;-0.04062250629;-0.06352993846;7
21.74002001;1.411765337;0.708275497;3.689732552;21.7480137;1.041066289;0.0033597562;-0.07941242307;7
21.74212193;1.378265858;0.6987041831;3.66101861;21.75011563;1.063057423;0.05100720748;-0.09162971377;7
21.74422381;1.325623751;0.6987041831;3.613162279;21.75221756;1.085048556;0.09743293375;-0.1026252806;7
21.74632574;1.234696507;0.6747759581;3.541377544;21.75431948;1.103374481;0.1414151937;-0.109955661;7
21.74842766;1.138983607;0.6699903607;3.46959281;21.75642141;1.122922182;0.1866191924;-0.1148425788;7
21.75052959;1.009771109;0.6747759581;3.34038043;21.75852329;1.132696033;0.2257145345;-0.1160643101;7
21.75263152;0.8470591903;0.6891329288;3.282952785;21.76062521;1.147356749;0.2672533393;-0.1136208475;7
21.75473344;0.6891329288;0.70348984;3.14895463;21.76272714;1.154687166;0.3026835024;-0.1075121984;7
21.75683537;0.5120640397;0.756131947;3.05324173;21.76482907;1.160795808;0.3344484568;-0.09896009415;7
21.75893725;0.3589234054;0.7944171429;2.971885681;21.766931;1.165682673;0.3613265157;-0.08796452731;7
21.76103917;0.1866401732;0.8470591903;2.880958557;21.76903292;1.166904449;0.3833176494;-0.07941242307;7
21.7631411;0.08614161611;0.8949156404;2.804388046;21.77113485;1.163239241;0.401643604;-0.06719512492;7
21.76524303;-0.02871387079;0.9523434043;2.708675146;21.77323678;1.159574032;0.4114174247;-0.0549778305;7
21.76734495;-0.1196411327;1.009771109;2.612962246;21.7753387;1.152243733;0.4175260663;-0.04398226365;7
21.76944688;-0.1722832322;1.057627559;2.512463808;21.77744063;1.142469883;0.4187478125;-0.03420842811;7
21.77154881;-0.1866401732;1.091127157;2.431107759;21.77954256;1.126587391;0.4138608873;-0.0268780496;7
21.77365074;-0.1866401732;1.158126116;2.316252232;21.78164443;1.108261466;0.4040870368;-0.0183259435;7
21.77575266;-0.1531406492;1.201196909;2.196611166;21.78374636;1.087491989;0.3918697536;-0.01221729536;7
21.77785459;-0.1052841991;1.253839016;2.048256159;21.78584829;1.06061399;0.3747655451;-0.007330377586;7
21.77995652;-0.04307080805;1.282552958;1.875972986;21.78795021;1.030070782;0.3552178741;-0.003665188793;7
21.78205839;0.03349951655;1.325623751;1.722832322;21.79005214;0.9946405888;0.3344484568;-0.002443459118;7
21.78416032;0.09092725813;1.354337573;1.555334687;21.79215407;0.956766963;0.3136790693;-0.002443459118;7
21.78626225;0.1483550072;1.35912323;1.392622828;21.794256;0.9164499044;0.2965748608;-0.002443459118;7
21.78836417;0.2105683982;1.378265858;1.205982566;21.79635787;0.8712459207;0.2782489061;-0.004886918236;7
21.7904661;0.2775674164;1.373480201;1.03848505;21.7984598;0.8248201609;0.2684750557;-0.008552107029;7
21.79256803;0.3541377485;1.397408366;0.8949156404;21.80056172;0.7747292519;0.2538143098;-0.01588248461;7
21.79466995;0.4211367965;1.435693622;0.732203722;21.80266365;0.7258600593;0.2452622056;-0.02199113183;7
21.79677183;0.4977070987;1.459621787;0.6125625968;21.80476558;0.672104001;0.2379318327;-0.03176496923;7
21.79887376;0.5599204898;1.512263894;0.5024927258;21.80686751;0.6195695996;0.2342666388;-0.04031707719;7
21.80097568;0.6317051649;1.560120344;0.4067798555;21.80896943;0.5670352578;0.2281579971;-0.05009091273;7
21.80307761;0.6891329288;1.627119422;0.3206382394;21.81107136;0.5120574236;0.2293797284;-0.05864302069;7
21.80517954;0.7657032609;1.694118381;0.2057827413;21.81317324;0.4583013058;0.231823191;-0.06719512492;7
21.80728146;0.7992027402;1.761117458;0.1339980662;21.81527516;0.4069886506;0.2354883701;-0.07696896046;7
21.80938339;0.8470591903;1.837687731;0.0382851623;21.81737709;0.3532325625;0.2403752953;-0.08552107215;7
21.81148532;0.8757730722;1.904686809;0.0;21.81947902;0.3006981909;0.2464839369;-0.09407317638;7
21.81358719;0.8997012973;1.942971945;-0.02871387079;21.82158094;0.2506072819;0.2525925934;-0.1038470119;7
21.81568912;0.9092726111;1.9812572;-0.05264209956;21.82368287;0.2017380893;0.2635881603;-0.1123991162;7
21.81779105;0.9188438654;2.01475668;-0.0382851623;21.8257848;0.1540906429;0.2721402645;-0.1197294965;7
21.81989298;0.9188438654;2.057827473;-0.004785645287;21.82788667;0.1076649204;0.2806923687;-0.1295033395;7
21.8219949;0.9236295223;2.081755638;0.09092725813;21.82998865;0.06368265301;0.2941313982;-0.1404989064;7
21.82409683;0.9140582681;2.129612207;0.1627119333;21.83209053;0.01970038936;0.3026835024;-0.1502727419;7
21.82619876;0.9284151793;2.167897224;0.2775674164;21.83419245;-0.01695149764;0.3112356067;-0.1612683088;7
21.82830063;0.9188438654;2.182254314;0.4259224236;21.83629438;-0.05604684353;0.3161225319;-0.173485592;7
21.83040261;0.9379864931;2.20618248;0.5886343718;21.83839631;-0.09147699922;0.3234528899;-0.1869246215;7
21.83250448;0.9667003751;2.20618248;0.732203722;21.84049824;-0.1256854236;0.3222311735;-0.1991419196;7
21.83460641;0.9906286001;2.220539331;0.8757730722;21.84260016;-0.1525634825;0.3222311735;-0.2125809491;7
21.83670834;0.9858429432;2.201396942;1.057627559;21.84470209;-0.1818849891;0.3173442483;-0.2247982323;7
21.83881027;0.9762716293;2.182254314;1.244267821;21.84680396;-0.2099847645;0.3136790693;-0.2370155305;7
21.84091219;0.9523434043;2.139183521;1.430907965;21.84890594;-0.2319758981;0.3087921441;-0.2492328286;7
21.84301412;0.9284151793;2.100898266;1.622333765;21.85100782;-0.2527453005;0.3014617562;-0.2614501119;7
21.84511605;0.8853443861;2.057827473;1.823330879;21.85310975;-0.269849509;0.2916879356;-0.2748891413;7
21.84721792;0.8231309652;1.995614052;2.06261301;21.85521167;-0.2845102847;0.2794706225;-0.2858847082;7
21.8493199;0.7752745152;1.93340075;2.30189538;21.8573136;-0.2918406427;0.2660316229;-0.2993237376;7
21.85142178;0.6987041831;1.861616015;2.555534601;21.85941548;-0.3003927469;0.2501491308;-0.3103193045;7
21.8535237;0.6460621357;1.799402595;2.833101988;21.86151745;-0.3052796721;0.2293797284;-0.3249800503;7
21.85562563;0.5790630579;1.737189293;3.058027267;21.86361938;-0.3052796721;0.2110537887;-0.3371973634;7
21.85772756;0.5120640397;1.665404558;3.306880951;21.86572131;-0.3003927469;0.192727834;-0.3494146466;7
21.85982943;0.4354937077;1.622333765;3.546163082;21.86782318;-0.2967275679;0.1744018942;-0.3616319597;7
21.86193141;0.3684946895;1.569691658;3.751945972;21.86992511;-0.2857320011;0.1560759544;-0.3714057803;7
21.86403334;0.2919243574;1.507478237;3.967299938;21.87202704;-0.2735147178;0.1389717311;-0.3799578846;7
21.86613527;0.2105683982;1.450050473;4.144368649;21.87412896;-0.2600756884;0.1230892539;-0.3860665262;7
21.86823714;0.1052841991;1.402194023;4.321437836;21.87623089;-0.2454149276;0.1133154184;-0.389731735;7
21.87033907;-0.009571290575;1.363908887;4.450650215;21.87833282;-0.2307541668;0.1023198515;-0.3909534514;7
21.872441;-0.1387837082;1.344766378;4.565505505;21.88043475;-0.2136499584;0.09376774728;-0.3885099888;7
21.87454292;-0.2727817893;1.335195065;4.666004181;21.88253662;-0.1953240186;0.08765909821;-0.3885099888;7
21.87664485;-0.3828516304;1.31126678;4.699503899;21.88463855;-0.1782197952;0.0852156356;-0.3824013472;7
21.87874678;-0.5120640397;1.31126678;4.713860512;21.88674048;-0.1647807807;0.08277218044;-0.3762927055;7
21.8808487;-0.6029912829;1.306481123;4.728217602;21.8888424;-0.1501200199;0.08155044913;-0.3701840639;7
21.88295058;-0.6939185858;1.320838094;4.689932346;21.89094433;-0.1379027218;0.08399390429;-0.3616319597;7
21.88505251;-0.7800601721;1.344766378;4.646861553;21.89304626;-0.1256854236;0.08888082206;-0.3518581092;7
21.88715443;-0.8470591903;1.368694544;4.594219685;21.89514818;-0.119576782;0.09621120244;-0.3420842886;7
21.88925636;-0.9188438654;1.373480201;4.527220249;21.89725011;-0.1098029464;0.1047633067;-0.3286452591;7
21.89135829;-1.009771109;1.387837172;4.431507587;21.89935204;-0.1061377525;0.1169806048;-0.3127627671;7
21.89346021;-1.076770186;1.397408366;4.359723091;21.90145391;-0.1000291109;0.1279761642;-0.2981020212;7
21.89556214;-1.138983607;1.430907965;4.264009953;21.90355584;-0.1012508348;0.142636925;-0.2797760665;7
21.89766407;-1.210768223;1.45483613;4.173082829;21.90565777;-0.1012508348;0.1572976857;-0.2602283955;7
21.899766;-1.282552958;1.459621787;4.07736969;21.90775969;-0.1085812151;0.169514969;-0.2394589931;7
21.90186787;-1.339980721;1.488335729;3.972085476;21.90986162;-0.1134681329;0.1792888194;-0.2174678594;7
21.9039698;-1.373480201;1.507478237;3.8668015;21.91196355;-0.1232419685;0.1841757298;-0.196698457;7
21.90607172;-1.397408366;1.536192179;3.780659676;21.91406548;-0.1330158114;0.1853974611;-0.1771507859;7
21.90817365;-1.402194023;1.55054903;3.684946775;21.9161674;-0.1452330947;0.1792888194;-0.1588248461;7
21.91027558;-1.373480201;1.55054903;3.579662561;21.91826928;-0.1586721241;0.1719584316;-0.1429423541;7
21.91237751;-1.296909928;1.521835208;3.570091486;21.9203712;-0.1721111536;0.1646280587;-0.1282816082;7
21.91447943;-1.21555388;1.521835208;3.531806231;21.92247313;-0.1941022873;0.1536324918;-0.1123991162;7
21.91658136;-1.153340459;1.507478237;3.479164124;21.92457506;-0.2124282271;0.1450803876;-0.1001818255;7
21.91868324;-1.062413216;1.521835208;3.393022537;21.92667698;-0.2368628234;0.1365282834;-0.086742796;7
21.92078516;-0.9954141974;1.540977836;3.282952785;21.92877891;-0.2649625838;0.1255327165;-0.07574722916;7
21.92288709;-0.9188438654;1.584048629;3.196810961;21.93088084;-0.2942841053;0.1145371497;-0.06475166976;7
21.92498902;-0.8614161611;1.603191137;3.086741209;21.93298271;-0.3272708058;0.105985038;-0.05864302069;7
21.92709094;-0.7896314859;1.617548108;3.00538516;21.93508464;-0.362700969;0.09376774728;-0.0549778305;7
21.92919287;-0.7130611539;1.627119422;2.92402935;21.93718662;-0.3969093859;0.08277218044;-0.05253437161;7
21.9312948;-0.6029912829;1.612762451;2.885744095;21.9392885;-0.4347830117;0.07055488229;-0.0549778305;7
21.93339667;-0.4689932466;1.579262972;2.876172781;21.94139042;-0.4689914286;0.05589412898;-0.05864302069;7
21.9354986;-0.3541377485;1.584048629;2.866601467;21.94349235;-0.5068650246;0.04245510325;-0.06108647957;7
21.93760058;-0.2488535494;1.593619823;2.895315409;21.94559428;-0.5447386503;0.02412915789;-0.06719512492;7
21.93970245;-0.1387837082;1.627119422;2.962314367;21.9476962;-0.5801688433;0.005803215317;-0.0745255053;7
21.94180438;-0.05264209956;1.674975872;3.014956474;21.94979808;-0.6119337678;-0.01130099874;-0.08185587823;7
21.94390631;0.06699903309;1.708475351;3.101098061;21.95190006;-0.6461422443;-0.02840521187;-0.09040798992;7
21.94600824;0.1579262912;1.727617979;3.177668571;21.95400193;-0.6742420197;-0.04550942779;-0.09896009415;7
21.94811016;0.2536391914;1.718046665;3.282952785;21.95610386;-0.6998983026;-0.05772672221;-0.109955661;7
21.95021204;0.3349951804;1.722832322;3.364308596;21.95820579;-0.7243329287;-0.07116574794;-0.1209512278;7
21.95231402;0.4067798555;1.698904037;3.43609333;21.96030771;-0.7487674952;-0.08582650125;-0.1307250559;7
21.95441589;0.4402793646;1.689332843;3.507878065;21.96240964;-0.7719803452;-0.09926552325;-0.1417206228;7
21.95651782;0.4642075896;1.651047587;3.584448338;21.96451157;-0.7927497625;-0.1090393662;-0.1539379209;7
21.95861975;0.4689932466;1.631905079;3.670589924;21.96661344;-0.8135191798;-0.1175914705;-0.1673769504;7
21.96072167;0.4546363056;1.622333765;3.785445452;21.96871537;-0.8306233883;-0.1261435747;-0.1771507859;7
21.9628236;0.4450650215;1.617548108;3.857230186;21.9708173;-0.8501710296;-0.1298087686;-0.1881463528;7
21.96492553;0.3972085714;1.59840548;3.952943087;21.97291923;-0.8648318052;-0.1298087686;-0.1979201883;7
21.9670274;0.3589234054;1.603191137;4.053441525;21.97502115;-0.8770490885;-0.1310304999;-0.2040288299;7
21.96912933;0.2919243574;1.612762451;4.173082829;21.97712308;-0.8892664313;-0.1298087686;-0.2101374865;7
21.97123126;0.2105683982;1.651047587;4.235296249;21.97922501;-0.9014837146;-0.1298087686;-0.2125809491;7
21.97333318;0.1435693651;1.694118381;4.369294167;21.98132693;-0.9112575054;-0.1249218509;-0.2138026655;7
21.97543511;0.05742774159;1.737189293;4.455435753;21.98342886;-0.9161444306;-0.1175914705;-0.2101374865;7
21.97753704;-0.05264209956;1.770688772;4.536791801;21.98553079;-0.918587923;-0.1114828214;-0.2064722925;7
21.97963896;-0.1627119333;1.780260086;4.637290478;21.98763271;-0.9210313559;-0.1065959036;-0.1991419196;7
21.98174089;-0.2871387303;1.785045743;4.737788677;21.98973464;-0.9234748483;-0.1004872546;-0.1918115467;7
21.98384282;-0.4307080805;1.808973908;4.857429981;21.99183652;-0.9234748483;-0.09560033679;-0.1832594275;7
21.98594475;-0.5312066078;1.823330879;4.93878603;21.99393844;-0.9246965647;-0.0980437994;-0.1722638607;7
21.98804667;-0.6317051649;1.832902193;4.981856823;21.99604037;-0.9234748483;-0.1017089859;-0.1624900252;7
21.9901486;-0.70348984;1.861616015;5.044070244;21.9981423;-0.9246965647;-0.1004872546;-0.1502727419;7
21.99225048;-0.760917604;1.813759565;5.10149765;22.00024423;-0.9234748483;-0.09560033679;-0.1368337125;7
21.9943524;-0.8039883971;1.789831281;5.163711071;22.00234615;-0.9222530723;-0.08949168772;-0.1185077652;7
21.99645433;-0.8518448472;1.804188251;5.158925533;22.00444803;-0.9234748483;-0.07971785218;-0.1001818255;7
21.99855626;-0.8997012973;1.823330879;5.211567879;22.00654995;-0.9283617735;-0.06872228533;-0.07941242307;7
22.00065818;-0.9762716293;1.871187329;5.235496044;22.00865193;-0.9308052063;-0.05406153202;-0.05742128938;7
22.00276011;-1.009771109;1.895115495;5.249852657;22.01075381;-0.9381355643;-0.03451386094;-0.03787361458;7
22.00486198;-1.009771109;1.938186288;5.211567879;22.01285574;-0.944244206;-0.01374445762;-0.01710421406;7
22.00696391;-0.9810572863;1.962114573;5.182853699;22.01495766;-0.9491311312;0.0131335929;0.001221729559;7
22.00906589;-0.9092726111;1.976471543;5.197210789;22.01705959;-0.9552397728;0.04245510325;0.0183259435;7
22.01116777;-0.8279166222;1.995614052;5.197210789;22.01916152;-0.9625701904;0.06933315098;0.03298669681;7
22.01326969;-0.7178468108;2.000399828;5.197210789;22.02126344;-0.9723440409;0.09621120244;0.04764745384;7
22.01537162;-0.5982056856;2.019542217;5.192425251;22.02336532;-0.9833396077;0.1230892539;0.05864302069;7
22.01747355;-0.4881358147;2.048256159;5.211567879;22.02546725;-0.995556891;0.1536324918;0.06719512492;7
22.01957548;-0.3972085714;2.086541414;5.206781864;22.02756917;-1.005330682;0.1829539984;0.073303774;7
22.0216774;-0.3014956415;2.091326952;5.221138954;22.0296711;-1.019991517;0.2110537887;0.07574722916;7
22.02377928;-0.2488535494;2.091326952;5.25942421;22.03177303;-1.033430457;0.2354883701;0.07819069177;7
22.0258812;-0.1962114573;2.0769701;5.297709465;22.03387495;-1.049312949;0.2574795187;0.07941242307;7
22.02798313;-0.1579262912;2.048256159;5.369493961;22.03597688;-1.065195441;0.2806923687;0.07941242307;7
22.03008506;-0.09092725813;2.019542217;5.460421085;22.03807881;-1.081077933;0.3002400398;0.0745255053;7
22.03218699;-0.04785645381;1.957328916;5.560919762;22.04018074;-1.095738649;0.3173442483;0.06963858753;7
22.03428891;-0.004785645287;1.895115495;5.64227581;22.04228261;-1.111621141;0.3283398151;0.06108647957;7
22.03639084;0.05264209956;1.847259045;5.747560024;22.04438454;-1.126281977;0.3405571282;0.05131264031;7
22.03849277;0.1244267747;1.775474429;5.843272686;22.04648646;-1.13849926;0.3478874862;0.03787361458;7
22.04059469;0.1818545163;1.684547186;5.938985825;22.04858839;-1.149494767;0.3503309488;0.02321286127;7
22.04269657;0.2297109663;1.641476393;6.077769279;22.05069032;-1.159268618;0.3491092324;0.004886918236;7
22.0447985;0.2632105052;1.579262972;6.206982136;22.05279225;-1.170264244;0.343000561;-0.01221729536;7
22.04690042;0.3062812984;1.555334687;6.379265308;22.05489417;-1.178816319;0.3368919194;-0.03176496923;7
22.04900235;0.3254238665;1.545763373;6.50369215;22.05699605;-1.18492496;0.3283398151;-0.05253437161;7
22.05110428;0.3493520916;1.521835208;6.63290453;22.05909798;-1.192255378;0.3185659945;-0.07574722916;7
22.0532062;0.3732803464;1.512263894;6.752545357;22.0611999;-1.200807452;0.3087921441;-0.09773836285;7
22.05530813;0.3876372576;1.507478237;6.833901405;22.06330183;-1.204472661;0.3002400398;-0.1209512278;7
22.05741001;0.4067798555;1.493121386;6.910471916;22.06540376;-1.209359527;0.292909652;-0.1453858167;7
22.05951193;0.3972085714;1.488335729;6.967899323;22.06750568;-1.215468168;0.285579294;-0.1685986817;7
22.06161386;0.3732803464;1.45483613;7.054041386;22.06960761;-1.22157681;0.2794706225;-0.1893680841;7
22.06371579;0.3349951804;1.459621787;7.101897717;22.07170954;-1.227685452;0.2721402645;-0.2089157552;7
22.06581771;0.2584248483;1.440479279;7.135396957;22.07381141;-1.235015869;0.2623664141;-0.2272416949;7
22.06791964;0.2009970993;1.440479279;7.197610378;22.07591334;-1.246011376;0.2513708472;-0.2443459183;7
22.07002157;0.1004985496;1.430907965;7.221538544;22.07801532;-1.255785227;0.2415970266;-0.2590066791;7
22.0721235;0.04307080805;1.416550994;7.245467186;22.08011719;-1.26800251;0.2330449075;-0.2712239623;7
22.07422537;-0.06221338734;1.402194023;7.278966427;22.08221912;-1.276554704;0.2244928032;-0.2809978127;7
22.0763273;-0.1339980662;1.402194023;7.317251682;22.08432105;-1.288771987;0.2183841616;-0.293215096;7
22.07842928;-0.2009970993;1.402194023;7.365108013;22.08642298;-1.299767494;0.2147189677;-0.3017672002;7
22.08053115;-0.3062812984;1.397408366;7.417750359;22.0885249;-1.310763121;0.2147189677;-0.3103193045;7
22.08263308;-0.3876372576;1.426122308;7.460821152;22.09062678;-1.320536971;0.2171624303;-0.3152062297;7
22.08473501;-0.4689932466;1.430907965;7.5421772;22.0927287;-1.330310822;0.2220493406;-0.3188714087;7
22.08683693;-0.5742774606;1.469193101;7.623532772;22.09483068;-1.340084553;0.231823191;-0.3213148713;7
22.08893886;-0.6987041831;1.493121386;7.738388538;22.09693256;-1.348636746;0.2440404743;-0.3213148713;7
22.09104074;-0.8327022791;1.517049551;7.84845829;22.09903448;-1.355967045;0.2611446977;-0.3176496923;7
22.09314266;-0.9714859724;1.540977836;7.939385414;22.10113641;-1.36085403;0.2782489061;-0.3103193045;7
22.09524464;-1.11984098;1.579262972;8.030312538;22.10323834;-1.366962671;0.3002400398;-0.3017672002;7
22.09734652;-1.282552958;1.593619823;8.126026154;22.10534027;-1.371849537;0.3210094273;-0.289549917;7
22.09944844;-1.445264935;1.588834286;8.18345356;22.10744219;-1.381623387;0.3381136656;-0.2736674249;7
22.10155037;-1.579262972;1.579262972;8.260024071;22.10954407;-1.386510372;0.3539961278;-0.2541197538;7
22.1036523;-1.708475351;1.584048629;8.346165657;22.111646;-1.392619014;0.3649916947;-0.2333503515;7
22.10575423;-1.828116536;1.555334687;8.513663292;22.11374792;-1.398727655;0.3784307241;-0.2101374865;7
22.10785615;-1.938186288;1.569691658;8.676374435;22.11584985;-1.404836297;0.3882045746;-0.1869246215;7
22.10995803;-2.043470621;1.564906001;8.84387207;22.11795178;-1.409723163;0.3955349326;-0.1624900252;7
22.11205995;-2.134397745;1.55054903;9.020941734;22.1200537;-1.409723163;0.4040870368;-0.1404989064;7
22.11416188;-2.196611166;1.521835208;9.221938133;22.12215558;-1.414610147;0.4126391709;-0.1185077652;7
22.11626381;-2.20618248;1.488335729;9.375079155;22.12425751;-1.413388371;0.4175260663;-0.09651663154;7
22.11836574;-2.230110645;1.45483613;9.552147865;22.12635943;-1.413388371;0.4224129915;-0.07696896046;7
22.12046766;-2.201396942;1.397408366;9.700503349;22.12846141;-1.410944939;0.4199695289;-0.06108647957;7
22.12256954;-2.134397745;1.339980721;9.906285286;22.13056329;-1.40727973;0.4175260663;-0.04886918142;7
22.12467146;-2.053041935;1.287338614;10.08335495;22.13266521;-1.401171088;0.4187478125;-0.04153880477;7
22.12677339;-1.942971945;1.225125194;10.26999474;22.13476714;-1.392619014;0.4236347377;-0.03420842811;7
22.12887537;-1.828116536;1.138983607;10.40399265;22.13686907;-1.385288596;0.4260781705;-0.0268780496;7
22.13097725;-1.732403636;1.076770186;10.49491978;22.138971;-1.379179955;0.4224129915;-0.01954767294;7
22.13307917;-1.679761529;1.067198873;10.60020447;22.14107287;-1.375514746;0.4163043499;-0.0134390248;7
22.1351811;-1.64626193;1.071984529;10.71027374;22.14317485;-1.369406104;0.4065304995;-0.007330377586;7
22.13728303;-1.651047587;1.076770186;10.748559;22.14527673;-1.369406104;0.3979783952;0.0;7
22.13938495;-1.665404558;1.091127157;10.83948612;22.14737865;-1.368184447;0.389426291;0.003665188793;7
22.14148683;-1.708475351;1.11984098;10.90648556;22.14948058;-1.369406104;0.3784307241;0.004886918236;7
22.14358881;-1.722832322;1.11984098;10.94477081;22.15158251;-1.368184447;0.3662134409;0.003665188793;7
22.14569068;-1.746760488;1.143769264;11.01655579;22.15368443;-1.368184447;0.3491092324;0.002443459118;7
22.14779261;-1.713261008;1.158126116;11.10269737;22.15578636;-1.37062788;0.3246746361;0.002443459118;7
22.14989454;-1.689332843;1.162911773;11.16491032;22.15788824;-1.371849537;0.292909652;0.003665188793;7
22.15199646;-1.636690736;1.196411371;11.24148083;22.15999021;-1.374293089;0.2611446977;0.002443459118;7
22.15409839;-1.607976794;1.220339537;11.32283688;22.16209209;-1.377958179;0.2257145345;0.002443459118;7
22.15620032;-1.579262972;1.253839016;11.43290615;22.16419402;-1.381623387;0.1902843714;0.003665188793;7
22.15830219;-1.560120344;1.296909928;11.46162033;22.16629594;-1.387732029;0.1499672979;0.006108647678;7
22.16040417;-1.574477315;1.320838094;11.47119141;22.16839787;-1.396284223;0.1096502244;0.007330377586;7
22.16250605;-1.593619823;1.330409408;11.49033451;22.1704998;-1.404836297;0.07666353136;0.01221729536;7
22.16460798;-1.627119422;1.354337573;11.54297638;22.17260172;-1.410944939;0.05589412898;0.01466075517;7
22.1667099;-1.655833244;1.339980721;11.59083271;22.17470365;-1.41705358;0.03390299529;0.02199113183;7
22.16881183;-1.660618901;1.335195065;11.60997581;22.17680553;-1.420718789;0.009468403645;0.02932151034;7
22.17091376;-1.660618901;1.354337573;11.68175983;22.17890751;-1.421940446;-0.008857538924;0.036651887;7
22.17301568;-1.622333765;1.383051515;11.78225899;22.18100938;-1.418275356;-0.02596175298;0.04276053607;7
22.17511761;-1.574477315;1.464407444;11.93539906;22.18311131;-1.412166595;-0.03451386094;0.05009091273;7
22.17721949;-1.507478237;1.531406522;12.09332561;22.18521324;-1.402392864;-0.03817904741;0.05619955808;7
22.17932146;-1.435693622;1.603191137;12.22253799;22.18731516;-1.387732029;-0.03207040206;0.06108647957;7
22.18142334;-1.339980721;1.622333765;12.35175037;22.18941709;-1.37062788;-0.02474002354;0.06108647957;7
22.18352527;-1.239482164;1.64626193;12.46660614;22.19151896;-1.352301955;-0.01252272818;0.06230820715;7
22.18562719;-1.143769264;1.641476393;12.55274773;22.19362089;-1.330310822;0.01069013402;0.06108647957;7
22.18772912;-1.024128079;1.627119422;12.64367485;22.19572282;-1.307097912;0.03756818548;0.05986474827;7
22.18983105;-0.9092726111;1.588834286;12.71067429;22.19782475;-1.280219913;0.07177661359;0.05986474827;7
22.19193292;-0.7992027402;1.536192179;12.70588779;22.19992667;-1.255785227;0.1108719558;0.06230820715;7
22.19403485;-0.7226324677;1.488335729;12.70110226;22.2020286;-1.228907228;0.1511890292;0.06475166976;7
22.19613678;-0.6699903607;1.450050473;12.69153118;22.20413053;-1.202029228;0.1951712966;0.06963858753;7
22.1982387;-0.6412764788;1.397408366;12.70110226;22.20623245;-1.17515111;0.2452622056;0.07574722916;7
22.20034063;-0.6604190469;1.383051515;12.69631672;22.20833433;-1.14827311;0.3014617562;0.08185587823;7
22.20244256;-0.6652047038;1.349551916;12.67238903;22.21043631;-1.123838425;0.3601047993;0.08796452731;7
22.20454449;-0.6939185858;1.330409408;12.67717457;22.21253824;-1.101847291;0.4150826037;0.09529490769;7
22.20664641;-0.732203722;1.320838094;12.68196011;22.21464011;-1.079856157;0.4725039005;0.1026252806;7
22.20874829;-0.7657032609;1.31126678;12.69153118;22.21674204;-1.057865024;0.5262600183;0.109955661;7
22.21085027;-0.7944171429;1.320838094;12.7250309;22.21884396;-1.040760875;0.5677987933;0.1148425788;7
22.21295219;-0.8087740541;1.354337573;12.74417305;22.22094589;-1.026100159;0.6020072699;0.1221729591;7
22.21505407;-0.8422735929;1.392622828;12.78245831;22.22304782;-1.011439323;0.6178897023;0.1282816082;7
22.217156;-0.8853443861;1.459621787;12.81595802;22.22514969;-1.001665473;0.6203331947;0.1319467872;7
22.21925792;-0.9379864931;1.497906923;12.92124271;22.22725167;-0.9931133986;0.6191114783;0.1368337125;7
22.22135985;-0.9906286001;1.555334687;13.04088306;22.22935355;-0.9894482493;0.6105593443;0.1392771751;7
22.22346178;-1.057627559;1.584048629;13.1078825;22.23145548;-0.9906699657;0.5934551358;0.146607548;7
22.22556365;-1.138983607;1.603191137;13.12223911;22.2335574;-0.9931133986;0.5629118681;0.1551596522;7
22.22766563;-1.21555388;1.593619823;13.1078825;22.23565933;-1.000443816;0.5262600183;0.1624900252;7
22.22976751;-1.253839016;1.560120344;13.09352589;22.23776126;-1.008995891;0.4798342884;0.1722638607;7
22.23186943;-1.277767301;1.540977836;13.13181114;22.23986318;-1.026100159;0.4309650958;0.1783725172;7
22.23397136;-1.26341033;1.521835208;13.11745358;22.24196511;-1.046869516;0.3833176494;0.1832594275;7
22.23607329;-1.244267821;1.488335729;13.09831142;22.24406704;-1.065195441;0.3320049942;0.1881463528;7
22.23817521;-1.186840057;1.464407444;13.07916832;22.24616896;-1.089630008;0.2806923687;0.1869246215;7
22.24027714;-1.13419795;1.416550994;13.06002617;22.24827084;-1.110399485;0.2293797284;0.1869246215;7
22.24237907;-1.071984529;1.387837172;13.03131199;22.25037277;-1.13849926;0.1768453568;0.1869246215;7
22.244481;-1.004985452;1.344766378;13.0456686;22.25247469;-1.165377259;0.1206457913;0.1832594275;7
22.24658292;-0.9284151793;1.335195065;13.05524063;22.25457662;-1.187368393;0.06811141968;0.1771507859;7
22.2486848;-0.8422735929;1.316052437;13.12702465;22.25667855;-1.210581303;0.0131335929;0.1710421443;7
22.25078672;-0.7657032609;1.272981644;13.23709488;22.25878042;-1.228907228;-0.03329212964;0.1612683088;7
22.25288865;-0.6843472719;1.21555388;13.34716511;22.26088235;-1.247233152;-0.07971785218;0.1502727419;7
22.25499058;-0.6077769399;1.153340459;13.48116302;22.26298433;-1.257007003;-0.1212566569;0.1368337125;7
22.25709251;-0.5120640397;1.095912814;13.60558987;22.2650862;-1.258228779;-0.1579085439;0.1209512278;7
22.25919438;-0.4019941986;1.03848505;13.78265858;22.26718813;-1.255785227;-0.1908952445;0.1062904745;7
22.26129631;-0.2871387303;0.9906286001;13.97886944;22.26929006;-1.247233152;-0.2189950198;0.09040798992;7
22.26339829;-0.1722832322;0.9714859724;14.1990099;22.27139198;-1.23135066;-0.2434296161;0.0745255053;7
22.26550016;-0.07178468257;0.9523434043;14.44307709;22.27349391;-1.209359527;-0.2654207349;0.05619955808;7
22.26760209;0.03349951655;0.9332008362;14.66800308;22.27559584;-1.181259751;-0.2788597643;0.04031707719;7
22.26970402;0.1435693651;0.8949156404;14.9024992;22.27769777;-1.14827311;-0.2886336148;0.02199113183;7
22.27180594;0.2440679073;0.8709874153;15.11306763;22.27979969;-1.106734276;-0.2898553312;0.004886918236;7
22.27390787;0.3254238665;0.837487936;15.29013634;22.28190157;-1.063973784;-0.2874118686;-0.01466075517;7
22.2760098;0.4019941986;0.813559711;15.4480629;22.2840035;-1.012661099;-0.2764163017;-0.03420842811;7
22.27811173;0.4450650215;0.7800601721;15.65384579;22.28610542;-0.9589049816;-0.2580903769;-0.05375609919;7
22.28021365;0.5120640397;0.760917604;15.82612896;22.28820735;-0.902705431;-0.2373209596;-0.07574722916;7
22.28231553;0.5407779217;0.7369893789;15.96969795;22.29030928;-0.8477275968;-0.2116646469;-0.09651663154;7
22.28441745;0.5886343718;0.732203722;16.051054;22.2924112;-0.7866411209;-0.1823431402;-0.1172860414;7
22.28651938;0.626919508;0.7178468108;16.10848236;22.29451313;-0.7279980779;-0.150578171;-0.1368337125;7
22.28862131;0.6125625968;0.70348984;16.14676666;22.29661501;-0.6705768108;-0.1151480079;-0.1527161896;7
22.29072324;0.5694918036;0.70348984;16.10848236;22.29871693;-0.6131555438;-0.08460476995;-0.1661552191;7
22.29282516;0.4689932466;0.708275497;16.04148293;22.30081886;-0.5606211424;-0.04917461425;-0.1759290546;7
22.29492709;0.3445664644;0.7274180651;15.95534134;22.30292079;-0.509308517;-0.01618791744;-0.1832594275;7
22.29702896;0.1962114573;0.732203722;15.82612896;22.30502271;-0.4653262496;0.008246674202;-0.1857028902;7
22.29913089;0.004785645287;0.7752745152;15.64427471;22.30712464;-0.4225656986;0.03390299529;-0.1857028902;7
22.30123282;-0.2201396823;0.837487936;15.48156261;22.30922657;-0.3883572817;0.05589412898;-0.1832594275;7
22.30333475;-0.4211367965;0.9092726111;15.29492188;22.3113285;-0.3565923274;0.07910698652;-0.1771507859;7
22.30543667;-0.5934200287;0.9954141974;15.14178181;22.31343042;-0.3272708058;0.1010981202;-0.169820413;7
22.3075386;-0.7226324677;1.067198873;14.91685677;22.3155323;-0.3003927469;0.1255327165;-0.1612683088;7
22.30964053;-0.837487936;1.16769743;14.71107388;22.31763423;-0.2808450758;0.142636925;-0.1478292793;7
22.31174245;-0.9667003751;1.26341033;14.49093437;22.31973615;-0.26618433;0.1560759544;-0.1295033395;7
22.31384438;-1.081555843;1.35912323;14.27079391;22.32183808;-0.2600756884;0.1682932526;-0.109955661;7
22.31594626;-1.205982566;1.450050473;14.02672672;22.32394001;-0.2551887631;0.1682932526;-0.09040798992;7
22.31804818;-1.320838094;1.545763373;13.76830196;22.32604193;-0.2576322258;0.1731801629;-0.06841685623;7
22.32015011;-1.397408366;1.655833244;13.51944828;22.32814381;-0.262519151;0.1792888194;-0.04642572254;7
22.32225204;-1.469193101;1.756331801;13.23709488;22.33024579;-0.2747364342;0.1792888194;-0.02199113183;7
22.32435396;-1.50269258;1.828116536;12.95952702;22.33234766;-0.2857320011;0.1744018942;0.004886918236;7
22.32645589;-1.540977836;1.875972986;12.69153118;22.33444959;-0.3077231348;0.1609628648;0.03054323979;7
22.32855777;-1.564906001;1.942971945;12.49532032;22.33655152;-0.3284925222;0.1511890292;0.0549778305;7
22.33065975;-1.593619823;2.01475668;12.33739376;22.33865344;-0.3517054021;0.1401934624;0.07941242307;7
22.33276162;-1.603191137;2.043470621;12.18425274;22.34075537;-0.3761399984;0.1304196268;0.1026252806;7
22.33486355;-1.603191137;2.081755638;12.06939697;22.3428573;-0.4017963111;0.1218675226;0.1246164143;7
22.33696548;-1.607976794;2.072184324;11.92104244;22.34495922;-0.4298960865;0.1096502244;0.1441640854;7
22.3390674;-1.607976794;2.06261301;11.81575775;22.34706115;-0.4567741454;0.09743293375;0.1637117565;7
22.34116933;-1.593619823;2.005185366;11.74397373;22.34916303;-0.4812087417;0.0852156356;0.1832594275;7
22.34327126;-1.584048629;1.971685886;11.67218876;22.35126495;-0.5056433082;0.06811141968;0.2015853822;7
22.34537318;-1.569691658;1.899901152;11.62911797;22.35336688;-0.5288561583;0.05222893879;0.2174678594;7
22.34747511;-1.531406522;1.818545222;11.6339035;22.35546881;-0.5484038591;0.03512472659;0.2333503515;7
22.34957699;-1.512263894;1.741974831;11.66740322;22.35757074;-0.5691732764;0.02046396956;0.246789366;7
22.35167891;-1.483550072;1.674975872;11.70090294;22.35967266;-0.5887209177;0.0009162971983;0.2602283955;7
22.35378084;-1.435693622;1.612762451;11.75354481;22.36177459;-0.6058251262;-0.01863137633;0.2724456787;7
22.35588277;-1.368694544;1.531406522;11.79183006;22.36387646;-0.6204859018;-0.03940077871;0.2834412456;7
22.35798469;-1.301695466;1.469193101;11.87797165;22.36597844;-0.6327031851;-0.05894844979;0.2944368124;7
22.36008662;-1.225125194;1.411765337;11.91147137;22.36808032;-0.6412553191;-0.07483093441;0.3042106628;7
22.36218855;-1.158126116;1.349551916;12.00239849;22.37018225;-0.6498073936;-0.09071341902;0.3152062297;7
22.36429042;-1.076770186;1.296909928;12.09811115;22.37228417;-0.6534726024;-0.1041524485;0.3237583339;7
22.3663924;-1.052842021;1.234696507;12.18425274;22.3743861;-0.6546943188;-0.1175914705;0.3323104382;7
22.36849428;-1.014556766;1.1820544;12.31825066;22.37648803;-0.6534726024;-0.1249218509;0.3408625424;7
22.3705962;-0.9858429432;1.11984098;12.46660614;22.37858995;-0.6473639607;-0.1359174103;0.3481929302;7
22.37269813;-0.9571290612;1.048056364;12.63888931;22.38069188;-0.6412553191;-0.1493564397;0.3518581092;7
22.37480006;-0.8805587292;0.9762716293;12.81117249;22.38279381;-0.6290380359;-0.1603520066;0.3543015718;7
22.37690198;-0.7944171429;0.890130043;12.97867012;22.38489568;-0.6143772602;-0.1750127524;0.3543015718;7
22.37900391;-0.7178468108;0.7800601721;13.17009544;22.38699761;-0.5972730517;-0.1908952445;0.3530798554;7
22.38110584;-0.6125625968;0.708275497;13.33759308;22.38909954;-0.5801688433;-0.2092211843;0.3494146466;7
22.38320777;-0.5216353536;0.626919508;13.50030518;22.39120146;-0.5581777096;-0.2299905866;0.3457494676;7
22.38530964;-0.4211367965;0.5455635786;13.67737389;22.39330339;-0.5361865759;-0.2495382577;0.3371973634;7
22.38741157;-0.3158525825;0.4689932466;13.78744411;22.39540532;-0.5129737258;-0.2739728391;0.3286452591;7
22.3895135;-0.2105683982;0.3876372576;13.87837124;22.39750725;-0.4909825623;-0.297185719;0.3188714087;7
22.39161542;-0.1100698411;0.3254238665;13.91187096;22.39960912;-0.4677697122;-0.3203985691;0.3066541255;7
22.39371735;0.004785645287;0.2727817893;13.92144203;22.40171105;-0.4470002949;-0.343611449;0.293215096;7
22.39581928;0.1148554832;0.2249253243;13.94537067;22.40381298;-0.4250091612;-0.3656025827;0.2797760665;7
22.3979212;0.1866401732;0.1962114573;13.93579865;22.4059149;-0.4066832364;-0.3851502538;0.2663370371;7
22.40002308;0.2679961324;0.1579262912;13.88794231;22.40801683;-0.3871355653;-0.3985892832;0.2541197538;7
22.40212501;0.3349951804;0.1100698411;13.84008598;22.4101187;-0.3736965358;-0.4108065665;0.2394589931;7
22.40422693;0.3637090325;0.08135596663;13.80180073;22.41222068;-0.3565923274;-0.4218021333;0.2272416949;7
22.40632886;0.4019941986;0.05742774159;13.74437332;22.41432256;-0.3419315517;-0.4291325212;0.2125809491;7
22.40843079;0.4450650215;0.07178468257;13.67258835;22.41642448;-0.3223838806;-0.4340194166;0.1979201883;7
22.41053266;0.5024927258;0.06699903309;13.60558987;22.41852641;-0.3040579557;-0.440128088;0.1832594275;7
22.41263464;0.5647061467;0.08135596663;13.55773354;22.42062839;-0.2832885385;-0.443793267;0.1685986817;7
22.41473652;0.5934200287;0.1148554832;13.4907341;22.42273027;-0.2649625838;-0.443793267;0.1563813835;7
22.41683844;0.6412764788;0.1244267747;13.41894913;22.42483219;-0.2441931963;-0.4413498044;0.1441640854;7
22.41894037;0.626919508;0.1435693651;13.33759308;22.42693412;-0.2234237939;-0.4376846254;0.1343902498;7
22.42104235;0.626919508;0.1674975902;13.24188042;22.42903605;-0.2026543915;-0.4291325212;0.1246164143;7
22.42314422;0.6077769399;0.2009970993;13.13659668;22.43113792;-0.1818849891;-0.4205803871;0.1197294965;7
22.42524615;0.5694918036;0.1962114573;13.07916832;22.4332399;-0.1598938555;-0.4071413875;0.1148425788;7
22.42734808;0.5455635786;0.2105683982;12.93081379;22.43534178;-0.1379027218;-0.3900371492;0.1123991162;7
22.42945001;0.5168496966;0.2201396823;12.85902882;22.43744376;-0.1134681329;-0.3680460155;0.109955661;7
22.43155188;0.4737788737;0.2440679073;12.76810169;22.43954563;-0.09147699922;-0.3423897028;0.109955661;7
22.43365386;0.4546363056;0.2632105052;12.66760349;22.44164756;-0.06704241037;-0.3130682111;0.1087339297;7
22.43575574;0.4498506486;0.2919243574;12.55274773;22.44374948;-0.0438295491;-0.2837466896;0.1087339297;7
22.43785771;0.4307080805;0.3062812984;12.4426775;22.44585141;-0.02183841541;-0.24709481;0.1087339297;7
22.43995959;0.4354937077;0.3349951804;12.31825066;22.44795334;0.0001527161949;-0.2067777216;0.1075121984;7
22.44206152;0.4546363056;0.3493520916;12.21775246;22.45005521;0.0209221188;-0.1664606482;0.1087339297;7
22.44416344;0.4833501875;0.3732803464;12.11725426;22.45215719;0.04046979174;-0.1237001196;0.1075121984;7
22.44626537;0.5072783828;0.4019941986;11.98804188;22.45425912;0.05879573524;-0.07971785218;0.1075121984;7
22.4483673;0.5407779217;0.4450650215;11.87797165;22.456361;0.07712167501;-0.03573558852;0.1075121984;7
22.45046917;0.5503492355;0.4546363056;11.77268696;22.45846292;0.09422589093;0.005803215317;0.1075121984;7
22.45257115;0.5647061467;0.4833501875;11.64826107;22.46056485;0.1076649204;0.04245510325;0.1050687432;7
22.45467308;0.5790630579;0.4737788737;11.52861977;22.46266678;0.1211039424;0.07910698652;0.1001818255;7
22.45677495;0.6173482537;0.4833501875;11.40897846;22.4647687;0.1357647032;0.1194240674;0.09529490769;7
22.45887688;0.626919508;0.4737788737;11.32762241;22.46687058;0.14676027;0.1597411335;0.09407317638;7
22.46097881;0.6364908218;0.4450650215;11.23190975;22.46897256;0.1565341055;0.192727834;0.09162971377;7
22.46308074;0.626919508;0.4259224236;11.06919765;22.47107443;0.1650862098;0.2208276242;0.09162971377;7
22.46518266;0.6412764788;0.4354937077;10.89691448;22.47317636;0.1675296724;0.2452622056;0.09162971377;7
22.46728454;0.650847733;0.4450650215;10.7677021;22.47527829;0.1675296724;0.2648098767;0.08918625861;7
22.46938652;0.6317051649;0.4498506486;10.61456108;22.47738021;0.1638644785;0.2819140851;0.08796452731;7
22.47148839;0.6317051649;0.4785645306;10.46620655;22.47948214;0.1601992846;0.2941313982;0.08552107215;7
22.47359032;0.6173482537;0.4833501875;10.3226366;22.48158402;0.1479819864;0.3002400398;0.08307760954;7
22.47569225;0.6077769399;0.5120640397;10.14556789;22.48368594;0.1345429718;0.3039052188;0.07941242307;7
22.47779417;0.5982056856;0.5359922647;10.0019989;22.48578787;0.1198822111;0.3014617562;0.07696896046;7
22.4798961;0.5647061467;0.5503492355;9.891928673;22.4878898;0.1039997265;0.2965748608;0.07208204269;7
22.48199798;0.5599204898;0.5838487148;9.772287369;22.48999173;0.08078686893;0.2868010104;0.06841685623;7
22.4840999;0.5359922647;0.5790630579;9.686145782;22.49209365;0.05757400393;0.2745837271;0.06352993846;7
22.48620183;0.5216353536;0.5886343718;9.600004196;22.49419558;0.03558287397;0.2574795187;0.05742128938;7
22.48830376;0.5120640397;0.5551348329;9.556933403;22.49629751;0.01359174121;0.2354883701;0.05253437161;7
22.49040568;0.4594219327;0.5312066078;9.556933403;22.49839943;-0.008399390616;0.2098320574;0.04520399496;7
22.49250761;0.4450650215;0.4737788737;9.552147865;22.50050136;-0.03283398226;0.1792888194;0.04031707719;7
22.49460954;0.4067798555;0.4307080805;9.595218658;22.50260324;-0.05360338464;0.1475238502;0.03420842811;7
22.49671146;0.3541377485;0.3876372576;9.676574707;22.50470516;-0.07070759684;0.1096502244;0.02932151034;7
22.49881339;0.2967100143;0.3397808075;9.74835968;22.50680709;-0.08659008145;0.06933315098;0.02321286127;7
22.50091532;0.2201396823;0.2871387303;9.872786522;22.50890902;-0.1012508348;0.0314595364;0.01710421406;7
22.50301719;0.1674975902;0.2440679073;9.978070259;22.51101094;-0.1122464016;-0.007635809947;0.0134390248;7
22.50511912;0.1052841991;0.1866401732;10.13121128;22.51311287;-0.1171333194;-0.05039634556;0.008552107029;7
22.50722105;0.06221338734;0.1435693651;10.29870892;22.5152148;-0.1232419685;-0.08826996386;0.0;7
22.50932298;0.05264209956;0.1004985496;10.43270683;22.51731672;-0.1232419685;-0.1237001196;-0.006108647678;7
22.5114249;0.05264209956;0.06699903309;10.57627583;22.5194186;-0.119576782;-0.1566868126;-0.01466075517;7
22.51352683;0.04307080805;0.009571290575;10.69591713;22.52152053;-0.1122464016;-0.1860083193;-0.02076940238;7
22.51562876;0.09092725813;-0.03349951655;10.82034397;22.52362245;-0.1049160287;-0.2104429156;-0.03054323979;7
22.51773068;0.1052841991;-0.08614161611;10.9112711;22.52572438;-0.09392046183;-0.2263254076;-0.03909534588;7
22.51983256;0.1435693651;-0.1196411327;10.98784161;22.52782631;-0.08170316368;-0.2385426909;-0.04764745384;7
22.52193449;0.1722832322;-0.1770688742;11.05005455;22.52992824;-0.06826414168;-0.2458730787;-0.05619955808;7
22.52403641;0.1914258152;-0.1914258152;11.11226845;22.53203016;-0.05482511222;-0.2495382577;-0.06719512492;7
22.52613834;0.1914258152;-0.2392822653;11.14098263;22.53413204;-0.03649916872;-0.24709481;-0.07574722916;7
22.52824027;0.2009970993;-0.2727817893;11.16491032;22.53623396;-0.01817322709;-0.2360992432;-0.086742796;7
22.53034219;0.2201396823;-0.3206382394;11.16012478;22.53833589;0.002596175298;-0.2214384824;-0.09407317638;7
22.53244412;0.2488535494;-0.3397808075;11.17926693;22.54043782;0.02214384824;-0.2043342739;-0.1026252806;7
22.534546;0.2536391914;-0.3541377485;11.17448139;22.54253975;0.04169152305;-0.1860083193;-0.1123991162;7
22.53664792;0.2775674164;-0.3397808075;11.17926693;22.54464167;0.06368265301;-0.1640172005;-0.1172860414;7
22.53874985;0.2440679073;-0.3254238665;11.18883896;22.5467436;0.086895518;-0.1383608729;-0.1221729591;7
22.54085178;0.2392822653;-0.3158525825;11.21276665;22.54884548;0.1088866442;-0.1151480079;-0.1270598769;7
22.5429537;0.1866401732;-0.3014956415;11.18405342;22.5509474;0.1284343153;-0.08826996386;-0.1295033395;7
22.54505563;0.1531406492;-0.2967100143;11.16491032;22.55304933;0.1516471803;-0.06261363626;-0.1307250559;7
22.54715756;0.09571290761;-0.2823530734;11.12662506;22.55515126;0.173638314;-0.03817904741;-0.1319467872;7
22.54925943;0.01914258115;-0.2632105052;11.05962658;22.55725318;0.1907425225;-0.01374445762;-0.1307250559;7
22.55136136;-0.05264209956;-0.2584248483;10.98305607;22.55935511;0.2102901936;0.01069013402;-0.1270598769;7
22.55346329;-0.1244267747;-0.2249253243;10.90648556;22.56145704;0.2261726856;0.03878991306;-0.1221729591;7
22.55556521;-0.1866401732;-0.2009970993;10.80598736;22.56355891;0.2420551628;0.06078104675;-0.1148425788;7
22.55766714;-0.2536391914;-0.1627119333;10.72463131;22.56566089;0.2530507445;0.08155044913;-0.1075121984;7
22.55976907;-0.3158525825;-0.1292124242;10.60977554;22.56776277;0.2652680278;0.1072067693;-0.09773836285;7
22.561871;-0.3828516304;-0.07178468257;10.51406288;22.56986469;0.2750418782;0.1267544478;-0.08918625861;7
22.56397287;-0.4067798555;-0.0143569354;10.43749237;22.57196662;0.2823722363;0.142636925;-0.08185587823;7
22.56607485;-0.4498506486;0.04307080805;10.31306553;22.57406855;0.2835939825;0.1597411335;-0.07086031139;7
22.56817672;-0.4642075896;0.09092725813;10.18385315;22.57617048;0.2860374451;0.1707367003;-0.06108647957;7
22.57027865;-0.4594219327;0.1148554832;10.03071213;22.5782724;0.2835939825;0.1805105358;-0.05253437161;7
22.57238058;-0.4689932466;0.1196411327;9.872786522;22.58037433;0.2774853408;0.1902843714;-0.04398226365;7
22.57448251;-0.4689932466;0.1339980662;9.714859962;22.58247626;0.270154953;0.1976147592;-0.03909534588;7
22.57658443;-0.4307080805;0.1483550072;9.576076508;22.58457813;0.2603811026;0.2025016695;-0.03420842811;7
22.57868636;-0.4307080805;0.1627119333;9.446864128;22.58668011;0.2481638193;0.2000582218;-0.03054323979;7
22.58078829;-0.3972085714;0.1866401732;9.346364975;22.58878198;0.2359465212;0.1939495653;-0.0268780496;7
22.58289021;-0.3828516304;0.2009970993;9.241081238;22.59088391;0.2163988501;0.1841757298;-0.02443459071;7
22.58499209;-0.3589234054;0.1962114573;9.126225471;22.59298584;0.1956294477;0.169514969;-0.02443459071;7
22.58709407;-0.3637090325;0.1962114573;9.00179863;22.59508777;0.1748600453;0.1499672979;-0.02321286127;7
22.58919594;-0.3589234054;0.2057827413;8.920442581;22.59718969;0.1540906429;0.1316413581;-0.02199113183;7
22.59129787;-0.3684946895;0.2105683982;8.84387207;22.59929157;0.1284343153;0.1072067693;-0.02076940238;7
22.5933998;-0.3972085714;0.2057827413;8.757730484;22.6013935;0.1076649204;0.08155044913;-0.0183259435;7
22.59550173;-0.4115654826;0.2009970993;8.72423172;22.60349542;0.08323032409;0.05345066637;-0.01710421406;7
22.59760365;-0.4594219327;0.2057827413;8.685946465;22.60559735;0.06368265301;0.02901607752;-0.01588248461;7
22.59970553;-0.4689932466;0.1818545163;8.681160927;22.60769928;0.04046979174;-0.0003054323897;-0.01221729536;7
22.60180745;-0.4833501875;0.1866401732;8.685946465;22.6098012;0.0209221188;-0.02596175298;-0.01099556591;7
22.60390938;-0.5072783828;0.1818545163;8.719446182;22.61190313;0.002596175298;-0.05283980444;-0.007330377586;7
22.60601131;-0.5359922647;0.1722832322;8.781659126;22.61400506;-0.01206457894;-0.07727439702;-0.006108647678;7
22.60811324;-0.5264210105;0.1387837082;8.84387207;22.61610699;-0.02794706449;-0.0980437994;-0.004886918236;7
22.61021516;-0.5312066078;0.1244267747;8.906085968;22.61820891;-0.03649916872;-0.1175914705;-0.003665188793;7
22.61231709;-0.5359922647;0.1196411327;8.987442017;22.62031079;-0.04505127668;-0.1310304999;-0.003665188793;7
22.61441902;-0.5120640397;0.08135596663;9.044869423;22.62241271;-0.05238165334;-0.1456912458;-0.004886918236;7
22.61652094;-0.4737788737;0.05264209956;9.131011009;22.62451464;-0.05726857483;-0.1530216336;-0.008552107029;7
22.61862287;-0.4307080805;0.009571290575;9.193224907;22.62661657;-0.05604684353;-0.1579085439;-0.01099556591;7
22.62072475;-0.3924229145;-0.03349951655;9.269794464;22.6287185;-0.05482511222;-0.1603520066;-0.01588248461;7
22.62282667;-0.3254238665;-0.07178468257;9.355937004;22.63082042;-0.05238165334;-0.1591302752;-0.02199113183;7
22.6249286;-0.2871387303;-0.08614161611;9.422935486;22.63292235;-0.04627300799;-0.1566868126;-0.0268780496;7
22.62703053;-0.2440679073;-0.1052841991;9.504291534;22.63502423;-0.03894263133;-0.150578171;-0.03176496923;7
22.62913245;-0.2201396823;-0.1292124242;9.523433685;22.6371262;-0.03283398226;-0.1408043355;-0.03787361458;7
22.63123438;-0.1914258152;-0.1531406492;9.561718941;22.63922808;-0.02306014486;-0.127365306;-0.04153880477;7
22.63333631;-0.1962114573;-0.1627119333;9.585647583;22.64133001;-0.01328630932;-0.1163697392;-0.04764745384;7
22.63543818;-0.1914258152;-0.1770688742;9.600004196;22.64343193;-0.001069013379;-0.1017089859;-0.05009091273;7
22.63754016;-0.2201396823;-0.1674975902;9.595218658;22.64553386;0.006261364091;-0.08826996386;-0.05131264031;7
22.63964204;-0.2440679073;-0.1770688742;9.595218658;22.64763579;0.01970038936;-0.07116574794;-0.05131264031;7
22.64174396;-0.2871387303;-0.1770688742;9.590433121;22.64973771;0.02580903657;-0.05894844979;-0.05009091273;7
22.64384589;-0.3349951804;-0.1339980662;9.552147865;22.65183959;0.03558287397;-0.0418442376;-0.04886918142;7
22.64594782;-0.3780659735;-0.1100698411;9.518648148;22.65394152;0.04291325063;-0.02718348242;-0.04520399496;7
22.64804975;-0.4259224236;-0.0765703246;9.470791817;22.6560435;0.0490218997;-0.01740964688;-0.04031707719;7
22.65015167;-0.4642075896;-0.0382851623;9.446864128;22.65814537;0.05268708616;-0.002748891478;-0.03420842811;7
22.65225355;-0.5072783828;-0.03349951655;9.355937004;22.6602473;0.05635227636;0.004581485875;-0.03054323979;7
22.65435548;-0.5407779217;-0.009571290575;9.279366493;22.66234922;0.05268708616;0.01679878123;-0.02565632015;7
22.65645745;-0.5647061467;0.04307080805;9.193224907;22.66445115;0.05146535859;0.02290742844;-0.02076940238;7
22.65855933;-0.5982056856;0.06221338734;9.097511292;22.66655303;0.04413498193;0.03268126398;-0.01466075517;7
22.66066126;-0.6125625968;0.06699903309;8.97308445;22.66865501;0.03191768378;0.03878991306;-0.009773836471;7
22.66276318;-0.6317051649;0.09092725813;8.858229637;22.67075693;0.02458730713;0.04367683083;-0.002443459118;7
22.66486511;-0.650847733;0.1004985496;8.752944946;22.67285881;0.009926552884;0.05100720748;0.002443459118;7
22.66696699;-0.6556333899;0.1196411327;8.652446747;22.67496074;-0.004734201822;0.05711585656;0.008552107029;7
22.66906896;-0.6556333899;0.1100698411;8.585447311;22.67706266;-0.01939495653;0.05955931544;0.01588248461;7
22.67117089;-0.6699903607;0.1244267747;8.513663292;22.67916459;-0.03649916872;0.06078104675;0.02076940238;7
22.67327277;-0.70348984;0.1196411327;8.465806961;22.68126652;-0.05115992576;0.06200277433;0.0268780496;7
22.67537469;-0.6891329288;0.1148554832;8.456234932;22.68336844;-0.06826414168;0.06322450191;0.03176496923;7
22.67747662;-0.6843472719;0.1052841991;8.427521706;22.68547037;-0.08414662629;0.06444623321;0.03787361458;7
22.67957855;-0.679561615;0.09571290761;8.437092781;22.68757225;-0.0975856483;0.06444623321;0.04276053607;7
22.68168048;-0.6556333899;0.1004985496;8.451449394;22.68967417;-0.1098029464;0.06200277433;0.04886918142;7
22.6837824;-0.6221339107;0.09571290761;8.451449394;22.6917761;-0.1220202371;0.05955931544;0.05253437161;7
22.68588433;-0.6029912829;0.0765703246;8.470592499;22.69387803;-0.1317940801;0.05955931544;0.05619955808;7
22.6879862;-0.5790630579;0.07178468257;8.508877754;22.69597995;-0.1415679157;0.05711585656;0.05986474827;7
22.69008813;-0.5742774606;0.05264209956;8.556734085;22.69808188;-0.1513417512;0.05833758786;0.06352993846;7
22.69219006;-0.5694918036;0.04785645381;8.638090134;22.70018381;-0.1598938555;0.05589412898;0.06597339362;7
22.69429199;-0.5551348329;0.0143569354;8.733802795;22.70228568;-0.1684459597;0.05589412898;0.06841685623;7
22.69639391;-0.5359922647;-0.009571290575;8.810373306;22.70438766;-0.1733328849;0.05589412898;0.06963858753;7
22.69849584;-0.5264210105;-0.05264209956;8.90130043;22.70648954;-0.1794415265;0.05222893879;0.06963858753;7
22.70059777;-0.5120640397;-0.08614161611;8.997013092;22.70859146;-0.1818849891;0.0497854799;0.07086031139;7
22.70269964;-0.4929214716;-0.1244267747;9.068798065;22.71069339;-0.1818849891;0.04734202102;0.07086031139;7
22.70480162;-0.4833501875;-0.1483550072;9.169296265;22.71279532;-0.1831067204;0.04489856213;0.06963858753;7
22.7069035;-0.4785645306;-0.2009970993;9.250652313;22.71489725;-0.1794415265;0.03878991306;0.06841685623;7
22.70900542;-0.4354937077;-0.2201396823;9.341579437;22.71699917;-0.1782197952;0.03268126398;0.06963858753;7
22.71110735;-0.4163511395;-0.2344966233;9.422935486;22.7191011;-0.1757763475;0.02535088919;0.06841685623;7
22.71320928;-0.3637090325;-0.2536391914;9.51386261;22.72120303;-0.1721111536;0.01679878123;0.06719512492;7
22.7153112;-0.3397808075;-0.2632105052;9.595218658;22.7233049;-0.1684459597;0.01191186346;0.06719512492;7
22.71741313;-0.3110669553;-0.2584248483;9.681360245;22.72540683;-0.1672242284;0.004581485875;0.06597339362;7
22.71951506;-0.2871387303;-0.2632105052;9.74835968;22.72750876;-0.1623373181;-0.002748891478;0.06597339362;7
22.72161698;-0.3302095234;-0.2919243574;9.810572624;22.72961068;-0.1598938555;-0.008857538924;0.06352993846;7
22.72371886;-0.3445664644;-0.3062812984;9.853643417;22.73171261;-0.1574503928;-0.01863137633;0.06108647957;7
22.72582079;-0.3637090325;-0.3206382394;9.906285286;22.73381454;-0.1550069451;-0.02718348242;0.05619955808;7
22.72792271;-0.3589234054;-0.3349951804;9.944570541;22.73591646;-0.1513417512;-0.0418442376;0.05253437161;7
22.73002464;-0.3541377485;-0.3589234054;9.982855797;22.73801834;-0.1488982886;-0.05650499091;0.04642572254;7
22.73212657;-0.3110669553;-0.3780659735;10.03071213;22.74012027;-0.1476765573;-0.07238747925;0.03909534588;7
22.7342285;-0.2536391914;-0.3924229145;10.06899738;22.74222219;-0.1452330947;-0.09071341902;0.03298669681;7
22.73633042;-0.2153540403;-0.3828516304;10.13121128;22.74432412;-0.1403461844;-0.1090393662;0.02565632015;7
22.7384323;-0.1627119333;-0.3780659735;10.17906761;22.74642605;-0.1391244531;-0.127365306;0.02076940238;7
22.74053422;-0.1435693651;-0.3349951804;10.2029953;22.74852798;-0.1403461844;-0.1456912458;0.0134390248;7
22.74263615;-0.1339980662;-0.3158525825;10.21735287;22.7506299;-0.1403461844;-0.1627954692;0.007330377586;7
22.74473808;-0.1244267747;-0.2679961324;10.25085258;22.75273183;-0.1391244531;-0.1786779463;0.002443459118;7
22.74684001;-0.1004985496;-0.2297109663;10.2652092;22.75483376;-0.1415679157;-0.1921169758;-0.003665188793;7
22.74894193;-0.08135596663;-0.1914258152;10.29392338;22.75693563;-0.142789647;-0.2018908113;-0.007330377586;7
22.75104386;-0.06221338734;-0.1435693651;10.31306553;22.75903756;-0.1440113783;-0.2128863782;-0.01221729536;7
22.75314579;-0.03349951655;-0.1100698411;10.33220863;22.76113948;-0.1452330947;-0.2189950198;-0.01466075517;7
22.75524771;-0.0382851623;-0.06221338734;10.34656525;22.76324141;-0.1476765573;-0.2189950198;-0.0183259435;7
22.75734959;-0.02871387079;-0.0382851623;10.38006496;22.76534334;-0.1525634825;-0.2202167511;-0.02076940238;7
22.75945152;-0.03349951655;-0.009571290575;10.41356373;22.76744527;-0.1550069451;-0.2141081095;-0.02076940238;7
22.76155344;-0.03349951655;0.0239282269;10.48056316;22.76954719;-0.1586721241;-0.2092211843;-0.02199113183;7
22.76365537;-0.03349951655;0.07178468257;10.53320503;22.77164912;-0.1598938555;-0.1982256174;-0.02199113183;7
22.7657573;-0.03349951655;0.1100698411;10.59063339;22.77375105;-0.1635590494;-0.1896735132;-0.02199113183;7
22.76785923;-0.02871387079;0.1674975902;10.67198944;22.77585298;-0.1660024971;-0.1750127524;-0.02076940238;7
22.76996115;0.009571290575;0.2201396823;10.77248764;22.77795485;-0.1672242284;-0.1591302752;-0.02076940238;7
22.77206308;0.03349951655;0.2775674164;10.86341476;22.78005678;-0.1672242284;-0.1432477981;-0.02076940238;7
22.77416501;0.05264209956;0.3397808075;10.96391296;22.7821587;-0.1672242284;-0.1285870373;-0.02076940238;7
22.77626693;0.07178468257;0.4307080805;11.05484104;22.78426063;-0.1684459597;-0.1163697392;-0.01954767294;7
22.77836881;0.06699903309;0.4881358147;11.20798111;22.78636256;-0.1672242284;-0.1053741723;-0.0183259435;7
22.78047074;0.08135596663;0.5407779217;11.34197903;22.78846449;-0.1672242284;-0.0968220681;-0.01588248461;7
22.78257266;0.07178468257;0.6125625968;11.47119141;22.79056641;-0.1660024971;-0.08582650125;-0.01588248461;7
22.78467459;0.08135596663;0.6699903607;11.61476135;22.79266829;-0.1660024971;-0.07727439702;-0.0134390248;7
22.78677652;0.07178468257;0.7226324677;11.74397373;22.79477021;-0.1647807807;-0.06627883017;-0.01221729536;7
22.78887844;0.1100698411;0.7657032609;11.83968639;22.79687214;-0.1684459597;-0.05528326333;-0.009773836471;7
22.79098037;0.1100698411;0.8087740541;11.92104244;22.79897407;-0.1684459597;-0.0418442376;-0.008552107029;7
22.79308225;0.1292124242;0.8757730722;12.03111267;22.801076;-0.1733328849;-0.02596175298;-0.006108647678;7
22.79518417;0.1339980662;0.9236295223;12.10289669;22.80317792;-0.1794415265;-0.007635809947;-0.003665188793;7
22.7972861;0.1579262912;0.9619147182;12.18903828;22.8052798;-0.1831067204;0.01069013402;-0.001221729559;7
22.79938803;0.1531406492;1.004985452;12.27517986;22.80738178;-0.1892153621;0.02779434808;0.002443459118;7
22.80148995;0.1339980662;1.057627559;12.38046455;22.80948365;-0.1965457499;0.05100720748;0.004886918236;7
22.80359188;0.1244267747;1.115055323;12.51446247;22.81158558;-0.2002109289;0.07055488229;0.009773836471;7
22.80569376;0.09571290761;1.205982566;12.68196011;22.81368751;-0.2038761228;0.09254601598;0.01466075517;7
22.80779574;0.0765703246;1.287338614;12.86859989;22.81578943;-0.2063195854;0.1096502244;0.01954767294;7
22.80989761;0.0765703246;1.363908887;13.08395386;22.81789136;-0.2063195854;0.1267544478;0.0268780496;7
22.81199954;0.05264209956;1.430907965;13.33280754;22.81999329;-0.2075413018;0.1353065521;0.03054323979;7
22.81410146;0.02871387079;1.478764415;13.60080433;22.82209521;-0.2038761228;0.1414151937;0.03787361458;7
22.81620339;0.004785645287;1.50269258;13.89751434;22.82419714;-0.1989891976;0.1414151937;0.04276053607;7
22.81830532;-0.02871387079;1.536192179;14.17508125;22.82629907;-0.1904370934;0.1353065521;0.04764745384;7
22.82040725;-0.04785645381;1.517049551;14.50050545;22.82840094;-0.1769980639;0.1218675226;0.05253437161;7
22.82250917;-0.0765703246;1.507478237;14.81157207;22.83050287;-0.1598938555;0.1084285006;0.05375609919;7
22.8246111;-0.1004985496;1.473978758;15.13221073;22.8326048;-0.1403461844;0.09621120244;0.05619955808;7
22.82671303;-0.1052841991;1.426122308;15.48634815;22.83470672;-0.1207985133;0.08155044913;0.0549778305;7
22.8288149;-0.1100698411;1.368694544;15.7878437;22.83680865;-0.09514218569;0.06200277433;0.05253437161;7
22.83091683;-0.1100698411;1.316052437;16.05583954;22.83891058;-0.06704241037;0.04123337194;0.05009091273;7
22.83301876;-0.08614161611;1.26341033;16.31904984;22.84101251;-0.03527744114;0.02046396956;0.04153880477;7
22.83512068;-0.05742774159;1.220339537;16.62054634;22.84311443;-0.00351247238;-0.003970621154;0.03543015569;7
22.83722261;0.0;1.172483087;16.92682648;22.84521636;0.03069595434;-0.02962694131;0.02809977904;7
22.83932454;0.04307080805;1.11984098;17.17089462;22.84731824;0.06734783947;-0.05406153202;0.02199113183;7
22.84142646;0.0765703246;1.071984529;17.43889236;22.84942016;0.1039997265;-0.07971785218;0.01099556591;7
22.84352839;0.1052841991;1.019342422;17.61117554;22.85152209;0.1406516135;-0.1102610901;0.003665188793;7
22.84563032;0.09092725813;0.9906286001;17.80260086;22.85362402;0.1748600453;-0.1346956789;-0.004886918236;7
22.84773219;0.05742774159;0.9188438654;17.9078846;22.85572594;0.2102901936;-0.1591302752;-0.01221729536;7
22.84983412;0.01914258115;0.8805587292;18.0083828;22.85782787;0.2432768941;-0.1896735132;-0.01954767294;7
22.85193605;-0.004785645287;0.837487936;18.06581116;22.8599298;0.2762635946;-0.2165515572;-0.0268780496;7
22.85403798;-0.01914258115;0.7896314859;18.13281059;22.86203172;0.3129154742;-0.24709481;-0.03420842811;7
22.8561399;-0.05264209956;0.7417750359;18.19980812;22.86413365;0.3495673835;-0.2715294063;-0.04153880477;7
22.85824183;-0.05264209956;0.7274180651;18.24287987;22.86623553;0.3886627257;-0.2898553312;-0.05009091273;7
22.86034376;-0.0765703246;0.70348984;18.26202202;22.86833745;0.4302015305;-0.3106247485;-0.05742128938;7
22.86244568;-0.1004985496;0.6939185858;18.30509377;22.87043938;0.4692968726;-0.331394136;-0.06475166976;7
22.86454761;-0.1244267747;0.6987041831;18.34337807;22.87254131;0.51327914;-0.3497200906;-0.06841685623;7
22.86664948;-0.1387837082;0.708275497;18.35294914;22.87464324;0.5523744822;-0.3704894781;-0.07208204269;7
22.86875141;-0.1627119333;0.7369893789;18.34337807;22.87674516;0.5951350331;-0.3912588954;-0.0745255053;7
22.87085334;-0.1914258152;0.756131947;18.30509377;22.87884709;0.6317868829;-0.4071413875;-0.0745255053;7
22.87295527;-0.2344966233;0.7752745152;18.22852325;22.88094902;0.6696605086;-0.4230238497;-0.073303774;7
22.87505719;-0.2775674164;0.8039883971;18.12323952;22.88305094;0.705090642;-0.4376846254;-0.07086031139;7
22.87715912;-0.3254238665;0.8518448472;17.9700985;22.88515282;0.7380773425;-0.4486801922;-0.06841685623;7
22.87926105;-0.3684946895;0.890130043;17.80260086;22.88725475;0.7661771774;-0.4608974755;-0.06108647957;7
22.88136298;-0.4019941986;0.9379864931;17.62074661;22.88935667;0.7930551767;-0.4694495797;-0.0549778305;7
22.8834649;-0.4307080805;0.9667003751;17.43889236;22.8914586;0.8174898028;-0.4743365049;-0.04764745384;7
22.88556678;-0.4785645306;1.014556766;17.2426796;22.89356053;0.8358157277;-0.4816668928;-0.03909534588;7
22.8876687;-0.5312066078;1.062413216;17.0416832;22.89566245;0.8516982198;-0.4877755344;-0.02809977904;7
22.88977063;-0.5503492355;1.095912814;16.82632828;22.89776433;0.8651372194;-0.4926624298;-0.01710421406;7
22.89187256;-0.5647061467;1.129412293;16.6157608;22.89986631;0.8736893535;-0.4963276386;-0.004886918236;7
22.89397448;-0.5647061467;1.177268744;16.3764782;22.90196824;0.8810197115;-0.4951058924;0.006108647678;7
22.89607641;-0.5551348329;1.225125194;16.2137661;22.90407011;0.8895718455;-0.4914407134;0.0183259435;7
22.89817829;-0.5359922647;1.253839016;16.02234077;22.90617204;0.8969022036;-0.4877755344;0.02809977904;7
22.90028027;-0.4689932466;1.301695466;15.82134342;22.90827396;0.9005674124;-0.4804451466;0.03787361458;7
22.90238219;-0.4163511395;1.339980721;15.64427471;22.91037589;0.9005674124;-0.4755582213;0.04520399496;7
22.90448407;-0.3206382394;1.373480201;15.45284843;22.91247782;0.9054543376;-0.4682278633;0.05253437161;7
22.906586;-0.2344966233;1.387837172;15.3044939;22.91457975;0.906676054;-0.4657844007;0.05619955808;7
22.90868792;-0.1339980662;1.402194023;15.15613842;22.91668167;0.9091194868;-0.4633409381;0.05742128938;7
22.91078985;-0.0143569354;1.392622828;15.02692604;22.9187836;0.9091194868;-0.4621191919;0.05619955808;7
22.91289178;0.1244267747;1.397408366;14.89771366;22.92088553;0.9115629792;-0.4645626545;0.0549778305;7
22.9149937;0.2536391914;1.387837172;14.75414467;22.92298745;0.9078977704;-0.4645626545;0.05009091273;7
22.91709563;0.3684946895;1.387837172;14.63450336;22.92508938;0.9017891288;-0.4645626545;0.04520399496;7
22.91919756;0.4977070987;1.373480201;14.5196476;22.92719126;0.89812392;-0.4694495797;0.03787361458;7
22.92129949;0.5790630579;1.349551916;14.36650753;22.92929318;0.8920152783;-0.4694495797;0.03176496923;7
22.92340141;0.6652047038;1.306481123;14.23250866;22.93139511;0.8846849203;-0.4670061171;0.02321286127;7
22.92550334;0.7369893789;1.258624673;14.08893967;22.93349704;0.8785762787;-0.4645626545;0.0134390248;7
22.92760521;0.8518448472;1.229910851;13.99801254;22.93559896;0.8724676371;-0.4560105503;-0.001221729559;7
22.92970714;0.9667003751;1.191625714;13.92144203;22.93770089;0.8663589954;-0.447458446;-0.01466075517;7
22.93180907;1.081555843;1.143769264;13.85922909;22.93980282;0.8614720702;-0.4340194166;-0.02932151034;7
22.933911;1.210768223;1.091127157;13.81615829;22.94190475;0.856585145;-0.4193586707;-0.04520399496;7
22.93601292;1.296909928;1.062413216;13.78744411;22.94400667;0.8541416526;-0.4034761786;-0.06108647957;7
22.93811485;1.383051515;1.014556766;13.7539444;22.94610855;0.8541416526;-0.3839285076;-0.07941242307;7
22.94021678;1.469193101;0.9810572863;13.75872993;22.94821048;0.8553634286;-0.3619373739;-0.09651663154;7
22.9423187;1.545763373;0.9379864931;13.76351547;22.95031245;0.8578068614;-0.3350593448;-0.1148425788;7
22.94442063;1.603191137;0.8949156404;13.78265858;22.95241433;0.8626937866;-0.3118464649;-0.1319467872;7
22.94652251;1.636690736;0.8279166222;13.79701519;22.95451626;0.8663589954;-0.284968406;-0.1478292793;7
22.94862443;1.651047587;0.7513462901;13.84487152;22.95661818;0.8749110699;-0.2580903769;-0.1624900252;7
22.95072641;1.641476393;0.6747759581;13.81615829;22.95872011;0.8797979951;-0.2299905866;-0.1759290546;7
22.95282829;1.622333765;0.5934200287;13.78744411;22.96082199;0.8859066367;-0.20066908;-0.1857028902;7
22.95493021;1.564906001;0.5264210105;13.79701519;22.96292396;0.8944587708;-0.1713475734;-0.1954767257;7
22.95703214;1.507478237;0.4642075896;13.75872993;22.96502589;0.9054543376;-0.1420260668;-0.2003636509;7
22.95913407;1.430907965;0.4067798555;13.68694592;22.96712782;0.9103412628;-0.1175914705;-0.2052505612;7
22.96123594;1.35912323;0.3732803464;13.6534462;22.96922969;0.9225585461;-0.09560033679;-0.2113592178;7
22.96333792;1.292124271;0.3206382394;13.64387512;22.97133162;0.9311106205;-0.07238747925;-0.2162461281;7
22.96543985;1.244267821;0.3110669553;13.61516094;22.97343355;0.9433279634;-0.05039634556;-0.2235765159;7
22.96754178;1.225125194;0.2919243574;13.5912323;22.97553548;0.9555452466;-0.02596175298;-0.2333503515;7
22.96964365;1.225125194;0.2536391914;13.56730461;22.9776374;0.9665408134;-0.003970621154;-0.243124187;7
22.97174558;1.229910851;0.2297109663;13.53859043;22.97973933;0.9787580967;0.0131335929;-0.2528980076;7
22.97384751;1.201196909;0.2249253243;13.54816151;22.98184126;0.9934188724;0.02779434808;-0.2663370371;7
22.97594943;1.201196909;0.1914258152;13.51466274;22.98394318;1.006857872;0.04367683083;-0.2761108875;7
22.97805136;1.158126116;0.1818545163;13.50987625;22.98604506;1.02396214;0.05833758786;-0.2858847082;7
22.98015329;1.0863415;0.1339980662;13.51944828;22.98814698;1.038622856;0.07055488229;-0.2956585586;7
22.98225521;0.9810572863;0.1100698411;13.4907341;22.99024891;1.053283572;0.07788526267;-0.3054323792;7
22.98435714;0.8757730722;0.06699903309;13.47159195;22.99235084;1.067944407;0.0852156356;-0.3115410507;7
22.98645902;0.7657032609;0.0143569354;13.45244884;22.99445277;1.085048556;0.09254601598;-0.3188714087;7
22.98856094;0.6412764788;-0.05264209956;13.42373466;22.99655469;1.098487616;0.09376774728;-0.3237583339;7
22.99066287;0.5072783828;-0.08135596663;13.41894913;22.99865662;1.114370108;0.08888082206;-0.3262017965;7
22.9927648;0.3972085714;-0.1244267747;13.41416359;23.00075855;1.131474257;0.07910698652;-0.3262017965;7
22.99486672;0.2871387303;-0.1531406492;13.35195065;23.00286048;1.146135092;0.07177661359;-0.3249800503;7
22.99696865;0.1531406492;-0.1722832322;13.31366539;23.0049624;1.163239241;0.06200277433;-0.3213148713;7
22.99907058;0.03349951655;-0.1818545163;13.26580906;23.00706428;1.179121733;0.05589412898;-0.3152062297;7
23.00117251;-0.09092725813;-0.1818545163;13.21795273;23.0091662;1.192560792;0.05589412898;-0.3054323792;7
23.00327443;-0.1866401732;-0.1866401732;13.17966747;23.01126813;1.212108493;0.06688969582;-0.293215096;7
23.00537636;-0.3158525825;-0.1770688742;13.19880962;23.01337006;1.232877851;0.08399390429;-0.2773326039;7
23.00747824;-0.4354937077;-0.1818545163;13.29452229;23.01547198;1.257312417;0.105985038;-0.2590066791;7
23.00958016;-0.6029912829;-0.1770688742;13.39502144;23.01757391;1.287855625;0.1279761642;-0.2394589931;7
23.01168209;-0.760917604;-0.2105683982;13.51466274;23.01967584;1.320842385;0.1475238502;-0.2174678594;7
23.01378402;-0.8949156404;-0.2153540403;13.63908863;23.02177777;1.363602877;0.1609628648;-0.1942549944;7
23.01588594;-0.9858429432;-0.1818545163;13.80658627;23.02387969;1.411250353;0.1719584316;-0.1710421443;7
23.01798787;-1.048056364;-0.1627119333;14.06022549;23.02598162;1.463784695;0.1744018942;-0.146607548;7
23.0200898;-1.062413216;-0.1387837082;14.32343674;23.02808355;1.523649454;0.1682932526;-0.123394683;7
23.02219173;-1.043270707;-0.1148554832;14.60100365;23.03018542;1.585957646;0.1621845961;-0.1026252806;7
23.02429365;-1.014556766;-0.1052841991;14.86899948;23.03228735;1.650709391;0.1536324918;-0.08429934084;7
23.02639558;-0.9714859724;-0.1100698411;15.07956791;23.03438928;1.720347881;0.1438586563;-0.07086031139;7
23.02849751;-0.9092726111;-0.1627119333;15.19920921;23.0364912;1.787543058;0.1328630894;-0.06230820715;7
23.03059938;-0.8231309652;-0.2488535494;15.3044939;23.03859313;1.854738235;0.1194240674;-0.05986474827;7
23.03270131;-0.7369893789;-0.3589234054;15.31406498;23.04069506;1.921933293;0.1035415828;-0.05864302069;7
23.03480324;-0.6987041831;-0.4833501875;15.29013634;23.04279699;1.986685038;0.08765909821;-0.06108647957;7
23.03690516;-0.6317051649;-0.6029912829;15.21356678;23.04489891;2.046549797;0.07055488229;-0.06719512492;7
23.03900709;-0.5551348329;-0.7274180651;15.06999683;23.04700084;2.106414557;0.05345066637;-0.07574722916;7
23.04110902;-0.5168496966;-0.837487936;14.90728474;23.04910277;2.157727003;0.03390299529;-0.08552107215;7
23.04321094;-0.4594219327;-0.9332008362;14.73500156;23.05120464;2.206596375;0.01435532235;-0.09896009415;7
23.04531287;-0.4067798555;-1.014556766;14.48614788;23.05330662;2.251800299;-0.0100792693;-0.1111773923;7
23.0474148;-0.3684946895;-1.057627559;14.1990099;23.0554085;2.293339014;-0.03573558852;-0.1258381456;7
23.04951672;-0.3302095234;-1.091127157;13.88315678;23.05751042;2.326325893;-0.06383536756;-0.1404989064;7
23.0516186;-0.3062812984;-1.071984529;13.54816151;23.05961235;2.353203773;-0.09315688163;-0.1539379209;7
23.05372058;-0.3206382394;-1.033699393;13.13181114;23.06171428;2.375195026;-0.1188132018;-0.1649334878;7
23.05582245;-0.3541377485;-0.9858429432;12.71545982;23.0638162;2.388633966;-0.1432477981;-0.173485592;7
23.05792438;-0.4163511395;-0.8853443861;12.29432297;23.06591813;2.397186041;-0.1713475734;-0.1808159798;7
23.06002631;-0.4689932466;-0.8039883971;11.83968639;23.06802006;2.40085125;-0.1921169758;-0.1844811589;7
23.06212824;-0.5168496966;-0.6987041831;11.36112213;23.07012198;2.397186041;-0.2104429156;-0.1869246215;7
23.06423016;-0.5790630579;-0.5694918036;10.90648556;23.07222391;2.389855623;-0.227547124;-0.1857028902;7
23.06633209;-0.6221339107;-0.4498506486;10.45663452;23.07432579;2.381303549;-0.2348775119;-0.1857028902;7
23.06843402;-0.6604190469;-0.3014956415;10.01635551;23.07642771;2.367864609;-0.2422078848;-0.1820377111;7
23.07053594;-0.6939185858;-0.1579262912;9.576076508;23.07852964;2.35076046;-0.2458730787;-0.1771507859;7
23.07263787;-0.7274180651;-0.01914258115;9.188439369;23.08063157;2.328769207;-0.24709481;-0.1710421443;7
23.07473975;-0.7130611539;0.1387837082;8.819944382;23.0827335;2.309221506;-0.2446513474;-0.1649334878;7
23.07684167;-0.7178468108;0.2679961324;8.451449394;23.08483542;2.282343626;-0.2458730787;-0.1588248461;7
23.0789436;-0.70348984;0.4115654826;8.130811691;23.08693735;2.254243851;-0.2422078848;-0.1551596522;7
23.08104553;-0.6891329288;0.5551348329;7.762316704;23.08903928;2.221256971;-0.2373209596;-0.1514944583;7
23.08314745;-0.6125625968;0.6699903607;7.441678524;23.09114115;2.18827033;-0.2299905866;-0.1478292793;7
23.08524938;-0.5503492355;0.7704889178;7.106683254;23.09324313;2.152840137;-0.2202167511;-0.1490510106;7
23.08735131;-0.4689932466;0.8614161611;6.79561615;23.09534501;2.112523079;-0.2104429156;-0.1478292793;7
23.08945324;-0.3972085714;0.9332008362;6.48933506;23.09744693;2.073427677;-0.1982256174;-0.1490510106;7
23.09155511;-0.3493520916;1.009771109;6.173482418;23.09954886;2.030667305;-0.1860083193;-0.1514944583;7
23.09365709;-0.2919243574;1.062413216;5.871986866;23.10165079;1.987906694;-0.1689041108;-0.1527161896;7
23.09575896;-0.2488535494;1.100698471;5.613562107;23.10375271;1.94636786;-0.150578171;-0.1527161896;7
23.09786089;-0.2201396823;1.158126116;5.355136871;23.10585464;1.902385592;-0.1395826042;-0.1527161896;7
23.09996282;-0.2201396823;1.225125194;5.13021183;23.10795657;1.857181668;-0.127365306;-0.1514944583;7
23.10206475;-0.2392822653;1.306481123;4.93878603;23.1100585;1.814421058;-0.1151480079;-0.1527161896;7
23.10416667;-0.2632105052;1.378265858;4.771288395;23.11216037;1.77043879;-0.1029307172;-0.1514944583;7
23.1062686;-0.2919243574;1.430907965;4.637290478;23.1142623;1.731343508;-0.09071341902;-0.1490510106;7
23.10837053;-0.3062812984;1.459621787;4.498506546;23.11636428;1.689804673;-0.08093958348;-0.1478292793;7
23.11047245;-0.3445664644;1.526620865;4.350151539;23.11846615;1.650709391;-0.07849612087;-0.1453858167;7
23.11257433;-0.3684946895;1.555334687;4.201796532;23.12056808;1.610392332;-0.07971785218;-0.1429423541;7
23.11467626;-0.4115654826;1.617548108;4.034298897;23.12267001;1.568853498;-0.08338304609;-0.1380554438;7
23.11677824;-0.4785645306;1.670190215;3.890729666;23.12477193;1.528536439;-0.09071341902;-0.1307250559;7
23.11888011;-0.5503492355;1.708475351;3.75673151;23.12687386;1.488219261;-0.1017089859;-0.1221729591;7
23.12098204;-0.6173482537;1.751546144;3.617947817;23.12897579;1.44545877;-0.1151480079;-0.1111773923;7
23.12308396;-0.679561615;1.818545222;3.517449379;23.13107771;1.401476502;-0.1334739476;-0.09773836285;7
23.12518589;-0.7513462901;1.875972986;3.354737282;23.13317959;1.355050802;-0.1579085439;-0.08429934084;7
23.12728782;-0.8231309652;1.928615093;3.211168051;23.13528157;1.308625102;-0.177456215;-0.06841685623;7
23.12938975;-0.890130043;1.971685886;3.077169895;23.13738344;1.264642835;-0.2018908113;-0.05131264031;7
23.13149167;-0.9475577474;2.009970903;2.962314367;23.13948537;1.218217134;-0.2251036763;-0.03420842811;7
23.13359355;-0.9906286001;2.038684845;2.904886723;23.1415873;1.173013091;-0.2495382577;-0.0183259435;7
23.13569553;-1.014556766;2.033899307;2.82831645;23.14368923;1.1302526;-0.2715294063;-0.003665188793;7
23.1377974;-1.009771109;2.033899307;2.794816732;23.14579115;1.085048556;-0.2959639728;0.008552107029;7
23.13989933;-0.9810572863;2.01475668;2.761317253;23.14789308;1.044731498;-0.3203985691;0.0183259435;7
23.14200126;-0.8997012973;1.990828395;2.761317253;23.14999501;1.003192663;-0.3448331654;0.02565632015;7
23.14410318;-0.7944171429;1.9812572;2.756531715;23.15209693;0.9628756046;-0.3741546869;0.03054323979;7
23.14620511;-0.6939185858;1.966900229;2.775674343;23.15419886;0.9286671877;-0.3998109996;0.03420842811;7
23.14830704;-0.5790630579;1.962114573;2.82831645;23.15630079;0.8932369947;-0.4254673123;0.03298669681;7
23.15040896;-0.4450650215;1.919043779;2.871387243;23.15840266;0.8651372194;-0.4486801922;0.02932151034;7
23.15251089;-0.3014956415;1.866401672;2.95752883;23.16050459;0.8370374441;-0.4731147587;0.02443459071;7
23.15461282;-0.1579262912;1.808973908;3.048455954;23.16260652;0.8150463104;-0.493884176;0.01710421406;7
23.15671475;-0.0143569354;1.737189293;3.153740168;23.16470844;0.7967203856;-0.5061014891;0.007330377586;7
23.15881662;0.1244267747;1.694118381;3.254238844;23.16681037;0.7832813859;-0.5109884143;-0.002443459118;7
23.16091855;0.2632105052;1.651047587;3.378665686;23.1689123;0.7747292519;-0.5085449219;-0.01466075517;7
23.16302048;0.3684946895;1.579262972;3.503092289;23.17101422;0.7661771774;-0.4999928176;-0.02443459071;7
23.1651224;0.4642075896;1.507478237;3.637090445;23.1731161;0.7612902522;-0.4853320718;-0.03420842811;7
23.16722433;0.5072783828;1.430907965;3.704089403;23.17521808;0.7576250434;-0.4670061171;-0.04153880477;7
23.16932626;0.4833501875;1.354337573;3.785445452;23.17731995;0.7600684762;-0.440128088;-0.04886918142;7
23.17142818;0.4354937077;1.296909928;3.838087559;23.17942188;0.7661771774;-0.4059196413;-0.05742128938;7
23.17353006;0.3828516304;1.234696507;3.905086517;23.18152381;0.7747292519;-0.3692677617;-0.06719512492;7
23.17563204;0.3302095234;1.172483087;4.024727821;23.18362574;0.7881683111;-0.3338375986;-0.07574722916;7
23.17773391;0.3014956415;1.115055323;4.130012035;23.18572766;0.8077159524;-0.297185719;-0.08552107215;7
23.17983584;0.2967100143;1.067198873;4.225724697;23.18782959;0.8309288025;-0.2532034516;-0.09162971377;7
23.18193777;0.3014956415;1.033699393;4.350151539;23.18993152;0.8541416526;-0.2165515572;-0.09651663154;7
23.18403969;0.2584248483;1.014556766;4.465006828;23.19203344;0.8797979951;-0.1847866029;-0.09896009415;7
23.18614162;0.2105683982;1.024128079;4.512863636;23.19413537;0.9078977704;-0.15424335;-0.1026252806;7
23.18824355;0.1244267747;1.052842021;4.622933388;23.1962373;0.9372192621;-0.1163697392;-0.1050687432;7
23.19034548;0.04307080805;1.03848505;4.666004181;23.19833922;0.9665408134;-0.08216131479;-0.1075121984;7
23.1924474;-0.03349951655;0.9954141974;4.670789719;23.20044115;0.9946405888;-0.04795288667;-0.1075121984;7
23.19454933;-0.1196411327;0.9523434043;4.656432629;23.20254303;1.021518588;-0.01618791744;-0.1075121984;7
23.19665126;-0.2249253243;0.9284151793;4.627718925;23.20464495;1.047174931;0.008246674202;-0.1026252806;7
23.19875318;-0.3637090325;0.8949156404;4.546362877;23.20674688;1.066722631;0.03390299529;-0.09651663154;7
23.20085511;-0.4977070987;0.9044869542;4.474578381;23.20884881;1.088713765;0.05589412898;-0.08796452731;7
23.20295698;-0.6556333899;0.9236295223;4.359723091;23.21095074;1.103374481;0.07422006875;-0.07574722916;7
23.20505891;-0.7800601721;0.9714859724;4.220939159;23.21305266;1.118035316;0.09254601598;-0.06352993846;7
23.20716084;-0.9140582681;1.024128079;4.067798615;23.21515459;1.127809048;0.1072067693;-0.04886918142;7
23.20926277;-1.03848505;1.0863415;3.895515203;23.21725652;1.136361241;0.1169806048;-0.02932151034;7
23.21136469;-1.129412293;1.162911773;3.728017569;23.21935844;1.142469883;0.1291978955;-0.009773836471;7
23.21346662;-1.205982566;1.21555388;3.546163082;23.22146032;1.14369154;0.1377500147;0.008552107029;7
23.21556855;-1.296909928;1.292124271;3.369094372;23.2235623;1.141248107;0.1487455666;0.03176496923;7
23.21767048;-1.325623751;1.368694544;3.163311481;23.22566423;1.135139465;0.1548542231;0.0549778305;7
23.2197724;-1.368694544;1.430907965;2.947957516;23.2277661;1.126587391;0.1621845961;0.07696896046;7
23.22187428;-1.373480201;1.497906923;2.761317253;23.22986803;1.113148332;0.169514969;0.09651663154;7
23.22397626;-1.349551916;1.569691658;2.536391973;23.23196995;1.093600631;0.1780670881;0.1160643101;7
23.22607818;-1.296909928;1.631905079;2.321038008;23.23407188;1.07038784;0.1866191924;0.1319467872;7
23.22818006;-1.201196909;1.689332843;2.100898266;23.23617381;1.044731498;0.192727834;0.1441640854;7
23.23028198;-1.100698471;1.737189293;1.8855443;23.23827574;1.012966514;0.2037234008;0.1551596522;7
23.23238391;-0.94277215;1.789831281;1.670190215;23.24037766;0.9775363803;0.2110537887;0.1612683088;7
23.23448584;-0.7896314859;1.804188251;1.416550994;23.24247959;0.9347758293;0.2147189677;0.1649334878;7
23.23658777;-0.6699903607;1.852044702;1.191625714;23.24458152;0.8871283531;0.215940699;0.1649334878;7
23.23868969;-0.5168496966;1.895115495;0.9810572863;23.24668339;0.8370374441;0.2122755051;0.1624900252;7
23.24079162;-0.3541377485;1.899901152;0.8087740541;23.24878532;0.7832813859;0.2110537887;0.1539379209;7
23.24289355;-0.1866401732;1.866401672;0.6317051649;23.25088725;0.7270817757;0.2061668634;0.1429423541;7
23.24499548;-0.01914258115;1.847259045;0.4977070987;23.25298917;0.6696605086;0.1976147592;0.1295033395;7
23.24709735;0.1435693651;1.804188251;0.3493520916;23.2550911;0.6097957492;0.1853974611;0.1136208475;7
23.24919928;0.2679961324;1.775474429;0.2727817893;23.25719303;0.5499309897;0.1744018942;0.09407317638;7
23.2513012;0.3876372576;1.737189293;0.2249253243;23.25929495;0.4900662601;0.158519417;0.07574722916;7
23.25340313;0.4977070987;1.727617979;0.1818545163;23.26139688;0.4314232469;0.1438586563;0.05375609919;7
23.25550506;0.6173482537;1.722832322;0.1818545163;23.26349881;0.3752236962;0.1267544478;0.03420842811;7
23.25760699;0.7130611539;1.737189293;0.2105683982;23.26560068;0.320245862;0.1108719558;0.01099556591;7
23.25970891;0.7896314859;1.732403636;0.2632105052;23.26770266;0.2689332068;0.09376774728;-0.01099556591;7
23.26181084;0.8709874153;1.775474429;0.3254238665;23.26980454;0.2163988501;0.07666353136;-0.03176496923;7
23.26391277;0.9236295223;1.794616938;0.4163511395;23.27190646;0.1675296724;0.05711585656;-0.0549778305;7
23.26601464;0.9714859724;1.847259045;0.5024927258;23.27400839;0.1211039424;0.03634645417;-0.07819069177;7
23.26811662;0.9906286001;1.890329838;0.6173482537;23.27611032;0.07834340632;0.01679878123;-0.09773836285;7
23.2702185;1.014556766;1.942971945;0.7369893789;23.27821225;0.03436114267;-0.006414080039;-0.1197294965;7
23.27232042;1.033699393;1.976471543;0.8805587292;23.28031417;-0.007177661173;-0.03084867075;-0.1417206228;7
23.27442235;1.052842021;2.019542217;0.9762716293;23.28241605;-0.04749473557;-0.05039634556;-0.1612683088;7
23.27652428;1.062413216;2.043470621;1.095912814;23.28451803;-0.08659008145;-0.06627883017;-0.1808159798;7
23.2786262;1.081555843;2.0769701;1.158126116;23.28661995;-0.1269071549;-0.08216131479;-0.1991419196;7
23.28072813;1.062413216;2.081755638;1.210768223;23.28872183;-0.1684459597;-0.08949168772;-0.2162461281;7
23.28283001;1.043270707;2.11046958;1.272981644;23.29082376;-0.2087630332;-0.0968220681;-0.2309068888;7
23.28493198;0.9810572863;2.115255117;1.31126678;23.29292568;-0.2478583902;-0.0980437994;-0.243124187;7
23.28703391;0.8949156404;2.100898266;1.344766378;23.29502761;-0.2881754637;-0.1041524485;-0.2528980076;7
23.28913579;0.784845829;2.096112728;1.40697968;23.29712954;-0.3248273432;-0.1053741723;-0.2590066791;7
23.29123771;0.6699903607;2.072184324;1.483550072;23.29923146;-0.362700969;-0.1053741723;-0.2651153207;7
23.29333964;0.5359922647;2.06261301;1.59840548;23.30133339;-0.3969093859;-0.1029307172;-0.2687804997;7
23.29544157;0.4019941986;2.033899307;1.698904037;23.30343532;-0.4262309074;-0.1053741723;-0.2675587833;7
23.2975435;0.2727817893;2.01475668;1.847259045;23.30553725;-0.4518872201;-0.1078176349;-0.2663370371;7
23.29964542;0.1770688742;2.000399828;2.043470621;23.30763917;-0.4751000702;-0.1127045527;-0.2638935745;7
23.30174735;0.06221338734;1.971685886;2.263610125;23.3097411;-0.4958694875;-0.113926284;-0.2590066791;7
23.30384928;-0.04307080805;1.962114573;2.440679073;23.31184298;-0.5129737258;-0.1102610901;-0.2553414702;7
23.3059512;-0.1435693651;1.928615093;2.627319336;23.3139449;-0.525191009;-0.1078176349;-0.2516762912;7
23.30805313;-0.2344966233;1.923829436;2.81395936;23.31604688;-0.5337430835;-0.1004872546;-0.2492328286;7
23.31015506;-0.2967100143;1.919043779;2.986242771;23.31814876;-0.5386300087;-0.09193515033;-0.2443459183;7
23.31225693;-0.3445664644;1.928615093;3.206382275;23.32025068;-0.5422952175;-0.08338304609;-0.2394589931;7
23.31435886;-0.3732803464;1.93340075;3.407379389;23.32235261;-0.5447386503;-0.07605266571;-0.2370155305;7
23.31646084;-0.4115654826;1.942971945;3.603590965;23.32445454;-0.5398517251;-0.06505709887;-0.2333503515;7
23.31856271;-0.4354937077;1.923829436;3.766302824;23.32655646;-0.5361865759;-0.05283980444;-0.2260199636;7
23.32066464;-0.4642075896;1.947757602;3.952943087;23.32865839;-0.5288561583;-0.03940077871;-0.2186895907;7
23.32276657;-0.5024927258;1.938186288;4.10608387;23.33076032;-0.5190823674;-0.02229656465;-0.2101374865;7
23.3248685;-0.5790630579;1.928615093;4.235296249;23.33286225;-0.509308517;-0.006414080039;-0.1954767257;7
23.32697042;-0.6460621357;1.914258122;4.383651257;23.33496417;-0.4958694875;0.01802051067;-0.1808159798;7
23.32907235;-0.7178468108;1.919043779;4.479363918;23.3370661;-0.4799869955;0.04734202102;-0.1649334878;7
23.33117428;-0.7944171429;1.909472466;4.613361835;23.33916798;-0.459217608;0.07788526267;-0.1453858167;7
23.3332762;-0.890130043;1.909472466;4.752145767;23.3412699;-0.4396699369;0.1108719558;-0.1258381456;7
23.33537813;-0.9667003751;1.919043779;4.871787071;23.34337183;-0.416457057;0.1463021189;-0.1050687432;7
23.33748006;-1.014556766;1.923829436;4.996213913;23.34547381;-0.3895790279;0.1805105358;-0.08307760954;7
23.33958193;-1.057627559;1.919043779;5.120640278;23.34757568;-0.3602575064;0.2147189677;-0.06230820715;7
23.34168386;-1.081555843;1.928615093;5.2737813;23.34967761;-0.3272708058;0.2477056682;-0.04153880477;7
23.34378579;-1.062413216;1.947757602;5.402993679;23.35177954;-0.2942841053;0.2758054435;-0.02321286127;7
23.34588777;-1.03848505;1.952543259;5.522634506;23.35388146;-0.2600756884;0.3002400398;-0.008552107029;7
23.34798964;-0.9954141974;1.966900229;5.618347645;23.35598339;-0.2234237939;0.3246746361;0.007330377586;7
23.35009157;-0.9475577474;1.971685886;5.699703693;23.35808532;-0.1916588247;0.3491092324;0.0183259435;7
23.3521935;-0.8614161611;1.971685886;5.766702652;23.36018719;-0.1550069451;0.3711003661;0.03054323979;7
23.35429542;-0.7944171429;1.9812572;5.833701611;23.36228912;-0.1269071549;0.3930914998;0.03909534588;7
23.35639735;-0.7226324677;1.976471543;5.857629776;23.36439105;-0.0975856483;0.4163043499;0.04642572254;7
23.35849928;-0.6412764788;1.942971945;5.862415314;23.36649298;-0.07070759684;0.4346303046;0.05131264031;7
23.36060115;-0.5790630579;1.923829436;5.804987907;23.3685949;-0.04627300799;0.4541779757;0.05619955808;7
23.36270308;-0.5216353536;1.890329838;5.752345562;23.37069683;-0.02672533318;0.4663952589;0.05742128938;7
23.36480501;-0.4594219327;1.861616015;5.651846886;23.37279876;-0.009621120058;0.4798342884;0.05864302069;7
23.36690693;-0.4354937077;1.852044702;5.527420521;23.37490068;0.001374445739;0.4908298552;0.05986474827;7
23.36900886;-0.3637090325;1.847259045;5.379065514;23.37700261;0.006261364091;0.4981602132;0.05864302069;7
23.37111079;-0.3206382394;1.852044702;5.225924492;23.37910454;0.008704823442;0.5018253922;0.05742128938;7
23.37321271;-0.3014956415;1.890329838;5.024927616;23.38120641;0.003817904973;0.4957167804;0.05619955808;7
23.37531464;-0.2871387303;1.919043779;4.819144726;23.38330834;-0.00351247238;0.4908298552;0.0549778305;7
23.37741657;-0.2536391914;1.923829436;4.656432629;23.38541027;-0.0157297682;0.4786125422;0.05131264031;7
23.3795185;-0.2632105052;1.971685886;4.512863636;23.38751219;-0.03161225095;0.4602866173;0.04764745384;7
23.38162037;-0.2679961324;2.01475668;4.374079704;23.38961412;-0.05238165334;0.4382954836;0.04276053607;7
23.3837223;-0.2727817893;2.072184324;4.230510235;23.39171605;-0.0743727833;0.4077522457;0.03787361458;7
23.38582422;-0.2584248483;2.100898266;4.096512318;23.39381798;-0.1024725661;0.3747655451;0.03298669681;7
23.38792615;-0.2632105052;2.11046958;3.972085476;23.3959199;-0.1305723488;0.3368919194;0.0268780496;7
23.39002808;-0.2440679073;2.124826431;3.881158352;23.39802178;-0.1635590494;0.2953531146;0.02321286127;7
23.39213001;-0.2392822653;2.143969059;3.790230989;23.40012376;-0.1989891976;0.2501491308;0.01588248461;7
23.39423193;-0.2392822653;2.139183521;3.684946775;23.40222568;-0.2344193608;0.2061668634;0.01221729536;7
23.39633386;-0.2440679073;2.129612207;3.589233875;23.40432756;-0.2722929716;0.1560759544;0.007330377586;7
23.39843574;-0.2488535494;2.148754835;3.536591768;23.40642948;-0.3113883138;0.1096502244;0.001221729559;7
23.40053771;-0.2392822653;2.134397745;3.416950703;23.40853141;-0.3504836559;0.06566796452;-0.003665188793;7
23.40263964;-0.2392822653;2.153540373;3.316452265;23.41063334;-0.3932442069;0.02412915789;-0.009773836471;7
23.40474152;-0.2344966233;2.134397745;3.201596737;23.41273527;-0.4384481907;-0.01496618707;-0.01588248461;7
23.40684344;-0.2488535494;2.124826431;3.115455151;23.41483719;-0.4824304581;-0.04917461425;-0.02321286127;7
23.40894537;-0.2105683982;2.129612207;3.029313564;23.41693912;-0.5288561583;-0.07605266571;-0.02809977904;7
23.4110473;-0.2057827413;2.11046958;2.952743053;23.41904105;-0.5728384256;-0.0968220681;-0.03176496923;7
23.41314922;-0.1962114573;2.100898266;2.919243574;23.42114298;-0.6131555438;-0.113926284;-0.03420842811;7
23.41525115;-0.2105683982;2.091326952;2.890529871;23.42324485;-0.6583595276;-0.1249218509;-0.036651887;7
23.41735308;-0.2297109663;2.0769701;2.895315409;23.42534683;-0.6962331533;-0.1322522312;-0.03787361458;7
23.41945501;-0.2536391914;2.0769701;2.95752883;23.4274487;-0.7316632867;-0.1359174103;-0.03543015569;7
23.42155693;-0.3014956415;2.067398787;3.014956474;23.42955063;-0.7646499872;-0.1359174103;-0.03298669681;7
23.42365881;-0.3493520916;2.043470621;3.139383316;23.43165256;-0.7927497625;-0.1359174103;-0.03176496923;7
23.42576079;-0.3876372576;2.024327993;3.259024382;23.43375448;-0.8147408962;-0.1346956789;-0.0268780496;7
23.42786266;-0.4354937077;2.01475668;3.416950703;23.43585641;-0.8330668211;-0.1285870373;-0.02199113183;7
23.42996459;-0.4929214716;1.986042738;3.574877024;23.43795834;-0.8489493132;-0.1212566569;-0.01588248461;7
23.43206652;-0.5072783828;1.962114573;3.785445452;23.44006027;-0.8575014472;-0.1188132018;-0.006108647678;7
23.43416844;-0.5407779217;1.909472466;4.024727821;23.44216214;-0.8611665964;-0.1127045527;0.002443459118;7
23.43627037;-0.5551348329;1.880758643;4.249652863;23.44426412;-0.8611665964;-0.1090393662;0.0134390248;7
23.4383723;-0.5599204898;1.852044702;4.474578381;23.446366;-0.8611665964;-0.1078176349;0.02565632015;7
23.44047423;-0.5599204898;1.804188251;4.685146809;23.44846792;-0.8538362384;-0.1053741723;0.036651887;7
23.4425761;-0.5407779217;1.761117458;4.857429981;23.45056985;-0.8465058804;-0.1004872546;0.04398226365;7
23.44467808;-0.4977070987;1.722832322;5.020142078;23.45267178;-0.8379537463;-0.09437860548;0.05009091273;7
23.44677995;-0.4307080805;1.698904037;5.168497086;23.4547737;-0.8281798959;-0.08460476995;0.0549778305;7
23.44888188;-0.3493520916;1.684547186;5.302495003;23.45687563;-0.8159626126;-0.07238747925;0.05864302069;7
23.45098381;-0.2775674164;1.670190215;5.417350292;23.45897756;-0.8049670458;-0.05894844979;0.05986474827;7
23.45308574;-0.2153540403;1.627119422;5.508277893;23.46107949;-0.7939714789;-0.04306596518;0.05742128938;7
23.45518766;-0.1100698411;1.622333765;5.580062389;23.46318141;-0.7829759121;-0.0235182941;0.0549778305;7
23.45728959;-0.05264209956;1.617548108;5.675775528;23.46528334;-0.7719803452;-0.00152716192;0.05009091273;7
23.45939152;0.0143569354;1.584048629;5.752345562;23.46738527;-0.759763062;0.021685699;0.04520399496;7
23.46149344;0.08614161611;1.588834286;5.828916073;23.46948714;-0.7499892116;0.04612028971;0.036651887;7
23.46359537;0.1674975902;1.564906001;5.958128452;23.47158912;-0.7365502119;0.07666353136;0.0268780496;7
23.4656973;0.2344966233;1.545763373;6.020341873;23.473691;-0.7255546451;0.1010981202;0.01466075517;7
23.46779922;0.3254238665;1.517049551;6.068198204;23.47579298;-0.718224287;0.1340848207;0.006108647678;7
23.4699011;0.3493520916;1.469193101;6.096911907;23.47789485;-0.709672153;0.158519417;-0.006108647678;7
23.47200308;0.3684946895;1.435693622;6.116054535;23.47999678;-0.7060069442;0.1853974611;-0.01954767294;7
23.47410495;0.3732803464;1.416550994;6.096911907;23.4820987;-0.702341795;0.2196058929;-0.03298669681;7
23.47620693;0.3158525825;1.411765337;6.077769279;23.48420063;-0.702341795;0.2574795187;-0.04642572254;7
23.47830881;0.2488535494;1.402194023;6.029912949;23.48630256;-0.7060069442;0.2941313982;-0.05619955808;7
23.48041074;0.1914258152;1.421336651;5.934200287;23.48840448;-0.709672153;0.3283398151;-0.06475166976;7
23.48251266;0.1244267747;1.45483613;5.867201328;23.49050641;-0.717002511;0.3601047993;-0.06963858753;7
23.48461459;0.04785645381;1.488335729;5.78584528;23.49260829;-0.7255546451;0.3906480372;-0.07574722916;7
23.48671652;-0.0382851623;1.545763373;5.776273727;23.49471021;-0.7353284955;0.4199695289;-0.07819069177;7
23.48881844;-0.1483550072;1.607976794;5.781059742;23.49681219;-0.7438805699;0.4456258714;-0.07819069177;7
23.49092037;-0.2584248483;1.665404558;5.790630817;23.49891407;-0.7560978532;0.4725039005;-0.07696896046;7
23.49302225;-0.3732803464;1.732403636;5.833701611;23.501016;-0.76709342;0.4932733178;-0.07208204269;7
23.49512417;-0.4929214716;1.780260086;5.886343479;23.50311792;-0.7817541957;0.5128209591;-0.06597339362;7
23.49722615;-0.650847733;1.789831281;5.96291399;23.50521985;-0.7964149714;0.5238165259;-0.05986474827;7
23.49932803;-0.8087740541;1.832902193;6.034698486;23.50732178;-0.8110756874;0.5311469436;-0.05131264031;7
23.50142995;-0.9332008362;1.847259045;6.130411625;23.5094237;-0.8281798959;0.5287034512;-0.04031707719;7
23.50353188;-1.095912814;1.899901152;6.221338749;23.51152558;-0.8440623879;0.5201513767;-0.0268780496;7
23.50563381;-1.229910851;1.93340075;6.326622963;23.51362756;-0.8636100888;0.5067123175;-0.0134390248;7
23.50773574;-1.387837172;1.971685886;6.403193474;23.51572943;-0.8807142973;0.4883863926;0.0;7
23.50983766;-1.493121386;2.005185366;6.494120598;23.51783136;-0.8978185058;0.4700604379;0.01588248461;7
23.51193954;-1.603191137;2.033899307;6.585047722;23.51993329;-0.9198096395;0.4444041252;0.03054323979;7
23.51404152;-1.665404558;2.067398787;6.656832695;23.52203521;-0.9356921315;0.4199695289;0.04764745384;7
23.51614339;-1.713261008;2.072184324;6.733402729;23.52413714;-0.9552397728;0.3930914998;0.06230820715;7
23.51824532;-1.718046665;2.081755638;6.857829571;23.52623907;-0.9747874737;0.3686569035;0.07574722916;7
23.52034725;-1.722832322;2.081755638;6.943971157;23.528341;-0.994335115;0.3442223072;0.08918625861;7
23.52244917;-1.694118381;2.0769701;7.044469833;23.53044292;-1.011439323;0.3185659945;0.09773836285;7
23.5245511;-1.655833244;2.067398787;7.154539585;23.53254485;-1.029765248;0.292909652;0.1075121984;7
23.52665303;-1.59840548;2.048256159;7.278966427;23.53464678;-1.048091292;0.2660316229;0.1123991162;7
23.52875495;-1.526620865;2.048256159;7.403393269;23.5367487;-1.065195441;0.2415970266;0.1172860414;7
23.53085688;-1.426122308;2.033899307;7.51346302;23.53885063;-1.081077933;0.2183841616;0.1172860414;7
23.53295881;-1.272981644;2.000399828;7.618747234;23.54095251;-1.098182201;0.1915061027;0.1185077652;7
23.53506074;-1.115055323;1.971685886;7.685746193;23.54305443;-1.114064693;0.1682932526;0.1148425788;7
23.53716266;-0.9379864931;1.928615093;7.829315662;23.54515636;-1.129947066;0.1450803876;0.1111773923;7
23.53926459;-0.7896314859;1.890329838;7.925028801;23.54725829;-1.14827311;0.1230892539;0.1050687432;7
23.54136646;-0.6556333899;1.856830359;8.030312538;23.54936021;-1.166599035;0.1047633067;0.09773836285;7
23.54346839;-0.5216353536;1.818545222;8.121239662;23.55146214;-1.18492496;0.0852156356;0.086742796;7
23.54557032;-0.3924229145;1.770688772;8.188239098;23.55356402;-1.202029228;0.06688969582;0.07574722916;7
23.54767225;-0.2775674164;1.741974831;8.231309891;23.555666;-1.22157681;0.05345066637;0.06108647957;7
23.54977417;-0.1387837082;1.698904037;8.274380684;23.55776792;-1.243567944;0.03756818548;0.04398226365;7
23.5518761;-0.0382851623;1.670190215;8.370093346;23.5598698;-1.260672212;0.02901607752;0.0268780496;7
23.55397798;0.06699903309;1.64626193;8.456234932;23.56197178;-1.276554704;0.021685699;0.009773836471;7
23.55607995;0.1531406492;1.607976794;8.523234367;23.56407365;-1.292437196;0.01679878123;-0.007330377586;7
23.55818188;0.2153540403;1.588834286;8.628518105;23.56617558;-1.310763121;0.01679878123;-0.02321286127;7
23.56028376;0.2297109663;1.560120344;8.748159409;23.56827751;-1.32420218;0.01802051067;-0.04031707719;7
23.56238574;0.2057827413;1.536192179;8.858229637;23.57037943;-1.335197687;0.01679878123;-0.05619955808;7
23.56448761;0.1770688742;1.488335729;8.958727837;23.57248136;-1.343749762;0.01557705179;-0.06597339362;7
23.56658954;0.1292124242;1.473978758;9.073583603;23.57458329;-1.354745388;0.0131335929;-0.07696896046;7
23.56869146;0.0765703246;1.459621787;9.188439369;23.57668521;-1.36085403;0.008246674202;-0.08307760954;7
23.57079339;-0.01914258115;1.450050473;9.274580956;23.57878709;-1.364519238;-0.00152716192;-0.086742796;7
23.57289532;-0.1052841991;1.440479279;9.3367939;23.58088902;-1.369406104;-0.01130099874;-0.086742796;7
23.57499725;-0.2440679073;1.45483613;9.437292099;23.58299094;-1.37062788;-0.0235182941;-0.08429934084;7
23.57709917;-0.3684946895;1.440479279;9.499505997;23.58509287;-1.376736522;-0.03451386094;-0.07819069177;7
23.57920105;-0.5120640397;1.430907965;9.561718941;23.58719485;-1.377958179;-0.04428769648;-0.06963858753;7
23.58130298;-0.6699903607;1.469193101;9.590433121;23.58929672;-1.381623387;-0.05161807314;-0.0549778305;7
23.5834049;-0.8183453679;1.521835208;9.590433121;23.59139865;-1.388953805;-0.05772672221;-0.03787361458;7
23.58550683;-0.9762716293;1.588834286;9.552147865;23.59350058;-1.392619014;-0.06139190868;-0.01710421406;7
23.58760881;-1.129412293;1.694118381;9.523433685;23.59560251;-1.399949312;-0.06139190868;0.004886918236;7
23.58971068;-1.258624673;1.775474429;9.533005714;23.59770443;-1.406057954;-0.05528326333;0.03054323979;7
23.59181261;-1.392622828;1.8855443;9.552147865;23.59980636;-1.41705358;-0.04795288667;0.05742128938;7
23.59391454;-1.488335729;1.976471543;9.556933403;23.60190824;-1.426827431;-0.03695731983;0.08552107215;7
23.59601646;-1.574477315;2.067398787;9.595218658;23.60401021;-1.437822938;-0.01863137633;0.1160643101;7
23.59811839;-1.617548108;2.134397745;9.595218658;23.60611209;-1.454927206;0.004581485875;0.146607548;7
23.60022032;-1.64626193;2.172683001;9.604789734;23.60821402;-1.468366265;0.03268126398;0.1747073233;7
23.60232219;-1.64626193;2.215753794;9.600004196;23.61031594;-1.481805205;0.05955931544;0.2028071135;7
23.60442417;-1.641476393;2.258824587;9.657432556;23.61241787;-1.494022489;0.09132428467;0.2309068888;7
23.60652605;-1.636690736;2.268395901;9.786644936;23.6145198;-1.503796339;0.1218675226;0.2553414702;7
23.60862798;-1.622333765;2.268395901;9.930213928;23.61662172;-1.511126757;0.1548542231;0.2785543501;7
23.6107299;-1.593619823;2.244467735;10.15513897;23.61872365;-1.513570189;0.1853974611;0.2956585586;7
23.61283183;-1.493121386;2.215753794;10.38006496;23.62082558;-1.514791965;0.2134972364;0.3103193045;7
23.61493376;-1.35912323;2.187039852;10.60499001;23.62292745;-1.512348533;0.239153564;0.3213148713;7
23.61703568;-1.205982566;2.163111687;10.85384369;23.62502943;-1.503796339;0.2587012351;0.3274235129;7
23.61913761;-1.033699393;2.134397745;11.11705399;23.62713131;-1.492800832;0.2794706225;0.3310887218;7
23.62123954;-0.8518448472;2.086541414;11.39462185;23.62923324;-1.481805205;0.2941313982;0.3274235129;7
23.62334141;-0.6556333899;2.053041935;11.62433243;23.63133521;-1.464701056;0.3075704277;0.3237583339;7
23.62544339;-0.4785645306;2.000399828;11.85404301;23.63343709;-1.447596788;0.3173442483;0.3176496923;7
23.62754527;-0.3206382394;1.942971945;12.02632618;23.63553902;-1.434157729;0.3258963525;0.3078758419;7
23.62964719;-0.1674975902;1.880758643;12.18425274;23.63764094;-1.414610147;0.3368919194;0.2956585586;7
23.63174917;-0.04785645381;1.794616938;12.35175037;23.63974287;-1.399949312;0.3442223072;0.2822195292;7
23.63385105;0.04307080805;1.751546144;12.42832088;23.6418448;-1.386510372;0.3503309488;0.2687804997;7
23.63595298;0.1244267747;1.727617979;12.53360462;23.64394667;-1.375514746;0.3552178741;0.2516762912;7
23.6380549;0.1866401732;1.713261008;12.61017513;23.64604865;-1.364519238;0.3527744114;0.2370155305;7
23.64015683;0.2105683982;1.689332843;12.65324593;23.64815058;-1.355967045;0.351552695;0.2186895907;7
23.64225876;0.2440679073;1.679761529;12.71545982;23.65025251;-1.348636746;0.3491092324;0.2003636509;7
23.64436063;0.2775674164;1.689332843;12.76331615;23.65235438;-1.343749762;0.3405571282;0.1783725172;7
23.64646261;0.3254238665;1.679761529;12.79202938;23.65445631;-1.341306329;0.3271180987;0.1563813835;7
23.64856454;0.3637090325;1.670190215;12.83031464;23.65655824;-1.33764112;0.3149007857;0.1331685185;7
23.65066646;0.3780659735;1.655833244;12.86381435;23.65866016;-1.335197687;0.3002400398;0.109955661;7
23.65276834;0.3780659735;1.622333765;12.91645622;23.66076209;-1.330310822;0.2819140851;0.086742796;7
23.65487027;0.3302095234;1.588834286;12.96431351;23.66286402;-1.326645613;0.2660316229;0.06475166976;7
23.65697219;0.2727817893;1.536192179;13.04088306;23.66496594;-1.319315195;0.2452622056;0.04276053607;7
23.65907412;0.2009970993;1.497906923;13.11266804;23.66706787;-1.313206553;0.2232710719;0.02199113183;7
23.66117605;0.09571290761;1.450050473;13.18923855;23.66916975;-1.303432703;0.2000582218;0.0;7
23.66327798;-0.009571290575;1.430907965;13.25623703;23.67127167;-1.289993644;0.1792888194;-0.01954767294;7
23.6653799;-0.1292124242;1.387837172;13.31845093;23.6733736;-1.277776361;0.158519417;-0.03543015569;7
23.66748183;-0.2392822653;1.368694544;13.39502144;23.67547553;-1.260672212;0.1304196268;-0.05131264031;7
23.6695837;-0.3541377485;1.368694544;13.48594856;23.67757745;-1.24478972;0.105985038;-0.06108647957;7
23.67168563;-0.4354937077;1.383051515;13.56251907;23.67967938;-1.228907228;0.07788526267;-0.06963858753;7
23.67378756;-0.5312066078;1.445264935;13.65823174;23.68178131;-1.210581303;0.05589412898;-0.073303774;7
23.67588949;-0.6173482537;1.483550072;13.73001671;23.68388324;-1.192255378;0.03390299529;-0.07574722916;7
23.67799141;-0.70348984;1.526620865;13.7539444;23.68598516;-1.172707677;0.01802051067;-0.07574722916;7
23.68009334;-0.7800601721;1.555334687;13.74437332;23.68808709;-1.154381752;0.01069013402;-0.073303774;7
23.68219527;-0.8183453679;1.564906001;13.73480225;23.69018902;-1.131168842;0.009468403645;-0.07086031139;7
23.68429719;-0.8327022791;1.555334687;13.73480225;23.69229094;-1.111621141;0.0131335929;-0.06475166976;7
23.68639912;-0.837487936;1.531406522;13.70608807;23.69439282;-1.089630008;0.02290742844;-0.05864302069;7
23.68850105;-0.8327022791;1.526620865;13.70130253;23.6964948;-1.063973784;0.03634645417;-0.05375609919;7
23.69060298;-0.8183453679;1.497906923;13.70608807;23.69859667;-1.041982651;0.05955931544;-0.04764745384;7
23.6927049;-0.7944171429;1.45483613;13.6534462;23.70069865;-1.019991517;0.0852156356;-0.04276053607;7
23.69480678;-0.760917604;1.411765337;13.63908863;23.70280053;-0.995556891;0.1145371497;-0.036651887;7
23.69690876;-0.7226324677;1.392622828;13.61994648;23.70490245;-0.9711222649;0.1487455666;-0.03176496923;7
23.69901063;-0.70348984;1.411765337;13.54337597;23.70700438;-0.9479094148;0.1853974611;-0.0268780496;7
23.70111261;-0.6604190469;1.402194023;13.45244884;23.70910631;-0.9283617735;0.2269362658;-0.01954767294;7
23.70321448;-0.650847733;1.383051515;13.40459251;23.71120818;-0.910035789;0.2684750557;-0.009773836471;7
23.70531641;-0.6556333899;1.387837172;13.328022;23.71331016;-0.8917098641;0.3124573231;0.001221729559;7
23.70741834;-0.6652047038;1.402194023;13.23709488;23.71541209;-0.8758273721;0.3588830531;0.01710421406;7
23.70952027;-0.732203722;1.411765337;13.18445301;23.71751396;-0.85994488;0.401643604;0.036651887;7
23.71162214;-0.837487936;1.440479279;13.13659668;23.71961589;-0.8465058804;0.4419606626;0.05619955808;7
23.71372412;-0.9379864931;1.473978758;13.09831142;23.72171782;-0.8342885971;0.4798342884;0.07941242307;7
23.71582605;-1.033699393;1.497906923;13.10309696;23.72381975;-0.8220712543;0.5079340935;0.1026252806;7
23.71792792;-1.100698471;1.512263894;13.11266804;23.72592167;-0.8122974634;0.5348120928;0.1258381456;7
23.72002985;-1.162911773;1.512263894;13.11266804;23.7280236;-0.802523613;0.5519163013;0.1490510106;7
23.72213178;-1.201196909;1.526620865;13.11745358;23.73012553;-0.7988584042;0.5629118681;0.1710421443;7
23.7242337;-1.220339537;1.50269258;13.1078825;23.73222745;-0.7951932549;0.5641336441;0.1930332631;7
23.72633563;-1.21555388;1.50269258;13.10309696;23.73432938;-0.7939714789;0.5592467189;0.2125809491;7
23.72843756;-1.191625714;1.469193101;13.06959724;23.73643126;-0.7976366878;0.548251152;0.2296851575;7
23.73053948;-1.158126116;1.45483613;13.06959724;23.73853324;-0.802523613;0.5274817348;0.243124187;7
23.73264141;-1.13419795;1.411765337;13.05524063;23.74063511;-0.809853971;0.5079340935;0.2565632164;7
23.73474334;-1.110269666;1.387837172;13.04088306;23.74273709;-0.817184329;0.4834994674;0.2675587833;7
23.73684521;-1.091127157;1.35912323;13.06481171;23.74483896;-0.8269581795;0.4529562294;0.2773326039;7
23.73894719;-1.043270707;1.316052437;13.05524063;23.74694089;-0.8355103135;0.4199695289;0.2858847082;7
23.74104907;-1.028913736;1.301695466;13.11266804;23.74904282;-0.8440623879;0.3796524704;0.293215096;7
23.74315105;-0.9954141974;1.306481123;13.16052437;23.75114475;-0.8538362384;0.335670203;0.2981020212;7
23.74525292;-0.94277215;1.277767301;13.2083807;23.75324667;-0.8648318052;0.2880227566;0.3005454838;7
23.74735485;-0.8805587292;1.244267821;13.28495121;23.7553486;-0.8721621633;0.239153564;0.3017672002;7
23.74945678;-0.8183453679;1.1820544;13.35673618;23.75745053;-0.8770490885;0.1853974611;0.3017672002;7
23.7515587;-0.732203722;1.076770186;13.43330669;23.7595524;-0.8856012225;0.1291978955;0.2981020212;7
23.75366063;-0.626919508;0.9810572863;13.51944828;23.76165438;-0.8880446553;0.07177661359;0.2919933498;7
23.75576256;-0.5934200287;0.8853443861;13.6103754;23.76375626;-0.8880446553;0.01069013402;0.2883281708;7
23.75786449;-0.5168496966;0.7704889178;13.67737389;23.76585818;-0.8880446553;-0.04917461425;0.2797760665;7
23.75996636;-0.4450650215;0.6604190469;13.76351547;23.76796011;-0.8880446553;-0.1102610901;0.2700022459;7
23.76206834;-0.3684946895;0.5647061467;13.84008598;23.77006204;-0.8794925809;-0.1725693047;0.2577849329;7
23.76417021;-0.2584248483;0.5120640397;13.92622757;23.77216396;-0.8709404469;-0.2336557806;0.2443459183;7
23.76627214;-0.1292124242;0.4498506486;14.02194023;23.77426589;-0.8587231636;-0.29352054;0.2284634262;7
23.76837407;0.0;0.3924229145;14.10329628;23.77636782;-0.8416189551;-0.347276628;0.2101374865;7
23.770476;0.1244267747;0.3206382394;14.18465233;23.77846975;-0.8245147467;-0.3924806118;0.1893680841;7
23.77257792;0.2440679073;0.2967100143;14.28515148;23.78057167;-0.8037453294;-0.4352411628;0.1673769504;7
23.77467985;0.3493520916;0.2632105052;14.3569355;23.7826736;-0.7793107629;-0.4670061171;0.1429423541;7
23.77678178;0.4737788737;0.2297109663;14.42393494;23.78477548;-0.7512109876;-0.4914407134;0.1185077652;7
23.7788837;0.5934200287;0.2057827413;14.48136234;23.7868774;-0.7194460034;-0.5085449219;0.09162971377;7
23.78098563;0.6891329288;0.2105683982;14.51007652;23.78897933;-0.6864593029;-0.5170970559;0.06475166976;7
23.78308756;0.7992027402;0.2201396823;14.55314732;23.79108126;-0.6534726024;-0.5244274139;0.036651887;7
23.78518943;0.890130043;0.2105683982;14.57707596;23.79318318;-0.6204859018;-0.5219839811;0.008552107029;7
23.78729136;0.9667003751;0.2249253243;14.58664703;23.79528511;-0.5862774849;-0.5109884143;-0.01710421406;7
23.78939329;1.024128079;0.2153540403;14.56271839;23.79738704;-0.5471821427;-0.497549355;-0.04153880477;7
23.79149521;1.043270707;0.1962114573;14.52443314;23.79948896;-0.509308517;-0.4816668928;-0.06352993846;7
23.79359714;1.048056364;0.1914258152;14.49093437;23.80159089;-0.4702131748;-0.4608974755;-0.08307760954;7
23.79569907;1.019342422;0.1914258152;14.49571991;23.80369282;-0.4298960865;-0.4389063418;-0.1026252806;7
23.797801;1.004985452;0.2249253243;14.50529099;23.80579475;-0.3859138191;-0.4120282829;-0.1209512278;7
23.79990292;0.94277215;0.2201396823;14.49571991;23.80789667;-0.3455967605;-0.3827067912;-0.1331685185;7
23.80200485;0.8614161611;0.2440679073;14.43829155;23.80999855;-0.3052796721;-0.3533852696;-0.146607548;7
23.80410678;0.7752745152;0.2871387303;14.38086414;23.81210048;-0.26618433;-0.3240637779;-0.1576031148;7
23.8062087;0.6987041831;0.3206382394;14.27557945;23.8142024;-0.2270889878;-0.2922987938;-0.1637117565;7
23.80831063;0.5982056856;0.3732803464;14.15115356;23.81630433;-0.192880556;-0.2593120933;-0.169820413;7
23.81041251;0.5264210105;0.4402793646;14.00758362;23.81840626;-0.1623373181;-0.2251036763;-0.1710421443;7
23.81251443;0.4594219327;0.5216353536;13.79222965;23.82050818;-0.1342375278;-0.1872300506;-0.169820413;7
23.81461636;0.3684946895;0.5886343718;13.5912323;23.82261011;-0.1122464016;-0.150578171;-0.1649334878;7
23.81671829;0.2823530734;0.708275497;13.34237862;23.82471204;-0.09514218569;-0.1078176349;-0.1563813835;7
23.81882021;0.2105683982;0.813559711;13.06002617;23.82681396;-0.08292489499;-0.06505709887;-0.1453858167;7
23.82092214;0.1052841991;0.9379864931;12.79681587;23.82891589;-0.07559451461;-0.02107483521;-0.1331685185;7
23.82302407;-0.0239282269;1.076770186;12.52881908;23.83101782;-0.07681624591;0.01924224012;-0.1160643101;7
23.825126;-0.1292124242;1.210768223;12.26560879;23.83311975;-0.08170316368;0.05955931544;-0.09896009415;7
23.82722792;-0.2488535494;1.306481123;12.05504036;23.83522162;-0.09147699922;0.1010981202;-0.07696896046;7
23.82932985;-0.3493520916;1.402194023;11.83490086;23.83732355;-0.1049160287;0.1414151937;-0.0549778305;7
23.83143178;-0.4307080805;1.507478237;11.65304661;23.83942548;-0.1207985133;0.1731801629;-0.03298669681;7
23.8335337;-0.4929214716;1.564906001;11.48554897;23.8415274;-0.1415679157;0.2049451321;-0.01099556591;7
23.83563558;-0.5407779217;1.622333765;11.34676456;23.84362933;-0.1611155868;0.2306014597;0.01099556591;7
23.83773751;-0.5599204898;1.665404558;11.18405342;23.84573126;-0.1843284518;0.2574795187;0.03176496923;7
23.83983943;-0.5455635786;1.727617979;11.12183952;23.84783318;-0.2087630332;0.2758054435;0.05131264031;7
23.84194136;-0.5264210105;1.737189293;11.10748291;23.84993506;-0.2295324355;0.2916879356;0.06841685623;7
23.84404329;-0.4929214716;1.765903115;11.09312534;23.85203704;-0.2490801066;0.2977965772;0.08307760954;7
23.84614521;-0.4498506486;1.751546144;11.14576817;23.85413891;-0.269849509;0.3039052188;0.09651663154;7
23.84824714;-0.4019941986;1.756331801;11.14576817;23.85624084;-0.2906189263;0.3014617562;0.1062904745;7
23.85034902;-0.3684946895;1.722832322;11.19841003;23.85834277;-0.3101665974;0.292909652;0.1111773923;7
23.852451;-0.3014956415;1.698904037;11.26062298;23.86044469;-0.3272708058;0.2794706225;0.1172860414;7
23.85455287;-0.2344966233;1.651047587;11.33240795;23.86254662;-0.3468184769;0.2574795187;0.1197294965;7
23.8566548;-0.1770688742;1.574477315;11.40897846;23.86464855;-0.3602575064;0.2330449075;0.1185077652;7
23.85875673;-0.1148554832;1.512263894;11.52861977;23.86675048;-0.3736965358;0.2000582218;0.1172860414;7
23.86085865;-0.0382851623;1.440479279;11.65783215;23.8688524;-0.3883572817;0.16584979;0.1123991162;7
23.86296058;0.0382851623;1.354337573;11.78225899;23.87095433;-0.3981311321;0.1304196268;0.1062904745;7
23.86506251;0.1244267747;1.26341033;11.92582798;23.87305626;-0.4030180275;0.09376774728;0.09651663154;7
23.86716443;0.2057827413;1.1820544;12.08854008;23.87515813;-0.4079049528;0.05345066637;0.08429934084;7
23.86926636;0.3014956415;1.081555843;12.22732353;23.87726011;-0.409126699;0.01557705179;0.06841685623;7
23.87136829;0.4211367965;0.9810572863;12.38046455;23.87936199;-0.4066832364;-0.02718348242;0.04886918142;7
23.87347021;0.5455635786;0.8757730722;12.54317665;23.88146391;-0.4005745649;-0.07238747925;0.02932151034;7
23.87557209;0.6604190469;0.7704889178;12.74417305;23.88356584;-0.3908007443;-0.1200349256;0.006108647678;7
23.87767407;0.756131947;0.6747759581;12.91645622;23.88566777;-0.3736965358;-0.1627954692;-0.01954767294;7
23.87977594;0.8327022791;0.5838487148;13.1078825;23.88776969;-0.3565923274;-0.2079994529;-0.04642572254;7
23.88187787;0.8853443861;0.4785645306;13.28016567;23.88987162;-0.3346011937;-0.2495382577;-0.07086031139;7
23.8839798;0.9284151793;0.3972085714;13.45244884;23.89197355;-0.3077231348;-0.2886336148;-0.09773836285;7
23.88608172;0.9379864931;0.3110669553;13.60080433;23.89407542;-0.2796233594;-0.3277289569;-0.1221729591;7
23.88818365;0.9379864931;0.2249253243;13.76351547;23.89617735;-0.2515235841;-0.3607156575;-0.146607548;7
23.89028558;0.94277215;0.1435693651;13.88315678;23.89827928;-0.2197586;-0.3924806118;-0.1710421443;7
23.89238751;0.9092726111;0.09571290761;13.95015621;23.9003812;-0.1867718995;-0.4205803871;-0.1930332631;7
23.89448938;0.8805587292;0.04785645381;13.97886944;23.90248313;-0.1525634825;-0.4425715208;-0.2150243968;7
23.89659131;0.8518448472;0.0143569354;13.98844147;23.90458506;-0.1183550507;-0.4560105503;-0.2321286201;7
23.89869324;0.813559711;0.004785645287;13.94537067;23.90668698;-0.08292489499;-0.4645626545;-0.2492328286;7
23.90079516;0.7752745152;0.0239282269;13.90708542;23.90878891;-0.05115992576;-0.4657844007;-0.2663370371;7
23.90289709;0.7369893789;0.04785645381;13.84487152;23.91089084;-0.01939495653;-0.4621191919;-0.2773326039;7
23.90499902;0.6939185858;0.08614161611;13.7539444;23.91299277;0.01237001177;-0.4523453712;-0.289549917;7
23.90710094;0.650847733;0.1483550072;13.62951756;23.91509469;0.03924806044;-0.4340194166;-0.2981020212;7
23.90920287;0.5934200287;0.2201396823;13.46201992;23.91719662;0.06734783947;-0.4120282829;-0.3054323792;7
23.9113048;0.5359922647;0.2536391914;13.26580906;23.9192985;0.09056070447;-0.3851502538;-0.3103193045;7
23.91340672;0.4737788737;0.3158525825;13.0887394;23.92140048;0.1125518382;-0.3558287323;-0.3127627671;7
23.91550865;0.4019941986;0.3637090325;12.90688515;23.92350235;0.1296560466;-0.3265072107;-0.3127627671;7
23.91761058;0.3254238665;0.4354937077;12.67238903;23.92560428;0.1479819864;-0.297185719;-0.3103193045;7
23.91971245;0.2344966233;0.4977070987;12.47139168;23.9277062;0.1589775532;-0.2641990185;-0.3078758419;7
23.92181443;0.1579262912;0.5551348329;12.23689461;23.92980813;0.1724165827;-0.2348775119;-0.3017672002;7
23.92391631;0.06221338734;0.6077769399;12.03589821;23.93191006;0.1797469556;-0.2055560052;-0.2956585586;7
23.92601824;-0.0239282269;0.6604190469;11.83011532;23.93401198;0.1858556122;-0.1750127524;-0.289549917;7
23.92812016;-0.1052841991;0.7178468108;11.62911797;23.93611391;0.1895207912;-0.1444695145;-0.2834412456;7
23.93022209;-0.1770688742;0.756131947;11.41854954;23.93821579;0.1919642538;-0.113926284;-0.2761108875;7
23.93232402;-0.2679961324;0.7992027402;11.2510519;23.94031777;0.1956294477;-0.08093958348;-0.2663370371;7
23.93442594;-0.3302095234;0.8422735929;11.08355427;23.94241964;0.1956294477;-0.05283980444;-0.2516762912;7
23.93652787;-0.4402793646;0.8757730722;10.93998528;23.94452157;0.1919642538;-0.02474002354;-0.2370155305;7
23.93862975;-0.5359922647;0.94277215;10.82034397;23.9466235;0.1882990748;0.0009162971983;-0.219911322;7
23.94073173;-0.6364908218;0.9762716293;10.69113159;23.94872542;0.1821904182;0.02290742844;-0.2003636509;7
23.9428336;-0.760917604;1.043270707;10.56670475;23.95082735;0.173638314;0.04489856213;-0.1795942485;7
23.94493553;-0.8757730722;1.0863415;10.4279213;23.95292928;0.1614210159;0.07055488229;-0.1576031148;7
23.94703745;-0.9906286001;1.158126116;10.27956581;23.9550312;0.1528689116;0.09376774728;-0.1343902498;7
23.94913938;-1.043270707;1.1820544;10.15513897;23.95713313;0.1443168074;0.1182023361;-0.1123991162;7
23.95124131;-1.091127157;1.205982566;10.04985523;23.95923506;0.1345429718;0.1414151937;-0.08918625861;7
23.95334324;-1.13419795;1.234696507;9.982855797;23.96133699;0.1259908676;0.16584979;-0.06719512492;7
23.95544516;-1.13419795;1.239482164;9.95414257;23.96343891;0.1162170246;0.1841757298;-0.04642572254;7
23.95754709;-1.148554921;1.26341033;9.939785004;23.96554079;0.1076649204;0.2000582218;-0.02809977904;7
23.95964902;-1.172483087;1.268195987;9.891928673;23.96764271;0.1015562713;0.2134972364;-0.009773836471;7
23.96175094;-1.158126116;1.277767301;9.906285286;23.96974464;0.08933897316;0.2196058929;0.006108647678;7
23.96385287;-1.153340459;1.287338614;9.868000984;23.97184657;0.08200860023;0.2232710719;0.02076940238;7
23.96595475;-1.13419795;1.277767301;9.858428955;23.9739485;0.07101303339;0.2196058929;0.03176496923;7
23.96805667;-1.100698471;1.244267821;9.844072342;23.97605042;0.06368265301;0.2147189677;0.04398226365;7
23.9701586;-1.0863415;1.220339537;9.844072342;23.97815235;0.05268708616;0.2049451321;0.05375609919;7
23.97226053;-1.03848505;1.177268744;9.839286804;23.98025428;0.04291325063;0.1939495653;0.06108647957;7
23.97436245;-1.009771109;1.11984098;9.829715729;23.9823562;0.0294742249;0.1805105358;0.06719512492;7
23.97646438;-0.9714859724;1.067198873;9.824930191;23.98445808;0.01725693047;0.16584979;0.073303774;7
23.97856631;-0.9236295223;1.004985452;9.786644936;23.98656001;0.006261364091;0.1499672979;0.07696896046;7
23.98066824;-0.8566305041;0.9284151793;9.762716293;23.98866198;-0.005955931731;0.1328630894;0.07819069177;7
23.98277016;-0.813559711;0.8709874153;9.724431038;23.99076386;-0.01817322709;0.1096502244;0.07941242307;7
23.98487204;-0.7752745152;0.7944171429;9.695717812;23.99286579;-0.02916879393;0.09132428467;0.07941242307;7
23.98697396;-0.756131947;0.7465606928;9.705288887;23.99496771;-0.04138609022;0.07055488229;0.08063415438;7
23.98907594;-0.70348984;0.70348984;9.710074425;23.99706964;-0.05115992576;0.0485637486;0.08063415438;7
23.99117782;-0.6843472719;0.6939185858;9.724431038;23.99917157;-0.0621554926;0.021685699;0.08063415438;7
23.99327975;-0.6652047038;0.6699903607;9.781859398;24.0012735;-0.06704241037;-0.005192350596;0.08185587823;7
23.99538167;-0.650847733;0.650847733;9.815358162;24.00337542;-0.07315105945;-0.03573558852;0.08185587823;7
23.9974836;-0.6125625968;0.6317051649;9.901499748;24.0054773;-0.07681624591;-0.06627883017;0.08185587823;7
23.99958553;-0.5934200287;0.5934200287;9.963713646;24.00757928;-0.08048143238;-0.0968220681;0.08185587823;7
24.00168745;-0.5790630579;0.5551348329;10.06899738;24.00968115;-0.08170316368;-0.127365306;0.08307760954;7
24.00378938;-0.5886343718;0.4977070987;10.16949654;24.01178308;-0.07803797722;-0.1554650813;0.08063415438;7
24.00589126;-0.6077769399;0.4307080805;10.27478027;24.01388501;-0.07681624591;-0.1823431402;0.08063415438;7
24.00799324;-0.6173482537;0.3589234054;10.40877819;24.01598693;-0.06948586553;-0.2055560052;0.07696896046;7
24.01009511;-0.6029912829;0.2775674164;10.52363396;24.01808886;-0.05849030241;-0.2312123179;0.0745255053;7
24.01219704;-0.5886343718;0.1914258152;10.65284634;24.02019079;-0.04505127668;-0.2519817352;0.06841685623;7
24.01429896;-0.5359922647;0.1292124242;10.74377346;24.02229271;-0.03283398226;-0.2751945853;0.06230820715;7
24.01640089;-0.4689932466;0.05264209956;10.83948612;24.02439459;-0.01328630932;-0.2947422564;0.0549778305;7
24.01850282;-0.3924229145;-0.0143569354;10.93519974;24.02649657;0.002596175298;-0.3130682111;0.04764745384;7
24.02060475;-0.3254238665;-0.0765703246;10.99262714;24.0285985;0.0209221188;-0.331394136;0.036651887;7
24.02270667;-0.2440679073;-0.1435693651;11.02612686;24.03070037;0.04046979174;-0.343611449;0.02565632015;7
24.02480855;-0.1770688742;-0.1914258152;11.01655579;24.03280235;0.06001746282;-0.3521635532;0.01466075517;7
24.02691053;-0.1244267747;-0.2057827413;11.00698376;24.03490423;0.07834340632;-0.3594939113;0.003665188793;7
24.02901245;-0.07178468257;-0.2249253243;10.95912743;24.03700615;0.09544762224;-0.3619373739;-0.007330377586;7
24.03111433;-0.0239282269;-0.2249253243;10.89691448;24.03910808;0.1088866442;-0.3594939113;-0.01710421406;7
24.03321631;0.03349951655;-0.2344966233;10.83948612;24.04121001;0.1223256737;-0.3533852696;-0.02443459071;7
24.03531818;0.0765703246;-0.1866401732;10.73420238;24.04331193;0.1357647032;-0.343611449;-0.03298669681;7
24.03742011;0.1052841991;-0.1579262912;10.62891865;24.04541386;0.14676027;-0.3277289569;-0.03909534588;7
24.03952204;0.1148554832;-0.1387837082;10.51884842;24.04751579;0.1540906429;-0.3081812859;-0.04276053607;7
24.04162396;0.1244267747;-0.1100698411;10.3848505;24.04961771;0.1638644785;-0.2861901522;-0.04642572254;7
24.04372589;0.1387837082;-0.07178468257;10.28913784;24.05171964;0.1699731201;-0.2580903769;-0.04520399496;7
24.04582782;0.1244267747;-0.0382851623;10.12642574;24.05382152;0.173638314;-0.2324340492;-0.04642572254;7
24.04792975;0.1100698411;-0.0143569354;10.02592659;24.05592344;0.1797469556;-0.2055560052;-0.04642572254;7
24.05003167;0.09092725813;0.01914258115;9.911071777;24.05802542;0.1858556122;-0.1786779463;-0.04520399496;7
24.0521336;0.09571290761;0.05264209956;9.801001549;24.0601273;0.1895207912;-0.1579085439;-0.04764745384;7
24.05423548;0.1196411327;0.08135596663;9.7196455;24.06222923;0.1907425225;-0.1359174103;-0.04764745384;7
24.0563374;0.1292124242;0.1100698411;9.643074989;24.06433115;0.1919642538;-0.1151480079;-0.04764745384;7
24.05843938;0.1483550072;0.1387837082;9.537791252;24.06643308;0.1919642538;-0.0968220681;-0.05131264031;7
24.06054126;0.1818545163;0.1531406492;9.446864128;24.06853501;0.1907425225;-0.07727439702;-0.05131264031;7
24.06264318;0.2153540403;0.1579262912;9.327222824;24.07063693;0.1919642538;-0.0601701811;-0.05619955808;7
24.06474511;0.2392822653;0.1818545163;9.20758152;24.07273886;0.1846338809;-0.04550942779;-0.05864302069;7
24.06684704;0.2584248483;0.2057827413;9.073583603;24.07484074;0.1760817766;-0.02962694131;-0.06352993846;7
24.06894896;0.2727817893;0.2344966233;8.949156761;24.07694271;0.1663079411;-0.01496618707;-0.06719512492;7
24.07105089;0.2871387303;0.2536391914;8.776873589;24.07904459;0.1528689116;-0.003970621154;-0.06841685623;7
24.07315282;0.2871387303;0.2727817893;8.638090134;24.08114652;0.1357647032;0.009468403645;-0.073303774;7
24.07525469;0.2584248483;0.3110669553;8.484949112;24.08324844;0.1174387559;0.01679878123;-0.073303774;7
24.07735667;0.2201396823;0.3206382394;8.350951195;24.08535037;0.09666935354;0.02657261863;-0.0745255053;7
24.07945855;0.2057827413;0.3349951804;8.202595711;24.0874523;0.07467821985;0.03268126398;-0.07696896046;7
24.08156048;0.1818545163;0.3541377485;8.097311974;24.08955422;0.05146535859;0.04001164436;-0.07574722916;7
24.0836624;0.1435693651;0.3541377485;7.982456207;24.09165615;0.02703076601;0.04489856213;-0.07574722916;7
24.08576433;0.09092725813;0.3684946895;7.886743546;24.09375808;0.001374445739;0.05345066637;-0.07941242307;7
24.08786626;0.04307080805;0.3876372576;7.8341012;24.09586001;-0.02183841541;0.06444623321;-0.08185587823;7
24.08996818;0.009571290575;0.4019941986;7.791030407;24.09796193;-0.0438295491;0.07544180006;-0.08307760954;7
24.09207011;-0.004785645287;0.4163511395;7.747959614;24.10006381;-0.06704241037;0.08155044913;-0.08063415438;7
24.09417204;-0.01914258115;0.4450650215;7.724031448;24.10216579;-0.08414662629;0.08888082206;-0.0745255053;7
24.09627396;-0.06699903309;0.4594219327;7.781459332;24.10426766;-0.1024725661;0.09498947114;-0.06719512492;7
24.09837589;-0.1292124242;0.4881358147;7.805387497;24.10636959;-0.1207985133;0.09987638891;-0.05864302069;7
24.10047777;-0.2105683982;0.5024927258;7.877171993;24.10847152;-0.1342375278;0.1047633067;-0.04764745384;7
24.10257975;-0.3014956415;0.4881358147;7.958528042;24.11057344;-0.1488982886;0.1108719558;-0.04031707719;7
24.10468162;-0.3828516304;0.4737788737;8.00638485;24.11267537;-0.1586721241;0.1182023361;-0.03054323979;7
24.10678355;-0.4402793646;0.4594219327;8.097311974;24.1147773;-0.1672242284;0.1243109852;-0.02199113183;7
24.10888548;-0.4929214716;0.4402793646;8.202595711;24.11687917;-0.169667691;0.1291978955;-0.01466075517;7
24.1109874;-0.5168496966;0.4019941986;8.341380119;24.11898115;-0.1733328849;0.1328630894;-0.004886918236;7
24.11308933;-0.5120640397;0.3924229145;8.494520187;24.12108308;-0.1708894223;0.1340848207;0.001221729559;7
24.11519126;-0.5168496966;0.3732803464;8.652446747;24.12318495;-0.169667691;0.1365282834;0.007330377586;7
24.11729313;-0.5359922647;0.3637090325;8.824729919;24.12528688;-0.1623373181;0.1365282834;0.01221729536;7
24.11939511;-0.5455635786;0.3302095234;9.00179863;24.12738881;-0.1537852138;0.1365282834;0.01710421406;7
24.12149704;-0.5599204898;0.2823530734;9.159725189;24.12949074;-0.146454826;0.1365282834;0.01954767294;7
24.12359891;-0.5503492355;0.1914258152;9.303294182;24.13159266;-0.1354592592;0.1316413581;0.02199113183;7
24.12570084;-0.5359922647;0.1196411327;9.456435204;24.13369459;-0.1244636998;0.1243109852;0.02321286127;7
24.12780277;-0.4977070987;0.04307080805;9.547362328;24.13579652;-0.1122464016;0.1182023361;0.02199113183;7
24.12990469;-0.4642075896;-0.02871387079;9.638289452;24.13789844;-0.1000291109;0.1084285006;0.0183259435;7
24.13200662;-0.4163511395;-0.1052841991;9.734002113;24.14000037;-0.09025526792;0.09865466505;0.01588248461;7
24.13410855;-0.4019941986;-0.1627119333;9.791430473;24.1421023;-0.07925970852;0.08765909821;0.01466075517;7
24.13621048;-0.4019941986;-0.2153540403;9.805787086;24.14420423;-0.06826414168;0.07910698652;0.01099556591;7
24.1383124;-0.3972085714;-0.2632105052;9.815358162;24.14630615;-0.05971203372;0.07055488229;0.007330377586;7
24.14041433;-0.4115654826;-0.2871387303;9.801001549;24.14840803;-0.05360338464;0.06444623321;0.006108647678;7
24.14251626;-0.4307080805;-0.3110669553;9.772287369;24.15050995;-0.04749473557;0.05833758786;0.003665188793;7
24.14461818;-0.4354937077;-0.3014956415;9.757930756;24.15261188;-0.04138609022;0.05222893879;0.001221729559;7
24.14672011;-0.4450650215;-0.2919243574;9.738788605;24.15471381;-0.03649916872;0.04612028971;0.001221729559;7
24.14882198;-0.4402793646;-0.2536391914;9.710074425;24.15681574;-0.03405570984;0.03756818548;0.001221729559;7
24.15092391;-0.4259224236;-0.2297109663;9.647860527;24.15891766;-0.03283398226;0.03268126398;0.0;7
24.15302584;-0.4307080805;-0.1770688742;9.580862045;24.16101959;-0.03405570984;0.02779434808;0.0;7
24.15512777;-0.4259224236;-0.1244267747;9.528220177;24.16312146;-0.03405570984;0.021685699;0.001221729559;7
24.15722969;-0.4115654826;-0.0765703246;9.456435204;24.16522344;-0.03649916872;0.01557705179;0.003665188793;7
24.15933162;-0.3972085714;-0.03349951655;9.360722542;24.16732532;-0.04138609022;0.01191186346;0.004886918236;7
24.16143355;-0.4163511395;-0.004785645287;9.288937569;24.16942725;-0.04871646687;0.005803215317;0.004886918236;7
24.16353542;-0.4115654826;0.0382851623;9.2362957;24.17152917;-0.05604684353;0.005803215317;0.008552107029;7
24.1656374;-0.4115654826;0.06221338734;9.131011009;24.1736311;-0.0621554926;0.0033597562;0.009773836471;7
24.16773928;-0.3972085714;0.0765703246;9.068798065;24.17573303;-0.07192932814;0.0009162971983;0.01099556591;7
24.1698412;-0.3924229145;0.09571290761;9.035298347;24.17783495;-0.08292489499;0.0009162971983;0.0134390248;7
24.17194313;-0.3876372576;0.1196411327;8.987442017;24.17993688;-0.09269873053;0.0009162971983;0.0134390248;7
24.17404506;-0.3828516304;0.1244267747;8.97308445;24.18203881;-0.1000291109;0.0009162971983;0.01588248461;7
24.17614699;-0.3637090325;0.1387837082;8.968298912;24.18414074;-0.1122464016;0.0009162971983;0.01710421406;7
24.17824891;-0.3541377485;0.1483550072;8.977870941;24.18624261;-0.1220202371;0.002138026757;0.0183259435;7
24.18035084;-0.3541377485;0.1579262912;8.958727837;24.18834459;-0.1317940801;0.008246674202;0.0183259435;7
24.18245277;-0.3493520916;0.1627119333;8.977870941;24.19044646;-0.1403461844;0.01069013402;0.01954767294;7
24.18455469;-0.3445664644;0.1674975902;8.97308445;24.19254839;-0.1501200199;0.01679878123;0.02076940238;7
24.18665657;-0.3541377485;0.1674975902;9.011369705;24.19465032;-0.1586721241;0.02290742844;0.02565632015;7
24.18875855;-0.3637090325;0.1722832322;9.035298347;24.19675225;-0.1672242284;0.02901607752;0.02809977904;7
24.19086042;-0.3780659735;0.1914258152;9.083154678;24.19885417;-0.1745546162;0.03390299529;0.03054323979;7
24.19296235;-0.3828516304;0.1818545163;9.131011009;24.2009561;-0.1831067204;0.03634645417;0.03420842811;7
24.19506428;-0.3924229145;0.2009970993;9.154939651;24.20305803;-0.1892153621;0.04123337194;0.03787361458;7
24.1971662;-0.3828516304;0.2249253243;9.20758152;24.20515995;-0.1965457499;0.05100720748;0.04398226365;7
24.19926813;-0.3972085714;0.2057827413;9.265008926;24.20726188;-0.2002109289;0.06200277433;0.05009091273;7
24.20137006;-0.4163511395;0.2009970993;9.332008362;24.20936381;-0.2014326602;0.07544180006;0.0549778305;7
24.20347198;-0.4115654826;0.2105683982;9.408578873;24.21146568;-0.2063195854;0.08765909821;0.05986474827;7
24.20557391;-0.4067798555;0.2153540403;9.523433685;24.21356761;-0.2075413018;0.09987638891;0.06475166976;7
24.20767584;-0.4163511395;0.2249253243;9.633503914;24.21566954;-0.2063195854;0.1133154184;0.06841685623;7
24.20977777;-0.4067798555;0.2584248483;9.724431038;24.21777146;-0.2038761228;0.1230892539;0.0745255053;7
24.21187964;-0.3828516304;0.2632105052;9.84885788;24.21987339;-0.2014326602;0.1304196268;0.0745255053;7
24.21398157;-0.3589234054;0.3062812984;9.930213928;24.22197532;-0.1989891976;0.1340848207;0.07819069177;7
24.2160835;-0.3445664644;0.3349951804;10.04506969;24.22407725;-0.1941022873;0.1377500147;0.08063415438;7
24.21818542;-0.3158525825;0.3349951804;10.12642574;24.22617917;-0.1904370934;0.1365282834;0.08063415438;7
24.22028735;-0.3014956415;0.3254238665;10.25563812;24.2282811;-0.1867718995;0.1328630894;0.08063415438;7
24.22238928;-0.2727817893;0.3110669553;10.33220863;24.23038303;-0.1818849891;0.1255327165;0.08063415438;7
24.2244912;-0.2632105052;0.3349951804;10.43749237;24.2324849;-0.1769980639;0.1157588735;0.07941242307;7
24.22659313;-0.2536391914;0.3349951804;10.54277611;24.23458683;-0.1733328849;0.105985038;0.07941242307;7
24.22869506;-0.2297109663;0.3637090325;10.62891865;24.23668876;-0.169667691;0.09498947114;0.07574722916;7
24.23079698;-0.2105683982;0.3684946895;10.71506023;24.23879068;-0.1660024971;0.08032871783;0.073303774;7
24.23289886;-0.1962114573;0.3972085714;10.76291656;24.24089261;-0.1672242284;0.06811141968;0.06963858753;7
24.23500079;-0.1579262912;0.4307080805;10.8107729;24.24299454;-0.1672242284;0.05467239767;0.06475166976;7
24.23710271;-0.1339980662;0.4594219327;10.85862923;24.24509646;-0.169667691;0.04001164436;0.05986474827;7
24.23920464;-0.1004985496;0.5120640397;10.88255692;24.24719839;-0.1721111536;0.02779434808;0.0549778305;7
24.24130657;-0.0382851623;0.5742774606;10.87777138;24.24930032;-0.1782197952;0.021685699;0.05009091273;7
24.2434085;-0.01914258115;0.6125625968;10.92084217;24.25140219;-0.1831067204;0.01069013402;0.04520399496;7
24.24551042;-0.009571290575;0.650847733;10.99741268;24.25350412;-0.1879936308;0.008246674202;0.04153880477;7
24.24761235;-0.0143569354;0.7178468108;11.07398319;24.25560605;-0.1941022873;0.004581485875;0.03909534588;7
24.24971428;-0.05264209956;0.7992027402;11.17448139;24.25770798;-0.2002109289;-0.0003054323897;0.03909534588;7
24.25181615;-0.1100698411;0.8614161611;11.26062298;24.2598099;-0.2038761228;-0.002748891478;0.04153880477;7
24.25391808;-0.1770688742;0.9236295223;11.36590767;24.26191183;-0.2075413018;-0.006414080039;0.04398226365;7
24.25602001;-0.2488535494;0.9906286001;11.47597694;24.26401376;-0.2136499584;-0.01252272818;0.05009091273;7
24.25812193;-0.3158525825;1.048056364;11.57169056;24.26611568;-0.2173151523;-0.01863137633;0.05742128938;7
24.26022386;-0.3732803464;1.105484009;11.6769743;24.26821761;-0.2246455252;-0.02718348242;0.06475166976;7
24.26232579;-0.3828516304;1.162911773;11.74875927;24.27031948;-0.2307541668;-0.03573558852;0.07208204269;7
24.26442771;-0.3924229145;1.21555388;11.82532978;24.27242146;-0.2356410921;-0.04306596518;0.08063415438;7
24.26652964;-0.3924229145;1.253839016;11.86361504;24.27452339;-0.2405280024;-0.04306596518;0.08918625861;7
24.26863157;-0.4163511395;1.244267821;11.95454216;24.27662532;-0.2441931963;-0.04062250629;0.09896009415;7
24.27073344;-0.4307080805;1.272981644;12.11725426;24.27872725;-0.2490801066;-0.03573558852;0.1087339297;7
24.27283542;-0.4498506486;1.320838094;12.23689461;24.28082912;-0.2490801066;-0.02474002354;0.1209512278;7
24.27493735;-0.4450650215;1.378265858;12.37567902;24.28293105;-0.2503018379;-0.01252272818;0.1307250559;7
24.27703928;-0.4498506486;1.450050473;12.53839111;24.28503298;-0.2490801066;-0.0003054323897;0.1441640854;7
24.2791412;-0.4259224236;1.526620865;12.73938751;24.2871349;-0.2466366589;0.01069013402;0.1539379209;7
24.28124308;-0.4115654826;1.574477315;12.91645622;24.28923683;-0.2417497337;0.02290742844;0.1624900252;7
24.28334501;-0.3924229145;1.607976794;13.13181114;24.29133876;-0.2344193608;0.03268126398;0.169820413;7
24.28544693;-0.3732803464;1.603191137;13.32323647;24.29344068;-0.2283107042;0.04245510325;0.1747073233;7
24.28754886;-0.3397808075;1.612762451;13.56730461;24.29554261;-0.2185368687;0.0485637486;0.1795942485;7
24.28965079;-0.3062812984;1.612762451;13.80180073;24.29764454;-0.2063195854;0.05222893879;0.1808159798;7
24.29175271;-0.2584248483;1.579262972;14.06501102;24.29974641;-0.1941022873;0.0485637486;0.1832594275;7
24.29385464;-0.2249253243;1.55054903;14.30429363;24.30184834;-0.1831067204;0.04123337194;0.1832594275;7
24.29595657;-0.2009970993;1.488335729;14.54836178;24.30395027;-0.1672242284;0.02901607752;0.1808159798;7
24.2980585;-0.1914258152;1.435693622;14.78285789;24.30605219;-0.1501200199;0.0131335929;0.1759290546;7
24.30016037;-0.1483550072;1.368694544;15.01735497;24.30815412;-0.1293506175;0.0009162971983;0.1710421443;7
24.3022623;-0.1292124242;1.268195987;15.28056526;24.31025605;-0.1036942974;-0.01374445762;0.1649334878;7
24.30436422;-0.0765703246;1.1820544;15.52941895;24.31235798;-0.07559451461;-0.02840521187;0.1563813835;7
24.30646615;-0.01914258115;1.11984098;15.75912952;24.31445985;-0.0426078178;-0.04062250629;0.1453858167;7
24.30856808;0.0239282269;1.081555843;16.00798416;24.31656178;-0.005955931731;-0.05283980444;0.1356119812;7
24.31067001;0.08135596663;1.076770186;16.23290825;24.3186637;0.03069595434;-0.06872228533;0.1258381456;7
24.31277193;0.1292124242;1.062413216;16.47697639;24.32076563;0.07101303339;-0.08338304609;0.1123991162;7
24.31487381;0.1627119333;1.052842021;16.64447403;24.32286756;0.1125518382;-0.09560033679;0.1001818255;7
24.31697574;0.2249253243;1.03848505;16.84068489;24.32496948;0.1553123742;-0.1090393662;0.08552107215;7
24.31907766;0.2871387303;1.019342422;16.9172554;24.32707141;0.1992946416;-0.1200349256;0.07208204269;7
24.32117959;0.3684946895;1.024128079;16.99861145;24.32917334;0.2383899838;-0.1346956789;0.05619955808;7
24.32328152;0.4498506486;1.000199914;17.03211212;24.33127527;0.2799287736;-0.1456912458;0.04153880477;7
24.32538344;0.5407779217;1.024128079;17.02254105;24.33337719;0.3178023994;-0.1530216336;0.0268780496;7
24.32748537;0.6125625968;1.048056364;16.99861145;24.33547912;0.3544542789;-0.1603520066;0.01099556591;7
24.3295873;0.6747759581;1.071984529;16.90768433;24.33758105;0.3898844421;-0.1627954692;-0.003665188793;7
24.33168922;0.7369893789;1.110269666;16.85504341;24.33968298;0.4192059636;-0.1664606482;-0.0183259435;7
24.33379115;0.760917604;1.143769264;16.75933075;24.34178485;0.4485274553;-0.1676823795;-0.03176496923;7
24.33589308;0.784845829;1.158126116;16.64447403;24.34388678;0.4729620516;-0.1701258421;-0.04642572254;7
24.33799501;0.7657032609;1.172483087;16.53440475;24.3459887;0.4937314689;-0.1713475734;-0.05864302069;7
24.34009693;0.7657032609;1.177268744;16.35733604;24.34809063;0.5169443488;-0.173791036;-0.07208204269;7
24.34219881;0.7752745152;1.177268744;16.23290825;24.35019256;0.5364919901;-0.173791036;-0.08552107215;7
24.34430074;0.756131947;1.177268744;16.12283897;24.35229448;0.5535961986;-0.1713475734;-0.09651663154;7
24.34640266;0.7178468108;1.201196909;16.0127697;24.35439641;0.570700407;-0.1701258421;-0.1050687432;7
24.34850459;0.6412764788;1.244267821;15.94098473;24.35649834;0.5878046155;-0.1689041108;-0.1136208475;7
24.35060652;0.5647061467;1.301695466;15.87877083;24.35860021;0.6024653912;-0.1713475734;-0.1172860414;7
24.35270844;0.4594219327;1.35912323;15.82612896;24.36070214;0.6171261668;-0.173791036;-0.1197294965;7
24.35481037;0.3541377485;1.435693622;15.80698681;24.36280407;0.6317868829;-0.1811214089;-0.1197294965;7
24.3569123;0.2392822653;1.469193101;15.77827263;24.364906;0.6415607333;-0.1884517819;-0.1160643101;7
24.35901417;0.1292124242;1.545763373;15.73998737;24.36700792;0.6513345838;-0.1994473487;-0.1111773923;7
24.3611161;0.0143569354;1.603191137;15.70648766;24.36910985;0.6586649418;-0.2128863782;-0.1062904745;7
24.36321803;-0.1004985496;1.636690736;15.61077499;24.37121178;0.6647735834;-0.2336557806;-0.09896009415;7
24.36531995;-0.1914258152;1.660618901;15.51506233;24.3733137;0.6672170758;-0.2519817352;-0.09162971377;7
24.36742188;-0.2632105052;1.64626193;15.43849182;24.37541563;0.6672170758;-0.2715294063;-0.08552107215;7
24.36952381;-0.3206382394;1.631905079;15.32363605;24.37751751;0.672104001;-0.2886336148;-0.07696896046;7
24.37162574;-0.3589234054;1.64626193;15.20878029;24.37961943;0.672104001;-0.3094030023;-0.06719512492;7
24.37372766;-0.3924229145;1.694118381;15.11785316;24.38172141;0.6684387922;-0.3277289569;-0.05619955808;7
24.37582959;-0.4067798555;1.746760488;15.04128361;24.38382334;0.6672170758;-0.343611449;-0.04886918142;7
24.37793146;-0.4067798555;1.808973908;14.9216423;24.38592521;0.663551867;-0.3582721949;-0.04031707719;7
24.38003339;-0.3828516304;1.832902193;14.83071518;24.38802714;0.656221509;-0.3753764033;-0.03298669681;7
24.38213537;-0.3541377485;1.847259045;14.69193077;24.39012907;0.6464476585;-0.3863719702;-0.02565632015;7
24.3842373;-0.3110669553;1.861616015;14.53400517;24.392231;0.6378955245;-0.3949240744;-0.01588248461;7
24.38633917;-0.2584248483;1.8855443;14.3569355;24.39433292;0.6232348084;-0.397367537;-0.006108647678;7
24.3884411;-0.1962114573;1.861616015;14.22772312;24.39643485;0.613460958;-0.3961458206;0.003665188793;7
24.39054303;-0.1004985496;1.875972986;14.0937252;24.39853678;0.6012436748;-0.3900371492;0.01221729536;7
24.39264495;0.0;1.909472466;14.01715469;24.4006387;0.5902481079;-0.3741546869;0.02199113183;7
24.39474688;0.09092725813;1.923829436;13.96929836;24.40274063;0.5792525411;-0.3619373739;0.02932151034;7
24.39684881;0.2009970993;1.962114573;13.95015621;24.40484251;0.5694786906;-0.3387245238;0.03420842811;7
24.39895074;0.3349951804;1.962114573;13.95972729;24.40694443;0.5682569742;-0.3142899275;0.03543015569;7
24.40105266;0.4785645306;1.93340075;13.98844147;24.40904636;0.5670352578;-0.2825249732;0.03298669681;7
24.40315459;0.626919508;1.899901152;14.05543995;24.41114829;0.5719221234;-0.2495382577;0.02932151034;7
24.40525646;0.7800601721;1.847259045;14.17508125;24.41325021;0.5804742575;-0.2165515572;0.02076940238;7
24.40735839;0.8997012973;1.785045743;14.28036594;24.41535214;0.5914698243;-0.1786779463;0.01221729536;7
24.40946032;1.024128079;1.722832322;14.38564968;24.41745407;0.6061306;-0.1420260668;0.002443459118;7
24.41156225;1.110269666;1.655833244;14.49571991;24.41955594;0.6195695996;-0.1053741723;-0.007330377586;7
24.41366417;1.148554921;1.564906001;14.60100365;24.42165792;0.6378955245;-0.07116574794;-0.01588248461;7
24.4157661;1.13419795;1.464407444;14.71585941;24.4237598;0.654999733;-0.04062250629;-0.02443459071;7
24.41786803;1.095912814;1.354337573;14.84985733;24.42586172;0.6782126427;-0.0100792693;-0.02932151034;7
24.4199699;0.9954141974;1.229910851;14.95992756;24.42796365;0.6989820004;0.01924224012;-0.03420842811;7
24.42207188;0.8805587292;1.138983607;15.07956791;24.43006558;0.7234166265;0.03756818548;-0.03787361458;7
24.42417376;0.7465606928;1.043270707;15.21356678;24.43216751;0.7502946854;0.05222893879;-0.03909534588;7
24.42627568;0.6604190469;0.9379864931;15.36670685;24.43426943;0.7796161771;0.06200277433;-0.04276053607;7
24.42837761;0.5599204898;0.8422735929;15.51027679;24.43637136;0.8126028776;0.06933315098;-0.04764745384;7
24.43047954;0.4929214716;0.7657032609;15.62991714;24.43847329;0.848033011;0.07299833745;-0.05009091273;7
24.43258146;0.4498506486;0.70348984;15.71127319;24.44057521;0.8834632039;0.07177661359;-0.05253437161;7
24.43468339;0.4211367965;0.6652047038;15.79262924;24.44267709;0.9225585461;0.06322450191;-0.0549778305;7
24.43678532;0.3445664644;0.6364908218;15.84048557;24.44477902;0.9592103958;0.05345066637;-0.05742128938;7
24.43888725;0.2823530734;0.6412764788;15.85962868;24.446881;0.9958623052;0.04001164436;-0.05986474827;7
24.44098917;0.2249253243;0.6317051649;15.8309145;24.44898292;1.033735871;0.02657261863;-0.06230820715;7
24.44309105;0.1866401732;0.6125625968;15.76391602;24.4510848;1.064279199;0.01435532235;-0.06230820715;7
24.44519298;0.1244267747;0.6029912829;15.6682024;24.45318673;1.094822407;-0.002748891478;-0.06108647957;7
24.44729495;0.04307080805;0.5694918036;15.56291866;24.45528865;1.118035316;-0.01985310577;-0.05742128938;7
24.44939688;-0.0382851623;0.4977070987;15.40020657;24.45739058;1.14002645;-0.03817904741;-0.05619955808;7
24.45149876;-0.1339980662;0.4929214716;15.27577972;24.45949251;1.157130599;-0.06261363626;-0.04886918142;7
24.45360068;-0.2344966233;0.4546363056;15.09392548;24.46159443;1.169347882;-0.08460476995;-0.04642572254;7
24.45570261;-0.2871387303;0.3972085714;14.88335705;24.46369636;1.182786942;-0.1090393662;-0.04520399496;7
24.45780454;-0.3349951804;0.3349951804;14.66800308;24.46579829;1.190117359;-0.1310304999;-0.04153880477;7
24.45990646;-0.3397808075;0.2775674164;14.45743465;24.46790021;1.198669434;-0.1530216336;-0.036651887;7
24.46200839;-0.3349951804;0.2727817893;14.28036594;24.47000209;1.205999732;-0.1750127524;-0.036651887;7
24.46411032;-0.3397808075;0.2919243574;14.13201046;24.47210402;1.209664941;-0.1982256174;-0.03176496923;7
24.46621225;-0.3493520916;0.3254238665;14.00758362;24.47420594;1.216995358;-0.2177732885;-0.02932151034;7
24.46831417;-0.3445664644;0.3732803464;13.90229988;24.47630787;1.224325776;-0.2385426909;-0.02809977904;7
24.47041605;-0.3302095234;0.3780659735;13.81615829;24.4784098;1.230434418;-0.2568686306;-0.0268780496;7
24.47251798;-0.3158525825;0.3876372576;13.72523022;24.48051173;1.240208268;-0.2751945853;-0.0268780496;7
24.4746199;-0.3014956415;0.3589234054;13.69173145;24.48261365;1.247538567;-0.2947422564;-0.02932151034;7
24.47672183;-0.2823530734;0.3445664644;13.64866066;24.48471553;1.257312417;-0.3167333901;-0.03420842811;7
24.47882376;-0.2727817893;0.3302095234;13.63430309;24.48681751;1.268308043;-0.3423897028;-0.04153880477;7
24.48092568;-0.2297109663;0.2871387303;13.55294704;24.48891938;1.280525327;-0.3680460155;-0.04642572254;7
24.48302761;-0.1914258152;0.2440679073;13.47159195;24.49102131;1.295186043;-0.3888154328;-0.05619955808;7
24.48512948;-0.1531406492;0.1914258152;13.35673618;24.49312324;1.312290311;-0.4095848203;-0.06352993846;7
24.48723146;-0.1531406492;0.1531406492;13.23230934;24.49522516;1.324507594;-0.4266890585;-0.06719512492;7
24.48933334;-0.1579262912;0.1339980662;13.0887394;24.49732709;1.336724877;-0.443793267;-0.06963858753;7
24.49143527;-0.1770688742;0.1483550072;12.96431351;24.49942902;1.348942161;-0.4572322965;-0.07208204269;7
24.49353719;-0.2153540403;0.1627119333;12.80160141;24.50153094;1.358716011;-0.4657844007;-0.07208204269;7
24.49563912;-0.2679961324;0.1914258152;12.63410378;24.50363282;1.369711518;-0.4645626545;-0.0745255053;7
24.49774105;-0.3062812984;0.2009970993;12.41874981;24.50573475;1.380707145;-0.4572322965;-0.0745255053;7
24.49984298;-0.3110669553;0.2105683982;12.22253799;24.50783667;1.388037443;-0.4462367296;-0.0745255053;7
24.5019449;-0.3158525825;0.2297109663;12.03111267;24.5099386;1.396589637;-0.4254673123;-0.07208204269;7
24.50404678;-0.3014956415;0.2249253243;11.87318611;24.51204053;1.407585144;-0.4046979249;-0.07086031139;7
24.5061487;-0.2871387303;0.2536391914;11.74397373;24.51414245;1.41858077;-0.3802633286;-0.06597339362;7
24.50825063;-0.2919243574;0.2871387303;11.64347458;24.51624438;1.430798054;-0.350941807;-0.06230820715;7
24.51035256;-0.2823530734;0.3110669553;11.55254745;24.51834631;1.44545877;-0.3216203153;-0.05619955808;7
24.51245449;-0.2679961324;0.3302095234;11.47597694;24.52044824;1.461341262;-0.2898553312;-0.05009091273;7
24.51455641;-0.2440679073;0.3014956415;11.43769264;24.52255016;1.480888963;-0.2593120933;-0.04642572254;7
24.51665834;-0.2057827413;0.2488535494;11.41854954;24.52465209;1.50165832;-0.2299905866;-0.04031707719;7
24.51876027;-0.1770688742;0.2057827413;11.36590767;24.52675402;1.522427797;-0.2043342739;-0.03787361458;7
24.52086219;-0.1387837082;0.1770688742;11.31805134;24.52885589;1.546862364;-0.1798996776;-0.03543015569;7
24.52296412;-0.1004985496;0.1339980662;11.28933716;24.53095782;1.570075154;-0.1579085439;-0.03543015569;7
24.52506605;-0.05264209956;0.1148554832;11.22233772;24.53305975;1.588401198;-0.1359174103;-0.03420842811;7
24.52716798;0.009571290575;0.09571290761;11.1505537;24.53516167;1.610392332;-0.1175914705;-0.03543015569;7
24.52926985;0.07178468257;0.06221338734;11.04048347;24.5372636;1.627496481;-0.0980437994;-0.03787361458;7
24.53137178;0.1196411327;0.02871387079;10.9112711;24.53936553;1.643378973;-0.08704823256;-0.04031707719;7
24.5334737;0.1579262912;-0.01914258115;10.76291656;24.54146745;1.655596256;-0.0736092031;-0.04520399496;7
24.53557563;0.2009970993;-0.05742774159;10.60977554;24.54356938;1.664148331;-0.05894844979;-0.05253437161;7
24.53767756;0.2153540403;-0.09092725813;10.38963604;24.54567131;1.669035316;-0.0418442376;-0.05986474827;7
24.53977948;0.2727817893;-0.1292124242;10.17906761;24.54777318;1.675143957;-0.02474002354;-0.06719512492;7
24.54188141;0.2919243574;-0.1770688742;9.958928108;24.54987516;1.676365614;-0.006414080039;-0.07696896046;7
24.54398334;0.3397808075;-0.1722832322;9.729216576;24.55197704;1.670256972;0.009468403645;-0.08552107215;7
24.54608527;0.3541377485;-0.1818545163;9.552147865;24.55407902;1.661704898;0.02412915789;-0.09285144508;7
24.54818714;0.3684946895;-0.1579262912;9.312865257;24.55618089;1.650709391;0.03756818548;-0.1001818255;7
24.55028912;0.3828516304;-0.1244267747;9.102297783;24.55828282;1.637270331;0.04734202102;-0.1062904745;7
24.552391;0.3828516304;-0.1004985496;8.90130043;24.56038475;1.620166063;0.05467239767;-0.1123991162;7
24.55449298;0.3828516304;-0.08135596663;8.709874153;24.56248667;1.603061914;0.05711585656;-0.1172860414;7
24.55659485;0.3828516304;-0.0765703246;8.542376518;24.5645886;1.583514214;0.06078104675;-0.1221729591;7
24.55869678;0.3924229145;-0.0382851623;8.350951195;24.56669053;1.563966513;0.06078104675;-0.1270598769;7
24.5607987;0.3637090325;-0.009571290575;8.231309891;24.56879245;1.543197155;0.05711585656;-0.1295033395;7
24.56290063;0.3493520916;0.004785645287;8.106883049;24.57089433;1.519984245;0.05100720748;-0.1331685185;7
24.56500256;0.3493520916;0.04785645381;7.996813297;24.57299631;1.497993112;0.04123337194;-0.1356119812;7
