Tempo acelerômetro (s);Acelerômetro X (m/s²);Acelerômetro Y (m/s²);Acelerômetro Z (m/s²);Tempo giroscópio (s);Giroscópio X (rad/s);Giroscópio Y (rad/s);Giroscópio Z (rad/s);gesto
15.64865652;-0.2440679073;0.1818545163;12.14118195;15.65665021;1.279303551;-0.2031125426;-0.1869246215;5
15.65075839;-0.1674975902;0.1292124242;12.30867958;15.65875214;1.298851252;-0.2312123179;-0.1954767257;5
15.65286032;-0.09092725813;0.05264209956;12.42353535;15.66085407;1.323285818;-0.2556469142;-0.2040288299;5
15.65496225;-0.009571290575;0.01914258115;12.53839111;15.662956;1.351385593;-0.2813032269;-0.2174678594;5
15.65706417;0.02871387079;-0.04785645381;12.57667542;15.66505787;1.380707145;-0.2996291816;-0.2321286201;5
15.6591661;0.0239282269;-0.1100698411;12.6053896;15.6671598;1.410028577;-0.3142899275;-0.243124187;5
15.66126803;-0.004785645287;-0.1674975902;12.61017513;15.66926172;1.441793561;-0.3265072107;-0.2541197538;5
15.66336995;-0.06699903309;-0.2297109663;12.58146191;15.67136365;1.471115112;-0.3375027776;-0.2626718581;5
15.66547183;-0.1722832322;-0.2727817893;12.52881908;15.67346558;1.499214888;-0.3460549116;-0.2675587833;5
15.66757376;-0.2919243574;-0.2967100143;12.4426775;15.67556751;1.527314663;-0.3448331654;-0.2700022459;5
15.66967568;-0.4402793646;-0.2967100143;12.31346512;15.67766938;1.552971005;-0.3460549116;-0.2687804997;5
15.67177761;-0.5599204898;-0.2967100143;12.15075302;15.67977131;1.577405572;-0.3338375986;-0.2638935745;5
15.67387954;-0.7130611539;-0.2727817893;11.98325539;15.68187324;1.599396706;-0.3240637779;-0.2553414702;5
15.67598146;-0.8518448472;-0.2201396823;11.76790142;15.68397516;1.615279198;-0.3118464649;-0.2443459183;5
15.67808334;-0.9954141974;-0.1579262912;11.50947666;15.68607709;1.629939914;-0.2984074354;-0.2296851575;5
15.68018527;-1.13419795;-0.09092725813;11.26062298;15.68817902;1.643378973;-0.2825249732;-0.2113592178;5
15.68228719;-1.272981644;0.0143569354;10.97827053;15.69028094;1.655596256;-0.2666424811;-0.1930332631;5
15.68438912;-1.35912323;0.1004985496;10.73898792;15.69238282;1.666591883;-0.24709481;-0.173485592;5
15.68649105;-1.450050473;0.1962114573;10.54277611;15.69448475;1.675143957;-0.2287688553;-0.1539379209;5
15.68859298;-1.45483613;0.3062812984;10.38963604;15.69658667;1.689804673;-0.2141081095;-0.1343902498;5
15.6906949;-1.459621787;0.4115654826;10.25563812;15.69870183;1.698356748;-0.2018908113;-0.1160643101;5
15.69279678;-1.426122308;0.5072783828;10.15513897;15.70079053;1.71057415;-0.1896735132;-0.09651663154;5
15.6948987;-1.354337573;0.5694918036;10.06899738;15.70289245;1.721569657;-0.1823431402;-0.07941242307;5
15.69700063;-1.31126678;0.5790630579;10.00678444;15.70499438;1.732565284;-0.177456215;-0.06352993846;5
15.69911579;-1.26341033;0.6077769399;9.925428391;15.70709631;1.744782567;-0.173791036;-0.05253437161;5
15.70120449;-1.205982566;0.6173482537;9.84885788;15.70919818;1.75699985;-0.1725693047;-0.04642572254;5
15.70330641;-1.148554921;0.6029912829;9.767501831;15.71130011;1.763108492;-0.1786779463;-0.03909534588;5
15.70540834;-1.048056364;0.5694918036;9.657432556;15.71340204;1.774103999;-0.1860083193;-0.03543015569;5
15.70751027;-0.9858429432;0.5024927258;9.523433685;15.71550396;1.780212641;-0.1896735132;-0.03298669681;5
15.70961214;-0.890130043;0.4689932466;9.38465023;15.71760589;1.786321282;-0.2043342739;-0.03420842811;5
15.71171407;-0.8183453679;0.3972085714;9.255437851;15.71970782;1.789986491;-0.2165515572;-0.036651887;5
15.713816;-0.7513462901;0.3589234054;9.145368576;15.72180975;1.7936517;-0.2324340492;-0.04031707719;5
15.71591792;-0.6747759581;0.3158525825;8.997013092;15.72391162;1.796095133;-0.2495382577;-0.04398226365;5
15.71801985;-0.6125625968;0.2632105052;8.839086533;15.72601355;1.796095133;-0.2690859437;-0.04764745384;5
15.72012178;-0.5647061467;0.2440679073;8.714659691;15.72811548;1.7936517;-0.2910770774;-0.05375609919;5
15.7222237;-0.5407779217;0.2392822653;8.542376518;15.7302174;1.794873476;-0.3094030023;-0.05864302069;5
15.72432558;-0.4833501875;0.2392822653;8.408378601;15.73231933;1.792429924;-0.3252854943;-0.06597339362;5
15.72642751;-0.4450650215;0.2440679073;8.255238533;15.73442126;1.787543058;-0.347276628;-0.07086031139;5
15.72852943;-0.4163511395;0.2440679073;8.068597794;15.73652318;1.781434417;-0.3680460155;-0.07696896046;5
15.73063136;-0.4067798555;0.2775674164;7.901100159;15.73862511;1.771660566;-0.3888154328;-0.08185587823;5
15.73273329;-0.3972085714;0.3254238665;7.700103283;15.74072698;1.764330149;-0.4095848203;-0.08429934084;5
15.73483521;-0.3828516304;0.3589234054;7.503891945;15.74282891;1.754556417;-0.431575954;-0.08429934084;5
15.73693714;-0.4019941986;0.3972085714;7.288537979;15.74493084;1.741117358;-0.4486801922;-0.08429934084;5
15.73903907;-0.4211367965;0.4163511395;7.058826923;15.74703277;1.730121732;-0.4621191919;-0.08185587823;5
15.74114094;-0.4354937077;0.4546363056;6.853044033;15.74913469;1.71423924;-0.4657844007;-0.07696896046;5
15.74324287;-0.4642075896;0.4881358147;6.647261143;15.75123662;1.697135091;-0.4657844007;-0.07208204269;5
15.7453448;-0.4881358147;0.5503492355;6.436692715;15.75333855;1.681252599;-0.4633409381;-0.06597339362;5
15.74744673;-0.5216353536;0.5838487148;6.264409542;15.75544042;1.662926674;-0.4584540129;-0.05864302069;5
15.74954865;-0.5216353536;0.6173482537;6.120840549;15.7575424;1.648265839;-0.4486801922;-0.05131264031;5
15.75165058;-0.5168496966;0.6556333899;5.972485542;15.75964428;1.633605123;-0.4389063418;-0.04520399496;5
15.75375251;-0.4929214716;0.679561615;5.800201893;15.7617462;1.621387839;-0.4242455959;-0.04031707719;5
15.75585438;-0.4594219327;0.7274180651;5.675775528;15.76384813;1.610392332;-0.4108065665;-0.03543015569;5
15.75795636;-0.4067798555;0.7465606928;5.570491314;15.76595006;1.59817493;-0.397367537;-0.03054323979;5
15.76005824;-0.3589234054;0.760917604;5.455635548;15.76805199;1.585957646;-0.381485045;-0.02809977904;5
15.76216016;-0.3445664644;0.7896314859;5.355136871;15.77015391;1.574962139;-0.3656025827;-0.02199113183;5
15.76426209;-0.2871387303;0.8231309652;5.216353416;15.77225584;1.56152308;-0.350941807;-0.01954767294;5
15.76636402;-0.2584248483;0.8614161611;5.13021183;15.77435771;1.549305797;-0.3362810612;-0.01710421406;5
15.76846594;-0.2105683982;0.8566305041;4.981856823;15.77645964;1.538310289;-0.3203985691;-0.0134390248;5
15.77056787;-0.1818545163;0.837487936;4.80957365;15.77856157;1.522427797;-0.3094030023;-0.008552107029;5
15.7726698;-0.1387837082;0.8422735929;4.699503899;15.7806635;1.508988738;-0.2947422564;-0.003665188793;5
15.77477167;-0.1196411327;0.8327022791;4.546362877;15.78276542;1.495549679;-0.2825249732;0.001221729559;5
15.7768736;-0.1004985496;0.8470591903;4.393222332;15.78486735;1.47844553;-0.2715294063;0.006108647678;5
15.77897553;-0.09092725813;0.8422735929;4.240081787;15.78696928;1.462563038;-0.2617555559;0.01099556591;5
15.78107745;-0.08614161611;0.8327022791;4.110869408;15.7890712;1.443015337;-0.250759989;0.01588248461;5
15.78317938;-0.09092725813;0.8470591903;3.952943087;15.79117308;1.421024203;-0.2409861535;0.01954767294;5
15.78528131;-0.08135596663;0.8566305041;3.818944931;15.79327501;1.402698278;-0.2336557806;0.02199113183;5
15.78738324;-0.08614161611;0.866201818;3.694518089;15.79537693;1.384372354;-0.227547124;0.02443459071;5
15.78948516;-0.05742774159;0.8757730722;3.570091486;15.79747886;1.361159444;-0.2226602137;0.0268780496;5
15.79158704;-0.0143569354;0.9092726111;3.426522017;15.79958079;1.33916831;-0.2165515572;0.02565632015;5
15.79368896;0.02871387079;0.9284151793;3.306880951;15.80168271;1.3159554;-0.2128863782;0.02565632015;5
15.79579089;0.06699903309;0.9619147182;3.187239647;15.80378464;1.29274261;-0.2104429156;0.02565632015;5
15.79789282;0.07178468257;0.9762716293;3.096312523;15.80588652;1.2695297;-0.2055560052;0.0268780496;5
15.79999475;0.09571290761;0.9667003751;3.000599623;15.80798844;1.245095134;-0.2031125426;0.02321286127;5
15.80209667;0.1387837082;0.9858429432;2.914458036;15.81009037;1.216995358;-0.1994473487;0.01954767294;5
15.8041986;0.1387837082;1.019342422;2.794816732;15.8121923;1.191339016;-0.1970038861;0.0183259435;5
15.80630048;0.1866401732;1.028913736;2.703889608;15.81429423;1.162017584;-0.1933387071;0.01466075517;5
15.8084024;0.2201396823;1.048056364;2.589034081;15.81639615;1.133917689;-0.1921169758;0.01221729536;5
15.81050433;0.2488535494;1.076770186;2.507678032;15.81849808;1.108261466;-0.1933387071;0.006108647678;5
15.81260626;0.2727817893;1.11984098;2.39760828;15.82059995;1.081383348;-0.1884517819;0.001221729559;5
15.81470818;0.3206382394;1.172483087;2.325823545;15.82270188;1.054505348;-0.1860083193;-0.003665188793;5
15.81681011;0.3637090325;1.177268744;2.244467735;15.82480381;1.02762723;-0.1811214089;-0.009773836471;5
15.81891204;0.4067798555;1.210768223;2.20618248;15.82690574;1.005636096;-0.173791036;-0.0134390248;5
15.82101391;0.4498506486;1.234696507;2.167897224;15.82900766;0.9799798131;-0.1689041108;-0.0183259435;5
15.82311584;0.5072783828;1.253839016;2.158325911;15.83110959;0.9604321718;-0.1591302752;-0.02443459071;5
15.82521777;0.5503492355;1.296909928;2.158325911;15.83321152;0.9408844709;-0.1481347084;-0.02932151034;5
15.82731969;0.6077769399;1.325623751;2.148754835;15.83531344;0.9237802625;-0.1322522312;-0.036651887;5
15.82942162;0.679561615;1.349551916;2.139183521;15.83741532;0.9078977704;-0.1175914705;-0.04764745384;5
15.83152355;0.756131947;1.373480201;2.153540373;15.8395173;0.8932369947;-0.1004872546;-0.05864302069;5
15.83362548;0.8566305041;1.40697968;2.163111687;15.84161917;0.8822414875;-0.08338304609;-0.073303774;5
15.8357274;0.9379864931;1.40697968;2.201396942;15.8437211;0.8736893535;-0.07116574794;-0.08796452731;5
15.83782928;1.048056364;1.40697968;2.234896421;15.84582303;0.8614720702;-0.05528326333;-0.1026252806;5
15.83993126;1.13419795;1.430907965;2.268395901;15.8479249;0.8541416526;-0.03695731983;-0.1185077652;5
15.84203313;1.210768223;1.435693622;2.282752752;15.85002688;0.8468112946;-0.02229656465;-0.1331685185;5
15.84413506;1.272981644;1.445264935;2.273181438;15.85212876;0.8394809365;-0.006414080039;-0.1502727419;5
15.84623698;1.325623751;1.440479279;2.297109842;15.85423068;0.8297070861;0.009468403645;-0.1673769504;5
15.84833886;1.35912323;1.450050473;2.287538528;15.85633261;0.8223767281;0.02657261863;-0.1832594275;5
15.85044084;1.349551916;1.445264935;2.297109842;15.85843454;0.8174898028;0.04367683083;-0.1991419196;5
15.85254271;1.335195065;1.440479279;2.292324066;15.86053646;0.8126028776;0.05345066637;-0.2150243968;5
15.85464464;1.306481123;1.411765337;2.306680918;15.86263839;0.806494236;0.06566796452;-0.2309068888;5
15.85674657;1.272981644;1.383051515;2.368894339;15.86474027;0.8040507436;0.07177661359;-0.2443459183;5
15.8588485;1.234696507;1.35912323;2.426322222;15.86684219;0.8028290272;0.07422006875;-0.2553414702;5
15.86095042;1.1820544;1.325623751;2.488535643;15.86894412;0.8016073108;0.07422006875;-0.2675587833;5
15.86305235;1.124626637;1.316052437;2.54117775;15.87104605;0.7967203856;0.07177661359;-0.2773326039;5
15.86515423;1.03848505;1.282552958;2.598605394;15.87314798;0.7967203856;0.06688969582;-0.2858847082;5
15.86725615;0.9571290612;1.282552958;2.656033039;15.8752499;0.7954986691;0.06078104675;-0.293215096;5
15.86935808;0.866201818;1.282552958;2.675175667;15.87735183;0.7942769527;0.05345066637;-0.2981020212;5
15.87146001;0.8039883971;1.287338614;2.684746981;15.87945376;0.7893900275;0.04734202102;-0.3042106628;5
15.87356193;0.6939185858;1.292124271;2.694318295;15.88155563;0.7881683111;0.03756818548;-0.3066541255;5
15.87566386;0.6125625968;1.31126678;2.641676188;15.88365756;0.7881683111;0.0314595364;-0.3078758419;5
15.87776579;0.5312066078;1.330409408;2.593819857;15.88575954;0.7796161771;0.02412915789;-0.3054323792;5
15.87986771;0.4307080805;1.335195065;2.560320139;15.88786141;0.7722858191;0.01557705179;-0.3042106628;5
15.88196959;0.3302095234;1.349551916;2.512463808;15.88996334;0.7612902522;0.008246674202;-0.2993237376;5
15.88407152;0.2344966233;1.378265858;2.416750908;15.89206527;0.747851193;0.004581485875;-0.2944368124;5
15.8861735;0.1627119333;1.378265858;2.282752752;15.89416719;0.7307469845;0.0033597562;-0.2858847082;5
15.88827537;0.07178468257;1.416550994;2.139183521;15.89626912;0.7124210596;0.0131335929;-0.2761108875;5
15.8903773;-0.004785645287;1.464407444;1.986042738;15.898371;0.6953168511;0.02290742844;-0.2638935745;5
15.89247922;-0.08135596663;1.478764415;1.818545222;15.90047292;0.672104001;0.03756818548;-0.250454545;5
15.89458115;-0.1770688742;1.521835208;1.674975872;15.90257485;0.6476693749;0.05467239767;-0.2357937992;5
15.89668308;-0.2392822653;1.55054903;1.521835208;15.90467678;0.6232348084;0.07666353136;-0.2186895907;5
15.89878495;-0.2967100143;1.588834286;1.368694544;15.9067787;0.5975784659;0.09865466505;-0.2003636509;5
15.90088688;-0.3732803464;1.636690736;1.229910851;15.90888063;0.5694786906;0.1255327165;-0.1808159798;5
15.90298881;-0.4354937077;1.660618901;1.091127157;15.91098256;0.5426006317;0.1487455666;-0.1612683088;5
15.90509074;-0.4498506486;1.703689694;0.9906286001;15.91308448;0.5157225728;0.1792888194;-0.1404989064;5
15.90719266;-0.4833501875;1.732403636;0.8757730722;15.91518636;0.4888445437;0.2098320574;-0.1209512278;5
15.90929459;-0.4929214716;1.785045743;0.8039883971;15.91728829;0.4570795596;0.2415970266;-0.1014035568;5
15.91139652;-0.5072783828;1.813759565;0.7130611539;15.91939021;0.4265363216;0.2733619809;-0.08185587823;5
15.91349844;-0.5120640397;1.818545222;0.626919508;15.92149214;0.3935496211;0.305126965;-0.06352993846;5
15.91560032;-0.5168496966;1.842473388;0.5312066078;15.92359407;0.3630063832;0.3344484568;-0.04764745384;5
15.91770225;-0.4929214716;1.861616015;0.4594219327;15.925696;0.3263545036;0.3601047993;-0.03176496923;5
15.91980417;-0.4689932466;1.871187329;0.4211367965;15.92779792;0.2884808779;0.382095933;-0.01710421406;5
15.9219061;-0.4354937077;1.871187329;0.3493520916;15.92989985;0.2493855506;0.3967566788;-0.002443459118;5
15.92400803;-0.3924229145;1.866401672;0.3302095234;15.93200173;0.2102901936;0.4089739621;0.01221729536;5
15.92610995;-0.3349951804;1.847259045;0.3014956415;15.93410365;0.1699731201;0.4150826037;0.02321286127;5
15.92821188;-0.2823530734;1.823330879;0.3158525825;15.93620558;0.1320995092;0.4126391709;0.03420842811;5
15.93031381;-0.2440679073;1.785045743;0.3349951804;15.93830751;0.09178243577;0.4150826037;0.04276053607;5
15.93241568;-0.1914258152;1.722832322;0.4019941986;15.94040943;0.05146535859;0.4150826037;0.04886918142;5
15.93451761;-0.1196411327;1.713261008;0.4594219327;15.94251136;0.01237001177;0.4163043499;0.05253437161;5
15.93661954;-0.04785645381;1.684547186;0.5168496966;15.94461324;-0.02672533318;0.4126391709;0.05253437161;5
15.93872146;0.05264209956;1.64626193;0.5503492355;15.94671521;-0.06826414168;0.4126391709;0.05009091273;5
15.94082339;0.1674975902;1.617548108;0.6556333899;15.94881709;-0.1061377525;0.4150826037;0.04398226365;5
15.94292532;0.2775674164;1.59840548;0.732203722;15.95091902;-0.1440113783;0.4150826037;0.03298669681;5
15.94502719;0.4019941986;1.574477315;0.8614161611;15.95302094;-0.1782197952;0.4126391709;0.01954767294;5
15.94712917;0.5359922647;1.545763373;1.014556766;15.95512287;-0.2136499584;0.4101957083;0.002443459118;5
15.94923105;0.6699903607;1.521835208;1.191625714;15.9572248;-0.2441931963;0.4065304995;-0.01710421406;5
15.95133298;0.7752745152;1.478764415;1.330409408;15.95932667;-0.2735147178;0.4028653204;-0.03543015569;5
15.9534349;0.8709874153;1.416550994;1.507478237;15.96142865;-0.2979492843;0.3943132162;-0.05864302069;5
15.95553683;0.9332008362;1.387837172;1.684547186;15.96353053;-0.319940418;0.3808741868;-0.08185587823;5
15.95763876;0.9475577474;1.31126678;1.866401672;15.96563245;-0.3394880891;0.3662134409;-0.1038470119;5
15.95974063;0.9762716293;1.244267821;2.048256159;15.96773438;-0.3541488647;0.3454440236;-0.123394683;5
15.96184261;0.9332008362;1.196411371;2.263610125;15.96983631;-0.366366148;0.3185659945;-0.1429423541;5
15.96394448;0.8997012973;1.129412293;2.459821701;15.97193824;-0.3773617148;0.292909652;-0.1600465775;5
15.96604641;0.8470591903;1.100698471;2.679961443;15.97404016;-0.3846921027;0.2660316229;-0.1759290546;5
15.96814834;0.7657032609;1.095912814;2.880958557;15.97614209;-0.3859138191;0.2415970266;-0.1918115467;5
15.97025027;0.708275497;1.067198873;3.072384357;15.97824396;-0.3846921027;0.2134972364;-0.2064722925;5
15.97235219;0.6077769399;1.057627559;3.249453068;15.98034589;-0.3834703565;0.1866191924;-0.2186895907;5
15.97445412;0.5312066078;1.019342422;3.402593851;15.98244782;-0.3749182522;0.158519417;-0.2321286201;5
15.97655605;0.4642075896;1.024128079;3.570091486;15.98454975;-0.3688096106;0.1328630894;-0.2443459183;5
15.97865792;0.3924229145;0.9954141974;3.718446493;15.98665167;-0.3590357602;0.1084285006;-0.2565632164;5
15.98075985;0.3493520916;0.9954141974;3.809373617;15.9887536;-0.3492619395;0.08399390429;-0.2687804997;5
15.98286178;0.2871387303;0.9810572863;3.88594389;15.99085553;-0.3394880891;0.05955931544;-0.2773326039;5
15.9849637;0.2344966233;0.9858429432;3.94815731;15.9929574;-0.3333794475;0.03878991306;-0.2846629918;5
15.98706563;0.1483550072;0.9906286001;4.010370731;15.99505938;-0.3284925222;0.01679878123;-0.293215096;5
15.98916756;0.0765703246;1.014556766;3.98165679;15.99716126;-0.3260490894;-0.002748891478;-0.296880275;5
15.99126948;-0.009571290575;1.062413216;3.895515203;15.99926318;-0.3260490894;-0.01985310577;-0.2981020212;5
15.99337136;-0.1196411327;1.100698471;3.833301783;16.00136511;-0.3260490894;-0.03451386094;-0.296880275;5
15.99547334;-0.2201396823;1.162911773;3.7710886;16.00346704;-0.3297142684;-0.04550942779;-0.2944368124;5
15.99757521;-0.3254238665;1.225125194;3.689732552;16.00556896;-0.3346011937;-0.05894844979;-0.2858847082;5
15.99967714;-0.4354937077;1.296909928;3.617947817;16.00767084;-0.3419315517;-0.06750056148;-0.2773326039;5
16.00177907;-0.5072783828;1.368694544;3.517449379;16.00977277;-0.3492619395;-0.07483093441;-0.2687804997;5
16.003881;-0.5694918036;1.464407444;3.460021496;16.01187469;-0.3553705812;-0.07727439702;-0.2565632164;5
16.00598292;-0.5982056856;1.536192179;3.412165165;16.01397662;-0.362700969;-0.07483093441;-0.2443459183;5
16.0080848;-0.626919508;1.612762451;3.402593851;16.01607855;-0.3675878942;-0.06505709887;-0.2345720828;5
16.01018672;-0.6412764788;1.674975872;3.369094372;16.01818048;-0.3724747896;-0.05650499091;-0.2211330533;5
16.01228865;-0.6460621357;1.732403636;3.321237803;16.0202824;-0.3798051775;-0.03940077871;-0.2113592178;5
16.01439058;-0.6364908218;1.780260086;3.302095175;16.02238433;-0.3798051775;-0.02107483521;-0.1979201883;5
16.01649251;-0.6460621357;1.828116536;3.287738323;16.02448626;-0.3859138191;-0.0003054323897;-0.1844811589;5
16.01859443;-0.6412764788;1.866401672;3.263810158;16.02658818;-0.3920224607;0.02535088919;-0.173485592;5
16.02069636;-0.6364908218;1.899901152;3.235096216;16.02869006;-0.3956876695;0.05711585656;-0.1600465775;5
16.02279829;-0.6317051649;1.909472466;3.182454109;16.03079198;-0.4030180275;0.08765909821;-0.146607548;5
16.02490021;-0.6556333899;1.919043779;3.139383316;16.03289391;-0.4103484154;0.1206457913;-0.1331685185;5
16.02700214;-0.6604190469;1.938186288;3.110669374;16.03499579;-0.4225656986;0.158519417;-0.1209512278;5
16.02910402;-0.6843472719;1.923829436;3.072384357;16.03709777;-0.4347830117;0.1951712966;-0.1062904745;5
16.03120594;-0.70348984;1.93340075;3.034099102;16.03919964;-0.4482220411;0.2306014597;-0.09285144508;5
16.03330787;-0.708275497;1.93340075;2.995813847;16.04130157;-0.466547966;0.2660316229;-0.08063415438;5
16.03540975;-0.6891329288;1.938186288;2.991028309;16.0434035;-0.4836521745;0.3026835024;-0.07086031139;5
16.03751172;-0.6843472719;1.966900229;2.962314367;16.04550542;-0.5044215918;0.3368919194;-0.05986474827;5
16.0396136;-0.6699903607;1.966900229;2.928814888;16.04760735;-0.5312996507;0.3649916947;-0.05009091273;5
16.04171553;-0.6460621357;1.995614052;2.90967226;16.04970928;-0.5581777096;0.3930914998;-0.04276053607;5
16.04381745;-0.626919508;2.005185366;2.94317174;16.0518112;-0.5899426341;0.4101957083;-0.03787361458;5
16.04591938;-0.6173482537;2.01475668;2.967100143;16.05391313;-0.6204859018;0.4260781705;-0.03054323979;5
16.04802131;-0.6173482537;2.029113531;3.010170937;16.05601501;-0.6534726024;0.4309650958;-0.02565632015;5
16.05012324;-0.626919508;2.043470621;3.077169895;16.05811693;-0.6864593029;0.432186842;-0.02076940238;5
16.05222516;-0.650847733;2.053041935;3.182454109;16.06021886;-0.7194460034;0.4236347377;-0.01710421406;5
16.05432709;-0.679561615;2.057827473;3.263810158;16.06232079;-0.7536544204;0.4040870368;-0.01588248461;5
16.05642896;-0.7226324677;2.057827473;3.364308596;16.06442271;-0.7866411209;0.3784307241;-0.01221729536;5
16.05853089;-0.756131947;2.053041935;3.483949661;16.06652464;-0.8196278214;0.3454440236;-0.008552107029;5
16.06063282;-0.8039883971;2.048256159;3.608376503;16.06862657;-0.8489493132;0.3002400398;-0.004886918236;5
16.06273475;-0.8470591903;2.043470621;3.742374659;16.0707285;-0.8770490885;0.255036056;-0.001221729559;5
16.06483667;-0.8757730722;2.048256159;3.88594389;16.07283037;-0.9051488638;0.1988364905;0.003665188793;5
16.0669386;-0.9379864931;2.067398787;4.015156269;16.0749323;-0.9356921315;0.1414151937;0.01221729536;5
16.06904053;-1.000199914;2.072184324;4.168296814;16.07703423;-0.960126698;0.08155044913;0.02076940238;5
16.07114245;-1.067198873;2.0769701;4.331008911;16.07913615;-0.9857830405;0.02412915789;0.03054323979;5
16.07324433;-1.115055323;2.053041935;4.455435753;16.08123808;-1.011439323;-0.03573558852;0.04031707719;5
16.07534626;-1.16769743;2.038684845;4.61814785;16.08334001;-1.039539099;-0.09437860548;0.05131264031;5
16.07744818;-1.191625714;2.01475668;4.766502857;16.08544188;-1.062752008;-0.1493564397;0.06108647957;5
16.07955011;-1.210768223;1.9812572;4.890929699;16.08754386;-1.088408351;-0.1970038861;0.07208204269;5
16.08165204;-1.205982566;1.957328916;5.020142078;16.08964574;-1.1055125;-0.2446513474;0.08185587823;5
16.08375396;-1.186840057;1.909472466;5.163711071;16.09174766;-1.126281977;-0.284968406;0.09162971377;5
16.08585584;-1.110269666;1.871187329;5.278566837;16.09384959;-1.140942693;-0.3155116439;0.1001818255;5
16.08795782;-1.03848505;1.823330879;5.446064472;16.09595152;-1.153159976;-0.3362810612;0.1062904745;5
16.09005969;-0.9092726111;1.756331801;5.575276852;16.09805344;-1.16171205;-0.350941807;0.1087339297;5
16.09216162;-0.7752745152;1.679761529;5.714060307;16.10015537;-1.165377259;-0.3570504785;0.109955661;5
16.09426355;-0.626919508;1.612762451;5.852844238;16.10225725;-1.164155602;-0.3533852696;0.1075121984;5
16.09636548;-0.4689932466;1.517049551;5.996413708;16.10435917;-1.159268618;-0.343611449;0.1062904745;5
16.0984674;-0.3158525825;1.45483613;6.183053493;16.1064611;-1.154381752;-0.3265072107;0.1038470119;5
16.10056933;-0.1818545163;1.397408366;6.345765591;16.10856303;-1.143386126;-0.3032943606;0.1026252806;5
16.1026712;-0.05742774159;1.368694544;6.522834301;16.11066495;-1.129947066;-0.2727511227;0.09773836285;5
16.10477313;0.04785645381;1.320838094;6.714260101;16.11276688;-1.111621141;-0.2373209596;0.09651663154;5
16.10687506;0.1148554832;1.292124271;6.881757736;16.11486881;-1.09207356;-0.1957821548;0.09285144508;5
16.10897698;0.1627119333;1.26341033;7.063612461;16.11697074;-1.072525859;-0.1481347084;0.09040798992;5
16.11107891;0.1914258152;1.253839016;7.192824841;16.11907261;-1.046869516;-0.1004872546;0.08796452731;5
16.11318084;0.1962114573;1.287338614;7.350750923;16.12117454;-1.021213174;-0.04917461425;0.08796452731;5
16.11528277;0.2153540403;1.287338614;7.479963779;16.12327646;-0.995556891;0.002138026757;0.086742796;5
16.11738469;0.2536391914;1.316052437;7.556533813;16.12537839;-0.9686788321;0.05345066637;0.08552107215;5
16.11948657;0.2967100143;1.354337573;7.6426754;16.12748032;-0.9430224895;0.09865466505;0.08429934084;5
16.1215885;0.3397808075;1.392622828;7.67138958;16.12958219;-0.918587923;0.1475238502;0.08429934084;5
16.12369042;0.3972085714;1.430907965;7.690532207;16.13168417;-0.8965967894;0.2012799382;0.08307760954;5
16.12579235;0.4259224236;1.469193101;7.661818027;16.1337861;-0.8794925809;0.255036056;0.08307760954;5
16.12789428;0.4115654826;1.497906923;7.609176159;16.13588798;-0.8636100888;0.3100138903;0.08185587823;5
16.12999615;0.3876372576;1.531406522;7.523034573;16.1379899;-0.8489493132;0.3674351573;0.07941242307;5
16.13209813;0.3780659735;1.574477315;7.408178806;16.14009183;-0.8416189551;0.4248564541;0.07941242307;5
16.13420006;0.3254238665;1.617548108;7.350750923;16.14219376;-0.8330668211;0.4798342884;0.07941242307;5
16.13630193;0.2727817893;1.665404558;7.269395351;16.14429568;-0.8330668211;0.5287034512;0.08063415438;5
16.13840386;0.1866401732;1.722832322;7.188039303;16.14639761;-0.8355103135;0.5714640021;0.08185587823;5
16.14050579;0.08614161611;1.808973908;7.111468792;16.14849954;-0.8416189551;0.6142245531;0.08429934084;5
16.14260771;-0.0143569354;1.909472466;7.068397999;16.15060146;-0.8489493132;0.639880836;0.086742796;5
16.14470964;-0.1196411327;1.9812572;7.034898758;16.15270334;-0.8623883724;0.6594285369;0.09162971377;5
16.14681157;-0.2153540403;2.057827473;7.006184578;16.15480527;-0.8807142973;0.6667588949;0.09651663154;5
16.1489135;-0.3397808075;2.105684042;7.00139904;16.15690719;-0.9039271474;0.6667588949;0.1038470119;5
16.15101542;-0.4594219327;2.187039852;6.982256413;16.15900912;-0.9295834899;0.6594285369;0.1123991162;5
16.1531173;-0.5934200287;2.210968018;6.915257454;16.16111105;-0.9662353396;0.64843297;0.123394683;5
16.15521922;-0.732203722;2.258824587;6.853044033;16.16321292;-1.001665473;0.6313287616;0.1343902498;5
16.15732115;-0.8853443861;2.277967215;6.79561615;16.1653149;-1.044426084;0.6081159115;0.1478292793;5
16.15942308;-0.9906286001;2.30189538;6.747759819;16.16741678;-1.090851784;0.5812378526;0.1649334878;5
16.16152501;-1.115055323;2.282752752;6.68076086;16.16951876;-1.140942693;0.5519163013;0.1820377111;5
16.16362688;-1.220339537;2.30189538;6.66640377;16.17162063;-1.188590169;0.5189296007;0.2015853822;5
16.16572886;-1.320838094;2.292324066;6.690331936;16.17372256;-1.243567944;0.4834994674;0.2235765159;5
16.16783074;-1.40697968;2.297109842;6.728617191;16.17582448;-1.297324061;0.4480693042;0.2455676347;5
16.16993271;-1.493121386;2.292324066;6.800402164;16.17792641;-1.34741497;0.4114174247;0.2675587833;5
16.17203459;-1.55054903;2.306680918;6.924828529;16.18002829;-1.398727655;0.3723220825;0.289549917;5
16.17413652;-1.622333765;2.297109842;7.121040344;16.18213021;-1.446375132;0.3368919194;0.3103193045;5
16.17623844;-1.660618901;2.263610125;7.326822758;16.18423214;-1.489135623;0.2941313982;0.3274235129;5
16.17834037;-1.665404558;2.234896421;7.52782011;16.18633407;-1.527009249;0.255036056;0.3420842886;5
16.18044225;-1.641476393;2.163111687;7.771887779;16.188436;-1.561217666;0.2183841616;0.3530798554;5
16.18254417;-1.59840548;2.11046958;8.059026718;16.19053792;-1.590539217;0.1841757298;0.3604102135;5
16.1846461;-1.50269258;2.019542217;8.36052227;16.1926398;-1.613752007;0.1560759544;0.3616319597;5
16.18674803;-1.383051515;1.914258122;8.633303642;16.19474172;-1.6296345;0.1328630894;0.3604102135;5
16.18884995;-1.229910851;1.785045743;8.953942299;16.1968437;-1.643073559;0.1120936871;0.3555232882;5
16.19095188;-1.043270707;1.670190215;9.245866776;16.19894558;-1.647960424;0.09987638891;0.3494146466;5
16.19305376;-0.8566305041;1.555334687;9.57129097;16.20104751;-1.646738768;0.09498947114;0.339640826;5
16.19515568;-0.6939185858;1.45483613;9.896714211;16.20314943;-1.640630126;0.09621120244;0.3298669755;5
16.19725766;-0.5312066078;1.368694544;10.20778179;16.20525136;-1.624747634;0.09865466505;0.3200931549;5
16.19935954;-0.4115654826;1.272981644;10.52363396;16.20735324;-1.608865142;0.1072067693;0.3078758419;5
16.20146146;-0.3254238665;1.1820544;10.84905815;16.20945516;-1.585652232;0.1218675226;0.2944368124;5
16.20356339;-0.2440679073;1.095912814;11.1314106;16.21155709;-1.557552457;0.1353065521;0.2785543501;5
16.20566532;-0.1770688742;1.028913736;11.43290615;16.21365902;-1.524565816;0.1487455666;0.2614501119;5
16.20776719;-0.0765703246;0.9571290612;11.74397373;16.21576094;-1.48669219;0.1609628648;0.2406807244;5
16.20986912;0.009571290575;0.8997012973;12.02154064;16.21786287;-1.445153356;0.1719584316;0.2174678594;5
16.21197105;0.1004985496;0.8422735929;12.28475189;16.2199648;-1.399949312;0.1841757298;0.1942549944;5
16.21407298;0.1770688742;0.7944171429;12.52403355;16.22206672;-1.357188821;0.1878409237;0.169820413;5
16.2161749;0.2440679073;0.7752745152;12.74895859;16.22416865;-1.313206553;0.189062655;0.1429423541;5
16.21827683;0.2919243574;0.784845829;12.92602825;16.22627053;-1.269224286;0.1841757298;0.1185077652;5
16.22037876;0.3014956415;0.7800601721;13.07438278;16.22837245;-1.230129004;0.1731801629;0.09773836285;5
16.22248068;0.3014956415;0.8183453679;13.16052437;16.23047438;-1.193477035;0.158519417;0.07819069177;5
16.22458261;0.2584248483;0.8709874153;13.14138222;16.23257631;-1.162933826;0.1438586563;0.06230820715;5
16.22668448;0.2009970993;0.9140582681;13.09831142;16.23467824;-1.134834051;0.1230892539;0.05131264031;5
16.22878641;0.1244267747;0.9714859724;13.03131199;16.23678011;-1.112842917;0.1023198515;0.04153880477;5
16.23088834;0.03349951655;1.009771109;12.93559933;16.23888204;-1.096960425;0.07666353136;0.03543015569;5
16.23299027;-0.1100698411;1.076770186;12.79681587;16.24098396;-1.085964918;0.05100720748;0.02809977904;5
16.23509219;-0.1914258152;1.138983607;12.68674564;16.24308589;-1.077412724;0.02779434808;0.02321286127;5
16.23719407;-0.2344966233;1.205982566;12.55274773;16.24518782;-1.072525859;0.008246674202;0.02076940238;5
16.239296;-0.2584248483;1.301695466;12.36610699;16.24728975;-1.078634501;-0.01130099874;0.0183259435;5
16.24139792;-0.2584248483;1.416550994;12.14596748;16.24939167;-1.087186575;-0.0235182941;0.01710421406;5
16.24349985;-0.2727817893;1.521835208;11.93539906;16.2514936;-1.100625634;-0.03451386094;0.01710421406;5
16.24560178;-0.2584248483;1.579262972;11.71047401;16.25359548;-1.117729783;-0.03573558852;0.0183259435;5
16.2477037;-0.2584248483;1.631905079;11.47119141;16.2556974;-1.136055827;-0.02596175298;0.01954767294;5
16.24980563;-0.2679961324;1.684547186;11.29890823;16.25779933;-1.160490394;-0.01252272818;0.02321286127;5
16.25190756;-0.2488535494;1.741974831;11.15533924;16.25990126;-1.18492496;0.01435532235;0.02932151034;5
16.25400943;-0.2297109663;1.808973908;11.00219822;16.26200318;-1.20813787;0.04734202102;0.03787361458;5
16.25611136;-0.2201396823;1.861616015;10.84905815;16.26410511;-1.236237645;0.09254601598;0.04764745384;5
16.25821329;-0.2297109663;1.914258122;10.68156052;16.26620704;-1.260672212;0.1463021189;0.06108647957;5
16.26031521;-0.2823530734;1.966900229;10.56670475;16.26830891;-1.286328554;0.2037234008;0.07819069177;5
16.26241714;-0.3541377485;2.005185366;10.51406288;16.27041089;-1.305876136;0.2648098767;0.09407317638;5
16.26451907;-0.4642075896;2.01475668;10.53320503;16.27251277;-1.325423837;0.3246746361;0.1160643101;5
16.266621;-0.5838487148;2.048256159;10.62891865;16.27461475;-1.340084553;0.3845393658;0.1392771751;5
16.26872287;-0.6652047038;2.105684042;10.77248764;16.27671662;-1.349858403;0.4444041252;0.1612683088;5
16.27082485;-0.7369893789;2.158325911;10.93519974;16.27881855;-1.358410597;0.5006036758;0.1832594275;5
16.27292672;-0.7657032609;2.230110645;11.11705399;16.28092048;-1.36085403;0.5445859432;0.2064722925;5
16.2750287;-0.7752745152;2.297109842;11.32762241;16.2830224;-1.362075686;0.5812378526;0.2272416949;5
16.27713058;-0.7704889178;2.325823545;11.51904774;16.28512433;-1.359632254;0.6166679859;0.243124187;5
16.27923251;-0.7226324677;2.373680115;11.80618668;16.28722626;-1.354745388;0.6496546865;0.2577849329;5
16.28133443;-0.6843472719;2.359323025;12.0598259;16.28932813;-1.348636746;0.6801979542;0.2736674249;5
16.28343636;-0.6364908218;2.335394859;12.25603771;16.29143006;-1.342528105;0.7046325207;0.2834412456;5
16.28553829;-0.5694918036;2.273181438;12.44746304;16.29353198;-1.33764112;0.7180715203;0.2907716334;5
16.28764021;-0.5024927258;2.196611166;12.65803146;16.29563391;-1.332754254;0.7278453708;0.2944368124;5
16.28974209;-0.4115654826;2.129612207;12.85424328;16.29773584;-1.32786727;0.732732296;0.2944368124;5
16.29184402;-0.3349951804;2.043470621;13.02652645;16.29983777;-1.322980404;0.7315105796;0.289549917;5
16.29394594;-0.2392822653;1.93340075;13.21795273;16.30193969;-1.318093419;0.725401938;0.2797760665;5
16.29604787;-0.1435693651;1.837687731;13.40937805;16.30404157;-1.313206553;0.7144063711;0.2687804997;5
16.2981498;-0.05742774159;1.741974831;13.5912323;16.3061435;-1.307097912;0.6936369538;0.2528980076;5
16.30025173;0.004785645287;1.64626193;13.75872993;16.30824542;-1.302211046;0.6692023873;0.2333503515;5
16.30235365;0.07178468257;1.55054903;13.95494175;16.31034735;-1.294880629;0.632550478;0.2150243968;5
16.30445553;0.1292124242;1.45483613;14.10808277;16.31244928;-1.283885002;0.5946768522;0.1930332631;5
16.30655745;0.1531406492;1.373480201;14.27079391;16.3145512;-1.274111271;0.5445859432;0.1685986817;5
16.30865938;0.1866401732;1.31126678;14.4191494;16.31665313;-1.263115644;0.4920515716;0.1429423541;5
16.31076131;0.2297109663;1.258624673;14.59143257;16.31875506;-1.252120137;0.4309650958;0.1185077652;5
16.31286324;0.2919243574;1.21555388;14.73500156;16.32085693;-1.241124511;0.3698786199;0.09162971377;5
16.31496516;0.3206382394;1.191625714;14.84985733;16.32295886;-1.226463795;0.3026835024;0.06597339362;5
16.31706709;0.3349951804;1.158126116;14.95514107;16.32506079;-1.214246511;0.2342666388;0.03909534588;5
16.31916902;0.3589234054;1.143769264;15.05085468;16.32716271;-1.198364019;0.1670715213;0.0134390248;5
16.32127089;0.3637090325;1.0863415;15.13699627;16.32926464;-1.181259751;0.09621120244;-0.01099556591;5
16.32337282;0.3445664644;1.067198873;15.24228001;16.33136657;-1.166599035;0.02412915789;-0.03176496923;5
16.32547475;0.2871387303;1.009771109;15.32363605;16.33346844;-1.14827311;-0.04428769648;-0.05009091273;5
16.32757667;0.1866401732;0.9714859724;15.43370628;16.33557037;-1.131168842;-0.1090393662;-0.06597339362;5
16.3296786;0.08614161611;0.9332008362;15.5054903;16.3376723;-1.114064693;-0.1664606482;-0.07941242307;5
16.33178053;-0.0239282269;0.8805587292;15.57727528;16.33977422;-1.090851784;-0.2202167511;-0.09040798992;5
16.3338824;-0.1292124242;0.8470591903;15.60598946;16.34187615;-1.066417217;-0.2690859437;-0.1001818255;5
16.33598433;-0.2297109663;0.8279166222;15.67777443;16.34397808;-1.040760875;-0.3130682111;-0.1062904745;5
16.33808626;-0.2919243574;0.8279166222;15.73998737;16.34608001;-1.012661099;-0.3558287323;-0.1123991162;5
16.34018818;-0.3445664644;0.8231309652;15.7878437;16.34818193;-0.9796743989;-0.3875937164;-0.1160643101;5
16.34229011;-0.3349951804;0.8566305041;15.83570004;16.35028381;-0.9430224895;-0.4144717455;-0.1185077652;5
16.34439204;-0.3349951804;0.8709874153;15.8883419;16.35238574;-0.9051488638;-0.4327977002;-0.1209512278;5
16.34649396;-0.3589234054;0.8566305041;15.92184162;16.35448766;-0.8660535216;-0.4450149834;-0.1221729591;5
16.34859589;-0.3349951804;0.8805587292;15.90269947;16.35658959;-0.8245147467;-0.4499019086;-0.1221729591;5
16.35069777;-0.3254238665;0.8853443861;15.87877083;16.35869152;-0.7817541957;-0.4450149834;-0.1209512278;5
16.35279969;-0.3110669553;0.9188438654;15.84527111;16.36079344;-0.7389936447;-0.4303542376;-0.1172860414;5
16.35490162;-0.2919243574;0.9571290612;15.80698681;16.36289537;-0.6962331533;-0.4108065665;-0.1148425788;5
16.35700355;-0.2727817893;1.014556766;15.72563076;16.36499725;-0.6546943188;-0.3802633286;-0.1123991162;5
16.35910548;-0.2536391914;1.057627559;15.62513161;16.36709917;-0.6155989766;-0.3460549116;-0.1062904745;5
16.3612074;-0.1962114573;1.110269666;15.52463341;16.3692011;-0.575281918;-0.3032943606;-0.1001818255;5
16.36330933;-0.1531406492;1.138983607;15.39063549;16.37130303;-0.5410735011;-0.2605338395;-0.09407317638;5
16.3654112;-0.1100698411;1.172483087;15.22792339;16.37340495;-0.5080868006;-0.2141081095;-0.08552107215;5
16.36751313;-0.04307080805;1.201196909;15.0221405;16.37550683;-0.4787652791;-0.1627954692;-0.07696896046;5
16.36961506;0.004785645287;1.229910851;14.79721546;16.37760881;-0.4518872201;-0.1102610901;-0.06719512492;5
16.37171699;0.04307080805;1.282552958;14.54836178;16.37971074;-0.4274526238;-0.05161807314;-0.05864302069;5
16.37381891;0.0765703246;1.349551916;14.30429363;16.38181261;-0.4066832364;0.008246674202;-0.05253437161;5
16.37592079;0.1004985496;1.411765337;14.07458305;16.38391454;-0.3871355653;0.07299833745;-0.04642572254;5
16.37802277;0.1531406492;1.478764415;13.83530045;16.38601646;-0.3712530732;0.1401934624;-0.03787361458;5
16.38012469;0.2057827413;1.545763373;13.63908863;16.38811839;-0.3590357602;0.2086103261;-0.03176496923;5
16.38222657;0.2679961324;1.64626193;13.43330669;16.39022032;-0.3492619395;0.2733619809;-0.02565632015;5
16.3843285;0.2967100143;1.727617979;13.26580906;16.39232225;-0.3455967605;0.3344484568;-0.01710421406;5
16.38643042;0.3302095234;1.808973908;13.12223911;16.39442412;-0.3419315517;0.3906480372;-0.007330377586;5
16.38853235;0.3206382394;1.8855443;12.96431351;16.39652605;-0.3443750143;0.4346303046;0.006108647678;5
16.39063428;0.2727817893;1.947757602;12.83031464;16.39862798;-0.3541488647;0.4676169753;0.0183259435;5
16.3927362;0.1722832322;2.009970903;12.71067429;16.4007299;-0.362700969;0.4981602132;0.03298669681;5
16.39483808;0.07178468257;2.067398787;12.6053896;16.40283183;-0.3736965358;0.5164861679;0.05009091273;5
16.39694001;-0.06221338734;2.115255117;12.51446247;16.40493376;-0.3908007443;0.5225948095;0.06597339362;5
16.39904193;-0.1866401732;2.167897224;12.41874981;16.40703568;-0.409126699;0.5213730931;0.08429934084;5
16.40114386;-0.2919243574;2.20618248;12.36132145;16.40913756;-0.4298960865;0.5140427351;0.1026252806;5
16.40324579;-0.3732803464;2.215753794;12.31825066;16.41123948;-0.4531089365;0.4944950342;0.1197294965;5
16.40534771;-0.4354937077;2.210968018;12.29910851;16.41334141;-0.4763218164;0.4700604379;0.1343902498;5
16.40744964;-0.4833501875;2.20618248;12.2799654;16.41544334;-0.5031998754;0.4419606626;0.1478292793;5
16.40955152;-0.5120640397;2.158325911;12.26560879;16.41754527;-0.5264127254;0.4126391709;0.1600465775;5
16.41165344;-0.5072783828;2.11046958;12.25603771;16.41964719;-0.5508472919;0.3723220825;0.1722638607;5
16.41375537;-0.5216353536;2.038684845;12.29432297;16.42174912;-0.5777253509;0.335670203;0.1795942485;5
16.4158573;-0.5551348329;1.976471543;12.37089348;16.42385105;-0.5984947681;0.2953531146;0.1869246215;5
16.41795922;-0.5790630579;1.899901152;12.40439224;16.42595292;-0.6192641854;0.2538143098;0.1954767257;5
16.42006115;-0.626919508;1.804188251;12.51446247;16.42805485;-0.6375901103;0.2098320574;0.2015853822;5
16.42216308;-0.6412764788;1.703689694;12.63410378;16.43015678;-0.6534726024;0.16584979;0.2064722925;5
16.42426501;-0.6364908218;1.651047587;12.78245831;16.4322587;-0.6644681692;0.1182023361;0.2101374865;5
16.42636688;-0.5982056856;1.588834286;12.94995594;16.43436063;-0.668133378;0.07299833745;0.2113592178;5
16.42846881;-0.5312066078;1.545763373;13.12702465;16.43646256;-0.666911602;0.02901607752;0.2125809491;5
16.43057074;-0.4594219327;1.488335729;13.31845093;16.43856443;-0.6620246768;-0.01618791744;0.2113592178;5
16.43267266;-0.3924229145;1.40697968;13.51466274;16.44066636;-0.65102911;-0.05772672221;0.2089157552;5
16.43477459;-0.3158525825;1.306481123;13.76351547;16.44276829;-0.6351466775;-0.1017089859;0.2052505612;5
16.43687652;-0.2488535494;1.249053478;13.98365593;16.44487021;-0.6143772602;-0.1395826042;0.2003636509;5
16.43897839;-0.1770688742;1.191625714;14.18465233;16.44697214;-0.5887209177;-0.177456215;0.1942549944;5
16.44108032;-0.1196411327;1.124626637;14.40479279;16.44907407;-0.559399426;-0.2104429156;0.1869246215;5
16.44318225;-0.04785645381;1.048056364;14.62014675;16.451176;-0.525191009;-0.2397644222;0.1759290546;5
16.44528417;0.06221338734;0.9762716293;14.79721546;16.45327792;-0.4909825623;-0.2666424811;0.1637117565;5
16.4473861;0.1579262912;0.8805587292;14.95992756;16.4553798;-0.4482220411;-0.2837466896;0.1502727419;5
16.44948803;0.2871387303;0.7752745152;15.07478237;16.45748178;-0.409126699;-0.2947422564;0.1331685185;5
16.45158995;0.4163511395;0.6699903607;15.19442368;16.4595837;-0.366366148;-0.3032943606;0.1148425788;5
16.45369188;0.5599204898;0.5503492355;15.2853508;16.46168563;-0.3211621642;-0.300850898;0.09407317638;5
16.45579376;0.708275497;0.4498506486;15.33320713;16.46378751;-0.2784016132;-0.297185719;0.0745255053;5
16.45789574;0.8183453679;0.3493520916;15.32363605;16.46588943;-0.2331976295;-0.2886336148;0.05253437161;5
16.45999766;0.9188438654;0.2584248483;15.3044939;16.46799136;-0.1916588247;-0.2764163017;0.03298669681;5
16.46209959;1.000199914;0.1914258152;15.25663757;16.47009329;-0.1488982886;-0.2617555559;0.0134390248;5
16.46420146;1.028913736;0.1292124242;15.17049599;16.47219516;-0.1073594838;-0.2446513474;-0.003665188793;5
16.46630339;1.048056364;0.1004985496;15.07478237;16.47429709;-0.07192932814;-0.227547124;-0.02076940238;5
16.46840532;1.033699393;0.05742774159;14.97906971;16.47639902;-0.03161225095;-0.2055560052;-0.03420842811;5
16.47050725;1.009771109;0.07178468257;14.83550072;16.47850094;0.005039634649;-0.1835648715;-0.04764745384;5
16.47260912;0.9762716293;0.08614161611;14.71107388;16.48060287;0.04046979174;-0.1627954692;-0.05986474827;5
16.47471105;0.9236295223;0.1052841991;14.59143257;16.4827048;0.07467821985;-0.1408043355;-0.06963858753;5
16.47681298;0.8805587292;0.1579262912;14.45264912;16.48480673;0.1101083755;-0.1151480079;-0.07696896046;5
16.4789149;0.8327022791;0.2249253243;14.30907917;16.4869086;0.1406516135;-0.09315688163;-0.08429934084;5
16.48101683;0.813559711;0.3206382394;14.10808277;16.48901053;0.1724165827;-0.06994401664;-0.08918625861;5
16.48311876;0.756131947;0.3972085714;13.94058514;16.49111245;0.1956294477;-0.05039634556;-0.09285144508;5
16.48522068;0.6939185858;0.4785645306;13.73958778;16.49321438;0.2176205814;-0.03451386094;-0.09285144508;5
16.48732256;0.6556333899;0.5551348329;13.50509071;16.49531631;0.2322813272;-0.01985310577;-0.09040798992;5
16.48942448;0.5886343718;0.6221339107;13.26580906;16.49741824;0.2444986254;-0.007635809947;-0.09040798992;5
16.49152641;0.5312066078;0.7178468108;12.99781227;16.49952016;0.246942088;0.004581485875;-0.08918625861;5
16.49362834;0.4594219327;0.8087740541;12.69153118;16.50162204;0.2444986254;0.01557705179;-0.086742796;5
16.49573027;0.4211367965;0.866201818;12.3996067;16.50372396;0.2420551628;0.02290742844;-0.08185587823;5
16.49783219;0.3589234054;0.9475577474;12.08854008;16.50582589;0.2286161482;0.02779434808;-0.0745255053;5
16.49993412;0.3158525825;1.019342422;11.83968639;16.50792782;0.2127336562;0.02779434808;-0.06475166976;5
16.502036;0.2584248483;1.062413216;11.55733299;16.51002975;0.1956294477;0.02779434808;-0.0549778305;5
16.50413792;0.2105683982;1.115055323;11.32283688;16.51213162;0.1748600453;0.02779434808;-0.04764745384;5
16.50623985;0.1339980662;1.115055323;11.09791183;16.5142336;0.150425449;0.02290742844;-0.03909534588;5
16.50834178;0.1004985496;1.13419795;10.90170002;16.51633548;0.1284343153;0.01802051067;-0.03176496923;5
16.5104437;0.0765703246;1.143769264;10.71506023;16.51843745;0.1039997265;0.009468403645;-0.02809977904;5
16.51254558;0.06699903309;1.138983607;10.5858469;16.52053933;0.07834340632;-0.002748891478;-0.0268780496;5
16.51464756;0.09092725813;1.124626637;10.4853487;16.52264126;0.05390881747;-0.01374445762;-0.0268780496;5
16.51674943;0.1387837082;1.129412293;10.39442158;16.52474318;0.02825249545;-0.02840521187;-0.02809977904;5
16.51885141;0.1818545163;1.148554921;10.32742214;16.52684511;0.006261364091;-0.0418442376;-0.03176496923;5
16.52095329;0.2392822653;1.129412293;10.24606609;16.52894704;-0.01450803876;-0.0601701811;-0.036651887;5
16.52305521;0.3014956415;1.115055323;10.2029953;16.53104896;-0.03405570984;-0.07238747925;-0.04031707719;5
16.52515714;0.3302095234;1.100698471;10.15992451;16.53315084;-0.05482511222;-0.08460476995;-0.04398226365;5
16.52725907;0.3541377485;1.071984529;10.14556789;16.53525277;-0.07192932814;-0.09437860548;-0.04764745384;5
16.529361;0.3349951804;1.03848505;10.12642574;16.53735469;-0.08536835015;-0.1004872546;-0.04764745384;5
16.53146292;0.3062812984;1.024128079;10.12164021;16.53945662;-0.1000291109;-0.1029307172;-0.04642572254;5
16.5335648;0.2536391914;0.9906286001;10.14556789;16.54155855;-0.1098029464;-0.1053741723;-0.04276053607;5
16.53566673;0.1818545163;0.9667003751;10.17906761;16.54366048;-0.1207985133;-0.1053741723;-0.03909534588;5
16.53776865;0.1100698411;0.9523434043;10.23649502;16.5457624;-0.1281288862;-0.1053741723;-0.03543015569;5
16.53987058;0.0239282269;0.9284151793;10.27956581;16.54786428;-0.1330158114;-0.1041524485;-0.02932151034;5
16.54197251;-0.0382851623;0.8949156404;10.34656525;16.5499662;-0.1305723488;-0.1053741723;-0.0268780496;5
16.54407443;-0.09092725813;0.8614161611;10.40877819;16.55206813;-0.1281288862;-0.1065959036;-0.02199113183;5
16.54617636;-0.1196411327;0.8566305041;10.49013424;16.55417006;-0.1220202371;-0.1065959036;-0.02076940238;5
16.54827824;-0.1292124242;0.8327022791;10.59541893;16.55627199;-0.1134681329;-0.1114828214;-0.0183259435;5
16.55038016;-0.1339980662;0.7896314859;10.65284634;16.55837386;-0.1036942974;-0.1102610901;-0.01710421406;5
16.55248209;-0.1292124242;0.756131947;10.70070267;16.56047579;-0.09269873053;-0.1102610901;-0.01466075517;5
16.55458402;-0.1483550072;0.7178468108;10.71984577;16.56257771;-0.07925970852;-0.1053741723;-0.0134390248;5
16.55668594;-0.1531406492;0.6843472719;10.748559;16.56467964;-0.06459894776;-0.1041524485;-0.0134390248;5
16.55878782;-0.1579262912;0.650847733;10.77727318;16.56678157;-0.05238165334;-0.0980437994;-0.01221729536;5
16.56088975;-0.1722832322;0.626919508;10.77248764;16.5688835;-0.03772090003;-0.09315688163;-0.01099556591;5
16.56299167;-0.1627119333;0.5838487148;10.78205872;16.57098542;-0.02183841541;-0.08704823256;-0.007330377586;5
16.5650936;-0.1339980662;0.5647061467;10.76291656;16.57308735;-0.0108428495;-0.08338304609;-0.006108647678;5
16.56719553;-0.1244267747;0.5599204898;10.77248764;16.57518923;0.001374445739;-0.07727439702;-0.007330377586;5
16.56929745;-0.1196411327;0.5407779217;10.77248764;16.5772912;0.01359174121;-0.0736092031;-0.007330377586;5
16.57139938;-0.1004985496;0.5120640397;10.75334454;16.57939308;0.02458730713;-0.07238747925;-0.008552107029;5
16.57350131;-0.09092725813;0.4929214716;10.71027374;16.58149501;0.03436114267;-0.07238747925;-0.01099556591;5
16.57560318;-0.06699903309;0.4642075896;10.64327526;16.58359693;0.04291325063;-0.07727439702;-0.01466075517;5
16.57770516;-0.04785645381;0.4354937077;10.57149029;16.58569886;0.05024362728;-0.08216131479;-0.01954767294;5
16.57980704;-0.009571290575;0.4163511395;10.47099209;16.58780074;0.05513054505;-0.08582650125;-0.02321286127;5
16.58190896;-0.004785645287;0.3924229145;10.38006496;16.58990266;0.05757400393;-0.09315688163;-0.03054323979;5
16.58401089;0.0239282269;0.3493520916;10.27956581;16.59200464;0.05879573524;-0.09926552325;-0.03298669681;5
16.58611282;0.03349951655;0.3349951804;10.14556789;16.59410652;0.05635227636;-0.1078176349;-0.036651887;5
16.58821469;0.02871387079;0.3254238665;10.01156998;16.5962085;0.05635227636;-0.1127045527;-0.04031707719;5
16.59031662;0.02871387079;0.3349951804;9.868000984;16.59831037;0.05024362728;-0.113926284;-0.04276053607;5
16.5924186;-0.009571290575;0.3397808075;9.734002113;16.6004123;0.04535670951;-0.1163697392;-0.04398226365;5
16.59452048;-0.02871387079;0.3541377485;9.595218658;16.60251422;0.03680460155;-0.1188132018;-0.04642572254;5
16.59662245;-0.05264209956;0.3780659735;9.461220741;16.6046161;0.02580903657;-0.1200349256;-0.04764745384;5
16.59872433;-0.07178468257;0.3924229145;9.351150513;16.60671803;0.01847865991;-0.1212566569;-0.04764745384;5
16.60082626;-0.08135596663;0.4211367965;9.221938133;16.60881995;0.006261364091;-0.1188132018;-0.04642572254;5
16.60292818;-0.09571290761;0.4402793646;9.131011009;16.61092188;-0.005955931731;-0.1175914705;-0.04642572254;5
16.60503006;-0.1196411327;0.4689932466;9.016156197;16.61302381;-0.01817322709;-0.1127045527;-0.04520399496;5
16.60713199;-0.1483550072;0.4785645306;8.949156761;16.61512574;-0.02916879393;-0.1114828214;-0.04276053607;5
16.60923391;-0.1722832322;0.5072783828;8.886942863;16.61722766;-0.04016435891;-0.1041524485;-0.04153880477;5
16.61133584;-0.2009970993;0.5120640397;8.858229637;16.61932954;-0.04993819445;-0.1017089859;-0.036651887;5
16.61343777;-0.2105683982;0.5264210105;8.819944382;16.62143152;-0.05849030241;-0.09560033679;-0.03543015569;5
16.61553969;-0.2249253243;0.5312066078;8.800801277;16.62353344;-0.06582067907;-0.08704823256;-0.03298669681;5
16.61764162;-0.2297109663;0.5264210105;8.819944382;16.62563532;-0.07192932814;-0.07849612087;-0.03054323979;5
16.6197435;-0.2632105052;0.5312066078;8.848658562;16.62773725;-0.07681624591;-0.07116574794;-0.02565632015;5
16.62184548;-0.2727817893;0.4785645306;8.896514893;16.62983917;-0.08048143238;-0.06383536756;-0.02321286127;5
16.6239474;-0.2967100143;0.4498506486;8.910871506;16.6319411;-0.08414662629;-0.05772672221;-0.02076940238;5
16.62604928;-0.3062812984;0.4259224236;8.953942299;16.63404303;-0.09025526792;-0.04917461425;-0.01954767294;5
16.6281512;-0.3254238665;0.3589234054;8.997013092;16.6361449;-0.09025526792;-0.04062250629;-0.01710421406;5
16.63025313;-0.3014956415;0.3206382394;9.040083885;16.63824688;-0.09392046183;-0.03451386094;-0.01588248461;5
16.63235506;-0.3302095234;0.2775674164;9.092725754;16.64034876;-0.09514218569;-0.02718348242;-0.01588248461;5
16.63445698;-0.3206382394;0.2488535494;9.121439934;16.64245068;-0.09514218569;-0.02107483521;-0.01588248461;5
16.63655886;-0.3110669553;0.1962114573;9.154939651;16.64455261;-0.09514218569;-0.01618791744;-0.01466075517;5
16.63866084;-0.3110669553;0.1818545163;9.183652878;16.64665454;-0.09636391699;-0.01496618707;-0.0134390248;5
16.64076271;-0.3158525825;0.1627119333;9.2362957;16.64875646;-0.09636391699;-0.01252272818;-0.01221729536;5
16.64286464;-0.3206382394;0.1435693651;9.298508644;16.65085839;-0.09392046183;-0.01252272818;-0.01099556591;5
16.64496657;-0.3349951804;0.1244267747;9.351150513;16.65296027;-0.08903354406;-0.01252272818;-0.009773836471;5
16.6470685;-0.3541377485;0.1052841991;9.432506561;16.65506219;-0.08659008145;-0.01374445762;-0.008552107029;5
16.64917042;-0.3828516304;0.0765703246;9.470791817;16.65716412;-0.08170316368;-0.01496618707;-0.006108647678;5
16.65127235;-0.3924229145;0.0382851623;9.552147865;16.65926605;-0.07681624591;-0.01496618707;-0.006108647678;5
16.65337422;-0.4163511395;-0.004785645287;9.580862045;16.66136798;-0.07070759684;-0.0100792693;-0.004886918236;5
16.65547615;-0.4594219327;-0.05264209956;9.609575272;16.6634699;-0.06459894776;-0.0100792693;-0.002443459118;5
16.65757808;-0.4881358147;-0.09092725813;9.623932838;16.66557183;-0.05726857483;-0.003970621154;-0.002443459118;5
16.65968001;-0.5168496966;-0.1387837082;9.643074989;16.6676737;-0.04993819445;0.0033597562;-0.002443459118;5
16.66178193;-0.5455635786;-0.1435693651;9.671789169;16.66977563;-0.04138609022;0.008246674202;0.0;5
16.66388386;-0.5312066078;-0.1531406492;9.671789169;16.67187756;-0.03405570984;0.01557705179;0.002443459118;5
16.66598579;-0.5455635786;-0.1627119333;9.676574707;16.67397948;-0.02794706449;0.02290742844;0.001221729559;5
16.66808766;-0.5455635786;-0.1531406492;9.662218094;16.67608141;-0.02183841541;0.03023780696;0.002443459118;5
16.67018959;-0.5264210105;-0.1483550072;9.662218094;16.67818334;-0.01328630932;0.03878991306;0.004886918236;5
16.67229152;-0.5168496966;-0.1387837082;9.662218094;16.68028521;-0.007177661173;0.04734202102;0.004886918236;5
16.67439344;-0.5120640397;-0.1244267747;9.623932838;16.68238719;-0.002290742937;0.05222893879;0.007330377586;5
16.67649537;-0.4785645306;-0.1052841991;9.57129097;16.68448907;0.001374445739;0.05955931544;0.007330377586;5
16.6785973;-0.4498506486;-0.1004985496;9.518648148;16.686591;0.005039634649;0.06322450191;0.006108647678;5
16.68069917;-0.4211367965;-0.09571290761;9.44207859;16.68869292;0.005039634649;0.06688969582;0.007330377586;5
16.68280115;-0.3876372576;-0.07178468257;9.375079155;16.69079485;0.002596175298;0.07055488229;0.004886918236;5
16.68490303;-0.3541377485;-0.09092725813;9.303294182;16.69289678;-0.002290742937;0.07544180006;0.003665188793;5
16.68700495;-0.3110669553;-0.09571290761;9.217152596;16.6949987;-0.005955931731;0.07910698652;0.002443459118;5
16.68910688;-0.2871387303;-0.1052841991;9.140582085;16.69710058;-0.0108428495;0.08277218044;0.0;5
16.69120881;-0.2632105052;-0.09092725813;9.083154678;16.69920251;-0.0157297682;0.08765909821;-0.002443459118;5
16.69331074;-0.2488535494;-0.0765703246;9.016156197;16.70130443;-0.0242818743;0.09010255337;-0.004886918236;5
16.69541266;-0.2249253243;-0.05742774159;8.949156761;16.70340636;-0.03161225095;0.09254601598;-0.008552107029;5
16.69751454;-0.2249253243;-0.04307080805;8.906085968;16.70550829;-0.04138609022;0.09621120244;-0.01221729536;5
16.69961646;-0.2392822653;-0.04307080805;8.87258625;16.70761021;-0.05115992576;0.09743293375;-0.01099556591;5
16.70171839;-0.2488535494;-0.0239282269;8.834300995;16.70971214;-0.0621554926;0.09498947114;-0.01099556591;5
16.70382032;-0.2632105052;-0.0143569354;8.772088051;16.71181402;-0.07559451461;0.09743293375;-0.009773836471;5
16.70592225;-0.3206382394;0.009571290575;8.772088051;16.713916;-0.08659008145;0.09254601598;-0.006108647678;5
16.70802417;-0.3780659735;0.0239282269;8.762516975;16.71601787;-0.09636391699;0.08765909821;-0.001221729559;5
16.7101261;-0.4546363056;0.04785645381;8.729017258;16.7181198;-0.1098029464;0.07910698652;0.003665188793;5
16.71222798;-0.5264210105;0.04785645381;8.714659691;16.72022173;-0.119576782;0.06811141968;0.009773836471;5
16.71432995;-0.5934200287;0.07178468257;8.757730484;16.72232365;-0.1342375278;0.05711585656;0.01710421406;5
16.71643183;-0.6221339107;0.05742774159;8.762516975;16.72442558;-0.1440113783;0.04489856213;0.02321286127;5
16.71853376;-0.6460621357;0.06699903309;8.786444664;16.72652751;-0.1537852138;0.02535088919;0.02932151034;5
16.72063568;-0.6891329288;0.06221338734;8.824729919;16.72862938;-0.1647807807;0.009468403645;0.03543015569;5
16.72273761;-0.679561615;0.04785645381;8.84387207;16.73073131;-0.1733328849;-0.0100792693;0.03787361458;5
16.72483954;-0.6747759581;0.004785645287;8.867800713;16.73283324;-0.1843284518;-0.02718348242;0.04031707719;5
16.72694146;-0.6556333899;0.0;8.886942863;16.73493516;-0.192880556;-0.04917461425;0.04031707719;5
16.72904334;-0.6317051649;-0.04307080805;8.891729355;16.73703709;-0.2014326602;-0.06383536756;0.04031707719;5
16.73114527;-0.5982056856;-0.06221338734;8.930013657;16.73913902;-0.2099847645;-0.07849612087;0.03909534588;5
16.73324719;-0.5599204898;-0.09571290761;8.939585686;16.74124094;-0.2173151523;-0.09193515033;0.03787361458;5
16.73534912;-0.5120640397;-0.1052841991;8.920442581;16.74334282;-0.2270889878;-0.0968220681;0.036651887;5
16.73745105;-0.4785645306;-0.1052841991;8.953942299;16.7454448;-0.2319758981;-0.1053741723;0.03543015569;5
16.73955298;-0.4642075896;-0.09092725813;8.949156761;16.74754667;-0.2417497337;-0.1114828214;0.036651887;5
16.7416549;-0.4642075896;-0.09571290761;8.906085968;16.7496486;-0.2515235841;-0.1090393662;0.03787361458;5
16.74375678;-0.4450650215;-0.09571290761;8.906085968;16.75175053;-0.2588539422;-0.1029307172;0.03909534588;5
16.74585876;-0.4642075896;-0.09571290761;8.891729355;16.75385245;-0.2686277926;-0.09560033679;0.04276053607;5
16.74796063;-0.4785645306;-0.06699903309;8.930013657;16.75595438;-0.2722929716;-0.08949168772;0.04764745384;5
16.75006256;-0.5072783828;-0.04307080805;8.925228119;16.75805626;-0.2747364342;-0.08093958348;0.05131264031;5
16.75216448;-0.5264210105;0.0;8.97308445;16.76015818;-0.2796233594;-0.0736092031;0.05742128938;5
16.75426641;-0.5168496966;0.03349951655;9.020941734;16.76226011;-0.2808450758;-0.06750056148;0.06108647957;5
16.75636834;-0.5120640397;0.0765703246;9.097511292;16.76436204;-0.2820668221;-0.06139190868;0.06597339362;5
16.75847021;-0.4881358147;0.1148554832;9.154939651;16.76646396;-0.2832885385;-0.05650499091;0.07086031139;5
16.76057214;-0.4881358147;0.1387837082;9.188439369;16.76856589;-0.2845102847;-0.04673115537;0.07819069177;5
16.76267407;-0.4642075896;0.1387837082;9.217152596;16.77066782;-0.2881754637;-0.03695731983;0.08063415438;5
16.764776;-0.4689932466;0.1531406492;9.241081238;16.77276969;-0.2918406427;-0.02840521187;0.08552107215;5
16.76687792;-0.4307080805;0.1483550072;9.250652313;16.77487162;-0.2967275679;-0.01496618707;0.09040798992;5
16.76897985;-0.4019941986;0.1627119333;9.260223389;16.77697355;-0.3016144931;-0.005192350596;0.09285144508;5
16.77108178;-0.3541377485;0.1579262912;9.269794464;16.77907548;-0.3065013885;0.009468403645;0.09529490769;5
16.77318365;-0.3158525825;0.1722832322;9.327222824;16.7811774;-0.3113883138;0.02657261863;0.09529490769;5
16.77528558;-0.2536391914;0.1914258152;9.379864693;16.78327933;-0.3113883138;0.04367683083;0.09529490769;5
16.77738751;-0.2057827413;0.1914258152;9.437292099;16.78538126;-0.3138317764;0.05955931544;0.09651663154;5
16.77948943;-0.1818545163;0.2009970993;9.51386261;16.78748313;-0.3150535226;0.07544180006;0.09529490769;5
16.78159136;-0.1674975902;0.2009970993;9.614361763;16.78958506;-0.3187187016;0.08888082206;0.09407317638;5
16.78369329;-0.1531406492;0.2009970993;9.743574142;16.79168699;-0.3187187016;0.09743293375;0.09407317638;5
16.78579521;-0.1387837082;0.2057827413;9.858428955;16.79378891;-0.3138317764;0.105985038;0.09529490769;5
16.78789709;-0.1244267747;0.2153540403;10.01635551;16.79589084;-0.3113883138;0.1096502244;0.09407317638;5
16.78999902;-0.1052841991;0.2440679073;10.17428207;16.79799277;-0.3089448512;0.1145371497;0.09651663154;5
16.79210094;-0.07178468257;0.2679961324;10.37049294;16.80009469;-0.3028362095;0.1157588735;0.09773836285;5
16.79420287;-0.04307080805;0.3014956415;10.53320503;16.80219662;-0.2979492843;0.1182023361;0.09651663154;5
16.7963048;-0.0143569354;0.3014956415;10.67677498;16.8042985;-0.2918406427;0.1230892539;0.09651663154;5
16.79840672;0.0143569354;0.3158525825;10.85862923;16.80640042;-0.2881754637;0.1328630894;0.09651663154;5
16.80050865;0.02871387079;0.3158525825;11.04526901;16.80850235;-0.2832885385;0.1389717311;0.09407317638;5
16.80261058;0.04785645381;0.3493520916;11.16491032;16.81060428;-0.2796233594;0.1438586563;0.09407317638;5
16.80471245;0.06699903309;0.3732803464;11.28455162;16.8127062;-0.2759581506;0.1438586563;0.09162971377;5
16.80681438;0.1052841991;0.4115654826;11.38026428;16.81480813;-0.2735147178;0.1389717311;0.086742796;5
16.80891631;0.1531406492;0.4594219327;11.50469112;16.81691001;-0.2722929716;0.1389717311;0.08307760954;5
16.81101824;0.2009970993;0.5024927258;11.60519028;16.81901198;-0.2735147178;0.1353065521;0.07941242307;5
16.81312016;0.2440679073;0.5503492355;11.77268696;16.82111386;-0.2710712552;0.1304196268;0.07696896046;5
16.81522209;0.2440679073;0.5982056856;11.9162569;16.82321579;-0.2710712552;0.1230892539;0.073303774;5
16.81732396;0.2057827413;0.650847733;12.06461143;16.82531771;-0.269849509;0.1133154184;0.07208204269;5
16.81942594;0.1674975902;0.7130611539;12.24646664;16.82741964;-0.2674060464;0.1072067693;0.06963858753;5
16.82152782;0.1339980662;0.7704889178;12.40917778;16.82952157;-0.2637408674;0.1010981202;0.06597339362;5
16.82362975;0.1196411327;0.8087740541;12.59103298;16.83162344;-0.2576322258;0.09132428467;0.06475166976;5
16.82573167;0.1004985496;0.8183453679;12.76331615;16.83372537;-0.2551887631;0.08277218044;0.06475166976;5
16.8278336;0.0765703246;0.8279166222;12.9451704;16.8358273;-0.2478583902;0.07299833745;0.06230820715;5
16.82993553;0.05742774159;0.8470591903;13.08395386;16.83792922;-0.2417497337;0.06444623321;0.06230820715;5
16.8320374;0.0239282269;0.8757730722;13.24666595;16.84003115;-0.2344193608;0.06200277433;0.05986474827;5
16.83413933;0.004785645287;0.9140582681;13.39502144;16.84213308;-0.2270889878;0.05833758786;0.05864302069;5
16.83624126;0.01914258115;0.9523434043;13.54337597;16.84423501;-0.2148716897;0.05467239767;0.05619955808;5
16.83834318;0.004785645287;0.9858429432;13.71565914;16.84633693;-0.2050978541;0.05345066637;0.05619955808;5
16.84044511;0.004785645287;1.014556766;13.93579865;16.84843881;-0.1941022873;0.05345066637;0.05375609919;5
16.84254704;0.0143569354;1.057627559;14.10808277;16.85054074;-0.1818849891;0.0497854799;0.05375609919;5
16.84464896;0.02871387079;1.100698471;14.28993702;16.85264266;-0.1672242284;0.04734202102;0.05253437161;5
16.84675089;0.009571290575;1.13419795;14.47179127;16.85474459;-0.1537852138;0.04123337194;0.05131264031;5
16.84885277;0.0;1.158126116;14.65843105;16.85684652;-0.1391244531;0.03634645417;0.04764745384;5
16.85095469;0.004785645287;1.158126116;14.82592869;16.85894844;-0.1232419685;0.02901607752;0.04520399496;5
16.85305662;-0.009571290575;1.158126116;14.98385525;16.86105037;-0.1085812151;0.02290742844;0.04276053607;5
16.85515855;0.0;1.143769264;15.13221073;16.86315225;-0.09269873053;0.01679878123;0.03909534588;5
16.85726048;0.01914258115;1.129412293;15.26620865;16.86525417;-0.07803797722;0.009468403645;0.03420842811;5
16.8593624;0.05264209956;1.115055323;15.39063549;16.8673561;-0.0609337613;-0.0003054323897;0.03054323979;5
16.86146433;0.09571290761;1.105484009;15.51984787;16.86945803;-0.0438295491;-0.0100792693;0.02443459071;5
16.8635662;0.1579262912;1.095912814;15.62991714;16.87155995;-0.02550360374;-0.01252272818;0.0183259435;5
16.86566813;0.2057827413;1.100698471;15.71605873;16.87366188;-0.008399390616;-0.01252272818;0.0134390248;5
16.86777006;0.2105683982;1.062413216;15.81177235;16.87576381;0.01359174121;-0.0100792693;0.006108647678;5
16.86987198;0.1962114573;1.048056364;15.94098473;16.87786574;0.03313941509;-0.007635809947;0.001221729559;5
16.87197391;0.1722832322;1.033699393;16.051054;16.87996766;0.05635227636;-0.006414080039;-0.006108647678;5
16.87407584;0.1531406492;1.014556766;16.18505287;16.88206954;0.08200860023;-0.005192350596;-0.01099556591;5
16.87617777;0.1387837082;1.028913736;16.29990768;16.88417146;0.1076649204;-0.003970621154;-0.0183259435;5
16.87827969;0.1483550072;1.052842021;16.40040588;16.88627339;0.1345429718;-0.003970621154;-0.02199113183;5
16.88038162;0.1483550072;1.071984529;16.47697639;16.88837532;0.1614210159;0.002138026757;-0.02565632015;5
16.8824835;0.1674975902;1.110269666;16.54397583;16.89047725;0.1858556122;0.005803215317;-0.02932151034;5
16.88458542;0.1818545163;1.148554921;16.55833244;16.89257917;0.2102901936;0.0131335929;-0.03054323979;5
16.88668735;0.1627119333;1.1820544;16.53919029;16.89468105;0.2322813272;0.021685699;-0.02932151034;5
16.88878928;0.1339980662;1.210768223;16.50090408;16.89678303;0.2542724609;0.02657261863;-0.02809977904;5
16.8908912;0.09092725813;1.205982566;16.49133301;16.8988849;0.273820132;0.03268126398;-0.02321286127;5
16.89299313;0.0382851623;1.210768223;16.49133301;16.90098683;0.2945895493;0.03512472659;-0.01954767294;5
16.89509501;-0.05264209956;1.210768223;16.56311798;16.90308876;0.3129154742;0.03268126398;-0.01221729536;5
16.89719698;-0.1579262912;1.225125194;16.60140419;16.90519068;0.3336848915;0.02657261863;-0.003665188793;5
16.89929886;-0.2823530734;1.268195987;16.6779747;16.90729261;0.3532325625;0.01679878123;0.003665188793;5
16.90140079;-0.4115654826;1.301695466;16.74018669;16.90939448;0.37400195;-0.00152716192;0.0134390248;5
16.90350271;-0.4785645306;1.325623751;16.82632828;16.91149646;0.3923279047;-0.02229656465;0.02076940238;5
16.90560464;-0.5264210105;1.354337573;16.94597054;16.91359834;0.4143190384;-0.05283980444;0.02932151034;5
16.90770657;-0.5551348329;1.339980721;17.04646873;16.91570027;0.4350884259;-0.08460476995;0.03543015569;5
16.90980844;-0.5407779217;1.339980721;17.16610909;16.91780219;0.4546361268;-0.1224783882;0.04153880477;5
16.91191042;-0.5168496966;1.316052437;17.22353745;16.91990412;0.4754055142;-0.1652389169;0.04520399496;5
16.9140123;-0.4689932466;1.282552958;17.30010796;16.92200605;0.4961749315;-0.2079994529;0.04764745384;5
16.91611422;-0.4307080805;1.268195987;17.33360672;16.92410792;0.5145008564;-0.2483165264;0.05009091273;5
16.91821615;-0.3828516304;1.229910851;17.37189293;16.92620985;0.5291616321;-0.2947422564;0.05253437161;5
16.92031808;-0.3206382394;1.210768223;17.36232185;16.92831178;0.5401571989;-0.347276628;0.05131264031;5
16.92242001;-0.2392822653;1.162911773;17.29053688;16.9304137;0.5511527658;-0.393702358;0.05131264031;5
16.92452188;-0.1962114573;1.129412293;17.28575134;16.93251563;0.5597048402;-0.440128088;0.04886918142;5
16.92662381;-0.1292124242;1.100698471;17.26660728;16.93461756;0.5670352578;-0.4804451466;0.04642572254;5
16.92872574;-0.09571290761;1.076770186;17.22353745;16.93671948;0.5780308247;-0.5195404887;0.04153880477;5
16.93082766;-0.05264209956;1.048056364;17.19482422;16.93882136;0.5865828991;-0.5525271893;0.03787361458;5
16.93292959;-0.0239282269;1.019342422;17.1804657;16.94092329;0.5951350331;-0.5842921734;0.03298669681;5
16.93503152;0.009571290575;0.9954141974;17.16132355;16.94302521;0.6036871076;-0.6111702323;0.02565632015;5
16.93713344;0.08614161611;0.9667003751;17.1804657;16.94512714;0.6146826744;-0.633161366;0.01954767294;5
16.93923532;0.1531406492;0.8997012973;17.15653801;16.94722907;0.6293434501;-0.6539307237;0.01221729536;5
16.94133725;0.2009970993;0.8518448472;17.1421814;16.949331;0.6452259421;-0.6673697829;0.004886918236;5
16.94343917;0.2440679073;0.8231309652;17.11825371;16.95143292;0.6623301506;-0.683252275;-0.004886918236;5
16.9455411;0.3110669553;0.7944171429;17.10868263;16.95353485;0.6843212843;-0.6942478418;-0.0134390248;5
16.94764303;0.3876372576;0.760917604;17.07518196;16.95563672;0.7075341344;-0.7052434087;-0.02199113183;5
16.94974495;0.4546363056;0.7657032609;17.0416832;16.95773865;0.7283035517;-0.7186824083;-0.03054323979;5
16.95184688;0.5407779217;0.7465606928;17.02732658;16.95984058;0.7527381182;-0.7272345424;-0.04031707719;5
16.95394881;0.6077769399;0.760917604;17.01775551;16.96194251;0.7783944607;-0.7272345424;-0.05009091273;5
16.95605068;0.6652047038;0.756131947;16.99382591;16.96404443;0.8028290272;-0.7260127664;-0.06108647957;5
16.95815261;0.7274180651;0.756131947;16.95554161;16.96614631;0.8272636533;-0.7223476171;-0.07086031139;5
16.96025454;0.784845829;0.7513462901;16.92204094;16.96824829;0.8553634286;-0.7162389755;-0.08307760954;5
16.96235646;0.8422735929;0.7417750359;16.85025787;16.97035016;0.8785762787;-0.7137954831;-0.09651663154;5
16.96445839;0.9332008362;0.7274180651;16.7545433;16.97245209;0.9091194868;-0.7040216327;-0.1123991162;5
16.96656027;1.000199914;0.6652047038;16.65883064;16.97455402;0.9347758293;-0.6918043494;-0.1270598769;5
16.96866225;1.081555843;0.626919508;16.55833244;16.97665594;0.9628756046;-0.6783653498;-0.1441640854;5
16.97076412;1.162911773;0.5838487148;16.43390656;16.97875787;0.9885319471;-0.6588176489;-0.1600465775;5
16.97286605;1.225125194;0.5407779217;16.29512215;16.9808598;1.011744738;-0.6343830824;-0.1747073233;5
16.97496798;1.26341033;0.4929214716;16.13719559;16.98296167;1.036179423;-0.6026180983;-0.1844811589;5
16.9770699;1.277767301;0.4785645306;15.96969795;16.9850636;1.059392214;-0.5659661889;-0.1954767257;5
16.97917183;1.268195987;0.4450650215;15.77827263;16.98716553;1.082605124;-0.5280926228;-0.2040288299;5
16.98127376;1.239482164;0.4498506486;15.62034607;16.98926745;1.103374481;-0.4865537882;-0.2113592178;5
16.98337563;1.201196909;0.4498506486;15.43370628;16.99136938;1.122922182;-0.4413498044;-0.2186895907;5
16.98547756;1.172483087;0.4498506486;15.29970837;16.99347131;1.14369154;-0.3949240744;-0.2284634262;5
16.98757948;1.153340459;0.4642075896;15.13221073;16.99557324;1.165682673;-0.347276628;-0.2382372618;5
16.98968141;1.143769264;0.4929214716;14.97428417;16.99767511;1.184008718;-0.2996291816;-0.2480110973;5
16.99178334;1.138983607;0.5216353536;14.81157207;16.99977709;1.19989109;-0.2568686306;-0.2553414702;5
16.99388527;1.124626637;0.5264210105;14.62493229;17.00187902;1.214551926;-0.2128863782;-0.2602283955;5
16.99598719;1.124626637;0.5599204898;14.43350601;17.00398089;1.226769209;-0.1689041108;-0.2638935745;5
16.99808907;1.100698471;0.5742774606;14.20379543;17.00608282;1.236543059;-0.1224783882;-0.2638935745;5
17.00019105;1.03848505;0.5790630579;14.04108334;17.00818475;1.24631691;-0.0736092031;-0.2602283955;5
17.00229298;0.94277215;0.5982056856;13.85922909;17.01028667;1.254868984;-0.02229656465;-0.2528980076;5
17.00439485;0.8566305041;0.6029912829;13.74437332;17.01238855;1.260977626;0.02535088919;-0.2455676347;5
17.00649678;0.7417750359;0.5982056856;13.64387512;17.01449048;1.267086267;0.06933315098;-0.2357937992;5
17.0085987;0.6412764788;0.5982056856;13.53859043;17.0165924;1.270751476;0.1047633067;-0.2260199636;5
17.01070063;0.5407779217;0.6221339107;13.44766331;17.01869433;1.275638342;0.1377500147;-0.219911322;5
17.01280251;0.4594219327;0.6125625968;13.35673618;17.02079626;1.279303551;0.16584979;-0.2125809491;5
17.01490443;0.4115654826;0.6029912829;13.31845093;17.02289818;1.284190536;0.1853974611;-0.2089157552;5
17.01700636;0.3876372576;0.6221339107;13.2705946;17.02500011;1.287855625;0.2000582218;-0.2052505612;5
17.01910829;0.4019941986;0.6317051649;13.24188042;17.02710204;1.289077401;0.2049451321;-0.2015853822;5
17.02121021;0.3972085714;0.6221339107;13.2275238;17.02920396;1.293964267;0.2073885947;-0.1942549944;5
17.02331214;0.3876372576;0.626919508;13.24666595;17.03130584;1.298851252;0.2073885947;-0.1905898154;5
17.02541407;0.3445664644;0.6125625968;13.31366539;17.03340777;1.30251646;0.2037234008;-0.1808159798;5
17.027516;0.3158525825;0.5886343718;13.41894913;17.03550969;1.313511968;0.2012799382;-0.1759290546;5
17.02961792;0.2536391914;0.5551348329;13.55773354;17.03761162;1.32939446;0.1951712966;-0.1722638607;5
17.0317198;0.2153540403;0.4977070987;13.73958778;17.03971355;1.346498728;0.189062655;-0.169820413;5
17.03382173;0.2009970993;0.4211367965;13.93579865;17.04181548;1.374598503;0.1780670881;-0.1685986817;5
17.03592365;0.1818545163;0.3014956415;14.16551018;17.0439174;1.402698278;0.1646280587;-0.1685986817;5
17.03802558;0.1627119333;0.1962114573;14.40479279;17.04601933;1.438128352;0.1389717311;-0.169820413;5
17.04012751;0.09092725813;0.1004985496;14.65364552;17.0481212;1.477223754;0.1157588735;-0.1722638607;5
17.04222943;0.01914258115;-0.01914258115;14.84507179;17.05022313;1.519984245;0.0864373669;-0.173485592;5
17.04433136;-0.07178468257;-0.1483550072;14.97906971;17.05232506;1.568853498;0.05711585656;-0.1771507859;5
17.04643329;-0.1483550072;-0.2871387303;15.07956791;17.05442699;1.618944407;0.02535088919;-0.1820377111;5
17.04853516;-0.2057827413;-0.4211367965;15.16092396;17.05652891;1.675143957;-0.007635809947;-0.1893680841;5
17.05063709;-0.2344966233;-0.5455635786;15.21835232;17.05863084;1.732565284;-0.03817904741;-0.1954767257;5
17.05273902;-0.2632105052;-0.6604190469;15.24228001;17.06073271;1.791208267;-0.06383536756;-0.2028071135;5
17.05484094;-0.2632105052;-0.7657032609;15.22792339;17.06283469;1.847407818;-0.09071341902;-0.2089157552;5
17.05694287;-0.2679961324;-0.8327022791;15.14178181;17.06493657;1.902385592;-0.1114828214;-0.2162461281;5
17.0590448;-0.2727817893;-0.8805587292;14.98864079;17.0670385;1.959806919;-0.1237001196;-0.2223547846;5
17.06114667;-0.2584248483;-0.890130043;14.802001;17.06914042;2.012341261;-0.1334739476;-0.2284634262;5
17.06324865;-0.2679961324;-0.9092726111;14.52443314;17.07124235;2.05876708;-0.1383608729;-0.2321286201;5
17.06535053;-0.2632105052;-0.8757730722;14.24208069;17.07334428;2.105192661;-0.1359174103;-0.2357937992;5
17.06745245;-0.2919243574;-0.8470591903;13.90229988;17.0754462;2.14550972;-0.1249218509;-0.2370155305;5
17.06955438;-0.2967100143;-0.7992027402;13.53859043;17.07754808;2.184605122;-0.1127045527;-0.2394589931;5
17.07165631;-0.3397808075;-0.7369893789;13.15095329;17.07965001;2.215148449;-0.09560033679;-0.2394589931;5
17.07375824;-0.3684946895;-0.6604190469;12.76810169;17.08175193;2.242026567;-0.07605266571;-0.2406807244;5
17.07586016;-0.3876372576;-0.5886343718;12.34696484;17.08385386;2.268904448;-0.05406153202;-0.2406807244;5
17.07796204;-0.3972085714;-0.5120640397;11.96889877;17.08595579;2.2908957;-0.03451386094;-0.2406807244;5
17.08006396;-0.3828516304;-0.4307080805;11.60997581;17.08805766;2.306778193;-0.01618791744;-0.2406807244;5
17.08216589;-0.3589234054;-0.3684946895;11.25583744;17.09015959;2.321438789;-0.0003054323897;-0.2382372618;5
17.08426782;-0.3541377485;-0.3014956415;10.87777138;17.09226152;2.329991102;0.01435532235;-0.2382372618;5
17.08636975;-0.3254238665;-0.2392822653;10.52841949;17.09436344;2.336099625;0.02901607752;-0.2370155305;5
17.08847162;-0.3014956415;-0.1579262912;10.13599682;17.09646537;2.337321281;0.03878991306;-0.2382372618;5
17.09057355;-0.3014956415;-0.08614161611;9.767501831;17.0985673;2.336099625;0.05589412898;-0.2357937992;5
17.09267548;-0.2967100143;-0.0143569354;9.355937004;17.10066922;2.328769207;0.07055488229;-0.2345720828;5
17.0947774;-0.2967100143;0.04307080805;8.949156761;17.1027711;2.316551924;0.07788526267;-0.2333503515;5
17.09687933;-0.3206382394;0.1435693651;8.551948547;17.10487303;2.299447775;0.08277218044;-0.2296851575;5
17.09898126;-0.3445664644;0.2536391914;8.15473938;17.10697495;2.281121731;0.08888082206;-0.2296851575;5
17.10108318;-0.3732803464;0.3302095234;7.819744587;17.10907688;2.25790906;0.09376774728;-0.2296851575;5
17.10318506;-0.3876372576;0.3684946895;7.484749317;17.11117881;2.231030941;0.09743293375;-0.2321286201;5
17.10528698;-0.4019941986;0.4115654826;7.183253765;17.11328074;2.1980443;0.09621120244;-0.2321286201;5
17.10738891;-0.4115654826;0.4546363056;6.829115868;17.11538266;2.167500973;0.09010255337;-0.2309068888;5
17.10949084;-0.4259224236;0.5024927258;6.508477688;17.11748454;2.133292437;0.08032871783;-0.2296851575;5
17.11159277;-0.4498506486;0.5742774606;6.211767673;17.11958646;2.096640587;0.06688969582;-0.2272416949;5
17.11369469;-0.5024927258;0.6604190469;5.934200287;17.12168839;2.05876708;0.05100720748;-0.2235765159;5
17.11579662;-0.5694918036;0.760917604;5.675775528;17.12379032;2.019671679;0.0314595364;-0.2186895907;5
17.1178985;-0.6125625968;0.8518448472;5.422136307;17.12589225;1.978132844;0.008246674202;-0.2150243968;5
17.12000042;-0.679561615;0.9236295223;5.206781864;17.12799417;1.934150577;-0.01740964688;-0.2101374865;5
17.12210235;-0.732203722;1.024128079;4.972285271;17.13009605;1.885281444;-0.04673115537;-0.2052505612;5
17.12420428;-0.7800601721;1.110269666;4.709074974;17.13219798;1.835190535;-0.07849612087;-0.1979201883;5
17.1263062;-0.8231309652;1.205982566;4.488935471;17.13429995;1.782656193;-0.113926284;-0.1905898154;5
17.12840813;-0.8470591903;1.306481123;4.259224415;17.13640188;1.72401309;-0.1579085439;-0.1844811589;5
17.13051001;-0.8853443861;1.397408366;4.053441525;17.13850376;1.665370107;-0.2043342739;-0.1759290546;5
17.13261193;-0.9284151793;1.473978758;3.871587038;17.14060568;1.604283571;-0.2629773021;-0.1661552191;5
17.13471391;-0.9810572863;1.531406522;3.694518089;17.14270761;1.543197155;-0.3203985691;-0.1576031148;5
17.13681584;-1.033699393;1.579262972;3.517449379;17.14480954;1.474780321;-0.381485045;-0.146607548;5
17.13891771;-1.115055323;1.612762451;3.426522017;17.14691141;1.407585144;-0.451123625;-0.1343902498;5
17.14101964;-1.201196909;1.651047587;3.302095175;17.14901339;1.337946534;-0.5244274139;-0.1209512278;5
17.14312157;-1.287338614;1.684547186;3.177668571;17.15111532;1.267086267;-0.6001746655;-0.1075121984;5
17.1452235;-1.363908887;1.708475351;3.096312523;17.15321719;1.198669434;-0.6759218574;-0.09651663154;5
17.14732537;-1.411765337;1.727617979;3.000599623;17.15531912;1.129030824;-0.7492256761;-0.08063415438;5
17.14942735;-1.459621787;1.727617979;2.94317174;17.15742105;1.064279199;-0.8225294352;-0.06719512492;5
17.15152928;-1.459621787;1.732403636;2.90967226;17.15952298;1.003192663;-0.8970549107;-0.05375609919;5
17.15363115;-1.483550072;1.722832322;2.900100946;17.1616249;0.9396627545;-0.9654718041;-0.03909534588;5
17.15573308;-1.50269258;1.689332843;2.92402935;17.16372683;0.8822414875;-1.029001713;-0.0268780496;5
17.15783501;-1.493121386;1.679761529;2.95752883;17.1658287;0.8297070861;-1.087644696;-0.01221729536;5
17.15993693;-1.464407444;1.655833244;3.010170937;17.16793063;0.7820596099;-1.141400814;0.002443459118;5
17.16203886;-1.411765337;1.603191137;3.067598581;17.17003256;0.7392991185;-1.190270066;0.01466075517;5
17.16414079;-1.363908887;1.55054903;3.172882795;17.17213448;0.6989820004;-1.233030558;0.02809977904;5
17.16624266;-1.301695466;1.488335729;3.268595695;17.17423641;0.6659952998;-1.268460751;0.04031707719;5
17.16834459;-1.205982566;1.450050473;3.388236761;17.17633834;0.6403390169;-1.29533875;0.05009091273;5
17.17044652;-1.105484009;1.378265858;3.517449379;17.17844021;0.613460958;-1.313664675;0.05986474827;5
17.17254844;-0.9954141974;1.306481123;3.656233072;17.18054219;0.5963567495;-1.322216868;0.06841685623;5
17.17465037;-0.8805587292;1.268195987;3.833301783;17.18264407;0.5804742575;-1.320995092;0.07574722916;5
17.1767523;-0.7369893789;1.225125194;4.010370731;17.184746;0.570700407;-1.3051126;0.07819069177;5
17.17885417;-0.5503492355;1.201196909;4.173082829;17.18684792;0.5658134818;-1.280678034;0.07696896046;5
17.18095615;-0.3541377485;1.153340459;4.359723091;17.18894985;0.5719221234;-1.246469617;0.073303774;5
17.18305803;-0.1339980662;1.110269666;4.560719967;17.19105178;0.5829176903;-1.201265574;0.06963858753;5
17.18515995;0.1148554832;1.0863415;4.79521656;17.19315365;0.5975784659;-1.152396441;0.06230820715;5
17.18726188;0.3349951804;1.067198873;5.048855782;17.19525563;0.6195695996;-1.094975114;0.05253437161;5
17.18936381;0.5551348329;1.043270707;5.302495003;17.19735751;0.6476693749;-1.033888698;0.04276053607;5
17.19146574;0.732203722;1.024128079;5.513063431;17.19945943;0.6806560755;-0.9618065953;0.03054323979;5
17.19356761;0.8949156404;0.9906286001;5.714060307;17.20156136;0.7197514176;-0.8872811198;0.01588248461;5
17.19566959;1.014556766;0.9475577474;5.857629776;17.20366329;0.7661771774;-0.8115338683;0.003665188793;5
17.19777146;1.129412293;0.890130043;6.001199245;17.20576521;0.8101593852;-0.7308996916;-0.01099556591;5
17.19987339;1.201196909;0.8231309652;6.135197163;17.20786709;0.8578068614;-0.6502655745;-0.02199113183;5
17.20197532;1.268195987;0.7657032609;6.245266914;17.20996907;0.906676054;-0.5684096813;-0.03298669681;5
17.20407725;1.296909928;0.7274180651;6.331408501;17.21207094;0.9579886794;-0.4828886092;-0.04398226365;5
17.20617917;1.325623751;0.6987041831;6.369693756;17.21417287;1.008079648;-0.3949240744;-0.05253437161;5
17.20828105;1.335195065;0.6699903607;6.364908218;17.2162748;1.058170557;-0.3057378232;-0.05742128938;5
17.21038303;1.349551916;0.6652047038;6.331408501;17.21837673;1.104596257;-0.2177732885;-0.06352993846;5
17.2124849;1.349551916;0.6652047038;6.230910301;17.2204786;1.149800181;-0.1310304999;-0.06963858753;5
17.21458683;1.31126678;0.6939185858;6.111268997;17.22258058;1.190117359;-0.04673115537;-0.073303774;5
17.21668876;1.258624673;0.7130611539;5.96291399;17.22468245;1.227990866;0.03512472659;-0.07819069177;5
17.21879068;1.205982566;0.760917604;5.814558983;17.22678443;1.264642835;0.1133154184;-0.07941242307;5
17.22089256;1.16769743;0.760917604;5.632704735;17.22888631;1.290299177;0.1915061027;-0.08429934084;5
17.22299454;1.148554921;0.7657032609;5.460421085;17.23098824;1.314733744;0.2635881603;-0.086742796;5
17.22509641;1.100698471;0.760917604;5.24506712;17.23309016;1.333059669;0.3283398151;-0.08552107215;5
17.22719839;1.062413216;0.784845829;4.991427898;17.23519209;1.341611743;0.389426291;-0.086742796;5
17.22930027;1.019342422;0.7944171429;4.752145767;17.23729402;1.345276952;0.4431824088;-0.08429934084;5
17.23140219;0.9906286001;0.8327022791;4.469792843;17.23939589;1.342833519;0.4944950342;-0.08307760954;5
17.23350412;0.8853443861;0.890130043;4.192225456;17.24149782;1.334281445;0.5409207344;-0.07941242307;5
17.23560605;0.8231309652;0.9571290612;3.909872293;17.24359975;1.317177176;0.5763509274;-0.07574722916;5
17.23770798;0.7465606928;1.028913736;3.637090445;17.24570167;1.296407819;0.6081159115;-0.073303774;5
17.23980985;0.6747759581;1.091127157;3.383451223;17.2478036;1.267086267;0.6288852692;-0.06963858753;5
17.24191178;0.6029912829;1.153340459;3.187239647;17.24990553;1.236543059;0.639880836;-0.06475166976;5
17.2440137;0.5407779217;1.201196909;3.000599623;17.2520074;1.19989109;0.6435460448;-0.06352993846;5
17.24611563;0.4881358147;1.258624673;2.871387243;17.25410933;1.163239241;0.6386591196;-0.05986474827;5
17.24821756;0.4115654826;1.316052437;2.756531715;17.25621126;1.122922182;0.6227766275;-0.05742128938;5
17.25031949;0.3684946895;1.339980721;2.684746981;17.25831318;1.081383348;0.6007854939;-0.05619955808;5
17.25242136;0.3158525825;1.383051515;2.62253356;17.26041511;1.039844513;0.5739074349;-0.05375609919;5
17.25452329;0.2632105052;1.421336651;2.584248543;17.26251704;0.998305738;0.5421425104;-0.05131264031;5
17.25662521;0.2153540403;1.473978758;2.52682066;17.26461896;0.9543235302;0.5103775263;-0.04886918142;5
17.25872714;0.1818545163;1.50269258;2.445464849;17.26672089;0.9127846956;0.4712821841;-0.04642572254;5
17.26082907;0.1196411327;1.555334687;2.388036966;17.26882277;0.8712459207;0.4334085584;-0.04398226365;5
17.262931;0.08135596663;1.574477315;2.349751949;17.27092469;0.8321505189;0.3930914998;-0.04520399496;5
17.26503292;0.0382851623;1.607976794;2.364108801;17.27302662;0.7954986691;0.3564395905;-0.04398226365;5
17.26713485;0.0143569354;1.607976794;2.368894339;17.27512855;0.7625119686;0.3197877109;-0.04276053607;5
17.26923673;0.009571290575;1.617548108;2.368894339;17.27723048;0.7270817757;0.2831358314;-0.04398226365;5
17.27133865;0.004785645287;1.651047587;2.364108801;17.2793324;0.6965385675;0.2513708472;-0.04520399496;5
17.27344058;0.009571290575;1.665404558;2.359323025;17.28143433;0.6647735834;0.2183841616;-0.04398226365;5
17.27554251;0.004785645287;1.665404558;2.368894339;17.2835362;0.6354520917;0.192727834;-0.04520399496;5
17.27764443;0.0143569354;1.703689694;2.383251429;17.28563813;0.6085740328;0.169514969;-0.04276053607;5
17.27974636;0.0143569354;1.756331801;2.373680115;17.28774006;0.5841394663;0.1536324918;-0.04153880477;5
17.28184829;-0.004785645287;1.804188251;2.373680115;17.28984199;0.563370049;0.1401934624;-0.03909534588;5
17.28395016;-0.004785645287;1.842473388;2.378465652;17.29194391;0.5401571989;0.1328630894;-0.036651887;5
17.28605209;-0.004785645287;1.895115495;2.373680115;17.29404584;0.5230529904;0.1243109852;-0.03543015569;5
17.28815402;0.009571290575;1.947757602;2.421536446;17.29614777;0.504727006;0.1169806048;-0.03420842811;5
17.29025594;0.0;1.986042738;2.450250387;17.29824964;0.4900662601;0.1133154184;-0.03176496923;5
17.29235787;0.0143569354;2.038684845;2.478964329;17.30035157;0.4741837978;0.1035415828;-0.03054323979;5
17.2944598;0.02871387079;2.072184324;2.522035122;17.3024535;0.4607447684;0.09743293375;-0.02932151034;5
17.29656172;0.01914258115;2.086541414;2.579462767;17.30455542;0.4509709179;0.08765909821;-0.03054323979;5
17.2986636;0.05264209956;2.115255117;2.612962246;17.30665735;0.4387536347;0.07544180006;-0.03176496923;5
17.30076553;0.0765703246;2.120040894;2.679961443;17.30875928;0.4314232469;0.06566796452;-0.03543015569;5
17.30286745;0.1196411327;2.096112728;2.694318295;17.31086115;0.4228711426;0.0485637486;-0.04031707719;5
17.30496938;0.1579262912;2.072184324;2.723032236;17.31296308;0.416762501;0.03390299529;-0.04398226365;5
17.30707131;0.2009970993;2.053041935;2.751745939;17.31506501;0.4106538594;0.01557705179;-0.05131264031;5
17.30917324;0.2679961324;2.01475668;2.775674343;17.31716693;0.404545188;-0.0003054323897;-0.05864302069;5
17.31127511;0.3302095234;2.019542217;2.766103029;17.31926886;0.3972148299;-0.01496618707;-0.06719512492;5
17.31337704;0.3637090325;1.957328916;2.746960402;17.32137079;0.3911061883;-0.03329212964;-0.0745255053;5
17.31547896;0.4115654826;1.928615093;2.746960402;17.32347271;0.3849975169;-0.04795288667;-0.08429934084;5
17.31758089;0.4737788737;1.928615093;2.703889608;17.32557464;0.3776671588;-0.05894844979;-0.09651663154;5
17.31968282;0.5312066078;1.899901152;2.656033039;17.32767652;0.3678933084;-0.06750056148;-0.1075121984;5
17.32178475;0.5742774606;1.899901152;2.603390932;17.32977844;0.3593412042;-0.0736092031;-0.1197294965;5
17.32388667;0.6460621357;1.8855443;2.565105915;17.33188037;0.3471239209;-0.07605266571;-0.1319467872;5
17.3259886;0.7226324677;1.875972986;2.517249346;17.3339823;0.3385718167;-0.07238747925;-0.1478292793;5
17.32809048;0.784845829;1.856830359;2.445464849;17.33608422;0.3287979662;-0.07116574794;-0.1637117565;5
17.3301924;0.8327022791;1.842473388;2.359323025;17.3381861;0.3190241456;-0.06261363626;-0.1795942485;5
17.33229433;0.8757730722;1.828116536;2.316252232;17.34028803;0.3068068326;-0.05406153202;-0.1954767257;5
17.33439626;0.9284151793;1.823330879;2.263610125;17.34238995;0.2933678031;-0.04428769648;-0.2125809491;5
17.33649818;0.9379864931;1.813759565;2.191825628;17.34449188;0.2799287736;-0.03695731983;-0.2272416949;5
17.33860006;0.9571290612;1.832902193;2.115255117;17.34659381;0.2628245652;-0.0235182941;-0.2419024557;5
17.34070199;0.9284151793;1.856830359;1.995614052;17.34869574;0.2420551628;-0.01130099874;-0.250454545;5
17.34280391;0.8949156404;1.871187329;1.909472466;17.35079766;0.2176205814;-0.0003054323897;-0.2590066791;5
17.34490584;0.8279166222;1.871187329;1.770688772;17.35289959;0.1907425225;0.01557705179;-0.2663370371;5
17.34700777;0.7274180651;1.899901152;1.627119422;17.35500146;0.1614210159;0.03023780696;-0.2724456787;5
17.34910969;0.5982056856;1.904686809;1.464407444;17.35710339;0.1284343153;0.04245510325;-0.2724456787;5
17.35121162;0.4450650215;1.909472466;1.344766378;17.35920532;0.09300415963;0.05467239767;-0.2724456787;5
17.35331355;0.3206382394;1.914258122;1.225125194;17.36130725;0.05635227636;0.06933315098;-0.2687804997;5
17.35541542;0.1674975902;1.928615093;1.124626637;17.36340917;0.01847865991;0.08032871783;-0.2638935745;5
17.35751735;0.02871387079;1.93340075;1.057627559;17.3655111;-0.01939495653;0.09254601598;-0.2553414702;5
17.35961928;-0.09092725813;1.947757602;0.9714859724;17.36761303;-0.05849030241;0.105985038;-0.246789366;5
17.3617212;-0.2201396823;1.957328916;0.94277215;17.36971495;-0.1024725661;0.1169806048;-0.2345720828;5
17.36382313;-0.3684946895;1.971685886;0.9044869542;17.37181688;-0.1415679157;0.1255327165;-0.2223547846;5
17.36592506;-0.5072783828;1.986042738;0.9140582681;17.37391876;-0.1818849891;0.1340848207;-0.2101374865;5
17.36802698;-0.650847733;2.005185366;0.9332008362;17.37602068;-0.2222020626;0.1401934624;-0.1954767257;5
17.37012891;-0.7752745152;2.01475668;0.94277215;17.37812261;-0.2637408674;0.1401934624;-0.1808159798;5
17.37223084;-0.890130043;2.024327993;0.9523434043;17.38022454;-0.3040579557;0.1389717311;-0.1624900252;5
17.37433271;-1.000199914;2.038684845;0.9954141974;17.38232646;-0.3407098353;0.1328630894;-0.1453858167;5
17.37643464;-1.071984529;2.029113531;1.052842021;17.38442839;-0.3749182522;0.1267544478;-0.1258381456;5
17.37853657;-1.13419795;2.038684845;1.153340459;17.38653027;-0.4115701318;0.1169806048;-0.1062904745;5
17.3806385;-1.172483087;2.038684845;1.258624673;17.38863219;-0.4433351159;0.1047633067;-0.08552107215;5
17.38274042;-1.220339537;2.048256159;1.373480201;17.39073412;-0.4726566374;0.09376774728;-0.06475166976;5
17.38484235;-1.258624673;2.06261301;1.483550072;17.39283605;-0.4995346665;0.08032871783;-0.04398226365;5
17.38694422;-1.292124271;2.043470621;1.617548108;17.39493798;-0.525191009;0.07177661359;-0.02443459071;5
17.38904615;-1.292124271;2.033899307;1.746760488;17.3970399;-0.5459604263;0.06566796452;-0.006108647678;5
17.39114808;-1.306481123;2.019542217;1.8855443;17.39914178;-0.5630646348;0.05955931544;0.01221729536;5
17.39325001;-1.277767301;2.000399828;2.019542217;17.40124376;-0.5813905597;0.05467239767;0.02809977904;5
17.39535193;-1.229910851;1.976471543;2.196611166;17.40334563;-0.5911644101;0.05100720748;0.04031707719;5
17.39745386;-1.153340459;1.93340075;2.402393818;17.40544756;-0.600938201;0.05345066637;0.05009091273;5
17.39955574;-1.057627559;1.899901152;2.598605394;17.40754948;-0.6070469022;0.05711585656;0.06108647957;5
17.40165771;-0.9475577474;1.895115495;2.770888567;17.40965141;-0.6155989766;0.06322450191;0.06963858753;5
17.40375959;-0.813559711;1.8855443;2.890529871;17.41175334;-0.6217076182;0.07177661359;0.07696896046;5
17.40586152;-0.7130611539;1.890329838;2.991028309;17.41385527;-0.6278162599;0.08277218044;0.08185587823;5
17.40796344;-0.5694918036;1.899901152;3.034099102;17.41595714;-0.6363683939;0.09743293375;0.08552107215;5
17.41006537;-0.4785645306;1.8855443;3.091526747;17.41805907;-0.6412553191;0.1182023361;0.086742796;5
17.4121673;-0.3589234054;1.880758643;3.177668571;17.420161;-0.6498073936;0.1401934624;0.08552107215;5
17.41426922;-0.2153540403;1.871187329;3.201596737;17.42226292;-0.6571378112;0.1621845961;0.08429934084;5
17.4163711;-0.06221338734;1.875972986;3.225524902;17.42436485;-0.6620246768;0.1915061027;0.08185587823;5
17.41847303;0.07178468257;1.842473388;3.249453068;17.42646678;-0.666911602;0.215940699;0.07819069177;5
17.42057495;0.1914258152;1.856830359;3.297309637;17.42856865;-0.6730202436;0.2452622056;0.07574722916;5
17.42267688;0.2871387303;1.847259045;3.369094372;17.43067058;-0.6766854525;0.2733619809;0.07208204269;5
17.42477881;0.3684946895;1.837687731;3.488735437;17.43277251;-0.6779071689;0.2990183234;0.06597339362;5
17.42688074;0.3541377485;1.794616938;3.594019651;17.43487443;-0.6779071689;0.3210094273;0.06108647957;5
17.42898261;0.3924229145;1.813759565;3.723232031;17.43697636;-0.6766854525;0.3417788446;0.05131264031;5
17.43108454;0.4546363056;1.813759565;3.857230186;17.43907829;-0.6730202436;0.3613265157;0.04031707719;5
17.43318646;0.5024927258;1.818545222;4.058227062;17.44118021;-0.668133378;0.3747655451;0.0268780496;5
17.43528839;0.5503492355;1.823330879;4.206582069;17.44328214;-0.6608029604;0.3808741868;0.01221729536;5
17.43739032;0.6029912829;1.823330879;4.364508629;17.44538402;-0.6546943188;0.3833176494;-0.003665188793;5
17.43949225;0.6891329288;1.832902193;4.512863636;17.44748594;-0.65102911;0.3759872615;-0.02321286127;5
17.44159417;0.756131947;1.842473388;4.60379076;17.44958787;-0.6473639607;0.3686569035;-0.04276053607;5
17.4436961;0.7944171429;1.842473388;4.694717884;17.4516898;-0.6436987519;0.3527744114;-0.06108647957;5
17.44579798;0.8327022791;1.837687731;4.733003139;17.45379173;-0.6436987519;0.3307832778;-0.08307760954;5
17.4478999;0.8518448472;1.813759565;4.776073933;17.4558936;-0.6436987519;0.3075704277;-0.1026252806;5
17.45000183;0.837487936;1.813759565;4.79521656;17.45799553;-0.6485856771;0.2782489061;-0.1221729591;5
17.45210376;0.8279166222;1.789831281;4.78085947;17.46009745;-0.652250886;0.2489273995;-0.1404989064;5
17.45420568;0.7896314859;1.765903115;4.776073933;17.46219938;-0.6608029604;0.2183841616;-0.1576031148;5
17.45630756;0.7226324677;1.732403636;4.752145767;17.46430131;-0.6693550944;0.1841757298;-0.173485592;5
17.45840948;0.6652047038;1.708475351;4.718646049;17.46640324;-0.6815723777;0.1499672979;-0.1930332631;5
17.46051141;0.626919508;1.684547186;4.646861553;17.46850516;-0.6962331533;0.1133154184;-0.2089157552;5
17.46261334;0.5838487148;1.622333765;4.560719967;17.47060709;-0.7133373618;0.07544180006;-0.2247982323;5
17.46471527;0.5694918036;1.584048629;4.450650215;17.47270902;-0.7353284955;0.03878991306;-0.2394589931;5
17.46681719;0.5503492355;1.579262972;4.350151539;17.47481094;-0.7585413456;-0.0003054323897;-0.2565632164;5
17.46891912;0.4785645306;1.531406522;4.273581028;17.47691282;-0.7841976881;-0.03817904741;-0.2700022459;5
17.47102105;0.4546363056;1.526620865;4.192225456;17.47901475;-0.8135191798;-0.07971785218;-0.2834412456;5
17.47312298;0.3780659735;1.536192179;4.115654945;17.48111667;-0.8428406715;-0.1151480079;-0.2956585586;5
17.4752249;0.2919243574;1.536192179;4.048655987;17.4832186;-0.8794925809;-0.150578171;-0.3054323792;5
17.47732678;0.1818545163;1.517049551;3.991228104;17.48532053;-0.9149227142;-0.1823431402;-0.3115410507;5
17.4794287;0.05742774159;1.526620865;3.9625144;17.48742245;-0.95279634;-0.2104429156;-0.3164279461;5
17.48153063;-0.1100698411;1.526620865;3.90030098;17.48952438;-0.9906699657;-0.2336557806;-0.3188714087;5
17.48363256;-0.2679961324;1.531406522;3.890729666;17.49162631;-1.030987024;-0.2532034516;-0.3164279461;5
17.48573449;-0.4354937077;1.531406522;3.881158352;17.49372818;-1.067638874;-0.2690859437;-0.3115410507;5
17.48783641;-0.5647061467;1.588834286;3.857230186;17.49583011;-1.1055125;-0.2788597643;-0.3054323792;5
17.48993834;-0.6843472719;1.617548108;3.847658873;17.49793204;-1.140942693;-0.284968406;-0.2956585586;5
17.49204027;-0.7657032609;1.679761529;3.881158352;17.50003396;-1.172707677;-0.2861901522;-0.2809978127;5
17.49414214;-0.8566305041;1.727617979;3.929014683;17.50213589;-1.203250885;-0.2825249732;-0.2663370371;5
17.49624407;-0.9092726111;1.770688772;4.000799656;17.50423777;-1.230129004;-0.2715294063;-0.246789366;5
17.498346;-0.9571290612;1.823330879;4.09172678;17.50633969;-1.25456357;-0.2593120933;-0.2296851575;5
17.50044792;-0.9858429432;1.871187329;4.216153622;17.50844162;-1.276554704;-0.2434296161;-0.2089157552;5
17.50254985;-1.033699393;1.923829436;4.350151539;17.51054355;-1.293658853;-0.2202167511;-0.1869246215;5
17.50465173;-1.071984529;1.976471543;4.546362877;17.51264548;-1.305876136;-0.1957821548;-0.1661552191;5
17.50675365;-1.067198873;2.019542217;4.761716843;17.5147474;-1.314428329;-0.1676823795;-0.1441640854;5
17.50885558;-1.0863415;2.06261301;4.977071285;17.51684933;-1.318093419;-0.1322522312;-0.123394683;5
17.51095751;-1.067198873;2.11046958;5.221138954;17.51895126;-1.318093419;-0.0980437994;-0.1026252806;5
17.51305943;-1.048056364;2.158325911;5.460421085;17.52105318;-1.314428329;-0.06139190868;-0.08307760954;5
17.51516136;-1.004985452;2.187039852;5.737988472;17.52315506;-1.304654479;-0.02596175298;-0.06597339362;5
17.51726329;-0.9379864931;2.196611166;5.986842155;17.52525699;-1.29121542;0.009468403645;-0.04886918142;5
17.51936521;-0.8566305041;2.191825628;6.226124287;17.52735891;-1.274111271;0.04245510325;-0.03176496923;5
17.52146714;-0.760917604;2.167897224;6.427121639;17.52946084;-1.253341794;0.07422006875;-0.0183259435;5
17.52356902;-0.6604190469;2.120040894;6.623332977;17.53156277;-1.233794093;0.1096502244;-0.003665188793;5
17.52567094;-0.5503492355;2.067398787;6.800402164;17.53366464;-1.214246511;0.1401934624;0.006108647678;5
17.52777287;-0.4259224236;2.038684845;6.982256413;17.53576657;-1.191033602;0.1719584316;0.01588248461;5
17.5298748;-0.2967100143;1.990828395;7.092326164;17.5378685;-1.169042468;0.2061668634;0.01954767294;5
17.53197672;-0.1770688742;1.923829436;7.202396393;17.53997042;-1.147051334;0.239153564;0.02321286127;5
17.5340786;-0.07178468257;1.866401672;7.317251682;17.54207235;-1.127503633;0.2660316229;0.02443459071;5
17.53618053;0.0143569354;1.823330879;7.417750359;17.54417428;-1.106734276;0.2953531146;0.01954767294;5
17.53828245;0.1052841991;1.799402595;7.51346302;17.54627615;-1.088408351;0.3161225319;0.0134390248;5
17.54038438;0.2344966233;1.770688772;7.566105366;17.54837808;-1.073747516;0.3344484568;0.001221729559;5
17.54248631;0.3110669553;1.741974831;7.594819069;17.55048001;-1.063973784;0.3466657698;-0.007330377586;5
17.54458824;0.3876372576;1.718046665;7.6426754;17.55258193;-1.052978158;0.3552178741;-0.02199113183;5
17.54669011;0.4546363056;1.698904037;7.676175117;17.55468386;-1.049312949;0.3576613367;-0.03543015569;5
17.54879204;0.4737788737;1.684547186;7.676175117;17.55678579;-1.048091292;0.3564395905;-0.05009091273;5
17.55089396;0.4737788737;1.684547186;7.661818027;17.55888771;-1.052978158;0.351552695;-0.06597339362;5
17.55299589;0.4402793646;1.679761529;7.618747234;17.56098959;-1.061530232;0.3442223072;-0.07941242307;5
17.55509782;0.3924229145;1.655833244;7.551748276;17.56309152;-1.076191068;0.335670203;-0.09285144508;5
17.55719975;0.3302095234;1.665404558;7.460821152;17.56519344;-1.09207356;0.3283398151;-0.1062904745;5
17.55930167;0.2488535494;1.674975872;7.379465103;17.56729537;-1.11528635;0.3173442483;-0.1172860414;5
17.56140355;0.1627119333;1.665404558;7.278966427;17.5693973;-1.140942693;0.2990183234;-0.1246164143;5
17.56350548;0.05264209956;1.641476393;7.235895634;17.57149917;-1.171485901;0.2880227566;-0.1307250559;5
17.5656074;-0.06221338734;1.627119422;7.164111137;17.57360115;-1.205694318;0.2782489061;-0.1282816082;5
17.56770933;-0.2344966233;1.622333765;7.164111137;17.57570303;-1.239902735;0.2684750557;-0.1246164143;5
17.56981126;-0.4067798555;1.617548108;7.14496851;17.57780495;-1.276554704;0.2574795187;-0.1136208475;5
17.57191313;-0.5838487148;1.64626193;7.125825882;17.57990688;-1.311984777;0.2464839369;-0.09773836285;5
17.57401511;-0.7704889178;1.674975872;7.154539585;17.58200881;-1.348636746;0.2330449075;-0.08063415438;5
17.57611699;-0.8997012973;1.698904037;7.235895634;17.58411074;-1.381623387;0.2232710719;-0.05986474827;5
17.57821891;-1.043270707;1.737189293;7.312466145;17.58621266;-1.413388371;0.2134972364;-0.03909534588;5
17.58032084;-1.13419795;1.770688772;7.441678524;17.58831459;-1.44026649;0.2073885947;-0.01954767294;5
17.58242277;-1.196411371;1.799402595;7.575676441;17.59041652;-1.464701056;0.1963930279;0.002443459118;5
17.58452469;-1.249053478;1.794616938;7.724031448;17.59251839;-1.487913847;0.1915061027;0.02199113183;5
17.58662662;-1.277767301;1.804188251;7.86281538;17.59462032;-1.506239772;0.1878409237;0.04031707719;5
17.58872855;-1.272981644;1.823330879;8.059026718;17.59672225;-1.524565816;0.1878409237;0.06230820715;5
17.59083048;-1.234696507;1.832902193;8.231309891;17.59882417;-1.538004756;0.1902843714;0.08185587823;5
17.59293235;-1.225125194;1.823330879;8.451449394;17.6009261;-1.552665591;0.1963930279;0.1001818255;5
17.59503428;-1.205982566;1.828116536;8.657232285;17.60302798;-1.564882874;0.2037234008;0.1172860414;5
17.5971362;-1.1820544;1.799402595;8.853444099;17.6051299;-1.574656725;0.2171624303;0.1331685185;5
17.59923813;-1.129412293;1.761117458;9.049654961;17.60723183;-1.581987023;0.2330449075;0.1478292793;5
17.60134006;-1.095912814;1.684547186;9.260223389;17.60933376;-1.588095665;0.2477056682;0.1612683088;5
17.60344193;-1.052842021;1.593619823;9.446864128;17.61143568;-1.591760874;0.2672533393;0.1759290546;5
17.60554386;-1.000199914;1.526620865;9.676574707;17.61353761;-1.585652232;0.2880227566;0.1881463528;5
17.60764579;-0.9906286001;1.459621787;9.915857315;17.61563954;-1.581987023;0.3124573231;0.2003636509;5
17.60974771;-0.9954141974;1.383051515;10.16949654;17.61774146;-1.572213173;0.3417788446;0.2101374865;5
17.61184964;-1.004985452;1.31126678;10.46620655;17.61984339;-1.5563308;0.3698786199;0.219911322;5
17.61395157;-1.043270707;1.287338614;10.7677021;17.62194527;-1.536783099;0.3992001414;0.2296851575;5
17.6160535;-1.062413216;1.258624673;11.11226845;17.62404719;-1.513570189;0.4236347377;0.2357937992;5
17.61815542;-1.081555843;1.229910851;11.42812061;17.62614912;-1.484248757;0.4431824088;0.243124187;5
17.62025735;-1.067198873;1.239482164;11.72004509;17.62825105;-1.458592415;0.4541779757;0.2480110973;5
17.62235922;-1.024128079;1.239482164;11.98804188;17.63035292;-1.426827431;0.4602866173;0.2528980076;5
17.62446115;-0.9906286001;1.239482164;12.26082325;17.6324549;-1.395062447;0.4627300799;0.2565632164;5
17.62656308;-0.9714859724;1.225125194;12.49532032;17.63455678;-1.363297462;0.4566214085;0.2577849329;5
17.62866501;-0.9379864931;1.234696507;12.68674564;17.63665876;-1.333975911;0.4456258714;0.2602283955;5
17.63076688;-0.9188438654;1.21555388;12.83031464;17.63876063;-1.307097912;0.4309650958;0.2626718581;5
17.63286886;-0.8949156404;1.210768223;12.93559933;17.64086256;-1.280219913;0.4101957083;0.2626718581;5
17.63497074;-0.8853443861;1.191625714;13.01695538;17.64296448;-1.259450436;0.3845393658;0.2626718581;5
17.63707271;-0.866201818;1.158126116;13.06959724;17.64506641;-1.239902735;0.3564395905;0.2626718581;5
17.63917459;-0.8566305041;1.148554921;13.10309696;17.64716834;-1.22157681;0.3258963525;0.2638935745;5
17.64127652;-0.8470591903;1.129412293;13.0887394;17.64927021;-1.211802959;0.2916879356;0.2626718581;5
17.64337844;-0.8279166222;1.11984098;13.05524063;17.65137214;-1.20813787;0.255036056;0.2602283955;5
17.64548037;-0.8279166222;1.105484009;12.98345566;17.65347407;-1.204472661;0.2220493406;0.2614501119;5
17.6475823;-0.8039883971;1.091127157;12.86859989;17.655576;-1.206916094;0.1902843714;0.2602283955;5
17.64968417;-0.7800601721;1.03848505;12.74895859;17.65767792;-1.213024735;0.1609628648;0.2553414702;5
17.6517861;-0.7417750359;1.000199914;12.6245327;17.65977985;-1.22157681;0.1365282834;0.2528980076;5
17.65388803;-0.6843472719;1.004985452;12.53839111;17.66188172;-1.235015869;0.1182023361;0.250454545;5
17.65598995;-0.6364908218;1.000199914;12.44746304;17.6639837;-1.249676585;0.1023198515;0.2492328286;5
17.65809188;-0.5934200287;1.009771109;12.35175037;17.66608563;-1.265559077;0.08765909821;0.246789366;5
17.66019381;-0.5694918036;1.014556766;12.30389404;17.66818751;-1.278998137;0.07544180006;0.2455676347;5
17.66229568;-0.5359922647;1.052842021;12.24646664;17.67028943;-1.293658853;0.07055488229;0.243124187;5
17.66439766;-0.4689932466;1.062413216;12.29910851;17.67239136;-1.305876136;0.07177661359;0.2419024557;5
17.66649959;-0.4354937077;1.057627559;12.35175037;17.67449324;-1.315649986;0.07666353136;0.2394589931;5
17.66860146;-0.4211367965;1.033699393;12.43789196;17.67659521;-1.32420218;0.0852156356;0.2357937992;5
17.67070339;-0.4450650215;0.9858429432;12.52403355;17.67869714;-1.322980404;0.09498947114;0.2296851575;5
17.67280532;-0.4067798555;0.9571290612;12.66760349;17.68079902;-1.318093419;0.1084285006;0.2272416949;5
17.67490719;-0.3876372576;0.9810572863;12.88295746;17.682901;-1.307097912;0.1255327165;0.2211330533;5
17.67700917;-0.3541377485;1.004985452;13.11745358;17.68500287;-1.286328554;0.1487455666;0.2150243968;5
17.6791111;-0.3014956415;1.048056364;13.35195065;17.6871048;-1.263115644;0.1731801629;0.2101374865;5
17.68121298;-0.2775674164;1.0863415;13.53380489;17.68920673;-1.232572436;0.2025016695;0.2076940238;5
17.68331495;-0.2632105052;1.105484009;13.76351547;17.6913086;-1.197142243;0.2367101014;0.2015853822;5
17.68541683;-0.2536391914;1.129412293;13.95494175;17.69341058;-1.158046961;0.2733619809;0.2003636509;5
17.68751876;-0.2488535494;1.138983607;14.12722492;17.69551245;-1.116508126;0.3149007857;0.2028071135;5
17.68962068;-0.2823530734;1.16769743;14.31386471;17.69761438;-1.070082426;0.3527744114;0.2040288299;5
17.69172256;-0.2919243574;1.186840057;14.47179127;17.69971631;-1.021213174;0.3918697536;0.2101374865;5
17.69382454;-0.3445664644;1.225125194;14.62493229;17.70181824;-0.9735657573;0.4309650958;0.2162461281;5
17.69592641;-0.3637090325;1.268195987;14.79721546;17.70392016;-0.9222530723;0.4712821841;0.2223547846;5
17.69802834;-0.3828516304;1.292124271;14.89771366;17.70602209;-0.8721621633;0.5115992427;0.2284634262;5
17.70013027;-0.3924229145;1.31126678;14.98385525;17.70812396;-0.8245147467;0.5458076596;0.2333503515;5
17.70223219;-0.3924229145;1.320838094;15.00778389;17.71022589;-0.7793107629;0.5775726438;0.2357937992;5
17.70433412;-0.4115654826;1.330409408;15.01735497;17.71232782;-0.7353284955;0.6032289863;0.2394589931;5
17.70643605;-0.4019941986;1.349551916;14.97906971;17.71442975;-0.6937896609;0.6215549111;0.2419024557;5
17.70853792;-0.3684946895;1.383051515;14.94078445;17.71653167;-0.6546943188;0.6337721944;0.2419024557;5
17.71063985;-0.3684946895;1.416550994;14.89771366;17.7186336;-0.6229293346;0.6337721944;0.243124187;5
17.71274178;-0.3397808075;1.45483613;14.84507179;17.72073553;-0.5936078429;0.62522012;0.2419024557;5
17.7148437;-0.3254238665;1.483550072;14.75414467;17.7228374;-0.5691732764;0.6068941355;0.2419024557;5
17.71694563;-0.2967100143;1.517049551;14.67278862;17.72493933;-0.552069068;0.5836812854;0.2382372618;5
17.71904756;-0.2775674164;1.540977836;14.52443314;17.72704126;-0.5398517251;0.5519163013;0.2357937992;5
17.72114948;-0.2536391914;1.560120344;14.37129307;17.72914318;-0.5337430835;0.5140427351;0.2284634262;5
17.72325136;-0.2105683982;1.584048629;14.18465233;17.73124511;-0.5337430835;0.4676169753;0.2223547846;5
17.72535329;-0.1818545163;1.612762451;13.98365593;17.73334704;-0.5410735011;0.4150826037;0.2162461281;5
17.72745521;-0.1435693651;1.631905079;13.81137276;17.73544891;-0.5557342172;0.3588830531;0.2064722925;5
17.72955714;-0.1339980662;1.641476393;13.58644676;17.73755084;-0.5728384256;0.2953531146;0.1979201883;5
17.73165907;-0.1052841991;1.651047587;13.38544941;17.73965282;-0.5948295593;0.2306014597;0.1857028902;5
17.733761;-0.06699903309;1.622333765;13.2083807;17.74175469;-0.6241511106;0.1621845961;0.173485592;5
17.73586287;-0.009571290575;1.584048629;13.03131199;17.74385662;-0.6546943188;0.09010255337;0.1588248461;5
17.7379648;0.0239282269;1.521835208;12.86381435;17.74595855;-0.6901245117;0.01924224012;0.1441640854;5
17.74006678;0.1100698411;1.478764415;12.70110226;17.74806048;-0.7279980779;-0.05161807314;0.1307250559;5
17.74216865;0.1818545163;1.445264935;12.54796219;17.75016235;-0.7622065544;-0.1200349256;0.1148425788;5
17.74427058;0.2344966233;1.416550994;12.44746304;17.75226428;-0.8037453294;-0.1884517819;0.09896009415;5
17.74637251;0.2679961324;1.373480201;12.35175037;17.7543662;-0.8403972387;-0.2532034516;0.08552107215;5
17.74847443;0.2919243574;1.339980721;12.30867958;17.75646813;-0.8733839393;-0.3106247485;0.073303774;5
17.75057631;0.2919243574;1.320838094;12.29910851;17.75857006;-0.9051488638;-0.3631591201;0.06108647957;5
17.75267824;0.2632105052;1.306481123;12.32303619;17.76067199;-0.9320269227;-0.4071413875;0.05253437161;5
17.75478016;0.2201396823;1.292124271;12.40917778;17.76277391;-0.9515746236;-0.443793267;0.04642572254;5
17.75688209;0.1722832322;1.268195987;12.50967693;17.76487584;-0.9674571157;-0.4731147587;0.04153880477;5
17.75898402;0.1244267747;1.282552958;12.62931824;17.76697771;-0.9735657573;-0.4926624298;0.03787361458;5
17.76108594;0.1004985496;1.292124271;12.76331615;17.76907964;-0.9723440409;-0.5048797131;0.03787361458;5
17.76318787;0.0765703246;1.296909928;12.93081379;17.77118157;-0.9662353396;-0.5109884143;0.04031707719;5
17.7652898;0.06221338734;1.325623751;13.1078825;17.7732835;-0.9503529072;-0.5109884143;0.04276053607;5
17.76739167;0.05264209956;1.316052437;13.30409431;17.77538542;-0.9295834899;-0.5024362803;0.04520399496;5
17.7694936;0.08614161611;1.320838094;13.4907341;17.7774873;-0.9002619982;-0.4841103256;0.04764745384;5
17.77159553;0.1148554832;1.287338614;13.68694592;17.77958923;-0.8697187304;-0.4584540129;0.05131264031;5
17.77369745;0.1196411327;1.272981644;13.84487152;17.78169115;-0.8306233883;-0.4254673123;0.05375609919;5
17.77579938;0.1196411327;1.253839016;13.98844147;17.78379308;-0.7878628373;-0.3888154328;0.05742128938;5
17.77790126;0.09092725813;1.244267821;14.1559391;17.78589501;-0.7426588535;-0.3497200906;0.06108647957;5
17.78000318;0.1100698411;1.249053478;14.30429363;17.78799693;-0.6998983026;-0.3020726442;0.06475166976;5
17.78210511;0.1387837082;1.220339537;14.39043522;17.79009886;-0.652250886;-0.250759989;0.06719512492;5
17.78420704;0.1627119333;1.201196909;14.43829155;17.79220079;-0.6058251262;-0.1896735132;0.06719512492;5
17.78630896;0.2201396823;1.158126116;14.4191494;17.79430266;-0.5557342172;-0.1285870373;0.06719512492;5
17.78841089;0.2727817893;1.138983607;14.37129307;17.79640459;-0.5068650246;-0.06627883017;0.06719512492;5
17.79051282;0.3541377485;1.115055323;14.33300781;17.79850652;-0.459217608;-0.003970621154;0.06841685623;5
17.79261475;0.4546363056;1.129412293;14.23729515;17.80060844;-0.4189005196;0.06078104675;0.06963858753;5
17.79471662;0.5264210105;1.162911773;14.13201046;17.80271037;-0.3822486401;0.1218675226;0.06963858753;5
17.79681855;0.5455635786;1.172483087;13.96451283;17.8048123;-0.3504836559;0.1817322671;0.07086031139;5
17.79892048;0.5742774606;1.220339537;13.7539444;17.80691417;-0.3236056268;0.2415970266;0.073303774;5
17.8010224;0.5934200287;1.292124271;13.51466274;17.8090161;-0.3040579557;0.2953531146;0.073303774;5
17.80312433;0.6029912829;1.335195065;13.29930782;17.81111803;-0.2918406427;0.3478874862;0.07208204269;5
17.80522626;0.6077769399;1.416550994;13.06959724;17.81321995;-0.2857320011;0.3955349326;0.073303774;5
17.80732813;0.6412764788;1.469193101;12.8446722;17.81532188;-0.2845102847;0.4395172;0.07208204269;5
17.80943006;0.6604190469;1.521835208;12.63410378;17.81742381;-0.2918406427;0.4810560048;0.0745255053;5
17.81153199;0.6460621357;1.588834286;12.46660614;17.81952574;-0.3028362095;0.5115992427;0.07941242307;5
17.81363391;0.5742774606;1.655833244;12.29910851;17.82162766;-0.316275239;0.53236866;0.08552107215;5
17.81573584;0.4977070987;1.708475351;12.13639641;17.82372954;-0.3358229101;0.5384773016;0.09162971377;5
17.81783777;0.4402793646;1.741974831;12.01196957;17.82583146;-0.3590357602;0.539699018;0.09896009415;5
17.81993969;0.3732803464;1.770688772;11.84925747;17.82793339;-0.3834703565;0.5299251676;0.1050687432;5
17.82204162;0.3349951804;1.756331801;11.74875927;17.83003532;-0.4140135944;0.5115992427;0.1111773923;5
17.8241435;0.2775674164;1.722832322;11.64347458;17.83213725;-0.4433351159;0.4810560048;0.1172860414;5
17.82624542;0.2249253243;1.713261008;11.5764761;17.83423917;-0.4738783538;0.4431824088;0.123394683;5
17.82834735;0.1818545163;1.694118381;11.52861977;17.8363411;-0.5068650246;0.4004218578;0.1270598769;5
17.83044928;0.1292124242;1.660618901;11.53819084;17.83844303;-0.5398517251;0.3491092324;0.1307250559;5
17.8325512;0.08614161611;1.617548108;11.53819084;17.8405449;-0.575281918;0.2941313982;0.1331685185;5
17.83465313;0.04307080805;1.579262972;11.55254745;17.84264683;-0.6082686186;0.2354883701;0.1343902498;5
17.83675506;0.004785645287;1.531406522;11.5764761;17.84474876;-0.6400335431;0.1756236255;0.1343902498;5
17.83885698;-0.04785645381;1.473978758;11.61954689;17.84685068;-0.6717985272;0.1169806048;0.1343902498;5
17.84095886;-0.06221338734;1.426122308;11.6769743;17.84895261;-0.6998983026;0.05589412898;0.1356119812;5
17.84306079;-0.09092725813;1.373480201;11.77268696;17.85105454;-0.7243329287;-0.00152716192;0.1356119812;5
17.84516271;-0.09571290761;1.330409408;11.9162569;17.85315646;-0.7438805699;-0.05528326333;0.1368337125;5
17.84726464;-0.1004985496;1.282552958;12.09332561;17.85525834;-0.7585413456;-0.1041524485;0.1380554438;5
17.84936657;-0.1052841991;1.234696507;12.2799654;17.85736027;-0.768315196;-0.150578171;0.1380554438;5
17.8514685;-0.09092725813;1.158126116;12.48574829;17.85946219;-0.7719803452;-0.1921169758;0.1368337125;5
17.85357042;-0.03349951655;1.076770186;12.71545982;17.86156407;-0.7658717036;-0.2287688553;0.1356119812;5
17.8556723;0.0143569354;0.9810572863;12.99302673;17.863666;-0.7536544204;-0.2605338395;0.1307250559;5
17.85777422;0.1004985496;0.890130043;13.28016567;17.86576792;-0.7353284955;-0.2898553312;0.1258381456;5
17.85987615;0.1627119333;0.760917604;13.57209015;17.8678699;-0.7108938694;-0.3130682111;0.1172860414;5
17.86197803;0.2679961324;0.6364908218;13.84965706;17.86997178;-0.6803506613;-0.3277289569;0.1087339297;5
17.86407995;0.3732803464;0.5072783828;14.08893967;17.8720737;-0.6436987519;-0.3387245238;0.09651663154;5
17.86618188;0.4737788737;0.4019941986;14.35214996;17.87417563;-0.600938201;-0.3484983444;0.08185587823;5
17.86828386;0.5790630579;0.3397808075;14.55314732;17.87627756;-0.5557342172;-0.3484983444;0.06475166976;5
17.87038574;0.7178468108;0.2536391914;14.73500156;17.87837948;-0.5056433082;-0.3411679864;0.04520399496;5
17.87248766;0.8470591903;0.1483550072;14.84028625;17.88048136;-0.4543306828;-0.3265072107;0.02443459071;5
17.87458959;0.9762716293;0.04785645381;14.93121338;17.88258329;-0.3993528485;-0.3106247485;0.0;5
17.87669152;1.129412293;-0.05742774159;14.99342632;17.88468521;-0.3443750143;-0.2910770774;-0.02443459071;5
17.87879344;1.239482164;-0.1483550072;14.99821186;17.88678714;-0.2881754637;-0.2641990185;-0.04642572254;5
17.88089532;1.339980721;-0.2153540403;15.00778389;17.88888907;-0.2331976295;-0.2348775119;-0.06963858753;5
17.88299725;1.392622828;-0.2392822653;14.9647131;17.890991;-0.1757763475;-0.2031125426;-0.09162971377;5
17.88509917;1.426122308;-0.2536391914;14.92642784;17.89309292;-0.1244636998;-0.1713475734;-0.1123991162;5
17.8872011;1.435693622;-0.2249253243;14.85464287;17.89519485;-0.07192932814;-0.1383608729;-0.1319467872;5
17.88930303;1.402194023;-0.2057827413;14.76371574;17.89729672;-0.0242818743;-0.1053741723;-0.1514944583;5
17.89140495;1.363908887;-0.1722832322;14.62493229;17.89939865;0.02458730713;-0.07238747925;-0.1661552191;5
17.89350688;1.335195065;-0.1387837082;14.45743465;17.90150058;0.06612611562;-0.0418442376;-0.1820377111;5
17.89560881;1.287338614;-0.08614161611;14.27557945;17.90360251;0.1039997265;-0.01252272818;-0.1954767257;5
17.89771068;1.253839016;-0.04307080805;14.10808277;17.90570443;0.1394298822;0.01435532235;-0.2076940238;5
17.89981261;1.1820544;0.0239282269;13.89751434;17.90780636;0.1687513888;0.04001164436;-0.2162461281;5
17.90191454;1.124626637;0.1100698411;13.67258835;17.90990824;0.1931859851;0.06200277433;-0.2247982323;5
17.90401646;1.033699393;0.1674975902;13.4285202;17.91201021;0.2115119249;0.08032871783;-0.2272416949;5
17.90611839;0.9092726111;0.2584248483;13.17488194;17.91411209;0.223729223;0.09621120244;-0.2284634262;5
17.90822032;0.7752745152;0.3397808075;12.94038486;17.91621402;0.2335030586;0.1108719558;-0.2296851575;5
17.91032219;0.650847733;0.4402793646;12.69153118;17.91831594;0.2359465212;0.1218675226;-0.2296851575;5
17.91242417;0.4977070987;0.4929214716;12.42832088;17.92041787;0.2383899838;0.1316413581;-0.2284634262;5
17.91452605;0.3541377485;0.5455635786;12.22253799;17.92251975;0.2322813272;0.1377500147;-0.2260199636;5
17.91662798;0.2488535494;0.5886343718;11.99761295;17.92462167;0.2286161482;0.1389717311;-0.2223547846;5
17.9187299;0.1627119333;0.6460621357;11.80140114;17.9267236;0.2139553875;0.1377500147;-0.2138026655;5
17.92083183;0.0382851623;0.6987041831;11.59083271;17.92882553;0.200516358;0.1279761642;-0.2028071135;5
17.9229337;-0.05742774159;0.7465606928;11.38983536;17.93092745;0.1797469556;0.1169806048;-0.1905898154;5
17.92503563;-0.2057827413;0.813559711;11.20319557;17.93302938;0.1577558219;0.1047633067;-0.1759290546;5
17.92713756;-0.3349951804;0.8709874153;11.01655579;17.93513131;0.1320995092;0.0852156356;-0.1612683088;5
17.92923948;-0.4594219327;0.9236295223;10.82512951;17.93723324;0.1076649204;0.06566796452;-0.1453858167;5
17.93134141;-0.5599204898;0.9523434043;10.70070267;17.93933511;0.08445205539;0.05100720748;-0.1295033395;5
17.93344334;-0.6173482537;0.9810572863;10.63370419;17.94143704;0.05879573524;0.03390299529;-0.1123991162;5
17.93554527;-0.650847733;1.014556766;10.52841949;17.94353896;0.03313941509;0.01924224012;-0.09407317638;5
17.93764719;-0.6604190469;1.052842021;10.45663452;17.94564089;0.007483093534;0.004581485875;-0.07574722916;5
17.93974907;-0.6604190469;1.100698471;10.38006496;17.94774282;-0.01450803876;-0.01252272818;-0.0549778305;5
17.941851;-0.6891329288;1.129412293;10.34656525;17.94984475;-0.03649916872;-0.02840521187;-0.03787361458;5
17.94395292;-0.6939185858;1.148554921;10.31306553;17.95194662;-0.05482511222;-0.0418442376;-0.0183259435;5
17.94605485;-0.6843472719;1.153340459;10.27956581;17.9540486;-0.07315105945;-0.05894844979;0.0;5
17.94815678;-0.6699903607;1.158126116;10.28913784;17.95615048;-0.08903354406;-0.06994401664;0.01710421406;5
17.9502587;-0.6460621357;1.153340459;10.29392338;17.9582524;-0.1024725661;-0.08338304609;0.03176496923;5
17.95236058;-0.6412764788;1.13419795;10.35135078;17.96035433;-0.1122464016;-0.09437860548;0.04642572254;5
17.95446256;-0.5982056856;1.095912814;10.39920712;17.9624562;-0.1244636998;-0.1065959036;0.05742128938;5
17.95656443;-0.5503492355;1.067198873;10.44706345;17.96455818;-0.1317940801;-0.1188132018;0.06597339362;5
17.95866636;-0.4929214716;1.014556766;10.47577763;17.96666006;-0.1366809905;-0.1261435747;0.07086031139;5
17.96076829;-0.4259224236;0.9858429432;10.52841949;17.96876198;-0.1379027218;-0.1334739476;0.07574722916;5
17.96287016;-0.3110669553;0.9619147182;10.5858469;17.97086391;-0.1354592592;-0.1383608729;0.07819069177;5
17.96497214;-0.1962114573;0.9379864931;10.66241741;17.97296584;-0.1330158114;-0.1432477981;0.07819069177;5
17.96707402;-0.08135596663;0.9140582681;10.71984577;17.97506777;-0.1293506175;-0.1432477981;0.07696896046;5
17.96917594;0.0382851623;0.8949156404;10.80120182;17.97716969;-0.1207985133;-0.1408043355;0.07208204269;5
17.97127787;0.1435693651;0.8470591903;10.8682003;17.97927162;-0.1134681329;-0.1371391416;0.06597339362;5
17.9733798;0.2488535494;0.7752745152;10.94477081;17.98137355;-0.1024725661;-0.1322522312;0.05986474827;5
17.97548172;0.3254238665;0.6987041831;11.00698376;17.98347548;-0.09025526792;-0.1261435747;0.05253437161;5
17.97758365;0.3924229145;0.626919508;11.07876873;17.98557735;-0.07681624591;-0.1212566569;0.04153880477;5
17.97968558;0.4354937077;0.5647061467;11.13619614;17.98767928;-0.06337722391;-0.1175914705;0.03176496923;5
17.98178751;0.4642075896;0.5024927258;11.25583744;17.9897812;-0.04749473557;-0.1188132018;0.02199113183;5
17.98388943;0.4785645306;0.4498506486;11.32762241;17.99188313;-0.03161225095;-0.1200349256;0.009773836471;5
17.98599131;0.5072783828;0.4019941986;11.40419292;17.99398506;-0.01328630932;-0.1237001196;-0.002443459118;5
17.98809324;0.5120640397;0.3397808075;11.46640587;17.99608693;0.003817904973;-0.1310304999;-0.01466075517;5
17.99019516;0.5120640397;0.2871387303;11.49033451;17.99818886;0.02336557768;-0.1383608729;-0.0268780496;5
17.99229709;0.5216353536;0.2440679073;11.54776192;18.00029079;0.04291325063;-0.1456912458;-0.03909534588;5
17.99439902;0.5168496966;0.2201396823;11.56211948;18.00239271;0.06368265301;-0.15424335;-0.05131264031;5
17.99650089;0.5120640397;0.1818545163;11.54297638;18.00449464;0.08445205539;-0.1615737379;-0.06352993846;5
17.99860282;0.4977070987;0.1770688742;11.54776192;18.00659652;0.1015562713;-0.1676823795;-0.073303774;5
18.00070475;0.4929214716;0.1818545163;11.5142622;18.00869844;0.1198822111;-0.1713475734;-0.08307760954;5
18.00280667;0.4594219327;0.1866401732;11.45204926;18.01080037;0.1345429718;-0.1701258421;-0.09162971377;5
18.0049086;0.4259224236;0.2249253243;11.36112213;18.0129023;0.1492037177;-0.1652389169;-0.09896009415;5
18.00701048;0.4115654826;0.2488535494;11.2510519;18.01500423;0.1626427472;-0.1566868126;-0.1038470119;5
18.0091124;0.3828516304;0.2679961324;11.16012478;18.01710615;0.1724165827;-0.1420260668;-0.1087339297;5
18.01121433;0.3302095234;0.3014956415;11.04048347;18.01920808;0.1797469556;-0.1224783882;-0.1111773923;5
18.01331626;0.2823530734;0.3445664644;10.89212894;18.02131001;0.1870773435;-0.1029307172;-0.1136208475;5
18.01541818;0.2392822653;0.3876372576;10.71984577;18.02341193;0.1882990748;-0.08582650125;-0.1136208475;5
18.01752011;0.1866401732;0.4259224236;10.57149029;18.02551386;0.1895207912;-0.06872228533;-0.1123991162;5
18.01962204;0.1339980662;0.4737788737;10.41835022;18.02761574;0.1895207912;-0.04550942779;-0.109955661;5
18.02172396;0.1052841991;0.5216353536;10.26042366;18.02971766;0.1882990748;-0.02718348242;-0.1050687432;5
18.02382589;0.05742774159;0.5599204898;10.14556789;18.03181959;0.1870773435;-0.008857538924;-0.1001818255;5
18.02592782;-0.004785645287;0.5838487148;10.04506969;18.03392152;0.1821904182;0.01191186346;-0.09285144508;5
18.02802969;-0.06699903309;0.6556333899;9.925428391;18.03602344;0.1797469556;0.0314595364;-0.086742796;5
18.03013162;-0.1531406492;0.6747759581;9.872786522;18.03812532;0.1748600453;0.05100720748;-0.07819069177;5
18.03223355;-0.2201396823;0.6939185858;9.796216011;18.04022725;0.1699731201;0.07299833745;-0.07086031139;5
18.03433548;-0.2871387303;0.7178468108;9.734002113;18.04232917;0.1638644785;0.09376774728;-0.06230820715;5
18.0364374;-0.3445664644;0.7369893789;9.681360245;18.0444311;0.1601992846;0.1145371497;-0.0549778305;5
18.03853928;-0.3876372576;0.7369893789;9.623932838;18.04653303;0.1516471803;0.1316413581;-0.04886918142;5
18.0406412;-0.4163511395;0.756131947;9.595218658;18.04863495;0.14676027;0.142636925;-0.04031707719;5
18.04274313;-0.4594219327;0.7752745152;9.556933403;18.05073688;0.1382081509;0.1511890292;-0.03420842811;5
18.04484506;-0.4881358147;0.7752745152;9.547362328;18.05283876;0.1308777779;0.1560759544;-0.0268780496;5
18.04694698;-0.5072783828;0.7896314859;9.54257679;18.05494068;0.1198822111;0.1548542231;-0.01954767294;5
18.04904891;-0.5742774606;0.8087740541;9.499505997;18.05704261;0.1088866442;0.1511890292;-0.0134390248;5
18.05115084;-0.5934200287;0.8039883971;9.451649666;18.05914454;0.0991128087;0.142636925;-0.004886918236;5
18.05325271;-0.6317051649;0.7896314859;9.394221306;18.06124646;0.08445205539;0.1340848207;0.003665188793;5
18.05535464;-0.6652047038;0.7752745152;9.327222824;18.06334834;0.07101303339;0.1230892539;0.01099556591;5
18.05745657;-0.6939185858;0.756131947;9.250652313;18.06545027;0.05268708616;0.1133154184;0.01954767294;5
18.0595585;-0.70348984;0.760917604;9.202795982;18.06755225;0.03680460155;0.1010981202;0.02932151034;5
18.06166042;-0.732203722;0.760917604;9.154939651;18.06965412;0.0209221188;0.08888082206;0.04031707719;5
18.0637623;-0.7369893789;0.7704889178;9.102297783;18.07175605;0.003817904973;0.07788526267;0.05009091273;5
18.06586423;-0.760917604;0.784845829;9.092725754;18.07385798;-0.01450803876;0.06566796452;0.05864302069;5
18.0679662;-0.7704889178;0.7513462901;9.087940216;18.0759599;-0.02794706449;0.05589412898;0.06841685623;5
18.07006808;-0.760917604;0.7417750359;9.111868858;18.07806183;-0.04016435891;0.04612028971;0.073303774;5
18.07217001;-0.732203722;0.7178468108;9.145368576;18.0801637;-0.05238165334;0.03390299529;0.07819069177;5
18.07427193;-0.6891329288;0.6891329288;9.202795982;18.08226563;-0.06337722391;0.01924224012;0.08063415438;5
18.07637386;-0.6412764788;0.6317051649;9.2362957;18.08436756;-0.07070759684;-0.0003054323897;0.08185587823;5
18.07847579;-0.5838487148;0.5934200287;9.327222824;18.08646949;-0.07681624591;-0.01985310577;0.08063415438;5
18.08057766;-0.5216353536;0.5359922647;9.394221306;18.08857141;-0.07803797722;-0.03940077871;0.07819069177;5
18.08267959;-0.4737788737;0.4881358147;9.475577354;18.09067334;-0.08048143238;-0.06139190868;0.073303774;5
18.08478152;-0.4211367965;0.4115654826;9.533005714;18.09277527;-0.08292489499;-0.08216131479;0.07086031139;5
18.08688344;-0.3828516304;0.3302095234;9.595218658;18.09487714;-0.08292489499;-0.1029307172;0.06352993846;5
18.08898537;-0.3397808075;0.2536391914;9.662218094;18.09697907;-0.07803797722;-0.1163697392;0.05986474827;5
18.0910873;-0.3158525825;0.1866401732;9.777072906;18.099081;-0.07559451461;-0.1359174103;0.05375609919;5
18.09318922;-0.3062812984;0.1004985496;9.858428955;18.10118292;-0.06704241037;-0.150578171;0.04642572254;5
18.0952911;-0.2823530734;0.02871387079;9.934999466;18.10328485;-0.05971203372;-0.1652389169;0.04031707719;5
18.09739303;-0.2823530734;-0.01914258115;10.01156998;18.10538678;-0.04993819445;-0.1798996776;0.03298669681;5
18.09949495;-0.2632105052;-0.07178468257;10.06421185;18.10748865;-0.03772090003;-0.1921169758;0.0268780496;5
18.10159688;-0.2344966233;-0.1148554832;10.13599682;18.10959058;-0.02672533318;-0.2031125426;0.02076940238;5
18.10369881;-0.2009970993;-0.1387837082;10.15992451;18.11169251;-0.01206457894;-0.2116646469;0.01466075517;5
18.10580074;-0.1674975902;-0.1770688742;10.15992451;18.11379443;0.002596175298;-0.2202167511;0.009773836471;5
18.10790261;-0.1579262912;-0.1866401732;10.16949654;18.11589636;0.01725693047;-0.2226602137;0.002443459118;5
18.11000454;-0.1196411327;-0.2009970993;10.15992451;18.11799829;0.03069595434;-0.227547124;-0.001221729559;5
18.11210646;-0.1196411327;-0.2105683982;10.12642574;18.12010021;0.04535670951;-0.223881945;-0.003665188793;5
18.11420839;-0.1244267747;-0.1962114573;10.08814049;18.12220209;0.05757400393;-0.2189950198;-0.006108647678;5
18.11631032;-0.1196411327;-0.1770688742;10.04028416;18.12430402;0.07101303339;-0.2116646469;-0.007330377586;5
18.11841225;-0.1339980662;-0.1339980662;9.982855797;18.12640594;0.08078686893;-0.20066908;-0.008552107029;5
18.12051417;-0.1244267747;-0.09571290761;9.891928673;18.12850787;0.08811724186;-0.1884517819;-0.008552107029;5
18.12261605;-0.1435693651;-0.04785645381;9.791430473;18.1306098;0.09544762224;-0.1750127524;-0.008552107029;5
18.12471798;-0.1435693651;0.004785645287;9.662218094;18.13271172;0.10033454;-0.1615737379;-0.007330377586;5
18.1268199;-0.1148554832;0.03349951655;9.528220177;18.13481365;0.1015562713;-0.1469129771;-0.004886918236;5
18.12892183;-0.0765703246;0.0765703246;9.375079155;18.13691553;0.1027780026;-0.1298087686;-0.006108647678;5
18.13102376;-0.05742774159;0.1148554832;9.20758152;18.13901745;0.1015562713;-0.1114828214;-0.001221729559;5
18.13312568;-0.0143569354;0.1435693651;9.078369141;18.14111938;0.09666935354;-0.09315688163;0.0;5
18.13522761;0.02871387079;0.1770688742;8.920442581;18.14322131;0.09056070447;-0.07238747925;0.0;5
18.13732949;0.06221338734;0.1962114573;8.800801277;18.14532324;0.0856737867;-0.05039634556;0.002443459118;5
18.13943141;0.0765703246;0.2201396823;8.647661209;18.14742516;0.07345648855;-0.02596175298;0.003665188793;5
18.14153334;0.1004985496;0.2488535494;8.494520187;18.14952704;0.06368265301;0.0009162971983;0.006108647678;5
18.14363527;0.1100698411;0.2679961324;8.370093346;18.15162902;0.05146535859;0.02779434808;0.007330377586;5
18.14573719;0.1196411327;0.2967100143;8.264809608;18.15373089;0.03680460155;0.05222893879;0.009773836471;5
18.14783912;0.1244267747;0.2967100143;8.21216774;18.15583282;0.02336557768;0.07788526267;0.01221729536;5
18.149941;0.1244267747;0.3302095234;8.140382767;18.15793475;0.01237001177;0.1010981202;0.0134390248;5
18.15204298;0.1100698411;0.3541377485;8.116454124;18.16003667;-0.00351247238;0.1194240674;0.01588248461;5
18.15414485;0.1148554832;0.3541377485;8.126026154;18.1621386;-0.0157297682;0.1401934624;0.01954767294;5
18.15624678;0.09092725813;0.3684946895;8.135597229;18.16424048;-0.02672533318;0.1536324918;0.02199113183;5
18.1583487;0.04307080805;0.3493520916;8.193024635;18.16634245;-0.03894263133;0.1646280587;0.02565632015;5
18.16045063;0.0143569354;0.3541377485;8.255238533;18.16844433;-0.04871646687;0.1719584316;0.02932151034;5
18.16255256;0.0;0.3349951804;8.394021988;18.17054626;-0.05360338464;0.1744018942;0.03054323979;5
18.16465443;-0.0382851623;0.2967100143;8.499305725;18.17264818;-0.05482511222;0.1768453568;0.03176496923;5
18.16675641;-0.05264209956;0.2727817893;8.628518105;18.17475011;-0.05971203372;0.1707367003;0.03054323979;5
18.16885829;-0.04307080805;0.2201396823;8.776873589;18.17685204;-0.05726857483;0.1597411335;0.02932151034;5
18.17096021;-0.05742774159;0.1722832322;8.90130043;18.17895396;-0.05849030241;0.1475238502;0.02443459071;5
18.17306214;-0.04307080805;0.1148554832;9.006584167;18.18105584;-0.05726857483;0.1340848207;0.02199113183;5
18.17516407;-0.04785645381;0.08614161611;9.087940216;18.18315782;-0.05604684353;0.1182023361;0.01710421406;5
18.177266;-0.0239282269;0.06221338734;9.193224907;18.18525969;-0.05604684353;0.1010981202;0.01221729536;5
18.17936792;-0.01914258115;0.0239282269;9.241081238;18.18736162;-0.05849030241;0.0864373669;0.004886918236;5
18.1814698;-0.009571290575;-0.01914258115;9.293723106;18.18946355;-0.05971203372;0.07055488229;-0.001221729559;5
18.18357178;0.0;-0.0382851623;9.312865257;18.19156548;-0.0609337613;0.05589412898;-0.007330377586;5
18.18567365;-0.0143569354;-0.05742774159;9.322437286;18.1936674;-0.06704241037;0.04245510325;-0.0134390248;5
18.18777558;-0.009571290575;-0.07178468257;9.332008362;18.19576928;-0.06948586553;0.02779434808;-0.0183259435;5
18.18987751;0.004785645287;-0.08135596663;9.332008362;18.1978712;-0.07315105945;0.0131335929;-0.02443459071;5
18.19197943;0.004785645287;-0.1052841991;9.332008362;18.19997313;-0.07925970852;-0.0003054323897;-0.03054323979;5
18.19408136;-0.01914258115;-0.1148554832;9.322437286;18.20207506;-0.08292489499;-0.01374445762;-0.03420842811;5
18.19618324;-0.0382851623;-0.1100698411;9.317651749;18.20417698;-0.08903354406;-0.02596175298;-0.03787361458;5
18.19828516;-0.0765703246;-0.1052841991;9.341579437;18.20627886;-0.09147699922;-0.03573558852;-0.04153880477;5
18.20038709;-0.1100698411;-0.1100698411;9.351150513;18.20838084;-0.09147699922;-0.04306596518;-0.04520399496;5
18.20248902;-0.1435693651;-0.08614161611;9.360722542;18.21048271;-0.09514218569;-0.05528326333;-0.05009091273;5
18.20459094;-0.1435693651;-0.07178468257;9.351150513;18.21258464;-0.09392046183;-0.0601701811;-0.05253437161;5
18.20669282;-0.1339980662;-0.07178468257;9.38465023;18.21468657;-0.09392046183;-0.06750056148;-0.05742128938;5
18.2087948;-0.1196411327;-0.04307080805;9.399007797;18.2167885;-0.09147699922;-0.07483093441;-0.05986474827;5
18.21089667;-0.1100698411;-0.0382851623;9.399007797;18.21889042;-0.08903354406;-0.07849612087;-0.06475166976;5
18.2129986;-0.1004985496;-0.01914258115;9.408578873;18.2209923;-0.08781181276;-0.07727439702;-0.06719512492;5
18.21510053;-0.09571290761;-0.0143569354;9.403793335;18.22309422;-0.08536835015;-0.07849612087;-0.06719512492;5
18.21720245;-0.1148554832;0.004785645287;9.394221306;18.22519615;-0.08536835015;-0.07605266571;-0.06841685623;5
18.21930438;-0.1435693651;0.0239282269;9.355937004;18.22729808;-0.08414662629;-0.07238747925;-0.06719512492;5
18.22140626;-0.1722832322;0.04785645381;9.332008362;18.22940001;-0.08659008145;-0.06139190868;-0.06719512492;5
18.22350818;-0.2297109663;0.08135596663;9.327222824;18.23150193;-0.08536835015;-0.05039634556;-0.06475166976;5
18.22561011;-0.2727817893;0.1052841991;9.274580956;18.23360386;-0.08903354406;-0.03817904741;-0.05986474827;5
18.22771204;-0.3158525825;0.1292124242;9.217152596;18.23570579;-0.08903354406;-0.01985310577;-0.0549778305;5
18.22981396;-0.3589234054;0.1722832322;9.169296265;18.23780771;-0.09147699922;-0.003970621154;-0.04886918142;5
18.23191589;-0.3780659735;0.2105683982;9.150154114;18.23990959;-0.09392046183;0.0131335929;-0.04276053607;5
18.23401782;-0.4115654826;0.2392822653;9.087940216;18.24201152;-0.09514218569;0.03390299529;-0.03543015569;5
18.23611975;-0.4498506486;0.2823530734;9.073583603;18.24411344;-0.0988073796;0.05345066637;-0.02565632015;5
18.23822167;-0.4498506486;0.3302095234;9.044869423;18.24621537;-0.1061377525;0.07177661359;-0.01710421406;5
18.24032355;-0.5024927258;0.3684946895;9.035298347;18.24831725;-0.1134681329;0.08765909821;-0.006108647678;5
18.24242548;-0.5168496966;0.4067798555;8.97308445;18.25041917;-0.119576782;0.1023198515;0.003665188793;5
18.2445274;-0.5503492355;0.4642075896;8.97308445;18.2525211;-0.1256854236;0.1145371497;0.01466075517;5
18.24662933;-0.5647061467;0.4929214716;8.949156761;18.25462303;-0.1342375278;0.1255327165;0.0268780496;5
18.2487312;-0.5838487148;0.5312066078;8.934800148;18.25672495;-0.1415679157;0.1316413581;0.03909534588;5
18.25083313;-0.6077769399;0.5264210105;8.944371223;18.25882688;-0.1513417512;0.142636925;0.05253437161;5
18.25293506;-0.6317051649;0.5312066078;8.968298912;18.26092876;-0.1611155868;0.1475238502;0.06475166976;5
18.25503698;-0.6604190469;0.5551348329;9.011369705;18.26303074;-0.1684459597;0.1560759544;0.07819069177;5
18.25713891;-0.708275497;0.5216353536;9.064012527;18.26513266;-0.1769980639;0.1609628648;0.09040798992;5
18.25924084;-0.7465606928;0.5216353536;9.131011009;18.26723454;-0.1855501831;0.1634063274;0.1014035568;5
18.26134271;-0.7417750359;0.5024927258;9.20758152;18.26933646;-0.1916588247;0.1621845961;0.1111773923;5
18.26344469;-0.7369893789;0.4737788737;9.30807972;18.27143839;-0.1989891976;0.1609628648;0.1197294965;5
18.26554662;-0.70348984;0.4737788737;9.379864693;18.27354027;-0.2038761228;0.1572976857;0.1246164143;5
18.2676485;-0.6556333899;0.4546363056;9.437292099;18.27564225;-0.2075413018;0.1511890292;0.1282816082;5
18.26975042;-0.6077769399;0.4211367965;9.533005714;18.27774412;-0.2099847645;0.1450803876;0.1307250559;5
18.27185235;-0.5503492355;0.4067798555;9.628718376;18.27984605;-0.2124282271;0.1340848207;0.1307250559;5
18.27395422;-0.4977070987;0.4019941986;9.700503349;18.28194798;-0.2148716897;0.1218675226;0.1331685185;5
18.2760562;-0.4594219327;0.3828516304;9.796216011;18.2840499;-0.2136499584;0.1108719558;0.1319467872;5
18.27815808;-0.4307080805;0.3828516304;9.887143135;18.28615183;-0.2136499584;0.09621120244;0.1343902498;5
18.28026001;-0.4019941986;0.3684946895;10.01635551;18.2882537;-0.2124282271;0.08032871783;0.1343902498;5
18.28236193;-0.3828516304;0.3541377485;10.11685371;18.29035568;-0.2099847645;0.06322450191;0.1356119812;5
18.28446386;-0.3493520916;0.3349951804;10.20778179;18.29245756;-0.2087630332;0.04245510325;0.1368337125;5
18.28656579;-0.3302095234;0.3302095234;10.30349445;18.29455948;-0.2075413018;0.021685699;0.1356119812;5
18.28866766;-0.2919243574;0.3206382394;10.38006496;18.29666141;-0.2075413018;-0.0003054323897;0.1356119812;5
18.29076964;-0.2775674164;0.3014956415;10.46620655;18.29876334;-0.2050978541;-0.0235182941;0.1331685185;5
18.29287152;-0.2297109663;0.2632105052;10.51884842;18.30086527;-0.2050978541;-0.04795288667;0.1319467872;5
18.29497344;-0.1914258152;0.2392822653;10.5858469;18.30296719;-0.2075413018;-0.06750056148;0.1282816082;5
18.29707537;-0.1531406492;0.2249253243;10.59541893;18.30506912;-0.2112064958;-0.08704823256;0.1221729591;5
18.2991773;-0.08135596663;0.2201396823;10.61456108;18.30717105;-0.2099847645;-0.1041524485;0.1160643101;5
18.30127923;0.01914258115;0.2153540403;10.65284634;18.30927298;-0.2148716897;-0.1200349256;0.1087339297;5
18.30338115;0.1052841991;0.2057827413;10.70070267;18.31137485;-0.2173151523;-0.1285870373;0.1014035568;5
18.30548308;0.1387837082;0.2153540403;10.748559;18.31347678;-0.2185368687;-0.1346956789;0.09529490769;5
18.30758501;0.2057827413;0.2392822653;10.80120182;18.3155787;-0.2197586;-0.1395826042;0.08796452731;5
18.30968693;0.2632105052;0.2632105052;10.8682003;18.31768063;-0.2246455252;-0.1420260668;0.08185587823;5
18.31178881;0.3110669553;0.2871387303;10.9304142;18.31978256;-0.2222020626;-0.1395826042;0.07696896046;5
18.31389074;0.3206382394;0.3397808075;11.0309124;18.32188443;-0.2209803313;-0.1359174103;0.07208204269;5
18.31599266;0.3110669553;0.4019941986;11.12183952;18.32398641;-0.2209803313;-0.1310304999;0.07086031139;5
18.31809459;0.3206382394;0.4594219327;11.18883896;18.32608829;-0.2197586;-0.1224783882;0.06963858753;5
18.32019652;0.3158525825;0.5072783828;11.26062298;18.32819021;-0.2185368687;-0.1163697392;0.06841685623;5
18.32229839;0.3206382394;0.5694918036;11.32762241;18.33029214;-0.2209803313;-0.1102610901;0.06963858753;5
18.32440037;0.3062812984;0.626919508;11.37547874;18.33239407;-0.2209803313;-0.1004872546;0.07208204269;5
18.32650225;0.2823530734;0.6747759581;11.39940739;18.33449594;-0.2185368687;-0.08826996386;0.07208204269;5
18.32860417;0.2727817893;0.7178468108;11.47119141;18.33659787;-0.2197586;-0.07238747925;0.0745255053;5
18.3307061;0.2584248483;0.7465606928;11.53819084;18.3386998;-0.2209803313;-0.05650499091;0.07574722916;5
18.33280803;0.2871387303;0.7896314859;11.62911797;18.34080173;-0.2209803313;-0.03573558852;0.07696896046;5
18.3349099;0.2967100143;0.8470591903;11.71525955;18.34290365;-0.2222020626;-0.01618791744;0.07574722916;5
18.33701183;0.3254238665;0.9284151793;11.7966156;18.34500558;-0.2209803313;0.008246674202;0.0745255053;5
18.33911376;0.3349951804;1.028913736;11.90668583;18.34710745;-0.2209803313;0.03268126398;0.073303774;5
18.34121568;0.3589234054;1.100698471;12.03589821;18.34920938;-0.2209803313;0.05711585656;0.0745255053;5
18.34331761;0.3732803464;1.11984098;12.16989613;18.35131131;-0.2209803313;0.0852156356;0.07574722916;5
18.34541954;0.3732803464;1.162911773;12.30389404;18.35341324;-0.2197586;0.1108719558;0.07941242307;5
18.34752141;0.3732803464;1.196411371;12.44746304;18.35551516;-0.2209803313;0.1377500147;0.08796452731;5
18.34962334;0.3206382394;1.225125194;12.57667542;18.35761709;-0.2234237939;0.1646280587;0.09651663154;5
18.35172527;0.2727817893;1.239482164;12.662817;18.35971896;-0.2222020626;0.1915061027;0.1075121984;5
18.35382719;0.2249253243;1.244267821;12.77288723;18.36182089;-0.2234237939;0.2147189677;0.1172860414;5
18.35592912;0.1866401732;1.268195987;12.86859989;18.36392282;-0.2209803313;0.2379318327;0.1258381456;5
18.35803105;0.1339980662;1.272981644;13.06481171;18.36602475;-0.2173151523;0.255036056;0.1343902498;5
18.36013292;0.1148554832;1.272981644;13.28973675;18.36812667;-0.2148716897;0.2733619809;0.1417206228;5
18.36223485;0.1148554832;1.292124271;13.52901936;18.3702286;-0.2075413018;0.289244473;0.1453858167;5
18.36433678;0.1100698411;1.277767301;13.81615829;18.37233053;-0.1989891976;0.3002400398;0.1478292793;5
18.3664387;0.1196411327;1.292124271;14.11765385;18.3744324;-0.1831067204;0.3087921441;0.146607548;5
18.36854063;0.1627119333;1.282552958;14.41436386;18.37653433;-0.1684459597;0.3100138903;0.146607548;5
18.37064256;0.2105683982;1.26341033;14.7397871;18.37863626;-0.1501200199;0.3075704277;0.1429423541;5
18.37274449;0.2919243574;1.253839016;15.02692604;18.38073818;-0.1305723488;0.2990183234;0.1380554438;5
18.37484636;0.3541377485;1.201196909;15.28056526;18.38284011;-0.1098029464;0.2843575478;0.1343902498;5
18.37694829;0.4211367965;1.153340459;15.52463341;18.38494204;-0.08536835015;0.2660316229;0.1270598769;5
18.37905021;0.4929214716;1.100698471;15.74477291;18.38704396;-0.0609337613;0.242818743;0.1209512278;5
18.38115214;0.4881358147;1.028913736;15.94098473;18.38914589;-0.03772090003;0.2147189677;0.1123991162;5
18.38325407;0.5216353536;0.9858429432;16.13241005;18.39124777;-0.01695149764;0.1841757298;0.1014035568;5
18.385356;0.5982056856;0.9906286001;16.30947876;18.39334969;0.007483093534;0.1536324918;0.09040798992;5
18.38745792;0.6747759581;0.9858429432;16.48654747;18.39545162;0.02825249545;0.1218675226;0.07941242307;5
18.38955985;0.756131947;0.9762716293;16.6157608;18.39755355;0.0490218997;0.09254601598;0.06719512492;5
18.39166173;0.8327022791;1.004985452;16.716259;18.39965548;0.06979130208;0.06200277433;0.05742128938;5
18.39376365;0.8805587292;1.004985452;16.85504341;18.40175735;0.09056070447;0.0314595364;0.04276053607;5
18.39586558;0.9188438654;1.014556766;16.98904037;18.40385928;0.113773562;-0.00152716192;0.02809977904;5
18.39796751;0.9379864931;1.019342422;17.10389709;18.4059612;0.1345429718;-0.03573558852;0.01221729536;5
18.40006943;0.9667003751;0.9906286001;17.25703621;18.40806313;0.1553123742;-0.07483093441;-0.002443459118;5
18.40217131;0.9906286001;0.9762716293;17.37667847;18.41016506;0.1797469556;-0.113926284;-0.0183259435;5
18.40427324;1.009771109;0.94277215;17.4819622;18.41226699;0.200516358;-0.1603520066;-0.03543015569;5
18.40637516;1.024128079;0.9236295223;17.57767487;18.41436891;0.2212857604;-0.2079994529;-0.05375609919;5
18.40847709;1.052842021;0.9140582681;17.61596107;18.41647079;0.246942088;-0.2580903769;-0.0745255053;5
18.41057902;1.067198873;0.8949156404;17.6829586;18.41857277;0.266489774;-0.3081812859;-0.09285144508;5
18.41268094;1.081555843;0.8805587292;17.71167374;18.42067464;0.2848156989;-0.3582721949;-0.1123991162;5
18.41478287;1.100698471;0.866201818;17.71645927;18.42277657;0.3006981909;-0.4083631039;-0.1319467872;5
18.41688475;1.11984098;0.8566305041;17.67817307;18.4248785;0.3214675784;-0.4535670877;-0.1514944583;5
18.41898672;1.11984098;0.8566305041;17.67338753;18.42698042;0.3385718167;-0.497549355;-0.1673769504;5
18.4210886;1.115055323;0.837487936;17.65424538;18.42908235;0.3532325625;-0.5378664136;-0.1832594275;5
18.42319053;1.105484009;0.8327022791;17.62074661;18.43118428;0.366671592;-0.5794052482;-0.196698457;5
18.42529245;1.062413216;0.8327022791;17.5824604;18.43328615;0.3801106215;-0.6136136651;-0.2089157552;5
18.42739438;0.9810572863;0.837487936;17.56810379;18.43538808;0.3923279047;-0.6417134404;-0.219911322;5
18.42949631;0.8997012973;0.8422735929;17.57288933;18.43749001;0.4033234715;-0.6661480665;-0.2272416949;5
18.43159824;0.8087740541;0.8805587292;17.5441761;18.43959193;0.413097322;-0.6856957078;-0.2345720828;5
18.43370011;0.732203722;0.8949156404;17.52024651;18.44169386;0.424092859;-0.7003564835;-0.2394589931;5
18.43580204;0.679561615;0.9188438654;17.51546097;18.44379579;0.4399753511;-0.7052434087;-0.2406807244;5
18.43790396;0.6317051649;0.9523434043;17.52503395;18.44589766;0.4583013058;-0.7015781999;-0.2419024557;5
18.44000589;0.5886343718;0.9762716293;17.62553215;18.44799959;0.4839576185;-0.6930260658;-0.2419024557;5
18.44210782;0.5312066078;0.9762716293;17.74038696;18.45010152;0.5169443488;-0.6795870662;-0.2419024557;5
18.44420975;0.4977070987;0.9714859724;17.88395691;18.45220344;0.5487092733;-0.6637045741;-0.2394589931;5
18.44631162;0.4977070987;0.9619147182;18.03709793;18.45430537;0.5902481079;-0.6466003656;-0.2370155305;5
18.44841355;0.4833501875;0.9523434043;18.2093811;18.4564073;0.6354520917;-0.6270527244;-0.2333503515;5
18.45051548;0.4450650215;0.9475577474;18.33859253;18.45850917;0.6843212843;-0.6050615907;-0.2321286201;5
18.4526174;0.4354937077;0.9379864931;18.50130463;18.4606111;0.7356339097;-0.5867356062;-0.2284634262;5
18.45471933;0.4402793646;0.9379864931;18.6113739;18.46271303;0.7918334603;-0.5696313977;-0.2235765159;5
18.45682126;0.4881358147;0.94277215;18.70230103;18.46481495;0.8504765034;-0.5488619804;-0.2223547846;5
18.45892313;0.5312066078;0.9284151793;18.78365707;18.46691688;0.9091194868;-0.5293143392;-0.2223547846;5
18.46102506;0.5982056856;0.9140582681;18.84587097;18.46901881;0.9677625299;-0.5036579967;-0.2223547846;5
18.46312699;0.6939185858;0.8997012973;18.86501312;18.47112068;1.025183797;-0.478001684;-0.2235765159;5
18.46522891;0.784845829;0.8949156404;18.82194328;18.47322261;1.080161691;-0.451123625;-0.2272416949;5
18.46733084;0.890130043;0.8518448472;18.75972939;18.47532454;1.1302526;-0.4205803871;-0.2333503515;5
18.46943277;1.004985452;0.813559711;18.60180283;18.47742646;1.179121733;-0.3875937164;-0.2370155305;5
18.47153464;1.091127157;0.7992027402;18.4103775;18.47952839;1.220660567;-0.3521635532;-0.243124187;5
18.47363657;1.191625714;0.7704889178;18.16152382;18.48163032;1.25609076;-0.3106247485;-0.2516762912;5
18.4757385;1.272981644;0.7752745152;17.87438583;18.48373225;1.290299177;-0.2666424811;-0.2602283955;5
18.47784042;1.354337573;0.7465606928;17.5824604;18.48583412;1.319620609;-0.2189950198;-0.2700022459;5
18.47994235;1.445264935;0.7465606928;17.31925011;18.4879361;1.344055176;-0.1725693047;-0.2773326039;5
18.48204428;1.507478237;0.7465606928;17.03211212;18.49003798;1.364824653;-0.1224783882;-0.2871064544;5
18.4841462;1.555334687;0.760917604;16.7545433;18.4921399;1.381928802;-0.07605266571;-0.2956585586;5
18.48624808;1.593619823;0.7752745152;16.5152626;18.49424183;1.390480995;-0.03207040206;-0.3054323792;5
18.48835006;1.636690736;0.7992027402;16.28076553;18.49634376;1.403919935;0.005803215317;-0.3139844835;5
18.49045193;1.655833244;0.813559711;16.05583954;18.49844568;1.407585144;0.03878991306;-0.3213148713;5
18.49255386;1.679761529;0.8231309652;15.84048557;18.50054756;1.412472129;0.06200277433;-0.3323104382;5
18.49465579;1.718046665;0.8422735929;15.64906025;18.50264949;1.412472129;0.07910698652;-0.343306005;5
18.49675771;1.737189293;0.8327022791;15.45763397;18.50475141;1.413693786;0.09132428467;-0.3567450345;5
18.49885964;1.737189293;0.8422735929;15.23270893;18.50685334;1.410028577;0.09743293375;-0.3738492429;5
18.50096152;1.751546144;0.837487936;15.01735497;18.50895527;1.406363487;0.09865466505;-0.3909534514;5
18.50306344;1.746760488;0.8231309652;14.82114315;18.51105719;1.396589637;0.09743293375;-0.4105011225;5
18.50516537;1.741974831;0.7896314859;14.60578918;18.51315907;1.388037443;0.09010255337;-0.4300487936;5
18.5072673;1.708475351;0.760917604;14.39043522;18.51526105;1.378263712;0.0852156356;-0.4495964646;5
18.50936922;1.670190215;0.7178468108;14.18465233;18.51736292;1.367268085;0.07788526267;-0.4667007029;5
18.51147115;1.617548108;0.6747759581;14.01236916;18.51946485;1.353829026;0.06444623321;-0.4850266278;5
18.51357303;1.555334687;0.6317051649;13.82572937;18.52156678;1.335503101;0.04612028971;-0.4996874034;5
18.51567501;1.478764415;0.6077769399;13.60558987;18.5236687;1.319620609;0.02412915789;-0.5143481493;5
18.51777688;1.411765337;0.5647061467;13.44766331;18.52577063;1.303738117;0.005803215317;-0.5302306414;5
18.51987881;1.31126678;0.5407779217;13.29452229;18.52787256;1.289077401;-0.01496618707;-0.5448913574;5
18.52198074;1.21555388;0.5264210105;13.12702465;18.52997443;1.271973133;-0.03451386094;-0.5571087003;5
18.52408266;1.105484009;0.5024927258;12.97388458;18.53207636;1.25609076;-0.05406153202;-0.5681042671;5
18.52618459;0.9762716293;0.4929214716;12.82074356;18.53417829;1.240208268;-0.07483093441;-0.577878058;5
18.52828652;0.8614161611;0.4929214716;12.65324593;18.53628021;1.220660567;-0.0980437994;-0.5839866996;5
18.53038839;0.708275497;0.4785645306;12.45703506;18.53838214;1.205999732;-0.1163697392;-0.5852084756;5
18.53249032;0.5694918036;0.4833501875;12.28475189;18.54048407;1.188895583;-0.1334739476;-0.5876519084;5
18.53459225;0.4307080805;0.4977070987;12.10289669;18.54258594;1.169347882;-0.1481347084;-0.5852084756;5
18.53669417;0.2727817893;0.4977070987;11.92104244;18.54468792;1.154687166;-0.1640172005;-0.5815432668;5
18.5387961;0.1435693651;0.4977070987;11.75833035;18.5467898;1.136361241;-0.1762344837;-0.5729911923;5
18.54089803;-0.009571290575;0.5024927258;11.64826107;18.54889172;1.120478749;-0.1847866029;-0.5632173419;5
18.5429999;-0.1483550072;0.5407779217;11.53819084;18.55099365;1.108261466;-0.1896735132;-0.5510000587;5
18.54510188;-0.2871387303;0.5407779217;11.43769264;18.55309558;1.096044183;-0.1921169758;-0.5400044918;5
18.54720376;-0.4067798555;0.5647061467;11.39940739;18.55519751;1.085048556;-0.1860083193;-0.527787149;5
18.54930568;-0.5312066078;0.5694918036;11.37069321;18.55729943;1.080161691;-0.1725693047;-0.5119046569;5
18.55140761;-0.6412764788;0.5694918036;11.37069321;18.55940131;1.077718139;-0.1554650813;-0.4948004782;5
18.55350954;-0.7800601721;0.5934200287;11.38504982;18.56150324;1.077718139;-0.1310304999;-0.4776962698;5
18.55561146;-0.9044869542;0.6221339107;11.46162033;18.56360516;1.085048556;-0.1053741723;-0.4593703151;5
18.55771339;-1.048056364;0.6412764788;11.56211948;18.56570709;1.099709272;-0.08338304609;-0.4386008978;5
18.55981527;-1.177268744;0.650847733;11.70090294;18.56780902;1.11681354;-0.06994401664;-0.4166097939;5
18.56191719;-1.301695466;0.679561615;11.84447193;18.56991089;1.14002645;-0.06505709887;-0.3921751976;5
18.56401912;-1.416550994;0.6843472719;11.93539906;18.57201282;1.168126225;-0.06505709887;-0.3677406013;5
18.56612105;-1.493121386;0.6891329288;12.05025482;18.5741148;1.19989109;-0.07238747925;-0.343306005;5
18.56822298;-1.569691658;0.6604190469;12.10768223;18.57621667;1.234099627;-0.07971785218;-0.3164279461;5
18.57032485;-1.641476393;0.6604190469;12.15075302;18.5783186;1.271973133;-0.09315688163;-0.289549917;5
18.57242678;-1.679761529;0.6699903607;12.18425274;18.58042053;1.307403326;-0.1004872546;-0.2638935745;5
18.57452876;-1.694118381;0.6556333899;12.20339584;18.58252245;1.345276952;-0.1102610901;-0.2382372618;5
18.57663063;-1.698904037;0.6412764788;12.1794672;18.58462438;1.380707145;-0.1151480079;-0.2162461281;5
18.57873256;-1.674975872;0.6125625968;12.11246777;18.58672626;1.413693786;-0.1151480079;-0.1930332631;5
18.58083448;-1.655833244;0.5694918036;12.00718403;18.58882818;1.446680546;-0.1151480079;-0.1722638607;5
18.58293641;-1.631905079;0.5503492355;11.86361504;18.59093011;1.474780321;-0.1127045527;-0.1527161896;5
18.58503834;-1.584048629;0.5359922647;11.71047401;18.59303204;1.499214888;-0.1065959036;-0.1356119812;5
18.58714021;-1.55054903;0.4929214716;11.56211948;18.59513396;1.523649454;-0.09926552325;-0.1185077652;5
18.58924214;-1.531406522;0.4402793646;11.43290615;18.59723589;1.550527573;-0.09071341902;-0.09896009415;5
