Tempo acelerômetro (s);Acelerômetro X (m/s²);Acelerômetro Y (m/s²);Acelerômetro Z (m/s²);Tempo giroscópio (s);Giroscópio X (rad/s);Giroscópio Y (rad/s);Giroscópio Z (rad/s);gesto
12.6542221;-1.445264935;-2.354537487;9.217152596;12.66221532;2.164294004;-0.7069232464;-0.3129154742;4
12.65632392;-1.430907965;-2.215753794;8.906085968;12.6643171;2.16918087;-0.6800451875;-0.2909243405;4
12.65842569;-1.40697968;-2.124826431;8.652446747;12.66641892;2.170402527;-0.6470585465;-0.2713766694;4
12.66052746;-1.383051515;-2.019542217;8.379665375;12.66852074;2.170402527;-0.6152935624;-0.2493855506;4
12.66262928;-1.368694544;-1.923829436;8.145168304;12.67062251;2.170402527;-0.5761982203;-0.2261726856;4
12.66473105;-1.354337573;-1.832902193;7.881958008;12.67272434;2.167959213;-0.5383245945;-0.2054032832;4
12.66683288;-1.335195065;-1.746760488;7.609176159;12.67482611;2.164294004;-0.4980075061;-0.1834121495;4
12.6689347;-1.325623751;-1.660618901;7.360322475;12.67692793;2.158185244;-0.4576904476;-0.1601992846;4
12.67103647;-1.339980721;-1.612762451;7.101897717;12.67902975;2.153298378;-0.4137081802;-0.1369864196;4
12.67313829;-1.354337573;-1.579262972;6.79561615;12.68113152;2.142302752;-0.3733910918;-0.1149952933;4
12.67524006;-1.387837172;-1.555334687;6.494120598;12.68323335;2.134972334;-0.3318522871;-0.09056070447;4
12.67734189;-1.392622828;-1.531406522;6.211767673;12.68533512;2.123976946;-0.2903134823;-0.06734783947;4
12.67944371;-1.387837172;-1.507478237;5.958128452;12.68743689;2.114202976;-0.2487746775;-0.04291325063;4
12.68154548;-1.330409408;-1.459621787;5.714060307;12.68953871;2.104429245;-0.2047924101;-0.01847865991;4
12.6836473;-1.292124271;-1.387837172;5.522634506;12.69164053;2.095877171;-0.1608101577;0.004734201822;4
12.68574908;-1.225125194;-1.31126678;5.345565796;12.6937423;2.087324858;-0.1180496216;0.02916879393;4
12.68785085;-1.143769264;-1.21555388;5.173282623;12.69584413;2.07632947;-0.06918043643;0.05238165334;4
12.68995267;-1.0863415;-1.115055323;5.005784988;12.6979459;2.065333843;-0.02275471389;0.07681624591;4
12.69205449;-1.057627559;-1.024128079;4.800002098;12.70004772;2.055559874;0.02367101051;0.1012508348;4
12.69415626;-1.03848505;-0.9379864931;4.656432629;12.70214954;2.048229694;0.07009673119;0.1256854236;4
12.69625808;-1.052842021;-0.8518448472;4.469792843;12.70425131;2.039677382;0.1165224537;0.1513417512;4
12.69835986;-1.052842021;-0.7896314859;4.326223373;12.70635314;2.036012411;0.1605047137;0.1794415265;4
12.70046168;-1.033699393;-0.7226324677;4.201796532;12.70845491;2.028681993;0.1971566081;0.2075413018;4
12.7025635;-1.028913736;-0.6843472719;4.053441525;12.71055673;2.021351576;0.2313650399;0.2356410921;4
12.70466527;-0.9954141974;-0.6460621357;3.90030098;12.7126585;2.015242815;0.2594648004;0.2612974048;4
12.7067671;-0.9523434043;-0.5982056856;3.761517286;12.71476027;2.009134293;0.281455934;0.2881754637;4
12.70886887;-0.8805587292;-0.5838487148;3.651447296;12.7168621;2.003025532;0.2985601723;0.3101665974;4
12.71097069;-0.756131947;-0.5886343718;3.570091486;12.71896392;1.995695233;0.3107774556;0.3297142684;4
12.71307246;-0.650847733;-0.5694918036;3.445664644;12.72106569;1.985921383;0.3156643808;0.3419315517;4
12.71517423;-0.5024927258;-0.5599204898;3.37387991;12.72316751;1.974925876;0.3217730224;0.3517054021;4
12.71727605;-0.3254238665;-0.5742774606;3.263810158;12.72526928;1.959043384;0.3168860972;0.3553705812;4
12.71937788;-0.1196411327;-0.5790630579;3.129812002;12.72737111;1.945604324;0.3144426346;0.3553705812;4
12.72147965;0.0239282269;-0.5886343718;3.010170937;12.72947293;1.928500056;0.3107774556;0.3492619395;4
12.72358147;0.1770688742;-0.6029912829;2.885744095;12.7315747;1.910174131;0.3058905303;0.3382663727;4
12.72568324;0.3397808075;-0.6364908218;2.751745939;12.73367652;1.893069983;0.2997818887;0.3223838806;4
12.72778506;0.5168496966;-0.6460621357;2.656033039;12.73577829;1.873522282;0.2912297845;0.3016144931;4
12.72988689;0.7130611539;-0.6460621357;2.550748825;12.73788012;1.856418014;0.2826776803;0.2759581506;4
12.73198866;0.9236295223;-0.650847733;2.49332118;12.73998189;1.839313865;0.274125576;0.2466366589;4
12.73409048;1.143769264;-0.6604190469;2.440679073;12.74208371;1.822209597;0.2643517256;0.2148716897;4
12.73619225;1.383051515;-0.6460621357;2.411965132;12.74418548;1.805105448;0.2521344423;0.1818849891;4
12.73829408;1.545763373;-0.5838487148;2.383251429;12.7462873;1.786779523;0.2423606068;0.1476765573;4
12.74039584;1.660618901;-0.5072783828;2.340180635;12.74838908;1.769675255;0.2289215773;0.1122464016;4
12.74249767;1.746760488;-0.4019941986;2.277967215;12.7504909;1.748905897;0.2118173689;0.07803797722;4
12.74459944;1.799402595;-0.3062812984;2.191825628;12.75259267;1.729358196;0.1910479665;0.0426078178;4
12.74670126;1.804188251;-0.2297109663;2.139183521;12.75469449;1.707367063;0.1702785641;0.0108428495;4
12.74880303;1.799402595;-0.1531406492;2.033899307;12.75679631;1.686597705;0.1507308781;-0.02214384824;4
12.75090486;1.770688772;-0.1004985496;1.938186288;12.75889808;1.664606571;0.1287397593;-0.05390881747;4
12.75300663;1.732403636;-0.06699903309;1.832902193;12.76099986;1.638950229;0.1067486182;-0.0856737867;4
12.75510845;1.674975872;-0.02871387079;1.698904037;12.76310168;1.614515662;0.0859792158;-0.113773562;4
12.75721027;1.612762451;-0.0143569354;1.59840548;12.7652035;1.58885932;0.06398808211;-0.1406516135;4
12.75931204;1.560120344;-0.009571290575;1.464407444;12.76730527;1.564424753;0.04444041103;-0.1663079411;4
12.76141381;1.507478237;-0.009571290575;1.344766378;12.7694071;1.532659769;0.02122755162;-0.1907425225;4
12.76351564;1.440479279;-0.01914258115;1.21555388;12.77150887;1.502116442;-0.0007635809598;-0.2127336562;4
12.76561746;1.373480201;-0.0239282269;1.081555843;12.77361069;1.467908025;-0.02397644334;-0.2335030586;4
12.76771923;1.287338614;-0.04307080805;0.9332008362;12.77571246;1.431256175;-0.04352411628;-0.2518289983;4
12.76982105;1.201196909;-0.06221338734;0.8039883971;12.77781428;1.394604325;-0.06185005978;-0.270154953;4
12.77192282;1.11984098;-0.08614161611;0.650847733;12.77991611;1.354287267;-0.07773254067;-0.2860374451;4
12.77402465;1.052842021;-0.1196411327;0.5312066078;12.78201788;1.311526656;-0.08872810751;-0.3019199073;4
12.77612642;1.004985452;-0.1435693651;0.4163511395;12.7841197;1.271209598;-0.09605848789;-0.3153589368;4
12.77822824;0.9762716293;-0.1579262912;0.3110669553;12.78622147;1.229670763;-0.09483675659;-0.3312414289;4
12.78033006;0.9810572863;-0.1579262912;0.1770688742;12.78832329;1.188132048;-0.09361502528;-0.3483456373;4
12.78243184;0.9810572863;-0.1770688742;0.08614161611;12.79042506;1.149036646;-0.08750637621;-0.3642281294;4
12.78453366;0.9762716293;-0.1627119333;0.01914258115;12.79252689;1.109941363;-0.07895427197;-0.3825540543;4
12.78663543;0.9858429432;-0.1674975902;-0.04785645381;12.79462866;1.073289394;-0.07040216774;-0.3996582925;4
12.78873725;0.9523434043;-0.1674975902;-0.1196411327;12.79673048;1.040302753;-0.06062832847;-0.416762501;4
12.79083902;0.9092726111;-0.1770688742;-0.1674975902;12.7988323;1.009759426;-0.04841103405;-0.4289797843;4
12.79294084;0.8566305041;-0.1627119333;-0.1818545163;12.80093408;0.9767727852;-0.0374154672;-0.4399753511;4
12.79504262;0.7704889178;-0.1674975902;-0.2009970993;12.8030359;0.9462295175;-0.02031125315;-0.4473057389;4
12.79714444;0.6412764788;-0.1579262912;-0.2105683982;12.80513767;0.9144645929;-0.0007635809598;-0.4485274553;4
12.79924626;0.4929214716;-0.1100698411;-0.2344966233;12.80723949;0.8851430416;0.02611446939;-0.4448622763;4
12.80134803;0.3062812984;-0.08135596663;-0.2727817893;12.80934131;0.8533781171;0.0542142503;-0.4326449931;4
12.80344986;0.08614161611;-0.02871387079;-0.3780659735;12.81144308;0.821613133;0.08842267841;-0.416762501;4
12.80555163;-0.1435693651;0.06221338734;-0.4402793646;12.81354486;0.7898481488;0.1262962967;-0.3959930837;4
12.80765345;-0.4163511395;0.1292124242;-0.5120640397;12.81564668;0.7641918659;0.1641699076;-0.3715584874;4
12.80975527;-0.6699903607;0.2201396823;-0.4929214716;12.8177485;0.7397572398;0.2081521749;-0.3434587121;4
12.81185704;-0.8757730722;0.2823530734;-0.5072783828;12.81985027;0.7153226733;0.2533561587;-0.3129154742;4
12.81395881;-1.052842021;0.3780659735;-0.4642075896;12.82195204;0.6957749724;0.2997818887;-0.2835939825;4
12.81606064;-1.177268744;0.4785645306;-0.4259224236;12.82405387;0.6774490476;0.3437641561;-0.2530507445;4
12.81816246;-1.272981644;0.5742774606;-0.3684946895;12.82615564;0.6615665555;0.3828594983;-0.2212857604;4
12.82026423;-1.354337573;0.6652047038;-0.3158525825;12.82825746;0.6469057798;0.424398303;-0.1895207912;4
12.822366;-1.416550994;0.7704889178;-0.2871387303;12.83035928;0.6322450638;0.45860672;-0.1589775532;4
12.82446783;-1.469193101;0.8805587292;-0.2201396823;12.83246105;0.6224712133;0.4903717041;-0.1259908676;4
12.8265696;-1.512263894;0.9667003751;-0.1818545163;12.83456282;0.6078104377;0.5196931958;-0.09422589093;4
12.82867142;-1.569691658;1.033699393;-0.1148554832;12.83666465;0.5980366468;0.5477929711;-0.06612611562;4
12.83077324;-1.607976794;1.100698471;-0.06221338734;12.83876647;0.5882627964;0.5710058808;-0.03436114267;4
12.83287501;-1.64626193;1.148554921;-0.009571290575;12.84086824;0.5760455132;0.5917752385;-0.003817904973;4
12.83497678;-1.641476393;1.191625714;0.04307080805;12.84297006;0.5638281703;0.608879447;0.02550360374;4
12.83707861;-1.64626193;1.210768223;0.09571290761;12.84507184;0.5552760959;0.6259836555;0.05115992576;4
12.83918043;-1.641476393;1.21555388;0.1339980662;12.84717366;0.5418370366;0.6345357895;0.07681624591;4
12.8412822;-1.631905079;1.205982566;0.1866401732;12.84927548;0.5308414698;0.6430879235;0.0975856483;4
12.84338402;-1.59840548;1.177268744;0.2584248483;12.85137725;0.5186241865;0.6455313563;0.1159115955;4
12.84548579;-1.536192179;1.162911773;0.3014956415;12.85347908;0.5039634705;0.6430879235;0.1317940801;4
12.84758762;-1.464407444;1.143769264;0.3732803464;12.85558084;0.4917461574;0.6357575059;0.1440113783;4
12.84968944;-1.363908887;1.129412293;0.4307080805;12.85768267;0.4758636653;0.6223185062;0.1550069451;4
12.85179121;-1.268195987;1.110269666;0.5024927258;12.85978444;0.4648680985;0.6027708054;0.1598938555;4
12.85389303;-1.177268744;1.091127157;0.5694918036;12.86188626;0.4550942481;0.5807796717;0.1611155868;4
12.8559948;-1.071984529;1.067198873;0.6460621357;12.86398803;0.4404335022;0.5575668216;0.1586721241;4
12.85809663;-0.9619147182;1.028913736;0.7274180651;12.86608986;0.431881398;0.5343539715;0.1525634825;4
12.8601984;-0.8327022791;1.014556766;0.8087740541;12.86819163;0.4269944727;0.5123628378;0.142789647;4
12.86230022;-0.7130611539;0.9571290612;0.866201818;12.87029345;0.4221075773;0.4842630625;0.1305723488;4
12.86440199;-0.6173482537;0.9236295223;0.9619147182;12.87239522;0.4221075773;0.454941541;0.1159115955;4
12.86650381;-0.5216353536;0.8853443861;1.028913736;12.87449704;0.4208858311;0.420733124;0.1012508348;4
12.86860559;-0.4450650215;0.8566305041;1.115055323;12.87659887;0.4208858311;0.3853029609;0.08292489499;4
12.87070741;-0.3780659735;0.8231309652;1.158126116;12.87870064;0.4208858311;0.3449858725;0.06337722391;4
12.87280918;-0.3206382394;0.8087740541;1.244267821;12.88080246;0.4196641147;0.2997818887;0.04505127668;4
12.874911;-0.2536391914;0.7992027402;1.268195987;12.88290423;0.4196641147;0.2557996213;0.0242818743;4
12.87701283;-0.1818545163;0.7896314859;1.277767301;12.88500605;0.4159989059;0.2069304436;0.00351247238;4
12.8791146;-0.1148554832;0.7944171429;1.220339537;12.88710783;0.4111120105;0.1641699076;-0.01359174121;4
12.88121642;-0.06221338734;0.7944171429;1.162911773;12.88920965;0.4025598764;0.117744185;-0.03436114267;4
12.88331819;0.0;0.7944171429;1.076770186;12.89131142;0.3891208768;0.07742711157;-0.0490218997;4
12.88542001;0.0382851623;0.8279166222;0.8997012973;12.89341324;0.3732383847;0.03955349326;-0.06490438432;4
12.88752178;0.06699903309;0.8279166222;0.7274180651;12.89551506;0.351247251;0.006566796452;-0.07834340632;4
12.88962361;0.09571290761;0.8327022791;0.5264210105;12.89761684;0.3304778337;-0.02031125315;-0.09178243577;4
12.89172538;0.1148554832;0.8231309652;0.3349951804;12.89971861;0.3035998046;-0.04474584386;-0.1027780026;4
12.8938272;0.1292124242;0.8231309652;0.1196411327;12.90182043;0.2755000293;-0.06429351866;-0.113773562;4
12.89592902;0.1435693651;0.813559711;-0.06699903309;12.90392225;0.2449567765;-0.07773254067;-0.1211039424;4
12.89803079;0.1627119333;0.784845829;-0.2727817893;12.90602402;0.2144135386;-0.08628465235;-0.1284343153;4
12.90013256;0.1722832322;0.7657032609;-0.4689932466;12.90812584;0.181426838;-0.09117157012;-0.1333212405;4
12.90223439;0.1770688742;0.7274180651;-0.6460621357;12.91022762;0.1484401375;-0.09117157012;-0.1369864196;4
12.90433621;0.1818545163;0.7178468108;-0.7704889178;12.91232944;0.1130099818;-0.09117157012;-0.1406516135;4
12.90643798;0.1770688742;0.6939185858;-0.8997012973;12.91443121;0.07757982612;-0.08506292105;-0.1418733448;4
12.9085398;0.1674975902;0.679561615;-1.004985452;12.91653303;0.04459312931;-0.0740673542;-0.1443168074;4
12.91064158;0.1722832322;0.6747759581;-1.115055323;12.91863486;0.00916297175;-0.06307178736;-0.1430950761;4
12.9127434;0.1866401732;0.679561615;-1.225125194;12.92073663;-0.02748891525;-0.04963276163;-0.1430950761;4
12.91484517;0.2009970993;0.6843472719;-1.272981644;12.92283845;-0.06291907281;-0.0374154672;-0.1418733448;4
12.91694699;0.2392822653;0.6939185858;-1.363908887;12.92494022;-0.1032361463;-0.0190895237;-0.1394298822;4
12.91904881;0.2584248483;0.7130611539;-1.416550994;12.92704204;-0.1423314959;0.004123337101;-0.1382081509;4
12.92115059;0.2679961324;0.7417750359;-1.469193101;12.92914381;-0.1777616441;0.02855792828;-0.1357647032;4
12.92325241;0.2632105052;0.7657032609;-1.507478237;12.93124564;-0.2180787325;0.05177079141;-0.1320995092;4
12.92535418;0.2919243574;0.8087740541;-1.540977836;12.93334741;-0.2571740746;0.08231402934;-0.1284343153;4
12.927456;0.2967100143;0.837487936;-1.569691658;12.93544923;-0.2962694168;0.1104138121;-0.1247691289;4
12.92955777;0.3254238665;0.866201818;-1.574477315;12.93755105;-0.3341430426;0.1434005052;-0.1211039424;4
12.9316596;0.3302095234;0.8709874153;-1.555334687;12.93965283;-0.3720166385;0.1751654744;-0.1162170246;4
12.93376137;0.3637090325;0.8805587292;-1.540977836;12.9417546;-0.4098902643;0.2057087123;-0.1125518382;4
12.93586319;0.4019941986;0.8949156404;-1.50269258;12.94385642;-0.4465421438;0.2338084877;-0.1101083755;4
12.93796501;0.4067798555;0.8805587292;-1.464407444;12.94595824;-0.485637486;0.2631300092;-0.1064431891;4
12.94006678;0.4211367965;0.866201818;-1.397408366;12.94806001;-0.5210676789;0.2887863219;-0.1027780026;4
12.94216855;0.4402793646;0.8805587292;-1.301695466;12.95016184;-0.5552760959;0.3095557392;-0.10033454;4
12.94427038;0.4402793646;0.8757730722;-1.1820544;12.95226361;-0.5907062292;0.3266599476;-0.09666935354;4
12.9463722;0.4354937077;0.8757730722;-1.052842021;12.95436543;-0.6224712133;0.3437641561;-0.09544762224;4
12.94847397;0.4067798555;0.9044869542;-0.8997012973;12.95646725;-0.6505709887;0.3559814394;-0.09422589093;4
12.95057579;0.3780659735;0.9284151793;-0.7226324677;12.95856902;-0.6762273312;0.370642215;-0.09300415963;4
12.95267756;0.3445664644;0.9619147182;-0.5599204898;12.96067079;-0.7018836141;0.3840812445;-0.09300415963;4
12.95477939;0.3158525825;1.004985452;-0.3876372576;12.96277262;-0.7202095985;0.3987419903;-0.09544762224;4
12.95688121;0.3206382394;1.057627559;-0.2009970993;12.96487439;-0.737313807;0.4109592736;-0.0991128087;4
12.95898298;0.3349951804;1.129412293;-0.05742774159;12.96697621;-0.7544180155;0.424398303;-0.1015562713;4
12.96108475;0.3684946895;1.191625714;0.1579262912;12.96907803;-0.7666352987;0.4329504073;-0.1052214578;4
12.96318658;0.3972085714;1.26341033;0.3206382394;12.9711798;-0.7776308656;0.4402807951;-0.1088866442;4
12.96528835;0.4402793646;1.325623751;0.5072783828;12.97328163;-0.7886264324;0.4415025115;-0.113773562;4
12.96739017;0.4594219327;1.368694544;0.6747759581;12.9753834;-0.7984002829;0.4415025115;-0.1186604798;4
12.96949199;0.4642075896;1.411765337;0.7944171429;12.97748522;-0.8045089245;0.4390590489;-0.1223256737;4
12.97159376;0.4689932466;1.430907965;0.9332008362;12.97958699;-0.8155044913;0.4317286909;-0.127212584;4
12.97369559;0.4307080805;1.435693622;1.048056364;12.98168881;-0.8265000582;0.4219548404;-0.1308777779;4
12.97579736;0.3780659735;1.416550994;1.129412293;12.98379059;-0.8387173414;0.4097375572;-0.1369864196;4
12.97789918;0.3589234054;1.397408366;1.1820544;12.98589241;-0.8521563411;0.3950767815;-0.1430950761;4
12.98000095;0.3062812984;1.378265858;1.225125194;12.98799423;-0.8692606091;0.3804160357;-0.1492037177;4
12.98210277;0.2727817893;1.335195065;1.296909928;12.990096;-0.8839213252;0.358424902;-0.1540906429;4
12.98420454;0.2679961324;1.301695466;1.301695466;12.99219783;-0.9046907425;0.3339903057;-0.1601992846;4
12.98630637;0.2536391914;1.249053478;1.31126678;12.9942996;-0.9254601598;0.3046688139;-0.1675296724;4
12.98840819;0.2249253243;1.205982566;1.325623751;12.99640142;-0.9437860847;0.2753472924;-0.1748600453;4
12.99050996;0.2009970993;1.148554921;1.387837172;12.99850319;-0.9633337855;0.2386954129;-0.1834121495;4
12.99261178;0.1866401732;1.091127157;1.497906923;13.00060501;-0.9828814268;0.2057087123;-0.1919642538;4
12.99471355;0.1579262912;1.019342422;1.627119422;13.00270678;-1.003650784;0.1653916389;-0.200516358;4
12.99681538;0.1435693651;0.9236295223;1.780260086;13.00480855;-1.021976829;0.1262962967;-0.2102901936;4
12.99891715;0.1387837082;0.8518448472;1.938186288;13.00691038;-1.037859201;0.0847574845;-0.2225074917;4
13.00101897;0.1387837082;0.7800601721;2.072184324;13.0090122;-1.053741693;0.05054906011;-0.2371682525;4
13.00312074;0.1627119333;0.7178468108;2.239681959;13.01111402;-1.067180753;0.01634063199;-0.2506072819;4
13.00522251;0.2153540403;0.650847733;2.407179594;13.01321579;-1.079398036;-0.01298087649;-0.2640463114;4
13.00732434;0.2536391914;0.6029912829;2.522035122;13.01531756;-1.091615319;-0.0374154672;-0.2799287736;4
13.00942616;0.2584248483;0.5407779217;2.62253356;13.01741939;-1.10138917;-0.05940660089;-0.2945895493;4
13.01152798;0.2632105052;0.5024927258;2.713460922;13.01952121;-1.11116302;-0.07895427197;-0.3080285788;4
13.01362975;0.2249253243;0.4689932466;2.81395936;13.02162298;-1.118493438;-0.09117157012;-0.3214675784;4
13.01573152;0.1770688742;0.4163511395;2.890529871;13.02372475;-1.127045512;-0.1009454057;-0.3361283541;4
13.01783335;0.1052841991;0.3876372576;2.962314367;13.02582658;-1.131932378;-0.1046105921;-0.3459021747;4
13.01993517;0.04307080805;0.3780659735;3.058027267;13.0279284;-1.136819363;-0.1009454057;-0.3581194878;4
13.02203694;-0.004785645287;0.3493520916;3.163311481;13.03003017;-1.139262795;-0.09605848789;-0.370336771;4
13.02413871;-0.05264209956;0.3397808075;3.225524902;13.03213199;-1.146593213;-0.08384118974;-0.3801106215;4
13.02624053;-0.06221338734;0.3302095234;3.306880951;13.03423376;-1.150258422;-0.06918043643;-0.3874409795;4
13.02834236;-0.1004985496;0.3349951804;3.383451223;13.03633559;-1.155145288;-0.05085449293;-0.3935496211;4
13.03044413;-0.1244267747;0.3302095234;3.445664644;13.03843736;-1.160032272;-0.03130681813;-0.3959930837;4
13.03254595;-0.1962114573;0.3445664644;3.512663603;13.04053918;-1.164919138;-0.01053741761;-0.3972148299;4
13.03464772;-0.2440679073;0.3637090325;3.570091486;13.04264095;-1.17102778;0.01145371422;-0.3959930837;4
13.03674954;-0.3206382394;0.4019941986;3.684946775;13.04474277;-1.174692988;0.03222311661;-0.3923279047;4
13.03885131;-0.4115654826;0.4211367965;3.780659676;13.0468446;-1.177136421;0.05665770918;-0.3862192631;4
13.04095314;-0.5216353536;0.4402793646;3.88594389;13.04894637;-1.18080163;0.08353576064;-0.3776671588;4
13.04305491;-0.626919508;0.4546363056;3.98165679;13.05104814;-1.18080163;0.111635536;-0.3654498458;4
13.04515673;-0.7226324677;0.4929214716;4.115654945;13.05314996;-1.18080163;0.1397353113;-0.3544542789;4
13.04725855;-0.8327022791;0.5407779217;4.278367043;13.05525178;-1.177136421;0.1641699076;-0.3410152495;4
13.04936032;-0.9571290612;0.5647061467;4.445864677;13.05735355;-1.177136421;0.18493931;-0.3251327872;4
13.0514621;-1.076770186;0.6077769399;4.651647091;13.05945538;-1.175914645;0.204486981;-0.3104720116;4
13.05356392;-1.191625714;0.650847733;4.843072891;13.06155715;-1.168584347;0.2203694731;-0.2958112657;4
13.05566574;-1.292124271;0.6843472719;5.034498692;13.06365897;-1.164919138;0.2313650399;-0.2835939825;4
13.05776751;-1.349551916;0.7226324677;5.206781864;13.06576079;-1.155145288;0.2399171442;-0.2713766694;4
13.05986934;-1.387837172;0.7657032609;5.359922886;13.06786256;-1.146593213;0.2423606068;-0.2616028488;4
13.06197111;-1.383051515;0.7992027402;5.575276852;13.06996434;-1.136819363;0.2411388755;-0.2530507445;4
13.06407293;-1.354337573;0.8470591903;5.766702652;13.07206616;-1.130710721;0.2325867712;-0.2457203567;4
13.06617475;-1.320838094;0.9044869542;5.924628735;13.07416798;-1.123380303;0.2228129357;-0.2408334464;4
13.06827652;-1.282552958;0.9284151793;6.082555294;13.07626975;-1.117271662;0.2057087123;-0.2371682525;4
13.07037829;-1.229910851;0.94277215;6.197410583;13.07837152;-1.11116302;0.1837175786;-0.2383899838;4
13.07248012;-1.186840057;0.9667003751;6.250052929;13.08047335;-1.107497811;0.1629481763;-0.2408334464;4
13.07458194;-1.148554921;0.9714859724;6.28355217;13.08257517;-1.103832603;0.1385135949;-0.2457203567;4
13.07668371;-1.0863415;0.9714859724;6.355337143;13.08467694;-1.103832603;0.104305163;-0.2542724609;4
13.07878548;-1.014556766;0.9619147182;6.398407936;13.08677871;-1.106276155;0.06887500733;-0.2616028488;4
13.0808873;-0.94277215;0.9284151793;6.427121639;13.08888053;-1.11116302;0.03344484791;-0.270154953;4
13.08298913;-0.8614161611;0.9044869542;6.422336102;13.09098236;-1.114828229;-0.008093958721;-0.2799287736;4
13.0850909;-0.8039883971;0.8566305041;6.431907177;13.09308418;-1.124602079;-0.05329795182;-0.2884808779;4
13.08719267;-0.7465606928;0.8039883971;6.441478729;13.09518595;-1.139262795;-0.09972367436;-0.2994764447;4
13.08929449;-0.7369893789;0.7417750359;6.412764549;13.09728777;-1.156367064;-0.1547015011;-0.3080285788;4
13.09139631;-0.756131947;0.6939185858;6.393621922;13.09938954;-1.177136421;-0.2072358727;-0.3178023994;4
13.09349814;-0.760917604;0.6221339107;6.360122681;13.10149137;-1.199127555;-0.2609919906;-0.3263545036;4
13.09559991;-0.8039883971;0.5359922647;6.302694798;13.10359314;-1.226005554;-0.3171915412;-0.3385718167;4
13.09770173;-0.8183453679;0.4785645306;6.345765591;13.10569496;-1.252883673;-0.3697259128;-0.3495673835;4
13.0998035;-0.8231309652;0.4019941986;6.374479294;13.10779673;-1.283426881;-0.4198168218;-0.3605629504;4
13.10190532;-0.813559711;0.3684946895;6.384050846;13.10989855;-1.316413641;-0.4662425518;-0.3727802336;4
13.1040071;-0.7896314859;0.3254238665;6.364908218;13.11200038;-1.350622058;-0.4980075061;-0.3837758005;4
13.10610892;-0.760917604;0.2727817893;6.360122681;13.11410215;-1.384830475;-0.521220386;-0.3947713673;4
13.10821069;-0.7752745152;0.2201396823;6.369693756;13.11620392;-1.422704101;-0.5297724605;-0.4033234715;4
13.11031251;-0.813559711;0.1722832322;6.336194515;13.11830574;-1.460577726;-0.5285507441;-0.4106538594;4
13.11241434;-0.9188438654;0.1339980662;6.29790926;13.12040751;-1.499673009;-0.5102248192;-0.4179842174;4
13.11451611;-1.014556766;0.09571290761;6.259624004;13.12250934;-1.537546635;-0.4845684767;-0.4192059636;4
13.11661788;-1.143769264;0.09092725813;6.230910301;13.12461111;-1.577863693;-0.4515817761;-0.4179842174;4
13.1187197;-1.287338614;0.09571290761;6.187839508;13.12671293;-1.616959095;-0.4112647176;-0.4118755758;4
13.12082147;-1.416550994;0.1244267747;6.206982136;13.12881475;-1.654832721;-0.3648389876;-0.404545188;4
13.12292329;-1.536192179;0.1722832322;6.216553211;13.13091652;-1.690262794;-0.312304616;-0.3898844421;4
13.12502506;-1.651047587;0.1962114573;6.264409542;13.13301834;-1.725692987;-0.2597702444;-0.3715584874;4
13.12712689;-1.770688772;0.2297109663;6.388836384;13.13512012;-1.752571106;-0.1999054998;-0.3495673835;4
13.12922871;-1.847259045;0.2440679073;6.541976929;13.13722194;-1.777005672;-0.138819024;-0.3214675784;4
13.13133048;-1.966900229;0.2679961324;6.714260101;13.13932376;-1.798996806;-0.07651081681;-0.2897026241;4
13.1334323;-2.06261301;0.2967100143;6.929614544;13.14142553;-1.813657522;-0.008093958721;-0.2554942071;4
13.13553408;-2.134397745;0.3397808075;7.164111137;13.1435273;-1.825874805;0.0542142503;-0.2163988501;4
13.1376359;-2.196611166;0.3780659735;7.408178806;13.14562913;-1.836870432;0.1201876476;-0.1760817766;4
13.13973772;-2.263610125;0.4402793646;7.647460938;13.14773095;-1.841757298;0.1800523996;-0.1333212405;4
13.14183949;-2.344966173;0.4737788737;7.872386456;13.14983272;-1.839313865;0.2386954129;-0.08811724186;4
13.14394126;-2.407179594;0.5072783828;8.106883049;13.15193454;-1.839313865;0.2924515009;-0.04413498193;4
13.14604308;-2.469393015;0.5168496966;8.33180809;13.15403631;-1.83442688;0.3425424397;0.002290742937;4
13.14814491;-2.54117775;0.5551348329;8.609375954;13.15613814;-1.829540014;0.3853029609;0.04871646687;4
13.15024668;-2.608176708;0.5982056856;8.863015175;13.15823991;-1.824653149;0.4219548404;0.09147699922;4
13.1523485;-2.670390129;0.6412764788;9.131011009;13.16034173;-1.819766164;0.4537198246;0.1342375278;4
13.15445027;-2.703889608;0.70348984;9.370293617;13.1624435;-1.813657522;0.4818195999;0.1745546162;4
13.1565521;-2.723032236;0.756131947;9.585647583;13.16454527;-1.807548881;0.5062541962;0.2148716897;4
13.15865387;-2.679961443;0.8087740541;9.786644936;13.16664715;-1.802662015;0.5258018374;0.2503018379;4
13.16075569;-2.670390129;0.8518448472;9.949356079;13.16874892;-1.79777503;0.5429060459;0.2845102847;4
13.16285746;-2.612962246;0.8709874153;10.08335495;13.17085069;-1.796553373;0.560010314;0.316275239;4
13.16495923;-2.574677229;0.8757730722;10.17906761;13.17295251;-1.79777503;0.5710058808;0.3443750143;4
13.16706111;-2.545963287;0.8566305041;10.28913784;13.17505434;-1.798996806;0.5771145225;0.3712530732;4
13.16916288;-2.54117775;0.8087740541;10.37049294;13.17715611;-1.803883672;0.5795579553;0.3969093859;4
13.17126465;-2.52682066;0.7513462901;10.49970531;13.17925793;-1.809992313;0.57467103;0.4176788032;4
13.17336647;-2.49332118;0.6891329288;10.61934662;13.1813597;-1.82098794;0.567340672;0.4384481907;4
13.17546829;-2.455035925;0.6077769399;10.7054882;13.18346152;-1.829540014;0.5551233888;0.4567741454;4
13.17757006;-2.435893536;0.5407779217;10.85384369;13.18556329;-1.841757298;0.5343539715;0.4726566374;4
13.17967189;-2.411965132;0.4546363056;10.99741268;13.18766512;-1.853974581;0.5123628378;0.4860956371;4
13.18177366;-2.383251429;0.3684946895;11.18883896;13.18976689;-1.864970207;0.4854847789;0.4946477413;4
13.18387548;-2.364108801;0.2488535494;11.40897846;13.19186871;-1.873522282;0.4500546157;0.501978159;4
13.18597725;-2.325823545;0.1770688742;11.65304661;13.19397048;-1.883296132;0.4121810198;0.501978159;4
13.18807908;-2.273181438;0.04785645381;11.92582798;13.1960723;-1.889404774;0.3669770062;0.4970912039;4
13.19018084;-2.201396942;-0.04307080805;12.17468166;13.19817408;-1.893069983;0.3144426346;0.4897608459;4
13.19228267;-2.124826431;-0.1531406492;12.42832088;13.2002759;-1.894291639;0.2570213675;0.4763218164;4
13.19438444;-2.024327993;-0.2488535494;12.70110226;13.20237772;-1.891848207;0.1922696829;0.459217608;4
13.19648626;-1.919043779;-0.3589234054;12.95952702;13.20447949;-1.889404774;0.1201876476;0.4372264743;4
13.19858803;-1.813759565;-0.4450650215;13.20359516;13.20658131;-1.883296132;0.04321868345;0.4152353406;4
13.20068986;-1.684547186;-0.5359922647;13.44766331;13.20868308;-1.87718749;-0.03130681813;0.3883572817;4
13.20279168;-1.560120344;-0.6364908218;13.63908863;13.21078491;-1.868635416;-0.1070540547;0.3578140438;4
13.20489345;-1.421336651;-0.708275497;13.84487152;13.21288668;-1.861304998;-0.1754709035;0.3272708058;4
13.20699527;-1.282552958;-0.7896314859;14.00279808;13.2149885;-1.850309372;-0.239000842;0.2930623889;4
13.20909704;-1.138983607;-0.8614161611;14.14158154;13.21709033;-1.838092089;-0.2927569449;0.2612974048;4
13.21119887;-0.9762716293;-0.9140582681;14.22772312;13.2191921;-1.828318238;-0.3342957497;0.2295324355;4
13.21330064;-0.8279166222;-0.9571290612;14.27557945;13.22129387;-1.817322731;-0.3672824502;0.1977674663;4
13.21540246;-0.679561615;-0.9714859724;14.31865025;13.22339569;-1.806327105;-0.3831649423;0.169667691;4
13.21750428;-0.5264210105;-0.9954141974;14.37129307;13.22549746;-1.792888165;-0.3856084049;0.1440113783;4
13.21960605;-0.3732803464;-1.000199914;14.40957832;13.22759928;-1.781892538;-0.3819431961;0.1232419685;4
13.22170783;-0.2871387303;-1.014556766;14.41436386;13.22970105;-1.769675255;-0.362395525;0.1073594838;4
13.22380965;-0.2727817893;-0.9714859724;14.40957832;13.23180288;-1.755014539;-0.3355174661;0.0988073796;4
13.22591142;-0.3158525825;-0.9379864931;14.3569355;13.2339047;-1.74157548;-0.3013090491;0.09392046183;4
13.22801324;-0.3732803464;-0.8709874153;14.37607861;13.23600647;-1.723249555;-0.2548833191;0.09514218569;4
13.23011501;-0.4785645306;-0.7896314859;14.43350601;13.23810829;-1.703701854;-0.2011272311;0.1024725661;4
13.23221684;-0.5790630579;-0.708275497;14.47179127;13.24021006;-1.685375929;-0.1400407553;0.1171333194;4
13.23431866;-0.70348984;-0.5886343718;14.54357624;13.24231184;-1.663384795;-0.07651081681;0.1354592592;4
13.23642043;-0.8087740541;-0.4881358147;14.57707596;13.24441366;-1.641393661;-0.01053741761;0.1598938555;4
13.23852225;-0.9475577474;-0.3684946895;14.60100365;13.24651548;-1.613293886;0.06032289565;0.1867718995;4
13.24062402;-1.03848505;-0.2679961324;14.63450336;13.24861725;-1.58885932;0.131183207;0.2173151523;4
13.24272579;-1.105484009;-0.1531406492;14.67278862;13.25071908;-1.561981201;0.204486981;0.2490801066;4
13.24482762;-1.148554921;-0.02871387079;14.65843105;13.25282084;-1.537546635;0.2753472924;0.2820668221;4
13.24692944;-1.143769264;0.07178468257;14.64407444;13.25492267;-1.513112068;0.3462076187;0.3150535226;4
13.24903121;-1.138983607;0.1674975902;14.61057472;13.25702449;-1.49234271;0.4146244824;0.3480401933;4
13.25113303;-1.13419795;0.2536391914;14.55314732;13.25912626;-1.470351577;0.4769326746;0.3810268939;4
13.2532348;-1.129412293;0.3302095234;14.54357624;13.26122808;-1.452025533;0.5343539715;0.412791878;4
13.25533663;-1.13419795;0.3732803464;14.51007652;13.26332986;-1.437364817;0.5844448805;0.4433351159;4
13.25743845;-1.153340459;0.4211367965;14.44786358;13.26543168;-1.423925757;0.6296488643;0.4714348912;4
13.25954022;-1.16769743;0.4546363056;14.41436386;13.26753345;-1.416595459;0.6638572812;0.4958694875;4
13.26164204;-1.172483087;0.5072783828;14.40000629;13.26963527;-1.409265041;0.6895136237;0.5178605914;4
13.26374381;-1.172483087;0.5599204898;14.38086414;13.27173704;-1.409265041;0.7115047574;0.5374082923;4
13.26584564;-1.158126116;0.626919508;14.35214996;13.27383887;-1.410486817;0.7298306823;0.5545125008;4
13.26794741;-1.110269666;0.6652047038;14.33779335;13.27594064;-1.411708474;0.7457131743;0.5679515004;4
13.27004923;-1.03848505;0.708275497;14.29950809;13.27804246;-1.416595459;0.7567087412;0.575281918;4
13.272151;-0.9810572863;0.7130611539;14.23250866;13.28014423;-1.425147533;0.7615956664;0.5813905597;4
13.27425283;-0.8997012973;0.70348984;14.17508125;13.28224605;-1.433699608;0.76037395;0.5826122761;4
13.2763546;-0.8231309652;0.6699903607;14.14158154;13.28434783;-1.439808249;0.7567087412;0.5813905597;4
13.27845642;-0.756131947;0.6317051649;14.08415413;13.28644965;-1.447138667;0.7457131743;0.5765036345;4
13.28055819;-0.708275497;0.5694918036;14.12243938;13.28855142;-1.453247309;0.7273872495;0.5716167092;4
13.28266001;-0.6556333899;0.5072783828;14.22772312;13.29065324;-1.45935595;0.7066178322;0.5642863512;4
13.28476178;-0.6173482537;0.4259224236;14.31386471;13.29275506;-1.466686368;0.6785180569;0.5557342172;4
13.28686361;-0.5647061467;0.3493520916;14.43350601;13.29485684;-1.470351577;0.6553052068;0.5471821427;4
13.28896538;-0.5934200287;0.2584248483;14.5196476;13.29695866;-1.471573234;0.6296488643;0.5398517251;4
13.2910672;-0.6364908218;0.1387837082;14.62493229;13.29906043;-1.470351577;0.601549089;0.5337430835;4
13.29316902;-0.7226324677;0.0382851623;14.77328682;13.30116225;-1.463021159;0.5771145225;0.5300779343;4
13.29527079;-0.8183453679;-0.08614161611;14.94078445;13.30326402;-1.453247309;0.5575668216;0.525191009;4
13.29737262;-0.9092726111;-0.1914258152;15.13699627;13.30536584;-1.436143041;0.5416843295;0.5239692926;4
13.29947439;-1.009771109;-0.3062812984;15.36192131;13.30746762;-1.41293025;0.5306887627;0.5239692926;4
13.30157621;-1.091127157;-0.4163511395;15.61077499;13.30956944;-1.387273908;0.5209149122;0.5276344419;4
13.30367798;-1.177268744;-0.5168496966;15.90748501;13.31167126;-1.351843715;0.5184714794;0.5288561583;4
13.3057798;-1.306481123;-0.650847733;16.20419502;13.31377303;-1.311526656;0.5148062706;0.5300779343;4
13.30788158;-1.378265858;-0.7704889178;16.55354691;13.3158748;-1.262657523;0.5099193454;0.5300779343;4
13.3099834;-1.435693622;-0.8805587292;16.89811325;13.31797663;-1.210123181;0.5062541962;0.525191009;4
13.31208522;-1.411765337;-0.9571290612;17.2426796;13.32007845;-1.151480079;0.5013672709;0.5190823674;4
13.31418699;-1.31126678;-1.019342422;17.54896164;13.32218022;-1.085506678;0.4952586293;0.5080868006;4
13.31628876;-1.1820544;-1.062413216;17.7451725;13.32428204;-1.017089844;0.4867065251;0.4909825623;4
13.31839059;-0.9810572863;-1.095912814;18.01795387;13.32638381;-0.9474512935;0.4757109582;0.4726566374;4
13.32049241;-0.7704889178;-1.100698471;18.19502258;13.32848564;-0.8778126836;0.4610501826;0.4457785785;4
13.32259418;-0.4977070987;-1.0863415;18.33859253;13.33058741;-0.8081740737;0.4415025115;0.4176788032;4
13.324696;-0.2201396823;-1.076770186;18.45344734;13.33268918;-0.7397572398;0.4219548404;0.3859138191;4
13.32679777;-0.004785645287;-1.071984529;18.48216248;13.334791;-0.6737838387;0.3962985277;0.3529271185;4
13.3288996;0.1770688742;-1.071984529;18.42473412;13.33689283;-0.6163625717;0.3718639314;0.3187187016;4
13.33100137;0.3206382394;-1.048056364;18.26680756;13.3389946;-0.5613847375;0.3462076187;0.2808450758;4
13.33310314;0.4642075896;-1.004985452;18.08016777;13.34109642;-0.5125155449;0.3229947388;0.242971465;4
13.33520496;0.6221339107;-0.9667003751;17.85045624;13.34319824;-0.4685332775;0.3022253513;0.2026543915;4
13.33730678;0.760917604;-0.9044869542;17.58724594;13.34530001;-0.4331031144;0.2851211429;0.1623373181;4
13.33940855;0.9236295223;-0.8279166222;17.26182175;13.34740178;-0.4050033391;0.2692386508;0.1244636998;4
13.34151038;1.071984529;-0.7178468108;16.88854218;13.34950361;-0.3866774142;0.2521344423;0.08781181276;4
13.3436122;1.16769743;-0.6221339107;16.52961922;13.35160538;-0.3720166385;0.2423606068;0.05360338464;4
13.34571397;1.186840057;-0.4929214716;16.1515522;13.3537072;-0.3622428179;0.235030219;0.02061668597;4
13.34781574;1.205982566;-0.3780659735;15.79262924;13.35580902;-0.3622428179;0.227699846;-0.006261364091;4
13.34991756;1.177268744;-0.2823530734;15.43370628;13.35791079;-0.3720166385;0.2240346521;-0.03191768378;4
13.35201934;1.0863415;-0.2057827413;15.0843544;13.36001262;-0.381790489;0.2240346521;-0.05268708616;4
13.35412116;0.9044869542;-0.1387837082;14.75414467;13.36211444;-0.3964512348;0.2203694731;-0.06734783947;4
13.35622298;0.7226324677;-0.04785645381;14.44307709;13.36421621;-0.4159989059;0.2203694731;-0.07589995116;4
13.35832475;0.5312066078;0.09092725813;14.15115356;13.36631803;-0.4392117858;0.2228129357;-0.07834340632;4
13.36042658;0.3541377485;0.2057827413;13.93579865;13.3684198;-0.4612029195;0.2301433086;-0.07712167501;4
13.3625284;0.1866401732;0.2919243574;13.72523022;13.37052158;-0.485637486;0.2374736816;-0.06979130208;4
13.36463017;0.0143569354;0.3828516304;13.55773354;13.3726234;-0.5100721121;0.2472475171;-0.05879573524;4
13.36673199;-0.1387837082;0.4402793646;13.41894913;13.37472522;-0.5332849622;0.2570213675;-0.04535670951;4
13.36883376;-0.2823530734;0.4642075896;13.31366539;13.37682699;-0.5577195287;0.2704603672;-0.0294742249;4
13.37093553;-0.4163511395;0.5264210105;13.2275238;13.37892876;-0.5821541548;0.2838993967;-0.009926552884;4
13.37303736;-0.5407779217;0.5551348329;13.13181114;13.38103059;-0.6078104377;0.3010036349;0.0108428495;4
13.37513918;-0.6699903607;0.5838487148;13.06959724;13.38313241;-0.6273581386;0.3229947388;0.03161225095;4
13.37724095;-0.8183453679;0.6077769399;12.99302673;13.38523423;-0.6432406306;0.3498727977;0.05238165334;4
13.37934272;-0.8709874153;0.626919508;13.06481171;13.387336;-0.6591231227;0.3755291104;0.07315105945;4
13.38144454;-0.8614161611;0.650847733;13.17966747;13.38943777;-0.6737838387;0.4097375572;0.09392046183;4
13.38354637;-0.8853443861;0.6604190469;13.23709488;13.3915396;-0.6847794056;0.4402807951;0.1146898642;4
13.38564819;-0.9044869542;0.6699903607;13.29452229;13.39364137;-0.6921098232;0.4732674956;0.1366809905;4
13.38774996;-0.9140582681;0.6891329288;13.3902359;13.39574319;-0.7006618977;0.5074759126;0.1574503928;4
13.38985173;-0.9092726111;0.6891329288;13.46201992;13.39784496;-0.7055488229;0.5380191803;0.1769980639;4
13.39195355;-0.9140582681;0.6987041831;13.56730461;13.39994678;-0.7067705393;0.5697841048;0.1953240186;4
13.39405532;-0.866201818;0.6843472719;13.69651699;13.40204861;-0.7067705393;0.5966621637;0.2124282271;4
13.39615715;-0.813559711;0.650847733;13.86401463;13.40415038;-0.7018836141;0.624761939;0.2295324355;4
13.39825892;-0.7513462901;0.650847733;14.02194023;13.4062522;-0.6969966888;0.651639998;0.2441931963;4
13.40036074;-0.6699903607;0.626919508;14.19422436;13.40835397;-0.686001122;0.6760746241;0.2539670467;4
13.40246256;-0.5455635786;0.6077769399;14.3569355;13.41045579;-0.6750055552;0.6980656981;0.2637408674;4
13.40456434;-0.4115654826;0.6029912829;14.61057472;13.41255756;-0.6615665555;0.7188351154;0.269849509;4
13.40666616;-0.2823530734;0.5647061467;14.84028625;13.41465939;-0.6432406306;0.7432697415;0.2735147178;4
13.40876793;-0.1674975902;0.5072783828;15.07956791;13.41676116;-0.6188060045;0.7628173828;0.2735147178;4
13.41086975;-0.04307080805;0.4307080805;15.28056526;13.41886298;-0.594371438;0.7835868001;0.2710712552;4
13.41297152;0.04785645381;0.3302095234;15.48156261;13.4209648;-0.5638281703;0.8031344414;0.26618433;4
13.41507335;0.1339980662;0.2584248483;15.69213104;13.42306658;-0.5369501114;0.8165735006;0.2588539422;4
13.41717512;0.2057827413;0.1770688742;15.87398529;13.42516835;-0.501519978;0.8226821423;0.2503018379;4
13.41927694;0.2392822653;0.1100698411;16.06062508;13.42727017;-0.4685332775;0.8202387094;0.2405280024;4
13.42137876;0.2392822653;0.05264209956;16.22812271;13.42937194;-0.4367683232;0.8092431426;0.2295324355;4
13.42348053;0.2392822653;-0.009571290575;16.36690712;13.43147376;-0.4074468017;0.7933606505;0.2234237939;4
13.4255823;0.1962114573;-0.0765703246;16.47697639;13.43357559;-0.3793470263;0.7628173828;0.2136499584;4
13.42768413;0.1531406492;-0.1292124242;16.52961922;13.43567736;-0.3536907136;0.7273872495;0.2038761228;4
13.4297859;0.09571290761;-0.1483550072;16.56311798;13.43777918;-0.33169958;0.6858484149;0.1953240186;4
13.43188772;0.06221338734;-0.1435693651;16.60140419;13.43988095;-0.3121519089;0.6406444311;0.1879936308;4
13.43398954;0.02871387079;-0.1483550072;16.59183311;13.44198277;-0.2999345958;0.5868883133;0.1818849891;4
13.43609131;0.01914258115;-0.1483550072;16.56790352;13.44408454;-0.2877173126;0.5306887627;0.1757763475;4
13.43819314;0.01914258115;-0.1196411327;16.52483368;13.44618637;-0.2791652083;0.4732674956;0.1708894223;4
13.44029491;0.0239282269;-0.1004985496;16.45783424;13.44828819;-0.2755000293;0.4121810198;0.1672242284;4
13.44239673;0.01914258115;-0.08614161611;16.41954803;13.45038996;-0.2742782831;0.3486510813;0.1660024971;4
13.4444985;-0.0239282269;-0.07178468257;16.35733604;13.45249178;-0.2755000293;0.281455934;0.1647807807;4
13.44660032;-0.0382851623;-0.0765703246;16.30947876;13.45459355;-0.2791652083;0.2154825479;0.1635590494;4
13.44870215;-0.06221338734;-0.08614161611;16.24726486;13.45669538;-0.2816086709;0.1495091617;0.1623373181;4
13.45080392;-0.06221338734;-0.1148554832;16.1754818;13.45879715;-0.2877173126;0.08231402934;0.1598938555;4
13.45290574;-0.04785645381;-0.1770688742;16.10848236;13.46089897;-0.2926042378;0.01511890348;0.1562286615;4
13.45500751;-0.01914258115;-0.2249253243;16.06062508;13.46300074;-0.2938259542;-0.04596757516;0.1525634825;4
13.45710934;0.01914258115;-0.2919243574;16.04626846;13.46510256;-0.2901607752;-0.09972367436;0.146454826;4
13.45921111;0.1148554832;-0.3684946895;16.02234077;13.46720434;-0.28527385;-0.1498145908;0.1366809905;4
13.46131293;0.2297109663;-0.4785645306;15.99362659;13.46930616;-0.2779434621;-0.1925751269;0.1256854236;4
13.4634147;0.3445664644;-0.5886343718;15.93619919;13.47140793;-0.2645044625;-0.2280052751;0.1134681329;4
13.46551652;0.4594219327;-0.6939185858;15.8883419;13.47350975;-0.2498437017;-0.2597702444;0.0975856483;4
13.46761829;0.5503492355;-0.8039883971;15.87398529;13.47561152;-0.2339612097;-0.281761378;0.07925970852;4
13.46972012;0.6412764788;-0.9284151793;15.80220032;13.47771335;-0.2107483447;-0.2927569449;0.05971203372;4
13.47182189;0.7369893789;-1.052842021;15.76870155;13.47981512;-0.1826485693;-0.2976438701;0.03772090003;4
13.47392371;0.7896314859;-1.162911773;15.73998737;13.48191694;-0.1533270627;-0.2976438701;0.01695149764;4
13.47602548;0.8614161611;-1.277767301;15.67777443;13.48401871;-0.1215620935;-0.2903134823;-0.003817904973;4
13.4781273;0.8566305041;-1.397408366;15.60120392;13.48612053;-0.08735366166;-0.2756527364;-0.02458730713;4
13.48022908;0.8327022791;-1.473978758;15.5485611;13.48822236;-0.04825831577;-0.2561050653;-0.04657844082;4
13.4823309;0.8327022791;-1.555334687;15.467206;13.49032413;-0.007941242307;-0.2341139317;-0.06734783947;4
13.48443267;0.7992027402;-1.603191137;15.4049921;13.4924259;0.03481929377;-0.2072358727;-0.086895518;4
13.48653449;0.7513462901;-1.665404558;15.29492188;13.49452772;0.07757982612;-0.1754709035;-0.1027780026;4
13.48863631;0.6699903607;-1.670190215;15.17528152;13.49662954;0.1227838174;-0.1375972927;-0.1162170246;4
13.49073808;0.5934200287;-1.713261008;15.04606915;13.49873131;0.1643226296;-0.1070540547;-0.127212584;4
13.49283986;0.4833501875;-1.727617979;14.87378597;13.50083314;0.2095266134;-0.0740673542;-0.1357647032;4
13.49494168;0.3349951804;-1.737189293;14.72064495;13.50293491;0.2522871494;-0.03985892609;-0.1406516135;4
13.4970435;0.1818545163;-1.765903115;14.5818615;13.50503673;0.2974911332;-0.003207040019;-0.1479819864;4
13.49914527;0.04307080805;-1.775474429;14.40957832;13.5071385;0.3414734006;0.03222311661;-0.1516471803;4
13.5012471;-0.06221338734;-1.756331801;14.23250866;13.50924032;0.3830122054;0.07131846249;-0.1565341055;4
13.50334887;-0.1579262912;-1.765903115;14.04586887;13.51134215;0.4208858311;0.1079703495;-0.1626427472;4
13.50545069;-0.2632105052;-1.746760488;13.78744411;13.51344392;0.4575377107;0.1446222365;-0.1663079411;4
13.50755246;-0.3397808075;-1.703689694;13.52901936;13.51554574;0.4905244112;0.1824958473;-0.1699731201;4
13.50965428;-0.3828516304;-1.660618901;13.23230934;13.51764751;0.5198459029;0.2167042792;-0.1711948514;4
13.51175611;-0.4402793646;-1.579262972;12.91645622;13.51974928;0.5467239618;0.2460257858;-0.1711948514;4
13.51385788;-0.5312066078;-1.497906923;12.58146191;13.52185111;0.5662716627;0.2655734718;-0.1687513888;4
13.5159597;-0.6317051649;-1.411765337;12.23210907;13.52395293;0.5809323788;0.2826776803;-0.1687513888;4
13.51806147;-0.7369893789;-1.320838094;11.89232826;13.5260547;0.5919279456;0.3034470677;-0.1663079411;4
13.52016324;-0.8422735929;-1.244267821;11.54297638;13.52815652;0.6004800797;0.3168860972;-0.1663079411;4
13.52226506;-0.9379864931;-1.201196909;11.22233772;13.53025829;0.6053670049;0.3291034102;-0.1675296724;4
13.52436689;-1.019342422;-1.158126116;10.89212894;13.53236012;0.6090322137;0.3352120519;-0.1699731201;4
13.52646866;-1.076770186;-1.110269666;10.54277611;13.53446189;0.6078104377;0.3388772309;-0.1724165827;4
13.52857048;-1.138983607;-1.071984529;10.23649502;13.53656371;0.6017017961;0.3352120519;-0.173638314;4
13.53067225;-1.225125194;-1.052842021;9.973284721;13.53866553;0.5931497216;0.3291034102;-0.1748600453;4
13.53277408;-1.31126678;-1.019342422;9.724431038;13.5407673;0.5821541548;0.3193295598;-0.1760817766;4
13.53487584;-1.397408366;-0.9954141974;9.466006279;13.54286908;0.5662716627;0.3046688139;-0.1773035079;4
13.53697767;-1.483550072;-0.9858429432;9.198010445;13.5449709;0.5491674542;0.2887863219;-0.1785252392;4
13.53907949;-1.579262972;-0.9810572863;8.968298912;13.54707267;0.5296197534;0.2680169344;-0.1773035079;4
13.54118126;-1.689332843;-0.9571290612;8.738588333;13.54917449;0.5027416945;0.2448040545;-0.1760817766;4
13.54328303;-1.780260086;-0.9188438654;8.528019905;13.55127626;0.478307128;0.2240346521;-0.1711948514;4
13.54538486;-1.866401672;-0.8853443861;8.307880402;13.55337808;0.4526508152;0.1971566081;-0.1663079411;4
13.54748663;-1.9812572;-0.8566305041;8.121239662;13.55547991;0.4245510101;0.1702785641;-0.1601992846;4
13.54958845;-2.053041935;-0.837487936;7.958528042;13.55758168;0.4001164436;0.1458439678;-0.1516471803;4
13.55169022;-2.139183521;-0.8183453679;7.824530125;13.5596835;0.3732383847;0.1226311028;-0.1430950761;4
13.55379204;-2.230110645;-0.8087740541;7.709674358;13.56178532;0.3439168632;0.09697478265;-0.1320995092;4
13.55589387;-2.316252232;-0.7944171429;7.628318787;13.5638871;0.3170388341;0.0725401938;-0.123547405;4
13.55799564;-2.383251429;-0.7896314859;7.551748276;13.56598887;0.288939029;0.04688387364;-0.1113301069;4
13.56009746;-2.450250387;-0.8231309652;7.470392227;13.56809069;0.2620609999;0.02367101051;-0.1015562713;4
13.56219928;-2.483749866;-0.8470591903;7.432106972;13.57019251;0.2327394783;0.004123337101;-0.09178243577;4
13.56430105;-2.52682066;-0.8470591903;7.379465103;13.57229428;0.2058614343;-0.0190895237;-0.08078686893;4
13.56640282;-2.545963287;-0.8566305041;7.331608772;13.57439605;0.1802051067;-0.0374154672;-0.06979130208;4
13.56850465;-2.569891453;-0.8614161611;7.259823799;13.57649788;0.1533270627;-0.05696314201;-0.06001746282;4
13.57060647;-2.579462767;-0.866201818;7.207181931;13.5785997;0.1288924664;-0.07651081681;-0.05024362728;4
13.57270824;-2.569891453;-0.8805587292;7.178467751;13.58070147;0.1032361463;-0.09239330143;-0.04169152305;4
13.57481001;-2.565105915;-0.866201818;7.168896675;13.58280329;0.08124501258;-0.1082757786;-0.03313941509;4
13.57691184;-2.536391973;-0.8805587292;7.178467751;13.58490506;0.05925388262;-0.121714808;-0.02336557768;4
13.57901366;-2.498106956;-0.8997012973;7.211967468;13.58700689;0.03604102135;-0.1351538301;-0.01603520103;4
13.58111543;-2.469393015;-0.9140582681;7.264609337;13.58910866;0.01893680729;-0.1473711282;-0.006261364091;4
13.58321725;-2.435893536;-0.9475577474;7.302894592;13.59121048;0.0006108647794;-0.162031889;0.001069013379;4
13.58531902;-2.421536446;-0.9714859724;7.398607731;13.59331225;-0.01527161989;-0.1705839932;0.0108428495;4
13.58742084;-2.416750908;-1.024128079;7.465606689;13.59541408;-0.03237583488;-0.18157956;0.01939495653;4
13.58952262;-2.39760828;-1.067198873;7.566105366;13.59751584;-0.04703658819;-0.1937968582;0.02916879393;4
13.59162444;-2.378465652;-1.110269666;7.637889862;13.59961767;-0.05925388262;-0.2011272311;0.03405570984;4
13.59372621;-2.354537487;-1.148554921;7.724031448;13.60171949;-0.07147117704;-0.2096793354;0.03894263133;4
13.59582803;-2.30189538;-1.1820544;7.810173035;13.60382126;-0.08002328873;-0.2145662606;0.0438295491;4
13.5979298;-2.263610125;-1.229910851;7.905886173;13.60592308;-0.08857539296;-0.2218966335;0.04871646687;4
13.60003163;-2.239681959;-1.277767301;7.972885132;13.60802486;-0.09590577334;-0.2255618125;0.05238165334;4
13.60213345;-2.187039852;-1.330409408;8.073383331;13.61012668;-0.102014415;-0.2304487377;0.05604684353;4
13.60423522;-2.167897224;-1.373480201;8.140382767;13.61222845;-0.1069013327;-0.231670469;0.05971203372;4
13.60633704;-2.124826431;-1.416550994;8.226524353;13.61433022;-0.108123064;-0.231670469;0.0609337613;4
13.60843881;-2.072184324;-1.440479279;8.327022552;13.61643204;-0.1105665267;-0.2341139317;0.06337722391;4
13.61054064;-2.043470621;-1.483550072;8.417949677;13.61853387;-0.108123064;-0.2377791107;0.06337722391;4
13.61264241;-1.990828395;-1.540977836;8.523234367;13.62063564;-0.1056796089;-0.2414443046;0.06337722391;4
13.61474418;-1.923829436;-1.560120344;8.580661774;13.62273746;-0.1044578776;-0.2438877672;0.0621554926;4
13.616846;-1.866401672;-1.579262972;8.642875671;13.62483923;-0.09957095981;-0.2438877672;0.0609337613;4
13.61894783;-1.799402595;-1.603191137;8.685946465;13.62694105;-0.09468404204;-0.2438877672;0.05849030241;4
13.6210496;-1.732403636;-1.617548108;8.738588333;13.62904288;-0.08979712427;-0.2414443046;0.05726857483;4
13.62315142;-1.679761529;-1.64626193;8.762516975;13.63114465;-0.08857539296;-0.2377791107;0.05360338464;4
13.62525319;-1.631905079;-1.670190215;8.800801277;13.63324647;-0.08368847519;-0.2341139317;0.05115992576;4
13.62735501;-1.574477315;-1.670190215;8.796015739;13.63534824;-0.07880155742;-0.2280052751;0.04871646687;4
13.62945684;-1.493121386;-1.670190215;8.810373306;13.63745006;-0.07880155742;-0.2243400961;0.0438295491;4
13.63155861;-1.430907965;-1.660618901;8.848658562;13.63955184;-0.07513637096;-0.2182314396;0.04138609022;4
13.63366043;-1.354337573;-1.651047587;8.84387207;13.64165366;-0.07147117704;-0.2096793354;0.03894263133;4
13.6357622;-1.287338614;-1.631905079;8.853444099;13.64375543;-0.06780599058;-0.2011272311;0.03649916872;4
13.63786402;-1.225125194;-1.617548108;8.853444099;13.64585725;-0.06414080411;-0.188909933;0.03527744114;4
13.63996579;-1.16769743;-1.612762451;8.839086533;13.64795902;-0.0616973415;-0.1766926348;0.03283398226;4
13.64206762;-1.105484009;-1.617548108;8.824729919;13.65006079;-0.06047561392;-0.1644753367;0.03161225095;4
13.64416939;-1.052842021;-1.603191137;8.805587769;13.65216262;-0.05803215504;-0.1485928595;0.02794706449;4
13.64627121;-0.9906286001;-1.588834286;8.800801277;13.65426444;-0.05681042373;-0.1302669197;0.02550360374;4
13.64837298;-0.9188438654;-1.603191137;8.781659126;13.65636621;-0.05436696485;-0.1143844277;0.02183841541;4
13.65047475;-0.8709874153;-1.603191137;8.800801277;13.65846803;-0.05314523727;-0.0972802192;0.01939495653;4
13.65257658;-0.8231309652;-1.59840548;8.815158844;13.66056986;-0.05192350596;-0.08017600328;0.01450803876;4
13.6546784;-0.7896314859;-1.584048629;8.829515457;13.66267163;-0.04948004708;-0.06307178736;0.01206457894;4
13.65678017;-0.756131947;-1.579262972;8.848658562;13.6647734;-0.04703658819;-0.04718930274;0.005955931731;4
13.65888199;-0.7274180651;-1.574477315;8.90130043;13.66687522;-0.04825831577;-0.03252854943;0.004734201822;4
13.66098381;-0.70348984;-1.545763373;8.906085968;13.66897704;-0.04948004708;-0.02031125315;0.001069013379;4
13.66308559;-0.6699903607;-1.531406522;8.925228119;13.67107881;-0.05192350596;-0.00565049937;-0.0001527161949;4
13.66518736;-0.6699903607;-1.50269258;8.953942299;13.67318064;-0.05192350596;0.004123337101;-0.001374445739;4
13.66728918;-0.679561615;-1.473978758;8.958727837;13.67528241;-0.05681042373;0.01145371422;-0.0001527161949;4
13.669391;-0.6939185858;-1.430907965;8.987442017;13.67738423;-0.0616973415;0.01511890348;-0.0001527161949;4
13.67149277;-0.6987041831;-1.397408366;8.997013092;13.679486;-0.06780599058;0.02122755162;0.001069013379;4
13.6735946;-0.708275497;-1.368694544;8.977870941;13.68158783;-0.07513637096;0.02244928107;0.002290742937;4
13.67569637;-0.6987041831;-1.325623751;8.958727837;13.6836896;-0.08613193035;0.02611446939;0.005955931731;4
13.67779819;-0.7130611539;-1.277767301;8.930013657;13.68579142;-0.09957095981;0.02733619884;0.0108428495;4
13.67989996;-0.708275497;-1.205982566;8.915657043;13.68789319;-0.1142317131;0.02855792828;0.01450803876;4
13.68200178;-0.7130611539;-1.143769264;8.858229637;13.68999501;-0.1301141977;0.03222311661;0.01817322709;4
13.68410355;-0.7130611539;-1.110269666;8.805587769;13.69209684;-0.1484401375;0.03222311661;0.02183841541;4
13.68620538;-0.7178468108;-1.03848505;8.791230202;13.69419861;-0.1692095399;0.03100138716;0.02672533318;4
13.68830715;-0.6987041831;-0.9619147182;8.743373871;13.69630043;-0.1899789423;0.03100138716;0.02916879393;4
13.69040897;-0.6843472719;-0.8853443861;8.729017258;13.6984022;-0.2144135386;0.03222311661;0.03405570984;4
13.69251079;-0.6699903607;-0.8279166222;8.733802795;13.70050402;-0.2364046723;0.02733619884;0.04138609022;4
13.69461256;-0.6652047038;-0.760917604;8.757730484;13.70260579;-0.2596175373;0.02000582218;0.04749473557;4
13.69671439;-0.6747759581;-0.708275497;8.796015739;13.70470762;-0.2828303874;0.0126754446;0.05238165334;4
13.69881616;-0.70348984;-0.6556333899;8.891729355;13.70680939;-0.304821521;0.0004581485991;0.05971203372;4
13.70091798;-0.732203722;-0.6173482537;9.011369705;13.70891121;-0.3304778337;-0.01664606482;0.06826414168;4
13.70301975;-0.7752745152;-0.5647061467;9.111868858;13.71101298;-0.35491243;-0.0374154672;0.07559451461;4
13.70512158;-0.8039883971;-0.5216353536;9.260223389;13.7131148;-0.3781253099;-0.06185005978;0.08170316368;4
13.70722335;-0.8039883971;-0.4977070987;9.394221306;13.71521663;-0.4025598764;-0.08994983882;0.08781181276;4
13.70932517;-0.8039883971;-0.4689932466;9.528220177;13.7173184;-0.4269944727;-0.1241582632;0.09269873053;4
13.71142694;-0.784845829;-0.4402793646;9.676574707;13.71942017;-0.4526508152;-0.1608101577;0.09514218569;4
13.71352876;-0.7704889178;-0.4211367965;9.863214493;13.72152199;-0.478307128;-0.1999054998;0.09636391699;4
13.71563059;-0.7226324677;-0.3972085714;10.04028416;13.72362376;-0.5027416945;-0.2426660359;0.0988073796;4
13.71773236;-0.732203722;-0.3732803464;10.2029953;13.72572559;-0.5259546041;-0.2878700197;0.1000291109;4
13.71983413;-0.708275497;-0.3589234054;10.43270683;13.72782741;-0.5528326035;-0.3306305707;0.0975856483;4
13.72193595;-0.70348984;-0.3637090325;10.63370419;13.72992918;-0.5760455132;-0.3721693754;0.09514218569;4
13.72403772;-0.6939185858;-0.3732803464;10.88255692;13.73203095;-0.5968148708;-0.4137081802;0.09392046183;4
13.72613954;-0.6939185858;-0.3828516304;11.07876873;13.73413277;-0.6151408553;-0.4515817761;0.08903354406;4
13.72824137;-0.6747759581;-0.3924229145;11.32283688;13.7362346;-0.6346884966;-0.4894554019;0.08292489499;4
13.73034314;-0.650847733;-0.3972085714;11.58604717;13.73833637;-0.6505709887;-0.5224421024;0.07803797722;4
13.73244491;-0.6173482537;-0.4067798555;11.8588295;13.74043814;-0.6664534807;-0.5480984449;0.07192932814;4
13.73454673;-0.5742774606;-0.3876372576;12.1794672;13.74253996;-0.6762273312;-0.5749764442;0.06704241037;4
13.73664855;-0.5359922647;-0.4067798555;12.49053383;13.74464178;-0.6823359728;-0.5933024287;0.0621554926;4
13.73875033;-0.5264210105;-0.3924229145;12.83031464;13.74674361;-0.686001122;-0.605519712;0.05971203372;4
13.7408521;-0.5168496966;-0.3684946895;13.2083807;13.74884538;-0.687222898;-0.6152935624;0.05726857483;4
13.74295392;-0.5407779217;-0.3445664644;13.59601784;13.75094715;-0.6811142564;-0.6177369952;0.05604684353;4
13.74505574;-0.5886343718;-0.3254238665;13.95015621;13.75304897;-0.6701186895;-0.6152935624;0.05726857483;4
13.74715756;-0.6317051649;-0.3014956415;14.37129307;13.75515074;-0.6566796303;-0.6152935624;0.05604684353;4
13.74925934;-0.6699903607;-0.2871387303;14.76850128;13.75725256;-0.6395754218;-0.6116283536;0.05604684353;4
13.75136111;-0.708275497;-0.2775674164;15.21356678;13.75935439;-0.6175842881;-0.6018545032;0.05971203372;4
13.75346293;-0.760917604;-0.2632105052;15.61556053;13.76145616;-0.5907062292;-0.5957458615;0.0609337613;4
13.7555647;-0.8231309652;-0.2536391914;16.02712631;13.76355798;-0.5662716627;-0.5871937871;0.06459894776;4
13.75766652;-0.8709874153;-0.2440679073;16.42433548;13.76565975;-0.5332849622;-0.5737547278;0.06582067907;4
13.75976835;-0.8949156404;-0.2392822653;16.84547234;13.76776158;-0.5002982616;-0.5652026534;0.06704241037;4
13.76187012;-0.9284151793;-0.2344966233;17.19960976;13.76986335;-0.4624246359;-0.5566505194;0.07192932814;4
13.76397194;-0.9762716293;-0.2392822653;17.57767487;13.77196517;-0.4245510101;-0.5529853702;0.07559451461;4
13.76607371;-1.019342422;-0.2488535494;17.98924065;13.77406694;-0.381790489;-0.5529853702;0.07925970852;4
13.76817553;-1.067198873;-0.2392822653;18.39123535;13.77616876;-0.339029938;-0.5542070866;0.08292489499;4
13.7702773;-1.100698471;-0.2057827413;18.79801559;13.77827059;-0.2950477004;-0.563980937;0.08292489499;4
13.77237913;-1.129412293;-0.1627119333;19.1760807;13.78037236;-0.2498437017;-0.5774199367;0.08292489499;4
13.7744809;-1.138983607;-0.1244267747;19.50629044;13.78247413;-0.2021962404;-0.5981893539;0.08292489499;4
13.77658272;-1.153340459;-0.08614161611;19.83650017;13.78457595;-0.1533270627;-0.6189587116;0.08170316368;4
13.77868454;-1.124626637;-0.0239282269;20.14756584;13.78667777;-0.1056796089;-0.6433933377;0.07925970852;4
13.78078631;-1.124626637;0.0239282269;20.4059906;13.78877954;-0.05681042373;-0.6690496206;0.07803797722;4
13.78288809;-1.11984098;0.07178468257;20.62134552;13.79088137;-0.01160643063;-0.6971494555;0.07559451461;4
13.78498991;-1.0863415;0.1435693651;20.78884315;13.79298314;0.03237583488;-0.7252492309;0.07192932814;4
13.78709173;-1.057627559;0.2105683982;20.90369797;13.79508496;0.07269290835;-0.7509055138;0.06826414168;4
13.7891935;-1.048056364;0.2679961324;20.94198418;13.79718673;0.1130099818;-0.7753401399;0.06459894776;4
13.79129532;-1.019342422;0.3541377485;20.95634079;13.79928855;0.1435532272;-0.79855299;0.06337722391;4
13.7933971;-0.9571290612;0.4642075896;20.93719864;13.80139033;0.1765399277;-0.8242093325;0.0609337613;4
13.79549892;-0.8997012973;0.5838487148;20.89891243;13.80349215;0.204639703;-0.848643899;0.05726857483;4
13.79760069;-0.8039883971;0.6556333899;20.84148598;13.80559397;0.2266308367;-0.8730784655;0.05604684353;4
13.79970251;-0.7369893789;0.7704889178;20.77448654;13.80769574;0.2486219704;-0.898734808;0.05360338464;4
13.80180428;-0.6556333899;0.8422735929;20.68834496;13.80979756;0.2657261789;-0.9219476581;0.05115992576;4
13.80390611;-0.5742774606;0.9188438654;20.61655998;13.81189934;0.2840521336;-0.9463822842;0.05115992576;4
13.80600793;-0.5072783828;0.9858429432;20.52084732;13.81400111;0.2974911332;-0.9720385671;0.04871646687;4
13.8081097;-0.4163511395;1.033699393;20.46341896;13.81610293;0.3084867001;-0.9940297008;0.04749473557;4
13.81021152;-0.3397808075;1.067198873;20.42034912;13.81820475;0.3207040131;-1.014799118;0.04749473557;4
13.81231329;-0.2727817893;1.0863415;20.38206291;13.82030652;0.3280344009;-1.035568476;0.04871646687;4
13.81441506;-0.2105683982;1.095912814;20.35334969;13.82240829;0.3341430426;-1.049007535;0.04993819445;4
13.81651689;-0.1627119333;1.105484009;20.31027794;13.82451012;0.3402516842;-1.058781385;0.05238165334;4
13.81861871;-0.1387837082;1.129412293;20.24328041;13.82661194;0.3488037884;-1.068555236;0.05726857483;4
13.82072048;-0.1148554832;1.115055323;20.17628098;13.82871371;0.3524689674;-1.073442101;0.0609337613;4
13.82282225;-0.1052841991;1.091127157;20.11885262;13.83081553;0.3585776389;-1.078329086;0.06704241037;4
13.82492408;-0.09571290761;1.057627559;20.13799477;13.8329173;0.3659079969;-1.078329086;0.07192932814;4
13.8270259;-0.08614161611;1.028913736;20.13320923;13.83501913;0.3756818473;-1.074663877;0.07803797722;4
13.82912767;-0.06221338734;0.9810572863;20.1427803;13.83712095;0.3866774142;-1.070998669;0.08414662629;4
13.83122949;-0.03349951655;0.9188438654;20.20020866;13.83922272;0.3988946974;-1.064890027;0.08903354406;4
13.83333126;0.0143569354;0.866201818;20.23370743;13.84132449;0.4172206521;-1.064890027;0.09636391699;4
13.83543308;0.08614161611;0.8231309652;20.31506348;13.84342631;0.4367683232;-1.060003161;0.1024725661;4
13.83753491;0.1770688742;0.756131947;20.42034912;13.84552809;0.4599811733;-1.055116177;0.1085812151;4
13.83963668;0.2584248483;0.6843472719;20.53520393;13.84762991;0.485637486;-1.051450968;0.1146898642;4
13.84173845;0.3206382394;0.5934200287;20.65962982;13.84973173;0.5125155449;-1.050229311;0.1207985133;4
13.84384027;0.3876372576;0.4402793646;20.79362869;13.8518335;0.5467239618;-1.049007535;0.1281288862;4
13.84594204;0.4402793646;0.2871387303;20.94676971;13.85393527;0.5833758712;-1.049007535;0.1330158114;4
13.84804387;0.4833501875;0.1196411327;21.09991074;13.8560371;0.6236929297;-1.055116177;0.1366809905;4
13.85014569;0.5599204898;-0.06221338734;21.28176498;13.85813892;0.6701186895;-1.061224818;0.1354592592;4
13.85224746;0.6317051649;-0.2440679073;21.44926262;13.86024069;0.7202095985;-1.069776893;0.1317940801;4
13.85434923;0.7513462901;-0.4402793646;21.60718918;13.86234251;0.7727439404;-1.079550743;0.1220202371;4
13.85645105;0.866201818;-0.6556333899;21.75554276;13.86444428;0.828943491;-1.088102937;0.1073594838;4
13.85855288;1.014556766;-0.8805587292;21.87518501;13.86654611;0.887586534;-1.10032022;0.08903354406;4
13.86065465;1.148554921;-1.110269666;22.00439644;13.86864788;0.9498947263;-1.111315727;0.06337722391;4
13.86275647;1.287338614;-1.378265858;22.1001091;13.8707497;1.014646411;-1.124754786;0.03527744114;4
13.86485824;1.378265858;-1.636690736;22.2245369;13.87285147;1.080619812;-1.139415503;0.002290742937;4
13.86696006;1.478764415;-1.895115495;22.34896278;13.87495329;1.150258422;-1.160184979;-0.03313941509;4
13.86906184;1.555334687;-2.143969059;22.44946289;13.87705506;1.224783897;-1.176067472;-0.07345648855;4
13.87116366;1.631905079;-2.359323025;22.57388878;13.87915689;1.299309373;-1.190728188;-0.1149952933;4
13.87326543;1.718046665;-2.569891453;22.68395805;13.88125871;1.3762784;-1.199280262;-0.1601992846;4
13.87536725;1.804188251;-2.775674343;22.7653141;13.88336048;1.455690742;-1.204167247;-0.2029598206;4
13.87746902;1.861616015;-2.914458036;22.81795692;13.8854623;1.535103202;-1.202945471;-0.2457203567;4
13.87957085;1.895115495;-3.043670416;22.83709908;13.88756408;1.616959095;-1.199280262;-0.2884808779;4
13.88167267;1.866401672;-3.168097258;22.79402924;13.88966585;1.695149779;-1.19317162;-0.3287979662;4
13.88377444;1.794616938;-3.268595695;22.67438698;13.89176767;1.773340464;-1.18339777;-0.3642281294;4
13.88587626;1.670190215;-3.369094372;22.53081894;13.89386944;1.851531148;-1.174845695;-0.3996582925;4
13.88797803;1.536192179;-3.455235958;22.31546402;13.89597126;1.922391415;-1.163850069;-0.4289797843;4
13.8900798;1.368694544;-3.536591768;22.0618248;13.89807308;1.990808368;-1.156519771;-0.4546361268;4
13.89218163;1.201196909;-3.579662561;21.77468681;13.90017486;2.060446978;-1.143080711;-0.4754055142;4
13.8942834;1.028913736;-3.603590965;21.45404816;13.90227668;2.121533394;-1.128419995;-0.4900662601;4
13.89638522;0.8709874153;-3.598805189;21.15255165;13.9043785;2.176511288;-1.112537503;-0.5010618567;4
13.89848704;0.6987041831;-3.555734396;20.78405762;13.90648027;2.230267286;-1.096655011;-0.5071704984;4
13.90058881;0.5264210105;-3.488735437;20.37727737;13.90858204;2.279136419;-1.078329086;-0.5096139312;4
13.90269064;0.3828516304;-3.426522017;19.97049713;13.91068387;2.325562239;-1.049007535;-0.5071704984;4
13.90479246;0.2488535494;-3.354737282;19.55893135;13.91278564;2.36465764;-1.022129536;-0.5035052896;4
13.90689423;0.1196411327;-3.263810158;19.1377964;13.91488746;2.406196356;-0.9903645515;-0.4961749315;4
13.908996;0.03349951655;-3.153740168;18.74058723;13.91698928;2.444070101;-0.9524909258;-0.4864010811;4
13.91109782;-0.04307080805;-3.05324173;18.3720932;13.91909105;2.479500055;-0.9170607328;-0.4766272306;4
13.9131996;-0.1100698411;-2.962314367;18.0083828;13.92119282;2.512486935;-0.8743002415;-0.4644099474;4
13.91530142;-0.1339980662;-2.866601467;17.61117554;13.92329465;2.543030024;-0.8303179741;-0.4558578432;4
13.91740324;-0.1579262912;-2.775674343;17.2426796;13.92539642;2.569908142;-0.7887791395;-0.4436405599;4
13.91950501;-0.1579262912;-2.694318295;16.85025787;13.92749824;2.591899157;-0.7423534393;-0.4350884259;4
13.92160678;-0.1483550072;-2.617748022;16.47697639;13.92960006;2.611446857;-0.6922625303;-0.4253146052;4
13.92370861;-0.1435693651;-2.560320139;16.02712631;13.93170184;2.626107693;-0.6397281289;-0.416762501;4
13.92581038;-0.1292124242;-2.512463808;15.54377556;13.93380366;2.635881424;-0.5871937871;-0.4057669342;4
13.9279122;-0.1244267747;-2.450250387;15.08913994;13.93590543;2.645655394;-0.5273290277;-0.3972148299;4
13.93001402;-0.1004985496;-2.402393818;14.69193077;13.93800725;2.650542259;-0.4650208056;-0.3874409795;4
13.93211579;-0.06699903309;-2.368894339;14.28993702;13.94010902;2.650542259;-0.4039343297;-0.3801106215;4
13.93421762;-0.02871387079;-2.330609322;13.8735857;13.94221085;2.650542259;-0.3391826749;-0.3715584874;4
13.93631939;0.05742774159;-2.273181438;13.51944828;13.94431267;2.649320602;-0.2719875574;-0.3630063832;4
13.93842121;0.09571290761;-2.263610125;13.16052437;13.94641444;2.64687705;-0.2096793354;-0.3581194878;4
13.94052298;0.1148554832;-2.244467735;12.83031464;13.94851626;2.640768528;-0.1485928595;-0.3520108163;4
13.9426248;0.1148554832;-2.258824587;12.52881908;13.95061803;2.634659767;-0.08994983882;-0.3471239209;4
13.94472663;0.1148554832;-2.277967215;12.23689461;13.9527198;2.628551245;-0.03863719851;-0.3446804583;4
13.9468284;0.08135596663;-2.282752752;11.94497108;13.95482163;2.618777275;0.005345067009;-0.3434587121;4
13.94893022;0.04785645381;-2.292324066;11.71047401;13.9569234;2.609003544;0.04077522457;-0.3446804583;4
13.95103199;0.05264209956;-2.282752752;11.45683479;13.95902522;2.598007917;0.0725401938;-0.3459021747;4
13.95313376;0.0382851623;-2.258824587;11.23669529;13.96112704;2.587012291;0.09453132749;-0.3471239209;4
13.95523558;0.05264209956;-2.230110645;11.01655579;13.96322887;2.569908142;0.1140789986;-0.3471239209;4
13.95733736;0.06221338734;-2.191825628;10.85384369;13.96533064;2.550360441;0.1238528341;-0.3459021747;4
13.95943918;0.04785645381;-2.177468538;10.57149029;13.96743241;2.529591084;0.1324049383;-0.3471239209;4
13.961541;-0.009571290575;-2.134397745;10.25563812;13.96953423;2.506378174;0.1372918636;-0.3446804583;4
13.96364282;-0.08614161611;-2.096112728;9.963713646;13.971636;2.481943607;0.1360701323;-0.3385718167;4
13.9657446;-0.1483550072;-2.048256159;9.676574707;13.97373782;2.453843832;0.1324049383;-0.3336848915;4
13.96784637;-0.2344966233;-1.986042738;9.394221306;13.97583965;2.4245224;0.1250745654;-0.3251327872;4
13.96994819;-0.3110669553;-1.957328916;9.140582085;13.97794142;2.393979073;0.1140789986;-0.3141372204;4
13.97204996;-0.3541377485;-1.909472466;8.891729355;13.98004319;2.360992432;0.09941824526;-0.3031416535;4
13.97415178;-0.4115654826;-1.866401672;8.681160927;13.98214501;2.329227448;0.07864884287;-0.2884808779;4
13.97625361;-0.4259224236;-1.856830359;8.499305725;13.98424684;2.29868412;0.0542142503;-0.273820132;4
13.97835538;-0.4546363056;-1.871187329;8.355736732;13.98634861;2.266919136;0.02489273995;-0.2591593862;4
13.98045715;-0.4642075896;-1.866401672;8.255238533;13.98845043;2.237597704;-0.004428769462;-0.246942088;4
13.98255897;-0.4354937077;-1.856830359;8.193024635;13.9905522;2.210719585;-0.03863719851;-0.2371682525;4
13.98466079;-0.3828516304;-1.842473388;8.207381248;13.99265402;2.185063362;-0.06795870513;-0.2310595959;4
13.98676256;-0.2967100143;-1.823330879;8.221738815;13.99475579;2.163072109;-0.09850194305;-0.2298378795;4
13.98886439;-0.1818545163;-1.808973908;8.255238533;13.99685762;2.143524408;-0.1229365394;-0.2335030586;4
13.99096616;-0.03349951655;-1.799402595;8.269595146;13.99895939;2.127641916;-0.1412624866;-0.2371682525;4
13.99306798;0.1148554832;-1.794616938;8.264809608;14.00106121;2.115424633;-0.1595884264;-0.246942088;4
13.99516975;0.2440679073;-1.799402595;8.250452042;14.00316298;2.10320735;-0.1766926348;-0.25793764;4
13.99727158;0.3589234054;-1.804188251;8.21216774;14.0052648;2.092211962;-0.1913533956;-0.273820132;4
13.99937334;0.4450650215;-1.818545222;8.173882484;14.00736658;2.083659649;-0.2011272311;-0.2860374451;4
14.00147517;0.4881358147;-1.861616015;8.102097511;14.0094684;2.077551126;-0.2109010667;-0.3006981909;4
14.00357694;0.4881358147;-1.909472466;8.00638485;14.01157017;2.072664261;-0.2218966335;-0.3116937578;4
14.00567876;0.4307080805;-1.923829436;7.881958008;14.01367199;2.064112186;-0.231670469;-0.3214675784;4
14.00778053;0.3445664644;-1.962114573;7.724031448;14.01577381;2.056781769;-0.2414443046;-0.3263545036;4
14.00988236;0.2105683982;-1.942971945;7.580461979;14.01787558;2.047007799;-0.2524398565;-0.3287979662;4
14.01198413;0.06221338734;-1.928615093;7.451249599;14.01997736;2.038455725;-0.2609919906;-0.3300196826;4
14.01408595;-0.09092725813;-1.919043779;7.293323517;14.02207918;2.02990365;-0.265878886;-0.3263545036;4
14.01618777;-0.2536391914;-1.875972986;7.173682213;14.024181;2.023795128;-0.2707658112;-0.3190241456;4
14.01828954;-0.4019941986;-1.837687731;7.020541668;14.02628277;2.017686367;-0.2683223486;-0.3092502952;4
14.02039131;-0.5790630579;-1.765903115;6.891329288;14.0283846;2.014021158;-0.2683223486;-0.2994764447;4
14.02249314;-0.7178468108;-1.713261008;6.762116909;14.03048637;2.007912636;-0.2646571696;-0.2848156989;4
14.02459496;-0.8518448472;-1.627119422;6.647261143;14.03258819;2.009134293;-0.258548528;-0.2713766694;4
14.02669673;-0.9475577474;-1.55054903;6.556334019;14.03468996;2.007912636;-0.2524398565;-0.2554942071;4
14.02879855;-1.043270707;-1.478764415;6.48933506;14.03679178;2.009134293;-0.2475529462;-0.2408334464;4
14.03090033;-1.105484009;-1.392622828;6.403193474;14.03889355;2.007912636;-0.2438877672;-0.2225074917;4
14.03300215;-1.148554921;-1.349551916;6.340980053;14.04099538;2.011577606;-0.2402225733;-0.2054032832;4
14.03510392;-1.177268744;-1.287338614;6.254838467;14.04309715;2.015242815;-0.2365573794;-0.1882990748;4
14.03720574;-1.186840057;-1.234696507;6.144768715;14.04519897;2.01646471;-0.2328922004;-0.1711948514;4
14.03930751;-1.196411371;-1.210768223;6.039484501;14.04730079;2.021351576;-0.2292270064;-0.1528689116;4
14.04140934;-1.201196909;-1.158126116;5.938985825;14.04940256;2.01646471;-0.2267835438;-0.1333212405;4
14.04351111;-1.177268744;-1.115055323;5.819344521;14.05150439;2.017686367;-0.2267835438;-0.1149952933;4
14.04561293;-1.16769743;-1.081555843;5.699703693;14.05360616;2.014021158;-0.2280052751;-0.09666935354;4
14.04771475;-1.148554921;-1.048056364;5.551348686;14.05570793;2.007912636;-0.2231183648;-0.07956513762;4
14.04981652;-1.095912814;-1.019342422;5.426921844;14.05780975;2.004247427;-0.2255618125;-0.06368265301;4
14.05191834;-1.076770186;-0.9810572863;5.249852657;14.05991152;2.000582218;-0.2218966335;-0.05024362728;4
14.05402012;-1.033699393;-0.9379864931;5.158925533;14.06201334;1.994473457;-0.2194531709;-0.03802633286;4
14.05612189;-0.9571290612;-0.890130043;5.058426857;14.06411512;1.989586592;-0.2109010667;-0.02703076601;4
14.05822371;-0.9140582681;-0.8614161611;4.957928658;14.06621694;1.984699726;-0.2011272311;-0.0209221188;4
14.06032548;-0.813559711;-0.8279166222;4.857429981;14.06831876;1.981034517;-0.1901316643;-0.01359174121;4
14.0624273;-0.7178468108;-0.8039883971;4.78085947;14.07042053;1.977369308;-0.1791360974;-0.008704823442;4
14.06452908;-0.6317051649;-0.7944171429;4.689932346;14.07252236;1.976147532;-0.165697068;-0.003817904973;4
14.0666309;-0.5742774606;-0.756131947;4.61814785;14.07462413;1.974925876;-0.1510363221;0.001069013379;4
14.06873272;-0.5312066078;-0.7130611539;4.560719967;14.07672595;1.971260667;-0.1375972927;0.00351247238;4
14.07083449;-0.4977070987;-0.6939185858;4.503292084;14.07882772;1.9737041;-0.121714808;0.007177661173;4
14.07293631;-0.4785645306;-0.6939185858;4.445864677;14.08092954;1.976147532;-0.1033888608;0.01328630932;4
14.07503809;-0.4642075896;-0.679561615;4.374079704;14.08303131;1.977369308;-0.08384118974;0.01817322709;4
14.07713991;-0.4498506486;-0.6747759581;4.335794449;14.08513314;1.984699726;-0.06673697382;0.02306014486;4
14.07924168;-0.4354937077;-0.6317051649;4.287938118;14.08723491;1.993251801;-0.04841103405;0.03039052337;4
14.0813435;-0.4259224236;-0.6221339107;4.240081787;14.08933673;2.001803875;-0.02764163166;0.03894263133;4
14.08344527;-0.4115654826;-0.5934200287;4.197010994;14.0914385;2.007912636;-0.009315688163;0.04627300799;4
14.0855471;-0.4067798555;-0.5551348329;4.134797573;14.09354033;2.017686367;0.01023198478;0.05360338464;4
14.08764887;-0.3972085714;-0.5264210105;4.058227062;14.09564215;2.025016785;0.03222311661;0.0609337613;4
14.08975069;-0.3780659735;-0.4881358147;3.967299938;14.09774392;2.032347202;0.05299251899;0.06948586553;4
14.09185246;-0.3828516304;-0.4498506486;3.876372576;14.09984574;2.036012411;0.07131846249;0.07681624591;4
14.09395428;-0.3732803464;-0.3972085714;3.7710886;14.10194751;2.038455725;0.09086613357;0.08414662629;4
14.09605611;-0.3876372576;-0.3637090325;3.656233072;14.10404934;2.038455725;0.1104138121;0.09147699922;4
14.09815788;-0.3828516304;-0.3062812984;3.531806231;14.10615111;2.038455725;0.127518028;0.0975856483;4
14.1002597;-0.3828516304;-0.2823530734;3.416950703;14.10825293;2.037234068;0.1458439678;0.1049160287;4
14.10236147;-0.4019941986;-0.2392822653;3.278167009;14.1103547;2.034790516;0.1629481763;0.1134681329;4
14.10446329;-0.3972085714;-0.1866401732;3.153740168;14.11245652;2.027460098;0.1788306683;0.119576782;4
14.10656506;-0.4115654826;-0.1483550072;3.034099102;14.11455829;2.020129919;0.1922696829;0.1281288862;4
14.10866689;-0.4354937077;-0.1292124242;2.90967226;14.11666012;2.011577606;0.2057087123;0.1342375278;4
14.11076866;-0.4689932466;-0.08614161611;2.766103029;14.11876189;2.001803875;0.2167042792;0.142789647;4
14.11287048;-0.5024927258;-0.06699903309;2.641676188;14.12086371;1.988364816;0.2264781147;0.1513417512;4
14.11497225;-0.5168496966;-0.004785645287;2.49332118;14.12296548;1.976147532;0.2338084877;0.1586721241;4
14.11707408;-0.5599204898;0.03349951655;2.340180635;14.1250673;1.963930249;0.2386954129;0.1660024971;4
14.11917585;-0.5599204898;0.0765703246;2.215753794;14.12716913;1.944382548;0.2399171442;0.1721111536;4
14.12127767;-0.5742774606;0.1244267747;2.057827473;14.1292709;1.928500056;0.2399171442;0.1794415265;4
14.12337944;-0.5599204898;0.1674975902;1.904686809;14.13137267;1.907730699;0.2374736816;0.1867718995;4
14.12548126;-0.5694918036;0.2249253243;1.761117458;14.13347449;1.883296132;0.2325867712;0.1941022873;4
14.12758309;-0.5790630579;0.2727817893;1.607976794;14.13557626;1.860083222;0.2313650399;0.2014326602;4
14.12968486;-0.5934200287;0.3110669553;1.430907965;14.13767809;1.83442688;0.2264781147;0.2099847645;4
14.13178663;-0.6077769399;0.3493520916;1.244267821;14.13977991;1.806327105;0.2240346521;0.2197586;4
14.13388845;-0.6077769399;0.3972085714;1.071984529;14.14188168;1.780670881;0.2191477418;0.2283107042;4
14.13599022;-0.6364908218;0.4402793646;0.8853443861;14.1439835;1.750127554;0.2191477418;0.2380845547;4
14.13809204;-0.6364908218;0.4546363056;0.70348984;14.14608527;1.720806122;0.2179260105;0.2478583902;4
14.14019387;-0.6029912829;0.4881358147;0.5407779217;14.1481871;1.687819362;0.2191477418;0.2564104795;4
14.14229564;-0.5551348329;0.5216353536;0.3924229145;14.15028887;1.657276154;0.2203694731;0.2637408674;4
14.14439746;-0.4785645306;0.5455635786;0.2249253243;14.15239069;1.623067737;0.2252563834;0.269849509;4
14.14649923;-0.3684946895;0.5503492355;0.05264209956;14.15449251;1.58885932;0.2289215773;0.2735147178;4
14.14860105;-0.2775674164;0.5742774606;-0.1004985496;14.15659428;1.554650903;0.2301433086;0.2759581506;4
14.15070283;-0.1770688742;0.6173482537;-0.2536391914;14.15869605;1.514333844;0.235030219;0.2771798968;4
14.15280465;-0.0382851623;0.6221339107;-0.4019941986;14.16079788;1.475238442;0.2374736816;0.2722929716;4
14.15490647;0.1292124242;0.6173482537;-0.5599204898;14.1628997;1.439808249;0.2460257858;0.26618433;4
14.15700824;0.3062812984;0.5790630579;-0.6604190469;14.16500147;1.400712967;0.2557996213;0.2588539422;4
14.15911001;0.4881358147;0.5551348329;-0.7657032609;14.16710324;1.364060998;0.2692386508;0.2478583902;4
14.16121184;0.650847733;0.5599204898;-0.8566305041;14.16920506;1.326187491;0.2851211429;0.2368628234;4
14.16331366;0.7944171429;0.5503492355;-0.9858429432;14.17130684;1.289535522;0.3034470677;0.2234237939;4
14.16541543;0.9475577474;0.5312066078;-1.081555843;14.17340866;1.252883673;0.320551306;0.2099847645;4
14.1675172;1.076770186;0.5359922647;-1.153340459;14.17551048;1.218675256;0.3400989771;0.1941022873;4
14.16961902;1.239482164;0.5455635786;-1.210768223;14.17761225;1.182023406;0.3608683646;0.1769980639;4
14.17172079;1.421336651;0.5647061467;-1.277767301;14.17971408;1.149036646;0.377972573;0.1574503928;4
14.17382262;1.574477315;0.5694918036;-1.320838094;14.18181585;1.113606453;0.3938550651;0.1366809905;4
14.17592444;1.708475351;0.6029912829;-1.330409408;14.18391767;1.080619812;0.4072940946;0.1122464016;4
14.17802621;1.871187329;0.650847733;-1.330409408;14.18601944;1.050076604;0.420733124;0.08536835015;4
14.18012803;2.033899307;0.6747759581;-1.330409408;14.18812126;1.015868187;0.4366155863;0.05726857483;4
14.1822298;2.172683001;0.6939185858;-1.344766378;14.19022309;0.9841031432;0.4476111531;0.02672533318;4
14.18433163;2.287538528;0.7226324677;-1.411765337;14.19232486;0.9498947263;0.45860672;-0.003817904973;4
14.1864334;2.354537487;0.7465606928;-1.459621787;14.19442668;0.9156863093;0.4659371078;-0.03436114267;4
14.18853522;2.411965132;0.7992027402;-1.50269258;14.19652845;0.8839213252;0.4683805704;-0.06734783947;4
14.19063704;2.455035925;0.8327022791;-1.488335729;14.19863027;0.8533781171;0.4696022868;-0.0991128087;4
14.19273881;2.464607239;0.8757730722;-1.50269258;14.20073204;0.8228348494;0.470824033;-0.1308777779;4
14.19484064;2.488535643;0.9140582681;-1.488335729;14.20283381;0.7910698652;0.4683805704;-0.1638644785;4
14.19694241;2.507678032;0.9379864931;-1.493121386;14.20493564;0.7605266571;0.467158854;-0.1956294477;4
14.19904423;2.531606436;1.000199914;-1.488335729;14.20703746;0.7324268818;0.4647153914;-0.2286161482;4
14.201146;2.531606436;1.028913736;-1.450050473;14.20913923;0.7031053901;0.4622719288;-0.2628245652;4
14.20324777;2.488535643;1.071984529;-1.435693622;14.21124105;0.6725621223;0.4573850036;-0.2945895493;4
14.2053496;2.445464849;1.115055323;-1.430907965;14.21334283;0.6420188546;0.4524980783;-0.3263545036;4
14.20745142;2.368894339;1.143769264;-1.478764415;14.21544465;0.6114756465;0.4463894367;-0.3544542789;4
14.20955319;2.282752752;1.177268744;-1.488335729;14.21754642;0.578488946;0.4402807951;-0.3825540543;4
14.21165501;2.139183521;1.205982566;-1.55054903;14.21964824;0.5455022454;0.4292852283;-0.4069886506;4
14.21375678;2.009970903;1.229910851;-1.588834286;14.22175001;0.5112938285;0.4182896614;-0.4326449931;4
14.21585861;1.842473388;1.258624673;-1.655833244;14.22385184;0.4734202027;0.404850632;-0.4546361268;4
14.21796038;1.689332843;1.272981644;-1.727617979;14.22595366;0.4367683232;0.3865246773;-0.4717403352;4
14.2200622;1.560120344;1.296909928;-1.785045743;14.22805543;0.3988946974;0.3694204688;-0.4876227975;4
14.22216397;1.416550994;1.325623751;-1.866401672;14.2301572;0.3585776389;0.3486510813;-0.4998401105;4
14.22426579;1.249053478;1.354337573;-1.914258122;14.23225902;0.3170388341;0.324216485;-0.5083922148;4
14.22636762;1.081555843;1.387837172;-1.995614052;14.23436085;0.2779434621;0.3010036349;-0.51327914;4
14.22846939;0.8709874153;1.40697968;-2.0769701;14.23646262;0.2339612097;0.2704603672;-0.5145008564;4
14.23057116;0.6987041831;1.430907965;-2.124826431;14.23856444;0.1875354946;0.2411388755;-0.51327914;4
14.23267298;0.5168496966;1.483550072;-2.191825628;14.24066621;0.1447749585;0.2069304436;-0.5096139312;4
14.2347748;0.3445664644;1.493121386;-2.234896421;14.24276803;0.0983492285;0.1763872057;-0.504727006;4
14.23687658;0.1674975902;1.521835208;-2.268395901;14.2448698;0.05558869615;0.1470656991;-0.4961749315;4
14.2389784;-0.009571290575;1.545763373;-2.287538528;14.24697163;0.007941242307;0.1226311028;-0.4864010811;4
14.24108017;-0.1292124242;1.560120344;-2.306680918;14.2490734;-0.03604102135;0.104305163;-0.4754055142;4
14.24318199;-0.2297109663;1.579262972;-2.364108801;14.25117522;-0.07880155742;0.08353576064;-0.4619664848;4
14.24528376;-0.3302095234;1.627119422;-2.368894339;14.25327699;-0.1264490038;0.07131846249;-0.4497492015;4
14.24738559;-0.4163511395;1.674975872;-2.411965132;14.25537881;-0.1704312712;0.05665770918;-0.4387536347;4
14.24948736;-0.4354937077;1.751546144;-2.416750908;14.25748064;-0.2168570012;0.04077522457;-0.4253146052;4
14.25158918;-0.4498506486;1.847259045;-2.426322222;14.25958241;-0.2596175373;0.02367101051;-0.413097322;4
14.25369095;-0.4019941986;1.923829436;-2.392822742;14.26168418;-0.3023780584;0.009010255337;-0.404545188;4
14.25579277;-0.3637090325;2.005185366;-2.349751949;14.263786;-0.347582072;-0.0007635809598;-0.3972148299;4
14.2578946;-0.2967100143;2.057827473;-2.297109842;14.26588777;-0.3866774142;-0.008093958721;-0.3911061883;4
14.25999637;-0.2201396823;2.100898266;-2.234896421;14.2679896;-0.4245510101;-0.01542433538;-0.3862192631;4
14.26209814;-0.1387837082;2.134397745;-2.196611166;14.27009142;-0.4648680985;-0.02153298259;-0.3825540543;4
14.26419996;-0.06221338734;2.167897224;-2.120040894;14.27219319;-0.4990765154;-0.02397644334;-0.3764454126;4
14.26630173;-0.0239282269;2.177468538;-1.995614052;14.27429496;-0.535728395;-0.02764163166;-0.3715584874;4
14.26840355;-0.0143569354;2.129612207;-1.875972986;14.27639678;-0.5711585879;-0.02641990222;-0.366671592;4
14.27050538;-0.04785645381;2.081755638;-1.756331801;14.27849861;-0.6053670049;-0.02886336111;-0.3617846668;4
14.27260715;-0.1052841991;2.048256159;-1.641476393;14.28060038;-0.6383537054;-0.02764163166;-0.3593412042;4
14.27470892;-0.1100698411;1.995614052;-1.50269258;14.2827022;-0.6664534807;-0.03008509055;-0.3568977416;4
14.27681074;-0.07178468257;1.928615093;-1.378265858;14.28480397;-0.6921098232;-0.02519817278;-0.3544542789;4
14.27891256;-0.004785645287;1.856830359;-1.229910851;14.28690579;-0.7189878225;-0.02519817278;-0.3544542789;4
14.28101434;0.01914258115;1.808973908;-1.057627559;14.28900756;-0.7434224486;-0.02397644334;-0.3556760252;4
14.28311616;0.05264209956;1.780260086;-0.890130043;14.29110939;-0.7605266571;-0.02397644334;-0.3568977416;4
14.28521793;0.0765703246;1.756331801;-0.6891329288;14.29321116;-0.7776308656;-0.02641990222;-0.3593412042;4
14.28731975;0.1052841991;1.727617979;-0.4785645306;14.29531298;-0.7935133576;-0.02886336111;-0.3642281294;4
14.28942152;0.1674975902;1.713261008;-0.2632105052;14.29741475;-0.8032872081;-0.02886336111;-0.370336771;4
14.29152335;0.2440679073;1.689332843;-0.04785645381;14.29951658;-0.8106175661;-0.03130681813;-0.37400195;4
14.29362512;0.3302095234;1.679761529;0.1818545163;14.3016184;-0.8179479241;-0.02886336111;-0.3801106215;4
14.29572694;0.4211367965;1.674975872;0.4019941986;14.30372017;-0.8191696405;-0.02397644334;-0.3837758005;4
14.29782871;0.4929214716;1.679761529;0.5742774606;14.30582199;-0.8191696405;-0.0190895237;-0.3898844421;4
14.29993053;0.5455635786;1.694118381;0.7657032609;14.30792376;-0.8142827749;-0.01175914705;-0.3959930837;4
14.30203236;0.5838487148;1.722832322;0.9140582681;14.31002559;-0.8081740737;0.0016798781;-0.4008800089;4
14.30413413;0.626919508;1.751546144;1.100698471;14.31212736;-0.8020654321;0.01634063199;-0.4069886506;4
14.30623595;0.6843472719;1.770688772;1.268195987;14.31422918;-0.794735074;0.03466657549;-0.413097322;4
14.30833772;0.7226324677;1.780260086;1.426122308;14.316331;-0.787404716;0.05787943676;-0.4216494262;4
14.31043954;0.760917604;1.789831281;1.574477315;14.31843277;-0.7776308656;0.07864884287;-0.4277580678;4
14.31254131;0.784845829;1.804188251;1.713261008;14.32053454;-0.7678570151;0.09575305134;-0.4375318885;4
14.31464314;0.8279166222;1.804188251;1.866401672;14.32263637;-0.7605266571;0.1079703495;-0.4448622763;4
14.31674496;0.8518448472;1.799402595;1.942971945;14.32473814;-0.7544180155;0.117744185;-0.4534143806;4
14.31884673;0.8757730722;1.804188251;2.043470621;14.32683996;-0.7458658814;0.1226311028;-0.4656316638;4
14.3209485;0.8709874153;1.794616938;2.129612207;14.32894178;-0.744644165;0.1226311028;-0.4802924395;4
14.32305032;0.8709874153;1.775474429;2.191825628;14.33104355;-0.7397572398;0.1140789986;-0.4925097227;4
14.3251521;0.8709874153;1.741974831;2.234896421;14.33314538;-0.7409789562;0.1006399691;-0.5071704984;4
14.32725392;0.8518448472;1.698904037;2.254039049;14.33524715;-0.7434224486;0.08109229803;-0.5230529904;4
14.32935574;0.837487936;1.694118381;2.258824587;14.33734897;-0.7507528067;0.05787943676;-0.5364919901;4
14.33145751;0.8087740541;1.660618901;2.220539331;14.33945074;-0.7593049407;0.03100138716;-0.5511527658;4
14.33355934;0.760917604;1.655833244;2.187039852;14.34155256;-0.7703005075;0.005345067009;-0.5621483326;4
14.33566111;0.7274180651;1.627119422;2.148754835;14.34365434;-0.7861829996;-0.02764163166;-0.5743656158;4
14.33776293;0.6747759581;1.588834286;2.105684042;14.34575616;-0.8045089245;-0.05696314201;-0.5853611827;4
14.3398647;0.5886343718;1.579262972;2.043470621;14.34785793;-0.8252783418;-0.08750637621;-0.5963567495;4
14.34196652;0.4833501875;1.579262972;1.9812572;14.34995975;-0.8509346247;-0.1131627038;-0.6097957492;4
14.34406829;0.4307080805;1.555334687;1.909472466;14.35206152;-0.8814778924;-0.138819024;-0.6195695996;4
14.34617012;0.4163511395;1.526620865;1.789831281;14.35416335;-0.9132428169;-0.158366695;-0.6293434501;4
14.34827189;0.3445664644;1.493121386;1.674975872;14.35626512;-0.9486730099;-0.1828012913;-0.6366738081;4
14.35037371;0.2727817893;1.478764415;1.569691658;14.35836694;-0.9853248596;-0.2023489624;-0.6415607333;4
14.35247548;0.2201396823;1.488335729;1.459621787;14.36046871;-1.023198485;-0.2218966335;-0.6476693749;4
14.3545773;0.1244267747;1.50269258;1.397408366;14.36257053;-1.065959096;-0.2402225733;-0.6501128674;4
14.35667908;0.08614161611;1.497906923;1.339980721;14.36467236;-1.109941363;-0.2573267817;-0.6513345838;4
14.3587809;0.0143569354;1.50269258;1.31126678;14.36677413;-1.150258422;-0.2683223486;-0.6501128674;4
14.36088267;-0.04785645381;1.488335729;1.306481123;14.36887595;-1.194240689;-0.278096199;-0.6464476585;4
14.36298449;-0.09571290761;1.483550072;1.339980721;14.37097772;-1.235779405;-0.2829830945;-0.6403390169;4
14.36508631;-0.1531406492;1.435693622;1.387837172;14.37307954;-1.280983448;-0.2866483033;-0.6305651665;4
14.36718808;-0.2105683982;1.387837172;1.459621787;14.37518131;-1.318857074;-0.2878700197;-0.6171261668;4
14.36928991;-0.2919243574;1.349551916;1.603191137;14.37728314;-1.353065491;-0.2793179154;-0.6024653912;4
14.37139168;-0.3780659735;1.277767301;1.737189293;14.37938491;-1.390939116;-0.2646571696;-0.5841394663;4
14.3734935;-0.5072783828;1.272981644;1.895115495;14.38148673;-1.422704101;-0.2463312149;-0.5621483326;4
14.37559527;-0.6412764788;1.220339537;2.053041935;14.3835885;-1.4495821;-0.2218966335;-0.5389354229;4
14.3776971;-0.760917604;1.191625714;2.201396942;14.38569032;-1.474016666;-0.1876882017;-0.5145008564;4
14.37979887;-0.8709874153;1.153340459;2.378465652;14.38779215;-1.4960078;-0.1485928595;-0.4876227975;4
14.38190069;-0.9667003751;1.081555843;2.560320139;14.38989392;-1.514333844;-0.1033888608;-0.463188231;4
14.38400246;-1.043270707;1.033699393;2.708675146;14.39199574;-1.526551127;-0.05818486959;-0.4363101721;4
14.38610428;-1.11984098;0.9762716293;2.938386202;14.39409751;-1.535103202;-0.009315688163;-0.4106538594;4
14.38820611;-1.191625714;0.8997012973;3.115455151;14.39619934;-1.539990067;0.04321868345;-0.3837758005;4
14.39030788;-1.268195987;0.8039883971;3.302095175;14.39830111;-1.542433619;0.09941824526;-0.3605629504;4
14.3924097;-1.330409408;0.70348984;3.503092289;14.40040293;-1.542433619;0.1531743407;-0.3349066079;4
14.39451147;-1.383051515;0.6125625968;3.670589924;14.4025047;-1.541211843;0.2105956376;-0.3092502952;4
14.39661329;-1.426122308;0.5216353536;3.871587038;14.40460652;-1.533881426;0.2631300092;-0.2860374451;4
14.39871506;-1.478764415;0.4402793646;4.024727821;14.40670829;-1.52899456;0.3144426346;-0.266489774;4
14.40081689;-1.50269258;0.3589234054;4.168296814;14.40881012;-1.520442486;0.358424902;-0.2457203567;4
14.40291866;-1.545763373;0.3062812984;4.335794449;14.41091194;-1.510668635;0.3938550651;-0.2286161482;4
14.40502048;-1.59840548;0.2392822653;4.527220249;14.41301371;-1.500894785;0.4268417656;-0.2115119249;4
14.40712225;-1.670190215;0.1818545163;4.723432064;14.41511553;-1.49234271;0.4524980783;-0.1956294477;4
14.40922408;-1.722832322;0.1387837082;4.948357105;14.4172173;-1.48256886;0.4683805704;-0.1834121495;4
14.4113259;-1.780260086;0.06699903309;5.134997368;14.41931913;-1.47279501;0.4732674956;-0.173638314;4
14.41342767;-1.823330879;0.08614161611;5.355136871;14.4214209;-1.463021159;0.4683805704;-0.1663079411;4
14.41552949;-1.818545222;0.1004985496;5.546562672;14.42352272;-1.455690742;0.454941541;-0.1589775532;4
14.41763126;-1.799402595;0.1292124242;5.718846321;14.42562449;-1.4495821;0.4353938699;-0.1553123742;4
14.41973308;-1.761117458;0.1674975902;5.881557941;14.42772631;-1.445916891;0.408515811;-0.1540906429;4
14.42183486;-1.679761529;0.2201396823;6.020341873;14.42982808;-1.442251801;0.374307394;-0.1540906429;4
14.42393668;-1.574477315;0.2679961324;6.1399827;14.43192991;-1.443473458;0.3315468729;-0.1577558219;4
14.42603845;-1.473978758;0.3206382394;6.211767673;14.43403168;-1.448360443;0.2826776803;-0.1614210159;4
14.42814027;-1.378265858;0.3589234054;6.326622963;14.4361335;-1.453247309;0.2313650399;-0.1675296724;4
14.43024204;-1.287338614;0.4163511395;6.379265308;14.43823527;-1.461799383;0.1715002805;-0.1760817766;4
14.43234387;-1.201196909;0.4546363056;6.436692715;14.4403371;-1.471573234;0.1104138121;-0.1834121495;4
14.43444564;-1.13419795;0.4833501875;6.479763508;14.44243887;-1.485012293;0.04810560122;-0.1931859851;4
14.43654746;-1.076770186;0.5168496966;6.532405853;14.44454069;-1.500894785;-0.01664606482;-0.2041815519;4
14.43864923;-1.019342422;0.5647061467;6.551548481;14.44664251;-1.520442486;-0.08017600328;-0.2163988501;4
14.44075105;-0.9475577474;0.6029912829;6.613761902;14.44874434;-1.543655276;-0.138819024;-0.2286161482;4
14.44285283;-0.8853443861;0.6460621357;6.589833736;14.45084611;-1.569311619;-0.1962403059;-0.2420551628;4
14.44495465;-0.8087740541;0.6699903607;6.575476646;14.45294788;-1.596189618;-0.2414443046;-0.2567159235;4
14.44705647;-0.7417750359;0.6939185858;6.532405853;14.4550497;-1.623067737;-0.2842048407;-0.270154953;4
14.44915829;-0.6747759581;0.7274180651;6.451049805;14.45715152;-1.653610945;-0.3135263622;-0.2811505198;4
14.45126006;-0.6221339107;0.7704889178;6.350551128;14.45925329;-1.686597705;-0.3391826749;-0.2884808779;4
14.45336184;-0.5886343718;0.784845829;6.254838467;14.46135512;-1.719584346;-0.3513999581;-0.2933678031;4
14.45546366;-0.6077769399;0.7896314859;6.15433979;14.46345689;-1.753792763;-0.358730346;-0.2945895493;4
14.45756548;-0.6604190469;0.7896314859;6.082555294;14.46555871;-1.786779523;-0.358730346;-0.2884808779;4
14.45966725;-0.7274180651;0.7752745152;6.058627129;14.46766048;-1.818544507;-0.355065167;-0.2762635946;4
14.46176908;-0.8422735929;0.7513462901;6.039484501;14.4697623;-1.847865939;-0.3440696001;-0.2603811026;4
14.46387084;-0.9667003751;0.7226324677;6.053841114;14.47186408;-1.87718749;-0.3208567202;-0.2396117151;4
14.46597267;-1.110269666;0.708275497;6.096911907;14.4739659;-1.902843833;-0.2903134823;-0.2139553875;4
14.46807444;-1.253839016;0.6939185858;6.187839508;14.47606772;-1.926056623;-0.2597702444;-0.1846338809;4
14.47017626;-1.430907965;0.6747759581;6.259624004;14.47816949;-1.945604324;-0.2170097083;-0.1528689116;4
14.47227803;-1.59840548;0.6556333899;6.374479294;14.48027131;-1.96026504;-0.1718057245;-0.1186604798;4
14.47437986;-1.761117458;0.6125625968;6.508477688;14.48237308;-1.970038891;-0.1253799945;-0.08200860023;4
14.47648168;-1.895115495;0.5934200287;6.68076086;14.48447491;-1.977369308;-0.07651081681;-0.04413498193;4
14.47858345;-2.000399828;0.5742774606;6.876972198;14.48657668;-1.979812741;-0.02764163166;-0.005039634649;4
14.48068527;-2.100898266;0.5647061467;7.164111137;14.4886785;-1.974925876;0.02122755162;0.03649916872;4
14.48278704;-2.196611166;0.5551348329;7.441678524;14.49078027;-1.967595458;0.06887500733;0.07681624591;4
14.48488887;-2.268395901;0.5503492355;7.733603001;14.4928821;-1.952934742;0.1140789986;0.1146898642;4
14.48699064;-2.325823545;0.5407779217;8.030312538;14.49498387;-1.932165265;0.1605047137;0.1513417512;4
14.48909246;-2.368894339;0.5455635786;8.365307808;14.49708569;-1.910174131;0.200821802;0.1867718995;4
14.49119423;-2.388036966;0.5312066078;8.681160927;14.49918746;-1.886961341;0.235030219;0.2197586;4
14.49329605;-2.421536446;0.5455635786;8.97308445;14.50128928;-1.858861566;0.2631300092;0.2490801066;4
14.49539783;-2.431107759;0.5407779217;9.198010445;14.50339111;-1.835648656;0.2838993967;0.2735147178;4
14.49749965;-2.416750908;0.5599204898;9.41336441;14.50549288;-1.811214089;0.2973384261;0.2967275679;4
14.49960142;-2.39760828;0.5647061467;9.600004196;14.5075947;-1.785557747;0.3034470677;0.3150535226;4
14.50170324;-2.368894339;0.5312066078;9.753145218;14.50969647;-1.763566613;0.3022253513;0.3321577311;4
14.50380506;-2.335394859;0.5312066078;9.863214493;14.51179829;-1.748905897;0.2900080681;0.3455967605;4
14.50590684;-2.273181438;0.5312066078;9.973284721;14.51390006;-1.733023405;0.2729038298;0.3553705812;4
14.50800866;-2.234896421;0.4881358147;10.02114105;14.51600189;-1.723249555;0.2448040545;0.3614792228;4
14.51011043;-2.177468538;0.4737788737;10.07856941;14.51810371;-1.722027779;0.2081521749;0.3651444316;4
14.51221225;-2.115255117;0.4689932466;10.08335495;14.52020548;-1.725692987;0.1702785641;0.3675878942;4
14.51431402;-2.053041935;0.4594219327;10.06899738;14.5223073;-1.734245062;0.1214093715;0.366366148;4
14.51641585;-1.9812572;0.3972085714;10.04985523;14.52440908;-1.750127554;0.0725401938;0.366366148;4
14.51851767;-1.890329838;0.3589234054;10.01156998;14.5265109;-1.767231822;0.02122755162;0.3614792228;4
14.52061944;-1.804188251;0.3158525825;9.992427826;14.52861267;-1.789222956;-0.03130681813;0.3553705812;4
14.52272126;-1.694118381;0.2344966233;9.968499184;14.53071449;-1.816100955;-0.08872810751;0.3492619395;4
14.52482303;-1.545763373;0.1722832322;9.978070259;14.53281631;-1.84420073;-0.142484203;0.3394880891;4
14.52692486;-1.378265858;0.1292124242;9.968499184;14.53491809;-1.872300506;-0.1913533956;0.3297142684;4
14.52902663;-1.234696507;0.07178468257;9.987641335;14.53701991;-1.905287266;-0.2377791107;0.3150535226;4
14.53112845;-1.052842021;0.009571290575;9.997213364;14.53912168;-1.934608698;-0.2842048407;0.3028362095;4
14.53323027;-0.8997012973;-0.04307080805;10.01156998;14.5412235;-1.966373682;-0.3245218992;0.2869537175;4
14.53533204;-0.760917604;-0.09571290761;10.03549862;14.54332527;-1.995695233;-0.358730346;0.2710712552;4
14.53743387;-0.6125625968;-0.1435693651;10.1024971;14.5454271;-2.022573233;-0.3880518377;0.2564104795;4
14.53953564;-0.4929214716;-0.1914258152;10.18385315;14.54752887;-2.048229694;-0.408821255;0.2405280024;4
14.54163746;-0.3684946895;-0.2440679073;10.25563812;14.54963069;-2.071442366;-0.4259254634;0.2258672565;4
14.54373923;-0.2871387303;-0.2919243574;10.3657074;14.55173251;-2.092211962;-0.4332558513;0.2112064958;4
14.54584105;-0.1818545163;-0.3541377485;10.49491978;14.55383428;-2.108094454;-0.4369210303;0.1977674663;4
14.54794283;-0.1004985496;-0.3732803464;10.66241741;14.55593605;-2.121533394;-0.4332558513;0.1867718995;4
14.55004465;-0.0239282269;-0.4067798555;10.83948612;14.55803788;-2.128863811;-0.4234820008;0.1806632578;4
14.55214647;0.0382851623;-0.4594219327;11.03569794;14.5601397;-2.130085468;-0.4027126133;0.1745546162;4
14.55424824;0.06699903309;-0.5024927258;11.2510519;14.56224147;-2.126420259;-0.3807214797;0.1721111536;4
14.55635001;0.1100698411;-0.5455635786;11.48076344;14.56434329;-2.120311737;-0.3452913165;0.1757763475;4
14.55845184;0.1100698411;-0.5982056856;11.71047401;14.56644506;-2.110537767;-0.3049742281;0.1806632578;4
14.56055366;0.1148554832;-0.626919508;11.91147137;14.56854689;-2.095877171;-0.2573267817;0.1879936308;4
14.56265543;0.1244267747;-0.650847733;12.10768223;14.57064866;-2.078772783;-0.2011272311;0.1965457499;4
14.56475725;0.1339980662;-0.679561615;12.29910851;14.57275048;-2.055559874;-0.1363755614;0.2075413018;4
14.56685902;0.1770688742;-0.6987041831;12.45703506;14.57485225;-2.026238441;-0.06185005978;0.2136499584;4
14.56896085;0.2249253243;-0.7178468108;12.59581852;14.57695408;-1.994473457;0.02122755162;0.2222020626;4
14.57106262;0.2632105052;-0.7369893789;12.72024536;14.57905585;-1.96026504;0.111635536;0.2295324355;4
14.57316444;0.2919243574;-0.7513462901;12.89252853;14.58115767;-1.924834967;0.2032652497;0.2368628234;4
14.57526621;0.2919243574;-0.732203722;13.01695538;14.58325949;-1.885739565;0.2912297845;0.2441931963;4
14.57736803;0.2153540403;-0.7369893789;13.11745358;14.58536126;-1.849087715;0.3791943192;0.2527453005;4
14.5794698;0.1148554832;-0.7130611539;13.30409431;14.58746309;-1.812435746;0.45860672;0.2600756884;4
14.58157163;-0.03349951655;-0.6460621357;13.47159195;14.58956486;-1.778227329;0.5319104791;0.269849509;4
14.58367345;-0.2057827413;-0.6029912829;13.60080433;14.59166668;-1.745240688;0.5929969549;0.2808450758;4
14.58577522;-0.3876372576;-0.5455635786;13.63430309;14.5937685;-1.71836257;0.6455313563;0.2930623889;4
14.58787704;-0.5551348329;-0.4450650215;13.69173145;14.59587027;-1.695149779;0.6907353401;0.3065013885;4
14.58997881;-0.6939185858;-0.3732803464;13.73480225;14.59797204;-1.67193687;0.7225003242;0.3211621642;4
14.59208064;-0.7704889178;-0.2919243574;13.7539444;14.60007387;-1.654832721;0.751821816;0.3382663727;4
14.59418246;-0.8614161611;-0.2584248483;13.76351547;14.60217569;-1.641393661;0.7750346661;0.3553705812;4
14.59628423;-0.9619147182;-0.2153540403;13.76830196;14.60427746;-1.629176378;0.7884737253;0.3712530732;4
14.598386;-1.033699393;-0.1866401732;13.7539444;14.60637928;-1.623067737;0.7970257998;0.3859138191;4
14.60048782;-1.129412293;-0.1770688742;13.74915886;14.60848105;-1.615737319;0.7945823669;0.4017963111;4
14.60258965;-1.186840057;-0.1674975902;13.74437332;14.61058288;-1.609628677;0.7933606505;0.4152353406;4
14.60469142;-1.253839016;-0.1627119333;13.76830196;14.61268465;-1.607185245;0.7799215913;0.4286743701;4
14.60679324;-1.306481123;-0.1866401732;13.76351547;14.61478647;-1.604741812;0.7652608752;0.4396699369;4
14.60889501;-1.35912323;-0.2105683982;13.79222965;14.61688824;-1.603520036;0.7432697415;0.4470002949;4
14.61099684;-1.387837172;-0.2392822653;13.8735857;14.61899006;-1.603520036;0.7139481902;0.4543306828;4
14.61309861;-1.426122308;-0.2919243574;13.95972729;14.62109189;-1.599854827;0.6760746241;0.4555523992;4
14.61520043;-1.383051515;-0.3349951804;14.05543995;14.62319371;-1.59863317;0.6333140731;0.4543306828;4
14.6173022;-1.335195065;-0.3780659735;14.11286831;14.62529548;-1.597411394;0.5868883133;0.4506655037;4
14.61940402;-1.268195987;-0.4115654826;14.23250866;14.62739725;-1.596189618;0.5331322551;0.4421133697;4
14.62150585;-1.148554921;-0.4546363056;14.32343674;14.62949908;-1.59863317;0.4805978537;0.4323395491;4
14.62360767;-1.014556766;-0.4929214716;14.40479279;14.6316009;-1.59863317;0.428063482;0.4189005196;4
14.62570944;-0.8853443861;-0.5407779217;14.42393494;14.63370267;-1.60229826;0.3767508566;0.4005745649;4
14.62781121;-0.7369893789;-0.6077769399;14.42872047;14.63580449;-1.607185245;0.327881664;0.3798051775;4
14.62991303;-0.5934200287;-0.6604190469;14.37607861;14.63790626;-1.613293886;0.2838993967;0.3578140438;4
14.63201486;-0.4211367965;-0.70348984;14.28515148;14.64000809;-1.624289393;0.2423606068;0.3358229101;4
14.63411663;-0.2536391914;-0.7752745152;14.20858097;14.64210986;-1.634063244;0.2020435184;0.31261006;4
14.63621845;-0.07178468257;-0.8087740541;14.16072464;14.64421168;-1.640171885;0.161726445;0.2906189263;4
14.63832022;0.08135596663;-0.8231309652;14.14158154;14.6463135;-1.652389288;0.1238528341;0.26618433;4
14.64042204;0.2392822653;-0.8709874153;14.16072464;14.64841527;-1.663384795;0.08720094711;0.2441931963;4
14.64252381;0.3924229145;-0.890130043;14.25165176;14.6505171;-1.669493437;0.0542142503;0.2185368687;4
14.64462564;0.5312066078;-0.9236295223;14.37129307;14.65261887;-1.675602078;0.02611446939;0.1941022873;4
14.64672746;0.6652047038;-0.9379864931;14.50529099;14.65472064;-1.679267287;0.0004581485991;0.169667691;4
14.64882923;0.7704889178;-0.9810572863;14.64885998;14.65682246;-1.679267287;-0.02275471389;0.1440113783;4
14.65093105;0.866201818;-1.019342422;14.81157207;14.65892428;-1.673158646;-0.04108065739;0.1183550507;4
14.65303282;0.9140582681;-1.071984529;14.94556999;14.66102605;-1.665828228;-0.05696314201;0.09392046183;4
14.6551346;0.94277215;-1.153340459;15.10349655;14.66312788;-1.651167512;-0.06307178736;0.07070759684;4
14.65723642;0.9092726111;-1.239482164;15.32363605;14.66522965;-1.629176378;-0.06673697382;0.04871646687;4
14.65933824;0.866201818;-1.292124271;15.53420448;14.66733147;-1.604741812;-0.06551524997;0.02794706449;4
14.66144001;0.8231309652;-1.344766378;15.74955845;14.66943329;-1.572976828;-0.05329795182;0.008399390616;4
14.66354184;0.7704889178;-1.363908887;15.98884106;14.67153506;-1.533881426;-0.03863719851;-0.007483093534;4
14.66564361;0.7274180651;-1.373480201;16.28555107;14.67363689;-1.49234271;-0.01786779426;-0.02336557768;4
14.66774543;0.6987041831;-1.344766378;16.52961922;14.67573866;-1.443473458;0.0126754446;-0.03802633286;4
14.66984725;0.6843472719;-1.325623751;16.7784729;14.67784048;-1.388495684;0.04444041103;-0.05146535859;4
14.67194902;0.6604190469;-1.301695466;17.02254105;14.67994225;-1.332296133;0.08353576064;-0.06490438432;4
14.67405085;0.6460621357;-1.292124271;17.17568016;14.68204408;-1.272431374;0.1226311028;-0.07589995116;4
14.67615262;0.6317051649;-1.26341033;17.31446457;14.68414585;-1.213788271;0.1629481763;-0.08445205539;4
14.67825444;0.6077769399;-1.253839016;17.43410492;14.68624767;-1.151480079;0.1996000707;-0.09422589093;4
14.68035621;0.5694918036;-1.220339537;17.45803452;14.68834944;-1.091615319;0.2313650399;-0.10033454;4
14.68245803;0.4977070987;-1.1820544;17.47717667;14.69045126;-1.034194112;0.258243084;-0.1064431891;4
14.6845598;0.3972085714;-1.158126116;17.46760559;14.69255308;-0.9816597104;0.2765690386;-0.1101083755;4
14.68666163;0.2823530734;-1.124626637;17.40539169;14.69465486;-0.9315688014;0.2924515009;-0.113773562;4
14.6887634;0.1483550072;-1.081555843;17.29532242;14.69675668;-0.887586534;0.3022253513;-0.113773562;4
14.69086522;0.0382851623;-1.019342422;17.15175247;14.69885845;-0.8460476995;0.3107774556;-0.1149952933;4
14.69296704;-0.05742774159;-0.9762716293;16.98425484;14.70096027;-0.8093958497;0.3168860972;-0.1162170246;4
14.69506881;-0.1674975902;-0.94277215;16.75933075;14.7030621;-0.7776308656;0.3229947388;-0.1174387559;4
14.69717064;-0.2536391914;-0.9140582681;16.52961922;14.70516387;-0.7519745231;0.324216485;-0.1149952933;4
14.69927241;-0.3397808075;-0.8614161611;16.29512215;14.70726564;-0.7312051654;0.3254382014;-0.1125518382;4
14.70137423;-0.4259224236;-0.7800601721;16.10369682;14.70936746;-0.7177661061;0.320551306;-0.1076649204;4
14.70347605;-0.5359922647;-0.7226324677;15.86441422;14.71146928;-0.7067705393;0.3156643808;-0.10033454;4
14.70557782;-0.708275497;-0.6364908218;15.62991714;14.71357105;-0.7067705393;0.3022253513;-0.09056070447;4
14.7076796;-0.8757730722;-0.5503492355;15.39063549;14.71567288;-0.7043271065;0.2863428593;-0.07956513762;4
14.70978142;-1.057627559;-0.4546363056;15.17049599;14.71777465;-0.7067705393;0.2680169344;-0.06612611562;4
14.71188324;-1.1820544;-0.3493520916;14.95035553;14.71987647;-0.7116574645;0.2448040545;-0.05146535859;4
14.71398501;-1.292124271;-0.2775674164;14.75893021;14.72197824;-0.7189878225;0.2179260105;-0.03680460155;4
14.71608684;-1.411765337;-0.1770688742;14.62971783;14.72408006;-0.7263182402;0.1837175786;-0.01970038936;4
14.71818861;-1.517049551;-0.0765703246;14.52443314;14.72618189;-0.7312051654;0.1531743407;-0.002596175298;4
14.72029043;-1.579262972;0.009571290575;14.48614788;14.72828366;-0.7409789562;0.1165224537;0.0157297682;4
14.7223922;-1.670190215;0.09571290761;14.45264912;14.73038548;-0.7483093739;0.08109229803;0.03283398226;4
14.72449402;-1.713261008;0.1674975902;14.42393494;14.73248725;-0.7580831647;0.04444041103;0.04993819445;4
14.72659584;-1.708475351;0.2392822653;14.39522076;14.73458908;-0.7666352987;0.004123337101;0.06582067907;4
14.72869762;-1.674975872;0.2823530734;14.33300781;14.73669084;-0.7764091492;-0.03130681813;0.08292489499;4
14.73079944;-1.617548108;0.2967100143;14.32343674;14.73879267;-0.7886264324;-0.06795870513;0.1012508348;4
14.73290121;-1.564906001;0.3349951804;14.27557945;14.74089449;-0.7996219993;-0.1033888608;0.1183550507;4
14.73500303;-1.507478237;0.3541377485;14.22772312;14.74299626;-0.8142827749;-0.131488651;0.1366809905;4
14.7371048;-1.464407444;0.3349951804;14.16072464;14.74509808;-0.8252783418;-0.1547015011;0.1550069451;4
14.73920663;-1.402194023;0.2967100143;14.12243938;14.74719986;-0.8362739086;-0.1730274558;0.1721111536;4
14.74130845;-1.344766378;0.2823530734;14.0937252;14.74930168;-0.8497129083;-0.1864664704;0.1904370934;4
14.74341022;-1.26341033;0.2632105052;14.04586887;14.75140345;-0.8582650423;-0.188909933;0.2075413018;4
14.74551204;-1.186840057;0.2440679073;14.05065441;14.75350527;-0.8619301915;-0.1901316643;0.2234237939;4
14.74761381;-1.0863415;0.2201396823;14.05065441;14.75560704;-0.8668171167;-0.1828012913;0.2380845547;4
14.74971564;-0.9523434043;0.2105683982;14.14158154;14.75770887;-0.8655954003;-0.1730274558;0.2515235841;4
14.75181741;-0.8039883971;0.1818545163;14.17986679;14.75981069;-0.8619301915;-0.1644753367;0.2600756884;4
14.75391923;-0.6652047038;0.1435693651;14.30429363;14.76191246;-0.8558215499;-0.1473711282;0.2710712552;4
14.756021;-0.4929214716;0.09571290761;14.36650753;14.76401428;-0.8497129083;-0.1339320987;0.2771798968;4
14.75812283;-0.3206382394;0.03349951655;14.45264912;14.76611605;-0.8387173414;-0.1168278903;0.2796233594;4
14.76022465;-0.1722832322;-0.0382851623;14.55314732;14.76821788;-0.8265000582;-0.1009454057;0.2808450758;4
14.76232642;0.0;-0.1196411327;14.61057472;14.77031965;-0.8106175661;-0.08506292105;0.2796233594;4
14.76442824;0.1579262912;-0.1866401732;14.65843105;14.77242147;-0.7935133576;-0.07040216774;0.2771798968;4
14.76653001;0.3014956415;-0.2488535494;14.69671631;14.77452324;-0.7739656568;-0.0557414107;0.2735147178;4
14.76863184;0.4450650215;-0.3158525825;14.77328682;14.77662506;-0.7580831647;-0.04230238497;0.269849509;4
14.77073361;0.5838487148;-0.3828516304;14.83071518;14.77872689;-0.7409789562;-0.02641990222;0.2637408674;4
14.77283543;0.6652047038;-0.4163511395;14.88814259;14.78082866;-0.7275399566;-0.01420260593;0.2612974048;4
14.7749372;0.732203722;-0.4211367965;14.93121338;14.78293048;-0.7189878225;0.0004581485991;0.2576322258;4
14.77703902;0.7944171429;-0.4067798555;14.93121338;14.78503225;-0.7079922557;0.0175623633;0.2551887631;4
14.77914084;0.8231309652;-0.4019941986;14.92642784;14.78713408;-0.6969966888;0.02977965772;0.2527453005;4
14.78124262;0.8231309652;-0.3780659735;14.91685677;14.78923584;-0.6884446144;0.03955349326;0.2503018379;4
14.78334444;0.8853443861;-0.3589234054;15.05085468;14.79133767;-0.6823359728;0.05543597788;0.2490801066;4
14.78544621;0.9906286001;-0.3254238665;15.20878029;14.79343949;-0.6737838387;0.06643154472;0.2490801066;4
14.78754803;1.043270707;-0.3254238665;15.26620865;14.79554126;-0.6652317643;0.07864884287;0.2503018379;4
14.7896498;1.062413216;-0.3206382394;15.33799362;14.79764308;-0.6554579139;0.08720094711;0.2527453005;4
14.79175163;1.067198873;-0.3062812984;15.46241951;14.79974486;-0.6407971382;0.09208786488;0.2539670467;4
14.79385345;1.071984529;-0.2823530734;15.57248974;14.80184668;-0.6236929297;0.09208786488;0.2551887631;4
14.79595522;1.091127157;-0.2727817893;15.71127319;14.80394845;-0.6053670049;0.09086613357;0.2564104795;4
14.79805704;1.11984098;-0.2775674164;15.8883419;14.80605027;-0.5809323788;0.0847574845;0.2564104795;4
14.80015881;1.186840057;-0.2727817893;16.051054;14.80815204;-0.5552760959;0.08109229803;0.2576322258;4
14.80226064;1.229910851;-0.3110669553;16.25205231;14.81025387;-0.5247328281;0.07864884287;0.2564104795;4
14.80436241;1.287338614;-0.3445664644;16.47697639;14.81235564;-0.4954113364;0.0725401938;0.2527453005;4
14.80646423;1.349551916;-0.3732803464;16.68276024;14.81445746;-0.4563159943;0.07009673119;0.2490801066;4
14.808566;1.435693622;-0.4402793646;16.84068489;14.81655928;-0.4221075773;0.0725401938;0.2417497337;4
14.81066783;1.540977836;-0.4785645306;16.97468376;14.81866105;-0.3866774142;0.07498364896;0.2319758981;4
14.8127696;1.641476393;-0.5312066078;17.0799675;14.82076283;-0.3500255048;0.0847574845;0.2209803313;4
14.81487142;1.765903115;-0.5742774606;17.12782478;14.82286465;-0.3133736253;0.09575305134;0.2099847645;4
14.81697324;1.856830359;-0.6317051649;17.16610909;14.82496647;-0.2767217457;0.1140789986;0.1965457499;4
14.81907501;1.966900229;-0.6556333899;17.16132355;14.82706829;-0.2400698513;0.134848401;0.1794415265;4
14.82117678;2.0769701;-0.6987041831;17.16610909;14.82917006;-0.2034179717;0.1605047137;0.1635590494;4
14.82327861;2.187039852;-0.708275497;17.12303925;14.83127184;-0.1667660922;0.18493931;0.1452330947;4
14.82538043;2.282752752;-0.7274180651;17.06082535;14.83337366;-0.131335929;0.2081521749;0.1269071549;4
14.82748225;2.364108801;-0.732203722;17.02254105;14.83547543;-0.09590577334;0.2313650399;0.1085812151;4
14.82958402;2.402393818;-0.7465606928;16.97468376;14.83757725;-0.06047561392;0.2521344423;0.09025526792;4
14.83168579;2.421536446;-0.7513462901;16.88854218;14.83967908;-0.02871064469;0.2667951882;0.07070759684;4
14.83378762;2.459821701;-0.756131947;16.80718613;14.84178084;0.003054323839;0.277790755;0.04993819445;4
14.83588939;2.455035925;-0.7465606928;16.716259;14.84388267;0.03481929377;0.2887863219;0.03039052337;4
14.83799121;2.431107759;-0.7704889178;16.57747459;14.84598449;0.06414080411;0.2948949635;0.008399390616;4
14.84009303;2.392822742;-0.784845829;16.43390656;14.84808626;0.08979712427;0.2997818887;-0.01237001177;4
14.8421948;2.311466694;-0.8279166222;16.25683784;14.85018809;0.1166751757;0.2985601723;-0.03191768378;4
14.84429663;2.230110645;-0.8327022791;16.07976723;14.85228986;0.1398880333;0.2948949635;-0.05268708616;4
14.84639845;2.105684042;-0.8709874153;15.91705608;14.85439163;0.161879167;0.2900080681;-0.07101303339;4
14.84850022;1.952543259;-0.890130043;15.75912952;14.85649345;0.1838703007;0.2838993967;-0.086895518;4
14.85060204;1.794616938;-0.9284151793;15.58684635;14.85859527;0.2021962404;0.274125576;-0.1015562713;4
14.85270381;1.59840548;-0.9379864931;15.43370628;14.86069704;0.2205221802;0.2631300092;-0.1149952933;4
14.85480559;1.402194023;-0.9810572863;15.24706554;14.86279887;0.2400698513;0.2496909797;-0.1259908676;4
14.85690741;1.1820544;-1.009771109;15.0652113;14.86490069;0.2583957911;0.2325867712;-0.1345429718;4
14.85900923;0.9523434043;-1.057627559;14.9024992;14.86700246;0.2742782831;0.2142608166;-0.1406516135;4
14.861111;0.7178468108;-1.081555843;14.70150185;14.86910428;0.2926042378;0.1947131455;-0.1455385387;4
14.86321283;0.5024927258;-1.105484009;14.51007652;14.87120605;0.3097084463;0.1739437431;-0.1492037177;4
14.86531465;0.2727817893;-1.124626637;14.33779335;14.87330788;0.3255909383;0.1482874304;-0.1479819864;4
14.86741642;0.05264209956;-1.124626637;14.17029572;14.87540965;0.3426951468;0.1226311028;-0.14676027;4
14.86951824;-0.1339980662;-1.0863415;13.96929836;14.87751147;0.3597993553;0.09575305134;-0.1443168074;4
14.87162001;-0.2919243574;-1.091127157;13.81137276;14.87961324;0.3769035637;0.06520981342;-0.1369864196;4
14.87372184;-0.4498506486;-1.057627559;13.60558987;14.88171506;0.3927860558;0.03833176568;-0.1320995092;4
14.87582361;-0.5838487148;-1.03848505;13.41894913;14.88381689;0.4062250853;0.0126754446;-0.127212584;4
14.87792543;-0.6987041831;-1.000199914;13.18445301;14.88591866;0.4196641147;-0.008093958721;-0.1186604798;4
14.8800272;-0.784845829;-0.9906286001;12.95952702;14.88802043;0.4306596816;-0.02764163166;-0.1113301069;4
14.88212902;-0.866201818;-0.9667003751;12.67238903;14.89012225;0.4379900396;-0.04230238497;-0.1039997265;4
14.88423085;-0.9236295223;-0.9619147182;12.40439224;14.89222408;0.4404335022;-0.05451968312;-0.0978910774;4
14.88633262;-0.9714859724;-0.9379864931;12.11246777;14.8943259;0.4416552484;-0.06429351866;-0.09056070447;4
14.88843439;-0.9906286001;-0.9188438654;11.80140114;14.89642767;0.4392117858;-0.07528908551;-0.08323032409;4
14.89053621;-1.028913736;-0.8853443861;11.45683479;14.89852944;0.435546577;-0.08628465235;-0.07712167501;4
14.89263803;-1.028913736;-0.8757730722;11.14098263;14.90063126;0.4294379354;-0.09361502528;-0.06979130208;4
14.89473986;-1.024128079;-0.837487936;10.83948612;14.90273309;0.4208858311;-0.102167137;-0.06368265301;4
14.89684163;-1.004985452;-0.8327022791;10.55234814;14.90483486;0.4098902643;-0.1107192412;-0.05390881747;4
14.8989434;-1.009771109;-0.8087740541;10.29870892;14.90693668;0.3988946974;-0.1119409725;-0.0490218997;4
14.90104522;-0.9954141974;-0.7944171429;10.05464077;14.90903845;0.3891208768;-0.1119409725;-0.04291325063;4
14.90314704;-0.9954141974;-0.8087740541;9.829715729;14.91114027;0.3756818473;-0.1082757786;-0.03924806044;4
14.90524881;-1.014556766;-0.813559711;9.580862045;14.91324204;0.3659079969;-0.102167137;-0.03558287397;4
14.90735064;-1.000199914;-0.8518448472;9.375079155;14.91534387;0.351247251;-0.09605848789;-0.03191768378;4
14.90945241;-0.9810572863;-0.8757730722;9.20758152;14.91744569;0.3414734006;-0.08872810751;-0.03191768378;4
14.91155423;-0.9571290612;-0.8805587292;9.078369141;14.91954746;0.33169958;-0.08017600328;-0.03069595434;4
14.913656;-0.9236295223;-0.8949156404;8.944371223;14.92164928;0.3207040131;-0.06918043643;-0.03069595434;4
14.91575783;-0.8853443861;-0.8949156404;8.858229637;14.92375105;0.3097084463;-0.05696314201;-0.0294742249;4
14.91785965;-0.8566305041;-0.9188438654;8.762516975;14.92585288;0.301156342;-0.04718930274;-0.0294742249;4
14.91996142;-0.8231309652;-0.9379864931;8.657232285;14.92795465;0.2913824916;-0.03619373962;-0.02825249545;4
14.92206324;-0.8087740541;-0.9619147182;8.566305161;14.93005647;0.2828303874;-0.02397644334;-0.02580903657;4
14.92416501;-0.8039883971;-0.9810572863;8.480163574;14.93215829;0.2730565667;-0.01298087649;-0.02214384824;4
14.92626684;-0.8087740541;-1.024128079;8.413164139;14.93426006;0.2657261789;0.0004581485991;-0.01847865991;4
14.92836861;-0.8422735929;-1.048056364;8.346165657;14.93636189;0.2596175373;0.01389717404;-0.01237001177;4
14.93047043;-0.8614161611;-1.095912814;8.250452042;14.93846366;0.2535088956;0.03222311661;-0.003817904973;4
14.93257225;-0.9140582681;-1.138983607;8.245666504;14.94056548;0.2486219704;0.05299251899;0.004734201822;4
14.93467402;-0.9762716293;-1.205982566;8.188239098;14.94266725;0.2461785078;0.07620538026;0.0157297682;4
14.93677585;-1.028913736;-1.249053478;8.18345356;14.94476908;0.2437350452;0.09941824526;0.02550360374;4
14.93887762;-1.091127157;-1.31126678;8.178668022;14.94687085;0.2425133139;0.117744185;0.03649916872;4
14.94097944;-1.138983607;-1.349551916;8.149953842;14.94897267;0.2425133139;0.1397353113;0.04627300799;4
14.94308121;-1.16769743;-1.387837172;8.178668022;14.95107444;0.2437350452;0.1605047137;0.05482511222;4
14.94518303;-1.16769743;-1.440479279;8.178668022;14.95317626;0.2449567765;0.1739437431;0.06337722391;4
14.9472848;-1.158126116;-1.459621787;8.159524918;14.95527809;0.2437350452;0.1898262352;0.06948586553;4
14.94938663;-1.148554921;-1.488335729;8.140382767;14.95737986;0.2474002391;0.1996000707;0.07681624591;4
14.9514884;-1.129412293;-1.545763373;8.111668587;14.95948168;0.2498437017;0.2069304436;0.08414662629;4
14.95359022;-1.11984098;-1.584048629;8.08295536;14.96158345;0.251065433;0.2118173689;0.08781181276;4
14.95569204;-1.100698471;-1.612762451;8.073383331;14.96368527;0.2559523284;0.2130390853;0.09392046183;4
14.95779381;-1.081555843;-1.655833244;8.08295536;14.96578704;0.2583957911;0.2093739063;0.09636391699;4
14.95989564;-1.071984529;-1.713261008;8.097311974;14.96788887;0.2596175373;0.204486981;0.1012508348;4
14.96199741;-1.033699393;-1.775474429;8.130811691;14.96999069;0.2620609999;0.1910479665;0.1012508348;4
14.96409923;-1.004985452;-1.813759565;8.126026154;14.97209246;0.2620609999;0.1751654744;0.1000291109;4
14.966201;-0.9619147182;-1.847259045;8.106883049;14.97419428;0.2596175373;0.1605047137;0.0975856483;4
14.96830282;-0.890130043;-1.875972986;8.08295536;14.97629605;0.2608392537;0.1409570426;0.09514218569;4
14.97040465;-0.813559711;-1.919043779;8.08295536;14.97839788;0.254730612;0.1226311028;0.08781181276;4
14.97250642;-0.7130611539;-1.938186288;8.020741463;14.98049965;0.2474002391;0.1006399691;0.07925970852;4
14.97460824;-0.6029912829;-1.971685886;8.020741463;14.98260147;0.2425133139;0.07864884287;0.06704241037;4
14.97671001;-0.4785645306;-1.995614052;7.953742504;14.98470324;0.231517747;0.06032289565;0.05360338464;4
14.97881184;-0.3684946895;-2.019542217;7.877171993;14.98680506;0.2217439115;0.04566214234;0.03649916872;4
14.98091361;-0.2632105052;-2.038684845;7.781459332;14.98890689;0.2070831656;0.03222311661;0.01939495653;4
14.98301543;-0.1579262912;-2.043470621;7.65703249;14.99100866;0.1948658675;0.02367101051;0.001069013379;4
14.9851172;-0.05742774159;-2.053041935;7.551748276;14.99311048;0.1789833754;0.01634063199;-0.01725693047;4
14.98721902;0.0382851623;-2.081755638;7.432106972;14.99521225;0.161879167;0.01389717404;-0.03436114267;4
14.98932085;0.1100698411;-2.100898266;7.360322475;14.99731408;0.1447749585;0.009010255337;-0.05024362728;4
14.99142262;0.1531406492;-2.091326952;7.293323517;14.9994159;0.1252272725;0.01023198478;-0.06490438432;4
14.99352444;0.1866401732;-2.096112728;7.231110096;15.00151767;0.1069013327;0.01634063199;-0.07834340632;4
14.99562621;0.1914258152;-2.081755638;7.178467751;15.00361949;0.08735366166;0.02000582218;-0.08933897316;4
14.99772803;0.1962114573;-2.057827473;7.106683254;15.00572126;0.06780599058;0.02855792828;-0.0978910774;4
14.99982986;0.1818545163;-2.048256159;7.049255371;15.00782308;0.04948004708;0.03955349326;-0.1064431891;4
15.00193163;0.1531406492;-2.005185366;7.020541668;15.00992486;0.03237583488;0.05299251899;-0.1125518382;4
15.00403345;0.1196411327;-1.966900229;7.030112743;15.01202668;0.01527161989;0.06643154472;-0.1149952933;4
15.00613522;0.08135596663;-1.919043779;7.025327206;15.01412845;0.0006108647794;0.0847574845;-0.1174387559;4
15.00823704;0.05264209956;-1.861616015;7.034898758;15.01623032;-0.01527161989;0.1055268943;-0.1186604798;4
15.01033881;0.0239282269;-1.770688772;7.034898758;15.0183321;-0.02871064469;0.1250745654;-0.1186604798;4
15.01244064;0.0;-1.713261008;7.058826923;15.02043387;-0.04214967042;0.1482874304;-0.1162170246;4
15.01454241;-0.02871387079;-1.651047587;7.082755089;15.02253569;-0.05436696485;0.1727220118;-0.113773562;4
15.01664428;-0.08135596663;-1.569691658;7.101897717;15.02463746;-0.06536252797;0.1971566081;-0.1076649204;4
15.01874605;-0.1100698411;-1.517049551;7.159325123;15.02673928;-0.07757982612;0.2215912044;-0.1015562713;4
15.02084782;-0.1579262912;-1.483550072;7.202396393;15.02884105;-0.08857539296;0.2509126961;-0.09422589093;4
15.02294965;-0.2057827413;-1.435693622;7.250252724;15.03094288;-0.1007926911;0.2790125012;-0.08323032409;4
15.02505142;-0.2392822653;-1.392622828;7.283751965;15.03304465;-0.1142317131;0.3107774556;-0.07467821985;4
15.02715324;-0.3158525825;-1.344766378;7.317251682;15.03514647;-0.1240055487;0.3425424397;-0.06368265301;4
15.02925501;-0.3684946895;-1.31126678;7.379465103;15.03724824;-0.1374445707;0.3669770062;-0.05146535859;4
15.03135684;-0.4354937077;-1.272981644;7.412964344;15.03935006;-0.1496618688;0.3962985277;-0.03924806044;4
15.03345861;-0.4929214716;-1.229910851;7.475177765;15.04145189;-0.1667660922;0.4182896614;-0.02825249545;4
15.03556043;-0.5312066078;-1.205982566;7.518248558;15.04355366;-0.1826485693;0.4427242577;-0.01603520103;4
15.0376622;-0.5551348329;-1.1820544;7.518248558;15.04565548;-0.1985310465;0.4634936452;-0.003817904973;4
15.03976402;-0.5742774606;-1.153340459;7.585247993;15.0477573;-0.2156352699;0.4818195999;0.008399390616;4
15.04186584;-0.5886343718;-1.13419795;7.633104324;15.04985908;-0.235182941;0.4952586293;0.01939495653;4
15.04396762;-0.6077769399;-1.0863415;7.666603565;15.0519609;-0.2535088956;0.508697629;0.02916879393;4
15.04606944;-0.6029912829;-1.071984529;7.738388538;15.05406267;-0.2730565667;0.5160280466;0.04016435891;4
15.04817126;-0.6173482537;-1.03848505;7.791030407;15.05616449;-0.2950477004;0.5221366882;0.04871646687;4
15.05027303;-0.5838487148;-1.009771109;7.867600918;15.05826626;-0.3145953715;0.5270236135;0.05726857483;4
15.05237486;-0.5599204898;-0.9858429432;7.96331358;15.06036808;-0.3378082216;0.5294670463;0.0621554926;4
15.05447663;-0.5264210105;-0.9762716293;8.030312538;15.06246986;-0.3634645343;0.524580121;0.06826414168;4
15.05657845;-0.4689932466;-0.9619147182;8.140382767;15.06457168;-0.3878991306;0.5196931958;0.07192932814;4
15.05868022;-0.4498506486;-0.9667003751;8.221738815;15.0666735;-0.4111120105;0.5074759126;0.07681624591;4
15.06078204;-0.4211367965;-0.9667003751;8.312665939;15.06877527;-0.4343248606;0.4952586293;0.08292489499;4
15.06288381;-0.4163511395;-0.9475577474;8.451449394;15.0708771;-0.4575377107;0.4793761373;0.08659008145;4
15.06498564;-0.3972085714;-0.9379864931;8.604590416;15.07297887;-0.4807505906;0.4634936452;0.09147699922;4
15.06708746;-0.4067798555;-0.9523434043;8.757730484;15.07508069;-0.5027416945;0.4463894367;0.09514218569;4
15.06918923;-0.4211367965;-0.9475577474;8.930013657;15.07718246;-0.5247328281;0.4305069447;0.1000291109;4
15.07129105;-0.4402793646;-0.9714859724;9.131011009;15.07928428;-0.5406153202;0.4146244824;0.1024725661;4
15.07339282;-0.4450650215;-1.000199914;9.346364975;15.08138611;-0.5589412451;0.3962985277;0.1073594838;4
15.07549465;-0.4211367965;-1.009771109;9.600004196;15.08348788;-0.5723803043;0.3755291104;0.1110246703;4
15.07759642;-0.4211367965;-1.024128079;9.887143135;15.0855897;-0.5821541548;0.3535379767;0.1134681329;4
15.07969824;-0.4163511395;-1.028913736;10.18385315;15.08769147;-0.594371438;0.3291034102;0.1146898642;4
15.08180006;-0.4307080805;-1.014556766;10.48056316;15.08979329;-0.6017017961;0.3010036349;0.1183550507;4
15.08390184;-0.4354937077;-1.028913736;10.78205872;15.09189506;-0.6078104377;0.2704603672;0.1171333194;4
15.08600366;-0.4211367965;-1.019342422;11.07398319;15.09399689;-0.6126973629;0.235030219;0.1134681329;4
15.08810543;-0.3924229145;-1.009771109;11.36590767;15.09609866;-0.6163625717;0.2020435184;0.1110246703;4
15.09020725;-0.3493520916;-1.000199914;11.64347458;15.09820048;-0.6212494969;0.1666133702;0.1061377525;4
15.09230902;-0.2871387303;-1.009771109;11.9162569;15.10030225;-0.6212494969;0.131183207;0.0988073796;4
15.09441084;-0.2536391914;-1.019342422;12.23210907;15.10240408;-0.6200277805;0.09697478265;0.09147699922;4
15.09651262;-0.2153540403;-1.004985452;12.51446247;15.1045059;-0.6163625717;0.06398808211;0.08170316368;4
15.09861444;-0.1674975902;-1.014556766;12.81595802;15.10660767;-0.6126973629;0.03222311661;0.0743727833;4
15.10071621;-0.1674975902;-1.009771109;13.13181114;15.10870949;-0.6065887213;0.004123337101;0.06459894776;4
15.10281803;-0.1387837082;-1.004985452;13.44766331;15.11081126;-0.5955931544;-0.02031125315;0.05482511222;4
15.10491986;-0.1244267747;-1.009771109;13.77787304;15.11291308;-0.5845975876;-0.04230238497;0.0426078178;4
15.10702163;-0.09571290761;-1.03848505;14.08893967;15.11501486;-0.5723803043;-0.05940660089;0.03161225095;4
15.10912345;-0.08135596663;-1.057627559;14.41436386;15.11711668;-0.5552760959;-0.07040216774;0.02061668597;4
15.11122522;-0.09092725813;-1.062413216;14.70628834;15.11921845;-0.5369501114;-0.07895427197;0.0108428495;4
15.11332704;-0.09092725813;-1.081555843;15.01735497;15.12132027;-0.5149590373;-0.08384118974;0.002290742937;4
15.11542881;-0.09092725813;-1.062413216;15.32842159;15.12342204;-0.4954113364;-0.08872810751;-0.005039634649;4
15.11753064;-0.1004985496;-1.057627559;15.62034607;15.12552387;-0.4709767401;-0.08506292105;-0.01237001177;4
15.11963241;-0.1292124242;-1.009771109;15.92662716;15.12762569;-0.44776389;-0.08139773458;-0.01970038936;4
15.12173423;-0.1387837082;-0.9475577474;16.23769379;15.12972746;-0.4196641147;-0.07162389904;-0.02580903657;4
15.123836;-0.1627119333;-0.9092726111;16.54397583;15.13182928;-0.3915643096;-0.06185005978;-0.03191768378;4
15.12593783;-0.1914258152;-0.866201818;16.84547234;15.13393105;-0.3610210717;-0.04718930274;-0.03802633286;4
15.12803965;-0.2344966233;-0.7992027402;17.13261032;15.13603288;-0.3280344009;-0.03252854943;-0.04169152305;4
15.13014142;-0.3206382394;-0.7417750359;17.40539169;15.13813465;-0.2913824916;-0.01664606482;-0.04413498193;4
15.13224324;-0.4019941986;-0.7178468108;17.72603035;15.14023647;-0.254730612;-0.00565049937;-0.0490218997;4
15.13434501;-0.5072783828;-0.6891329288;18.04188347;15.14233829;-0.2168570012;0.009010255337;-0.0478001684;4
15.13644684;-0.6412764788;-0.626919508;18.3481636;15.14444012;-0.1740964651;0.01511890348;-0.04657844082;4
15.13854861;-0.756131947;-0.6029912829;18.6353035;15.14654189;-0.135001123;0.02244928107;-0.04413498193;4
15.14065043;-0.8949156404;-0.5838487148;18.89851379;15.14864366;-0.09224057943;0.02733619884;-0.03802633286;4
15.14275225;-0.9858429432;-0.5551348329;19.16650963;15.15074548;-0.04825831577;0.02367101051;-0.03313941509;4
15.14485408;-1.091127157;-0.4977070987;19.40579224;15.1528473;-0.004276053514;0.02000582218;-0.02580903657;4
15.14695584;-1.177268744;-0.4450650215;19.63550186;15.15494908;0.03970621154;0.01023198478;-0.01725693047;4
15.14905762;-1.234696507;-0.3876372576;19.83171463;15.15705084;0.08246674389;0.0004581485991;-0.009926552884;4
15.15115944;-1.268195987;-0.3158525825;19.99442673;15.15915267;0.1240055487;-0.01542433538;-0.002596175298;4
15.15326126;-1.292124271;-0.2488535494;20.1427803;15.16125449;0.1631008983;-0.03497200832;0.007177661173;4
15.15536303;-1.292124271;-0.1531406492;20.27677917;15.16335626;0.2021962404;-0.05696314201;0.01206457894;4
15.1574648;-1.287338614;-0.1148554832;20.4059906;15.16545809;0.2376264036;-0.08139773458;0.01939495653;4
15.15956663;-1.31126678;-0.05742774159;20.50170517;15.16755986;0.2693913579;-0.1119409725;0.02550360374;4
15.16166845;-1.325623751;-0.01914258115;20.61177444;15.16966168;0.2987128794;-0.1412624866;0.03161225095;4
15.16377022;-1.378265858;0.0;20.65484428;15.1717635;0.3255909383;-0.1742491722;0.04016435891;4
15.16587204;-1.464407444;0.009571290575;20.71705818;15.17386527;0.3500255048;-0.2096793354;0.05238165334;4
15.16797381;-1.584048629;0.04307080805;20.78405762;15.1759671;0.3695732057;-0.2512181401;0.06704241037;4
15.17007564;-1.732403636;0.05742774159;20.8701992;15.17806892;0.3866774142;-0.2952004075;0.08292489499;4
15.17217746;-1.938186288;0.03349951655;20.99462509;15.18017069;0.4062250853;-0.3452913165;0.1049160287;4
15.17427923;-2.158325911;0.009571290575;21.0951252;15.18227246;0.4245510101;-0.4027126133;0.1269071549;4
15.17638105;-2.359323025;0.004785645287;21.26262283;15.18437428;0.4428769648;-0.4637990892;0.1501200199;4
15.17848288;-2.54117775;-0.0239282269;21.41576195;15.18647611;0.4636463821;-0.5285507441;0.1733328849;4
15.18058465;-2.62253356;-0.06221338734;21.5976181;15.18857788;0.485637486;-0.5981893539;0.1941022873;4
15.18268642;-2.679961443;-0.07178468257;21.75075722;15.19067965;0.5125155449;-0.671493113;0.2148716897;4
15.18478824;-2.684746981;-0.09092725813;21.94696999;15.19278147;0.5381718874;-0.748462081;0.2356410921;4
15.18689006;-2.627319336;-0.1100698411;22.13360977;15.19488329;0.5674933791;-0.8266527653;0.2503018379;4
15.18899184;-2.536391973;-0.1244267747;22.38246346;15.19698506;0.6041452885;-0.9048434496;0.2637408674;4
15.19109361;-2.402393818;-0.1818545163;22.57388878;15.19908689;0.6395754218;-0.9854776263;0.2735147178;4
15.19319543;-2.244467735;-0.2440679073;22.79881477;15.20118866;0.6750055552;-1.066111803;0.2784016132;4
15.19529725;-2.072184324;-0.2775674164;22.97588348;15.20329048;0.7116574645;-1.149189353;0.2771798968;4
15.19739902;-1.856830359;-0.3541377485;23.14816666;15.2053923;0.7519745231;-1.22982347;0.2722929716;4
15.19950085;-1.622333765;-0.4211367965;23.27737808;15.20749408;0.7886264324;-1.312901139;0.262519151;4
15.20160262;-1.397408366;-0.4785645306;23.34916306;15.2095959;0.8252783418;-1.386204958;0.2490801066;4
15.20370444;-1.13419795;-0.5551348329;23.3922348;15.21169767;0.8631519079;-1.455843449;0.2331976295;4
15.20580626;-0.8853443861;-0.6364908218;23.43530464;15.21379949;0.8985821009;-1.518151641;0.2124282271;4
15.20790803;-0.626919508;-0.7178468108;23.39702034;15.21590126;0.9315688014;-1.569464326;0.1916588247;4
15.21000986;-0.3876372576;-0.8087740541;23.35394859;15.21800309;0.9633337855;-1.609781384;0.169667691;4
15.21211163;-0.1483550072;-0.8614161611;23.32523537;15.22010486;0.9987639189;-1.645211577;0.1440113783;4
15.21421345;0.04785645381;-0.9236295223;23.27259254;15.22220668;1.030528903;-1.672089577;0.1207985133;4
15.21631522;0.2392822653;-1.004985452;23.22952271;15.2243085;1.06473732;-1.69408071;0.09636391699;4
15.21841704;0.4307080805;-1.048056364;23.21516609;15.22641027;1.10138917;-1.709963202;0.0743727833;4
15.22051881;0.5934200287;-1.11984098;23.17209435;15.2285121;1.142928004;-1.720958829;0.04993819445;4
15.22262064;0.7513462901;-1.16769743;23.13381004;15.23061387;1.186910272;-1.727067471;0.02550360374;4
15.22472246;0.9284151793;-1.229910851;23.12423897;15.23271569;1.230892539;-1.725845695;-0.001374445739;4
15.22682423;1.100698471;-1.272981644;23.07638168;15.23481746;1.280983448;-1.724624038;-0.0294742249;4
15.22892605;1.272981644;-1.282552958;22.98066902;15.23691928;1.331074357;-1.713628411;-0.05879573524;4
15.23102783;1.464407444;-1.330409408;22.8897419;15.23902111;1.382387042;-1.700189352;-0.08933897316;4
15.23312965;1.665404558;-1.354337573;22.77009964;15.24112288;1.436143041;-1.675754786;-0.1211039424;4
15.23523142;1.842473388;-1.387837172;22.59303093;15.24322465;1.488677502;-1.648876786;-0.1528689116;4
15.23733324;2.019542217;-1.421336651;22.42553329;15.24532647;1.541211843;-1.612224817;-0.1858556122;4
15.23943506;2.187039852;-1.464407444;22.18146515;15.24742824;1.592524529;-1.574351311;-0.2176205814;4
15.24153684;2.311466694;-1.507478237;21.8991127;15.24953006;1.642615438;-1.529147267;-0.2506072819;4
15.24363861;2.411965132;-1.55054903;21.59283066;15.25163189;1.689041138;-1.477834582;-0.2811505198;4
15.24574043;2.488535643;-1.555334687;21.23869324;15.25373366;1.729358196;-1.420413375;-0.3080285788;4
15.2478422;2.52682066;-1.584048629;20.85584259;15.25583548;1.764788389;-1.358105063;-0.3336848915;4
15.24994402;2.550748825;-1.612762451;20.43949127;15.25793725;1.796553373;-1.28968823;-0.3568977416;4
15.25204585;2.550748825;-1.612762451;20.01356888;15.26003908;1.824653149;-1.218827963;-0.3776671588;4
15.25414762;2.531606436;-1.603191137;19.57328987;15.2621409;1.847865939;-1.144302487;-0.3935496211;4
15.25624944;2.464607239;-1.584048629;19.10908127;15.26424267;1.864970207;-1.066111803;-0.4069886506;4
15.25835121;2.364108801;-1.593619823;18.6735878;15.26634449;1.883296132;-0.9879210591;-0.4155407548;4
15.26045303;2.258824587;-1.59840548;18.24287987;15.26844626;1.895513415;-0.9097303748;-0.4192059636;4
15.26255486;2.086541414;-1.64626193;17.86481476;15.27054809;1.900400281;-0.8290961981;-0.42042768;4
15.26465663;1.909472466;-1.670190215;17.47717667;15.27264986;1.907730699;-0.7570141554;-0.4155407548;4
15.26675845;1.694118381;-1.713261008;17.08953857;15.27475168;1.915061116;-0.6837103963;-0.4094321132;4
15.26886022;1.483550072;-1.737189293;16.80718613;15.2768535;1.919947982;-0.6177369952;-0.3996582925;4
15.27096204;1.277767301;-1.775474429;16.50569153;15.27895527;1.924834967;-0.5578722358;-0.3911061883;4
15.27306381;1.115055323;-1.804188251;16.24726486;15.28105704;1.929721832;-0.5041161776;-0.3837758005;4
15.27516564;0.9954141974;-1.828116536;16.04626846;15.28315887;1.933387041;-0.455246985;-0.3752236962;4
15.27726746;0.890130043;-1.861616015;15.87398529;15.28526069;1.938273907;-0.4149298966;-0.3678933084;4
15.27936923;0.8039883971;-1.8855443;15.74955845;15.28736246;1.945604324;-0.3819431961;-0.3605629504;4
15.281471;0.7657032609;-1.919043779;15.62513161;15.28946428;1.951712966;-0.3575085998;-0.3544542789;4
15.28357282;0.708275497;-1.957328916;15.47199154;15.29156605;1.959043384;-0.3391826749;-0.3507890999;4
15.28567465;0.6652047038;-2.029113531;15.38106441;15.29366788;1.968817234;-0.3233001828;-0.3471239209;4
15.28777642;0.6412764788;-2.086541414;15.19442368;15.2957697;1.977369308;-0.3147480786;-0.3459021747;4
15.28987824;0.5886343718;-2.148754835;15.04128361;15.29787147;1.98347795;-0.308639437;-0.3459021747;4
15.29198001;0.5503492355;-2.201396942;14.86421394;15.29997324;1.993251801;-0.3061959743;-0.3459021747;4
15.29408184;0.4881358147;-2.277967215;14.6823597;15.30207506;2.003025532;-0.2988655865;-0.3471239209;4
15.29618366;0.4498506486;-2.330609322;14.55793285;15.30417684;2.01646471;-0.2915352285;-0.3483456373;4
15.29828543;0.3924229145;-2.383251429;14.4191494;15.30627866;2.033568859;-0.2842048407;-0.3471239209;4
15.3003872;0.3493520916;-2.416750908;14.39043522;15.30838048;2.047007799;-0.278096199;-0.3446804583;4
15.30248902;0.2679961324;-2.445464849;14.29950809;15.31048225;2.064112186;-0.2744309902;-0.3410152495;4
15.30459079;0.1770688742;-2.474178553;14.17029572;15.31258408;2.081216335;-0.2744309902;-0.3397935331;4
15.30669262;0.05264209956;-2.507678032;14.02194023;15.3146859;2.098320484;-0.278096199;-0.3373500705;4
15.30879444;-0.09092725813;-2.569891453;13.83530045;15.31678767;2.119089842;-0.2878700197;-0.3336848915;4
15.31089621;-0.2057827413;-2.589034081;13.67258835;15.31888949;2.143524408;-0.2964221239;-0.3324631453;4
15.31299803;-0.2727817893;-2.62253356;13.51466274;15.32099126;2.167959213;-0.3098611534;-0.3287979662;4
15.31509986;-0.2775674164;-2.665604353;13.3902359;15.32309309;2.196058989;-0.3245218992;-0.3263545036;4
15.31720163;-0.2871387303;-2.708675146;13.2705946;15.32519486;2.220493555;-0.3379609287;-0.3251327872;4
15.31930345;-0.2679961324;-2.785245657;13.12223911;15.32729668;2.24859333;-0.3513999581;-0.3214675784;4
15.32140522;-0.2392822653;-2.818745136;12.98345566;15.32939845;2.276693106;-0.362395525;-0.3214675784;4
15.32350704;-0.2153540403;-2.885744095;12.87338543;15.33150027;2.303570986;-0.3672824502;-0.3190241456;4
15.32560881;-0.1818545163;-2.94317174;12.7250309;15.33360204;2.329227448;-0.3685041666;-0.3178023994;4
15.32771064;-0.1196411327;-3.029313564;12.55753326;15.33570387;2.354883671;-0.362395525;-0.3153589368;4
15.32981241;-0.06221338734;-3.086741209;12.37089348;15.33780564;2.378096581;-0.3477347791;-0.3153589368;4
15.33191423;-0.004785645287;-3.153740168;12.16511059;15.33990746;2.404974699;-0.328187108;-0.3153589368;4
15.334016;0.0382851623;-3.192025423;11.91147137;15.34200928;2.428187609;-0.3049742281;-0.3178023994;4
15.33611782;0.07178468257;-3.211168051;11.6769743;15.34411111;2.453843832;-0.2756527364;-0.3190241456;4
15.3382196;0.1100698411;-3.220739365;11.43290615;15.34621288;2.479500055;-0.2402225733;-0.3226893246;4
15.34032142;0.1579262912;-3.230310678;11.18883896;15.3483147;2.502712965;-0.2023489624;-0.3287979662;4
15.34242324;0.1962114573;-3.215953588;10.96869946;15.35041647;2.528369427;-0.158366695;-0.3349066079;4
15.34452506;0.2392822653;-3.215953588;10.72941685;15.35251824;2.551582098;-0.1107192412;-0.3410152495;4
15.34662684;0.2488535494;-3.196810961;10.49491978;15.35462006;2.576016665;-0.06551524997;-0.3446804583;4
15.34872866;0.2488535494;-3.182454109;10.2652092;15.35672189;2.598007917;-0.01786779426;-0.3495673835;4
15.35083043;0.1962114573;-3.177668571;10.05464077;15.35882366;2.622442484;0.03100138716;-0.3520108163;4
15.3529322;0.1579262912;-3.139383316;9.87757206;15.36092548;2.64687705;0.07498364896;-0.3520108163;4
15.35503402;0.08135596663;-3.153740168;9.633503914;15.3630273;2.67008996;0.1201876476;-0.3495673835;4
15.35713584;-0.0143569354;-3.139383316;9.375079155;15.36512908;2.69330287;0.1653916389;-0.3446804583;4
15.35923762;-0.08135596663;-3.129812002;9.17886734;15.3672309;2.712850571;0.2069304436;-0.3373500705;4
15.36133944;-0.1722832322;-3.125026464;9.00179863;15.36933267;2.737285137;0.2521344423;-0.3300196826;4
