Tempo acelerômetro (s);Acelerômetro X (m/s²);Acelerômetro Y (m/s²);Acelerômetro Z (m/s²);Tempo giroscópio (s);Giroscópio X (rad/s);Giroscópio Y (rad/s);Giroscópio Z (rad/s);gesto
4.874742759;-0.2344966233;1.253839016;1.923829436;4.882736144;0.6870701313;-0.1718057245;-0.07834340632;2
4.876844634;-0.2871387303;1.306481123;1.607976794;4.884837967;0.6626355648;-0.1278234571;-0.05635227636;2
4.878946404;-0.3349951804;1.363908887;1.320838094;4.88693979;0.6394227147;-0.08384118974;-0.03191768378;2
4.881048279;-0.3732803464;1.416550994;1.057627559;4.889041613;0.610101223;-0.04108065739;-0.009926552884;2
4.883150102;-0.4067798555;1.459621787;0.837487936;4.891143488;0.5783362389;0.004123337101;0.01328630932;2
4.885251925;-0.3924229145;1.531406522;0.6317051649;4.893245311;0.5429060459;0.04688387364;0.03527744114;2
4.887353748;-0.3349951804;1.574477315;0.4354937077;4.895347134;0.508697629;0.08842267841;0.05360338464;2
4.889455571;-0.2584248483;1.631905079;0.2727817893;4.897448956;0.4696022868;0.1238528341;0.07192932814;2
4.891557446;-0.1435693651;1.684547186;0.1483550072;4.899550779;0.4292852283;0.1568395346;0.08414662629;2
4.893659269;-0.0239282269;1.718046665;0.08614161611;4.901652654;0.3877464235;0.1947131455;0.09392046183;2
4.895761092;0.1052841991;1.718046665;0.004785645287;4.903754477;0.3449858725;0.2252563834;0.1012508348;2
4.897862915;0.2584248483;1.727617979;-0.02871387079;4.9058563;0.2997818887;0.2570213675;0.1036942974;2
4.899964738;0.4307080805;1.727617979;-0.04785645381;4.907958123;0.2570213675;0.2851211429;0.1012508348;2
4.902066613;0.5934200287;1.689332843;-0.05742774159;4.910059946;0.2154825479;0.308333993;0.09392046183;2
4.904168436;0.7704889178;1.670190215;-0.01914258115;4.912161821;0.1690568328;0.3254382014;0.08048143238;2
4.906270259;0.9475577474;1.631905079;0.01914258115;4.914263644;0.1287397593;0.3413206935;0.06459894776;2
4.908372081;1.138983607;1.579262972;0.1004985496;4.916365467;0.08720094711;0.3486510813;0.0438295491;2
4.910473904;1.344766378;1.540977836;0.1914258152;4.91846729;0.04810560122;0.3547597229;0.01939495653;2
4.912575779;1.55054903;1.488335729;0.3014956415;4.920569113;0.01023198478;0.3572031856;-0.009926552884;2
4.914677602;1.741974831;1.450050473;0.4594219327;4.922670936;-0.02519817278;0.3535379767;-0.04046979174;2
4.916779425;1.919043779;1.397408366;0.6125625968;4.924772811;-0.06062832847;0.3462076187;-0.07345648855;2
4.918881248;2.091326952;1.368694544;0.760917604;4.926874634;-0.09239330143;0.3339903057;-0.1088866442;2
4.920983071;2.230110645;1.354337573;0.9619147182;4.928976456;-0.1192713454;0.3193295598;-0.14676027;2
4.923084894;2.349751949;1.335195065;1.148554921;4.931078279;-0.1437059343;0.3010036349;-0.1834121495;2
4.925186769;2.459821701;1.335195065;1.378265858;4.933180154;-0.1644753367;0.2802342176;-0.2249509543;2
4.927288592;2.536391973;1.354337573;1.593619823;4.935281977;-0.1840230078;0.2545779049;-0.2640463114;2
4.929390415;2.598605394;1.368694544;1.804188251;4.9373838;-0.2023489624;0.2301433086;-0.3043633699;2
4.931492238;2.632104874;1.416550994;1.9812572;4.939485623;-0.215787977;0.200821802;-0.3446804583;2
4.933594113;2.656033039;1.440479279;2.139183521;4.941587446;-0.2292270064;0.1690568328;-0.3837758005;2
4.935695936;2.62253356;1.478764415;2.292324066;4.943689321;-0.2414443046;0.1324049383;-0.4216494262;2
4.937797759;2.589034081;1.512263894;2.450250387;4.945791144;-0.2512181401;0.09086613357;-0.4595230222;2
4.939899581;2.507678032;1.526620865;2.560320139;4.947892967;-0.2609919906;0.04688387364;-0.4961749315;2
4.942001404;2.416750908;1.531406522;2.703889608;4.94999479;-0.2707658112;0.0004581485991;-0.5316050649;2
4.944103279;2.306680918;1.497906923;2.837887764;4.952096613;-0.2829830945;-0.04230238497;-0.563370049;2
4.946205102;2.163111687;1.445264935;2.900100946;4.954198488;-0.2939786613;-0.08261945844;-0.5902481079;2
4.948306925;2.019542217;1.45483613;2.933600664;4.956300311;-0.3098611534;-0.1253799945;-0.6122392416;2
4.950408748;1.823330879;1.459621787;2.871387243;4.958402134;-0.3257436454;-0.165697068;-0.6305651665;2
4.952510571;1.593619823;1.488335729;2.833101988;4.960503956;-0.3452913165;-0.1986837685;-0.6452259421;2
4.954612446;1.378265858;1.517049551;2.775674343;4.962605779;-0.3636172712;-0.2255618125;-0.6574432254;2
4.956714269;1.16769743;1.564906001;2.770888567;4.964707654;-0.3831649423;-0.2377791107;-0.6659952998;2
4.958816092;0.9475577474;1.579262972;2.713460922;4.966809477;-0.4027126133;-0.2438877672;-0.670882225;2
4.960917915;0.7657032609;1.588834286;2.651247501;4.9689113;-0.4234820008;-0.239000842;-0.6696605086;2
4.963019738;0.5742774606;1.59840548;2.646461725;4.971013123;-0.4442514181;-0.2292270064;-0.6647735834;2
4.965121613;0.3780659735;1.636690736;2.612962246;4.973114998;-0.4662425518;-0.2133445293;-0.656221509;2
4.967223436;0.1579262912;1.679761529;2.627319336;4.975216821;-0.4845684767;-0.1925751269;-0.6427824497;2
4.969325259;-0.01914258115;1.732403636;2.646461725;4.977318644;-0.5028944016;-0.165697068;-0.6293434501;2
4.971427081;-0.1914258152;1.770688772;2.694318295;4.979420467;-0.5224421024;-0.1302669197;-0.6110175252;2
4.973528956;-0.3349951804;1.813759565;2.727817774;4.98152229;-0.5383245945;-0.08628465235;-0.5902481079;2
4.975630779;-0.4737788737;1.866401672;2.766103029;4.983624113;-0.555428803;-0.0374154672;-0.5670352578;2
4.977732602;-0.5647061467;1.904686809;2.852244616;4.985725988;-0.5700895786;0.0126754446;-0.5426006317;2
4.979834425;-0.6652047038;1.947757602;2.919243574;4.987827811;-0.5835285783;0.06398808211;-0.5181660652;2
4.981936248;-0.7226324677;1.990828395;3.024527788;4.989929634;-0.5981893539;0.1189659163;-0.4912880063;2
4.984038071;-0.7752745152;2.024327993;3.101098061;4.992031456;-0.6091849208;0.1763872057;-0.4656316638;2
4.986139946;-0.8087740541;2.053041935;3.158525944;4.994133331;-0.6226239204;0.2399171442;-0.4411970973;2
4.988241769;-0.813559711;2.043470621;3.196810961;4.996235102;-0.6385064125;0.3022253513;-0.4143190384;2
4.990343592;-0.8470591903;2.043470621;3.215953588;4.998336925;-0.6531671882;0.3681987524;-0.3886627257;2
4.992445415;-0.8805587292;2.048256159;3.225524902;5.0004388;-0.6702713966;0.4329504073;-0.3630063832;2
4.99454729;-0.9140582681;2.048256159;3.24466753;5.002540623;-0.6910407543;0.4989238083;-0.3385718167;2
4.996649061;-0.9523434043;2.038684845;3.239881754;5.004642446;-0.7118101716;0.5648971796;-0.3129154742;2
4.998750884;-1.019342422;2.019542217;3.273381472;5.006744269;-0.7386882305;0.6284271479;-0.2860374451;2
5.000852759;-1.110269666;2.009970903;3.292523861;5.008846144;-0.7655662894;0.6870701313;-0.2616028488;2
5.002954581;-1.21555388;2.01475668;3.359523058;5.010947967;-0.7961094975;0.7359393239;-0.2383899838;2
5.005056404;-1.292124271;2.019542217;3.412165165;5.01304979;-0.8217658401;0.7750346661;-0.2176205814;2
5.007158227;-1.349551916;2.009970903;3.503092289;5.015151613;-0.8535308242;0.8031344414;-0.1980729103;2
5.009260102;-1.387837172;1.986042738;3.617947817;5.017253436;-0.8865175247;0.8263473511;-0.1821904182;2
5.011361925;-1.411765337;1.990828395;3.747160196;5.019355311;-0.9195042253;0.8348994255;-0.1687513888;2
5.013463748;-1.387837172;1.971685886;3.871587038;5.021457134;-0.9549343586;0.8361211419;-0.1589775532;2
5.015565571;-1.378265858;1.942971945;4.005585194;5.023558956;-0.9866993427;0.8275690675;-0.1528689116;2
5.017667394;-1.344766378;1.919043779;4.168296814;5.025660779;-1.02090776;0.8116865754;-0.1479819864;2
5.019769269;-1.306481123;1.899901152;4.350151539;5.027762602;-1.052672744;0.7896954417;-0.1443168074;2
5.021871092;-1.229910851;1.852044702;4.532006264;5.029864477;-1.084437728;0.76037395;-0.1455385387;2
5.023972915;-1.16769743;1.832902193;4.756931305;5.0319663;-1.11375916;0.7249437571;-0.14676027;2
5.026074738;-1.076770186;1.832902193;4.986642361;5.034068123;-1.141858935;0.6846266985;-0.1492037177;2
5.028176561;-0.9954141974;1.837687731;5.235496044;5.036169998;-1.167515278;0.6406444311;-0.1565341055;2
5.030278436;-0.8997012973;1.804188251;5.4652071;5.038271769;-1.188284755;0.5917752385;-0.1675296724;2
5.032380259;-0.8183453679;1.775474429;5.718846321;5.040373592;-1.210275888;0.5380191803;-0.1785252392;2
5.034482081;-0.708275497;1.746760488;5.96291399;5.042475415;-1.227380037;0.4818195999;-0.1944077164;2
5.036583956;-0.6077769399;1.674975872;6.206982136;5.04457729;-1.239597321;0.4182896614;-0.2139553875;2
5.038685727;-0.5168496966;1.593619823;6.479763508;5.046679113;-1.248149514;0.3523162603;-0.2347247899;2
5.04078755;-0.4211367965;1.512263894;6.752545357;5.048780988;-1.255479813;0.2765690386;-0.2603811026;2
5.042889373;-0.3206382394;1.435693622;7.030112743;5.050882811;-1.255479813;0.1947131455;-0.2897026241;2
5.044991248;-0.2440679073;1.35912323;7.393822193;5.052984634;-1.254258156;0.117744185;-0.3214675784;2
5.047093071;-0.1435693651;1.277767301;7.747959614;5.055086456;-1.245705962;0.0358883068;-0.3568977416;2
5.049194946;-0.04307080805;1.220339537;8.025527;5.057188279;-1.235932112;-0.03985892609;-0.3935496211;2
5.051296769;0.04307080805;1.124626637;8.250452042;5.059290102;-1.224936604;-0.1131627038;-0.4277580678;2
5.053398592;0.05264209956;1.057627559;8.446663857;5.061391925;-1.211497545;-0.1852447391;-0.4583013058;2
5.055500415;0.03349951655;1.014556766;8.628518105;5.0634938;-1.196836829;-0.2512181401;-0.4864010811;2
5.057602238;-0.0143569354;1.03848505;8.729017258;5.065595623;-1.180954337;-0.308639437;-0.5096139312;2
5.059704061;-0.05264209956;1.076770186;8.810373306;5.067697446;-1.163850069;-0.3575085998;-0.5254964232;2
5.061805884;-0.08614161611;1.13419795;8.815158844;5.069799269;-1.147967696;-0.3966039717;-0.5389354229;2
5.063907759;-0.1483550072;1.201196909;8.819944382;5.071901144;-1.133306861;-0.424703747;-0.5426006317;2
5.066009581;-0.2775674164;1.258624673;8.810373306;5.074002967;-1.119867802;-0.4356993139;-0.5413789153;2
5.068111404;-0.4642075896;1.296909928;8.824729919;5.07610479;-1.106428862;-0.4320341051;-0.5328267813;2
5.070213227;-0.6891329288;1.363908887;8.805587769;5.078206613;-1.095433235;-0.4161516428;-0.520609498;2
5.072315102;-0.9092726111;1.45483613;8.772088051;5.080308436;-1.083215952;-0.3904953003;-0.5035052896;2
5.074416925;-1.13419795;1.517049551;8.729017258;5.082410259;-1.073442101;-0.355065167;-0.4815141559;2
5.076518748;-1.339980721;1.584048629;8.671588898;5.084512134;-1.06733346;-0.3135263622;-0.4546361268;2
5.078620571;-1.488335729;1.670190215;8.575876236;5.086613956;-1.060003161;-0.2695440948;-0.4277580678;2
5.080722394;-1.617548108;1.751546144;8.504091263;5.088715779;-1.052672744;-0.215787977;-0.3947713673;2
5.082824217;-1.718046665;1.813759565;8.374878883;5.090817602;-1.047785759;-0.1534797698;-0.3593412042;2
5.084926092;-1.799402595;1.875972986;8.255238533;5.092919425;-1.046564102;-0.08872810751;-0.3226893246;2
5.087027915;-1.875972986;1.952543259;8.135597229;5.0950213;-1.041677117;-0.0190895237;-0.2823722363;2
5.089129738;-1.971685886;1.976471543;8.063812256;5.097123123;-1.041677117;0.05665770918;-0.2383899838;2
5.091231561;-2.029113531;2.043470621;7.96331358;5.099224946;-1.039233685;0.1336266696;-0.1956294477;2
5.093333384;-2.067398787;2.06261301;7.934599876;5.101326769;-1.041677117;0.2057087123;-0.150425449;2
5.095435259;-2.115255117;2.0769701;7.877171993;5.103428592;-1.041677117;0.2790125012;-0.1052214578;2
5.097537081;-2.158325911;2.081755638;7.858029366;5.105530467;-1.044120669;0.3425424397;-0.06246092543;2
5.099638904;-2.172683001;2.067398787;7.881958008;5.10763229;-1.047785759;0.3987419903;-0.0209221188;2
5.101740727;-2.129612207;2.072184324;7.910671711;5.109734113;-1.052672744;0.4451677203;0.01695149764;2
5.10384255;-2.06261301;2.057827473;7.939385414;5.111835936;-1.057559609;0.4879282415;0.05238165334;2
5.105944425;-1.976471543;2.01475668;7.944170952;5.113937759;-1.066111803;0.5209149122;0.08414662629;2
5.108046248;-1.856830359;1.971685886;7.987242222;5.116039581;-1.074663877;0.5465712547;0.1110246703;2
5.110148071;-1.732403636;1.919043779;8.00638485;5.118141456;-1.084437728;0.5636754632;0.1354592592;2
5.112249894;-1.564906001;1.842473388;8.049455643;5.120243279;-1.097876668;0.5758927464;0.1525634825;2
5.114351717;-1.392622828;1.789831281;8.092526436;5.122345102;-1.108872294;0.5758927464;0.1647807807;2
5.11645354;-1.239482164;1.746760488;8.164310455;5.124446925;-1.122311354;0.5722275972;0.1733328849;2
5.118555415;-1.067198873;1.703689694;8.250452042;5.126548748;-1.140637279;0.5661189556;0.1782197952;2
5.120657238;-0.8997012973;1.698904037;8.374878883;5.128650623;-1.152854562;0.5575668216;0.1757763475;2
5.122759061;-0.7178468108;1.660618901;8.504091263;5.130752446;-1.167515278;0.5453495383;0.1684459597;2
5.124860884;-0.5312066078;1.655833244;8.623732567;5.132854269;-1.18339777;0.5319104791;0.1598938555;2
5.126962706;-0.3445664644;1.64626193;8.776873589;5.134956092;-1.19317162;0.508697629;0.146454826;2
5.129064581;-0.1770688742;1.651047587;8.939585686;5.137057967;-1.202945471;0.4830413163;0.1281288862;2
5.131166404;-0.02871387079;1.636690736;9.150154114;5.13915979;-1.215162754;0.4476111531;0.1073594838;2
5.133268227;0.1052841991;1.636690736;9.3367939;5.141261613;-1.223714828;0.404850632;0.08536835015;2
5.13537005;0.2057827413;1.622333765;9.509077072;5.143363436;-1.231045246;0.3559814394;0.0609337613;2
5.137471925;0.2775674164;1.588834286;9.676574707;5.145465259;-1.237153888;0.3022253513;0.03527744114;2
5.139573748;0.3349951804;1.555334687;9.839286804;5.147567134;-1.242040753;0.2460257858;0.0108428495;2
5.141675571;0.4019941986;1.536192179;9.987641335;5.149668904;-1.245705962;0.1861610413;-0.01481347065;2
5.143777394;0.4594219327;1.488335729;10.12164021;5.151770779;-1.255479813;0.1299614757;-0.03802633286;2
5.145879217;0.5455635786;1.445264935;10.19342422;5.153872602;-1.26281023;0.07864884287;-0.06246092543;2
5.147981092;0.5886343718;1.397408366;10.23649502;5.155974425;-1.271362305;0.03222311661;-0.0856737867;2
5.150082863;0.626919508;1.339980721;10.24606609;5.1580763;-1.279914379;-0.003207040019;-0.1076649204;2
5.152184738;0.6364908218;1.306481123;10.25563812;5.160178123;-1.28968823;-0.02886336111;-0.1259908676;2
5.154286561;0.626919508;1.282552958;10.26042366;5.162279946;-1.297018647;-0.04474584386;-0.1443168074;2
5.156388384;0.5838487148;1.268195987;10.27478027;5.164381769;-1.308014154;-0.05085449293;-0.1601992846;2
5.158490259;0.4929214716;1.253839016;10.30349445;5.166483592;-1.316566348;-0.04474584386;-0.173638314;2
5.160592081;0.4067798555;1.272981644;10.35613632;5.168585467;-1.32267499;-0.0374154672;-0.1834121495;2
5.162693904;0.2775674164;1.249053478;10.43749237;5.17068729;-1.328783631;-0.02519817278;-0.1919642538;2
5.164795727;0.1722832322;1.244267821;10.51884842;5.172789113;-1.33244884;-0.01053741761;-0.200516358;2
5.16689755;0.05264209956;1.225125194;10.61934662;5.174890936;-1.328783631;0.01389717404;-0.2041815519;2
5.168999425;-0.03349951655;1.210768223;10.7054882;5.176992759;-1.323896646;0.03466657549;-0.2054032832;2
5.171101248;-0.1292124242;1.205982566;10.85862923;5.179094634;-1.319009781;0.06032289565;-0.2066250145;2
5.173203071;-0.1914258152;1.21555388;10.96869946;5.181196456;-1.306792498;0.08842267841;-0.2041815519;2
5.175304894;-0.2632105052;1.234696507;11.15533924;5.183298279;-1.293353438;0.1201876476;-0.2017380893;2
5.177406717;-0.3110669553;1.258624673;11.28933716;5.185400102;-1.27624929;0.1568395346;-0.196851179;2
5.179508592;-0.3541377485;1.325623751;11.46640587;5.187501977;-1.256701589;0.1996000707;-0.1907425225;2
5.181610415;-0.4019941986;1.354337573;11.6339035;5.189603748;-1.233488679;0.2374736816;-0.1834121495;2
5.183712238;-0.4450650215;1.397408366;11.81097221;5.191705571;-1.211497545;0.2826776803;-0.1748600453;2
5.185814061;-0.4689932466;1.450050473;11.99282742;5.193807446;-1.185841203;0.327881664;-0.1675296724;2
5.187915936;-0.4929214716;1.488335729;12.13161087;5.195909269;-1.162628412;0.3730856776;-0.1565341055;2
5.190017706;-0.5455635786;1.55054903;12.28475189;5.198011144;-1.138193846;0.420733124;-0.1455385387;2
5.192119529;-0.6029912829;1.617548108;12.40439224;5.200112915;-1.112537503;0.467158854;-0.1333212405;2
5.194221404;-0.6604190469;1.694118381;12.5048914;5.20221479;-1.088102937;0.5160280466;-0.1198822111;2
5.196323227;-0.7417750359;1.761117458;12.59103298;5.204316613;-1.062446594;0.5648971796;-0.1064431891;2
5.198425102;-0.8327022791;1.808973908;12.65324593;5.206418436;-1.039233685;0.6137663722;-0.08811724186;2
5.200526873;-0.94277215;1.856830359;12.69631672;5.208520259;-1.016020894;0.6565269232;-0.07101303339;2
5.202628748;-1.033699393;1.919043779;12.79202938;5.210622134;-0.9952514172;0.6968439817;-0.05146535859;2
5.204730571;-1.143769264;2.000399828;12.83988667;5.212723904;-0.9732602835;0.7286089659;-0.03069595434;2
5.206832394;-1.229910851;2.072184324;12.91167068;5.214825779;-0.956156075;0.7530435324;-0.01237001177;2
5.208934217;-1.292124271;2.139183521;12.93081379;5.216927602;-0.9402735829;0.7762564421;0.008399390616;2
5.211036092;-1.330409408;2.191825628;12.93559933;5.219029425;-0.9243911505;0.7945823669;0.02794706449;2
5.213137863;-1.344766378;2.225325108;12.94995594;5.221131248;-0.9097303748;0.8092431426;0.0438295491;2
5.215239738;-1.325623751;2.254039049;12.94038486;5.223233123;-0.9024000168;0.8190169334;0.0609337613;2
5.217341561;-1.296909928;2.268395901;12.87817192;5.225334946;-0.898734808;0.8251255751;0.07559451461;2
5.219443384;-1.287338614;2.297109842;12.82074356;5.227436769;-0.8950695992;0.8287907839;0.08781181276;2
5.221545206;-1.258624673;2.287538528;12.76331615;5.229538592;-0.8962913752;0.8275690675;0.09636391699;2
5.223647081;-1.249053478;2.282752752;12.75853062;5.231640467;-0.898734808;0.8263473511;0.1049160287;2
5.225748904;-1.229910851;2.254039049;12.72981644;5.23374229;-0.906065166;0.8190169334;0.1098029464;2
5.227850727;-1.225125194;2.220539331;12.72024536;5.235844113;-0.9097303748;0.8080213666;0.1134681329;2
5.22995255;-1.210768223;2.172683001;12.69153118;5.237945936;-0.9182825089;0.7921388745;0.1159115955;2
5.232054425;-1.220339537;2.129612207;12.69631672;5.240047759;-0.9256128669;0.7725912333;0.1171333194;2
5.234156248;-1.205982566;2.096112728;12.72981644;5.242149581;-0.9341649413;0.7444914579;0.1159115955;2
5.236258071;-1.201196909;2.06261301;12.77767277;5.244251404;-0.9390518665;0.7151699662;0.1134681329;2
5.238359894;-1.1820544;2.019542217;12.82074356;5.246353279;-0.9476040006;0.6809614897;0.1110246703;2
5.240461717;-1.143769264;2.01475668;12.86381435;5.248455102;-0.956156075;0.6406444311;0.1049160287;2
5.24256354;-1.095912814;1.976471543;12.91167068;5.250556925;-0.9622647166;0.5991056561;0.0988073796;2
5.244665363;-1.057627559;1.9812572;12.96909904;5.252658748;-0.9659299254;0.5465712547;0.09269873053;2
5.246767238;-0.9858429432;1.962114573;13.02652645;5.254760623;-0.9732602835;0.4977020919;0.08414662629;2
5.248869061;-0.9332008362;1.986042738;13.05045509;5.256862394;-0.9793689847;0.4427242577;0.07681624591;2
5.250970884;-0.8853443861;1.9812572;13.05524063;5.258964269;-0.9866993427;0.3901898861;0.06948586553;2
5.253072706;-0.8614161611;2.005185366;13.06002617;5.261066092;-0.9940297008;0.3388772309;0.0609337613;2
5.255174581;-0.8470591903;2.048256159;13.05524063;5.263167915;-1.003803492;0.2948949635;0.05482511222;2
5.257276352;-0.8327022791;2.053041935;13.02174091;5.265269738;-1.014799118;0.2533561587;0.05115992576;2
5.259378227;-0.8614161611;2.06261301;12.99302673;5.267371613;-1.029459834;0.2142608166;0.04993819445;2
5.26148005;-0.9044869542;2.072184324;12.96909904;5.269473436;-1.047785759;0.1800523996;0.04993819445;2
5.263581873;-1.004985452;2.053041935;12.91645622;5.271575259;-1.068555236;0.1507308781;0.05238165334;2
5.265683696;-1.110269666;2.053041935;12.86859989;5.273677134;-1.09054637;0.1299614757;0.05971203372;2
5.267785571;-1.229910851;2.057827473;12.81117249;5.275778956;-1.11375916;0.1128572673;0.06826414168;2
5.269887394;-1.339980721;2.072184324;12.75374508;5.277880779;-1.13697207;0.09941824526;0.08048143238;2
5.271989217;-1.45483613;2.081755638;12.73460197;5.279982602;-1.161406636;0.09086613357;0.09269873053;2
5.274091092;-1.540977836;2.086541414;12.79202938;5.282084425;-1.18339777;0.0847574845;0.1085812151;2
5.276192915;-1.617548108;2.086541414;12.8255291;5.284186248;-1.204167247;0.07864884287;0.1256854236;2
5.278294738;-1.665404558;2.105684042;12.89252853;5.286288123;-1.221271396;0.0737619251;0.1391244531;2
5.280396561;-1.703689694;2.11046958;12.9882412;5.288389946;-1.233488679;0.06276635826;0.1550069451;2
5.282498384;-1.708475351;2.124826431;13.12223911;5.290491769;-1.244484305;0.06032289565;0.1684459597;2
5.284600206;-1.698904037;2.134397745;13.30887985;5.292593592;-1.249371171;0.0542142503;0.1818849891;2
5.286702081;-1.674975872;2.134397745;13.53380489;5.294695415;-1.249371171;0.05299251899;0.1953240186;2
5.288803904;-1.627119422;2.124826431;13.72044468;5.29679729;-1.243262529;0.05177079141;0.2063195854;2
5.290905727;-1.569691658;2.11046958;13.94537067;5.298899113;-1.235932112;0.04688387364;0.2173151523;2
5.29300755;-1.497906923;2.072184324;14.18943787;5.301000936;-1.226158381;0.04444041103;0.2258672565;2
5.295109373;-1.397408366;2.029113531;14.40000629;5.303102759;-1.210275888;0.03833176568;0.2331976295;2
5.297211248;-1.320838094;1.9812572;14.62971783;5.305204581;-1.187062979;0.03222311661;0.2380845547;2
5.299313071;-1.201196909;1.914258122;14.85464287;5.307306404;-1.162628412;0.02367101051;0.2393062711;2
5.301414894;-1.091127157;1.832902193;15.07956791;5.309408279;-1.135750294;0.01389717404;0.2368628234;2
5.303516717;-0.9667003751;1.761117458;15.29970837;5.311510102;-1.102763653;0.007788525894;0.2331976295;2
5.30561854;-0.8327022791;1.684547186;15.50070477;5.313611925;-1.066111803;0.004123337101;0.2258672565;2
5.307720363;-0.70348984;1.622333765;15.72084522;5.315713748;-1.024572968;-0.001985310577;0.2136499584;2
5.309822238;-0.5886343718;1.555334687;15.90748501;5.317815571;-0.9769254923;-0.003207040019;0.2026543915;2
5.311924061;-0.4689932466;1.497906923;16.10369682;5.319917446;-0.9243911505;-0.004428769462;0.1892153621;2
5.314025884;-0.3828516304;1.445264935;16.27119446;5.322019269;-0.8694133162;-0.003207040019;0.1745546162;2
5.316127706;-0.2919243574;1.416550994;16.42433548;5.324121092;-0.8119919896;0.0004581485991;0.1586721241;2
5.318229529;-0.2057827413;1.40697968;16.54876137;5.326222915;-0.7496837974;0.005345067009;0.142789647;2
5.320331404;-0.1196411327;1.411765337;16.62533188;5.328324738;-0.6849321127;0.01023198478;0.1293506175;2
5.322433227;-0.06699903309;1.411765337;16.67318726;5.330426561;-0.6177369952;0.0175623633;0.119576782;2
5.32453505;-0.04307080805;1.421336651;16.66840172;5.332528436;-0.5505418777;0.02733619884;0.1098029464;2
5.326636873;-0.04785645381;1.416550994;16.67318726;5.334630259;-0.4845684767;0.04077522457;0.1049160287;2
5.328738696;-0.07178468257;1.445264935;16.61097527;5.336732081;-0.4210385382;0.05299251899;0.1036942974;2
5.330840519;-0.1387837082;1.473978758;16.53919029;5.338833904;-0.3599520624;0.07131846249;0.1036942974;2
5.332942394;-0.2201396823;1.507478237;16.3764782;5.340935727;-0.2988655865;0.09330959618;0.1085812151;2
5.335044217;-0.3254238665;1.536192179;16.2137661;5.343037602;-0.2426660359;0.1165224537;0.1146898642;2
5.33714604;-0.4115654826;1.584048629;16.04148293;5.345139425;-0.1913533956;0.1446222365;0.1244636998;2
5.339247863;-0.5024927258;1.636690736;15.83570004;5.347241248;-0.142484203;0.1751654744;0.1366809905;2
5.341349686;-0.6077769399;1.674975872;15.59641838;5.349343071;-0.09972367436;0.2032652497;0.146454826;2
5.343451561;-0.6652047038;1.741974831;15.36192131;5.351444894;-0.06062832847;0.2338084877;0.1574503928;2
5.345553384;-0.708275497;1.828116536;15.10349655;5.353546769;-0.02641990222;0.2606865466;0.1660024971;2
5.347655206;-0.7226324677;1.875972986;14.84507179;5.355648592;0.0016798781;0.2887863219;0.1745546162;2
5.349757029;-0.7226324677;1.938186288;14.59143257;5.357750415;0.02611446939;0.311999172;0.1843284518;2
5.351858852;-0.7130611539;2.000399828;14.37129307;5.359852238;0.04566214234;0.3291034102;0.1904370934;2
5.353960727;-0.7130611539;2.029113531;14.12243938;5.361954113;0.06032289565;0.3364337683;0.1977674663;2
5.35606255;-0.7226324677;2.0769701;13.91665649;5.364055936;0.07131846249;0.3352120519;0.2038761228;2
5.358164373;-0.679561615;2.124826431;13.7539444;5.366157759;0.07742711157;0.3266599476;0.2099847645;2
5.360266196;-0.679561615;2.153540373;13.45723438;5.368259581;0.0725401938;0.3107774556;0.2148716897;2
5.362368071;-0.6987041831;2.158325911;13.14616776;5.370361456;0.06765327603;0.2900080681;0.2222020626;2
5.364469894;-0.708275497;2.134397745;12.86381435;5.372463227;0.05177079141;0.2631300092;0.2295324355;2
5.366571717;-0.7130611539;2.11046958;12.57667542;5.374565102;0.03344484791;0.2313650399;0.2356410921;2
5.36867354;-0.6987041831;2.0769701;12.31346512;5.376666925;0.01023198478;0.1971566081;0.2441931963;2
5.370775415;-0.6652047038;2.100898266;12.03111267;5.378768748;-0.02153298259;0.161726445;0.2503018379;2
5.372877186;-0.6604190469;2.115255117;11.78704453;5.380870571;-0.05696314201;0.127518028;0.2551887631;2
5.374979061;-0.626919508;2.134397745;11.5334053;5.382972394;-0.09483675659;0.09330959618;0.2576322258;2
5.377080884;-0.5886343718;2.143969059;11.30369377;5.385074269;-0.1363755614;0.06643154472;0.2588539422;2
5.379182706;-0.5551348329;2.129612207;11.11226845;5.387176092;-0.1828012913;0.03955349326;0.2564104795;2
5.381284529;-0.4737788737;2.081755638;10.91605663;5.389277915;-0.2267835438;0.0175623633;0.2539670467;2
5.383386352;-0.4019941986;2.048256159;10.77727318;5.39137979;-0.2744309902;-0.0007635809598;0.2503018379;2
5.385488227;-0.3397808075;2.005185366;10.65284634;5.393481613;-0.3171915412;-0.02397644334;0.2466366589;2
5.38759005;-0.2536391914;2.005185366;10.55713367;5.395583436;-0.358730346;-0.04718930274;0.2405280024;2
5.389691873;-0.1722832322;2.000399828;10.50449181;5.397685259;-0.3990474045;-0.06185005978;0.2307541668;2
5.391793748;-0.06699903309;2.000399828;10.53799057;5.399787081;-0.4344775677;-0.0728456229;0.2222020626;2
5.393895571;0.05742774159;1.962114573;10.57627583;5.401888904;-0.4686860144;-0.08384118974;0.2112064958;2
5.395997394;0.1962114573;1.938186288;10.5858469;5.403990727;-0.4992292523;-0.09117157012;0.2002109289;2
5.398099217;0.2871387303;1.904686809;10.61456108;5.406092602;-0.5248855352;-0.09361502528;0.1879936308;2
5.40020104;0.3637090325;1.895115495;10.68634605;5.408194425;-0.5517635942;-0.09483675659;0.1745546162;2
5.402302863;0.4211367965;1.880758643;10.76291656;5.410296248;-0.571311295;-0.09117157012;0.1623373181;2
5.404404686;0.4546363056;1.856830359;10.85862923;5.412398071;-0.5871937871;-0.07895427197;0.1488982886;2
5.406506561;0.4929214716;1.780260086;10.96869946;5.414499894;-0.6018545032;-0.06185005978;0.1366809905;2
5.408608384;0.5024927258;1.684547186;11.09312534;5.416601717;-0.6104066372;-0.04474584386;0.1256854236;2
5.410710206;0.5264210105;1.607976794;11.20798111;5.418703592;-0.6152935624;-0.02275471389;0.1146898642;2
5.412812029;0.5407779217;1.517049551;11.35155106;5.420805415;-0.6091849208;-0.003207040019;0.1036942974;2
5.414913852;0.5264210105;1.450050473;11.56211948;5.42290729;-0.6030762792;0.02000582218;0.08903354406;2
5.417015675;0.5168496966;1.378265858;11.73440266;5.425009061;-0.5896372199;0.04321868345;0.07559451461;2
5.41911755;0.5264210105;1.277767301;11.9593277;5.427110936;-0.5725330114;0.06398808211;0.06337722391;2
5.421219373;0.5503492355;1.191625714;12.13639641;5.429212759;-0.5480984449;0.08353576064;0.04993819445;2
5.423321248;0.5407779217;1.124626637;12.3421793;5.431314581;-0.521220386;0.09941824526;0.03772090003;2
5.425423019;0.5264210105;1.03848505;12.53839111;5.433416404;-0.4894554019;0.1128572673;0.02306014486;2
5.427524894;0.5359922647;0.9714859724;12.71545982;5.435518227;-0.455246985;0.127518028;0.01206457894;2
5.429626717;0.5407779217;0.9092726111;12.85424328;5.437620102;-0.4185950756;0.1409570426;-0.0001527161949;2
5.43172854;0.5072783828;0.8279166222;12.99302673;5.439721925;-0.3807214797;0.1531743407;-0.009926552884;2
5.433830363;0.4594219327;0.7369893789;13.09352589;5.441823748;-0.3404043913;0.1666133702;-0.01970038936;2
5.435932186;0.3780659735;0.6699903607;13.16052437;5.443925571;-0.3000873327;0.181274116;-0.02458730713;2
5.438034061;0.2584248483;0.6029912829;13.2083807;5.446027394;-0.2597702444;0.1971566081;-0.02703076601;2
5.440135884;0.1292124242;0.5407779217;13.24188042;5.448129217;-0.2206749022;0.2093739063;-0.02703076601;2
5.442237706;-0.01914258115;0.5120640397;13.25623703;5.450231092;-0.1803578287;0.2179260105;-0.02336557768;2
5.444339529;-0.1292124242;0.4881358147;13.29452229;5.452332915;-0.1400407553;0.2215912044;-0.01970038936;2
5.446441352;-0.2440679073;0.4354937077;13.30887985;5.454434738;-0.1046105921;0.2215912044;-0.01359174121;2
5.448543175;-0.3349951804;0.4211367965;13.31845093;5.456536561;-0.06795870513;0.2167042792;-0.008704823442;2
5.45064505;-0.4115654826;0.4259224236;13.26580906;5.458638436;-0.03130681813;0.2118173689;-0.003817904973;2
5.452746873;-0.4785645306;0.4115654826;13.19880962;5.460740259;0.002901607659;0.204486981;0.001069013379;2
5.454848696;-0.5216353536;0.4115654826;13.09352589;5.462842081;0.03100138716;0.1983783394;0.005955931731;2
5.456950519;-0.5503492355;0.4019941986;12.97867012;5.464943904;0.05543597788;0.1959348768;0.01206457894;2
5.459052394;-0.5790630579;0.3828516304;12.8446722;5.467045727;0.07987056673;0.1898262352;0.01817322709;2
5.461154217;-0.6460621357;0.3780659735;12.67717457;5.469147602;0.09941824526;0.1886045039;0.02306014486;2
5.46325604;-0.6987041831;0.3780659735;12.54796219;5.471249425;0.1140789986;0.1824958473;0.02916879393;2
5.465357863;-0.784845829;0.3780659735;12.39482117;5.473351248;0.1250745654;0.1751654744;0.03527744114;2
5.467459686;-0.8470591903;0.3924229145;12.25603771;5.475453071;0.1336266696;0.1653916389;0.04138609022;2
5.469561561;-0.8853443861;0.4115654826;12.10768223;5.477554894;0.1397353113;0.154396072;0.04627300799;2
5.471663384;-0.9044869542;0.4019941986;11.95454216;5.479656717;0.1434005052;0.1385135949;0.05238165334;2
5.473765206;-0.8997012973;0.3828516304;11.80140114;5.481758592;0.1458439678;0.117744185;0.05482511222;2
5.475867029;-0.8853443861;0.3972085714;11.62911797;5.483860415;0.1470656991;0.09575305134;0.05604684353;2
5.477968852;-0.8422735929;0.3589234054;11.45683479;5.485962238;0.1446222365;0.0725401938;0.05604684353;2
5.480070675;-0.8039883971;0.3684946895;11.2941227;5.488064061;0.1397353113;0.04932733253;0.05482511222;2
5.48217255;-0.732203722;0.3684946895;11.17448139;5.490165936;0.1324049383;0.02000582218;0.05360338464;2
5.484274373;-0.679561615;0.3780659735;10.97827053;5.492267706;0.1214093715;-0.00565049937;0.05238165334;2
5.486376196;-0.626919508;0.3732803464;10.8107729;5.494369581;0.1091920808;-0.02641990222;0.04871646687;2
5.488478019;-0.6173482537;0.3780659735;10.60977554;5.496471404;0.09697478265;-0.04596757516;0.04627300799;2
5.490579894;-0.5982056856;0.3589234054;10.40877819;5.498573227;0.08231402934;-0.06062832847;0.0438295491;2
5.492681665;-0.6029912829;0.3493520916;10.26042366;5.500675102;0.06398808211;-0.07162389904;0.0426078178;2
5.49478354;-0.5934200287;0.3397808075;10.11206818;5.502776873;0.04688387364;-0.08139773458;0.0438295491;2
5.496885363;-0.5647061467;0.3493520916;9.973284721;5.504878748;0.02489273995;-0.08994983882;0.0438295491;2
5.498987186;-0.5551348329;0.3493520916;9.844072342;5.506980571;0.006566796452;-0.09483675659;0.04505127668;2
5.501089061;-0.5455635786;0.3397808075;9.734002113;5.509082394;-0.01542433538;-0.0972802192;0.0438295491;2
5.503190831;-0.5264210105;0.3158525825;9.609575272;5.511184217;-0.03497200832;-0.09605848789;0.0438295491;2
5.505292706;-0.5599204898;0.2919243574;9.528220177;5.513286092;-0.0557414107;-0.09483675659;0.04749473557;2
5.507394529;-0.5982056856;0.2823530734;9.466006279;5.515387915;-0.07162389904;-0.08750637621;0.04749473557;2
5.509496352;-0.6317051649;0.2536391914;9.432506561;5.517489738;-0.08994983882;-0.08628465235;0.04871646687;2
5.511598175;-0.6652047038;0.2392822653;9.427721024;5.519591561;-0.1033888608;-0.08139773458;0.05360338464;2
5.51370005;-0.6747759581;0.2392822653;9.44207859;5.521693384;-0.1131627038;-0.0740673542;0.05360338464;2
5.515801873;-0.6843472719;0.2249253243;9.470791817;5.523795259;-0.121714808;-0.06307178736;0.05604684353;2
5.517903696;-0.6652047038;0.2153540403;9.499505997;5.525897081;-0.1253799945;-0.05207622424;0.05726857483;2
5.520005519;-0.6364908218;0.1914258152;9.552147865;5.527998904;-0.1266017258;-0.03985892609;0.0609337613;2
5.522107342;-0.6173482537;0.1770688742;9.633503914;5.530100727;-0.1253799945;-0.02886336111;0.0621554926;2
5.524209217;-0.5982056856;0.1722832322;9.7196455;5.532202602;-0.1204930767;-0.01664606482;0.0621554926;2
5.52631104;-0.5647061467;0.1483550072;9.839286804;5.534304373;-0.1119409725;-0.003207040019;0.0609337613;2
5.528412863;-0.5264210105;0.1196411327;9.934999466;5.536406248;-0.09972367436;0.01145371422;0.05849030241;2
5.530514686;-0.4689932466;0.08614161611;10.04028416;5.538508071;-0.08628465235;0.0175623633;0.05604684353;2
5.532616561;-0.4067798555;0.0382851623;10.16949654;5.540609894;-0.06795870513;0.02489273995;0.04993819445;2
5.534718331;-0.3206382394;-0.0143569354;10.27956581;5.542711717;-0.04963276163;0.02977965772;0.04627300799;2
5.536820206;-0.2249253243;-0.06699903309;10.39920712;5.54481354;-0.03008509055;0.0358883068;0.03649916872;2
5.538922029;-0.1531406492;-0.1148554832;10.49013424;5.546915415;-0.008093958721;0.03955349326;0.02794706449;2
5.541023852;-0.06699903309;-0.1627119333;10.5858469;5.549017238;0.01389717404;0.04321868345;0.01939495653;2
5.543125675;-0.004785645287;-0.2009970993;10.64327526;5.551119061;0.03833176568;0.04688387364;0.007177661173;2
5.545227498;0.06699903309;-0.2584248483;10.72941685;5.553220884;0.06154462695;0.05299251899;-0.006261364091;2
5.547329373;0.1052841991;-0.3206382394;10.78205872;5.555322759;0.0859792158;0.05910116807;-0.02214384824;2
5.549431196;0.1579262912;-0.3589234054;10.84427261;5.557424581;0.111635536;0.06032289565;-0.03802633286;2
5.551533019;0.2201396823;-0.4259224236;10.87298584;5.559526404;0.134848401;0.06520981342;-0.05513054505;2
5.553634842;0.2488535494;-0.4785645306;10.8682003;5.561628227;0.1605047137;0.06765327603;-0.07467821985;2
5.555736717;0.2823530734;-0.5407779217;10.85384369;5.56373005;0.1800523996;0.06765327603;-0.09422589093;2
5.55783854;0.3014956415;-0.5886343718;10.8107729;5.565831873;0.204486981;0.06643154472;-0.1125518382;2
5.559940363;0.3206382394;-0.6364908218;10.76291656;5.567933748;0.2240346521;0.06398808211;-0.1308777779;2
5.562042186;0.3158525825;-0.6699903607;10.68634605;5.570035571;0.2399171442;0.06520981342;-0.1492037177;2
5.564144009;0.2967100143;-0.6747759581;10.57149029;5.572137394;0.2594648004;0.06398808211;-0.1638644785;2
5.566245831;0.2536391914;-0.679561615;10.48056316;5.574239217;0.2716821134;0.06276635826;-0.1748600453;2
5.568347706;0.1914258152;-0.6699903607;10.36092186;5.576341092;0.2838993967;0.06276635826;-0.1870773435;2
5.570449529;0.1148554832;-0.6412764788;10.24128056;5.578442863;0.2924515009;0.06520981342;-0.1931859851;2
5.572551352;0.03349951655;-0.5838487148;10.12164021;5.580544686;0.2997818887;0.06520981342;-0.1980729103;2
5.574653175;-0.04307080805;-0.5359922647;9.978070259;5.582646561;0.3046688139;0.06887500733;-0.200516358;2
5.57675505;-0.1483550072;-0.4642075896;9.815358162;5.584748384;0.3022253513;0.07620538026;-0.2029598206;2
5.578856821;-0.2488535494;-0.4019941986;9.667003632;5.586850206;0.3010036349;0.07987056673;-0.2017380893;2
5.580958644;-0.3445664644;-0.3254238665;9.494720459;5.588952081;0.2961167097;0.09086613357;-0.1992946416;2
5.583060519;-0.4402793646;-0.2440679073;9.332008362;5.591053852;0.2863428593;0.104305163;-0.196851179;2
5.585162342;-0.5407779217;-0.1962114573;9.183652878;5.593155727;0.277790755;0.117744185;-0.1895207912;2
5.587264165;-0.6125625968;-0.1100698411;9.035298347;5.59525755;0.2667951882;0.1360701323;-0.1834121495;2
5.58936604;-0.6987041831;-0.05264209956;8.891729355;5.597359373;0.2533561587;0.1519526094;-0.1748600453;2
5.591467811;-0.784845829;0.02871387079;8.776873589;5.599461248;0.2374736816;0.1690568328;-0.1663079411;2
5.593569686;-0.8422735929;0.07178468257;8.604590416;5.601563071;0.2215912044;0.1837175786;-0.1565341055;2
5.595671509;-0.9140582681;0.1244267747;8.499305725;5.603664894;0.204486981;0.1996000707;-0.1479819864;2
5.597773331;-0.9571290612;0.1579262912;8.403593063;5.605766717;0.1861610413;0.2118173689;-0.1369864196;2
5.599875206;-1.009771109;0.1914258152;8.341380119;5.607868592;0.1666133702;0.2228129357;-0.1284343153;2
5.601977029;-1.048056364;0.2297109663;8.264809608;5.609970415;0.1482874304;0.2313650399;-0.1174387559;2
5.604078852;-1.091127157;0.2632105052;8.202595711;5.612072238;0.1287397593;0.2411388755;-0.1052214578;2
5.606180675;-1.129412293;0.2871387303;8.178668022;5.614174061;0.1091920808;0.2460257858;-0.09666935354;2
5.60828255;-1.162911773;0.3158525825;8.173882484;5.616275884;0.09086613357;0.2484692484;-0.0856737867;2
5.610384373;-1.220339537;0.3302095234;8.169096947;5.618377706;0.07131846249;0.2496909797;-0.07467821985;2
5.612486196;-1.282552958;0.3589234054;8.21216774;5.620479529;0.04932733253;0.2448040545;-0.06368265301;2
5.614588019;-1.335195065;0.3684946895;8.269595146;5.622581404;0.03466657549;0.2399171442;-0.05390881747;2
5.616689842;-1.383051515;0.3972085714;8.317451477;5.624683227;0.01511890348;0.2289215773;-0.04169152305;2
5.618791665;-1.450050473;0.4115654826;8.422736168;5.626785102;0.0004581485991;0.2154825479;-0.03069595434;2
5.620893488;-1.483550072;0.4163511395;8.480163574;5.628886925;-0.01664606482;0.1971566081;-0.0209221188;2
5.622995363;-1.497906923;0.4307080805;8.575876236;5.630988696;-0.02886336111;0.1727220118;-0.01237001177;2
5.625097186;-1.507478237;0.4402793646;8.662017822;5.633090571;-0.04230238497;0.1397353113;-0.005039634649;2
5.627199061;-1.497906923;0.4307080805;8.752944946;5.635192394;-0.05329795182;0.104305163;0.00351247238;2
5.629300884;-1.493121386;0.4354937077;8.800801277;5.637294217;-0.06307178736;0.07131846249;0.0108428495;2
5.631402654;-1.488335729;0.4307080805;8.877371788;5.63939604;-0.07528908551;0.03100138716;0.01817322709;2
5.633504529;-1.469193101;0.4402793646;8.949156761;5.641497863;-0.08628465235;-0.00565049937;0.02183841541;2
5.635606352;-1.459621787;0.4307080805;8.977870941;5.643599738;-0.0972802192;-0.04230238497;0.02672533318;2
5.637708175;-1.430907965;0.4307080805;8.987442017;5.645701561;-0.1107192412;-0.0740673542;0.03527744114;2
5.639809998;-1.411765337;0.4450650215;9.020941734;5.647803384;-0.1253799945;-0.1033888608;0.04016435891;2
5.641911821;-1.397408366;0.4402793646;9.020941734;5.649905206;-0.1363755614;-0.1278234571;0.0438295491;2
5.644013696;-1.387837172;0.4402793646;9.035298347;5.652007029;-0.1498145908;-0.1461493969;0.04871646687;2
5.646115519;-1.383051515;0.4211367965;9.064012527;5.654108904;-0.165697068;-0.1595884264;0.05238165334;2
5.648217342;-1.344766378;0.4211367965;9.068798065;5.656210727;-0.1779143661;-0.1705839932;0.05726857483;2
5.650319165;-1.325623751;0.4211367965;9.083154678;5.65831255;-0.1876882017;-0.1803578287;0.0621554926;2
5.652420988;-1.306481123;0.4067798555;9.121439934;5.660414373;-0.1999054998;-0.188909933;0.06704241037;2
5.654522863;-1.282552958;0.4019941986;9.183652878;5.662516248;-0.2096793354;-0.1925751269;0.06948586553;2
5.656624686;-1.258624673;0.3876372576;9.255437851;5.664618071;-0.2194531709;-0.1962403059;0.07315105945;2
5.658726509;-1.244267821;0.3780659735;9.351150513;5.666719894;-0.2243400961;-0.2023489624;0.07925970852;2
5.660828331;-1.234696507;0.3780659735;9.451649666;5.668821717;-0.2267835438;-0.2084576041;0.08414662629;2
5.662930206;-1.220339537;0.3541377485;9.566504478;5.67092354;-0.2292270064;-0.2145662606;0.08781181276;2
5.665032029;-1.205982566;0.3732803464;9.729216576;5.673025363;-0.2280052751;-0.2194531709;0.09025526792;2
5.667133852;-1.186840057;0.4019941986;9.853643417;5.675127186;-0.2206749022;-0.2280052751;0.09392046183;2
5.669235675;-1.172483087;0.4067798555;10.01156998;5.677229061;-0.2145662606;-0.2377791107;0.09636391699;2
5.671337498;-1.143769264;0.4067798555;10.164711;5.679330884;-0.2096793354;-0.2475529462;0.0975856483;2
5.673439321;-1.105484009;0.4019941986;10.29392338;5.681432706;-0.1999054998;-0.258548528;0.0988073796;2
5.675541144;-1.0863415;0.3924229145;10.4279213;5.683534529;-0.1901316643;-0.2671006322;0.1012508348;2
5.677643019;-1.043270707;0.4019941986;10.54277611;5.685636352;-0.1828012913;-0.2732092738;0.1024725661;2
5.679744842;-0.9954141974;0.3972085714;10.60020447;5.687738227;-0.1718057245;-0.2805396616;0.1036942974;2
5.681846665;-0.9714859724;0.3876372576;10.66241741;5.68984005;-0.1632536054;-0.2866483033;0.1073594838;2
5.683948488;-0.9140582681;0.3924229145;10.70070267;5.691941873;-0.158366695;-0.2878700197;0.1085812151;2
5.686050311;-0.8709874153;0.4019941986;10.7677021;5.694043696;-0.1498145908;-0.2854265571;0.1085812151;2
5.688152186;-0.8183453679;0.4163511395;10.78205872;5.696145519;-0.1461493969;-0.2829830945;0.1085812151;2
5.690254009;-0.756131947;0.4115654826;10.82991505;5.698247394;-0.1400407553;-0.2768744528;0.1073594838;2
5.692355831;-0.6987041831;0.4402793646;10.85862923;5.700349217;-0.1363755614;-0.2707658112;0.1049160287;2
5.694457654;-0.6221339107;0.4689932466;10.88255692;5.70245104;-0.131488651;-0.262213707;0.1012508348;2
5.696559477;-0.5551348329;0.5024927258;10.90648556;5.704552863;-0.1278234571;-0.2524398565;0.09636391699;2
5.698661352;-0.4642075896;0.5407779217;10.94955635;5.706654686;-0.1266017258;-0.2402225733;0.09147699922;2
5.700763175;-0.3828516304;0.5647061467;10.96391296;5.708756561;-0.1253799945;-0.231670469;0.08536835015;2
5.702864998;-0.3062812984;0.5742774606;10.98305607;5.710858384;-0.1266017258;-0.2218966335;0.08048143238;2
5.704966821;-0.2488535494;0.5934200287;10.99262714;5.712960206;-0.1278234571;-0.2072358727;0.07681624591;2
5.707068644;-0.1962114573;0.6221339107;10.99262714;5.715062029;-0.1278234571;-0.188909933;0.07192932814;2
5.709170519;-0.1531406492;0.6460621357;11.01177025;5.717163904;-0.1302669197;-0.1681405306;0.06826414168;2
5.711272342;-0.1148554832;0.679561615;11.03569794;5.719265727;-0.1327103674;-0.1461493969;0.06582067907;2
5.713374165;-0.05264209956;0.70348984;11.07398319;5.72136755;-0.1363755614;-0.121714808;0.06459894776;2
5.715475988;-0.02871387079;0.7274180651;11.15533924;5.723469373;-0.1363755614;-0.09117157012;0.05971203372;2
5.717577863;0.0;0.756131947;11.26540947;5.725571196;-0.1375972927;-0.06307178736;0.05849030241;2
5.719679686;0.04785645381;0.7657032609;11.33719349;5.727673019;-0.1363755614;-0.03619373962;0.05482511222;2
5.721781509;0.06699903309;0.7704889178;11.40897846;5.729774842;-0.1339320987;-0.01420260593;0.05238165334;2
5.723883331;0.08614161611;0.813559711;11.49990559;5.731876717;-0.1339320987;0.004123337101;0.05115992576;2
5.725985154;0.1148554832;0.8566305041;11.65783215;5.73397854;-0.1266017258;0.01878409274;0.04749473557;2
5.728086977;0.1244267747;0.8949156404;11.80140114;5.736080363;-0.121714808;0.03100138716;0.04505127668;2
5.7301888;0.1387837082;0.9379864931;11.91147137;5.738182186;-0.1180496216;0.03955349326;0.0426078178;2
5.732290675;0.1531406492;0.9906286001;12.03589821;5.740284009;-0.1168278903;0.05177079141;0.04016435891;2
5.734392498;0.1914258152;1.019342422;12.12682533;5.742385884;-0.115606159;0.06276635826;0.04016435891;2
5.736494321;0.2105683982;1.057627559;12.20818138;5.744487706;-0.115606159;0.0725401938;0.04138609022;2
5.738596144;0.2536391914;1.091127157;12.28475189;5.746589529;-0.1168278903;0.0847574845;0.03894263133;2
5.740697967;0.2775674164;1.124626637;12.33739376;5.748691352;-0.1204930767;0.09575305134;0.04016435891;2
5.742799842;0.3110669553;1.16769743;12.40917778;5.750793175;-0.1253799945;0.1079703495;0.04016435891;2
5.744901665;0.3302095234;1.225125194;12.51924801;5.752894998;-0.1290451884;0.1189659163;0.03772090003;2
5.747003488;0.3397808075;1.268195987;12.63888931;5.754996873;-0.1339320987;0.1262962967;0.03527744114;2
5.749105311;0.3637090325;1.320838094;12.81117249;5.757098696;-0.138819024;0.1336266696;0.03161225095;2
5.751207134;0.3493520916;1.363908887;12.9882412;5.759200571;-0.1449276656;0.1336266696;0.02794706449;2
5.753308956;0.3445664644;1.402194023;13.26102352;5.761302394;-0.1485928595;0.131183207;0.02183841541;2
5.755410831;0.3206382394;1.421336651;13.55773354;5.763404217;-0.1473711282;0.1189659163;0.0157297682;2
5.757512654;0.2823530734;1.440479279;13.85922909;5.76550604;-0.1485928595;0.09819651395;0.005955931731;2
5.759614529;0.2584248483;1.469193101;14.19422436;5.767607863;-0.142484203;0.06398808211;-0.003817904973;2
5.761716352;0.2392822653;1.488335729;14.49571991;5.769709686;-0.1327103674;0.02489273995;-0.01725693047;2
5.763818175;0.2679961324;1.50269258;14.86421394;5.771811509;-0.1192713454;-0.02275471389;-0.03069595434;2
5.765919998;0.2727817893;1.488335729;15.18963814;5.773913384;-0.1009454057;-0.0728456229;-0.04413498193;2
5.768021821;0.3158525825;1.493121386;15.53420448;5.776015206;-0.07651081681;-0.1278234571;-0.05879573524;2
5.770123644;0.3349951804;1.459621787;15.83570004;5.778117029;-0.05329795182;-0.18157956;-0.07345648855;2
5.772225467;0.3445664644;1.445264935;16.12283897;5.780218904;-0.02886336111;-0.2365573794;-0.08811724186;2
5.774327342;0.3302095234;1.445264935;16.39083481;5.782320727;-0.0007635809598;-0.2805396616;-0.0991128087;2
5.776429165;0.2679961324;1.435693622;16.64925957;5.78442255;0.02733619884;-0.3233001828;-0.1113301069;2
5.778530988;0.1866401732;1.450050473;16.88854218;5.786524373;0.0542142503;-0.358730346;-0.1198822111;2
5.780632863;0.08614161611;1.473978758;17.09911156;5.788626196;0.08353576064;-0.3880518377;-0.1296560466;2
5.782734686;-0.01914258115;1.526620865;17.30489349;5.790728019;0.1128572673;-0.4137081802;-0.1357647032;2
5.784836509;-0.1292124242;1.607976794;17.47717667;5.792829842;0.1421787739;-0.4320341051;-0.1406516135;2
5.786938331;-0.2344966233;1.703689694;17.63510323;5.794931717;0.1727220118;-0.4466948807;-0.1430950761;2
5.789040154;-0.3493520916;1.789831281;17.74995804;5.79703354;0.2057087123;-0.458912164;-0.1443168074;2
5.791141977;-0.4402793646;1.880758643;17.89352798;5.799135363;0.2374736816;-0.4686860144;-0.1418733448;2
5.7932438;-0.5216353536;1.938186288;17.99881172;5.801237186;0.2716821134;-0.4699077308;-0.1382081509;2
5.795345675;-0.5838487148;1.990828395;18.108881;5.803339061;0.3058905303;-0.4650208056;-0.1320995092;2
5.797447498;-0.6843472719;2.067398787;18.2093811;5.805440831;0.3425424397;-0.458912164;-0.1211039424;2
5.799549321;-0.7704889178;2.129612207;18.26680756;5.807542706;0.377972573;-0.4454731345;-0.1125518382;2
5.801651144;-0.8949156404;2.153540373;18.3481636;5.809644529;0.4158461988;-0.4332558513;-0.1015562713;2
5.803753019;-0.9762716293;2.191825628;18.42951965;5.811746352;0.4524980783;-0.4173733592;-0.08933897316;2
5.80585479;-1.03848505;2.239681959;18.5108757;5.813848227;0.4915934205;-0.4039343297;-0.07834340632;2
5.807956665;-1.0863415;2.287538528;18.60658836;5.815949998;0.5294670463;-0.3929387629;-0.06612611562;2
5.810058488;-1.0863415;2.306680918;18.64008904;5.818051873;0.5661189556;-0.3856084049;-0.05635227636;2
5.812160311;-1.110269666;2.321038008;18.6735878;5.820153696;0.601549089;-0.378278017;-0.0478001684;2
5.814262186;-1.110269666;2.316252232;18.70230103;5.822255519;0.6369792223;-0.3770562708;-0.04046979174;2
5.816363956;-1.105484009;2.311466694;18.66880226;5.824357342;0.6699659228;-0.3794997334;-0.03436114267;2
5.818465831;-1.071984529;2.297109842;18.62094498;5.826459165;0.6992874742;-0.3807214797;-0.0294742249;2
5.820567654;-1.043270707;2.287538528;18.59223175;5.82856104;0.7286089659;-0.3794997334;-0.02458730713;2
5.822669477;-0.9858429432;2.273181438;18.50130463;5.830662863;0.751821816;-0.3831649423;-0.02214384824;2
5.8247713;-0.9762716293;2.268395901;18.40559196;5.832764686;0.7762564421;-0.3831649423;-0.0209221188;2
5.826873123;-0.9236295223;2.277967215;18.27637863;5.834866509;0.7970257998;-0.3807214797;-0.01970038936;2
5.828974998;-0.8805587292;2.268395901;18.13281059;5.836968384;0.8116865754;-0.3794997334;-0.01847865991;2
5.831076821;-0.837487936;2.30189538;17.97966957;5.839070154;0.8263473511;-0.3758345544;-0.01847865991;2
5.833178644;-0.756131947;2.316252232;17.82174301;5.841172029;0.8397863507;-0.3709476292;-0.0209221188;2
5.835280467;-0.679561615;2.321038008;17.62553215;5.843273852;0.8471167088;-0.3709476292;-0.02458730713;2
5.837382342;-0.5934200287;2.335394859;17.43410492;5.845375675;0.85322541;-0.3672824502;-0.02825249545;2
5.839484113;-0.5120640397;2.344966173;17.21875191;5.84747755;0.8568905592;-0.3660607338;-0.03558287397;2
5.841585988;-0.4163511395;2.325823545;16.98425484;5.849579373;0.8617774844;-0.3660607338;-0.04169152305;2
5.843687811;-0.3254238665;2.321038008;16.76411629;5.851681196;0.8617774844;-0.3660607338;-0.05024362728;2
5.845789634;-0.2536391914;2.30189538;16.55354691;5.853783019;0.860555768;-0.3672824502;-0.05390881747;2
5.847891509;-0.2632105052;2.287538528;16.3764782;5.855884842;0.8568905592;-0.3685041666;-0.05390881747;2
5.849993331;-0.3110669553;2.282752752;16.24247932;5.857986665;0.8556688428;-0.3709476292;-0.0490218997;2
5.852095154;-0.4115654826;2.306680918;16.12762451;5.860088488;0.852003634;-0.374612838;-0.04169152305;2
5.854196977;-0.5694918036;2.311466694;16.09412575;5.862190363;0.8458949924;-0.3794997334;-0.0294742249;2
5.8562988;-0.7513462901;2.330609322;16.12283897;5.864292186;0.8434515595;-0.3917170465;-0.01359174121;2
5.858400623;-0.94277215;2.354537487;16.18026733;5.866394009;0.8410080671;-0.3990474045;0.004734201822;2
5.860502446;-1.11984098;2.354537487;16.28076553;5.868495831;0.8422298431;-0.4112647176;0.02306014486;2
5.862604321;-1.239482164;2.325823545;16.3142643;5.870597706;0.8446732759;-0.4234820008;0.03894263133;2
5.864706144;-1.368694544;2.258824587;16.35255051;5.872699529;0.8495602012;-0.4418079555;0.05726857483;2
5.866807967;-1.349551916;2.201396942;16.43390656;5.874801352;0.8617774844;-0.4601338804;0.07192932814;2
5.86890979;-1.296909928;2.124826431;16.52483368;5.876903175;0.8788816929;-0.4796815813;0.08414662629;2
5.871011665;-1.210768223;2.038684845;16.64447403;5.879004998;0.8935424685;-0.5028944016;0.09025526792;2
5.873113488;-1.095912814;1.952543259;16.74975777;5.881106821;0.917977035;-0.5236638188;0.09392046183;2
5.875215311;-0.9236295223;1.842473388;16.82154274;5.883208696;0.944855094;-0.5419898033;0.09392046183;2
5.877317134;-0.7800601721;1.694118381;16.86940002;5.885310519;0.9729548693;-0.5603157282;0.09025526792;2
5.879418956;-0.5838487148;1.517049551;16.90289879;5.887412342;1.008385062;-0.5761982203;0.08414662629;2
5.881520779;-0.4067798555;1.339980721;16.93161392;5.889514165;1.045036912;-0.5896372199;0.07192932814;2
5.883622654;-0.2297109663;1.205982566;16.90289879;5.891615988;1.081688762;-0.5945241451;0.05971203372;2
5.885724477;-0.09571290761;1.076770186;16.85982895;5.893717863;1.118340731;-0.5969675779;0.04505127668;2
5.8878263;0.0765703246;0.9858429432;16.79282951;5.895819686;1.152549148;-0.5945241451;0.03039052337;2
5.889928123;0.1962114573;0.8997012973;16.63011742;5.897921509;1.19164443;-0.5859720111;0.01450803876;2
5.892029946;0.3110669553;0.8470591903;16.43869209;5.900023331;1.227074623;-0.5688678026;-0.0001527161949;2
5.894131821;0.4019941986;0.784845829;16.26640892;5.902125154;1.260061383;-0.5456549525;-0.01359174121;2
5.896233644;0.4498506486;0.7274180651;16.05583954;5.904227029;1.2942698;-0.5163334608;-0.02336557768;2
5.898335467;0.4498506486;0.6987041831;15.82134342;5.906328852;1.324813008;-0.4821250141;-0.03436114267;2
5.90043729;0.4307080805;0.6652047038;15.60598946;5.908430675;1.356577992;-0.4466948807;-0.04291325063;2
5.902539113;0.3828516304;0.6652047038;15.37149239;5.910532498;1.387121201;-0.408821255;-0.0478001684;2
5.904640988;0.3637090325;0.650847733;15.18963814;5.912634373;1.416442752;-0.3709476292;-0.05268708616;2
5.906742811;0.3349951804;0.6747759581;14.99821186;5.914736196;1.44698596;-0.3342957497;-0.05757400393;2
5.908844634;0.3014956415;0.7178468108;14.79721546;5.916838019;1.477529168;-0.2976438701;-0.06368265301;2
5.910946456;0.2727817893;0.7465606928;14.58664703;5.918939842;1.505628943;-0.2671006322;-0.06856957078;2
5.913048331;0.2392822653;0.7513462901;14.33300781;5.921041717;1.532507062;-0.2341139317;-0.07223475724;2
5.915150154;0.1914258152;0.7465606928;14.0362978;5.923143488;1.556941628;-0.2035706937;-0.07712167501;2
5.917251977;0.2105683982;0.7800601721;13.77787304;5.925245363;1.578932762;-0.1779143661;-0.08200860023;2
5.9193538;0.2344966233;0.8183453679;13.53380489;5.927347186;1.598480463;-0.1559232324;-0.086895518;2
5.921455675;0.2536391914;0.8327022791;13.25145149;5.929449009;1.614362955;-0.1339320987;-0.09056070447;2
5.923557446;0.2488535494;0.8183453679;12.92602825;5.931550831;1.62291503;-0.1143844277;-0.09422589093;2
5.925659321;0.2105683982;0.7944171429;12.58146191;5.933652654;1.624136686;-0.09361502528;-0.0978910774;2
5.927761144;0.1531406492;0.7465606928;12.23689461;5.935754529;1.621693254;-0.07528908551;-0.0978910774;2
5.929862967;0.05742774159;0.70348984;11.89232826;5.937856352;1.610697746;-0.05818486959;-0.09666935354;2
5.93196479;-0.05742774159;0.6412764788;11.53819084;5.939958175;1.597258687;-0.04841103405;-0.09422589093;2
5.934066613;-0.1674975902;0.6077769399;11.22233772;5.942059998;1.576489329;-0.04230238497;-0.09300415963;2
5.936168488;-0.2488535494;0.6173482537;10.87298584;5.944161873;1.554498196;-0.03619373962;-0.09178243577;2
5.938270311;-0.2967100143;0.6460621357;10.60020447;5.946263696;1.528841853;-0.03252854943;-0.09056070447;2
5.940372134;-0.3445664644;0.6556333899;10.29870892;5.948365519;1.500742078;-0.03375028074;-0.09178243577;2
5.942473956;-0.4019941986;0.6604190469;10.02114105;5.950467342;1.471420527;-0.0374154672;-0.09056070447;2
5.944575831;-0.4259224236;0.6604190469;9.74835968;5.952569165;1.444542527;-0.04108065739;-0.09300415963;2
5.946677654;-0.4163511395;0.6556333899;9.561718941;5.954670988;1.416442752;-0.04352411628;-0.09544762224;2
5.948779477;-0.3972085714;0.6364908218;9.394221306;5.956772811;1.390786409;-0.04596757516;-0.09544762224;2
5.9508813;-0.4163511395;0.6125625968;9.265008926;5.958874686;1.365130067;-0.04230238497;-0.09666935354;2
5.952983123;-0.4642075896;0.5742774606;9.17886734;5.960976509;1.3406955;-0.03252854943;-0.09422589093;2
5.955084946;-0.5647061467;0.5359922647;9.107083321;5.963078331;1.318704367;-0.02764163166;-0.08933897316;2
5.957186769;-0.6652047038;0.4785645306;9.073583603;5.965180154;1.301600099;-0.02153298259;-0.08445205539;2
5.959288644;-0.7704889178;0.4689932466;9.00179863;5.967281977;1.286939383;-0.02031125315;-0.07712167501;2
5.961390467;-0.8997012973;0.4402793646;9.006584167;5.969383852;1.275943756;-0.01786779426;-0.06979130208;2
5.96349229;-1.000199914;0.4594219327;9.011369705;5.971485675;1.266170025;-0.02031125315;-0.05757400393;2
5.965594113;-1.105484009;0.4785645306;9.020941734;5.973587498;1.264948249;-0.02641990222;-0.04413498193;2
5.967695936;-1.196411371;0.5264210105;9.035298347;5.975689321;1.262504816;-0.03252854943;-0.02825249545;2
5.969797811;-1.292124271;0.5694918036;9.078369141;5.977791196;1.263726473;-0.0374154672;-0.01237001177;2
5.971899634;-1.363908887;0.5886343718;9.073583603;5.979893019;1.266170025;-0.03985892609;0.004734201822;2
5.974001456;-1.421336651;0.6221339107;9.116654396;5.981994842;1.268613458;-0.03985892609;0.02672533318;2
5.976103279;-1.517049551;0.6364908218;9.198010445;5.984096665;1.277165532;-0.04230238497;0.04871646687;2
5.978205154;-1.607976794;0.6364908218;9.288937569;5.986198488;1.286939383;-0.04596757516;0.07192932814;2
5.980306977;-1.703689694;0.6317051649;9.389435768;5.988300363;1.29793489;-0.05329795182;0.09269873053;2
5.9824088;-1.770688772;0.6221339107;9.518648148;5.990402186;1.313817382;-0.05085449293;0.1110246703;2
5.984510623;-1.804188251;0.5886343718;9.695717812;5.992504009;1.334586859;-0.05207622424;0.1305723488;2
5.986612446;-1.813759565;0.5312066078;9.853643417;5.994605831;1.361464858;-0.05451968312;0.146454826;2
5.988714321;-1.785045743;0.4642075896;9.968499184;5.996707654;1.392008066;-0.05940660089;0.1586721241;2
5.990816144;-1.727617979;0.3876372576;10.04985523;5.998809529;1.42377305;-0.07040216774;0.169667691;2
5.992917967;-1.670190215;0.3206382394;10.13121128;6.000911352;1.461646676;-0.08506292105;0.1794415265;2
5.99501979;-1.593619823;0.2488535494;10.26042366;6.003013175;1.504407287;-0.102167137;0.1879936308;2
5.997121613;-1.507478237;0.1674975902;10.31785107;6.005114998;1.547167778;-0.115606159;0.1941022873;2
5.999223488;-1.416550994;0.0382851623;10.36092186;6.007216821;1.593593478;-0.1363755614;0.1953240186;2
6.001325311;-1.320838094;-0.08135596663;10.38006496;6.009318644;1.641240954;-0.1510363221;0.2002109289;2
6.003427134;-1.220339537;-0.2105683982;10.3226366;6.011420519;1.688888431;-0.1693622619;0.1989891976;2
6.005528956;-1.143769264;-0.3110669553;10.21735287;6.013522342;1.735314131;-0.18157956;0.1977674663;2
6.007630779;-1.076770186;-0.3780659735;10.09771156;6.015624165;1.781739831;-0.1925751269;0.1953240186;2
6.009732602;-1.004985452;-0.4307080805;9.906285286;6.017725988;1.825722098;-0.1925751269;0.192880556;2
6.011834477;-0.9523434043;-0.5120640397;9.686145782;6.019827811;1.866039157;-0.188909933;0.1892153621;2
6.0139363;-0.9044869542;-0.5694918036;9.418149948;6.021929634;1.906356215;-0.1840230078;0.1879936308;2
6.016038123;-0.8853443861;-0.6029912829;9.126225471;6.024031509;1.9381212;-0.1742491722;0.1867718995;2
6.018139946;-0.8614161611;-0.6221339107;8.796015739;6.026133331;1.966220975;-0.1644753367;0.1867718995;2
6.020241769;-0.8470591903;-0.626919508;8.46102047;6.028235154;1.993099093;-0.1510363221;0.1867718995;2
6.022343592;-0.8183453679;-0.6077769399;8.149953842;6.030336977;2.012646675;-0.1302669197;0.1867718995;2
6.024445467;-0.7944171429;-0.5838487148;7.767102242;6.0324388;2.026085854;-0.1107192412;0.1879936308;2
6.02654729;-0.7513462901;-0.5359922647;7.345965385;6.034540675;2.037081242;-0.09117157012;0.1892153621;2
6.028649113;-0.6987041831;-0.4785645306;6.924828529;6.036642498;2.037081242;-0.07040216774;0.1892153621;2
6.030750936;-0.626919508;-0.3924229145;6.50369215;6.038744321;2.033416033;-0.04596757516;0.1892153621;2
6.032852759;-0.5455635786;-0.3445664644;6.092126369;6.040846144;2.022420645;-0.0190895237;0.1867718995;2
6.034954634;-0.4546363056;-0.2775674164;5.647061348;6.042948019;2.007759809;0.005345067009;0.1867718995;2
6.037056456;-0.3780659735;-0.1962114573;5.201996326;6.045049842;1.983325243;0.03100138716;0.1867718995;2
6.039158279;-0.3110669553;-0.1435693651;4.766502857;6.047151665;1.955225468;0.0542142503;0.1831067204;2
6.041260102;-0.2679961324;-0.08614161611;4.39800787;6.049253488;1.92468226;0.07987056673;0.1794415265;2
6.043361977;-0.2201396823;-0.04307080805;4.058227062;6.051355311;1.886808634;0.1030834317;0.1745546162;2
6.0454638;-0.1483550072;-0.009571290575;3.75673151;6.053457186;1.847713232;0.1250745654;0.169667691;2
6.047565623;-0.1004985496;0.01914258115;3.464807272;6.055559009;1.803730965;0.1458439678;0.1660024971;2
6.049667446;-0.05742774159;0.04307080805;3.14895463;6.057660831;1.760970473;0.1641699076;0.1598938555;2
6.051769269;-0.03349951655;0.09092725813;2.900100946;6.059762654;1.713322997;0.177608937;0.1537852138;2
6.053871144;-0.02871387079;0.1339980662;2.727817774;6.061864477;1.668118954;0.1837175786;0.146454826;2
6.055972967;0.0143569354;0.1531406492;2.560320139;6.0639663;1.62291503;0.1861610413;0.1391244531;2
6.05807479;0.06221338734;0.1722832322;2.416750908;6.066068123;1.576489329;0.18493931;0.1293506175;2
6.060176613;0.1244267747;0.2009970993;2.268395901;6.068169998;1.533728719;0.177608937;0.1183550507;2
6.062278436;0.1531406492;0.1818545163;2.163111687;6.070271821;1.489746451;0.1605047137;0.1073594838;2
6.064380259;0.1914258152;0.2201396823;2.06261301;6.072373644;1.44698596;0.1397353113;0.09514218569;2
6.066482081;0.2153540403;0.2344966233;2.01475668;6.074475467;1.406668901;0.1140789986;0.08292489499;2
6.068583956;0.2392822653;0.2632105052;1.995614052;6.076577342;1.3675735;0.08842267841;0.07192932814;2
6.070685779;0.2536391914;0.2871387303;1.966900229;6.078679165;1.328478217;0.05787943676;0.0621554926;2
6.072787602;0.2536391914;0.2967100143;1.923829436;6.080780988;1.290604591;0.02367101051;0.05360338464;2
6.074889425;0.2297109663;0.3206382394;1.890329838;6.082882811;1.255174398;-0.004428769462;0.0426078178;2
6.0769913;0.2057827413;0.3349951804;1.866401672;6.084984634;1.220965981;-0.03619373962;0.03405570984;2
6.079093123;0.1818545163;0.3445664644;1.804188251;6.087086456;1.186757565;-0.06307178736;0.0242818743;2
6.081194946;0.1579262912;0.3637090325;1.746760488;6.089188331;1.152549148;-0.08872810751;0.0157297682;2
6.083296769;0.1100698411;0.3828516304;1.674975872;6.091290154;1.119562387;-0.1107192412;0.008399390616;2
6.085398592;0.07178468257;0.3828516304;1.564906001;6.093391977;1.082910538;-0.1363755614;0.00351247238;2
6.087500415;-0.009571290575;0.4211367965;1.493121386;6.095493852;1.048702121;-0.158366695;-0.001374445739;2
6.08960229;-0.09092725813;0.4737788737;1.387837172;6.097595675;1.013271928;-0.1828012913;-0.002596175298;2
6.091704113;-0.1722832322;0.5168496966;1.339980721;6.099697498;0.9802852273;-0.2060141414;-0.003817904973;2
6.093805936;-0.2727817893;0.5599204898;1.287338614;6.101799321;0.944855094;-0.2304487377;-0.001374445739;2
6.095907811;-0.3637090325;0.5982056856;1.239482164;6.103901144;0.9094249606;-0.258548528;0.00351247238;2
6.098009634;-0.4689932466;0.6604190469;1.21555388;6.106002967;0.8776599765;-0.2829830945;0.01206457894;2
6.100111456;-0.5455635786;0.6939185858;1.191625714;6.108104842;0.8422298431;-0.3098611534;0.02183841541;2
6.102213279;-0.6556333899;0.7369893789;1.191625714;6.110206613;0.810464859;-0.3379609287;0.03527744114;2
6.104315102;-0.7704889178;0.7704889178;1.172483087;6.112308488;0.7799215913;-0.3660607338;0.04627300799;2
6.106416925;-0.8566305041;0.8231309652;1.177268744;6.114410311;0.7530435324;-0.3929387629;0.05849030241;2
6.1085188;-0.9379864931;0.8709874153;1.186840057;6.116512134;0.7286089659;-0.4210385382;0.07315105945;2
6.110620571;-0.9906286001;0.9140582681;1.201196909;6.118613956;0.7029526234;-0.4466948807;0.08414662629;2
6.112722446;-1.014556766;0.9571290612;1.220339537;6.120715779;0.6797397733;-0.4662425518;0.0988073796;2
6.114824269;-1.028913736;1.000199914;1.210768223;6.122817654;0.660192132;-0.4809032977;0.1134681329;2
6.116926092;-1.024128079;1.009771109;1.229910851;6.124919477;0.6406444311;-0.4992292523;0.1269071549;2
6.119027915;-1.014556766;1.024128079;1.21555388;6.1270213;0.6235402226;-0.5187768936;0.1415679157;2
6.121129738;-1.000199914;1.033699393;1.26341033;6.129123175;0.6064360142;-0.5371028781;0.1525634825;2
6.123231613;-0.9858429432;1.052842021;1.296909928;6.131224946;0.5954404473;-0.5517635942;0.1647807807;2
6.125333436;-0.9475577474;1.024128079;1.330409408;6.133326821;0.5856665969;-0.5652026534;0.1733328849;2
6.127435259;-0.8470591903;0.9858429432;1.373480201;6.135428644;0.5783362389;-0.5761982203;0.1794415265;2
6.129537134;-0.7226324677;0.9332008362;1.387837172;6.137530467;0.5734493136;-0.5823068619;0.1831067204;2
6.131638904;-0.5742774606;0.8949156404;1.435693622;6.13963229;0.5697841048;-0.5871937871;0.1867718995;2
6.133740779;-0.4450650215;0.8566305041;1.459621787;6.141734113;0.5661189556;-0.5871937871;0.1855501831;2
6.135842602;-0.3014956415;0.8231309652;1.459621787;6.143835988;0.5648971796;-0.5823068619;0.1818849891;2
6.137944425;-0.1674975902;0.7896314859;1.435693622;6.145937811;0.5648971796;-0.571311295;0.1745546162;2
6.140046248;-0.0143569354;0.7417750359;1.430907965;6.148039634;0.5661189556;-0.5578722358;0.1684459597;2
6.142148071;0.1292124242;0.7417750359;1.45483613;6.150141456;0.5685623884;-0.5334376693;0.1598938555;2
6.144249946;0.2392822653;0.732203722;1.40697968;6.152243279;0.5722275972;-0.5065596104;0.1525634825;2
6.146351769;0.3684946895;0.7130611539;1.35912323;6.154345154;0.57467103;-0.4772381186;0.146454826;2
6.148453592;0.4642075896;0.7178468108;1.301695466;6.156446977;0.5771145225;-0.4454731345;0.1415679157;2
6.150555415;0.5216353536;0.7178468108;1.196411371;6.1585488;0.5771145225;-0.4063777924;0.1366809905;2
6.152657238;0.5694918036;0.7226324677;1.0863415;6.160650623;0.5758927464;-0.3648389876;0.1330158114;2
6.154759113;0.5838487148;0.70348984;0.9619147182;6.162752446;0.57467103;-0.3220784664;0.1305723488;2
6.156860936;0.5838487148;0.6987041831;0.8231309652;6.164854321;0.5710058808;-0.2707658112;0.1256854236;2
6.158962759;0.5886343718;0.679561615;0.6556333899;6.166956144;0.5648971796;-0.215787977;0.1232419685;2
6.161064581;0.5742774606;0.6652047038;0.5072783828;6.169057967;0.5563451052;-0.1571449637;0.1220202371;2
6.163166404;0.5551348329;0.6460621357;0.3110669553;6.17115979;0.5429060459;-0.09361502528;0.1207985133;2
6.165268279;0.5551348329;0.6412764788;0.1579262912;6.173261665;0.5306887627;-0.02886336111;0.119576782;2
6.167370102;0.5264210105;0.6556333899;0.009571290575;6.175363436;0.5135845542;0.03711003438;0.1220202371;2
6.169471925;0.5024927258;0.679561615;-0.1435693651;6.177465311;0.4915934205;0.1079703495;0.1232419685;2
6.171573748;0.5024927258;0.7178468108;-0.2919243574;6.179567134;0.470824033;0.1739437431;0.1269071549;2
6.173675623;0.5264210105;0.7513462901;-0.4259224236;6.181668956;0.4463894367;0.2386954129;0.1293506175;2
6.175777394;0.5312066078;0.7800601721;-0.5455635786;6.183770779;0.4158461988;0.3034470677;0.1317940801;2
6.177879269;0.5647061467;0.8087740541;-0.6412764788;6.185872654;0.3828594983;0.3645335436;0.1305723488;2
6.179981092;0.5790630579;0.813559711;-0.732203722;6.187974477;0.3462076187;0.4219548404;0.1281288862;2
6.182082915;0.6173482537;0.8183453679;-0.7752745152;6.1900763;0.308333993;0.470824033;0.1232419685;2
6.184184738;0.6412764788;0.8327022791;-0.837487936;6.192178123;0.2716821134;0.5111411214;0.1146898642;2
6.186286613;0.6747759581;0.8327022791;-0.8231309652;6.194279946;0.2301433086;0.5392408967;0.1061377525;2
6.188388436;0.6891329288;0.8853443861;-0.7944171429;6.196381821;0.1898262352;0.5526798964;0.09514218569;2
6.190490259;0.7130611539;0.8997012973;-0.6843472719;6.198483644;0.1507308781;0.558788538;0.08170316368;2
6.192592081;0.760917604;0.9236295223;-0.5647061467;6.200585467;0.111635536;0.5563451052;0.06582067907;2
6.194693904;0.7800601721;0.9284151793;-0.4307080805;6.20268729;0.0725401938;0.5441278219;0.04871646687;2
6.196795779;0.8183453679;0.9236295223;-0.2823530734;6.204789165;0.03466657549;0.5258018374;0.03161225095;2
6.198897602;0.813559711;0.9284151793;-0.1339980662;6.206890988;0.0016798781;0.4964803457;0.01328630932;2
6.200999425;0.8087740541;0.9236295223;0.03349951655;6.208992811;-0.03252854943;0.4622719288;-0.005039634649;2
6.203101248;0.7513462901;0.94277215;0.1674975902;6.211094634;-0.06551524997;0.4195113778;-0.01970038936;2
6.205203123;0.70348984;0.9284151793;0.3062812984;6.213196456;-0.09972367436;0.3718639314;-0.03436114267;2
6.207304946;0.6029912829;0.94277215;0.3972085714;6.215298279;-0.1327103674;0.3181078434;-0.0478001684;2
6.209406769;0.5072783828;0.9667003751;0.5072783828;6.217400154;-0.162031889;0.258243084;-0.05879573524;2
6.211508592;0.3780659735;0.9906286001;0.5838487148;6.219501977;-0.1937968582;0.1947131455;-0.06734783947;2
6.213610415;0.2632105052;1.009771109;0.6460621357;6.2216038;-0.2255618125;0.1287397593;-0.07467821985;2
6.215712238;0.1674975902;1.014556766;0.732203722;6.223705623;-0.258548528;0.06154462695;-0.08200860023;2
6.217814113;0.08135596663;1.048056364;0.784845829;6.225807498;-0.2952004075;0.0004581485991;-0.08933897316;2
6.219915936;0.0382851623;1.067198873;0.8087740541;6.227909269;-0.3318522871;-0.05818486959;-0.09422589093;2
6.222017759;0.004785645287;1.091127157;0.7944171429;6.230011144;-0.3697259128;-0.1131627038;-0.0991128087;2
6.224119581;-0.009571290575;1.115055323;0.8039883971;6.232112967;-0.408821255;-0.1608101577;-0.1027780026;2
6.226221456;-0.0143569354;1.13419795;0.7657032609;6.23421479;-0.4503600597;-0.1999054998;-0.1076649204;2
6.228323227;-0.004785645287;1.11984098;0.732203722;6.236316613;-0.4943423271;-0.235335663;-0.1113301069;2
6.230425102;0.009571290575;1.124626637;0.708275497;6.238418436;-0.5383245945;-0.2634354234;-0.1162170246;2
6.232526925;0.03349951655;1.13419795;0.679561615;6.240520311;-0.5835285783;-0.2878700197;-0.1186604798;2
6.234628748;0.05742774159;1.129412293;0.6173482537;6.242622134;-0.6287325621;-0.3074176908;-0.123547405;2
6.236730571;0.0765703246;1.129412293;0.6173482537;6.244723956;-0.6739365458;-0.3233001828;-0.1259908676;2
6.238832394;0.09571290761;1.115055323;0.5886343718;6.246825779;-0.7191405892;-0.3355174661;-0.1308777779;2
6.240934269;0.1244267747;1.100698471;0.6125625968;6.248927602;-0.763122797;-0.3489564955;-0.1369864196;2
6.243036092;0.1722832322;1.105484009;0.6652047038;6.251029477;-0.8095485568;-0.358730346;-0.1443168074;2
6.245137915;0.2249253243;1.110269666;0.7417750359;6.2531313;-0.8510873318;-0.3697259128;-0.1516471803;2
6.247239738;0.2584248483;1.105484009;0.8709874153;6.255233123;-0.8901826739;-0.3794997334;-0.1601992846;2
6.249341561;0.3014956415;1.091127157;1.019342422;6.257334946;-0.9280562997;-0.3843866587;-0.1663079411;2
6.251443436;0.3302095234;1.076770186;1.162911773;6.259436769;-0.9610430002;-0.3868301213;-0.1748600453;2
6.253545259;0.3684946895;1.062413216;1.344766378;6.261538592;-0.9940297008;-0.3880518377;-0.1834121495;2
6.255647081;0.4019941986;1.048056364;1.536192179;6.263640467;-1.022129536;-0.3868301213;-0.1907425225;2
6.257748904;0.4498506486;1.028913736;1.703689694;6.26574229;-1.047785759;-0.3843866587;-0.1980729103;2
6.259850727;0.4689932466;0.9858429432;1.904686809;6.267844113;-1.06733346;-0.374612838;-0.2066250145;2
6.26195255;0.5072783828;0.94277215;2.124826431;6.269945936;-1.086881161;-0.362395525;-0.2139553875;2
6.264054425;0.5551348329;0.9140582681;2.354537487;6.272047759;-1.10032022;-0.3440696001;-0.2212857604;2
6.266156248;0.6029912829;0.9044869542;2.560320139;6.274149581;-1.11009407;-0.3196350038;-0.2298378795;2
6.268258071;0.6460621357;0.9044869542;2.780459881;6.276251456;-1.118646145;-0.2952004075;-0.2408334464;2
6.270359894;0.6987041831;0.9140582681;2.986242771;6.278353279;-1.127198219;-0.2646571696;-0.2506072819;2
6.272461717;0.7417750359;0.9332008362;3.192025423;6.280455102;-1.129641652;-0.2377791107;-0.2616028488;2
6.27456354;0.732203722;0.9188438654;3.421736479;6.282556925;-1.128419995;-0.2084576041;-0.2725984156;2
6.276665415;0.732203722;0.9236295223;3.684946775;6.2846588;-1.127198219;-0.1791360974;-0.2835939825;2
6.278767238;0.7369893789;0.9188438654;3.905086517;6.286760623;-1.121089578;-0.1547015011;-0.2958112657;2
6.280869061;0.732203722;0.9140582681;4.130012035;6.288862446;-1.117424369;-0.1339320987;-0.3055851161;2
6.282970884;0.7178468108;0.9236295223;4.311866283;6.290964269;-1.111315727;-0.115606159;-0.316580683;2
6.285072759;0.6843472719;0.9332008362;4.512863636;6.293066092;-1.102763653;-0.09850194305;-0.3226893246;2
6.287174581;0.6364908218;0.9619147182;4.694717884;6.295167915;-1.091768026;-0.08017600328;-0.3312414289;2
6.289276404;0.5503492355;1.004985452;4.867001057;6.29726979;-1.07710731;-0.06185005978;-0.3361283541;2
6.291378227;0.4785645306;1.028913736;5.034498692;6.299371613;-1.066111803;-0.03863719851;-0.3373500705;2
6.29348005;0.4019941986;1.067198873;5.173282623;6.301473436;-1.052672744;-0.01175914705;-0.3385718167;2
6.295581873;0.2871387303;1.095912814;5.283352375;6.303575259;-1.040455461;0.01145371422;-0.3373500705;2
6.297683748;0.1866401732;1.100698471;5.374279499;6.305677081;-1.023351192;0.03955349326;-0.3349066079;2
6.299785571;0.0765703246;1.138983607;5.469992638;6.307778956;-1.008690476;0.07131846249;-0.3300196826;2
6.301887394;-0.009571290575;1.201196909;5.513063431;6.309880779;-0.9952514172;0.1018617004;-0.3263545036;2
6.303989217;-0.0765703246;1.268195987;5.565705299;6.311982602;-0.9805907011;0.1336266696;-0.3178023994;2
6.30609104;-0.1627119333;1.354337573;5.608776093;6.314084425;-0.9671516418;0.1690568328;-0.3092502952;2
6.308192915;-0.2488535494;1.430907965;5.6566329;6.3161863;-0.956156075;0.2057087123;-0.2982547283;2
6.310294738;-0.3206382394;1.517049551;5.680561066;6.318288123;-0.9427170753;0.2411388755;-0.2860374451;2
6.312396561;-0.4163511395;1.574477315;5.694917679;6.320389946;-0.9329432249;0.2802342176;-0.2725984156;2
6.314498384;-0.5359922647;1.593619823;5.714060307;6.322491769;-0.9231693745;0.3193295598;-0.25793764;2
6.316600259;-0.6556333899;1.641476393;5.728417397;6.324593592;-0.9133955836;0.3620901108;-0.2444986254;2
6.318702081;-0.7369893789;1.689332843;5.747560024;6.326695467;-0.9048434496;0.4097375572;-0.2261726856;2
6.320803904;-0.7944171429;1.775474429;5.723631859;6.32879729;-0.9024000168;0.4537198246;-0.2090684772;2
6.322905727;-0.8757730722;1.828116536;5.6566329;6.330899113;-0.9011782408;0.5038107038;-0.1870773435;2
6.32500755;-0.9667003751;1.861616015;5.62791872;6.333000936;-0.8999565244;0.5502364635;-0.1675296724;2
6.327109425;-1.052842021;1.919043779;5.594419479;6.335102759;-0.9011782408;0.6003273726;-0.1443168074;2
6.329211248;-1.110269666;1.942971945;5.532206059;6.337204581;-0.9024000168;0.6430879235;-0.123547405;2
6.331313071;-1.162911773;1.923829436;5.532206059;6.339306404;-0.9048434496;0.6846266985;-0.1076649204;2
6.333414894;-1.201196909;1.880758643;5.556134224;6.341408279;-0.9036217332;0.7298306823;-0.09178243577;2
6.335516717;-1.162911773;1.823330879;5.623133183;6.343510102;-0.907286942;0.7738129497;-0.08078686893;2
6.33761854;-1.0863415;1.799402595;5.661418438;6.345611925;-0.9121738076;0.8165735006;-0.07223475724;2
6.339720363;-0.9906286001;1.799402595;5.685346603;6.347713748;-0.9170607328;0.85322541;-0.06612611562;2
6.341822238;-0.9092726111;1.789831281;5.723631859;6.349815623;-0.9231693745;0.8813251853;-0.06246092543;2
6.343924061;-0.8279166222;1.804188251;5.795416355;6.351917446;-0.9341649413;0.902094543;-0.06368265301;2
6.346025884;-0.7417750359;1.804188251;5.871986866;6.354019269;-0.9402735829;0.9143118858;-0.06490438432;2
6.348127706;-0.6317051649;1.794616938;5.958128452;6.356121092;-0.9537126422;0.9143118858;-0.07101303339;2
6.350229581;-0.5312066078;1.765903115;6.039484501;6.358222915;-0.9683734179;0.910646677;-0.07834340632;2
6.352331404;-0.4354937077;1.718046665;6.144768715;6.36032479;-0.9891427755;0.903316319;-0.08933897316;2
6.354433227;-0.3541377485;1.651047587;6.235695839;6.362426613;-1.013577342;0.8874338269;-0.1015562713;2
6.35653505;-0.3110669553;1.545763373;6.331408501;6.364528436;-1.041677117;0.8654426932;-0.1125518382;2
6.358636873;-0.2823530734;1.473978758;6.388836384;6.366630259;-1.070998669;0.8312342763;-0.1247691289;2
6.360738748;-0.2871387303;1.383051515;6.484549522;6.368732081;-1.103985429;0.7945823669;-0.1357647032;2
6.362840571;-0.3110669553;1.316052437;6.623332977;6.370833956;-1.140637279;0.7444914579;-0.1492037177;2
6.364942394;-0.3397808075;1.272981644;6.805187702;6.372935779;-1.177289128;0.6870701313;-0.1614210159;2
6.367044217;-0.3493520916;1.220339537;6.967899323;6.375037602;-1.215162754;0.6223185062;-0.1748600453;2
6.36914604;-0.3541377485;1.16769743;7.178467751;6.377139425;-1.254258156;0.5490147471;-0.1907425225;2
6.371247915;-0.3637090325;1.148554921;7.408178806;6.379241248;-1.28968823;0.4720457494;-0.2078467458;2
6.373349738;-0.3493520916;1.138983607;7.647460938;6.381343123;-1.325118423;0.3901898861;-0.223729223;2
6.375451561;-0.3349951804;1.13419795;7.867600918;6.383444946;-1.359326839;0.3095557392;-0.2408334464;2
6.377553384;-0.3541377485;1.143769264;8.145168304;6.385546769;-1.393535256;0.2264781147;-0.2554942071;2
6.379655206;-0.3780659735;1.172483087;8.365307808;6.387648592;-1.422856808;0.1458439678;-0.270154953;2
6.381757081;-0.4163511395;1.210768223;8.580661774;6.389750415;-1.45217824;0.06520981342;-0.2811505198;2
6.383858904;-0.4689932466;1.234696507;8.815158844;6.39185229;-1.481499791;-0.01420260593;-0.2921460867;2
6.385960727;-0.4785645306;1.249053478;8.987442017;6.393954113;-1.504712701;-0.09117157012;-0.3019199073;2
6.38806255;-0.4977070987;1.277767301;9.164510727;6.396055936;-1.526703835;-0.1595884264;-0.3092502952;2
6.390164373;-0.5168496966;1.292124271;9.355937004;6.398157759;-1.547473192;-0.2280052751;-0.316580683;2
6.392266248;-0.5168496966;1.282552958;9.533005714;6.400259581;-1.565799117;-0.2878700197;-0.3226893246;2
6.394368071;-0.5407779217;1.272981644;9.714859962;6.402361404;-1.576794744;-0.3440696001;-0.323911041;2
6.396469894;-0.5694918036;1.26341033;9.891928673;6.404463279;-1.590233684;-0.3966039717;-0.3275762498;2
6.398571717;-0.5790630579;1.272981644;10.07378292;6.406565102;-1.595120668;-0.4430296719;-0.3312414289;2
6.40067354;-0.5838487148;1.282552958;10.27956581;6.408666925;-1.598785877;-0.4845684767;-0.3361283541;2
6.402775363;-0.5455635786;1.272981644;10.45184898;6.410768748;-1.597564101;-0.521220386;-0.3397935331;2
6.404877238;-0.5168496966;1.268195987;10.66720295;6.412870623;-1.59145546;-0.5505418777;-0.3446804583;2
6.406979061;-0.4642075896;1.229910851;10.91605663;6.414972446;-1.579238176;-0.5725330114;-0.3520108163;2
6.409080884;-0.3828516304;1.225125194;11.17448139;6.417074269;-1.563355684;-0.5823068619;-0.3617846668;2
6.411182706;-0.2775674164;1.191625714;11.40419292;6.419176092;-1.541364551;-0.5920807123;-0.3715584874;2
6.413284581;-0.1579262912;1.172483087;11.60040379;6.421277967;-1.514486551;-0.5859720111;-0.3825540543;2
6.415386404;-0.06221338734;1.143769264;11.80140114;6.423379738;-1.482721567;-0.5725330114;-0.3959930837;2
6.417488227;0.06699903309;1.129412293;11.99282742;6.425481613;-1.446069598;-0.5444332361;-0.4082103968;2
6.41959005;0.1579262912;1.105484009;12.15075302;6.427583436;-1.406974316;-0.5114465356;-0.4179842174;2
6.421691925;0.2536391914;1.081555843;12.26560879;6.429685259;-1.361770272;-0.4637990892;-0.4302015305;2
6.423793696;0.3014956415;1.0863415;12.41874981;6.431787081;-1.312901139;-0.4039343297;-0.4399753511;2
6.425895571;0.3493520916;1.100698471;12.55753326;6.433888904;-1.257923245;-0.3342957497;-0.4473057389;2
6.427997394;0.3589234054;1.124626637;12.66760349;6.435990779;-1.205388904;-0.2536616027;-0.4521926641;2
6.430099217;0.3684946895;1.138983607;12.74895859;6.438092602;-1.147967696;-0.165697068;-0.4534143806;2
6.43220104;0.3254238665;1.177268744;12.75374508;6.440194425;-1.089324594;-0.07162389904;-0.4509709179;2
6.434302863;0.2727817893;1.234696507;12.76331615;6.442296248;-1.033125043;0.02367101051;-0.4448622763;2
6.436404738;0.1483550072;1.287338614;12.72981644;6.444398071;-0.9769254923;0.1238528341;-0.4338667095;2
6.438506561;0.05742774159;1.383051515;12.63410378;6.446499894;-0.9219476581;0.2240346521;-0.4216494262;2
6.440608384;-0.04307080805;1.50269258;12.52403355;6.448601769;-0.8718567491;0.3315468729;-0.4021017551;2
6.442710206;-0.1579262912;1.607976794;12.42353535;6.450703592;-0.8278744817;0.4378373325;-0.3801106215;2
6.444812029;-0.2679961324;1.727617979;12.2799654;6.452805415;-0.7851139307;0.5477929711;-0.3593412042;2
6.446913852;-0.3684946895;1.828116536;12.12682533;6.454907238;-0.7509055138;0.6638572812;-0.3361283541;2
6.449015727;-0.4737788737;1.93340075;11.96889877;6.457009061;-0.7203623056;0.7811433077;-0.3141372204;2
6.45111755;-0.5694918036;2.043470621;11.82532978;6.459110936;-0.6934842467;0.8923207521;-0.2909243405;2
6.453219373;-0.679561615;2.139183521;11.65304661;6.461212759;-0.6763800383;0.994946003;-0.2689332068;2
6.455321196;-0.7752745152;2.230110645;11.54776192;6.463314581;-0.6617192626;1.091462612;-0.246942088;2
6.457423019;-0.8805587292;2.292324066;11.42812061;6.465416404;-0.6531671882;1.173318505;-0.2261726856;2
6.459524894;-0.9762716293;2.392822742;11.2941227;6.467518227;-0.6507236958;1.242957115;-0.2066250145;2
6.461626717;-1.0863415;2.478964329;11.21276665;6.469620102;-0.6519454122;1.300378442;-0.1846338809;2
6.46372854;-1.177268744;2.536391973;11.15533924;6.471721925;-0.662940979;1.332143426;-0.1638644785;2
6.465830363;-1.306481123;2.579462767;11.09791183;6.473823748;-0.6751583219;1.350469351;-0.1430950761;2
6.467932186;-1.430907965;2.63689065;11.06441212;6.475925571;-0.6898190379;1.352912784;-0.123547405;2
6.470034061;-1.564906001;2.656033039;11.06441212;6.478027446;-0.713031888;1.3406955;-0.1039997265;2
6.472135884;-1.741974831;2.641676188;11.07876873;6.480129269;-0.7374665141;1.315039158;-0.08323032409;2
6.474237706;-1.919043779;2.608176708;11.03569794;6.482231092;-0.7680097222;1.274722099;-0.06246092543;2
6.476339529;-2.038684845;2.579462767;10.97348499;6.484332915;-0.8022181988;1.22463119;-0.03924806044;2
6.478441404;-2.172683001;2.569891453;10.9304142;6.486434738;-0.8388700485;1.167209864;-0.01725693047;2
6.480543227;-2.306680918;2.507678032;10.95912743;6.488536561;-0.8791871071;1.097571254;0.005955931731;2
6.48264505;-2.440679073;2.483749866;10.97827053;6.490638436;-0.9231693745;1.026710987;0.03161225095;2
6.484746873;-2.555534601;2.488535643;11.0309124;6.492740259;-0.9695951343;0.9497420192;0.05604684353;2
6.486848696;-2.651247501;2.483749866;11.06919765;6.494842081;-1.016020894;0.8691078424;0.07803797722;2
6.488950519;-2.73260355;2.469393015;11.15533924;6.496943904;-1.062446594;0.7896954417;0.0975856483;2
6.491052394;-2.742174864;2.459821701;11.25583744;6.499045779;-1.108872294;0.7078395486;0.1134681329;2
6.493154217;-2.708675146;2.426322222;11.36112213;6.501147602;-1.155297995;0.624761939;0.1244636998;2
6.49525604;-2.617748022;2.368894339;11.47597694;6.503249425;-1.196836829;0.5416843295;0.1317940801;2
6.497357863;-2.478964329;2.297109842;11.65304661;6.505351248;-1.238375664;0.4573850036;0.1354592592;2
6.499459738;-2.292324066;2.249253273;11.82532978;6.507453123;-1.273805737;0.374307394;0.1330158114;2
6.501561561;-2.100898266;2.172683001;11.99761295;6.509554894;-1.304349065;0.2924515009;0.1269071549;2
6.503663384;-1.909472466;2.120040894;12.22253799;6.511656769;-1.333670497;0.2093739063;0.1183550507;2
6.505765206;-1.718046665;2.06261301;12.42832088;6.513758592;-1.360548615;0.1324049383;0.1061377525;2
6.507867081;-1.560120344;1.952543259;12.65324593;6.515860415;-1.380096197;0.05054906011;0.09392046183;2
6.509968852;-1.402194023;1.847259045;12.88295746;6.517962238;-1.395978689;-0.02397644334;0.07925970852;2
6.512070727;-1.253839016;1.756331801;13.10309696;6.520064061;-1.404530883;-0.09239330143;0.06459894776;2
6.51417255;-1.13419795;1.660618901;13.34237862;6.522165884;-1.410639524;-0.1559232324;0.05115992576;2
6.516274373;-1.03848505;1.584048629;13.57687569;6.524267759;-1.408196092;-0.2096793354;0.03649916872;2
6.518376196;-0.9667003751;1.493121386;13.83051491;6.526369581;-1.400865674;-0.2573267817;0.0242818743;2
6.520478019;-0.9284151793;1.387837172;14.0362978;6.528471404;-1.386204958;-0.2964221239;0.01206457894;2
6.522579842;-0.8997012973;1.325623751;14.2564373;6.530573227;-1.373987556;-0.3306305707;0.002290742937;2
6.524681717;-0.866201818;1.258624673;14.47179127;6.53267505;-1.350774765;-0.355065167;-0.007483093534;2
6.52678354;-0.8470591903;1.201196909;14.69193077;6.534776925;-1.323896646;-0.3758345544;-0.01359174121;2
6.528885363;-0.8709874153;1.177268744;14.92642784;6.536878748;-1.286023021;-0.3868301213;-0.01970038936;2
6.530987186;-0.8566305041;1.162911773;15.17049599;6.538980571;-1.248149514;-0.3978256881;-0.02703076601;2
6.533089009;-0.8805587292;1.16769743;15.38106441;6.541082394;-1.201723695;-0.4014908671;-0.03191768378;2
6.535190884;-0.8709874153;1.177268744;15.58684635;6.543184217;-1.149189353;-0.3966039717;-0.03802633286;2
6.537292706;-0.8183453679;1.186840057;15.75434399;6.545286092;-1.092989802;-0.3868301213;-0.04291325063;2
6.539394529;-0.760917604;1.177268744;15.88355637;6.547387915;-1.03068161;-0.3770562708;-0.0478001684;2
6.541496352;-0.6843472719;1.201196909;15.99362659;6.549489738;-0.9683734179;-0.3611738086;-0.05146535859;2
6.543598175;-0.6221339107;1.220339537;16.08455467;6.551591561;-0.9048434496;-0.3404043913;-0.05513054505;2
6.54570005;-0.5455635786;1.229910851;16.08455467;6.553693384;-0.8400917649;-0.3135263622;-0.05635227636;2
6.547801873;-0.5264210105;1.253839016;16.09891129;6.555795259;-0.7790052891;-0.281761378;-0.05513054505;2
6.549903696;-0.5455635786;1.26341033;16.01755524;6.557897081;-0.7203623056;-0.2451094985;-0.05024362728;2
6.552005519;-0.5982056856;1.287338614;15.91705608;6.559998904;-0.6666061878;-0.2011272311;-0.04413498193;2
6.554107342;-0.6843472719;1.31126678;15.78305817;6.562100727;-0.6152935624;-0.1559232324;-0.03313941509;2
6.556209217;-0.7944171429;1.349551916;15.65384579;6.564202602;-0.5688678026;-0.1046105921;-0.02214384824;2
6.55831104;-0.8757730722;1.421336651;15.43849182;6.566304373;-0.5297724605;-0.04718930274;-0.008704823442;2
6.560412863;-0.94277215;1.497906923;15.24228001;6.568406248;-0.4906771481;0.0126754446;0.004734201822;2
6.562514686;-0.9667003751;1.584048629;15.03171158;6.570508071;-0.4540252388;0.07009673119;0.01817322709;2
6.564616561;-0.9379864931;1.713261008;14.81635761;6.572609894;-0.4259254634;0.131183207;0.02916879393;2
6.566718331;-0.8997012973;1.818545222;14.62971783;6.574711769;-0.4002691507;0.1886045039;0.04138609022;2
6.568820206;-0.8470591903;1.895115495;14.39043522;6.576813592;-0.3794997334;0.2460257858;0.05238165334;2
6.570922029;-0.7944171429;1.962114573;14.14636707;6.578915415;-0.362395525;0.2997818887;0.0621554926;2
6.573023852;-0.7369893789;2.029113531;13.92622757;6.581017238;-0.3489564955;0.3498727977;0.07070759684;2
6.575125727;-0.6843472719;2.081755638;13.68694592;6.583119061;-0.3416261375;0.3914116025;0.08048143238;2
6.57722755;-0.679561615;2.0769701;13.51466274;6.585220884;-0.3379609287;0.4305069447;0.08536835015;2
6.579329373;-0.6987041831;2.072184324;13.31845093;6.587322759;-0.3379609287;0.4610501826;0.09147699922;2
6.581431196;-0.6652047038;2.086541414;13.15095329;6.589424581;-0.3404043913;0.4867065251;0.0975856483;2
6.583533019;-0.6556333899;2.115255117;13.01216984;6.591526404;-0.3501782417;0.5050324798;0.1012508348;2
6.585634842;-0.679561615;2.100898266;12.91645622;6.593628227;-0.3599520624;0.5160280466;0.1085812151;2
6.587736717;-0.7178468108;2.11046958;12.8255291;6.595730102;-0.374612838;0.517249763;0.1159115955;2
6.58983854;-0.7657032609;2.11046958;12.77288723;6.597831925;-0.3880518377;0.5135845542;0.1207985133;2
6.591940363;-0.7992027402;2.096112728;12.72981644;6.599933748;-0.4014908671;0.5050324798;0.1269071549;2
6.594042186;-0.8327022791;2.072184324;12.64846039;6.602035571;-0.4198168218;0.4915934205;0.1330158114;2
6.596144061;-0.8805587292;2.043470621;12.6053896;6.604137394;-0.4369210303;0.4720457494;0.1379027218;2
6.598245884;-0.8997012973;2.024327993;12.58146191;6.606239217;-0.4540252388;0.4512763619;0.1452330947;2
6.600347706;-0.9188438654;2.000399828;12.5623188;6.608341092;-0.4735729098;0.424398303;0.1488982886;2
6.602449529;-0.9188438654;1.995614052;12.58146191;6.610442915;-0.4894554019;0.3999637067;0.1525634825;2
6.604551352;-0.9140582681;1.986042738;12.59581852;6.612544738;-0.5065596104;0.3755291104;0.1574503928;2
6.606653175;-0.8853443861;2.009970903;12.61974621;6.614646561;-0.521220386;0.3474293351;0.1611155868;2
6.60875505;-0.9092726111;2.000399828;12.69153118;6.616748384;-0.5346593857;0.3144426346;0.1635590494;2
6.610856873;-0.9284151793;1.971685886;12.76331615;6.618850206;-0.5456549525;0.2826776803;0.1647807807;2
6.612958696;-0.9571290612;1.947757602;12.887743;6.620952081;-0.5517635942;0.2435823381;0.1684459597;2
6.615060519;-0.94277215;1.909472466;13.0073843;6.623053904;-0.5566505194;0.2020435184;0.1684459597;2
6.617162342;-0.9140582681;1.875972986;13.12702465;6.625155727;-0.5590940118;0.1519526094;0.169667691;2
6.619264165;-0.8757730722;1.808973908;13.2705946;6.62725755;-0.5542070866;0.1030834317;0.1708894223;2
6.62136604;-0.837487936;1.770688772;13.3902359;6.629359373;-0.5529853702;0.04688387364;0.1672242284;2
6.623467863;-0.760917604;1.727617979;13.52901936;6.631461248;-0.5444332361;-0.001985310577;0.1623373181;2
6.625569686;-0.6460621357;1.703689694;13.63430309;6.633563071;-0.5383245945;-0.04963276163;0.1537852138;2
6.627671509;-0.5359922647;1.651047587;13.72523022;6.635664894;-0.5273290277;-0.09483675659;0.1415679157;2
6.629773331;-0.3972085714;1.59840548;13.78744411;6.637766717;-0.5138899684;-0.1327103674;0.1269071549;2
6.631875206;-0.2632105052;1.555334687;13.84487152;6.63986854;-0.5016726851;-0.1681405306;0.1098029464;2
6.633977029;-0.1148554832;1.483550072;13.89272785;6.641970415;-0.4870119393;-0.1974620372;0.08903354406;2
6.636078852;0.0143569354;1.40697968;13.94537067;6.644072238;-0.4735729098;-0.2243400961;0.06582067907;2
6.638180675;0.1196411327;1.363908887;13.94537067;6.646174061;-0.4564687014;-0.2475529462;0.0426078178;2
6.640282498;0.2153540403;1.306481123;13.97886944;6.648275884;-0.4381427765;-0.2634354234;0.01817322709;2
6.642384373;0.2871387303;1.277767301;13.99322701;6.650377706;-0.4185950756;-0.278096199;-0.003817904973;2
6.644486196;0.3062812984;1.225125194;13.98365593;6.652479581;-0.4027126133;-0.2866483033;-0.02336557768;2
6.646588019;0.3302095234;1.205982566;13.98365593;6.654581404;-0.3807214797;-0.2854265571;-0.04169152305;2
6.648689842;0.3110669553;1.162911773;13.95015621;6.656683227;-0.362395525;-0.2842048407;-0.05513054505;2
6.650791665;0.2727817893;1.143769264;13.91665649;6.65878505;-0.3379609287;-0.2768744528;-0.06856957078;2
6.65289354;0.2297109663;1.13419795;13.87837124;6.660886873;-0.315969795;-0.265878886;-0.07834340632;2
6.654995363;0.1818545163;1.138983607;13.85444355;6.662988696;-0.2915352285;-0.2536616027;-0.08811724186;2
6.657097186;0.1244267747;1.129412293;13.82572937;6.665090519;-0.2646571696;-0.239000842;-0.09544762224;2
6.659199009;0.08135596663;1.153340459;13.7539444;6.667192394;-0.2365573794;-0.2194531709;-0.0991128087;2
6.661300831;0.02871387079;1.16769743;13.73480225;6.669294217;-0.212122798;-0.1962403059;-0.1052214578;2
6.663402654;-0.01914258115;1.1820544;13.68694592;6.67139604;-0.1840230078;-0.1718057245;-0.1088866442;2
6.665504477;-0.05742774159;1.196411371;13.64387512;6.673497863;-0.1559232324;-0.1412624866;-0.1113301069;2
6.667606352;-0.07178468257;1.21555388;13.57687569;6.675599738;-0.1290451884;-0.1094975099;-0.113773562;2
6.669708175;-0.09571290761;1.220339537;13.50987625;6.677701561;-0.102167137;-0.07895427197;-0.1149952933;2
6.671809998;-0.1483550072;1.210768223;13.39980698;6.679803384;-0.07895427197;-0.04963276163;-0.113773562;2
6.673911821;-0.1866401732;1.196411371;13.33759308;6.681905206;-0.05329795182;-0.0190895237;-0.1101083755;2
6.676013696;-0.2679961324;1.201196909;13.2705946;6.684007081;-0.03008509055;0.009010255337;-0.1052214578;2
6.678115519;-0.3493520916;1.205982566;13.18445301;6.686108904;-0.01175914705;0.03466657549;-0.10033454;2
6.680217342;-0.4211367965;1.201196909;13.06002617;6.688210727;0.006566796452;0.05787943676;-0.09422589093;2
6.682319165;-0.4833501875;1.21555388;12.96909904;6.69031255;0.02244928107;0.07620538026;-0.08811724186;2
6.68442104;-0.5359922647;1.225125194;12.86381435;6.692414373;0.03955349326;0.09208786488;-0.08323032409;2
6.686522863;-0.5694918036;1.229910851;12.74417305;6.694516196;0.05054906011;0.1067486182;-0.07834340632;2
6.688624686;-0.5790630579;1.26341033;12.61974621;6.696618071;0.06276635826;0.117744185;-0.07223475724;2
6.690726509;-0.5838487148;1.287338614;12.51446247;6.698719894;0.06887500733;0.131183207;-0.06856957078;2
6.692828331;-0.5599204898;1.31126678;12.39003563;6.700821717;0.07498364896;0.1434005052;-0.06246092543;2
6.694930154;-0.5551348329;1.335195065;12.23689461;6.70292354;0.07864884287;0.1580612659;-0.05635227636;2
6.697032029;-0.5551348329;1.35912323;12.08375454;6.705025415;0.07864884287;0.1702785641;-0.05024362728;2
6.699133852;-0.5694918036;1.368694544;11.96889877;6.707127238;0.07987056673;0.1824958473;-0.04169152305;2
6.701235675;-0.5982056856;1.378265858;11.84447193;6.709229061;0.07620538026;0.1922696829;-0.03558287397;2
6.703337498;-0.6364908218;1.402194023;11.70090294;6.711330884;0.07131846249;0.1983783394;-0.02825249545;2
6.705439373;-0.6699903607;1.392622828;11.5764761;6.713432706;0.06520981342;0.200821802;-0.0209221188;2
6.707541196;-0.70348984;1.383051515;11.49990559;6.715534529;0.06154462695;0.1996000707;-0.01847865991;2
6.709643019;-0.7130611539;1.349551916;11.40897846;6.717636352;0.05543597788;0.1959348768;-0.01481347065;2
6.711744842;-0.7130611539;1.320838094;11.32762241;6.719738175;0.05299251899;0.1910479665;-0.01359174121;2
6.713846665;-0.708275497;1.306481123;11.27976608;6.72184005;0.04688387364;0.1837175786;-0.01481347065;2
6.715948488;-0.6747759581;1.292124271;11.20798111;6.723941873;0.04444041103;0.1751654744;-0.01359174121;2
6.718050311;-0.6460621357;1.234696507;11.1505537;6.726043696;0.04077522457;0.1641699076;-0.01481347065;2
6.720152134;-0.626919508;1.220339537;11.08833981;6.728145519;0.03711003438;0.154396072;-0.01481347065;2
6.722254009;-0.6029912829;1.205982566;11.03569794;6.730247394;0.02977965772;0.1421787739;-0.01481347065;2
6.724355831;-0.5838487148;1.191625714;10.95912743;6.732349217;0.02733619884;0.131183207;-0.01481347065;2
6.726457654;-0.5742774606;1.148554921;10.88734341;6.73445104;0.02000582218;0.1189659163;-0.01481347065;2
6.728559477;-0.5982056856;1.138983607;10.83470058;6.736552863;0.0126754446;0.1006399691;-0.01359174121;2
6.730661352;-0.626919508;1.110269666;10.75334454;6.738654738;0.006566796452;0.0847574845;-0.01237001177;2
6.732763175;-0.6460621357;1.0863415;10.7054882;6.740756561;-0.0007635809598;0.06887500733;-0.009926552884;2
6.734864998;-0.6652047038;1.062413216;10.65763187;6.742858331;-0.006872228812;0.05299251899;-0.01114828233;2
6.736966821;-0.6747759581;1.052842021;10.57627583;6.744960206;-0.01664606482;0.03711003438;-0.01114828233;2
6.739068696;-0.6939185858;1.019342422;10.49491978;6.747062029;-0.02764163166;0.02244928107;-0.008704823442;2
6.741170519;-0.7178468108;0.9954141974;10.43270683;6.749163904;-0.0374154672;0.005345067009;-0.007483093534;2
6.74327229;-0.70348984;1.004985452;10.35613632;6.751265675;-0.04841103405;-0.009315688163;-0.006261364091;2
6.745374165;-0.7178468108;0.9810572863;10.28913784;6.75336755;-0.06185005978;-0.02764163166;-0.001374445739;2
6.747475988;-0.7274180651;0.9619147182;10.21735287;6.755469373;-0.0740673542;-0.04474584386;0.00351247238;2
6.749577863;-0.7657032609;0.9379864931;10.164711;6.757571196;-0.08628465235;-0.05940660089;0.008399390616;2
6.751679634;-0.813559711;0.9284151793;10.13599682;6.759673019;-0.09850194305;-0.07528908551;0.0108428495;2
6.753781509;-0.837487936;0.890130043;10.10728264;6.761774842;-0.1094975099;-0.08872810751;0.01695149764;2
6.755883331;-0.8614161611;0.8853443861;10.05942631;6.763876717;-0.1204930767;-0.09605848789;0.02306014486;2
6.757985154;-0.8566305041;0.8470591903;10.03071213;6.76597854;-0.1339320987;-0.1046105921;0.02916879393;2
6.760086977;-0.8470591903;0.813559711;10.00678444;6.768080363;-0.1400407553;-0.1094975099;0.03283398226;2
6.7621888;-0.8327022791;0.784845829;9.992427826;6.770182186;-0.1498145908;-0.1143844277;0.03527744114;2
6.764290675;-0.813559711;0.7800601721;9.968499184;6.772284061;-0.158366695;-0.1192713454;0.03772090003;2
6.766392498;-0.756131947;0.7704889178;9.958928108;6.774385831;-0.1632536054;-0.121714808;0.04016435891;2
6.768494321;-0.7178468108;0.7657032609;9.944570541;6.776487706;-0.1681405306;-0.1266017258;0.04016435891;2
6.770596144;-0.6699903607;0.7465606928;9.944570541;6.778589529;-0.1754709035;-0.1229365394;0.04016435891;2
6.772698019;-0.6029912829;0.760917604;10.00678444;6.780691352;-0.18157956;-0.1253799945;0.04016435891;2
6.77479979;-0.5168496966;0.7800601721;10.02592659;6.782793227;-0.1901316643;-0.121714808;0.04138609022;2
6.776901665;-0.5120640397;0.756131947;9.95414257;6.78489505;-0.1962403059;-0.1180496216;0.0426078178;2
6.779003488;-0.5359922647;0.7226324677;9.925428391;6.786996873;-0.2035706937;-0.1119409725;0.04138609022;2
6.781105311;-0.5264210105;0.6556333899;9.882357597;6.789098696;-0.2084576041;-0.1046105921;0.04016435891;2
6.783207186;-0.4785645306;0.6221339107;9.868000984;6.791200519;-0.212122798;-0.09605848789;0.03894263133;2
6.785309009;-0.4259224236;0.5694918036;9.87757206;6.793302394;-0.215787977;-0.08506292105;0.03649916872;2
6.787410831;-0.3684946895;0.5503492355;9.911071777;6.795404217;-0.2182314396;-0.0728456229;0.03405570984;2
6.789512654;-0.3254238665;0.5312066078;9.930213928;6.79750604;-0.2182314396;-0.06307178736;0.03161225095;2
6.791614477;-0.2967100143;0.4881358147;9.958928108;6.799607863;-0.2170097083;-0.05207622424;0.02794706449;2
6.793716352;-0.3158525825;0.4307080805;10.02114105;6.801709686;-0.2145662606;-0.04108065739;0.02306014486;2
6.795818175;-0.3493520916;0.4115654826;10.04028416;6.803811509;-0.2109010667;-0.03130681813;0.02061668597;2
6.797919998;-0.3972085714;0.3684946895;10.07856941;6.805913384;-0.2060141414;-0.02397644334;0.01939495653;2
6.800021821;-0.4594219327;0.3349951804;10.15513897;6.808015206;-0.1986837685;-0.01542433538;0.01817322709;2
6.802123644;-0.5168496966;0.3158525825;10.2029953;6.810117029;-0.1864664704;-0.01053741761;0.01695149764;2
6.804225467;-0.5790630579;0.3158525825;10.3226366;6.812218852;-0.1718057245;-0.001985310577;0.01817322709;2
6.806327342;-0.6652047038;0.2967100143;10.41835022;6.814320727;-0.1571449637;0.0004581485991;0.02061668597;2
6.808429165;-0.7513462901;0.2967100143;10.49970531;6.81642255;-0.1400407553;0.002901607659;0.0242818743;2
6.810530988;-0.8327022791;0.2823530734;10.60499001;6.818524373;-0.1204930767;0.006566796452;0.02916879393;2
6.812632811;-0.9092726111;0.2727817893;10.67198944;6.820626196;-0.1009454057;0.01023198478;0.03527744114;2
6.814734686;-0.9906286001;0.2584248483;10.71984577;6.822728019;-0.07895427197;0.01389717404;0.0438295491;2
6.816836509;-1.062413216;0.2632105052;10.78205872;6.824829894;-0.0557414107;0.01389717404;0.05238165334;2
6.818938331;-1.143769264;0.2679961324;10.85384369;6.826931717;-0.03375028074;0.01023198478;0.05971203372;2
6.821040154;-1.201196909;0.2823530734;10.87298584;6.82903354;-0.009315688163;0.007788525894;0.06948586553;2
6.823141977;-1.229910851;0.2727817893;10.90648556;6.831135363;0.01634063199;-0.004428769462;0.07681624591;2
6.825243852;-1.239482164;0.3062812984;10.96869946;6.833237186;0.04199695215;-0.01420260593;0.08414662629;2
6.827345675;-1.196411371;0.2679961324;10.97348499;6.835339061;0.06887500733;-0.03008509055;0.09025526792;2
6.829447498;-1.16769743;0.2632105052;10.97827053;6.837440884;0.09330959618;-0.04108065739;0.09147699922;2
6.831549321;-1.105484009;0.2249253243;10.93998528;6.839542706;0.117744185;-0.0557414107;0.09147699922;2
6.833651144;-1.033699393;0.1818545163;10.89212894;6.841644529;0.1397353113;-0.07162389904;0.09025526792;2
6.835753019;-0.9236295223;0.1435693651;10.79162979;6.843746352;0.1580612659;-0.08261945844;0.08781181276;2
6.837854842;-0.8279166222;0.1196411327;10.67677498;6.845848175;0.1739437431;-0.09117157012;0.08170316368;2
6.839956665;-0.7369893789;0.09571290761;10.55234814;6.84795005;0.1861610413;-0.09117157012;0.07681624591;2
6.842058488;-0.6221339107;0.08614161611;10.42313576;6.850051873;0.1947131455;-0.09239330143;0.07070759684;2
6.844160311;-0.5264210105;0.09571290761;10.25085258;6.852153696;0.200821802;-0.08750637621;0.06459894776;2
6.846262134;-0.4642075896;0.1004985496;10.05942631;6.854255519;0.2020435184;-0.08139773458;0.05971203372;2
6.848364009;-0.4211367965;0.1148554832;9.887143135;6.856357394;0.1996000707;-0.07040216774;0.05360338464;2
6.850465831;-0.4067798555;0.1148554832;9.734002113;6.858459165;0.1959348768;-0.05940660089;0.05115992576;2
6.852567654;-0.4019941986;0.1339980662;9.580862045;6.86056104;0.1898262352;-0.05085449293;0.04505127668;2
6.854669477;-0.4259224236;0.1531406492;9.427721024;6.862662863;0.1824958473;-0.04108065739;0.04138609022;2
6.856771352;-0.4307080805;0.1818545163;9.293723106;6.864764686;0.1727220118;-0.03130681813;0.03772090003;2
6.858873123;-0.4019941986;0.2201396823;9.17886734;6.866866509;0.1629481763;-0.02519817278;0.03283398226;2
6.860974998;-0.3684946895;0.2440679073;9.05922699;6.868968331;0.1507308781;-0.01664606482;0.02916879393;2
6.863076821;-0.3445664644;0.2584248483;8.953942299;6.871070206;0.1385135949;-0.009315688163;0.02306014486;2
6.865178644;-0.3206382394;0.2919243574;8.87258625;6.873172029;0.1250745654;-0.006872228812;0.01939495653;2
6.867280467;-0.3014956415;0.3158525825;8.776873589;6.875273852;0.1104138121;-0.001985310577;0.01450803876;2
6.86938229;-0.2775674164;0.3397808075;8.671588898;6.877375675;0.09330959618;-0.0007635809598;0.008399390616;2
6.871484165;-0.2584248483;0.3780659735;8.590232849;6.879477498;0.07498364896;-0.0007635809598;0.004734201822;2
6.873585988;-0.2632105052;0.4307080805;8.484949112;6.881579321;0.05665770918;-0.001985310577;0.001069013379;2
6.875687811;-0.2584248483;0.4450650215;8.408378601;6.883681196;0.0358883068;-0.001985310577;-0.003817904973;2
6.877789634;-0.2679961324;0.4689932466;8.322237015;6.885783019;0.01511890348;-0.004428769462;-0.007483093534;2
6.879891456;-0.2871387303;0.5216353536;8.264809608;6.887884842;-0.008093958721;-0.006872228812;-0.009926552884;2
6.881993279;-0.3062812984;0.5503492355;8.197810173;6.889986665;-0.03130681813;-0.01053741761;-0.01237001177;2
6.884095154;-0.3206382394;0.5838487148;8.116454124;6.89208854;-0.0557414107;-0.01175914705;-0.01359174121;2
6.886196977;-0.3541377485;0.5934200287;8.049455643;6.894190363;-0.08017600328;-0.009315688163;-0.01481347065;2
6.8882988;-0.3732803464;0.6029912829;8.015955925;6.896292186;-0.1058323234;-0.009315688163;-0.01481347065;2
6.890400623;-0.4019941986;0.6077769399;7.934599876;6.898394009;-0.131488651;-0.008093958721;-0.01603520103;2
6.892502498;-0.4402793646;0.6317051649;7.920242786;6.900495831;-0.1571449637;-0.003207040019;-0.01359174121;2
6.894604321;-0.4833501875;0.6460621357;7.881958008;6.902597654;-0.18157956;-0.0007635809598;-0.009926552884;2
6.896706144;-0.5264210105;0.650847733;7.905886173;6.904699529;-0.2060141414;0.005345067009;-0.007483093534;2
6.898807967;-0.5503492355;0.6460621357;7.944170952;6.906801352;-0.2292270064;0.01389717404;-0.006261364091;2
6.90090979;-0.5982056856;0.650847733;7.968099594;6.908903175;-0.2499964088;0.02367101051;-0.001374445739;2
6.903011613;-0.6460621357;0.6412764788;8.035098076;6.911004998;-0.2707658112;0.03466657549;0.002290742937;2
6.905113488;-0.6891329288;0.6412764788;8.106883049;6.913106821;-0.2927569449;0.04566214234;0.005955931731;2
6.907215311;-0.732203722;0.6317051649;8.173882484;6.915208696;-0.3098611534;0.05787943676;0.009621120058;2
6.909317134;-0.7657032609;0.6221339107;8.303094864;6.917310519;-0.3233001828;0.06765327603;0.01450803876;2
6.911418956;-0.7992027402;0.6221339107;8.417949677;6.919412342;-0.3355174661;0.07864884287;0.02061668597;2
6.913520779;-0.8279166222;0.6173482537;8.561519623;6.921514165;-0.3465130329;0.08964440972;0.02550360374;2
6.915622654;-0.8566305041;0.6317051649;8.767302513;6.92361604;-0.3513999581;0.09453132749;0.02916879393;2
6.917724477;-0.8566305041;0.6221339107;8.953942299;6.925717863;-0.3526217043;0.09941824526;0.03405570984;2
6.9198263;-0.8805587292;0.5934200287;9.174081802;6.927819686;-0.3538434207;0.1018617004;0.03649916872;2
6.921928123;-0.8805587292;0.5790630579;9.389435768;6.929921509;-0.3513999581;0.09575305134;0.03894263133;2
6.924029998;-0.8853443861;0.5264210105;9.628718376;6.932023331;-0.3428478539;0.0859792158;0.03649916872;2
6.926131821;-0.8422735929;0.4689932466;9.844072342;6.934125206;-0.3306305707;0.07498364896;0.03772090003;2
6.928233644;-0.8327022791;0.4259224236;10.06421185;6.936227029;-0.3171915412;0.05665770918;0.03405570984;2
6.930335467;-0.7896314859;0.3637090325;10.25085258;6.938328852;-0.3037525117;0.03833176568;0.03039052337;2
6.93243729;-0.7465606928;0.3062812984;10.42313576;6.940430675;-0.2890917659;0.01145371422;0.0242818743;2
6.934539165;-0.6843472719;0.2584248483;10.5858469;6.942532498;-0.2719875574;-0.01664606482;0.02061668597;2
6.936640988;-0.6460621357;0.2105683982;10.75334454;6.944634321;-0.2548833191;-0.04108065739;0.01450803876;2
6.938742811;-0.6221339107;0.1770688742;10.85862923;6.946736144;-0.2402225733;-0.06673697382;0.008399390616;2
6.940844634;-0.5934200287;0.1435693651;10.95434189;6.948838019;-0.2231183648;-0.08994983882;0.002290742937;2
6.942946456;-0.5934200287;0.1196411327;11.01655579;6.950939842;-0.2084576041;-0.1107192412;-0.005039634649;2
6.945048279;-0.6125625968;0.1196411327;11.08355427;6.953041665;-0.1974620372;-0.1302669197;-0.007483093534;2
6.947150102;-0.6460621357;0.1292124242;11.10269737;6.95514354;-0.1840230078;-0.1473711282;-0.01114828233;2
6.949251977;-0.6987041831;0.1531406492;11.12662506;6.957245311;-0.1742491722;-0.158366695;-0.01114828233;2
6.9513538;-0.756131947;0.1962114573;11.14576817;6.959347186;-0.165697068;-0.1669187993;-0.008704823442;2
6.953455623;-0.8279166222;0.2392822653;11.16012478;6.961449009;-0.1571449637;-0.1693622619;-0.003817904973;2
6.955557498;-0.8805587292;0.3206382394;11.14576817;6.963550831;-0.1522580534;-0.1742491722;0.001069013379;2
6.957659269;-0.9379864931;0.3972085714;11.18405342;6.965652654;-0.1473711282;-0.1754709035;0.009621120058;2
6.959761144;-1.009771109;0.4833501875;11.1936245;6.967754529;-0.1412624866;-0.1754709035;0.01817322709;2
6.961862967;-1.052842021;0.5551348329;11.20798111;6.969856352;-0.1363755614;-0.1754709035;0.02916879393;2
6.96396479;-1.110269666;0.6604190469;11.2510519;6.971958175;-0.1351538301;-0.1766926348;0.04138609022;2
6.966066613;-1.158126116;0.7513462901;11.26540947;6.974059998;-0.131488651;-0.1766926348;0.05360338464;2
6.968168488;-1.1820544;0.8422735929;11.3132658;6.976161873;-0.1290451884;-0.18157956;0.06826414168;2
6.970270311;-1.21555388;0.9475577474;11.32283688;6.978263696;-0.1327103674;-0.1864664704;0.08048143238;2
6.972372134;-1.205982566;1.048056364;11.37069321;6.980365519;-0.1363755614;-0.1950185746;0.09269873053;2
6.974473956;-1.186840057;1.13419795;11.38983536;6.982467342;-0.1412624866;-0.2011272311;0.1036942974;2
6.976575831;-1.148554921;1.205982566;11.42333508;6.984569165;-0.1485928595;-0.2060141414;0.1134681329;2
6.978677654;-1.095912814;1.287338614;11.39940739;6.986670988;-0.1595884264;-0.2084576041;0.1232419685;2
6.980779477;-1.028913736;1.325623751;11.40897846;6.988772863;-0.1742491722;-0.2047924101;0.1317940801;2
6.9828813;-0.9714859724;1.344766378;11.413764;6.990874686;-0.1901316643;-0.2035706937;0.1379027218;2
6.984983123;-0.9044869542;1.397408366;11.40897846;6.992976509;-0.2096793354;-0.1974620372;0.142789647;2
6.987084946;-0.813559711;1.426122308;11.43290615;6.995078331;-0.2292270064;-0.1864664704;0.1476765573;2
6.989186821;-0.7369893789;1.45483613;11.49033451;6.997180154;-0.2512181401;-0.1766926348;0.1513417512;2
6.991288644;-0.6221339107;1.473978758;11.54776192;6.999282029;-0.2732092738;-0.1669187993;0.1537852138;2
6.993390467;-0.5216353536;1.531406522;11.60997581;7.001383852;-0.2939786613;-0.1547015011;0.1574503928;2
6.99549229;-0.4259224236;1.588834286;11.73440266;7.003485675;-0.3147480786;-0.142484203;0.1586721241;2
6.997594113;-0.3110669553;1.641476393;11.87797165;7.005587498;-0.3367392123;-0.131488651;0.1574503928;2
6.999695988;-0.1962114573;1.684547186;12.03589821;7.007689321;-0.355065167;-0.1204930767;0.1574503928;2
7.001797811;-0.07178468257;1.741974831;12.23689461;7.009791144;-0.3697259128;-0.1046105921;0.1537852138;2
7.003899634;0.0382851623;1.808973908;12.43789196;7.011892967;-0.3856084049;-0.08994983882;0.1501200199;2
7.006001456;0.1244267747;1.842473388;12.69631672;7.013994842;-0.3941605091;-0.07162389904;0.1476765573;2
7.008103279;0.2105683982;1.871187329;12.9882412;7.016096665;-0.3978256881;-0.05451968312;0.142789647;2
7.010205102;0.2297109663;1.832902193;13.36152172;7.018198488;-0.3990474045;-0.04352411628;0.1354592592;2
7.012306925;0.1866401732;1.789831281;13.76830196;7.020300311;-0.3953822255;-0.0374154672;0.1281288862;2
7.0144088;0.2249253243;1.780260086;14.18943787;7.022402186;-0.3868301213;-0.02886336111;0.1207985133;2
7.016510623;0.2536391914;1.808973908;14.65843105;7.024504009;-0.3709476292;-0.02641990222;0.1098029464;2
7.018612446;0.3302095234;1.794616938;15.11306763;7.026605831;-0.3465130329;-0.03008509055;0.09636391699;2
7.020714269;0.3732803464;1.785045743;15.61077499;7.028707654;-0.3184132576;-0.03619373962;0.08292489499;2
7.022816144;0.4402793646;1.741974831;16.12762451;7.030809529;-0.281761378;-0.04108065739;0.06704241037;2
7.024917967;0.4785645306;1.751546144;16.62533188;7.032911352;-0.2402225733;-0.05329795182;0.05115992576;2
7.02701979;0.4881358147;1.737189293;17.0799675;7.035013175;-0.1937968582;-0.06795870513;0.03527744114;2
7.029121613;0.4833501875;1.708475351;17.52503395;7.037114998;-0.1437059343;-0.08628465235;0.02306014486;2
7.031223488;0.4642075896;1.694118381;17.89831352;7.039216821;-0.08994983882;-0.1070540547;0.008399390616;2
7.033325311;0.4307080805;1.660618901;18.30030823;7.041318644;-0.03497200832;-0.1290451884;-0.005039634649;2
7.035427134;0.3732803464;1.64626193;18.61615944;7.043420519;0.02489273995;-0.1534797698;-0.01725693047;2
7.037528956;0.3254238665;1.622333765;18.91287041;7.045522342;0.08231402934;-0.18157956;-0.02825249545;2
7.039630779;0.2488535494;1.617548108;19.16650963;7.047624165;0.1434005052;-0.2084576041;-0.03558287397;2
7.041732602;0.1674975902;1.579262972;19.36750603;7.049725988;0.2032652497;-0.2377791107;-0.04413498193;2
7.043834477;0.1004985496;1.540977836;19.58764648;7.051827811;0.261908263;-0.2646571696;-0.05024362728;2
7.0459363;-0.004785645287;1.531406522;19.74557304;7.053929634;0.324216485;-0.2890917659;-0.05513054505;2
7.048038123;-0.08614161611;1.521835208;19.87478447;7.056031509;0.3816377819;-0.3110828996;-0.06001746282;2
7.050139946;-0.1387837082;1.536192179;19.98485565;7.058133331;0.4415025115;-0.3245218992;-0.06368265301;2
7.052241769;-0.1722832322;1.560120344;20.07099724;7.060235154;0.4964803457;-0.3379609287;-0.06490438432;2
7.054343592;-0.2153540403;1.612762451;20.09971046;7.062336977;0.5490147471;-0.3489564955;-0.06368265301;2
7.056445467;-0.2632105052;1.679761529;20.08056831;7.064438852;0.5966621637;-0.3526217043;-0.06123919412;2
7.05854729;-0.3158525825;1.761117458;20.03271103;7.066540675;0.6430879235;-0.3513999581;-0.05757400393;2
7.060649113;-0.3876372576;1.828116536;19.94178391;7.068642498;0.6846266985;-0.3452913165;-0.05146535859;2
7.062750936;-0.4594219327;1.890329838;19.83650017;7.070744321;0.7188351154;-0.3391826749;-0.04291325063;2
7.064852811;-0.5407779217;1.976471543;19.71207237;7.072846144;0.7481566668;-0.3342957497;-0.03191768378;2
7.066954634;-0.6125625968;2.067398787;19.57328987;7.074948019;0.7713695168;-0.3306305707;-0.0209221188;2
7.069056456;-0.6652047038;2.158325911;19.41536331;7.077049842;0.7896954417;-0.328187108;-0.008704823442;2
7.071158279;-0.70348984;2.220539331;19.2382946;7.079151613;0.8031344414;-0.3269653618;0.002290742937;2
7.073260102;-0.708275497;2.282752752;19.06122589;7.081253488;0.8165735006;-0.3269653618;0.0108428495;2
7.075361977;-0.6652047038;2.316252232;18.91287041;7.083355311;0.8226821423;-0.3245218992;0.01817322709;2
7.0774638;-0.5982056856;2.321038008;18.75015831;7.085457134;0.8287907839;-0.3220784664;0.02550360374;2
7.079565571;-0.5168496966;2.306680918;18.61615944;7.087559009;0.8312342763;-0.315969795;0.02794706449;2
7.081667446;-0.4307080805;2.268395901;18.5108757;7.089660831;0.8336777091;-0.312304616;0.03161225095;2
7.083769269;-0.3206382394;2.244467735;18.39602089;7.091762654;0.8336777091;-0.3147480786;0.03161225095;2
7.085871092;-0.2536391914;2.239681959;18.28594971;7.093864477;0.8397863507;-0.3245218992;0.02916879393;2
7.087972967;-0.2105683982;2.182254314;18.19502258;7.0959663;0.8471167088;-0.3367392123;0.02550360374;2
7.09007479;-0.1770688742;2.129612207;18.19502258;7.098068123;0.8593340516;-0.3526217043;0.01939495653;2
7.092176613;-0.1435693651;2.033899307;18.25723648;7.100169998;0.8715513349;-0.3709476292;0.01206457894;2
7.094278436;-0.1100698411;1.966900229;18.26680756;7.102271821;0.8874338269;-0.3892735839;0.004734201822;2
7.096380259;-0.06699903309;1.899901152;18.28116417;7.104373644;0.9069814682;-0.4112647176;-0.002596175298;2
7.098482081;-0.08135596663;1.842473388;18.28594971;7.106475467;0.9289726019;-0.4332558513;-0.008704823442;2
7.100583956;-0.1052841991;1.794616938;18.30509377;7.108577342;0.9558506608;-0.4503600597;-0.01237001177;2
7.102685779;-0.1579262912;1.756331801;18.34337807;7.110679165;0.9888373613;-0.4662425518;-0.01359174121;2
7.104787602;-0.2440679073;1.698904037;18.36730576;7.112780988;1.021824002;-0.4809032977;-0.01481347065;2
7.106889425;-0.3445664644;1.64626193;18.35773468;7.114882811;1.063362837;-0.4894554019;-0.01237001177;2
7.1089913;-0.4594219327;1.59840548;18.35773468;7.116984634;1.106123447;-0.5004509687;-0.009926552884;2
7.111093123;-0.5407779217;1.540977836;18.34337807;7.119086509;1.150105715;-0.5016726851;-0.005039634649;2
7.113194946;-0.6317051649;1.531406522;18.28116417;7.121188331;1.196531415;-0.5016726851;0.002290742937;2
7.115296769;-0.70348984;1.497906923;18.18066597;7.123290154;1.244178891;-0.5028944016;0.01206457894;2
7.117398592;-0.7944171429;1.488335729;18.08495331;7.125391977;1.289382815;-0.5004509687;0.02306014486;2
7.119500467;-0.9092726111;1.488335729;17.95095634;7.1274938;1.335808516;-0.4931205809;0.03405570984;2
7.12160229;-0.9714859724;1.50269258;17.76431465;7.129595675;1.383455992;-0.4870119393;0.04749473557;2
7.123704113;-1.024128079;1.493121386;17.58724594;7.131697498;1.428660035;-0.4784598351;0.05971203372;2
7.125805936;-1.091127157;1.507478237;17.36710739;7.133799321;1.468977094;-0.4686860144;0.07192932814;2
7.127907759;-1.13419795;1.507478237;17.11825371;7.135901144;1.510515928;-0.455246985;0.08659008145;2
7.130009634;-1.158126116;1.493121386;16.87418556;7.138002967;1.547167778;-0.4430296719;0.1012508348;2
7.132111456;-1.196411371;1.483550072;16.57747459;7.140104842;1.580154419;-0.428368926;0.1171333194;2
7.134213279;-1.234696507;1.478764415;16.29033661;7.142206665;1.608254194;-0.4149298966;0.1330158114;2
7.136315102;-1.272981644;1.464407444;15.99362659;7.144308488;1.63268888;-0.4014908671;0.1488982886;2
7.138416925;-1.296909928;1.478764415;15.70170212;7.146410311;1.653458238;-0.3868301213;0.1647807807;2
7.1405188;-1.316052437;1.469193101;15.4049921;7.148512134;1.670562506;-0.3770562708;0.1769980639;2
7.142620623;-1.31126678;1.440479279;15.09392548;7.150613956;1.684001446;-0.3697259128;0.1892153621;2
7.144722446;-1.239482164;1.402194023;14.77807236;7.152715831;1.697440505;-0.3709476292;0.1977674663;2
7.146824269;-1.13419795;1.368694544;14.49093437;7.154817654;1.703549147;-0.3733910918;0.2050978541;2
7.148926092;-1.033699393;1.35912323;14.17029572;7.156919477;1.704770923;-0.3831649423;0.2075413018;2
7.151027915;-0.9188438654;1.320838094;13.88794231;7.1590213;1.701105714;-0.3953822255;0.2075413018;2
7.15312979;-0.7896314859;1.316052437;13.57687569;7.161123123;1.696218729;-0.4075995386;0.2014326602;2
7.155231613;-0.6556333899;1.268195987;13.24188042;7.163224998;1.684001446;-0.4222602844;0.192880556;2
7.157333436;-0.5072783828;1.210768223;12.92602825;7.165326821;1.671784163;-0.4369210303;0.1843284518;2
7.159435259;-0.3589234054;1.1820544;12.61496067;7.167428644;1.647349596;-0.455246985;0.1721111536;2
7.161537081;-0.2105683982;1.124626637;12.26082325;7.169530467;1.620471597;-0.4650208056;0.1574503928;2
7.163638956;-0.0765703246;1.076770186;11.90190029;7.171632342;1.586263061;-0.4674642682;0.1440113783;2
7.165740779;0.0765703246;1.019342422;11.51904774;7.173734113;1.549611211;-0.462577343;0.1305723488;2
7.167842602;0.1770688742;0.9906286001;11.09312534;7.175835988;1.511737585;-0.4528035223;0.1159115955;2
7.169944425;0.2297109663;1.014556766;10.66241741;7.177937811;1.467755318;-0.4332558513;0.1000291109;2
7.1720463;0.3637090325;1.052842021;10.35135078;7.180039634;1.421329618;-0.405156076;0.08292489499;2
7.174148071;0.5072783828;1.11984098;10.03071213;7.182141456;1.378569126;-0.3697259128;0.06337722391;2
7.176249946;0.6364908218;1.191625714;9.7196455;7.184243331;1.329699874;-0.3306305707;0.0438295491;2
7.178351769;0.7657032609;1.268195987;9.394221306;7.186345154;1.28449595;-0.2842048407;0.02183841541;2
7.180453592;0.9188438654;1.287338614;9.083154678;7.188446977;1.240513682;-0.2304487377;-0.0001527161949;2
7.182555415;1.048056364;1.296909928;8.786444664;7.1905488;1.194087982;-0.1742491722;-0.02214384824;2
7.18465729;1.16769743;1.31126678;8.523234367;7.192650623;1.150105715;-0.1094975099;-0.04535670951;2
7.186759113;1.282552958;1.272981644;8.293522835;7.194752498;1.107345104;-0.04108065739;-0.06490438432;2
7.188860936;1.35912323;1.26341033;8.087740898;7.196854321;1.06214118;0.03222311661;-0.08445205539;2
7.190962759;1.40697968;1.244267821;7.915457249;7.198956144;1.020602345;0.1055268943;-0.1015562713;2
7.193064581;1.40697968;1.225125194;7.724031448;7.201057967;0.9802852273;0.181274116;-0.1162170246;2
7.195166456;1.387837172;1.229910851;7.570890903;7.20315979;0.944855094;0.258243084;-0.1284343153;2
7.197268279;1.339980721;1.21555388;7.417750359;7.205261665;0.9082031846;0.3388772309;-0.1369864196;2
7.199370102;1.277767301;1.191625714;7.312466145;7.207363488;0.8715513349;0.4182896614;-0.1430950761;2
7.201471925;1.172483087;1.16769743;7.269395351;7.209465311;0.8397863507;0.4964803457;-0.1443168074;2
7.203573748;1.0863415;1.13419795;7.293323517;7.211567134;0.8092431426;0.5697841048;-0.1406516135;2
7.205675623;0.9475577474;1.124626637;7.393822193;7.213668956;0.7811433077;0.6382009983;-0.1333212405;2
7.207777446;0.7704889178;1.105484009;7.575676441;7.215770831;0.7579304576;0.701730907;-0.1223256737;2
7.209879269;0.5551348329;1.0863415;7.795815945;7.217872654;0.7383828163;0.7615956664;-0.1088866442;2
7.211981092;0.3158525825;1.0863415;8.111668587;7.219974477;0.7225003242;0.8092431426;-0.09178243577;2
7.214082915;0.05264209956;1.062413216;8.456234932;7.2220763;0.7163916826;0.8458949924;-0.07467821985;2
7.21618479;-0.2057827413;1.043270707;8.834300995;7.224178175;0.7163916826;0.8739947677;-0.05757400393;2
7.218286613;-0.4450650215;0.9858429432;9.327222824;7.226279998;0.7249437571;0.894764185;-0.03802633286;2
7.220388436;-0.6652047038;0.9475577474;9.882357597;7.228381821;0.7408262491;0.902094543;-0.01725693047;2
7.222490259;-0.8805587292;0.8949156404;10.49013424;7.230483644;0.7664825916;0.8959859014;0.005955931731;2
7.224592134;-1.124626637;0.8470591903;11.09791183;7.232585467;0.7970257998;0.8764382601;0.02916879393;2
7.226693956;-1.40697968;0.784845829;11.73918819;7.23468729;0.8397863507;0.8410080671;0.05604684353;2
7.228795779;-1.703689694;0.7274180651;12.29910851;7.236789113;0.8898772597;0.7909171581;0.08170316368;2
7.230897602;-2.000399828;0.6460621357;12.85902882;7.238890936;0.9485203028;0.7237220407;0.1110246703;2
7.232999425;-2.292324066;0.5120640397;13.31845093;7.240992811;1.019380569;0.6430879235;0.1391244531;2
7.235101248;-2.555534601;0.3541377485;13.73958778;7.243094634;1.092684388;0.5490147471;0.1660024971;2
7.237203071;-2.73260355;0.1962114573;14.12243938;7.245196456;1.176983714;0.4451677203;0.1916588247;2
7.239304894;-2.861815929;-0.004785645287;14.39522076;7.247298279;1.262504816;0.3364337683;0.2173151523;2
7.241406769;-2.976671457;-0.2057827413;14.62014675;7.249400102;1.35413444;0.2215912044;0.2417497337;2
7.243508592;-3.077169895;-0.3780659735;14.72064495;7.251501977;1.443320751;0.1079703495;0.2649625838;2
7.245610415;-3.153740168;-0.5407779217;14.78764439;7.2536038;1.536172152;-0.001985310577;0.2881754637;2
7.247712238;-3.225524902;-0.6843472719;14.6823597;7.255705623;1.627801895;-0.1119409725;0.3089448512;2
7.249814061;-3.268595695;-0.8183453679;14.52443314;7.257807446;1.719431639;-0.2096793354;0.3309359848;2
7.251915936;-3.268595695;-0.9332008362;14.34257889;7.259909321;1.807396173;-0.3013090491;0.3492619395;2
7.254017759;-3.230310678;-1.028913736;14.0937252;7.262011144;1.894138932;-0.3831649423;0.3675878942;2
7.256119581;-3.163311481;-1.11984098;13.79701519;7.264112967;1.975994825;-0.4528035223;0.3810268939;2
7.258221404;-3.086741209;-1.186840057;13.45723438;7.26621479;2.05052042;-0.5077813268;0.3944659233;2
7.260323279;-2.991028309;-1.26341033;13.06002617;7.268316613;2.125045776;-0.5542070866;0.4030180275;2
7.262425102;-2.857030153;-1.301695466;12.61496067;7.270418436;2.187354088;-0.5884155035;0.409126699;2
7.264526925;-2.703889608;-1.325623751;12.11725426;7.272520311;2.243553638;-0.61285007;0.4103484154;2
7.266628748;-2.545963287;-1.330409408;11.59083271;7.274622134;2.292422771;-0.6262891293;0.4115701318;2
7.268730571;-2.359323025;-1.325623751;11.02134132;7.276723956;2.330296516;-0.6287325621;0.4115701318;2
7.270832394;-2.172683001;-1.277767301;10.41835022;7.278825779;2.359617949;-0.621402204;0.409126699;2
7.272934269;-2.005185366;-1.21555388;9.815358162;7.280927602;2.380387306;-0.6067414284;0.4066832364;2
7.275036092;-1.823330879;-1.105484009;9.183652878;7.283029425;2.390161276;-0.5835285783;0.4054614902;2
7.277137915;-1.674975872;-0.9810572863;8.575876236;7.2851313;2.395048141;-0.5505418777;0.4054614902;2
7.279239738;-1.531406522;-0.8279166222;7.972885132;7.287233123;2.384052515;-0.5065596104;0.4066832364;2
7.281341561;-1.411765337;-0.6699903607;7.360322475;7.289334946;2.368170023;-0.4601338804;0.4079049528;2
7.283443384;-1.31126678;-0.4929214716;6.800402164;7.291436769;2.3425138;-0.4100429714;0.4103484154;2
7.285545259;-1.205982566;-0.3302095234;6.240481377;7.293538644;2.311970472;-0.3538434207;0.4115701318;2
7.287647081;-1.110269666;-0.1866401732;5.737988472;7.295640467;2.275318623;-0.2976438701;0.416457057;2
7.289748904;-0.9954141974;-0.06221338734;5.230710506;7.29774229;2.237444878;-0.239000842;0.4176788032;2
7.291850727;-0.8949156404;0.07178468257;4.785645485;7.299844113;2.189797401;-0.1864664704;0.4201222658;2
7.293952602;-0.8039883971;0.1818545163;4.378865242;7.301945988;2.144593477;-0.1327103674;0.4189005196;2
7.296054425;-0.708275497;0.3062812984;4.048655987;7.304047759;2.099389553;-0.08872810751;0.4189005196;2
7.298156248;-0.6221339107;0.4067798555;3.742374659;7.306149581;2.049298525;-0.04963276163;0.416457057;2
7.300258071;-0.5407779217;0.4833501875;3.460021496;7.308251456;2.002872944;-0.01175914705;0.412791878;2
7.302359946;-0.4785645306;0.5647061467;3.225524902;7.310353279;1.956447124;0.01634063199;0.4079049528;2
7.304461717;-0.4067798555;0.6029912829;3.048455954;7.312455102;1.908799767;0.04077522457;0.4005745649;2
7.30656354;-0.3254238665;0.6364908218;2.866601467;7.314556977;1.861152291;0.06032289565;0.3932442069;2
7.308665415;-0.2440679073;0.6652047038;2.713460922;7.3166588;1.814726591;0.06520981342;0.3846921027;2
7.310767238;-0.1866401732;0.6939185858;2.565105915;7.318760623;1.767079115;0.0737619251;0.3773617148;2
7.312869061;-0.1483550072;0.760917604;2.416750908;7.320862446;1.721875072;0.0737619251;0.3688096106;2
7.314970936;-0.1148554832;0.813559711;2.297109842;7.322964269;1.673005939;0.06643154472;0.362700969;2
7.317072759;-0.0765703246;0.8422735929;2.172683001;7.325066092;1.625358462;0.06276635826;0.3541488647;2
7.319174581;-0.05742774159;0.8614161611;2.057827473;7.327167967;1.576489329;0.0542142503;0.3455967605;2
7.321276404;-0.02871387079;0.8757730722;1.914258122;7.32926979;1.52639842;0.04444041103;0.3394880891;2
7.323378227;0.0;0.8709874153;1.751546144;7.331371613;1.475085735;0.03466657549;0.3333794475;2
7.32548005;0.004785645287;0.8709874153;1.627119422;7.333473488;1.420107841;0.02244928107;0.3260490894;2
7.327581925;0.05742774159;0.8566305041;1.493121386;7.335575259;1.363908291;0.0126754446;0.3174969554;2
7.329683748;0.08135596663;0.866201818;1.378265858;7.337677081;1.306487083;-0.0007635809598;0.31261006;2
7.331785571;0.1244267747;0.9044869542;1.301695466;7.339778956;1.249065757;-0.01542433538;0.3028362095;2
7.333887446;0.1770688742;0.9379864931;1.21555388;7.341880779;1.190422773;-0.02519817278;0.2955058515;2
7.335989217;0.2392822653;0.9667003751;1.148554921;7.343982602;1.131779671;-0.03863719851;0.2893971801;2
7.33809104;0.2871387303;0.9954141974;1.124626637;7.346084425;1.074358463;-0.05451968312;0.2832885385;2
7.340192915;0.3302095234;1.014556766;1.105484009;7.3481863;1.019380569;-0.07162389904;0.2759581506;2
7.342294738;0.3780659735;1.043270707;1.115055323;7.350288123;0.9668462276;-0.09483675659;0.2686277926;2
7.344396561;0.4115654826;1.076770186;1.158126116;7.352389946;0.9191987514;-0.1192713454;0.2588539422;2
7.346498384;0.4498506486;1.095912814;1.21555388;7.354491769;0.8727730513;-0.1498145908;0.2490801066;2
7.348600259;0.4977070987;1.095912814;1.268195987;7.356593592;0.8312342763;-0.1852447391;0.2380845547;2
7.350702081;0.5455635786;1.081555843;1.368694544;7.358695415;0.7909171581;-0.2206749022;0.2258672565;2
7.352803904;0.5934200287;1.0863415;1.450050473;7.36079729;0.7530435324;-0.2573267817;0.2148716897;2
7.354905727;0.6317051649;1.091127157;1.584048629;7.362899113;0.7188351154;-0.2988655865;0.2050978541;2
7.35700755;0.6173482537;1.115055323;1.732403636;7.365000936;0.6895136237;-0.3318522871;0.1953240186;2
7.359109373;0.5838487148;1.091127157;1.923829436;7.367102759;0.660192132;-0.3709476292;0.1879936308;2
7.361211248;0.5742774606;1.062413216;2.120040894;7.369204634;0.6382009983;-0.4137081802;0.1818849891;2
7.363313071;0.5407779217;1.076770186;2.306680918;7.371306404;0.6210967898;-0.4540252388;0.1733328849;2
7.365414894;0.4977070987;1.071984529;2.52682066;7.373408279;0.6113229394;-0.4943423271;0.1660024971;2
7.367516717;0.4689932466;1.043270707;2.751745939;7.375510102;0.6039925218;-0.5371028781;0.1562286615;2
7.369618592;0.4642075896;0.9954141974;2.95752883;7.377611925;0.6003273726;-0.5725330114;0.1440113783;2
7.371720363;0.4977070987;0.9236295223;3.14895463;7.379713748;0.6052142978;-0.6079631448;0.1317940801;2
7.373822238;0.5216353536;0.866201818;3.316452265;7.381815571;0.608879447;-0.6470585465;0.1207985133;2
7.375924061;0.5694918036;0.7944171429;3.46959281;7.383917446;0.6186532974;-0.6849321127;0.1110246703;2
7.378025884;0.6077769399;0.7465606928;3.589233875;7.386019269;0.6333140731;-0.7228057384;0.1000291109;2
7.380127706;0.626919508;0.7226324677;3.713660717;7.388121092;0.6491965652;-0.755792439;0.08781181276;2
7.382229529;0.6317051649;0.679561615;3.85244441;7.390222915;0.6711876988;-0.7875574231;0.07559451461;2
7.384331404;0.6652047038;0.6556333899;3.967299938;7.392324738;0.6944005489;-0.8132137656;0.0621554926;2
7.386433227;0.6891329288;0.6077769399;4.029513359;7.394426561;0.7212786078;-0.8364266157;0.04627300799;2
7.38853505;0.7226324677;0.5742774606;4.09172678;7.396528436;0.7469348907;-0.8547525406;0.03161225095;2
7.390636873;0.7944171429;0.5407779217;4.115654945;7.398630259;0.7762564421;-0.8694133162;0.01450803876;2
7.392738696;0.8805587292;0.4977070987;4.130012035;7.400732081;0.8067996502;-0.8828523159;-0.002596175298;2
7.394840519;1.014556766;0.4642075896;4.09172678;7.402833904;0.8373429179;-0.8852958083;-0.0209221188;2
7.396942394;1.129412293;0.4546363056;4.048655987;7.404935779;0.8654426932;-0.8828523159;-0.03802633286;2
7.399044217;1.258624673;0.4546363056;3.929014683;7.407037602;0.8935424685;-0.8718567491;-0.05513054505;2
7.40114604;1.378265858;0.4594219327;3.790230989;7.409139425;0.917977035;-0.8510873318;-0.07223475724;2
7.403247863;1.464407444;0.4977070987;3.594019651;7.411241248;0.9375247359;-0.8217658401;-0.0856737867;2
7.405349738;1.517049551;0.5216353536;3.345165968;7.413343071;0.9558506608;-0.7826704979;-0.10033454;2
7.407451561;1.574477315;0.5742774606;3.058027267;7.415444894;0.968067944;-0.7362447977;-0.113773562;2
7.409553384;1.588834286;0.650847733;2.703889608;7.417546769;0.9729548693;-0.6849321127;-0.123547405;2
7.411655206;1.59840548;0.7130611539;2.383251429;7.419648592;0.9741765857;-0.6262891293;-0.1308777779;2
7.413757029;1.560120344;0.7896314859;2.029113531;7.421750415;0.968067944;-0.5603157282;-0.1369864196;2
7.415858852;1.521835208;0.8709874153;1.64626193;7.423852238;0.9558506608;-0.4870119393;-0.1418733448;2
7.417960727;1.459621787;0.9379864931;1.301695466;7.425954061;0.9411898851;-0.4112647176;-0.1455385387;2
7.42006255;1.40697968;0.9858429432;0.9475577474;7.428055936;0.9216422439;-0.3342957497;-0.1455385387;2
7.422164373;1.354337573;1.048056364;0.6125625968;7.430157759;0.8996511102;-0.2524398565;-0.1455385387;2
7.424266196;1.301695466;1.115055323;0.3110669553;7.432259581;0.8739947677;-0.1669187993;-0.1443168074;2
7.426368019;1.258624673;1.1820544;0.04785645381;7.434361404;0.8471167088;-0.08506292105;-0.1406516135;2
7.428469894;1.210768223;1.26341033;-0.2153540403;7.436463227;0.8165735006;-0.003207040019;-0.1394298822;2
7.430571717;1.1820544;1.344766378;-0.4211367965;7.438565102;0.7848085165;0.07620538026;-0.1382081509;2
7.43267354;1.172483087;1.426122308;-0.6029912829;7.440666925;0.7506000996;0.154396072;-0.1357647032;2
7.434775363;1.138983607;1.493121386;-0.784845829;7.442768748;0.7151699662;0.2215912044;-0.1345429718;2
7.436877186;1.115055323;1.55054903;-0.9188438654;7.444870571;0.6772963405;0.2875646055;-0.1345429718;2
7.438979061;1.100698471;1.603191137;-1.014556766;7.446972394;0.6382009983;0.3462076187;-0.1357647032;2
7.441080884;1.100698471;1.655833244;-1.110269666;7.449074269;0.5954404473;0.3938550651;-0.1369864196;2
7.443182706;1.076770186;1.689332843;-1.16769743;7.451176092;0.5526798964;0.4353938699;-0.1406516135;2
7.445284529;1.076770186;1.722832322;-1.229910851;7.453277915;0.5062541962;0.4732674956;-0.1443168074;2
7.447386352;1.076770186;1.770688772;-1.292124271;7.455379738;0.4598284662;0.5001455545;-0.14676027;2
7.449488227;1.081555843;1.823330879;-1.320838094;7.457481561;0.408515811;0.5209149122;-0.1516471803;2
7.45159005;1.076770186;1.842473388;-1.335195065;7.459583384;0.358424902;0.5355756879;-0.1589775532;2
7.453691873;1.062413216;1.856830359;-1.344766378;7.461685259;0.3022253513;0.5429060459;-0.1638644785;2
7.455793696;1.028913736;1.890329838;-1.35912323;7.463787081;0.2448040545;0.5477929711;-0.1711948514;2
7.457895519;0.9906286001;1.904686809;-1.339980721;7.465888904;0.1910479665;0.5429060459;-0.1797469556;2
7.459997342;0.9667003751;1.923829436;-1.31126678;7.467990727;0.1324049383;0.5331322551;-0.1882990748;2
7.462099217;0.94277215;1.962114573;-1.249053478;7.47009255;0.0737619251;0.5209149122;-0.1992946416;2
7.46420104;0.9284151793;1.990828395;-1.205982566;7.472194425;0.01511890348;0.4989238083;-0.2090684772;2
7.466302863;0.9092726111;2.01475668;-1.115055323;7.474296248;-0.04352411628;0.4720457494;-0.2188423127;2
7.468404686;0.9044869542;2.048256159;-1.024128079;7.476398071;-0.102167137;0.4341721535;-0.2310595959;2
7.470506509;0.9044869542;2.053041935;-0.9284151793;7.478499894;-0.1632536054;0.3950767815;-0.2457203567;2
7.472608384;0.9140582681;2.06261301;-0.7896314859;7.480601769;-0.2170097083;0.3510945439;-0.2603811026;2
7.474710206;0.9379864931;2.067398787;-0.6412764788;7.482703592;-0.2732092738;0.2997818887;-0.2750418782;2
7.476812029;0.9284151793;2.024327993;-0.5359922647;7.484805415;-0.3294088244;0.2399171442;-0.2909243405;2
7.478913852;0.9188438654;1.9812572;-0.3589234054;7.486907238;-0.3819431961;0.1800523996;-0.3092502952;2
7.481015727;0.8805587292;1.938186288;-0.2392822653;7.489009061;-0.4356993139;0.117744185;-0.323911041;2
7.48311755;0.813559711;1.895115495;-0.1052841991;7.491110936;-0.4906771481;0.05543597788;-0.3397935331;2
7.485219373;0.756131947;1.880758643;0.04307080805;7.493212706;-0.5419898033;-0.009315688163;-0.3532325625;2
7.487321196;0.6747759581;1.871187329;0.1483550072;7.495314529;-0.5957458615;-0.06551524997;-0.3642281294;2
7.489423019;0.5742774606;1.880758643;0.2871387303;7.497416404;-0.6458367705;-0.121714808;-0.3752236962;2
7.491524894;0.4785645306;1.890329838;0.4067798555;7.499518227;-0.6959276795;-0.1742491722;-0.3813323379;2
7.493626665;0.3876372576;1.914258122;0.5599204898;7.50162005;-0.7411317229;-0.2170097083;-0.3862192631;2
7.495728488;0.2967100143;1.942971945;0.708275497;7.503721873;-0.7838922143;-0.2561050653;-0.3886627257;2
7.497830363;0.2009970993;1.952543259;0.8805587292;7.505823748;-0.8254310489;-0.2927569449;-0.3862192631;2
7.499932186;0.07178468257;1.976471543;1.0863415;7.507925571;-0.8596394658;-0.3220784664;-0.3874409795;2
7.502034009;-0.03349951655;1.990828395;1.249053478;7.510027394;-0.8914044499;-0.3501782417;-0.3825540543;2
7.504135831;-0.1387837082;1.990828395;1.459621787;7.512129217;-0.9158390164;-0.3758345544;-0.3764454126;2
7.506237706;-0.2201396823;2.01475668;1.684547186;7.51423104;-0.9378301501;-0.4014908671;-0.370336771;2
7.508339529;-0.2823530734;2.005185366;1.914258122;7.516332863;-0.9512691498;-0.4234820008;-0.3630063832;2
7.510441352;-0.3158525825;2.019542217;2.11046958;7.518434738;-0.9598212838;-0.4405862093;-0.3581194878;2
7.512543175;-0.3397808075;2.01475668;2.354537487;7.520536561;-0.9622647166;-0.4540252388;-0.3520108163;2
7.514644998;-0.3302095234;2.000399828;2.579462767;7.522638384;-0.9622647166;-0.4637990892;-0.3434587121;2
7.516746821;-0.3302095234;2.000399828;2.799602509;7.524740206;-0.957377851;-0.4674642682;-0.3373500705;2
7.518848696;-0.3158525825;1.986042738;2.991028309;7.526842081;-0.9512691498;-0.4650208056;-0.3287979662;2
7.520950519;-0.3110669553;1.9812572;3.153740168;7.528943852;-0.9414953589;-0.4540252388;-0.3178023994;2
7.523052342;-0.3302095234;1.9812572;3.321237803;7.531045727;-0.9329432249;-0.4381427765;-0.3080285788;2
7.525154165;-0.3541377485;1.957328916;3.388236761;7.53314755;-0.9256128669;-0.4161516428;-0.2958112657;2
7.52725604;-0.3684946895;1.938186288;3.450450182;7.535249373;-0.9195042253;-0.3892735839;-0.2823722363;2
7.529357811;-0.4019941986;1.952543259;3.488735437;7.537351248;-0.9133955836;-0.3538434207;-0.2689332068;2
7.531459686;-0.3876372576;1.957328916;3.531806231;7.539453071;-0.906065166;-0.3098611534;-0.2542724609;2
7.533561509;-0.3684946895;1.942971945;3.536591768;7.541554894;-0.907286942;-0.2646571696;-0.2408334464;2
7.535663331;-0.3493520916;1.966900229;3.550948858;7.543656717;-0.906065166;-0.212122798;-0.2273944169;2
7.537765206;-0.3206382394;1.957328916;3.546163082;7.54575854;-0.907286942;-0.1534797698;-0.2127336562;2
7.539867029;-0.3014956415;1.986042738;3.517449379;7.547860363;-0.9133955836;-0.09117157012;-0.1992946416;2
7.541968852;-0.2871387303;1.9812572;3.46959281;7.549962238;-0.9182825089;-0.02275471389;-0.1870773435;2
7.544070675;-0.2584248483;1.995614052;3.43609333;7.552064061;-0.9256128669;0.05054906011;-0.173638314;2
7.546172498;-0.2584248483;2.005185366;3.37387991;7.554165884;-0.9366084337;0.1287397593;-0.1589775532;2
7.548274321;-0.2488535494;1.995614052;3.306880951;7.556267706;-0.9476040006;0.2093739063;-0.14676027;2
7.550376196;-0.2536391914;2.005185366;3.249453068;7.558369581;-0.9585995674;0.2900080681;-0.1296560466;2
7.552478019;-0.2775674164;2.024327993;3.206382275;7.560471404;-0.9683734179;0.3669770062;-0.113773562;2
7.554579842;-0.3014956415;2.038684845;3.206382275;7.562573227;-0.9854776263;0.4415025115;-0.09666935354;2
7.556681665;-0.3589234054;2.06261301;3.225524902;7.56467505;-0.9976949096;0.5123628378;-0.07712167501;2
7.55878354;-0.4163511395;2.091326952;3.292523861;7.566776873;-1.008690476;0.5758927464;-0.06001746282;2
7.560885363;-0.4977070987;2.072184324;3.402593851;7.568878696;-1.02090776;0.6259836555;-0.04657844082;2
7.562987186;-0.5312066078;2.06261301;3.517449379;7.570980519;-1.031903386;0.6663007736;-0.03313941509;2
7.565089009;-0.5407779217;2.024327993;3.670589924;7.573082394;-1.042898893;0.6944005489;-0.02458730713;2
7.567190831;-0.5120640397;1.971685886;3.814159393;7.575184217;-1.051450968;0.7139481902;-0.01847865991;2
7.569292654;-0.4642075896;1.928615093;4.000799656;7.57728604;-1.060003161;0.7212786078;-0.01725693047;2
7.571394477;-0.3876372576;1.866401672;4.158725739;7.579387863;-1.069776893;0.7188351154;-0.01847865991;2
7.573496352;-0.3062812984;1.780260086;4.316651821;7.581489738;-1.078329086;0.7041743994;-0.02336557768;2
7.575598175;-0.2201396823;1.708475351;4.493721008;7.583591561;-1.086881161;0.6809614897;-0.03313941509;2
7.577699998;-0.1483550072;1.617548108;4.675575256;7.585693384;-1.097876668;0.6491965652;-0.04291325063;2
7.579801821;-0.1148554832;1.531406522;4.828716278;7.587795206;-1.11009407;0.610101223;-0.05757400393;2
7.581903696;-0.06699903309;1.430907965;4.957928658;7.589897029;-1.122311354;0.5661189556;-0.07467821985;2
7.584005519;-0.0382851623;1.325623751;5.077569485;7.591998904;-1.13697207;0.5148062706;-0.09422589093;2
7.586107342;0.004785645287;1.239482164;5.168497086;7.594100675;-1.149189353;0.4573850036;-0.1162170246;2
7.588209165;0.06221338734;1.153340459;5.283352375;7.59620255;-1.161406636;0.3926333487;-0.1382081509;2
7.590310988;0.1052841991;1.0863415;5.431707382;7.598304373;-1.174845695;0.3229947388;-0.1614210159;2
7.592412863;0.1627119333;1.028913736;5.565705299;7.600406196;-1.185841203;0.2496909797;-0.1858556122;2
7.594514634;0.1866401732;1.000199914;5.709274769;7.602508019;-1.199280262;0.1702785641;-0.2090684772;2
7.596616509;0.2297109663;0.9619147182;5.843272686;7.604609894;-1.213940978;0.08964440972;-0.2335030586;2
7.598718331;0.2679961324;0.9284151793;5.958128452;7.606711717;-1.228601813;-0.003207040019;-0.2591593862;2
7.600820154;0.2775674164;0.9044869542;6.072983742;7.60881354;-1.243262529;-0.09605848789;-0.2860374451;2
7.602921977;0.3062812984;0.866201818;6.159125328;7.610915363;-1.259145021;-0.1852447391;-0.3116937578;2
7.605023852;0.3445664644;0.813559711;6.269195557;7.613017238;-1.271362305;-0.2732092738;-0.3397935331;2
7.607125675;0.4163511395;0.7417750359;6.331408501;7.615119061;-1.284801364;-0.3611738086;-0.366671592;2
7.609227498;0.4689932466;0.70348984;6.398407936;7.617220884;-1.29946208;-0.4503600597;-0.3923279047;2
7.611329321;0.5312066078;0.6699903607;6.48933506;7.619322706;-1.312901139;-0.5322159529;-0.4143190384;2
7.613431196;0.5551348329;0.6939185858;6.561119556;7.621424529;-1.327561855;-0.61285007;-0.4350884259;2
7.615533019;0.5934200287;0.7226324677;6.656832695;7.623526352;-1.344666123;-0.6812669635;-0.4534143806;2
7.617634842;0.5982056856;0.760917604;6.675975323;7.625628227;-1.360548615;-0.7386882305;-0.4692968726;2
7.619736665;0.6125625968;0.7944171429;6.652047157;7.62773005;-1.373987556;-0.7826704979;-0.4851793647;2
7.621838488;0.6221339107;0.8422735929;6.628118515;7.629831873;-1.389870048;-0.8083268404;-0.4973966479;2
7.623940311;0.6460621357;0.8566305041;6.585047722;7.631933696;-1.404530883;-0.8217658401;-0.5083922148;2
7.626042186;0.6747759581;0.8757730722;6.532405853;7.634035519;-1.417969823;-0.8168789148;-0.5157225728;2
7.628144009;0.679561615;0.890130043;6.451049805;7.636137342;-1.430187106;-0.7912226319;-0.5218312144;2
7.630245831;0.6699903607;0.9188438654;6.412764549;7.638239165;-1.446069598;-0.748462081;-0.5218312144;2
7.632347654;0.6125625968;0.9619147182;6.317051888;7.64034104;-1.458287001;-0.6898190379;-0.520609498;2
7.634449477;0.5072783828;1.009771109;6.226124287;7.642442863;-1.469282508;-0.6104066372;-0.51327914;2
7.6365513;0.3732803464;1.071984529;6.159125328;7.644544686;-1.483943224;-0.5175551772;-0.5022835732;2
7.638653123;0.2249253243;1.110269666;6.077769279;7.646646509;-1.49493885;-0.4112647176;-0.4864010811;2
7.640754998;0.04307080805;1.158126116;6.010770321;7.648748384;-1.504712701;-0.3000873327;-0.4692968726;2
7.642856821;-0.1387837082;1.191625714;5.991627693;7.650850206;-1.513264775;-0.1876882017;-0.4485274553;2
7.644958644;-0.3254238665;1.253839016;6.025127411;7.652952029;-1.518151641;-0.06918043643;-0.4216494262;2
7.647060467;-0.4881358147;1.306481123;6.082555294;7.655053852;-1.520595193;0.05054906011;-0.3935496211;2
7.649162342;-0.6173482537;1.387837172;6.144768715;7.657155675;-1.520595193;0.1739437431;-0.3630063832;2
7.651264165;-0.760917604;1.478764415;6.269195557;7.659257498;-1.519373417;0.2912297845;-0.3300196826;2
7.653365988;-0.8949156404;1.545763373;6.388836384;7.661359373;-1.516929984;0.4121810198;-0.2970330119;2
7.655467811;-1.028913736;1.59840548;6.556334019;7.663461196;-1.509599566;0.5258018374;-0.2640463114;2
7.657569634;-1.186840057;1.636690736;6.723831654;7.665563019;-1.501047492;0.6308705807;-0.2310595959;2
7.659671456;-1.339980721;1.689332843;6.891329288;7.667664894;-1.493717074;0.7298306823;-0.196851179;2
7.661773331;-1.464407444;1.708475351;7.068397999;7.669766717;-1.487608433;0.8116865754;-0.1663079411;2
7.663875154;-1.588834286;1.727617979;7.269395351;7.671868488;-1.481499791;0.8886555433;-0.1357647032;2
7.665976977;-1.679761529;1.713261008;7.446464062;7.673970363;-1.472947717;0.952185452;-0.1064431891;2
7.668078852;-1.722832322;1.703689694;7.647460938;7.676072186;-1.464395642;1.003498077;-0.07956513762;2
7.670180675;-1.741974831;1.689332843;7.814958572;7.678174009;-1.459508657;1.047480345;-0.05513054505;2
7.672282446;-1.727617979;1.651047587;7.996813297;7.680275884;-1.457065225;1.079245329;-0.03436114267;2
7.674384321;-1.708475351;1.617548108;8.15473938;7.682377654;-1.458287001;1.097571254;-0.01237001177;2
7.676486144;-1.708475351;1.555334687;8.303094864;7.684479529;-1.460730433;1.10856688;0.001069013379;2
7.678587967;-1.660618901;1.483550072;8.422736168;7.686581352;-1.466839075;1.109788537;0.01328630932;2
7.680689842;-1.612762451;1.440479279;8.547162056;7.688683175;-1.47539115;1.101236463;0.02183841541;2
7.682791613;-1.521835208;1.387837172;8.709874153;7.690784998;-1.486386776;1.079245329;0.02794706449;2
7.684893488;-1.440479279;1.383051515;8.906085968;7.692886821;-1.49493885;1.047480345;0.02672533318;2
7.686995311;-1.320838094;1.354337573;9.116654396;7.694988696;-1.507156134;1.012050271;0.02061668597;2
7.689097134;-1.162911773;1.354337573;9.370293617;7.697090519;-1.516929984;0.9668462276;0.009621120058;2
7.691198956;-1.024128079;1.339980721;9.604789734;7.699192342;-1.525482059;0.9069814682;-0.003817904973;2
7.693300779;-0.8805587292;1.31126678;9.834501266;7.701294165;-1.532812476;0.8446732759;-0.02336557768;2
7.695402654;-0.7417750359;1.292124271;10.07378292;7.70339604;-1.538921118;0.7750346661;-0.04535670951;2
7.697504477;-0.5790630579;1.296909928;10.33699417;7.705497863;-1.542586327;0.7053961158;-0.06979130208;2
7.6996063;-0.4354937077;1.268195987;10.5858469;7.707599686;-1.540142775;0.6296488643;-0.09666935354;2
7.701708123;-0.3302095234;1.210768223;10.82034397;7.709701509;-1.535255909;0.5551233888;-0.1247691289;2
7.703809998;-0.2536391914;1.153340459;11.05005455;7.711803331;-1.525482059;0.4720457494;-0.1553123742;2
7.705911821;-0.1914258152;1.071984529;11.30848026;7.713905154;-1.514486551;0.3853029609;-0.1846338809;2
7.708013644;-0.1435693651;0.9954141974;11.5142622;7.716007029;-1.497382283;0.2973384261;-0.2151771188;2
7.710115467;-0.1292124242;0.9236295223;11.73918819;7.718108852;-1.479056358;0.2118173689;-0.2457203567;2
7.71221729;-0.1244267747;0.8470591903;11.94497108;7.720210675;-1.455843449;0.1238528341;-0.2762635946;2
7.714319113;-0.1531406492;0.7657032609;12.10289669;7.722312498;-1.430187106;0.03833176568;-0.3031416535;2
7.716420988;-0.1722832322;0.6891329288;12.21296692;7.724414321;-1.406974316;-0.04474584386;-0.3287979662;2
7.718522811;-0.2488535494;0.6364908218;12.2799654;7.726516196;-1.382539749;-0.1168278903;-0.3507890999;2
7.720624634;-0.3206382394;0.6029912829;12.30389404;7.728618019;-1.359326839;-0.1754709035;-0.3691150546;2
7.722726456;-0.4115654826;0.5647061467;12.26560879;7.730719842;-1.338557482;-0.2292270064;-0.3813323379;2
7.724828279;-0.5503492355;0.5407779217;12.23210907;7.732821665;-1.317788005;-0.2732092738;-0.3886627257;2
7.726930154;-0.70348984;0.5503492355;12.13639641;7.73492354;-1.300683856;-0.2964221239;-0.3886627257;2
7.729031977;-0.9236295223;0.5694918036;12.05504036;7.737025363;-1.286023021;-0.308639437;-0.3862192631;2
7.7311338;-1.0863415;0.6125625968;11.93539906;7.739127186;-1.272584081;-0.3049742281;-0.3752236962;2
7.733235623;-1.229910851;0.6891329288;11.73440266;7.741229009;-1.261588454;-0.2866483033;-0.3605629504;2
7.735337498;-1.397408366;0.760917604;11.56211948;7.743330831;-1.250592947;-0.2573267817;-0.3410152495;2
7.737439321;-1.521835208;0.8327022791;11.40419292;7.745432654;-1.242040753;-0.212122798;-0.3178023994;2
7.739541144;-1.617548108;0.9762716293;11.2941227;7.747534529;-1.234710455;-0.1559232324;-0.2921460867;2
7.741642967;-1.689332843;1.124626637;11.16969585;7.749636352;-1.228601813;-0.09117157012;-0.2652680278;2
7.74374479;-1.737189293;1.26341033;11.05484104;7.751738175;-1.226158381;-0.01664606482;-0.2383899838;2
7.745846613;-1.765903115;1.397408366;10.95434189;7.753839998;-1.223714828;0.06398808211;-0.2078467458;2
7.747948488;-1.785045743;1.536192179;10.85862923;7.755941873;-1.223714828;0.1507308781;-0.1785252392;2
7.750050311;-1.799402595;1.627119422;10.8107729;7.758043696;-1.227380037;0.2374736816;-0.1492037177;2
7.752152134;-1.775474429;1.737189293;10.76291656;7.760145519;-1.228601813;0.3266599476;-0.1211039424;2
7.754253956;-1.770688772;1.813759565;10.72463131;7.762247342;-1.235932112;0.4121810198;-0.09300415963;2
7.756355831;-1.765903115;1.861616015;10.67677498;7.764349165;-1.239597321;0.4915934205;-0.06612611562;2
7.758457654;-1.765903115;1.895115495;10.62413216;7.766450988;-1.243262529;0.5697841048;-0.04169152305;2
7.760559477;-1.732403636;1.938186288;10.63370419;7.768552863;-1.251814604;0.6491965652;-0.02214384824;2
7.7626613;-1.660618901;1.971685886;10.66720295;7.770654686;-1.257923245;0.7225003242;-0.006261364091;2
7.764763123;-1.584048629;1.962114573;10.7054882;7.772756509;-1.265253663;0.7896954417;0.008399390616;2
7.766864946;-1.483550072;1.938186288;10.72463131;7.774858331;-1.273805737;0.8507819176;0.01939495653;2
7.768966821;-1.35912323;1.914258122;10.75813103;7.776960206;-1.278692722;0.902094543;0.02672533318;2
7.771068644;-1.272981644;1.866401672;10.80598736;7.779061977;-1.286023021;0.9460768104;0.03283398226;2
7.773170467;-1.201196909;1.832902193;10.85862923;7.781163852;-1.293353438;0.9790635109;0.03894263133;2
7.77527229;-1.186840057;1.785045743;10.93998528;7.783265623;-1.304349065;1.001054645;0.0438295491;2
7.777374165;-1.225125194;1.751546144;11.02612686;7.785367446;-1.317788005;1.013271928;0.05115992576;2
7.779475936;-1.296909928;1.722832322;11.09312534;7.787469321;-1.337335706;1.015715361;0.05849030241;2
7.781577811;-1.40697968;1.694118381;11.17926693;7.789571144;-1.353218198;1.007163286;0.06948586553;2
7.783679581;-1.55054903;1.679761529;11.27976608;7.791673019;-1.373987556;0.9900590777;0.08292489499;2
7.785781404;-1.703689694;1.641476393;11.39462185;7.793774842;-1.393535256;0.9644027948;0.09514218569;2
7.787883279;-1.847259045;1.607976794;11.49990559;7.795876665;-1.416748166;0.9314160943;0.1134681329;2
7.789985102;-2.009970903;1.569691658;11.5764761;7.797978488;-1.437517524;0.8923207521;0.1317940801;2
7.792086977;-2.148754835;1.536192179;11.6961174;7.800080311;-1.453400016;0.8495602012;0.1513417512;2
7.7941888;-2.273181438;1.512263894;11.81575775;7.802182134;-1.471725941;0.801912725;0.1708894223;2
7.796290623;-2.354537487;1.507478237;11.94018459;7.804283956;-1.486386776;0.751821816;0.1916588247;2
7.798392446;-2.402393818;1.483550072;12.09811115;7.806385831;-1.498604059;0.701730907;0.2075413018;2
7.800494269;-2.402393818;1.464407444;12.24646664;7.808487654;-1.509599566;0.6455313563;0.2209803313;2
7.802596092;-2.383251429;1.445264935;12.41874981;7.810589477;-1.515708208;0.5917752385;0.2356410921;2
7.804697915;-2.325823545;1.411765337;12.55753326;7.8126913;-1.520595193;0.5343539715;0.2441931963;2
7.80679979;-2.234896421;1.339980721;12.71067429;7.814793175;-1.520595193;0.4781544209;0.2515235841;2
7.808901613;-2.115255117;1.296909928;12.86859989;7.816894998;-1.516929984;0.4195113778;0.2551887631;2
7.811003436;-1.966900229;1.201196909;12.99781227;7.818996821;-1.512042999;0.3596466482;0.2551887631;2
7.813105259;-1.837687731;1.124626637;13.11745358;7.821098644;-1.507156134;0.3010036349;0.2551887631;2
7.815207134;-1.665404558;1.004985452;13.24188042;7.823200467;-1.501047492;0.2472475171;0.2503018379;2
7.817308956;-1.497906923;0.9092726111;13.3710928;7.82530229;-1.491273642;0.1959348768;0.2417497337;2
7.819410779;-1.349551916;0.8279166222;13.49551964;7.827404165;-1.482721567;0.1446222365;0.2319758981;2
7.821512602;-1.210768223;0.760917604;13.63908863;7.829505988;-1.468060732;0.09819651395;0.2209803313;2
7.823614425;-1.095912814;0.6747759581;13.78265858;7.831607811;-1.454621792;0.05543597788;0.2075413018;2
7.825716248;-0.9762716293;0.5886343718;13.90229988;7.833709634;-1.446069598;0.01145371422;0.192880556;2
7.827818123;-0.8518448472;0.4977070987;14.06979752;7.835811509;-1.433852315;-0.03252854943;0.1769980639;2
7.829919946;-0.7369893789;0.4259224236;14.18465233;7.837913279;-1.419191599;-0.07651081681;0.1574503928;2
7.832021769;-0.6125625968;0.3780659735;14.30429363;7.840015154;-1.40575254;-0.1168278903;0.1403461844;2
7.834123592;-0.5120640397;0.2919243574;14.42872047;7.842116977;-1.391091824;-0.1571449637;0.1220202371;2
7.836225467;-0.4163511395;0.2584248483;14.51486206;7.8442188;-1.373987556;-0.1913533956;0.1049160287;2
7.838327238;-0.3254238665;0.2297109663;14.57228947;7.846320623;-1.359326839;-0.2170097083;0.08781181276;2
7.840429113;-0.2632105052;0.1962114573;14.66321754;7.848422446;-1.339779139;-0.2414443046;0.07192932814;2
7.842530936;-0.2297109663;0.1818545163;14.73021603;7.850524321;-1.319009781;-0.2548833191;0.05726857483;2
7.844632759;-0.2201396823;0.1674975902;14.802001;7.852626144;-1.300683856;-0.2634354234;0.0426078178;2
7.846734581;-0.2201396823;0.1674975902;14.84028625;7.854727967;-1.279914379;-0.2671006322;0.03039052337;2
7.848836404;-0.1914258152;0.1866401732;14.91685677;7.85682979;-1.254258156;-0.2597702444;0.01817322709;2
7.850938279;-0.1818545163;0.2297109663;14.96949863;7.858931665;-1.228601813;-0.2463312149;0.009621120058;2
7.853040102;-0.1866401732;0.2679961324;15.01735497;7.861033488;-1.201723695;-0.231670469;0.002290742937;2
7.855141925;-0.2392822653;0.2967100143;15.05085468;7.863135311;-1.174845695;-0.2109010667;-0.005039634649;2
7.857243748;-0.2823530734;0.3062812984;15.09871101;7.865237134;-1.139415503;-0.1828012913;-0.007483093534;2
7.859345623;-0.3349951804;0.3493520916;15.13699627;7.867338956;-1.105207086;-0.1485928595;-0.008704823442;2
7.861447446;-0.4019941986;0.3589234054;15.20878029;7.869440779;-1.06733346;-0.1107192412;-0.008704823442;2
7.863549269;-0.4689932466;0.3780659735;15.23749447;7.871542654;-1.028238177;-0.06429351866;-0.005039634649;2
7.865651092;-0.5407779217;0.3876372576;15.25663757;7.873644477;-0.9818124175;-0.01542433538;-0.001374445739;2
7.867752915;-0.5790630579;0.3876372576;15.27099419;7.8757463;-0.9353867173;0.03833176568;0.00351247238;2
7.869854738;-0.6364908218;0.3972085714;15.29492188;7.877848123;-0.8865175247;0.09330959618;0.009621120058;2
7.871956613;-0.6843472719;0.4354937077;15.34277916;7.879949998;-0.8352048993;0.1470656991;0.0157297682;2
7.874058436;-0.7178468108;0.4546363056;15.37149239;7.882051821;-0.7814487815;0.2032652497;0.02306014486;2
7.876160259;-0.7657032609;0.4642075896;15.35235023;7.884153644;-0.7276926637;0.2545779049;0.02916879393;2
7.878262081;-0.813559711;0.4833501875;15.3475647;7.886255467;-0.6739365458;0.3058905303;0.03649916872;2
7.880363956;-0.8279166222;0.4833501875;15.35235023;7.88835729;-0.621402204;0.3510945439;0.04505127668;2
7.882465779;-0.8853443861;0.4929214716;15.2853508;7.890459113;-0.571311295;0.3914116025;0.05360338464;2
7.884567602;-0.9140582681;0.4833501875;15.20878029;7.892560988;-0.5261073112;0.4317286909;0.05971203372;2
7.886669425;-0.9332008362;0.4881358147;15.08913994;7.894662811;-0.4857902229;0.470824033;0.06582067907;2
7.888771248;-0.9762716293;0.5024927258;14.93121338;7.896764634;-0.4528035223;0.5062541962;0.07559451461;2
7.890873071;-1.009771109;0.5168496966;14.75414467;7.898866456;-0.4198168218;0.5404626131;0.08536835015;2
7.892974946;-1.043270707;0.5407779217;14.55314732;7.900968279;-0.3966039717;0.5710058808;0.09636391699;2
7.895076769;-1.043270707;0.6077769399;14.36650753;7.903070154;-0.3794997334;0.6003273726;0.1073594838;2
7.897178592;-1.105484009;0.6556333899;14.19422436;7.905171977;-0.3660607338;0.6259836555;0.1183550507;2
7.899280415;-1.129412293;0.6987041831;14.01715469;7.9072738;-0.358730346;0.6467530727;0.1281288862;2
7.901382238;-1.16769743;0.7800601721;13.85922909;7.909375623;-0.355065167;0.6577486396;0.1354592592;2
7.903484113;-1.177268744;0.8279166222;13.73480225;7.911477446;-0.3489564955;0.6577486396;0.1415679157;2
7.905585936;-1.162911773;0.8709874153;13.67737389;7.913579269;-0.3501782417;0.6491965652;0.1452330947;2
7.907687759;-1.115055323;0.8997012973;13.6103754;7.915681144;-0.3526217043;0.6308705807;0.146454826;2
7.909789581;-1.067198873;0.9188438654;13.52423382;7.917782967;-0.355065167;0.6003273726;0.1452330947;2
7.911891404;-1.043270707;0.9284151793;13.4285202;7.91988479;-0.3599520624;0.5648971796;0.1415679157;2
7.913993227;-0.9954141974;0.9571290612;13.33280754;7.921986613;-0.3697259128;0.5233584046;0.1366809905;2
7.916095102;-0.9332008362;0.9475577474;13.24666595;7.924088488;-0.3794997334;0.4720457494;0.1281288862;2
7.918196925;-0.8422735929;0.9523434043;13.16052437;7.926190311;-0.3953822255;0.4182896614;0.1220202371;2
7.920298748;-0.7417750359;0.9667003751;13.08395386;7.928292134;-0.4112647176;0.3645335436;0.1146898642;2
7.922400571;-0.6747759581;0.9475577474;12.98345566;7.930393956;-0.4344775677;0.308333993;0.1049160287;2
7.924502446;-0.6364908218;0.8997012973;12.87338543;7.932495779;-0.4601338804;0.2557996213;0.0975856483;2
7.926604269;-0.6364908218;0.8805587292;12.78245831;7.934597602;-0.4870119393;0.2032652497;0.08903354406;2
7.928706092;-0.6652047038;0.866201818;12.69631672;7.936699477;-0.5138899684;0.1556178033;0.08048143238;2
7.930807915;-0.6747759581;0.837487936;12.64367485;7.9388013;-0.5395463109;0.1067486182;0.07192932814;2
7.932909738;-0.6604190469;0.8231309652;12.58146191;7.940903123;-0.5652026534;0.06154462695;0.0609337613;2
7.935011561;-0.6077769399;0.7992027402;12.58146191;7.943004946;-0.5871937871;0.02122755162;0.04749473557;2
7.937113436;-0.5407779217;0.7944171429;12.58146191;7.945106821;-0.6067414284;-0.01664606482;0.03527744114;2
7.939215259;-0.4594219327;0.760917604;12.63410378;7.947208644;-0.621402204;-0.04841103405;0.02183841541;2
7.941317081;-0.3924229145;0.7417750359;12.67238903;7.949310415;-0.6348412037;-0.0740673542;0.01206457894;2
7.943418904;-0.3589234054;0.70348984;12.75853062;7.95141229;-0.6421716213;-0.09361502528;0.002290742937;2
7.945520779;-0.3589234054;0.6747759581;12.85902882;7.953514113;-0.6433933377;-0.1046105921;-0.005039634649;2
7.947622602;-0.3972085714;0.6364908218;12.99302673;7.955615936;-0.6397281289;-0.1131627038;-0.009926552884;2
7.949724373;-0.4498506486;0.6029912829;13.16530991;7.957717759;-0.6287325621;-0.1204930767;-0.01481347065;2
7.951826248;-0.5072783828;0.5742774606;13.38544941;7.959819634;-0.6104066372;-0.1266017258;-0.01725693047;2
7.953928071;-0.5647061467;0.5359922647;13.64866066;7.961921456;-0.5859720111;-0.1290451884;-0.0209221188;2
7.956029894;-0.6221339107;0.4977070987;13.88315678;7.964023279;-0.555428803;-0.1339320987;-0.02214384824;2
7.958131717;-0.650847733;0.4163511395;14.11286831;7.966125102;-0.5175551772;-0.1412624866;-0.02458730713;2
7.960233592;-0.6699903607;0.3589234054;14.39522076;7.968226925;-0.4772381186;-0.1534797698;-0.02703076601;2
7.962335415;-0.6604190469;0.2823530734;14.64885998;7.970328748;-0.4295906425;-0.1644753367;-0.03191768378;2
7.964437238;-0.6556333899;0.2201396823;14.88814259;7.972430623;-0.3770562708;-0.1766926348;-0.03802633286;2
7.966539061;-0.6412764788;0.1483550072;15.07478237;7.974532446;-0.3245218992;-0.1876882017;-0.04291325063;2
7.968640884;-0.626919508;0.08135596663;15.22792339;7.976634269;-0.2683223486;-0.1925751269;-0.0490218997;2
7.970742706;-0.6173482537;-0.01914258115;15.3475647;7.978736144;-0.215787977;-0.1950185746;-0.05390881747;2
7.972844581;-0.6077769399;-0.1004985496;15.41934872;7.980837967;-0.1608101577;-0.1962403059;-0.06001746282;2
7.974946404;-0.5886343718;-0.1435693651;15.42413521;7.98293979;-0.1107192412;-0.1937968582;-0.06368265301;2
7.977048227;-0.5694918036;-0.1770688742;15.39542103;7.985041613;-0.05940660089;-0.1864664704;-0.06856957078;2
7.979150102;-0.5934200287;-0.2201396823;15.30927944;7.987143436;-0.01053741761;-0.1693622619;-0.06979130208;2
7.981251925;-0.6125625968;-0.2392822653;15.14656734;7.989245259;0.02977965772;-0.1534797698;-0.06979130208;2
7.983353748;-0.6364908218;-0.2344966233;14.93121338;7.991347134;0.06398808211;-0.1278234571;-0.06856957078;2
7.985455571;-0.6556333899;-0.2105683982;14.71585941;7.993448956;0.09575305134;-0.09850194305;-0.06368265301;2
7.987557394;-0.6843472719;-0.1483550072;14.45264912;7.995550779;0.1226311028;-0.05940660089;-0.05757400393;2
7.989659217;-0.7130611539;-0.06699903309;14.22293758;7.997652602;0.1470656991;-0.009315688163;-0.05024362728;2
7.991761092;-0.732203722;0.004785645287;14.00279808;7.999754425;0.1666133702;0.03955349326;-0.04169152305;2
7.993862915;-0.7800601721;0.1148554832;13.71565914;8.0018563;0.1824958473;0.09086613357;-0.03313941509;2
7.995964738;-0.7944171429;0.2057827413;13.47159195;8.003958123;0.1947131455;0.1421787739;-0.02458730713;2
7.998066561;-0.8183453679;0.2584248483;13.21316624;8.006059946;0.204486981;0.1886045039;-0.01847865991;2
8.000168384;-0.7992027402;0.3158525825;13.04088306;8.008161769;0.2142608166;0.2252563834;-0.01481347065;2
8.002270259;-0.7657032609;0.4019941986;12.86859989;8.010263644;0.2191477418;0.261908263;-0.01114828233;2
8.004372081;-0.732203722;0.4594219327;12.69153118;8.012365415;0.2215912044;0.2936732471;-0.01114828233;2
8.006473904;-0.6652047038;0.4929214716;12.53839111;8.014467238;0.2240346521;0.3229947388;-0.01481347065;2
8.008575727;-0.5886343718;0.5168496966;12.37089348;8.016569113;0.2215912044;0.3425424397;-0.01725693047;2
8.010677602;-0.5168496966;0.5312066078;12.20818138;8.018670936;0.2142608166;0.3572031856;-0.02336557768;2
8.012779373;-0.4881358147;0.5551348329;12.06461143;8.020772759;0.2081521749;0.3669770062;-0.02703076601;2
8.014881196;-0.4881358147;0.5551348329;11.95454216;8.022874634;0.1959348768;0.3657552898;-0.03069595434;2
8.016983071;-0.5168496966;0.5886343718;11.80140114;8.024976404;0.1800523996;0.3633118272;-0.03191768378;2
8.019084894;-0.5455635786;0.5982056856;11.69133186;8.027078227;0.1605047137;0.3535379767;-0.03191768378;2
8.021186717;-0.6125625968;0.6077769399;11.58126163;8.029180102;0.1397353113;0.3400989771;-0.03191768378;2
8.023288592;-0.6747759581;0.6221339107;11.47119141;8.031281925;0.117744185;0.324216485;-0.02825249545;2
8.025390363;-0.7417750359;0.6364908218;11.38983536;8.033383748;0.09453132749;0.3034470677;-0.02336557768;2
8.027492186;-0.8470591903;0.6173482537;11.3132658;8.035485623;0.07009673119;0.2802342176;-0.01847865991;2
8.029594061;-0.9475577474;0.6317051649;11.28455162;8.037587394;0.04932733253;0.2509126961;-0.01359174121;2
8.031695884;-1.062413216;0.6317051649;11.28455162;8.039689269;0.03100138716;0.2167042792;-0.007483093534;2
8.033797706;-1.172483087;0.626919508;11.30848026;8.041791092;0.01389717404;0.1800523996;-0.003817904973;2
8.035899581;-1.239482164;0.6221339107;11.37547874;8.043892915;-0.0007635809598;0.1397353113;-0.0001527161949;2
8.038001352;-1.287338614;0.6077769399;11.44726372;8.04599479;-0.01053741761;0.09819651395;0.00351247238;2
8.040103227;-1.296909928;0.6317051649;11.55733299;8.048096613;-0.01664606482;0.04932733253;0.007177661173;2
8.04220505;-1.301695466;0.6077769399;11.64347458;8.050198436;-0.0190895237;-0.001985310577;0.009621120058;2
8.044306873;-1.316052437;0.6029912829;11.72004509;8.052300259;-0.02031125315;-0.05207622424;0.01206457894;2
8.046408748;-1.335195065;0.5790630579;11.78704453;8.054402081;-0.02031125315;-0.1046105921;0.01695149764;2
8.048510571;-1.344766378;0.5503492355;11.89232826;8.056503956;-0.01542433538;-0.1547015011;0.01817322709;2
8.050612394;-1.35912323;0.5168496966;11.94497108;8.058605727;-0.01175914705;-0.2047924101;0.02183841541;2
8.052714217;-1.349551916;0.4881358147;11.93539906;8.060707602;-0.003207040019;-0.2499964088;0.02306014486;2
8.05481604;-1.330409408;0.4546363056;11.94975662;8.062809425;0.005345067009;-0.2939786613;0.02672533318;2
8.056917915;-1.306481123;0.4450650215;11.93539906;8.064911248;0.01023198478;-0.328187108;0.02794706449;2
8.059019686;-1.258624673;0.3924229145;11.86361504;8.067013071;0.01878409274;-0.3562868834;0.02916879393;2
8.061121561;-1.201196909;0.3780659735;11.80140114;8.069114894;0.02367101051;-0.3758345544;0.03039052337;2
8.063223384;-1.13419795;0.3541377485;11.66740322;8.071216717;0.02855792828;-0.3880518377;0.02916879393;2
8.065325206;-1.067198873;0.3254238665;11.54776192;8.073318592;0.03100138716;-0.3917170465;0.02672533318;2
8.067427029;-1.019342422;0.3014956415;11.39940739;8.075420415;0.03466657549;-0.3831649423;0.02550360374;2
8.069528852;-0.9858429432;0.3014956415;11.24148083;8.07752229;0.0358883068;-0.3721693754;0.0242818743;2
8.071630675;-0.9284151793;0.3110669553;11.09312534;8.079624061;0.0358883068;-0.3513999581;0.0242818743;2
8.07373255;-0.8757730722;0.3158525825;10.94955635;8.081725936;0.03833176568;-0.3257436454;0.0242818743;2
8.075834373;-0.8470591903;0.3349951804;10.8107729;8.083827759;0.03711003438;-0.2952004075;0.02306014486;2
8.077936248;-0.813559711;0.3445664644;10.72463131;8.085929581;0.03711003438;-0.2634354234;0.02306014486;2
8.080038019;-0.7800601721;0.3349951804;10.60977554;8.088031404;0.03833176568;-0.2280052751;0.02306014486;2
8.082139894;-0.756131947;0.3302095234;10.49491978;8.090133227;0.03955349326;-0.1950185746;0.02550360374;2
8.084241717;-0.7704889178;0.3158525825;10.40399265;8.092235102;0.03833176568;-0.1681405306;0.02916879393;2
8.08634354;-0.7944171429;0.3158525825;10.35613632;8.094336925;0.03955349326;-0.138819024;0.03405570984;2
8.088445363;-0.8087740541;0.3014956415;10.29392338;8.096438748;0.03955349326;-0.1180496216;0.04138609022;2
8.090547186;-0.8518448472;0.3014956415;10.23170948;8.098540571;0.04077522457;-0.09972367436;0.04627300799;2
8.092649061;-0.9044869542;0.2919243574;10.16949654;8.100642394;0.04077522457;-0.08872810751;0.05360338464;2
8.094750884;-0.9379864931;0.2679961324;10.14556789;8.102744269;0.03711003438;-0.08384118974;0.05482511222;2
8.096852706;-0.9667003751;0.2440679073;10.13599682;8.10484604;0.0358883068;-0.08017600328;0.05971203372;2
8.098954529;-0.9810572863;0.1866401732;10.08335495;8.106947915;0.03466657549;-0.08384118974;0.06337722391;2
8.101056352;-0.9906286001;0.1579262912;10.05464077;8.109049738;0.02855792828;-0.08506292105;0.06826414168;2
8.103158227;-0.9906286001;0.1148554832;10.00678444;8.111151561;0.02244928107;-0.08994983882;0.07192932814;2
8.105259998;-1.009771109;0.09571290761;9.968499184;8.113253436;0.01511890348;-0.09361502528;0.08048143238;2
8.107361873;-1.004985452;0.07178468257;9.891928673;8.115355259;0.006566796452;-0.09605848789;0.08659008145;2
8.109463696;-1.048056364;0.07178468257;9.786644936;8.117457081;-0.003207040019;-0.0972802192;0.09636391699;2
8.111565519;-1.091127157;0.06221338734;9.714859962;8.119558904;-0.01542433538;-0.1009454057;0.1061377525;2
8.113667394;-1.153340459;0.06699903309;9.633503914;8.121660727;-0.02886336111;-0.102167137;0.1171333194;2
8.115769217;-1.186840057;0.0765703246;9.580862045;8.12376255;-0.04108065739;-0.1033888608;0.1281288862;2
8.11787104;-1.220339537;0.06699903309;9.489934921;8.125864425;-0.05451968312;-0.1058323234;0.1403461844;2
8.119972863;-1.258624673;0.09571290761;9.480362892;8.127966248;-0.06918043643;-0.1070540547;0.1525634825;2
8.122074686;-1.277767301;0.09092725813;9.466006279;8.130068071;-0.08139773458;-0.1070540547;0.1660024971;2
8.124176509;-1.292124271;0.07178468257;9.489934921;8.132169894;-0.09361502528;-0.1094975099;0.1782197952;2
8.126278384;-1.287338614;0.06699903309;9.51386261;8.134271717;-0.09972367436;-0.1119409725;0.1892153621;2
8.128380206;-1.258624673;0.0239282269;9.57129097;8.13637354;-0.1070540547;-0.1143844277;0.1977674663;2
8.130482029;-1.229910851;-0.004785645287;9.686145782;8.138475415;-0.1070540547;-0.121714808;0.2038761228;2
8.132583852;-1.1820544;-0.06699903309;9.762716293;8.140577238;-0.1070540547;-0.131488651;0.2075413018;2
8.134685675;-1.091127157;-0.1387837082;9.882357597;8.142679061;-0.102167137;-0.142484203;0.2063195854;2
8.136787498;-0.9954141974;-0.2249253243;10.03071213;8.144780884;-0.09239330143;-0.1547015011;0.2026543915;2
8.138889373;-0.8709874153;-0.3206382394;10.17428207;8.146882759;-0.08017600328;-0.1730274558;0.1989891976;2
8.140991196;-0.760917604;-0.3972085714;10.31785107;8.148984581;-0.06551524997;-0.1913533956;0.1904370934;2
8.143093019;-0.6317051649;-0.5024927258;10.45663452;8.151086404;-0.04718930274;-0.2084576041;0.1806632578;2
8.145194842;-0.5264210105;-0.6125625968;10.60977554;8.153188227;-0.02764163166;-0.2231183648;0.1684459597;2
8.147296717;-0.4211367965;-0.6939185858;10.75334454;8.15529005;-0.00565049937;-0.2377791107;0.1562286615;2
8.14939854;-0.2967100143;-0.7657032609;10.87298584;8.157391873;0.01878409274;-0.2487746775;0.1415679157;2
8.151500363;-0.2201396823;-0.8279166222;10.97827053;8.159493696;0.04810560122;-0.2573267817;0.1256854236;2
8.153602186;-0.1244267747;-0.890130043;11.05962658;8.161595571;0.0737619251;-0.265878886;0.1098029464;2
8.155704009;-0.04307080805;-0.9332008362;11.1505537;8.163697394;0.1055268943;-0.2671006322;0.09392046183;2
8.157805831;0.0382851623;-0.9858429432;11.21276665;8.165799217;0.1372918636;-0.2707658112;0.07559451461;2
8.159907654;0.1196411327;-1.024128079;11.23669529;8.16790104;0.1715002805;-0.2671006322;0.05726857483;2
8.162009529;0.2057827413;-1.057627559;11.22712421;8.170002863;0.1996000707;-0.262213707;0.03772090003;2
8.164111352;0.2679961324;-1.071984529;11.19841003;8.172104686;0.2301433086;-0.2561050653;0.01817322709;2
8.166213175;0.3062812984;-1.115055323;11.12183952;8.174206561;0.2606865466;-0.2487746775;0.001069013379;2
8.168314998;0.3158525825;-1.110269666;11.05005455;8.176308384;0.2875646055;-0.239000842;-0.01359174121;2
8.170416821;0.3206382394;-1.091127157;10.92562866;8.178410206;0.3132209182;-0.2267835438;-0.02825249545;2
8.172518644;0.2871387303;-1.057627559;10.8107729;8.180512081;0.3339903057;-0.2133445293;-0.03924806044;2
8.174620519;0.2727817893;-1.019342422;10.66241741;8.182613904;0.3547597229;-0.1962403059;-0.05024362728;2
8.176722342;0.2392822653;-0.9762716293;10.47577763;8.184715727;0.3718639314;-0.1742491722;-0.05879573524;2
8.178824165;0.2009970993;-0.9140582681;10.29392338;8.18681755;0.3853029609;-0.1485928595;-0.06612611562;2
8.18092604;0.1722832322;-0.837487936;10.07378292;8.188919373;0.3962985277;-0.1253799945;-0.07223475724;2
8.183027863;0.1292124242;-0.7896314859;9.829715729;8.191021196;0.404850632;-0.09850194305;-0.07589995116;2
8.185129686;0.1052841991;-0.7417750359;9.614361763;8.193123071;0.4072940946;-0.07162389904;-0.08078686893;2
8.187231509;0.07178468257;-0.6843472719;9.408578873;8.195224894;0.4072940946;-0.04352411628;-0.0856737867;2
8.189333331;0.05264209956;-0.6460621357;9.164510727;8.197326717;0.404850632;-0.01664606482;-0.08811724186;2
8.191435154;0.04785645381;-0.5742774606;8.958727837;8.19942854;0.3987419903;0.01634063199;-0.09056070447;2
8.193537029;0.03349951655;-0.5168496966;8.714659691;8.201530363;0.3889681399;0.04688387364;-0.09178243577;2
8.195638852;0.01914258115;-0.4498506486;8.484949112;8.203632238;0.3767508566;0.08231402934;-0.09300415963;2
8.197740675;-0.004785645287;-0.3780659735;8.245666504;8.205734061;0.3608683646;0.1140789986;-0.09178243577;2
8.199842498;-0.0382851623;-0.2967100143;8.030312538;8.207835884;0.3400989771;0.1482874304;-0.09056070447;2
8.201944321;-0.07178468257;-0.2536391914;7.776673794;8.209937706;0.3132209182;0.1788306683;-0.08811724186;2
8.204046196;-0.1244267747;-0.1962114573;7.561319351;8.212039529;0.2851211429;0.2069304436;-0.086895518;2
8.206148019;-0.1770688742;-0.1339980662;7.369893551;8.214141352;0.2533561587;0.2301433086;-0.08323032409;2
8.208249842;-0.2775674164;-0.08135596663;7.173682213;8.216243175;0.2191477418;0.2509126961;-0.07834340632;2
8.210351665;-0.3445664644;-0.0239282269;7.020541668;8.21834505;0.181274116;0.2667951882;-0.07101303339;2
8.212453488;-0.4307080805;0.02871387079;6.900900364;8.220446873;0.1385135949;0.2765690386;-0.06490438432;2
8.214555311;-0.5072783828;0.06699903309;6.80997324;8.222548696;0.09697478265;0.2838993967;-0.05757400393;2
8.216657134;-0.5886343718;0.09092725813;6.747759819;8.224650519;0.05787943676;0.2875646055;-0.0490218997;2
8.218759009;-0.6699903607;0.09571290761;6.704689026;8.226752342;0.0175623633;0.2851211429;-0.04535670951;2
8.220860831;-0.7513462901;0.1196411327;6.709474564;8.228854217;-0.02519817278;0.2838993967;-0.03680460155;2
8.222962654;-0.8087740541;0.1052841991;6.699903488;8.23095604;-0.06429351866;0.277790755;-0.03069595434;2
8.225064477;-0.8566305041;0.09092725813;6.762116909;8.233057863;-0.1009454057;0.2643517256;-0.02458730713;2
8.2271663;-0.9140582681;0.08614161611;6.805187702;8.235159686;-0.138819024;0.2521344423;-0.01847865991;2
8.229268175;-0.9810572863;0.06221338734;6.915257454;8.237261561;-0.1754709035;0.2362519503;-0.01237001177;2
8.231369998;-1.028913736;0.04785645381;7.044469833;8.239363384;-0.2096793354;0.2179260105;-0.006261364091;2
8.233471821;-1.105484009;0.0239282269;7.188039303;8.241465206;-0.239000842;0.1947131455;0.002290742937;2
8.235573644;-1.186840057;-0.009571290575;7.331608772;8.243567029;-0.2695440948;0.1690568328;0.009621120058;2
8.237675519;-1.253839016;-0.03349951655;7.532605648;8.245668852;-0.2939786613;0.1385135949;0.02061668597;2
8.239777342;-1.339980721;-0.05264209956;7.728816986;8.247770675;-0.315969795;0.1128572673;0.03039052337;2
8.241879165;-1.416550994;-0.0765703246;7.948956966;8.24987255;-0.3342957497;0.0859792158;0.04016435891;2
8.243980988;-1.473978758;-0.1052841991;8.18345356;8.251974373;-0.3452913165;0.05787943676;0.04993819445;2
8.246082811;-1.545763373;-0.1579262912;8.446663857;8.254076196;-0.3526217043;0.02733619884;0.05849030241;2
8.248184634;-1.564906001;-0.2009970993;8.729017258;8.256178019;-0.3562868834;0.0004581485991;0.06459894776;2
8.250286509;-1.593619823;-0.2392822653;8.987442017;8.258279894;-0.3538434207;-0.02519817278;0.07070759684;2
8.252388331;-1.593619823;-0.2823530734;9.279366493;8.260381717;-0.3452913165;-0.05329795182;0.07559451461;2
8.254490154;-1.574477315;-0.3110669553;9.533005714;8.26248354;-0.3355174661;-0.07773254067;0.07803797722;2
8.256591977;-1.536192179;-0.3780659735;9.757930756;8.264585363;-0.3196350038;-0.1009454057;0.08170316368;2
8.258693852;-1.507478237;-0.4115654826;9.973284721;8.266687186;-0.3013090491;-0.1229365394;0.08414662629;2
8.260795675;-1.483550072;-0.4689932466;10.18385315;8.268789061;-0.2793179154;-0.1412624866;0.08536835015;2
8.262897498;-1.45483613;-0.5072783828;10.3657074;8.270890884;-0.2573267817;-0.1595884264;0.08903354406;2
8.264999321;-1.411765337;-0.5694918036;10.55713367;8.272992706;-0.231670469;-0.1754709035;0.09147699922;2
8.267101144;-1.40697968;-0.6173482537;10.71984577;8.275094529;-0.2035706937;-0.1913533956;0.09392046183;2
8.269203019;-1.387837172;-0.6604190469;10.87298584;8.277196352;-0.1730274558;-0.1986837685;0.09147699922;2
8.271304842;-1.330409408;-0.679561615;10.99262714;8.279298227;-0.1437059343;-0.212122798;0.09269873053;2
8.273406665;-1.258624673;-0.7130611539;11.09791183;8.281399998;-0.1131627038;-0.2170097083;0.09392046183;2
8.275508488;-1.172483087;-0.7465606928;11.16012478;8.283501873;-0.08017600328;-0.2194531709;0.08903354406;2
8.277610311;-1.110269666;-0.7704889178;11.1936245;8.285603696;-0.04718930274;-0.2170097083;0.08536835015;2
8.279712186;-1.004985452;-0.7704889178;11.25583744;8.287705519;-0.01786779426;-0.2096793354;0.08292489499;2
8.281813956;-0.9332008362;-0.756131947;11.23669529;8.289807342;0.007788525894;-0.2109010667;0.07803797722;2
8.283915831;-0.8949156404;-0.7178468108;11.17926693;8.291909165;0.03222311661;-0.2060141414;0.0743727833;2
8.286017654;-0.8279166222;-0.679561615;11.10269737;8.29401104;0.05543597788;-0.1999054998;0.06948586553;2
8.288119477;-0.7944171429;-0.6556333899;11.0309124;8.296112863;0.0737619251;-0.1913533956;0.06582067907;2
8.2902213;-0.756131947;-0.6221339107;10.92562866;8.298214686;0.08720094711;-0.1791360974;0.0621554926;2
8.292323123;-0.708275497;-0.5886343718;10.78684425;8.300316509;0.09819651395;-0.165697068;0.0609337613;2
8.294424998;-0.70348984;-0.5647061467;10.60499001;8.302418331;0.104305163;-0.1510363221;0.06337722391;2
8.296526821;-0.7130611539;-0.5216353536;10.44227791;8.304520206;0.104305163;-0.131488651;0.06826414168;2
8.298628644;-0.7178468108;-0.4402793646;10.25563812;8.306622029;0.1030834317;-0.115606159;0.0743727833;2
8.300730467;-0.7513462901;-0.3589234054;10.07856941;8.308723852;0.09697478265;-0.09483675659;0.08170316368;2
8.30283229;-0.7992027402;-0.2679961324;9.915857315;8.310825675;0.0847574845;-0.07528908551;0.09025526792;2
8.304934165;-0.8183453679;-0.2009970993;9.777072906;8.312927498;0.0725401938;-0.05207622424;0.0975856483;2
8.307035988;-0.8279166222;-0.1244267747;9.643074989;8.315029321;0.05910116807;-0.03008509055;0.1061377525;2
8.309137811;-0.8279166222;-0.04307080805;9.523433685;8.317131196;0.03711003438;-0.01175914705;0.1134681329;2
8.311239634;-0.7992027402;0.0143569354;9.437292099;8.319233019;0.01878409274;0.009010255337;0.1220202371;2
8.313341456;-0.7752745152;0.08135596663;9.341579437;8.321334842;-0.006872228812;0.02611446939;0.1281288862;2
8.315443279;-0.7274180651;0.1435693651;9.279366493;8.323436665;-0.03252854943;0.04444041103;0.1342375278;2
8.317545154;-0.70348984;0.1914258152;9.241081238;8.32553854;-0.05940660089;0.06276635826;0.142789647;2
8.319646977;-0.6699903607;0.2344966233;9.245866776;8.327640363;-0.08872810751;0.07864884287;0.1501200199;2
8.3217488;-0.6747759581;0.2584248483;9.288937569;8.329742186;-0.1168278903;0.09086613357;0.1550069451;2
8.323850623;-0.6747759581;0.2919243574;9.36550808;8.331844009;-0.1449276656;0.09941824526;0.1598938555;2
8.325952498;-0.6652047038;0.3062812984;9.494720459;8.333945831;-0.1693622619;0.1030834317;0.1635590494;2
8.328054321;-0.6843472719;0.3302095234;9.604789734;8.336047654;-0.1913533956;0.1006399691;0.1672242284;2
8.330156144;-0.6652047038;0.3254238665;9.805787086;8.338149477;-0.2133445293;0.09575305134;0.1684459597;2
8.332257967;-0.6317051649;0.3254238665;10.03549862;8.340251352;-0.231670469;0.07987056673;0.1708894223;2
8.33435979;-0.6221339107;0.3445664644;10.21735287;8.342353175;-0.2487746775;0.0542142503;0.1733328849;2
8.336461613;-0.6317051649;0.3541377485;10.37527943;8.344454998;-0.2671006322;0.02122755162;0.1733328849;2
8.338563436;-0.6364908218;0.3589234054;10.55713367;8.346556821;-0.2854265571;-0.01175914705;0.1733328849;2
8.340665311;-0.6221339107;0.3493520916;10.74377346;8.348658644;-0.3000873327;-0.04352411628;0.1721111536;2
8.342767134;-0.5982056856;0.3110669553;10.88734341;8.350760467;-0.3171915412;-0.07528908551;0.1708894223;2
8.344868956;-0.5455635786;0.2775674164;11.01177025;8.352862342;-0.3330740333;-0.1009454057;0.1708894223;2
8.346970779;-0.5024927258;0.2440679073;11.15533924;8.354964165;-0.3452913165;-0.1229365394;0.169667691;2
8.349072602;-0.4737788737;0.2392822653;11.32762241;8.357065988;-0.3599520624;-0.1449276656;0.1708894223;2
8.351174425;-0.4307080805;0.2488535494;11.51904774;8.359167811;-0.3721693754;-0.1571449637;0.169667691;2
8.3532763;-0.3876372576;0.2679961324;11.72961617;8.361269686;-0.3819431961;-0.165697068;0.169667691;2
8.355378123;-0.3445664644;0.2967100143;11.98325539;8.363371456;-0.3904953003;-0.1718057245;0.1684459597;2
8.357479946;-0.2967100143;0.3732803464;12.20339584;8.365473331;-0.3966039717;-0.1791360974;0.1660024971;2
8.359581769;-0.2967100143;0.4450650215;12.39482117;8.367575154;-0.3978256881;-0.1876882017;0.1611155868;2
8.361683644;-0.2871387303;0.5024927258;12.662817;8.369676977;-0.3990474045;-0.1974620372;0.1537852138;2
8.363785415;-0.2440679073;0.5312066078;12.93081379;8.3717788;-0.3966039717;-0.2047924101;0.1452330947;2
8.36588729;-0.1962114573;0.5312066078;13.20359516;8.373880675;-0.3929387629;-0.2170097083;0.1366809905;2
8.367989113;-0.1148554832;0.5264210105;13.50030518;8.375982498;-0.3856084049;-0.2280052751;0.1269071549;2
8.370090936;-0.05264209956;0.4977070987;13.76830196;8.378084321;-0.374612838;-0.2377791107;0.1183550507;2
8.372192759;0.0;0.4450650215;14.04586887;8.380186196;-0.3611738086;-0.2499964088;0.1085812151;2
8.374294634;0.0239282269;0.4163511395;14.31865025;8.382287967;-0.3440696001;-0.2561050653;0.1000291109;2
8.376396456;0.0143569354;0.3493520916;14.62014675;8.384389842;-0.3220784664;-0.2683223486;0.09147699922;2
8.378498279;-0.0143569354;0.3062812984;14.89771366;8.386491665;-0.2976438701;-0.2768744528;0.08292489499;2
8.380600154;-0.05742774159;0.2344966233;15.14656734;8.388593488;-0.2683223486;-0.2854265571;0.07192932814;2
8.382701925;-0.09092725813;0.1818545163;15.41934872;8.390695311;-0.2365573794;-0.2890917659;0.06459894776;2
8.3848038;-0.08614161611;0.1387837082;15.67298794;8.392797134;-0.2023489624;-0.2939786613;0.05482511222;2
8.386905623;-0.1004985496;0.1292124242;15.8931284;8.394899009;-0.1632536054;-0.2927569449;0.04749473557;2
8.389007446;-0.1244267747;0.1100698411;16.10369682;8.397000831;-0.1229365394;-0.2915352285;0.0438295491;2
8.391109269;-0.1579262912;0.09571290761;16.27119446;8.399102654;-0.08139773458;-0.2842048407;0.04016435891;2
8.393211092;-0.2009970993;0.1339980662;16.39562035;8.401204477;-0.03863719851;-0.2732092738;0.03894263133;2
8.395312967;-0.2488535494;0.1627119333;16.52961922;8.4033063;0.002901607659;-0.2597702444;0.04138609022;2
8.39741479;-0.3062812984;0.2201396823;16.62054634;8.405408175;0.04566214234;-0.2402225733;0.04627300799;2
8.399516613;-0.3589234054;0.2727817893;16.70668793;8.407509998;0.08842267841;-0.2170097083;0.05115992576;2
8.401618436;-0.4115654826;0.3445664644;16.79761505;8.409611821;0.131183207;-0.1950185746;0.05849030241;2
8.403720259;-0.4211367965;0.4019941986;16.85025787;8.411713644;0.1690568328;-0.1718057245;0.06337722391;2
8.405822134;-0.4450650215;0.4594219327;16.92204094;8.413815519;0.2081521749;-0.1522580534;0.06826414168;2
8.407923956;-0.4259224236;0.5024927258;16.93639946;8.41591729;0.2484692484;-0.1302669197;0.07192932814;2
8.410025779;-0.3780659735;0.5455635786;16.94597054;8.418019113;0.2838993967;-0.1119409725;0.07070759684;2
8.412127602;-0.2967100143;0.5790630579;16.93161392;8.420120988;0.3168860972;-0.0972802192;0.06826414168;2
8.414229477;-0.1914258152;0.5982056856;16.88375664;8.422222811;0.3474293351;-0.07895427197;0.06337722391;2
8.416331248;-0.09092725813;0.6125625968;16.8167572;8.424324634;0.3718639314;-0.06429351866;0.05726857483;2
8.418433071;0.01914258115;0.6173482537;16.68754578;8.426426456;0.3901898861;-0.04963276163;0.04993819445;2
8.420534946;0.1004985496;0.6364908218;16.56311798;8.428528331;0.4024071693;-0.03375028074;0.04016435891;2
8.422636769;0.1914258152;0.679561615;16.38126373;8.430630102;0.408515811;-0.01664606482;0.03039052337;2
8.424738592;0.2440679073;0.70348984;16.19940948;8.432731977;0.4134027362;0.002901607659;0.01817322709;2
8.426840415;0.3302095234;0.6891329288;16.06062508;8.4348338;0.4097375572;0.02367101051;0.007177661173;2
8.42894229;0.3589234054;0.6699903607;15.93619919;8.436935623;0.4072940946;0.03955349326;-0.005039634649;2
8.431044061;0.4019941986;0.650847733;15.85484314;8.439037498;0.3975202441;0.05054906011;-0.01603520103;2
8.433145936;0.4067798555;0.6412764788;15.79262924;8.441139321;0.3914116025;0.05787943676;-0.02580903657;2
8.435247759;0.3589234054;0.650847733;15.80698681;8.443241144;0.3840812445;0.05787943676;-0.03436114267;2
8.437349581;0.2919243574;0.6604190469;15.82134342;8.445342967;0.3791943192;0.05054906011;-0.04046979174;2
8.439451456;0.2105683982;0.6939185858;15.90269947;8.44744479;0.374307394;0.03833176568;-0.04413498193;2
8.441553279;0.1292124242;0.7369893789;15.99362659;8.449546613;0.374307394;0.0175623633;-0.04535670951;2
8.443655102;-0.009571290575;0.7752745152;16.1132679;8.451648488;0.3718639314;-0.01175914705;-0.04535670951;2
8.445756925;-0.1579262912;0.8422735929;16.25683784;8.453750311;0.3730856776;-0.04474584386;-0.04169152305;2
8.447858748;-0.3684946895;0.9092726111;16.40519142;8.455852134;0.3791943192;-0.08017600328;-0.03680460155;2
8.449960571;-0.5599204898;0.94277215;16.58226013;8.457953956;0.3877464235;-0.1204930767;-0.02703076601;2
8.452062446;-0.756131947;0.9284151793;16.74975777;8.460055779;0.3987419903;-0.1644753367;-0.0209221188;2
8.454164269;-0.9571290612;0.9236295223;16.94597054;8.462157654;0.4170679152;-0.2133445293;-0.01114828233;2
8.456266092;-1.105484009;0.9236295223;17.13261032;8.464259477;0.4378373325;-0.258548528;0.002290742937;2
8.458367915;-1.239482164;0.8949156404;17.26182175;8.4663613;0.4622719288;-0.3098611534;0.01695149764;2
8.460469738;-1.344766378;0.8997012973;17.3431778;8.468463123;0.4879282415;-0.358730346;0.03161225095;2
8.462571613;-1.445264935;0.8757730722;17.40060616;8.470564998;0.517249763;-0.4100429714;0.04749473557;2
8.464673436;-1.521835208;0.8614161611;17.43410492;8.472666821;0.5477929711;-0.4528035223;0.0621554926;2
8.466775259;-1.564906001;0.8566305041;17.43889236;8.474768644;0.5758927464;-0.4931205809;0.07681624591;2
8.468877081;-1.584048629;0.7992027402;17.4436779;8.476870467;0.6039925218;-0.5322159529;0.09025526792;2
8.470978956;-1.540977836;0.7513462901;17.3431778;8.47897229;0.6333140731;-0.5652026534;0.1036942974;2
8.473080779;-1.507478237;0.7513462901;17.24746513;8.481074113;0.6663007736;-0.5969675779;0.1146898642;2
8.475182602;-1.426122308;0.7465606928;17.21875191;8.483175988;0.701730907;-0.6262891293;0.1207985133;2
8.477284425;-1.335195065;0.7704889178;17.23310852;8.485277759;0.7383828163;-0.6470585465;0.1269071549;2
8.479386248;-1.210768223;0.7513462901;17.28575134;8.487379634;0.7750346661;-0.6690496206;0.1269071549;2
8.481488071;-1.067198873;0.7274180651;17.34796333;8.489481456;0.8141300082;-0.6885973215;0.1256854236;2
8.483589946;-0.9571290612;0.6652047038;17.35274887;8.491583279;0.8556688428;-0.7093667388;0.119576782;2
8.485691717;-0.8183453679;0.5886343718;17.35274887;8.493685154;0.8984293938;-0.7301361561;0.1110246703;2
8.487793592;-0.7130611539;0.5216353536;17.30489349;8.495786925;0.9387464523;-0.7509055138;0.1024725661;2
8.489895415;-0.5838487148;0.4259224236;17.20918083;8.4978888;0.9790635109;-0.7667880058;0.09147699922;2
8.491997238;-0.4833501875;0.3445664644;17.07518196;8.499990623;1.016937137;-0.7802270651;0.07925970852;2
8.494099113;-0.3732803464;0.2632105052;16.96511269;8.502092446;1.053588986;-0.7851139307;0.06704241037;2
8.496200884;-0.2919243574;0.1579262912;16.76411629;8.504194269;1.089019179;-0.7838922143;0.05726857483;2
8.498302759;-0.1962114573;0.08614161611;16.54397583;8.506296144;1.122005939;-0.7728966475;0.04871646687;2
8.500404581;-0.1627119333;0.03349951655;16.40997696;8.508397967;1.157436013;-0.7545707226;0.03894263133;2
8.502506404;-0.1483550072;-0.0143569354;16.3142643;8.51049979;1.195309639;-0.7325795889;0.02916879393;2
8.504608227;-0.1387837082;-0.05742774159;16.21855164;8.512601613;1.233183265;-0.7105884552;0.01939495653;2
8.506710102;-0.1100698411;-0.09092725813;16.16112328;8.514703436;1.272278666;-0.6861538887;0.004734201822;2
8.508811925;-0.1004985496;-0.1292124242;16.02234077;8.516805259;1.313817382;-0.662940979;-0.008704823442;2
8.510913748;-0.03349951655;-0.1339980662;15.92662716;8.518907134;1.356577992;-0.6397281289;-0.02336557768;2
8.513015571;0.03349951655;-0.1292124242;15.7878437;8.521008956;1.398116708;-0.61285007;-0.03802633286;2
8.515117394;0.09571290761;-0.1196411327;15.61077499;8.523110779;1.43721211;-0.5908589363;-0.05024362728;2
8.517219217;0.1770688742;-0.1052841991;15.36192131;8.525212602;1.467755318;-0.5700895786;-0.06368265301;2
8.519321092;0.2536391914;-0.0765703246;15.0652113;8.527314477;1.492189884;-0.5480984449;-0.07467821985;2
8.521422915;0.3062812984;-0.06699903309;14.77807236;8.5294163;1.515402794;-0.5248855352;-0.0856737867;2
8.523524738;0.3445664644;-0.02871387079;14.50529099;8.531518123;1.531285286;-0.4980075061;-0.09544762224;2
8.525626561;0.3876372576;-0.01914258115;14.15115356;8.533620259;1.538615704;-0.462577343;-0.1052214578;2
8.527728436;0.4163511395;0.01914258115;13.80658627;8.535721769;1.53983736;-0.4161516428;-0.1174387559;2
8.529830259;0.4689932466;0.05264209956;13.41416359;8.537823592;1.538615704;-0.3660607338;-0.1284343153;2
8.531932081;0.5024927258;0.09571290761;13.01216984;8.539925415;1.528841853;-0.308639437;-0.1357647032;2
8.534034217;0.5168496966;0.1818545163;12.62931824;8.54202729;1.515402794;-0.2487746775;-0.1455385387;2
8.536135727;0.5216353536;0.2823530734;12.26560879;8.544129113;1.500742078;-0.1852447391;-0.1516471803;2
8.53823755;0.5024927258;0.3541377485;11.88275719;8.546230936;1.479972601;-0.1241582632;-0.1577558219;2
8.540339373;0.4689932466;0.4546363056;11.55733299;8.548332811;1.459203243;-0.06307178736;-0.1601992846;2
8.542441248;0.4163511395;0.4929214716;11.22233772;8.550434581;1.434768677;-0.003207040019;-0.1589775532;2
8.544543071;0.3206382394;0.5886343718;10.92084217;8.552536456;1.407890558;0.04688387364;-0.1540906429;2
8.546644894;0.1818545163;0.6317051649;10.6480608;8.554638279;1.379790783;0.08842267841;-0.1455385387;2
8.548746769;0.02871387079;0.70348984;10.3848505;8.556740102;1.348025799;0.127518028;-0.1345429718;2
8.55084854;-0.1148554832;0.7704889178;10.18863869;8.558841925;1.308930516;0.1678351015;-0.1186604798;2
8.552950415;-0.2488535494;0.8422735929;9.958928108;8.560943748;1.268613458;0.200821802;-0.09544762224;2
8.555052238;-0.3828516304;0.9284151793;9.623932838;8.563045623;1.22463119;0.2301433086;-0.06612611562;2
8.557154061;-0.5551348329;1.033699393;9.403793335;8.565147446;1.174540281;0.2496909797;-0.03313941509;2
8.559255884;-0.8087740541;1.162911773;9.2362957;8.567249269;1.122005939;0.261908263;0.002290742937;2
8.561357706;-1.03848505;1.320838094;9.083154678;8.569351092;1.06580627;0.2729038298;0.04016435891;2
8.563459581;-1.292124271;1.478764415;9.011369705;8.571452967;1.012050271;0.2765690386;0.07681624591;2
8.565561404;-1.464407444;1.574477315;9.020941734;8.57355479;0.960737586;0.2765690386;0.1134681329;2
8.567663227;-1.569691658;1.641476393;9.087940216;8.575656613;0.9094249606;0.2716821134;0.1452330947;2
8.56976505;-1.622333765;1.665404558;9.212367058;8.577758436;0.8654426932;0.2533561587;0.1769980639;2
8.571866925;-1.631905079;1.636690736;9.332008362;8.579860259;0.8263473511;0.2215912044;0.2014326602;2
8.573968748;-1.593619823;1.545763373;9.480362892;8.581962134;0.7982475758;0.1873827726;0.2209803313;2
8.576070571;-1.55054903;1.445264935;9.714859962;8.584063904;0.7738129497;0.154396072;0.2344193608;2
8.578172394;-1.483550072;1.296909928;10.02592659;8.586165779;0.76037395;0.1104138121;0.2417497337;2
8.580274217;-1.402194023;1.115055323;10.31306553;8.588267602;0.7506000996;0.05177079141;0.2466366589;2
8.582376092;-1.268195987;0.9475577474;10.51406288;8.590369425;0.7444914579;-0.01542433538;0.2490801066;2
8.584477863;-1.158126116;0.784845829;10.75813103;8.592471248;0.7457131743;-0.08872810751;0.2515235841;2
8.586579738;-1.043270707;0.6029912829;11.01655579;8.594573071;0.7530435324;-0.1547015011;0.2503018379;2
8.588681561;-0.9236295223;0.4354937077;11.22712421;8.596674946;0.767704308;-0.2109010667;0.2503018379;2
8.590783384;-0.8279166222;0.2775674164;11.46640587;8.598776769;0.7896954417;-0.2646571696;0.2490801066;2
8.592885206;-0.7800601721;0.1435693651;11.74875927;8.600878592;0.8202387094;-0.3147480786;0.2466366589;2
8.594987029;-0.7369893789;0.03349951655;12.03111267;8.602980467;0.8568905592;-0.3648389876;0.2405280024;2
8.597088904;-0.6891329288;-0.07178468257;12.25603771;8.605082238;0.903316319;-0.412486434;0.2331976295;2
8.599190727;-0.6412764788;-0.1722832322;12.44746304;8.607184113;0.9546289444;-0.4576904476;0.2222020626;2
8.60129255;-0.5838487148;-0.2967100143;12.58146191;8.609285936;1.009606719;-0.4992292523;0.2087630332;2
8.603394425;-0.5312066078;-0.4019941986;12.72024536;8.611387759;1.074358463;-0.5322159529;0.1977674663;2
8.605496196;-0.4977070987;-0.5024927258;12.81117249;8.613489581;1.13544488;-0.5529853702;0.1867718995;2
8.607598071;-0.4833501875;-0.5551348329;12.86859989;8.615591404;1.203861713;-0.5688678026;0.1757763475;2
8.609699894;-0.4737788737;-0.5934200287;12.84945774;8.617693227;1.272278666;-0.5749764442;0.1684459597;2
8.611801717;-0.5024927258;-0.5838487148;12.76810169;8.619795102;1.3406955;-0.5737547278;0.1623373181;2
8.61390354;-0.5455635786;-0.5982056856;12.61974621;8.621896925;1.404225469;-0.562759161;0.1623373181;2
8.616005363;-0.6317051649;-0.5694918036;12.41396427;8.623998748;1.467755318;-0.5419898033;0.1611155868;2
8.618107186;-0.7417750359;-0.5599204898;12.13161087;8.626100571;1.52639842;-0.5114465356;0.1623373181;2
8.620209061;-0.8518448472;-0.5503492355;11.80140114;8.628202394;1.578932762;-0.474794656;0.1660024971;2
8.622310884;-0.9475577474;-0.5312066078;11.43290615;8.630304217;1.62291503;-0.4320341051;0.1745546162;2
8.624412706;-1.043270707;-0.5216353536;11.01655579;8.632406092;1.663232088;-0.3843866587;0.1806632578;2
8.626514529;-1.110269666;-0.4785645306;10.5858469;8.634507915;1.696218729;-0.3379609287;0.1879936308;2
8.628616352;-1.138983607;-0.4019941986;10.12642574;8.636609738;1.719431639;-0.2890917659;0.1965457499;2
8.630718175;-1.129412293;-0.3397808075;9.695717812;8.638711561;1.73897934;-0.2402225733;0.2038761228;2
8.63282005;-1.095912814;-0.2488535494;9.255437851;8.640813384;1.747531414;-0.1937968582;0.2124282271;2
8.634921873;-1.052842021;-0.1722832322;8.767302513;8.642915259;1.751196623;-0.1461493969;0.2185368687;2
8.637023696;-0.9906286001;-0.09092725813;8.274380684;8.645017081;1.743866205;-0.1033888608;0.2246455252;2
8.639125519;-0.9475577474;-0.0143569354;7.767102242;8.647118904;1.731648922;-0.06551524997;0.2270889878;2
8.641227342;-0.8805587292;0.0765703246;7.264609337;8.649220779;1.710879564;-0.02886336111;0.2307541668;2
8.643329217;-0.8279166222;0.1483550072;6.752545357;8.651322602;1.680336237;0.002901607659;0.2331976295;2
8.64543104;-0.760917604;0.2249253243;6.226124287;8.653424425;1.638797522;0.02977965772;0.2368628234;2
8.647532863;-0.7369893789;0.2871387303;5.714060307;8.655526248;1.592371821;0.05054906011;0.2417497337;2
8.649634738;-0.7178468108;0.3397808075;5.235496044;8.657628071;1.53983736;0.0737619251;0.2441931963;2
8.651736561;-0.6939185858;0.3684946895;4.790431023;8.659729894;1.48363781;0.09086613357;0.2478583902;2
8.653838384;-0.6747759581;0.3924229145;4.39800787;8.661831717;1.421329618;0.1067486182;0.2466366589;2
8.655940206;-0.6317051649;0.4115654826;4.039084435;8.66393354;1.359021425;0.1201876476;0.2441931963;2
8.658042029;-0.5599204898;0.4163511395;3.785445452;8.666035415;1.2942698;0.1262962967;0.2393062711;2
8.660143852;-0.4642075896;0.4019941986;3.527020693;8.668137238;1.230739832;0.1324049383;0.2283107042;2
8.662245675;-0.3302095234;0.4211367965;3.369094372;8.670239061;1.165988207;0.127518028;0.216093421;2
8.664347498;-0.1866401732;0.4450650215;3.230310678;8.672340884;1.106123447;0.1201876476;0.2014326602;2
8.666449373;-0.0382851623;0.4689932466;3.163311481;8.674442706;1.042593479;0.1128572673;0.1831067204;2
8.668551196;0.1004985496;0.4833501875;3.120240688;8.676544581;0.9827287197;0.1030834317;0.1623373181;2
8.670653019;0.2153540403;0.4977070987;3.120240688;8.678646404;0.9228639603;0.08720094711;0.1415679157;2
8.672754842;0.3110669553;0.5072783828;3.120240688;8.680748227;0.8727730513;0.06276635826;0.1207985133;2
8.674856665;0.4450650215;0.5216353536;3.14895463;8.68285005;0.8190169334;0.03711003438;0.0975856483;2
8.67695854;0.5024927258;0.5694918036;3.239881754;8.684951873;0.7701478004;0.002901607659;0.07315105945;2
8.679060363;0.5407779217;0.6077769399;3.37387991;8.687053748;0.7237220407;-0.03497200832;0.05115992576;2
8.681162186;0.5407779217;0.6460621357;3.531806231;8.689155571;0.6760746241;-0.07773254067;0.03161225095;2
8.683264009;0.5072783828;0.626919508;3.651447296;8.691257394;0.6284271479;-0.1229365394;0.02061668597;2
8.685365831;0.3924229145;0.5599204898;3.75673151;8.693359217;0.5820014477;-0.1791360974;0.0108428495;2
8.687467706;0.1627119333;0.4737788737;3.780659676;8.695461092;0.5331322551;-0.2365573794;0.005955931731;2
8.689569529;-0.1196411327;0.3828516304;3.7710886;8.697562915;0.4867065251;-0.3000873327;0.00351247238;2
8.691671352;-0.3445664644;0.3589234054;3.833301783;8.699664738;0.4439459741;-0.3636172712;-0.003817904973;2
8.693773175;-0.4642075896;0.3828516304;3.914657831;8.701766561;0.4060723484;-0.4210385382;-0.009926552884;2
8.69587505;-0.5072783828;0.4450650215;4.067798615;8.703868384;0.3767508566;-0.4760163724;-0.01725693047;2
8.697976873;-0.4594219327;0.5407779217;4.28315258;8.705970206;0.3523162603;-0.5261073112;-0.02703076601;2
8.700078696;-0.4115654826;0.6699903607;4.546362877;8.708072081;0.3364337683;-0.5688678026;-0.03313941509;2
8.702180519;-0.3828516304;0.7800601721;4.776073933;8.710173904;0.3254382014;-0.6079631448;-0.03680460155;2
8.704282342;-0.4019941986;0.8614161611;4.977071285;8.712275727;0.320551306;-0.6397281289;-0.03558287397;2
8.706384165;-0.4881358147;0.9284151793;5.187639713;8.71437755;0.3193295598;-0.664162755;-0.02825249545;2
8.70848604;-0.6412764788;0.9236295223;5.355136871;8.716479373;0.320551306;-0.6849321127;-0.01847865991;2
8.710587863;-0.8518448472;0.866201818;5.484349728;8.718581196;0.327881664;-0.6971494555;-0.001374445739;2
8.712689686;-1.0863415;0.784845829;5.603990555;8.720683071;0.3364337683;-0.7032580972;0.01817322709;2
8.714791509;-1.301695466;0.6939185858;5.728417397;8.722784894;0.3535379767;-0.7081450224;0.0426078178;2
8.716893331;-1.473978758;0.6077769399;5.848058701;8.724886717;0.374307394;-0.70570153;0.06948586553;2
8.718995154;-1.603191137;0.5359922647;5.982056618;8.72698854;0.3999637067;-0.7008146048;0.0975856483;2
8.721097029;-1.651047587;0.4881358147;6.111268997;8.729090415;0.4292852283;-0.6849321127;0.1244636998;2
8.723198852;-1.660618901;0.4498506486;6.230910301;8.731192238;0.4647153914;-0.662940979;0.1525634825;2
8.725300675;-1.569691658;0.4354937077;6.340980053;8.733294061;0.5050324798;-0.6323977709;0.1757763475;2
8.727402498;-1.478764415;0.4259224236;6.446264267;8.735395884;0.5539016128;-0.5957458615;0.1953240186;2
8.729504373;-1.335195065;0.4402793646;6.522834301;8.737497706;0.6039925218;-0.5517635942;0.2124282271;2
8.731606196;-1.201196909;0.4689932466;6.585047722;8.739599581;0.6565269232;-0.5077813268;0.2295324355;2
8.733708019;-1.057627559;0.4737788737;6.575476646;8.741701404;0.7115047574;-0.4576904476;0.2441931963;2
8.735809842;-0.9475577474;0.4689932466;6.546762943;8.743803227;0.7652608752;-0.408821255;0.2564104795;2
8.737911665;-0.8614161611;0.4689932466;6.484549522;8.74590505;0.8190169334;-0.3562868834;0.2686277926;2
8.74001354;-0.7752745152;0.4450650215;6.350551128;8.748006925;0.867886126;-0.3049742281;0.2832885385;2
8.742115363;-0.732203722;0.3876372576;6.173482418;8.750108748;0.9118683934;-0.2512181401;0.2955058515;2
8.744217186;-0.6843472719;0.3637090325;5.938985825;8.752210571;0.9485203028;-0.1950185746;0.3101665974;2
8.746319009;-0.6364908218;0.3110669553;5.651846886;8.754312394;0.9790635109;-0.1375972927;0.3260490894;2
8.748420884;-0.6077769399;0.2536391914;5.33599472;8.756414217;0.9998329282;-0.08139773458;0.3407098353;2
8.750522706;-0.6173482537;0.1674975902;4.962714195;8.75851604;1.019380569;-0.02641990222;0.3590357602;2
8.752624529;-0.6460621357;0.1148554832;4.546362877;8.760617863;1.023045778;0.02733619884;0.3724747896;2
8.754726352;-0.6604190469;0.0765703246;4.130012035;8.762719686;1.024267554;0.07620538026;0.3871355653;2
8.756828175;-0.6317051649;0.04785645381;3.780659676;8.764821561;1.024267554;0.1226311028;0.3993528485;2
8.758929998;-0.6364908218;0.08135596663;3.455235958;8.766923384;1.020602345;0.1641699076;0.4042397738;2
8.761031821;-0.5790630579;0.1627119333;3.215953588;8.769025206;1.013271928;0.200821802;0.4030180275;2
8.763133644;-0.4307080805;0.3254238665;3.029313564;8.771127029;1.004719853;0.2338084877;0.3956876695;2
8.765235519;-0.1531406492;0.5694918036;2.880958557;8.773228852;0.994946003;0.261908263;0.3834703565;2
8.767337342;0.1579262912;0.7752745152;2.727817774;8.775330727;0.9839504361;0.2851211429;0.3675878942;2
8.769439165;0.4546363056;0.9379864931;2.603390932;8.77743255;0.9705114365;0.3022253513;0.3492619395;2
8.771540988;0.7513462901;1.095912814;2.459821701;8.779534373;0.952185452;0.3144426346;0.3284925222;2
8.773642811;0.9762716293;1.162911773;2.306680918;8.781636196;0.9301943183;0.3229947388;0.3065013885;2
8.775744686;1.129412293;1.220339537;2.143969059;8.783738019;0.903316319;0.327881664;0.2881754637;2
8.777846509;1.229910851;1.21555388;1.947757602;8.785839842;0.8727730513;0.327881664;0.2686277926;2
8.779948331;1.292124271;1.196411371;1.770688772;8.787941717;0.8348994255;0.3229947388;0.2527453005;2
8.782050154;1.330409408;1.129412293;1.555334687;8.79004354;0.7933606505;0.3181078434;0.2319758981;2
8.784151977;1.354337573;1.081555843;1.344766378;8.792145363;0.7432697415;0.308333993;0.2124282271;2
8.7862538;1.35912323;1.009771109;1.153340459;8.794247186;0.6895136237;0.2948949635;0.1916588247;2
8.788355675;1.373480201;0.9284151793;0.94277215;8.796349009;0.6320923567;0.277790755;0.1708894223;2
8.790457498;1.373480201;0.8757730722;0.7657032609;8.798450884;0.5710058808;0.2521344423;0.1501200199;2
8.792559321;1.368694544;0.813559711;0.6125625968;8.800552706;0.5074759126;0.2215912044;0.1281288862;2
8.794661144;1.349551916;0.7465606928;0.4402793646;8.802654529;0.4390590489;0.1886045039;0.1073594838;2
8.796762967;1.296909928;0.6987041831;0.3302095234;8.804756352;0.370642215;0.1495091617;0.08659008145;2
8.798864842;1.239482164;0.679561615;0.2297109663;8.806858175;0.3010036349;0.111635536;0.06704241037;2
8.800966665;1.143769264;0.6460621357;0.1627119333;8.80896005;0.2264781147;0.07009673119;0.05238165334;2
8.803068488;1.043270707;0.6604190469;0.1004985496;8.811061873;0.1531743407;0.03344484791;0.03772090003;2
8.805170311;0.8997012973;0.6556333899;0.06699903309;8.813163696;0.08109229803;-0.006872228812;0.02672533318;2
8.807272134;0.7465606928;0.650847733;0.05264209956;8.815265519;0.006566796452;-0.04474584386;0.02061668597;2
8.809374009;0.5838487148;0.6699903607;0.07178468257;8.817367342;-0.06551524997;-0.08017600328;0.01450803876;2
8.811475831;0.4307080805;0.6747759581;0.1052841991;8.819469217;-0.1327103674;-0.1168278903;0.01206457894;2
8.813577654;0.3014956415;0.7130611539;0.2105683982;8.82157104;-0.1950185746;-0.1498145908;0.01328630932;2
8.815679477;0.1722832322;0.732203722;0.3254238665;8.823672863;-0.2548833191;-0.1791360974;0.01206457894;2
8.8177813;0.09571290761;0.756131947;0.4785645306;8.825774686;-0.3110828996;-0.2096793354;0.01450803876;2
8.819883175;0.02871387079;0.7944171429;0.6317051649;8.827876509;-0.3575085998;-0.2304487377;0.01695149764;2
8.821984998;-0.04307080805;0.8087740541;0.813559711;8.829978384;-0.4027126133;-0.2512181401;0.01817322709;2
8.824086821;-0.06699903309;0.813559711;1.024128079;8.832080206;-0.4418079555;-0.2634354234;0.02061668597;2
8.826188644;-0.09571290761;0.8327022791;1.244267821;8.834182029;-0.4760163724;-0.2683223486;0.0242818743;2
8.828290467;-0.1196411327;0.7992027402;1.445264935;8.836283852;-0.5016726851;-0.2707658112;0.02672533318;2
8.830392342;-0.1339980662;0.760917604;1.684547186;8.838385675;-0.5236638188;-0.2609919906;0.02916879393;2
8.832494165;-0.1196411327;0.7226324677;1.914258122;8.840487498;-0.5346593857;-0.239000842;0.02916879393;2
8.834595988;-0.08614161611;0.650847733;2.215753794;8.842589373;-0.5334376693;-0.2047924101;0.02550360374;2
8.836697811;0.004785645287;0.5790630579;2.550748825;8.844691196;-0.5163334608;-0.1693622619;0.01695149764;2
8.838799634;0.1866401732;0.5694918036;3.158525944;8.846793019;-0.4833467603;-0.1449276656;0.004734201822;2
8.840901456;0.4450650215;0.70348984;3.8668015;8.848894842;-0.4405862093;-0.1327103674;-0.01114828233;2
8.843003331;0.7752745152;0.8853443861;4.58943367;8.850996665;-0.3892735839;-0.1278234571;-0.0294742249;2
8.845105154;1.095912814;1.014556766;5.111069202;8.853098488;-0.3294088244;-0.131488651;-0.0490218997;2
8.847206977;1.296909928;1.071984529;5.417350292;8.855200363;-0.265878886;-0.1290451884;-0.06612611562;2
8.8493088;1.378265858;1.004985452;5.594419479;8.857302186;-0.1986837685;-0.1241582632;-0.08200860023;2
8.851410623;1.306481123;0.8709874153;5.675775528;8.859404009;-0.138819024;-0.115606159;-0.09178243577;2
8.853512446;1.143769264;0.6843472719;5.737988472;8.861505831;-0.08261945844;-0.1009454057;-0.0978910774;2
8.855614321;0.9954141974;0.5072783828;5.728417397;8.863607654;-0.03619373962;-0.07773254067;-0.0991128087;2
8.857716144;0.8470591903;0.3732803464;5.680561066;8.865709529;0.004123337101;-0.04230238497;-0.0991128087;2
8.859817967;0.7513462901;0.3254238665;5.560919762;8.867811352;0.0358883068;-0.008093958721;-0.10033454;2
8.86191979;0.6939185858;0.3062812984;5.374279499;8.869913175;0.06154462695;0.03222311661;-0.0978910774;2
8.864021613;0.6987041831;0.3302095234;5.163711071;8.872014998;0.08109229803;0.0737619251;-0.10033454;2
8.866123488;0.732203722;0.3541377485;4.92442894;8.874116821;0.09208786488;0.1128572673;-0.1027780026;2
8.868225311;0.7657032609;0.3972085714;4.689932346;8.876218696;0.1006399691;0.1482874304;-0.1076649204;2
8.870327134;0.813559711;0.4354937077;4.455435753;8.878320519;0.09819651395;0.1788306683;-0.1149952933;2
8.872428956;0.8327022791;0.4689932466;4.273581028;8.880422342;0.09330959618;0.2069304436;-0.1223256737;2
8.874530779;0.8709874153;0.5072783828;4.058227062;8.882524165;0.08231402934;0.2325867712;-0.1296560466;2
8.876632654;0.8566305041;0.5264210105;3.818944931;8.884625988;0.06154462695;0.261908263;-0.1369864196;2
8.878734477;0.8422735929;0.5407779217;3.598805189;8.886727811;0.04077522457;0.2887863219;-0.1455385387;2
8.8808363;0.784845829;0.5647061467;3.402593851;8.888829686;0.0175623633;0.3132209182;-0.1528689116;2
8.882938123;0.7130611539;0.5790630579;3.259024382;8.890931509;-0.009315688163;0.3388772309;-0.1601992846;2
8.885039946;0.6891329288;0.5934200287;3.144168854;8.893033331;-0.03619373962;0.3547597229;-0.1687513888;2
8.887141769;0.6939185858;0.6460621357;3.086741209;8.895135154;-0.06185005978;0.3694204688;-0.1773035079;2
8.889243644;0.6939185858;0.6843472719;3.034099102;8.897236977;-0.08506292105;0.3791943192;-0.1870773435;2
8.891345467;0.6939185858;0.70348984;3.029313564;8.899338852;-0.1119409725;0.3828594983;-0.1992946416;2
8.89344729;0.70348984;0.760917604;3.067598581;8.901440623;-0.1351538301;0.3791943192;-0.2090684772;2
8.895549113;0.6891329288;0.7944171429;3.115455151;8.903542498;-0.1559232324;0.374307394;-0.220064044;2
8.897650936;0.6652047038;0.8614161611;3.172882795;8.905644321;-0.1754709035;0.3645335436;-0.2286161482;2
8.899752811;0.6412764788;0.9140582681;3.249453068;8.907746144;-0.1937968582;0.3523162603;-0.2383899838;2
8.901854581;0.6029912829;0.9523434043;3.335594654;8.909847967;-0.2084576041;0.3352120519;-0.2444986254;2
8.903956456;0.5503492355;0.9762716293;3.46959281;8.911949842;-0.2218966335;0.3107774556;-0.2542724609;2
8.906058279;0.4929214716;1.019342422;3.598805189;8.914051665;-0.231670469;0.2863428593;-0.2591593862;2
8.908160102;0.4259224236;1.028913736;3.766302824;8.91615354;-0.239000842;0.2594648004;-0.266489774;2
8.910261925;0.3924229145;1.057627559;3.914657831;8.918255363;-0.2451094985;0.227699846;-0.2725984156;2
8.9123638;0.3349951804;1.057627559;4.063013077;8.920357134;-0.2475529462;0.200821802;-0.2799287736;2
8.914465623;0.2967100143;1.062413216;4.192225456;8.922458956;-0.2512181401;0.1702785641;-0.2860374451;2
8.916567498;0.2919243574;1.062413216;4.326223373;8.924560831;-0.2536616027;0.1409570426;-0.2945895493;2
8.918669321;0.2871387303;1.0863415;4.441078663;8.926662654;-0.2512181401;0.117744185;-0.3019199073;2
8.920771092;0.2775674164;1.095912814;4.517649174;8.928764477;-0.2524398565;0.09453132749;-0.3092502952;2
8.922872915;0.2967100143;1.124626637;4.613361835;8.930866352;-0.2512181401;0.06887500733;-0.316580683;2
8.92497479;0.3158525825;1.1820544;4.685146809;8.932968123;-0.2499964088;0.04566214234;-0.3226893246;2
8.927076613;0.3206382394;1.21555388;4.713860512;8.935069998;-0.2499964088;0.02489273995;-0.3300196826;2
8.929178436;0.3397808075;1.253839016;4.680361271;8.937171821;-0.2536616027;0.01023198478;-0.3312414289;2
8.931280311;0.3254238665;1.287338614;4.61814785;8.939273644;-0.2573267817;-0.001985310577;-0.3336848915;2
8.933382081;0.3062812984;1.306481123;4.517649174;8.941375519;-0.2609919906;-0.00565049937;-0.3324631453;2
8.935483956;0.2727817893;1.296909928;4.417150497;8.94347729;-0.2683223486;-0.008093958721;-0.3300196826;2
8.937585779;0.2297109663;1.31126678;4.302295208;8.945579165;-0.278096199;-0.001985310577;-0.3263545036;2
8.939687602;0.1387837082;1.31126678;4.173082829;8.947680988;-0.2915352285;0.01389717404;-0.320245862;2
8.941789477;0.04307080805;1.344766378;4.034298897;8.949782811;-0.308639437;0.03100138716;-0.3116937578;2
8.943891248;-0.03349951655;1.354337573;3.857230186;8.951884634;-0.3306305707;0.0542142503;-0.3006981909;2
8.945993123;-0.1722832322;1.378265858;3.713660717;8.953986509;-0.3599520624;0.08109229803;-0.2897026241;2
8.948094946;-0.3110669553;1.411765337;3.546163082;8.956088331;-0.3917170465;0.1079703495;-0.2787070572;2
8.950196769;-0.4402793646;1.464407444;3.335594654;8.958190154;-0.4320341051;0.1336266696;-0.2640463114;2
8.952298592;-0.5694918036;1.512263894;3.139383316;8.960291977;-0.474794656;0.1556178033;-0.2481638193;2
8.954400467;-0.7130611539;1.540977836;2.971885681;8.9623938;-0.5199986696;0.1715002805;-0.2322813272;2
8.95650229;-0.8279166222;1.579262972;2.876172781;8.964495623;-0.5676460862;0.1837175786;-0.2139553875;2
8.958604113;-0.9475577474;1.617548108;2.799602509;8.966597498;-0.6177369952;0.1910479665;-0.1944077164;2
8.960705936;-1.076770186;1.651047587;2.775674343;8.968699321;-0.6702713966;0.1947131455;-0.1711948514;2
8.962807759;-1.186840057;1.636690736;2.804388046;8.970801144;-0.7203623056;0.1934914142;-0.1479819864;2
8.964909581;-1.301695466;1.607976794;2.857030153;8.972902967;-0.7704532146;0.1873827726;-0.123547405;2
8.967011456;-1.397408366;1.588834286;2.947957516;8.975004842;-0.8193224072;0.177608937;-0.0991128087;2
8.969113279;-1.497906923;1.579262972;3.062813044;8.977106665;-0.8669698238;0.1690568328;-0.07101303339;2
8.971215102;-1.55054903;1.569691658;3.172882795;8.979208488;-0.9109520912;0.1605047137;-0.04657844082;2
8.973316925;-1.588834286;1.545763373;3.316452265;8.981310311;-0.9476040006;0.1495091617;-0.0209221188;2
8.9754188;-1.603191137;1.497906923;3.455235958;8.983412134;-0.9866993427;0.1397353113;-0.0001527161949;2
8.977520623;-1.564906001;1.459621787;3.617947817;8.985513956;-1.019685984;0.1324049383;0.01939495653;2
8.979622446;-1.521835208;1.416550994;3.838087559;8.987615831;-1.047785759;0.127518028;0.03405570984;2
8.981724269;-1.430907965;1.363908887;4.043870449;8.989717654;-1.073442101;0.1214093715;0.04749473557;2
8.983826092;-1.335195065;1.277767301;4.264009953;8.991819477;-1.094211578;0.1214093715;0.05726857483;2
8.985927915;-1.210768223;1.201196909;4.512863636;8.9939213;-1.108872294;0.1262962967;0.0621554926;2
8.98802979;-1.048056364;1.095912814;4.771288395;8.996023123;-1.118646145;0.1360701323;0.06582067907;2
8.990131613;-0.8853443861;1.033699393;5.039284706;8.998124998;-1.124754786;0.1507308781;0.06704241037;2
8.992233436;-0.7130611539;0.9475577474;5.2737813;9.000226821;-1.129641652;0.1727220118;0.06582067907;2
8.994335259;-0.5455635786;0.8949156404;5.527420521;9.002328644;-1.125976562;0.1959348768;0.0621554926;2
8.996437081;-0.3780659735;0.8422735929;5.77148819;9.004430467;-1.11375916;0.2264781147;0.05849030241;2
8.998538956;-0.2153540403;0.7800601721;6.005984783;9.00653229;-1.103985429;0.261908263;0.05482511222;2
9.000640779;-0.08135596663;0.7369893789;6.221338749;9.008634113;-1.086881161;0.2961167097;0.04627300799;2
9.002742602;0.04307080805;0.679561615;6.417550564;9.010735936;-1.068555236;0.3303251266;0.03772090003;2
9.004844425;0.1627119333;0.6173482537;6.623332977;9.012837811;-1.050229311;0.3669770062;0.02672533318;2
9.006946248;0.2775674164;0.5838487148;6.80997324;9.014939634;-1.024572968;0.4011854529;0.0157297682;2
9.009048071;0.3780659735;0.5359922647;6.98704195;9.017041456;-0.998916626;0.4366155863;0.00351247238;2
9.011149894;0.4785645306;0.5216353536;7.164111137;9.019143279;-0.9708168507;0.4647153914;-0.01114828233;2
9.013251769;0.5551348329;0.4977070987;7.355536938;9.021245154;-0.9439387918;0.4915934205;-0.02580903657;2
9.015353592;0.6317051649;0.4977070987;7.566105366;9.023346977;-0.9195042253;0.5099193454;-0.04046979174;2
9.017455415;0.6891329288;0.4977070987;7.733603001;9.0254488;-0.8926261663;0.5233584046;-0.05635227636;2
9.019557238;0.7369893789;0.5216353536;7.872386456;9.027550623;-0.8694133162;0.5282453299;-0.07345648855;2
9.021659113;0.7704889178;0.5551348329;7.99202776;9.029652446;-0.8498656154;0.5270236135;-0.09056070447;2
9.023760936;0.7896314859;0.5599204898;8.08295536;9.031754269;-0.8303179741;0.5184714794;-0.1125518382;2
9.025862759;0.7992027402;0.5886343718;8.149953842;9.033856092;-0.814435482;0.5038107038;-0.1333212405;2
9.027964581;0.7896314859;0.5982056856;8.193024635;9.035957967;-0.7997747064;0.4805978537;-0.1565341055;2
9.030066404;0.756131947;0.6029912829;8.245666504;9.03805979;-0.7887791395;0.4500546157;-0.1797469556;2
9.032168227;0.7417750359;0.5982056856;8.269595146;9.040161613;-0.7802270651;0.4170679152;-0.200516358;2
9.03427005;0.6939185858;0.5934200287;8.269595146;9.042263436;-0.7777835727;0.3755291104;-0.220064044;2
9.036371925;0.6221339107;0.5838487148;8.264809608;9.044365311;-0.7777835727;0.3254382014;-0.2396117151;2
9.038473748;0.5120640397;0.5790630579;8.231309891;9.046467134;-0.7851139307;0.2729038298;-0.2567159235;2
9.040575571;0.3972085714;0.6029912829;8.21216774;9.048568956;-0.7900008559;0.2118173689;-0.2725984156;2
9.042677394;0.2679961324;0.626919508;8.178668022;9.050670779;-0.8034399152;0.1446222365;-0.2848156989;2
9.044779269;0.1196411327;0.679561615;8.135597229;9.052772602;-0.8168789148;0.07620538026;-0.2970330119;2
9.046881092;0.009571290575;0.7274180651;8.08295536;9.054874425;-0.8339831233;0.007788525894;-0.3055851161;2
9.048982915;-0.1052841991;0.7992027402;8.044670105;9.056976248;-0.8523091078;-0.05818486959;-0.3129154742;2
9.051084738;-0.2249253243;0.8949156404;7.987242222;9.059078123;-0.8755219579;-0.1229365394;-0.3178023994;2
9.053186561;-0.3110669553;0.9379864931;7.896314621;9.061179946;-0.9011782408;-0.1852447391;-0.320245862;2
9.055288384;-0.4067798555;0.9858429432;7.84845829;9.063281769;-0.9292780161;-0.2451094985;-0.3214675784;2
9.057390206;-0.4977070987;1.000199914;7.786244869;9.065383592;-0.9610430002;-0.2976438701;-0.320245862;2
9.059492081;-0.5886343718;1.009771109;7.738388538;9.067485415;-0.9915862679;-0.3391826749;-0.320245862;2
9.061593904;-0.6556333899;1.009771109;7.704888821;9.06958729;-1.022129536;-0.3697259128;-0.3153589368;2
9.063695727;-0.7130611539;1.004985452;7.680960655;9.071689113;-1.051450968;-0.3929387629;-0.3104720116;2
9.06579755;-0.7513462901;0.9954141974;7.65703249;9.073790936;-1.078329086;-0.4100429714;-0.3068068326;2
9.067899373;-0.784845829;1.028913736;7.719245911;9.075892759;-1.101541877;-0.4198168218;-0.3031416535;2
9.070001248;-0.813559711;1.048056364;7.805387497;9.077994634;-1.119867802;-0.424703747;-0.2970330119;2
9.072103071;-0.8327022791;1.076770186;7.891529083;9.080096456;-1.135750294;-0.4259254634;-0.2909243405;2
9.074204894;-0.8757730722;1.0863415;8.030312538;9.082198279;-1.147967696;-0.4210385382;-0.2872591615;2
9.076306717;-0.8949156404;1.105484009;8.18345356;9.084300102;-1.154076338;-0.4198168218;-0.2811505198;2
9.078408592;-0.9236295223;1.100698471;8.341380119;9.086401925;-1.156519771;-0.4137081802;-0.2750418782;2
9.080510415;-0.9332008362;1.143769264;8.484949112;9.0885038;-1.156519771;-0.4027126133;-0.2652680278;2
9.082612238;-0.9379864931;1.129412293;8.599804878;9.090605623;-1.155297995;-0.3892735839;-0.2567159235;2
9.084714061;-0.9379864931;1.124626637;8.714659691;9.092707446;-1.150411129;-0.3648389876;-0.2420551628;2
9.086815884;-0.9523434043;1.11984098;8.834300995;9.094809269;-1.144302487;-0.3342957497;-0.2261726856;2
9.088917759;-0.9523434043;1.110269666;8.90130043;9.096911092;-1.13697207;-0.2903134823;-0.2078467458;2
9.091019581;-0.9762716293;1.100698471;8.97308445;9.099012915;-1.125976562;-0.2365573794;-0.1882990748;2
9.093121404;-1.004985452;1.0863415;9.040083885;9.10111479;-1.11375916;-0.1693622619;-0.1650862098;2
9.095223227;-1.043270707;1.105484009;9.107083321;9.103216613;-1.10032022;-0.09117157012;-0.1406516135;2
9.09732505;-1.062413216;1.138983607;9.193224907;9.105318436;-1.085659385;-0.008093958721;-0.1149952933;2
9.099426873;-1.110269666;1.177268744;9.279366493;9.107420259;-1.069776893;0.07987056673;-0.09056070447;2
9.101528748;-1.148554921;1.21555388;9.375079155;9.109522081;-1.05389452;0.1727220118;-0.06612611562;2
9.103630571;-1.158126116;1.244267821;9.451649666;9.111623904;-1.036790252;0.2680169344;-0.04169152305;2
9.105732394;-1.158126116;1.292124271;9.523433685;9.113725779;-1.024572968;0.3633118272;-0.0209221188;2
9.107834217;-1.13419795;1.344766378;9.590433121;9.115827602;-1.011133909;0.4573850036;-0.002596175298;2
9.10993604;-1.0863415;1.354337573;9.676574707;9.117929425;-0.998916626;0.55145818;0.01450803876;2
9.112037863;-0.9906286001;1.426122308;9.729216576;9.120031248;-0.9879210591;0.6357575059;0.02794706449;2
9.114139738;-0.9188438654;1.440479279;9.863214493;9.122133123;-0.9781472087;0.717613399;0.04016435891;2
9.116241561;-0.866201818;1.440479279;9.987641335;9.124234946;-0.9683734179;0.7896954417;0.04993819445;2
9.118343384;-0.8422735929;1.445264935;10.12642574;9.126336769;-0.957377851;0.85322541;0.05971203372;2
9.120445206;-0.813559711;1.430907965;10.25563812;9.128438592;-0.9500474334;0.9094249606;0.06582067907;2
9.122547081;-0.813559711;1.397408366;10.36092186;9.130540467;-0.9451605082;0.9582940936;0.07315105945;2
9.124648904;-0.813559711;1.368694544;10.44227791;9.132642238;-0.9414953589;0.994946003;0.07803797722;2
9.126750727;-0.8279166222;1.306481123;10.53320503;9.134744113;-0.9353867173;1.024267554;0.08170316368;2
9.12885255;-0.837487936;1.26341033;10.61456108;9.136845936;-0.9353867173;1.045036912;0.08414662629;2
9.130954425;-0.8470591903;1.220339537;10.68156052;9.138947759;-0.9366084337;1.048702121;0.08659008145;2
9.133056196;-0.8805587292;1.191625714;10.77248764;9.141049581;-0.9451605082;1.043815136;0.08781181276;2
9.135158071;-0.8997012973;1.153340459;10.87298584;9.143151404;-0.9537126422;1.027932763;0.08659008145;2
9.137259894;-0.9188438654;1.11984098;10.95434189;9.145253227;-0.9634864926;0.9986112118;0.08536835015;2
9.139361717;-0.9379864931;1.100698471;11.04048347;9.147355102;-0.9769254923;0.9558506608;0.08414662629;2
9.14146354;-0.9571290612;1.062413216;11.14576817;9.149456925;-0.9928079844;0.9082031846;0.08048143238;2
9.143565363;-0.9906286001;1.048056364;11.22233772;9.151558748;-1.008690476;0.852003634;0.07803797722;2
9.145667186;-1.024128079;1.019342422;11.32762241;9.153660571;-1.027016401;0.7921388745;0.07559451461;2
9.147769061;-1.062413216;0.9906286001;11.40897846;9.155762446;-1.047785759;0.7286089659;0.07315105945;2
9.149870884;-1.105484009;0.9571290612;11.47597694;9.157864269;-1.070998669;0.6638572812;0.07192932814;2
9.151972706;-1.110269666;0.9284151793;11.51904774;9.159966092;-1.09054637;0.6027708054;0.0743727833;2
9.154074529;-1.129412293;0.890130043;11.59083271;9.162067915;-1.111315727;0.5429060459;0.07681624591;2
9.156176404;-1.124626637;0.8470591903;11.64347458;9.164169738;-1.133306861;0.4928151667;0.07925970852;2
9.158278227;-1.110269666;0.7896314859;11.68654537;9.166271613;-1.152854562;0.4488328993;0.08170316368;2
9.16038005;-1.091127157;0.7226324677;11.77747345;9.168373436;-1.171180487;0.4109592736;0.08414662629;2
9.162481873;-1.052842021;0.6843472719;11.90190029;9.170475259;-1.182176113;0.377972573;0.08536835015;2
9.164583696;-0.9954141974;0.6412764788;12.04068375;9.172577081;-1.189506412;0.3498727977;0.08292489499;2
9.166685571;-0.9379864931;0.5647061467;12.20818138;9.174678904;-1.195615053;0.3266599476;0.07925970852;2
9.168787394;-0.866201818;0.5072783828;12.42832088;9.176780779;-1.196836829;0.3095557392;0.07559451461;2
9.170889217;-0.8231309652;0.4402793646;12.67717457;9.178882602;-1.190728188;0.2936732471;0.06826414168;2
9.17299104;-0.7752745152;0.3924229145;12.96909904;9.180984425;-1.176067472;0.2851211429;0.0609337613;2
9.175092863;-0.7226324677;0.3302095234;13.29930782;9.183086248;-1.155297995;0.2765690386;0.05360338464;2
9.177194738;-0.6699903607;0.2727817893;13.63908863;9.185188071;-1.128419995;0.2704603672;0.0438295491;2
9.179296561;-0.6077769399;0.2057827413;14.00758362;9.187289894;-1.094211578;0.2631300092;0.03405570984;2
9.181398384;-0.5599204898;0.1770688742;14.38086414;9.189391769;-1.052672744;0.2557996213;0.0242818743;2
9.183500206;-0.5120640397;0.0765703246;14.66321754;9.191493592;-1.0074687;0.2496909797;0.01328630932;2
9.185602029;-0.4402793646;-0.0143569354;14.95992756;9.193595415;-0.9537126422;0.2472475171;-0.0001527161949;2
9.187703852;-0.3780659735;-0.1196411327;15.17049599;9.195697238;-0.9011782408;0.2448040545;-0.01114828233;2
9.189805727;-0.3349951804;-0.2249253243;15.35235023;9.197799061;-0.8449786901;0.2509126961;-0.0209221188;2
9.19190755;-0.3302095234;-0.3014956415;15.51027679;9.199900936;-0.7838922143;0.2570213675;-0.03191768378;2
9.194009373;-0.3397808075;-0.3684946895;15.63470268;9.202002759;-0.7276926637;0.2643517256;-0.04169152305;2
9.196111196;-0.3972085714;-0.4163511395;15.70648766;9.204104581;-0.6702713966;0.2765690386;-0.05024362728;2
9.198213019;-0.4498506486;-0.4019941986;15.74477291;9.206206404;-0.6152935624;0.2912297845;-0.05879573524;2
9.200314894;-0.4929214716;-0.3924229145;15.72563076;9.208308227;-0.563980937;0.3071122766;-0.06368265301;2
9.202416717;-0.5455635786;-0.3541377485;15.62034607;9.21041005;-0.5175551772;0.3291034102;-0.06612611562;2
9.20451854;-0.6317051649;-0.2871387303;15.49113369;9.212511873;-0.4735729098;0.3510945439;-0.06490438432;2
9.206620363;-0.7178468108;-0.1818545163;15.31406498;9.214613748;-0.4356993139;0.374307394;-0.06123919412;2
9.208722186;-0.8279166222;-0.08614161611;15.07478237;9.216715571;-0.4002691507;0.4024071693;-0.05513054505;2
9.210824009;-0.9523434043;0.009571290575;14.83550072;9.218817394;-0.3697259128;0.424398303;-0.04413498193;2
9.212925831;-1.091127157;0.1148554832;14.58664703;9.220919217;-0.3465130329;0.4463894367;-0.03191768378;2
9.215027706;-1.21555388;0.1914258152;14.31386471;9.22302104;-0.3269653618;0.4683805704;-0.01847865991;2
9.217129529;-1.320838094;0.3110669553;14.06022549;9.225122915;-0.3098611534;0.4854847789;-0.003817904973;2
9.219231352;-1.411765337;0.4259224236;13.79222965;9.227224738;-0.2988655865;0.4964803457;0.0108428495;2
9.221333175;-1.450050473;0.4929214716;13.60080433;9.229326561;-0.2915352285;0.5001455545;0.02550360374;2
9.223434998;-1.459621787;0.5790630579;13.35673618;9.231428384;-0.2890917659;0.5001455545;0.03772090003;2
9.225536873;-1.430907965;0.6412764788;13.17488194;9.233530259;-0.2878700197;0.4977020919;0.04871646687;2
9.227638696;-1.373480201;0.708275497;12.96909904;9.235632081;-0.2903134823;0.4903717041;0.05726857483;2
9.229740519;-1.301695466;0.784845829;12.75374508;9.237733904;-0.2976438701;0.4805978537;0.06582067907;2
9.231842342;-1.234696507;0.8566305041;12.55274773;9.239835727;-0.308639437;0.4720457494;0.07070759684;2
9.233944217;-1.196411371;0.9092726111;12.37567902;9.24193755;-0.3233001828;0.4598284662;0.07559451461;2
9.23604604;-1.153340459;0.9571290612;12.2416811;9.244039425;-0.3404043913;0.4451677203;0.07803797722;2
9.238147863;-1.129412293;0.9906286001;12.13639641;9.246141248;-0.3611738086;0.4256200492;0.07925970852;2
9.240249686;-1.081555843;1.014556766;12.03111267;9.248243071;-0.3831649423;0.4024071693;0.08048143238;2
9.242351509;-1.076770186;1.004985452;11.98325539;9.250344894;-0.405156076;0.3730856776;0.08048143238;2
9.244453384;-1.081555843;0.9762716293;11.93539906;9.252446717;-0.4295906425;0.3376555145;0.07681624591;2
9.246555206;-1.095912814;0.9475577474;11.88275719;9.25454854;-0.4515817761;0.2973384261;0.07559451461;2
9.248657029;-1.110269666;0.9188438654;11.7966156;9.256650415;-0.4784598351;0.2557996213;0.07192932814;2
9.250758852;-1.081555843;0.8805587292;11.76790142;9.258752238;-0.505337894;0.2130390853;0.07070759684;2
9.252860675;-1.095912814;0.866201818;11.72961617;9.260854061;-0.5297724605;0.1727220118;0.06704241037;2
9.254962498;-1.071984529;0.8566305041;11.6961174;9.262955884;-0.5590940118;0.1385135949;0.06948586553;2
9.257064373;-1.095912814;0.8327022791;11.66740322;9.265057706;-0.5896372199;0.111635536;0.07315105945;2
9.259166196;-1.124626637;0.8518448472;11.64347458;9.267159581;-0.6165152788;0.08842267841;0.07925970852;2
9.261268019;-1.172483087;0.8470591903;11.65304661;9.269261404;-0.6433933377;0.07498364896;0.08536835015;2
9.263369842;-1.234696507;0.8566305041;11.69133186;9.271363227;-0.6702713966;0.06520981342;0.09392046183;2
9.265471665;-1.26341033;0.8422735929;11.75833035;9.27346505;-0.6947059631;0.06398808211;0.1036942974;2
9.26757354;-1.287338614;0.8566305041;11.83968639;9.275566925;-0.713031888;0.06398808211;0.1110246703;2
9.269675363;-1.277767301;0.866201818;12.00718403;9.277668748;-0.7289143801;0.06520981342;0.1183550507;2
9.271777186;-1.234696507;0.866201818;12.15553856;9.279770571;-0.7399099469;0.07498364896;0.1256854236;2
9.273879009;-1.172483087;0.8470591903;12.31825066;9.281872394;-0.7447968721;0.08720094711;0.1305723488;2
9.275980884;-1.062413216;0.8183453679;12.49532032;9.283974217;-0.7496837974;0.1006399691;0.1342375278;2
9.278082706;-0.9523434043;0.7704889178;12.69153118;9.28607604;-0.7447968721;0.1140789986;0.1342375278;2
9.280184529;-0.8470591903;0.708275497;12.91645622;9.288177863;-0.7374665141;0.1262962967;0.1317940801;2
9.282286352;-0.7465606928;0.6125625968;13.16530991;9.290279738;-0.7264709473;0.1336266696;0.1293506175;2
9.284388175;-0.6556333899;0.5168496966;13.39980698;9.292381561;-0.713031888;0.1385135949;0.1220202371;2
9.286489998;-0.5503492355;0.4163511395;13.66780281;9.294483384;-0.6934842467;0.1385135949;0.1122464016;2
9.288591821;-0.4498506486;0.3302095234;13.92622757;9.296585206;-0.6678279042;0.134848401;0.1012508348;2
9.290693696;-0.3445664644;0.2344966233;14.22293758;9.298687029;-0.6397281289;0.127518028;0.08536835015;2
9.292795519;-0.2105683982;0.1435693651;14.48614788;9.300788852;-0.6018545032;0.1165224537;0.06704241037;2
9.294897342;-0.06699903309;0.06699903309;14.73500156;9.302890727;-0.563980937;0.1091920808;0.04505127668;2
9.296999165;0.1244267747;0.0;14.97906971;9.30499255;-0.5199986696;0.09819651395;0.01939495653;2
9.299100988;0.2919243574;-0.05264209956;15.16092396;9.307094373;-0.474794656;0.08720094711;-0.007483093534;2
9.301202811;0.4689932466;-0.09571290761;15.33320713;9.309196196;-0.4271472096;0.07864884287;-0.03802633286;2
9.303304686;0.6173482537;-0.1531406492;15.46241951;9.311298071;-0.3807214797;0.06765327603;-0.06856957078;2
9.305406509;0.7130611539;-0.1818545163;15.52463341;9.313399894;-0.3355174661;0.05910116807;-0.10033454;2
9.307508331;0.8039883971;-0.2201396823;15.55334759;9.315501717;-0.2915352285;0.05665770918;-0.1320995092;2
9.309610154;0.8422735929;-0.2488535494;15.53420448;9.31760354;-0.2536616027;0.05665770918;-0.1601992846;2
9.311712029;0.866201818;-0.2440679073;15.43849182;9.319705415;-0.2182314396;0.05910116807;-0.1895207912;2
9.313813852;0.8279166222;-0.2392822653;15.33799362;9.321807186;-0.1840230078;0.06398808211;-0.2188423127;2
9.315915675;0.784845829;-0.2440679073;15.20878029;9.323909061;-0.1510363221;0.06887500733;-0.2444986254;2
9.318017498;0.7274180651;-0.2440679073;15.05085468;9.326010884;-0.1266017258;0.07620538026;-0.2677114904;2
9.320119373;0.6556333899;-0.2584248483;14.89292812;9.328112706;-0.1009454057;0.0859792158;-0.2884808779;2
9.322221144;0.5264210105;-0.2392822653;14.71585941;9.330214529;-0.07528908551;0.09941824526;-0.3055851161;2
9.324323019;0.3876372576;-0.1962114573;14.51486206;9.332316352;-0.05451968312;0.1079703495;-0.3190241456;2
9.326424842;0.2105683982;-0.1292124242;14.32343674;9.334418175;-0.03619373962;0.1189659163;-0.3312414289;2
9.328526665;0.03349951655;-0.0382851623;14.17986679;9.33652005;-0.02031125315;0.1299614757;-0.3361283541;2
9.330628488;-0.1387837082;0.0382851623;13.98365593;9.338621873;-0.0007635809598;0.1470656991;-0.3385718167;2
9.332730311;-0.2727817893;0.1196411327;13.80658627;9.340723696;0.01878409274;0.1605047137;-0.3361283541;2
9.334832134;-0.4546363056;0.1866401732;13.64866066;9.342825519;0.03100138716;0.1800523996;-0.3300196826;2
9.336934009;-0.626919508;0.2727817893;13.48116302;9.344927394;0.04444041103;0.1971566081;-0.320245862;2
9.339035831;-0.8087740541;0.3158525825;13.29452229;9.347029217;0.05665770918;0.2154825479;-0.3092502952;2
9.341137654;-0.9667003751;0.3924229145;13.12702465;9.34913104;0.06765327603;0.2301433086;-0.2958112657;2
9.343239477;-1.105484009;0.4498506486;12.9882412;9.351232863;0.07864884287;0.2435823381;-0.2811505198;2
9.345341352;-1.21555388;0.5120640397;12.80638695;9.353334686;0.08720094711;0.2606865466;-0.266489774;2
9.347443175;-1.292124271;0.5694918036;12.63888931;9.355436561;0.09330959618;0.274125576;-0.2481638193;2
9.349544998;-1.339980721;0.6125625968;12.51446247;9.357538331;0.09697478265;0.2838993967;-0.2322813272;2
9.351646821;-1.392622828;0.6556333899;12.32782269;9.359640206;0.09697478265;0.2936732471;-0.2163988501;2
9.353748644;-1.402194023;0.6843472719;12.17468166;9.361742029;0.09330959618;0.2985601723;-0.1980729103;2
9.355850519;-1.440479279;0.708275497;11.96889877;9.363843852;0.08720094711;0.3022253513;-0.1834121495;2
9.35795229;-1.473978758;0.7130611539;11.80140114;9.365945675;0.07498364896;0.3046688139;-0.1699731201;2
9.360054165;-1.459621787;0.7178468108;11.61476135;9.368047498;0.05910116807;0.3034470677;-0.1589775532;2
9.362155988;-1.450050473;0.7465606928;11.42812061;9.370149373;0.04077522457;0.2973384261;-0.1492037177;2
9.364257811;-1.392622828;0.756131947;11.24626637;9.372251196;0.01634063199;0.2985601723;-0.1418733448;2
9.366359634;-1.335195065;0.760917604;11.07398319;9.374353019;-0.01053741761;0.2997818887;-0.1357647032;2
9.368461456;-1.258624673;0.7513462901;10.91605663;9.376454842;-0.03863719851;0.3010036349;-0.127212584;2
9.370563331;-1.210768223;0.756131947;10.76291656;9.378556665;-0.07040216774;0.3022253513;-0.1223256737;2
9.372665154;-1.186840057;0.756131947;10.63370419;9.38065854;-0.1046105921;0.2997818887;-0.1162170246;2
9.374766977;-1.16769743;0.7752745152;10.53799057;9.382760363;-0.1351538301;0.2985601723;-0.1101083755;2
9.3768688;-1.172483087;0.784845829;10.45663452;9.384862186;-0.1669187993;0.2912297845;-0.1052214578;2
9.378970623;-1.186840057;0.784845829;10.45663452;9.386964061;-0.1950185746;0.2863428593;-0.10033454;2
9.381072498;-1.21555388;0.7896314859;10.46142101;9.389065831;-0.2218966335;0.274125576;-0.09544762224;2
9.383174321;-1.244267821;0.8039883971;10.52363396;9.391167654;-0.2475529462;0.2594648004;-0.08933897316;2
9.385276144;-1.282552958;0.8087740541;10.5858469;9.393269529;-0.2707658112;0.2435823381;-0.08445205539;2
9.387378019;-1.339980721;0.7992027402;10.69113159;9.395371352;-0.2903134823;0.2289215773;-0.07712167501;2
9.38947979;-1.397408366;0.8039883971;10.78684425;9.397473175;-0.308639437;0.2093739063;-0.06979130208;2
9.391581613;-1.473978758;0.784845829;10.92562866;9.399574998;-0.3269653618;0.1922696829;-0.06001746282;2
9.393683488;-1.55054903;0.7704889178;11.04526901;9.401676821;-0.3428478539;0.1715002805;-0.0478001684;2
9.395785311;-1.655833244;0.7369893789;11.20798111;9.403778696;-0.355065167;0.1495091617;-0.03680460155;2
9.397887134;-1.727617979;0.6939185858;11.36590767;9.405880519;-0.3611738086;0.1201876476;-0.02703076601;2
9.399988956;-1.818545222;0.6604190469;11.54776192;9.407982342;-0.3660607338;0.08720094711;-0.01725693047;2
9.402090779;-1.871187329;0.5934200287;11.77747345;9.410084165;-0.3636172712;0.05177079141;-0.008704823442;2
9.404192654;-1.909472466;0.5407779217;11.99761295;9.412185988;-0.3562868834;0.01389717404;-0.002596175298;2
9.406294477;-1.923829436;0.4594219327;12.23689461;9.414287863;-0.3465130329;-0.02764163166;0.002290742937;2
9.4083963;-1.919043779;0.3732803464;12.45224857;9.416389686;-0.328187108;-0.06918043643;0.00351247238;2
9.410498123;-1.899901152;0.2967100143;12.65803146;9.418491509;-0.308639437;-0.1131627038;0.004734201822;2
9.412599946;-1.842473388;0.2153540403;12.84945774;9.420593331;-0.2854265571;-0.1534797698;0.002290742937;2
9.414701821;-1.780260086;0.1674975902;12.9882412;9.422695206;-0.2573267817;-0.1925751269;-0.0001527161949;2
9.416803644;-1.708475351;0.1148554832;13.12223911;9.424796977;-0.2267835438;-0.2304487377;-0.002596175298;2
9.418905467;-1.627119422;0.04307080805;13.21316624;9.426898852;-0.1937968582;-0.2609919906;-0.005039634649;2
9.42100729;-1.579262972;-0.004785645287;13.2705946;9.429000675;-0.1595884264;-0.2878700197;-0.005039634649;2
9.423109165;-1.521835208;-0.04307080805;13.30887985;9.431102498;-0.1278234571;-0.3135263622;-0.008704823442;2
9.425210936;-1.493121386;-0.06699903309;13.29930782;9.433204321;-0.09117157012;-0.3355174661;-0.007483093534;2
9.427312811;-1.445264935;-0.08614161611;13.28973675;9.435306144;-0.05696314201;-0.3538434207;-0.007483093534;2
9.429414634;-1.421336651;-0.09092725813;13.23709488;9.437408019;-0.02397644334;-0.3721693754;-0.003817904973;2
9.431516456;-1.392622828;-0.08135596663;13.14616776;9.439509842;0.0016798781;-0.3831649423;-0.001374445739;2
9.433618279;-1.335195065;-0.04307080805;13.02174091;9.441611665;0.02611446939;-0.3917170465;0.001069013379;2
9.435720102;-1.282552958;-0.04307080805;12.83031464;9.443713488;0.04932733253;-0.3978256881;0.001069013379;2
9.437821977;-1.205982566;-0.01914258115;12.64846039;9.445815311;0.06643154472;-0.3990474045;-0.001374445739;2
9.4399238;-1.124626637;-0.02871387079;12.42353535;9.447917134;0.07864884287;-0.3966039717;-0.003817904973;2
9.442025623;-0.9954141974;-0.04785645381;12.18425274;9.450019009;0.08842267841;-0.3917170465;-0.009926552884;2
9.444127446;-0.890130043;-0.08135596663;11.94975662;9.452120831;0.09453132749;-0.3868301213;-0.01725693047;2
9.446229269;-0.8087740541;-0.09092725813;11.72004509;9.454222654;0.09819651395;-0.3807214797;-0.02825249545;2
9.448331092;-0.6987041831;-0.1052841991;11.49990559;9.456324529;0.09453132749;-0.3697259128;-0.03924806044;2
9.450432967;-0.5934200287;-0.1004985496;11.30848026;9.4584263;0.09697478265;-0.358730346;-0.05146535859;2
9.45253479;-0.4881358147;-0.1004985496;11.09312534;9.460528175;0.09330959618;-0.3440696001;-0.06001746282;2
9.454636613;-0.4115654826;-0.1244267747;10.92084217;9.462629998;0.08842267841;-0.3306305707;-0.06979130208;2
9.456738488;-0.3684946895;-0.1196411327;10.72941685;9.464731821;0.0847574845;-0.3208567202;-0.07589995116;2
9.458840259;-0.3589234054;-0.1387837082;10.55713367;9.466833644;0.07987056673;-0.3110828996;-0.08078686893;2
9.460942134;-0.3254238665;-0.1627119333;10.46620655;9.468935467;0.07498364896;-0.3025307953;-0.0856737867;2
9.463043956;-0.3349951804;-0.1483550072;10.35613632;9.471037342;0.06887500733;-0.3013090491;-0.086895518;2
9.465145779;-0.3732803464;-0.1292124242;10.27478027;9.473139165;0.06276635826;-0.2988655865;-0.086895518;2
9.467247602;-0.3972085714;-0.09092725813;10.19342422;9.475240988;0.06032289565;-0.3000873327;-0.08933897316;2
9.469349425;-0.4019941986;-0.0382851623;10.07856941;9.477342811;0.05177079141;-0.2988655865;-0.08811724186;2
9.4714513;-0.4115654826;0.04307080805;9.992427826;9.479444686;0.04199695215;-0.3000873327;-0.08811724186;2
9.473553123;-0.4019941986;0.07178468257;9.896714211;9.481546509;0.03222311661;-0.2976438701;-0.0856737867;2
9.475654946;-0.3828516304;0.1292124242;9.753145218;9.483648331;0.02122755162;-0.2976438701;-0.08323032409;2
9.477756769;-0.4259224236;0.1004985496;9.671789169;9.485750154;0.007788525894;-0.2939786613;-0.07834340632;2
9.479858644;-0.4881358147;0.04785645381;9.576076508;9.487851977;-0.008093958721;-0.2903134823;-0.07223475724;2
9.481960467;-0.5120640397;0.07178468257;9.437292099;9.489953852;-0.02519817278;-0.281761378;-0.06612611562;2
9.48406229;-0.5551348329;0.08135596663;9.293723106;9.492055675;-0.04230238497;-0.2744309902;-0.05879573524;2
9.486164113;-0.5934200287;0.1004985496;9.17886734;9.494157498;-0.06185005978;-0.265878886;-0.05146535859;2
9.488265936;-0.6125625968;0.09092725813;9.068798065;9.496259321;-0.08139773458;-0.258548528;-0.04291325063;2
9.490367811;-0.6221339107;0.08614161611;9.025727272;9.498361144;-0.09972367436;-0.2475529462;-0.03558287397;2
9.492469634;-0.6364908218;0.1387837082;8.977870941;9.500462967;-0.121714808;-0.235335663;-0.02703076601;2
9.494571456;-0.6412764788;0.1866401732;8.982656479;9.50256479;-0.138819024;-0.2231183648;-0.01970038936;2
9.496673279;-0.626919508;0.2344966233;9.00179863;9.504666665;-0.1559232324;-0.2072358727;-0.01114828233;2
9.498775102;-0.6077769399;0.2584248483;9.054440498;9.506768488;-0.1669187993;-0.1937968582;-0.003817904973;2
9.500876925;-0.5934200287;0.2679961324;9.121439934;9.508870311;-0.1766926348;-0.1828012913;0.005955931731;2
9.502978748;-0.6125625968;0.2392822653;9.245866776;9.510972134;-0.1840230078;-0.1730274558;0.01328630932;2
9.505080623;-0.6221339107;0.1818545163;9.360722542;9.513074009;-0.1876882017;-0.1644753367;0.01939495653;2
9.507182446;-0.6077769399;0.1292124242;9.509077072;9.515175831;-0.1864664704;-0.1571449637;0.0242818743;2
9.509284269;-0.5742774606;0.1052841991;9.671789169;9.517277654;-0.1791360974;-0.1510363221;0.02916879393;2
9.511386092;-0.5551348329;0.04307080805;9.829715729;9.519379477;-0.1681405306;-0.1449276656;0.03283398226;2
9.513487967;-0.5120640397;-0.0143569354;9.992427826;9.5214813;-0.1559232324;-0.1375972927;0.03283398226;2
9.51558979;-0.4546363056;-0.0765703246;10.15992451;9.523583123;-0.142484203;-0.1302669197;0.02916879393;2
9.517691613;-0.3828516304;-0.1579262912;10.29392338;9.525684946;-0.1241582632;-0.1241582632;0.02306014486;2
9.519793436;-0.3014956415;-0.2584248483;10.36092186;9.527786769;-0.1033888608;-0.1180496216;0.01695149764;2
9.521895259;-0.2297109663;-0.3637090325;10.46620655;9.529888644;-0.08384118974;-0.1094975099;0.005955931731;2
9.523997081;-0.1674975902;-0.4642075896;10.4853487;9.531990467;-0.06551524997;-0.09972367436;-0.003817904973;2
9.526098904;-0.1100698411;-0.5407779217;10.50927734;9.53409229;-0.04352411628;-0.09117157012;-0.01359174121;2
9.528200727;-0.06699903309;-0.5742774606;10.47099209;9.536194113;-0.02641990222;-0.07773254067;-0.02214384824;2
9.530302602;-0.06699903309;-0.626919508;10.42313576;9.538295988;-0.01053741761;-0.06429351866;-0.03069595434;2
9.532404425;-0.09092725813;-0.6221339107;10.39442158;9.540397811;0.006566796452;-0.05085449293;-0.03680460155;2
9.534506248;-0.1435693651;-0.626919508;10.34656525;9.542499634;0.0175623633;-0.03497200832;-0.03924806044;2
9.536608071;-0.1914258152;-0.6125625968;10.26999474;9.544601456;0.02855792828;-0.02031125315;-0.04291325063;2
9.538709946;-0.2919243574;-0.5599204898;10.19342422;9.546703331;0.03833176568;-0.006872228812;-0.04291325063;2
9.540811769;-0.3780659735;-0.5168496966;10.11206818;9.548805154;0.04810560122;0.004123337101;-0.04291325063;2
9.542913592;-0.4546363056;-0.4737788737;10.04506969;9.550906977;0.05299251899;0.01634063199;-0.04169152305;2
9.545015415;-0.5455635786;-0.4402793646;9.973284721;9.5530088;0.05787943676;0.02367101051;-0.04046979174;2
9.54711729;-0.6173482537;-0.4163511395;9.844072342;9.555110623;0.05910116807;0.03222311661;-0.03802633286;2
9.549219113;-0.6747759581;-0.3924229145;9.743574142;9.557212446;0.06154462695;0.03466657549;-0.03558287397;2
9.551320936;-0.70348984;-0.3637090325;9.667003632;9.559314269;0.06154462695;0.0358883068;-0.03313941509;2
9.553422759;-0.756131947;-0.3637090325;9.585647583;9.561416144;0.05787943676;0.03711003438;-0.03069595434;2
9.555524581;-0.7896314859;-0.3349951804;9.499505997;9.563517967;0.05543597788;0.03466657549;-0.02825249545;2
9.557626404;-0.8183453679;-0.3397808075;9.389435768;9.56561979;0.04932733253;0.03222311661;-0.02703076601;2
9.559728227;-0.8518448472;-0.3206382394;9.293723106;9.567721613;0.04199695215;0.02977965772;-0.02336557768;2
9.561830102;-0.9140582681;-0.3158525825;9.17886734;9.569823488;0.03344484791;0.02733619884;-0.0209221188;2
9.563931925;-0.9667003751;-0.3158525825;9.111868858;9.571925311;0.02367101051;0.02244928107;-0.01725693047;2
9.566033748;-1.048056364;-0.3158525825;9.049654961;9.574027134;0.0126754446;0.01878409274;-0.01114828233;2
9.568135571;-1.11984098;-0.3254238665;8.977870941;9.576128956;0.002901607659;0.01511890348;-0.005039634649;2
9.570237446;-1.1820544;-0.3397808075;8.934800148;9.578230831;-0.008093958721;0.01145371422;0.002290742937;2
9.572339269;-1.272981644;-0.3062812984;8.90130043;9.580332602;-0.02031125315;0.002901607659;0.0108428495;2
9.574441092;-1.306481123;-0.2727817893;8.882157326;9.582434425;-0.02886336111;-0.003207040019;0.01695149764;2
9.576542915;-1.316052437;-0.2392822653;8.839086533;9.5845363;-0.03985892609;-0.01053741761;0.0242818743;2
9.57864479;-1.31126678;-0.2153540403;8.824729919;9.586638123;-0.04718930274;-0.01175914705;0.03161225095;2
9.580746561;-1.296909928;-0.1818545163;8.84387207;9.588739946;-0.05696314201;-0.01664606482;0.03772090003;2
9.582848384;-1.277767301;-0.1579262912;8.853444099;9.590841821;-0.06307178736;-0.02641990222;0.04505127668;2
9.584950259;-1.272981644;-0.1579262912;8.925228119;9.592943592;-0.06918043643;-0.03130681813;0.04871646687;2
9.587052081;-1.277767301;-0.1722832322;8.968298912;9.595045467;-0.07528908551;-0.03619373962;0.05238165334;2
9.589153904;-1.244267821;-0.2009970993;9.025727272;9.59714729;-0.07773254067;-0.0374154672;0.05482511222;2
9.591255779;-1.21555388;-0.2536391914;9.107083321;9.599249113;-0.08017600328;-0.04108065739;0.05604684353;2
9.59335755;-1.177268744;-0.2871387303;9.198010445;9.601350936;-0.08261945844;-0.04596757516;0.05604684353;2
9.595459425;-1.158126116;-0.3206382394;9.269794464;9.603452811;-0.08017600328;-0.04718930274;0.05849030241;2
9.597561248;-1.129412293;-0.3732803464;9.379864693;9.605554634;-0.07773254067;-0.05085449293;0.05726857483;2
9.599663071;-1.091127157;-0.4211367965;9.480362892;9.607656456;-0.0728456229;-0.05451968312;0.05726857483;2
9.601764894;-1.052842021;-0.4642075896;9.566504478;9.609758279;-0.06551524997;-0.05940660089;0.05360338464;2
9.603866769;-1.004985452;-0.5072783828;9.662218094;9.611860102;-0.05696314201;-0.06307178736;0.04993819445;2
9.605968592;-0.94277215;-0.5551348329;9.757930756;9.613961925;-0.04596757516;-0.06429351866;0.04627300799;2
9.608070415;-0.8805587292;-0.5838487148;9.810572624;9.6160638;-0.0374154672;-0.06795870513;0.0426078178;2
9.610172238;-0.8279166222;-0.6125625968;9.863214493;9.618165623;-0.02764163166;-0.06795870513;0.03894263133;2
9.612274061;-0.7704889178;-0.6364908218;9.901499748;9.620267446;-0.01664606482;-0.06795870513;0.03649916872;2
9.614375884;-0.7130611539;-0.6317051649;9.906285286;9.622369269;-0.009315688163;-0.06551524997;0.03527744114;2
9.616477759;-0.6939185858;-0.6317051649;9.87757206;9.624471144;-0.001985310577;-0.06185005978;0.03405570984;2
9.618579581;-0.6843472719;-0.6221339107;9.844072342;9.626572967;0.002901607659;-0.05451968312;0.03405570984;2
9.620681404;-0.6843472719;-0.6029912829;9.781859398;9.62867479;0.01023198478;-0.04718930274;0.03405570984;2
9.622783227;-0.6939185858;-0.6077769399;9.7196455;9.630776613;0.01145371422;-0.03619373962;0.03527744114;2
9.624885102;-0.6891329288;-0.5742774606;9.619147301;9.632878436;0.009010255337;-0.02397644334;0.03772090003;2
9.626986925;-0.6699903607;-0.5407779217;9.547362328;9.634980259;0.009010255337;-0.01175914705;0.03649916872;2
9.629088748;-0.6652047038;-0.5264210105;9.456435204;9.637082081;0.007788525894;0.0016798781;0.03772090003;2
9.631190571;-0.6460621357;-0.4929214716;9.355937004;9.639183956;0.0004581485991;0.0126754446;0.03772090003;2
9.633292394;-0.6221339107;-0.4833501875;9.241081238;9.641285779;-0.004428769462;0.02122755162;0.03772090003;2
9.635394217;-0.6173482537;-0.4450650215;9.159725189;9.643387602;-0.01542433538;0.02977965772;0.03894263133;2
9.63749604;-0.5838487148;-0.4259224236;9.064012527;9.645489425;-0.02397644334;0.03344484791;0.03894263133;2
9.639597915;-0.5599204898;-0.4067798555;8.997013092;9.647591248;-0.03619373962;0.04077522457;0.03894263133;2
9.641699738;-0.5455635786;-0.4067798555;8.90130043;9.649693123;-0.05085449293;0.04444041103;0.03894263133;2
9.643801561;-0.5264210105;-0.3972085714;8.84387207;9.651794946;-0.06551524997;0.04810560122;0.04016435891;2
9.645903384;-0.5264210105;-0.3828516304;8.786444664;9.653896769;-0.08139773458;0.05177079141;0.03894263133;2
9.648005206;-0.5407779217;-0.3924229145;8.748159409;9.655998592;-0.0972802192;0.05177079141;0.03894263133;2
9.650107081;-0.5551348329;-0.3732803464;8.743373871;9.658100415;-0.1119409725;0.05543597788;0.04138609022;2
9.652208904;-0.5886343718;-0.3732803464;8.738588333;9.660202238;-0.1253799945;0.05054906011;0.04016435891;2
9.654310727;-0.6460621357;-0.3972085714;8.796015739;9.662304113;-0.1375972927;0.04688387364;0.0426078178;2
9.65641255;-0.6891329288;-0.4163511395;8.848658562;9.664405936;-0.1485928595;0.03833176568;0.04138609022;2
9.658514373;-0.7130611539;-0.4259224236;8.939585686;9.666507759;-0.1547015011;0.02611446939;0.04016435891;2
9.660616196;-0.7274180651;-0.4307080805;9.03051281;9.668609581;-0.1595884264;0.01511890348;0.03772090003;2
9.662718071;-0.732203722;-0.4211367965;9.140582085;9.670711404;-0.1608101577;-0.003207040019;0.03527744114;2
9.664819894;-0.732203722;-0.4354937077;9.250652313;9.672813279;-0.1595884264;-0.01664606482;0.03283398226;2
9.666921717;-0.7178468108;-0.4115654826;9.346364975;9.674915102;-0.1595884264;-0.02641990222;0.03161225095;2
9.66902354;-0.7130611539;-0.4259224236;9.432506561;9.677016925;-0.1571449637;-0.03863719851;0.02794706449;2
9.671125363;-0.708275497;-0.4163511395;9.528220177;9.679118748;-0.1571449637;-0.05329795182;0.0242818743;2
9.673227238;-0.7130611539;-0.4307080805;9.609575272;9.681220571;-0.1559232324;-0.06673697382;0.02306014486;2
9.675329061;-0.7657032609;-0.4354937077;9.647860527;9.683322446;-0.1522580534;-0.08261945844;0.02183841541;2
9.677430884;-0.8039883971;-0.4450650215;9.724431038;9.685424269;-0.1485928595;-0.0972802192;0.02061668597;2
9.679532706;-0.8422735929;-0.4546363056;9.738788605;9.687526092;-0.1449276656;-0.1107192412;0.01939495653;2
9.681634529;-0.866201818;-0.4737788737;9.801001549;9.689627915;-0.1400407553;-0.1204930767;0.01817322709;2
9.683736404;-0.866201818;-0.4594219327;9.810572624;9.69172979;-0.1351538301;-0.1290451884;0.01939495653;2
9.685838227;-0.8470591903;-0.4642075896;9.824930191;9.693831613;-0.1290451884;-0.1339320987;0.02183841541;2
9.68794005;-0.8566305041;-0.4450650215;9.863214493;9.695933436;-0.121714808;-0.131488651;0.0242818743;2
9.690041873;-0.8470591903;-0.4402793646;9.834501266;9.698035259;-0.1168278903;-0.131488651;0.02550360374;2
9.692143748;-0.837487936;-0.4307080805;9.8201437;9.700137081;-0.1107192412;-0.1266017258;0.02672533318;2
9.694245571;-0.8279166222;-0.4211367965;9.829715729;9.702238904;-0.1082757786;-0.1168278903;0.02672533318;2
9.696347394;-0.8039883971;-0.4163511395;9.762716293;9.704340727;-0.1033888608;-0.1046105921;0.02672533318;2
9.698449217;-0.7896314859;-0.4163511395;9.729216576;9.706442602;-0.1009454057;-0.09483675659;0.02672533318;2
9.70055104;-0.7657032609;-0.4211367965;9.671789169;9.708544425;-0.09850194305;-0.08384118974;0.02672533318;2
9.702652863;-0.6939185858;-0.4067798555;9.643074989;9.710646248;-0.09483675659;-0.07040216774;0.02672533318;2
9.704754686;-0.650847733;-0.3828516304;9.590433121;9.712748071;-0.09361502528;-0.06185005978;0.02672533318;2
9.706856561;-0.6077769399;-0.3732803464;9.580862045;9.714849894;-0.09483675659;-0.04841103405;0.02672533318;2
9.708958384;-0.5647061467;-0.3732803464;9.523433685;9.716951769;-0.09483675659;-0.03375028074;0.02550360374;2
9.711060206;-0.5312066078;-0.3732803464;9.509077072;9.719053592;-0.09361502528;-0.02153298259;0.02672533318;2
9.713162029;-0.5072783828;-0.3972085714;9.480362892;9.721155415;-0.09605848789;-0.004428769462;0.02550360374;2
9.715263852;-0.4833501875;-0.3876372576;9.494720459;9.723257238;-0.0972802192;0.01145371422;0.02550360374;2
9.717365727;-0.4642075896;-0.3924229145;9.470791817;9.725359113;-0.09483675659;0.02977965772;0.02306014486;2
9.71946755;-0.4546363056;-0.4163511395;9.494720459;9.727460936;-0.09361502528;0.04566214234;0.02306014486;2
9.721569373;-0.4307080805;-0.4307080805;9.489934921;9.729562759;-0.09239330143;0.05910116807;0.02061668597;2
9.723671196;-0.4163511395;-0.4259224236;9.537791252;9.731664581;-0.08750637621;0.07131846249;0.02061668597;2
9.725773071;-0.3828516304;-0.4307080805;9.595218658;9.733766404;-0.08384118974;0.07987056673;0.01939495653;2
9.727874894;-0.3589234054;-0.4211367965;9.628718376;9.735868227;-0.08139773458;0.08720094711;0.01695149764;2
9.729976717;-0.3637090325;-0.4019941986;9.695717812;9.73797005;-0.07895427197;0.09575305134;0.0157297682;2
9.73207854;-0.3397808075;-0.3972085714;9.757930756;9.740071925;-0.07528908551;0.1030834317;0.01328630932;2
9.734180363;-0.3493520916;-0.3876372576;9.772287369;9.742173748;-0.07162389904;0.1079703495;0.0108428495;2
9.736282186;-0.3637090325;-0.3828516304;9.810572624;9.744275571;-0.07162389904;0.1128572673;0.0108428495;2
9.738384009;-0.3828516304;-0.3876372576;9.824930191;9.746377394;-0.07040216774;0.1128572673;0.009621120058;2
9.740485884;-0.4450650215;-0.3828516304;9.853643417;9.748479217;-0.07162389904;0.1079703495;0.0108428495;2
9.742587706;-0.4929214716;-0.3828516304;9.853643417;9.750581092;-0.0740673542;0.1030834317;0.01206457894;2
9.744689529;-0.5312066078;-0.4067798555;9.863214493;9.752682915;-0.08139773458;0.09819651395;0.01328630932;2
9.746791352;-0.5694918036;-0.4067798555;9.887143135;9.754784738;-0.08628465235;0.09697478265;0.0157297682;2
9.748893175;-0.6125625968;-0.3637090325;9.896714211;9.756886561;-0.09239330143;0.08842267841;0.01939495653;2
9.75099505;-0.6843472719;-0.3302095234;9.891928673;9.758988384;-0.1033888608;0.07987056673;0.02672533318;2
9.753096873;-0.756131947;-0.2871387303;9.87757206;9.761090259;-0.1143844277;0.06520981342;0.03039052337;2
9.755198696;-0.8231309652;-0.2249253243;9.872786522;9.763192029;-0.1278234571;0.04932733253;0.03649916872;2
9.757300519;-0.866201818;-0.1531406492;9.882357597;9.765293904;-0.1412624866;0.02977965772;0.0426078178;2
9.759402342;-0.9140582681;-0.1100698411;9.911071777;9.767395727;-0.158366695;0.0016798781;0.04871646687;2
9.761504217;-0.9571290612;-0.04307080805;9.920642853;9.76949755;-0.1754709035;-0.02764163166;0.05482511222;2
9.763605988;-0.9762716293;0.0143569354;9.987641335;9.771599373;-0.1986837685;-0.06185005978;0.06337722391;2
9.765707863;-1.004985452;0.05742774159;10.05942631;9.773701248;-0.2206749022;-0.09605848789;0.07192932814;2
9.767809686;-1.024128079;0.09092725813;10.11685371;9.775803071;-0.2451094985;-0.1327103674;0.07803797722;2
9.769911509;-1.033699393;0.1148554832;10.19820976;9.777904894;-0.2719875574;-0.1681405306;0.08292489499;2
9.772013331;-1.028913736;0.08614161611;10.28913784;9.780006717;-0.2976438701;-0.2011272311;0.08659008145;2
9.774115206;-0.9954141974;0.0382851623;10.41835022;9.78210854;-0.3220784664;-0.231670469;0.08903354406;2
9.776217029;-0.9044869542;0.009571290575;10.59541893;9.784210415;-0.3477347791;-0.2634354234;0.08781181276;2
9.778318852;-0.813559711;0.02871387079;10.79162979;9.786312238;-0.3660607338;-0.2866483033;0.08781181276;2
9.780420675;-0.7369893789;0.05742774159;10.98784161;9.788414061;-0.3843866587;-0.3098611534;0.08659008145;2
9.782522498;-0.6317051649;0.1148554832;11.20798111;9.790515884;-0.4002691507;-0.3294088244;0.08536835015;2
9.784624373;-0.5551348329;0.1627119333;11.48076344;9.792617706;-0.4137081802;-0.3465130329;0.07925970852;2
9.786726196;-0.4450650215;0.1866401732;11.78225899;9.794719581;-0.4234820008;-0.3599520624;0.07559451461;2
9.788828019;-0.3397808075;0.2009970993;12.12203979;9.796821404;-0.428368926;-0.3697259128;0.06826414168;2
9.790929842;-0.2297109663;0.1962114573;12.46660614;9.798923227;-0.428368926;-0.378278017;0.05971203372;2
9.793031665;-0.1004985496;0.1962114573;12.80638695;9.80102505;-0.424703747;-0.3831649423;0.04993819445;2
9.79513354;0.01914258115;0.1674975902;13.16530991;9.803126925;-0.4185950756;-0.3868301213;0.03772090003;2
9.797235363;0.1244267747;0.1483550072;13.51466274;9.805228696;-0.4039343297;-0.3880518377;0.0242818743;2
9.799337186;0.2297109663;0.1052841991;13.92144203;9.807330571;-0.3819431961;-0.3868301213;0.009621120058;2
9.801439009;0.3445664644;0.06221338734;14.29950809;9.809432394;-0.358730346;-0.3831649423;-0.007483093534;2
9.803540884;0.4546363056;0.03349951655;14.65843105;9.811534217;-0.3294088244;-0.3807214797;-0.02580903657;2
9.805642654;0.5599204898;0.0143569354;15.0843544;9.81363604;-0.2952004075;-0.374612838;-0.04413498193;2
9.807744529;0.6317051649;0.04785645381;15.48634815;9.815737863;-0.2561050653;-0.3660607338;-0.05879573524;2
9.809846352;0.6604190469;0.1052841991;15.86919975;9.817839738;-0.2133445293;-0.3575085998;-0.07345648855;2
9.811948175;0.6747759581;0.1483550072;16.20898056;9.819941561;-0.1718057245;-0.3440696001;-0.0856737867;2
9.814049998;0.6412764788;0.1818545163;16.51047707;9.822043384;-0.1290451884;-0.328187108;-0.09422589093;2
9.816151821;0.5934200287;0.2009970993;16.7784729;9.824145206;-0.08384118974;-0.3098611534;-0.1015562713;2
9.818253696;0.5312066078;0.2297109663;17.03689766;9.826247029;-0.0374154672;-0.2878700197;-0.1052214578;2
9.820355519;0.4402793646;0.2536391914;17.21396637;9.828348904;0.005345067009;-0.262213707;-0.1052214578;2
9.822457342;0.3637090325;0.2823530734;17.381464;9.830450727;0.04810560122;-0.235335663;-0.1015562713;2
9.824559165;0.2632105052;0.3445664644;17.59203148;9.83255255;0.09330959618;-0.2072358727;-0.09544762224;2
9.826660988;0.1196411327;0.4450650215;17.76431465;9.834654373;0.1360701323;-0.18157956;-0.08811724186;2
9.828762863;-0.0143569354;0.5216353536;17.88874245;9.836756196;0.177608937;-0.1608101577;-0.07956513762;2
9.830864686;-0.1722832322;0.5886343718;18.02752495;9.838858019;0.2179260105;-0.1473711282;-0.07101303339;2
9.832966509;-0.2488535494;0.679561615;18.15673828;9.840959842;0.2533561587;-0.1400407553;-0.06246092543;2
9.835068331;-0.3014956415;0.7465606928;18.25723648;9.843061717;0.2900080681;-0.1339320987;-0.05635227636;2
9.837170154;-0.2727817893;0.8087740541;18.3720932;9.84516354;0.3266599476;-0.131488651;-0.0490218997;2
9.839271977;-0.2775674164;0.8709874153;18.46302032;9.847265363;0.3559814394;-0.1327103674;-0.04291325063;2
9.8413738;-0.2967100143;0.9523434043;18.53480339;9.849367186;0.3853029609;-0.1363755614;-0.03436114267;2
9.843475675;-0.3158525825;1.004985452;18.60658836;9.851469009;0.4121810198;-0.1485928595;-0.02825249545;2
9.845577498;-0.3589234054;1.062413216;18.68315887;9.853570884;0.4341721535;-0.165697068;-0.02214384824;2
9.847679321;-0.3924229145;1.0863415;18.7358017;9.855672654;0.4500546157;-0.1864664704;-0.01847865991;2
9.849781144;-0.4307080805;1.100698471;18.79322815;9.857774529;0.4647153914;-0.2096793354;-0.01237001177;2
9.851882967;-0.4211367965;1.071984529;18.80280113;9.859876352;0.4757109582;-0.2341139317;-0.006261364091;2
9.853984842;-0.4402793646;1.067198873;18.81237221;9.861978175;0.4867065251;-0.2597702444;-0.001374445739;2
9.856086613;-0.4498506486;1.095912814;18.85065651;9.86408005;0.4952586293;-0.2842048407;0.00351247238;2
9.858188488;-0.4929214716;1.13419795;18.88894272;9.866181873;0.5025889874;-0.3110828996;0.008399390616;2
9.860290311;-0.5503492355;1.191625714;18.90808487;9.868283696;0.5099193454;-0.3379609287;0.01206457894;2
9.862392134;-0.5742774606;1.225125194;18.94636917;9.870385519;0.517249763;-0.3685041666;0.01450803876;2
9.864494009;-0.5264210105;1.229910851;19.04208183;9.872487342;0.5294670463;-0.3941605091;0.0157297682;2
9.866595831;-0.4785645306;1.210768223;19.15693855;9.874589217;0.5441278219;-0.4210385382;0.01695149764;2
9.868697654;-0.4163511395;1.196411371;19.25743675;9.87669104;0.558788538;-0.4454731345;0.01695149764;2
9.870799477;-0.3541377485;1.162911773;19.42971992;9.878792863;0.5820014477;-0.4674642682;0.01817322709;2
9.8729013;-0.3062812984;1.138983607;19.64507484;9.880894686;0.608879447;-0.4845684767;0.01695149764;2
9.875003175;-0.2679961324;1.0863415;19.85085678;9.882996509;0.6394227147;-0.5016726851;0.0157297682;2
9.877104998;-0.2057827413;1.028913736;20.06620979;9.885098384;0.6760746241;-0.5151117444;0.01450803876;2
9.879206821;-0.1722832322;0.9762716293;20.32463646;9.887200206;0.7200568318;-0.5236638188;0.009621120058;2
9.881308644;-0.1100698411;0.9188438654;20.55913162;9.889302029;0.7713695168;-0.5334376693;0.002290742937;2
9.883410467;-0.03349951655;0.8470591903;20.769701;9.891403852;0.8275690675;-0.5395463109;-0.008704823442;2
9.885512342;0.08614161611;0.756131947;20.95155525;9.893505675;0.8898772597;-0.5432115197;-0.02214384824;2
9.887614165;0.2488535494;0.6604190469;21.15733719;9.89560755;0.9595158696;-0.5456549525;-0.03558287397;2
9.889715988;0.3876372576;0.5694918036;21.30569267;9.897709373;1.030376196;-0.5432115197;-0.05024362728;2
9.891817811;0.4977070987;0.4737788737;21.43969154;9.899811196;1.102458239;-0.5407680273;-0.06490438432;2
9.893919634;0.5407779217;0.3780659735;21.48754692;9.901913019;1.176983714;-0.5346593857;-0.07956513762;2
9.896021509;0.5694918036;0.3014956415;21.497118;9.904014842;1.25150919;-0.5273290277;-0.09300415963;2
9.898123331;0.5838487148;0.2249253243;21.48276138;9.906116717;1.326034665;-0.5151117444;-0.1076649204;2
9.900225154;0.5886343718;0.1770688742;21.3966198;9.908218488;1.399338484;-0.505337894;-0.1223256737;2
9.902326977;0.6029912829;0.1339980662;21.28655052;9.910320363;1.466533661;-0.4955640435;-0.1357647032;2
9.9044288;0.626919508;0.05742774159;21.09991074;9.912422186;1.532507062;-0.4857902229;-0.1492037177;2
9.906530675;0.6317051649;0.03349951655;20.91326904;9.914524009;1.594815254;-0.474794656;-0.1601992846;2
9.908632446;0.626919508;-0.0239282269;20.65484428;9.916625831;1.647349596;-0.4650208056;-0.1675296724;2
9.910734321;0.5934200287;-0.06699903309;20.34856415;9.918727654;1.696218729;-0.4528035223;-0.1748600453;2
9.912836144;0.5312066078;-0.06221338734;19.98964119;9.920829529;1.734092355;-0.4332558513;-0.1809686869;2
9.914937967;0.5024927258;-0.03349951655;19.62593079;9.922931352;1.768300772;-0.412486434;-0.1858556122;2
9.91703979;0.4737788737;-0.0239282269;19.17129517;9.925033175;1.793957114;-0.3917170465;-0.1895207912;2
9.919141613;0.4354937077;0.03349951655;18.70708656;9.927134998;1.814726591;-0.3709476292;-0.1944077164;2
9.921243488;0.4067798555;0.08135596663;18.3098793;9.929236821;1.834274173;-0.3489564955;-0.200516358;2
9.923345311;0.4067798555;0.1100698411;17.95095634;9.931338644;1.847713232;-0.3257436454;-0.2054032832;2
9.925447134;0.4402793646;0.1292124242;17.57288933;9.933440519;1.856265306;-0.2988655865;-0.2102901936;2
9.927548956;0.4689932466;0.1770688742;17.19003868;9.935542342;1.863595724;-0.2707658112;-0.2139553875;2
9.929650779;0.4546363056;0.2392822653;16.84547234;9.937644165;1.86848259;-0.2487746775;-0.2188423127;2
9.931752602;0.4450650215;0.2775674164;16.45783424;9.939745988;1.86848259;-0.2243400961;-0.2225074917;2
9.933854477;0.4115654826;0.3493520916;16.051054;9.941847811;1.869704366;-0.1950185746;-0.2286161482;2
9.9359563;0.3876372576;0.3541377485;15.71605873;9.943949686;1.86848259;-0.1705839932;-0.2359465212;2
9.938058123;0.3589234054;0.3541377485;15.38106441;9.946051509;1.861152291;-0.1449276656;-0.2371682525;2
9.940159946;0.3684946895;0.3397808075;15.02692604;9.948153331;1.853821874;-0.1266017258;-0.2396117151;2
9.942261769;0.3158525825;0.3541377485;14.73500156;9.950255206;1.847713232;-0.1119409725;-0.2408334464;2
9.944363644;0.2105683982;0.3637090325;14.44307709;9.952356977;1.839161158;-0.1009454057;-0.2408334464;2
9.946465467;0.1148554832;0.3589234054;14.20858097;9.954458852;1.830609083;-0.1009454057;-0.2396117151;2
9.94856729;0.0;0.3780659735;13.92622757;9.956560675;1.82205689;-0.09850194305;-0.2383899838;2
9.950669165;-0.1292124242;0.4211367965;13.67737389;9.958662498;1.812283039;-0.1009454057;-0.2347247899;2
9.952770936;-0.2536391914;0.4546363056;13.46201992;9.960764321;1.801287532;-0.1094975099;-0.2322813272;2
9.954872811;-0.3589234054;0.4881358147;13.24188042;9.962866196;1.793957114;-0.1192713454;-0.2298378795;2
9.956974634;-0.4354937077;0.5168496966;13.04088306;9.964967967;1.786626816;-0.1290451884;-0.2273944169;2
9.959076456;-0.4881358147;0.5455635786;12.80638695;9.967069842;1.776852965;-0.1473711282;-0.2261726856;2
9.961178279;-0.5264210105;0.5742774606;12.58146191;9.969171665;1.767079115;-0.162031889;-0.2225074917;2
9.963280154;-0.5599204898;0.5886343718;12.35175037;9.971273488;1.757305264;-0.1791360974;-0.2188423127;2
9.965381925;-0.5982056856;0.6077769399;12.10768223;9.973375311;1.746309638;-0.1937968582;-0.2151771188;2
9.9674838;-0.6364908218;0.6221339107;11.82054424;9.975477134;1.726762056;-0.2047924101;-0.2115119249;2
9.969585623;-0.70348984;0.6317051649;11.52861977;9.977579009;1.709657788;-0.215787977;-0.2017380893;2
9.971687446;-0.7704889178;0.626919508;11.21755219;9.979680831;1.684001446;-0.2218966335;-0.1895207912;2
9.973789269;-0.8566305041;0.6364908218;10.91605663;9.981782654;1.660788655;-0.2267835438;-0.1748600453;2
9.975891092;-1.000199914;0.6221339107;10.59541893;9.983884477;1.629023671;-0.231670469;-0.1589775532;2
9.977992967;-1.11984098;0.6317051649;10.30349445;9.9859863;1.596036911;-0.2365573794;-0.1418733448;2
9.98009479;-1.225125194;0.6077769399;10.06421185;9.988088175;1.564271927;-0.2426660359;-0.1247691289;2
9.982196613;-1.292124271;0.6125625968;9.805787086;9.990189998;1.532507062;-0.2475529462;-0.1101083755;2
9.984298436;-1.330409408;0.5934200287;9.600004196;9.992291821;1.501963735;-0.2512181401;-0.0978910774;2
9.986400259;-1.316052437;0.5647061467;9.422935486;9.994393644;1.475085735;-0.2573267817;-0.08811724186;2
9.988502134;-1.253839016;0.5790630579;9.274580956;9.996495467;1.450651169;-0.2597702444;-0.08200860023;2
9.990603956;-1.172483087;0.5790630579;9.121439934;9.998597342;1.427438259;-0.2609919906;-0.07956513762;2
9.992705779;-1.062413216;0.5694918036;9.035298347;10.00069916;1.407890558;-0.2609919906;-0.07956513762;2
9.994807602;-0.9571290612;0.5790630579;8.949156761;10.00280099;1.392008066;-0.262213707;-0.08323032409;2
9.996909425;-0.8470591903;0.5551348329;8.896514893;10.00490281;1.378569126;-0.262213707;-0.09056070447;2
9.9990113;-0.7369893789;0.5312066078;8.863015175;10.00700463;1.366351843;-0.2597702444;-0.0991128087;2
10.00111312;-0.6221339107;0.5216353536;8.848658562;10.00910646;1.360243201;-0.258548528;-0.1076649204;2
10.00321495;-0.5694918036;0.5024927258;8.791230202;10.01120833;1.355356216;-0.2609919906;-0.1174387559;2
10.00531677;-0.5216353536;0.4642075896;8.786444664;10.01331015;1.351691008;-0.2646571696;-0.1284343153;2
10.00741859;-0.4737788737;0.4211367965;8.733802795;10.01541198;1.351691008;-0.2646571696;-0.1369864196;2
10.00952042;-0.4450650215;0.3732803464;8.681160927;10.0175138;1.349247575;-0.262213707;-0.1443168074;2
10.01162229;-0.4067798555;0.3158525825;8.595019341;10.01961568;1.350469351;-0.2597702444;-0.150425449;2
10.01372411;-0.4163511395;0.2679961324;8.470592499;10.02171745;1.351691008;-0.2524398565;-0.1553123742;2
10.01582594;-0.4211367965;0.2344966233;8.365307808;10.02381932;1.35413444;-0.2426660359;-0.1589775532;2
10.01792776;-0.4689932466;0.1914258152;8.250452042;10.02592114;1.349247575;-0.231670469;-0.1601992846;2
10.02002963;-0.5072783828;0.1722832322;8.145168304;10.02802297;1.348025799;-0.2182314396;-0.1601992846;2
10.0221314;-0.5503492355;0.1962114573;7.996813297;10.03012479;1.349247575;-0.2047924101;-0.1589775532;2
10.02423328;-0.5934200287;0.1722832322;7.872386456;10.03222667;1.349247575;-0.1901316643;-0.1565341055;2
10.0263351;-0.6125625968;0.2009970993;7.733603001;10.03432849;1.345582366;-0.1693622619;-0.1516471803;2
10.02843693;-0.626919508;0.1770688742;7.594819069;10.03643031;1.3406955;-0.1522580534;-0.1455385387;2
10.03053875;-0.6173482537;0.1962114573;7.427321434;10.03853213;1.337030292;-0.1375972927;-0.1382081509;2
10.03264062;-0.6317051649;0.1818545163;7.264609337;10.04063396;1.334586859;-0.1266017258;-0.1333212405;2
10.03474245;-0.6173482537;0.1722832322;7.121040344;10.04273578;1.328478217;-0.1143844277;-0.1308777779;2
10.03684427;-0.5838487148;0.1531406492;6.972685337;10.0448376;1.321147799;-0.09972367436;-0.1296560466;2
10.03894609;-0.5168496966;0.1339980662;6.786045074;10.04693948;1.312595725;-0.08261945844;-0.1320995092;2
10.04104792;-0.4163511395;0.06699903309;6.66640377;10.0490413;1.302821875;-0.06062832847;-0.1345429718;2
10.04314974;-0.3302095234;0.0382851623;6.537191391;10.05114312;1.290604591;-0.03375028074;-0.1369864196;2
10.04525156;-0.2344966233;0.0;6.403193474;10.05324495;1.275943756;-0.008093958721;-0.1394298822;2
10.04735344;-0.1339980662;-0.0239282269;6.29790926;10.05534682;1.26128304;0.0126754446;-0.1430950761;2
10.04945526;-0.1004985496;-0.01914258115;6.192625046;10.05744864;1.250287533;0.0358883068;-0.1455385387;2
10.05155708;-0.07178468257;-0.004785645287;6.1399827;10.05955047;1.236848474;0.05299251899;-0.1492037177;2
10.0536589;-0.0382851623;0.0;6.125626087;10.06165229;1.227074623;0.06765327603;-0.1565341055;2
10.05576078;-0.05264209956;-0.02871387079;6.15433979;10.06375411;1.219744205;0.07620538026;-0.1601992846;2
10.0578626;-0.05264209956;-0.05742774159;6.192625046;10.06585599;1.21485734;0.07498364896;-0.1675296724;2
10.05996442;-0.0382851623;-0.08135596663;6.245266914;10.06795781;1.211192131;0.06520981342;-0.173638314;2
10.06206625;-0.05742774159;-0.1100698411;6.29790926;10.07005963;1.211192131;0.05054906011;-0.1773035079;2
10.06416807;-0.07178468257;-0.1244267747;6.364908218;10.07216146;1.211192131;0.03222311661;-0.1797469556;2
10.06626995;-0.1579262912;-0.1339980662;6.441478729;10.07426328;1.209970355;0.009010255337;-0.1773035079;2
10.06837177;-0.2727817893;-0.1244267747;6.48933506;10.0763651;1.213635564;-0.02031125315;-0.1760817766;2
10.07047359;-0.4019941986;-0.1435693651;6.565905571;10.07846692;1.21485734;-0.04963276163;-0.1711948514;2
10.07257542;-0.5455635786;-0.1674975902;6.599404812;10.08056875;1.220965981;-0.07895427197;-0.1638644785;2
10.07467724;-0.708275497;-0.1770688742;6.66640377;10.08267062;1.225852847;-0.1070540547;-0.1565341055;2
10.07677906;-0.8327022791;-0.1818545163;6.709474564;10.08477245;1.235626698;-0.131488651;-0.1492037177;2
10.07888088;-0.9667003751;-0.1722832322;6.762116909;10.08687427;1.246622324;-0.1571449637;-0.1394298822;2
10.08098271;-1.091127157;-0.1770688742;6.762116909;10.08897609;1.26128304;-0.1828012913;-0.127212584;2
10.08308458;-1.186840057;-0.1770688742;6.805187702;10.09107797;1.278387308;-0.2072358727;-0.1149952933;2
10.0851864;-1.287338614;-0.1483550072;6.838686943;10.09317979;1.296713233;-0.2280052751;-0.10033454;2
10.08728823;-1.378265858;-0.1387837082;6.843472958;10.09528161;1.318704367;-0.2451094985;-0.0856737867;2
10.08939005;-1.45483613;-0.1339980662;6.833901405;10.09738344;1.344360709;-0.2634354234;-0.06856957078;2
10.09149193;-1.531406522;-0.1100698411;6.800402164;10.09948526;1.370016932;-0.2732092738;-0.0478001684;2
10.09359375;-1.584048629;-0.1292124242;6.790830612;10.10158708;1.399338484;-0.2842048407;-0.0294742249;2
10.09569557;-1.660618901;-0.1148554832;6.766902447;10.10368896;1.429881692;-0.2890917659;-0.008704823442;2
10.09779739;-1.708475351;-0.1148554832;6.719046116;10.10579078;1.45675981;-0.2890917659;0.009621120058;2
10.09989922;-1.727617979;-0.09092725813;6.642475605;10.1078926;1.488524795;-0.2866483033;0.03039052337;2
10.10200104;-1.741974831;-0.08135596663;6.546762943;10.10999448;1.51662457;-0.281761378;0.05238165334;2
10.10410292;-1.732403636;-0.07178468257;6.470192432;10.11209625;1.544724345;-0.278096199;0.07070759684;2
10.10620474;-1.732403636;-0.06221338734;6.350551128;10.11419812;1.566715479;-0.2683223486;0.09025526792;2
10.10830656;-1.737189293;-0.0239282269;6.226124287;10.11629995;1.589928269;-0.2548833191;0.1073594838;2
10.11040844;-1.713261008;0.009571290575;6.053841114;10.11840177;1.604589105;-0.2438877672;0.1244636998;2
10.11251021;-1.698904037;0.01914258115;5.886343479;10.12050359;1.62291503;-0.2304487377;0.1391244531;2
10.11461208;-1.665404558;0.05742774159;5.718846321;10.12260547;1.635132313;-0.215787977;0.1525634825;2
10.1167139;-1.622333765;0.09092725813;5.556134224;10.12470724;1.64612782;-0.2060141414;0.1647807807;2
10.11881573;-1.564906001;0.1052841991;5.388636589;10.12680911;1.651014805;-0.1962403059;0.1757763475;2
10.12091755;-1.483550072;0.1148554832;5.254638672;10.12891094;1.653458238;-0.1901316643;0.1867718995;2
10.12301942;-1.402194023;0.1435693651;5.087141037;10.13101276;1.651014805;-0.1913533956;0.1953240186;2
10.1251212;-1.296909928;0.1627119333;4.919643402;10.13311458;1.648571372;-0.1950185746;0.2026543915;2
10.12722307;-1.186840057;0.1674975902;4.785645485;10.13521646;1.641240954;-0.1999054998;0.2087630332;2
10.12932489;-1.095912814;0.1914258152;4.627718925;10.13731823;1.627801895;-0.2096793354;0.2136499584;2
10.13142672;-0.9714859724;0.2057827413;4.465006828;10.1394201;1.614362955;-0.2218966335;0.2185368687;2
10.13352854;-0.8709874153;0.2440679073;4.311866283;10.14152193;1.598480463;-0.2377791107;0.2197586;2
10.13563042;-0.7513462901;0.2679961324;4.139583111;10.1436238;1.576489329;-0.2536616027;0.2173151523;2
10.13773219;-0.6364908218;0.2919243574;4.015156269;10.14572557;1.55327642;-0.2707658112;0.2136499584;2
10.13983406;-0.5120640397;0.3206382394;3.862015724;10.14782745;1.527620077;-0.2890917659;0.2112064958;2
10.14193588;-0.3876372576;0.3397808075;3.708875179;10.14992927;1.498298645;-0.3074176908;0.2038761228;2
10.14403776;-0.2775674164;0.3637090325;3.584448338;10.15203109;1.467755318;-0.3233001828;0.1965457499;2
10.14613953;-0.1579262912;0.4307080805;3.483949661;10.15413292;1.435990334;-0.3391826749;0.1879936308;2
10.1482414;-0.06699903309;0.4594219327;3.335594654;10.15623474;1.403003693;-0.3513999581;0.1782197952;2
10.15034323;0.03349951655;0.5216353536;3.239881754;10.15833661;1.371238708;-0.3636172712;0.1684459597;2
10.15244505;0.1244267747;0.5694918036;3.139383316;10.16043844;1.337030292;-0.3770562708;0.1586721241;2
10.15454687;0.2057827413;0.6412764788;3.029313564;10.16254026;1.302821875;-0.3868301213;0.1488982886;2
10.1566487;0.2871387303;0.6699903607;2.94317174;10.16464208;1.268613458;-0.3966039717;0.1379027218;2
10.15875057;0.3397808075;0.6891329288;2.842673302;10.1667439;1.235626698;-0.4002691507;0.1256854236;2
10.16085239;0.4163511395;0.7274180651;2.770888567;10.16884573;1.205083489;-0.3966039717;0.1134681329;2
10.16295422;0.4785645306;0.760917604;2.737389088;10.17094755;1.169653296;-0.3917170465;0.1012508348;2
10.16505604;0.5790630579;0.784845829;2.675175667;10.17304942;1.136666656;-0.3856084049;0.08903354406;2
10.16715786;0.679561615;0.8327022791;2.608176708;10.17515125;1.10856688;-0.3843866587;0.07803797722;2
10.16925969;0.732203722;0.890130043;2.584248543;10.17725307;1.079245329;-0.378278017;0.06704241037;2
10.17136151;0.7752745152;0.9667003751;2.593819857;10.17935489;1.05236733;-0.3758345544;0.05726857483;2
10.17346338;0.784845829;1.043270707;2.627319336;10.18145677;1.027932763;-0.3697259128;0.04627300799;2
10.17556521;0.7896314859;1.052842021;2.679961443;10.18355854;1.005941629;-0.3562868834;0.03772090003;2
10.17766703;0.7944171429;1.071984529;2.723032236;10.18566042;0.9876156449;-0.3416261375;0.03161225095;2
10.17976885;0.756131947;1.067198873;2.780459881;10.18776224;0.9705114365;-0.328187108;0.02550360374;2
10.18187073;0.7465606928;1.062413216;2.833101988;10.18986406;0.9570723772;-0.3135263622;0.02061668597;2
10.1839725;0.7130611539;1.062413216;2.904886723;10.19196588;0.9460768104;-0.3013090491;0.01817322709;2
10.18607437;0.6652047038;1.052842021;2.981456995;10.19406771;0.9411898851;-0.281761378;0.01695149764;2
10.1881762;0.6412764788;1.062413216;3.077169895;10.19616958;0.9375247359;-0.2683223486;0.01450803876;2
10.19027802;0.5982056856;1.067198873;3.172882795;10.1982714;0.9375247359;-0.2512181401;0.01328630932;2
10.19237984;0.5407779217;1.071984529;3.282952785;10.20037323;0.9363030195;-0.235335663;0.01206457894;2
10.19448167;0.5120640397;1.0863415;3.37387991;10.20247505;0.9399681687;-0.2194531709;0.0108428495;2
10.19658354;0.5072783828;1.13419795;3.450450182;10.20457693;0.9460768104;-0.2035706937;0.009621120058;2
10.19868536;0.5168496966;1.172483087;3.507878065;10.20667875;0.953407228;-0.1803578287;0.007177661173;2
10.20078719;0.5503492355;1.191625714;3.546163082;10.20878057;0.9570723772;-0.1595884264;0.004734201822;2
10.20288901;0.5599204898;1.1820544;3.546163082;10.21088239;0.9619593024;-0.1412624866;-0.0001527161949;2
10.20499088;0.5790630579;1.1820544;3.536591768;10.21298422;0.968067944;-0.1290451884;-0.003817904973;2
10.20709271;0.6077769399;1.1820544;3.474378586;10.21508604;0.9717331529;-0.1131627038;-0.007483093534;2
10.20919453;0.6747759581;1.225125194;3.421736479;10.21718792;0.9741765857;-0.1033888608;-0.01237001177;2
10.21129635;0.7130611539;1.239482164;3.292523861;10.21928974;0.9753983617;-0.08994983882;-0.01603520103;2
10.21339818;0.760917604;1.249053478;3.187239647;10.22139156;0.9766200781;-0.0740673542;-0.02214384824;2
10.2155;0.784845829;1.244267821;3.077169895;10.22349338;0.9692896605;-0.05207622424;-0.02458730713;2
10.21760187;0.8039883971;1.21555388;2.933600664;10.22559521;0.9631810188;-0.02641990222;-0.02825249545;2
10.2197037;0.813559711;1.210768223;2.746960402;10.22769708;0.953407228;0.004123337101;-0.03191768378;2
10.22180552;0.8039883971;1.162911773;2.545963287;10.2297989;0.9399681687;0.03833176568;-0.03313941509;2
10.22390734;0.7800601721;1.115055323;2.311466694;10.23190073;0.9216422439;0.07620538026;-0.03558287397;2
10.22600916;0.7657032609;1.115055323;2.081755638;10.23400255;0.9045380354;0.1165224537;-0.03924806044;2
10.22811104;0.7752745152;1.110269666;1.861616015;10.23610442;0.8837686181;0.1580612659;-0.03802633286;2
10.23021286;0.7896314859;1.13419795;1.64626193;10.23820625;0.8617774844;0.1983783394;-0.04046979174;2
10.23231469;0.8327022791;1.153340459;1.445264935;10.24030807;0.8361211419;0.2460257858;-0.04291325063;2
10.23441651;0.8518448472;1.177268744;1.26341033;10.24240989;0.810464859;0.2912297845;-0.04413498193;2
10.23651838;0.8614161611;1.191625714;1.110269666;10.24451172;0.7835868001;0.3388772309;-0.04535670951;2
10.23862021;0.9044869542;1.234696507;0.9332008362;10.24661354;0.7554870248;0.3828594983;-0.04657844082;2
10.24072203;0.9092726111;1.244267821;0.7465606928;10.24871542;0.7261655331;0.428063482;-0.04535670951;2
10.24282385;0.9092726111;1.268195987;0.5551348329;10.25081724;0.6907353401;0.4696022868;-0.04535670951;2
10.24492568;0.890130043;1.287338614;0.3780659735;10.25291906;0.6553052068;0.5062541962;-0.04535670951;2
10.2470275;0.8518448472;1.287338614;0.2392822653;10.25502088;0.6186532974;0.5392408967;-0.04413498193;2
10.24912937;0.8087740541;1.282552958;0.1100698411;10.25712271;0.5820014477;0.5661189556;-0.04291325063;2
10.2512312;0.7465606928;1.282552958;-0.0239282269;10.25922458;0.5392408967;0.5856665969;-0.04046979174;2
